time,ticket,position_id,type,entry,volume,price,profit,commission,swap,magic,comment
2026.03.01 00:00:00,1,0,2,0,0.00,0.00,10000.00,0.00,0.00,0,
2026.03.02 02:53:00,2,2,1,0,0.04,5353.93,0.00,0.00,0.00,770201,OBM1#S#698
2026.03.02 03:29:39,3,2,0,1,0.04,5304.37,198.24,0.00,0.00,770201,tp 5304.71
2026.03.02 04:18:00,4,4,1,0,0.07,5329.48,0.00,0.00,0.00,770201,OBM1#S#700
2026.03.02 04:41:24,5,4,0,1,0.07,5343.48,-98.00,0.00,0.00,770201,sl 5343.48
2026.03.02 09:34:00,6,6,1,0,0.09,5409.06,0.00,0.00,0.00,770201,OBM1#S#5
2026.03.02 11:20:21,7,6,0,1,0.09,5387.49,194.13,0.00,0.00,770201,tp 5387.64
2026.03.02 14:40:00,8,8,1,0,0.18,5392.44,0.00,0.00,0.00,770201,OBM1#S#714
2026.03.02 14:42:16,9,8,0,1,0.18,5398.28,-105.12,0.00,0.00,770201,sl 5398.04
2026.03.02 18:33:00,10,10,0,0,0.02,5304.85,0.00,0.00,0.00,770201,OBM1#L#696
2026.03.02 23:01:00,11,11,1,0,0.05,5331.69,0.00,0.00,0.00,770201,OBM1#S#722
2026.03.03 02:14:38,12,11,0,1,0.05,5349.23,-87.70,0.00,1.72,770201,sl 5349.19
2026.03.03 04:25:00,13,13,0,0,0.04,5354.37,0.00,0.00,0.00,770201,OBM1#L#730
2026.03.03 07:48:40,14,13,1,1,0.04,5329.95,-97.68,0.00,0.00,770201,sl 5330.39
2026.03.03 09:37:00,15,15,0,0,0.02,5317.96,0.00,0.00,0.00,770201,OBM1#L#740
2026.03.03 10:27:00,16,16,1,0,0.03,5315.71,0.00,0.00,0.00,770201,OBM1#S#739
2026.03.03 11:25:14,17,15,1,1,0.02,5279.26,-77.40,0.00,0.00,770201,sl 5279.46
2026.03.03 11:25:30,18,10,1,1,0.02,5260.21,-89.28,0.00,-1.59,770201,sl 5260.68
2026.03.03 11:25:36,19,16,0,1,0.03,5252.83,188.64,0.00,0.00,770201,tp 5253.71
2026.03.03 12:00:00,20,20,0,0,0.02,5275.40,0.00,0.00,0.00,770201,OBM1#L#691
2026.03.03 13:07:40,21,20,1,1,0.02,5226.25,-98.30,0.00,0.00,770201,sl 5226.51
2026.03.03 16:01:00,22,22,0,0,0.01,5159.16,0.00,0.00,0.00,770201,OBM1#L#747
2026.03.03 16:36:00,23,23,1,0,0.01,5112.30,0.00,0.00,0.00,770201,OBM1#S#751
2026.03.03 16:36:24,24,22,1,1,0.01,5104.43,-54.73,0.00,0.00,770201,sl 5104.47
2026.03.03 21:40:00,25,25,0,0,0.05,5111.70,0.00,0.00,0.00,770201,OBM1#L#758
2026.03.03 22:51:39,26,25,1,1,0.05,5092.12,-97.90,0.00,0.00,770201,sl 5093.49
2026.03.03 23:36:00,27,27,1,0,0.06,5091.52,0.00,0.00,0.00,770201,OBM1#S#763
2026.03.04 01:01:00,28,27,0,1,0.06,5110.01,-110.94,0.00,2.06,770201,sl 5107.18
2026.03.04 02:24:00,29,29,0,0,0.05,5122.10,0.00,0.00,0.00,770201,OBM1#L#765
2026.03.04 03:01:43,30,29,1,1,0.05,5156.28,170.90,0.00,0.00,770201,tp 5156.12
2026.03.04 04:10:02,31,23,0,1,0.01,5186.37,-74.07,0.00,0.34,770201,sl 5186.25
2026.03.04 08:18:00,32,32,1,0,0.04,5146.31,0.00,0.00,0.00,770201,OBM1#S#770
2026.03.04 08:39:00,33,33,0,0,0.02,5155.59,0.00,0.00,0.00,770201,OBM1#L#767
2026.03.04 09:02:19,34,32,0,1,0.04,5166.74,-81.72,0.00,0.00,770201,sl 5166.72
2026.03.04 09:25:00,35,35,0,0,0.02,5171.71,0.00,0.00,0.00,770201,OBM1#L#768
2026.03.04 11:35:00,36,36,0,0,0.05,5173.67,0.00,0.00,0.00,770201,OBM1#L#774
2026.03.04 14:41:45,37,36,1,1,0.05,5157.03,-83.20,0.00,0.00,770201,sl 5157.08
2026.03.04 15:03:00,38,38,0,0,0.04,5177.41,0.00,0.00,0.00,770201,OBM1#L#782
2026.03.04 16:48:02,39,38,1,1,0.04,5154.30,-92.44,0.00,0.00,770201,sl 5156.27
2026.03.04 17:03:00,40,40,1,0,0.02,5159.42,0.00,0.00,0.00,770201,OBM1#S#781
2026.03.04 19:23:39,41,35,1,1,0.02,5125.73,-91.96,0.00,0.00,770201,sl 5127.85
2026.03.04 19:23:55,42,33,1,1,0.02,5122.04,-67.10,0.00,0.00,770201,sl 5122.46
2026.03.04 22:41:00,43,43,0,0,0.05,5142.48,0.00,0.00,0.00,770201,OBM1#L#790
2026.03.05 02:19:37,44,43,1,1,0.05,5177.14,173.30,0.00,-11.92,770201,tp 5176.92
2026.03.05 05:53:00,45,45,1,0,0.09,5183.88,0.00,0.00,0.00,770201,OBM1#S#800
2026.03.05 07:37:25,46,45,0,1,0.09,5163.46,183.78,0.00,0.00,770201,tp 5163.70
2026.03.05 10:53:00,47,47,0,0,0.02,5167.63,0.00,0.00,0.00,770201,OBM1#L#808
2026.03.05 12:30:00,48,48,0,0,0.13,5156.41,0.00,0.00,0.00,770201,OBM1#L#814
2026.03.05 12:36:52,49,48,1,1,0.13,5147.72,-112.97,0.00,0.00,770201,sl 5149.24
2026.03.05 12:51:00,50,50,0,0,0.04,5165.08,0.00,0.00,0.00,770201,OBM1#L#811
2026.03.05 15:16:57,51,50,1,1,0.04,5141.10,-95.92,0.00,0.00,770201,sl 5142.03
2026.03.05 15:20:56,52,47,1,1,0.02,5120.34,-94.58,0.00,0.00,770201,sl 5120.69
2026.03.05 17:08:55,53,40,0,1,0.02,5065.46,187.92,0.00,2.06,770201,tp 5065.56
2026.03.05 21:21:00,54,54,1,0,0.04,5064.72,0.00,0.00,0.00,770201,OBM1#S#822
2026.03.05 21:26:00,55,55,1,0,0.06,5065.10,0.00,0.00,0.00,770201,OBM1#S#824
2026.03.05 22:12:36,56,55,0,1,0.06,5079.03,-83.58,0.00,0.00,770201,sl 5079.00
2026.03.05 22:14:00,57,57,0,0,0.04,5078.62,0.00,0.00,0.00,770201,OBM1#L#825
2026.03.05 22:16:20,58,54,0,1,0.04,5085.93,-84.84,0.00,0.00,770201,sl 5085.80
2026.03.06 03:50:03,59,57,1,1,0.04,5124.34,182.88,0.00,-3.18,770201,tp 5124.18
2026.03.06 04:09:00,60,60,0,0,0.01,5130.42,0.00,0.00,0.00,770201,OBM1#L#826
2026.03.06 04:13:00,61,61,0,0,0.01,5131.85,0.00,0.00,0.00,770201,OBM1#L#828
2026.03.06 13:55:57,62,61,1,1,0.01,5071.59,-60.26,0.00,0.00,770201,sl 5072.65
2026.03.06 13:56:00,63,63,1,0,0.03,5069.16,0.00,0.00,0.00,770201,OBM1#S#841
2026.03.06 15:30:03,64,63,0,1,0.03,5099.09,-89.79,0.00,0.00,770201,sl 5098.46
2026.03.06 15:53:00,65,65,0,0,0.02,5109.96,0.00,0.00,0.00,770201,OBM1#L#842
2026.03.06 16:35:00,66,66,0,0,0.03,5107.34,0.00,0.00,0.00,770201,OBM1#L#843
2026.03.06 17:24:04,67,66,1,1,0.03,5161.69,163.05,0.00,0.00,770201,tp 5161.46
2026.03.06 18:58:00,68,68,1,0,0.04,5132.35,0.00,0.00,0.00,770201,OBM1#S#847
2026.03.06 20:37:41,69,68,0,1,0.04,5153.52,-84.68,0.00,0.00,770201,sl 5153.47
2026.03.09 01:12:00,70,70,1,0,0.02,5158.56,0.00,0.00,0.00,770201,OBM1#S#801
2026.03.09 02:38:19,71,70,0,1,0.02,5077.76,161.60,0.00,0.00,770201,tp 5078.22
2026.03.09 02:42:55,72,65,1,1,0.02,5062.80,-94.32,0.00,-1.59,770201,sl 5062.85
2026.03.09 02:42:56,73,60,1,1,0.01,5061.60,-68.82,0.00,-0.79,770201,sl 5061.70
2026.03.09 06:33:00,74,74,1,0,0.06,5089.25,0.00,0.00,0.00,770201,OBM1#S#857
2026.03.09 06:43:00,75,75,1,0,0.08,5085.29,0.00,0.00,0.00,770201,OBM1#S#865
2026.03.09 07:08:24,76,75,0,1,0.08,5096.57,-90.24,0.00,0.00,770201,sl 5096.56
2026.03.09 08:33:29,77,74,0,1,0.06,5105.03,-94.68,0.00,0.00,770201,sl 5105.00
2026.03.09 09:10:00,78,78,0,0,0.02,5130.07,0.00,0.00,0.00,770201,OBM1#L#867
2026.03.09 13:02:00,79,79,0,0,0.07,5108.36,0.00,0.00,0.00,770201,OBM1#L#871
2026.03.09 13:30:28,80,79,1,1,0.07,5095.17,-92.33,0.00,0.00,770201,sl 5095.18
2026.03.09 13:51:19,81,78,1,1,0.02,5085.15,-89.84,0.00,0.00,770201,sl 5085.18
2026.03.09 17:04:00,82,82,1,0,0.03,5082.59,0.00,0.00,0.00,770201,OBM1#S#875
2026.03.09 17:34:00,83,83,0,0,0.02,5089.81,0.00,0.00,0.00,770201,OBM1#L#862
2026.03.09 17:44:20,84,82,0,1,0.03,5110.78,-84.57,0.00,0.00,770201,sl 5110.72
2026.03.09 18:09:00,85,85,1,0,0.02,5082.46,0.00,0.00,0.00,770201,OBM1#S#878
2026.03.09 19:06:00,86,86,0,0,0.03,5107.32,0.00,0.00,0.00,770201,OBM1#L#879
2026.03.09 21:36:54,87,85,0,1,0.02,5115.32,-65.72,0.00,0.00,770201,sl 5115.02
2026.03.10 01:21:00,88,88,1,0,0.02,5126.83,0.00,0.00,0.00,770201,OBM1#S#855
2026.03.10 04:20:33,89,86,1,1,0.03,5158.54,153.66,0.00,-2.38,770201,tp 5157.86
2026.03.10 04:21:32,90,83,1,1,0.02,5158.76,137.90,0.00,-1.59,770201,tp 5158.75
2026.03.10 04:21:46,91,88,0,1,0.02,5160.67,-67.68,0.00,0.00,770201,sl 5160.57
2026.03.10 09:12:00,92,92,1,0,0.09,5175.67,0.00,0.00,0.00,770201,OBM1#S#893
2026.03.10 10:54:00,93,93,0,0,0.03,5179.12,0.00,0.00,0.00,770201,OBM1#L#894
2026.03.10 11:00:24,94,92,0,1,0.09,5185.20,-85.77,0.00,0.00,770201,sl 5184.98
2026.03.10 11:46:00,95,95,0,0,0.03,5190.95,0.00,0.00,0.00,770201,OBM1#L#895
2026.03.10 13:37:22,96,95,1,1,0.03,5163.19,-83.28,0.00,0.00,770201,sl 5163.38
2026.03.10 14:01:00,97,97,0,0,0.06,5179.08,0.00,0.00,0.00,770201,OBM1#L#898
2026.03.10 14:31:00,98,98,1,0,0.06,5181.66,0.00,0.00,0.00,770201,OBM1#S#900
2026.03.10 15:06:25,99,97,1,1,0.06,5165.45,-81.78,0.00,0.00,770201,sl 5165.52
2026.03.10 15:28:00,100,100,0,0,0.03,5179.96,0.00,0.00,0.00,770201,OBM1#L#902
2026.03.10 16:00:51,101,98,0,1,0.06,5195.79,-84.78,0.00,0.00,770201,sl 5195.47
2026.03.10 16:26:21,102,100,1,1,0.03,5227.03,141.21,0.00,0.00,770201,tp 5227.02
2026.03.10 16:27:24,103,93,1,1,0.03,5228.64,148.56,0.00,0.00,770201,tp 5228.42
2026.03.10 18:07:00,104,104,0,0,0.03,5213.64,0.00,0.00,0.00,770201,OBM1#L#908
2026.03.10 21:17:59,105,104,1,1,0.03,5187.88,-77.28,0.00,0.00,770201,sl 5188.24
2026.03.11 04:06:00,106,106,0,0,0.02,5219.35,0.00,0.00,0.00,770201,OBM1#L#922
2026.03.11 08:45:00,107,107,0,0,0.06,5201.14,0.00,0.00,0.00,770201,OBM1#L#924
2026.03.11 10:37:00,108,108,1,0,0.07,5191.65,0.00,0.00,0.00,770201,OBM1#S#934
2026.03.11 10:37:14,109,106,1,1,0.02,5187.81,-63.08,0.00,0.00,770201,sl 5187.84
2026.03.11 10:37:14,110,107,1,1,0.06,5186.72,-86.52,0.00,0.00,770201,sl 5186.79
2026.03.11 11:41:00,111,111,1,0,0.05,5183.33,0.00,0.00,0.00,770201,OBM1#S#936
2026.03.11 12:56:00,112,112,1,0,0.10,5190.46,0.00,0.00,0.00,770201,OBM1#S#938
2026.03.11 15:47:13,113,112,0,1,0.10,5173.28,171.80,0.00,0.00,770201,tp 5173.36
2026.03.11 16:00:02,114,108,0,1,0.07,5165.49,183.12,0.00,0.00,770201,tp 5166.05
2026.03.11 16:51:58,115,111,0,1,0.05,5152.38,154.75,0.00,0.00,770201,tp 5152.91
2026.03.11 19:30:00,116,116,1,0,0.07,5166.89,0.00,0.00,0.00,770201,OBM1#S#951
2026.03.11 20:00:59,117,116,0,1,0.07,5179.16,-85.89,0.00,0.00,770201,sl 5179.16
2026.03.11 21:15:00,118,118,0,0,0.06,5172.38,0.00,0.00,0.00,770201,OBM1#L#956
2026.03.11 22:57:00,119,119,0,0,0.08,5182.36,0.00,0.00,0.00,770201,OBM1#L#957
2026.03.12 01:09:18,120,119,1,1,0.08,5170.23,-97.04,0.00,-19.08,770201,sl 5170.66
2026.03.12 01:38:55,121,118,1,1,0.06,5158.48,-83.40,0.00,-14.31,770201,sl 5158.49
2026.03.12 02:30:00,122,122,0,0,0.03,5156.23,0.00,0.00,0.00,770201,OBM1#L#889
2026.03.12 03:00:31,123,122,1,1,0.03,5130.00,-78.69,0.00,0.00,770201,sl 5130.19
2026.03.12 11:52:00,124,124,1,0,0.10,5176.40,0.00,0.00,0.00,770201,OBM1#S#968
2026.03.12 12:00:00,125,125,1,0,0.05,5178.14,0.00,0.00,0.00,770201,OBM1#S#950
2026.03.12 12:31:35,126,124,0,1,0.10,5184.86,-84.60,0.00,0.00,770201,sl 5184.78
2026.03.12 16:56:17,127,125,0,1,0.05,5146.76,156.90,0.00,0.00,770201,tp 5146.76
2026.03.12 21:25:00,128,128,1,0,0.03,5102.90,0.00,0.00,0.00,770201,OBM1#S#980
2026.03.12 23:19:00,129,129,1,0,0.08,5085.22,0.00,0.00,0.00,770201,OBM1#S#984
2026.03.12 23:30:35,130,129,0,1,0.08,5060.58,197.12,0.00,0.00,770201,tp 5063.72
2026.03.13 01:58:00,131,131,0,0,0.05,5094.69,0.00,0.00,0.00,770201,OBM1#L#987
2026.03.13 04:22:00,132,132,1,0,0.13,5116.23,0.00,0.00,0.00,770201,OBM1#S#981
2026.03.13 04:59:46,133,132,0,1,0.13,5123.14,-89.83,0.00,0.00,770201,sl 5123.02
2026.03.13 05:00:05,134,131,1,1,0.05,5126.57,159.40,0.00,0.00,770201,tp 5126.47
2026.03.13 05:00:11,135,128,0,1,0.03,5127.71,-74.43,0.00,1.03,770201,sl 5127.21
2026.03.13 06:31:00,136,136,1,0,0.08,5109.61,0.00,0.00,0.00,770201,OBM1#S#989
2026.03.13 09:52:05,137,136,0,1,0.08,5086.80,182.48,0.00,0.00,770201,tp 5086.91
2026.03.13 09:56:00,138,138,1,0,0.04,5087.54,0.00,0.00,0.00,770201,OBM1#S#992
2026.03.13 13:04:00,139,139,1,0,0.10,5087.80,0.00,0.00,0.00,770201,OBM1#S#1001
2026.03.13 13:16:29,140,139,0,1,0.10,5096.73,-89.30,0.00,0.00,770201,sl 5096.71
2026.03.13 13:23:00,141,141,0,0,0.09,5093.07,0.00,0.00,0.00,770201,OBM1#L#1002
2026.03.13 13:33:26,142,141,1,1,0.09,5082.50,-95.13,0.00,0.00,770201,sl 5083.21
2026.03.13 15:00:46,143,138,0,1,0.04,5111.34,-95.20,0.00,0.00,770201,sl 5111.32
2026.03.13 15:55:00,144,144,0,0,0.06,5117.88,0.00,0.00,0.00,770201,OBM1#L#1009
2026.03.13 16:33:10,145,144,1,1,0.06,5104.11,-82.62,0.00,0.00,770201,sl 5104.30
2026.03.13 17:01:00,146,146,1,0,0.05,5099.41,0.00,0.00,0.00,770201,OBM1#S#1010
2026.03.13 17:52:15,147,146,0,1,0.05,5063.77,178.20,0.00,0.00,770201,tp 5063.89
2026.03.13 18:15:00,148,148,1,0,0.02,5069.19,0.00,0.00,0.00,770201,OBM1#S#1012
2026.03.13 21:09:00,149,149,0,0,0.15,5049.54,0.00,0.00,0.00,770201,OBM1#L#1018
2026.03.13 21:12:38,150,149,1,1,0.15,5043.31,-93.45,0.00,0.00,770201,sl 5043.33
2026.03.13 21:26:00,151,151,1,0,0.09,5040.19,0.00,0.00,0.00,770201,OBM1#S#1020
2026.03.13 22:00:58,152,151,0,1,0.09,5049.75,-86.04,0.00,0.00,770201,sl 5049.75
2026.03.16 02:22:58,153,148,0,1,0.02,4981.85,174.68,0.00,0.69,770201,tp 4982.03
2026.03.16 05:08:00,154,154,0,0,0.02,5015.77,0.00,0.00,0.00,770201,OBM1#L#1027
2026.03.16 08:44:00,155,155,0,0,0.05,5015.80,0.00,0.00,0.00,770201,OBM1#L#1032
2026.03.16 10:37:15,156,155,1,1,0.05,4997.52,-91.40,0.00,0.00,770201,sl 4998.00
2026.03.16 11:43:00,157,157,1,0,0.04,4987.56,0.00,0.00,0.00,770201,OBM1#S#1037
2026.03.16 13:01:06,158,154,1,1,0.02,4971.91,-87.72,0.00,0.00,770201,sl 4971.95
2026.03.16 13:05:00,159,159,1,0,0.03,4974.39,0.00,0.00,0.00,770201,OBM1#S#1041
2026.03.16 13:53:02,160,159,0,1,0.03,4998.27,-71.64,0.00,0.00,770201,sl 4998.17
2026.03.16 14:18:41,161,157,0,1,0.04,5007.89,-81.32,0.00,0.00,770201,sl 5007.59
2026.03.16 15:17:00,162,162,0,0,0.09,5005.72,0.00,0.00,0.00,770201,OBM1#L#1044
2026.03.16 15:51:00,163,163,1,0,0.07,5014.88,0.00,0.00,0.00,770201,OBM1#S#1036
2026.03.16 16:15:37,164,162,1,1,0.09,5025.62,179.10,0.00,0.00,770201,tp 5025.56
2026.03.16 16:15:50,165,163,0,1,0.07,5027.14,-85.82,0.00,0.00,770201,sl 5027.02
2026.03.16 16:44:00,166,166,0,0,0.04,5032.69,0.00,0.00,0.00,770201,OBM1#L#1048
2026.03.16 17:30:05,167,166,1,1,0.04,5013.48,-76.84,0.00,0.00,770201,sl 5013.80
2026.03.16 19:16:00,168,168,0,0,0.06,4997.80,0.00,0.00,0.00,770201,OBM1#L#1052
2026.03.16 19:26:38,169,168,1,1,0.06,4983.70,-84.60,0.00,0.00,770201,sl 4983.79
2026.03.16 19:58:00,170,170,0,0,0.05,4990.35,0.00,0.00,0.00,770201,OBM1#L#1042
2026.03.16 23:09:00,171,170,1,1,0.05,5020.60,151.25,0.00,0.00,770201,tp 5020.49
2026.03.16 23:14:00,172,172,0,0,0.08,5018.49,0.00,0.00,0.00,770201,OBM1#L#1060
2026.03.16 23:36:22,173,172,1,1,0.08,5007.72,-86.16,0.00,0.00,770201,sl 5007.97
2026.03.17 01:40:00,174,174,1,0,0.05,5001.48,0.00,0.00,0.00,770201,OBM1#S#1063
2026.03.17 01:44:00,175,175,1,0,0.04,5001.87,0.00,0.00,0.00,770201,OBM1#S#1062
2026.03.17 01:51:00,176,176,0,0,0.10,5005.90,0.00,0.00,0.00,770201,OBM1#L#1059
2026.03.17 04:03:46,177,176,1,1,0.10,4996.81,-90.90,0.00,0.00,770201,sl 4997.25
2026.03.17 04:36:42,178,174,0,1,0.05,5017.07,-77.95,0.00,0.00,770201,sl 5016.79
2026.03.17 04:41:00,179,179,0,0,0.09,5017.71,0.00,0.00,0.00,770201,OBM1#L#1068
2026.03.17 04:49:21,180,175,0,1,0.04,5020.95,-76.32,0.00,0.00,770201,sl 5020.95
2026.03.17 06:50:00,181,181,1,0,0.07,5026.74,0.00,0.00,0.00,770201,OBM1#S#1049
2026.03.17 07:44:38,182,179,1,1,0.09,5036.52,169.29,0.00,0.00,770201,tp 5036.15
2026.03.17 07:44:45,183,181,0,1,0.07,5038.51,-82.39,0.00,0.00,770201,sl 5038.25
2026.03.17 09:17:00,184,184,1,0,0.02,5010.71,0.00,0.00,0.00,770201,OBM1#S#1074
2026.03.17 10:12:00,185,185,0,0,0.15,5014.11,0.00,0.00,0.00,770201,OBM1#L#1077
2026.03.17 10:38:37,186,185,1,1,0.15,5025.78,175.05,0.00,0.00,770201,tp 5025.61
2026.03.17 14:06:00,187,187,1,0,0.09,5000.10,0.00,0.00,0.00,770201,OBM1#S#1080
2026.03.17 14:18:33,188,187,0,1,0.09,5009.85,-87.75,0.00,0.00,770201,sl 5009.68
2026.03.17 17:11:00,189,189,0,0,0.05,5017.49,0.00,0.00,0.00,770201,OBM1#L#1084
2026.03.17 18:24:00,190,190,1,0,0.07,5007.77,0.00,0.00,0.00,770201,OBM1#S#1090
2026.03.17 18:27:24,191,189,1,1,0.05,5001.63,-79.30,0.00,0.00,770201,sl 5001.94
2026.03.17 18:36:38,192,190,0,1,0.07,4983.58,169.33,0.00,0.00,770201,tp 4984.53
2026.03.17 18:55:00,193,193,1,0,0.03,4995.28,0.00,0.00,0.00,770201,OBM1#S#1089
2026.03.17 19:04:00,194,194,0,0,0.04,4994.55,0.00,0.00,0.00,770201,OBM1#L#1092
2026.03.18 13:35:34,195,194,1,1,0.04,4972.35,-88.80,0.00,-3.18,770201,sl 4973.47
2026.03.18 14:27:30,196,184,0,1,0.02,4949.54,122.34,0.00,0.69,770201,tp 4949.89
2026.03.18 14:40:14,197,193,0,1,0.03,4942.67,157.83,0.00,1.03,770201,tp 4944.82
2026.03.18 14:47:00,198,198,1,0,0.02,4936.63,0.00,0.00,0.00,770201,OBM1#S#1121
2026.03.18 16:15:19,199,198,0,1,0.02,4849.19,174.88,0.00,0.00,770201,tp 4849.69
2026.03.18 17:13:00,200,200,0,0,0.02,4885.89,0.00,0.00,0.00,770201,OBM1#L#1127
2026.03.18 19:56:00,201,201,0,0,0.06,4889.25,0.00,0.00,0.00,770201,OBM1#L#1131
2026.03.18 21:33:25,202,201,1,1,0.06,4875.66,-81.54,0.00,0.00,770201,sl 4875.66
2026.03.18 22:00:16,203,200,1,1,0.02,4849.67,-72.44,0.00,0.00,770201,sl 4850.27
2026.03.18 23:46:00,204,204,1,0,0.02,4820.39,0.00,0.00,0.00,770201,OBM1#S#1138
2026.03.18 23:48:00,205,205,0,0,0.06,4820.59,0.00,0.00,0.00,770201,OBM1#L#1140
2026.03.19 01:21:15,206,205,1,1,0.06,4806.09,-87.00,0.00,-14.31,770201,sl 4806.83
2026.03.19 02:51:00,207,207,1,0,0.05,4833.21,0.00,0.00,0.00,770201,OBM1#S#1139
2026.03.19 03:37:45,208,207,0,1,0.05,4848.98,-78.85,0.00,0.00,770201,sl 4848.92
2026.03.19 04:33:00,209,209,0,0,0.05,4845.09,0.00,0.00,0.00,770201,OBM1#L#1143
2026.03.19 04:37:05,210,204,0,1,0.02,4857.36,-73.94,0.00,2.06,770201,sl 4857.32
2026.03.19 06:59:00,211,211,1,0,0.09,4851.33,0.00,0.00,0.00,770201,OBM1#S#1147
2026.03.19 08:45:16,212,211,0,1,0.09,4832.37,170.64,0.00,0.00,770201,tp 4832.51
2026.03.19 08:45:26,213,209,1,1,0.05,4829.81,-76.40,0.00,0.00,770201,sl 4830.00
2026.03.19 11:27:00,214,214,1,0,0.05,4725.29,0.00,0.00,0.00,770201,OBM1#S#1154
2026.03.19 11:28:00,215,215,1,0,0.01,4722.78,0.00,0.00,0.00,770201,OBM1#S#1151
2026.03.19 11:42:22,216,214,0,1,0.05,4694.51,153.90,0.00,0.00,770201,tp 4694.57
2026.03.19 13:57:00,217,217,1,0,0.03,4675.84,0.00,0.00,0.00,770201,OBM1#S#1160
2026.03.19 15:09:26,218,217,0,1,0.03,4625.66,150.54,0.00,0.00,770201,tp 4625.76
2026.03.19 15:30:22,219,215,0,1,0.01,4600.78,122.00,0.00,0.00,770201,tp 4601.62
2026.03.19 18:29:00,220,220,1,0,0.02,4603.30,0.00,0.00,0.00,770201,OBM1#S#1167
2026.03.19 21:00:00,221,221,0,0,0.02,4616.34,0.00,0.00,0.00,770201,OBM1#L#1169
2026.03.19 22:06:47,222,220,0,1,0.02,4649.56,-92.52,0.00,0.00,770201,sl 4649.43
2026.03.19 22:09:00,223,223,0,0,0.01,4656.19,0.00,0.00,0.00,770201,OBM1#L#1176
2026.03.19 22:11:00,224,224,0,0,0.01,4655.16,0.00,0.00,0.00,770201,OBM1#L#1172
2026.03.20 06:05:14,225,221,1,1,0.02,4708.92,185.16,0.00,-1.59,770201,tp 4708.88
2026.03.20 06:22:00,226,226,0,0,0.01,4731.78,0.00,0.00,0.00,770201,OBM1#L#1190
2026.03.20 09:38:18,227,226,1,1,0.01,4672.09,-59.69,0.00,0.00,770201,sl 4672.33
2026.03.20 14:01:00,228,228,1,0,0.03,4641.37,0.00,0.00,0.00,770201,OBM1#S#1207
2026.03.20 14:31:22,229,228,0,1,0.03,4669.79,-85.26,0.00,0.00,770201,sl 4669.79
2026.03.20 15:43:00,230,230,1,0,0.02,4662.96,0.00,0.00,0.00,770201,OBM1#S#1204
2026.03.20 17:08:50,231,223,1,1,0.01,4601.01,-55.18,0.00,-0.79,770201,sl 4601.66
2026.03.20 17:14:40,232,230,0,1,0.02,4586.92,152.08,0.00,0.00,770201,tp 4587.34
2026.03.20 17:15:29,233,224,1,1,0.01,4576.14,-79.02,0.00,-0.79,770201,sl 4576.23
2026.03.20 18:05:00,234,234,0,0,0.03,4571.88,0.00,0.00,0.00,770201,OBM1#L#1214
2026.03.20 18:25:56,235,234,1,1,0.03,4547.83,-72.15,0.00,0.00,770201,sl 4547.96
2026.03.20 20:46:00,236,236,1,0,0.02,4563.22,0.00,0.00,0.00,770201,OBM1#S#1218
2026.03.20 20:48:00,237,237,1,0,0.02,4565.40,0.00,0.00,0.00,770201,OBM1#S#1217
2026.03.20 21:15:00,238,238,1,0,0.05,4563.02,0.00,0.00,0.00,770201,OBM1#S#1219
2026.03.20 21:43:19,239,238,0,1,0.05,4531.40,158.10,0.00,0.00,770201,tp 4531.56
2026.03.20 21:55:23,240,237,0,1,0.02,4491.75,147.30,0.00,0.00,770201,tp 4491.84
2026.03.20 21:55:35,241,236,0,1,0.02,4488.09,150.26,0.00,0.00,770201,tp 4488.20
2026.03.23 01:07:00,242,242,1,0,0.03,4487.13,0.00,0.00,0.00,770201,OBM1#S#1223
2026.03.23 01:07:41,243,242,0,1,0.03,4514.64,-82.53,0.00,0.00,770201,sl 4513.75
2026.03.23 02:53:00,244,244,1,0,0.01,4463.05,0.00,0.00,0.00,770201,OBM1#S#1225
2026.03.23 03:52:50,245,244,0,1,0.01,4324.05,139.00,0.00,0.00,770201,tp 4324.11
2026.03.23 06:39:00,246,246,1,0,0.03,4348.29,0.00,0.00,0.00,770201,OBM1#S#1232
2026.03.23 07:36:07,247,246,0,1,0.03,4378.80,-91.53,0.00,0.00,770201,sl 4378.22
2026.03.23 08:16:00,248,248,1,0,0.09,4369.31,0.00,0.00,0.00,770201,OBM1#S#1237
2026.03.23 08:30:06,249,248,0,1,0.09,4347.54,195.93,0.00,0.00,770201,tp 4348.61
2026.03.23 11:42:00,250,250,0,0,0.01,4253.83,0.00,0.00,0.00,770201,OBM1#L#1245
2026.03.23 13:02:00,251,251,0,0,0.03,4252.54,0.00,0.00,0.00,770201,OBM1#L#1246
2026.03.23 14:05:27,252,251,1,1,0.03,4305.81,159.81,0.00,0.00,770201,tp 4305.62
2026.03.23 14:07:04,253,250,1,1,0.01,4383.71,129.88,0.00,0.00,770201,tp 4383.57
2026.03.23 15:36:00,254,254,0,0,0.01,4407.53,0.00,0.00,0.00,770201,OBM1#L#1248
2026.03.23 16:22:00,255,255,1,0,0.01,4426.34,0.00,0.00,0.00,770201,OBM1#S#1226
2026.03.23 17:08:00,256,256,0,0,0.01,4470.96,0.00,0.00,0.00,770201,OBM1#L#1251
2026.03.23 17:18:31,257,255,0,1,0.01,4491.96,-65.62,0.00,0.00,770201,sl 4491.21
2026.03.23 18:45:50,258,256,1,1,0.01,4404.85,-66.11,0.00,0.00,770201,sl 4404.93
2026.03.23 20:34:00,259,259,0,0,0.01,4426.80,0.00,0.00,0.00,770201,OBM1#L#1256
2026.03.23 20:46:00,260,260,0,0,0.01,4420.59,0.00,0.00,0.00,770201,OBM1#L#1255
2026.03.24 01:06:13,261,259,1,1,0.01,4370.96,-55.84,0.00,-0.79,770201,sl 4371.38
2026.03.24 03:38:00,262,262,1,0,0.01,4373.25,0.00,0.00,0.00,770201,OBM1#S#1269
2026.03.24 03:39:17,263,260,1,1,0.01,4352.21,-68.38,0.00,-0.79,770201,sl 4352.56
2026.03.24 03:39:20,264,254,1,1,0.01,4350.35,-57.18,0.00,-0.79,770201,sl 4350.53
2026.03.24 07:41:00,265,265,0,0,0.06,4345.97,0.00,0.00,0.00,770201,OBM1#L#1278
2026.03.24 08:03:45,266,265,1,1,0.06,4330.00,-95.82,0.00,0.00,770201,sl 4330.04
2026.03.24 08:47:00,267,267,0,0,0.02,4363.45,0.00,0.00,0.00,770201,OBM1#L#1280
2026.03.24 08:54:00,268,268,0,0,0.01,4359.37,0.00,0.00,0.00,770201,OBM1#L#1275
2026.03.24 23:24:11,269,262,0,1,0.01,4444.70,-71.45,0.00,0.00,770201,sl 4444.69
2026.03.24 23:24:19,270,267,1,1,0.02,4451.01,175.12,0.00,0.00,770201,tp 4450.83
2026.03.24 23:24:57,271,268,1,1,0.01,4466.52,107.15,0.00,0.00,770201,tp 4466.17
2026.03.25 01:01:00,272,272,0,0,0.01,4477.60,0.00,0.00,0.00,770201,OBM1#L#1307
2026.03.25 01:08:00,273,273,0,0,0.02,4482.02,0.00,0.00,0.00,770201,OBM1#L#1310
2026.03.25 02:50:00,274,273,1,1,0.02,4551.48,138.92,0.00,0.00,770201,tp 4550.14
2026.03.25 06:08:00,275,275,1,0,0.04,4577.00,0.00,0.00,0.00,770201,OBM1#S#1317
2026.03.25 09:05:00,276,276,1,0,0.04,4550.30,0.00,0.00,0.00,770201,OBM1#S#1320
2026.03.25 12:48:18,277,275,0,1,0.04,4528.32,194.72,0.00,0.00,770201,tp 4528.32
2026.03.25 12:57:00,278,278,1,0,0.05,4549.81,0.00,0.00,0.00,770201,OBM1#S#1326
2026.03.25 14:05:32,279,278,0,1,0.05,4567.64,-89.15,0.00,0.00,770201,sl 4567.64
2026.03.25 14:22:27,280,276,0,1,0.04,4573.69,-93.56,0.00,0.00,770201,sl 4573.65
2026.03.25 14:28:00,281,281,0,0,0.03,4579.83,0.00,0.00,0.00,770201,OBM1#L#1329
2026.03.25 14:35:00,282,282,0,0,0.01,4582.98,0.00,0.00,0.00,770201,OBM1#L#1328
2026.03.25 15:28:23,283,281,1,1,0.03,4550.22,-88.83,0.00,0.00,770201,sl 4551.51
2026.03.25 15:31:43,284,282,1,1,0.01,4524.35,-58.63,0.00,0.00,770201,sl 4527.60
2026.03.25 15:39:00,285,285,1,0,0.02,4550.48,0.00,0.00,0.00,770201,OBM1#S#1332
2026.03.25 16:37:00,286,286,0,0,0.04,4565.71,0.00,0.00,0.00,770201,OBM1#L#1335
2026.03.25 16:50:57,287,286,1,1,0.04,4543.63,-88.32,0.00,0.00,770201,sl 4543.79
2026.03.26 01:22:00,288,288,1,0,0.03,4508.95,0.00,0.00,0.00,770201,OBM1#S#1344
2026.03.26 01:44:14,289,288,0,1,0.03,4534.49,-76.62,0.00,0.00,770201,sl 4534.47
2026.03.26 02:40:00,290,290,1,0,0.04,4493.99,0.00,0.00,0.00,770201,OBM1#S#1347
2026.03.26 03:05:34,291,290,0,1,0.04,4514.86,-83.48,0.00,0.00,770201,sl 4514.77
2026.03.26 08:30:09,292,285,0,1,0.02,4480.93,139.10,0.00,2.06,770201,tp 4481.22
2026.03.26 10:34:00,293,293,0,0,0.04,4455.45,0.00,0.00,0.00,770201,OBM1#L#1354
2026.03.26 11:16:22,294,293,1,1,0.04,4435.39,-80.24,0.00,0.00,770201,sl 4435.39
2026.03.26 15:17:00,295,295,1,0,0.05,4440.60,0.00,0.00,0.00,770201,OBM1#S#1356
2026.03.26 16:45:23,296,295,0,1,0.05,4459.60,-95.00,0.00,0.00,770201,sl 4459.53
2026.03.26 17:19:00,297,297,0,0,0.04,4457.48,0.00,0.00,0.00,770201,OBM1#L#1364
2026.03.26 18:57:31,298,297,1,1,0.04,4434.10,-93.52,0.00,0.00,770201,sl 4434.12
2026.03.26 19:30:32,299,272,1,1,0.01,4383.70,-93.90,0.00,-2.38,770201,sl 4384.24
2026.03.26 22:40:00,300,300,1,0,0.07,4383.37,0.00,0.00,0.00,770201,OBM1#S#1371
2026.03.26 23:03:27,301,300,0,1,0.07,4356.51,188.02,0.00,0.00,770201,tp 4356.61
2026.03.26 23:17:00,302,302,0,0,0.02,4389.83,0.00,0.00,0.00,770201,OBM1#L#1299
2026.03.27 01:25:00,303,303,0,0,0.03,4400.74,0.00,0.00,0.00,770201,OBM1#L#1376
2026.03.27 08:34:17,304,303,1,1,0.03,4456.34,166.80,0.00,0.00,770201,tp 4456.26
2026.03.27 08:37:05,305,302,1,1,0.02,4467.54,155.42,0.00,-1.59,770201,tp 4467.47
2026.03.27 09:57:00,306,306,1,0,0.07,4461.99,0.00,0.00,0.00,770201,OBM1#S#1388
2026.03.27 10:08:00,307,307,1,0,0.06,4453.12,0.00,0.00,0.00,770201,OBM1#S#1389
2026.03.27 10:58:00,308,308,1,0,0.10,4447.24,0.00,0.00,0.00,770201,OBM1#S#1391
2026.03.27 11:25:22,309,306,0,1,0.07,4435.69,184.10,0.00,0.00,770201,tp 4436.09
2026.03.27 11:45:00,310,310,1,0,0.03,4434.96,0.00,0.00,0.00,770201,OBM1#S#1390
2026.03.27 11:58:57,311,308,0,1,0.10,4426.97,202.70,0.00,0.00,770201,tp 4427.38
2026.03.27 12:10:39,312,307,0,1,0.06,4421.75,188.22,0.00,0.00,770201,tp 4421.76
2026.03.27 14:42:00,313,313,0,0,0.11,4416.92,0.00,0.00,0.00,770201,OBM1#L#1394
2026.03.27 15:38:28,314,313,1,1,0.11,4436.19,211.97,0.00,0.00,770201,tp 4435.40
2026.03.27 15:56:00,315,315,0,0,0.03,4440.85,0.00,0.00,0.00,770201,OBM1#L#1395
2026.03.27 16:14:00,316,316,1,0,0.05,4429.79,0.00,0.00,0.00,770201,OBM1#S#1392
2026.03.27 17:03:16,317,316,0,1,0.05,4448.34,-92.75,0.00,0.00,770201,sl 4448.12
2026.03.27 17:16:37,318,310,0,1,0.03,4464.69,-89.19,0.00,0.00,770201,sl 4464.53
2026.03.27 17:21:00,319,319,0,0,0.01,4467.92,0.00,0.00,0.00,770201,OBM1#L#1399
2026.03.27 17:52:12,320,315,1,1,0.03,4497.46,169.83,0.00,0.00,770201,tp 4497.37
2026.03.27 18:39:00,321,321,1,0,0.04,4535.44,0.00,0.00,0.00,770201,OBM1#S#1341
2026.03.27 20:26:13,322,321,0,1,0.04,4490.04,181.60,0.00,0.00,770201,tp 4490.12
2026.03.27 22:59:00,323,323,0,0,0.09,4514.77,0.00,0.00,0.00,770201,OBM1#L#1406
2026.03.27 23:12:00,324,324,1,0,0.07,4508.58,0.00,0.00,0.00,770201,OBM1#S#1407
2026.03.27 23:33:29,325,323,1,1,0.09,4502.56,-109.89,0.00,0.00,770201,sl 4502.73
2026.03.30 01:01:05,326,324,0,1,0.07,4478.42,211.12,0.00,2.41,770201,tp 4479.18
2026.03.30 03:11:00,327,327,1,0,0.01,4428.49,0.00,0.00,0.00,770201,OBM1#S#1410
2026.03.30 04:42:00,328,328,0,0,0.02,4470.61,0.00,0.00,0.00,770201,OBM1#L#1412
2026.03.30 05:42:52,329,327,0,1,0.01,4493.01,-64.52,0.00,0.00,770201,sl 4492.95
2026.03.30 05:59:00,330,330,0,0,0.02,4482.93,0.00,0.00,0.00,770201,OBM1#L#1415
2026.03.30 14:44:51,331,330,1,1,0.02,4557.93,150.00,0.00,0.00,770201,tp 4557.79
2026.03.30 14:47:10,332,328,1,1,0.02,4572.01,202.80,0.00,0.00,770201,tp 4571.85
2026.03.30 14:51:14,333,319,1,1,0.01,4576.56,108.64,0.00,-0.79,770201,tp 4576.52
2026.03.30 15:26:00,334,334,0,0,0.04,4564.41,0.00,0.00,0.00,770201,OBM1#L#1429
2026.03.30 16:12:00,335,335,1,0,0.09,4567.21,0.00,0.00,0.00,770201,OBM1#S#1433
2026.03.30 16:44:09,336,335,0,1,0.09,4543.46,213.75,0.00,0.00,770201,tp 4543.61
2026.03.30 16:45:26,337,334,1,1,0.04,4538.56,-103.40,0.00,0.00,770201,sl 4538.63
2026.03.30 17:51:00,338,338,0,0,0.03,4535.47,0.00,0.00,0.00,770201,OBM1#L#1422
2026.03.30 19:35:00,339,339,1,0,0.06,4538.91,0.00,0.00,0.00,770201,OBM1#S#1437
2026.03.30 20:02:00,340,340,1,0,0.11,4538.70,0.00,0.00,0.00,770201,OBM1#S#1438
2026.03.30 20:32:56,341,340,0,1,0.11,4517.44,233.86,0.00,0.00,770201,tp 4517.70
2026.03.30 21:55:15,342,338,1,1,0.03,4506.04,-88.29,0.00,0.00,770201,sl 4506.12
2026.03.30 21:55:28,343,339,0,1,0.06,4504.71,205.20,0.00,0.00,770201,tp 4505.31
2026.03.30 22:13:00,344,344,1,0,0.03,4496.42,0.00,0.00,0.00,770201,OBM1#S#1442
2026.03.30 23:15:00,345,345,1,0,0.11,4508.26,0.00,0.00,0.00,770201,OBM1#S#1443
2026.03.31 01:03:02,346,345,0,1,0.11,4519.70,-125.84,0.00,3.79,770201,sl 4519.12
2026.03.31 02:42:00,347,347,0,0,0.06,4513.41,0.00,0.00,0.00,770201,OBM1#L#1446
2026.03.31 03:20:08,348,347,1,1,0.06,4494.62,-112.74,0.00,0.00,770201,sl 4494.65
2026.03.31 03:38:51,349,344,0,1,0.03,4529.60,-99.54,0.00,1.03,770201,sl 4529.56
2026.03.31 03:50:00,350,350,0,0,0.01,4538.49,0.00,0.00,0.00,770201,OBM1#L#1418
2026.03.31 07:03:00,351,351,0,0,0.12,4559.38,0.00,0.00,0.00,770201,OBM1#L#1457
2026.03.31 08:13:27,352,351,1,1,0.12,4549.46,-119.04,0.00,0.00,770201,sl 4550.17
2026.03.31 13:26:00,353,353,0,0,0.13,4560.18,0.00,0.00,0.00,770201,OBM1#L#1464
2026.03.31 13:36:28,354,353,1,1,0.13,4551.11,-117.91,0.00,0.00,770201,sl 4551.53
2026.03.31 13:53:00,355,355,0,0,0.06,4548.30,0.00,0.00,0.00,770201,OBM1#L#1453
2026.03.31 14:39:06,356,355,1,1,0.06,4585.90,225.60,0.00,0.00,770201,tp 4585.90
2026.03.31 15:51:00,357,357,1,0,0.04,4570.70,0.00,0.00,0.00,770201,OBM1#S#1469
2026.03.31 16:51:29,358,357,0,1,0.04,4597.95,-109.00,0.00,0.00,770201,sl 4597.84
2026.03.31 20:23:26,359,350,1,1,0.01,4657.97,119.48,0.00,0.00,770201,tp 4657.79
2026.03.31 20:45:00,360,360,0,0,0.02,4660.50,0.00,0.00,0.00,770201,OBM1#L#1475
2026.04.01 01:14:00,361,361,1,0,0.06,4663.10,0.00,0.00,0.00,770201,OBM1#S#1478
2026.04.01 01:25:10,362,361,0,1,0.06,4682.68,-117.48,0.00,0.00,770201,sl 4682.45
2026.04.01 05:25:00,363,363,1,0,0.05,4686.90,0.00,0.00,0.00,770201,OBM1#S#1486
2026.04.01 05:31:00,364,364,1,0,0.04,4685.45,0.00,0.00,0.00,770201,OBM1#S#1485
2026.04.01 09:24:52,365,363,0,1,0.05,4708.66,-108.80,0.00,0.00,770201,sl 4708.55
2026.04.01 09:25:04,366,364,0,1,0.04,4710.70,-101.00,0.00,0.00,770201,sl 4710.40
2026.04.01 10:47:00,367,367,0,0,0.02,4728.50,0.00,0.00,0.00,770201,OBM1#L#1492
2026.04.01 10:48:00,368,368,0,0,0.01,4730.67,0.00,0.00,0.00,770201,OBM1#L#1490
2026.04.01 17:53:42,369,360,1,1,0.02,4766.15,211.30,0.00,-1.59,770201,tp 4765.88
2026.04.01 18:06:00,370,370,0,0,0.02,4769.41,0.00,0.00,0.00,770201,OBM1#L#1507
2026.04.02 04:20:24,371,370,1,1,0.02,4715.87,-107.08,0.00,-4.77,770201,sl 4716.17
2026.04.02 04:31:08,372,367,1,1,0.02,4680.39,-96.22,0.00,-4.77,770201,sl 4680.39
2026.04.02 04:32:07,373,368,1,1,0.01,4671.11,-59.56,0.00,-2.38,770201,sl 4671.36
2026.04.02 08:00:00,374,374,0,0,0.07,4672.82,0.00,0.00,0.00,770201,OBM1#L#1528
2026.04.02 08:33:00,375,375,1,0,0.06,4665.15,0.00,0.00,0.00,770201,OBM1#S#1527
2026.04.02 08:33:30,376,374,1,1,0.07,4656.13,-116.83,0.00,0.00,770201,sl 4657.17
2026.04.02 08:44:06,377,375,0,1,0.06,4631.71,200.64,0.00,0.00,770201,tp 4631.85
2026.04.02 09:58:00,378,378,0,0,0.08,4595.85,0.00,0.00,0.00,770201,OBM1#L#1532
2026.04.02 10:17:48,379,378,1,1,0.08,4624.31,227.68,0.00,0.00,770201,tp 4624.29
2026.04.02 11:48:00,380,380,1,0,0.07,4628.82,0.00,0.00,0.00,770201,OBM1#S#1534
2026.04.02 13:54:00,381,381,1,0,0.08,4621.93,0.00,0.00,0.00,770201,OBM1#S#1537
2026.04.02 14:15:00,382,382,0,0,0.08,4627.78,0.00,0.00,0.00,770201,OBM1#L#1538
2026.04.02 14:30:01,383,382,1,1,0.08,4613.67,-112.88,0.00,0.00,770201,sl 4613.77
2026.04.02 14:43:01,384,380,0,1,0.07,4595.93,230.23,0.00,0.00,770201,tp 4596.00
2026.04.02 14:43:03,385,381,0,1,0.08,4594.66,218.16,0.00,0.00,770201,tp 4594.97
2026.04.02 19:11:00,386,386,1,0,0.05,4653.52,0.00,0.00,0.00,770201,OBM1#S#1543
2026.04.02 21:28:00,387,387,1,0,0.17,4651.41,0.00,0.00,0.00,770201,OBM1#S#1547
2026.04.02 21:34:41,388,387,0,1,0.17,4658.41,-119.00,0.00,0.00,770201,sl 4658.38
2026.04.02 22:02:03,389,386,0,1,0.05,4675.70,-110.90,0.00,0.00,770201,sl 4675.61
2026.04.06 02:24:00,390,390,1,0,0.03,4620.79,0.00,0.00,0.00,770201,OBM1#S#1553
2026.04.06 04:56:00,391,391,1,0,0.06,4624.13,0.00,0.00,0.00,770201,OBM1#S#1558
2026.04.06 05:16:42,392,391,0,1,0.06,4643.20,-114.42,0.00,0.00,770201,sl 4643.14
2026.04.06 05:17:50,393,390,0,1,0.03,4655.24,-103.35,0.00,0.00,770201,sl 4654.74
2026.04.06 06:23:00,394,394,1,0,0.02,4628.02,0.00,0.00,0.00,770201,OBM1#S#1552
2026.04.06 08:11:33,395,394,0,1,0.02,4677.05,-98.06,0.00,0.00,770201,sl 4676.98
2026.04.06 09:10:00,396,396,1,0,0.10,4658.05,0.00,0.00,0.00,770201,OBM1#S#1563
2026.04.06 09:36:00,397,397,0,0,0.15,4658.57,0.00,0.00,0.00,770201,OBM1#L#1565
2026.04.06 10:12:04,398,397,1,1,0.15,4651.33,-108.60,0.00,0.00,770201,sl 4651.35
2026.04.06 10:49:29,399,396,0,1,0.10,4669.40,-113.50,0.00,0.00,770201,sl 4669.20
2026.04.06 14:26:00,400,400,1,0,0.11,4686.57,0.00,0.00,0.00,770201,OBM1#S#1572
2026.04.06 15:21:02,401,400,0,1,0.11,4666.84,217.03,0.00,0.00,770201,tp 4667.13
2026.04.06 19:02:00,402,402,0,0,0.06,4670.10,0.00,0.00,0.00,770201,OBM1#L#1580
2026.04.06 20:12:57,403,402,1,1,0.06,4651.98,-108.72,0.00,0.00,770201,sl 4651.99
2026.04.06 21:36:00,404,404,1,0,0.14,4657.87,0.00,0.00,0.00,770201,OBM1#S#1581
2026.04.06 22:48:00,405,405,0,0,0.18,4652.69,0.00,0.00,0.00,770201,OBM1#L#1585
2026.04.07 01:02:40,406,404,0,1,0.14,4666.12,-115.50,0.00,4.82,770201,sl 4665.50
2026.04.07 01:02:40,407,405,1,1,0.18,4665.88,237.42,0.00,-14.31,770201,tp 4665.19
2026.04.07 02:43:00,408,408,0,0,0.16,4656.16,0.00,0.00,0.00,770201,OBM1#L#1589
2026.04.07 03:02:27,409,408,1,1,0.16,4649.12,-112.64,0.00,0.00,770201,sl 4649.16
2026.04.07 03:04:00,410,410,1,0,0.10,4650.81,0.00,0.00,0.00,770201,OBM1#S#1590
2026.04.07 03:45:47,411,410,0,1,0.10,4661.54,-107.30,0.00,0.00,770201,sl 4661.48
2026.04.07 08:40:00,412,412,0,0,0.06,4639.65,0.00,0.00,0.00,770201,OBM1#L#1597
2026.04.07 09:36:00,413,413,0,0,0.07,4645.74,0.00,0.00,0.00,770201,OBM1#L#1601
2026.04.07 10:26:00,414,414,1,0,0.12,4648.04,0.00,0.00,0.00,770201,OBM1#S#1600
2026.04.07 11:02:22,415,414,0,1,0.12,4658.01,-119.64,0.00,0.00,770201,sl 4656.87
2026.04.07 11:20:56,416,412,1,1,0.06,4673.02,200.22,0.00,0.00,770201,tp 4672.53
2026.04.07 11:21:00,417,413,1,1,0.07,4676.87,217.91,0.00,0.00,770201,tp 4676.68
2026.04.07 14:49:00,418,418,0,0,0.03,4659.97,0.00,0.00,0.00,770201,OBM1#L#1609
2026.04.07 16:44:00,419,419,1,0,0.05,4639.99,0.00,0.00,0.00,770201,OBM1#S#1612
2026.04.07 17:03:08,420,418,1,1,0.03,4628.80,-93.51,0.00,0.00,770201,sl 4628.84
2026.04.07 17:37:17,421,419,0,1,0.05,4660.41,-102.10,0.00,0.00,770201,sl 4659.96
2026.04.08 01:05:00,422,422,0,0,0.02,4744.72,0.00,0.00,0.00,770201,OBM1#L#1622
2026.04.08 02:22:34,423,422,1,1,0.02,4826.81,164.18,0.00,0.00,770201,tp 4826.38
2026.04.08 03:48:00,424,424,1,0,0.02,4811.43,0.00,0.00,0.00,770201,OBM1#S#1148
2026.04.08 04:32:00,425,425,1,0,0.01,4792.11,0.00,0.00,0.00,770201,OBM1#S#1150
2026.04.08 11:48:00,426,426,1,0,0.04,4795.52,0.00,0.00,0.00,770201,OBM1#S#1639
2026.04.08 17:56:11,427,426,0,1,0.04,4742.96,210.24,0.00,0.00,770201,tp 4743.40
2026.04.08 18:03:00,428,428,1,0,0.04,4745.30,0.00,0.00,0.00,770201,OBM1#S#1652
2026.04.08 21:18:49,429,424,0,1,0.02,4718.00,186.86,0.00,0.00,770201,tp 4718.67
2026.04.08 22:30:00,430,430,1,0,0.13,4708.63,0.00,0.00,0.00,770201,OBM1#S#1661
2026.04.08 22:32:33,431,430,0,1,0.13,4717.45,-114.66,0.00,0.00,770201,sl 4717.19
2026.04.08 22:50:00,432,432,0,0,0.04,4726.14,0.00,0.00,0.00,770201,OBM1#L#1662
2026.04.09 03:06:19,433,432,1,1,0.04,4701.34,-99.20,0.00,-9.54,770201,sl 4701.38
2026.04.09 04:03:00,434,434,1,0,0.08,4705.66,0.00,0.00,0.00,770201,OBM1#S#1670
2026.04.09 04:10:58,435,434,0,1,0.08,4719.18,-108.16,0.00,0.00,770201,sl 4719.15
2026.04.09 04:26:00,436,436,1,0,0.04,4707.33,0.00,0.00,0.00,770201,OBM1#S#1667
2026.04.09 11:48:56,437,436,0,1,0.04,4733.31,-103.92,0.00,0.00,770201,sl 4733.31
2026.04.09 14:15:00,438,438,1,0,0.07,4739.20,0.00,0.00,0.00,770201,OBM1#S#1657
2026.04.09 14:45:28,439,438,0,1,0.07,4754.10,-104.30,0.00,0.00,770201,sl 4754.09
2026.04.09 16:30:00,440,440,1,0,0.18,4752.65,0.00,0.00,0.00,770201,OBM1#S#1692
2026.04.09 16:35:05,441,440,0,1,0.18,4758.91,-112.68,0.00,0.00,770201,sl 4758.69
2026.04.09 16:39:00,442,428,0,1,0.04,4770.62,-101.28,0.00,4.13,770201,sl 4770.46
2026.04.09 22:38:00,443,443,1,0,0.11,4772.82,0.00,0.00,0.00,770201,OBM1#S#1700
2026.04.09 23:04:00,444,444,1,0,0.16,4769.66,0.00,0.00,0.00,770201,OBM1#S#1701
2026.04.10 01:01:01,445,444,0,1,0.16,4776.60,-111.04,0.00,5.51,770201,sl 4776.60
2026.04.10 01:03:00,446,446,0,0,0.09,4773.34,0.00,0.00,0.00,770201,OBM1#L#1696
2026.04.10 01:35:48,447,446,1,1,0.09,4761.24,-108.90,0.00,0.00,770201,sl 4761.37
2026.04.10 01:45:00,448,448,1,0,0.08,4761.28,0.00,0.00,0.00,770201,OBM1#S#1702
2026.04.10 03:02:04,449,443,0,1,0.11,4754.01,206.91,0.00,3.79,770201,tp 4754.06
2026.04.10 04:15:00,450,450,0,0,0.10,4760.93,0.00,0.00,0.00,770201,OBM1#L#1706
2026.04.10 04:36:01,451,448,0,1,0.08,4773.91,-101.04,0.00,0.00,770201,sl 4773.71
2026.04.10 05:13:56,452,450,1,1,0.10,4750.75,-101.80,0.00,0.00,770201,sl 4750.81
2026.04.10 07:58:00,453,453,1,0,0.05,4758.87,0.00,0.00,0.00,770201,OBM1#S#1709
2026.04.10 10:07:00,454,454,0,0,0.08,4750.40,0.00,0.00,0.00,770201,OBM1#L#1711
2026.04.10 11:47:30,455,454,1,1,0.08,4736.54,-110.88,0.00,0.00,770201,sl 4737.98
2026.04.10 12:32:00,456,456,0,0,0.06,4749.16,0.00,0.00,0.00,770201,OBM1#L#1720
2026.04.10 15:30:20,457,453,0,1,0.05,4777.49,-93.10,0.00,0.00,770201,sl 4777.39
2026.04.10 15:34:49,458,456,1,1,0.06,4781.82,195.96,0.00,0.00,770201,tp 4781.66
2026.04.10 15:40:00,459,459,0,0,0.06,4776.26,0.00,0.00,0.00,770201,OBM1#L#1727
2026.04.10 17:18:00,460,460,0,0,0.06,4784.23,0.00,0.00,0.00,770201,OBM1#L#1731
2026.04.10 18:36:28,461,460,1,1,0.06,4766.43,-106.80,0.00,0.00,770201,sl 4766.66
2026.04.10 18:36:46,462,459,1,1,0.06,4758.30,-107.76,0.00,0.00,770201,sl 4758.48
2026.04.10 20:00:00,463,463,0,0,0.09,4764.02,0.00,0.00,0.00,770201,OBM1#L#1736
2026.04.10 21:04:59,464,463,1,1,0.09,4753.20,-97.38,0.00,0.00,770201,sl 4753.30
2026.04.10 22:24:00,465,465,0,0,0.21,4768.93,0.00,0.00,0.00,770201,OBM1#L#1740
2026.04.10 22:28:15,466,465,1,1,0.21,4763.97,-104.16,0.00,0.00,770201,sl 4764.05
2026.04.10 22:52:00,467,467,1,0,0.07,4759.91,0.00,0.00,0.00,770201,OBM1#S#1741
2026.04.13 01:01:00,468,467,0,1,0.07,4676.04,587.09,0.00,2.41,770201,tp 4732.71
2026.04.13 01:01:03,469,425,0,1,0.01,4663.61,128.50,0.00,1.71,770201,tp 4668.53
2026.04.13 01:05:00,470,470,1,0,0.01,4670.86,0.00,0.00,0.00,770201,OBM1#S#1744
2026.04.13 01:53:00,471,471,0,0,0.03,4657.56,0.00,0.00,0.00,770201,OBM1#L#1616
2026.04.13 04:10:42,472,471,1,1,0.03,4717.61,180.15,0.00,0.00,770201,tp 4717.28
2026.04.13 06:44:00,473,473,0,0,0.09,4723.38,0.00,0.00,0.00,770201,OBM1#L#1754
2026.04.13 07:07:47,474,473,1,1,0.09,4708.67,-132.39,0.00,0.00,770201,sl 4711.11
2026.04.13 09:48:00,475,475,1,0,0.14,4725.07,0.00,0.00,0.00,770201,OBM1#S#1757
2026.04.13 10:01:43,476,475,0,1,0.14,4733.22,-114.10,0.00,0.00,770201,sl 4733.04
2026.04.13 10:48:00,477,477,0,0,0.07,4734.82,0.00,0.00,0.00,770201,OBM1#L#1758
2026.04.13 11:45:05,478,477,1,1,0.07,4720.59,-99.61,0.00,0.00,770201,sl 4720.73
2026.04.13 13:12:00,479,479,0,0,0.14,4717.95,0.00,0.00,0.00,770201,OBM1#L#1756
2026.04.13 13:25:09,480,479,1,1,0.14,4709.96,-111.86,0.00,0.00,770201,sl 4710.23
2026.04.13 16:05:00,481,481,0,0,0.04,4727.27,0.00,0.00,0.00,770201,OBM1#L#1765
2026.04.13 16:45:00,482,482,1,0,0.10,4726.91,0.00,0.00,0.00,770201,OBM1#S#1760
2026.04.13 16:49:53,483,482,0,1,0.10,4738.84,-119.30,0.00,0.00,770201,sl 4737.66
2026.04.13 17:22:00,484,484,1,0,0.05,4718.82,0.00,0.00,0.00,770201,OBM1#S#1769
2026.04.13 18:05:48,485,481,1,1,0.04,4704.72,-90.20,0.00,0.00,770201,sl 4704.84
2026.04.13 18:20:00,486,486,1,0,0.06,4706.75,0.00,0.00,0.00,770201,OBM1#S#1771
2026.04.13 19:17:03,487,486,0,1,0.06,4723.03,-97.68,0.00,0.00,770201,sl 4723.01
2026.04.13 19:40:22,488,484,0,1,0.05,4737.66,-94.20,0.00,0.00,770201,sl 4737.66
2026.04.13 20:48:00,489,489,1,0,0.09,4739.24,0.00,0.00,0.00,770201,OBM1#S#1746
2026.04.13 22:43:00,490,490,0,0,0.09,4741.31,0.00,0.00,0.00,770201,OBM1#L#1779
2026.04.14 01:01:00,491,489,0,1,0.09,4752.02,-115.02,0.00,3.10,770201,sl 4750.77
2026.04.14 01:52:59,492,470,0,1,0.01,4755.14,-84.28,0.00,0.34,770201,sl 4754.88
2026.04.14 02:02:58,493,490,1,1,0.09,4762.86,193.95,0.00,-7.15,770201,tp 4762.81
2026.04.14 06:03:00,494,494,0,0,0.09,4773.16,0.00,0.00,0.00,770201,OBM1#L#1789
2026.04.14 08:04:00,495,495,1,0,0.21,4772.30,0.00,0.00,0.00,770201,OBM1#S#1794
2026.04.14 08:27:05,496,495,0,1,0.21,4762.55,204.75,0.00,0.00,770201,tp 4762.56
2026.04.14 08:27:06,497,494,1,1,0.09,4761.74,-102.78,0.00,0.00,770201,sl 4761.75
2026.04.14 09:45:00,498,498,0,0,0.05,4769.79,0.00,0.00,0.00,770201,OBM1#L#1786
2026.04.14 11:09:00,499,499,0,0,0.06,4782.10,0.00,0.00,0.00,770201,OBM1#L#1798
2026.04.14 13:39:00,500,499,1,1,0.06,4762.98,-114.72,0.00,0.00,770201,sl 4764.56
2026.04.14 14:19:00,501,501,0,0,0.04,4777.35,0.00,0.00,0.00,770201,OBM1#L#1802
2026.04.14 17:27:00,502,498,1,1,0.05,4806.55,183.80,0.00,0.00,770201,tp 4806.37
2026.04.14 17:47:00,503,503,1,0,0.04,4795.66,0.00,0.00,0.00,770201,OBM1#S#1641
2026.04.14 18:08:00,504,504,1,0,0.04,4794.41,0.00,0.00,0.00,770201,OBM1#S#1809
2026.04.14 19:19:13,505,504,0,1,0.04,4816.55,-88.56,0.00,0.00,770201,sl 4816.53
2026.04.14 19:30:46,506,503,0,1,0.04,4820.26,-98.40,0.00,0.00,770201,sl 4820.19
2026.04.14 20:06:55,507,501,1,1,0.04,4827.30,199.80,0.00,0.00,770201,tp 4826.69
2026.04.14 22:34:00,508,508,0,0,0.06,4841.11,0.00,0.00,0.00,770201,OBM1#L#1815
2026.04.15 02:39:00,509,509,0,0,0.13,4841.05,0.00,0.00,0.00,770201,OBM1#L#1821
2026.04.15 02:43:00,510,510,0,0,0.11,4841.85,0.00,0.00,0.00,770201,OBM1#L#1817
2026.04.15 03:01:22,511,509,1,1,0.13,4833.27,-101.14,0.00,0.00,770201,sl 4833.27
2026.04.15 03:01:22,512,510,1,1,0.11,4832.91,-98.34,0.00,0.00,770201,sl 4832.91
2026.04.15 03:41:00,513,513,1,0,0.10,4829.06,0.00,0.00,0.00,770201,OBM1#S#1823
2026.04.15 04:08:30,514,513,0,1,0.10,4839.32,-102.60,0.00,0.00,770201,sl 4839.25
2026.04.15 05:34:19,515,508,1,1,0.06,4824.65,-98.76,0.00,-4.77,770201,sl 4824.66
2026.04.15 08:56:00,516,516,0,0,0.07,4822.58,0.00,0.00,0.00,770201,OBM1#L#1814
2026.04.15 09:10:00,517,517,1,0,0.09,4817.66,0.00,0.00,0.00,770201,OBM1#S#1827
2026.04.15 10:01:24,518,516,1,1,0.07,4809.03,-94.85,0.00,0.00,770201,sl 4809.03
2026.04.15 10:28:00,519,519,1,0,0.06,4807.65,0.00,0.00,0.00,770201,OBM1#S#1828
2026.04.15 11:32:00,520,520,1,0,0.11,4807.13,0.00,0.00,0.00,770201,OBM1#S#1829
2026.04.15 11:56:46,521,520,0,1,0.11,4816.22,-99.99,0.00,0.00,770201,sl 4816.19
2026.04.15 12:11:36,522,517,0,1,0.09,4796.35,191.79,0.00,0.00,770201,tp 4796.60
2026.04.15 14:23:00,523,523,0,0,0.08,4805.62,0.00,0.00,0.00,770201,OBM1#L#1833
2026.04.15 16:38:25,524,519,0,1,0.06,4822.42,-88.62,0.00,0.00,770201,sl 4822.42
2026.04.15 18:31:19,525,523,1,1,0.08,4792.71,-103.28,0.00,0.00,770201,sl 4792.95
2026.04.15 23:01:00,526,526,1,0,0.11,4794.69,0.00,0.00,0.00,770201,OBM1#S#1839
2026.04.16 01:32:44,527,526,0,1,0.11,4803.44,-96.25,0.00,11.36,770201,sl 4803.43
2026.04.16 05:09:00,528,528,0,0,0.10,4822.53,0.00,0.00,0.00,770201,OBM1#L#1849
2026.04.16 05:37:03,529,528,1,1,0.10,4812.77,-97.60,0.00,0.00,770201,sl 4812.77
2026.04.16 07:21:01,530,530,0,0,0.11,4827.47,0.00,0.00,0.00,770201,OBM1#L#1851
2026.04.16 07:41:00,531,531,0,0,0.14,4829.89,0.00,0.00,0.00,770201,OBM1#L#1852
2026.04.16 08:58:50,532,531,1,1,0.14,4823.19,-93.80,0.00,0.00,770201,sl 4823.22
2026.04.16 09:21:52,533,530,1,1,0.11,4818.68,-96.69,0.00,0.00,770201,sl 4818.99
2026.04.16 17:47:00,534,534,1,0,0.05,4788.98,0.00,0.00,0.00,770201,OBM1#S#1862
2026.04.16 18:06:10,535,534,0,1,0.05,4805.67,-83.45,0.00,0.00,770201,sl 4805.66
2026.04.17 03:30:00,536,536,0,0,0.18,4793.08,0.00,0.00,0.00,770201,OBM1#L#1871
2026.04.17 04:04:31,537,536,1,1,0.18,4787.66,-97.56,0.00,0.00,770201,sl 4787.75
2026.04.17 08:44:00,538,538,1,0,0.07,4797.15,0.00,0.00,0.00,770201,OBM1#S#1865
2026.04.17 09:18:00,539,539,1,0,0.08,4787.71,0.00,0.00,0.00,770201,OBM1#S#1882
2026.04.17 10:30:00,540,540,0,0,0.11,4791.82,0.00,0.00,0.00,770201,OBM1#L#1883
2026.04.17 10:42:07,541,540,1,1,0.11,4783.83,-87.89,0.00,0.00,770201,sl 4783.85
2026.04.17 11:24:00,542,542,1,0,0.08,4784.15,0.00,0.00,0.00,770201,OBM1#S#1885
2026.04.17 11:43:11,543,542,0,1,0.08,4795.20,-88.40,0.00,0.00,770201,sl 4795.07
2026.04.17 12:01:51,544,539,0,1,0.08,4798.78,-88.56,0.00,0.00,770201,sl 4798.65
2026.04.17 14:48:05,545,538,0,1,0.07,4810.56,-93.87,0.00,0.00,770201,sl 4810.32
2026.04.17 17:24:00,546,546,0,0,0.06,4876.27,0.00,0.00,0.00,770201,OBM1#L#1894
2026.04.17 17:45:00,547,547,0,0,0.03,4877.57,0.00,0.00,0.00,770201,OBM1#L#1893
2026.04.17 18:04:05,548,546,1,1,0.06,4863.06,-79.26,0.00,0.00,770201,sl 4863.06
2026.04.17 19:27:00,549,549,0,0,0.05,4871.41,0.00,0.00,0.00,770201,OBM1#L#1897
2026.04.17 20:24:38,550,549,1,1,0.05,4854.74,-83.35,0.00,0.00,770201,sl 4854.80
2026.04.17 21:58:00,551,551,1,0,0.09,4858.50,0.00,0.00,0.00,770201,OBM1#S#1899
2026.04.17 23:03:47,552,547,1,1,0.03,4850.07,-82.50,0.00,0.00,770201,sl 4850.26
2026.04.17 23:41:50,553,551,0,1,0.09,4839.59,170.19,0.00,0.00,770201,tp 4839.76
2026.04.17 23:54:00,554,554,1,0,0.04,4833.10,0.00,0.00,0.00,770201,OBM1#S#1904
2026.04.20 01:01:00,555,554,0,1,0.04,4766.63,265.88,0.00,1.38,770201,tp 4794.66
2026.04.20 03:19:00,556,556,0,0,0.04,4757.50,0.00,0.00,0.00,770201,OBM1#L#1783
2026.04.20 04:23:02,557,556,1,1,0.04,4795.48,151.92,0.00,0.00,770201,tp 4795.44
2026.04.20 07:00:00,558,558,1,0,0.13,4790.85,0.00,0.00,0.00,770201,OBM1#S#1914
2026.04.20 08:10:00,559,559,1,0,0.10,4787.06,0.00,0.00,0.00,770201,OBM1#S#1917
2026.04.20 08:33:22,560,559,0,1,0.10,4796.14,-90.80,0.00,0.00,770201,sl 4796.07
2026.04.20 09:33:00,561,561,0,0,0.08,4790.04,0.00,0.00,0.00,770201,OBM1#L#1920
2026.04.20 10:00:00,562,558,0,1,0.13,4798.01,-93.08,0.00,0.00,770201,sl 4797.77
2026.04.20 11:58:00,563,563,0,0,0.09,4795.57,0.00,0.00,0.00,770201,OBM1#L#1922
2026.04.20 12:32:04,564,563,1,1,0.09,4785.04,-94.77,0.00,0.00,770201,sl 4785.34
2026.04.20 13:28:00,565,565,0,0,0.06,4798.36,0.00,0.00,0.00,770201,OBM1#L#1927
2026.04.20 15:04:25,566,561,1,1,0.08,4811.22,169.44,0.00,0.00,770201,tp 4811.20
2026.04.20 21:17:00,567,567,0,0,0.04,4814.55,0.00,0.00,0.00,770201,OBM1#L#1934
2026.04.21 01:01:15,568,565,1,1,0.06,4829.39,186.18,0.00,-4.77,770201,tp 4828.40
2026.04.21 01:33:00,569,569,1,0,0.09,4826.20,0.00,0.00,0.00,770201,OBM1#S#1906
2026.04.21 02:41:00,570,570,1,0,0.13,4823.97,0.00,0.00,0.00,770201,OBM1#S#1942
2026.04.21 04:41:15,571,570,0,1,0.13,4809.44,188.89,0.00,0.00,770201,tp 4809.45
2026.04.21 04:55:30,572,569,0,1,0.09,4806.49,177.39,0.00,0.00,770201,tp 4806.52
2026.04.21 06:42:20,573,567,1,1,0.04,4792.67,-87.52,0.00,-3.18,770201,sl 4792.69
2026.04.21 11:24:00,574,574,0,0,0.06,4788.69,0.00,0.00,0.00,770201,OBM1#L#1956
2026.04.21 12:55:00,575,575,0,0,0.07,4787.71,0.00,0.00,0.00,770201,OBM1#L#1959
2026.04.21 15:30:34,576,574,1,1,0.06,4769.10,-117.54,0.00,0.00,770201,sl 4772.53
2026.04.21 15:30:34,577,575,1,1,0.07,4769.10,-130.27,0.00,0.00,770201,sl 4774.68
2026.04.21 16:37:00,578,578,0,0,0.06,4774.11,0.00,0.00,0.00,770201,OBM1#L#1910
2026.04.21 17:24:00,579,579,1,0,0.04,4773.08,0.00,0.00,0.00,770201,OBM1#S#1963
2026.04.21 17:40:18,580,578,1,1,0.06,4759.22,-89.34,0.00,0.00,770201,sl 4759.44
2026.04.21 17:47:22,581,579,0,1,0.04,4726.66,185.68,0.00,0.00,770201,tp 4726.66
2026.04.21 18:46:00,582,582,0,0,0.06,4746.13,0.00,0.00,0.00,770201,OBM1#L#1967
2026.04.21 19:11:50,583,582,1,1,0.06,4730.61,-93.12,0.00,0.00,770201,sl 4730.64
2026.04.21 20:16:00,584,584,1,0,0.02,4705.65,0.00,0.00,0.00,770201,OBM1#S#1969
2026.04.21 20:18:00,585,585,1,0,0.01,4705.88,0.00,0.00,0.00,770201,OBM1#S#1968
2026.04.21 21:26:00,586,586,1,0,0.03,4694.03,0.00,0.00,0.00,770201,OBM1#S#1972
2026.04.22 01:01:07,587,586,0,1,0.03,4723.40,-88.11,0.00,1.03,770201,sl 4723.16
2026.04.22 01:28:00,588,588,1,0,0.05,4717.41,0.00,0.00,0.00,770201,OBM1#S#1971
2026.04.22 02:45:19,589,588,0,1,0.05,4734.88,-87.35,0.00,0.00,770201,sl 4734.52
2026.04.22 04:36:42,590,584,0,1,0.02,4750.58,-89.86,0.00,0.69,770201,sl 4750.56
2026.04.22 05:18:30,591,585,0,1,0.01,4756.93,-51.05,0.00,0.34,770201,sl 4756.93
2026.04.22 11:22:00,592,592,1,0,0.06,4757.74,0.00,0.00,0.00,770201,OBM1#S#1990
2026.04.22 13:00:00,593,593,1,0,0.13,4755.24,0.00,0.00,0.00,770201,OBM1#S#1993
2026.04.22 15:20:00,594,594,1,0,0.07,4747.78,0.00,0.00,0.00,770201,OBM1#S#1998
2026.04.22 16:02:06,595,593,0,1,0.13,4741.17,182.91,0.00,0.00,770201,tp 4741.36
2026.04.22 16:46:44,596,594,0,1,0.07,4761.05,-92.89,0.00,0.00,770201,sl 4760.16
2026.04.22 16:53:00,597,597,0,0,0.06,4754.29,0.00,0.00,0.00,770201,OBM1#L#1999
2026.04.22 16:55:00,598,598,0,0,0.04,4755.32,0.00,0.00,0.00,770201,OBM1#L#1981
2026.04.22 17:30:39,599,597,1,1,0.06,4740.35,-83.64,0.00,0.00,770201,sl 4740.37
2026.04.22 17:32:30,600,598,1,1,0.04,4735.07,-81.00,0.00,0.00,770201,sl 4735.99
2026.04.22 18:36:28,601,592,0,1,0.06,4727.83,179.46,0.00,0.00,770201,tp 4727.98
2026.04.22 18:38:00,602,602,1,0,0.08,4729.48,0.00,0.00,0.00,770201,OBM1#S#2002
2026.04.22 21:45:41,603,602,0,1,0.08,4740.59,-88.88,0.00,0.00,770201,sl 4740.50
2026.04.23 03:51:00,604,604,0,0,0.02,4748.97,0.00,0.00,0.00,770201,OBM1#L#1978
2026.04.23 05:10:59,605,604,1,1,0.02,4710.01,-77.92,0.00,0.00,770201,sl 4710.25
2026.04.23 10:29:00,606,606,1,0,0.06,4706.47,0.00,0.00,0.00,770201,OBM1#S#2020
2026.04.23 10:39:00,607,607,0,0,0.08,4711.21,0.00,0.00,0.00,770201,OBM1#L#2019
2026.04.23 10:49:56,608,606,0,1,0.06,4720.52,-84.30,0.00,0.00,770201,sl 4720.49
2026.04.23 12:02:08,609,607,1,1,0.08,4700.67,-84.32,0.00,0.00,770201,sl 4700.69
2026.04.23 12:41:00,610,610,1,0,0.12,4699.58,0.00,0.00,0.00,770201,OBM1#S#2023
2026.04.23 13:23:02,611,610,0,1,0.12,4684.65,179.16,0.00,0.00,770201,tp 4685.16
2026.04.23 14:40:00,612,612,0,0,0.12,4702.63,0.00,0.00,0.00,770201,OBM1#L#2026
2026.04.23 14:55:44,613,612,1,1,0.12,4717.16,174.36,0.00,0.00,770201,tp 4716.99
2026.04.23 17:07:00,614,614,1,0,0.04,4721.77,0.00,0.00,0.00,770201,OBM1#S#2028
2026.04.23 20:43:04,615,614,0,1,0.04,4678.45,173.28,0.00,0.00,770201,tp 4678.45
2026.04.23 23:22:00,616,616,1,0,0.07,4690.25,0.00,0.00,0.00,770201,OBM1#S#2038
2026.04.24 03:27:30,617,616,0,1,0.07,4702.59,-86.38,0.00,2.41,770201,sl 4702.56
2026.04.24 05:46:00,618,618,1,0,0.04,4681.78,0.00,0.00,0.00,770201,OBM1#S#2045
2026.04.24 07:56:00,619,619,0,0,0.04,4675.47,0.00,0.00,0.00,770201,OBM1#L#1750
2026.04.24 11:48:00,620,620,0,0,0.12,4690.98,0.00,0.00,0.00,770201,OBM1#L#2050
2026.04.24 12:25:40,621,620,1,1,0.12,4683.04,-95.28,0.00,0.00,770201,sl 4683.19
2026.04.24 13:39:00,622,622,1,0,0.08,4677.80,0.00,0.00,0.00,770201,OBM1#S#2055
2026.04.24 14:04:52,623,622,0,1,0.08,4688.97,-89.36,0.00,0.00,770201,sl 4688.88
2026.04.24 14:07:43,624,618,0,1,0.04,4701.87,-80.36,0.00,0.00,770201,sl 4701.01
2026.04.24 14:56:00,625,625,1,0,0.06,4705.69,0.00,0.00,0.00,770201,OBM1#S#2036
2026.04.24 15:37:00,626,626,1,0,0.07,4704.80,0.00,0.00,0.00,770201,OBM1#S#2059
2026.04.24 16:48:41,627,626,0,1,0.07,4717.42,-88.34,0.00,0.00,770201,sl 4717.38
2026.04.24 16:56:00,628,628,0,0,0.05,4707.24,0.00,0.00,0.00,770201,OBM1#L#2060
2026.04.24 17:05:12,629,619,1,1,0.04,4718.64,172.68,0.00,0.00,770201,tp 4718.21
2026.04.24 17:05:22,630,625,0,1,0.06,4720.53,-89.04,0.00,0.00,770201,sl 4720.51
2026.04.24 21:46:00,631,631,1,0,0.09,4717.92,0.00,0.00,0.00,770201,OBM1#S#2067
2026.04.27 01:01:00,632,631,0,1,0.09,4693.45,220.23,0.00,3.10,770201,tp 4697.60
2026.04.27 01:06:17,633,628,1,1,0.05,4689.51,-88.65,0.00,-3.97,770201,sl 4689.68
2026.04.27 05:50:00,634,634,0,0,0.04,4718.65,0.00,0.00,0.00,770201,OBM1#L#2078
2026.04.27 08:06:00,635,635,1,0,0.12,4721.01,0.00,0.00,0.00,770201,OBM1#S#2083
2026.04.27 10:07:00,636,636,0,0,0.12,4717.82,0.00,0.00,0.00,770201,OBM1#L#2086
2026.04.27 10:54:34,637,636,1,1,0.12,4710.18,-91.68,0.00,0.00,770201,sl 4710.22
2026.04.27 11:26:00,638,638,1,0,0.10,4710.48,0.00,0.00,0.00,770201,OBM1#S#2085
2026.04.27 11:40:23,639,635,0,1,0.12,4705.97,180.48,0.00,0.00,770201,tp 4706.07
2026.04.27 12:45:00,640,640,0,0,0.11,4704.83,0.00,0.00,0.00,770201,OBM1#L#2079
2026.04.27 16:01:30,641,634,1,1,0.04,4696.53,-88.48,0.00,0.00,770201,sl 4696.68
2026.04.27 16:01:31,642,640,1,1,0.11,4696.28,-94.05,0.00,0.00,770201,sl 4696.40
2026.04.27 16:06:00,643,643,1,0,0.04,4694.25,0.00,0.00,0.00,770201,OBM1#S#2089
2026.04.27 16:36:11,644,638,0,1,0.10,4692.23,182.50,0.00,0.00,770201,tp 4692.28
2026.04.27 18:14:00,645,645,1,0,0.03,4671.92,0.00,0.00,0.00,770201,OBM1#S#2101
2026.04.27 22:33:00,646,646,1,0,0.22,4680.10,0.00,0.00,0.00,770201,OBM1#S#2110
2026.04.28 01:01:00,647,646,0,1,0.22,4684.39,-94.38,0.00,7.57,770201,sl 4684.37
2026.04.28 01:52:00,648,648,1,0,0.20,4686.83,0.00,0.00,0.00,770201,OBM1#S#2114
2026.04.28 02:17:42,649,648,0,1,0.20,4691.46,-92.60,0.00,0.00,770201,sl 4691.45
2026.04.28 03:03:01,650,645,0,1,0.03,4697.07,-75.45,0.00,1.03,770201,sl 4696.91
2026.04.28 03:31:00,651,651,1,0,0.11,4693.82,0.00,0.00,0.00,770201,OBM1#S#2119
2026.04.28 04:56:18,652,651,0,1,0.11,4677.96,174.46,0.00,0.00,770201,tp 4678.06
2026.04.28 05:22:00,653,653,0,0,0.10,4678.73,0.00,0.00,0.00,770201,OBM1#L#2122
2026.04.28 05:45:37,654,653,1,1,0.10,4669.31,-94.20,0.00,0.00,770201,sl 4669.33
2026.04.28 07:27:00,655,655,1,0,0.18,4666.89,0.00,0.00,0.00,770201,OBM1#S#2125
2026.04.28 08:06:19,656,643,0,1,0.04,4649.29,179.84,0.00,1.38,770201,tp 4652.65
2026.04.28 08:06:19,657,655,0,1,0.18,4649.29,316.80,0.00,0.00,770201,tp 4656.67
2026.04.28 09:17:00,658,658,0,0,0.07,4637.75,0.00,0.00,0.00,770201,OBM1#L#2130
2026.04.28 09:23:28,659,658,1,1,0.07,4623.68,-98.49,0.00,0.00,770201,sl 4623.78
2026.04.28 10:44:00,660,660,1,0,0.07,4628.64,0.00,0.00,0.00,770201,OBM1#S#2131
2026.04.28 14:07:34,661,660,0,1,0.07,4601.55,189.63,0.00,0.00,770201,tp 4601.62
2026.04.28 16:46:00,662,662,0,0,0.06,4586.89,0.00,0.00,0.00,770201,OBM1#L#2138
2026.04.28 17:02:30,663,662,1,1,0.06,4570.49,-98.40,0.00,0.00,770201,sl 4570.52
2026.04.28 18:40:00,664,664,0,0,0.05,4579.03,0.00,0.00,0.00,770201,OBM1#L#2140
2026.04.28 19:40:00,665,665,0,0,0.11,4585.03,0.00,0.00,0.00,770201,OBM1#L#2141
2026.04.28 22:00:00,666,666,1,0,0.15,4594.28,0.00,0.00,0.00,770201,OBM1#S#2144
2026.04.29 03:00:38,667,666,0,1,0.15,4600.52,-93.60,0.00,5.16,770201,sl 4600.49
2026.04.29 03:01:07,668,665,1,1,0.11,4601.60,182.27,0.00,-8.74,770201,tp 4601.55
2026.04.29 09:19:00,669,669,1,0,0.06,4586.42,0.00,0.00,0.00,770201,OBM1#S#2163
2026.04.29 11:35:50,670,664,1,1,0.05,4560.50,-92.65,0.00,-3.97,770201,sl 4560.76
2026.04.29 12:50:22,671,669,0,1,0.06,4555.94,182.88,0.00,0.00,770201,tp 4555.96
2026.04.29 14:51:00,672,672,1,0,0.07,4562.84,0.00,0.00,0.00,770201,OBM1#S#2171
2026.04.29 15:03:00,673,673,1,0,0.22,4563.64,0.00,0.00,0.00,770201,OBM1#S#2172
2026.04.29 15:04:00,674,674,1,0,0.05,4562.65,0.00,0.00,0.00,770201,OBM1#S#2167
2026.04.29 15:06:45,675,673,0,1,0.22,4568.13,-98.78,0.00,0.00,770201,sl 4568.11
2026.04.29 15:19:00,676,676,0,0,0.05,4568.37,0.00,0.00,0.00,770201,OBM1#L#2170
2026.04.29 15:34:22,677,676,1,1,0.05,4551.49,-84.40,0.00,0.00,770201,sl 4551.55
2026.04.29 16:30:20,678,672,0,1,0.07,4533.99,201.95,0.00,0.00,770201,tp 4534.70
2026.04.29 16:39:44,679,674,0,1,0.05,4526.05,183.00,0.00,0.00,770201,tp 4526.13
2026.04.29 17:20:00,680,680,0,0,0.03,4534.61,0.00,0.00,0.00,770201,OBM1#L#1452
2026.04.29 18:05:00,681,681,0,0,0.08,4543.23,0.00,0.00,0.00,770201,OBM1#L#2178
2026.04.29 18:12:00,682,682,1,0,0.08,4538.71,0.00,0.00,0.00,770201,OBM1#S#2175
2026.04.29 18:36:32,683,682,0,1,0.08,4551.36,-101.20,0.00,0.00,770201,sl 4551.15
2026.04.29 19:14:00,684,684,0,0,0.05,4558.85,0.00,0.00,0.00,770201,OBM1#L#2179
2026.04.29 21:00:19,685,684,1,1,0.05,4540.72,-90.65,0.00,0.00,770201,sl 4541.41
2026.04.29 21:09:41,686,681,1,1,0.08,4531.85,-91.04,0.00,0.00,770201,sl 4531.85
2026.04.30 09:58:14,687,680,1,1,0.03,4591.01,169.20,0.00,-7.15,770201,tp 4590.97
2026.04.30 10:15:00,688,688,0,0,0.01,4591.87,0.00,0.00,0.00,770201,OBM1#L#2198
2026.04.30 13:01:00,689,689,0,0,0.09,4626.99,0.00,0.00,0.00,770201,OBM1#L#2206
2026.04.30 16:47:02,690,689,1,1,0.09,4615.96,-99.27,0.00,0.00,770201,sl 4615.99
2026.04.30 17:48:00,691,691,1,0,0.15,4620.73,0.00,0.00,0.00,770201,OBM1#S#2209
2026.04.30 19:16:08,692,691,0,1,0.15,4608.09,189.60,0.00,0.00,770201,tp 4608.21
2026.04.30 19:24:00,693,693,1,0,0.05,4608.30,0.00,0.00,0.00,770201,OBM1#S#2211
2026.04.30 20:23:00,694,694,0,0,0.04,4620.61,0.00,0.00,0.00,770201,OBM1#L#2205
2026.04.30 22:06:42,695,693,0,1,0.05,4626.60,-91.50,0.00,0.00,770201,sl 4626.27
2026.04.30 22:10:00,696,696,0,0,0.05,4625.78,0.00,0.00,0.00,770201,OBM1#L#2214
2026.05.01 08:00:14,697,696,1,1,0.05,4608.47,-86.55,0.00,-3.97,770201,sl 4608.55
2026.05.01 08:51:00,698,698,0,0,0.19,4612.22,0.00,0.00,0.00,770201,OBM1#L#2230
2026.05.01 08:55:40,699,698,1,1,0.19,4606.92,-100.70,0.00,0.00,770201,sl 4607.11
2026.05.01 09:04:00,700,700,1,0,0.09,4605.65,0.00,0.00,0.00,770201,OBM1#S#2231
2026.05.01 09:19:56,701,694,1,1,0.04,4596.15,-97.84,0.00,-3.18,770201,sl 4596.47
2026.05.01 10:23:04,702,700,0,1,0.09,4585.56,180.81,0.00,0.00,770201,tp 4585.57
2026.05.01 14:06:00,703,703,1,0,0.20,4566.08,0.00,0.00,0.00,770201,OBM1#S#2239
2026.05.01 14:11:00,704,704,1,0,0.13,4565.62,0.00,0.00,0.00,770201,OBM1#S#2238
2026.05.01 14:18:48,705,703,0,1,0.20,4571.05,-99.40,0.00,0.00,770201,sl 4571.02
2026.05.01 14:20:44,706,704,0,1,0.13,4573.07,-96.85,0.00,0.00,770201,sl 4573.02
2026.05.01 15:47:00,707,707,1,0,0.04,4592.61,0.00,0.00,0.00,770201,OBM1#S#2232
2026.05.01 15:49:00,708,708,1,0,0.06,4592.68,0.00,0.00,0.00,770201,OBM1#S#2233
2026.05.01 16:41:25,709,708,0,1,0.06,4608.75,-96.42,0.00,0.00,770201,sl 4608.15
2026.05.01 16:53:37,710,707,0,1,0.04,4613.96,-85.40,0.00,0.00,770201,sl 4613.87
2026.05.01 17:38:00,711,711,1,0,0.04,4637.72,0.00,0.00,0.00,770201,OBM1#S#2129
2026.05.01 22:51:00,712,712,1,0,0.04,4612.53,0.00,0.00,0.00,770201,OBM1#S#2250
2026.05.04 04:30:02,713,711,0,1,0.04,4593.33,177.56,0.00,1.38,770201,tp 4593.42
2026.05.04 04:34:00,714,714,1,0,0.11,4596.39,0.00,0.00,0.00,770201,OBM1#S#2263
2026.05.04 04:51:09,715,714,0,1,0.11,4604.78,-92.29,0.00,0.00,770201,sl 4604.77
2026.05.04 05:19:00,716,716,1,0,0.09,4603.47,0.00,0.00,0.00,770201,OBM1#S#2262
2026.05.04 06:50:40,717,716,0,1,0.09,4613.79,-92.88,0.00,0.00,770201,sl 4613.78
2026.05.04 07:59:00,718,718,1,0,0.15,4606.38,0.00,0.00,0.00,770201,OBM1#S#2270
2026.05.04 08:19:35,719,718,0,1,0.15,4612.70,-94.80,0.00,0.00,770201,sl 4612.62
2026.05.04 09:11:00,720,720,1,0,0.05,4595.09,0.00,0.00,0.00,770201,OBM1#S#2271
2026.05.04 13:02:17,721,712,0,1,0.04,4567.01,182.08,0.00,1.38,770201,tp 4567.07
2026.05.04 13:03:53,722,720,0,1,0.05,4558.07,185.10,0.00,0.00,770201,tp 4558.33
2026.05.04 13:12:30,723,688,1,1,0.01,4540.65,-51.22,0.00,-1.58,770201,sl 4540.79
2026.05.04 13:30:00,724,724,0,0,0.03,4545.15,0.00,0.00,0.00,770201,OBM1#L#2187
2026.05.04 16:24:00,725,725,1,0,0.06,4561.96,0.00,0.00,0.00,770201,OBM1#S#2282
2026.05.04 17:20:51,726,725,0,1,0.06,4576.30,-86.04,0.00,0.00,770201,sl 4576.24
2026.05.04 17:47:00,727,727,1,0,0.08,4572.84,0.00,0.00,0.00,770201,OBM1#S#2276
2026.05.04 18:14:29,728,727,0,1,0.08,4548.76,192.64,0.00,0.00,770201,tp 4548.88
2026.05.04 18:21:48,729,724,1,1,0.03,4520.39,-74.28,0.00,0.00,770201,sl 4520.39
2026.05.04 19:50:00,730,730,1,0,0.05,4509.82,0.00,0.00,0.00,770201,OBM1#S#2288
2026.05.04 19:52:00,731,731,1,0,0.06,4510.06,0.00,0.00,0.00,770201,OBM1#S#2286
2026.05.04 20:06:32,732,731,0,1,0.06,4525.98,-95.52,0.00,0.00,770201,sl 4525.75
2026.05.04 20:17:16,733,730,0,1,0.05,4527.25,-87.15,0.00,0.00,770201,sl 4526.85
2026.05.04 21:56:00,734,734,0,0,0.14,4513.95,0.00,0.00,0.00,770201,OBM1#L#2289
2026.05.05 03:13:31,735,734,1,1,0.14,4527.24,186.06,0.00,-11.13,770201,tp 4527.19
2026.05.05 06:29:00,736,736,1,0,0.11,4537.67,0.00,0.00,0.00,770201,OBM1#S#2300
2026.05.05 08:34:56,737,736,0,1,0.11,4546.33,-95.26,0.00,0.00,770201,sl 4546.19
2026.05.05 09:45:00,738,738,0,0,0.06,4546.49,0.00,0.00,0.00,770201,OBM1#L#2305
2026.05.05 10:18:00,739,739,0,0,0.15,4553.42,0.00,0.00,0.00,770201,OBM1#L#2310
2026.05.05 10:46:58,740,739,1,1,0.15,4546.99,-96.45,0.00,0.00,770201,sl 4546.99
2026.05.05 13:05:00,741,741,0,0,0.12,4555.99,0.00,0.00,0.00,770201,OBM1#L#2315
2026.05.05 13:29:00,742,742,1,0,0.07,4548.67,0.00,0.00,0.00,770201,OBM1#S#2316
2026.05.05 13:29:12,743,741,1,1,0.12,4548.18,-93.72,0.00,0.00,770201,sl 4548.18
2026.05.05 14:37:04,744,742,0,1,0.07,4560.89,-85.54,0.00,0.00,770201,sl 4560.75
2026.05.05 16:08:34,745,738,1,1,0.06,4577.33,185.04,0.00,0.00,770201,tp 4576.91
2026.05.05 17:55:00,746,746,1,0,0.13,4578.48,0.00,0.00,0.00,770201,OBM1#S#2324
2026.05.05 18:20:00,747,747,1,0,0.13,4578.43,0.00,0.00,0.00,770201,OBM1#S#2326
2026.05.05 19:06:56,748,746,0,1,0.13,4563.91,189.41,0.00,0.00,770201,tp 4563.92
2026.05.05 19:07:15,749,747,0,1,0.13,4563.56,193.31,0.00,0.00,770201,tp 4563.77
2026.05.05 20:48:00,750,750,0,0,0.13,4560.56,0.00,0.00,0.00,770201,OBM1#L#2331
2026.05.05 22:56:23,751,750,1,1,0.13,4553.24,-95.16,0.00,0.00,770201,sl 4553.25
2026.05.06 01:29:00,752,752,1,0,0.07,4547.14,0.00,0.00,0.00,770201,OBM1#S#2337
2026.05.06 01:55:00,753,752,0,1,0.07,4560.25,-91.77,0.00,0.00,770201,sl 4560.16
2026.05.06 04:27:00,754,754,0,0,0.07,4623.33,0.00,0.00,0.00,770201,OBM1#L#2344
2026.05.06 04:29:00,755,755,0,0,0.02,4624.33,0.00,0.00,0.00,770201,OBM1#L#2341
2026.05.06 06:18:00,756,756,0,0,0.04,4647.64,0.00,0.00,0.00,770201,OBM1#L#2347
2026.05.06 06:20:13,757,754,1,1,0.07,4651.15,194.74,0.00,0.00,770201,tp 4651.13
2026.05.06 08:13:00,758,758,0,0,0.11,4654.47,0.00,0.00,0.00,770201,OBM1#L#2348
2026.05.06 08:33:29,759,758,1,1,0.11,4645.51,-98.56,0.00,0.00,770201,sl 4645.65
2026.05.06 10:02:00,760,760,0,0,0.09,4668.79,0.00,0.00,0.00,770201,OBM1#L#2352
2026.05.06 10:15:04,761,760,1,1,0.09,4658.19,-95.40,0.00,0.00,770201,sl 4658.19
2026.05.06 11:15:00,762,762,0,0,0.04,4679.81,0.00,0.00,0.00,770201,OBM1#L#2354
2026.05.06 11:50:41,763,756,1,1,0.04,4695.44,191.20,0.00,0.00,770201,tp 4695.42
2026.05.06 12:00:11,764,755,1,1,0.02,4703.35,158.04,0.00,0.00,770201,tp 4703.27
2026.05.06 13:54:06,765,762,1,1,0.04,4722.90,172.36,0.00,0.00,770201,tp 4722.69
2026.05.06 14:15:00,766,766,1,0,0.07,4712.01,0.00,0.00,0.00,770201,OBM1#S#2084
2026.05.06 15:03:51,767,766,0,1,0.07,4682.66,205.45,0.00,0.00,770201,tp 4682.71
2026.05.06 16:52:00,768,768,0,0,0.02,4699.05,0.00,0.00,0.00,770201,OBM1#L#2360
2026.05.06 19:10:00,769,769,1,0,0.05,4683.31,0.00,0.00,0.00,770201,OBM1#S#2362
2026.05.06 20:38:00,770,770,1,0,0.06,4680.07,0.00,0.00,0.00,770201,OBM1#S#2363
2026.05.06 22:10:50,771,770,0,1,0.06,4695.38,-91.86,0.00,0.00,770201,sl 4695.22
2026.05.06 22:18:00,772,772,0,0,0.07,4696.50,0.00,0.00,0.00,770201,OBM1#L#2366
2026.05.07 04:10:19,773,769,0,1,0.05,4702.10,-93.95,0.00,5.16,770201,sl 4701.53
2026.05.07 09:31:53,774,772,1,1,0.07,4726.36,209.02,0.00,-16.69,770201,tp 4725.96
2026.05.07 11:02:00,775,775,0,0,0.05,4750.45,0.00,0.00,0.00,770201,OBM1#L#2385
2026.05.07 11:59:36,776,775,1,1,0.05,4731.51,-94.70,0.00,0.00,770201,sl 4731.53
2026.05.07 13:41:00,777,777,0,0,0.09,4737.15,0.00,0.00,0.00,770201,OBM1#L#2390
2026.05.07 13:51:00,778,778,0,0,0.06,4736.92,0.00,0.00,0.00,770201,OBM1#L#2388
2026.05.07 17:50:51,779,777,1,1,0.09,4760.22,207.63,0.00,0.00,770201,tp 4760.01
2026.05.07 18:16:00,780,780,1,0,0.11,4754.27,0.00,0.00,0.00,770201,OBM1#S#2400
2026.05.07 18:48:00,781,780,0,1,0.11,4735.30,208.67,0.00,0.00,770201,tp 4735.39
2026.05.07 19:07:04,782,778,1,1,0.06,4721.67,-91.50,0.00,0.00,770201,sl 4721.79
2026.05.07 21:40:00,783,783,0,0,0.13,4713.45,0.00,0.00,0.00,770201,OBM1#L#2405
2026.05.07 21:44:40,784,783,1,1,0.13,4705.45,-104.00,0.00,0.00,770201,sl 4705.53
2026.05.07 23:05:00,785,785,0,0,0.06,4716.56,0.00,0.00,0.00,770201,OBM1#L#2408
2026.05.07 23:39:11,786,785,1,1,0.06,4699.05,-105.06,0.00,0.00,770201,sl 4699.06
2026.05.08 01:50:00,787,787,1,0,0.04,4683.95,0.00,0.00,0.00,770201,OBM1#S#2411
2026.05.08 03:06:38,788,787,0,1,0.04,4707.04,-92.36,0.00,0.00,770201,sl 4707.04
2026.05.08 05:36:00,789,789,1,0,0.06,4715.86,0.00,0.00,0.00,770201,OBM1#S#2419
2026.05.08 05:55:00,790,790,0,0,0.09,4716.56,0.00,0.00,0.00,770201,OBM1#L#2418
2026.05.08 09:28:56,791,789,0,1,0.06,4733.37,-105.06,0.00,0.00,770201,sl 4733.05
2026.05.08 09:36:00,792,792,0,0,0.14,4727.74,0.00,0.00,0.00,770201,OBM1#L#2425
2026.05.08 10:07:49,793,792,1,1,0.14,4720.73,-98.14,0.00,0.00,770201,sl 4720.77
2026.05.08 10:23:11,794,790,1,1,0.09,4704.98,-104.22,0.00,0.00,770201,sl 4705.07
2026.05.08 10:43:00,795,795,0,0,0.08,4709.28,0.00,0.00,0.00,770201,OBM1#L#2417
2026.05.08 13:52:00,796,796,1,0,0.07,4718.47,0.00,0.00,0.00,770201,OBM1#S#2426
2026.05.08 16:30:32,797,796,0,1,0.07,4732.88,-100.87,0.00,0.00,770201,sl 4732.71
2026.05.08 16:30:33,798,795,1,1,0.08,4733.86,196.64,0.00,0.00,770201,tp 4733.80
2026.05.08 18:31:00,799,799,1,0,0.05,4708.11,0.00,0.00,0.00,770201,OBM1#S#2441
2026.05.08 19:11:00,800,800,0,0,0.17,4710.67,0.00,0.00,0.00,770201,OBM1#L#2437
2026.05.08 20:55:04,801,800,1,1,0.17,4722.45,200.26,0.00,0.00,770201,tp 4722.45
2026.05.08 21:00:34,802,799,0,1,0.05,4725.71,-88.00,0.00,0.00,770201,sl 4725.36
2026.05.11 02:47:00,803,803,0,0,0.15,4695.38,0.00,0.00,0.00,770201,OBM1#L#2448
2026.05.11 03:00:03,804,803,1,1,0.15,4688.28,-106.50,0.00,0.00,770201,sl 4688.76
2026.05.11 04:27:00,805,805,0,0,0.03,4702.82,0.00,0.00,0.00,770201,OBM1#L#2451
2026.05.11 04:44:00,806,806,1,0,0.07,4692.27,0.00,0.00,0.00,770201,OBM1#S#2452
2026.05.11 07:30:42,807,805,1,1,0.03,4669.58,-99.72,0.00,0.00,770201,sl 4670.19
2026.05.11 08:43:13,808,806,0,1,0.07,4665.02,190.75,0.00,0.00,770201,tp 4665.21
2026.05.11 08:46:53,809,768,1,1,0.02,4660.28,-77.54,0.00,-7.95,770201,sl 4660.37
2026.05.11 09:34:00,810,810,0,0,0.04,4670.90,0.00,0.00,0.00,770201,OBM1#L#2351
2026.05.11 10:00:00,811,811,0,0,0.07,4678.63,0.00,0.00,0.00,770201,OBM1#L#2459
2026.05.11 10:47:00,812,812,1,0,0.11,4672.03,0.00,0.00,0.00,770201,OBM1#S#2460
2026.05.11 10:52:50,813,811,1,1,0.07,4664.75,-97.16,0.00,0.00,770201,sl 4664.75
2026.05.11 12:32:20,814,812,0,1,0.11,4654.51,192.72,0.00,0.00,770201,tp 4654.83
2026.05.11 13:15:00,815,815,0,0,0.08,4662.72,0.00,0.00,0.00,770201,OBM1#L#2464
2026.05.11 14:10:00,816,816,0,0,0.11,4669.34,0.00,0.00,0.00,770201,OBM1#L#2465
2026.05.11 15:23:06,817,815,1,1,0.08,4687.20,195.84,0.00,0.00,770201,tp 4687.20
2026.05.11 15:23:17,818,816,1,1,0.11,4687.72,202.18,0.00,0.00,770201,tp 4687.70
2026.05.11 16:06:26,819,810,1,1,0.04,4714.32,173.68,0.00,0.00,770201,tp 4714.26
2026.05.11 18:04:00,820,820,1,0,0.13,4725.95,0.00,0.00,0.00,770201,OBM1#S#2473
2026.05.11 18:17:20,821,820,0,1,0.13,4734.77,-114.66,0.00,0.00,770201,sl 4734.30
2026.05.11 18:38:00,822,822,1,0,0.09,4730.82,0.00,0.00,0.00,770201,OBM1#S#2472
2026.05.12 01:02:36,823,822,0,1,0.09,4742.90,-108.72,0.00,3.10,770201,sl 4742.61
2026.05.12 01:03:00,824,824,0,0,0.10,4742.89,0.00,0.00,0.00,770201,OBM1#L#2480
2026.05.12 02:52:36,825,824,1,1,0.10,4764.01,211.20,0.00,0.00,770201,tp 4763.93
2026.05.12 03:13:00,826,826,0,0,0.07,4767.87,0.00,0.00,0.00,770201,OBM1#L#2483
2026.05.12 03:23:36,827,826,1,1,0.07,4753.31,-101.92,0.00,0.00,770201,sl 4753.53
2026.05.12 07:38:00,828,828,0,0,0.15,4726.23,0.00,0.00,0.00,770201,OBM1#L#2488
2026.05.12 07:48:26,829,828,1,1,0.15,4718.92,-109.65,0.00,0.00,770201,sl 4719.01
2026.05.12 08:12:00,830,830,1,0,0.05,4710.25,0.00,0.00,0.00,770201,OBM1#S#2490
2026.05.12 09:55:00,831,831,1,0,0.14,4699.06,0.00,0.00,0.00,770201,OBM1#S#2494
2026.05.12 11:02:53,832,831,0,1,0.14,4706.72,-107.24,0.00,0.00,770201,sl 4706.70
2026.05.12 11:50:00,833,833,0,0,0.15,4703.80,0.00,0.00,0.00,770201,OBM1#L#2496
2026.05.12 12:44:28,834,833,1,1,0.15,4696.69,-106.65,0.00,0.00,770201,sl 4697.00
2026.05.12 16:04:00,835,835,1,0,0.05,4700.95,0.00,0.00,0.00,770201,OBM1#S#2493
2026.05.12 16:43:00,836,836,0,0,0.05,4700.37,0.00,0.00,0.00,770201,OBM1#L#2507
2026.05.12 16:58:29,837,836,1,1,0.05,4679.15,-106.10,0.00,0.00,770201,sl 4679.44
2026.05.12 18:02:00,838,830,0,1,0.05,4669.33,204.60,0.00,0.00,770201,tp 4669.35
2026.05.12 18:17:29,839,835,0,1,0.05,4662.22,193.65,0.00,0.00,770201,tp 4662.45
2026.05.12 20:47:00,840,840,0,0,0.24,4679.36,0.00,0.00,0.00,770201,OBM1#L#2514
2026.05.12 21:32:14,841,840,1,1,0.24,4688.60,221.76,0.00,0.00,770201,tp 4688.34
2026.05.13 05:18:00,842,842,1,0,0.10,4700.78,0.00,0.00,0.00,770201,OBM1#S#2517
2026.05.13 07:54:00,843,843,0,0,0.18,4701.60,0.00,0.00,0.00,770201,OBM1#L#2520
2026.05.13 08:30:06,844,843,1,1,0.18,4695.48,-110.16,0.00,0.00,770201,sl 4695.58
2026.05.13 09:08:07,845,842,0,1,0.10,4711.06,-102.80,0.00,0.00,770201,sl 4711.06
2026.05.13 10:42:00,846,846,1,0,0.09,4704.64,0.00,0.00,0.00,770201,OBM1#S#2523
2026.05.13 13:30:00,847,847,1,0,0.07,4699.61,0.00,0.00,0.00,770201,OBM1#S#2524
2026.05.13 14:43:00,848,848,0,0,0.06,4702.52,0.00,0.00,0.00,770201,OBM1#L#2528
2026.05.13 15:22:41,849,848,1,1,0.06,4685.91,-99.66,0.00,0.00,770201,sl 4685.94
2026.05.13 15:30:01,850,846,0,1,0.09,4681.50,208.26,0.00,0.00,770201,tp 4682.48
2026.05.13 16:48:07,851,847,0,1,0.07,4672.31,191.10,0.00,0.00,770201,tp 4672.31
2026.05.13 18:04:00,852,852,1,0,0.11,4684.98,0.00,0.00,0.00,770201,OBM1#S#2534
2026.05.13 18:34:08,853,852,0,1,0.11,4695.11,-111.43,0.00,0.00,770201,sl 4694.96
2026.05.13 19:03:00,854,854,0,0,0.04,4698.87,0.00,0.00,0.00,770201,OBM1#L#2535
2026.05.13 21:47:00,855,855,1,0,0.08,4682.33,0.00,0.00,0.00,770201,OBM1#S#2539
2026.05.13 22:17:00,856,856,0,0,0.11,4688.39,0.00,0.00,0.00,770201,OBM1#L#2536
2026.05.14 01:16:41,857,855,0,1,0.08,4694.93,-100.80,0.00,8.26,770201,sl 4694.77
2026.05.14 01:19:00,858,858,0,0,0.15,4694.86,0.00,0.00,0.00,770201,OBM1#L#2544
2026.05.14 04:07:16,859,858,1,1,0.15,4687.37,-112.35,0.00,0.00,770201,sl 4687.76
2026.05.14 06:41:00,860,860,1,0,0.05,4680.17,0.00,0.00,0.00,770201,OBM1#S#2551
2026.05.14 06:41:22,861,856,1,1,0.11,4678.74,-106.15,0.00,-26.23,770201,sl 4678.76
2026.05.14 07:00:15,862,854,1,1,0.04,4673.37,-102.00,0.00,-9.54,770201,sl 4673.48
2026.05.14 07:25:38,863,860,0,1,0.05,4698.46,-91.45,0.00,0.00,770201,sl 4698.31
2026.05.14 08:32:00,864,864,1,0,0.13,4698.33,0.00,0.00,0.00,770201,OBM1#S#2555
2026.05.14 09:53:00,865,865,0,0,0.06,4701.31,0.00,0.00,0.00,770201,OBM1#L#2558
2026.05.14 10:28:02,866,864,0,1,0.13,4706.53,-106.60,0.00,0.00,770201,sl 4706.16
2026.05.14 15:34:00,867,867,0,0,0.05,4707.91,0.00,0.00,0.00,770201,OBM1#L#2562
2026.05.14 16:27:00,868,868,1,0,0.06,4694.70,0.00,0.00,0.00,770201,OBM1#S#2564
2026.05.14 16:29:33,869,867,1,1,0.05,4689.14,-93.85,0.00,0.00,770201,sl 4689.20
2026.05.14 16:30:06,870,865,1,1,0.06,4684.57,-100.44,0.00,0.00,770201,sl 4686.05
2026.05.14 16:54:00,871,871,0,0,0.05,4686.28,0.00,0.00,0.00,770201,OBM1#L#2554
2026.05.14 19:17:00,872,872,1,0,0.11,4680.03,0.00,0.00,0.00,770201,OBM1#S#2571
2026.05.14 22:29:57,873,871,1,1,0.05,4665.56,-103.60,0.00,0.00,770201,sl 4666.68
2026.05.14 22:30:02,874,868,0,1,0.06,4663.32,188.28,0.00,0.00,770201,tp 4663.32
2026.05.14 22:32:45,875,872,0,1,0.11,4661.87,199.76,0.00,0.00,770201,tp 4661.95
2026.05.15 01:23:00,876,876,0,0,0.06,4659.27,0.00,0.00,0.00,770201,OBM1#L#2581
2026.05.15 03:01:58,877,876,1,1,0.06,4644.16,-90.66,0.00,0.00,770201,sl 4644.24
2026.05.15 03:29:00,878,878,1,0,0.03,4631.39,0.00,0.00,0.00,770201,OBM1#S#2584
2026.05.15 04:45:00,879,879,0,0,0.07,4623.18,0.00,0.00,0.00,770201,OBM1#L#2588
2026.05.15 04:52:26,880,879,1,1,0.07,4609.46,-96.04,0.00,0.00,770201,sl 4609.47
2026.05.15 06:01:00,881,881,0,0,0.09,4619.46,0.00,0.00,0.00,770201,OBM1#L#2589
2026.05.15 06:34:37,882,881,1,1,0.09,4608.17,-101.61,0.00,0.00,770201,sl 4608.20
2026.05.15 08:36:11,883,878,0,1,0.03,4564.84,199.65,0.00,0.00,770201,tp 4564.95
2026.05.15 09:03:00,884,884,1,0,0.01,4561.09,0.00,0.00,0.00,770201,OBM1#S#2592
2026.05.15 11:38:00,885,885,1,0,0.07,4553.47,0.00,0.00,0.00,770201,OBM1#S#2597
2026.05.15 12:14:00,886,886,1,0,0.07,4549.50,0.00,0.00,0.00,770201,OBM1#S#2598
2026.05.15 13:51:31,887,886,0,1,0.07,4564.10,-102.20,0.00,0.00,770201,sl 4564.04
2026.05.15 13:52:01,888,885,0,1,0.07,4568.17,-102.90,0.00,0.00,770201,sl 4567.99
2026.05.15 14:07:00,889,889,1,0,0.09,4562.09,0.00,0.00,0.00,770201,OBM1#S#2596
2026.05.15 15:35:00,890,890,1,0,0.10,4549.53,0.00,0.00,0.00,770201,OBM1#S#2606
2026.05.15 16:01:20,891,889,0,1,0.09,4538.96,208.17,0.00,0.00,770201,tp 4539.75
2026.05.15 16:37:27,892,890,0,1,0.10,4530.60,189.30,0.00,0.00,770201,tp 4530.77
2026.05.15 17:16:00,893,893,0,0,0.04,4545.45,0.00,0.00,0.00,770201,OBM1#L#2610
2026.05.15 18:29:00,894,894,1,0,0.04,4543.83,0.00,0.00,0.00,770201,OBM1#S#2605
2026.05.18 03:24:24,895,893,1,1,0.04,4519.38,-104.28,0.00,-3.18,770201,sl 4519.85
2026.05.18 03:34:00,896,894,0,1,0.04,4499.72,176.44,0.00,1.38,770201,tp 4499.97
2026.05.18 08:01:00,897,897,1,0,0.10,4537.17,0.00,0.00,0.00,770201,OBM1#S#2623
2026.05.18 08:19:09,898,897,0,1,0.10,4547.55,-103.80,0.00,0.00,770201,sl 4547.49
2026.05.18 11:12:00,899,899,1,0,0.05,4544.05,0.00,0.00,0.00,770201,OBM1#S#2615
2026.05.18 13:13:00,900,900,1,0,0.15,4538.67,0.00,0.00,0.00,770201,OBM1#S#2633
2026.05.18 13:46:02,901,900,0,1,0.15,4545.35,-100.20,0.00,0.00,770201,sl 4545.34
2026.05.18 14:41:32,902,899,0,1,0.05,4563.23,-95.90,0.00,0.00,770201,sl 4563.15
2026.05.18 16:17:00,903,903,1,0,0.08,4566.57,0.00,0.00,0.00,770201,OBM1#S#2595
2026.05.18 16:33:36,904,903,0,1,0.08,4579.12,-100.40,0.00,0.00,770201,sl 4579.02
2026.05.18 16:57:00,905,905,0,0,0.05,4583.80,0.00,0.00,0.00,770201,OBM1#L#2640
2026.05.18 17:05:53,906,905,1,1,0.05,4562.77,-105.15,0.00,0.00,770201,sl 4563.65
2026.05.18 20:42:00,907,907,1,0,0.06,4548.62,0.00,0.00,0.00,770201,OBM1#S#2642
2026.05.18 22:03:36,908,907,0,1,0.06,4563.71,-90.54,0.00,0.00,770201,sl 4563.62
2026.05.19 05:08:00,909,909,1,0,0.06,4558.48,0.00,0.00,0.00,770201,OBM1#S#2656
2026.05.19 05:33:00,910,910,1,0,0.08,4556.91,0.00,0.00,0.00,770201,OBM1#S#2659
2026.05.19 08:23:53,911,910,0,1,0.08,4532.46,195.60,0.00,0.00,770201,tp 4532.75
2026.05.19 08:30:00,912,912,1,0,0.09,4538.47,0.00,0.00,0.00,770201,OBM1#S#2663
2026.05.19 09:18:53,913,912,0,1,0.09,4549.77,-101.70,0.00,0.00,770201,sl 4549.76
2026.05.19 12:52:00,914,914,0,0,0.25,4540.92,0.00,0.00,0.00,770201,OBM1#L#2672
2026.05.19 13:04:51,915,914,1,1,0.25,4536.93,-99.75,0.00,0.00,770201,sl 4537.02
2026.05.19 13:43:41,916,909,0,1,0.06,4529.69,172.74,0.00,0.00,770201,tp 4529.76
2026.05.19 17:07:00,917,917,0,0,0.02,4505.43,0.00,0.00,0.00,770201,OBM1#L#1416
2026.05.19 23:14:00,918,918,0,0,0.06,4485.66,0.00,0.00,0.00,770201,OBM1#L#2680
2026.05.20 04:30:13,919,918,1,1,0.06,4470.06,-93.60,0.00,-4.77,770201,sl 4470.11
2026.05.20 04:36:29,920,917,1,1,0.02,4458.86,-93.14,0.00,-1.59,770201,sl 4458.92
2026.05.20 08:58:00,921,921,1,0,0.06,4472.81,0.00,0.00,0.00,770201,OBM1#S#2697
2026.05.20 09:10:00,922,922,1,0,0.10,4469.65,0.00,0.00,0.00,770201,OBM1#S#2701
2026.05.20 10:09:38,923,922,0,1,0.10,4479.44,-97.90,0.00,0.00,770201,sl 4479.27
2026.05.20 11:26:00,924,924,0,0,0.07,4484.80,0.00,0.00,0.00,770201,OBM1#L#2703
2026.05.20 11:30:00,925,921,0,1,0.06,4487.20,-86.34,0.00,0.00,770201,sl 4487.20
2026.05.20 17:12:23,926,924,1,1,0.07,4471.28,-94.64,0.00,0.00,770201,sl 4471.28
2026.05.20 17:39:00,927,927,0,0,0.01,4518.90,0.00,0.00,0.00,770201,OBM1#L#2702
2026.05.20 17:43:00,928,928,0,0,0.02,4518.68,0.00,0.00,0.00,770201,OBM1#L#2706
2026.05.27 13:32:51,929,928,1,1,0.02,4472.49,-92.38,0.00,-11.13,770201,sl 4472.69
2026.05.27 13:46:04,930,927,1,1,0.01,4460.69,-58.21,0.00,-5.54,770201,sl 4461.33
2026.05.27 13:46:26,931,884,0,1,0.01,4451.68,109.41,0.00,3.41,770201,tp 4452.77
2026.05.27 16:21:00,932,932,1,0,0.01,4406.05,0.00,0.00,0.00,770201,OBM1#S#2888
2026.05.27 17:56:00,933,933,1,0,0.05,4435.61,0.00,0.00,0.00,770201,OBM1#S#2893
2026.05.27 19:40:42,934,933,0,1,0.05,4452.30,-83.45,0.00,0.00,770201,sl 4452.30
2026.05.27 22:16:00,935,935,1,0,0.19,4451.43,0.00,0.00,0.00,770201,OBM1#S#2902
2026.05.27 23:15:11,936,935,0,1,0.19,4456.41,-94.62,0.00,0.00,770201,sl 4456.26
2026.05.28 01:26:00,937,937,0,0,0.07,4461.07,0.00,0.00,0.00,770201,OBM1#L#2901
2026.05.28 02:14:00,938,938,1,0,0.10,4453.36,0.00,0.00,0.00,770201,OBM1#S#2907
2026.05.28 02:45:27,939,937,1,1,0.07,4447.57,-94.50,0.00,0.00,770201,sl 4447.58
2026.05.28 04:17:10,940,938,0,1,0.10,4435.75,176.10,0.00,0.00,770201,tp 4435.76
2026.05.28 06:18:00,941,941,1,0,0.02,4387.80,0.00,0.00,0.00,770201,OBM1#S#2912
2026.05.28 10:05:00,942,942,0,0,0.05,4387.74,0.00,0.00,0.00,770201,OBM1#L#2918
2026.05.28 15:53:57,943,942,1,1,0.05,4419.86,160.60,0.00,0.00,770201,tp 4419.80
2026.05.28 15:55:48,944,941,0,1,0.02,4426.11,-76.62,0.00,0.00,770201,sl 4426.09
2026.05.28 17:12:00,945,945,0,0,0.06,4435.28,0.00,0.00,0.00,770201,OBM1#L#2928
2026.05.28 17:14:50,946,945,1,1,0.06,4467.55,193.62,0.00,0.00,770201,tp 4466.90
2026.05.28 17:19:05,947,932,0,1,0.01,4470.44,-64.39,0.00,1.03,770201,sl 4470.38
2026.05.28 19:34:00,948,948,0,0,0.02,4499.64,0.00,0.00,0.00,770201,OBM1#L#2931
2026.05.28 20:38:00,949,949,0,0,0.12,4505.59,0.00,0.00,0.00,770201,OBM1#L#2933
2026.05.28 22:55:03,950,949,1,1,0.12,4497.69,-94.80,0.00,0.00,770201,sl 4497.69
2026.05.29 01:14:00,951,951,1,0,0.13,4493.83,0.00,0.00,0.00,770201,OBM1#S#2936
2026.05.29 04:00:39,952,951,0,1,0.13,4501.09,-94.38,0.00,0.00,770201,sl 4501.08
2026.05.29 04:04:00,953,953,0,0,0.16,4498.00,0.00,0.00,0.00,770201,OBM1#L#2942
2026.05.29 04:10:28,954,953,1,1,0.16,4509.96,191.36,0.00,0.00,770201,tp 4509.92
2026.05.29 04:37:00,955,955,0,0,0.05,4506.91,0.00,0.00,0.00,770201,OBM1#L#2941
2026.05.29 05:55:00,956,956,1,0,0.18,4503.17,0.00,0.00,0.00,770201,OBM1#S#2946
2026.05.29 07:23:31,957,956,0,1,0.18,4508.85,-102.24,0.00,0.00,770201,sl 4508.50
2026.05.29 08:58:00,958,958,0,0,0.09,4512.10,0.00,0.00,0.00,770201,OBM1#L#2949
2026.05.29 12:45:49,959,958,1,1,0.09,4532.96,187.74,0.00,0.00,770201,tp 4532.78
2026.05.29 13:37:21,960,955,1,1,0.05,4542.91,180.00,0.00,0.00,770201,tp 4542.67
2026.05.29 15:25:00,961,961,1,0,0.06,4523.50,0.00,0.00,0.00,770201,OBM1#S#2959
2026.05.29 16:53:00,962,962,0,0,0.06,4536.30,0.00,0.00,0.00,770201,OBM1#L#2963
2026.05.29 16:54:39,963,961,0,1,0.06,4538.97,-92.82,0.00,0.00,770201,sl 4538.93
2026.05.29 17:53:30,964,962,1,1,0.06,4566.71,182.46,0.00,0.00,770201,tp 4566.56
2026.05.29 18:03:45,965,948,1,1,0.02,4575.26,151.24,0.00,-1.59,770201,tp 4575.18
2026.05.29 22:33:00,966,966,1,0,0.14,4554.40,0.00,0.00,0.00,770201,OBM1#S#2973
2026.05.29 23:55:01,967,966,0,1,0.14,4539.90,203.00,0.00,0.00,770201,tp 4540.00
2026.06.01 01:53:00,968,968,0,0,0.05,4537.71,0.00,0.00,0.00,770201,OBM1#L#2978
2026.06.01 02:08:00,969,969,0,0,0.11,4539.90,0.00,0.00,0.00,770201,OBM1#L#2966
2026.06.01 02:58:00,970,970,0,0,0.12,4543.31,0.00,0.00,0.00,770201,OBM1#L#2979
2026.06.01 04:00:14,971,970,1,1,0.12,4534.50,-105.72,0.00,0.00,770201,sl 4534.76
2026.06.01 04:07:00,972,972,1,0,0.09,4533.98,0.00,0.00,0.00,770201,OBM1#S#2981
2026.06.01 04:08:27,973,969,1,1,0.11,4530.59,-102.41,0.00,0.00,770201,sl 4530.73
2026.06.01 05:34:00,974,974,1,0,0.12,4526.48,0.00,0.00,0.00,770201,OBM1#S#2986
2026.06.01 06:06:35,975,968,1,1,0.05,4517.85,-99.30,0.00,0.00,770201,sl 4517.95
2026.06.01 06:42:01,976,972,0,1,0.09,4512.38,194.40,0.00,0.00,770201,tp 4512.38
2026.06.01 07:29:00,977,977,1,0,0.22,4515.32,0.00,0.00,0.00,770201,OBM1#S#2990
2026.06.01 07:49:21,978,974,0,1,0.12,4509.60,202.56,0.00,0.00,770201,tp 4509.64
2026.06.01 08:12:00,979,979,0,0,0.08,4518.46,0.00,0.00,0.00,770201,OBM1#L#2950
2026.06.01 08:17:46,980,977,0,1,0.22,4519.96,-102.08,0.00,0.00,770201,sl 4519.94
2026.06.01 09:16:00,981,981,1,0,0.08,4513.77,0.00,0.00,0.00,770201,OBM1#S#2993
2026.06.01 09:22:23,982,979,1,1,0.08,4505.32,-105.12,0.00,0.00,770201,sl 4505.38
2026.06.01 11:19:00,983,983,1,0,0.07,4493.71,0.00,0.00,0.00,770201,OBM1#S#2997
2026.06.01 12:33:02,984,981,0,1,0.08,4490.06,189.68,0.00,0.00,770201,tp 4490.35
2026.06.01 13:31:00,985,985,0,0,0.11,4503.89,0.00,0.00,0.00,770201,OBM1#L#3000
2026.06.01 13:47:26,986,983,0,1,0.07,4508.26,-101.85,0.00,0.00,770201,sl 4508.05
2026.06.01 16:11:02,987,985,1,1,0.11,4494.15,-107.14,0.00,0.00,770201,sl 4494.31
2026.06.01 18:10:00,988,988,0,0,0.11,4462.87,0.00,0.00,0.00,770201,OBM1#L#3007
2026.06.01 19:55:43,989,988,1,1,0.11,4481.69,207.02,0.00,0.00,770201,tp 4481.39
2026.06.01 21:56:00,990,990,0,0,0.14,4487.65,0.00,0.00,0.00,770201,OBM1#L#3013
2026.06.01 22:52:51,991,990,1,1,0.14,4480.41,-101.36,0.00,0.00,770201,sl 4480.41
2026.06.02 01:03:00,992,992,0,0,0.22,4484.46,0.00,0.00,0.00,770201,OBM1#L#3017
2026.06.02 01:36:02,993,992,1,1,0.22,4479.74,-103.84,0.00,0.00,770201,sl 4479.83
2026.06.02 03:11:00,994,994,1,0,0.10,4478.30,0.00,0.00,0.00,770201,OBM1#S#3019
2026.06.02 03:21:24,995,994,0,1,0.10,4488.26,-99.60,0.00,0.00,770201,sl 4488.06
2026.06.02 05:20:00,996,996,0,0,0.07,4481.24,0.00,0.00,0.00,770201,OBM1#L#3010
2026.06.02 05:31:00,997,997,0,0,0.08,4483.83,0.00,0.00,0.00,770201,OBM1#L#3023
2026.06.02 07:16:27,998,997,1,1,0.08,4507.05,185.76,0.00,0.00,770201,tp 4507.01
2026.06.02 07:17:59,999,996,1,1,0.07,4508.35,189.77,0.00,0.00,770201,tp 4508.34
2026.06.02 10:19:00,1000,1000,0,0,0.04,4540.12,0.00,0.00,0.00,770201,OBM1#L#3028
2026.06.02 11:57:00,1001,1001,1,0,0.07,4526.67,0.00,0.00,0.00,770201,OBM1#S#3030
2026.06.02 15:53:43,1002,1000,1,1,0.04,4516.01,-96.44,0.00,0.00,770201,sl 4516.06
2026.06.02 17:13:00,1003,1003,1,0,0.04,4504.60,0.00,0.00,0.00,770201,OBM1#S#3038
2026.06.02 17:17:48,1004,1001,0,1,0.07,4496.33,212.38,0.00,0.00,770201,tp 4496.41
2026.06.02 21:20:00,1005,1005,1,0,0.15,4484.92,0.00,0.00,0.00,770201,OBM1#S#3043
2026.06.02 22:46:00,1006,1006,1,0,0.31,4487.18,0.00,0.00,0.00,770201,OBM1#S#3048
2026.06.02 23:15:53,1007,1006,0,1,0.31,4490.86,-114.08,0.00,0.00,770201,sl 4490.64
2026.06.02 23:26:00,1008,1008,0,0,0.09,4489.75,0.00,0.00,0.00,770201,OBM1#L#3047
2026.06.03 01:01:00,1009,1005,0,1,0.15,4492.52,-114.00,0.00,5.16,770201,sl 4492.04
2026.06.03 01:03:00,1010,1010,0,0,0.20,4491.40,0.00,0.00,0.00,770201,OBM1#L#3049
2026.06.03 01:45:36,1011,1010,1,1,0.20,4485.78,-112.40,0.00,0.00,770201,sl 4486.16
2026.06.03 02:10:39,1012,1008,1,1,0.09,4478.48,-101.43,0.00,-7.15,770201,sl 4478.59
2026.06.03 05:13:00,1013,1013,0,0,0.07,4479.41,0.00,0.00,0.00,770201,OBM1#L#3054
2026.06.03 08:27:30,1014,1013,1,1,0.07,4466.21,-92.40,0.00,0.00,770201,sl 4466.24
2026.06.03 08:58:11,1015,1003,0,1,0.04,4458.72,183.52,0.00,1.38,770201,tp 4458.76
2026.06.03 09:34:00,1016,1016,1,0,0.07,4459.78,0.00,0.00,0.00,770201,OBM1#S#3058
2026.06.03 10:30:00,1017,1017,1,0,0.06,4456.19,0.00,0.00,0.00,770201,OBM1#S#3059
2026.06.03 12:41:00,1018,1018,1,0,0.08,4446.69,0.00,0.00,0.00,770201,OBM1#S#3062
2026.06.03 13:06:12,1019,1018,0,1,0.08,4459.35,-101.28,0.00,0.00,770201,sl 4459.18
2026.06.03 14:07:00,1020,1020,0,0,0.09,4464.08,0.00,0.00,0.00,770201,OBM1#L#3066
2026.06.03 15:27:33,1021,1020,1,1,0.09,4453.16,-98.28,0.00,0.00,770201,sl 4453.17
2026.06.03 16:44:30,1022,1016,0,1,0.07,4431.15,200.41,0.00,0.00,770201,tp 4431.54
2026.06.03 17:21:00,1023,1023,0,0,0.04,4449.49,0.00,0.00,0.00,770201,OBM1#L#3070
2026.06.03 18:12:00,1024,1024,1,0,0.10,4449.90,0.00,0.00,0.00,770201,OBM1#S#3072
2026.06.04 01:12:33,1025,1024,0,1,0.10,4429.72,201.80,0.00,10.32,770201,tp 4429.88
2026.06.04 01:16:13,1026,1023,1,1,0.04,4426.71,-91.12,0.00,-9.54,770201,sl 4427.04
2026.06.04 01:20:00,1027,1027,1,0,0.08,4427.43,0.00,0.00,0.00,770201,OBM1#S#3078
2026.06.04 01:35:05,1028,1027,0,1,0.08,4440.41,-103.84,0.00,0.00,770201,sl 4440.40
2026.06.04 04:06:00,1029,1029,0,0,0.07,4456.71,0.00,0.00,0.00,770201,OBM1#L#3082
2026.06.04 04:22:47,1030,1017,0,1,0.06,4472.53,-98.04,0.00,6.19,770201,sl 4472.51
2026.06.04 04:44:00,1031,1031,1,0,0.08,4459.62,0.00,0.00,0.00,770201,OBM1#S#3061
2026.06.04 05:51:36,1032,1031,0,1,0.08,4472.72,-104.80,0.00,0.00,770201,sl 4472.51
2026.06.04 07:34:18,1033,1029,1,1,0.07,4483.66,188.65,0.00,0.00,770201,tp 4483.53
2026.06.04 08:15:00,1034,1034,1,0,0.18,4477.14,0.00,0.00,0.00,770201,OBM1#S#3088
2026.06.04 09:47:12,1035,1034,0,1,0.18,4465.94,201.60,0.00,0.00,770201,tp 4466.02
2026.06.04 10:17:00,1036,1036,1,0,0.09,4464.54,0.00,0.00,0.00,770201,OBM1#S#3091
2026.06.04 11:14:00,1037,1037,1,0,0.06,4462.10,0.00,0.00,0.00,770201,OBM1#S#3090
2026.06.04 11:21:00,1038,1038,1,0,0.05,4460.59,0.00,0.00,0.00,770201,OBM1#S#3089
2026.06.04 14:07:59,1039,1036,0,1,0.09,4476.17,-104.67,0.00,0.00,770201,sl 4475.99
2026.06.04 14:09:23,1040,1037,0,1,0.06,4477.68,-93.48,0.00,0.00,770201,sl 4477.52
2026.06.04 14:23:36,1041,1038,0,1,0.05,4479.58,-94.95,0.00,0.00,770201,sl 4479.49
2026.06.04 15:54:00,1042,1042,0,0,0.04,4508.39,0.00,0.00,0.00,770201,OBM1#L#3093
2026.06.04 17:21:09,1043,1042,1,1,0.04,4484.47,-95.68,0.00,0.00,770201,sl 4484.47
2026.06.04 18:47:00,1044,1044,0,0,0.05,4474.99,0.00,0.00,0.00,770201,OBM1#L#3098
2026.06.04 19:18:00,1045,1045,0,0,0.09,4481.81,0.00,0.00,0.00,770201,OBM1#L#3099
2026.06.05 01:20:00,1046,1046,0,0,0.18,4478.25,0.00,0.00,0.00,770201,OBM1#L#3103
2026.06.05 01:49:46,1047,1046,1,1,0.18,4472.43,-104.76,0.00,0.00,770201,sl 4472.65
2026.06.05 01:54:08,1048,1045,1,1,0.09,4471.01,-97.20,0.00,-7.15,770201,sl 4471.05
2026.06.05 03:12:16,1049,1044,1,1,0.05,4456.97,-90.10,0.00,-3.97,770201,sl 4457.16
2026.06.05 04:31:00,1050,1050,1,0,0.06,4457.46,0.00,0.00,0.00,770201,OBM1#S#3107
2026.06.05 08:11:00,1051,1051,0,0,0.10,4448.91,0.00,0.00,0.00,770201,OBM1#L#3113
2026.06.05 08:57:48,1052,1051,1,1,0.10,4439.14,-97.70,0.00,0.00,770201,sl 4439.18
2026.06.05 09:30:00,1053,1053,0,0,0.05,4442.55,0.00,0.00,0.00,770201,OBM1#L#3080
2026.06.05 13:01:00,1054,1054,1,0,0.19,4464.59,0.00,0.00,0.00,770201,OBM1#S#3120
2026.06.05 14:51:27,1055,1054,0,1,0.19,4469.84,-99.75,0.00,0.00,770201,sl 4469.62
2026.06.05 14:51:38,1056,1050,0,1,0.06,4472.36,-89.40,0.00,0.00,770201,sl 4472.34
2026.06.05 15:52:39,1057,1053,1,1,0.05,4423.31,-96.20,0.00,0.00,770201,sl 4423.86
2026.06.05 18:37:00,1058,1058,1,0,0.04,4347.29,0.00,0.00,0.00,770201,OBM1#S#3131
2026.06.05 19:36:00,1059,1059,1,0,0.07,4326.01,0.00,0.00,0.00,770201,OBM1#S#3134
2026.06.05 19:54:12,1060,1059,0,1,0.07,4338.30,-86.03,0.00,0.00,770201,sl 4338.30
2026.06.08 04:30:39,1061,1058,0,1,0.04,4300.75,186.16,0.00,1.38,770201,tp 4300.93
2026.06.08 08:08:00,1062,1062,0,0,0.13,4312.23,0.00,0.00,0.00,770201,OBM1#L#3148
2026.06.08 08:15:00,1063,1062,1,1,0.13,4304.50,-100.49,0.00,0.00,770201,sl 4304.87
2026.06.08 11:01:00,1064,1064,1,0,0.05,4293.18,0.00,0.00,0.00,770201,OBM1#S#3152
2026.06.08 14:10:55,1065,1064,0,1,0.05,4311.82,-93.20,0.00,0.00,770201,sl 4311.65
2026.06.08 15:45:00,1066,1066,0,0,0.06,4335.95,0.00,0.00,0.00,770201,OBM1#L#3158
2026.06.08 16:15:31,1067,1066,1,1,0.06,4322.43,-81.12,0.00,0.00,770201,sl 4322.43
2026.06.08 18:45:00,1068,1068,0,0,0.06,4339.44,0.00,0.00,0.00,770201,OBM1#L#3161
2026.06.08 22:40:18,1069,1068,1,1,0.06,4325.08,-86.16,0.00,0.00,770201,sl 4325.12
2026.06.09 05:18:00,1070,1070,1,0,0.17,4333.35,0.00,0.00,0.00,770201,OBM1#S#3168
2026.06.09 05:31:30,1071,1070,0,1,0.17,4338.74,-91.63,0.00,0.00,770201,sl 4338.54
2026.06.09 07:14:00,1072,1072,1,0,0.10,4333.86,0.00,0.00,0.00,770201,OBM1#S#3178
2026.06.09 08:32:30,1073,1072,0,1,0.10,4343.13,-92.70,0.00,0.00,770201,sl 4342.49
2026.06.09 11:58:00,1074,1074,1,0,0.07,4327.84,0.00,0.00,0.00,770201,OBM1#S#3185
2026.06.09 12:40:00,1075,1075,1,0,0.11,4329.19,0.00,0.00,0.00,770201,OBM1#S#3189
2026.06.09 13:18:00,1076,1076,0,0,0.07,4336.44,0.00,0.00,0.00,770201,OBM1#L#3191
2026.06.09 13:57:09,1077,1075,0,1,0.11,4337.22,-88.33,0.00,0.00,770201,sl 4337.13
2026.06.09 13:59:41,1078,1074,0,1,0.07,4340.57,-89.11,0.00,0.00,770201,sl 4340.54
2026.06.09 14:48:00,1079,1079,0,0,0.06,4339.26,0.00,0.00,0.00,770201,OBM1#L#3192
2026.06.09 15:27:00,1080,1080,1,0,0.12,4338.94,0.00,0.00,0.00,770201,OBM1#S#3184
2026.06.09 16:41:54,1081,1079,1,1,0.06,4325.17,-84.54,0.00,0.00,770201,sl 4325.21
2026.06.09 16:48:06,1082,1080,0,1,0.12,4346.39,-89.40,0.00,0.00,770201,sl 4346.16
2026.06.09 16:49:05,1083,1076,1,1,0.07,4359.45,161.07,0.00,0.00,770201,tp 4359.36
2026.06.09 17:16:00,1084,1084,1,0,0.01,4318.63,0.00,0.00,0.00,770201,OBM1#S#3133
2026.06.10 02:45:30,1085,1084,0,1,0.01,4214.80,103.83,0.00,0.34,770201,tp 4215.25
2026.06.10 04:51:00,1086,1086,1,0,0.02,4190.87,0.00,0.00,0.00,770201,OBM1#S#3218
2026.06.10 06:08:00,1087,1087,1,0,0.01,4175.64,0.00,0.00,0.00,770201,OBM1#S#3216
2026.06.10 07:11:00,1088,1088,1,0,0.11,4182.79,0.00,0.00,0.00,770201,OBM1#S#3221
2026.06.10 08:33:36,1089,1088,0,1,0.11,4191.13,-91.74,0.00,0.00,770201,sl 4190.89
2026.06.10 09:08:05,1090,1086,0,1,0.02,4221.10,-60.46,0.00,0.00,770201,sl 4221.01
2026.06.10 14:32:00,1091,1091,1,0,0.05,4161.77,0.00,0.00,0.00,770201,OBM1#S#3230
2026.06.10 16:44:59,1092,1091,0,1,0.05,4178.65,-84.40,0.00,0.00,770201,sl 4178.62
2026.06.10 17:36:00,1093,1093,1,0,0.02,4157.71,0.00,0.00,0.00,770201,OBM1#S#3225
2026.06.10 22:04:16,1094,1093,0,1,0.02,4097.01,121.40,0.00,0.00,770201,tp 4097.05
2026.06.10 23:11:33,1095,1087,0,1,0.01,4070.02,105.62,0.00,0.00,770201,tp 4070.06
2026.06.11 02:24:00,1096,1096,1,0,0.05,4041.96,0.00,0.00,0.00,770201,OBM1#S#3244
2026.06.11 02:26:39,1097,1096,0,1,0.05,4057.91,-79.75,0.00,0.00,770201,sl 4057.59
2026.06.11 03:07:00,1098,1098,1,0,0.04,4045.68,0.00,0.00,0.00,770201,OBM1#S#3247
2026.06.11 03:17:42,1099,1098,0,1,0.04,4064.20,-74.08,0.00,0.00,770201,sl 4063.75
2026.06.11 06:57:00,1100,1100,0,0,0.06,4074.32,0.00,0.00,0.00,770201,OBM1#L#3253
2026.06.11 07:02:00,1101,1101,0,0,0.04,4074.28,0.00,0.00,0.00,770201,OBM1#L#3251
2026.06.11 07:54:00,1102,1102,0,0,0.07,4083.14,0.00,0.00,0.00,770201,OBM1#L#3255
2026.06.11 08:47:43,1103,1100,1,1,0.06,4102.90,171.48,0.00,0.00,770201,tp 4102.86
2026.06.11 09:49:00,1104,1104,0,0,0.06,4092.85,0.00,0.00,0.00,770201,OBM1#L#3260
2026.06.11 10:23:55,1105,1102,1,1,0.07,4106.58,164.08,0.00,0.00,770201,tp 4106.58
2026.06.11 12:30:15,1106,1104,1,1,0.06,4078.70,-84.90,0.00,0.00,770201,sl 4078.73
2026.06.11 13:13:00,1107,1107,1,0,0.10,4091.10,0.00,0.00,0.00,770201,OBM1#S#3262
2026.06.11 15:12:18,1108,1107,0,1,0.10,4073.53,175.70,0.00,0.00,770201,tp 4073.68
2026.06.11 15:36:00,1109,1109,1,0,0.02,4059.42,0.00,0.00,0.00,770201,OBM1#S#3265
2026.06.11 16:47:54,1110,1109,0,1,0.02,4091.85,-64.86,0.00,0.00,770201,sl 4091.54
2026.06.11 18:05:00,1111,1111,1,0,0.04,4073.49,0.00,0.00,0.00,770201,OBM1#S#3269
2026.06.11 18:51:13,1112,1111,0,1,0.04,4093.03,-78.16,0.00,0.00,770201,sl 4092.91
2026.06.11 20:30:18,1113,1101,1,1,0.04,4117.97,174.76,0.00,0.00,770201,tp 4117.96
2026.06.12 04:52:00,1114,1114,0,0,0.04,4189.01,0.00,0.00,0.00,770201,OBM1#L#3278
2026.06.12 07:22:00,1115,1115,1,0,0.07,4192.00,0.00,0.00,0.00,770201,OBM1#S#3289
2026.06.12 11:13:22,1116,1115,0,1,0.07,4204.91,-90.37,0.00,0.00,770201,sl 4204.90
2026.06.12 11:17:00,1117,1117,0,0,0.02,4206.49,0.00,0.00,0.00,770201,OBM1#L#3292
2026.06.12 15:01:00,1118,1118,1,0,0.06,4203.90,0.00,0.00,0.00,770201,OBM1#S#3296
2026.06.12 18:18:58,1119,1118,0,1,0.06,4219.09,-91.14,0.00,0.00,770201,sl 4218.99
2026.06.12 18:24:46,1120,1114,1,1,0.04,4228.83,159.28,0.00,0.00,770201,tp 4228.25
2026.06.12 18:59:00,1121,1121,0,0,0.06,4213.86,0.00,0.00,0.00,770201,OBM1#L#3305
2026.06.15 01:01:00,1122,1121,1,1,0.06,4269.57,334.26,0.00,-4.77,770201,tp 4241.36
2026.06.15 01:02:37,1123,1117,1,1,0.02,4279.70,146.42,0.00,-1.59,770201,tp 4279.25
2026.06.15 05:27:00,1124,1124,0,0,0.02,4329.48,0.00,0.00,0.00,770201,OBM1#L#3317
2026.06.15 13:32:00,1125,1125,0,0,0.18,4339.16,0.00,0.00,0.00,770201,OBM1#L#3326
2026.06.15 14:46:22,1126,1125,1,1,0.18,4333.10,-109.08,0.00,0.00,770201,sl 4334.02
2026.06.15 21:42:00,1127,1127,0,0,0.12,4325.73,0.00,0.00,0.00,770201,OBM1#L#3339
2026.06.15 22:48:50,1128,1127,1,1,0.12,4318.04,-92.28,0.00,0.00,770201,sl 4318.05
2026.06.15 22:59:00,1129,1129,0,0,0.11,4320.42,0.00,0.00,0.00,770201,OBM1#L#3324
2026.06.15 23:20:00,1130,1130,1,0,0.15,4317.76,0.00,0.00,0.00,770201,OBM1#S#3341
2026.06.15 23:24:09,1131,1129,1,1,0.11,4312.46,-87.56,0.00,0.00,770201,sl 4312.46
2026.06.16 04:00:35,1132,1130,0,1,0.15,4324.09,-94.95,0.00,5.16,770201,sl 4324.07
2026.06.16 04:42:00,1133,1133,1,0,0.07,4314.70,0.00,0.00,0.00,770201,OBM1#S#3340
2026.06.16 06:38:01,1134,1133,0,1,0.07,4327.66,-90.72,0.00,0.00,770201,sl 4327.57
2026.06.16 09:37:00,1135,1135,0,0,0.09,4319.51,0.00,0.00,0.00,770201,OBM1#L#3349
2026.06.16 11:02:00,1136,1136,0,0,0.08,4335.62,0.00,0.00,0.00,770201,OBM1#L#3355
2026.06.16 11:10:39,1137,1135,1,1,0.09,4339.46,179.55,0.00,0.00,770201,tp 4339.45
2026.06.16 15:14:00,1138,1138,0,0,0.08,4343.41,0.00,0.00,0.00,770201,OBM1#L#3357
2026.06.16 16:57:17,1139,1138,1,1,0.08,4332.66,-86.00,0.00,0.00,770201,sl 4332.67
2026.06.16 17:19:17,1140,1136,1,1,0.08,4324.16,-91.68,0.00,0.00,770201,sl 4324.16
2026.06.16 19:18:00,1141,1141,0,0,0.02,4344.85,0.00,0.00,0.00,770201,OBM1#L#3368
2026.06.16 22:12:00,1142,1142,0,0,0.16,4341.47,0.00,0.00,0.00,770201,OBM1#L#3373
2026.06.16 22:52:30,1143,1142,1,1,0.16,4335.84,-90.08,0.00,0.00,770201,sl 4335.85
2026.06.17 08:35:00,1144,1144,0,0,0.10,4330.10,0.00,0.00,0.00,770201,OBM1#L#3385
2026.06.17 09:22:23,1145,1144,1,1,0.10,4321.04,-90.60,0.00,0.00,770201,sl 4321.04
2026.06.17 09:29:00,1146,1146,1,0,0.10,4325.38,0.00,0.00,0.00,770201,OBM1#S#3388
2026.06.17 12:30:17,1147,1146,0,1,0.10,4334.46,-90.80,0.00,0.00,770201,sl 4334.45
2026.06.17 13:56:00,1148,1148,0,0,0.12,4332.46,0.00,0.00,0.00,770201,OBM1#L#3393
2026.06.17 14:35:03,1149,1148,1,1,0.12,4325.53,-83.16,0.00,0.00,770201,sl 4325.53
2026.06.17 15:23:00,1150,1150,0,0,0.12,4324.90,0.00,0.00,0.00,770201,OBM1#L#3391
2026.06.17 16:37:18,1151,1150,1,1,0.12,4339.57,176.04,0.00,0.00,770201,tp 4339.54
2026.06.17 16:40:00,1152,1152,0,0,0.06,4337.90,0.00,0.00,0.00,770201,OBM1#L#3395
2026.06.17 19:22:44,1153,1152,1,1,0.06,4365.85,167.70,0.00,0.00,770201,tp 4365.80
2026.06.17 21:05:35,1154,1141,1,1,0.02,4312.79,-64.12,0.00,-1.59,770201,sl 4313.13
2026.06.17 21:13:52,1155,1124,1,1,0.02,4281.12,-96.72,0.00,-3.18,770201,sl 4282.08
2026.06.18 02:44:00,1156,1156,0,0,0.08,4274.16,0.00,0.00,0.00,770201,OBM1#L#3409
2026.06.18 03:06:32,1157,1156,1,1,0.08,4295.02,166.88,0.00,0.00,770201,tp 4294.98
2026.06.18 05:35:00,1158,1158,1,0,0.12,4323.01,0.00,0.00,0.00,770201,OBM1#S#3414
2026.06.18 07:43:00,1159,1159,1,0,0.14,4312.54,0.00,0.00,0.00,770201,OBM1#S#3417
2026.06.18 08:18:08,1160,1159,0,1,0.14,4318.75,-86.94,0.00,0.00,770201,sl 4318.72
2026.06.18 08:46:23,1161,1158,0,1,0.12,4308.40,175.32,0.00,0.00,770201,tp 4308.73
2026.06.18 10:16:00,1162,1162,0,0,0.09,4308.85,0.00,0.00,0.00,770201,OBM1#L#3422
2026.06.18 10:33:18,1163,1162,1,1,0.09,4299.09,-87.84,0.00,0.00,770201,sl 4299.25
2026.06.18 17:01:00,1164,1164,1,0,0.03,4249.59,0.00,0.00,0.00,770201,OBM1#S#3430
2026.06.18 20:08:00,1165,1165,0,0,0.06,4226.84,0.00,0.00,0.00,770201,OBM1#L#3314
2026.06.18 22:02:41,1166,1165,1,1,0.06,4212.86,-83.88,0.00,0.00,770201,sl 4212.86
2026.06.19 02:14:43,1167,1164,0,1,0.03,4194.66,164.79,0.00,1.03,770201,tp 4194.75
2026.06.19 03:13:00,1168,1168,1,0,0.06,4185.28,0.00,0.00,0.00,770201,OBM1#S#3445
2026.06.19 04:40:00,1169,1169,1,0,0.09,4185.20,0.00,0.00,0.00,770201,OBM1#S#3446
2026.06.19 06:16:08,1170,1169,0,1,0.09,4165.78,174.78,0.00,0.00,770201,tp 4165.82
2026.06.19 06:24:00,1171,1171,0,0,0.10,4169.55,0.00,0.00,0.00,770201,OBM1#L#3277
2026.06.19 06:42:12,1172,1171,1,1,0.10,4160.21,-93.40,0.00,0.00,770201,sl 4160.29
2026.06.19 06:43:06,1173,1168,0,1,0.06,4158.48,160.80,0.00,0.00,770201,tp 4158.48
2026.06.19 11:54:00,1174,1174,1,0,0.13,4165.39,0.00,0.00,0.00,770201,OBM1#S#3450
2026.06.19 13:37:52,1175,1174,0,1,0.13,4151.40,181.87,0.00,0.00,770201,tp 4151.41
2026.06.19 14:37:00,1176,1176,1,0,0.21,4144.57,0.00,0.00,0.00,770201,OBM1#S#3459
2026.06.19 14:40:31,1177,1176,0,1,0.21,4149.26,-98.49,0.00,0.00,770201,sl 4149.22
2026.06.19 15:09:00,1178,1178,0,0,0.07,4156.62,0.00,0.00,0.00,770201,OBM1#L#3460
2026.06.19 17:44:04,1179,1178,1,1,0.07,4143.18,-94.08,0.00,0.00,770201,sl 4143.18
2026.06.19 18:29:00,1180,1180,0,0,0.09,4152.70,0.00,0.00,0.00,770201,OBM1#L#3464
2026.06.22 01:47:00,1181,1181,0,0,0.09,4154.25,0.00,0.00,0.00,770201,OBM1#L#3466
2026.06.22 02:34:00,1182,1182,1,0,0.06,4149.54,0.00,0.00,0.00,770201,OBM1#S#3468
2026.06.22 02:35:42,1183,1181,1,1,0.09,4144.50,-87.75,0.00,0.00,770201,sl 4144.50
2026.06.22 02:35:52,1184,1180,1,1,0.09,4142.84,-88.74,0.00,-7.15,770201,sl 4143.08
2026.06.22 03:05:00,1185,1185,0,0,0.06,4147.30,0.00,0.00,0.00,770201,OBM1#L#3456
2026.06.22 03:15:05,1186,1182,0,1,0.06,4163.55,-84.06,0.00,0.00,770201,sl 4163.55
2026.06.22 03:45:02,1187,1185,1,1,0.06,4176.54,175.44,0.00,0.00,770201,tp 4176.46
2026.06.22 05:27:00,1188,1188,1,0,0.02,4187.90,0.00,0.00,0.00,770201,OBM1#S#3441
2026.06.22 07:00:00,1189,1189,1,0,0.09,4171.56,0.00,0.00,0.00,770201,OBM1#S#3478
2026.06.22 07:13:00,1190,1190,0,0,0.07,4177.93,0.00,0.00,0.00,770201,OBM1#L#3472
2026.06.22 07:59:10,1191,1189,0,1,0.09,4181.29,-87.57,0.00,0.00,770201,sl 4181.21
2026.06.22 08:27:00,1192,1192,0,0,0.08,4188.50,0.00,0.00,0.00,770201,OBM1#L#3480
2026.06.22 09:44:47,1193,1190,1,1,0.07,4202.39,171.22,0.00,0.00,770201,tp 4202.35
2026.06.22 10:27:00,1194,1194,1,0,0.05,4197.34,0.00,0.00,0.00,770201,OBM1#S#3473
2026.06.22 13:09:20,1195,1192,1,1,0.08,4210.98,179.84,0.00,0.00,770201,tp 4210.96
2026.06.22 13:11:49,1196,1194,0,1,0.05,4214.04,-83.50,0.00,0.00,770201,sl 4213.69
2026.06.22 14:28:00,1197,1197,1,0,0.10,4205.90,0.00,0.00,0.00,770201,OBM1#S#3487
2026.06.22 16:28:52,1198,1197,0,1,0.10,4186.67,192.30,0.00,0.00,770201,tp 4186.78
2026.06.22 17:20:00,1199,1199,1,0,0.06,4196.05,0.00,0.00,0.00,770201,OBM1#S#3489
2026.06.22 21:23:00,1200,1200,0,0,0.07,4188.87,0.00,0.00,0.00,770201,OBM1#L#3497
2026.06.23 04:18:54,1201,1200,1,1,0.07,4175.53,-93.38,0.00,-5.56,770201,sl 4175.54
2026.06.23 04:37:20,1202,1199,0,1,0.06,4164.01,192.24,0.00,2.06,770201,tp 4164.01
2026.06.23 05:06:00,1203,1203,1,0,0.02,4154.75,0.00,0.00,0.00,770201,OBM1#S#3496
2026.06.23 05:47:00,1204,1204,1,0,0.09,4152.89,0.00,0.00,0.00,770201,OBM1#S#3513
2026.06.23 06:21:32,1205,1204,0,1,0.09,4132.08,187.29,0.00,0.00,770201,tp 4132.11
2026.06.23 06:51:00,1206,1206,0,0,0.10,4140.22,0.00,0.00,0.00,770201,OBM1#L#3516
2026.06.23 07:56:07,1207,1206,1,1,0.10,4130.70,-95.20,0.00,0.00,770201,sl 4130.75
2026.06.23 07:59:06,1208,1188,0,1,0.02,4122.61,130.58,0.00,0.69,770201,tp 4123.92
2026.06.23 11:05:00,1209,1209,1,0,0.03,4092.33,0.00,0.00,0.00,770201,OBM1#S#3518
2026.06.23 12:32:00,1210,1210,0,0,0.04,4113.99,0.00,0.00,0.00,770201,OBM1#L#3522
2026.06.23 13:00:02,1211,1209,0,1,0.03,4125.63,-99.90,0.00,0.00,770201,sl 4125.11
2026.06.23 14:41:00,1212,1212,1,0,0.10,4123.12,0.00,0.00,0.00,770201,OBM1#S#3527
2026.06.23 16:48:46,1213,1212,0,1,0.10,4132.61,-94.90,0.00,0.00,770201,sl 4132.49
2026.06.23 17:56:00,1214,1214,0,0,0.09,4128.57,0.00,0.00,0.00,770201,OBM1#L#3532
2026.06.23 21:41:07,1215,1214,1,1,0.09,4118.11,-94.14,0.00,0.00,770201,sl 4118.17
2026.06.23 22:18:00,1216,1216,1,0,0.14,4119.25,0.00,0.00,0.00,770201,OBM1#S#3540
2026.06.24 01:22:48,1217,1216,0,1,0.14,4105.78,188.58,0.00,4.82,770201,tp 4105.93
2026.06.24 02:38:07,1218,1210,1,1,0.04,4091.79,-88.80,0.00,-3.18,770201,sl 4091.79
2026.06.24 03:04:00,1219,1219,0,0,0.04,4103.37,0.00,0.00,0.00,770201,OBM1#L#3549
2026.06.24 04:03:24,1220,1219,1,1,0.04,4080.77,-90.40,0.00,0.00,770201,sl 4080.77
2026.06.24 04:29:00,1221,1221,0,0,0.03,4097.11,0.00,0.00,0.00,770201,OBM1#L#3552
2026.06.24 05:10:00,1222,1222,1,0,0.03,4081.03,0.00,0.00,0.00,770201,OBM1#S#3550
2026.06.24 05:30:45,1223,1221,1,1,0.03,4069.07,-84.12,0.00,0.00,770201,sl 4069.15
2026.06.24 05:31:11,1224,1203,0,1,0.02,4065.63,178.24,0.00,0.69,770201,tp 4065.69
2026.06.24 05:55:00,1225,1225,0,0,0.07,4065.38,0.00,0.00,0.00,770201,OBM1#L#3270
2026.06.24 06:06:57,1226,1225,1,1,0.07,4052.78,-88.20,0.00,0.00,770201,sl 4052.79
2026.06.24 13:49:00,1227,1227,0,0,0.13,4063.35,0.00,0.00,0.00,770201,OBM1#L#3568
2026.06.24 13:55:50,1228,1227,1,1,0.13,4056.16,-93.47,0.00,0.00,770201,sl 4056.18
2026.06.24 14:13:00,1229,1229,1,0,0.06,4051.75,0.00,0.00,0.00,770201,OBM1#S#3569
2026.06.24 15:25:03,1230,1229,0,1,0.06,4020.21,189.24,0.00,0.00,770201,tp 4020.87
2026.06.24 15:25:03,1231,1222,0,1,0.03,4017.75,189.84,0.00,0.00,770201,tp 4018.37
2026.06.24 18:33:00,1232,1232,0,0,0.07,4010.29,0.00,0.00,0.00,770201,OBM1#L#3574
2026.06.24 19:08:56,1233,1232,1,1,0.07,3997.14,-92.05,0.00,0.00,770201,sl 3997.18
2026.06.24 21:23:00,1234,1234,0,0,0.04,3983.17,0.00,0.00,0.00,770201,OBM1#L#3571
2026.06.24 23:29:00,1235,1235,0,0,0.02,3999.87,0.00,0.00,0.00,770201,OBM1#L#3577
2026.06.25 01:09:00,1236,1236,0,0,0.08,4003.99,0.00,0.00,0.00,770201,OBM1#L#3584
2026.06.25 02:06:33,1237,1236,1,1,0.08,3991.95,-96.32,0.00,0.00,770201,sl 3992.13
2026.06.25 03:02:00,1238,1238,1,0,0.08,4010.22,0.00,0.00,0.00,770201,OBM1#S#3576
2026.06.25 03:35:22,1239,1238,0,1,0.08,3985.36,198.88,0.00,0.00,770201,tp 3985.62
2026.06.25 06:41:00,1240,1240,1,0,0.07,3970.40,0.00,0.00,0.00,770201,OBM1#S#3593
2026.06.25 06:47:48,1241,1240,0,1,0.07,3984.71,-100.17,0.00,0.00,770201,sl 3984.67
2026.06.25 08:53:00,1242,1242,1,0,0.07,3986.58,0.00,0.00,0.00,770201,OBM1#S#3599
2026.06.25 11:22:31,1243,1242,0,1,0.07,3999.79,-92.47,0.00,0.00,770201,sl 3999.54
2026.06.25 15:37:00,1244,1244,0,0,0.03,4002.79,0.00,0.00,0.00,770201,OBM1#L#3609
2026.06.25 16:02:05,1245,1234,1,1,0.04,4031.33,192.64,0.00,-9.54,770201,tp 4031.31
2026.06.25 16:32:00,1246,1246,1,0,0.06,4018.97,0.00,0.00,0.00,770201,OBM1#S#3573
2026.06.25 18:22:28,1247,1246,0,1,0.06,4034.99,-96.12,0.00,0.00,770201,sl 4034.79
2026.06.25 21:45:00,1248,1248,1,0,0.08,4032.79,0.00,0.00,0.00,770201,OBM1#S#3617
2026.06.26 05:19:50,1249,1248,0,1,0.08,4009.80,183.92,0.00,2.75,770201,tp 4009.85
2026.06.26 05:22:00,1250,1250,1,0,0.07,4009.21,0.00,0.00,0.00,770201,OBM1#S#3635
2026.06.26 09:22:22,1251,1250,0,1,0.07,4023.18,-97.79,0.00,0.00,770201,sl 4023.15
2026.06.26 10:00:00,1252,1252,0,0,0.03,4032.35,0.00,0.00,0.00,770201,OBM1#L#3640
2026.06.26 15:57:49,1253,1244,1,1,0.03,4055.52,158.19,0.00,-2.38,770201,tp 4055.49
2026.06.26 16:33:00,1254,1254,0,0,0.05,4053.59,0.00,0.00,0.00,770201,OBM1#L#3657
2026.06.26 17:12:08,1255,1235,1,1,0.02,4081.54,163.34,0.00,-6.36,770201,tp 4081.41
2026.06.26 17:16:31,1256,1254,1,1,0.05,4089.31,178.60,0.00,0.00,770201,tp 4089.31
2026.06.26 17:47:00,1257,1257,1,0,0.12,4084.54,0.00,0.00,0.00,770201,OBM1#S#3660
2026.06.26 18:39:25,1258,1257,0,1,0.12,4093.55,-108.12,0.00,0.00,770201,sl 4093.38
2026.06.26 18:41:55,1259,1252,1,1,0.03,4095.36,189.03,0.00,0.00,770201,tp 4095.33
2026.06.26 20:34:00,1260,1260,1,0,0.09,4077.65,0.00,0.00,0.00,770201,OBM1#S#3666
2026.06.26 22:17:00,1261,1261,1,0,0.10,4068.59,0.00,0.00,0.00,770201,OBM1#S#3668
2026.06.26 23:53:19,1262,1261,0,1,0.10,4079.32,-107.30,0.00,0.00,770201,sl 4079.11
2026.06.26 23:56:52,1263,1260,0,1,0.09,4088.48,-97.47,0.00,0.00,770201,sl 4088.42
2026.06.29 01:03:00,1264,1264,0,0,0.05,4083.76,0.00,0.00,0.00,770201,OBM1#L#3673
2026.06.29 01:15:49,1265,1264,1,1,0.05,4065.83,-89.65,0.00,0.00,770201,sl 4066.17
2026.06.29 03:20:00,1266,1266,1,0,0.07,4057.47,0.00,0.00,0.00,770201,OBM1#S#3677
2026.06.29 03:56:05,1267,1266,0,1,0.07,4070.88,-93.87,0.00,0.00,770201,sl 4070.86
2026.06.29 04:17:00,1268,1268,1,0,0.03,4057.28,0.00,0.00,0.00,770201,OBM1#S#3676
2026.06.29 05:31:00,1269,1269,0,0,0.03,4071.29,0.00,0.00,0.00,770201,OBM1#L#3659
2026.06.29 06:21:00,1270,1270,0,0,0.08,4072.06,0.00,0.00,0.00,770201,OBM1#L#3684
2026.06.29 07:36:21,1271,1270,1,1,0.08,4059.74,-98.56,0.00,0.00,770201,sl 4059.76
2026.06.29 08:27:00,1272,1272,1,0,0.13,4050.72,0.00,0.00,0.00,770201,OBM1#S#3687
2026.06.29 08:30:32,1273,1269,1,1,0.03,4044.82,-79.41,0.00,0.00,770201,sl 4044.89
2026.06.29 08:33:00,1274,1274,1,0,0.03,4045.34,0.00,0.00,0.00,770201,OBM1#S#3685
2026.06.29 09:01:32,1275,1272,0,1,0.13,4058.22,-97.50,0.00,0.00,770201,sl 4058.10
2026.06.29 17:15:32,1276,1268,0,1,0.03,4003.80,160.44,0.00,0.00,770201,tp 4003.80
2026.06.29 23:00:00,1277,1277,1,0,0.17,4015.85,0.00,0.00,0.00,770201,OBM1#S#3710
2026.06.29 23:57:00,1278,1278,0,0,0.22,4017.18,0.00,0.00,0.00,770201,OBM1#L#3715
2026.06.30 01:09:43,1279,1277,0,1,0.17,4021.72,-99.79,0.00,5.85,770201,sl 4021.64
2026.06.30 01:39:32,1280,1278,1,1,0.22,4012.53,-102.30,0.00,-17.49,770201,sl 4012.63
2026.06.30 01:57:00,1281,1281,0,0,0.13,4015.54,0.00,0.00,0.00,770201,OBM1#L#3713
2026.06.30 02:52:00,1282,1282,1,0,0.15,4016.25,0.00,0.00,0.00,770201,OBM1#S#3720
2026.06.30 03:03:33,1283,1281,1,1,0.13,4007.98,-98.28,0.00,0.00,770201,sl 4007.99
2026.06.30 03:31:39,1284,1282,0,1,0.15,4003.29,194.40,0.00,0.00,770201,tp 4003.31
2026.06.30 03:56:56,1285,1274,0,1,0.03,3983.78,184.68,0.00,1.03,770201,tp 3983.88
2026.06.30 04:05:00,1286,1286,1,0,0.02,3979.93,0.00,0.00,0.00,770201,OBM1#S#3721
2026.06.30 04:54:00,1287,1287,1,0,0.06,3964.90,0.00,0.00,0.00,770201,OBM1#S#3724
2026.06.30 07:29:34,1288,1287,0,1,0.06,3981.13,-97.38,0.00,0.00,770201,sl 3981.06
2026.06.30 08:26:00,1289,1289,1,0,0.07,3983.23,0.00,0.00,0.00,770201,OBM1#S#3729
2026.06.30 08:33:00,1290,1290,1,0,0.08,3976.74,0.00,0.00,0.00,770201,OBM1#S#3730
2026.06.30 09:06:30,1291,1290,0,1,0.08,3989.15,-99.28,0.00,0.00,770201,sl 3989.10
2026.06.30 09:23:42,1292,1289,0,1,0.07,3996.94,-95.97,0.00,0.00,770201,sl 3996.85
2026.06.30 09:32:25,1293,1286,0,1,0.02,4022.11,-84.36,0.00,0.00,770201,sl 4022.09
2026.06.30 12:26:00,1294,1294,0,0,0.15,4020.43,0.00,0.00,0.00,770201,OBM1#L#3736
2026.06.30 12:31:36,1295,1294,1,1,0.15,4013.96,-97.05,0.00,0.00,770201,sl 4014.10
2026.06.30 14:21:00,1296,1296,0,0,0.05,4031.72,0.00,0.00,0.00,770201,OBM1#L#3737
2026.06.30 15:36:40,1297,1296,1,1,0.05,4012.78,-94.70,0.00,0.00,770201,sl 4012.81
2026.06.30 16:32:00,1298,1298,1,0,0.07,4021.97,0.00,0.00,0.00,770201,OBM1#S#3739
2026.06.30 17:09:16,1299,1298,0,1,0.07,4034.95,-90.86,0.00,0.00,770201,sl 4034.88
2026.06.30 17:15:00,1300,1300,0,0,0.02,4043.82,0.00,0.00,0.00,770201,OBM1#L#3740
2026.06.30 18:49:00,1301,1301,0,0,0.12,4033.18,0.00,0.00,0.00,770201,OBM1#L#3741
2026.06.30 19:16:00,1302,1302,1,0,0.12,4029.86,0.00,0.00,0.00,770201,OBM1#S#3744
2026.06.30 20:01:07,1303,1301,1,1,0.12,4025.27,-94.92,0.00,0.00,770201,sl 4025.28
2026.06.30 23:00:15,1304,1302,0,1,0.12,4014.80,180.72,0.00,0.00,770201,tp 4014.80
2026.06.30 23:55:40,1305,1300,1,1,0.02,4008.40,-70.84,0.00,0.00,770201,sl 4008.56
2026.07.01 02:48:00,1306,1306,1,0,0.09,4008.17,0.00,0.00,0.00,770201,OBM1#S#3759
2026.07.01 04:05:06,1307,1306,0,1,0.09,3986.85,191.88,0.00,0.00,770201,tp 3987.17
2026.07.01 05:08:00,1308,1308,1,0,0.06,3971.76,0.00,0.00,0.00,770201,OBM1#S#3763
2026.07.01 06:16:21,1309,1308,0,1,0.06,3986.32,-87.36,0.00,0.00,770201,sl 3986.32
2026.07.01 07:54:00,1310,1310,0,0,0.09,3980.27,0.00,0.00,0.00,770201,OBM1#L#3765
2026.07.01 08:12:03,1311,1310,1,1,0.09,3969.99,-92.52,0.00,0.00,770201,sl 3970.07
2026.07.01 09:47:00,1312,1312,0,0,0.10,3972.08,0.00,0.00,0.00,770201,OBM1#L#3774
2026.07.01 09:52:00,1313,1313,0,0,0.10,3971.38,0.00,0.00,0.00,770201,OBM1#L#3727
2026.07.01 10:07:23,1314,1312,1,1,0.10,3962.94,-91.40,0.00,0.00,770201,sl 3963.23
2026.07.01 10:07:33,1315,1313,1,1,0.10,3962.31,-90.70,0.00,0.00,770201,sl 3962.31
2026.07.01 10:33:00,1316,1316,1,0,0.08,3962.57,0.00,0.00,0.00,770201,OBM1#S#3776
2026.07.01 10:50:53,1317,1316,0,1,0.08,3974.29,-93.76,0.00,0.00,770201,sl 3973.88
2026.07.01 10:53:00,1318,1318,0,0,0.07,3973.37,0.00,0.00,0.00,770201,OBM1#L#3777
2026.07.01 12:01:00,1319,1319,1,0,0.06,3973.74,0.00,0.00,0.00,770201,OBM1#S#3767
2026.07.01 12:48:00,1320,1320,0,0,0.13,3983.43,0.00,0.00,0.00,770201,OBM1#L#3781
2026.07.01 13:02:14,1321,1319,0,1,0.06,3987.32,-81.48,0.00,0.00,770201,sl 3987.26
2026.07.01 13:57:07,1322,1320,1,1,0.13,3997.18,178.75,0.00,0.00,770201,tp 3997.17
2026.07.01 14:00:02,1323,1318,1,1,0.07,3998.89,178.64,0.00,0.00,770201,tp 3998.83
2026.07.01 14:22:00,1324,1324,0,0,0.02,4026.08,0.00,0.00,0.00,770201,OBM1#L#3782
2026.07.01 14:25:00,1325,1325,0,0,0.02,4024.70,0.00,0.00,0.00,770201,OBM1#L#3783
2026.07.01 16:45:40,1326,1325,1,1,0.02,4107.35,165.30,0.00,0.00,770201,tp 4107.32
2026.07.01 18:26:00,1327,1327,1,0,0.06,4080.42,0.00,0.00,0.00,770201,OBM1#S#3792
2026.07.01 18:34:00,1328,1328,1,0,0.02,4078.81,0.00,0.00,0.00,770201,OBM1#S#3545
2026.07.01 22:50:26,1329,1327,0,1,0.06,4050.47,179.70,0.00,0.00,770201,tp 4050.58
2026.07.01 23:01:00,1330,1330,1,0,0.02,4035.62,0.00,0.00,0.00,770201,OBM1#S#3795
2026.07.02 06:52:28,1331,1330,0,1,0.02,4071.31,-71.38,0.00,2.06,770201,sl 4071.06
2026.07.02 08:42:00,1332,1332,0,0,0.06,4063.79,0.00,0.00,0.00,770201,OBM1#L#3809
2026.07.02 15:30:13,1333,1332,1,1,0.06,4096.30,195.06,0.00,0.00,770201,tp 4096.11
2026.07.02 15:30:42,1334,1328,0,1,0.02,4114.17,-70.72,0.00,2.06,770201,sl 4114.15
2026.07.02 15:30:45,1335,1324,1,1,0.02,4120.19,188.22,0.00,-4.77,770201,tp 4119.84
2026.07.02 17:54:00,1336,1336,0,0,0.07,4123.83,0.00,0.00,0.00,770201,OBM1#L#3830
2026.07.02 19:10:00,1337,1337,1,0,0.07,4122.58,0.00,0.00,0.00,770201,OBM1#S#3831
2026.07.02 19:30:30,1338,1336,1,1,0.07,4109.02,-103.67,0.00,0.00,770201,sl 4109.32
2026.07.03 01:08:01,1339,1339,0,0,0.05,4125.40,0.00,0.00,0.00,770201,OBM1#L#3834
2026.07.03 03:14:09,1340,1337,0,1,0.07,4136.46,-97.16,0.00,2.41,770201,sl 4136.43
2026.07.03 04:07:53,1341,1339,1,1,0.05,4165.01,198.05,0.00,0.00,770201,tp 4164.92
2026.07.03 04:54:00,1342,1342,1,0,0.05,4176.34,0.00,0.00,0.00,770201,OBM1#S#3510
2026.07.03 11:05:00,1343,1343,0,0,0.08,4183.28,0.00,0.00,0.00,770201,OBM1#L#3850
2026.07.03 12:20:00,1344,1344,1,0,0.11,4175.94,0.00,0.00,0.00,770201,OBM1#S#3855
2026.07.03 12:30:58,1345,1343,1,1,0.08,4170.73,-100.40,0.00,0.00,770201,sl 4170.73
2026.07.03 14:15:09,1346,1344,0,1,0.11,4184.68,-96.14,0.00,0.00,770201,sl 4184.67
2026.07.03 14:26:00,1347,1347,0,0,0.07,4185.29,0.00,0.00,0.00,770201,OBM1#L#3857
2026.07.03 16:05:26,1348,1347,1,1,0.07,4171.80,-94.43,0.00,0.00,770201,sl 4171.80
2026.07.06 02:28:04,1349,1342,0,1,0.05,4194.19,-89.25,0.00,1.72,770201,sl 4194.14
2026.07.06 02:32:00,1350,1350,0,0,0.05,4201.16,0.00,0.00,0.00,770201,OBM1#L#3869
2026.07.06 02:47:17,1351,1350,1,1,0.05,4183.69,-87.35,0.00,0.00,770201,sl 4183.99
2026.07.06 04:37:00,1352,1352,0,0,0.03,4195.96,0.00,0.00,0.00,770201,OBM1#L#3872
2026.07.06 05:36:00,1353,1352,1,1,0.03,4170.93,-75.09,0.00,0.00,770201,sl 4170.98
2026.07.06 08:31:00,1354,1354,0,0,0.12,4154.57,0.00,0.00,0.00,770201,OBM1#L#3845
2026.07.06 08:59:30,1355,1354,1,1,0.12,4146.78,-93.48,0.00,0.00,770201,sl 4146.87
2026.07.06 12:54:00,1356,1356,0,0,0.10,4143.04,0.00,0.00,0.00,770201,OBM1#L#3844
2026.07.06 14:08:00,1357,1357,1,0,0.23,4153.08,0.00,0.00,0.00,770201,OBM1#S#3882
2026.07.06 14:17:52,1358,1357,0,1,0.23,4157.21,-94.99,0.00,0.00,770201,sl 4157.16
2026.07.06 15:42:07,1359,1356,1,1,0.10,4133.95,-90.90,0.00,0.00,770201,sl 4133.95
2026.07.06 19:06:00,1360,1360,1,0,0.12,4143.74,0.00,0.00,0.00,770201,OBM1#S#3889
2026.07.06 19:50:23,1361,1360,0,1,0.12,4151.56,-93.84,0.00,0.00,770201,sl 4151.56
2026.07.06 22:22:00,1362,1362,1,0,0.23,4161.71,0.00,0.00,0.00,770201,OBM1#S#3880
2026.07.06 22:44:00,1363,1363,1,0,0.22,4160.37,0.00,0.00,0.00,770201,OBM1#S#3895
2026.07.06 22:51:40,1364,1363,0,1,0.22,4164.52,-91.30,0.00,0.00,770201,sl 4164.52
2026.07.07 01:01:00,1365,1362,0,1,0.23,4166.79,-116.84,0.00,7.91,770201,sl 4165.72
2026.07.07 03:37:00,1366,1366,1,0,0.09,4154.28,0.00,0.00,0.00,770201,OBM1#S#3901
2026.07.07 04:20:37,1367,1366,0,1,0.09,4134.68,176.40,0.00,0.00,770201,tp 4134.70
2026.07.07 06:14:00,1368,1368,0,0,0.07,4137.84,0.00,0.00,0.00,770201,OBM1#L#3905
2026.07.07 06:47:45,1369,1368,1,1,0.07,4125.67,-85.19,0.00,0.00,770201,sl 4125.67
2026.07.07 08:19:00,1370,1370,1,0,0.12,4124.12,0.00,0.00,0.00,770201,OBM1#S#3913
2026.07.07 09:40:26,1371,1370,0,1,0.12,4131.67,-90.60,0.00,0.00,770201,sl 4131.66
2026.07.07 13:22:00,1372,1372,0,0,0.09,4136.50,0.00,0.00,0.00,770201,OBM1#L#3919
2026.07.07 13:23:00,1373,1373,0,0,0.05,4136.60,0.00,0.00,0.00,770201,OBM1#L#3918
2026.07.07 14:58:59,1374,1372,1,1,0.09,4154.85,165.15,0.00,0.00,770201,tp 4154.84
2026.07.07 15:09:43,1375,1373,1,1,0.05,4170.47,169.35,0.00,0.00,770201,tp 4170.38
2026.07.07 19:22:00,1376,1376,0,0,0.14,4143.95,0.00,0.00,0.00,770201,OBM1#L#3928
2026.07.07 19:48:00,1377,1377,1,0,0.13,4141.66,0.00,0.00,0.00,770201,OBM1#S#3927
2026.07.07 21:33:19,1378,1376,1,1,0.14,4137.45,-91.00,0.00,0.00,770201,sl 4137.50
2026.07.07 21:51:24,1379,1377,0,1,0.13,4127.44,184.86,0.00,0.00,770201,tp 4127.64
2026.07.08 02:49:00,1380,1380,1,0,0.09,4098.57,0.00,0.00,0.00,770201,OBM1#S#3939
2026.07.08 03:33:23,1381,1380,0,1,0.09,4108.21,-86.76,0.00,0.00,770201,sl 4108.20
2026.07.08 05:18:00,1382,1382,0,0,0.05,4115.47,0.00,0.00,0.00,770201,OBM1#L#3943
2026.07.08 06:00:00,1383,1383,1,0,0.07,4114.60,0.00,0.00,0.00,770201,OBM1#S#3942
2026.07.08 06:01:52,1384,1383,0,1,0.07,4127.43,-89.81,0.00,0.00,770201,sl 4127.06
2026.07.08 11:07:00,1385,1385,1,0,0.10,4118.50,0.00,0.00,0.00,770201,OBM1#S#3955
2026.07.08 11:17:28,1386,1385,0,1,0.10,4100.33,181.70,0.00,0.00,770201,tp 4100.40
2026.07.08 11:17:52,1387,1382,1,1,0.05,4097.37,-90.50,0.00,0.00,770201,sl 4097.45
2026.07.08 16:45:00,1388,1388,1,0,0.07,4073.20,0.00,0.00,0.00,770201,OBM1#S#3963
2026.07.08 16:49:00,1389,1389,1,0,0.05,4073.49,0.00,0.00,0.00,770201,OBM1#S#3957
2026.07.08 17:37:14,1390,1388,0,1,0.07,4046.12,189.56,0.00,0.00,770201,tp 4046.16
2026.07.08 17:44:48,1391,1389,0,1,0.05,4035.70,188.95,0.00,0.00,770201,tp 4035.77
2026.07.08 19:11:00,1392,1392,0,0,0.03,4042.05,0.00,0.00,0.00,770201,OBM1#L#3790
2026.07.09 01:31:00,1393,1393,1,0,0.16,4074.06,0.00,0.00,0.00,770201,OBM1#S#3975
2026.07.09 01:52:24,1394,1393,0,1,0.16,4080.05,-95.84,0.00,0.00,770201,sl 4080.05
2026.07.09 03:32:00,1395,1395,1,0,0.07,4077.59,0.00,0.00,0.00,770201,OBM1#S#3972
2026.07.09 03:49:00,1396,1396,1,0,0.09,4077.44,0.00,0.00,0.00,770201,OBM1#S#3978
2026.07.09 06:13:14,1397,1396,0,1,0.09,4056.66,187.02,0.00,0.00,770201,tp 4056.66
2026.07.09 08:45:00,1398,1398,0,0,0.05,4075.81,0.00,0.00,0.00,770201,OBM1#L#3985
2026.07.09 09:00:17,1399,1395,0,1,0.07,4090.88,-93.03,0.00,0.00,770201,sl 4090.05
2026.07.09 09:01:00,1400,1400,0,0,0.02,4098.94,0.00,0.00,0.00,770201,OBM1#L#3984
2026.07.09 09:22:26,1401,1392,1,1,0.03,4100.67,175.86,0.00,-7.15,770201,tp 4100.63
2026.07.09 11:21:16,1402,1398,1,1,0.05,4114.74,194.65,0.00,0.00,770201,tp 4114.67
2026.07.09 11:50:00,1403,1403,1,0,0.09,4109.70,0.00,0.00,0.00,770201,OBM1#S#3956
2026.07.09 15:01:00,1404,1404,0,0,0.06,4109.59,0.00,0.00,0.00,770201,OBM1#L#3993
2026.07.09 15:38:12,1405,1403,0,1,0.09,4121.45,-105.75,0.00,0.00,770201,sl 4120.75
2026.07.09 17:18:00,1406,1406,1,0,0.05,4119.00,0.00,0.00,0.00,770201,OBM1#S#3952
2026.07.09 19:32:31,1407,1406,0,1,0.05,4136.48,-87.40,0.00,0.00,770201,sl 4136.46
2026.07.10 02:14:01,1408,1408,0,0,0.24,4124.47,0.00,0.00,0.00,770201,OBM1#L#4012
2026.07.10 03:01:06,1409,1408,1,1,0.24,4120.44,-96.72,0.00,0.00,770201,sl 4120.44
2026.07.10 04:37:00,1410,1410,1,0,0.12,4119.69,0.00,0.00,0.00,770201,OBM1#S#4016
2026.07.10 05:11:40,1411,1410,0,1,0.12,4128.01,-99.84,0.00,0.00,770201,sl 4127.76
2026.07.10 06:18:00,1412,1412,1,0,0.09,4126.68,0.00,0.00,0.00,770201,OBM1#S#4010
2026.07.10 10:44:25,1413,1412,0,1,0.09,4105.89,187.11,0.00,0.00,770201,tp 4105.90
2026.07.10 12:01:44,1414,1404,1,1,0.06,4094.43,-90.96,0.00,-4.77,770201,sl 4094.44
2026.07.10 16:13:00,1415,1415,0,0,0.13,4103.15,0.00,0.00,0.00,770201,OBM1#L#4030
2026.07.10 16:26:35,1416,1415,1,1,0.13,4095.82,-95.29,0.00,0.00,770201,sl 4095.96
2026.07.10 19:02:00,1417,1417,0,0,0.07,4113.83,0.00,0.00,0.00,770201,OBM1#L#4036
2026.07.10 19:36:00,1418,1418,0,0,0.02,4113.61,0.00,0.00,0.00,770201,OBM1#L#4034
2026.07.10 21:00:04,1419,1417,1,1,0.07,4100.36,-94.29,0.00,0.00,770201,sl 4100.39
2026.07.10 21:57:00,1420,1420,1,0,0.21,4100.97,0.00,0.00,0.00,770201,OBM1#S#4037
2026.07.10 22:51:07,1421,1420,0,1,0.21,4105.50,-95.13,0.00,0.00,770201,sl 4105.50
2026.07.13 01:48:44,1422,1418,1,1,0.02,4073.45,-80.32,0.00,-1.59,770201,sl 4073.46
2026.07.13 04:45:00,1423,1423,0,0,0.04,4084.76,0.00,0.00,0.00,770201,OBM1#L#4049
2026.07.13 05:26:00,1424,1424,1,0,0.04,4069.62,0.00,0.00,0.00,770201,OBM1#S#4047
2026.07.13 05:30:36,1425,1423,1,1,0.04,4065.31,-77.80,0.00,0.00,770201,sl 4065.36
2026.07.13 06:11:22,1426,1400,1,1,0.02,4058.29,-81.30,0.00,-3.18,770201,sl 4058.30
2026.07.13 08:49:00,1427,1427,1,0,0.07,4059.08,0.00,0.00,0.00,770201,OBM1#S#4058
2026.07.13 10:11:00,1428,1428,0,0,0.08,4059.80,0.00,0.00,0.00,770201,OBM1#L#4060
2026.07.13 11:10:00,1429,1427,0,1,0.07,4071.73,-88.55,0.00,0.00,770201,sl 4071.71
2026.07.13 11:37:00,1430,1430,1,0,0.19,4073.06,0.00,0.00,0.00,770201,OBM1#S#4054
2026.07.13 11:52:43,1431,1430,0,1,0.19,4077.80,-90.06,0.00,0.00,770201,sl 4077.80
2026.07.13 13:42:01,1432,1428,1,1,0.08,4048.67,-89.04,0.00,0.00,770201,sl 4048.95
2026.07.13 14:51:00,1433,1433,1,0,0.13,4061.74,0.00,0.00,0.00,770201,OBM1#S#4065
2026.07.13 16:06:00,1434,1434,1,0,0.17,4062.80,0.00,0.00,0.00,770201,OBM1#S#4066
2026.07.13 16:43:48,1435,1434,0,1,0.17,4052.50,175.10,0.00,0.00,770201,tp 4052.56
2026.07.13 16:51:07,1436,1433,0,1,0.13,4048.46,172.64,0.00,0.00,770201,tp 4048.52
2026.07.13 17:16:45,1437,1424,0,1,0.04,4027.82,167.20,0.00,0.00,770201,tp 4027.88
2026.07.13 20:13:00,1438,1438,0,0,0.08,3998.36,0.00,0.00,0.00,770201,OBM1#L#4070
2026.07.13 20:17:00,1439,1439,0,0,0.07,3999.10,0.00,0.00,0.00,770201,OBM1#L#3786
2026.07.14 01:01:00,1440,1440,0,0,0.10,4006.18,0.00,0.00,0.00,770201,OBM1#L#4072
2026.07.14 02:30:12,1441,1440,1,1,0.10,3996.78,-94.00,0.00,0.00,770201,sl 3996.79
2026.07.14 03:07:33,1442,1438,1,1,0.08,3986.42,-95.52,0.00,-6.36,770201,sl 3986.45
2026.07.14 03:07:33,1443,1439,1,1,0.07,3986.31,-89.53,0.00,-5.56,770201,sl 3986.40
2026.07.14 04:41:00,1444,1444,1,0,0.08,3995.55,0.00,0.00,0.00,770201,OBM1#S#4080
2026.07.14 04:57:45,1445,1444,0,1,0.08,4006.02,-83.76,0.00,0.00,770201,sl 4006.02
2026.07.14 10:13:00,1446,1446,0,0,0.13,4027.53,0.00,0.00,0.00,770201,OBM1#L#4087
2026.07.14 10:58:27,1447,1446,1,1,0.13,4020.62,-89.83,0.00,0.00,770201,sl 4020.62
2026.07.14 11:31:00,1448,1448,0,0,0.09,4024.02,0.00,0.00,0.00,770201,OBM1#L#4089
2026.07.14 12:00:22,1449,1448,1,1,0.09,4014.34,-87.12,0.00,0.00,770201,sl 4014.40
2026.07.14 13:40:00,1450,1450,0,0,0.16,4019.23,0.00,0.00,0.00,770201,OBM1#L#4090
2026.07.14 14:48:35,1451,1450,1,1,0.16,4030.42,179.04,0.00,0.00,770201,tp 4030.35
2026.07.14 17:18:00,1452,1452,1,0,0.05,4072.26,0.00,0.00,0.00,770201,OBM1#S#4094
2026.07.14 17:34:15,1453,1452,0,1,0.05,4089.05,-83.95,0.00,0.00,770201,sl 4088.86
2026.07.14 17:58:00,1454,1454,0,0,0.06,4085.84,0.00,0.00,0.00,770201,OBM1#L#4093
2026.07.14 18:41:35,1455,1454,1,1,0.06,4071.71,-84.78,0.00,0.00,770201,sl 4071.72
2026.07.14 20:55:00,1456,1456,0,0,0.11,4063.30,0.00,0.00,0.00,770201,OBM1#L#4096
2026.07.14 21:32:14,1457,1456,1,1,0.11,4055.35,-87.45,0.00,0.00,770201,sl 4055.37
2026.07.14 21:37:00,1458,1458,1,0,0.10,4055.52,0.00,0.00,0.00,770201,OBM1#S#4098
2026.07.14 22:16:00,1459,1459,0,0,0.06,4056.96,0.00,0.00,0.00,770201,OBM1#L#4101
2026.07.14 22:51:00,1460,1460,0,0,0.33,4052.85,0.00,0.00,0.00,770201,OBM1#L#4102
2026.07.14 23:36:11,1461,1460,1,1,0.33,4050.15,-89.10,0.00,0.00,770201,sl 4050.17
2026.07.15 04:40:25,1462,1459,1,1,0.06,4042.62,-86.04,0.00,-4.77,770201,sl 4042.72
2026.07.15 04:41:29,1463,1458,0,1,0.10,4038.96,165.60,0.00,3.44,770201,tp 4039.06
2026.07.15 04:48:00,1464,1464,1,0,0.03,4040.78,0.00,0.00,0.00,770201,OBM1#S#4099
2026.07.15 06:18:00,1465,1465,1,0,0.10,4033.69,0.00,0.00,0.00,770201,OBM1#S#4111
2026.07.15 08:15:00,1466,1466,1,0,0.08,4026.10,0.00,0.00,0.00,770201,OBM1#S#4115
2026.07.15 08:42:27,1467,1466,0,1,0.08,4036.48,-83.04,0.00,0.00,770201,sl 4036.37
2026.07.15 15:04:03,1468,1465,0,1,0.10,4042.24,-85.50,0.00,0.00,770201,sl 4042.19
2026.07.15 15:37:39,1469,1464,0,1,0.03,4063.43,-67.95,0.00,0.00,770201,sl 4063.42
2026.07.15 16:32:00,1470,1470,1,0,0.06,4058.83,0.00,0.00,0.00,770201,OBM1#S#4124
2026.07.15 19:35:12,1471,1470,0,1,0.06,4030.33,171.00,0.00,0.00,770201,tp 4030.41
2026.07.15 20:46:00,1472,1472,0,0,0.02,4063.38,0.00,0.00,0.00,770201,OBM1#L#4132
2026.07.15 20:52:00,1473,1473,0,0,0.02,4064.46,0.00,0.00,0.00,770201,OBM1#L#4131
2026.07.16 03:11:00,1474,1474,1,0,0.11,4055.36,0.00,0.00,0.00,770201,OBM1#S#4141
2026.07.16 04:17:55,1475,1474,0,1,0.11,4040.36,165.00,0.00,0.00,770201,tp 4040.38
2026.07.16 04:38:00,1476,1476,0,0,0.09,4042.72,0.00,0.00,0.00,770201,OBM1#L#4133
2026.07.16 05:09:54,1477,1476,1,1,0.09,4032.83,-89.01,0.00,0.00,770201,sl 4033.07
2026.07.16 05:16:15,1478,1472,1,1,0.02,4029.24,-68.28,0.00,-4.77,770201,sl 4029.35
2026.07.16 05:39:08,1479,1473,1,1,0.02,4026.79,-75.34,0.00,-4.77,770201,sl 4026.80
2026.07.16 06:30:00,1480,1480,0,0,0.09,4034.16,0.00,0.00,0.00,770201,OBM1#L#4146
2026.07.16 09:35:05,1481,1480,1,1,0.09,4024.46,-87.30,0.00,0.00,770201,sl 4024.59
2026.07.16 12:03:00,1482,1482,0,0,0.06,4036.68,0.00,0.00,0.00,770201,OBM1#L#4155
2026.07.16 13:03:00,1483,1483,1,0,0.11,4030.35,0.00,0.00,0.00,770201,OBM1#S#4158
2026.07.16 14:25:43,1484,1482,1,1,0.06,4022.62,-84.36,0.00,0.00,770201,sl 4022.91
2026.07.16 14:46:22,1485,1483,0,1,0.11,4038.11,-85.36,0.00,0.00,770201,sl 4037.79
2026.07.16 17:04:00,1486,1486,0,0,0.06,3994.98,0.00,0.00,0.00,770201,OBM1#L#4165
2026.07.16 17:05:00,1487,1487,0,0,0.03,3997.24,0.00,0.00,0.00,770201,OBM1#L#4163
2026.07.16 18:51:00,1488,1488,1,0,0.05,4010.34,0.00,0.00,0.00,770201,OBM1#S#4162
2026.07.16 20:36:07,1489,1486,1,1,0.06,3981.60,-80.28,0.00,0.00,770201,sl 3981.68
2026.07.16 21:34:54,1490,1488,0,1,0.05,3979.39,154.75,0.00,0.00,770201,tp 3979.42
2026.07.16 21:57:00,1491,1491,1,0,0.11,3981.04,0.00,0.00,0.00,770201,OBM1#S#4172
2026.07.16 22:05:00,1492,1492,0,0,0.09,3985.32,0.00,0.00,0.00,770201,OBM1#L#4173
2026.07.16 22:32:06,1493,1492,1,1,0.09,3976.43,-80.01,0.00,0.00,770201,sl 3976.44
2026.07.16 22:34:20,1494,1487,1,1,0.03,3975.23,-66.03,0.00,0.00,770201,sl 3975.23
2026.07.17 02:02:00,1495,1495,0,0,0.17,3978.01,0.00,0.00,0.00,770201,OBM1#L#4176
2026.07.17 02:42:00,1496,1496,0,0,0.08,3981.43,0.00,0.00,0.00,770201,OBM1#L#4175
2026.07.17 03:17:45,1497,1495,1,1,0.17,3987.86,167.45,0.00,0.00,770201,tp 3987.83
2026.07.17 03:17:57,1498,1491,0,1,0.11,3989.49,-92.95,0.00,3.79,770201,sl 3988.93
2026.07.17 03:20:00,1499,1499,0,0,0.06,3988.21,0.00,0.00,0.00,770201,OBM1#L#4177
2026.07.17 03:50:00,1500,1500,0,0,0.08,3986.67,0.00,0.00,0.00,770201,OBM1#L#4178
2026.07.17 05:34:15,1501,1500,1,1,0.08,3976.50,-81.36,0.00,0.00,770201,sl 3976.51
2026.07.17 05:36:56,1502,1499,1,1,0.06,3975.43,-76.68,0.00,0.00,770201,sl 3975.49
2026.07.17 05:38:03,1503,1496,1,1,0.08,3971.68,-78.00,0.00,0.00,770201,sl 3971.74
2026.07.17 06:51:00,1504,1504,1,0,0.04,3994.74,0.00,0.00,0.00,770201,OBM1#S#4167
2026.07.17 11:07:00,1505,1505,0,0,0.07,3998.67,0.00,0.00,0.00,770201,OBM1#L#4185
2026.07.17 11:39:08,1506,1505,1,1,0.07,3987.88,-75.53,0.00,0.00,770201,sl 3987.92
2026.07.17 12:51:00,1507,1507,1,0,0.11,3995.17,0.00,0.00,0.00,770201,OBM1#S#4190
2026.07.17 14:36:00,1508,1508,1,0,0.17,3992.15,0.00,0.00,0.00,770201,OBM1#S#4191
2026.07.17 14:54:17,1509,1508,0,1,0.17,3997.01,-82.62,0.00,0.00,770201,sl 3997.01
2026.07.17 15:31:00,1510,1510,1,0,0.06,3986.40,0.00,0.00,0.00,770201,OBM1#S#4192
2026.07.17 15:37:50,1511,1507,0,1,0.11,3980.29,163.68,0.00,0.00,770201,tp 3980.39
2026.07.17 16:01:38,1512,1510,0,1,0.06,3960.91,152.94,0.00,0.00,770201,tp 3961.08
2026.07.17 16:01:42,1513,1504,0,1,0.04,3960.55,136.76,0.00,0.00,770201,tp 3960.56
2026.07.17 20:19:00,1514,1514,1,0,0.13,4013.84,0.00,0.00,0.00,770201,OBM1#S#4197
2026.07.17 20:55:00,1515,1515,1,0,0.13,4009.36,0.00,0.00,0.00,770201,OBM1#S#4200
2026.07.17 21:29:54,1516,1515,0,1,0.13,4016.04,-86.84,0.00,0.00,770201,sl 4015.90
2026.07.17 23:37:00,1517,1517,1,0,0.13,4009.89,0.00,0.00,0.00,770201,OBM1#S#4204
2026.07.17 23:46:27,1518,1517,0,1,0.13,4016.17,-81.64,0.00,0.00,770201,sl 4016.17
2026.07.20 01:01:00,1519,1514,0,1,0.13,3999.67,184.21,0.00,4.47,770201,tp 4000.60
2026.07.20 02:18:00,1520,1520,1,0,0.03,3991.44,0.00,0.00,0.00,770201,OBM1#S#4199
2026.07.20 04:10:59,1521,1520,0,1,0.03,4018.85,-82.23,0.00,0.00,770201,sl 4018.76
2026.07.20 05:07:00,1522,1522,0,0,0.03,4007.24,0.00,0.00,0.00,770201,OBM1#L#4210
2026.07.20 06:45:00,1523,1523,0,0,0.09,4027.39,0.00,0.00,0.00,770201,OBM1#L#4214
2026.07.20 07:49:00,1524,1524,1,0,0.12,4020.30,0.00,0.00,0.00,770201,OBM1#S#4217
2026.07.20 08:03:22,1525,1523,1,1,0.09,4018.41,-80.82,0.00,0.00,770201,sl 4018.45
2026.07.20 08:04:00,1526,1526,1,0,0.08,4018.56,0.00,0.00,0.00,770201,OBM1#S#4216
2026.07.20 08:49:13,1527,1524,0,1,0.12,4006.88,161.04,0.00,0.00,770201,tp 4006.88
2026.07.20 09:49:00,1528,1528,0,0,0.09,4007.06,0.00,0.00,0.00,770201,OBM1#L#4212
2026.07.20 11:16:15,1529,1528,1,1,0.09,4025.83,168.93,0.00,0.00,770201,tp 4025.80
2026.07.20 11:17:00,1530,1526,0,1,0.08,4028.27,-77.68,0.00,0.00,770201,sl 4028.23
2026.07.20 11:58:00,1531,1531,1,0,0.07,4019.16,0.00,0.00,0.00,770201,OBM1#S#4222
2026.07.20 12:53:00,1532,1532,0,0,0.14,4021.36,0.00,0.00,0.00,770201,OBM1#L#4224
2026.07.20 14:30:33,1533,1531,0,1,0.07,4031.33,-85.19,0.00,0.00,770201,sl 4030.99
2026.07.20 14:30:38,1534,1532,1,1,0.14,4033.51,170.10,0.00,0.00,770201,tp 4033.16
2026.07.20 15:16:00,1535,1535,1,0,0.02,4011.11,0.00,0.00,0.00,770201,OBM1#S#4161
2026.07.20 20:03:00,1536,1536,0,0,0.12,4011.90,0.00,0.00,0.00,770201,OBM1#L#4229
2026.07.20 20:50:45,1537,1536,1,1,0.12,4004.94,-83.52,0.00,0.00,770201,sl 4005.00
2026.07.20 23:33:01,1538,1538,0,0,0.17,4009.16,0.00,0.00,0.00,770201,OBM1#L#4238
2026.07.21 01:41:56,1539,1538,1,1,0.17,4004.26,-83.30,0.00,-13.51,770201,sl 4004.26
2026.07.21 03:00:00,1540,1540,0,0,0.08,4010.13,0.00,0.00,0.00,770201,OBM1#L#4242
2026.07.21 04:16:32,1541,1540,1,1,0.08,4031.14,168.08,0.00,0.00,770201,tp 4031.09
2026.07.21 04:54:00,1542,1542,1,0,0.11,4026.15,0.00,0.00,0.00,770201,OBM1#S#4227
2026.07.21 05:36:04,1543,1542,0,1,0.11,4033.69,-82.94,0.00,0.00,770201,sl 4033.64
2026.07.21 05:36:34,1544,1535,0,1,0.02,4043.95,-65.68,0.00,0.69,770201,sl 4043.64
2026.07.21 06:18:00,1545,1545,1,0,0.11,4037.53,0.00,0.00,0.00,770201,OBM1#S#4248
2026.07.21 06:26:20,1546,1545,0,1,0.11,4045.87,-91.74,0.00,0.00,770201,sl 4045.25
2026.07.21 06:47:00,1547,1547,1,0,0.09,4042.68,0.00,0.00,0.00,770201,OBM1#S#4251
2026.07.21 07:06:23,1548,1547,0,1,0.09,4051.57,-80.01,0.00,0.00,770201,sl 4051.54
2026.07.21 07:48:00,1549,1549,0,0,0.14,4047.61,0.00,0.00,0.00,770201,OBM1#L#4252
2026.07.21 08:30:04,1550,1522,1,1,0.03,4056.58,148.02,0.00,-2.38,770201,tp 4056.56
2026.07.21 08:33:00,1551,1551,0,0,0.07,4057.53,0.00,0.00,0.00,770201,OBM1#L#4254
2026.07.21 08:33:07,1552,1549,1,1,0.14,4059.45,165.76,0.00,0.00,770201,tp 4059.43
2026.07.21 09:48:40,1553,1551,1,1,0.07,4081.65,168.84,0.00,0.00,770201,tp 4081.43
2026.07.21 13:17:00,1554,1554,0,0,0.15,4066.87,0.00,0.00,0.00,770201,OBM1#L#4262
2026.07.21 14:01:00,1555,1554,1,1,0.15,4060.70,-92.55,0.00,0.00,770201,sl 4060.87
2026.07.21 15:27:00,1556,1556,0,0,0.10,4063.46,0.00,0.00,0.00,770201,OBM1#L#4268
2026.07.21 15:37:13,1557,1556,1,1,0.10,4054.86,-86.00,0.00,0.00,770201,sl 4054.88
2026.07.21 16:21:00,1558,1558,1,0,0.08,4055.52,0.00,0.00,0.00,770201,OBM1#S#4270
2026.07.21 16:24:00,1559,1559,1,0,0.07,4054.12,0.00,0.00,0.00,770201,OBM1#S#4266
2026.07.21 16:46:00,1560,1560,1,0,0.05,4045.75,0.00,0.00,0.00,770201,OBM1#S#4272
2026.07.21 17:11:07,1561,1560,0,1,0.05,4060.75,-75.00,0.00,0.00,770201,sl 4060.75
2026.07.21 17:13:55,1562,1558,0,1,0.08,4066.03,-84.08,0.00,0.00,770201,sl 4066.03
2026.07.21 17:18:28,1563,1559,0,1,0.07,4066.69,-87.99,0.00,0.00,770201,sl 4066.62
2026.07.21 18:35:00,1564,1564,0,0,0.04,4081.44,0.00,0.00,0.00,770201,OBM1#L#4275
2026.07.21 21:50:00,1565,1565,1,0,0.08,4080.73,0.00,0.00,0.00,770201,OBM1#S#4095
2026.07.22 03:10:12,1566,1565,0,1,0.08,4090.64,-79.28,0.00,2.75,770201,sl 4090.57
2026.07.22 04:43:17,1567,1564,1,1,0.04,4122.39,163.80,0.00,-3.18,770201,tp 4122.38
2026.07.22 14:21:00,1568,1568,0,0,0.13,4122.13,0.00,0.00,0.00,770201,OBM1#L#4300
2026.07.22 14:40:54,1569,1568,1,1,0.13,4115.58,-85.15,0.00,0.00,770201,sl 4115.90
2026.07.22 20:11:00,1570,1570,1,0,0.07,4144.16,0.00,0.00,0.00,770201,OBM1#S#4310
2026.07.22 20:18:00,1571,1571,1,0,0.03,4143.63,0.00,0.00,0.00,770201,OBM1#S#4309
2026.07.22 21:29:00,1572,1572,1,0,0.07,4135.32,0.00,0.00,0.00,770201,OBM1#S#4311
2026.07.23 01:01:00,1573,1570,0,1,0.07,4117.53,186.41,0.00,7.23,770201,tp 4121.00
2026.07.23 01:30:00,1574,1574,0,0,0.03,4128.95,0.00,0.00,0.00,770201,OBM1#L#4305
2026.07.23 10:09:10,1575,1572,0,1,0.07,4110.98,170.38,0.00,7.23,770201,tp 4111.10
2026.07.23 10:11:01,1576,1574,1,1,0.03,4106.55,-67.20,0.00,0.00,770201,sl 4106.59
2026.07.23 10:36:00,1577,1577,1,0,0.03,4103.42,0.00,0.00,0.00,770201,OBM1#S#4326
2026.07.23 10:39:36,1578,1571,0,1,0.03,4099.81,131.46,0.00,3.10,770201,tp 4099.91
2026.07.23 12:49:00,1579,1579,0,0,0.14,4093.15,0.00,0.00,0.00,770201,OBM1#L#4329
2026.07.23 13:01:00,1580,1580,1,0,0.11,4089.33,0.00,0.00,0.00,770201,OBM1#S#4330
2026.07.23 13:21:05,1581,1579,1,1,0.14,4086.58,-91.98,0.00,0.00,770201,sl 4086.90
2026.07.23 15:16:50,1582,1580,0,1,0.11,4073.14,178.09,0.00,0.00,770201,tp 4073.19
2026.07.23 16:05:35,1583,1577,0,1,0.03,4054.04,148.14,0.00,0.00,770201,tp 4054.06
2026.07.23 17:45:00,1584,1584,0,0,0.05,4057.27,0.00,0.00,0.00,770201,OBM1#L#4334
2026.07.23 18:26:00,1585,1585,1,0,0.08,4049.85,0.00,0.00,0.00,770201,OBM1#S#4337
2026.07.23 22:36:00,1586,1586,1,0,0.11,4046.96,0.00,0.00,0.00,770201,OBM1#S#4340
2026.07.24 04:04:18,1587,1584,1,1,0.05,4039.97,-86.50,0.00,-3.97,770201,sl 4040.52
2026.07.24 05:27:00,1588,1588,0,0,0.20,4046.52,0.00,0.00,0.00,770201,OBM1#L#4351
2026.07.24 05:39:10,1589,1588,1,1,0.20,4041.94,-91.60,0.00,0.00,770201,sl 4041.98
2026.07.24 05:48:47,1590,1586,0,1,0.11,4030.97,175.89,0.00,3.79,770201,tp 4031.06
2026.07.24 05:48:54,1591,1585,0,1,0.08,4028.64,169.68,0.00,2.75,770201,tp 4028.69
2026.07.24 06:22:00,1592,1592,0,0,0.09,4031.51,0.00,0.00,0.00,770201,OBM1#L#4247
2026.07.24 10:27:29,1593,1592,1,1,0.09,4050.74,173.07,0.00,0.00,770201,tp 4050.73
2026.07.24 11:49:00,1594,1594,0,0,0.20,4053.48,0.00,0.00,0.00,770201,OBM1#L#4361
2026.07.24 13:27:57,1595,1594,1,1,0.20,4063.08,192.00,0.00,0.00,770201,tp 4062.98
2026.07.24 14:34:00,1596,1596,1,0,0.23,4059.76,0.00,0.00,0.00,770201,OBM1#S#4363
2026.07.24 16:05:48,1597,1596,0,1,0.23,4051.16,197.80,0.00,0.00,770201,tp 4051.28
2026.07.24 16:51:00,1598,1598,0,0,0.07,4058.93,0.00,0.00,0.00,770201,OBM1#L#4360
2026.07.24 18:14:00,1599,1599,0,0,0.07,4069.86,0.00,0.00,0.00,770201,OBM1#L#4369
2026.07.24 21:25:37,1600,1599,1,1,0.07,4055.79,-98.49,0.00,0.00,770201,sl 4055.81
2026.07.27 01:01:00,1601,1598,1,1,0.07,4092.06,231.91,0.00,-5.56,770201,tp 4086.73
2026.07.27 07:00:00,1602,1602,0,0,0.13,4091.21,0.00,0.00,0.00,770201,OBM1#L#4386
2026.07.27 07:25:00,1603,1603,1,0,0.17,4088.09,0.00,0.00,0.00,770201,OBM1#S#4392
2026.07.27 08:08:27,1604,1603,0,1,0.17,4093.95,-99.62,0.00,0.00,770201,sl 4093.88
2026.07.27 08:40:00,1605,1605,1,0,0.11,4088.41,0.00,0.00,0.00,770201,OBM1#S#4391
2026.07.27 09:35:48,1606,1605,0,1,0.11,4097.24,-97.13,0.00,0.00,770201,sl 4097.13
2026.07.27 09:44:00,1607,1607,0,0,0.17,4097.53,0.00,0.00,0.00,770201,OBM1#L#4397
2026.07.27 10:58:20,1608,1607,1,1,0.17,4091.87,-96.22,0.00,0.00,770201,sl 4091.90
2026.07.27 12:34:00,1609,1609,1,0,0.18,4091.21,0.00,0.00,0.00,770201,OBM1#S#4401
2026.07.27 12:46:00,1610,1610,0,0,0.14,4094.52,0.00,0.00,0.00,770201,OBM1#L#4400
2026.07.27 12:48:14,1611,1609,0,1,0.18,4097.52,-113.58,0.00,0.00,770201,sl 4096.52
2026.07.27 13:11:31,1612,1610,1,1,0.14,4087.47,-98.70,0.00,0.00,770201,sl 4087.60
2026.07.27 14:52:00,1613,1613,1,0,0.11,4095.21,0.00,0.00,0.00,770201,OBM1#S#4405
2026.07.27 15:19:33,1614,1602,1,1,0.13,4083.47,-100.62,0.00,0.00,770201,sl 4083.54
2026.07.27 16:28:39,1615,1613,0,1,0.11,4078.00,189.31,0.00,0.00,770201,tp 4078.67
2026.07.27 19:53:00,1616,1616,1,0,0.06,4082.03,0.00,0.00,0.00,770201,OBM1#S#4406
2026.07.27 21:29:00,1617,1617,0,0,0.21,4076.57,0.00,0.00,0.00,770201,OBM1#L#4413
2026.07.27 22:20:10,1618,1617,1,1,0.21,4085.73,192.36,0.00,0.00,770201,tp 4085.69
2026.07.27 22:25:00,1619,1619,0,0,0.09,4085.41,0.00,0.00,0.00,770201,OBM1#L#4416
2026.07.28 01:22:07,1620,1619,1,1,0.09,4074.98,-93.87,0.00,-7.15,770201,sl 4074.98
2026.07.28 02:16:00,1621,1621,0,0,0.26,4074.45,0.00,0.00,0.00,770201,OBM1#L#4422
2026.07.28 02:47:03,1622,1621,1,1,0.26,4070.75,-96.20,0.00,0.00,770201,sl 4070.79
2026.07.28 03:45:00,1623,1623,0,0,0.17,4065.66,0.00,0.00,0.00,770201,OBM1#L#4424
2026.07.28 03:48:26,1624,1623,1,1,0.17,4059.99,-96.39,0.00,0.00,770201,sl 4060.22
2026.07.28 04:21:11,1625,1616,0,1,0.06,4050.09,191.64,0.00,2.06,770201,tp 4050.11
2026.07.28 07:22:00,1626,1626,0,0,0.14,4047.60,0.00,0.00,0.00,770201,OBM1#L#4427
2026.07.28 08:00:11,1627,1626,1,1,0.14,4040.26,-102.76,0.00,0.00,770201,sl 4040.62
2026.07.28 10:21:00,1628,1628,0,0,0.08,4051.49,0.00,0.00,0.00,770201,OBM1#L#4433
2026.07.28 12:11:00,1629,1629,1,0,0.06,4042.46,0.00,0.00,0.00,770201,OBM1#S#4426
2026.07.28 12:29:11,1630,1628,1,1,0.08,4039.43,-96.48,0.00,0.00,770201,sl 4039.49
2026.07.28 14:27:00,1631,1631,0,0,0.10,4028.65,0.00,0.00,0.00,770201,OBM1#L#4437
2026.07.28 15:48:00,1632,1632,0,0,0.08,4036.39,0.00,0.00,0.00,770201,OBM1#L#4439
2026.07.28 16:36:44,1633,1632,1,1,0.08,4025.40,-87.92,0.00,0.00,770201,sl 4025.41
2026.07.28 16:50:00,1634,1634,1,0,0.07,4025.06,0.00,0.00,0.00,770201,OBM1#S#4442
2026.07.28 17:20:08,1635,1631,1,1,0.10,4019.46,-91.90,0.00,0.00,770201,sl 4019.63
2026.07.28 18:20:17,1636,1634,0,1,0.07,4038.59,-94.71,0.00,0.00,770201,sl 4038.46
2026.07.28 19:35:00,1637,1637,1,0,0.20,4042.83,0.00,0.00,0.00,770201,OBM1#S#4446
2026.07.28 20:36:01,1638,1637,0,1,0.20,4033.55,185.60,0.00,0.00,770201,tp 4033.77
2026.07.28 21:59:00,1639,1639,1,0,0.17,4022.44,0.00,0.00,0.00,770201,OBM1#S#4452
2026.07.28 22:34:41,1640,1639,0,1,0.17,4027.93,-93.33,0.00,0.00,770201,sl 4027.92
2026.07.28 23:47:00,1641,1641,0,0,0.11,4030.69,0.00,0.00,0.00,770201,OBM1#L#4455
2026.07.29 01:18:55,1642,1641,1,1,0.11,4022.70,-87.89,0.00,-8.74,770201,sl 4022.70
2026.07.29 03:09:00,1643,1643,1,0,0.11,4019.80,0.00,0.00,0.00,770201,OBM1#S#4460
2026.07.29 03:21:55,1644,1643,0,1,0.11,4028.47,-95.37,0.00,0.00,770201,sl 4027.66
2026.07.29 03:49:00,1645,1645,1,0,0.14,4023.14,0.00,0.00,0.00,770201,OBM1#S#4459
2026.07.29 04:39:27,1646,1645,0,1,0.14,4029.62,-90.72,0.00,0.00,770201,sl 4029.58
2026.07.29 05:55:00,1647,1647,1,0,0.09,4029.91,0.00,0.00,0.00,770201,OBM1#S#4449
2026.07.29 07:01:00,1648,1648,1,0,0.07,4023.13,0.00,0.00,0.00,770201,OBM1#S#4467
2026.07.29 08:43:05,1649,1648,0,1,0.07,4035.59,-87.22,0.00,0.00,770201,sl 4035.53
2026.07.29 08:45:01,1650,1647,0,1,0.09,4040.00,-90.81,0.00,0.00,770201,sl 4039.99
2026.07.29 09:03:00,1651,1651,0,0,0.14,4035.88,0.00,0.00,0.00,770201,OBM1#L#4470
2026.07.29 10:13:00,1652,1652,0,0,0.14,4046.64,0.00,0.00,0.00,770201,OBM1#L#4471
2026.07.29 11:11:55,1653,1652,1,1,0.14,4040.26,-89.32,0.00,0.00,770201,sl 4040.30
2026.07.29 11:40:00,1654,1654,1,0,0.06,4037.96,0.00,0.00,0.00,770201,OBM1#S#4434
2026.07.29 13:38:50,1655,1651,1,1,0.14,4029.62,-87.64,0.00,0.00,770201,sl 4029.63
2026.07.29 14:36:00,1656,1656,1,0,0.29,4030.78,0.00,0.00,0.00,770201,OBM1#S#4477
2026.07.29 14:47:30,1657,1656,0,1,0.29,4033.95,-91.93,0.00,0.00,770201,sl 4033.79
2026.07.29 15:30:05,1658,1654,0,1,0.06,4010.62,164.04,0.00,0.00,770201,tp 4010.90
2026.07.29 15:30:12,1659,1629,0,1,0.06,4010.11,194.10,0.00,2.06,770201,tp 4010.14
2026.07.29 17:10:00,1660,1660,1,0,0.03,3999.57,0.00,0.00,0.00,770201,OBM1#S#4479
2026.07.29 17:57:00,1661,1661,0,0,0.10,4004.71,0.00,0.00,0.00,770201,OBM1#L#4481
2026.07.29 18:43:00,1662,1662,1,0,0.12,4008.87,0.00,0.00,0.00,770201,OBM1#S#4480
2026.07.29 19:23:06,1663,1662,0,1,0.12,4016.36,-89.88,0.00,0.00,770201,sl 4016.32
2026.07.29 19:52:39,1664,1661,1,1,0.10,4022.51,178.00,0.00,0.00,770201,tp 4022.43
2026.07.29 19:54:35,1665,1660,0,1,0.03,4024.18,-73.83,0.00,0.00,770201,sl 4023.98
2026.07.29 21:06:00,1666,1666,0,0,0.02,4076.45,0.00,0.00,0.00,770201,OBM1#L#4487
2026.07.29 21:35:00,1667,1667,1,0,0.03,4059.79,0.00,0.00,0.00,770201,OBM1#S#4489
2026.07.29 21:36:00,1668,1668,1,0,0.03,4055.65,0.00,0.00,0.00,770201,OBM1#S#4421
2026.07.29 21:43:42,1669,1668,0,1,0.03,4082.69,-81.12,0.00,0.00,770201,sl 4082.69
2026.07.29 21:44:32,1670,1667,0,1,0.03,4086.42,-79.89,0.00,0.00,770201,sl 4086.38
2026.07.30 01:43:00,1671,1671,0,0,0.02,4078.67,0.00,0.00,0.00,770201,OBM1#L#4488
2026.07.30 02:43:00,1672,1672,1,0,0.07,4090.98,0.00,0.00,0.00,770201,OBM1#S#4491
2026.07.30 03:43:16,1673,1672,0,1,0.07,4067.78,162.40,0.00,0.00,770201,tp 4067.78
2026.07.30 08:18:04,1674,1671,1,1,0.02,4041.13,-75.08,0.00,0.00,770201,sl 4041.31
2026.07.30 08:22:00,1675,1675,1,0,0.13,4041.99,0.00,0.00,0.00,770201,OBM1#S#4503
2026.07.30 08:30:22,1676,1675,0,1,0.13,4048.70,-87.23,0.00,0.00,770201,sl 4048.70
2026.07.30 08:37:12,1677,1666,1,1,0.02,4037.51,-77.88,0.00,-4.77,770201,sl 4037.52
2026.07.30 13:19:00,1678,1678,0,0,0.05,4075.66,0.00,0.00,0.00,770201,OBM1#L#4511
2026.07.30 15:59:00,1679,1679,1,0,0.04,4071.59,0.00,0.00,0.00,770201,OBM1#S#4497
2026.07.30 16:37:45,1680,1679,0,1,0.04,4090.96,-77.48,0.00,0.00,770201,sl 4090.70
2026.07.30 16:58:57,1681,1678,1,1,0.05,4107.97,161.55,0.00,0.00,770201,tp 4107.82
2026.07.30 18:24:00,1682,1682,1,0,0.04,4093.96,0.00,0.00,0.00,770201,OBM1#S#4514
2026.07.30 18:28:00,1683,1683,1,0,0.03,4094.89,0.00,0.00,0.00,770201,OBM1#S#4327
2026.07.30 19:01:28,1684,1682,0,1,0.04,4113.12,-76.64,0.00,0.00,770201,sl 4113.12
2026.07.30 22:32:00,1685,1685,0,0,0.07,4113.76,0.00,0.00,0.00,770201,OBM1#L#4527
2026.07.30 22:57:00,1686,1686,1,0,0.09,4109.88,0.00,0.00,0.00,770201,OBM1#S#4521
2026.07.30 23:48:06,1687,1685,1,1,0.07,4101.39,-86.59,0.00,0.00,770201,sl 4101.43
2026.07.31 01:16:00,1688,1688,0,0,0.09,4107.99,0.00,0.00,0.00,770201,OBM1#L#4529
2026.07.31 03:28:11,1689,1688,1,1,0.09,4098.67,-83.88,0.00,0.00,770201,sl 4098.70
2026.07.31 03:32:00,1690,1690,1,0,0.05,4095.13,0.00,0.00,0.00,770201,OBM1#S#4533
2026.07.31 04:14:26,1691,1686,0,1,0.09,4090.55,173.97,0.00,3.10,770201,tp 4090.60
2026.07.31 04:53:00,1692,1692,1,0,0.04,4083.93,0.00,0.00,0.00,770201,OBM1#S#4535
2026.07.31 11:12:44,1693,1690,0,1,0.05,4062.33,164.00,0.00,0.00,770201,tp 4062.33
2026.07.31 11:49:00,1694,1694,1,0,0.03,4061.31,0.00,0.00,0.00,770201,OBM1#S#4537
2026.07.31 15:42:41,1695,1692,0,1,0.04,4043.42,162.04,0.00,0.00,770201,tp 4043.59
2026.07.31 16:00:12,1696,1683,0,1,0.03,4039.41,166.44,0.00,1.03,770201,tp 4039.45
2026.07.31 19:29:00,1697,1697,0,0,0.12,4047.17,0.00,0.00,0.00,770201,OBM1#L#4558
2026.07.31 23:56:59,1698,1697,1,1,0.12,4043.76,-40.92,0.00,0.00,0,end of test
2026.07.31 23:56:59,1699,1694,0,1,0.03,4044.07,51.72,0.00,0.00,0,end of test
