time,open,high,low,close,tick_volume,spread,warmup
1777856400,4632.83,4637.77,4617.09,4625.54,1846,28,1
1777856700,4625.54,4627.12,4621.21,4621.92,1184,28,1
1777857000,4621.92,4623.60,4619.10,4622.98,1371,28,1
1777857300,4622.98,4623.10,4617.28,4621.90,1206,28,1
1777857600,4621.90,4621.91,4612.57,4617.10,1261,28,1
1777857900,4617.10,4622.68,4616.87,4620.76,1028,28,1
1777858200,4620.76,4623.86,4619.76,4623.48,987,23,1
1777858500,4623.48,4626.85,4622.81,4625.47,970,23,1
1777858800,4625.47,4629.32,4625.46,4628.11,914,23,1
1777859100,4628.11,4629.14,4625.73,4626.26,908,23,1
1777859400,4626.26,4627.51,4619.68,4619.77,1154,23,1
1777859700,4619.77,4621.20,4618.29,4618.82,1083,23,1
1777860000,4618.83,4620.87,4615.31,4619.24,1294,23,1
1777860300,4619.24,4619.90,4613.23,4615.40,1014,23,1
1777860600,4615.40,4615.84,4611.33,4614.98,1192,23,1
1777860900,4615.01,4616.89,4613.16,4616.27,1012,23,1
1777861200,4616.26,4616.26,4613.93,4615.76,883,23,1
1777861500,4615.76,4617.63,4614.77,4617.07,817,23,1
1777861800,4617.07,4618.33,4615.34,4617.52,838,23,1
1777862100,4617.52,4618.42,4614.74,4614.81,1024,23,1
1777862400,4614.79,4615.06,4612.85,4613.59,1038,23,1
1777862700,4613.60,4616.21,4611.61,4614.33,1241,23,1
1777863000,4614.31,4616.75,4613.08,4616.17,887,23,1
1777863300,4616.17,4616.99,4612.27,4613.90,1093,23,1
1777863600,4613.92,4613.92,4604.53,4608.47,1775,20,1
1777863900,4608.47,4616.48,4606.89,4615.26,1614,23,1
1777864200,4615.26,4615.89,4610.03,4612.20,1563,23,1
1777864500,4612.15,4614.68,4604.99,4607.74,1793,23,1
1777864800,4607.78,4609.49,4602.20,4604.44,1813,23,1
1777865100,4604.44,4606.51,4601.96,4606.02,1577,23,1
1777865400,4605.96,4609.96,4604.93,4608.29,1485,23,1
1777865700,4608.26,4609.96,4605.32,4606.29,1377,23,1
1777866000,4606.32,4608.83,4605.76,4605.76,1152,23,1
1777866300,4605.76,4610.27,4604.86,4609.45,1321,23,1
1777866600,4609.45,4609.85,4606.93,4609.53,1226,23,1
1777866900,4609.53,4613.44,4609.29,4613.01,1422,23,1
1777867200,4613.01,4614.02,4600.50,4601.22,1725,23,1
1777867500,4601.22,4603.45,4597.70,4599.10,1890,23,1
1777867800,4599.10,4601.73,4595.93,4600.57,1586,23,1
1777868100,4600.57,4604.43,4598.61,4599.11,1645,23,1
1777868400,4599.11,4600.15,4597.27,4598.03,1280,23,1
1777868700,4598.03,4598.41,4594.15,4594.58,1375,23,1
1777869000,4594.60,4599.54,4592.69,4599.22,1510,23,1
1777869300,4599.22,4600.37,4598.15,4600.22,1243,23,1
1777869600,4600.20,4601.60,4599.09,4601.44,1087,23,1
1777869900,4601.44,4603.36,4600.95,4601.19,1129,23,1
1777870200,4601.20,4606.68,4601.08,4606.15,1097,23,1
1777870500,4606.15,4613.71,4605.78,4613.02,1248,23,1
1777870800,4613.02,4618.49,4612.21,4613.15,1550,23,1
1777871100,4613.16,4613.39,4607.70,4608.83,1307,23,1
1777871400,4608.83,4610.15,4603.51,4608.33,1377,23,1
1777871700,4608.33,4608.33,4602.60,4605.04,1458,23,1
1777872000,4605.04,4605.13,4597.35,4598.36,1400,23,1
1777872300,4598.36,4599.06,4591.53,4593.05,1389,23,1
1777872600,4593.05,4595.98,4591.06,4595.46,1424,23,1
1777872900,4595.46,4601.68,4595.19,4600.62,1436,23,1
1777873200,4600.64,4603.88,4599.39,4603.88,1294,23,1
1777873500,4603.91,4605.14,4601.20,4604.53,1356,23,1
1777873800,4604.53,4610.29,4602.69,4609.53,1304,23,1
1777874100,4609.53,4611.05,4605.70,4605.81,1303,23,1
1777874400,4605.81,4607.23,4604.42,4605.34,1166,23,1
1777874700,4605.33,4608.96,4604.96,4608.28,1209,23,1
1777875000,4608.29,4611.74,4606.14,4610.02,1272,23,1
1777875300,4610.02,4610.70,4608.19,4608.88,1082,23,1
1777875600,4608.87,4610.32,4608.29,4609.85,957,23,1
1777875900,4609.85,4610.93,4608.30,4610.21,898,23,1
1777876200,4609.69,4611.19,4607.58,4608.02,1272,23,1
1777876500,4608.02,4608.04,4601.36,4601.39,1156,23,1
1777876800,4601.39,4605.16,4598.56,4604.97,1318,23,1
1777877100,4604.97,4612.79,4604.95,4610.19,2129,23,1
1777877400,4610.19,4614.24,4609.41,4613.46,1866,23,1
1777877700,4613.41,4617.18,4612.26,4615.08,1563,23,1
1777878000,4615.08,4615.42,4607.80,4610.31,1510,23,1
1777878300,4610.28,4612.17,4609.38,4610.80,1317,23,1
1777878600,4610.80,4612.15,4610.09,4611.20,1019,23,1
1777878900,4611.21,4613.15,4610.23,4611.19,891,23,1
1777879200,4611.25,4611.81,4608.11,4609.32,1278,23,1
1777879500,4609.32,4610.72,4607.12,4608.03,1081,23,1
1777879800,4608.00,4612.29,4607.30,4611.06,1215,23,1
1777880100,4611.07,4612.89,4610.15,4610.23,1134,23,1
1777880400,4610.23,4610.97,4607.23,4609.22,917,23,1
1777880700,4609.22,4609.52,4607.27,4607.63,724,23,1
1777881000,4607.63,4610.45,4607.21,4607.43,823,23,1
1777881300,4607.43,4607.57,4605.28,4605.89,1267,23,1
1777881600,4605.89,4606.44,4603.36,4604.37,1355,23,1
1777881900,4604.37,4606.74,4603.58,4606.12,985,23,1
1777882200,4606.12,4606.75,4601.95,4603.79,1240,23,1
1777882500,4603.79,4613.13,4600.94,4611.12,1603,23,1
1777882800,4611.11,4612.74,4604.41,4604.79,1680,23,1
1777883100,4604.79,4605.31,4595.71,4596.48,1750,23,1
1777883400,4596.48,4598.88,4592.32,4595.61,1670,23,1
1777883700,4595.62,4596.71,4593.21,4596.15,1529,23,1
1777884000,4596.14,4599.02,4593.18,4598.94,1629,23,1
1777884300,4598.94,4601.82,4597.05,4597.74,1223,23,1
1777884600,4597.69,4598.80,4594.34,4598.39,1319,23,1
1777884900,4598.43,4601.60,4597.24,4599.04,1552,23,1
1777885200,4599.02,4600.70,4591.53,4594.07,1890,23,1
1777885500,4594.06,4598.48,4587.86,4596.96,1791,23,1
1777885800,4596.87,4598.56,4593.39,4597.52,1493,23,1
1777886100,4597.52,4597.84,4591.44,4596.64,1480,23,1
1777886400,4596.67,4596.68,4589.98,4592.41,1434,23,1
1777886700,4592.40,4594.22,4589.15,4593.91,1313,23,1
1777887000,4593.91,4595.54,4587.41,4590.01,1676,23,1
1777887300,4589.99,4591.69,4585.01,4586.84,1526,20,1
1777887600,4586.71,4588.23,4584.53,4585.44,1500,23,1
1777887900,4585.42,4590.04,4583.67,4589.97,1535,23,1
1777888200,4589.97,4592.39,4588.50,4588.89,1494,23,1
1777888500,4588.88,4590.88,4587.09,4588.49,1306,23,1
1777888800,4588.54,4591.44,4585.62,4588.00,1796,23,1
1777889100,4588.02,4591.69,4587.52,4590.90,1599,23,1
1777889400,4590.90,4593.36,4588.10,4592.04,1276,23,1
1777889700,4592.06,4592.77,4586.92,4588.27,1339,23,1
1777890000,4588.27,4591.01,4587.42,4587.99,1294,23,1
1777890300,4587.99,4589.10,4583.30,4585.93,1344,23,1
1777890600,4585.93,4587.05,4583.06,4586.03,1564,23,1
1777890900,4586.03,4588.15,4582.75,4585.16,1516,23,1
1777891200,4585.12,4588.03,4582.76,4587.99,1518,23,1
1777891500,4587.99,4590.82,4586.79,4587.56,1516,23,1
1777891800,4587.57,4587.62,4581.28,4582.16,1519,23,1
1777892100,4582.18,4583.17,4578.00,4578.96,1640,23,1
1777892400,4578.98,4580.99,4575.41,4575.45,1909,23,1
1777892700,4575.45,4578.70,4574.22,4578.68,1855,23,1
1777893000,4578.68,4580.23,4576.95,4580.12,1556,23,1
1777893300,4580.12,4581.10,4574.40,4575.90,1651,23,1
1777893600,4575.90,4578.58,4575.77,4577.09,1525,23,1
1777893900,4577.09,4579.15,4574.16,4574.95,1610,23,1
1777894200,4574.96,4578.41,4573.69,4577.53,1594,23,1
1777894500,4577.53,4579.32,4575.71,4579.05,1357,23,1
1777894800,4579.05,4581.40,4577.95,4578.04,1439,23,1
1777895100,4578.04,4578.92,4576.63,4577.40,1395,23,1
1777895400,4577.40,4579.48,4576.50,4577.59,1343,23,1
1777895700,4577.62,4579.68,4575.83,4577.01,1440,23,1
1777896000,4577.01,4580.73,4576.20,4580.68,1690,23,1
1777896300,4580.65,4581.44,4579.53,4580.10,1331,23,1
1777896600,4580.10,4584.26,4579.37,4584.12,1210,23,1
1777896900,4584.00,4584.50,4581.02,4582.63,1406,23,1
1777897200,4582.63,4583.39,4580.71,4580.72,1249,23,1
1777897500,4580.72,4582.18,4580.40,4581.32,1027,23,1
1777897800,4581.32,4582.60,4580.42,4582.41,1086,23,1
1777898100,4582.42,4584.49,4582.31,4583.74,982,23,1
1777898400,4583.75,4584.22,4580.96,4581.30,980,23,1
1777898700,4581.30,4582.26,4579.29,4581.97,1142,23,1
1777899000,4581.97,4582.00,4577.68,4579.21,1134,23,1
1777899300,4579.24,4579.52,4572.40,4575.44,1385,23,1
1777899600,4575.44,4575.84,4551.24,4560.02,2357,23,1
1777899900,4560.23,4560.23,4543.08,4547.34,2713,23,1
1777900200,4547.32,4548.77,4537.42,4541.93,2585,23,1
1777900500,4541.96,4543.60,4534.49,4538.06,2552,23,1
1777900800,4538.05,4539.52,4526.07,4536.32,2447,23,1
1777901100,4536.21,4545.19,4536.21,4544.97,2212,23,1
1777901400,4544.92,4558.36,4543.06,4557.56,2391,23,1
1777901700,4557.71,4563.03,4555.84,4561.47,2282,23,1
1777902000,4561.45,4564.08,4558.17,4558.65,1975,23,1
1777902300,4558.65,4566.87,4558.32,4566.48,1788,23,1
1777902600,4566.52,4566.58,4561.60,4561.70,1773,23,1
1777902900,4561.72,4564.55,4560.54,4562.64,1739,23,1
1777903200,4562.63,4570.74,4562.54,4562.70,2155,23,1
1777903500,4562.63,4567.64,4561.29,4566.70,1785,23,1
1777903800,4566.76,4567.82,4563.72,4565.34,1687,23,1
1777904100,4565.34,4569.92,4565.29,4568.77,1793,23,1
1777904400,4568.76,4568.95,4563.97,4564.21,1599,23,1
1777904700,4564.19,4565.23,4561.72,4562.28,1502,23,1
1777905000,4562.24,4562.54,4556.93,4556.93,1669,23,1
1777905300,4556.72,4560.32,4551.47,4553.69,1927,23,1
1777905600,4553.94,4557.34,4553.20,4553.49,1858,23,1
1777905900,4553.49,4558.04,4553.06,4555.73,1712,23,1
1777906200,4555.72,4559.72,4555.35,4558.87,1673,23,1
1777906500,4558.84,4563.03,4557.92,4559.89,1696,23,1
1777906800,4560.31,4563.80,4559.30,4563.06,1736,23,1
1777907100,4563.06,4563.27,4559.60,4560.62,1636,23,1
1777907400,4560.63,4565.76,4560.06,4563.68,1550,23,1
1777907700,4563.69,4574.68,4563.33,4573.38,2055,23,1
1777908000,4573.34,4579.28,4572.14,4572.33,2029,23,1
1777908300,4572.33,4572.74,4565.41,4568.54,1897,23,1
1777908600,4568.54,4570.28,4564.92,4566.06,1712,23,1
1777908900,4566.00,4569.81,4561.21,4568.43,1693,23,1
1777909200,4568.43,4571.64,4567.65,4570.05,1674,23,1
1777909500,4570.05,4572.86,4566.45,4570.51,1591,23,1
1777909800,4570.51,4575.90,4570.05,4572.01,1659,23,1
1777910100,4571.95,4573.64,4568.01,4568.65,1668,23,1
1777910400,4568.37,4568.51,4557.39,4565.46,2410,23,1
1777910700,4565.50,4573.30,4564.10,4572.00,2015,23,1
1777911000,4572.23,4575.84,4563.37,4565.86,2086,23,1
1777911300,4565.89,4567.55,4563.54,4564.66,1900,23,1
1777911600,4564.67,4567.14,4561.74,4562.74,1758,23,1
1777911900,4562.62,4565.37,4561.04,4561.04,1678,23,1
1777912200,4561.03,4570.65,4555.64,4570.08,2544,23,1
1777912500,4570.17,4570.73,4563.97,4566.79,2351,23,1
1777912800,4566.78,4570.64,4562.67,4565.41,2229,23,1
1777913100,4565.41,4566.78,4561.37,4561.42,2365,23,1
1777913400,4561.48,4565.55,4557.52,4563.13,2294,23,1
1777913700,4563.11,4566.14,4560.16,4564.02,2088,23,1
1777914000,4564.02,4565.45,4559.30,4560.22,2278,23,1
1777914300,4560.20,4561.24,4553.54,4555.04,2422,23,1
1777914600,4555.01,4562.99,4553.70,4560.18,2335,23,1
1777914900,4560.18,4574.01,4559.65,4572.68,2364,23,1
1777915200,4572.77,4582.22,4572.31,4576.91,2298,23,1
1777915500,4576.91,4577.55,4570.58,4571.25,2178,23,1
1777915800,4571.24,4579.29,4570.26,4575.79,2223,23,1
1777916100,4575.83,4581.46,4575.35,4579.60,2083,23,1
1777916400,4579.60,4583.21,4574.35,4574.44,2047,23,1
1777916700,4574.44,4576.98,4569.29,4570.87,2067,23,1
1777917000,4570.87,4571.34,4567.16,4570.20,1941,23,1
1777917300,4570.20,4572.24,4559.84,4561.46,2334,23,1
1777917600,4561.44,4566.01,4554.81,4561.09,2455,23,1
1777917900,4561.22,4561.80,4555.43,4557.96,2270,23,1
1777918200,4557.95,4559.86,4548.27,4548.54,2261,23,1
1777918500,4548.58,4555.43,4538.15,4540.31,2530,23,1
1777918800,4540.31,4540.91,4514.47,4521.68,2824,23,1
1777919100,4521.72,4539.81,4515.50,4537.89,2717,23,1
1777919400,4537.85,4539.04,4527.70,4535.23,2603,23,1
1777919700,4535.13,4542.84,4530.23,4534.90,2547,23,1
1777920000,4534.92,4537.33,4531.92,4535.01,2377,23,1
1777920300,4535.00,4535.05,4522.97,4522.97,2293,23,1
1777920600,4523.00,4530.26,4513.16,4528.25,2622,23,1
1777920900,4528.22,4530.36,4521.10,4521.49,2419,23,1
1777921200,4521.54,4525.41,4516.73,4522.11,2414,23,1
1777921500,4522.11,4523.69,4504.53,4510.95,2563,23,1
1777921800,4510.89,4516.13,4500.68,4509.56,2624,23,1
1777922100,4509.68,4526.52,4508.73,4522.50,2683,23,1
1777922400,4522.54,4526.91,4520.66,4521.35,2419,23,1
1777922700,4521.36,4523.75,4513.08,4514.92,2328,23,1
1777923000,4514.84,4518.79,4513.22,4517.86,2245,23,1
1777923300,4517.87,4518.60,4512.03,4513.48,2083,23,1
1777923600,4513.48,4516.52,4511.53,4512.50,2072,23,1
1777923900,4512.50,4515.99,4508.53,4509.91,2130,23,1
1777924200,4509.82,4512.37,4507.43,4509.13,2191,23,1
1777924500,4509.13,4511.64,4507.46,4510.62,2058,23,1
1777924800,4510.63,4521.25,4510.63,4520.96,2340,23,1
1777925100,4521.05,4526.07,4520.42,4523.84,2189,23,1
1777925400,4523.84,4526.10,4521.82,4522.34,1917,23,1
1777925700,4522.37,4531.58,4521.73,4529.11,2289,23,1
1777926000,4529.04,4530.72,4525.51,4525.67,2085,23,1
1777926300,4525.67,4526.96,4521.66,4524.37,2113,23,1
1777926600,4524.38,4527.54,4523.72,4525.61,1723,23,1
1777926900,4525.65,4526.45,4521.73,4524.98,1831,23,1
1777927200,4524.98,4526.20,4523.07,4526.02,1672,23,1
1777927500,4526.00,4526.69,4522.44,4522.44,1538,23,1
1777927800,4522.46,4525.79,4522.04,4523.13,1574,23,1
1777928100,4522.88,4523.80,4521.59,4522.29,1555,23,1
1777928400,4522.28,4525.29,4521.10,4523.38,1626,23,1
1777928700,4523.38,4524.40,4518.69,4519.37,1641,23,1
1777929000,4519.36,4521.70,4518.89,4519.97,1494,23,1
1777929300,4519.94,4520.22,4516.83,4518.13,1606,23,1
1777929600,4517.97,4517.98,4514.15,4514.21,1712,23,1
1777929900,4514.19,4515.10,4509.88,4511.95,1898,23,1
1777930200,4511.95,4514.68,4510.69,4514.58,1781,23,1
1777930500,4514.58,4514.94,4511.51,4514.82,1686,23,1
1777930800,4514.82,4514.90,4510.59,4511.83,1486,23,1
1777931100,4511.85,4515.23,4510.84,4514.86,1533,23,1
1777931400,4514.86,4515.82,4511.54,4513.43,1593,23,1
1777931700,4513.68,4516.31,4512.57,4516.25,1554,23,1
1777932000,4516.25,4516.97,4511.42,4511.55,1563,23,1
1777932300,4511.58,4523.33,4511.52,4517.93,2129,23,1
1777932600,4517.73,4520.06,4516.61,4518.92,1672,23,1
1777932900,4518.92,4521.78,4517.46,4520.61,1594,23,1
1777933200,4520.61,4524.53,4519.61,4524.53,1720,23,1
1777933500,4524.53,4525.89,4519.95,4522.41,1759,23,1
1777933800,4522.37,4523.82,4520.90,4522.68,1536,23,1
1777934100,4522.75,4527.13,4522.74,4524.24,1506,23,1
1777934400,4524.24,4525.94,4520.47,4521.17,1521,23,1
1777934700,4521.18,4523.36,4519.50,4521.27,1505,23,1
1777935000,4521.26,4521.26,4518.55,4519.17,1634,23,1
1777935300,4519.18,4520.22,4515.32,4517.81,1813,23,1
1777935600,4517.86,4518.12,4513.98,4515.13,1038,23,1
1777935900,4515.13,4516.03,4513.54,4513.97,885,23,1
1777936200,4513.97,4514.93,4511.75,4514.71,1121,23,1
1777936500,4514.71,4514.81,4512.34,4512.95,676,23,1
1777936800,4512.95,4513.81,4511.91,4512.95,706,23,1
1777937100,4512.95,4515.61,4512.92,4515.18,709,23,1
1777937400,4515.18,4517.43,4515.11,4517.24,706,23,1
1777937700,4517.24,4517.70,4516.06,4516.96,712,28,1
1777938000,4516.96,4518.83,4514.61,4518.68,829,28,1
1777938300,4518.68,4522.46,4518.63,4521.51,841,28,1
1777938600,4521.51,4521.62,4519.81,4521.28,598,28,1
1777938900,4521.27,4523.19,4521.27,4523.16,419,28,1
1777942800,4523.90,4525.43,4520.34,4520.42,859,28,1
1777943100,4520.42,4522.65,4518.06,4522.47,859,28,1
1777943400,4522.47,4522.84,4520.54,4521.14,680,28,1
1777943700,4521.14,4522.70,4519.81,4520.23,568,28,1
1777944000,4520.23,4522.32,4519.79,4519.83,542,28,1
1777944300,4519.82,4520.94,4519.35,4519.81,461,28,1
1777944600,4519.81,4522.18,4519.78,4521.43,631,23,1
1777944900,4521.28,4521.33,4519.47,4519.74,578,23,1
1777945200,4519.74,4520.64,4518.91,4519.16,559,23,1
1777945500,4519.16,4519.41,4516.92,4518.26,675,23,1
1777945800,4518.26,4518.29,4515.64,4516.47,717,23,1
1777946100,4516.47,4517.92,4515.69,4517.48,529,23,1
1777946400,4517.48,4518.60,4516.17,4518.15,697,23,1
1777946700,4518.15,4520.30,4517.95,4519.49,630,23,1
1777947000,4519.49,4521.00,4518.13,4520.41,657,23,1
1777947300,4520.41,4520.97,4519.16,4519.85,564,23,1
1777947600,4519.85,4521.53,4519.82,4521.48,510,23,1
1777947900,4521.48,4521.55,4520.49,4521.07,413,23,1
1777948200,4521.07,4521.23,4519.79,4521.08,534,23,1
1777948500,4521.08,4521.11,4519.80,4520.51,422,23,1
1777948800,4520.51,4521.31,4518.32,4518.46,604,23,1
1777949100,4518.46,4520.67,4517.89,4520.12,681,23,1
1777949400,4520.12,4520.12,4517.31,4519.07,791,23,1
1777949700,4519.08,4520.33,4518.44,4519.03,801,23,1
1777950000,4519.01,4524.11,4517.67,4522.85,1524,21,1
1777950300,4522.85,4526.64,4522.45,4526.28,1420,23,1
1777950600,4526.28,4528.53,4525.29,4527.92,1237,23,1
1777950900,4527.92,4527.92,4522.69,4523.45,1563,23,1
1777951200,4523.44,4523.78,4516.89,4519.42,1564,23,1
1777951500,4519.42,4519.85,4513.60,4517.05,1431,23,1
1777951800,4517.04,4518.61,4516.03,4518.01,1250,23,1
1777952100,4518.05,4521.43,4517.67,4520.97,1161,23,1
1777952400,4520.97,4524.25,4519.87,4523.81,1182,23,1
1777952700,4523.80,4527.83,4523.79,4526.69,1253,23,1
1777953000,4526.69,4529.55,4525.83,4528.58,1285,23,1
1777953300,4528.62,4530.36,4527.11,4530.02,1157,23,1
1777953600,4530.03,4534.38,4525.44,4534.36,1756,23,1
1777953900,4534.27,4535.69,4533.33,4534.64,1291,23,1
1777954200,4534.64,4539.45,4533.90,4538.75,1379,23,1
1777954500,4538.75,4540.01,4535.99,4536.93,1262,23,1
1777954800,4536.93,4539.83,4536.75,4537.89,1415,23,1
1777955100,4537.89,4538.34,4535.24,4537.80,1272,23,1
1777955400,4537.80,4538.26,4534.10,4534.82,1518,23,1
1777955700,4534.81,4542.24,4534.32,4537.13,1689,23,1
1777956000,4537.13,4539.32,4535.90,4536.91,1471,23,1
1777956300,4536.91,4540.68,4536.19,4539.58,1184,23,1
1777956600,4539.58,4540.47,4537.92,4538.13,1173,23,1
1777956900,4538.13,4541.29,4537.28,4540.92,1087,23,1
1777957200,4540.91,4542.55,4539.27,4539.27,1277,23,1
1777957500,4539.27,4539.82,4537.50,4538.49,1038,23,1
1777957800,4538.43,4539.98,4537.61,4538.54,985,23,1
1777958100,4538.54,4539.36,4535.46,4535.46,966,23,1
1777958400,4535.46,4538.27,4534.67,4538.26,991,23,1
1777958700,4538.26,4541.72,4537.57,4541.46,1009,23,1
1777959000,4541.47,4543.56,4540.16,4541.53,1074,23,1
1777959300,4541.53,4542.75,4540.47,4542.33,1000,23,1
1777959600,4542.33,4545.86,4541.93,4544.43,1056,23,1
1777959900,4544.43,4546.62,4542.98,4544.13,1375,23,1
1777960200,4544.19,4544.37,4541.59,4541.92,1058,23,1
1777960500,4541.92,4542.02,4538.82,4539.03,986,23,1
1777960800,4539.03,4541.01,4537.54,4541.01,1218,23,1
1777961100,4540.99,4542.20,4540.00,4540.95,778,23,1
1777961400,4540.95,4542.16,4539.77,4542.05,739,23,1
1777961700,4542.05,4542.66,4539.83,4540.67,684,23,1
1777962000,4540.67,4542.01,4537.53,4538.23,735,23,1
1777962300,4538.23,4539.54,4537.33,4537.99,894,23,1
1777962600,4537.97,4538.40,4536.81,4538.28,854,23,1
1777962900,4538.26,4539.22,4537.51,4538.54,766,23,1
1777963200,4538.54,4538.54,4535.62,4536.08,770,23,1
1777963500,4536.09,4537.09,4535.74,4536.46,702,23,1
1777963800,4536.46,4536.59,4535.10,4535.23,758,23,1
1777964100,4535.23,4535.94,4532.42,4534.56,1150,23,1
1777964400,4534.56,4535.73,4533.28,4535.01,917,23,1
1777964700,4535.02,4535.61,4533.26,4533.99,883,23,1
1777965000,4533.82,4534.13,4532.59,4532.94,641,23,1
1777965300,4532.94,4533.91,4530.67,4530.81,851,23,1
1777965600,4530.82,4532.89,4529.75,4530.68,1019,23,1
1777965900,4530.68,4531.16,4529.45,4529.60,770,23,1
1777966200,4529.60,4533.57,4528.01,4532.99,1249,23,1
1777966500,4532.99,4533.41,4531.42,4531.84,862,23,1
1777966800,4531.84,4532.19,4531.31,4531.67,692,23,1
1777967100,4531.67,4534.57,4531.32,4534.56,781,23,1
1777967400,4534.56,4536.60,4533.64,4534.84,926,23,1
1777967700,4534.84,4534.85,4531.38,4533.66,1156,23,1
1777968000,4533.66,4536.99,4531.48,4536.94,1367,23,1
1777968300,4536.94,4545.45,4536.24,4543.06,1465,23,1
1777968600,4543.06,4544.21,4539.65,4540.30,1235,23,1
1777968900,4540.34,4540.44,4535.69,4536.63,1227,23,1
1777969200,4536.63,4539.48,4536.53,4539.36,1038,23,1
1777969500,4539.36,4540.07,4537.74,4539.93,1054,23,1
1777969800,4539.93,4547.32,4539.80,4547.06,1405,23,1
1777970100,4547.16,4551.02,4546.66,4548.40,1789,23,1
1777970400,4548.39,4551.65,4545.95,4546.10,1450,23,1
1777970700,4546.10,4548.08,4545.25,4547.44,1319,23,1
1777971000,4547.44,4548.86,4544.73,4545.55,1064,23,1
1777971300,4545.56,4547.17,4543.61,4545.68,1091,23,1
1777971600,4545.70,4552.06,4543.87,4543.88,1759,23,1
1777971900,4543.89,4545.62,4541.63,4543.96,1443,23,1
1777972200,4543.96,4545.85,4542.25,4543.57,1453,23,1
1777972500,4543.57,4544.79,4538.95,4539.29,1333,23,1
1777972800,4539.19,4539.75,4533.79,4535.13,1354,23,1
1777973100,4535.13,4537.81,4534.33,4536.89,1366,23,1
1777973400,4536.89,4544.18,4536.28,4542.87,1466,23,1
1777973700,4542.87,4549.44,4542.55,4548.09,1514,23,1
1777974000,4548.05,4548.54,4544.84,4546.26,1510,23,1
1777974300,4546.25,4548.47,4545.49,4548.47,1313,23,1
1777974600,4548.47,4550.91,4547.76,4550.22,1268,23,1
1777974900,4550.22,4550.92,4547.09,4548.08,1371,23,1
1777975200,4548.09,4554.15,4547.54,4552.90,1677,23,1
1777975500,4552.89,4554.67,4551.25,4552.27,1394,23,1
1777975800,4552.28,4555.10,4550.74,4554.10,1388,23,1
1777976100,4554.07,4555.62,4552.47,4554.85,1451,23,1
1777976400,4554.87,4555.49,4551.22,4551.22,1195,23,1
1777976700,4551.23,4551.55,4548.45,4548.89,1275,23,1
1777977000,4548.87,4552.44,4548.87,4552.39,1318,23,1
1777977300,4552.39,4558.21,4551.87,4554.59,1908,23,1
1777977600,4554.53,4556.12,4551.25,4551.28,1610,23,1
1777977900,4551.26,4551.87,4545.57,4545.58,1569,23,1
1777978200,4545.57,4548.01,4544.32,4545.79,1331,23,1
1777978500,4545.74,4545.94,4543.32,4545.51,1432,23,1
1777978800,4545.50,4550.08,4545.48,4549.99,1594,23,1
1777979100,4550.00,4551.59,4546.94,4547.82,1527,23,1
1777979400,4547.82,4553.46,4546.61,4551.08,1392,23,1
1777979700,4551.11,4552.72,4549.05,4550.83,1325,23,1
1777980000,4550.81,4553.87,4549.51,4551.93,1454,23,1
1777980300,4551.93,4554.71,4551.23,4551.42,1719,23,1
1777980600,4551.17,4553.06,4550.46,4551.39,1397,23,1
1777980900,4551.39,4553.14,4547.88,4550.10,1294,23,1
1777981200,4550.04,4551.48,4548.28,4549.81,1473,23,1
1777981500,4549.84,4551.98,4548.17,4551.80,1368,23,1
1777981800,4551.84,4557.80,4551.77,4557.19,1440,23,1
1777982100,4557.21,4559.65,4555.49,4558.35,1560,23,1
1777982400,4558.46,4558.95,4553.61,4555.13,1786,23,1
1777982700,4555.13,4560.42,4555.11,4559.15,1587,23,1
1777983000,4559.15,4560.25,4556.81,4557.72,1297,23,1
1777983300,4557.73,4557.84,4553.90,4554.18,1487,23,1
1777983600,4554.18,4556.75,4553.26,4554.90,1312,23,1
1777983900,4554.90,4555.84,4552.27,4552.32,1160,23,1
1777984200,4552.32,4558.26,4551.07,4553.48,1633,23,1
1777984500,4553.48,4556.88,4553.09,4555.08,1169,23,1
1777984800,4555.08,4556.33,4553.81,4555.48,1078,23,1
1777985100,4555.48,4557.24,4553.10,4553.90,1028,23,1
1777985400,4553.90,4554.67,4552.80,4554.10,1197,23,1
1777985700,4554.16,4556.47,4553.36,4556.24,1130,23,1
1777986000,4556.24,4556.88,4554.55,4555.75,1217,23,1
1777986300,4555.76,4556.44,4552.14,4552.26,1070,23,1
1777986600,4552.26,4554.68,4550.70,4553.05,1268,23,1
1777986900,4553.05,4555.03,4551.34,4552.51,1252,23,1
1777987200,4552.56,4553.86,4552.27,4552.80,964,23,1
1777987500,4552.80,4552.80,4546.91,4547.90,1431,23,1
1777987800,4547.90,4554.07,4546.64,4553.46,1381,23,1
1777988100,4553.47,4554.00,4550.87,4550.87,1415,23,1
1777988400,4550.87,4550.89,4544.29,4545.07,1329,23,1
1777988700,4545.12,4545.73,4544.20,4544.51,1198,23,1
1777989000,4544.51,4544.96,4540.22,4540.99,1189,23,1
1777989300,4540.99,4544.91,4540.97,4543.77,1363,23,1
1777989600,4543.77,4544.68,4539.86,4543.35,1894,23,1
1777989900,4543.37,4550.02,4542.81,4549.99,1501,23,1
1777990200,4550.00,4553.09,4549.47,4552.64,1468,23,1
1777990500,4552.66,4555.86,4549.78,4550.09,1582,23,1
1777990800,4550.10,4556.45,4549.93,4554.26,1484,23,1
1777991100,4554.26,4557.58,4553.57,4556.09,1518,23,1
1777991400,4556.06,4558.85,4555.03,4557.10,1639,23,1
1777991700,4557.04,4560.65,4556.46,4556.72,1405,23,1
1777992000,4556.72,4564.66,4556.11,4563.34,1635,23,1
1777992300,4563.40,4564.85,4560.45,4562.20,1540,23,1
1777992600,4562.20,4562.27,4559.55,4560.88,1394,23,1
1777992900,4560.88,4562.74,4559.17,4562.74,1338,23,1
1777993200,4562.72,4563.12,4554.23,4556.74,1729,23,1
1777993500,4556.74,4563.76,4555.83,4558.22,2063,23,1
1777993800,4558.22,4567.07,4557.98,4565.00,2178,23,1
1777994100,4564.99,4566.56,4561.17,4561.86,1822,23,1
1777994400,4561.83,4572.28,4561.83,4572.12,2072,23,1
1777994700,4572.14,4574.28,4571.31,4573.87,1672,23,1
1777995000,4573.87,4574.62,4566.80,4569.24,1788,23,1
1777995300,4569.24,4571.03,4566.73,4570.09,1605,23,1
1777995600,4570.08,4570.29,4566.97,4567.14,1488,23,1
1777995900,4567.14,4568.55,4562.97,4563.72,1610,23,1
1777996200,4563.74,4564.78,4561.76,4563.07,1434,23,1
1777996500,4563.05,4565.92,4562.62,4564.62,1485,23,1
1777996800,4564.59,4575.32,4564.30,4574.24,1853,23,1
1777997100,4574.23,4580.59,4574.05,4576.16,1988,23,1
1777997400,4576.14,4581.04,4574.69,4578.76,1965,23,1
1777997700,4578.77,4584.92,4578.34,4580.96,1924,23,1
1777998000,4580.97,4581.73,4576.23,4576.52,1720,23,1
1777998300,4576.55,4581.33,4576.33,4576.84,1810,23,1
1777998600,4576.81,4581.70,4576.41,4580.39,2347,23,1
1777998900,4580.40,4581.26,4572.67,4574.36,2256,23,1
1777999200,4574.37,4577.21,4571.65,4574.03,2053,23,1
1777999500,4574.03,4577.24,4572.88,4575.83,2090,23,1
1777999800,4575.86,4583.10,4575.39,4580.76,2016,23,1
1778000100,4580.76,4581.17,4577.54,4579.35,1788,23,1
1778000400,4579.34,4584.03,4575.73,4578.69,2088,23,1
1778000700,4578.72,4584.29,4577.40,4583.71,2140,23,1
1778001000,4583.70,4583.84,4570.85,4573.66,2227,23,1
1778001300,4573.64,4573.74,4565.96,4570.33,2461,23,1
1778001600,4570.34,4579.55,4568.25,4579.34,2221,23,1
1778001900,4579.16,4586.55,4579.06,4584.22,2240,23,1
1778002200,4584.11,4585.72,4580.28,4581.94,2075,23,1
1778002500,4581.89,4582.69,4577.51,4581.26,1994,23,1
1778002800,4581.26,4585.43,4580.71,4583.00,1897,23,1
1778003100,4583.00,4583.05,4576.10,4577.74,1999,23,1
1778003400,4577.75,4579.29,4575.52,4578.47,1888,23,1
1778003700,4578.48,4582.46,4578.22,4582.33,1803,23,1
1778004000,4582.34,4583.82,4577.75,4583.63,1875,23,1
1778004300,4583.64,4583.64,4580.19,4580.22,1746,23,1
1778004600,4580.22,4581.83,4579.51,4580.82,1721,23,1
1778004900,4580.83,4581.45,4578.05,4578.42,1735,23,1
1778005200,4578.43,4579.94,4575.65,4576.57,1667,23,1
1778005500,4576.60,4579.42,4575.43,4578.93,1850,23,1
1778005800,4579.19,4581.00,4576.57,4577.61,1843,23,1
1778006100,4577.61,4579.30,4575.14,4575.68,1798,23,1
1778006400,4575.81,4576.13,4572.63,4572.94,1608,23,1
1778006700,4572.95,4575.37,4572.28,4574.20,1798,23,1
1778007000,4574.19,4575.86,4570.05,4570.89,1625,23,1
1778007300,4570.91,4571.19,4568.35,4568.54,1657,23,1
1778007600,4568.52,4568.99,4564.58,4567.05,1827,23,1
1778007900,4567.05,4567.93,4562.77,4564.34,1632,23,1
1778008200,4564.34,4566.51,4562.34,4566.32,1374,23,1
1778008500,4566.29,4566.29,4563.63,4564.57,1312,23,1
1778008800,4564.57,4565.62,4561.66,4561.69,1423,23,1
1778009100,4561.70,4561.89,4556.17,4559.66,2029,23,1
1778009400,4559.70,4560.11,4553.72,4557.94,1789,23,1
1778009700,4557.91,4559.30,4555.75,4556.10,1591,23,1
1778010000,4555.93,4558.72,4555.91,4556.62,1577,23,1
1778010300,4556.63,4558.09,4555.70,4557.33,1502,23,1
1778010600,4557.37,4560.38,4557.30,4560.14,1480,23,1
1778010900,4560.13,4562.82,4560.03,4561.20,1429,23,1
1778011200,4561.20,4562.56,4558.79,4559.29,1636,23,1
1778011500,4559.34,4559.79,4553.35,4554.68,1631,23,1
1778011800,4554.71,4556.21,4553.27,4556.15,1609,23,1
1778012100,4556.15,4560.90,4556.07,4560.87,1484,23,1
1778012400,4560.87,4561.45,4559.16,4559.28,1571,23,1
1778012700,4559.26,4560.17,4557.55,4558.60,1640,23,1
1778013000,4558.61,4561.68,4556.08,4561.34,1678,23,1
1778013300,4561.34,4562.72,4559.81,4560.78,1539,23,1
1778013600,4560.78,4562.36,4560.42,4560.42,1281,23,1
1778013900,4560.42,4562.24,4559.72,4562.12,1327,23,1
1778014200,4562.12,4562.15,4558.22,4558.68,1434,23,1
1778014500,4558.73,4560.19,4558.42,4559.81,1101,23,1
1778014800,4559.81,4561.25,4558.69,4559.59,1233,23,1
1778015100,4559.59,4561.97,4559.58,4560.85,1143,23,1
1778015400,4560.85,4564.88,4559.91,4564.34,1336,23,1
1778015700,4564.34,4565.47,4562.49,4562.53,1230,23,1
1778016000,4562.53,4563.57,4561.22,4561.99,1178,23,1
1778016300,4561.99,4563.22,4561.34,4562.14,1125,23,1
1778016600,4562.15,4562.57,4558.91,4558.96,1124,23,1
1778016900,4558.96,4559.96,4558.49,4559.64,1130,23,1
1778017200,4559.64,4562.52,4557.62,4561.54,1290,23,1
1778017500,4561.55,4565.71,4561.50,4562.80,1532,23,1
1778017800,4562.80,4563.38,4560.60,4560.67,1465,23,1
1778018100,4560.65,4561.40,4559.63,4561.03,1244,23,1
1778018400,4561.02,4561.48,4558.37,4558.79,1279,23,1
1778018700,4558.81,4560.25,4557.63,4557.82,1268,23,1
1778019000,4557.82,4558.78,4556.88,4557.27,1118,23,1
1778019300,4557.26,4558.38,4554.94,4558.19,1202,23,1
1778019600,4558.19,4558.86,4556.79,4557.12,1009,23,1
1778019900,4557.12,4557.27,4555.52,4556.20,1088,23,1
1778020200,4556.20,4557.46,4556.10,4556.43,1066,23,1
1778020500,4556.43,4558.11,4555.71,4556.94,1044,23,1
1778020800,4556.94,4557.04,4555.60,4555.66,945,23,1
1778021100,4555.65,4558.87,4554.97,4558.86,1052,23,1
1778021400,4558.86,4558.86,4554.30,4554.92,1412,23,1
1778021700,4554.92,4555.62,4551.56,4554.81,1856,23,1
1778022000,4554.66,4555.70,4553.98,4554.35,921,23,1
1778022300,4554.35,4556.29,4554.30,4555.78,664,23,1
1778022600,4555.78,4557.15,4555.53,4556.91,545,23,1
1778022900,4556.91,4557.79,4556.03,4556.43,937,23,1
1778023200,4556.43,4556.76,4555.44,4556.20,783,23,1
1778023500,4556.20,4559.77,4556.20,4559.18,1022,23,1
1778023800,4559.18,4559.98,4557.55,4557.75,959,23,1
1778024100,4557.75,4557.75,4555.76,4555.94,644,28,1
1778024400,4555.93,4556.55,4554.86,4555.57,657,28,1
1778024700,4555.57,4556.47,4554.80,4556.01,690,28,1
1778025000,4556.01,4556.63,4554.50,4554.98,444,28,1
1778025300,4554.98,4556.88,4554.77,4556.21,519,28,1
1778029200,4560.33,4560.33,4550.34,4552.58,1157,28,1
1778029500,4552.59,4552.59,4549.04,4551.40,779,28,1
1778029800,4551.40,4552.14,4549.77,4550.36,806,28,1
1778030100,4550.41,4550.88,4548.48,4548.96,850,28,1
1778030400,4548.96,4549.94,4547.59,4549.70,711,28,1
1778030700,4549.70,4549.79,4546.44,4546.67,823,28,1
1778031000,4546.67,4549.34,4546.29,4549.19,752,23,1
1778031300,4549.19,4550.85,4549.01,4549.97,673,23,1
1778031600,4549.97,4550.77,4548.73,4548.77,735,23,1
1778031900,4548.77,4548.77,4547.02,4547.65,692,23,1
1778032200,4547.65,4558.90,4547.37,4558.63,1418,23,1
1778032500,4558.65,4577.18,4558.65,4573.31,1968,23,1
1778032800,4573.31,4575.64,4569.48,4575.05,1544,23,1
1778033100,4574.98,4580.49,4572.94,4579.51,1520,23,1
1778033400,4579.52,4590.46,4577.74,4588.68,1929,23,1
1778033700,4588.73,4589.50,4583.60,4585.77,1696,23,1
1778034000,4585.80,4589.13,4583.34,4584.57,1584,23,1
1778034300,4584.58,4585.25,4582.09,4582.16,1357,23,1
1778034600,4582.16,4585.64,4579.53,4584.29,1421,23,1
1778034900,4584.29,4587.54,4583.66,4586.74,1074,23,1
1778035200,4586.73,4588.47,4584.96,4585.00,1113,23,1
1778035500,4585.26,4593.98,4584.67,4593.70,1308,23,1
1778035800,4593.69,4594.90,4592.00,4592.08,1344,23,1
1778036100,4592.08,4595.69,4591.19,4593.96,1149,23,1
1778036400,4593.97,4598.03,4591.78,4595.54,1949,23,1
1778036700,4595.54,4596.18,4591.21,4592.51,1810,23,1
1778037000,4592.53,4593.04,4589.31,4591.71,1663,23,1
1778037300,4591.71,4597.41,4588.24,4596.29,1871,23,1
1778037600,4596.28,4602.85,4596.17,4602.40,1867,23,1
1778037900,4602.40,4604.19,4599.99,4602.27,1609,23,1
1778038200,4602.27,4608.99,4602.06,4608.84,1624,23,1
1778038500,4608.84,4610.32,4607.82,4608.34,1550,23,1
1778038800,4608.34,4610.87,4607.70,4610.36,1458,23,1
1778039100,4610.28,4610.90,4609.53,4609.89,1503,23,1
1778039400,4609.90,4611.24,4609.90,4610.90,1322,23,1
1778039700,4610.90,4619.77,4610.83,4618.74,1889,23,1
1778040000,4618.73,4622.57,4613.05,4615.49,2367,23,1
1778040300,4615.48,4615.66,4610.97,4612.53,1907,23,1
1778040600,4612.53,4612.87,4609.53,4611.55,1705,23,1
1778040900,4611.51,4618.64,4609.78,4617.69,1838,23,1
1778041200,4617.69,4623.90,4616.27,4623.56,1817,23,1
1778041500,4623.56,4625.59,4621.43,4624.94,1794,23,1
1778041800,4624.95,4626.09,4620.64,4622.63,2018,23,1
1778042100,4622.62,4624.60,4620.38,4623.97,1796,23,1
1778042400,4623.95,4624.93,4621.80,4623.86,1745,23,1
1778042700,4623.87,4628.59,4623.48,4628.39,1851,23,1
1778043000,4628.39,4628.56,4623.85,4624.77,1531,23,1
1778043300,4624.77,4626.75,4623.81,4626.06,1604,23,1
1778043600,4626.06,4628.81,4625.31,4627.92,1575,23,1
1778043900,4627.92,4633.56,4627.41,4632.99,1608,23,1
1778044200,4632.99,4634.33,4630.20,4633.37,1564,23,1
1778044500,4633.35,4636.33,4632.42,4634.20,1422,23,1
1778044800,4634.20,4635.77,4631.91,4633.61,1266,23,1
1778045100,4633.59,4634.45,4629.73,4630.01,1199,23,1
1778045400,4630.01,4632.10,4626.79,4631.27,1696,23,1
1778045700,4631.29,4634.23,4630.50,4630.83,1394,23,1
1778046000,4630.83,4635.01,4630.07,4634.63,1400,23,1
1778046300,4634.58,4638.50,4633.93,4635.74,1587,23,1
1778046600,4635.66,4638.78,4634.56,4638.65,1309,23,1
1778046900,4638.65,4641.84,4638.46,4640.72,1409,23,1
1778047200,4640.73,4642.54,4638.57,4641.10,1657,23,1
1778047500,4641.10,4645.54,4640.43,4644.69,1514,23,1
1778047800,4644.69,4650.32,4643.11,4647.76,1520,23,1
1778048100,4647.76,4650.28,4646.30,4649.45,1563,23,1
1778048400,4649.51,4651.15,4644.84,4645.79,1416,23,1
1778048700,4645.79,4646.83,4644.50,4645.69,1291,23,1
1778049000,4645.69,4645.72,4642.61,4643.92,1230,23,1
1778049300,4643.92,4652.02,4643.66,4651.38,1328,23,1
1778049600,4651.36,4651.54,4645.26,4647.82,1328,23,1
1778049900,4647.82,4648.37,4644.26,4644.47,1138,23,1
1778050200,4644.47,4646.62,4643.86,4644.08,994,23,1
1778050500,4644.08,4645.03,4642.95,4643.91,958,23,1
1778050800,4643.69,4645.79,4643.46,4644.66,946,23,1
1778051100,4644.66,4647.80,4643.43,4645.99,1038,23,1
1778051400,4645.98,4647.70,4645.53,4647.65,911,23,1
1778051700,4647.65,4648.94,4645.75,4645.92,955,23,1
1778052000,4645.92,4646.55,4645.63,4646.54,754,23,1
1778052300,4646.54,4653.63,4645.68,4652.73,1588,23,1
1778052600,4652.70,4652.77,4649.33,4649.77,1648,23,1
1778052900,4649.76,4651.50,4648.31,4649.24,1622,23,1
1778053200,4649.24,4650.39,4646.01,4647.78,1643,23,1
1778053500,4647.78,4652.64,4647.18,4650.49,1527,23,1
1778053800,4650.43,4651.99,4648.52,4649.12,1441,23,1
1778054100,4649.12,4651.19,4648.82,4649.02,1254,23,1
1778054400,4649.02,4653.48,4648.87,4652.01,1158,23,1
1778054700,4652.01,4656.40,4650.45,4655.54,1264,23,1
1778055000,4655.54,4656.26,4653.25,4654.91,1192,23,1
1778055300,4654.91,4654.93,4649.61,4651.92,1303,23,1
1778055600,4651.95,4653.90,4650.20,4653.90,1076,23,1
1778055900,4653.91,4655.33,4650.38,4650.38,959,23,1
1778056200,4650.39,4651.99,4644.89,4646.79,1800,23,1
1778056500,4646.77,4647.50,4644.62,4647.03,1426,23,1
1778056800,4647.06,4651.16,4645.20,4650.06,1291,23,1
1778057100,4650.06,4651.59,4649.32,4649.53,1404,23,1
1778057400,4649.53,4653.31,4649.50,4652.98,1393,23,1
1778057700,4652.99,4663.80,4652.07,4662.95,1886,23,1
1778058000,4662.96,4665.54,4658.38,4658.46,1982,23,1
1778058300,4658.47,4665.89,4657.09,4663.49,1681,23,1
1778058600,4663.48,4664.34,4660.42,4660.46,1648,23,1
1778058900,4660.45,4661.43,4658.29,4658.31,1431,23,1
1778059200,4658.30,4664.73,4657.95,4662.88,1638,23,1
1778059500,4662.88,4666.62,4661.95,4666.11,1493,23,1
1778059800,4666.11,4668.25,4663.44,4664.07,1518,23,1
1778060100,4664.08,4668.57,4662.29,4666.14,1393,23,1
1778060400,4666.13,4667.79,4660.10,4664.15,1731,23,1
1778060700,4664.15,4666.67,4663.60,4664.92,1506,23,1
1778061000,4664.92,4665.39,4662.87,4664.74,1441,23,1
1778061300,4664.74,4669.54,4664.43,4669.21,1447,23,1
1778061600,4669.23,4670.19,4665.46,4667.72,1549,23,1
1778061900,4667.72,4668.10,4666.01,4666.88,1382,23,1
1778062200,4666.90,4667.96,4658.47,4658.52,1636,23,1
1778062500,4658.56,4660.82,4657.43,4660.70,1548,23,1
1778062800,4660.68,4665.49,4659.61,4665.11,1417,23,1
1778063100,4664.69,4669.96,4663.28,4667.54,1710,23,1
1778063400,4667.54,4668.22,4663.34,4665.90,1588,23,1
1778063700,4665.90,4666.86,4663.10,4664.89,1267,23,1
1778064000,4664.89,4669.97,4664.55,4669.97,1177,23,1
1778064300,4670.45,4677.39,4670.26,4675.28,2056,23,1
1778064600,4675.28,4678.29,4673.78,4674.35,1514,23,1
1778064900,4674.35,4681.79,4674.20,4681.61,1596,23,1
1778065200,4681.58,4682.42,4675.83,4677.81,1843,23,1
1778065500,4677.81,4680.21,4675.25,4677.40,1573,23,1
1778065800,4677.48,4682.17,4676.79,4679.60,1652,23,1
1778066100,4679.58,4680.77,4677.55,4678.62,1538,23,1
1778066400,4678.61,4679.59,4676.83,4678.42,1389,23,1
1778066700,4678.42,4680.00,4676.82,4676.93,1249,23,1
1778067000,4676.94,4678.00,4675.36,4675.91,1394,23,1
1778067300,4675.90,4675.95,4671.62,4675.77,1572,23,1
1778067600,4675.77,4678.78,4673.40,4677.44,1267,23,1
1778067900,4677.44,4682.04,4677.40,4679.82,1149,23,1
1778068200,4679.82,4702.43,4679.66,4697.37,2725,23,1
1778068500,4697.35,4701.06,4692.91,4700.13,2484,23,1
1778068800,4700.08,4708.49,4692.24,4692.35,2327,23,1
1778069100,4692.30,4696.57,4689.14,4695.06,2224,23,1
1778069400,4695.06,4698.84,4693.72,4695.70,1881,23,1
1778069700,4695.71,4702.88,4694.72,4699.77,2064,23,1
1778070000,4699.88,4700.06,4691.37,4695.72,2029,23,1
1778070300,4695.72,4705.04,4694.40,4700.11,1972,23,1
1778070600,4700.11,4704.30,4696.39,4703.58,2041,23,1
1778070900,4703.54,4706.03,4701.73,4703.30,2017,23,1
1778071200,4703.30,4704.86,4695.88,4696.00,1683,23,1
1778071500,4696.00,4702.26,4694.31,4701.38,1849,23,1
1778071800,4701.36,4701.36,4697.32,4700.30,1672,23,1
1778072100,4700.30,4702.84,4700.30,4701.81,1708,23,1
1778072400,4701.79,4705.75,4698.86,4700.70,2075,23,1
1778072700,4700.65,4701.79,4695.97,4696.45,1735,23,1
1778073000,4696.47,4700.29,4695.97,4698.18,1728,23,1
1778073300,4698.18,4701.00,4695.58,4698.65,1640,23,1
1778073600,4698.64,4702.00,4697.51,4701.27,1660,23,1
1778073900,4701.27,4704.64,4701.16,4704.41,1634,23,1
1778074200,4704.41,4711.94,4704.41,4709.33,2011,23,1
1778074500,4709.35,4710.99,4708.05,4710.08,1733,23,1
1778074800,4710.09,4716.07,4709.87,4714.09,2097,23,1
1778075100,4714.11,4715.47,4707.66,4710.60,2208,23,1
1778075400,4710.77,4722.90,4710.15,4721.66,2320,23,1
1778075700,4721.66,4721.74,4716.07,4717.92,2213,23,1
1778076000,4717.92,4720.54,4711.50,4713.50,2314,23,1
1778076300,4713.51,4721.30,4713.22,4720.15,2003,23,1
1778076600,4720.17,4720.63,4709.25,4712.03,2063,23,1
1778076900,4712.01,4713.55,4709.36,4712.12,2021,23,1
1778077200,4712.07,4712.71,4709.01,4710.02,1784,23,1
1778077500,4710.03,4712.61,4705.63,4705.66,1801,23,1
1778077800,4705.66,4715.38,4704.32,4713.55,1852,23,1
1778078100,4713.55,4714.96,4709.59,4710.25,1777,23,1
1778078400,4710.22,4711.47,4698.66,4699.64,2257,23,1
1778078700,4699.64,4702.62,4697.04,4697.59,2190,23,1
1778079000,4697.69,4700.44,4696.12,4698.00,2007,23,1
1778079300,4698.02,4698.16,4690.83,4692.12,2069,23,1
1778079600,4691.99,4693.10,4681.19,4685.46,2305,23,1
1778079900,4685.48,4687.45,4680.11,4682.69,2191,23,1
1778080200,4682.69,4682.69,4671.12,4672.68,2168,23,1
1778080500,4672.98,4676.80,4660.47,4670.53,2529,23,1
1778080800,4670.57,4683.76,4669.42,4682.77,2371,23,1
1778081100,4682.77,4688.59,4682.36,4683.36,2089,23,1
1778081400,4683.32,4685.39,4678.11,4683.57,2177,23,1
1778081700,4683.58,4684.17,4679.08,4680.42,2008,23,1
1778082000,4680.34,4683.58,4679.46,4682.70,1967,23,1
1778082300,4682.71,4684.55,4678.97,4681.12,1812,23,1
1778082600,4681.13,4681.47,4676.94,4677.35,1914,23,1
1778082900,4677.49,4683.56,4676.85,4683.29,1950,23,1
1778083200,4683.27,4692.34,4677.35,4683.33,2403,23,1
1778083500,4683.31,4685.41,4668.81,4673.16,2553,23,1
1778083800,4673.20,4683.57,4672.21,4683.56,2095,23,1
1778084100,4683.56,4691.16,4682.89,4682.93,2103,23,1
1778084400,4682.92,4685.75,4679.51,4685.43,2068,23,1
1778084700,4685.43,4686.57,4682.51,4685.13,2002,23,1
1778085000,4685.14,4698.65,4680.28,4697.82,2588,23,1
1778085300,4697.84,4699.15,4693.27,4694.42,2578,23,1
1778085600,4694.30,4698.53,4693.32,4695.26,2477,23,1
1778085900,4695.27,4701.38,4692.51,4700.86,2400,23,1
1778086200,4700.90,4707.76,4693.82,4703.82,2361,23,1
1778086500,4703.86,4706.18,4701.65,4702.11,2356,23,1
1778086800,4702.11,4710.04,4700.87,4705.54,2431,23,1
1778087100,4705.76,4709.20,4697.72,4708.01,2524,23,1
1778087400,4708.00,4712.37,4706.23,4711.01,2351,23,1
1778087700,4711.01,4717.44,4711.01,4713.03,2409,23,1
1778088000,4713.12,4715.31,4708.60,4709.12,2223,23,1
1778088300,4709.14,4713.08,4704.75,4705.71,2261,23,1
1778088600,4705.69,4709.83,4704.69,4706.75,2264,23,1
1778088900,4706.74,4709.83,4705.09,4708.19,2206,23,1
1778089200,4708.19,4714.60,4706.11,4713.27,2385,23,1
1778089500,4713.30,4713.94,4704.89,4705.76,2327,23,1
1778089800,4705.74,4706.88,4700.80,4701.37,2266,23,1
1778090100,4701.31,4706.90,4701.31,4703.02,2148,23,1
1778090400,4703.02,4705.72,4700.40,4705.72,2166,23,1
1778090700,4705.74,4705.77,4697.46,4698.72,2077,23,1
1778091000,4698.72,4700.56,4693.43,4696.69,2107,23,1
1778091300,4696.71,4701.19,4694.25,4701.19,1958,23,1
1778091600,4701.44,4703.23,4698.49,4698.90,1883,23,1
1778091900,4698.90,4698.97,4695.17,4695.42,1866,23,1
1778092200,4695.40,4697.76,4693.29,4694.39,1928,23,1
1778092500,4694.40,4695.64,4691.58,4692.02,1991,23,1
1778092800,4692.05,4694.28,4689.35,4692.83,2001,23,1
1778093100,4692.94,4694.88,4690.89,4693.02,2065,23,1
1778093400,4692.98,4693.94,4690.93,4692.67,1974,23,1
1778093700,4692.33,4693.67,4687.83,4687.83,1868,23,1
1778094000,4687.83,4687.89,4683.81,4686.02,2094,23,1
1778094300,4686.02,4688.50,4681.29,4683.31,2009,23,1
1778094600,4683.31,4685.47,4682.17,4683.72,1828,23,1
1778094900,4683.72,4685.81,4682.66,4684.43,1880,23,1
1778095200,4684.44,4685.19,4682.91,4683.29,1600,23,1
1778095500,4683.29,4688.54,4683.20,4688.12,1713,23,1
1778095800,4688.21,4690.24,4685.43,4687.38,1755,23,1
1778096100,4687.38,4689.96,4686.16,4689.47,1738,23,1
1778096400,4689.47,4692.03,4688.65,4688.69,1778,23,1
1778096700,4688.69,4689.91,4686.24,4688.06,1918,23,1
1778097000,4688.06,4688.73,4683.37,4684.42,1788,23,1
1778097300,4684.42,4685.74,4679.52,4683.11,2033,23,1
1778097600,4683.12,4686.02,4679.66,4685.82,2116,23,1
1778097900,4685.86,4688.03,4684.61,4686.21,1731,23,1
1778098200,4686.15,4687.05,4684.50,4685.52,1642,23,1
1778098500,4685.52,4686.14,4681.34,4681.42,1592,23,1
1778098800,4681.45,4683.39,4680.52,4681.36,1935,23,1
1778099100,4681.34,4684.56,4680.07,4683.08,1836,23,1
1778099400,4683.00,4683.41,4680.52,4682.70,1621,23,1
1778099700,4682.71,4682.71,4679.37,4679.46,1666,23,1
1778100000,4679.51,4681.10,4678.91,4680.64,1522,23,1
1778100300,4680.64,4682.22,4680.43,4680.91,1540,23,1
1778100600,4680.91,4682.01,4680.39,4681.59,1397,23,1
1778100900,4681.59,4684.53,4681.55,4684.02,1325,23,1
1778101200,4684.02,4685.49,4681.87,4682.68,1324,23,1
1778101500,4682.73,4685.53,4682.66,4685.36,1270,23,1
1778101800,4685.36,4687.52,4684.76,4686.77,1255,23,1
1778102100,4686.77,4689.23,4686.47,4688.46,1149,23,1
1778102400,4688.46,4690.45,4687.29,4687.76,1277,23,1
1778102700,4687.78,4688.89,4687.37,4687.76,1282,23,1
1778103000,4687.76,4689.53,4686.81,4689.01,1433,23,1
1778103300,4689.04,4690.26,4687.97,4688.23,1318,23,1
1778103600,4688.23,4688.26,4685.17,4686.22,1136,23,1
1778103900,4686.22,4688.10,4685.64,4687.01,1308,23,1
1778104200,4687.01,4687.63,4684.85,4686.45,1320,23,1
1778104500,4686.45,4687.43,4685.41,4686.04,1104,23,1
1778104800,4686.04,4692.69,4686.04,4691.23,1387,23,1
1778105100,4691.26,4694.73,4690.75,4694.34,1338,23,1
1778105400,4694.34,4695.75,4693.74,4695.18,1338,23,1
1778105700,4695.18,4698.16,4694.96,4696.58,1360,23,1
1778106000,4696.59,4700.14,4696.58,4699.77,1364,23,1
1778106300,4699.78,4699.86,4697.81,4698.40,1372,23,1
1778106600,4698.36,4698.95,4695.74,4697.27,1446,23,1
1778106900,4697.26,4698.76,4696.18,4697.43,1386,23,1
1778107200,4697.43,4697.52,4693.89,4695.39,1334,23,1
1778107500,4695.38,4696.72,4694.60,4694.83,1316,23,1
1778107800,4694.84,4698.31,4694.84,4697.35,1706,23,1
1778108100,4697.35,4697.70,4692.47,4692.47,1660,23,1
1778108400,4692.43,4695.23,4692.43,4695.18,1452,23,1
1778108700,4695.18,4697.19,4694.64,4696.57,929,23,1
1778109000,4696.57,4699.61,4696.15,4699.02,1093,23,1
1778109300,4699.02,4699.43,4697.15,4698.03,942,23,1
1778109600,4698.03,4698.41,4693.94,4694.53,1078,23,1
1778109900,4694.53,4694.67,4691.94,4692.65,990,23,1
1778110200,4692.65,4693.04,4690.10,4690.14,772,23,1
1778110500,4690.14,4692.08,4689.76,4690.70,842,28,1
1778110800,4690.70,4690.70,4688.74,4688.74,823,28,1
1778111100,4688.67,4689.65,4685.17,4689.41,1050,28,1
1778111400,4689.41,4691.18,4687.84,4690.96,982,28,1
1778111700,4690.96,4691.79,4689.90,4690.61,459,28,1
1778115600,4692.86,4696.84,4689.42,4690.59,1112,28,1
1778115900,4690.56,4694.79,4690.55,4694.38,654,28,1
1778116200,4694.38,4698.25,4693.27,4697.23,1031,28,1
1778116500,4697.23,4699.62,4696.39,4699.51,807,28,1
1778116800,4699.51,4699.84,4697.22,4697.86,875,28,1
1778117100,4697.86,4698.58,4693.40,4695.49,841,28,1
1778117400,4695.49,4698.27,4694.41,4698.24,696,23,1
1778117700,4698.25,4699.52,4696.51,4697.15,764,23,1
1778118000,4697.15,4699.65,4696.54,4698.80,689,23,1
1778118300,4698.80,4698.80,4695.87,4697.60,659,23,1
1778118600,4697.60,4698.47,4695.81,4696.08,738,23,1
1778118900,4696.08,4697.04,4694.40,4694.85,833,23,1
1778119200,4694.85,4696.96,4694.11,4696.66,795,23,1
1778119500,4696.66,4698.53,4695.80,4697.47,779,23,1
1778119800,4697.47,4697.47,4693.99,4694.41,630,23,1
1778120100,4694.41,4697.78,4693.91,4696.90,787,23,1
1778120400,4696.89,4697.29,4692.77,4693.66,854,23,1
1778120700,4693.66,4693.96,4690.24,4693.36,920,23,1
1778121000,4693.32,4693.73,4691.71,4693.06,825,23,1
1778121300,4693.06,4694.29,4692.76,4693.09,536,23,1
1778121600,4693.07,4693.69,4692.76,4693.55,403,23,1
1778121900,4693.55,4699.54,4693.55,4697.06,1120,23,1
1778122200,4697.06,4697.81,4695.76,4696.70,830,23,1
1778122500,4696.69,4698.96,4696.58,4698.94,1074,23,1
1778122800,4698.97,4700.65,4692.97,4693.50,1674,20,1
1778123100,4693.49,4695.91,4689.98,4694.96,1919,23,1
1778123400,4694.96,4700.86,4694.59,4699.92,1903,23,1
1778123700,4699.92,4700.60,4695.20,4698.12,1737,23,1
1778124000,4698.11,4701.18,4696.96,4698.72,1581,23,1
1778124300,4698.76,4698.76,4692.16,4692.43,1608,23,1
1778124600,4692.46,4693.09,4688.89,4691.99,1724,23,1
1778124900,4691.99,4693.29,4690.52,4692.30,1285,23,1
1778125200,4692.30,4692.74,4685.93,4688.27,1556,23,1
1778125500,4688.27,4691.23,4686.50,4689.77,1470,23,1
1778125800,4689.78,4691.56,4685.92,4686.09,1377,23,1
1778126100,4686.00,4688.97,4685.55,4688.59,1450,23,1
1778126400,4688.59,4693.86,4685.26,4692.58,2101,23,1
1778126700,4692.58,4698.73,4691.95,4697.56,1944,23,1
1778127000,4697.56,4710.98,4697.56,4709.72,2212,23,1
1778127300,4709.72,4716.44,4707.85,4712.75,2155,23,1
1778127600,4712.71,4713.10,4708.82,4710.07,1969,23,1
1778127900,4710.07,4710.88,4703.58,4704.17,1821,23,1
1778128200,4704.17,4707.49,4702.24,4705.23,2016,23,1
1778128500,4705.20,4713.20,4704.99,4713.16,1831,23,1
1778128800,4713.14,4717.97,4711.29,4712.76,1891,23,1
1778129100,4712.77,4719.91,4712.58,4718.89,1716,23,1
1778129400,4718.89,4721.30,4717.00,4717.06,1729,23,1
1778129700,4717.07,4717.61,4713.49,4714.74,1781,23,1
1778130000,4714.74,4718.50,4714.34,4714.88,1808,23,1
1778130300,4714.89,4716.88,4713.01,4713.08,1597,23,1
1778130600,4713.08,4713.64,4703.57,4704.14,2054,23,1
1778130900,4704.14,4707.75,4702.85,4706.14,1606,23,1
1778131200,4706.16,4707.56,4701.78,4703.50,1506,23,1
1778131500,4703.50,4705.60,4701.72,4702.78,1424,23,1
1778131800,4702.77,4703.33,4699.90,4701.04,1944,23,1
1778132100,4701.04,4703.78,4700.91,4702.14,1592,23,1
1778132400,4702.07,4705.31,4701.13,4704.15,1423,23,1
1778132700,4704.15,4707.72,4704.12,4706.62,1256,23,1
1778133000,4706.61,4707.27,4704.71,4706.61,1388,23,1
1778133300,4706.61,4709.93,4705.80,4707.23,1324,23,1
1778133600,4707.23,4709.57,4704.84,4709.37,1396,23,1
1778133900,4709.38,4709.84,4707.38,4708.71,1333,23,1
1778134200,4708.71,4709.21,4704.25,4705.84,1342,23,1
1778134500,4705.84,4708.46,4704.98,4708.32,1139,23,1
1778134800,4708.32,4708.72,4705.19,4705.91,1386,23,1
1778135100,4705.96,4706.96,4704.32,4704.43,1262,23,1
1778135400,4704.43,4704.90,4702.26,4704.19,1212,23,1
1778135700,4704.19,4704.91,4702.55,4704.78,971,23,1
1778136000,4704.78,4704.85,4702.53,4703.88,822,23,1
1778136300,4703.88,4704.20,4701.65,4704.19,904,23,1
1778136600,4704.19,4704.81,4702.30,4704.20,883,23,1
1778136900,4704.20,4704.21,4699.00,4699.17,1008,23,1
1778137200,4699.17,4700.76,4697.13,4698.53,1301,23,1
1778137500,4698.53,4700.69,4698.25,4699.89,1223,23,1
1778137800,4699.89,4700.48,4696.65,4696.72,1149,23,1
1778138100,4696.72,4697.16,4695.08,4695.71,1217,23,1
1778138400,4695.71,4698.49,4695.44,4697.91,1153,23,1
1778138700,4697.87,4698.22,4695.65,4696.87,1075,23,1
1778139000,4696.86,4697.34,4693.42,4693.74,953,23,1
1778139300,4693.74,4696.14,4692.47,4695.84,1021,23,1
1778139600,4695.84,4699.15,4695.84,4697.95,978,23,1
1778139900,4697.95,4698.88,4694.52,4695.41,972,23,1
1778140200,4695.40,4696.50,4694.01,4695.62,874,23,1
1778140500,4695.62,4697.53,4694.33,4696.36,985,23,1
1778140800,4696.36,4701.11,4696.27,4699.97,1224,23,1
1778141100,4699.98,4699.99,4698.24,4699.20,1220,23,1
1778141400,4699.20,4700.78,4698.95,4700.37,995,23,1
1778141700,4700.40,4700.68,4695.87,4696.03,961,23,1
1778142000,4696.03,4697.65,4694.72,4695.35,1221,23,1
1778142300,4695.33,4696.59,4694.81,4695.91,1014,23,1
1778142600,4695.91,4705.74,4694.89,4703.25,1792,23,1
1778142900,4703.25,4705.95,4702.54,4705.33,1376,23,1
1778143200,4705.26,4705.74,4703.17,4703.53,1335,23,1
1778143500,4703.49,4705.04,4702.32,4704.97,1297,23,1
1778143800,4704.94,4706.51,4702.84,4704.66,1454,23,1
1778144100,4704.66,4704.92,4700.73,4701.01,1509,23,1
1778144400,4701.01,4707.53,4701.01,4705.89,1555,23,1
1778144700,4705.92,4708.05,4704.83,4707.77,1481,23,1
1778145000,4707.78,4710.33,4707.30,4708.03,1634,23,1
1778145300,4708.04,4710.90,4707.21,4709.78,1706,23,1
1778145600,4709.81,4713.98,4709.31,4713.48,1802,23,1
1778145900,4713.48,4717.86,4711.59,4717.39,1670,23,1
1778146200,4717.37,4733.80,4716.06,4733.19,2223,23,1
1778146500,4733.03,4744.07,4733.02,4742.53,2145,23,1
1778146800,4742.53,4750.10,4740.07,4745.98,2245,23,1
1778147100,4745.99,4747.08,4737.97,4738.01,1966,23,1
1778147400,4738.06,4740.24,4735.97,4736.57,1647,23,1
1778147700,4736.56,4739.69,4735.87,4739.10,1530,23,1
1778148000,4739.15,4741.27,4731.63,4734.39,2029,23,1
1778148300,4734.38,4745.85,4733.09,4744.48,2263,23,1
1778148600,4744.49,4750.28,4743.57,4749.20,2388,23,1
1778148900,4749.12,4750.63,4742.00,4743.47,2300,23,1
1778149200,4743.46,4744.85,4739.40,4739.65,2047,23,1
1778149500,4739.67,4742.22,4737.82,4739.46,1911,23,1
1778149800,4739.48,4742.96,4738.31,4741.75,1934,23,1
1778150100,4741.78,4742.91,4739.24,4739.99,1767,23,1
1778150400,4739.99,4744.10,4739.65,4742.95,1557,23,1
1778150700,4742.97,4743.55,4737.12,4739.08,1748,23,1
1778151000,4739.08,4743.81,4738.87,4740.90,1798,23,1
1778151300,4740.82,4744.42,4739.00,4743.16,1616,23,1
1778151600,4743.16,4751.44,4742.72,4749.79,2241,23,1
1778151900,4749.73,4753.48,4746.11,4748.15,1976,23,1
1778152200,4748.15,4748.54,4742.50,4742.62,1881,23,1
1778152500,4742.62,4742.99,4735.63,4736.58,1864,23,1
1778152800,4736.58,4739.87,4735.47,4739.76,1821,23,1
1778153100,4739.76,4742.19,4733.81,4740.08,1777,23,1
1778153400,4740.15,4741.82,4736.76,4737.23,1714,23,1
1778153700,4737.29,4738.63,4733.99,4736.52,1535,23,1
1778154000,4736.51,4738.55,4735.03,4735.22,1478,23,1
1778154300,4735.22,4736.17,4733.27,4735.76,1624,23,1
1778154600,4735.76,4737.14,4732.39,4734.18,1704,23,1
1778154900,4734.16,4734.67,4730.92,4730.97,1615,23,1
1778155200,4731.00,4731.06,4721.89,4726.37,1981,23,1
1778155500,4726.37,4732.85,4726.18,4732.85,1727,23,1
1778155800,4732.85,4736.32,4732.35,4734.07,1722,23,1
1778156100,4734.06,4737.36,4731.56,4735.55,1553,23,1
1778156400,4735.55,4737.58,4733.80,4736.88,1536,23,1
1778156700,4736.81,4738.67,4734.05,4735.60,1442,23,1
1778157000,4735.69,4736.55,4733.13,4736.11,1650,23,1
1778157300,4736.01,4737.10,4733.69,4735.70,1570,23,1
1778157600,4735.70,4739.42,4735.58,4737.76,1346,23,1
1778157900,4737.82,4739.05,4735.26,4735.71,1382,23,1
1778158200,4735.70,4736.52,4732.96,4733.72,1722,23,1
1778158500,4733.71,4734.22,4725.82,4729.07,1846,23,1
1778158800,4729.04,4731.78,4726.65,4729.59,1782,23,1
1778159100,4729.58,4733.66,4728.39,4733.28,1498,23,1
1778159400,4733.28,4734.99,4732.50,4734.82,1522,23,1
1778159700,4734.82,4736.13,4731.11,4731.35,1404,23,1
1778160000,4731.36,4733.69,4728.52,4732.87,1337,23,1
1778160300,4732.87,4734.31,4731.57,4732.42,1308,23,1
1778160600,4732.42,4732.48,4728.12,4730.46,1377,23,1
1778160900,4730.46,4738.47,4729.73,4736.37,1419,23,1
1778161200,4736.36,4739.83,4736.12,4739.03,1298,23,1
1778161500,4738.98,4739.82,4735.78,4736.11,1370,23,1
1778161800,4736.07,4738.00,4735.35,4737.09,1347,23,1
1778162100,4737.09,4737.85,4735.26,4735.63,1259,23,1
1778162400,4735.70,4737.10,4734.70,4735.51,1519,23,1
1778162700,4735.51,4735.64,4732.32,4733.64,1353,23,1
1778163000,4733.69,4733.87,4728.31,4730.21,1446,23,1
1778163300,4730.24,4731.21,4727.27,4730.35,1575,23,1
1778163600,4730.35,4735.38,4728.84,4734.30,1492,23,1
1778163900,4734.30,4736.57,4730.79,4732.69,1695,23,1
1778164200,4732.72,4735.15,4731.84,4733.98,1490,23,1
1778164500,4733.98,4737.14,4733.08,4735.34,1784,23,1
1778164800,4735.34,4738.10,4734.52,4736.89,1474,23,1
1778165100,4736.82,4739.65,4735.30,4736.27,1599,23,1
1778165400,4736.27,4739.65,4734.04,4739.61,1672,23,1
1778165700,4739.61,4743.68,4738.51,4742.75,1871,23,1
1778166000,4742.75,4745.80,4739.64,4741.07,1950,23,1
1778166300,4741.07,4744.14,4739.71,4740.63,1964,23,1
1778166600,4740.63,4746.26,4740.19,4744.14,1961,23,1
1778166900,4744.10,4747.03,4742.60,4743.16,1910,23,1
1778167200,4742.89,4743.61,4734.27,4735.49,2202,23,1
1778167500,4735.51,4739.15,4733.31,4738.69,1778,23,1
1778167800,4738.51,4749.36,4737.37,4747.22,1968,23,1
1778168100,4747.27,4749.65,4743.87,4746.20,1890,23,1
1778168400,4746.21,4751.70,4745.74,4751.23,1714,23,1
1778168700,4751.25,4752.64,4747.98,4751.97,1766,23,1
1778169000,4752.07,4752.67,4747.22,4747.78,1844,23,1
1778169300,4747.82,4750.07,4745.03,4750.07,1812,23,1
1778169600,4750.07,4750.32,4737.81,4739.11,2333,23,1
1778169900,4739.03,4741.63,4736.59,4741.07,2150,23,1
1778170200,4741.07,4741.10,4731.24,4733.46,2111,23,1
1778170500,4733.44,4740.41,4731.37,4740.23,1987,23,1
1778170800,4740.34,4744.71,4738.26,4744.70,1936,23,1
1778171100,4744.64,4746.63,4742.43,4745.31,1940,23,1
1778171400,4745.30,4758.19,4743.38,4756.04,2493,23,1
1778171700,4756.03,4756.84,4751.03,4752.46,2456,23,1
1778172000,4752.61,4752.90,4747.96,4748.50,2334,23,1
1778172300,4748.48,4749.41,4739.41,4742.47,2576,23,1
1778172600,4742.44,4745.06,4737.45,4744.09,2431,23,1
1778172900,4743.93,4748.75,4743.65,4746.32,2218,23,1
1778173200,4746.32,4749.58,4742.47,4745.91,2368,23,1
1778173500,4745.96,4748.23,4744.01,4747.63,2159,23,1
1778173800,4747.63,4753.93,4744.79,4751.90,2269,23,1
1778174100,4751.90,4753.87,4741.01,4751.17,2379,23,1
1778174400,4751.17,4757.99,4750.33,4757.31,2329,23,1
1778174700,4757.30,4759.46,4756.07,4756.71,2113,23,1
1778175000,4756.73,4758.88,4747.89,4749.29,2272,23,1
1778175300,4749.33,4754.06,4747.71,4753.89,2159,23,1
1778175600,4753.83,4756.92,4750.32,4751.90,2106,23,1
1778175900,4751.98,4758.63,4751.16,4758.22,2247,23,1
1778176200,4758.23,4761.77,4756.37,4761.05,2165,23,1
1778176500,4760.72,4763.37,4760.19,4762.74,2022,23,1
1778176800,4762.73,4764.73,4757.92,4759.39,2120,23,1
1778177100,4759.39,4759.91,4756.01,4758.74,2247,23,1
1778177400,4758.74,4761.10,4754.60,4754.78,2175,23,1
1778177700,4754.80,4756.23,4753.25,4754.01,2127,23,1
1778178000,4754.02,4756.23,4745.74,4747.21,2273,23,1
1778178300,4747.16,4747.93,4736.34,4740.17,2586,23,1
1778178600,4740.14,4747.10,4739.50,4744.55,2280,23,1
1778178900,4744.59,4746.69,4741.38,4743.41,2119,23,1
1778179200,4743.41,4743.72,4738.93,4738.93,1977,23,1
1778179500,4738.93,4739.78,4734.05,4734.97,2347,23,1
1778179800,4734.99,4737.07,4728.82,4732.32,2436,23,1
1778180100,4732.33,4732.33,4726.40,4729.21,2360,23,1
1778180400,4729.21,4729.73,4722.38,4724.25,2538,23,1
1778180700,4724.22,4725.18,4716.54,4717.57,2484,23,1
1778181000,4717.52,4720.22,4713.42,4715.25,2465,23,1
1778181300,4715.24,4715.24,4704.51,4706.34,2642,23,1
1778181600,4706.34,4717.81,4706.14,4717.75,2494,23,1
1778181900,4717.75,4722.96,4717.66,4719.96,2295,23,1
1778182200,4720.08,4720.82,4714.34,4719.49,2264,23,1
1778182500,4719.48,4719.54,4711.61,4712.21,2241,23,1
1778182800,4712.16,4714.67,4710.48,4711.24,2218,23,1
1778183100,4711.24,4715.82,4710.51,4714.20,2179,23,1
1778183400,4714.23,4717.33,4710.62,4717.24,2284,23,1
1778183700,4717.24,4718.09,4712.17,4715.04,2122,23,1
1778184000,4715.04,4717.79,4712.44,4716.58,2188,23,1
1778184300,4716.57,4719.53,4714.84,4716.66,2005,23,1
1778184600,4716.68,4718.50,4711.76,4714.53,2230,23,1
1778184900,4714.62,4715.71,4705.81,4706.31,2296,23,1
1778185200,4706.46,4716.54,4705.55,4715.57,2423,23,1
1778185500,4715.55,4719.11,4687.74,4699.16,2732,23,1
1778185800,4699.12,4703.47,4693.40,4699.33,2637,23,1
1778186100,4699.39,4704.21,4695.74,4703.51,2599,23,1
1778186400,4703.36,4706.09,4698.22,4699.70,2380,23,1
1778186700,4699.70,4703.60,4698.19,4699.67,2271,23,1
1778187000,4699.68,4704.25,4697.92,4704.25,2229,23,1
1778187300,4704.21,4712.13,4702.99,4711.49,2407,23,1
1778187600,4711.43,4712.44,4706.84,4707.60,2221,23,1
1778187900,4707.60,4711.95,4706.60,4707.48,1989,23,1
1778188200,4707.49,4709.87,4705.18,4708.03,2155,23,1
1778188500,4708.04,4709.84,4706.82,4708.36,1835,23,1
1778188800,4708.39,4710.93,4706.41,4706.60,2173,23,1
1778189100,4706.61,4713.01,4705.63,4712.84,2031,23,1
1778189400,4712.84,4715.30,4711.72,4713.63,1959,23,1
1778189700,4713.64,4715.96,4707.45,4713.16,2145,23,1
1778190000,4713.22,4714.67,4703.11,4706.16,2104,23,1
1778190300,4706.16,4709.08,4698.52,4700.65,2368,23,1
1778190600,4700.61,4704.73,4695.48,4703.37,2407,23,1
1778190900,4703.39,4711.36,4701.89,4709.65,2306,23,1
1778191200,4709.65,4712.96,4705.10,4705.69,2168,23,1
1778191500,4705.71,4711.47,4705.71,4709.82,2102,23,1
1778191800,4709.82,4711.56,4708.78,4710.11,2022,23,1
1778192100,4710.09,4710.85,4699.95,4702.23,2073,23,1
1778192400,4702.22,4705.43,4699.16,4700.51,2173,23,1
1778192700,4700.49,4706.39,4697.84,4705.13,2235,23,1
1778193000,4705.13,4708.31,4703.75,4707.76,1950,23,1
1778193300,4707.87,4712.05,4707.04,4710.93,1885,23,1
1778193600,4710.94,4711.89,4708.16,4709.65,1824,23,1
1778193900,4709.64,4709.94,4705.28,4708.36,1850,23,1
1778194200,4708.36,4710.81,4704.23,4706.38,2331,23,1
1778194500,4706.38,4709.06,4702.81,4702.89,2251,23,1
1778194800,4703.04,4719.15,4703.01,4716.32,2198,23,1
1778195100,4716.32,4717.01,4710.83,4711.27,1576,23,1
1778195400,4711.27,4713.08,4710.75,4711.51,1492,23,1
1778195700,4711.51,4712.83,4709.26,4712.09,1365,23,1
1778196000,4712.02,4713.98,4710.85,4713.12,1193,23,1
1778196300,4713.12,4714.29,4712.36,4712.97,1113,23,1
1778196600,4712.97,4715.71,4710.12,4713.28,1057,24,1
1778196900,4713.27,4714.11,4698.03,4698.51,1743,28,1
1778197200,4698.51,4706.70,4696.69,4703.87,1835,28,1
1778197500,4703.87,4704.13,4699.28,4702.41,1598,28,1
1778197800,4702.41,4702.66,4694.51,4695.60,1361,28,1
1778198100,4695.55,4695.55,4686.32,4688.37,1294,28,1
1778202000,4679.03,4694.19,4676.88,4693.88,1565,23,1
1778202300,4693.86,4693.89,4686.52,4691.34,1218,28,1
1778202600,4691.34,4698.03,4686.88,4691.28,1457,28,1
1778202900,4691.28,4697.42,4689.19,4694.21,1503,28,1
1778203200,4694.21,4699.32,4692.90,4696.23,1481,28,1
1778203500,4696.23,4697.81,4693.16,4693.70,1107,28,1
1778203800,4693.70,4695.14,4687.43,4688.80,1389,23,1
1778204100,4688.80,4690.45,4686.69,4689.76,1222,23,1
1778204400,4689.77,4691.33,4686.04,4686.96,1066,23,1
1778204700,4686.96,4687.62,4682.55,4683.95,1123,23,1
1778205000,4683.95,4688.62,4681.84,4686.36,1160,23,1
1778205300,4686.33,4687.89,4684.68,4685.85,922,23,1
1778205600,4685.86,4689.66,4684.56,4689.11,965,23,1
1778205900,4689.11,4691.80,4686.62,4691.27,1015,23,1
1778206200,4691.27,4693.67,4690.32,4691.56,868,23,1
1778206500,4691.57,4693.87,4691.57,4693.77,781,23,1
1778206800,4693.76,4698.01,4693.75,4696.27,826,23,1
1778207100,4696.57,4698.45,4695.84,4696.46,891,23,1
1778207400,4696.43,4698.06,4695.00,4697.29,878,23,1
1778207700,4697.29,4699.04,4696.57,4698.90,813,23,1
1778208000,4698.90,4699.01,4696.74,4697.72,823,23,1
1778208300,4697.68,4702.27,4697.68,4700.71,1162,23,1
1778208600,4700.71,4704.55,4700.19,4703.34,1196,23,1
1778208900,4703.34,4705.55,4703.22,4704.36,1236,23,1
1778209200,4704.33,4706.31,4701.55,4702.95,1675,22,1
1778209500,4702.85,4708.13,4702.41,4707.70,1644,23,1
1778209800,4707.68,4709.45,4701.51,4702.73,1453,23,1
1778210100,4702.73,4702.81,4694.10,4695.21,1659,23,1
1778210400,4695.17,4704.85,4693.95,4703.73,1585,23,1
1778210700,4703.68,4705.62,4696.40,4697.21,1547,23,1
1778211000,4697.19,4703.92,4696.17,4703.15,1541,23,1
1778211300,4703.15,4706.34,4701.36,4704.03,1392,23,1
1778211600,4704.03,4708.08,4703.95,4705.01,1293,23,1
1778211900,4705.01,4705.69,4699.89,4700.06,1524,23,1
1778212200,4700.04,4701.32,4698.27,4698.31,1379,23,1
1778212500,4698.34,4701.99,4697.02,4701.31,1478,23,1
1778212800,4701.31,4715.46,4700.53,4712.89,2330,23,1
1778213100,4712.92,4719.36,4712.92,4714.75,1949,23,1
1778213400,4714.73,4718.14,4712.66,4714.03,1842,23,1
1778213700,4714.05,4717.86,4711.59,4717.46,1785,23,1
1778214000,4717.50,4718.39,4711.57,4712.28,1599,23,1
1778214300,4712.31,4715.65,4712.21,4712.54,1515,23,1
1778214600,4712.44,4715.17,4709.87,4712.29,1745,23,1
1778214900,4712.25,4712.90,4705.17,4708.02,1914,23,1
1778215200,4708.02,4711.35,4706.89,4710.76,1684,23,1
1778215500,4710.85,4720.18,4710.85,4719.95,1747,23,1
1778215800,4719.99,4723.40,4719.90,4722.12,1792,23,1
1778216100,4722.12,4725.37,4721.74,4722.83,1664,23,1
1778216400,4722.86,4732.71,4721.52,4731.79,1924,23,1
1778216700,4731.76,4731.76,4727.02,4729.38,1594,23,1
1778217000,4729.38,4729.81,4723.63,4724.07,1450,23,1
1778217300,4724.04,4724.38,4718.19,4719.25,1474,23,1
1778217600,4719.22,4723.06,4719.22,4722.27,1398,23,1
1778217900,4722.26,4723.85,4720.36,4721.49,1301,23,1
1778218200,4721.49,4723.52,4716.91,4719.53,1821,23,1
1778218500,4719.52,4720.88,4706.98,4711.40,2254,23,1
1778218800,4711.38,4715.26,4710.24,4710.24,1783,23,1
1778219100,4710.22,4716.48,4708.54,4716.42,1948,23,1
1778219400,4716.47,4717.51,4712.49,4716.33,1888,23,1
1778219700,4716.33,4717.06,4712.52,4713.35,1604,23,1
1778220000,4713.39,4717.49,4711.09,4717.46,1724,23,1
1778220300,4717.50,4719.15,4715.07,4717.48,1444,23,1
1778220600,4717.85,4720.17,4717.82,4720.06,1275,23,1
1778220900,4720.06,4722.69,4719.41,4720.21,1224,23,1
1778221200,4720.21,4720.26,4717.08,4718.85,1187,23,1
1778221500,4718.84,4721.00,4717.56,4720.37,1284,23,1
1778221800,4720.35,4730.61,4720.06,4730.60,1534,23,1
1778222100,4730.60,4730.99,4723.15,4723.79,1453,23,1
1778222400,4723.79,4726.37,4722.62,4725.04,1301,23,1
1778222700,4725.00,4725.32,4720.10,4720.50,1215,23,1
1778223000,4720.51,4721.11,4718.02,4718.97,1189,23,1
1778223300,4718.96,4720.78,4718.61,4719.61,978,23,1
1778223600,4719.61,4723.27,4719.61,4719.84,1404,23,1
1778223900,4719.84,4720.10,4715.94,4718.77,1317,23,1
1778224200,4718.77,4719.48,4714.79,4714.92,1120,23,1
1778224500,4714.92,4717.32,4713.50,4715.93,1074,23,1
1778224800,4715.93,4717.81,4715.26,4717.55,793,23,1
1778225100,4717.55,4718.33,4715.36,4717.38,1059,23,1
1778225400,4717.38,4718.38,4714.73,4715.23,823,23,1
1778225700,4715.23,4715.87,4713.56,4713.67,1232,23,1
1778226000,4713.68,4713.86,4709.02,4712.05,1438,23,1
1778226300,4712.05,4713.78,4710.14,4713.66,1089,23,1
1778226600,4713.66,4716.16,4712.00,4715.98,1118,23,1
1778226900,4715.98,4716.57,4709.86,4711.04,1121,23,1
1778227200,4711.04,4713.57,4709.65,4713.02,1407,23,1
1778227500,4713.01,4716.29,4712.24,4714.74,1139,23,1
1778227800,4714.74,4716.24,4712.28,4712.29,1087,23,1
1778228100,4712.29,4714.69,4710.49,4714.44,1086,23,1
1778228400,4714.44,4715.80,4713.71,4714.69,934,23,1
1778228700,4714.69,4720.12,4712.30,4719.38,1130,23,1
1778229000,4719.38,4727.18,4719.36,4724.23,1991,23,1
1778229300,4724.23,4725.40,4720.87,4722.55,1624,23,1
1778229600,4722.54,4725.73,4721.59,4724.62,1616,23,1
1778229900,4724.62,4728.80,4723.33,4728.80,1492,23,1
1778230200,4728.80,4730.43,4726.55,4728.25,1466,23,1
1778230500,4728.24,4731.32,4726.78,4727.53,1895,23,1
1778230800,4727.51,4730.39,4712.65,4728.12,2343,23,1
1778231100,4728.14,4728.77,4722.12,4725.46,2022,23,1
1778231400,4725.48,4727.41,4722.72,4722.90,1757,23,1
1778231700,4722.92,4728.20,4721.53,4727.65,1691,23,1
1778232000,4727.65,4728.54,4724.46,4727.63,1704,23,1
1778232300,4727.63,4734.55,4726.19,4733.59,1837,23,1
1778232600,4733.58,4734.34,4726.49,4726.53,1771,23,1
1778232900,4726.54,4729.14,4725.61,4727.53,1552,23,1
1778233200,4727.51,4732.37,4727.37,4729.06,1639,23,1
1778233500,4729.16,4729.48,4721.16,4725.16,1810,23,1
1778233800,4725.16,4727.17,4724.24,4726.22,1474,23,1
1778234100,4726.21,4727.14,4724.44,4725.67,1494,23,1
1778234400,4725.67,4726.47,4721.80,4723.94,1974,23,1
1778234700,4723.95,4725.74,4720.60,4722.68,1678,23,1
1778235000,4722.68,4722.70,4715.29,4715.36,1610,23,1
1778235300,4715.28,4718.28,4712.81,4715.42,1827,23,1
1778235600,4715.42,4717.50,4703.64,4706.33,2155,23,1
1778235900,4706.33,4707.75,4697.12,4706.75,2246,23,1
1778236200,4706.72,4711.01,4701.27,4709.23,1918,23,1
1778236500,4709.23,4711.70,4708.37,4709.12,1663,23,1
1778236800,4709.11,4710.09,4706.77,4708.12,1721,23,1
1778237100,4708.13,4712.67,4708.03,4712.57,1669,23,1
1778237400,4712.54,4713.57,4708.13,4711.05,1723,23,1
1778237700,4711.05,4711.21,4706.99,4707.90,1660,23,1
1778238000,4707.90,4710.14,4706.87,4710.05,1685,23,1
1778238300,4709.76,4710.96,4706.70,4710.67,1535,23,1
1778238600,4710.66,4713.12,4708.28,4711.42,1403,23,1
1778238900,4711.41,4715.18,4711.30,4714.40,1482,23,1
1778239200,4714.29,4722.17,4714.29,4720.03,1678,23,1
1778239500,4720.04,4722.54,4716.35,4716.95,1761,23,1
1778239800,4716.95,4720.07,4716.40,4719.30,1524,23,1
1778240100,4719.30,4723.53,4719.30,4721.37,1608,23,1
1778240400,4721.35,4721.39,4716.82,4716.93,1437,23,1
1778240700,4716.93,4720.19,4716.02,4718.81,1549,23,1
1778241000,4718.81,4719.17,4716.46,4716.47,1198,23,1
1778241300,4716.47,4717.48,4714.95,4715.76,1380,23,1
1778241600,4715.74,4720.20,4713.47,4719.28,1594,23,1
1778241900,4719.28,4720.37,4715.93,4715.94,1455,23,1
1778242200,4715.94,4718.53,4715.39,4718.53,1169,23,1
1778242500,4718.62,4722.23,4718.27,4719.73,1326,23,1
1778242800,4719.73,4722.63,4718.71,4720.61,1420,23,1
1778243100,4720.61,4722.81,4717.76,4718.01,1387,23,1
1778243400,4718.01,4718.73,4709.78,4714.74,1760,23,1
1778243700,4714.74,4715.10,4709.37,4713.30,1323,23,1
1778244000,4713.37,4714.68,4710.71,4713.35,1423,23,1
1778244300,4713.34,4714.00,4709.56,4710.65,1370,23,1
1778244600,4710.61,4711.30,4707.45,4709.67,1628,23,1
1778244900,4709.66,4712.27,4707.62,4711.88,1502,23,1
1778245200,4711.88,4714.40,4711.17,4712.77,1324,23,1
1778245500,4712.77,4714.64,4711.95,4713.15,1198,23,1
1778245800,4713.15,4718.88,4712.82,4718.88,1247,23,1
1778246100,4718.88,4719.51,4717.51,4717.85,1125,23,1
1778246400,4717.87,4723.12,4717.77,4721.40,1084,23,1
1778246700,4721.40,4723.93,4720.42,4720.49,1310,23,1
1778247000,4720.48,4723.44,4720.28,4722.31,1218,23,1
1778247300,4722.31,4727.68,4722.03,4727.06,1295,23,1
1778247600,4727.05,4727.86,4724.25,4724.39,1377,23,1
1778247900,4724.39,4724.43,4719.07,4719.67,1266,23,1
1778248200,4719.67,4721.68,4717.80,4721.09,1327,23,1
1778248500,4721.12,4721.17,4715.32,4719.74,1715,23,1
1778248800,4719.78,4726.65,4719.78,4726.29,1607,23,1
1778249100,4726.28,4727.33,4723.34,4724.72,1566,23,1
1778249400,4724.72,4725.11,4718.85,4722.01,1502,23,1
1778249700,4722.01,4725.29,4721.60,4723.07,1234,23,1
1778250000,4723.06,4723.85,4720.10,4723.38,1404,23,1
1778250300,4723.33,4725.83,4723.02,4724.07,1255,23,1
1778250600,4724.06,4725.01,4721.99,4722.29,1185,23,1
1778250900,4722.33,4725.80,4722.08,4722.98,1212,23,1
1778251200,4722.87,4723.84,4721.05,4721.17,1373,23,1
1778251500,4721.14,4721.37,4717.09,4717.66,1369,23,1
1778251800,4717.66,4717.77,4713.64,4716.90,1362,23,1
1778252100,4716.90,4720.05,4716.07,4717.71,1446,23,1
1778252400,4717.71,4719.81,4712.87,4713.29,1723,23,1
1778252700,4713.29,4714.15,4708.59,4709.82,1784,23,1
1778253000,4709.82,4709.84,4703.83,4704.67,1932,23,1
1778253300,4704.67,4710.20,4702.83,4707.86,1886,23,1
1778253600,4707.88,4710.41,4704.88,4706.30,1914,23,1
1778253900,4706.24,4710.87,4705.38,4710.41,1472,23,1
1778254200,4710.48,4724.88,4703.36,4723.30,2474,23,1
1778254500,4723.29,4727.91,4721.75,4725.56,2353,23,1
1778254800,4725.56,4730.79,4722.27,4723.82,2326,23,1
1778255100,4723.83,4726.82,4719.33,4724.42,2247,23,1
1778255400,4724.42,4731.27,4719.89,4731.02,2165,23,1
1778255700,4730.93,4732.00,4720.58,4724.40,2261,23,1
1778256000,4724.40,4728.97,4720.48,4723.03,2311,23,1
1778256300,4723.04,4725.65,4718.32,4720.23,2211,23,1
1778256600,4720.25,4721.66,4716.65,4720.36,2151,23,1
1778256900,4720.36,4726.43,4719.49,4724.76,2029,23,1
1778257200,4724.77,4727.44,4723.08,4724.71,1884,23,1
1778257500,4724.71,4727.82,4724.67,4727.19,1885,23,1
1778257800,4727.26,4743.93,4726.93,4739.13,2567,23,1
1778258100,4739.12,4744.39,4738.33,4738.49,2542,23,1
1778258400,4738.53,4741.04,4734.92,4738.13,2493,23,1
1778258700,4738.28,4744.30,4734.98,4740.60,2310,23,1
1778259000,4740.59,4745.10,4737.23,4740.61,2321,23,1
1778259300,4740.61,4747.99,4740.00,4747.99,2069,23,1
1778259600,4747.96,4749.35,4739.06,4740.11,2374,23,1
1778259900,4740.11,4740.11,4725.53,4726.59,2429,23,1
1778260200,4726.58,4732.19,4718.91,4731.72,2438,23,1
1778260500,4731.74,4733.76,4725.37,4727.61,2300,23,1
1778260800,4727.60,4728.22,4722.24,4725.73,2217,23,1
1778261100,4725.74,4729.27,4719.07,4719.09,2260,23,1
1778261400,4717.71,4722.96,4714.35,4722.21,2381,23,1
1778261700,4722.24,4725.02,4719.46,4723.56,2217,23,1
1778262000,4723.55,4725.56,4721.34,4722.71,2113,23,1
1778262300,4722.71,4724.60,4714.88,4718.01,2113,23,1
1778262600,4718.02,4719.41,4713.31,4717.98,2115,23,1
1778262900,4718.19,4719.71,4715.52,4715.95,2044,23,1
1778263200,4715.95,4717.54,4712.80,4713.85,2182,23,1
1778263500,4713.84,4720.84,4713.84,4716.96,2004,23,1
1778263800,4716.96,4719.67,4706.09,4707.48,2064,23,1
1778264100,4707.48,4708.92,4704.59,4706.54,2228,23,1
1778264400,4706.55,4711.46,4704.32,4707.72,2342,23,1
1778264700,4707.87,4713.59,4705.60,4713.34,2027,23,1
1778265000,4713.32,4714.33,4704.35,4709.82,2241,23,1
1778265300,4709.85,4714.97,4709.55,4712.62,2025,23,1
1778265600,4712.63,4712.64,4704.29,4705.91,2049,23,1
1778265900,4705.90,4709.76,4701.96,4708.59,2126,23,1
1778266200,4708.61,4711.08,4708.43,4709.51,1798,23,1
1778266500,4709.50,4709.54,4704.35,4707.02,1882,23,1
1778266800,4707.03,4709.93,4705.40,4706.12,1918,23,1
1778267100,4706.09,4712.05,4706.09,4708.56,1713,23,1
1778267400,4708.56,4712.41,4706.73,4711.49,1460,23,1
1778267700,4711.50,4714.23,4711.42,4711.78,1502,23,1
1778268000,4711.78,4715.38,4711.75,4714.58,1384,23,1
1778268300,4714.58,4717.61,4714.41,4717.60,1430,23,1
1778268600,4717.60,4720.23,4716.85,4717.11,1533,23,1
1778268900,4717.11,4718.15,4715.63,4716.20,1557,23,1
1778269200,4716.20,4717.30,4713.30,4713.42,1483,23,1
1778269500,4713.42,4716.26,4712.78,4713.56,1609,23,1
1778269800,4713.56,4713.70,4711.88,4713.14,1535,23,1
1778270100,4713.14,4714.31,4711.30,4712.42,1401,23,1
1778270400,4712.42,4716.05,4712.13,4715.26,1519,23,1
1778270700,4715.26,4716.24,4713.62,4714.27,1461,23,1
1778271000,4714.27,4715.32,4713.06,4715.25,1338,23,1
1778271300,4715.25,4719.48,4715.19,4718.63,1216,23,1
1778271600,4718.63,4720.69,4717.32,4718.81,1425,23,1
1778271900,4718.81,4722.05,4718.56,4720.67,1579,23,1
1778272200,4720.63,4721.76,4719.66,4720.33,1281,23,1
1778272500,4720.33,4721.53,4719.81,4720.04,1152,23,1
1778272800,4720.04,4721.53,4719.77,4720.75,1010,23,1
1778273100,4720.71,4721.42,4719.79,4720.02,1000,23,1
1778273400,4720.02,4721.98,4719.37,4721.98,1144,23,1
1778273700,4721.96,4722.66,4719.72,4720.85,1105,23,1
1778274000,4720.85,4727.56,4720.47,4726.58,1748,23,1
1778274300,4726.58,4727.72,4725.55,4725.85,1427,23,1
1778274600,4725.89,4728.63,4725.03,4727.53,1139,23,1
1778274900,4727.54,4728.96,4725.40,4725.59,1304,23,1
1778275200,4725.59,4727.58,4725.35,4726.66,1094,23,1
1778275500,4726.64,4726.64,4723.94,4725.64,1277,23,1
1778275800,4725.65,4726.45,4724.06,4725.40,1171,23,1
1778276100,4725.42,4726.24,4724.81,4725.94,1046,23,1
1778276400,4725.94,4726.08,4724.01,4724.63,1107,23,1
1778276700,4724.63,4724.66,4722.10,4723.33,1191,23,1
1778277000,4723.32,4724.16,4721.78,4722.34,990,23,1
1778277300,4722.39,4723.26,4719.91,4721.90,1430,23,1
1778277600,4721.91,4724.65,4720.98,4723.07,1334,23,1
1778277900,4723.07,4725.50,4722.55,4724.74,1057,23,1
1778278200,4724.69,4725.61,4723.30,4723.57,832,23,1
1778278500,4723.57,4724.63,4723.50,4724.11,681,23,1
1778278800,4724.11,4725.01,4723.33,4724.64,745,23,1
1778279100,4724.64,4724.99,4723.45,4723.73,819,23,1
1778279400,4723.73,4723.78,4722.01,4723.00,977,23,1
1778279700,4722.98,4723.53,4721.82,4723.53,866,23,1
1778280000,4723.53,4726.78,4723.43,4725.37,1311,23,1
1778280300,4725.37,4725.90,4723.37,4723.96,1110,23,1
1778280600,4724.01,4725.57,4723.65,4724.74,1220,23,1
1778280900,4724.77,4724.99,4722.91,4724.02,1585,23,1
1778281200,4723.95,4724.28,4722.16,4723.03,920,23,1
1778281500,4723.03,4723.36,4721.67,4721.68,717,23,1
1778281800,4721.68,4721.84,4717.09,4718.84,900,23,1
1778282100,4718.74,4719.17,4715.23,4715.38,885,23,1
1778282400,4715.38,4717.60,4715.23,4716.87,706,23,1
1778282700,4716.87,4717.74,4715.78,4717.35,703,23,1
1778283000,4717.35,4719.08,4716.33,4717.32,617,24,1
1778283300,4717.32,4718.05,4716.69,4717.76,783,28,1
1778283600,4717.76,4718.17,4715.68,4716.34,611,28,1
1778283900,4716.33,4716.75,4714.84,4715.12,845,28,1
1778284200,4715.12,4716.33,4714.65,4715.42,956,28,1
1778284500,4715.42,4715.77,4714.79,4715.67,271,28,1
1778461200,4683.43,4700.39,4678.98,4686.93,2266,28,1
1778461500,4686.93,4688.66,4679.86,4688.08,1500,28,1
1778461800,4688.08,4694.69,4686.15,4687.35,1502,28,1
1778462100,4687.29,4690.29,4681.85,4687.37,1464,28,1
1778462400,4687.38,4689.79,4685.27,4689.36,1244,28,1
1778462700,4689.37,4696.21,4689.00,4694.53,1268,28,1
1778463000,4694.53,4694.53,4689.42,4692.86,1330,23,1
1778463300,4692.86,4694.06,4687.23,4688.32,1132,23,1
1778463600,4688.32,4691.62,4687.05,4691.24,873,23,1
1778463900,4691.24,4693.95,4690.00,4693.95,924,23,1
1778464200,4693.95,4693.95,4690.36,4691.48,1062,23,1
1778464500,4691.48,4694.52,4690.98,4691.86,1123,23,1
1778464800,4691.87,4696.89,4691.12,4696.59,1174,23,1
1778465100,4696.59,4696.59,4692.67,4694.13,1025,23,1
1778465400,4694.13,4694.60,4688.86,4690.07,1134,23,1
1778465700,4690.07,4695.30,4689.09,4695.29,1045,23,1
1778466000,4695.26,4696.55,4694.98,4696.23,895,23,1
1778466300,4696.23,4697.14,4694.15,4694.67,876,23,1
1778466600,4694.67,4697.37,4694.64,4696.29,896,23,1
1778466900,4696.30,4698.35,4695.49,4697.22,885,23,1
1778467200,4697.22,4698.28,4695.98,4697.49,853,23,1
1778467500,4697.50,4698.44,4694.40,4698.44,1104,23,1
1778467800,4698.44,4698.54,4695.44,4695.65,947,23,1
1778468100,4695.65,4695.73,4690.07,4691.71,1145,23,1
1778468400,4691.58,4691.58,4682.20,4687.32,1882,23,1
1778468700,4687.32,4690.28,4684.95,4686.14,1730,23,1
1778469000,4686.00,4686.87,4680.44,4682.57,1628,23,1
1778469300,4682.64,4683.21,4676.76,4677.74,1834,23,1
1778469600,4677.73,4685.70,4675.94,4684.31,1645,23,1
1778469900,4684.31,4686.59,4681.74,4683.51,1463,23,1
1778470200,4683.52,4693.27,4683.52,4692.93,1646,23,1
1778470500,4692.93,4693.29,4685.53,4687.39,1536,23,1
1778470800,4687.39,4691.61,4687.32,4689.03,1480,23,1
1778471100,4689.05,4692.86,4687.83,4690.29,1592,23,1
1778471400,4690.28,4691.96,4670.29,4682.40,2133,23,1
1778471700,4682.37,4684.23,4673.60,4683.55,2155,23,1
1778472000,4683.34,4692.66,4674.61,4691.36,2549,23,1
1778472300,4691.35,4699.80,4689.66,4690.94,2358,23,1
1778472600,4690.95,4695.12,4682.09,4692.06,2305,23,1
1778472900,4692.06,4697.60,4689.62,4695.90,2308,23,1
1778473200,4695.90,4705.47,4693.48,4703.08,2173,23,1
1778473500,4703.08,4705.45,4698.83,4698.89,1930,23,1
1778473800,4698.89,4701.71,4693.12,4697.79,2204,23,1
1778474100,4698.00,4698.79,4693.96,4695.42,2032,23,1
1778474400,4695.42,4695.89,4690.87,4694.40,1943,23,1
1778474700,4694.39,4695.96,4692.60,4694.97,1839,23,1
1778475000,4694.99,4695.01,4685.31,4686.64,2040,23,1
1778475300,4686.64,4687.42,4680.05,4685.68,1963,23,1
1778475600,4685.67,4693.04,4684.92,4688.91,1982,23,1
1778475900,4688.95,4689.30,4678.45,4683.91,2132,23,1
1778476200,4683.88,4689.33,4682.64,4686.15,1780,23,1
1778476500,4686.09,4686.66,4682.89,4683.25,1517,23,1
1778476800,4683.25,4686.61,4682.78,4686.13,1276,23,1
1778477100,4686.13,4688.62,4685.00,4688.46,1185,23,1
1778477400,4688.46,4695.41,4688.44,4692.02,1785,23,1
1778477700,4692.02,4700.17,4690.81,4699.01,1748,23,1
1778478000,4699.07,4699.07,4687.88,4688.54,1639,23,1
1778478300,4688.56,4693.57,4684.35,4685.34,1736,23,1
1778478600,4685.34,4685.43,4678.89,4680.09,1987,23,1
1778478900,4680.60,4682.51,4676.63,4681.69,1972,23,1
1778479200,4681.69,4684.84,4675.05,4683.53,1920,23,1
1778479500,4683.53,4686.38,4681.80,4686.36,1511,23,1
1778479800,4686.22,4689.72,4685.30,4687.09,1503,23,1
1778480100,4687.12,4689.24,4683.87,4688.40,1539,23,1
1778480400,4688.39,4688.87,4683.88,4688.49,1524,23,1
1778480700,4688.49,4690.40,4686.89,4689.45,1204,23,1
1778481000,4689.48,4690.37,4686.13,4686.75,1429,23,1
1778481300,4686.75,4687.56,4682.23,4684.14,1315,23,1
1778481600,4684.10,4688.04,4683.46,4687.82,1134,23,1
1778481900,4687.82,4687.82,4681.29,4681.29,1029,23,1
1778482200,4681.33,4682.50,4677.31,4677.44,1272,23,1
1778482500,4677.44,4679.19,4676.98,4678.64,1082,23,1
1778482800,4678.64,4679.77,4673.42,4677.55,1488,23,1
1778483100,4677.55,4679.04,4675.69,4677.40,1168,23,1
1778483400,4677.43,4677.95,4674.89,4677.44,1269,23,1
1778483700,4677.44,4678.64,4673.92,4674.18,1155,23,1
1778484000,4674.16,4674.89,4670.34,4673.66,1286,23,1
1778484300,4673.66,4675.86,4671.55,4671.75,1156,23,1
1778484600,4671.75,4673.59,4668.49,4673.01,1533,23,1
1778484900,4673.01,4674.60,4671.31,4671.50,1272,23,1
1778485200,4671.50,4673.59,4671.31,4673.03,1031,23,1
1778485500,4673.03,4675.35,4672.73,4675.01,988,23,1
1778485800,4675.01,4675.96,4672.97,4674.93,1067,23,1
1778486100,4675.16,4675.59,4671.74,4672.05,1021,23,1
1778486400,4672.05,4675.99,4671.77,4675.69,1079,23,1
1778486700,4675.71,4675.96,4670.77,4672.54,1140,23,1
1778487000,4672.54,4673.72,4671.12,4673.38,1185,23,1
1778487300,4673.39,4674.42,4671.84,4673.69,1070,23,1
1778487600,4673.69,4675.24,4672.59,4675.12,1075,23,1
1778487900,4675.12,4675.12,4670.78,4670.78,1104,23,1
1778488200,4670.77,4679.09,4670.63,4678.68,1966,23,1
1778488500,4678.66,4680.61,4672.87,4673.95,1684,23,1
1778488800,4673.95,4674.41,4662.11,4663.67,1862,23,1
1778489100,4663.65,4664.03,4658.85,4660.94,1999,23,1
1778489400,4660.84,4661.59,4652.82,4654.46,2081,23,1
1778489700,4654.46,4655.01,4648.12,4652.29,2105,23,1
1778490000,4652.29,4659.78,4649.27,4659.62,2056,23,1
1778490300,4659.67,4664.80,4657.37,4662.75,1897,23,1
1778490600,4662.74,4667.02,4662.47,4665.34,1864,23,1
1778490900,4665.35,4670.62,4665.21,4670.50,1735,23,1
1778491200,4670.46,4670.75,4664.85,4667.27,1881,23,1
1778491500,4667.27,4668.81,4664.72,4667.42,1828,23,1
1778491800,4667.43,4672.22,4667.37,4669.81,1793,23,1
1778492100,4669.81,4674.36,4668.84,4672.76,1477,23,1
1778492400,4672.76,4675.66,4670.25,4674.32,1600,23,1
1778492700,4674.32,4676.99,4672.99,4673.83,1557,23,1
1778493000,4673.84,4680.41,4671.28,4678.97,1683,23,1
1778493300,4678.99,4680.12,4676.09,4678.43,1634,23,1
1778493600,4678.39,4680.30,4677.65,4678.96,1723,23,1
1778493900,4678.96,4678.97,4674.40,4674.55,1541,23,1
1778494200,4674.57,4676.70,4674.57,4676.05,1508,23,1
1778494500,4676.05,4676.86,4672.12,4673.15,1497,23,1
1778494800,4673.11,4677.12,4672.80,4676.15,1375,23,1
1778495100,4676.15,4678.06,4674.89,4675.81,1490,23,1
1778495400,4675.83,4678.00,4672.47,4674.30,1323,23,1
1778495700,4674.30,4676.53,4672.98,4674.79,1351,23,1
1778496000,4674.80,4676.42,4671.69,4672.00,1344,23,1
1778496300,4672.00,4672.92,4666.57,4667.58,1212,23,1
1778496600,4667.58,4670.71,4664.34,4669.11,1357,23,1
1778496900,4669.12,4669.53,4665.75,4667.72,1268,23,1
1778497200,4667.72,4669.02,4664.52,4668.57,1439,23,1
1778497500,4668.57,4671.10,4664.50,4664.80,1535,23,1
1778497800,4664.80,4673.68,4664.20,4671.99,1783,23,1
1778498100,4671.99,4675.60,4671.99,4675.33,1436,23,1
1778498400,4675.33,4678.77,4672.59,4676.62,1479,23,1
1778498700,4676.62,4677.24,4671.76,4671.76,1570,23,1
1778499000,4671.70,4675.25,4669.91,4671.78,1505,23,1
1778499300,4671.84,4673.24,4669.72,4670.11,1317,23,1
1778499600,4670.13,4671.21,4669.20,4670.34,1272,23,1
1778499900,4670.36,4671.40,4669.44,4670.95,1044,23,1
1778500200,4670.95,4671.12,4666.77,4668.80,1303,23,1
1778500500,4668.80,4668.94,4666.81,4667.50,1221,23,1
1778500800,4667.58,4669.73,4665.24,4669.42,1441,23,1
1778501100,4669.44,4669.98,4666.72,4667.65,961,23,1
1778501400,4667.65,4668.47,4666.02,4667.50,1123,23,1
1778501700,4667.51,4667.54,4664.54,4664.90,1354,23,1
1778502000,4664.90,4665.71,4659.05,4659.10,1166,23,1
1778502300,4659.15,4661.40,4656.87,4657.50,1397,23,1
1778502600,4657.50,4658.70,4650.58,4654.77,1764,23,1
1778502900,4654.74,4660.02,4654.61,4659.22,1436,23,1
1778503200,4659.22,4663.66,4657.21,4662.89,1330,23,1
1778503500,4662.89,4664.90,4661.04,4661.90,1253,23,1
1778503800,4661.90,4663.21,4658.84,4661.66,1188,23,1
1778504100,4661.65,4662.07,4656.14,4656.74,1396,23,1
1778504400,4656.74,4661.24,4656.39,4657.60,1283,23,1
1778504700,4657.60,4661.32,4656.60,4660.98,1226,23,1
1778505000,4660.98,4662.87,4660.44,4662.49,1112,23,1
1778505300,4662.49,4662.95,4660.42,4662.57,1057,23,1
1778505600,4662.57,4665.35,4660.95,4665.34,1083,23,1
1778505900,4665.34,4665.91,4663.08,4663.35,1055,23,1
1778506200,4663.35,4666.63,4662.45,4665.83,1202,23,1
1778506500,4665.83,4666.54,4660.26,4663.01,1277,23,1
1778506800,4663.01,4663.44,4661.22,4663.40,1305,23,1
1778507100,4663.40,4665.08,4661.35,4664.52,1339,23,1
1778507400,4664.52,4667.46,4664.15,4665.07,1289,23,1
1778507700,4665.08,4665.89,4663.75,4663.88,1272,23,1
1778508000,4663.89,4672.44,4663.89,4671.15,1614,23,1
1778508300,4671.15,4671.21,4667.24,4669.11,1431,23,1
1778508600,4669.11,4669.98,4666.79,4669.39,1379,23,1
1778508900,4669.39,4670.10,4667.92,4669.67,1133,23,1
1778509200,4669.67,4670.36,4667.56,4669.39,1146,23,1
1778509500,4669.10,4672.05,4667.62,4671.91,1173,23,1
1778509800,4671.88,4673.27,4670.22,4671.64,1486,23,1
1778510100,4671.64,4675.95,4670.40,4675.27,1581,23,1
1778510400,4675.27,4677.28,4674.32,4674.41,1495,23,1
1778510700,4674.41,4674.94,4673.05,4674.13,1134,23,1
1778511000,4674.13,4674.32,4670.33,4672.91,1358,23,1
1778511300,4672.98,4674.57,4670.41,4674.50,1398,23,1
1778511600,4674.50,4675.90,4670.58,4671.15,1669,23,1
1778511900,4671.15,4671.61,4669.08,4669.33,1497,23,1
1778512200,4669.23,4669.45,4667.46,4668.40,1397,23,1
1778512500,4668.40,4674.24,4667.57,4672.45,1613,23,1
1778512800,4672.68,4695.39,4671.94,4692.36,2453,23,1
1778513100,4692.54,4692.54,4685.72,4690.61,2273,23,1
1778513400,4690.61,4696.39,4689.13,4693.36,2243,23,1
1778513700,4693.36,4698.33,4693.31,4696.09,2080,23,1
1778514000,4696.12,4697.06,4691.40,4692.15,1873,23,1
1778514300,4692.16,4695.75,4686.27,4689.11,2020,23,1
1778514600,4689.11,4694.05,4689.11,4693.01,1787,23,1
1778514900,4693.01,4700.97,4691.50,4700.00,1982,23,1
1778515200,4700.00,4709.96,4698.76,4709.91,2346,23,1
1778515500,4709.94,4717.36,4708.47,4716.56,2278,23,1
1778515800,4716.57,4721.77,4712.54,4721.04,2327,23,1
1778516100,4721.04,4730.80,4720.52,4727.45,2319,23,1
1778516400,4727.44,4735.63,4726.48,4731.40,2378,23,1
1778516700,4731.39,4734.09,4727.50,4728.37,2249,23,1
1778517000,4728.29,4736.65,4728.16,4734.35,2518,23,1
1778517300,4734.70,4739.99,4733.48,4735.18,2404,23,1
1778517600,4735.19,4745.49,4735.11,4743.73,2426,23,1
1778517900,4743.70,4748.47,4736.34,4737.67,2379,23,1
1778518200,4737.64,4742.27,4734.73,4739.97,2313,23,1
1778518500,4740.03,4744.67,4736.12,4736.12,2136,23,1
1778518800,4736.12,4738.49,4728.10,4730.70,2401,23,1
1778519100,4730.71,4731.39,4718.51,4724.37,2289,23,1
1778519400,4724.26,4732.34,4721.51,4730.87,2152,23,1
1778519700,4730.89,4732.35,4725.50,4730.96,2158,23,1
1778520000,4730.92,4733.83,4730.08,4733.61,1874,23,1
1778520300,4733.60,4733.75,4724.53,4725.01,2238,23,1
1778520600,4725.04,4727.78,4715.20,4721.41,2442,23,1
1778520900,4721.41,4728.61,4717.97,4726.95,2298,23,1
1778521200,4726.87,4733.60,4726.87,4732.45,2017,23,1
1778521500,4732.44,4733.97,4727.51,4729.80,2053,23,1
1778521800,4729.79,4730.34,4727.32,4728.00,2038,23,1
1778522100,4727.99,4729.02,4723.84,4725.62,1861,23,1
1778522400,4725.54,4728.33,4722.88,4726.13,1982,23,1
1778522700,4725.99,4730.24,4725.03,4728.55,1885,23,1
1778523000,4728.60,4731.71,4727.33,4728.47,1855,23,1
1778523300,4728.47,4734.66,4727.29,4731.81,1764,23,1
1778523600,4731.81,4738.24,4730.63,4736.80,1792,23,1
1778523900,4736.81,4737.35,4731.97,4732.91,1835,23,1
1778524200,4732.91,4734.78,4731.94,4732.21,1792,23,1
1778524500,4732.19,4732.36,4729.78,4730.35,1600,23,1
1778524800,4730.35,4731.43,4726.78,4727.31,1728,23,1
1778525100,4727.30,4730.02,4725.13,4729.38,2001,23,1
1778525400,4729.38,4732.18,4727.98,4731.83,1622,23,1
1778525700,4731.83,4732.65,4730.72,4732.16,1421,23,1
1778526000,4732.16,4733.45,4730.78,4731.90,1484,23,1
1778526300,4731.90,4732.95,4729.35,4729.36,1429,23,1
1778526600,4729.35,4729.93,4727.04,4727.78,1385,23,1
1778526900,4727.81,4728.04,4724.19,4726.93,1500,23,1
1778527200,4726.93,4727.11,4723.52,4724.49,1533,23,1
1778527500,4724.50,4725.89,4722.41,4723.92,1530,23,1
1778527800,4723.91,4725.99,4721.64,4722.18,1431,23,1
1778528100,4722.21,4722.21,4717.56,4720.56,1641,23,1
1778528400,4720.51,4721.23,4708.02,4711.37,2205,23,1
1778528700,4711.37,4715.94,4709.02,4714.89,2004,23,1
1778529000,4714.89,4716.71,4714.11,4715.41,1783,23,1
1778529300,4715.37,4716.93,4713.33,4716.47,1761,23,1
1778529600,4716.48,4719.40,4716.43,4718.17,1652,23,1
1778529900,4718.17,4719.98,4717.67,4718.05,1657,23,1
1778530200,4718.07,4719.04,4715.89,4718.35,1769,23,1
1778530500,4718.34,4719.20,4717.40,4717.56,1565,23,1
1778530800,4717.56,4720.91,4717.14,4719.53,1645,23,1
1778531100,4719.57,4721.71,4717.33,4718.12,1631,23,1
1778531400,4718.11,4723.96,4717.77,4722.90,1465,23,1
1778531700,4722.86,4723.34,4721.66,4721.77,1340,23,1
1778532000,4721.77,4724.43,4721.35,4723.88,1229,23,1
1778532300,4723.88,4724.59,4722.17,4722.58,1347,23,1
1778532600,4722.58,4723.78,4721.83,4722.08,1208,23,1
1778532900,4722.08,4723.76,4722.03,4723.66,1176,23,1
1778533200,4723.66,4724.91,4722.53,4724.45,1234,23,1
1778533500,4724.43,4726.86,4723.99,4725.77,1164,23,1
1778533800,4725.77,4726.32,4722.04,4723.45,1639,23,1
1778534100,4723.45,4724.42,4721.99,4723.40,1345,23,1
1778534400,4723.40,4724.58,4720.93,4723.69,1498,23,1
1778534700,4723.67,4727.48,4723.50,4727.16,1346,23,1
1778535000,4727.16,4727.74,4726.57,4726.77,970,23,1
1778535300,4726.76,4729.36,4726.72,4726.75,1230,23,1
1778535600,4726.76,4727.68,4725.68,4726.83,1250,23,1
1778535900,4726.87,4727.03,4725.31,4726.46,1141,23,1
1778536200,4726.48,4727.76,4725.82,4726.58,1074,23,1
1778536500,4726.58,4729.11,4724.86,4724.86,1553,23,1
1778536800,4724.93,4727.21,4724.03,4724.18,1528,23,1
1778537100,4724.18,4728.46,4724.15,4727.01,1326,23,1
1778537400,4727.04,4728.08,4723.70,4724.83,1361,23,1
1778537700,4724.86,4725.56,4723.95,4724.84,1293,23,1
1778538000,4724.84,4725.37,4723.61,4723.77,1233,23,1
1778538300,4723.77,4724.40,4723.27,4724.26,1195,23,1
1778538600,4724.24,4725.43,4722.42,4724.50,1348,23,1
1778538900,4724.47,4727.67,4724.47,4727.67,1159,23,1
1778539200,4727.67,4728.59,4726.93,4726.94,1148,23,1
1778539500,4726.96,4731.50,4726.95,4731.37,1255,23,1
1778539800,4731.38,4734.28,4730.29,4734.03,1421,23,1
1778540100,4734.03,4736.14,4733.00,4733.58,1733,23,1
1778540400,4733.58,4737.87,4733.58,4737.05,980,23,1
1778540700,4737.05,4737.11,4733.53,4734.62,762,23,1
1778541000,4734.62,4736.89,4729.99,4734.99,1171,23,1
1778541300,4734.99,4735.22,4734.03,4734.75,757,23,1
1778541600,4734.69,4734.77,4733.49,4734.58,652,23,1
1778541900,4734.58,4735.42,4733.72,4735.34,577,23,1
1778542200,4735.34,4738.53,4734.89,4737.89,640,24,1
1778542500,4737.89,4738.31,4737.29,4737.97,548,28,1
1778542800,4737.96,4738.00,4737.28,4737.54,398,28,1
1778543100,4737.55,4737.68,4736.53,4736.69,641,28,1
1778543400,4736.69,4736.69,4732.47,4734.71,880,28,1
1778543700,4734.72,4735.54,4734.21,4735.10,448,28,1
1778547600,4735.82,4743.22,4735.80,4740.72,1415,28,1
1778547900,4740.75,4743.67,4739.23,4741.30,1076,28,1
1778548200,4741.30,4741.48,4738.36,4739.26,804,28,1
1778548500,4739.01,4739.66,4737.70,4738.74,726,28,1
1778548800,4738.71,4740.06,4737.48,4739.63,660,28,1
1778549100,4739.63,4741.90,4739.22,4739.77,686,28,1
1778549400,4739.77,4742.36,4738.99,4741.47,769,23,1
1778549700,4741.47,4742.69,4740.82,4741.65,663,23,1
1778550000,4741.65,4745.11,4741.41,4744.69,839,23,1
1778550300,4744.69,4755.07,4744.25,4752.12,1564,23,1
1778550600,4751.96,4753.92,4750.69,4753.05,1193,23,1
1778550900,4753.05,4753.09,4749.79,4750.86,820,23,1
1778551200,4750.86,4754.27,4750.81,4751.05,1272,23,1
1778551500,4751.05,4754.47,4750.96,4753.01,910,23,1
1778551800,4752.96,4753.39,4746.11,4751.17,1255,23,1
1778552100,4751.16,4754.14,4750.99,4752.10,960,23,1
1778552400,4752.10,4754.08,4751.05,4752.10,873,23,1
1778552700,4752.10,4754.61,4750.84,4752.86,902,23,1
1778553000,4752.88,4757.88,4751.64,4755.63,1155,23,1
1778553300,4755.63,4759.35,4753.63,4755.10,1433,23,1
1778553600,4755.11,4757.16,4754.47,4755.96,1061,23,1
1778553900,4755.96,4760.70,4755.42,4760.14,1184,23,1
1778554200,4760.11,4769.50,4759.48,4765.99,1650,23,1
1778554500,4765.99,4769.11,4765.77,4767.42,1344,23,1
1778554800,4767.43,4767.43,4758.59,4764.77,1959,20,1
1778555100,4764.79,4768.92,4760.34,4768.30,1643,23,1
1778555400,4768.27,4769.50,4765.56,4766.91,1755,23,1
1778555700,4767.00,4773.49,4766.52,4771.00,1727,23,1
1778556000,4771.00,4772.99,4753.31,4759.83,1962,23,1
1778556300,4759.82,4766.00,4759.27,4762.28,1690,23,1
1778556600,4762.28,4763.81,4758.41,4758.44,1635,23,1
1778556900,4758.47,4762.70,4757.90,4759.18,1392,23,1
1778557200,4759.18,4760.95,4757.60,4757.95,1335,23,1
1778557500,4757.95,4761.90,4757.95,4759.53,1473,23,1
1778557800,4759.53,4760.38,4752.09,4752.85,1506,23,1
1778558100,4752.85,4755.81,4748.78,4749.30,1917,23,1
1778558400,4749.29,4755.52,4742.23,4743.66,2567,23,1
1778558700,4743.73,4752.81,4743.49,4752.31,2230,23,1
1778559000,4752.31,4752.96,4744.59,4746.28,1995,23,1
1778559300,4746.26,4751.63,4743.32,4748.95,2170,23,1
1778559600,4748.83,4750.11,4743.55,4744.49,1878,23,1
1778559900,4744.56,4745.78,4733.82,4735.15,2121,23,1
1778560200,4735.15,4738.85,4731.20,4732.28,1963,23,1
1778560500,4732.27,4733.20,4723.36,4724.68,2281,23,1
1778560800,4724.68,4729.55,4720.33,4729.42,2333,23,1
1778561100,4729.39,4731.47,4726.18,4730.05,2155,23,1
1778561400,4730.05,4730.51,4727.23,4727.86,2031,23,1
1778561700,4727.86,4729.73,4723.95,4727.14,2094,23,1
1778562000,4727.13,4730.78,4726.58,4728.98,2082,23,1
1778562300,4728.92,4730.30,4725.40,4730.14,1909,23,1
1778562600,4730.14,4733.91,4728.95,4731.48,1791,23,1
1778562900,4731.48,4731.57,4725.94,4726.36,1515,23,1
1778563200,4726.36,4729.76,4725.32,4729.71,1305,23,1
1778563500,4729.67,4730.36,4724.47,4727.07,1464,23,1
1778563800,4727.07,4729.44,4722.27,4726.45,2122,23,1
1778564100,4726.45,4729.06,4724.84,4726.74,1781,23,1
1778564400,4726.74,4731.92,4724.76,4731.77,1836,23,1
1778564700,4731.76,4733.28,4727.13,4728.41,1883,23,1
1778565000,4728.41,4733.39,4728.37,4732.31,1749,23,1
1778565300,4732.33,4733.20,4730.05,4730.06,1671,23,1
1778565600,4730.00,4733.24,4728.05,4729.62,1749,23,1
1778565900,4729.62,4730.90,4727.14,4727.61,1476,23,1
1778566200,4727.61,4731.93,4727.14,4731.16,1573,23,1
1778566500,4731.15,4731.26,4725.47,4726.01,1412,23,1
1778566800,4726.01,4727.21,4723.75,4723.89,1692,23,1
1778567100,4723.72,4725.65,4722.87,4723.83,1510,23,1
1778567400,4723.88,4726.19,4723.87,4725.68,1201,23,1
1778567700,4725.69,4727.95,4725.12,4726.45,1240,23,1
1778568000,4726.45,4727.23,4723.77,4724.63,948,23,1
1778568300,4723.99,4724.43,4719.07,4720.50,1240,23,1
1778568600,4720.50,4722.59,4719.11,4719.59,1114,23,1
1778568900,4719.59,4720.42,4718.13,4720.20,1083,23,1
1778569200,4720.20,4722.31,4719.75,4722.26,1221,23,1
1778569500,4722.29,4723.34,4721.02,4722.35,1096,23,1
1778569800,4722.35,4722.60,4720.96,4721.92,963,23,1
1778570100,4721.92,4730.36,4721.79,4726.72,1659,23,1
1778570400,4726.72,4729.43,4724.46,4725.14,1217,23,1
1778570700,4725.18,4725.51,4721.65,4722.51,966,23,1
1778571000,4722.51,4724.23,4721.36,4723.20,961,23,1
1778571300,4723.20,4726.39,4723.13,4725.55,1058,23,1
1778571600,4725.52,4725.84,4723.80,4724.68,937,23,1
1778571900,4724.68,4725.05,4718.42,4719.86,1212,23,1
1778572200,4719.86,4720.56,4712.79,4713.51,1579,23,1
1778572500,4713.51,4716.92,4711.11,4714.18,1545,23,1
1778572800,4714.16,4718.56,4710.96,4718.43,1630,23,1
1778573100,4718.43,4718.66,4709.56,4711.10,1674,23,1
1778573400,4711.08,4712.63,4708.75,4712.37,1548,23,1
1778573700,4712.33,4715.94,4712.33,4713.46,1511,23,1
1778574000,4713.46,4716.91,4713.46,4714.27,1405,23,1
1778574300,4714.27,4715.67,4713.18,4715.30,1145,23,1
1778574600,4715.31,4722.10,4713.07,4715.00,1953,23,1
1778574900,4715.00,4716.82,4713.22,4716.30,1958,23,1
1778575200,4716.30,4716.74,4714.02,4715.41,1815,23,1
1778575500,4715.39,4716.46,4713.25,4713.80,1758,23,1
1778575800,4713.82,4716.10,4712.08,4713.82,1836,23,1
1778576100,4713.82,4719.86,4710.10,4714.32,1941,23,1
1778576400,4714.32,4714.40,4704.13,4706.91,2283,23,1
1778576700,4706.73,4709.38,4702.83,4704.63,2079,23,1
1778577000,4704.63,4706.37,4703.09,4705.20,1859,23,1
1778577300,4705.17,4706.96,4700.33,4704.69,1852,23,1
1778577600,4704.70,4705.29,4697.49,4698.38,1884,23,1
1778577900,4698.51,4699.35,4695.24,4696.03,1853,23,1
1778578200,4696.03,4703.65,4695.36,4702.74,1915,23,1
1778578500,4702.86,4704.77,4699.14,4701.05,1751,23,1
1778578800,4700.92,4702.68,4697.35,4702.38,1768,23,1
1778579100,4702.46,4704.34,4696.07,4696.78,1760,23,1
1778579400,4696.79,4699.81,4695.50,4699.06,2074,23,1
1778579700,4699.06,4699.57,4694.55,4697.09,2070,23,1
1778580000,4696.97,4698.27,4689.77,4691.24,2135,23,1
1778580300,4691.25,4695.13,4687.41,4695.01,1853,23,1
1778580600,4694.97,4697.86,4692.22,4695.92,1771,23,1
1778580900,4695.92,4699.58,4693.91,4699.15,1709,23,1
1778581200,4699.20,4699.44,4696.67,4697.16,1560,23,1
1778581500,4697.09,4698.92,4696.30,4697.83,1306,23,1
1778581800,4697.84,4699.72,4695.56,4699.70,1405,23,1
1778582100,4699.70,4700.52,4696.87,4700.24,1282,23,1
1778582400,4700.24,4702.40,4699.11,4700.33,1394,23,1
1778582700,4700.34,4700.49,4697.66,4699.72,1354,23,1
1778583000,4699.72,4702.76,4698.15,4701.50,1504,23,1
1778583300,4701.50,4703.80,4698.95,4699.83,1431,23,1
1778583600,4699.84,4706.77,4699.84,4704.76,1695,23,1
1778583900,4704.76,4705.79,4701.77,4703.24,1371,23,1
1778584200,4703.25,4703.67,4699.18,4699.25,1430,23,1
1778584500,4699.47,4700.53,4697.10,4699.25,1493,23,1
1778584800,4699.21,4704.10,4699.18,4701.81,1272,23,1
1778585100,4701.81,4704.07,4701.48,4702.95,1188,23,1
1778585400,4702.92,4704.45,4701.12,4701.23,1387,23,1
1778585700,4701.23,4701.60,4698.06,4700.40,1442,23,1
1778586000,4700.41,4700.98,4698.44,4700.03,1363,23,1
1778586300,4700.03,4706.62,4698.92,4703.57,1717,23,1
1778586600,4703.56,4705.48,4702.81,4703.47,1335,23,1
1778586900,4703.47,4704.44,4702.40,4703.32,1111,23,1
1778587200,4703.39,4703.41,4699.67,4701.46,1403,23,1
1778587500,4701.46,4701.64,4698.81,4699.39,1409,23,1
1778587800,4699.39,4701.50,4697.91,4697.98,1397,23,1
1778588100,4697.98,4700.65,4697.93,4698.76,1344,23,1
1778588400,4698.76,4702.24,4697.87,4701.55,1252,23,1
1778588700,4701.55,4702.34,4697.51,4699.53,1360,23,1
1778589000,4699.66,4705.23,4699.60,4702.20,1750,23,1
1778589300,4702.20,4702.65,4698.41,4701.90,1477,23,1
1778589600,4701.92,4702.50,4694.40,4695.25,1535,23,1
1778589900,4695.25,4701.09,4694.24,4700.58,1515,23,1
1778590200,4700.58,4701.59,4696.17,4697.12,1263,23,1
1778590500,4697.05,4700.02,4696.43,4699.46,1347,23,1
1778590800,4699.46,4704.10,4698.81,4703.52,1266,23,1
1778591100,4703.52,4708.11,4702.60,4707.75,1394,23,1
1778591400,4707.77,4708.45,4704.39,4704.99,1342,23,1
1778591700,4704.99,4705.32,4698.93,4700.98,1392,23,1
1778592000,4700.98,4703.33,4699.70,4701.27,1317,23,1
1778592300,4701.27,4702.95,4699.35,4700.16,1230,23,1
1778592600,4700.16,4700.28,4692.27,4695.38,1770,23,1
1778592900,4695.38,4695.79,4685.58,4686.58,1669,23,1
1778593200,4686.54,4692.31,4685.18,4690.68,1762,23,1
1778593500,4690.68,4692.21,4689.81,4691.33,1625,23,1
1778593800,4691.30,4694.03,4690.40,4692.83,1420,23,1
1778594100,4692.83,4694.36,4691.26,4694.36,1475,23,1
1778594400,4694.35,4695.18,4689.71,4691.11,1803,23,1
1778594700,4691.11,4692.95,4687.21,4692.01,1854,23,1
1778595000,4692.01,4698.10,4689.60,4691.68,1890,23,1
1778595300,4691.66,4697.99,4691.60,4697.90,1598,23,1
1778595600,4697.89,4697.89,4693.05,4693.82,1441,23,1
1778595900,4693.85,4700.21,4692.85,4700.09,1450,23,1
1778596200,4700.08,4702.08,4697.81,4698.66,1524,23,1
1778596500,4698.67,4704.70,4698.51,4704.37,1558,23,1
1778596800,4704.41,4706.05,4702.71,4704.28,1584,23,1
1778597100,4704.26,4707.10,4702.45,4705.56,1515,23,1
1778597400,4705.55,4707.92,4704.31,4707.36,1594,23,1
1778597700,4707.35,4709.15,4706.32,4706.57,1578,23,1
1778598000,4706.61,4708.17,4703.60,4704.45,1654,23,1
1778598300,4704.45,4704.68,4698.37,4700.63,1968,23,1
1778598600,4700.61,4706.25,4699.93,4705.74,1640,23,1
1778598900,4705.70,4708.18,4702.48,4704.73,1870,23,1
1778599200,4704.75,4708.30,4697.03,4697.04,1887,23,1
1778599500,4696.96,4698.68,4695.11,4697.17,1569,23,1
1778599800,4697.17,4700.08,4689.68,4692.94,2415,23,1
1778600100,4692.71,4702.64,4690.81,4701.69,2216,23,1
1778600400,4701.65,4708.55,4701.06,4702.78,2242,23,1
1778600700,4702.78,4710.89,4702.62,4707.19,2125,23,1
1778601000,4707.22,4711.55,4706.74,4709.34,2060,23,1
1778601300,4709.31,4710.29,4700.43,4705.72,1976,23,1
1778601600,4705.73,4708.94,4695.11,4696.28,2348,23,1
1778601900,4696.24,4697.40,4692.56,4695.45,2165,23,1
1778602200,4695.43,4695.82,4687.42,4688.92,2128,23,1
1778602500,4688.95,4689.12,4679.54,4685.66,2425,23,1
1778602800,4685.64,4695.34,4685.50,4690.98,2092,23,1
1778603100,4690.97,4694.82,4689.22,4690.86,2097,23,1
1778603400,4690.85,4692.98,4684.88,4688.51,2540,23,1
1778603700,4688.52,4698.24,4683.59,4698.06,2528,23,1
1778604000,4698.09,4701.64,4695.82,4699.19,2461,23,1
1778604300,4699.19,4701.42,4690.02,4692.59,2564,23,1
1778604600,4692.59,4693.87,4688.05,4691.32,2466,23,1
1778604900,4691.37,4691.37,4676.98,4678.70,2486,23,1
1778605200,4679.19,4692.62,4676.11,4690.55,2566,23,1
1778605500,4690.55,4693.00,4687.63,4691.47,2421,23,1
1778605800,4691.47,4695.09,4686.72,4692.83,2293,23,1
1778606100,4692.87,4694.14,4686.03,4688.57,2314,23,1
1778606400,4688.40,4691.04,4686.81,4687.47,2262,23,1
1778606700,4687.47,4688.80,4682.42,4683.18,2289,23,1
1778607000,4683.19,4685.29,4671.63,4684.73,2482,23,1
1778607300,4684.74,4687.92,4679.05,4687.03,2409,23,1
1778607600,4687.02,4687.14,4683.98,4685.84,2276,23,1
1778607900,4685.82,4685.82,4678.24,4678.52,2255,23,1
1778608200,4678.52,4678.92,4671.13,4676.96,2461,23,1
1778608500,4676.96,4677.94,4669.78,4672.87,2397,23,1
1778608800,4672.87,4676.13,4667.14,4669.34,2401,23,1
1778609100,4669.29,4674.34,4667.42,4672.87,2390,23,1
1778609400,4672.83,4672.85,4664.34,4664.50,2290,23,1
1778609700,4664.49,4666.14,4659.16,4662.29,2440,23,1
1778610000,4662.28,4662.53,4638.66,4642.86,2623,23,1
1778610300,4642.91,4656.70,4638.34,4655.96,2559,23,1
1778610600,4655.98,4664.16,4653.95,4662.84,2442,23,1
1778610900,4662.91,4668.03,4659.47,4667.08,2219,23,1
1778611200,4667.11,4667.82,4663.58,4665.60,2077,23,1
1778611500,4665.60,4669.23,4664.44,4666.17,2130,23,1
1778611800,4666.12,4668.82,4664.56,4668.06,2108,23,1
1778612100,4668.01,4670.12,4665.35,4666.10,2018,23,1
1778612400,4666.03,4671.57,4664.14,4670.87,2110,23,1
1778612700,4670.86,4671.51,4668.44,4669.02,2023,23,1
1778613000,4669.02,4673.11,4668.39,4671.87,1741,23,1
1778613300,4671.86,4675.04,4670.86,4671.72,1854,23,1
1778613600,4671.72,4672.97,4666.83,4667.47,1867,23,1
1778613900,4667.46,4669.62,4666.30,4668.25,1752,23,1
1778614200,4668.25,4668.83,4665.01,4668.42,1924,23,1
1778614500,4668.42,4670.60,4667.48,4670.41,1876,23,1
1778614800,4670.40,4671.61,4668.30,4669.81,1809,23,1
1778615100,4669.78,4670.36,4666.79,4669.91,1807,23,1
1778615400,4669.86,4672.22,4668.41,4670.20,1832,23,1
1778615700,4670.21,4674.31,4669.60,4671.15,1888,23,1
1778616000,4671.14,4677.59,4671.13,4676.23,1759,23,1
1778616300,4676.21,4679.62,4675.84,4678.33,1807,23,1
1778616600,4678.34,4679.00,4674.97,4677.19,1768,23,1
1778616900,4677.20,4680.94,4677.05,4680.10,1843,23,1
1778617200,4680.10,4681.16,4679.36,4680.45,1849,23,1
1778617500,4680.42,4682.40,4678.74,4679.37,1714,23,1
1778617800,4679.32,4680.16,4676.76,4678.72,1657,23,1
1778618100,4678.73,4679.00,4676.06,4678.91,1697,23,1
1778618400,4678.91,4680.65,4677.32,4679.69,1502,23,1
1778618700,4679.69,4679.98,4677.95,4678.49,1488,23,1
1778619000,4678.50,4679.96,4677.76,4679.58,1487,23,1
1778619300,4679.56,4680.50,4678.02,4678.86,1354,23,1
1778619600,4678.82,4683.57,4678.01,4678.73,1708,23,1
1778619900,4678.76,4680.27,4676.25,4680.15,1899,23,1
1778620200,4680.12,4681.71,4678.11,4681.30,1678,23,1
1778620500,4681.31,4682.62,4679.95,4682.33,1723,23,1
1778620800,4682.33,4684.58,4682.09,4682.48,1621,23,1
1778621100,4682.50,4687.63,4682.50,4685.27,1826,23,1
1778621400,4685.25,4690.40,4684.77,4690.20,1692,23,1
1778621700,4690.19,4693.13,4689.32,4691.47,1608,23,1
1778622000,4691.32,4697.49,4690.89,4695.21,1990,23,1
1778622300,4695.21,4695.69,4690.65,4691.42,2000,23,1
1778622600,4691.39,4698.12,4691.38,4696.90,1649,23,1
1778622900,4696.90,4697.67,4695.38,4695.94,1741,23,1
1778623200,4695.94,4699.34,4695.94,4697.08,1648,23,1
1778623500,4697.08,4700.00,4696.30,4698.78,1523,23,1
1778623800,4698.77,4702.47,4698.20,4699.97,1701,23,1
1778624100,4699.97,4702.54,4699.07,4702.09,1735,23,1
1778624400,4702.09,4703.79,4700.11,4702.94,1568,23,1
1778624700,4702.96,4704.50,4702.70,4703.47,1341,23,1
1778625000,4703.49,4709.27,4703.49,4708.89,1625,23,1
1778625300,4708.86,4710.41,4708.26,4708.39,1553,23,1
1778625600,4708.27,4709.91,4707.22,4709.36,1569,23,1
1778625900,4709.38,4710.77,4709.11,4709.75,1326,23,1
1778626200,4709.73,4713.73,4709.56,4712.58,1771,23,1
1778626500,4712.59,4715.64,4712.26,4715.62,1996,23,1
1778626800,4715.64,4719.30,4713.15,4713.72,1441,23,1
1778627100,4713.61,4714.97,4712.18,4713.96,1118,23,1
1778627400,4713.96,4714.75,4712.35,4713.42,964,23,1
1778627700,4713.43,4716.22,4713.39,4713.75,823,23,1
1778628000,4713.75,4713.99,4712.50,4713.93,990,23,1
1778628300,4713.93,4714.30,4712.75,4713.22,786,23,1
1778628600,4713.22,4714.88,4713.00,4713.79,682,23,1
1778628900,4713.79,4715.15,4712.78,4714.16,728,28,1
1778629200,4714.16,4715.48,4712.20,4714.73,774,28,1
1778629500,4714.73,4715.62,4713.13,4715.31,849,28,1
1778629800,4715.32,4715.76,4713.24,4713.45,814,28,1
1778630100,4713.51,4715.03,4713.26,4715.03,506,28,1
1778634000,4715.92,4721.36,4714.85,4720.17,1243,28,1
1778634300,4720.17,4720.31,4712.79,4714.09,1053,28,1
1778634600,4713.95,4715.38,4712.50,4714.74,1034,28,1
1778634900,4714.74,4716.93,4713.70,4716.93,1012,28,1
1778635200,4716.93,4719.31,4715.50,4716.23,1041,28,1
1778635500,4716.23,4717.61,4714.88,4717.11,683,28,1
1778635800,4717.12,4720.50,4716.28,4718.73,834,23,1
1778636100,4718.73,4719.80,4716.42,4718.15,818,23,1
1778636400,4718.18,4718.81,4715.54,4716.42,817,23,1
1778636700,4716.42,4718.20,4716.40,4717.11,626,23,1
1778637000,4717.14,4722.44,4716.91,4721.15,1149,23,1
1778637300,4721.05,4721.24,4716.90,4716.98,894,23,1
1778637600,4716.98,4720.97,4715.94,4720.41,1261,23,1
1778637900,4720.41,4723.22,4717.93,4720.13,1262,23,1
1778638200,4720.17,4721.76,4717.25,4717.69,1234,23,1
1778638500,4717.69,4720.32,4717.42,4717.43,1024,23,1
1778638800,4717.43,4722.70,4717.43,4722.66,1154,23,1
1778639100,4722.66,4723.88,4719.17,4720.24,1295,23,1
1778639400,4720.24,4721.57,4718.78,4719.03,1292,23,1
1778639700,4719.03,4721.68,4716.24,4720.48,1299,23,1
1778640000,4720.48,4721.32,4717.68,4721.20,1040,23,1
1778640300,4721.18,4723.48,4715.32,4715.96,1755,23,1
1778640600,4716.01,4719.80,4715.58,4717.58,1473,23,1
1778640900,4717.61,4718.57,4715.71,4716.98,1216,23,1
1778641200,4716.95,4725.31,4714.96,4724.70,1898,20,1
1778641500,4724.71,4726.80,4720.71,4721.21,1950,23,1
1778641800,4721.20,4724.13,4720.20,4720.34,1779,23,1
1778642100,4720.34,4725.47,4720.16,4724.55,1851,23,1
1778642400,4724.50,4726.25,4723.36,4724.73,1818,23,1
1778642700,4724.80,4725.14,4720.65,4722.57,1463,23,1
1778643000,4722.57,4723.97,4719.50,4720.39,1612,23,1
1778643300,4720.39,4722.40,4717.05,4722.27,1612,23,1
1778643600,4722.27,4725.23,4720.00,4720.45,1579,23,1
1778643900,4720.43,4720.43,4716.61,4716.92,1498,23,1
1778644200,4716.92,4720.21,4715.17,4716.89,1477,23,1
1778644500,4716.83,4718.32,4714.12,4714.50,1663,23,1
1778644800,4714.50,4717.03,4707.74,4711.74,2450,23,1
1778645100,4711.72,4713.37,4707.44,4712.76,2027,23,1
1778645400,4713.28,4716.25,4709.39,4709.58,1975,23,1
1778645700,4709.58,4710.69,4704.88,4706.54,2039,23,1
1778646000,4706.54,4709.97,4705.01,4707.59,1899,23,1
1778646300,4707.55,4707.94,4702.88,4704.49,1770,23,1
1778646600,4704.49,4705.54,4702.75,4704.89,1994,23,1
1778646900,4704.90,4706.85,4701.74,4705.89,1960,23,1
1778647200,4705.85,4710.48,4704.41,4708.89,1760,23,1
1778647500,4708.89,4710.73,4706.73,4709.95,1712,23,1
1778647800,4709.95,4710.10,4706.00,4706.29,1578,23,1
1778648100,4706.27,4706.62,4701.13,4702.50,1717,23,1
1778648400,4702.50,4707.59,4701.76,4706.46,1642,23,1
1778648700,4706.41,4706.97,4699.05,4699.57,1791,23,1
1778649000,4699.57,4703.66,4699.41,4701.58,1544,23,1
1778649300,4701.58,4703.53,4698.98,4702.91,1243,23,1
1778649600,4702.91,4704.05,4701.22,4703.20,1138,23,1
1778649900,4703.20,4703.95,4698.25,4700.22,1298,23,1
1778650200,4700.31,4700.41,4695.78,4696.21,1891,23,1
1778650500,4696.21,4698.55,4694.86,4694.94,1687,23,1
1778650800,4694.95,4697.73,4694.05,4694.46,1763,23,1
1778651100,4694.45,4696.55,4692.89,4696.55,1830,23,1
1778651400,4696.55,4697.08,4689.01,4689.07,1865,23,1
1778651700,4689.05,4693.53,4687.62,4691.82,1835,23,1
1778652000,4691.79,4693.67,4688.88,4692.80,1797,23,1
1778652300,4692.82,4693.46,4689.02,4689.48,1435,23,1
1778652600,4689.50,4694.43,4689.08,4692.34,1514,23,1
1778652900,4692.31,4694.37,4691.15,4694.02,1308,23,1
1778653200,4694.02,4696.09,4693.97,4695.16,1323,23,1
1778653500,4695.16,4700.71,4695.08,4700.63,1238,23,1
1778653800,4700.63,4704.24,4700.21,4703.60,1335,23,1
1778654100,4703.60,4705.88,4703.05,4704.21,1156,23,1
1778654400,4704.21,4705.33,4703.33,4703.93,872,23,1
1778654700,4703.93,4704.80,4702.23,4702.54,1199,23,1
1778655000,4702.45,4702.60,4696.87,4697.32,1187,23,1
1778655300,4697.31,4697.72,4694.30,4695.99,1200,23,1
1778655600,4695.99,4698.08,4695.47,4697.50,1122,23,1
1778655900,4697.50,4698.90,4695.68,4696.59,1137,23,1
1778656200,4696.61,4698.49,4695.86,4698.32,1058,23,1
1778656500,4698.32,4702.54,4698.04,4702.16,972,23,1
1778656800,4702.17,4703.38,4701.03,4701.39,983,23,1
1778657100,4701.39,4701.70,4700.11,4701.33,844,23,1
1778657400,4701.33,4703.30,4700.20,4700.32,868,23,1
1778657700,4700.32,4702.38,4697.75,4702.38,1140,23,1
1778658000,4702.24,4702.24,4697.33,4698.64,882,23,1
1778658300,4698.66,4701.37,4698.33,4701.33,831,23,1
1778658600,4701.33,4701.69,4699.19,4701.51,1086,23,1
1778658900,4701.53,4701.78,4698.41,4699.58,1157,23,1
1778659200,4699.59,4706.50,4698.43,4706.47,1388,23,1
1778659500,4706.47,4707.00,4703.56,4704.43,1237,23,1
1778659800,4704.43,4707.29,4704.02,4705.39,1185,23,1
1778660100,4705.39,4705.65,4700.84,4701.23,1254,23,1
1778660400,4701.23,4703.72,4698.77,4699.41,1268,23,1
1778660700,4699.41,4700.04,4697.88,4698.06,1238,23,1
1778661000,4698.03,4702.61,4693.70,4700.48,2028,23,1
1778661300,4700.48,4702.26,4699.26,4701.11,1758,23,1
1778661600,4701.11,4702.35,4696.39,4696.78,1818,23,1
1778661900,4696.76,4699.91,4696.76,4698.42,1581,23,1
1778662200,4698.42,4701.23,4696.34,4699.35,1617,23,1
1778662500,4699.36,4705.35,4699.33,4703.96,1650,23,1
1778662800,4704.00,4710.08,4703.36,4709.67,1801,23,1
1778663100,4709.67,4712.73,4707.51,4710.53,1731,23,1
1778663400,4710.54,4711.91,4708.86,4710.72,1614,23,1
1778663700,4710.72,4715.39,4710.71,4712.91,1589,23,1
1778664000,4712.92,4713.03,4707.63,4708.60,1706,23,1
1778664300,4708.59,4710.21,4706.89,4708.70,1568,23,1
1778664600,4708.70,4711.26,4707.77,4710.06,1618,23,1
1778664900,4710.06,4712.92,4709.28,4711.79,1553,23,1
1778665200,4711.80,4713.69,4710.75,4711.42,1608,23,1
1778665500,4711.42,4712.24,4707.37,4708.61,1510,23,1
1778665800,4708.61,4708.77,4702.71,4702.75,1704,23,1
1778666100,4702.55,4703.87,4699.14,4701.52,1764,23,1
1778666400,4701.64,4705.45,4700.05,4700.32,1855,23,1
1778666700,4700.87,4702.44,4696.67,4698.60,1723,23,1
1778667000,4698.60,4703.60,4697.55,4702.29,1578,23,1
1778667300,4702.26,4707.17,4702.21,4706.00,1509,23,1
1778667600,4705.96,4708.43,4704.36,4705.20,1381,23,1
1778667900,4705.19,4708.75,4705.18,4707.57,1340,23,1
1778668200,4707.56,4707.84,4704.72,4706.27,1239,23,1
1778668500,4706.28,4707.70,4703.06,4703.45,1250,23,1
1778668800,4703.44,4705.23,4703.28,4703.65,1237,23,1
1778669100,4703.64,4704.63,4701.32,4703.55,1261,23,1
1778669400,4703.55,4704.26,4701.45,4702.65,1500,23,1
1778669700,4702.64,4704.09,4701.91,4702.82,1302,23,1
1778670000,4702.82,4704.27,4700.81,4701.17,1561,23,1
1778670300,4701.16,4701.85,4698.51,4700.43,1554,23,1
1778670600,4700.42,4701.83,4699.18,4700.17,1443,23,1
1778670900,4700.18,4701.09,4698.25,4699.05,1451,23,1
1778671200,4699.04,4700.76,4698.75,4699.03,1302,23,1
1778671500,4699.01,4699.57,4694.75,4697.06,1466,23,1
1778671800,4697.06,4698.13,4694.47,4698.05,1216,23,1
1778672100,4698.05,4699.83,4697.20,4698.30,1195,23,1
1778672400,4698.30,4698.98,4695.16,4695.96,1254,23,1
1778672700,4695.96,4698.60,4694.78,4697.88,1454,23,1
1778673000,4697.88,4700.70,4697.19,4700.63,1275,23,1
1778673300,4700.63,4702.80,4699.31,4700.61,1309,23,1
1778673600,4700.60,4701.75,4698.18,4700.57,1501,23,1
1778673900,4700.57,4700.62,4697.85,4698.38,1359,23,1
1778674200,4698.37,4699.25,4693.60,4694.52,1390,23,1
1778674500,4694.52,4695.21,4690.22,4690.65,1437,23,1
1778674800,4690.72,4692.20,4685.98,4686.76,1553,23,1
1778675100,4686.76,4692.16,4686.45,4688.86,1613,23,1
1778675400,4688.86,4691.75,4686.04,4688.60,1832,23,1
1778675700,4688.42,4692.81,4688.19,4690.94,1534,23,1
1778676000,4690.91,4694.43,4690.25,4694.17,1286,23,1
1778676300,4694.10,4696.92,4693.16,4696.84,1187,23,1
1778676600,4696.83,4698.19,4696.43,4698.05,1346,23,1
1778676900,4698.08,4701.01,4697.96,4700.89,1311,23,1
1778677200,4700.89,4701.53,4698.73,4698.94,1372,23,1
1778677500,4698.99,4710.48,4698.85,4708.74,1517,23,1
1778677800,4708.75,4709.10,4701.68,4702.32,1985,23,1
1778678100,4702.29,4703.21,4700.23,4700.61,1506,23,1
1778678400,4700.60,4705.89,4700.37,4703.33,1504,23,1
1778678700,4703.33,4703.46,4698.78,4699.64,1476,23,1
1778679000,4699.61,4699.87,4695.37,4696.22,1491,23,1
1778679300,4696.21,4697.48,4695.27,4695.95,1296,23,1
1778679600,4695.95,4697.29,4694.03,4695.67,1451,23,1
1778679900,4695.67,4696.49,4693.97,4695.38,1399,23,1
1778680200,4695.39,4696.67,4694.19,4695.03,1273,23,1
1778680500,4694.98,4696.66,4693.69,4694.12,1427,23,1
1778680800,4694.11,4695.52,4691.59,4693.16,1687,23,1
1778681100,4693.16,4695.09,4691.56,4694.31,1538,23,1
1778681400,4694.30,4699.20,4694.28,4699.08,1453,23,1
1778681700,4699.08,4700.52,4695.89,4698.00,1716,23,1
1778682000,4697.99,4700.56,4697.26,4698.55,1531,23,1
1778682300,4698.51,4699.68,4697.14,4698.48,1305,23,1
1778682600,4698.48,4703.11,4698.18,4701.96,1729,23,1
1778682900,4702.06,4705.29,4702.06,4704.88,1712,23,1
1778683200,4704.88,4704.92,4701.02,4703.39,1589,23,1
1778683500,4703.39,4705.38,4702.33,4702.33,1538,23,1
1778683800,4702.34,4702.34,4700.12,4701.14,1434,23,1
1778684100,4701.11,4701.11,4697.38,4697.38,1509,23,1
1778684400,4697.39,4700.08,4694.89,4699.51,1892,23,1
1778684700,4699.53,4701.60,4697.83,4699.17,1495,23,1
1778685000,4699.17,4699.20,4693.50,4694.03,1650,23,1
1778685300,4694.03,4694.21,4689.32,4691.95,1836,23,1
1778685600,4691.68,4693.30,4684.90,4687.71,2187,23,1
1778685900,4687.66,4688.83,4683.25,4684.72,1912,23,1
1778686200,4684.82,4687.50,4676.30,4682.39,2549,23,1
1778686500,4682.42,4685.94,4677.29,4678.87,2418,23,1
1778686800,4678.99,4683.77,4677.67,4682.92,2171,23,1
1778687100,4682.91,4684.00,4677.57,4680.36,2158,23,1
1778687400,4680.37,4685.44,4680.04,4681.60,2060,23,1
1778687700,4681.60,4685.46,4678.67,4683.83,2043,23,1
1778688000,4683.83,4690.51,4683.65,4687.90,2237,23,1
1778688300,4687.88,4689.46,4685.46,4686.56,2090,23,1
1778688600,4686.56,4691.12,4685.35,4689.92,1892,23,1
1778688900,4689.91,4692.11,4686.48,4692.06,1919,23,1
1778689200,4692.05,4694.62,4690.31,4693.97,1856,23,1
1778689500,4694.00,4694.39,4688.20,4688.69,2016,23,1
1778689800,4688.66,4690.78,4682.40,4683.87,2472,23,1
1778690100,4683.92,4684.09,4673.12,4674.23,2550,23,1
1778690400,4674.25,4683.50,4673.49,4678.71,2501,23,1
1778690700,4678.69,4678.98,4669.43,4672.67,2521,23,1
1778691000,4672.67,4682.80,4670.11,4682.80,2493,23,1
1778691300,4682.80,4683.27,4677.55,4679.39,2430,23,1
1778691600,4679.35,4680.46,4672.90,4676.70,2472,23,1
1778691900,4676.67,4680.85,4674.03,4677.75,2467,23,1
1778692200,4677.74,4683.23,4677.05,4681.30,2364,23,1
1778692500,4681.30,4682.30,4673.58,4674.04,2288,23,1
1778692800,4674.02,4682.13,4673.54,4681.78,2213,23,1
1778693100,4681.75,4685.45,4681.18,4684.26,2096,23,1
1778693400,4684.26,4690.41,4683.15,4689.99,2236,23,1
1778693700,4689.99,4690.95,4684.94,4686.40,2262,23,1
1778694000,4686.40,4688.56,4683.62,4683.82,2200,23,1
1778694300,4683.79,4684.97,4677.24,4681.57,2404,23,1
1778694600,4681.57,4682.41,4678.18,4681.08,2207,23,1
1778694900,4681.08,4683.31,4678.86,4679.74,2163,23,1
1778695200,4679.75,4686.12,4678.95,4684.27,2117,23,1
1778695500,4684.28,4688.86,4681.97,4688.41,2103,23,1
1778695800,4688.40,4690.80,4686.13,4687.52,2071,23,1
1778696100,4687.56,4687.92,4685.44,4687.16,1971,23,1
1778696400,4687.16,4690.04,4685.31,4688.05,1925,23,1
1778696700,4688.05,4691.74,4687.55,4691.21,2053,23,1
1778697000,4691.20,4695.79,4686.97,4695.34,2094,23,1
1778697300,4695.36,4699.15,4694.52,4698.85,2087,23,1
1778697600,4698.92,4699.83,4697.10,4699.31,2055,23,1
1778697900,4699.31,4699.58,4696.44,4698.44,1939,23,1
1778698200,4698.45,4698.60,4694.70,4695.74,1911,23,1
1778698500,4695.74,4698.06,4694.57,4695.45,1873,23,1
1778698800,4695.46,4699.43,4695.13,4697.73,1997,23,1
1778699100,4697.73,4701.80,4696.54,4700.94,1850,23,1
1778699400,4700.94,4702.88,4699.21,4702.10,1758,23,1
1778699700,4702.10,4703.70,4698.68,4699.59,1801,23,1
1778700000,4699.60,4709.63,4698.74,4705.80,1883,23,1
1778700300,4705.86,4709.90,4703.72,4706.93,2170,23,1
1778700600,4706.87,4707.69,4702.36,4704.05,2112,23,1
1778700900,4704.07,4704.27,4701.72,4702.91,1674,23,1
1778701200,4702.91,4703.10,4699.73,4700.01,1853,23,1
1778701500,4699.96,4701.50,4698.61,4699.63,1787,23,1
1778701800,4699.63,4699.66,4695.36,4696.40,1800,23,1
1778702100,4696.34,4697.69,4695.11,4695.66,1604,23,1
1778702400,4695.67,4699.36,4695.67,4696.77,1665,23,1
1778702700,4696.79,4699.84,4696.38,4699.53,1636,23,1
1778703000,4699.53,4701.00,4698.53,4699.74,1431,23,1
1778703300,4699.73,4699.82,4696.91,4699.78,1516,23,1
1778703600,4699.78,4701.25,4697.16,4697.60,1447,23,1
1778703900,4697.60,4700.07,4696.67,4698.38,1907,23,1
1778704200,4698.39,4698.46,4690.30,4690.39,1866,23,1
1778704500,4690.40,4692.80,4690.14,4691.05,1890,23,1
1778704800,4691.06,4693.56,4690.82,4691.15,1671,23,1
1778705100,4691.16,4694.43,4690.40,4691.27,1637,23,1
1778705400,4691.27,4692.35,4688.39,4688.86,1632,23,1
1778705700,4688.86,4689.72,4684.54,4685.56,1761,23,1
1778706000,4685.57,4689.43,4684.39,4687.88,1839,23,1
1778706300,4687.85,4691.42,4687.73,4690.68,1440,23,1
1778706600,4690.67,4692.70,4690.47,4692.43,1351,23,1
1778706900,4692.43,4694.02,4690.33,4690.77,1607,23,1
1778707200,4690.76,4691.03,4688.81,4690.33,1540,23,1
1778707500,4690.34,4692.10,4690.13,4691.96,1514,23,1
1778707800,4691.95,4692.72,4690.22,4691.23,1352,23,1
1778708100,4691.21,4691.27,4687.23,4690.04,1615,23,1
1778708400,4690.04,4691.29,4685.79,4686.11,1511,23,1
1778708700,4686.11,4687.59,4677.65,4679.38,1969,23,1
1778709000,4679.38,4687.35,4679.38,4686.99,1762,23,1
1778709300,4687.00,4687.42,4684.39,4684.92,1566,23,1
1778709600,4684.93,4685.99,4683.86,4684.17,1495,23,1
1778709900,4684.18,4686.63,4683.34,4686.51,1216,23,1
1778710200,4686.51,4689.11,4685.58,4689.06,1282,23,1
1778710500,4689.06,4690.50,4687.02,4688.07,1343,23,1
1778710800,4688.07,4690.12,4687.45,4688.00,1447,23,1
1778711100,4688.01,4688.54,4686.60,4687.17,1480,23,1
1778711400,4687.16,4688.59,4684.56,4685.23,1387,23,1
1778711700,4685.20,4689.08,4684.69,4688.89,1344,23,1
1778712000,4688.88,4688.90,4687.28,4688.47,1227,23,1
1778712300,4688.48,4689.40,4687.45,4689.25,1332,23,1
1778712600,4689.24,4689.24,4683.64,4685.68,1993,23,1
1778712900,4685.68,4688.97,4685.65,4688.23,1615,23,1
1778713200,4688.23,4688.55,4685.99,4686.80,1085,23,1
1778713500,4686.81,4689.18,4686.81,4689.08,937,23,1
1778713800,4689.06,4691.00,4689.06,4690.89,719,23,1
1778714100,4690.89,4691.11,4690.26,4690.99,857,23,1
1778714400,4690.99,4693.27,4690.73,4692.78,767,23,1
1778714700,4692.78,4693.42,4691.22,4691.31,761,23,1
1778715000,4691.27,4692.79,4689.20,4689.72,750,28,1
1778715300,4689.72,4691.36,4689.43,4691.33,689,28,1
1778715600,4691.33,4691.70,4689.85,4690.66,666,28,1
1778715900,4690.66,4691.01,4688.60,4688.92,690,28,1
1778716200,4688.92,4689.34,4687.86,4688.10,697,28,1
1778716500,4688.09,4689.03,4688.03,4688.63,454,28,1
1778720400,4691.91,4694.29,4690.43,4693.42,1192,28,1
1778720700,4693.43,4693.73,4689.72,4689.97,819,28,1
1778721000,4689.92,4691.45,4688.94,4691.13,807,28,1
1778721300,4691.13,4695.98,4690.93,4694.66,1079,28,1
1778721600,4694.64,4696.28,4694.21,4695.70,731,28,1
1778721900,4695.70,4697.28,4695.59,4697.00,701,28,1
1778722200,4697.02,4698.72,4695.65,4697.07,845,23,1
1778722500,4697.12,4699.12,4696.57,4698.35,948,23,1
1778722800,4698.35,4700.35,4698.03,4699.08,827,23,1
1778723100,4699.08,4699.64,4696.69,4697.73,935,23,1
1778723400,4697.72,4700.57,4697.52,4700.14,715,23,1
1778723700,4700.13,4700.54,4699.36,4700.12,559,23,1
1778724000,4700.11,4701.02,4699.20,4699.21,825,23,1
1778724300,4699.22,4701.62,4699.16,4700.95,801,23,1
1778724600,4700.95,4702.14,4700.85,4701.20,713,23,1
1778724900,4701.20,4701.31,4700.38,4700.92,610,23,1
1778725200,4700.92,4701.11,4699.48,4699.67,644,23,1
1778725500,4699.66,4699.74,4696.73,4697.36,950,23,1
1778725800,4697.36,4697.50,4694.38,4695.33,958,23,1
1778726100,4695.33,4697.05,4695.10,4696.02,725,23,1
1778726400,4696.16,4697.50,4694.62,4694.81,916,23,1
1778726700,4694.81,4696.42,4693.26,4693.82,1200,23,1
1778727000,4693.83,4695.76,4693.23,4695.75,674,23,1
1778727300,4695.75,4696.85,4694.59,4696.57,970,23,1
1778727600,4696.60,4699.41,4689.52,4691.77,1645,20,1
1778727900,4691.78,4696.55,4690.89,4696.06,1713,23,1
1778728200,4696.05,4697.80,4694.18,4697.67,1365,23,1
1778728500,4697.66,4705.35,4697.52,4701.05,1740,23,1
1778728800,4701.13,4702.62,4699.67,4701.70,1608,23,1
1778729100,4701.71,4702.41,4699.56,4701.09,1630,23,1
1778729400,4701.10,4703.34,4697.23,4697.51,1646,23,1
1778729700,4697.52,4697.54,4694.37,4695.56,1516,23,1
1778730000,4695.59,4700.73,4692.95,4700.12,1427,23,1
1778730300,4700.10,4704.78,4700.07,4703.67,1545,23,1
1778730600,4703.68,4703.73,4699.42,4700.80,1334,23,1
1778730900,4700.82,4706.84,4700.68,4705.07,1412,23,1
1778731200,4705.07,4706.97,4694.49,4698.60,2503,23,1
1778731500,4698.68,4698.90,4686.55,4688.39,2447,23,1
1778731800,4688.41,4692.47,4684.31,4688.93,2405,23,1
1778732100,4688.91,4694.59,4687.43,4688.84,2288,23,1
1778732400,4688.89,4692.94,4688.35,4692.31,2103,23,1
1778732700,4692.40,4695.38,4691.49,4692.65,1918,23,1
1778733000,4692.75,4694.66,4689.62,4692.76,2246,23,1
1778733300,4692.83,4694.48,4687.02,4689.18,2083,23,1
1778733600,4689.18,4690.12,4683.66,4688.59,2204,23,1
1778733900,4688.75,4695.06,4687.05,4694.54,1968,23,1
1778734200,4694.55,4694.66,4683.58,4685.76,2024,23,1
1778734500,4685.71,4689.24,4684.04,4688.71,2321,23,1
1778734800,4688.71,4694.02,4687.20,4693.77,2080,23,1
1778735100,4693.80,4693.92,4688.91,4690.87,1857,23,1
1778735400,4690.84,4690.97,4686.56,4688.19,1837,23,1
1778735700,4688.31,4690.98,4687.08,4689.96,1391,23,1
1778736000,4689.96,4691.50,4689.60,4691.01,1346,23,1
1778736300,4691.01,4694.13,4689.99,4693.57,1449,23,1
1778736600,4693.63,4697.98,4690.99,4697.91,1929,23,1
1778736900,4697.91,4699.64,4695.07,4695.21,1740,23,1
1778737200,4695.23,4696.33,4689.54,4691.84,1872,23,1
1778737500,4691.87,4693.35,4680.68,4682.68,2149,23,1
1778737800,4682.68,4687.89,4679.98,4687.13,2096,23,1
1778738100,4687.06,4688.29,4684.89,4686.31,1900,23,1
1778738400,4686.31,4690.11,4685.39,4687.33,1886,23,1
1778738700,4687.34,4687.73,4681.98,4684.39,1986,23,1
1778739000,4684.39,4685.76,4681.43,4682.92,1985,23,1
1778739300,4682.92,4686.48,4682.75,4683.05,1703,23,1
1778739600,4683.05,4688.56,4681.59,4688.36,1973,23,1
1778739900,4688.36,4693.38,4688.32,4691.37,1777,23,1
1778740200,4691.36,4691.47,4683.31,4684.97,1649,23,1
1778740500,4685.00,4686.55,4679.26,4680.51,1439,23,1
1778740800,4680.51,4681.19,4675.81,4676.32,1649,23,1
1778741100,4676.34,4677.94,4674.55,4676.87,1597,23,1
1778741400,4676.92,4677.43,4674.42,4675.44,1317,23,1
1778741700,4675.44,4676.81,4673.95,4675.02,1351,23,1
1778742000,4675.03,4675.15,4668.70,4672.74,1671,23,1
1778742300,4672.74,4680.16,4672.27,4678.79,1619,23,1
1778742600,4678.79,4682.58,4677.11,4682.16,1453,23,1
1778742900,4682.15,4683.68,4681.84,4683.50,1336,23,1
1778743200,4683.37,4692.43,4683.34,4691.52,1234,23,1
1778743500,4691.51,4707.41,4691.38,4702.32,2124,23,1
1778743800,4702.30,4710.74,4701.37,4709.15,1747,23,1
1778744100,4709.18,4712.66,4706.53,4707.59,1673,23,1
1778744400,4707.62,4707.96,4703.22,4704.90,1246,23,1
1778744700,4704.91,4706.75,4703.12,4705.01,1342,23,1
1778745000,4705.01,4705.83,4703.58,4705.49,1229,23,1
1778745300,4705.48,4706.42,4702.43,4702.45,1324,23,1
1778745600,4702.45,4703.14,4699.81,4700.66,1579,23,1
1778745900,4700.66,4704.25,4700.51,4701.51,1484,23,1
1778746200,4701.48,4703.83,4699.88,4700.02,1329,23,1
1778746500,4700.05,4700.32,4697.41,4697.73,1270,23,1
1778746800,4697.73,4698.78,4696.95,4697.42,1384,23,1
1778747100,4697.43,4697.45,4693.35,4693.65,1422,23,1
1778747400,4693.66,4701.53,4693.38,4698.78,2159,23,1
1778747700,4698.75,4700.63,4696.72,4700.01,1857,23,1
1778748000,4700.01,4700.93,4696.74,4697.36,1800,23,1
1778748300,4697.38,4703.30,4697.26,4700.09,1992,23,1
1778748600,4700.05,4701.37,4698.13,4698.50,1826,23,1
1778748900,4698.48,4698.49,4689.21,4689.70,1863,23,1
1778749200,4689.70,4693.29,4687.41,4692.98,2092,23,1
1778749500,4692.99,4694.77,4687.39,4690.73,2010,23,1
1778749800,4690.73,4691.84,4686.15,4687.82,1804,23,1
1778750100,4687.83,4689.23,4686.39,4688.43,1749,23,1
1778750400,4688.45,4690.91,4688.05,4690.52,1693,23,1
1778750700,4690.57,4693.09,4689.92,4691.30,1707,23,1
1778751000,4691.30,4694.86,4690.61,4694.02,1624,23,1
1778751300,4694.02,4695.43,4691.38,4694.30,1547,23,1
1778751600,4694.31,4699.68,4691.57,4699.05,1639,23,1
1778751900,4699.02,4702.39,4694.85,4695.71,1971,23,1
1778752200,4695.58,4701.50,4695.39,4699.88,1727,23,1
1778752500,4699.83,4701.42,4698.35,4700.19,1825,23,1
1778752800,4700.20,4702.29,4697.26,4698.71,1797,23,1
1778753100,4698.72,4700.64,4696.10,4699.08,1672,23,1
1778753400,4699.12,4700.25,4694.50,4695.28,1756,23,1
1778753700,4695.28,4699.41,4694.88,4697.60,1711,23,1
1778754000,4697.60,4700.33,4695.20,4699.77,1589,23,1
1778754300,4699.78,4706.86,4699.27,4705.51,1662,23,1
1778754600,4705.48,4710.57,4702.97,4710.30,1778,23,1
1778754900,4710.33,4718.84,4710.25,4712.22,1992,23,1
1778755200,4712.25,4714.64,4709.04,4709.18,1703,23,1
1778755500,4709.18,4709.61,4703.31,4704.38,1447,23,1
1778755800,4704.41,4704.41,4695.21,4700.09,1742,23,1
1778756100,4700.10,4700.97,4690.81,4693.20,2056,23,1
1778756400,4693.11,4700.97,4692.06,4697.48,2001,23,1
1778756700,4697.50,4699.98,4696.30,4697.55,1608,23,1
1778757000,4697.41,4700.66,4695.51,4698.49,1593,23,1
1778757300,4699.04,4701.78,4699.00,4699.65,1525,23,1
1778757600,4699.66,4701.72,4697.89,4701.06,1698,23,1
1778757900,4701.05,4704.83,4700.76,4703.02,1729,23,1
1778758200,4703.05,4705.73,4701.68,4702.41,1601,23,1
1778758500,4702.40,4706.64,4701.71,4701.94,1689,23,1
1778758800,4701.95,4702.63,4695.61,4696.90,1711,23,1
1778759100,4696.87,4697.46,4694.43,4695.14,1658,23,1
1778759400,4695.15,4696.52,4693.46,4694.66,1423,23,1
1778759700,4694.60,4696.89,4693.00,4693.26,1444,23,1
1778760000,4693.26,4694.08,4690.31,4692.55,1561,23,1
1778760300,4692.56,4696.57,4690.93,4696.42,1477,23,1
1778760600,4696.42,4698.06,4693.09,4694.47,1484,23,1
1778760900,4694.47,4696.65,4694.02,4695.58,1419,23,1
1778761200,4695.58,4696.59,4693.27,4693.43,1258,23,1
1778761500,4693.45,4694.25,4690.70,4690.72,1459,23,1
1778761800,4690.69,4694.76,4689.13,4694.74,1520,23,1
1778762100,4694.75,4694.76,4688.41,4692.45,1914,23,1
1778762400,4692.45,4697.19,4692.01,4695.47,1551,23,1
1778762700,4695.48,4700.57,4695.48,4700.38,1575,23,1
1778763000,4700.37,4702.58,4698.35,4699.03,1453,23,1
1778763300,4699.03,4701.49,4698.41,4699.56,1570,23,1
1778763600,4699.57,4700.13,4698.54,4698.98,1377,23,1
1778763900,4699.00,4700.74,4698.12,4698.47,1272,23,1
1778764200,4698.47,4705.50,4695.97,4697.20,1826,23,1
1778764500,4697.21,4698.28,4695.18,4696.70,1687,23,1
1778764800,4696.71,4697.62,4693.89,4694.54,1523,23,1
1778765100,4694.35,4698.36,4694.15,4697.52,1618,23,1
1778765400,4697.53,4697.99,4695.42,4696.81,1218,23,1
1778765700,4696.82,4697.66,4694.68,4696.07,1370,23,1
1778766000,4696.06,4696.08,4692.21,4693.47,1574,23,1
1778766300,4693.50,4694.90,4692.02,4692.83,1409,23,1
1778766600,4692.83,4697.75,4691.20,4696.44,1560,23,1
1778766900,4696.70,4697.47,4695.41,4697.02,1551,23,1
1778767200,4697.06,4698.68,4694.84,4695.00,1633,23,1
1778767500,4695.04,4698.78,4692.83,4697.21,1494,23,1
1778767800,4697.35,4697.82,4696.12,4697.33,1333,23,1
1778768100,4697.34,4697.66,4694.68,4695.19,1264,23,1
1778768400,4695.21,4696.84,4693.29,4693.92,1303,23,1
1778768700,4693.60,4694.07,4689.30,4691.91,1624,23,1
1778769000,4691.92,4694.87,4690.80,4693.85,1575,23,1
1778769300,4693.84,4695.97,4693.02,4695.39,1306,23,1
1778769600,4695.43,4697.35,4695.01,4695.37,1370,23,1
1778769900,4695.39,4700.36,4694.98,4698.10,1506,23,1
1778770200,4698.14,4704.52,4697.86,4704.12,1703,23,1
1778770500,4704.14,4704.81,4694.34,4694.34,1971,23,1
1778770800,4694.41,4697.97,4692.33,4696.26,1948,23,1
1778771100,4696.28,4698.77,4693.96,4697.17,1561,23,1
1778771400,4697.11,4703.82,4696.82,4703.80,1746,23,1
1778771700,4703.81,4703.81,4698.87,4701.52,1563,23,1
1778772000,4701.56,4707.52,4701.50,4705.53,1882,23,1
1778772300,4705.57,4706.07,4702.53,4702.82,1502,23,1
1778772600,4703.21,4708.18,4700.79,4705.65,1978,23,1
1778772900,4705.72,4710.06,4703.52,4706.51,2116,23,1
1778773200,4706.51,4707.41,4697.91,4698.08,1719,23,1
1778773500,4698.05,4703.16,4695.95,4702.77,1862,23,1
1778773800,4702.77,4705.12,4701.83,4703.42,1614,23,1
1778774100,4703.43,4706.29,4702.85,4704.87,1566,23,1
1778774400,4704.87,4707.76,4696.12,4697.44,2399,23,1
1778774700,4697.47,4703.24,4696.71,4701.37,2041,23,1
1778775000,4701.36,4704.76,4701.08,4704.07,1831,23,1
1778775300,4704.09,4704.37,4691.67,4693.38,2144,23,1
1778775600,4693.46,4695.22,4690.06,4694.80,2219,23,1
1778775900,4694.80,4697.03,4688.00,4688.25,2115,23,1
1778776200,4688.19,4689.54,4681.76,4684.29,2572,23,1
1778776500,4684.26,4687.28,4680.56,4682.58,2458,23,1
1778776800,4682.60,4683.16,4666.78,4676.81,2624,23,1
1778777100,4676.82,4690.54,4675.79,4689.38,2614,23,1
1778777400,4689.42,4691.09,4680.54,4685.21,2461,23,1
1778777700,4685.21,4686.64,4679.13,4679.58,2381,23,1
1778778000,4679.57,4689.20,4677.64,4685.83,2563,23,1
1778778300,4685.81,4686.82,4680.87,4685.67,2417,23,1
1778778600,4685.66,4690.27,4685.26,4687.61,2241,23,1
1778778900,4687.64,4695.08,4686.99,4694.64,2221,23,1
1778779200,4694.65,4700.89,4693.67,4694.95,2340,23,1
1778779500,4694.94,4695.15,4688.43,4691.43,2308,23,1
1778779800,4691.50,4692.12,4686.98,4688.23,2039,23,1
1778780100,4688.23,4690.61,4686.07,4690.05,2130,23,1
1778780400,4689.99,4692.38,4686.21,4686.92,2156,23,1
1778780700,4686.96,4689.07,4685.07,4687.11,2173,23,1
1778781000,4687.17,4690.45,4682.92,4685.27,2209,23,1
1778781300,4685.30,4688.36,4679.22,4679.47,2278,23,1
1778781600,4679.45,4682.57,4677.09,4678.29,2270,23,1
1778781900,4678.28,4683.65,4678.06,4683.63,2083,23,1
1778782200,4683.63,4686.65,4682.16,4684.88,1915,23,1
1778782500,4684.87,4688.79,4684.41,4687.50,1919,23,1
1778782800,4687.50,4687.69,4684.11,4685.95,1910,23,1
1778783100,4685.95,4689.39,4685.50,4685.80,1806,23,1
1778783400,4685.80,4688.73,4684.72,4688.68,1841,23,1
1778783700,4688.68,4688.97,4685.15,4686.48,1950,23,1
1778784000,4686.48,4687.16,4681.03,4682.62,1849,23,1
1778784300,4682.63,4683.50,4681.06,4683.42,1680,23,1
1778784600,4683.38,4685.15,4681.30,4684.69,1733,23,1
1778784900,4684.65,4686.66,4683.46,4685.90,1638,23,1
1778785200,4685.88,4686.94,4678.22,4679.02,1995,23,1
1778785500,4678.98,4679.40,4674.60,4677.15,2093,23,1
1778785800,4677.13,4679.37,4674.14,4678.58,1951,23,1
1778786100,4678.59,4681.23,4678.45,4679.98,1669,23,1
1778786400,4679.98,4680.58,4677.01,4677.57,1763,23,1
1778786700,4677.57,4678.02,4675.35,4677.25,1925,23,1
1778787000,4677.22,4678.34,4673.74,4674.36,1927,23,1
1778787300,4674.33,4675.01,4670.33,4672.84,1979,23,1
1778787600,4672.87,4675.86,4672.64,4675.38,1781,23,1
1778787900,4675.37,4676.76,4672.63,4676.34,1773,23,1
1778788200,4676.33,4678.59,4675.34,4677.55,1548,23,1
1778788500,4677.52,4678.97,4675.19,4678.54,1622,23,1
1778788800,4678.55,4681.96,4678.55,4681.05,1801,23,1
1778789100,4681.05,4682.51,4679.90,4680.12,1737,23,1
1778789400,4680.11,4681.18,4678.47,4678.70,1815,23,1
1778789700,4678.70,4680.88,4678.27,4679.99,1786,23,1
1778790000,4680.01,4683.03,4679.40,4680.93,1871,23,1
1778790300,4680.90,4682.36,4676.82,4677.36,1847,23,1
1778790600,4677.23,4679.21,4676.41,4679.04,1795,23,1
1778790900,4679.03,4679.81,4678.40,4678.75,1715,23,1
1778791200,4678.75,4681.49,4678.75,4681.40,1414,23,1
1778791500,4681.38,4681.75,4679.86,4680.88,1312,23,1
1778791800,4680.87,4681.21,4678.02,4678.07,1417,23,1
1778792100,4678.06,4679.39,4677.77,4678.10,1371,23,1
1778792400,4678.18,4678.37,4668.75,4670.06,2099,23,1
1778792700,4670.06,4674.18,4669.05,4672.14,1851,23,1
1778793000,4672.12,4674.68,4671.64,4674.62,1663,23,1
1778793300,4674.62,4676.14,4673.94,4675.76,1440,23,1
1778793600,4675.80,4676.42,4674.14,4674.79,1371,23,1
1778793900,4674.79,4675.78,4672.93,4673.49,1430,23,1
1778794200,4673.48,4674.88,4672.61,4673.03,1190,23,1
1778794500,4673.03,4673.59,4670.28,4670.29,1267,23,1
1778794800,4670.28,4671.70,4668.36,4668.54,1303,23,1
1778795100,4668.57,4669.94,4667.01,4669.61,1384,23,1
1778795400,4669.62,4670.31,4668.20,4668.20,1246,23,1
1778795700,4668.19,4671.75,4668.01,4671.62,1196,23,1
1778796000,4671.63,4671.83,4668.32,4668.85,1321,23,1
1778796300,4668.84,4669.16,4666.91,4668.82,1153,23,1
1778796600,4668.96,4669.23,4666.89,4667.48,1252,23,1
1778796900,4667.49,4668.01,4666.86,4667.42,1183,23,1
1778797200,4667.39,4669.14,4667.10,4667.92,1253,23,1
1778797500,4667.91,4669.05,4663.17,4663.45,1213,23,1
1778797800,4663.43,4665.00,4661.43,4664.65,1573,23,1
1778798100,4664.65,4664.69,4659.16,4659.32,1575,23,1
1778798400,4659.26,4660.55,4655.63,4656.54,1900,23,1
1778798700,4656.54,4657.61,4653.11,4657.15,1850,23,1
1778799000,4657.17,4658.93,4656.00,4658.04,1866,23,1
1778799300,4658.11,4658.11,4653.31,4654.15,1895,23,1
1778799600,4654.16,4656.92,4649.61,4649.93,1366,23,1
1778799900,4649.92,4651.92,4649.20,4651.77,1308,23,1
1778800200,4651.77,4652.38,4649.64,4649.73,1208,23,1
1778800500,4649.76,4650.96,4648.55,4649.12,1013,23,1
1778800800,4649.12,4650.49,4648.27,4648.67,844,23,1
1778801100,4648.67,4648.67,4646.86,4648.12,1047,23,1
1778801400,4648.10,4648.46,4647.13,4647.67,930,28,1
1778801700,4647.66,4648.33,4644.34,4646.13,1149,28,1
1778802000,4646.14,4652.77,4645.52,4650.76,1226,28,1
1778802300,4650.76,4652.21,4650.22,4650.35,1010,28,1
1778802600,4650.35,4651.28,4649.28,4651.17,954,28,1
1778802900,4651.25,4652.36,4650.94,4651.14,474,28,1
1778806800,4652.82,4654.03,4646.83,4652.84,1495,28,1
1778807100,4652.90,4657.44,4651.75,4655.71,1494,28,1
1778807400,4655.71,4658.16,4654.17,4655.52,1273,28,1
1778807700,4655.52,4659.33,4655.36,4659.24,1290,28,1
1778808000,4659.24,4659.25,4657.39,4657.89,944,28,1
1778808300,4657.92,4659.26,4657.26,4658.80,800,28,1
1778808600,4658.86,4662.44,4658.79,4660.61,1148,23,1
1778808900,4660.63,4661.52,4658.97,4660.84,884,23,1
1778809200,4660.84,4662.40,4660.06,4661.73,823,23,1
1778809500,4661.77,4662.14,4660.94,4661.21,593,23,1
1778809800,4661.22,4662.66,4660.09,4662.49,787,23,1
1778810100,4662.49,4662.63,4661.97,4662.43,698,23,1
1778810400,4662.42,4663.28,4660.85,4663.06,903,23,1
1778810700,4663.10,4663.26,4661.06,4661.07,713,23,1
1778811000,4661.04,4662.97,4658.77,4659.13,1100,23,1
1778811300,4659.11,4660.37,4656.28,4658.78,1278,23,1
1778811600,4658.77,4659.27,4655.66,4658.08,1015,23,1
1778811900,4658.09,4664.27,4657.95,4663.86,1129,23,1
1778812200,4663.92,4665.31,4650.19,4651.13,1598,23,1
1778812500,4651.19,4653.31,4646.93,4652.82,1548,23,1
1778812800,4652.82,4657.49,4652.21,4657.30,1251,23,1
1778813100,4657.30,4657.53,4652.49,4654.48,1554,23,1
1778813400,4654.48,4655.34,4651.27,4652.19,1321,23,1
1778813700,4652.20,4652.20,4648.22,4652.10,1693,23,1
1778814000,4652.10,4653.66,4642.70,4649.46,2152,23,1
1778814300,4649.46,4652.09,4646.67,4650.66,1889,23,1
1778814600,4650.73,4651.05,4644.68,4650.57,1771,23,1
1778814900,4650.57,4658.16,4649.26,4654.05,2273,23,1
1778815200,4654.04,4654.31,4644.52,4644.74,1839,23,1
1778815500,4644.74,4644.84,4629.68,4629.83,2258,23,1
1778815800,4629.97,4630.65,4622.51,4624.12,2190,23,1
1778816100,4624.18,4624.75,4618.60,4621.72,1972,23,1
1778816400,4621.63,4622.01,4613.55,4618.63,2350,23,1
1778816700,4618.59,4627.64,4618.59,4627.60,2104,23,1
1778817000,4627.60,4627.66,4617.36,4620.00,2250,23,1
1778817300,4620.02,4630.50,4617.64,4630.13,2158,23,1
1778817600,4630.20,4631.51,4619.04,4622.54,2686,23,1
1778817900,4622.62,4624.35,4609.57,4609.89,2621,23,1
1778818200,4609.84,4615.39,4607.57,4614.72,2581,23,1
1778818500,4614.64,4620.82,4608.83,4619.81,2498,23,1
1778818800,4619.71,4625.73,4616.41,4620.72,2486,23,1
1778819100,4620.73,4621.54,4608.30,4608.95,2526,23,1
1778819400,4608.92,4616.66,4607.68,4616.32,2503,23,1
1778819700,4616.31,4621.21,4613.93,4617.39,2382,23,1
1778820000,4617.39,4622.96,4617.20,4622.96,2282,23,1
1778820300,4622.95,4624.41,4614.18,4616.37,2304,23,1
1778820600,4616.37,4618.02,4607.21,4610.19,2427,23,1
1778820900,4610.19,4616.40,4610.19,4613.84,2414,23,1
1778821200,4613.87,4615.16,4609.74,4614.30,2428,23,1
1778821500,4614.27,4618.51,4612.71,4618.18,2225,23,1
1778821800,4618.21,4619.02,4612.86,4613.10,2191,23,1
1778822100,4613.09,4616.19,4609.35,4613.88,2110,23,1
1778822400,4613.85,4616.62,4612.20,4613.90,1755,23,1
1778822700,4613.98,4615.21,4611.45,4612.55,1696,23,1
1778823000,4612.50,4614.82,4609.57,4612.57,2246,23,1
1778823300,4612.57,4616.49,4612.04,4612.91,2077,23,1
1778823600,4612.91,4617.87,4610.72,4617.87,1933,23,1
1778823900,4617.89,4618.82,4611.63,4614.68,1905,23,1
1778824200,4614.64,4621.21,4612.23,4620.78,2134,23,1
1778824500,4620.78,4623.44,4617.44,4618.11,1958,23,1
1778824800,4618.10,4620.46,4614.86,4619.34,1981,23,1
1778825100,4619.27,4622.28,4616.75,4617.53,1744,23,1
1778825400,4617.53,4620.08,4616.50,4617.46,1797,23,1
1778825700,4617.45,4618.40,4614.30,4614.73,1916,23,1
1778826000,4614.72,4615.07,4609.87,4614.24,1940,23,1
1778826300,4614.25,4614.74,4611.89,4612.76,1762,23,1
1778826600,4612.75,4614.01,4607.43,4609.04,1684,23,1
1778826900,4609.06,4615.71,4608.63,4614.72,1630,23,1
1778827200,4614.72,4617.33,4613.22,4613.34,1379,23,1
1778827500,4613.34,4615.80,4612.63,4615.76,1266,23,1
1778827800,4615.76,4617.27,4612.68,4612.93,1334,23,1
1778828100,4612.92,4616.68,4610.51,4615.43,1386,23,1
1778828400,4615.45,4616.56,4612.95,4614.33,1349,23,1
1778828700,4614.33,4621.56,4614.31,4621.45,1561,23,1
1778829000,4621.46,4621.50,4618.50,4620.05,1435,23,1
1778829300,4620.04,4620.61,4614.17,4614.23,1192,23,1
1778829600,4614.23,4614.28,4607.39,4610.73,1621,23,1
1778829900,4610.72,4612.85,4609.52,4610.87,1434,23,1
1778830200,4610.88,4614.92,4610.64,4614.18,1309,23,1
1778830500,4614.17,4614.91,4610.56,4611.33,1527,23,1
1778830800,4611.33,4613.37,4604.37,4605.71,1373,23,1
1778831100,4605.76,4609.90,4604.98,4609.67,1645,23,1
1778831400,4609.66,4612.51,4608.03,4608.09,1387,23,1
1778831700,4608.11,4608.37,4604.92,4605.85,1437,23,1
1778832000,4605.88,4606.51,4599.16,4600.05,1991,23,1
1778832300,4600.04,4601.33,4592.59,4593.16,2186,23,1
1778832600,4593.14,4593.56,4588.63,4592.10,2083,23,1
1778832900,4592.12,4595.36,4581.57,4583.00,2111,23,1
1778833200,4582.99,4589.24,4580.85,4584.86,2249,23,1
1778833500,4584.89,4590.21,4583.53,4588.88,2014,23,1
1778833800,4588.88,4589.87,4567.37,4569.74,2617,23,1
1778834100,4569.55,4572.01,4563.87,4569.27,2555,23,1
1778834400,4569.23,4575.80,4566.00,4568.68,2493,23,1
1778834700,4568.70,4570.55,4562.61,4563.63,2563,23,1
1778835000,4563.63,4573.29,4563.63,4569.04,2445,23,1
1778835300,4569.04,4570.87,4557.97,4558.95,2412,23,1
1778835600,4558.82,4565.08,4556.33,4563.71,2524,23,1
1778835900,4563.75,4570.31,4561.73,4566.57,2536,23,1
1778836200,4566.56,4573.30,4564.33,4570.97,2462,23,1
1778836500,4570.99,4578.21,4570.28,4575.42,2402,23,1
1778836800,4575.42,4578.29,4572.88,4575.19,2394,23,1
1778837100,4575.21,4577.94,4572.52,4575.05,2147,23,1
1778837400,4575.11,4580.44,4574.45,4575.09,2219,23,1
1778837700,4575.11,4576.19,4570.57,4572.24,2175,23,1
1778838000,4572.22,4573.27,4566.96,4567.63,2072,23,1
1778838300,4567.63,4574.25,4564.37,4573.02,2156,23,1
1778838600,4573.02,4574.25,4568.82,4568.99,2210,23,1
1778838900,4568.97,4571.20,4566.40,4569.73,2160,23,1
1778839200,4569.84,4572.35,4565.96,4570.08,2263,23,1
1778839500,4570.08,4576.74,4569.13,4576.22,2215,23,1
1778839800,4576.20,4586.17,4575.76,4585.88,2338,23,1
1778840100,4585.84,4587.41,4582.22,4586.27,2118,23,1
1778840400,4586.26,4588.67,4582.17,4582.44,2070,23,1
1778840700,4582.45,4583.49,4579.12,4581.76,1988,23,1
1778841000,4581.77,4582.51,4577.23,4578.95,1846,23,1
1778841300,4578.95,4582.29,4574.76,4577.10,1857,23,1
1778841600,4577.08,4578.69,4575.32,4577.70,1815,23,1
1778841900,4577.69,4578.59,4574.20,4574.95,1734,23,1
1778842200,4574.94,4574.94,4568.32,4570.55,1814,23,1
1778842500,4570.56,4572.92,4568.67,4570.84,1770,23,1
1778842800,4570.71,4571.90,4557.37,4561.10,2255,23,1
1778843100,4561.10,4567.65,4559.68,4566.46,2187,23,1
1778843400,4566.45,4567.12,4563.40,4565.21,1987,23,1
1778843700,4565.24,4565.60,4552.81,4556.79,2250,23,1
1778844000,4556.79,4560.99,4554.09,4560.31,2133,23,1
1778844300,4560.16,4561.24,4556.28,4558.27,2114,23,1
1778844600,4558.32,4558.32,4549.99,4554.92,2347,23,1
1778844900,4554.94,4559.14,4553.19,4558.30,2151,23,1
1778845200,4558.30,4562.52,4557.57,4562.32,2018,23,1
1778845500,4562.47,4563.60,4558.07,4562.18,1831,23,1
1778845800,4562.21,4562.50,4556.56,4557.71,1721,23,1
1778846100,4557.71,4557.86,4552.68,4554.28,1969,23,1
1778846400,4554.34,4558.57,4550.25,4557.97,2294,23,1
1778846700,4557.97,4563.70,4553.15,4554.82,2091,23,1
1778847000,4554.78,4554.81,4545.95,4547.18,2128,23,1
1778847300,4547.18,4549.21,4539.48,4546.59,2196,23,1
1778847600,4546.59,4552.59,4544.77,4551.71,2033,23,1
1778847900,4551.75,4554.52,4550.20,4553.39,2053,23,1
1778848200,4553.38,4555.58,4551.84,4553.36,1853,23,1
1778848500,4553.37,4553.48,4544.48,4546.67,2057,23,1
1778848800,4546.69,4549.28,4542.72,4543.57,1903,23,1
1778849100,4543.55,4543.88,4537.77,4537.99,2058,23,1
1778849400,4537.98,4543.01,4531.95,4542.44,2186,23,1
1778849700,4542.44,4546.97,4538.26,4545.73,2152,23,1
1778850000,4545.76,4549.27,4544.12,4546.50,2108,23,1
1778850300,4546.50,4559.63,4546.20,4558.47,2239,23,1
1778850600,4558.65,4562.70,4556.36,4561.00,2039,23,1
1778850900,4561.00,4563.27,4556.77,4557.40,1965,23,1
1778851200,4557.41,4561.90,4555.98,4556.03,2041,23,1
1778851500,4556.09,4556.72,4551.69,4551.77,1791,23,1
1778851800,4551.78,4556.82,4550.87,4554.89,1836,23,1
1778852100,4554.78,4554.96,4551.14,4552.39,1819,23,1
1778852400,4552.40,4555.31,4549.48,4555.31,1744,23,1
1778852700,4555.23,4563.59,4554.23,4559.83,2376,23,1
1778853000,4559.46,4572.50,4557.56,4568.78,2399,23,1
1778853300,4568.83,4569.77,4564.09,4566.14,2205,23,1
1778853600,4566.14,4570.21,4561.85,4561.89,2244,23,1
1778853900,4561.92,4566.27,4560.91,4564.38,2019,23,1
1778854200,4564.38,4568.91,4563.54,4566.35,2030,23,1
1778854500,4566.37,4568.69,4563.33,4564.21,1764,23,1
1778854800,4564.20,4565.43,4563.01,4564.75,1699,23,1
1778855100,4564.74,4564.74,4558.99,4562.29,1806,23,1
1778855400,4562.31,4562.57,4558.66,4559.44,1748,23,1
1778855700,4559.44,4560.05,4553.72,4554.08,1851,23,1
1778856000,4554.16,4554.76,4550.97,4551.51,1860,23,1
1778856300,4551.51,4558.57,4551.19,4556.63,1884,23,1
1778856600,4556.58,4558.76,4553.64,4554.05,1716,23,1
1778856900,4554.05,4554.08,4549.81,4551.97,1953,23,1
1778857200,4551.96,4551.96,4546.30,4550.21,2039,23,1
1778857500,4550.21,4553.02,4548.80,4553.01,1925,23,1
1778857800,4553.02,4555.20,4545.22,4545.56,2029,23,1
1778858100,4545.65,4551.41,4544.92,4548.76,2088,23,1
1778858400,4548.76,4558.69,4547.97,4555.67,2211,23,1
1778858700,4555.66,4557.50,4552.76,4554.99,1945,23,1
1778859000,4555.08,4555.08,4548.05,4549.53,2156,23,1
1778859300,4549.53,4553.83,4547.46,4548.33,2224,23,1
1778859600,4548.17,4549.89,4543.68,4545.57,2026,23,1
1778859900,4545.60,4551.81,4543.74,4549.35,2025,23,1
1778860200,4549.36,4555.58,4547.68,4554.27,1963,23,1
1778860500,4554.28,4554.65,4545.85,4545.90,1874,23,1
1778860800,4545.87,4549.16,4538.45,4544.30,2544,23,1
1778861100,4544.31,4549.72,4536.39,4538.33,2347,23,1
1778861400,4538.36,4546.91,4538.10,4546.58,2193,23,1
1778861700,4546.65,4553.23,4540.69,4550.89,2221,23,1
1778862000,4550.87,4554.59,4549.62,4554.47,2104,23,1
1778862300,4554.47,4557.53,4546.43,4548.73,2324,23,1
1778862600,4548.98,4551.19,4541.61,4542.49,2656,23,1
1778862900,4542.50,4542.70,4526.56,4528.61,2721,23,1
1778863200,4528.58,4531.21,4519.95,4519.95,2717,23,1
1778863500,4520.10,4529.39,4511.75,4528.86,2678,23,1
1778863800,4528.89,4536.89,4525.77,4534.62,2644,23,1
1778864100,4534.65,4541.92,4530.90,4533.46,2609,23,1
1778864400,4533.44,4534.88,4525.36,4533.50,2636,23,1
1778864700,4533.53,4540.29,4533.53,4534.17,2571,23,1
1778865000,4534.17,4550.49,4533.83,4543.33,2557,23,1
1778865300,4543.23,4558.09,4540.42,4558.09,2576,23,1
1778865600,4558.50,4562.75,4556.08,4558.29,2590,23,1
1778865900,4558.32,4559.12,4552.49,4555.58,2522,23,1
1778866200,4555.61,4559.74,4553.00,4557.49,2529,23,1
1778866500,4557.46,4560.43,4554.42,4555.92,2469,23,1
1778866800,4555.94,4557.39,4550.71,4556.91,2400,23,1
1778867100,4556.90,4557.25,4550.29,4551.30,2424,23,1
1778867400,4551.30,4557.02,4546.08,4556.92,2494,23,1
1778867700,4556.86,4566.43,4555.06,4562.76,2398,23,1
1778868000,4562.76,4563.70,4551.90,4553.23,2474,23,1
1778868300,4553.32,4558.76,4551.71,4558.74,2357,23,1
1778868600,4558.70,4560.05,4550.78,4552.45,2365,23,1
1778868900,4552.44,4553.90,4546.19,4547.38,2258,23,1
1778869200,4547.40,4552.09,4543.94,4545.70,2221,23,1
1778869500,4545.75,4548.77,4542.89,4546.98,2340,23,1
1778869800,4547.28,4550.38,4543.65,4543.73,2314,23,1
1778870100,4543.70,4546.57,4541.91,4542.31,2213,23,1
1778870400,4542.29,4544.75,4539.93,4541.39,2321,23,1
1778870700,4541.40,4542.85,4539.13,4540.09,2241,23,1
1778871000,4540.11,4543.54,4536.44,4537.92,2234,23,1
1778871300,4537.91,4539.66,4533.80,4539.64,2239,23,1
1778871600,4539.68,4542.37,4533.55,4535.69,2175,23,1
1778871900,4535.69,4536.63,4529.51,4531.39,2140,23,1
1778872200,4531.39,4533.53,4529.34,4532.65,2052,23,1
1778872500,4532.63,4534.79,4531.36,4533.74,2045,23,1
1778872800,4533.74,4540.50,4533.34,4540.48,1990,23,1
1778873100,4540.46,4542.32,4537.21,4540.84,2086,23,1
1778873400,4540.91,4544.32,4540.07,4544.04,2109,23,1
1778873700,4544.04,4545.74,4542.79,4545.51,1938,23,1
1778874000,4545.51,4547.59,4543.66,4547.20,1958,23,1
1778874300,4547.21,4548.03,4545.02,4545.35,1899,23,1
1778874600,4545.40,4547.29,4541.93,4542.69,2024,23,1
1778874900,4542.69,4545.10,4542.00,4544.40,1999,23,1
1778875200,4544.36,4552.29,4543.14,4550.07,2157,23,1
1778875500,4550.08,4555.40,4549.75,4554.60,1919,23,1
1778875800,4554.66,4558.03,4554.53,4557.09,1905,23,1
1778876100,4557.10,4557.53,4554.52,4555.91,1789,23,1
1778876400,4555.91,4563.70,4555.33,4562.05,2006,23,1
1778876700,4562.07,4564.49,4556.52,4557.75,2160,23,1
1778877000,4557.77,4563.26,4557.75,4562.58,1914,23,1
1778877300,4562.59,4563.56,4560.16,4563.07,1922,23,1
1778877600,4563.06,4563.61,4560.66,4560.81,1871,23,1
1778877900,4560.81,4562.60,4559.87,4560.63,1732,23,1
1778878200,4560.63,4560.64,4558.24,4558.36,1764,23,1
1778878500,4558.36,4560.47,4557.26,4559.53,1700,23,1
1778878800,4559.54,4561.30,4558.11,4559.01,1773,23,1
1778879100,4559.05,4559.73,4556.12,4558.54,1867,23,1
1778879400,4558.53,4561.98,4558.12,4561.67,1597,23,1
1778879700,4561.70,4563.00,4552.95,4554.53,2027,23,1
1778880000,4554.56,4559.89,4554.45,4558.60,1996,23,1
1778880300,4558.60,4559.47,4556.35,4558.16,1936,23,1
1778880600,4558.14,4558.91,4552.38,4555.22,2047,23,1
1778880900,4555.24,4558.02,4554.80,4558.01,1745,23,1
1778881200,4558.01,4558.44,4555.70,4557.63,1613,23,1
1778881500,4557.62,4560.17,4556.68,4559.26,1482,23,1
1778881800,4559.26,4562.82,4559.26,4561.06,1412,23,1
1778882100,4561.07,4561.37,4558.40,4559.27,1606,23,1
1778882400,4559.27,4560.16,4554.28,4554.34,1770,23,1
1778882700,4554.34,4555.73,4551.58,4551.81,1632,23,1
1778883000,4551.77,4552.16,4549.49,4550.43,1716,23,1
1778883300,4550.42,4552.39,4548.93,4552.19,1570,23,1
1778883600,4552.20,4552.70,4550.01,4550.01,1460,23,1
1778883900,4550.02,4550.98,4548.56,4550.15,1513,23,1
1778884200,4550.18,4553.75,4549.80,4550.46,1480,23,1
1778884500,4550.47,4555.22,4549.65,4554.79,1546,23,1
1778884800,4554.73,4555.26,4552.57,4553.50,1686,23,1
1778885100,4553.50,4554.39,4551.64,4552.02,1557,23,1
1778885400,4552.02,4552.02,4548.41,4549.24,1824,23,1
1778885700,4549.23,4549.25,4544.97,4545.88,1985,23,1
1778886000,4545.85,4546.36,4539.11,4539.96,1497,23,1
1778886300,4539.95,4540.38,4536.21,4536.91,1641,23,1
1778886600,4536.91,4540.60,4536.61,4538.28,1541,23,1
1778886900,4538.31,4538.37,4535.45,4536.73,1387,23,1
1778887200,4536.71,4537.76,4533.12,4537.29,1377,23,1
1778887500,4537.29,4539.22,4536.38,4539.04,1111,23,1
1778887800,4539.13,4543.92,4539.10,4541.08,1406,23,1
1778888100,4541.08,4541.95,4539.30,4540.61,1115,28,1
1778888400,4540.61,4541.35,4539.16,4540.35,1009,28,1
1778888700,4540.35,4541.42,4537.86,4537.98,1180,28,1
1778889000,4538.05,4538.56,4536.47,4538.39,1222,28,1
1778889300,4538.40,4538.75,4537.75,4538.58,342,28,1
1779066000,4538.65,4545.46,4528.55,4545.10,2014,28,1
1779066300,4545.08,4555.00,4544.98,4553.65,1677,28,1
1779066600,4553.71,4554.75,4547.78,4548.49,1325,28,1
1779066900,4548.48,4550.19,4544.15,4545.06,1196,28,1
1779067200,4545.05,4546.58,4537.96,4545.16,1666,28,1
1779067500,4545.25,4545.39,4538.75,4541.17,1142,28,1
1779067800,4541.05,4551.21,4540.99,4544.66,1605,23,1
1779068100,4544.66,4552.77,4544.65,4551.31,1468,23,1
1779068400,4551.29,4553.76,4548.01,4549.98,1508,23,1
1779068700,4549.97,4554.63,4549.55,4551.79,1284,23,1
1779069000,4551.79,4551.96,4547.00,4547.28,1219,23,1
1779069300,4547.27,4550.05,4543.75,4546.17,1366,23,1
1779069600,4546.18,4547.99,4543.82,4545.51,1285,23,1
1779069900,4545.45,4545.51,4539.45,4541.55,1485,23,1
1779070200,4541.56,4545.89,4539.93,4541.68,1253,23,1
1779070500,4541.67,4543.20,4538.78,4539.55,1221,23,1
1779070800,4539.57,4544.34,4539.53,4541.50,1174,23,1
1779071100,4541.49,4543.60,4537.88,4537.96,1519,23,1
1779071400,4537.96,4539.69,4534.77,4539.07,1581,23,1
1779071700,4539.07,4541.39,4536.97,4539.19,1379,23,1
1779072000,4539.16,4541.12,4532.48,4539.11,1845,23,1
1779072300,4539.10,4540.05,4532.03,4538.02,1839,23,1
1779072600,4537.90,4544.11,4537.44,4541.18,1603,23,1
1779072900,4541.19,4542.29,4535.51,4537.12,1891,23,1
1779073200,4537.14,4542.60,4530.26,4530.92,2450,20,1
1779073500,4530.99,4533.70,4523.03,4523.77,2554,23,1
1779073800,4523.71,4529.87,4523.71,4526.27,2379,23,1
1779074100,4526.27,4529.40,4523.00,4523.34,2378,23,1
1779074400,4523.14,4533.61,4517.08,4517.38,2318,23,1
1779074700,4517.39,4520.92,4514.65,4515.81,2270,23,1
1779075000,4515.71,4518.75,4487.62,4492.34,2461,23,1
1779075300,4492.22,4503.19,4489.48,4490.30,2555,23,1
1779075600,4490.31,4493.55,4480.61,4481.60,2521,23,1
1779075900,4481.59,4496.46,4480.30,4494.30,2504,23,1
1779076200,4494.35,4495.88,4486.48,4491.63,2482,23,1
1779076500,4491.72,4516.61,4491.56,4516.04,2481,23,1
1779076800,4515.96,4515.98,4489.50,4497.71,2752,23,1
1779077100,4497.74,4504.78,4492.50,4501.63,2635,23,1
1779077400,4501.59,4505.34,4494.58,4496.02,2594,23,1
1779077700,4495.94,4500.56,4492.90,4498.46,2548,23,1
1779078000,4498.42,4508.05,4493.56,4506.57,2611,23,1
1779078300,4506.53,4510.05,4498.57,4503.99,2539,23,1
1779078600,4503.99,4511.39,4501.42,4510.12,2511,23,1
1779078900,4510.14,4513.72,4499.79,4508.14,2520,23,1
1779079200,4508.19,4512.86,4506.03,4512.58,2471,23,1
1779079500,4512.61,4528.61,4511.00,4528.25,2519,23,1
1779079800,4528.18,4535.56,4525.94,4530.29,2505,23,1
1779080100,4530.29,4530.58,4524.85,4525.39,2355,23,1
1779080400,4525.39,4535.92,4522.09,4532.16,2317,23,1
1779080700,4532.14,4533.71,4525.59,4528.81,2310,23,1
1779081000,4528.79,4538.65,4527.84,4536.58,2191,23,1
1779081300,4536.61,4537.82,4531.87,4534.89,1897,23,1
1779081600,4534.86,4540.61,4533.04,4537.49,1887,23,1
1779081900,4537.48,4539.96,4533.52,4533.52,1988,23,1
1779082200,4533.49,4537.77,4529.50,4532.17,2217,23,1
1779082500,4532.17,4538.42,4530.69,4538.14,2087,23,1
1779082800,4538.14,4541.06,4534.99,4536.24,1929,23,1
1779083100,4536.24,4542.84,4530.41,4530.57,2090,23,1
1779083400,4530.66,4535.47,4530.39,4534.01,1998,23,1
1779083700,4534.00,4535.12,4530.88,4533.68,1992,23,1
1779084000,4533.69,4535.71,4529.94,4531.13,2073,23,1
1779084300,4531.19,4534.77,4527.57,4532.96,1914,23,1
1779084600,4532.96,4535.71,4526.82,4529.44,1981,23,1
1779084900,4529.61,4533.18,4528.30,4530.81,1942,23,1
1779085200,4530.81,4536.58,4529.30,4533.60,1866,23,1
1779085500,4533.57,4538.37,4529.28,4535.97,2070,23,1
1779085800,4535.97,4537.88,4526.44,4526.95,2219,23,1
1779086100,4526.95,4537.55,4525.19,4535.30,2122,23,1
1779086400,4535.31,4547.99,4533.80,4545.68,2093,23,1
1779086700,4545.68,4547.89,4539.33,4542.00,2057,23,1
1779087000,4541.99,4547.56,4539.14,4541.28,1946,23,1
1779087300,4541.26,4543.91,4540.47,4541.14,1613,23,1
1779087600,4541.14,4548.50,4540.99,4545.74,1960,23,1
1779087900,4545.74,4549.65,4543.24,4545.73,1764,23,1
1779088200,4545.73,4547.66,4543.50,4544.36,1569,23,1
1779088500,4544.32,4547.15,4544.03,4545.56,1690,23,1
1779088800,4545.56,4545.91,4536.85,4537.24,1734,23,1
1779089100,4537.24,4538.86,4530.12,4532.70,2049,23,1
1779089400,4532.69,4541.39,4532.23,4540.02,1753,23,1
1779089700,4540.04,4542.81,4538.42,4542.77,1697,23,1
1779090000,4542.77,4544.29,4539.75,4541.71,1737,23,1
1779090300,4541.71,4541.72,4538.57,4540.45,1538,23,1
1779090600,4540.45,4545.68,4537.91,4543.19,1767,23,1
1779090900,4543.20,4543.96,4535.19,4540.70,1668,23,1
1779091200,4540.70,4542.78,4532.96,4535.96,2050,23,1
1779091500,4535.72,4539.85,4533.86,4537.99,1763,23,1
1779091800,4537.99,4539.02,4535.60,4538.16,1681,23,1
1779092100,4538.21,4549.09,4534.93,4545.92,1951,23,1
1779092400,4545.96,4549.46,4541.51,4546.13,1993,23,1
1779092700,4546.14,4550.60,4545.09,4548.75,1877,23,1
1779093000,4548.76,4551.84,4539.78,4542.61,2358,23,1
1779093300,4542.56,4547.22,4540.55,4544.40,2157,23,1
1779093600,4544.40,4544.74,4538.44,4539.66,2087,23,1
1779093900,4539.66,4543.00,4537.38,4538.77,1966,23,1
1779094200,4538.77,4539.74,4534.87,4536.28,1887,23,1
1779094500,4536.28,4538.84,4529.86,4530.92,1941,23,1
1779094800,4530.92,4539.29,4529.75,4535.35,2125,23,1
1779095100,4535.34,4540.49,4533.47,4537.92,2160,23,1
1779095400,4537.93,4538.16,4532.36,4537.37,1961,23,1
1779095700,4537.35,4541.53,4534.48,4536.36,1836,23,1
1779096000,4536.35,4544.06,4534.59,4543.31,2057,23,1
1779096300,4543.32,4548.08,4537.16,4537.46,2096,23,1
1779096600,4537.50,4547.01,4534.56,4539.93,2215,23,1
1779096900,4539.93,4542.16,4537.84,4538.14,1944,23,1
1779097200,4538.15,4540.80,4535.11,4540.65,1870,23,1
1779097500,4540.66,4546.23,4538.52,4543.67,1967,23,1
1779097800,4543.68,4546.10,4542.59,4545.93,1716,23,1
1779098100,4545.91,4547.84,4544.74,4546.75,1996,23,1
1779098400,4546.75,4549.40,4543.57,4543.96,1992,23,1
1779098700,4543.96,4547.99,4543.27,4546.39,1670,23,1
1779099000,4546.39,4546.39,4542.12,4543.62,1782,23,1
1779099300,4543.62,4545.77,4541.67,4541.95,1688,23,1
1779099600,4541.96,4542.10,4538.27,4539.29,1730,23,1
1779099900,4539.28,4551.34,4539.20,4550.58,2140,23,1
1779100200,4550.57,4559.94,4550.54,4554.80,2363,23,1
1779100500,4554.81,4555.26,4551.74,4552.67,1921,23,1
1779100800,4552.76,4554.46,4547.83,4549.00,1899,23,1
1779101100,4548.98,4551.69,4543.71,4543.91,1733,23,1
1779101400,4543.90,4546.13,4540.05,4544.62,1959,23,1
1779101700,4544.62,4548.52,4542.78,4546.22,1775,23,1
1779102000,4546.21,4548.86,4544.78,4546.46,1912,23,1
1779102300,4546.48,4548.31,4543.72,4544.00,1708,23,1
1779102600,4544.00,4547.21,4542.47,4546.60,1844,23,1
1779102900,4546.58,4546.58,4543.07,4545.59,1651,23,1
1779103200,4545.62,4549.83,4545.53,4549.76,1532,23,1
1779103500,4549.78,4551.44,4546.76,4547.88,1794,23,1
1779103800,4548.00,4553.11,4545.90,4551.70,1874,23,1
1779104100,4551.70,4551.84,4548.10,4551.36,1811,23,1
1779104400,4551.35,4551.35,4548.01,4548.06,1445,23,1
1779104700,4548.06,4553.83,4548.06,4552.33,1677,23,1
1779105000,4552.33,4556.96,4551.61,4556.04,1740,23,1
1779105300,4556.04,4556.65,4549.96,4549.97,1514,23,1
1779105600,4549.97,4551.95,4541.17,4542.47,1846,23,1
1779105900,4542.49,4547.18,4541.55,4547.08,1375,23,1
1779106200,4547.07,4547.80,4545.11,4546.30,1343,23,1
1779106500,4546.31,4548.43,4545.40,4546.28,1432,23,1
1779106800,4546.28,4548.88,4546.02,4546.55,1239,23,1
1779107100,4546.53,4548.27,4544.54,4544.98,1471,23,1
1779107400,4544.98,4545.49,4540.63,4543.47,1751,23,1
1779107700,4543.48,4546.48,4543.34,4546.06,1528,23,1
1779108000,4546.09,4546.12,4540.67,4542.88,1635,23,1
1779108300,4542.97,4543.10,4540.53,4541.48,1485,23,1
1779108600,4541.48,4543.74,4540.23,4543.14,1577,23,1
1779108900,4543.16,4544.61,4542.66,4542.93,1412,23,1
1779109200,4542.93,4545.01,4540.36,4540.47,1518,23,1
1779109500,4540.47,4542.18,4537.07,4538.22,1687,23,1
1779109800,4538.21,4540.62,4535.69,4539.17,1643,23,1
1779110100,4539.17,4542.43,4538.64,4542.01,1447,23,1
1779110400,4542.02,4542.35,4538.09,4539.29,1465,23,1
1779110700,4539.30,4540.64,4538.41,4539.65,1350,23,1
1779111000,4539.64,4540.64,4532.73,4532.82,1693,23,1
1779111300,4532.82,4539.48,4532.14,4538.28,1776,23,1
1779111600,4538.26,4544.03,4537.82,4543.78,1646,23,1
1779111900,4543.76,4547.68,4542.31,4543.11,1714,23,1
1779112200,4543.12,4543.46,4537.45,4539.33,1327,23,1
1779112500,4539.33,4540.26,4536.67,4540.22,1335,23,1
1779112800,4540.17,4541.75,4537.88,4538.24,1694,23,1
1779113100,4538.24,4539.69,4532.36,4532.61,1479,23,1
1779113400,4532.55,4539.52,4530.07,4539.52,1904,23,1
1779113700,4539.52,4540.15,4536.67,4539.05,1612,23,1
1779114000,4539.08,4539.93,4531.82,4535.90,1742,23,1
1779114300,4536.01,4537.75,4534.32,4536.32,1523,23,1
1779114600,4536.24,4545.47,4535.50,4541.79,1993,23,1
1779114900,4541.78,4554.87,4541.78,4554.87,2291,23,1
1779115200,4555.61,4566.94,4551.84,4562.10,2731,23,1
1779115500,4562.09,4564.57,4555.15,4555.38,2380,23,1
1779115800,4555.37,4555.75,4551.47,4551.56,2258,23,1
1779116100,4551.47,4554.97,4549.46,4550.67,2052,23,1
1779116400,4550.68,4552.42,4547.43,4550.65,2047,23,1
1779116700,4550.70,4556.57,4550.70,4555.56,1955,23,1
1779117000,4555.57,4555.91,4551.51,4553.45,1876,23,1
1779117300,4553.43,4554.93,4547.09,4547.42,1931,23,1
1779117600,4547.31,4553.54,4545.34,4551.46,2021,23,1
1779117900,4551.47,4554.89,4549.82,4550.63,1915,23,1
1779118200,4550.66,4562.58,4550.23,4562.19,1999,23,1
1779118500,4562.10,4563.18,4558.19,4561.59,2434,23,1
1779118800,4561.55,4569.76,4558.49,4569.69,2408,23,1
1779119100,4569.67,4574.84,4568.11,4572.47,2505,23,1
1779119400,4572.38,4574.06,4562.59,4563.05,2288,23,1
1779119700,4563.20,4572.42,4562.62,4571.32,2079,23,1
1779120000,4571.31,4576.80,4564.41,4565.27,2511,23,1
1779120300,4565.20,4568.48,4562.51,4563.85,2271,23,1
1779120600,4563.81,4569.43,4561.87,4567.76,2212,23,1
1779120900,4567.72,4568.44,4563.89,4566.01,2004,23,1
1779121200,4566.07,4572.99,4565.46,4572.88,1843,23,1
1779121500,4572.86,4576.18,4571.15,4571.93,2078,23,1
1779121800,4571.97,4579.75,4567.19,4578.56,2548,23,1
1779122100,4578.59,4578.67,4570.83,4573.64,2511,23,1
1779122400,4573.63,4575.62,4564.79,4566.22,2615,23,1
1779122700,4566.31,4576.40,4563.75,4574.34,2643,23,1
1779123000,4574.19,4584.09,4572.87,4583.52,2573,23,1
1779123300,4583.55,4584.20,4574.97,4575.64,2496,23,1
1779123600,4575.67,4575.70,4564.37,4565.39,2508,23,1
1779123900,4565.38,4567.38,4559.96,4566.92,2559,23,1
1779124200,4566.88,4569.83,4561.96,4564.24,2404,23,1
1779124500,4564.21,4568.86,4562.19,4566.13,2395,23,1
1779124800,4566.11,4567.15,4554.96,4559.32,2470,23,1
1779125100,4559.36,4563.28,4557.81,4561.67,2410,23,1
1779125400,4561.63,4562.99,4544.97,4549.58,2533,23,1
1779125700,4549.48,4550.79,4543.09,4546.43,2610,23,1
1779126000,4546.52,4549.38,4538.71,4547.68,2628,23,1
1779126300,4547.68,4548.11,4537.78,4543.15,2478,23,1
1779126600,4543.15,4548.45,4541.22,4541.88,2400,23,1
1779126900,4541.91,4547.30,4541.34,4546.47,2229,23,1
1779127200,4546.48,4547.93,4531.87,4537.47,2581,23,1
1779127500,4537.66,4544.44,4533.85,4536.60,2500,23,1
1779127800,4536.68,4542.67,4536.39,4540.55,2279,23,1
1779128100,4540.55,4542.71,4534.45,4536.67,2239,23,1
1779128400,4536.71,4540.44,4535.89,4538.92,2288,23,1
1779128700,4538.95,4540.24,4534.68,4534.68,2243,23,1
1779129000,4534.61,4541.46,4533.91,4540.90,2268,23,1
1779129300,4540.91,4542.17,4538.15,4541.80,2114,23,1
1779129600,4541.80,4544.34,4538.52,4538.55,2083,23,1
1779129900,4538.54,4543.50,4538.05,4541.18,2114,23,1
1779130200,4541.19,4544.50,4539.69,4544.33,2031,23,1
1779130500,4544.24,4546.90,4542.21,4543.52,2104,23,1
1779130800,4543.52,4544.49,4540.15,4541.52,1984,23,1
1779131100,4541.54,4544.43,4541.14,4543.49,2005,23,1
1779131400,4543.51,4548.94,4542.70,4548.60,1984,23,1
1779131700,4548.58,4550.35,4546.63,4547.21,1886,23,1
1779132000,4547.17,4550.69,4544.44,4545.73,2076,23,1
1779132300,4545.74,4546.86,4533.91,4537.09,2356,23,1
1779132600,4537.10,4541.91,4534.30,4539.72,2348,23,1
1779132900,4539.72,4544.80,4539.41,4544.22,2094,23,1
1779133200,4544.21,4544.95,4541.86,4543.33,1933,23,1
1779133500,4543.33,4548.73,4542.88,4548.27,1881,23,1
1779133800,4548.27,4554.11,4548.27,4553.05,2054,23,1
1779134100,4553.04,4554.52,4549.71,4550.17,1916,23,1
1779134400,4550.16,4557.19,4548.01,4556.76,2074,23,1
1779134700,4556.76,4558.25,4554.73,4556.16,1844,23,1
1779135000,4556.20,4556.77,4553.01,4553.22,1761,23,1
1779135300,4553.22,4555.59,4552.00,4554.57,1679,23,1
1779135600,4554.56,4555.23,4552.43,4553.83,1761,23,1
1779135900,4553.84,4554.72,4551.77,4553.90,1728,23,1
1779136200,4553.90,4554.17,4548.86,4548.90,1758,23,1
1779136500,4548.89,4550.38,4547.26,4549.47,1766,23,1
1779136800,4549.46,4551.17,4547.82,4548.16,1702,23,1
1779137100,4548.23,4549.61,4546.71,4546.76,1621,23,1
1779137400,4546.72,4549.19,4546.55,4547.63,1549,23,1
1779137700,4547.62,4547.84,4545.60,4547.00,1451,23,1
1779138000,4546.99,4547.04,4543.81,4545.82,1822,23,1
1779138300,4545.82,4547.77,4543.83,4545.07,1675,23,1
1779138600,4545.07,4546.43,4544.01,4545.19,1664,23,1
1779138900,4545.19,4545.36,4541.44,4542.54,1798,23,1
1779139200,4542.55,4542.62,4540.37,4541.11,1750,23,1
1779139500,4541.14,4542.71,4536.80,4541.92,2054,23,1
1779139800,4541.92,4543.96,4540.69,4542.72,1852,23,1
1779140100,4542.72,4543.42,4539.26,4539.67,1689,23,1
1779140400,4539.67,4541.53,4539.00,4541.53,1612,23,1
1779140700,4541.52,4543.22,4540.79,4541.63,1581,23,1
1779141000,4541.63,4542.15,4539.77,4540.29,1743,23,1
1779141300,4540.29,4541.74,4534.29,4535.74,1807,23,1
1779141600,4535.74,4565.04,4535.25,4553.43,2634,23,1
1779141900,4553.47,4559.97,4551.15,4557.13,2568,23,1
1779142200,4557.13,4558.26,4553.42,4554.43,2295,23,1
1779142500,4554.43,4555.54,4551.00,4551.59,2070,23,1
1779142800,4551.58,4555.67,4549.81,4550.10,1965,23,1
1779143100,4550.11,4551.92,4546.65,4551.59,2072,23,1
1779143400,4551.59,4557.29,4550.20,4556.30,2058,23,1
1779143700,4556.31,4559.52,4555.98,4559.37,1980,23,1
1779144000,4559.39,4561.23,4557.89,4558.13,2031,23,1
1779144300,4558.13,4562.94,4557.89,4561.21,1919,23,1
1779144600,4561.21,4562.53,4559.90,4562.34,2027,23,1
1779144900,4562.35,4562.47,4557.57,4558.52,1936,23,1
1779145200,4558.49,4561.28,4557.82,4560.29,1274,23,1
1779145500,4560.33,4560.41,4558.35,4558.73,1016,23,1
1779145800,4558.73,4562.91,4558.54,4562.22,774,23,1
1779146100,4562.22,4566.46,4562.14,4564.22,1164,23,1
1779146400,4564.23,4566.57,4562.90,4566.40,932,23,1
1779146700,4566.41,4566.65,4562.72,4563.20,975,23,1
1779147000,4563.18,4564.77,4561.62,4562.75,1056,28,1
1779147300,4562.76,4563.98,4562.53,4562.56,708,28,1
1779147600,4562.55,4564.96,4562.21,4564.47,788,28,1
1779147900,4564.47,4564.94,4563.80,4563.80,755,28,1
1779148200,4563.79,4565.57,4563.06,4563.10,677,28,1
1779148500,4563.10,4566.56,4562.42,4566.13,554,28,1
1779152400,4567.84,4571.37,4567.31,4570.35,1073,28,1
1779152700,4570.35,4573.51,4569.57,4571.72,700,28,1
1779153000,4571.74,4573.27,4570.34,4573.27,733,28,1
1779153300,4573.26,4574.40,4572.55,4573.71,1026,28,1
1779153600,4573.71,4574.25,4571.73,4572.05,840,28,1
1779153900,4572.05,4572.97,4571.16,4572.85,867,28,1
1779154200,4572.87,4573.76,4571.62,4573.23,879,23,1
1779154500,4573.23,4575.87,4572.72,4575.84,714,23,1
1779154800,4575.84,4578.35,4575.05,4576.60,1024,23,1
1779155100,4576.60,4576.93,4574.66,4575.58,719,23,1
1779155400,4575.59,4575.87,4573.38,4573.74,696,23,1
1779155700,4573.73,4573.97,4572.53,4573.89,626,23,1
1779156000,4573.90,4581.15,4573.75,4580.98,1412,23,1
1779156300,4580.99,4581.63,4579.13,4580.06,1022,23,1
1779156600,4580.08,4586.72,4579.84,4585.58,1074,23,1
1779156900,4585.52,4586.73,4583.42,4585.96,1052,23,1
1779157200,4585.97,4588.91,4583.80,4586.14,1173,23,1
1779157500,4586.16,4586.93,4585.18,4585.76,841,23,1
1779157800,4585.76,4586.77,4582.83,4586.14,1028,23,1
1779158100,4586.16,4587.81,4583.77,4584.92,1031,23,1
1779158400,4584.92,4586.46,4584.12,4585.49,874,23,1
1779158700,4585.48,4586.67,4582.90,4583.37,1069,23,1
1779159000,4583.40,4583.51,4582.07,4582.49,978,23,1
1779159300,4582.49,4582.80,4579.09,4581.80,1180,23,1
1779159600,4581.76,4589.22,4578.62,4579.12,2063,23,1
1779159900,4579.18,4585.49,4576.81,4583.85,2098,23,1
1779160200,4584.14,4584.59,4578.78,4578.82,1848,23,1
1779160500,4578.84,4580.98,4574.83,4580.09,1931,23,1
1779160800,4580.09,4585.79,4573.74,4574.83,1970,23,1
1779161100,4574.82,4575.27,4568.82,4573.60,2018,23,1
1779161400,4573.59,4576.06,4572.21,4574.84,1903,23,1
1779161700,4574.84,4575.52,4568.47,4568.83,1899,23,1
1779162000,4568.84,4574.02,4568.27,4570.80,1578,23,1
1779162300,4570.80,4572.51,4569.56,4571.71,1681,23,1
1779162600,4571.71,4571.74,4565.95,4566.23,1698,23,1
1779162900,4566.32,4566.82,4561.27,4563.30,1719,23,1
1779163200,4563.35,4567.35,4557.76,4564.36,2417,23,1
1779163500,4564.39,4569.28,4560.87,4564.49,2191,23,1
1779163800,4564.35,4568.37,4562.62,4565.81,2092,23,1
1779164100,4565.81,4568.40,4557.76,4559.53,2125,23,1
1779164400,4559.49,4559.81,4554.15,4555.78,2162,23,1
1779164700,4555.78,4559.81,4555.78,4559.18,1888,23,1
1779165000,4559.20,4561.94,4555.26,4561.41,2111,23,1
1779165300,4561.42,4568.40,4561.37,4568.22,2071,23,1
1779165600,4568.26,4572.30,4566.55,4570.77,1965,23,1
1779165900,4570.72,4571.80,4565.64,4566.44,1876,23,1
1779166200,4566.43,4568.65,4561.51,4567.46,2030,23,1
1779166500,4567.45,4567.84,4562.83,4563.86,1897,23,1
1779166800,4563.84,4563.85,4558.38,4561.18,2071,23,1
1779167100,4561.13,4561.24,4554.87,4555.19,2183,23,1
1779167400,4555.20,4557.66,4553.06,4554.58,2131,23,1
1779167700,4554.57,4557.38,4551.56,4557.09,1842,23,1
1779168000,4557.10,4559.97,4556.33,4558.07,1696,23,1
1779168300,4558.20,4562.18,4557.47,4559.61,1683,23,1
1779168600,4559.72,4559.87,4554.46,4555.05,1984,23,1
1779168900,4555.04,4557.04,4552.05,4553.47,1902,23,1
1779169200,4553.50,4559.53,4551.08,4556.23,1916,23,1
1779169500,4556.17,4557.97,4550.41,4552.17,1872,23,1
1779169800,4552.21,4554.49,4548.35,4550.62,1760,23,1
1779170100,4550.62,4550.72,4545.98,4547.11,1714,23,1
1779170400,4547.12,4550.69,4543.70,4547.19,2099,23,1
1779170700,4547.18,4552.68,4547.16,4548.89,1672,23,1
1779171000,4548.91,4552.06,4547.26,4551.83,1471,23,1
1779171300,4551.83,4552.98,4548.47,4551.08,1458,23,1
1779171600,4551.09,4551.88,4546.81,4548.39,1464,23,1
1779171900,4548.39,4550.61,4547.65,4549.13,1504,23,1
1779172200,4549.13,4550.58,4547.00,4549.90,1521,23,1
1779172500,4549.89,4555.01,4549.70,4554.66,1266,23,1
1779172800,4554.66,4554.67,4547.60,4547.75,1406,23,1
1779173100,4547.76,4548.71,4544.60,4547.13,1500,23,1
1779173400,4547.15,4549.42,4546.20,4548.73,1138,23,1
1779173700,4548.73,4549.06,4544.33,4545.01,1393,23,1
1779174000,4545.00,4545.37,4541.51,4544.14,1580,23,1
1779174300,4544.15,4545.67,4541.11,4542.30,1464,23,1
1779174600,4542.30,4544.07,4538.76,4540.19,1466,23,1
1779174900,4540.19,4542.60,4538.38,4540.22,1398,23,1
1779175200,4540.23,4543.09,4540.21,4542.50,1373,23,1
1779175500,4542.51,4542.61,4538.21,4540.33,1568,23,1
1779175800,4540.24,4540.77,4537.94,4538.75,1189,23,1
1779176100,4538.76,4542.02,4538.73,4540.52,1243,23,1
1779176400,4540.57,4542.25,4539.38,4539.77,1327,23,1
1779176700,4539.77,4542.46,4539.74,4540.60,1400,23,1
1779177000,4540.60,4542.85,4540.09,4542.54,1365,23,1
1779177300,4542.46,4543.75,4541.53,4542.44,1069,23,1
1779177600,4542.44,4544.94,4541.73,4544.27,1489,23,1
1779177900,4544.30,4545.30,4540.22,4545.29,1437,23,1
1779178200,4545.30,4546.53,4543.51,4544.83,1415,23,1
1779178500,4544.80,4545.29,4541.29,4542.00,1315,23,1
1779178800,4542.00,4542.48,4530.95,4535.37,1770,23,1
1779179100,4535.41,4540.57,4533.22,4538.48,1966,23,1
1779179400,4538.47,4540.25,4533.07,4536.94,2236,23,1
1779179700,4536.95,4541.42,4534.76,4539.76,2157,23,1
1779180000,4539.76,4544.15,4538.05,4538.51,1953,23,1
1779180300,4538.52,4541.69,4532.98,4533.89,2144,23,1
1779180600,4533.78,4541.44,4533.16,4539.87,2026,23,1
1779180900,4539.86,4543.47,4538.65,4540.85,1973,23,1
1779181200,4540.85,4541.45,4533.47,4539.24,2158,23,1
1779181500,4538.72,4540.48,4536.11,4537.72,2126,23,1
1779181800,4537.73,4545.86,4537.17,4541.99,2131,23,1
1779182100,4542.00,4550.20,4540.95,4550.13,2138,23,1
1779182400,4550.12,4551.23,4545.62,4549.50,2036,23,1
1779182700,4549.39,4553.92,4547.71,4547.77,2009,23,1
1779183000,4547.56,4551.31,4544.85,4550.25,2136,23,1
1779183300,4550.25,4552.49,4546.39,4552.23,1861,23,1
1779183600,4552.23,4552.85,4548.84,4552.17,1651,23,1
1779183900,4552.17,4552.44,4543.10,4543.16,1806,23,1
1779184200,4543.17,4547.40,4543.16,4546.84,1467,23,1
1779184500,4546.85,4549.63,4546.83,4548.03,1624,23,1
1779184800,4548.10,4548.85,4544.17,4547.86,1798,23,1
1779185100,4547.87,4555.28,4546.90,4552.92,1857,23,1
1779185400,4552.92,4553.84,4547.18,4548.65,1759,23,1
1779185700,4548.65,4550.09,4546.70,4548.67,1560,23,1
1779186000,4548.64,4549.90,4544.93,4547.06,1664,23,1
1779186300,4547.05,4548.26,4543.08,4548.26,1563,23,1
1779186600,4548.26,4549.28,4543.77,4544.06,1525,23,1
1779186900,4544.07,4547.75,4542.56,4543.18,1725,23,1
1779187200,4543.19,4544.95,4541.38,4542.12,1678,23,1
1779187500,4542.11,4554.21,4541.97,4550.97,1910,23,1
1779187800,4550.97,4553.81,4547.91,4552.16,1893,23,1
1779188100,4552.16,4559.32,4552.16,4557.20,1767,23,1
1779188400,4557.18,4559.13,4552.66,4552.84,1781,23,1
1779188700,4552.84,4552.95,4543.92,4544.33,1774,23,1
1779189000,4544.33,4547.97,4542.57,4546.39,1906,23,1
1779189300,4546.34,4548.10,4544.25,4544.27,1779,23,1
1779189600,4544.27,4544.94,4539.09,4540.59,1587,23,1
1779189900,4540.59,4540.93,4536.36,4538.30,1914,23,1
1779190200,4538.32,4544.28,4536.94,4544.28,1789,23,1
1779190500,4544.25,4545.01,4542.39,4543.19,1539,23,1
1779190800,4543.20,4543.71,4542.18,4543.24,1299,23,1
1779191100,4543.24,4548.62,4542.97,4546.04,1546,23,1
1779191400,4546.05,4547.31,4538.32,4542.58,1544,23,1
1779191700,4542.58,4544.25,4541.90,4542.72,1166,23,1
1779192000,4542.74,4542.76,4539.95,4541.40,1528,23,1
1779192300,4541.39,4541.42,4536.95,4540.60,1577,23,1
1779192600,4540.59,4540.99,4537.12,4539.60,1486,23,1
1779192900,4539.60,4540.14,4536.08,4539.93,1678,23,1
1779193200,4539.92,4546.73,4539.77,4546.44,1616,23,1
1779193500,4546.45,4546.71,4540.28,4540.62,1796,23,1
1779193800,4540.63,4543.13,4536.69,4539.43,2012,23,1
1779194100,4539.20,4542.20,4537.27,4539.34,1729,23,1
1779194400,4539.35,4540.46,4538.07,4539.56,1675,23,1
1779194700,4539.55,4541.25,4538.36,4540.72,1582,23,1
1779195000,4540.73,4543.50,4539.11,4543.22,1463,23,1
1779195300,4543.25,4544.71,4540.75,4541.81,1502,23,1
1779195600,4541.80,4541.81,4536.49,4536.53,1611,23,1
1779195900,4536.53,4541.98,4536.06,4540.20,1415,23,1
1779196200,4540.20,4542.33,4538.75,4541.45,1328,23,1
1779196500,4541.45,4541.85,4538.35,4539.56,1305,23,1
1779196800,4539.56,4541.62,4538.96,4540.77,1332,23,1
1779197100,4540.77,4540.86,4539.20,4539.86,1272,23,1
1779197400,4539.85,4542.43,4538.91,4541.55,1473,23,1
1779197700,4541.34,4542.97,4534.32,4540.93,1812,23,1
1779198000,4540.96,4541.46,4525.45,4529.16,2177,23,1
1779198300,4529.14,4534.47,4527.71,4532.88,2072,23,1
1779198600,4532.87,4535.86,4532.11,4535.23,1799,23,1
1779198900,4535.24,4544.67,4535.23,4544.65,1921,23,1
1779199200,4544.63,4547.91,4543.07,4543.61,1969,23,1
1779199500,4543.61,4543.72,4540.60,4541.30,1702,23,1
1779199800,4541.30,4542.22,4535.94,4536.71,1790,23,1
1779200100,4536.71,4542.09,4535.79,4541.00,1572,23,1
1779200400,4540.93,4542.01,4538.88,4541.06,1519,23,1
1779200700,4541.05,4542.13,4536.92,4539.31,1504,23,1
1779201000,4539.31,4540.82,4537.69,4539.27,1649,23,1
1779201300,4539.26,4539.33,4536.87,4538.03,1477,23,1
1779201600,4538.03,4543.11,4537.14,4542.25,1570,23,1
1779201900,4542.03,4542.30,4537.29,4539.92,1598,23,1
1779202200,4539.92,4540.10,4534.47,4534.84,1603,23,1
1779202500,4534.84,4534.95,4529.89,4530.72,1804,23,1
1779202800,4530.76,4535.96,4527.44,4535.43,1960,23,1
1779203100,4535.44,4542.37,4533.36,4542.23,1825,23,1
1779203400,4542.23,4546.63,4541.39,4542.21,1877,23,1
1779203700,4542.21,4543.66,4536.75,4539.95,1765,23,1
1779204000,4539.96,4544.22,4539.58,4543.82,1747,23,1
1779204300,4543.82,4544.20,4540.51,4543.59,1583,23,1
1779204600,4543.31,4546.92,4542.05,4543.69,1853,23,1
1779204900,4543.70,4547.11,4541.32,4542.49,1780,23,1
1779205200,4542.49,4546.42,4536.76,4537.41,2012,23,1
1779205500,4537.41,4540.01,4535.67,4539.43,1763,23,1
1779205800,4539.44,4541.38,4537.26,4541.17,1584,23,1
1779206100,4541.18,4541.58,4536.72,4537.13,1510,23,1
1779206400,4537.11,4537.39,4521.95,4523.44,2251,23,1
1779206700,4523.48,4525.20,4514.93,4522.59,2476,23,1
1779207000,4522.69,4526.43,4519.63,4524.33,2245,23,1
1779207300,4524.34,4526.12,4516.38,4517.17,2202,23,1
1779207600,4517.18,4519.70,4503.63,4504.90,2509,23,1
1779207900,4505.02,4505.02,4491.07,4492.09,2590,23,1
1779208200,4492.20,4495.51,4464.93,4481.49,2795,23,1
1779208500,4481.51,4486.84,4471.37,4483.33,2758,23,1
1779208800,4483.38,4483.50,4470.21,4476.08,2732,23,1
1779209100,4476.07,4482.29,4474.14,4481.26,2698,23,1
1779209400,4481.25,4505.20,4479.88,4504.46,2705,23,1
1779209700,4504.54,4511.31,4498.00,4504.24,2674,23,1
1779210000,4504.22,4512.47,4495.90,4512.10,2665,23,1
1779210300,4511.80,4514.08,4494.73,4504.03,2696,23,1
1779210600,4504.02,4504.02,4492.23,4492.66,2605,23,1
1779210900,4492.68,4500.85,4491.99,4494.96,2500,23,1
1779211200,4494.94,4495.90,4484.80,4486.61,2607,23,1
1779211500,4486.59,4494.22,4484.51,4490.12,2617,23,1
1779211800,4490.08,4498.04,4488.74,4490.18,2551,23,1
1779212100,4490.21,4498.67,4489.09,4489.74,2512,23,1
1779212400,4489.73,4497.71,4487.54,4494.58,2551,23,1
1779212700,4494.59,4496.33,4487.74,4490.04,2476,23,1
1779213000,4490.02,4494.10,4486.26,4486.68,2416,23,1
1779213300,4486.70,4496.69,4486.64,4494.13,2334,23,1
1779213600,4494.13,4499.85,4494.01,4496.68,2307,23,1
1779213900,4496.66,4499.95,4489.91,4498.30,2314,23,1
1779214200,4498.35,4499.77,4495.74,4499.14,2203,23,1
1779214500,4499.01,4505.02,4498.27,4500.54,2181,23,1
1779214800,4500.47,4502.10,4493.93,4494.95,2207,23,1
1779215100,4494.97,4499.95,4494.41,4498.86,2153,23,1
1779215400,4498.89,4507.53,4497.89,4503.72,2273,23,1
1779215700,4503.57,4505.29,4498.92,4503.10,2207,23,1
1779216000,4503.04,4505.07,4500.62,4502.12,2128,23,1
1779216300,4502.10,4504.07,4500.25,4504.07,2054,23,1
1779216600,4504.06,4505.74,4501.74,4503.07,2010,23,1
1779216900,4503.08,4509.26,4503.01,4508.41,1962,23,1
1779217200,4508.41,4510.22,4505.30,4505.64,1934,23,1
1779217500,4505.64,4505.64,4497.46,4498.43,2033,23,1
1779217800,4498.43,4501.12,4496.20,4500.92,1922,23,1
1779218100,4500.94,4502.99,4498.80,4500.35,1731,23,1
1779218400,4500.34,4505.93,4500.21,4505.60,1740,23,1
1779218700,4505.60,4511.95,4505.60,4508.70,1928,23,1
1779219000,4508.74,4512.43,4506.68,4507.39,2052,23,1
1779219300,4507.39,4509.75,4505.82,4508.73,1833,23,1
1779219600,4508.73,4509.43,4505.61,4505.93,1722,23,1
1779219900,4505.92,4506.47,4504.59,4505.98,1712,23,1
1779220200,4505.98,4507.72,4504.74,4505.47,1591,23,1
1779220500,4505.46,4509.22,4504.93,4507.72,1564,23,1
1779220800,4507.71,4509.69,4505.97,4506.86,1831,23,1
1779221100,4506.86,4509.28,4505.84,4508.08,1700,23,1
1779221400,4508.09,4510.81,4506.27,4510.29,1494,23,1
1779221700,4510.30,4511.04,4507.73,4508.32,1505,23,1
1779222000,4508.24,4508.24,4503.37,4503.55,1641,23,1
1779222300,4503.55,4508.39,4503.55,4507.00,1767,23,1
1779222600,4506.98,4508.33,4503.96,4504.17,1546,23,1
1779222900,4504.15,4506.82,4503.62,4506.82,1632,23,1
1779223200,4506.94,4507.02,4502.74,4504.46,1806,23,1
1779223500,4504.46,4504.87,4500.47,4500.75,1695,23,1
1779223800,4500.75,4501.76,4499.11,4499.57,1670,23,1
1779224100,4499.56,4501.39,4499.42,4500.82,1485,23,1
1779224400,4500.83,4501.63,4499.83,4501.03,1634,23,1
1779224700,4501.03,4503.64,4499.74,4503.18,1555,23,1
1779225000,4503.16,4503.50,4500.91,4500.98,1392,23,1
1779225300,4500.98,4501.96,4499.56,4499.65,1508,23,1
1779225600,4499.65,4499.77,4495.57,4498.53,1893,23,1
1779225900,4498.53,4500.12,4495.83,4496.03,1854,23,1
1779226200,4496.03,4498.99,4493.27,4497.74,1872,23,1
1779226500,4497.73,4500.03,4496.22,4499.82,1638,23,1
1779226800,4499.82,4500.81,4498.21,4499.07,1618,23,1
1779227100,4499.07,4500.00,4498.06,4499.34,1624,23,1
1779227400,4499.32,4499.62,4493.56,4493.88,1553,23,1
1779227700,4493.84,4494.74,4490.29,4493.59,2018,23,1
1779228000,4493.60,4496.55,4493.06,4493.77,1973,23,1
1779228300,4493.77,4496.13,4493.77,4495.46,1524,23,1
1779228600,4495.46,4497.53,4495.21,4497.00,1579,23,1
1779228900,4497.00,4497.34,4492.07,4492.76,1641,23,1
1779229200,4492.74,4493.07,4486.51,4486.69,1805,23,1
1779229500,4486.66,4488.77,4485.56,4486.96,1672,23,1
1779229800,4486.97,4489.88,4486.19,4486.34,1723,23,1
1779230100,4486.33,4488.78,4486.29,4487.57,1603,23,1
1779230400,4487.57,4488.68,4485.90,4488.27,1568,23,1
1779230700,4488.34,4488.80,4485.95,4486.60,1651,23,1
1779231000,4486.60,4486.97,4483.68,4483.77,1777,23,1
1779231300,4483.76,4483.94,4481.23,4483.37,1953,23,1
1779231600,4483.40,4484.21,4480.96,4482.55,1486,23,1
1779231900,4482.56,4486.18,4481.61,4485.45,1094,23,1
1779232200,4485.44,4487.00,4484.26,4485.55,1018,23,1
1779232500,4485.54,4485.69,4483.43,4485.41,977,23,1
1779232800,4485.41,4488.17,4485.05,4487.35,870,23,1
1779233100,4487.34,4487.58,4485.71,4486.20,804,23,1
1779233400,4486.17,4486.29,4483.27,4483.95,788,28,1
1779233700,4483.92,4484.72,4483.19,4483.25,755,28,1
1779234000,4483.26,4484.45,4481.93,4483.34,863,28,1
1779234300,4483.34,4484.20,4482.63,4483.08,834,28,1
1779234600,4483.07,4484.15,4482.25,4482.51,757,28,1
1779234900,4482.51,4484.04,4481.81,4481.90,407,28,1
1779238800,4482.91,4484.76,4480.35,4484.39,1127,28,1
1779239100,4484.40,4485.80,4482.58,4484.49,587,28,1
1779239400,4484.50,4484.67,4482.62,4482.78,601,28,1
1779239700,4482.71,4482.84,4478.03,4480.08,857,28,1
1779240000,4480.08,4481.24,4479.35,4480.67,703,28,1
1779240300,4480.67,4480.69,4478.42,4479.33,769,28,1
1779240600,4479.35,4484.06,4477.40,4483.98,1215,23,1
1779240900,4483.97,4485.80,4480.04,4480.77,1155,23,1
1779241200,4480.77,4484.27,4479.85,4481.98,1006,23,1
1779241500,4481.98,4483.66,4480.04,4482.13,1016,23,1
1779241800,4482.13,4482.93,4479.39,4481.39,1142,23,1
1779242100,4481.39,4484.57,4481.19,4484.34,955,23,1
1779242400,4484.34,4484.35,4479.83,4483.29,1066,23,1
1779242700,4483.30,4484.50,4481.55,4483.62,701,23,1
1779243000,4483.69,4486.67,4483.47,4486.24,938,23,1
1779243300,4486.25,4488.66,4483.28,4488.25,1144,23,1
1779243600,4488.25,4488.62,4484.95,4486.80,1021,23,1
1779243900,4486.79,4487.65,4485.63,4486.20,677,23,1
1779244200,4486.17,4493.62,4485.68,4493.31,1293,23,1
1779244500,4493.22,4494.34,4489.29,4493.36,1311,23,1
1779244800,4493.35,4496.38,4491.48,4492.33,1153,23,1
1779245100,4492.34,4494.21,4489.94,4493.47,1149,23,1
1779245400,4493.48,4494.56,4490.25,4490.94,1104,23,1
1779245700,4490.94,4492.74,4488.19,4489.31,1127,23,1
1779246000,4489.34,4489.85,4482.65,4486.05,1808,20,1
1779246300,4486.05,4486.78,4479.68,4484.13,1967,23,1
1779246600,4484.14,4490.53,4481.73,4488.54,2092,23,1
1779246900,4488.54,4490.55,4482.56,4483.64,2172,23,1
1779247200,4483.67,4491.46,4481.29,4491.31,2260,23,1
1779247500,4491.32,4501.99,4490.16,4501.99,2357,23,1
1779247800,4502.00,4507.30,4500.25,4503.04,2315,23,1
1779248100,4503.04,4505.58,4499.78,4501.73,2180,23,1
1779248400,4501.77,4506.83,4501.17,4505.17,2173,23,1
1779248700,4505.19,4508.81,4503.13,4504.91,2083,23,1
1779249000,4504.87,4505.47,4500.62,4503.41,2041,23,1
1779249300,4503.46,4503.74,4498.07,4500.92,1915,23,1
1779249600,4500.89,4506.08,4489.87,4493.80,2564,23,1
1779249900,4493.84,4495.42,4487.99,4495.08,2340,23,1
1779250200,4495.08,4500.40,4491.27,4492.42,2294,23,1
1779250500,4492.42,4496.20,4491.77,4495.69,2219,23,1
1779250800,4495.75,4496.51,4483.16,4484.71,2239,23,1
1779251100,4484.71,4485.70,4472.80,4473.58,2393,23,1
1779251400,4473.58,4476.95,4467.73,4473.32,2511,23,1
1779251700,4473.34,4473.35,4456.06,4467.96,2537,23,1
1779252000,4467.99,4469.08,4461.66,4466.71,2470,23,1
1779252300,4466.72,4473.68,4463.09,4472.38,2398,23,1
1779252600,4472.39,4488.47,4472.31,4481.68,2587,23,1
1779252900,4481.66,4482.65,4478.67,4481.30,2258,23,1
1779253200,4481.30,4485.14,4480.23,4485.12,2263,23,1
1779253500,4485.11,4486.95,4478.54,4479.50,2238,23,1
1779253800,4479.50,4481.83,4476.12,4481.24,2187,23,1
1779254100,4481.26,4482.65,4476.45,4477.28,1974,23,1
1779254400,4477.25,4486.87,4476.50,4484.60,1965,23,1
1779254700,4484.61,4484.86,4479.34,4481.48,2052,23,1
1779255000,4481.47,4483.43,4465.79,4470.50,2490,23,1
1779255300,4470.51,4471.13,4465.67,4469.67,2424,23,1
1779255600,4469.71,4471.59,4460.67,4460.68,2234,23,1
1779255900,4460.68,4465.01,4459.64,4464.07,2252,23,1
1779256200,4464.32,4466.03,4461.85,4463.30,1975,23,1
1779256500,4463.30,4466.10,4458.51,4465.27,1967,23,1
1779256800,4465.25,4467.13,4460.04,4463.17,2075,23,1
1779257100,4463.17,4463.76,4453.59,4456.72,2193,23,1
1779257400,4456.72,4461.02,4456.03,4457.90,1951,23,1
1779257700,4457.92,4463.95,4457.18,4462.58,1809,23,1
1779258000,4462.58,4463.20,4460.27,4462.34,1618,23,1
1779258300,4462.35,4464.30,4459.83,4461.02,1881,23,1
1779258600,4461.04,4461.81,4457.59,4458.76,1958,23,1
1779258900,4458.76,4466.09,4458.64,4464.53,1819,23,1
1779259200,4464.53,4466.06,4460.31,4460.62,1753,23,1
1779259500,4460.61,4461.45,4458.19,4459.61,1567,23,1
1779259800,4459.65,4461.51,4458.64,4460.18,1336,23,1
1779260100,4460.47,4465.20,4460.09,4463.66,1443,23,1
1779260400,4463.66,4470.12,4463.28,4468.76,1825,23,1
1779260700,4468.76,4469.38,4466.71,4467.66,1339,23,1
1779261000,4467.66,4469.59,4465.31,4469.20,1467,23,1
1779261300,4469.20,4470.66,4465.56,4465.86,1463,23,1
1779261600,4465.80,4467.08,4463.26,4466.84,1645,23,1
1779261900,4466.82,4467.23,4462.43,4465.10,1504,23,1
1779262200,4465.19,4465.89,4462.00,4462.78,1523,23,1
1779262500,4462.76,4465.67,4460.68,4464.12,1622,23,1
1779262800,4464.12,4465.60,4460.64,4463.08,1490,23,1
1779263100,4463.07,4463.20,4456.77,4459.87,1576,23,1
1779263400,4459.88,4463.06,4459.39,4461.24,1516,23,1
1779263700,4461.25,4462.78,4459.98,4461.99,1157,23,1
1779264000,4461.98,4471.62,4461.66,4471.06,1810,23,1
1779264300,4471.06,4472.85,4467.65,4468.56,1650,23,1
1779264600,4468.56,4469.83,4467.20,4469.40,1363,23,1
1779264900,4469.40,4471.94,4467.44,4471.47,1494,23,1
1779265200,4471.47,4475.30,4471.05,4471.07,1605,23,1
1779265500,4471.06,4471.66,4467.09,4468.32,1749,23,1
1779265800,4468.32,4478.94,4468.16,4477.03,2300,23,1
1779266100,4477.17,4478.64,4475.12,4476.76,2063,23,1
1779266400,4476.75,4478.10,4471.62,4472.30,1894,23,1
1779266700,4472.31,4472.43,4463.30,4465.41,2006,23,1
1779267000,4465.41,4472.42,4464.41,4471.39,1898,23,1
1779267300,4471.39,4475.27,4471.24,4472.75,1697,23,1
1779267600,4472.76,4477.58,4470.64,4472.81,2105,23,1
1779267900,4472.81,4474.25,4469.02,4469.63,2011,23,1
1779268200,4469.65,4471.67,4467.47,4471.67,1843,23,1
1779268500,4471.67,4478.38,4471.67,4477.16,2143,23,1
1779268800,4477.16,4477.63,4468.59,4468.68,2117,23,1
1779269100,4468.69,4474.48,4467.95,4471.91,2214,23,1
1779269400,4471.92,4472.52,4466.68,4466.87,2006,23,1
1779269700,4466.85,4468.35,4461.43,4466.68,2057,23,1
1779270000,4466.72,4467.05,4463.88,4467.02,1798,23,1
1779270300,4467.02,4474.92,4465.32,4473.88,1792,23,1
1779270600,4473.89,4478.42,4472.42,4474.83,2194,23,1
1779270900,4474.84,4475.79,4471.38,4474.35,1913,23,1
1779271200,4474.25,4479.00,4471.99,4477.36,2077,23,1
1779271500,4477.33,4483.56,4475.38,4483.18,1905,23,1
1779271800,4483.16,4485.23,4480.34,4481.18,1969,23,1
1779272100,4481.18,4481.20,4477.92,4478.78,1726,23,1
1779272400,4478.76,4484.13,4476.46,4480.28,1764,23,1
1779272700,4480.27,4483.42,4479.65,4482.75,1652,23,1
1779273000,4482.75,4485.98,4477.61,4478.13,1776,23,1
1779273300,4478.24,4481.08,4476.03,4480.32,1717,23,1
1779273600,4480.32,4483.71,4478.63,4481.32,1822,23,1
1779273900,4481.34,4482.01,4476.16,4477.96,1584,23,1
1779274200,4477.96,4479.11,4475.13,4479.11,1627,23,1
1779274500,4479.11,4479.84,4476.83,4478.60,1592,23,1
1779274800,4478.61,4481.47,4476.74,4481.17,1783,23,1
1779275100,4481.18,4483.19,4476.98,4478.91,1709,23,1
1779275400,4478.92,4484.18,4477.41,4482.40,1927,23,1
1779275700,4482.40,4483.99,4479.56,4481.75,1677,23,1
1779276000,4481.69,4486.47,4478.37,4484.29,2011,23,1
1779276300,4484.29,4486.08,4482.42,4486.05,1745,23,1
1779276600,4486.25,4489.40,4483.04,4483.13,1956,23,1
1779276900,4483.13,4484.44,4478.71,4483.54,1787,23,1
1779277200,4483.59,4483.73,4476.82,4479.23,1754,23,1
1779277500,4479.24,4483.12,4479.17,4481.77,1855,23,1
1779277800,4481.83,4489.48,4481.35,4489.16,1736,23,1
1779278100,4489.16,4490.15,4483.46,4484.10,1651,23,1
1779278400,4484.12,4486.01,4483.49,4484.53,1479,23,1
1779278700,4484.53,4486.12,4481.55,4482.06,1694,23,1
1779279000,4482.05,4482.46,4479.80,4480.24,1581,23,1
1779279300,4480.22,4482.47,4479.09,4482.44,1520,23,1
1779279600,4482.47,4483.61,4478.65,4479.37,1428,23,1
1779279900,4479.37,4479.50,4472.79,4474.18,1571,23,1
1779280200,4474.18,4482.85,4472.88,4482.35,1923,23,1
1779280500,4482.35,4483.37,4480.12,4483.32,1488,23,1
1779280800,4483.28,4484.81,4483.08,4483.20,1362,23,1
1779281100,4483.20,4484.45,4481.85,4483.11,1241,23,1
1779281400,4483.10,4490.21,4482.72,4489.43,1645,23,1
1779281700,4489.44,4491.07,4484.42,4484.93,1378,23,1
1779282000,4484.92,4487.48,4484.72,4485.95,1463,23,1
1779282300,4485.94,4492.24,4485.94,4489.77,1339,23,1
1779282600,4489.77,4490.97,4486.79,4487.97,1243,23,1
1779282900,4488.00,4491.17,4487.20,4488.25,1222,23,1
1779283200,4488.25,4492.62,4488.16,4491.49,1354,23,1
1779283500,4491.49,4492.20,4488.81,4488.96,1270,23,1
1779283800,4488.96,4492.50,4488.57,4492.50,1322,23,1
1779284100,4492.47,4497.01,4492.29,4495.73,1740,23,1
1779284400,4495.73,4496.78,4493.94,4494.26,1516,23,1
1779284700,4494.26,4495.84,4492.13,4492.52,1555,23,1
1779285000,4492.45,4495.05,4490.13,4494.65,1438,23,1
1779285300,4494.67,4494.79,4492.56,4494.67,1266,23,1
1779285600,4494.61,4496.72,4492.75,4494.26,1582,23,1
1779285900,4494.26,4495.86,4494.13,4494.61,1387,23,1
1779286200,4494.70,4496.18,4492.91,4493.04,1349,23,1
1779286500,4493.04,4496.48,4491.66,4491.96,1325,23,1
1779286800,4491.96,4496.47,4491.14,4495.90,1305,23,1
1779287100,4495.87,4501.10,4495.48,4500.02,1482,23,1
1779287400,4500.01,4500.32,4496.60,4498.68,1522,23,1
1779287700,4498.68,4499.15,4496.06,4497.48,1306,23,1
1779288000,4497.59,4498.41,4493.38,4495.25,1598,23,1
1779288300,4495.24,4496.77,4492.01,4493.12,1574,23,1
1779288600,4493.12,4498.14,4490.84,4498.14,1780,23,1
1779288900,4498.07,4499.52,4496.17,4499.14,1514,23,1
1779289200,4499.14,4501.10,4496.00,4496.51,1725,23,1
1779289500,4496.51,4500.01,4495.84,4497.56,1603,23,1
1779289800,4497.52,4497.79,4496.28,4496.53,1435,23,1
1779290100,4496.57,4497.06,4493.91,4494.33,1515,23,1
1779290400,4494.38,4496.93,4492.93,4496.30,1717,23,1
1779290700,4496.31,4499.44,4496.22,4499.41,1935,23,1
1779291000,4499.68,4504.35,4499.32,4503.63,2090,23,1
1779291300,4503.64,4504.63,4501.00,4503.77,1809,23,1
1779291600,4503.78,4504.58,4501.31,4502.87,1610,23,1
1779291900,4502.87,4505.42,4501.84,4503.04,1624,23,1
1779292200,4503.05,4503.05,4498.55,4498.67,1584,23,1
1779292500,4498.60,4498.75,4493.94,4496.20,1808,23,1
1779292800,4496.19,4501.22,4493.93,4497.66,2346,23,1
1779293100,4497.70,4501.74,4496.52,4498.72,2129,23,1
1779293400,4498.73,4506.20,4497.37,4505.21,2012,23,1
1779293700,4505.22,4505.31,4498.96,4499.25,2024,23,1
1779294000,4499.28,4500.35,4493.85,4494.28,1931,23,1
1779294300,4494.27,4494.92,4489.36,4489.36,2160,23,1
1779294600,4489.32,4493.04,4488.15,4491.58,2443,23,1
1779294900,4491.57,4492.92,4484.68,4485.30,2468,23,1
1779295200,4485.30,4490.26,4483.10,4489.93,2471,23,1
1779295500,4489.93,4492.00,4486.33,4487.04,2446,23,1
1779295800,4487.04,4489.42,4484.84,4485.99,2408,23,1
1779296100,4485.98,4486.34,4482.02,4483.03,2313,23,1
1779296400,4483.09,4485.13,4480.89,4481.43,2380,23,1
1779296700,4481.43,4481.60,4474.89,4476.14,2350,23,1
1779297000,4476.11,4480.36,4467.07,4476.86,2587,23,1
1779297300,4476.88,4503.63,4476.60,4498.65,2848,23,1
1779297600,4498.54,4510.87,4495.75,4502.61,2770,23,1
1779297900,4502.76,4507.08,4498.91,4506.87,2633,23,1
1779298200,4506.88,4528.51,4506.88,4524.61,2771,23,1
1779298500,4524.77,4526.99,4515.34,4523.63,2689,23,1
1779298800,4523.70,4523.97,4517.11,4520.57,2502,23,1
1779299100,4520.58,4524.20,4516.83,4521.83,2481,23,1
1779299400,4521.83,4529.82,4521.06,4529.55,2514,23,1
1779299700,4529.52,4537.28,4528.83,4531.31,2532,23,1
1779300000,4531.29,4535.73,4529.38,4530.65,2425,23,1
1779300300,4530.41,4531.85,4523.82,4526.30,2390,23,1
1779300600,4526.35,4526.92,4523.18,4524.49,2216,23,1
1779300900,4524.49,4552.70,4524.46,4543.32,2800,23,1
1779301200,4543.37,4545.36,4535.73,4536.32,2618,23,1
1779301500,4536.18,4537.27,4528.55,4529.39,2516,23,1
1779301800,4529.49,4534.98,4527.63,4534.88,2394,23,1
1779302100,4534.89,4539.13,4534.68,4537.66,2310,23,1
1779302400,4537.66,4539.40,4534.71,4536.85,2183,23,1
1779302700,4536.88,4537.75,4535.24,4537.16,2141,23,1
1779303000,4537.18,4537.80,4532.45,4533.36,2094,23,1
1779303300,4533.35,4534.07,4527.23,4529.12,2269,23,1
1779303600,4529.14,4532.26,4528.40,4532.05,1967,23,1
1779303900,4532.08,4535.22,4531.43,4533.36,1932,23,1
1779304200,4533.34,4534.82,4531.48,4533.75,1895,23,1
1779304500,4533.73,4533.75,4529.58,4530.78,1874,23,1
1779304800,4530.79,4531.28,4525.05,4526.08,2249,23,1
1779305100,4526.06,4527.57,4524.13,4525.91,2077,23,1
1779305400,4525.97,4529.44,4524.16,4525.74,2023,23,1
1779305700,4525.75,4528.58,4525.37,4527.40,1847,23,1
1779306000,4527.42,4533.65,4527.31,4533.60,1987,23,1
1779306300,4533.77,4534.94,4530.18,4532.25,2089,23,1
1779306600,4532.25,4533.37,4530.99,4532.68,1829,23,1
1779306900,4532.68,4535.40,4531.22,4534.44,1806,23,1
1779307200,4534.45,4534.85,4531.47,4532.08,1831,23,1
1779307500,4532.06,4535.64,4531.32,4535.62,1698,23,1
1779307800,4535.62,4538.18,4533.34,4534.38,1926,23,1
1779308100,4534.36,4535.64,4533.05,4535.13,1886,23,1
1779308400,4535.12,4536.83,4533.12,4533.87,1911,23,1
1779308700,4533.91,4536.37,4530.92,4532.39,1980,23,1
1779309000,4532.40,4535.00,4529.93,4530.92,1814,23,1
1779309300,4530.93,4536.47,4530.19,4536.01,1883,23,1
1779309600,4535.91,4536.05,4532.98,4533.14,1480,23,1
1779309900,4533.12,4535.23,4532.33,4533.60,1529,23,1
1779310200,4533.60,4534.45,4531.94,4531.95,1423,23,1
1779310500,4531.96,4532.51,4530.23,4531.47,1353,23,1
1779310800,4531.41,4533.01,4529.52,4532.35,1559,23,1
1779311100,4532.36,4533.63,4530.51,4532.94,1594,23,1
1779311400,4532.94,4533.97,4532.28,4532.88,1491,23,1
1779311700,4532.87,4536.62,4532.85,4536.21,1635,23,1
1779312000,4536.21,4536.54,4532.76,4533.61,1661,23,1
1779312300,4533.63,4535.13,4531.90,4534.99,1869,23,1
1779312600,4534.99,4539.74,4534.97,4539.64,1533,23,1
1779312900,4539.72,4543.44,4539.72,4542.88,1527,23,1
1779313200,4542.89,4543.18,4537.03,4537.06,1571,23,1
1779313500,4537.15,4540.63,4536.82,4539.71,1645,23,1
1779313800,4539.71,4543.23,4539.19,4542.02,1536,23,1
1779314100,4542.02,4545.05,4541.86,4542.36,1545,23,1
1779314400,4542.35,4544.68,4542.04,4542.64,1498,23,1
1779314700,4542.61,4544.17,4541.74,4543.27,1403,23,1
1779315000,4543.28,4545.23,4542.87,4543.84,1335,23,1
1779315300,4543.84,4545.73,4543.65,4545.70,1402,23,1
1779315600,4545.70,4546.01,4543.32,4544.18,1350,23,1
1779315900,4544.18,4545.64,4543.72,4545.08,1332,23,1
1779316200,4545.08,4547.26,4545.08,4545.58,1424,23,1
1779316500,4545.58,4550.05,4545.30,4548.22,1481,23,1
1779316800,4548.23,4549.32,4545.51,4546.40,1532,23,1
1779317100,4546.40,4547.64,4545.60,4546.30,1437,23,1
1779317400,4546.31,4548.48,4545.41,4547.98,1805,23,1
1779317700,4548.02,4548.40,4545.42,4545.77,1893,23,1
1779318000,4545.77,4548.01,4545.66,4546.77,1401,23,1
1779318300,4546.77,4547.01,4545.39,4546.33,934,23,1
1779318600,4546.33,4550.37,4545.76,4546.69,1030,23,1
1779318900,4546.69,4548.28,4545.43,4547.20,1085,23,1
1779319200,4547.25,4547.25,4543.16,4545.24,1829,23,1
1779319500,4545.26,4546.58,4545.09,4545.67,1468,23,1
1779319800,4545.67,4546.30,4543.63,4544.00,1361,24,1
1779320100,4544.03,4544.99,4543.15,4543.76,1038,28,1
1779320400,4543.76,4544.20,4542.69,4543.43,1113,28,1
1779320700,4543.39,4544.63,4542.34,4542.88,1084,28,1
1779321000,4542.91,4544.05,4541.99,4542.84,865,28,1
1779321300,4542.92,4543.81,4542.49,4543.78,565,28,1
1779325200,4545.58,4548.68,4543.07,4544.44,1221,28,1
1779325500,4544.44,4546.81,4539.52,4539.76,1169,28,1
1779325800,4539.61,4542.53,4538.71,4540.06,1343,28,1
1779326100,4540.07,4540.45,4537.23,4537.75,1201,28,1
1779326400,4537.73,4538.51,4535.24,4536.92,1273,28,1
1779326700,4536.93,4539.22,4536.33,4538.84,859,28,1
1779327000,4538.83,4542.51,4538.66,4541.24,1080,23,1
1779327300,4541.24,4543.43,4540.60,4542.72,811,23,1
1779327600,4542.71,4543.12,4540.49,4542.19,817,23,1
1779327900,4542.17,4544.64,4540.60,4541.36,999,23,1
1779328200,4541.36,4542.18,4537.24,4540.84,1235,23,1
1779328500,4540.84,4541.82,4537.79,4539.90,1070,23,1
1779328800,4539.91,4542.08,4539.91,4542.07,727,23,1
1779329100,4542.07,4543.13,4538.66,4538.66,899,23,1
1779329400,4538.66,4540.38,4537.98,4539.87,789,23,1
1779329700,4539.88,4540.67,4538.91,4539.05,772,23,1
1779330000,4539.05,4539.26,4536.42,4537.24,1043,23,1
1779330300,4537.24,4538.50,4534.61,4538.42,1071,23,1
1779330600,4538.45,4541.18,4537.97,4539.98,1095,23,1
1779330900,4539.98,4545.40,4539.86,4545.39,850,23,1
1779331200,4545.40,4545.40,4542.50,4542.90,920,23,1
1779331500,4542.91,4547.28,4541.88,4545.20,1212,23,1
1779331800,4545.22,4545.40,4542.86,4544.88,1006,23,1
1779332100,4544.89,4546.54,4543.99,4546.51,1056,23,1
1779332400,4546.57,4548.63,4540.28,4542.47,2031,20,1
1779332700,4542.48,4545.05,4540.26,4544.41,1969,23,1
1779333000,4544.41,4545.58,4542.91,4544.91,1964,23,1
1779333300,4544.91,4553.20,4539.99,4546.00,2139,23,1
1779333600,4545.99,4546.51,4539.22,4541.34,1886,23,1
1779333900,4541.23,4545.10,4537.34,4543.68,1777,23,1
1779334200,4543.68,4545.05,4539.67,4544.41,1663,23,1
1779334500,4544.45,4545.04,4542.34,4542.44,1500,23,1
1779334800,4542.44,4543.96,4541.45,4543.73,1274,23,1
1779335100,4543.73,4544.91,4542.03,4544.39,1399,23,1
1779335400,4544.39,4548.75,4543.66,4547.71,1338,23,1
1779335700,4547.78,4548.25,4544.96,4545.31,1502,23,1
1779336000,4545.32,4549.35,4539.88,4543.72,2419,23,1
1779336300,4543.77,4550.91,4541.09,4549.65,2095,23,1
1779336600,4549.65,4560.04,4549.48,4559.87,2258,23,1
1779336900,4559.88,4561.17,4558.35,4559.53,2032,23,1
1779337200,4559.53,4567.77,4557.29,4565.13,2000,23,1
1779337500,4565.13,4567.57,4560.53,4567.15,1926,23,1
1779337800,4566.99,4569.20,4561.99,4562.85,2163,23,1
1779338100,4562.85,4566.89,4561.64,4565.64,1892,23,1
1779338400,4565.65,4570.68,4565.61,4567.74,1832,23,1
1779338700,4567.74,4568.28,4565.53,4565.54,1750,23,1
1779339000,4565.37,4565.79,4559.00,4559.91,1971,23,1
1779339300,4559.88,4561.93,4559.41,4560.99,1989,23,1
1779339600,4561.01,4564.89,4556.87,4557.17,1826,23,1
1779339900,4557.17,4559.59,4555.29,4555.89,1987,23,1
1779340200,4555.85,4555.88,4550.72,4551.80,1909,23,1
1779340500,4551.79,4553.15,4547.23,4548.92,1752,23,1
1779340800,4548.92,4549.51,4546.16,4547.80,1637,23,1
1779341100,4547.96,4548.51,4539.68,4540.29,1630,23,1
1779341400,4540.34,4542.30,4534.02,4536.97,2140,23,1
1779341700,4536.97,4541.63,4536.97,4539.87,1650,23,1
1779342000,4539.77,4540.17,4534.30,4536.36,1929,23,1
1779342300,4536.37,4537.25,4531.50,4534.36,1810,23,1
1779342600,4534.37,4536.56,4533.27,4533.89,1692,23,1
1779342900,4533.90,4536.00,4532.59,4533.28,1801,23,1
1779343200,4533.28,4535.25,4531.53,4534.87,1757,23,1
1779343500,4534.85,4537.63,4534.33,4537.16,1565,23,1
1779343800,4537.16,4538.96,4536.59,4537.86,1411,23,1
1779344100,4537.90,4538.06,4533.02,4535.46,1506,23,1
1779344400,4535.46,4540.25,4535.43,4537.73,1545,23,1
1779344700,4537.71,4538.27,4534.22,4535.76,1510,23,1
1779345000,4535.77,4537.28,4533.39,4534.26,1271,23,1
1779345300,4534.26,4534.63,4531.84,4532.60,1235,23,1
1779345600,4532.60,4536.17,4531.92,4534.00,1227,23,1
1779345900,4534.01,4534.40,4531.67,4531.86,1056,23,1
1779346200,4531.86,4532.02,4527.20,4528.22,1313,23,1
1779346500,4528.20,4529.71,4527.28,4528.33,1436,23,1
1779346800,4528.23,4532.92,4527.38,4531.95,1239,23,1
1779347100,4531.98,4533.63,4530.96,4532.60,1195,23,1
1779347400,4532.61,4536.48,4532.40,4536.09,1029,23,1
1779347700,4536.07,4536.45,4534.43,4534.51,1150,23,1
1779348000,4534.53,4537.13,4534.42,4536.73,945,23,1
1779348300,4536.72,4540.12,4536.72,4539.75,1237,23,1
1779348600,4539.80,4540.26,4536.48,4536.84,1204,23,1
1779348900,4536.84,4537.38,4533.85,4537.13,1191,23,1
1779349200,4537.13,4538.17,4536.31,4537.18,980,23,1
1779349500,4537.18,4537.24,4535.47,4536.29,950,23,1
1779349800,4536.29,4538.72,4535.81,4535.98,1011,23,1
1779350100,4535.99,4539.27,4535.99,4538.45,1173,23,1
1779350400,4538.46,4540.30,4536.71,4538.08,1360,23,1
1779350700,4538.07,4538.43,4530.98,4531.68,1578,23,1
1779351000,4531.68,4533.25,4529.73,4530.75,1598,23,1
1779351300,4530.71,4531.08,4526.14,4527.07,1460,23,1
1779351600,4527.07,4527.39,4524.90,4525.02,1427,23,1
1779351900,4525.01,4528.13,4521.55,4522.84,1770,23,1
1779352200,4522.82,4527.01,4518.49,4525.80,2186,23,1
1779352500,4525.80,4527.20,4521.41,4525.67,1953,23,1
1779352800,4525.66,4526.80,4524.31,4525.95,1826,23,1
1779353100,4525.95,4526.76,4518.57,4523.03,2006,23,1
1779353400,4523.27,4529.95,4522.77,4529.73,1898,23,1
1779353700,4529.69,4529.72,4525.79,4527.91,1755,23,1
1779354000,4527.91,4535.41,4526.66,4533.54,1829,23,1
1779354300,4533.55,4535.21,4531.16,4531.20,1655,23,1
1779354600,4531.22,4532.41,4527.31,4531.51,1960,23,1
1779354900,4531.46,4532.86,4528.56,4530.44,1848,23,1
1779355200,4530.44,4539.89,4529.55,4534.24,2107,23,1
1779355500,4534.18,4535.33,4529.97,4533.09,1886,23,1
1779355800,4533.09,4535.04,4528.12,4529.73,1940,23,1
1779356100,4529.73,4531.33,4527.39,4527.62,1894,23,1
1779356400,4527.70,4528.00,4522.97,4524.93,1808,23,1
1779356700,4524.94,4526.34,4521.96,4523.82,1835,23,1
1779357000,4523.82,4524.21,4520.50,4522.49,2099,23,1
1779357300,4522.51,4523.30,4518.87,4521.54,2085,23,1
1779357600,4521.51,4524.37,4519.15,4520.80,2045,23,1
1779357900,4520.81,4522.63,4518.17,4521.95,1799,23,1
1779358200,4521.94,4522.25,4519.14,4520.53,1802,23,1
1779358500,4520.53,4521.48,4517.42,4521.17,1943,23,1
1779358800,4521.15,4523.45,4517.37,4518.16,1802,23,1
1779359100,4518.16,4518.85,4512.00,4512.88,1857,23,1
1779359400,4512.86,4517.29,4512.08,4516.76,1718,23,1
1779359700,4516.67,4517.36,4514.49,4515.41,1602,23,1
1779360000,4515.43,4517.13,4514.27,4516.39,1384,23,1
1779360300,4516.38,4518.17,4514.25,4518.17,1315,23,1
1779360600,4518.16,4523.31,4515.78,4520.96,1633,23,1
1779360900,4520.98,4522.77,4519.57,4519.65,1398,23,1
1779361200,4519.64,4523.72,4518.31,4523.37,1774,23,1
1779361500,4523.36,4529.13,4522.30,4528.66,1869,23,1
1779361800,4528.58,4535.67,4527.65,4534.18,2174,23,1
1779362100,4534.24,4536.77,4530.09,4530.32,2215,23,1
1779362400,4530.34,4533.07,4529.64,4532.89,1856,23,1
1779362700,4532.90,4536.77,4529.25,4535.77,1870,23,1
1779363000,4535.69,4535.69,4528.26,4529.48,1972,23,1
1779363300,4529.48,4531.25,4526.63,4528.06,1729,23,1
1779363600,4528.06,4532.42,4527.98,4529.10,1591,23,1
1779363900,4529.10,4532.88,4528.28,4530.59,1810,23,1
1779364200,4530.58,4532.72,4530.01,4532.45,1670,23,1
1779364500,4532.44,4534.58,4532.32,4532.55,1761,23,1
1779364800,4532.53,4533.97,4532.02,4532.28,1734,23,1
1779365100,4532.29,4535.99,4531.80,4533.73,1862,23,1
1779365400,4533.72,4540.45,4533.22,4537.76,1768,23,1
1779365700,4537.75,4541.01,4536.41,4540.59,1699,23,1
1779366000,4540.56,4542.54,4537.19,4537.36,1773,23,1
1779366300,4537.36,4539.52,4535.43,4536.91,1638,23,1
1779366600,4536.93,4542.94,4533.83,4535.21,1840,23,1
1779366900,4535.23,4536.70,4532.57,4532.61,1572,23,1
1779367200,4532.62,4534.72,4529.65,4529.85,1668,23,1
1779367500,4529.85,4531.97,4527.77,4531.44,1581,23,1
1779367800,4531.43,4533.06,4531.34,4532.69,1222,23,1
1779368100,4532.70,4533.08,4529.79,4530.63,1335,23,1
1779368400,4530.63,4533.53,4530.08,4533.53,1462,23,1
1779368700,4533.49,4535.22,4530.72,4534.89,1626,23,1
1779369000,4534.81,4535.24,4529.98,4532.69,1612,23,1
1779369300,4532.67,4534.69,4530.76,4534.45,1768,23,1
1779369600,4534.45,4534.53,4532.08,4534.26,1397,23,1
1779369900,4534.23,4534.70,4510.82,4517.99,2605,23,1
1779370200,4518.05,4518.39,4508.20,4514.53,2516,23,1
1779370500,4514.54,4517.96,4507.61,4508.77,2335,23,1
1779370800,4508.81,4518.09,4505.04,4516.96,2379,23,1
1779371100,4516.95,4517.85,4513.84,4516.64,2201,23,1
1779371400,4516.60,4517.29,4510.91,4515.75,2109,23,1
1779371700,4515.75,4516.34,4510.81,4511.50,2163,23,1
1779372000,4511.53,4520.01,4510.71,4516.62,2232,23,1
1779372300,4516.25,4518.24,4515.01,4516.76,1987,23,1
1779372600,4516.75,4518.15,4515.16,4516.30,1796,23,1
1779372900,4516.31,4519.80,4515.69,4519.19,1613,23,1
1779373200,4519.19,4521.23,4514.91,4515.92,1961,23,1
1779373500,4515.91,4515.91,4512.50,4514.07,1731,23,1
1779373800,4514.05,4515.89,4510.33,4510.76,1562,23,1
1779374100,4510.65,4512.17,4508.08,4510.75,1793,23,1
1779374400,4510.74,4514.13,4510.37,4512.20,1644,23,1
1779374700,4512.20,4515.08,4511.83,4513.00,1457,23,1
1779375000,4513.28,4517.33,4512.73,4514.24,1575,23,1
1779375300,4514.24,4514.32,4510.87,4514.06,1824,23,1
1779375600,4514.03,4516.82,4514.02,4515.47,1793,23,1
1779375900,4515.45,4518.31,4513.70,4518.06,1896,23,1
1779376200,4517.99,4519.25,4513.68,4514.60,1800,23,1
1779376500,4514.62,4514.69,4509.74,4512.50,1843,23,1
1779376800,4512.51,4512.87,4506.15,4506.63,2063,23,1
1779377100,4506.64,4507.95,4504.44,4507.12,1819,23,1
1779377400,4507.09,4517.81,4505.63,4514.64,2201,23,1
1779377700,4514.65,4517.04,4508.72,4511.97,2321,23,1
1779378000,4511.91,4515.07,4510.22,4514.98,2075,23,1
1779378300,4514.98,4518.08,4509.77,4510.22,1968,23,1
1779378600,4510.20,4510.85,4507.35,4508.09,2021,23,1
1779378900,4508.10,4509.65,4502.43,4504.09,2103,23,1
1779379200,4504.09,4512.24,4499.53,4512.13,2440,23,1
1779379500,4512.13,4512.70,4501.80,4504.75,2300,23,1
1779379800,4504.76,4505.24,4500.87,4502.28,2262,23,1
1779380100,4502.28,4505.49,4496.98,4499.10,2258,23,1
1779380400,4499.06,4502.83,4496.75,4498.23,2292,23,1
1779380700,4498.20,4500.40,4495.46,4500.40,2146,23,1
1779381000,4500.68,4501.01,4490.14,4494.03,2530,23,1
1779381300,4494.01,4495.75,4488.59,4492.08,2569,23,1
1779381600,4492.08,4502.68,4491.98,4497.92,2476,23,1
1779381900,4498.13,4503.48,4494.92,4500.11,2527,23,1
1779382200,4500.11,4521.07,4499.46,4518.18,2672,23,1
1779382500,4518.08,4520.67,4511.81,4513.26,2639,23,1
1779382800,4513.31,4515.39,4505.55,4507.36,2560,23,1
1779383100,4507.33,4510.30,4502.61,4505.10,2454,23,1
1779383400,4505.15,4509.90,4503.73,4508.15,2369,23,1
1779383700,4508.14,4509.23,4498.65,4502.11,2556,23,1
1779384000,4502.09,4503.92,4498.15,4502.17,2498,23,1
1779384300,4502.18,4507.74,4501.35,4507.41,2366,23,1
1779384600,4507.41,4509.99,4505.13,4507.20,2376,23,1
1779384900,4507.19,4511.29,4506.56,4508.72,2322,23,1
1779385200,4508.72,4509.08,4502.54,4504.81,2311,23,1
1779385500,4504.79,4509.49,4501.81,4504.22,2409,23,1
1779385800,4504.23,4509.40,4501.97,4509.14,2414,23,1
1779386100,4509.11,4510.51,4507.16,4508.87,2396,23,1
1779386400,4508.87,4510.06,4503.17,4504.67,2359,23,1
1779386700,4504.73,4505.28,4496.69,4501.62,2526,23,1
1779387000,4501.60,4515.31,4499.57,4510.03,2546,23,1
1779387300,4510.07,4511.56,4507.17,4508.15,2413,23,1
1779387600,4508.14,4509.89,4503.15,4504.47,2243,23,1
1779387900,4504.47,4505.28,4502.26,4503.30,2143,23,1
1779388200,4503.39,4508.74,4502.58,4507.32,2125,23,1
1779388500,4507.28,4509.79,4506.66,4509.28,2031,23,1
1779388800,4509.28,4509.52,4506.48,4506.78,1909,23,1
1779389100,4506.95,4510.49,4506.64,4510.35,1839,23,1
1779389400,4510.58,4512.62,4509.54,4510.93,1838,23,1
1779389700,4510.93,4512.67,4509.39,4511.90,1828,23,1
1779390000,4511.97,4518.95,4511.97,4515.56,2198,23,1
1779390300,4515.56,4520.73,4515.08,4519.78,2218,23,1
1779390600,4519.80,4520.06,4514.85,4517.20,2187,23,1
1779390900,4517.18,4518.65,4514.52,4518.56,1986,23,1
1779391200,4518.57,4518.84,4515.51,4516.89,2018,23,1
1779391500,4516.95,4517.90,4515.96,4516.54,1940,23,1
1779391800,4516.54,4518.96,4516.20,4518.09,1912,23,1
1779392100,4518.11,4519.34,4516.07,4516.69,1859,23,1
1779392400,4516.68,4518.27,4515.52,4518.06,1526,23,1
1779392700,4518.07,4520.23,4517.18,4517.34,1747,23,1
1779393000,4517.35,4518.96,4516.26,4517.46,1691,23,1
1779393300,4517.46,4519.59,4516.98,4519.46,1715,23,1
1779393600,4519.46,4521.77,4516.13,4516.32,2026,23,1
1779393900,4516.31,4518.40,4514.15,4517.97,1761,23,1
1779394200,4517.95,4531.67,4517.89,4526.14,2658,23,1
1779394500,4526.43,4540.56,4526.15,4535.20,2689,23,1
1779394800,4535.20,4546.30,4533.30,4536.77,2690,23,1
1779395100,4536.74,4542.00,4535.56,4541.73,2405,23,1
1779395400,4541.63,4548.99,4538.70,4542.19,2438,23,1
1779395700,4542.33,4544.93,4541.87,4542.37,2243,23,1
1779396000,4542.39,4548.20,4542.34,4548.20,2234,23,1
1779396300,4548.21,4553.52,4544.94,4553.33,2232,23,1
1779396600,4553.33,4557.80,4551.65,4556.61,2330,23,1
1779396900,4556.64,4559.31,4551.30,4551.48,2380,23,1
1779397200,4551.48,4556.11,4543.91,4544.42,2393,23,1
1779397500,4544.39,4549.69,4543.04,4548.72,2371,23,1
1779397800,4548.73,4549.26,4544.31,4546.02,2257,23,1
1779398100,4546.01,4549.70,4544.35,4549.40,2146,23,1
1779398400,4549.40,4550.65,4546.71,4550.29,2089,23,1
1779398700,4550.28,4550.60,4547.06,4548.25,2070,23,1
1779399000,4548.41,4549.45,4545.10,4546.50,1885,23,1
1779399300,4546.45,4546.49,4542.79,4543.40,1898,23,1
1779399600,4543.37,4547.10,4542.84,4545.28,1851,23,1
1779399900,4545.29,4546.04,4535.81,4538.24,2065,23,1
1779400200,4538.24,4541.64,4527.80,4527.84,2521,23,1
1779400500,4527.80,4531.98,4527.48,4531.93,2544,23,1
1779400800,4531.92,4537.16,4531.56,4535.79,2267,23,1
1779401100,4535.78,4537.28,4529.79,4536.65,2199,23,1
1779401400,4536.65,4537.83,4534.33,4537.83,1903,23,1
1779401700,4537.83,4541.43,4537.79,4541.40,1753,23,1
1779402000,4541.40,4542.07,4539.03,4539.52,1705,23,1
1779402300,4539.52,4540.43,4537.72,4538.83,1737,23,1
1779402600,4538.82,4540.71,4538.66,4539.26,1735,23,1
1779402900,4539.18,4542.51,4539.18,4542.16,1564,23,1
1779403200,4542.16,4543.29,4539.18,4539.33,1709,23,1
1779403500,4539.34,4542.10,4539.02,4541.65,1601,23,1
1779403800,4541.58,4543.11,4534.66,4536.38,1959,23,1
1779404100,4536.38,4543.75,4535.45,4543.02,2292,23,1
1779404400,4543.00,4544.14,4541.22,4541.95,1550,23,1
1779404700,4542.03,4544.78,4541.16,4541.38,1251,23,1
1779405000,4541.39,4543.17,4541.15,4542.52,938,23,1
1779405300,4542.52,4542.52,4541.20,4541.74,866,23,1
1779405600,4541.73,4542.68,4540.60,4540.86,840,23,1
1779405900,4540.86,4541.37,4540.24,4541.31,707,23,1
1779406200,4541.29,4542.16,4540.43,4541.00,661,28,1
1779406500,4540.89,4541.94,4540.30,4541.53,589,28,1
1779406800,4541.49,4541.82,4540.36,4540.68,564,28,1
1779407100,4540.69,4541.23,4540.33,4540.50,698,28,1
1779407400,4540.49,4542.01,4539.78,4541.73,759,28,1
1779407700,4541.73,4542.69,4541.56,4542.57,470,28,1
1779411600,4544.86,4545.99,4540.89,4544.83,913,28,1
1779411900,4544.83,4544.83,4540.44,4540.49,1200,28,1
1779412200,4540.49,4543.29,4539.89,4541.88,634,28,1
1779412500,4541.88,4543.21,4541.56,4542.52,794,28,1
1779412800,4542.52,4542.55,4541.60,4541.84,678,28,1
1779413100,4541.81,4541.86,4539.99,4541.12,852,28,1
1779413400,4541.12,4541.58,4540.48,4540.87,513,23,1
1779413700,4540.87,4541.55,4539.73,4540.34,614,23,1
1779414000,4540.38,4543.68,4540.23,4542.67,879,23,1
1779414300,4542.65,4543.28,4541.85,4542.12,567,23,1
1779414600,4542.15,4542.36,4541.00,4541.01,614,23,1
1779414900,4541.01,4543.36,4540.88,4543.35,752,23,1
1779415200,4543.32,4545.09,4543.03,4543.59,825,23,1
1779415500,4543.59,4543.90,4542.69,4543.35,613,23,1
1779415800,4543.35,4544.31,4542.89,4543.80,649,23,1
1779416100,4543.80,4544.46,4541.31,4541.61,768,23,1
1779416400,4541.59,4541.84,4537.92,4539.20,845,23,1
1779416700,4539.20,4541.22,4538.95,4540.57,587,23,1
1779417000,4540.57,4540.57,4536.84,4537.69,889,23,1
1779417300,4537.68,4538.03,4535.64,4537.69,815,23,1
1779417600,4537.68,4537.92,4532.96,4533.49,1098,23,1
1779417900,4533.38,4536.02,4532.61,4535.88,1161,23,1
1779418200,4535.88,4536.56,4532.67,4532.92,1050,23,1
1779418500,4532.94,4535.94,4532.91,4535.45,937,23,1
1779418800,4535.48,4536.89,4530.96,4532.07,1731,20,1
1779419100,4532.07,4534.46,4531.61,4533.66,1679,23,1
1779419400,4533.66,4533.66,4531.38,4531.39,1607,23,1
1779419700,4531.37,4534.14,4530.32,4532.24,1631,23,1
1779420000,4532.28,4537.31,4531.97,4534.10,1611,23,1
1779420300,4534.08,4536.52,4533.06,4536.29,1373,23,1
1779420600,4536.29,4538.75,4535.80,4537.04,1505,23,1
1779420900,4536.98,4541.05,4536.27,4540.15,1499,23,1
1779421200,4540.15,4540.86,4537.34,4537.98,1453,23,1
1779421500,4537.95,4538.90,4533.99,4534.67,1418,23,1
1779421800,4534.71,4536.05,4527.56,4529.15,1640,23,1
1779422100,4529.19,4530.60,4525.65,4526.73,1660,23,1
1779422400,4526.79,4536.27,4526.12,4530.00,2379,23,1
1779422700,4530.00,4530.99,4523.37,4525.35,2149,23,1
1779423000,4525.34,4529.92,4524.56,4529.66,1826,23,1
1779423300,4529.65,4532.78,4528.52,4531.49,1782,23,1
1779423600,4531.49,4533.43,4527.65,4528.20,1738,23,1
1779423900,4528.20,4532.06,4526.35,4529.24,1664,23,1
1779424200,4529.24,4529.84,4524.28,4525.71,1861,23,1
1779424500,4525.69,4526.49,4521.95,4523.05,1922,23,1
1779424800,4523.09,4527.66,4521.09,4525.09,1950,23,1
1779425100,4525.14,4529.08,4524.82,4527.87,1892,23,1
1779425400,4527.90,4531.90,4526.72,4527.42,1857,23,1
1779425700,4527.42,4527.81,4525.20,4526.35,1839,23,1
1779426000,4526.36,4528.52,4524.86,4526.93,1792,23,1
1779426300,4526.91,4526.98,4521.49,4525.92,1904,23,1
1779426600,4525.97,4529.39,4524.90,4527.55,1595,23,1
1779426900,4527.54,4529.06,4523.87,4523.97,1332,23,1
1779427200,4524.01,4525.92,4522.68,4524.19,1308,23,1
1779427500,4524.18,4525.44,4523.52,4524.62,1180,23,1
1779427800,4524.62,4524.62,4518.59,4520.06,1963,23,1
1779428100,4520.10,4522.54,4519.75,4521.91,1523,23,1
1779428400,4521.96,4524.51,4521.47,4522.59,1572,23,1
1779428700,4522.59,4525.12,4522.13,4525.00,1505,23,1
1779429000,4525.01,4527.08,4521.98,4522.17,1564,23,1
1779429300,4522.18,4523.33,4519.55,4523.20,1662,23,1
1779429600,4523.20,4525.12,4521.52,4524.99,1647,23,1
1779429900,4524.99,4525.21,4521.21,4522.33,1521,23,1
1779430200,4522.33,4524.57,4520.55,4521.10,1297,23,1
1779430500,4521.10,4522.77,4520.04,4521.67,1475,23,1
1779430800,4521.67,4522.93,4519.98,4520.52,1428,23,1
1779431100,4520.56,4522.21,4519.20,4521.74,1298,23,1
1779431400,4521.75,4526.10,4521.75,4524.02,1546,23,1
1779431700,4524.03,4525.90,4523.00,4524.61,950,23,1
1779432000,4524.67,4527.67,4523.57,4526.92,1063,23,1
1779432300,4526.91,4529.97,4526.77,4529.27,1057,23,1
1779432600,4529.26,4529.46,4526.38,4527.50,1025,23,1
1779432900,4527.50,4529.53,4527.20,4529.46,866,23,1
1779433200,4529.45,4530.06,4528.31,4528.58,946,23,1
1779433500,4528.58,4530.03,4528.20,4528.45,1147,23,1
1779433800,4528.49,4529.93,4527.83,4529.18,1042,23,1
1779434100,4529.18,4530.02,4528.12,4528.23,920,23,1
1779434400,4528.23,4529.32,4527.63,4528.15,962,23,1
1779434700,4528.14,4532.97,4527.97,4532.27,1116,23,1
1779435000,4532.27,4532.75,4529.69,4530.02,1131,23,1
1779435300,4530.02,4530.16,4526.16,4526.53,1166,23,1
1779435600,4526.52,4529.30,4525.46,4529.08,1112,23,1
1779435900,4529.07,4529.36,4528.19,4528.37,832,23,1
1779436200,4528.39,4530.18,4528.21,4528.90,817,23,1
1779436500,4528.89,4529.38,4527.09,4527.24,941,23,1
1779436800,4527.23,4529.61,4523.64,4525.66,1341,23,1
1779437100,4525.66,4527.75,4525.58,4526.57,1046,23,1
1779437400,4526.57,4526.79,4525.13,4525.48,973,23,1
1779437700,4525.39,4526.47,4523.43,4526.18,1114,23,1
1779438000,4526.16,4528.84,4525.82,4527.10,1125,23,1
1779438300,4527.09,4529.10,4525.91,4526.07,1197,23,1
1779438600,4526.06,4531.24,4525.11,4528.73,1896,23,1
1779438900,4528.74,4534.02,4528.28,4533.79,1750,23,1
1779439200,4533.79,4534.16,4531.40,4534.07,1816,23,1
1779439500,4534.09,4534.23,4531.07,4532.54,1452,23,1
1779439800,4532.44,4534.20,4528.58,4528.85,1608,23,1
1779440100,4528.86,4528.89,4507.42,4511.22,2447,23,1
1779440400,4511.24,4519.26,4510.13,4518.88,2367,23,1
1779440700,4518.89,4523.21,4518.46,4522.67,2145,23,1
1779441000,4522.68,4524.31,4521.13,4521.59,2003,23,1
1779441300,4521.54,4522.93,4516.39,4518.76,2053,23,1
1779441600,4518.76,4525.48,4517.22,4522.65,1908,23,1
1779441900,4522.65,4526.05,4521.99,4525.22,1873,23,1
1779442200,4525.23,4527.38,4523.20,4525.79,1903,23,1
1779442500,4525.76,4526.97,4522.76,4523.04,1633,23,1
1779442800,4523.04,4526.61,4521.63,4526.60,1594,23,1
1779443100,4526.60,4528.90,4525.20,4527.16,1648,23,1
1779443400,4527.14,4528.19,4523.86,4525.04,1678,23,1
1779443700,4525.05,4527.66,4524.98,4526.84,1762,23,1
1779444000,4526.84,4527.09,4522.91,4526.08,1929,23,1
1779444300,4526.08,4526.47,4522.79,4525.32,1722,23,1
1779444600,4525.32,4526.12,4521.47,4522.42,1608,23,1
1779444900,4522.42,4525.56,4522.28,4524.97,1551,23,1
1779445200,4524.95,4527.30,4524.54,4526.45,1422,23,1
1779445500,4526.45,4527.38,4524.38,4525.85,1447,23,1
1779445800,4525.83,4525.87,4521.37,4522.60,1757,23,1
1779446100,4522.54,4523.38,4517.30,4517.33,1760,23,1
1779446400,4517.19,4520.87,4516.13,4519.89,1657,23,1
1779446700,4519.89,4520.32,4517.57,4518.50,1533,23,1
1779447000,4518.49,4522.64,4517.83,4521.66,1595,23,1
1779447300,4521.68,4523.24,4521.16,4521.84,1252,23,1
1779447600,4521.85,4525.97,4521.56,4525.00,1719,23,1
1779447900,4524.99,4527.49,4523.77,4526.94,1622,23,1
1779448200,4526.98,4529.98,4524.44,4524.70,1592,23,1
1779448500,4524.74,4528.74,4523.73,4528.12,1894,23,1
1779448800,4528.14,4531.17,4525.90,4527.97,1965,23,1
1779449100,4527.97,4528.85,4524.40,4526.55,1700,23,1
1779449400,4526.81,4527.27,4518.70,4520.12,1655,23,1
1779449700,4520.00,4524.13,4516.98,4521.86,2092,23,1
1779450000,4521.89,4523.01,4521.02,4522.45,1658,23,1
1779450300,4522.45,4524.16,4522.45,4522.68,1448,23,1
1779450600,4522.68,4524.84,4521.94,4524.06,1546,23,1
1779450900,4524.02,4524.09,4521.57,4521.86,1395,23,1
1779451200,4521.87,4524.90,4520.58,4523.99,1545,23,1
1779451500,4523.99,4525.56,4520.11,4522.14,1654,23,1
1779451800,4522.14,4523.15,4517.25,4517.27,1431,23,1
1779452100,4517.26,4519.43,4515.18,4518.70,1802,23,1
1779452400,4518.70,4519.76,4518.16,4519.26,1359,23,1
1779452700,4519.27,4520.51,4517.10,4517.77,1616,23,1
1779453000,4517.80,4519.47,4514.80,4519.47,1756,23,1
1779453300,4519.47,4524.48,4518.47,4524.44,1480,23,1
1779453600,4524.39,4526.02,4522.89,4525.13,1319,23,1
1779453900,4525.13,4528.75,4524.69,4528.49,1277,23,1
1779454200,4528.48,4535.99,4528.48,4533.11,1598,23,1
1779454500,4533.11,4535.33,4532.14,4532.18,1584,23,1
1779454800,4532.18,4532.54,4529.61,4529.67,1386,23,1
1779455100,4529.67,4536.72,4529.63,4535.53,1495,23,1
1779455400,4535.54,4536.83,4533.83,4533.83,1435,23,1
1779455700,4533.85,4534.17,4531.42,4531.46,1467,23,1
1779456000,4531.46,4531.50,4527.80,4529.80,1372,23,1
1779456300,4529.79,4530.42,4524.54,4524.81,1477,23,1
1779456600,4524.80,4525.51,4518.75,4518.80,1735,23,1
1779456900,4518.79,4520.71,4514.63,4518.07,1947,23,1
1779457200,4518.06,4518.28,4512.30,4512.50,1732,23,1
1779457500,4512.49,4514.84,4510.21,4512.98,1634,23,1
1779457800,4512.86,4514.97,4512.42,4512.44,1482,23,1
1779458100,4512.43,4515.12,4511.91,4514.68,1341,23,1
1779458400,4514.68,4516.55,4513.83,4516.25,1540,23,1
1779458700,4516.27,4517.27,4515.46,4516.33,1429,23,1
1779459000,4516.32,4516.44,4513.93,4515.91,1396,23,1
1779459300,4515.90,4515.90,4511.97,4512.98,1506,23,1
1779459600,4512.99,4513.79,4512.11,4512.54,1387,23,1
1779459900,4512.54,4514.96,4511.87,4512.06,1364,23,1
1779460200,4512.06,4517.38,4511.54,4517.19,1388,23,1
1779460500,4517.20,4520.33,4516.72,4518.76,1487,23,1
1779460800,4518.77,4523.07,4517.07,4521.70,1606,23,1
1779461100,4521.68,4525.06,4521.15,4522.44,1729,23,1
1779461400,4522.43,4524.03,4521.81,4523.13,1533,23,1
1779461700,4523.16,4523.49,4520.16,4520.64,1450,23,1
1779462000,4520.62,4522.19,4518.78,4521.58,1651,23,1
1779462300,4521.46,4523.13,4519.23,4519.97,1574,23,1
1779462600,4519.97,4529.95,4519.62,4529.30,2161,23,1
1779462900,4529.29,4535.86,4526.15,4533.27,2171,23,1
1779463200,4533.26,4534.31,4524.47,4527.33,2266,23,1
1779463500,4527.34,4528.36,4521.09,4521.73,1752,23,1
1779463800,4521.73,4523.67,4517.57,4518.13,1983,23,1
1779464100,4518.17,4518.72,4515.07,4517.81,1872,23,1
1779464400,4517.81,4519.61,4516.24,4518.69,1812,23,1
1779464700,4518.69,4519.84,4517.41,4518.65,1662,23,1
1779465000,4518.64,4521.38,4518.37,4519.88,1732,23,1
1779465300,4519.89,4528.40,4519.12,4528.27,1729,23,1
1779465600,4528.25,4530.24,4520.80,4523.84,2295,23,1
1779465900,4523.86,4532.67,4522.80,4531.77,1945,23,1
1779466200,4531.78,4534.30,4527.05,4528.19,2358,23,1
1779466500,4528.17,4529.78,4525.76,4527.25,2065,23,1
1779466800,4527.26,4528.41,4523.36,4523.46,1764,23,1
1779467100,4523.47,4524.25,4521.51,4522.00,1872,23,1
1779467400,4522.02,4527.12,4519.91,4522.67,2481,23,1
1779467700,4522.68,4524.25,4518.36,4519.75,2276,23,1
1779468000,4519.75,4519.83,4511.15,4517.71,2398,23,1
1779468300,4517.72,4518.88,4510.28,4510.81,2152,23,1
1779468600,4510.95,4517.58,4510.38,4517.04,2428,23,1
1779468900,4517.10,4517.11,4511.68,4513.68,2018,23,1
1779469200,4513.74,4513.89,4503.00,4507.64,2598,23,1
1779469500,4507.62,4510.71,4504.58,4510.01,2471,23,1
1779469800,4510.00,4511.05,4493.13,4497.61,2392,23,1
1779470100,4497.62,4500.59,4492.61,4497.98,2546,23,1
1779470400,4498.00,4499.38,4492.16,4494.53,2508,23,1
1779470700,4494.55,4499.95,4491.83,4499.02,2408,23,1
1779471000,4499.01,4502.26,4497.21,4500.95,2273,23,1
1779471300,4500.94,4504.14,4498.37,4500.39,2256,23,1
1779471600,4500.36,4505.96,4500.24,4504.49,2069,23,1
1779471900,4504.52,4507.31,4504.18,4504.35,2023,23,1
1779472200,4504.10,4504.65,4501.48,4503.68,1976,23,1
1779472500,4503.72,4503.86,4500.38,4500.57,2076,23,1
1779472800,4500.56,4505.93,4500.26,4505.72,2031,23,1
1779473100,4505.69,4511.16,4505.40,4510.92,2084,23,1
1779473400,4511.08,4511.93,4509.66,4511.16,2104,23,1
1779473700,4511.14,4516.68,4511.05,4515.82,1915,23,1
1779474000,4515.83,4515.88,4513.59,4514.31,1898,23,1
1779474300,4514.32,4519.25,4513.50,4519.23,2011,23,1
1779474600,4519.29,4522.29,4518.58,4519.28,2103,23,1
1779474900,4519.28,4521.72,4518.39,4520.73,1923,23,1
1779475200,4520.72,4521.24,4517.32,4518.19,1825,23,1
1779475500,4518.21,4519.75,4514.65,4514.86,1963,23,1
1779475800,4514.86,4518.16,4514.79,4516.83,1827,23,1
1779476100,4516.90,4521.79,4516.89,4520.13,1931,23,1
1779476400,4520.12,4520.42,4517.06,4518.97,2003,23,1
1779476700,4518.98,4519.69,4516.86,4517.82,1626,23,1
1779477000,4517.81,4519.95,4517.54,4519.56,1555,23,1
1779477300,4519.44,4519.44,4517.01,4517.11,1622,23,1
1779477600,4517.13,4520.66,4516.98,4520.29,1721,23,1
1779477900,4520.30,4524.16,4520.20,4523.77,1687,23,1
1779478200,4523.76,4526.84,4521.76,4522.21,1924,23,1
1779478500,4522.21,4522.88,4518.88,4519.64,1737,23,1
1779478800,4519.61,4519.63,4513.44,4514.89,1636,23,1
1779479100,4514.95,4517.99,4513.41,4513.58,1757,23,1
1779479400,4513.58,4514.72,4512.46,4513.99,1619,23,1
1779479700,4514.00,4514.99,4512.39,4514.89,1647,23,1
1779480000,4514.89,4519.12,4514.82,4518.69,1771,23,1
1779480300,4518.69,4520.15,4517.82,4520.00,1545,23,1
1779480600,4520.00,4520.88,4519.00,4519.38,1531,23,1
1779480900,4519.37,4520.12,4514.63,4514.90,1526,23,1
1779481200,4514.75,4516.81,4513.16,4514.86,1902,23,1
1779481500,4515.86,4525.92,4515.59,4525.32,2161,23,1
1779481800,4525.35,4527.76,4519.97,4520.03,2504,23,1
1779482100,4520.01,4524.00,4519.40,4523.54,1915,23,1
1779482400,4523.53,4524.36,4522.17,4522.17,1648,23,1
1779482700,4522.17,4522.81,4520.84,4521.34,1594,23,1
1779483000,4521.34,4522.09,4519.02,4519.70,1767,23,1
1779483300,4519.71,4521.49,4518.62,4519.15,1556,23,1
1779483600,4519.18,4519.40,4511.98,4515.63,1810,23,1
1779483900,4515.62,4517.22,4514.07,4515.50,1700,23,1
1779484200,4515.50,4515.51,4512.73,4513.80,1617,23,1
1779484500,4513.79,4516.12,4512.46,4514.97,1532,23,1
1779484800,4514.96,4517.63,4514.90,4516.61,1348,23,1
1779485100,4516.61,4517.72,4515.29,4515.29,1423,23,1
1779485400,4515.28,4516.99,4513.92,4516.96,1245,23,1
1779485700,4516.96,4520.07,4514.70,4518.24,1379,23,1
1779486000,4518.22,4518.58,4514.78,4515.14,1401,23,1
1779486300,4515.15,4515.98,4512.95,4513.13,1402,23,1
1779486600,4513.13,4515.82,4512.88,4515.39,1303,23,1
1779486900,4515.37,4515.80,4513.13,4514.99,1442,23,1
1779487200,4515.12,4515.80,4509.41,4510.57,1810,23,1
1779487500,4510.57,4511.02,4507.80,4508.58,1810,23,1
1779487800,4508.57,4509.58,4506.96,4507.22,1607,23,1
1779488100,4507.23,4509.04,4506.95,4508.98,1576,23,1
1779488400,4508.91,4508.95,4507.20,4507.74,1386,23,1
1779488700,4507.74,4508.55,4506.36,4507.09,1332,23,1
1779489000,4507.09,4508.35,4504.31,4507.97,1484,23,1
1779489300,4507.98,4509.70,4507.21,4509.31,1395,23,1
1779489600,4509.31,4510.78,4508.75,4509.62,1513,23,1
1779489900,4509.61,4509.97,4506.98,4507.50,1548,23,1
1779490200,4507.50,4508.16,4506.64,4507.61,1592,23,1
1779490500,4507.60,4509.19,4507.31,4508.31,1822,23,1
1779490800,4508.22,4509.30,4504.77,4506.22,1426,23,1
1779491100,4506.21,4507.17,4505.29,4507.02,695,23,1
1779491400,4507.02,4508.16,4506.38,4507.93,685,23,1
1779491700,4507.95,4509.38,4506.83,4508.99,838,23,1
1779492000,4508.95,4510.33,4508.85,4509.58,708,23,1
1779492300,4509.62,4510.44,4508.38,4510.24,679,23,1
1779492600,4510.22,4510.42,4506.01,4506.98,1185,28,1
1779492900,4506.95,4507.45,4505.72,4506.67,912,28,1
1779493200,4506.64,4506.70,4504.48,4504.82,1102,28,1
1779493500,4504.73,4508.32,4504.17,4506.88,1017,28,1
1779493800,4506.89,4507.25,4504.95,4507.04,843,28,1
1779494100,4507.05,4508.43,4506.76,4507.96,373,28,1
1779670800,4530.85,4552.87,4530.85,4551.53,2334,28,1
1779671100,4550.91,4556.87,4550.06,4554.37,2032,28,1
1779671400,4554.37,4557.70,4551.94,4555.19,1940,28,1
1779671700,4555.14,4556.40,4548.76,4552.15,2073,28,1
1779672000,4552.15,4555.55,4551.72,4554.37,1570,28,1
1779672300,4554.43,4555.26,4551.17,4551.99,1344,28,1
1779672600,4551.99,4560.88,4551.58,4558.84,1639,23,1
1779672900,4558.83,4559.26,4557.03,4557.99,1199,23,1
1779673200,4557.98,4558.37,4556.65,4558.22,1218,23,1
1779673500,4558.24,4565.53,4557.95,4565.15,1440,23,1
1779673800,4565.15,4565.16,4562.06,4562.18,1274,23,1
1779674100,4562.17,4565.35,4561.64,4564.99,968,23,1
1779674400,4565.00,4568.51,4564.96,4568.22,1395,23,1
1779674700,4568.23,4574.08,4567.72,4572.69,1453,23,1
1779675000,4572.69,4576.37,4572.69,4574.47,1168,23,1
1779675300,4574.47,4577.58,4573.60,4574.17,1099,23,1
1779675600,4574.15,4578.30,4574.05,4576.90,952,23,1
1779675900,4576.90,4578.06,4573.77,4575.00,1060,23,1
1779676200,4575.00,4578.74,4574.98,4578.10,1214,23,1
1779676500,4578.11,4579.10,4577.68,4578.69,1263,23,1
1779676800,4578.66,4579.89,4577.03,4577.31,1198,23,1
1779677100,4577.31,4578.25,4575.36,4577.08,1363,23,1
1779677400,4577.07,4577.07,4574.01,4575.03,1174,23,1
1779677700,4575.02,4575.09,4565.78,4567.03,1501,23,1
1779678000,4567.00,4571.51,4566.09,4568.75,1778,23,1
1779678300,4568.76,4574.30,4568.15,4573.03,1678,23,1
1779678600,4572.98,4575.72,4570.49,4572.57,1702,23,1
1779678900,4572.57,4573.52,4569.88,4571.41,1646,23,1
1779679200,4571.41,4574.56,4570.04,4574.45,1482,23,1
1779679500,4574.47,4575.46,4570.19,4572.28,1412,23,1
1779679800,4572.30,4574.79,4571.77,4573.74,1362,23,1
1779680100,4573.74,4575.49,4572.26,4575.01,1295,23,1
1779680400,4575.00,4575.00,4570.96,4571.54,1434,23,1
1779680700,4571.54,4579.55,4571.04,4576.61,1477,23,1
1779681000,4576.65,4577.61,4571.59,4573.53,1711,23,1
1779681300,4573.51,4574.37,4566.20,4569.58,2028,23,1
1779681600,4569.54,4576.29,4566.94,4568.30,2503,23,1
1779681900,4568.30,4569.86,4560.52,4561.92,2284,23,1
1779682200,4561.92,4566.81,4561.57,4565.67,2163,23,1
1779682500,4565.68,4566.46,4562.29,4566.33,2035,23,1
1779682800,4566.34,4573.00,4565.56,4571.42,1894,23,1
1779683100,4571.42,4575.41,4568.81,4573.39,1886,23,1
1779683400,4573.40,4574.76,4568.76,4568.89,1867,23,1
1779683700,4568.91,4571.84,4568.86,4570.45,1737,23,1
1779684000,4570.46,4571.09,4563.22,4563.35,1830,23,1
1779684300,4563.31,4564.86,4560.26,4563.74,1906,23,1
1779684600,4563.72,4567.23,4561.30,4566.47,1518,23,1
1779684900,4566.44,4566.93,4560.93,4562.84,1547,23,1
1779685200,4562.84,4565.34,4561.35,4562.57,1653,23,1
1779685500,4562.57,4568.29,4562.28,4567.73,1773,23,1
1779685800,4567.73,4568.03,4561.33,4562.02,1570,23,1
1779686100,4562.00,4562.49,4558.82,4561.65,1524,23,1
1779686400,4561.64,4563.37,4559.55,4562.59,1226,23,1
1779686700,4562.60,4563.08,4559.79,4562.86,1188,23,1
1779687000,4562.87,4565.45,4561.65,4563.74,1681,23,1
1779687300,4563.73,4565.67,4561.91,4565.35,1714,23,1
1779687600,4565.36,4569.52,4564.41,4569.51,1514,23,1
1779687900,4569.51,4570.18,4562.14,4563.28,1630,23,1
1779688200,4563.29,4564.93,4561.98,4562.04,1377,23,1
1779688500,4561.93,4562.84,4559.43,4561.25,1611,23,1
1779688800,4561.31,4564.35,4561.05,4563.16,1752,23,1
1779689100,4563.16,4563.43,4560.42,4563.08,1554,23,1
1779689400,4563.09,4563.57,4561.50,4563.14,1399,23,1
1779689700,4563.14,4563.43,4561.58,4562.09,1428,23,1
1779690000,4562.08,4564.48,4561.43,4561.50,1452,23,1
1779690300,4561.50,4562.03,4560.13,4560.66,1335,23,1
1779690600,4560.66,4562.46,4559.49,4561.40,1244,23,1
1779690900,4561.41,4564.07,4561.35,4562.83,1417,23,1
1779691200,4562.81,4562.85,4558.21,4558.49,1193,23,1
1779691500,4558.48,4559.17,4556.89,4558.59,1252,23,1
1779691800,4558.57,4560.08,4556.55,4559.78,1152,23,1
1779692100,4559.78,4561.27,4559.33,4559.76,1198,23,1
1779692400,4559.76,4561.99,4559.34,4561.22,1098,23,1
1779692700,4561.26,4561.99,4560.60,4561.62,975,23,1
1779693000,4561.61,4562.53,4559.90,4560.86,997,23,1
1779693300,4560.85,4561.91,4559.96,4561.06,897,23,1
1779693600,4561.07,4564.49,4561.05,4564.01,1096,23,1
1779693900,4563.97,4565.80,4563.94,4565.14,989,23,1
1779694200,4565.15,4565.46,4560.01,4560.67,1296,23,1
1779694500,4560.67,4562.47,4559.68,4561.99,889,23,1
1779694800,4561.99,4562.97,4560.86,4562.37,801,23,1
1779695100,4562.37,4564.40,4562.28,4563.88,630,23,1
1779695400,4563.89,4565.34,4563.29,4564.24,753,23,1
1779695700,4564.25,4565.67,4564.15,4564.83,981,23,1
1779696000,4564.84,4565.95,4563.00,4565.63,1035,23,1
1779696300,4565.62,4565.85,4564.38,4564.52,816,23,1
1779696600,4564.53,4565.15,4562.94,4563.57,990,23,1
1779696900,4563.59,4563.68,4562.42,4562.91,876,23,1
1779697200,4562.92,4562.98,4556.34,4556.57,1360,23,1
1779697500,4556.56,4557.05,4554.06,4554.20,1204,23,1
1779697800,4554.18,4559.64,4552.74,4557.62,1804,23,1
1779698100,4557.63,4560.69,4557.54,4559.93,1466,23,1
1779698400,4559.95,4560.99,4555.32,4556.91,1423,23,1
1779698700,4556.92,4557.84,4554.45,4554.63,1404,23,1
1779699000,4554.70,4555.08,4551.95,4553.92,1546,23,1
1779699300,4553.92,4555.39,4552.83,4553.30,1481,23,1
1779699600,4553.29,4555.81,4552.40,4553.03,1847,23,1
1779699900,4553.03,4553.70,4550.42,4552.12,1590,23,1
1779700200,4552.12,4554.21,4551.51,4553.86,1463,23,1
1779700500,4553.83,4555.29,4552.48,4554.42,1427,23,1
1779700800,4554.42,4556.75,4552.22,4556.39,1594,23,1
1779701100,4556.39,4557.32,4553.95,4554.17,1471,23,1
1779701400,4554.19,4556.07,4553.55,4555.08,1502,23,1
1779701700,4555.08,4557.37,4554.71,4555.39,1501,23,1
1779702000,4555.39,4557.28,4555.16,4556.38,1347,23,1
1779702300,4556.38,4559.29,4556.13,4557.66,1424,23,1
1779702600,4557.66,4559.29,4556.44,4558.64,1579,23,1
1779702900,4558.52,4563.23,4558.48,4562.45,1707,23,1
1779703200,4562.44,4564.72,4561.11,4563.96,1531,23,1
1779703500,4563.96,4564.37,4561.35,4562.15,1516,23,1
1779703800,4562.06,4564.38,4560.77,4560.82,1473,23,1
1779704100,4560.82,4561.20,4553.28,4555.41,1833,23,1
1779704400,4555.40,4556.16,4552.57,4555.65,1941,23,1
1779704700,4555.62,4557.00,4554.08,4554.43,1541,23,1
1779705000,4554.41,4561.70,4554.18,4559.12,1765,23,1
1779705300,4559.11,4559.95,4557.24,4558.79,1424,23,1
1779705600,4558.79,4561.04,4558.57,4559.94,1262,23,1
1779705900,4559.92,4562.21,4558.67,4562.21,1278,23,1
1779706200,4562.20,4565.01,4561.73,4563.86,1208,23,1
1779706500,4563.87,4565.04,4563.36,4564.80,1245,23,1
1779706800,4564.78,4565.03,4562.58,4562.75,1494,23,1
1779707100,4562.75,4563.15,4559.82,4561.37,1283,23,1
1779707400,4561.39,4562.01,4559.60,4561.08,1098,23,1
1779707700,4561.07,4561.32,4559.52,4560.74,1026,23,1
1779708000,4560.72,4561.13,4555.23,4555.24,1365,23,1
1779708300,4555.27,4556.10,4553.79,4554.95,1665,23,1
1779708600,4554.96,4558.05,4554.29,4556.91,1161,23,1
1779708900,4556.90,4558.06,4554.94,4556.07,1216,23,1
1779709200,4556.08,4556.47,4553.43,4554.61,1058,23,1
1779709500,4554.60,4555.31,4553.43,4554.55,1161,23,1
1779709800,4554.57,4556.38,4554.32,4555.98,1028,23,1
1779710100,4555.99,4556.57,4555.54,4556.08,834,23,1
1779710400,4556.09,4558.69,4555.57,4557.22,962,23,1
1779710700,4557.21,4557.35,4555.00,4555.12,891,23,1
1779711000,4555.13,4557.25,4555.04,4555.53,953,23,1
1779711300,4555.49,4557.41,4555.49,4556.47,849,23,1
1779711600,4556.48,4556.61,4555.52,4556.53,789,23,1
1779711900,4556.53,4558.97,4556.40,4558.90,848,23,1
1779712200,4558.87,4565.09,4558.41,4565.06,1339,23,1
1779712500,4565.06,4565.62,4563.00,4564.69,1469,23,1
1779712800,4564.70,4565.98,4563.73,4565.72,1034,23,1
1779713100,4565.72,4566.77,4564.62,4566.50,1027,23,1
1779713400,4566.49,4568.50,4566.23,4567.22,1039,23,1
1779713700,4567.20,4569.08,4566.81,4567.60,1088,23,1
1779714000,4567.62,4569.81,4567.58,4568.99,1005,23,1
1779714300,4569.00,4571.00,4568.88,4570.92,1007,23,1
1779714600,4570.93,4572.48,4569.93,4571.91,1322,23,1
1779714900,4571.93,4573.66,4571.25,4572.80,1156,23,1
1779715200,4572.80,4572.87,4571.04,4572.29,1067,23,1
1779715500,4572.31,4572.34,4569.91,4570.89,1061,23,1
1779715800,4570.89,4573.22,4570.11,4572.56,985,23,1
1779716100,4572.56,4572.63,4570.68,4570.83,1034,23,1
1779716400,4570.83,4570.99,4568.42,4570.10,1307,23,1
1779716700,4570.10,4572.36,4570.08,4570.44,841,23,1
1779717000,4570.43,4570.47,4569.29,4569.91,837,23,1
1779717300,4569.89,4570.30,4568.51,4568.62,829,23,1
1779717600,4568.62,4568.74,4567.93,4568.52,787,23,1
1779717900,4568.53,4568.68,4567.63,4568.28,792,23,1
1779718200,4568.28,4572.42,4568.26,4572.14,873,23,1
1779718500,4572.12,4575.20,4571.82,4574.88,1251,23,1
1779718800,4574.89,4575.06,4571.80,4571.86,1022,23,1
1779719100,4571.86,4571.86,4569.48,4571.65,1007,23,1
1779719400,4571.65,4574.47,4571.57,4573.31,1202,23,1
1779719700,4573.14,4576.16,4572.85,4575.94,1107,23,1
1779720000,4575.94,4576.15,4573.91,4574.49,1025,23,1
1779720300,4574.49,4576.97,4571.22,4571.22,1339,23,1
1779720600,4571.18,4571.91,4570.37,4570.63,1051,23,1
1779720900,4570.63,4571.12,4569.25,4569.42,1133,23,1
1779721200,4569.42,4569.42,4563.76,4564.54,1687,23,1
1779721500,4564.51,4564.54,4557.11,4560.31,1637,23,1
1779721800,4560.28,4561.28,4556.13,4556.35,1620,23,1
1779722100,4556.31,4556.90,4553.88,4554.15,1421,23,1
1779722400,4554.11,4556.62,4552.97,4556.39,1563,23,1
1779722700,4556.38,4560.89,4556.19,4560.50,1330,23,1
1779723000,4560.54,4564.17,4559.90,4564.17,1302,23,1
1779723300,4564.16,4570.20,4563.34,4568.81,1550,23,1
1779723600,4568.81,4569.26,4566.37,4566.47,1382,23,1
1779723900,4566.46,4568.09,4564.25,4566.24,1324,23,1
1779724200,4566.23,4567.27,4565.92,4566.79,1028,23,1
1779724500,4566.79,4568.70,4566.64,4567.72,1325,23,1
1779724800,4567.69,4567.75,4561.64,4564.54,2071,23,1
1779725100,4564.54,4571.37,4564.49,4568.43,1789,23,1
1779725400,4568.44,4568.48,4562.73,4564.33,1652,23,1
1779725700,4564.36,4564.43,4560.52,4562.01,1548,23,1
1779726000,4562.02,4564.59,4561.89,4563.41,1347,23,1
1779726300,4563.42,4563.78,4560.93,4561.81,1409,23,1
1779726600,4561.81,4564.39,4561.50,4564.18,1654,23,1
1779726900,4564.17,4565.56,4563.03,4564.28,1439,23,1
1779727200,4564.26,4565.57,4563.77,4565.10,1430,23,1
1779727500,4565.12,4565.34,4560.09,4561.55,1451,23,1
1779727800,4561.55,4563.44,4560.75,4563.38,1228,23,1
1779728100,4563.38,4564.94,4563.04,4563.10,1349,23,1
1779728400,4563.09,4567.33,4562.35,4567.01,1417,23,1
1779728700,4567.05,4569.89,4567.02,4569.59,1471,23,1
1779729000,4569.59,4569.97,4566.99,4567.70,1242,23,1
1779729300,4567.70,4568.88,4567.40,4568.37,1164,23,1
1779729600,4568.37,4570.09,4567.65,4570.05,1118,23,1
1779729900,4570.05,4570.57,4567.37,4567.87,1146,23,1
1779730200,4567.83,4568.35,4565.14,4567.82,1307,23,1
1779730500,4567.85,4568.25,4566.34,4567.64,1006,23,1
1779730800,4567.59,4568.48,4566.49,4566.98,1005,23,1
1779731100,4566.99,4568.41,4566.32,4568.15,1176,23,1
1779731400,4568.15,4568.95,4565.81,4565.85,1089,23,1
1779731700,4565.84,4566.99,4565.34,4566.78,1302,23,1
1779732000,4566.77,4569.23,4566.56,4568.15,1227,23,1
1779732300,4568.18,4568.18,4565.64,4566.65,1142,23,1
1779732600,4566.66,4573.49,4566.09,4570.16,1960,23,1
1779732900,4570.11,4570.82,4567.99,4570.44,1361,23,1
1779733200,4570.45,4573.44,4570.27,4573.00,1375,23,1
1779733500,4573.00,4574.63,4571.60,4573.31,1574,23,1
1779733800,4573.35,4573.46,4570.12,4571.04,1187,23,1
1779734100,4570.98,4571.13,4566.74,4568.72,1305,23,1
1779734400,4568.72,4569.56,4567.88,4568.98,1016,23,1
1779734700,4568.99,4570.56,4568.74,4570.35,784,23,1
1779735000,4570.34,4572.37,4570.22,4571.90,798,23,1
1779735300,4571.90,4572.74,4570.65,4570.84,795,23,1
1779735600,4570.84,4571.01,4568.59,4569.35,1081,23,1
1779735900,4569.35,4570.08,4568.92,4569.34,887,23,1
1779736200,4569.35,4570.79,4569.30,4570.61,733,23,1
1779736500,4570.60,4570.64,4568.71,4568.83,695,23,1
1779736800,4568.83,4570.34,4568.77,4569.63,672,23,1
1779737100,4569.71,4570.26,4568.08,4568.18,600,23,1
1779737400,4568.18,4570.09,4567.96,4570.07,991,23,1
1779737700,4570.07,4571.08,4569.71,4571.04,718,23,1
1779738000,4571.03,4572.36,4570.45,4572.13,913,23,1
1779738300,4572.11,4573.32,4571.79,4572.96,807,23,1
1779738600,4572.95,4574.60,4570.91,4570.93,1062,23,1
1779738900,4570.91,4573.58,4570.91,4573.58,835,23,1
1779739200,4573.56,4576.62,4573.43,4575.72,831,23,1
1779739500,4575.72,4576.23,4574.45,4576.04,715,23,1
1779739800,4576.04,4577.75,4573.82,4574.16,1252,23,1
1779740100,4574.16,4574.57,4573.63,4573.88,738,23,1
1779740400,4573.82,4573.91,4571.19,4571.45,752,23,1
1779740700,4571.45,4571.61,4570.37,4571.42,575,23,1
1779741000,4571.42,4571.49,4569.76,4569.77,412,23,1
1779741300,4569.76,4569.87,4567.80,4567.86,500,23,1
1779741600,4567.86,4568.15,4566.39,4566.82,700,23,1
1779741900,4566.82,4566.83,4563.32,4565.09,1020,23,1
1779742200,4565.10,4565.26,4563.62,4564.52,556,23,1
1779742500,4564.52,4565.73,4563.99,4565.12,529,23,1
1779742800,4565.13,4569.11,4564.43,4569.08,743,23,1
1779743100,4569.08,4571.46,4568.07,4570.22,614,23,1
1779743400,4570.24,4570.69,4568.05,4569.22,589,23,1
1779743700,4569.21,4570.18,4568.84,4568.90,396,23,1
1779744000,4568.89,4570.71,4567.46,4567.75,456,23,1
1779744300,4567.70,4570.81,4567.45,4570.81,506,23,1
1779757200,4570.13,4573.26,4569.88,4571.01,1273,28,1
1779757500,4571.03,4572.93,4570.68,4572.58,764,28,1
1779757800,4572.59,4574.06,4572.13,4573.40,858,28,1
1779758100,4573.43,4575.24,4573.23,4573.80,805,28,1
1779758400,4573.81,4575.17,4572.95,4575.13,701,28,1
1779758700,4575.13,4575.45,4572.97,4573.16,659,28,1
1779759000,4573.20,4573.28,4571.06,4571.09,1017,23,1
1779759300,4571.09,4573.53,4569.68,4572.74,907,23,1
1779759600,4572.74,4575.16,4571.86,4574.08,948,23,1
1779759900,4574.03,4575.25,4573.55,4573.87,780,23,1
1779760200,4573.88,4576.35,4573.88,4576.18,578,23,1
1779760500,4576.18,4576.55,4574.18,4574.96,969,23,1
1779760800,4574.96,4576.72,4573.97,4574.17,900,23,1
1779761100,4574.17,4576.73,4573.84,4576.30,785,23,1
1779761400,4576.31,4579.20,4575.53,4579.11,1130,23,1
1779761700,4579.11,4580.11,4577.20,4577.57,1058,23,1
1779762000,4577.56,4578.10,4572.94,4573.98,1084,23,1
1779762300,4573.98,4574.11,4567.19,4568.17,1215,23,1
1779762600,4568.27,4568.54,4560.43,4560.78,1527,23,1
1779762900,4560.78,4562.38,4555.24,4561.59,1925,23,1
1779763200,4561.57,4562.27,4555.15,4556.59,1469,23,1
1779763500,4556.59,4561.46,4556.59,4559.39,1430,23,1
1779763800,4559.32,4562.87,4558.64,4562.76,1194,23,1
1779764100,4562.74,4562.80,4559.21,4559.63,1147,23,1
1779764400,4559.72,4560.02,4549.27,4550.61,2250,20,1
1779764700,4550.61,4552.51,4548.84,4549.66,2081,23,1
1779765000,4549.63,4553.16,4548.58,4552.28,1737,23,1
1779765300,4552.28,4553.44,4541.39,4545.97,1885,23,1
1779765600,4546.00,4546.93,4541.44,4544.80,1926,23,1
1779765900,4544.80,4550.41,4544.25,4549.28,1583,23,1
1779766200,4549.33,4552.97,4549.30,4551.86,1550,23,1
1779766500,4551.88,4552.24,4546.19,4547.20,1547,23,1
1779766800,4547.23,4549.61,4543.36,4548.11,1604,23,1
1779767100,4548.12,4551.54,4544.69,4544.85,1603,23,1
1779767400,4544.85,4546.25,4539.59,4542.22,1847,23,1
1779767700,4542.27,4550.17,4542.23,4549.61,1644,23,1
1779768000,4549.61,4550.19,4542.32,4542.78,2299,23,1
1779768300,4542.75,4547.23,4542.36,4545.57,2094,23,1
1779768600,4545.56,4549.30,4545.53,4548.65,2047,23,1
1779768900,4548.65,4549.09,4545.65,4546.84,1781,23,1
1779769200,4546.84,4548.05,4541.86,4544.18,1949,23,1
1779769500,4543.99,4546.41,4543.01,4543.81,1834,23,1
1779769800,4543.81,4544.28,4537.25,4538.86,2233,23,1
1779770100,4538.93,4538.93,4527.89,4529.67,2148,23,1
1779770400,4529.78,4532.84,4527.99,4532.27,2322,23,1
1779770700,4532.26,4535.16,4531.38,4533.22,2069,23,1
1779771000,4533.23,4536.23,4531.46,4535.02,1766,23,1
1779771300,4535.03,4537.34,4534.62,4536.99,1722,23,1
1779771600,4537.00,4538.09,4535.44,4536.54,1571,23,1
1779771900,4536.55,4538.99,4535.41,4538.65,1524,23,1
1779772200,4538.60,4539.54,4537.16,4538.49,1382,23,1
1779772500,4538.49,4538.95,4536.50,4538.37,1143,23,1
1779772800,4538.33,4538.44,4536.53,4538.22,1183,23,1
1779773100,4538.16,4538.63,4536.38,4536.81,1171,23,1
1779773400,4536.83,4537.19,4533.71,4534.64,1561,23,1
1779773700,4534.64,4538.53,4534.19,4537.50,1560,23,1
1779774000,4537.43,4538.51,4533.57,4533.94,1427,23,1
1779774300,4533.95,4534.03,4531.20,4532.57,1585,23,1
1779774600,4532.58,4533.59,4530.04,4532.31,1405,23,1
1779774900,4532.32,4534.75,4532.18,4532.25,1305,23,1
1779775200,4532.22,4536.24,4532.07,4533.60,1352,23,1
1779775500,4533.59,4536.57,4533.47,4535.66,1258,23,1
1779775800,4535.70,4538.33,4534.84,4537.08,1249,23,1
1779776100,4537.06,4538.93,4536.86,4538.44,1269,23,1
1779776400,4538.44,4543.64,4538.24,4541.91,1420,23,1
1779776700,4541.92,4543.24,4541.21,4542.24,1325,23,1
1779777000,4542.25,4544.39,4541.78,4544.38,1119,23,1
1779777300,4544.38,4545.38,4543.09,4543.37,1056,23,1
1779777600,4543.36,4544.35,4540.95,4541.40,1036,23,1
1779777900,4541.39,4542.47,4540.80,4541.85,748,23,1
1779778200,4541.85,4543.72,4541.59,4542.60,888,23,1
1779778500,4542.61,4543.12,4541.23,4542.34,662,23,1
1779778800,4542.34,4543.17,4540.46,4540.53,797,23,1
1779779100,4540.47,4540.65,4539.04,4539.29,860,23,1
1779779400,4539.29,4539.88,4536.21,4537.31,1172,23,1
1779779700,4537.32,4539.44,4536.48,4538.12,996,23,1
1779780000,4538.13,4538.48,4535.14,4535.41,667,23,1
1779780300,4535.44,4535.57,4532.53,4532.54,923,23,1
1779780600,4532.55,4533.19,4529.77,4530.33,1294,23,1
1779780900,4530.33,4530.85,4525.86,4527.83,1207,23,1
1779781200,4527.77,4529.20,4525.18,4526.20,1053,23,1
1779781500,4526.21,4527.89,4524.74,4527.54,1280,23,1
1779781800,4527.55,4529.07,4526.25,4527.57,987,23,1
1779782100,4527.57,4527.81,4523.50,4525.45,1164,23,1
1779782400,4525.45,4529.35,4522.97,4528.74,1562,23,1
1779782700,4528.74,4530.57,4526.23,4530.38,1259,23,1
1779783000,4530.39,4531.37,4529.03,4529.36,1273,23,1
1779783300,4529.28,4531.35,4529.02,4529.36,970,23,1
1779783600,4529.36,4531.12,4528.92,4529.97,950,23,1
1779783900,4529.94,4531.47,4528.76,4531.27,968,23,1
1779784200,4531.20,4533.92,4530.47,4533.53,1788,23,1
1779784500,4533.48,4535.05,4532.31,4532.59,1649,23,1
1779784800,4532.59,4532.86,4527.90,4529.78,1848,23,1
1779785100,4529.78,4529.83,4526.26,4527.83,1662,23,1
1779785400,4527.83,4528.18,4523.54,4526.97,1905,23,1
1779785700,4526.97,4528.72,4524.84,4527.25,1551,23,1
1779786000,4527.25,4531.31,4527.07,4531.05,1644,23,1
1779786300,4531.05,4532.24,4530.21,4530.99,1556,23,1
1779786600,4531.00,4532.77,4529.01,4531.63,1621,23,1
1779786900,4531.64,4532.12,4529.30,4530.86,1384,23,1
1779787200,4530.88,4534.74,4530.10,4533.99,1520,23,1
1779787500,4533.99,4536.17,4528.36,4530.40,1728,23,1
1779787800,4530.38,4531.38,4528.65,4530.76,1666,23,1
1779788100,4530.76,4533.32,4530.73,4531.63,1460,23,1
1779788400,4531.63,4533.96,4531.31,4533.82,1460,23,1
1779788700,4533.82,4534.01,4528.79,4529.69,1559,23,1
1779789000,4529.72,4531.54,4528.45,4531.45,1575,23,1
1779789300,4531.45,4533.54,4530.45,4531.00,1365,23,1
1779789600,4531.01,4533.54,4529.19,4531.49,1852,23,1
1779789900,4531.51,4533.90,4527.61,4527.64,1949,23,1
1779790200,4527.63,4530.38,4525.91,4528.48,1748,23,1
1779790500,4528.50,4528.50,4522.09,4526.76,1821,23,1
1779790800,4526.76,4530.29,4525.16,4530.10,1501,23,1
1779791100,4530.08,4531.13,4528.84,4529.66,1320,23,1
1779791400,4529.66,4529.74,4523.08,4526.03,1796,23,1
1779791700,4526.02,4526.37,4521.68,4523.14,1725,23,1
1779792000,4523.14,4527.47,4522.02,4526.64,1589,23,1
1779792300,4526.64,4533.43,4525.23,4533.37,1601,23,1
1779792600,4533.37,4535.42,4531.54,4531.56,1613,23,1
1779792900,4531.58,4538.97,4531.58,4538.20,1726,23,1
1779793200,4538.23,4538.75,4535.28,4535.85,1814,23,1
1779793500,4535.84,4536.16,4532.78,4533.12,1496,23,1
1779793800,4533.06,4533.53,4527.05,4527.53,1518,23,1
1779794100,4527.54,4529.84,4527.45,4529.64,1396,23,1
1779794400,4529.63,4529.93,4526.30,4527.18,1318,23,1
1779794700,4527.17,4527.94,4520.60,4522.44,1788,23,1
1779795000,4522.47,4523.18,4520.15,4521.34,1688,23,1
1779795300,4521.34,4523.76,4520.42,4522.38,1495,23,1
1779795600,4522.34,4526.29,4521.78,4525.44,1472,23,1
1779795900,4525.42,4527.37,4521.48,4522.25,1434,23,1
1779796200,4522.26,4525.24,4520.22,4524.25,1317,23,1
1779796500,4524.25,4524.44,4522.16,4523.76,1348,23,1
1779796800,4523.76,4524.63,4522.60,4524.30,1443,23,1
1779797100,4524.40,4524.90,4522.22,4523.51,1352,23,1
1779797400,4523.47,4523.65,4519.34,4520.48,1119,23,1
1779797700,4520.50,4525.54,4518.23,4524.74,1619,23,1
1779798000,4524.71,4525.49,4520.76,4522.22,1607,23,1
1779798300,4522.21,4526.43,4521.63,4524.83,1537,23,1
1779798600,4524.83,4525.27,4517.05,4518.07,1709,23,1
1779798900,4518.14,4518.74,4515.92,4516.72,1441,23,1
1779799200,4516.70,4517.22,4512.08,4513.25,1719,23,1
1779799500,4513.25,4519.03,4513.13,4518.92,1615,23,1
1779799800,4518.92,4519.39,4516.87,4518.97,1294,23,1
1779800100,4518.97,4523.52,4517.56,4522.68,1646,23,1
1779800400,4522.68,4523.31,4519.67,4519.74,1612,23,1
1779800700,4519.75,4525.41,4519.40,4525.40,1350,23,1
1779801000,4525.39,4532.07,4525.09,4529.37,1932,23,1
1779801300,4529.35,4533.01,4527.50,4528.07,1627,23,1
1779801600,4528.07,4532.47,4527.70,4531.60,1315,23,1
1779801900,4531.62,4535.30,4531.47,4533.39,1506,23,1
1779802200,4533.39,4538.83,4533.39,4538.72,1920,23,1
1779802500,4538.72,4538.72,4533.82,4534.13,1670,23,1
1779802800,4534.08,4534.73,4531.47,4533.19,1489,23,1
1779803100,4533.17,4537.53,4533.15,4537.47,1549,23,1
1779803400,4537.47,4540.50,4534.44,4534.75,1767,23,1
1779803700,4534.76,4535.25,4533.79,4534.48,1354,23,1
1779804000,4534.48,4536.21,4532.88,4536.03,1454,23,1
1779804300,4536.03,4536.13,4533.87,4535.02,1252,23,1
1779804600,4535.02,4535.92,4531.72,4531.77,1173,23,1
1779804900,4531.74,4532.64,4529.96,4529.98,1361,23,1
1779805200,4529.98,4530.18,4525.28,4525.80,1650,23,1
1779805500,4525.68,4526.08,4522.78,4523.75,1596,23,1
1779805800,4523.76,4523.79,4517.52,4519.42,2064,23,1
1779806100,4519.37,4519.61,4507.06,4510.81,2398,23,1
1779806400,4510.81,4513.19,4504.66,4510.13,2176,23,1
1779806700,4510.08,4515.67,4508.44,4512.54,1815,23,1
1779807000,4512.54,4515.45,4510.67,4511.58,1818,23,1
1779807300,4511.58,4511.71,4503.84,4507.19,1875,23,1
1779807600,4507.18,4510.08,4504.48,4508.22,1970,23,1
1779807900,4508.22,4512.04,4506.70,4510.73,1951,23,1
1779808200,4510.68,4512.25,4507.71,4510.41,1711,23,1
1779808500,4510.37,4515.90,4509.65,4512.31,1853,23,1
1779808800,4512.31,4512.89,4508.13,4509.64,1698,23,1
1779809100,4509.67,4511.57,4503.64,4506.19,1616,23,1
1779809400,4506.21,4510.49,4500.67,4510.40,2017,23,1
1779809700,4510.39,4510.40,4501.51,4502.35,1821,23,1
1779810000,4502.22,4512.02,4502.12,4512.02,1817,23,1
1779810300,4512.01,4521.17,4510.60,4519.89,2021,23,1
1779810600,4519.87,4523.52,4517.45,4522.49,2050,23,1
1779810900,4522.48,4523.61,4519.14,4520.31,1868,23,1
1779811200,4520.31,4526.32,4519.45,4523.46,2090,23,1
1779811500,4523.44,4523.70,4519.51,4522.41,1811,23,1
1779811800,4522.43,4522.56,4516.16,4518.38,1936,23,1
1779812100,4518.37,4521.77,4518.18,4520.14,1576,23,1
1779812400,4520.16,4526.94,4520.13,4526.14,1982,23,1
1779812700,4526.14,4527.47,4522.09,4522.21,1839,23,1
1779813000,4522.30,4527.81,4521.90,4522.44,2417,23,1
1779813300,4522.50,4528.80,4521.29,4524.54,2287,23,1
1779813600,4524.58,4531.36,4524.27,4527.31,2205,23,1
1779813900,4527.30,4529.22,4525.32,4525.91,2141,23,1
1779814200,4525.90,4526.29,4512.81,4515.84,2546,23,1
1779814500,4515.84,4517.72,4512.22,4514.01,2191,23,1
1779814800,4514.00,4517.96,4511.19,4517.43,2394,23,1
1779815100,4517.51,4520.50,4514.92,4515.46,2218,23,1
1779815400,4515.45,4515.59,4507.91,4511.07,2200,23,1
1779815700,4511.07,4514.67,4508.56,4514.26,2029,23,1
1779816000,4514.27,4517.38,4512.53,4515.92,1995,23,1
1779816300,4515.90,4517.82,4514.98,4517.65,1907,23,1
1779816600,4517.66,4521.63,4516.89,4517.57,1958,23,1
1779816900,4517.55,4524.93,4517.51,4522.31,2077,23,1
1779817200,4522.31,4523.80,4519.74,4521.42,1847,23,1
1779817500,4521.43,4522.03,4518.55,4519.21,1891,23,1
1779817800,4519.22,4519.49,4515.59,4515.81,1800,23,1
1779818100,4515.87,4516.13,4512.69,4515.22,2117,23,1
1779818400,4515.26,4515.47,4508.05,4511.43,2162,23,1
1779818700,4511.49,4514.32,4508.85,4510.62,2106,23,1
1779819000,4510.62,4512.53,4508.76,4509.51,2019,23,1
1779819300,4509.49,4510.45,4505.15,4508.17,2042,23,1
1779819600,4508.26,4508.63,4505.04,4506.03,1924,23,1
1779819900,4506.03,4508.33,4504.87,4506.07,1973,23,1
1779820200,4505.96,4508.40,4503.76,4505.62,2098,23,1
1779820500,4505.60,4507.53,4502.25,4507.47,2011,23,1
1779820800,4507.47,4508.91,4506.50,4508.19,1961,23,1
1779821100,4508.23,4509.21,4506.50,4506.82,1893,23,1
1779821400,4506.83,4510.76,4506.01,4509.72,1901,23,1
1779821700,4509.71,4509.71,4506.08,4506.40,1993,23,1
1779822000,4506.44,4508.44,4505.40,4506.12,1779,23,1
1779822300,4506.12,4506.24,4502.31,4502.98,1677,23,1
1779822600,4503.02,4503.32,4500.55,4501.43,1749,23,1
1779822900,4501.42,4505.68,4499.81,4505.07,1939,23,1
1779823200,4505.07,4506.16,4502.47,4506.16,1588,23,1
1779823500,4506.14,4508.77,4505.58,4508.01,1492,23,1
1779823800,4507.99,4511.22,4507.38,4509.74,1699,23,1
1779824100,4509.74,4510.69,4508.14,4508.17,1692,23,1
1779824400,4508.17,4508.88,4506.13,4506.50,1587,23,1
1779824700,4506.48,4507.76,4503.15,4503.34,1638,23,1
1779825000,4503.36,4505.83,4503.05,4505.10,1558,23,1
1779825300,4505.08,4505.83,4504.43,4504.90,1563,23,1
1779825600,4504.89,4507.43,4504.32,4505.63,1496,23,1
1779825900,4505.63,4505.76,4503.19,4504.36,1565,23,1
1779826200,4504.36,4504.81,4503.54,4503.68,1355,23,1
1779826500,4503.68,4504.73,4503.33,4504.37,1374,23,1
1779826800,4504.37,4506.62,4504.14,4506.61,1568,23,1
1779827100,4506.61,4507.49,4500.46,4501.49,1823,23,1
1779827400,4501.43,4501.65,4498.16,4500.19,1924,23,1
1779827700,4500.19,4501.04,4497.39,4499.11,1737,23,1
1779828000,4499.10,4499.65,4497.03,4498.56,1626,23,1
1779828300,4498.54,4500.95,4498.37,4500.45,1363,23,1
1779828600,4500.45,4501.21,4496.10,4496.42,1300,23,1
1779828900,4496.42,4496.89,4489.82,4490.98,1983,23,1
1779829200,4490.95,4493.18,4485.19,4487.73,2063,23,1
1779829500,4487.73,4489.11,4482.54,4488.87,1758,23,1
1779829800,4488.87,4491.01,4485.51,4487.29,1440,23,1
1779830100,4487.30,4490.74,4486.53,4490.64,1625,23,1
1779830400,4490.64,4493.00,4490.43,4492.38,1568,23,1
1779830700,4492.38,4496.20,4492.07,4495.29,1720,23,1
1779831000,4495.27,4498.41,4494.19,4497.37,1515,23,1
1779831300,4497.37,4497.38,4495.28,4496.50,1406,23,1
1779831600,4496.50,4496.69,4495.16,4496.11,1335,23,1
1779831900,4496.10,4498.40,4496.07,4497.64,1173,23,1
1779832200,4497.66,4499.55,4497.40,4498.61,1432,23,1
1779832500,4498.52,4499.47,4498.16,4499.27,1494,23,1
1779832800,4499.27,4501.08,4497.66,4499.76,1503,23,1
1779833100,4499.76,4500.53,4498.70,4500.43,1198,23,1
1779833400,4500.42,4501.09,4499.06,4499.43,1106,23,1
1779833700,4499.42,4504.60,4499.34,4502.41,1306,23,1
1779834000,4502.41,4504.17,4502.18,4503.25,1091,23,1
1779834300,4503.25,4503.54,4501.21,4502.08,1165,23,1
1779834600,4502.08,4503.58,4500.82,4503.56,1344,23,1
1779834900,4503.57,4504.49,4503.10,4503.62,1408,23,1
1779835200,4503.62,4505.87,4503.50,4504.86,1304,23,1
1779835500,4504.86,4507.98,4504.14,4507.35,1205,23,1
1779835800,4507.34,4507.91,4505.77,4506.19,1461,23,1
1779836100,4505.90,4509.95,4505.75,4508.98,1930,23,1
1779836400,4508.97,4510.47,4507.33,4507.51,1167,23,1
1779836700,4507.51,4509.07,4506.29,4507.09,823,23,1
1779837000,4507.09,4508.07,4506.43,4507.88,606,23,1
1779837300,4507.89,4509.83,4507.89,4508.50,635,23,1
1779837600,4508.50,4509.19,4507.51,4508.70,615,23,1
1779837900,4508.69,4508.91,4506.31,4506.65,568,23,1
1779838200,4506.59,4507.70,4506.38,4506.62,389,24,1
1779838500,4506.62,4508.36,4506.07,4508.31,497,28,1
1779838800,4508.33,4509.75,4507.83,4508.78,471,28,1
1779839100,4508.80,4510.14,4506.32,4506.59,803,28,1
1779839400,4506.59,4506.59,4504.05,4506.40,877,28,1
1779839700,4506.40,4507.85,4506.24,4507.05,511,28,1
1779843600,4537.13,4538.65,4501.09,4503.39,582,28,1
1779843900,4503.39,4509.61,4501.23,4504.94,1377,28,1
1779844200,4504.94,4509.10,4501.42,4504.74,1329,28,1
1779844500,4504.82,4507.42,4504.01,4506.90,1031,28,1
1779844800,4507.12,4510.08,4503.71,4505.04,1293,28,1
1779845100,4505.07,4507.22,4502.72,4504.45,1052,28,1
1779845400,4504.48,4506.05,4500.25,4500.31,1182,23,1
1779845700,4500.24,4502.08,4497.97,4501.55,1255,23,1
1779846000,4501.56,4503.32,4500.41,4500.62,1108,23,1
1779846300,4500.59,4502.72,4499.53,4502.25,873,23,1
1779846600,4502.22,4507.09,4501.91,4506.90,1079,23,1
1779846900,4506.90,4512.43,4506.55,4510.94,1217,23,1
1779847200,4510.94,4513.68,4509.48,4511.04,1287,23,1
1779847500,4511.06,4512.88,4509.62,4509.78,962,23,1
1779847800,4509.80,4510.02,4507.60,4508.84,925,23,1
1779848100,4508.84,4510.10,4508.01,4509.12,759,23,1
1779848400,4509.11,4509.38,4504.47,4505.67,1225,23,1
1779848700,4505.66,4512.13,4505.38,4512.10,1139,23,1
1779849000,4512.16,4516.58,4511.10,4515.02,1275,23,1
1779849300,4515.02,4515.71,4512.57,4515.46,1179,23,1
1779849600,4515.54,4526.94,4515.13,4526.85,1533,23,1
1779849900,4526.92,4527.94,4520.34,4521.10,1585,23,1
1779850200,4521.10,4522.67,4520.32,4521.15,1092,23,1
1779850500,4521.15,4521.15,4518.57,4519.67,1127,23,1
1779850800,4519.65,4525.84,4517.27,4520.77,1646,20,1
1779851100,4520.76,4524.12,4519.86,4522.22,1448,23,1
1779851400,4522.24,4522.62,4520.06,4522.04,1400,23,1
1779851700,4522.04,4522.53,4520.03,4521.22,1348,23,1
1779852000,4521.19,4521.58,4515.95,4516.26,1482,23,1
1779852300,4516.26,4518.88,4514.14,4517.93,1454,23,1
1779852600,4517.93,4520.69,4517.50,4519.74,1149,23,1
1779852900,4519.74,4520.60,4517.63,4517.72,1275,23,1
1779853200,4517.69,4519.30,4516.96,4518.69,1154,23,1
1779853500,4518.66,4522.13,4518.56,4519.11,1186,23,1
1779853800,4519.11,4519.14,4516.14,4517.03,1337,23,1
1779854100,4517.02,4518.97,4514.69,4515.10,1404,23,1
1779854400,4515.11,4517.88,4514.01,4515.60,2194,23,1
1779854700,4515.64,4517.54,4512.64,4516.64,1928,23,1
1779855000,4516.64,4520.92,4515.80,4519.47,1821,23,1
1779855300,4519.46,4520.36,4515.71,4516.11,1634,23,1
1779855600,4516.13,4521.11,4515.94,4519.12,1553,23,1
1779855900,4519.12,4519.41,4514.42,4516.02,1295,23,1
1779856200,4516.16,4517.09,4513.75,4515.10,1698,23,1
1779856500,4515.09,4516.72,4511.55,4511.95,1397,23,1
1779856800,4511.91,4513.66,4509.34,4510.01,1446,23,1
1779857100,4510.02,4510.50,4506.88,4510.04,1414,23,1
1779857400,4509.92,4510.16,4507.28,4507.60,1302,23,1
1779857700,4507.60,4509.78,4506.89,4507.88,1293,23,1
1779858000,4507.89,4509.63,4504.04,4505.52,1707,23,1
1779858300,4505.52,4505.69,4502.11,4503.51,1575,23,1
1779858600,4503.51,4504.54,4502.16,4504.17,1458,23,1
1779858900,4504.20,4505.20,4499.08,4499.64,1429,23,1
1779859200,4499.64,4504.83,4499.27,4504.12,1217,23,1
1779859500,4504.13,4505.75,4503.92,4505.47,1057,23,1
1779859800,4505.47,4505.78,4503.87,4505.34,1274,23,1
1779860100,4505.34,4506.01,4500.14,4500.33,1387,23,1
1779860400,4500.33,4502.30,4498.72,4499.89,1374,23,1
1779860700,4499.88,4501.80,4498.10,4501.66,1225,23,1
1779861000,4501.69,4505.01,4501.69,4503.82,1203,23,1
1779861300,4503.79,4506.94,4503.64,4505.77,1076,23,1
1779861600,4505.77,4509.77,4505.10,4507.68,1311,23,1
1779861900,4507.67,4509.32,4505.61,4509.27,1079,23,1
1779862200,4509.30,4510.36,4508.24,4509.22,1165,23,1
1779862500,4509.21,4511.92,4508.58,4510.98,1210,23,1
1779862800,4511.01,4511.53,4508.39,4508.86,1114,23,1
1779863100,4508.86,4508.87,4505.57,4507.11,1189,23,1
1779863400,4507.11,4507.26,4504.87,4505.06,928,23,1
1779863700,4505.06,4505.06,4501.67,4502.91,993,23,1
1779864000,4502.91,4505.24,4502.77,4504.35,918,23,1
1779864300,4504.38,4505.50,4503.58,4504.29,918,23,1
1779864600,4504.29,4504.72,4501.93,4502.22,933,23,1
1779864900,4502.21,4502.21,4496.69,4497.07,1102,23,1
1779865200,4497.08,4500.59,4495.86,4499.74,1291,23,1
1779865500,4499.74,4502.47,4499.24,4501.55,978,23,1
1779865800,4501.54,4503.22,4501.14,4503.04,889,23,1
1779866100,4503.02,4503.14,4500.66,4501.05,937,23,1
1779866400,4501.04,4503.37,4500.79,4502.41,948,23,1
1779866700,4502.41,4502.42,4499.62,4499.66,1096,23,1
1779867000,4499.66,4501.85,4497.96,4501.33,1282,23,1
1779867300,4501.32,4502.94,4499.95,4502.92,958,23,1
1779867600,4502.95,4508.45,4502.60,4508.41,1264,23,1
1779867900,4508.42,4517.27,4508.40,4516.55,1533,23,1
1779868200,4516.58,4517.20,4511.71,4512.23,1438,23,1
1779868500,4512.24,4512.62,4509.27,4510.09,1141,23,1
1779868800,4510.14,4513.83,4508.35,4513.61,1253,23,1
1779869100,4513.62,4513.64,4510.40,4511.02,1250,23,1
1779869400,4510.97,4510.97,4508.95,4508.99,1051,23,1
1779869700,4509.03,4509.11,4505.16,4505.56,1287,23,1
1779870000,4505.48,4507.07,4504.14,4506.24,1375,23,1
1779870300,4506.23,4508.12,4505.76,4507.28,1029,23,1
1779870600,4507.28,4508.81,4493.67,4496.59,2182,23,1
1779870900,4496.61,4500.81,4494.60,4499.65,2075,23,1
1779871200,4499.53,4500.09,4491.71,4493.38,2326,23,1
1779871500,4493.41,4498.03,4491.90,4497.91,2065,23,1
1779871800,4497.91,4502.28,4496.35,4498.73,2144,23,1
1779872100,4498.74,4499.90,4496.52,4497.58,1856,23,1
1779872400,4497.56,4499.20,4493.81,4495.05,1955,23,1
1779872700,4495.07,4498.99,4493.84,4497.88,1897,23,1
1779873000,4497.89,4498.58,4493.78,4494.02,1963,23,1
1779873300,4494.02,4495.89,4486.40,4489.45,1954,23,1
1779873600,4489.45,4490.49,4483.83,4486.84,2055,23,1
1779873900,4486.83,4489.16,4483.83,4486.19,2028,23,1
1779874200,4486.35,4486.48,4479.98,4483.56,2159,23,1
1779874500,4483.56,4485.67,4480.77,4483.37,1653,23,1
1779874800,4483.39,4487.89,4482.46,4487.65,1672,23,1
1779875100,4487.72,4490.14,4487.04,4488.30,1627,23,1
1779875400,4488.29,4489.24,4486.69,4487.27,1383,23,1
1779875700,4487.27,4487.70,4483.55,4485.18,1646,23,1
1779876000,4485.18,4488.46,4485.03,4486.79,1766,23,1
1779876300,4487.07,4488.54,4482.99,4484.77,1573,23,1
1779876600,4484.77,4484.80,4480.14,4480.24,1581,23,1
1779876900,4480.18,4485.24,4480.18,4484.12,1550,23,1
1779877200,4484.12,4489.19,4482.95,4486.55,1427,23,1
1779877500,4486.40,4487.15,4484.81,4486.19,1500,23,1
1779877800,4486.19,4488.56,4484.76,4485.64,1450,23,1
1779878100,4485.64,4486.33,4481.23,4483.04,1409,23,1
1779878400,4483.03,4484.56,4482.13,4482.74,1171,23,1
1779878700,4482.75,4484.04,4477.87,4479.46,1389,23,1
1779879000,4479.45,4480.46,4475.80,4479.27,1729,23,1
1779879300,4479.27,4482.24,4478.68,4482.01,1461,23,1
1779879600,4482.01,4489.20,4481.66,4486.40,1832,23,1
1779879900,4486.44,4487.56,4485.00,4485.95,1594,23,1
1779880200,4485.95,4487.10,4483.80,4486.26,1504,23,1
1779880500,4486.27,4490.76,4486.07,4489.79,1540,23,1
1779880800,4489.79,4492.81,4487.85,4490.68,1476,23,1
1779881100,4490.67,4490.96,4487.85,4489.09,1428,23,1
1779881400,4489.12,4489.54,4486.04,4488.55,1204,23,1
1779881700,4488.55,4492.76,4488.35,4492.73,1251,23,1
1779882000,4492.74,4496.60,4492.62,4496.22,1647,23,1
1779882300,4496.20,4497.28,4492.70,4496.50,1543,23,1
1779882600,4496.48,4498.65,4495.63,4498.20,1587,23,1
1779882900,4498.21,4498.34,4494.82,4497.82,1141,23,1
1779883200,4497.83,4497.83,4490.97,4491.82,1716,23,1
1779883500,4491.83,4492.52,4488.67,4489.43,1356,23,1
1779883800,4489.46,4493.25,4489.32,4491.73,1240,23,1
1779884100,4491.76,4495.37,4491.72,4494.59,1252,23,1
1779884400,4494.58,4495.16,4490.81,4490.94,1198,23,1
1779884700,4490.95,4491.77,4489.38,4490.07,1097,23,1
1779885000,4490.07,4490.74,4486.92,4490.63,1425,23,1
1779885300,4490.64,4492.21,4490.21,4491.29,1103,23,1
1779885600,4491.30,4491.85,4488.38,4488.64,1005,23,1
1779885900,4488.64,4489.90,4488.24,4489.54,884,23,1
1779886200,4489.54,4493.01,4489.51,4492.57,1098,23,1
1779886500,4492.57,4493.17,4490.12,4490.13,897,23,1
1779886800,4490.17,4490.61,4485.03,4486.47,1191,23,1
1779887100,4486.47,4489.04,4486.22,4487.15,1109,23,1
1779887400,4487.13,4487.69,4484.32,4485.47,1131,23,1
1779887700,4485.47,4486.33,4479.71,4479.73,1219,23,1
1779888000,4479.72,4481.17,4478.04,4479.88,1412,23,1
1779888300,4479.88,4480.04,4476.49,4476.99,1397,23,1
1779888600,4476.95,4477.20,4472.44,4473.85,1684,23,1
1779888900,4473.83,4475.83,4462.32,4463.79,1950,23,1
1779889200,4463.79,4470.05,4462.71,4465.66,2080,23,1
1779889500,4465.66,4466.93,4444.33,4448.59,2391,23,1
1779889800,4448.55,4450.13,4442.91,4444.82,2303,23,1
1779890100,4444.85,4450.21,4442.77,4445.76,2107,23,1
1779890400,4445.78,4453.26,4445.65,4452.45,1954,23,1
1779890700,4452.45,4452.46,4446.54,4449.62,1799,23,1
1779891000,4449.62,4451.66,4443.37,4451.21,1872,23,1
1779891300,4451.21,4452.19,4447.78,4449.24,1750,23,1
1779891600,4449.21,4449.21,4440.31,4445.82,1987,23,1
1779891900,4445.82,4446.18,4439.74,4440.87,1930,23,1
1779892200,4440.87,4441.73,4432.37,4436.85,2223,23,1
1779892500,4436.85,4441.71,4434.91,4441.11,1864,23,1
1779892800,4441.11,4444.20,4438.44,4443.16,1605,23,1
1779893100,4443.17,4444.75,4439.09,4439.16,1522,23,1
1779893400,4439.16,4439.60,4433.54,4433.59,1855,23,1
1779893700,4433.66,4434.02,4425.04,4428.63,2106,23,1
1779894000,4428.62,4437.53,4428.38,4434.41,2127,23,1
1779894300,4434.32,4437.37,4431.89,4433.13,1726,23,1
1779894600,4433.08,4433.47,4428.87,4430.40,1799,23,1
1779894900,4430.37,4454.18,4427.58,4447.51,2140,23,1
1779895200,4447.43,4466.50,4442.31,4454.84,2743,23,1
1779895500,4455.04,4460.77,4452.96,4454.71,2467,23,1
1779895800,4454.72,4460.21,4445.64,4447.37,2382,23,1
1779896100,4447.37,4453.42,4444.68,4452.07,2216,23,1
1779896400,4452.20,4452.81,4446.11,4447.05,2029,23,1
1779896700,4447.01,4448.18,4442.46,4445.14,1920,23,1
1779897000,4445.11,4446.93,4441.10,4446.22,1958,23,1
1779897300,4446.25,4446.33,4437.74,4438.83,1913,23,1
1779897600,4438.83,4438.92,4429.64,4432.19,2443,23,1
1779897900,4432.21,4432.37,4411.71,4414.20,2590,23,1
1779898200,4414.20,4420.31,4411.10,4416.75,2528,23,1
1779898500,4416.70,4421.32,4409.73,4411.39,2438,23,1
1779898800,4411.40,4417.21,4405.83,4416.80,2326,23,1
1779899100,4416.62,4419.40,4401.41,4405.09,2489,23,1
1779899400,4404.75,4424.48,4404.55,4423.93,2652,23,1
1779899700,4423.89,4425.62,4412.45,4418.12,2586,23,1
1779900000,4418.11,4423.40,4416.54,4419.22,2468,23,1
1779900300,4419.21,4428.43,4418.38,4420.33,2424,23,1
1779900600,4420.46,4434.00,4419.56,4425.33,2424,23,1
1779900900,4425.33,4428.22,4423.73,4427.37,2380,23,1
1779901200,4427.37,4438.16,4426.15,4438.16,2384,23,1
1779901500,4438.10,4448.20,4436.75,4444.32,2509,23,1
1779901800,4444.33,4455.38,4443.25,4447.99,2452,23,1
1779902100,4447.98,4451.96,4446.92,4451.13,2336,23,1
1779902400,4451.16,4455.25,4442.84,4444.26,2473,23,1
1779902700,4444.32,4446.04,4440.18,4445.47,2335,23,1
1779903000,4445.47,4449.24,4435.86,4440.89,2431,23,1
1779903300,4440.94,4445.38,4439.77,4444.21,2222,23,1
1779903600,4444.19,4444.93,4440.23,4443.14,2087,23,1
1779903900,4443.12,4446.14,4438.36,4438.36,1984,23,1
1779904200,4438.17,4439.87,4436.65,4439.77,2130,23,1
1779904500,4439.82,4439.83,4433.25,4433.95,2174,23,1
1779904800,4433.95,4438.46,4430.34,4436.25,2131,23,1
1779905100,4436.25,4437.12,4428.68,4429.54,2051,23,1
1779905400,4429.54,4432.68,4428.17,4432.09,1896,23,1
1779905700,4432.09,4433.09,4429.74,4430.95,1857,23,1
1779906000,4430.93,4434.04,4429.90,4433.51,1834,23,1
1779906300,4433.43,4435.90,4432.60,4435.77,1672,23,1
1779906600,4435.77,4441.50,4435.77,4438.66,2061,23,1
1779906900,4438.66,4440.76,4437.74,4440.76,1819,23,1
1779907200,4440.76,4441.18,4433.05,4434.12,1839,23,1
1779907500,4434.11,4438.72,4431.48,4432.80,1980,23,1
1779907800,4432.81,4435.14,4430.99,4434.22,1836,23,1
1779908100,4434.23,4437.20,4432.85,4436.47,1523,23,1
1779908400,4436.48,4441.90,4434.88,4437.56,1753,23,1
1779908700,4437.56,4438.10,4434.17,4436.77,1678,23,1
1779909000,4436.80,4440.90,4436.80,4440.17,1622,23,1
1779909300,4440.19,4443.15,4439.86,4441.83,1359,23,1
1779909600,4441.84,4444.21,4441.75,4444.14,1464,23,1
1779909900,4444.18,4447.57,4443.55,4446.83,1541,23,1
1779910200,4446.82,4449.55,4445.23,4448.34,1476,23,1
1779910500,4448.35,4450.89,4448.35,4449.79,1496,23,1
1779910800,4449.80,4453.22,4449.63,4450.75,1559,23,1
1779911100,4450.74,4452.80,4449.39,4452.06,1547,23,1
1779911400,4452.06,4453.30,4450.14,4450.75,1480,23,1
1779911700,4450.76,4451.45,4449.49,4450.81,1573,23,1
1779912000,4450.81,4451.00,4447.37,4449.22,1687,23,1
1779912300,4449.22,4451.57,4442.73,4442.98,1929,23,1
1779912600,4442.99,4445.65,4441.45,4444.08,1861,23,1
1779912900,4444.07,4447.42,4443.28,4446.76,1533,23,1
1779913200,4446.76,4448.26,4445.90,4446.58,1583,23,1
1779913500,4446.58,4451.21,4445.48,4449.91,1558,23,1
1779913800,4449.83,4453.29,4449.83,4452.02,1438,23,1
1779914100,4452.00,4454.27,4451.01,4451.04,1531,23,1
1779914400,4451.04,4452.05,4450.38,4450.59,1344,23,1
1779914700,4450.60,4451.77,4450.04,4450.85,1091,23,1
1779915000,4450.86,4453.67,4450.69,4452.87,1249,23,1
1779915300,4452.88,4454.03,4450.41,4450.41,1223,23,1
1779915600,4450.38,4452.18,4449.33,4449.53,1436,23,1
1779915900,4449.53,4450.11,4447.68,4448.08,1356,23,1
1779916200,4448.09,4450.06,4448.06,4450.05,1103,23,1
1779916500,4450.05,4453.10,4449.87,4452.54,1162,23,1
1779916800,4452.52,4458.29,4452.43,4454.95,1615,23,1
1779917100,4454.96,4455.93,4454.32,4455.53,1471,23,1
1779917400,4455.53,4456.42,4452.33,4452.66,1359,23,1
1779917700,4452.66,4453.42,4451.37,4453.07,943,23,1
1779918000,4453.07,4454.02,4452.93,4453.37,874,23,1
1779918300,4453.37,4453.57,4452.58,4453.38,882,23,1
1779918600,4453.37,4453.77,4452.39,4452.54,942,23,1
1779918900,4452.52,4455.00,4452.32,4454.40,963,23,1
1779919200,4454.39,4454.76,4451.90,4452.15,970,23,1
1779919500,4452.13,4453.27,4451.89,4452.69,941,23,1
1779919800,4452.69,4452.82,4450.57,4451.75,1201,23,1
1779920100,4451.75,4452.30,4449.77,4450.02,1170,23,1
1779920400,4450.03,4454.05,4450.02,4453.18,880,23,1
1779920700,4453.19,4453.23,4450.45,4451.00,1285,23,1
1779921000,4451.01,4453.50,4449.67,4452.68,1237,23,1
1779921300,4452.66,4454.71,4451.98,4454.65,1039,23,1
1779921600,4454.65,4454.75,4453.15,4453.64,944,23,1
1779921900,4453.65,4453.72,4451.87,4452.05,910,23,1
1779922200,4452.03,4452.87,4450.68,4451.08,1305,23,1
1779922500,4451.08,4451.08,4448.76,4450.90,1634,23,1
1779922800,4450.90,4453.48,4450.07,4452.52,1026,23,1
1779923100,4452.52,4453.47,4451.58,4452.99,767,23,1
1779923400,4452.85,4455.17,4452.42,4455.17,531,23,1
1779923700,4455.17,4458.82,4455.17,4458.12,954,23,1
1779924000,4458.16,4458.77,4456.03,4456.83,784,23,1
1779924300,4456.84,4456.89,4454.68,4454.98,661,23,1
1779924600,4454.95,4455.64,4454.46,4454.49,584,28,1
1779924900,4454.47,4454.47,4452.25,4452.43,539,28,1
1779925200,4452.43,4453.85,4451.56,4453.58,623,28,1
1779925500,4453.58,4454.51,4452.55,4454.23,644,28,1
1779925800,4454.25,4455.25,4454.00,4454.91,437,28,1
1779926100,4454.90,4456.12,4454.75,4456.02,339,28,1
1779930000,4457.42,4467.01,4455.47,4456.68,972,28,1
1779930300,4456.71,4462.34,4455.61,4458.84,794,28,1
1779930600,4458.84,4460.42,4457.28,4457.91,749,28,1
1779930900,4457.91,4460.43,4456.65,4459.49,691,28,1
1779931200,4459.49,4461.97,4457.74,4460.67,766,28,1
1779931500,4460.67,4461.84,4459.64,4459.92,838,28,1
1779931800,4459.91,4460.18,4455.19,4457.24,1195,23,1
1779932100,4457.29,4461.83,4457.28,4461.43,752,23,1
1779932400,4461.44,4462.41,4458.16,4458.57,862,23,1
1779932700,4458.54,4458.85,4456.36,4456.60,719,23,1
1779933000,4456.60,4458.10,4455.35,4456.76,746,23,1
1779933300,4456.76,4457.82,4456.58,4457.45,671,23,1
1779933600,4457.46,4457.83,4455.19,4456.61,835,23,1
1779933900,4456.62,4456.88,4451.76,4452.85,1051,23,1
1779934200,4452.85,4454.26,4451.84,4453.57,931,23,1
1779934500,4453.57,4454.95,4451.29,4453.75,1019,23,1
1779934800,4453.78,4454.72,4449.56,4451.62,1407,23,1
1779935100,4451.62,4452.25,4449.38,4450.69,1112,23,1
1779935400,4450.68,4451.40,4449.31,4449.74,1118,23,1
1779935700,4449.72,4454.00,4449.68,4453.27,920,23,1
1779936000,4453.28,4453.80,4450.71,4450.73,945,23,1
1779936300,4450.72,4450.74,4446.12,4448.26,1332,23,1
1779936600,4448.26,4448.97,4443.87,4446.25,1406,23,1
1779936900,4446.21,4449.88,4445.72,4447.10,1276,23,1
1779937200,4447.12,4452.51,4445.22,4449.50,1838,20,1
1779937500,4449.50,4450.02,4445.75,4449.16,1454,23,1
1779937800,4449.15,4449.97,4444.52,4444.61,1490,23,1
1779938100,4444.61,4453.84,4444.06,4452.26,1629,23,1
1779938400,4452.26,4453.57,4444.38,4445.45,1532,23,1
1779938700,4445.89,4447.88,4444.26,4446.27,1565,23,1
1779939000,4446.27,4450.02,4443.51,4449.48,1680,23,1
1779939300,4449.45,4452.84,4448.99,4450.79,1266,23,1
1779939600,4450.81,4453.20,4450.30,4451.96,1261,23,1
1779939900,4452.12,4455.25,4451.97,4453.78,1327,23,1
1779940200,4453.78,4454.43,4451.66,4451.74,1183,23,1
1779940500,4451.67,4457.89,4450.72,4457.14,1555,23,1
1779940800,4457.14,4458.90,4445.75,4445.90,2283,23,1
1779941100,4445.91,4448.23,4442.95,4444.56,2037,23,1
1779941400,4444.55,4446.41,4437.83,4438.20,1957,23,1
1779941700,4438.24,4440.42,4431.71,4433.38,2088,23,1
1779942000,4433.42,4434.99,4426.96,4431.22,1994,23,1
1779942300,4431.22,4431.34,4417.17,4419.44,2245,23,1
1779942600,4419.43,4425.75,4417.20,4425.29,2090,23,1
1779942900,4425.29,4426.48,4420.83,4422.81,1990,23,1
1779943200,4422.81,4423.10,4415.95,4417.61,2133,23,1
1779943500,4417.60,4420.41,4416.38,4417.61,2003,23,1
1779943800,4417.61,4419.68,4407.70,4409.20,2273,23,1
1779944100,4409.19,4411.30,4406.94,4409.98,2099,23,1
1779944400,4409.98,4412.64,4402.82,4404.11,2177,23,1
1779944700,4404.12,4408.46,4402.72,4407.90,1856,23,1
1779945000,4407.88,4408.29,4396.45,4402.67,2118,23,1
1779945300,4402.70,4405.80,4402.36,4404.23,1752,23,1
1779945600,4404.25,4406.13,4399.79,4405.76,1562,23,1
1779945900,4405.78,4408.36,4405.71,4406.15,1416,23,1
1779946200,4406.14,4410.38,4404.06,4408.94,1852,23,1
1779946500,4408.95,4409.19,4405.75,4406.83,1604,23,1
1779946800,4406.84,4408.41,4400.65,4402.08,1744,23,1
1779947100,4402.05,4402.29,4393.74,4396.14,2053,23,1
1779947400,4396.10,4398.36,4393.38,4395.41,1776,23,1
1779947700,4395.41,4398.86,4392.59,4394.38,1771,23,1
1779948000,4394.46,4396.42,4390.23,4395.26,1930,23,1
1779948300,4395.58,4397.81,4394.29,4396.53,1781,23,1
1779948600,4396.48,4397.38,4391.82,4394.17,1812,23,1
1779948900,4394.17,4394.45,4382.93,4384.49,2039,23,1
1779949200,4384.48,4387.88,4382.33,4386.68,1985,23,1
1779949500,4386.76,4388.26,4383.28,4387.68,1936,23,1
1779949800,4387.69,4387.89,4379.78,4379.91,1972,23,1
1779950100,4379.93,4380.14,4370.92,4373.24,2124,23,1
1779950400,4373.25,4377.81,4371.83,4376.79,2171,23,1
1779950700,4376.76,4379.32,4372.48,4375.02,1936,23,1
1779951000,4375.03,4376.34,4371.93,4375.54,1883,23,1
1779951300,4375.54,4376.88,4368.43,4374.78,1826,23,1
1779951600,4374.80,4377.58,4369.56,4375.10,1964,23,1
1779951900,4375.09,4382.04,4373.77,4381.11,1897,23,1
1779952200,4381.14,4381.68,4375.85,4376.38,1616,23,1
1779952500,4376.38,4377.02,4368.95,4369.17,1656,23,1
1779952800,4369.29,4372.71,4366.37,4371.46,1768,23,1
1779953100,4371.45,4371.94,4367.15,4368.41,1780,23,1
1779953400,4368.42,4372.54,4368.35,4371.52,1732,23,1
1779953700,4371.52,4373.71,4370.54,4372.10,1602,23,1
1779954000,4372.10,4374.99,4370.99,4374.01,1599,23,1
1779954300,4374.00,4375.14,4369.23,4369.44,1571,23,1
1779954600,4369.81,4372.54,4368.18,4371.02,1738,23,1
1779954900,4371.04,4374.83,4371.04,4372.96,1603,23,1
1779955200,4372.97,4374.08,4367.18,4369.96,1769,23,1
1779955500,4370.01,4374.24,4368.13,4371.86,1651,23,1
1779955800,4371.87,4377.28,4371.63,4375.38,1547,23,1
1779956100,4375.39,4376.23,4371.81,4374.50,1506,23,1
1779956400,4374.48,4377.62,4371.69,4377.16,1418,23,1
1779956700,4377.16,4379.92,4376.58,4378.67,1491,23,1
1779957000,4378.66,4387.73,4375.28,4386.61,2251,23,1
1779957300,4386.68,4391.12,4386.61,4391.03,2012,23,1
1779957600,4391.18,4393.49,4389.28,4389.51,1965,23,1
1779957900,4389.48,4394.85,4389.48,4392.33,1965,23,1
1779958200,4392.33,4395.79,4391.00,4393.44,1904,23,1
1779958500,4393.44,4393.72,4387.68,4387.96,1634,23,1
1779958800,4387.96,4390.64,4385.73,4387.66,1954,23,1
1779959100,4387.66,4387.84,4378.88,4379.73,1927,23,1
1779959400,4380.01,4381.63,4374.83,4376.02,1922,23,1
1779959700,4376.06,4380.40,4374.30,4379.61,1845,23,1
1779960000,4379.58,4384.79,4379.53,4381.90,1763,23,1
1779960300,4381.94,4384.81,4380.10,4380.36,1793,23,1
1779960600,4380.37,4384.93,4379.31,4383.39,1787,23,1
1779960900,4383.39,4385.44,4382.03,4382.05,1637,23,1
1779961200,4382.08,4383.78,4376.92,4380.46,1567,23,1
1779961500,4380.46,4384.42,4379.21,4383.33,1602,23,1
1779961800,4383.36,4384.01,4381.05,4382.60,1594,23,1
1779962100,4382.66,4384.62,4381.75,4383.50,1486,23,1
1779962400,4383.51,4389.65,4383.51,4387.54,1920,23,1
1779962700,4387.51,4392.27,4386.82,4391.99,1623,23,1
1779963000,4391.99,4391.99,4386.83,4388.81,1463,23,1
1779963300,4388.81,4395.19,4386.38,4394.43,1536,23,1
1779963600,4394.37,4396.28,4393.15,4394.27,1598,23,1
1779963900,4394.30,4396.05,4391.80,4392.65,1466,23,1
1779964200,4392.66,4393.75,4389.28,4389.47,1532,23,1
1779964500,4389.47,4392.67,4388.53,4389.16,1339,23,1
1779964800,4389.18,4389.80,4385.48,4389.40,1436,23,1
1779965100,4389.39,4391.01,4386.24,4387.98,1481,23,1
1779965400,4387.98,4389.37,4382.92,4385.56,1489,23,1
1779965700,4385.56,4388.82,4383.75,4387.50,1458,23,1
1779966000,4387.50,4392.98,4386.44,4387.48,1852,23,1
1779966300,4387.44,4393.61,4386.65,4393.60,1552,23,1
1779966600,4393.62,4394.91,4391.55,4393.25,1424,23,1
1779966900,4393.24,4394.52,4391.10,4391.82,1413,23,1
1779967200,4391.82,4394.41,4391.20,4392.58,1431,23,1
1779967500,4392.56,4393.10,4387.59,4389.77,1415,23,1
1779967800,4389.77,4391.97,4386.25,4391.96,1379,23,1
1779968100,4391.96,4394.94,4389.95,4391.90,1332,23,1
1779968400,4391.89,4393.40,4389.36,4389.95,1348,23,1
1779968700,4389.93,4391.38,4387.20,4390.89,1342,23,1
1779969000,4390.89,4391.80,4388.48,4388.62,1062,23,1
1779969300,4388.61,4389.02,4385.89,4386.96,1323,23,1
1779969600,4386.93,4390.91,4386.44,4389.11,1482,23,1
1779969900,4389.31,4390.97,4388.27,4389.59,1366,23,1
1779970200,4389.60,4390.58,4386.61,4389.33,1387,23,1
1779970500,4389.33,4392.00,4388.61,4390.02,1221,23,1
1779970800,4390.02,4399.08,4389.95,4395.39,1562,23,1
1779971100,4395.39,4397.75,4393.60,4396.43,1543,23,1
1779971400,4396.43,4396.87,4391.62,4392.86,1788,23,1
1779971700,4392.89,4395.72,4391.51,4392.42,1435,23,1
1779972000,4392.42,4393.07,4390.15,4391.12,1344,23,1
1779972300,4391.11,4393.48,4389.71,4392.91,1326,23,1
1779972600,4392.88,4396.20,4392.43,4395.00,1314,23,1
1779972900,4394.51,4396.32,4392.83,4393.59,1396,23,1
1779973200,4393.59,4394.93,4391.51,4393.77,1351,23,1
1779973500,4393.71,4401.59,4393.66,4401.40,1393,23,1
1779973800,4401.40,4404.12,4398.46,4399.30,1470,23,1
1779974100,4399.31,4400.79,4398.07,4399.39,1229,23,1
1779974400,4399.39,4399.49,4393.79,4395.76,1408,23,1
1779974700,4395.76,4402.27,4395.63,4401.18,1439,23,1
1779975000,4401.17,4402.44,4398.24,4398.78,1399,23,1
1779975300,4398.78,4399.78,4397.29,4397.82,1206,23,1
1779975600,4397.82,4398.42,4388.11,4389.11,1640,23,1
1779975900,4389.11,4389.11,4380.07,4380.75,1875,23,1
1779976200,4380.76,4384.80,4375.37,4382.20,2173,23,1
1779976500,4382.19,4387.34,4382.17,4383.04,1759,23,1
1779976800,4383.02,4388.54,4381.59,4388.53,1791,23,1
1779977100,4388.54,4389.30,4385.51,4386.88,1600,23,1
1779977400,4386.89,4388.59,4385.43,4387.02,1462,23,1
1779977700,4387.03,4390.49,4386.67,4389.47,1427,23,1
1779978000,4389.47,4390.03,4385.75,4387.62,1268,23,1
1779978300,4387.59,4389.15,4384.38,4384.88,1184,23,1
1779978600,4384.90,4387.02,4381.12,4386.66,1399,23,1
1779978900,4386.67,4390.08,4386.09,4388.48,1531,23,1
1779979200,4388.47,4390.34,4385.05,4385.81,1431,23,1
1779979500,4385.81,4386.24,4383.03,4383.35,1394,23,1
1779979800,4383.43,4384.58,4381.11,4383.70,1664,23,1
1779980100,4383.69,4388.44,4383.19,4387.95,1606,23,1
1779980400,4387.95,4391.25,4387.95,4390.14,1531,23,1
1779980700,4390.15,4392.85,4389.47,4391.59,1597,23,1
1779981000,4391.60,4392.72,4388.67,4392.62,1567,23,1
1779981300,4392.63,4392.84,4387.62,4388.29,1543,23,1
1779981600,4388.29,4389.62,4379.71,4381.29,1933,23,1
1779981900,4381.36,4386.96,4381.26,4385.25,1451,23,1
1779982200,4385.30,4394.47,4384.03,4392.37,2168,23,1
1779982500,4392.37,4402.35,4391.49,4398.87,2181,23,1
1779982800,4398.88,4403.02,4397.50,4402.08,2046,23,1
1779983100,4402.05,4410.27,4401.67,4409.88,2073,23,1
1779983400,4409.97,4421.44,4409.18,4420.58,2185,23,1
1779983700,4420.60,4433.80,4420.60,4432.11,2312,23,1
1779984000,4432.15,4436.37,4428.82,4432.56,2513,23,1
1779984300,4432.52,4439.03,4426.00,4426.30,2254,23,1
1779984600,4426.31,4431.99,4425.10,4426.74,2139,23,1
1779984900,4426.73,4431.98,4425.81,4431.50,1922,23,1
1779985200,4431.49,4434.32,4427.40,4428.78,1988,23,1
1779985500,4428.78,4433.04,4427.71,4428.53,1951,23,1
1779985800,4428.53,4430.77,4418.44,4418.74,2438,23,1
1779986100,4418.75,4426.37,4418.23,4424.85,2415,23,1
1779986400,4424.85,4425.62,4419.57,4422.09,2281,23,1
1779986700,4422.08,4430.11,4421.56,4425.72,2290,23,1
1779987000,4425.65,4434.27,4425.64,4430.68,2382,23,1
1779987300,4430.78,4432.21,4426.39,4430.53,2102,23,1
1779987600,4430.48,4433.20,4420.85,4424.73,2363,23,1
1779987900,4424.56,4442.55,4424.22,4438.80,2418,23,1
1779988200,4438.93,4467.55,4432.31,4464.33,2598,23,1
1779988500,4464.29,4473.40,4451.64,4464.62,2780,23,1
1779988800,4464.68,4467.05,4453.62,4461.56,2620,23,1
1779989100,4461.52,4465.15,4458.88,4461.00,2583,23,1
1779989400,4460.96,4467.96,4456.20,4456.54,2546,23,1
1779989700,4456.54,4460.13,4452.93,4459.51,2475,23,1
1779990000,4459.58,4471.49,4458.43,4468.89,2507,23,1
1779990300,4468.88,4480.36,4466.29,4468.11,2625,23,1
1779990600,4468.04,4475.53,4466.69,4470.39,2482,23,1
1779990900,4470.39,4470.72,4461.97,4469.31,2380,23,1
1779991200,4469.30,4476.89,4468.75,4474.96,2371,23,1
1779991500,4474.95,4480.75,4472.47,4473.42,2269,23,1
1779991800,4473.44,4474.27,4470.46,4471.37,2133,23,1
1779992100,4471.40,4473.97,4470.74,4472.43,1954,23,1
1779992400,4472.43,4476.90,4469.28,4476.22,2101,23,1
1779992700,4476.24,4482.17,4475.40,4476.74,2145,23,1
1779993000,4476.74,4481.36,4476.74,4481.00,2069,23,1
1779993300,4480.97,4484.73,4478.35,4478.41,2161,23,1
1779993600,4478.41,4481.07,4477.23,4479.33,1942,23,1
1779993900,4479.33,4482.32,4478.87,4479.62,1791,23,1
1779994200,4479.63,4482.36,4479.47,4480.14,1731,23,1
1779994500,4480.14,4482.24,4478.64,4482.23,1640,23,1
1779994800,4482.23,4483.83,4477.98,4480.79,1931,23,1
1779995100,4480.79,4485.81,4480.79,4481.29,1823,23,1
1779995400,4481.29,4485.40,4481.29,4484.34,1762,23,1
1779995700,4484.35,4497.40,4484.07,4497.07,2251,23,1
1779996000,4497.07,4502.45,4494.73,4502.06,2222,23,1
1779996300,4502.11,4502.81,4498.87,4500.46,2042,23,1
1779996600,4500.42,4502.53,4497.79,4498.92,1795,23,1
1779996900,4498.91,4503.11,4497.69,4499.38,1839,23,1
1779997200,4499.36,4506.27,4499.11,4504.38,1950,23,1
1779997500,4504.35,4508.27,4504.33,4505.17,2012,23,1
1779997800,4505.17,4509.60,4504.96,4508.88,1931,23,1
1779998100,4508.88,4511.02,4507.88,4511.00,1649,23,1
1779998400,4511.00,4514.46,4509.50,4510.15,1965,23,1
1779998700,4510.09,4510.24,4505.94,4509.83,1773,23,1
1779999000,4509.87,4510.38,4503.57,4503.90,1795,23,1
1779999300,4503.90,4506.85,4503.46,4504.46,1717,23,1
1779999600,4504.49,4505.67,4502.48,4505.01,1897,23,1
1779999900,4505.00,4506.28,4501.21,4502.03,1970,23,1
1780000200,4502.02,4507.07,4502.02,4505.17,1537,23,1
1780000500,4505.22,4505.85,4503.98,4505.69,1551,23,1
1780000800,4505.69,4507.14,4504.40,4505.02,1322,23,1
1780001100,4505.02,4509.13,4504.68,4508.46,1551,23,1
1780001400,4508.46,4508.56,4506.83,4507.61,1450,23,1
1780001700,4507.61,4509.93,4507.53,4508.88,1486,23,1
1780002000,4508.88,4516.51,4508.80,4513.11,1837,23,1
1780002300,4513.12,4513.78,4509.38,4509.80,1644,23,1
1780002600,4509.75,4509.75,4506.26,4507.65,1724,23,1
1780002900,4507.65,4512.69,4505.75,4509.64,1789,23,1
1780003200,4509.64,4511.13,4507.65,4508.18,1744,23,1
1780003500,4508.18,4508.24,4505.38,4506.26,1594,23,1
1780003800,4506.26,4506.44,4501.57,4502.16,1594,23,1
1780004100,4502.16,4503.63,4500.92,4501.96,1569,23,1
1780004400,4501.94,4502.82,4501.04,4501.75,1384,23,1
1780004700,4501.75,4502.46,4498.56,4499.31,1432,23,1
1780005000,4499.31,4503.62,4498.83,4502.97,1452,23,1
1780005300,4502.99,4503.34,4500.59,4500.97,1270,23,1
1780005600,4501.03,4503.71,4500.10,4501.76,1453,23,1
1780005900,4501.76,4502.32,4498.90,4498.99,1203,23,1
1780006200,4498.99,4501.80,4498.64,4499.56,1309,23,1
1780006500,4499.56,4501.63,4499.55,4501.04,1141,23,1
1780006800,4501.04,4502.99,4500.46,4502.48,1123,23,1
1780007100,4502.43,4502.51,4499.72,4499.74,1251,23,1
1780007400,4499.74,4501.85,4499.74,4500.95,1284,23,1
1780007700,4500.95,4501.66,4499.41,4500.93,1194,23,1
1780008000,4500.93,4501.06,4499.00,4499.26,1198,23,1
1780008300,4499.26,4500.36,4498.22,4498.64,1221,23,1
1780008600,4498.64,4499.99,4497.78,4498.95,1548,23,1
1780008900,4498.95,4499.50,4497.15,4498.03,1726,23,1
1780009200,4497.99,4498.27,4495.60,4495.84,1266,23,1
1780009500,4495.82,4497.47,4494.94,4496.14,866,23,1
1780009800,4496.14,4498.67,4496.06,4497.13,939,23,1
1780010100,4497.13,4500.62,4496.36,4497.56,1115,23,1
1780010400,4497.55,4498.86,4497.53,4497.76,627,23,1
1780010700,4497.74,4499.54,4497.04,4499.34,613,23,1
1780011000,4499.32,4500.70,4498.29,4500.24,734,28,1
1780011300,4500.25,4500.25,4496.31,4496.41,724,28,1
1780011600,4496.42,4496.71,4494.91,4495.50,694,28,1
1780011900,4495.54,4496.39,4494.94,4495.95,792,28,1
1780012200,4495.94,4496.16,4494.93,4495.82,577,28,1
1780012500,4495.82,4496.48,4495.51,4496.31,381,28,1
1780016400,4496.04,4499.69,4495.28,4497.25,764,28,1
1780016700,4497.26,4498.15,4491.80,4493.60,977,28,1
1780017000,4493.61,4495.19,4492.52,4493.79,827,28,1
1780017300,4493.80,4494.91,4493.23,4493.73,509,28,1
1780017600,4493.73,4494.88,4493.10,4493.83,686,28,1
1780017900,4493.82,4496.55,4492.82,4495.86,892,28,1
1780018200,4495.84,4496.54,4493.82,4494.07,820,23,1
1780018500,4494.05,4495.16,4493.12,4494.38,718,23,1
1780018800,4494.37,4496.58,4493.44,4495.59,869,23,1
1780019100,4495.60,4496.25,4494.51,4494.61,734,23,1
1780019400,4494.60,4494.90,4492.54,4493.92,781,23,1
1780019700,4493.92,4494.32,4491.10,4491.23,784,23,1
1780020000,4491.22,4495.37,4491.15,4495.30,1163,23,1
1780020300,4495.36,4495.76,4494.13,4494.28,842,23,1
1780020600,4494.28,4494.96,4494.28,4494.74,611,23,1
1780020900,4494.77,4496.98,4494.72,4495.90,738,23,1
1780021200,4495.91,4495.91,4494.00,4494.61,690,23,1
1780021500,4494.63,4494.63,4491.81,4492.34,728,23,1
1780021800,4492.34,4494.60,4491.32,4494.04,903,23,1
1780022100,4494.04,4494.64,4491.99,4492.03,915,23,1
1780022400,4492.03,4492.19,4489.13,4489.97,982,23,1
1780022700,4489.96,4491.23,4489.04,4490.50,1072,23,1
1780023000,4490.51,4494.50,4490.45,4492.24,1112,23,1
1780023300,4492.24,4496.37,4491.83,4495.14,1108,23,1
1780023600,4495.16,4497.96,4492.52,4495.06,1720,20,1
1780023900,4495.06,4496.46,4492.14,4494.72,1646,23,1
1780024200,4494.73,4498.17,4492.72,4497.43,1579,23,1
1780024500,4497.41,4499.84,4496.56,4499.12,1439,23,1
1780024800,4499.12,4500.46,4495.90,4497.57,1265,23,1
1780025100,4497.57,4500.55,4496.80,4500.08,1426,23,1
1780025400,4500.08,4500.41,4495.25,4495.26,1454,23,1
1780025700,4495.23,4496.48,4493.31,4494.22,1222,23,1
1780026000,4494.22,4498.49,4494.09,4498.31,1185,23,1
1780026300,4498.30,4498.30,4493.28,4495.12,1240,23,1
1780026600,4495.11,4496.78,4493.68,4494.07,1200,23,1
1780026900,4494.07,4496.09,4493.51,4496.09,1202,23,1
1780027200,4496.09,4503.44,4492.44,4500.81,2321,23,1
1780027500,4500.80,4509.29,4498.91,4508.79,2063,23,1
1780027800,4508.85,4515.28,4508.11,4514.89,2090,23,1
1780028100,4514.89,4520.64,4514.51,4518.65,1984,23,1
1780028400,4518.69,4520.26,4512.79,4512.81,1877,23,1
1780028700,4512.75,4513.35,4505.26,4505.41,1859,23,1
1780029000,4505.42,4505.70,4502.45,4504.07,1901,23,1
1780029300,4504.07,4508.37,4503.24,4506.94,1764,23,1
1780029600,4506.93,4508.47,4505.45,4506.43,1836,23,1
1780029900,4506.42,4506.77,4501.55,4502.00,1759,23,1
1780030200,4501.99,4506.51,4501.13,4506.11,1611,23,1
1780030500,4506.12,4507.66,4503.87,4506.50,1589,23,1
1780030800,4506.49,4510.94,4506.02,4510.73,1776,23,1
1780031100,4510.73,4511.15,4505.13,4505.83,1446,23,1
1780031400,4505.86,4507.98,4504.14,4506.87,1523,23,1
1780031700,4506.84,4508.91,4505.20,4505.82,1329,23,1
1780032000,4505.85,4506.04,4502.96,4504.52,1145,23,1
1780032300,4504.51,4504.95,4501.85,4503.06,982,23,1
1780032600,4503.06,4505.10,4498.37,4504.10,1720,23,1
1780032900,4504.09,4506.52,4503.21,4506.18,1399,23,1
1780033200,4506.18,4507.87,4504.95,4505.15,1314,23,1
1780033500,4505.12,4508.17,4504.74,4506.51,1350,23,1
1780033800,4506.51,4506.52,4502.18,4503.17,1552,23,1
1780034100,4503.17,4505.19,4501.27,4501.82,1425,23,1
1780034400,4501.78,4501.93,4499.02,4501.58,1653,23,1
1780034700,4501.59,4501.61,4496.71,4498.12,1551,23,1
1780035000,4498.13,4498.74,4494.99,4496.31,1692,23,1
1780035300,4496.34,4497.73,4495.34,4496.39,1399,23,1
1780035600,4496.39,4499.22,4496.36,4498.29,1357,23,1
1780035900,4498.30,4498.36,4495.25,4496.78,1505,23,1
1780036200,4496.79,4498.26,4496.67,4497.32,1099,23,1
1780036500,4497.32,4498.01,4494.89,4496.23,1173,23,1
1780036800,4496.23,4499.20,4496.23,4498.15,1031,23,1
1780037100,4498.14,4500.01,4497.98,4499.94,943,23,1
1780037400,4499.94,4500.50,4496.53,4499.72,1134,23,1
1780037700,4499.71,4501.75,4498.76,4501.27,1152,23,1
1780038000,4501.29,4505.33,4501.04,4502.76,1384,23,1
1780038300,4502.76,4503.76,4501.47,4503.35,972,23,1
1780038600,4503.33,4503.59,4501.86,4502.36,908,23,1
1780038900,4502.37,4504.91,4502.00,4504.63,1049,23,1
1780039200,4504.63,4511.43,4504.14,4510.64,1258,23,1
1780039500,4510.56,4511.71,4509.02,4509.22,1356,23,1
1780039800,4509.21,4510.50,4508.52,4508.94,1091,23,1
1780040100,4508.93,4510.81,4508.47,4509.83,911,23,1
1780040400,4509.82,4510.85,4509.11,4510.64,970,23,1
1780040700,4510.64,4510.99,4508.40,4509.34,953,23,1
1780041000,4509.34,4510.10,4508.24,4509.30,947,23,1
1780041300,4509.31,4514.81,4508.72,4514.13,1042,23,1
1780041600,4514.13,4515.41,4509.67,4509.74,1075,23,1
1780041900,4509.78,4510.86,4509.42,4510.03,914,23,1
1780042200,4510.02,4512.39,4508.91,4511.96,940,23,1
1780042500,4511.98,4512.24,4510.60,4511.86,903,23,1
1780042800,4511.86,4512.03,4509.75,4509.86,819,23,1
1780043100,4509.93,4510.74,4509.46,4509.93,849,23,1
1780043400,4509.92,4512.84,4507.52,4508.42,1719,23,1
1780043700,4508.44,4508.45,4502.69,4503.56,1552,23,1
1780044000,4503.56,4507.97,4502.80,4506.71,1561,23,1
1780044300,4506.71,4508.64,4505.48,4505.97,1536,23,1
1780044600,4505.98,4515.74,4504.03,4515.03,1540,23,1
1780044900,4515.03,4515.52,4510.65,4514.94,1475,23,1
1780045200,4514.94,4522.41,4514.34,4519.13,2035,23,1
1780045500,4519.14,4520.02,4514.25,4514.27,1675,23,1
1780045800,4514.26,4516.03,4511.08,4515.69,1693,23,1
1780046100,4515.69,4515.69,4510.10,4511.41,1626,23,1
1780046400,4511.41,4519.80,4511.27,4518.66,1706,23,1
1780046700,4518.66,4521.48,4516.23,4516.58,1689,23,1
1780047000,4516.57,4520.69,4516.49,4517.77,1600,23,1
1780047300,4517.79,4518.89,4513.78,4514.92,1675,23,1
1780047600,4514.91,4516.85,4511.32,4516.67,1609,23,1
1780047900,4516.67,4519.74,4515.16,4517.68,1434,23,1
1780048200,4517.68,4523.08,4517.13,4522.00,1503,23,1
1780048500,4522.01,4524.03,4521.69,4523.66,1570,23,1
1780048800,4523.65,4523.89,4518.94,4519.20,1612,23,1
1780049100,4519.14,4520.73,4518.00,4519.14,1476,23,1
1780049400,4519.14,4520.58,4515.97,4516.30,1507,23,1
1780049700,4516.30,4517.07,4514.34,4515.61,1536,23,1
1780050000,4515.62,4515.85,4511.85,4511.85,1423,23,1
1780050300,4511.86,4514.14,4510.72,4514.06,1540,23,1
1780050600,4514.07,4521.15,4512.86,4520.72,1650,23,1
1780050900,4520.71,4525.25,4520.21,4522.51,1821,23,1
1780051200,4522.52,4525.98,4521.18,4525.35,1601,23,1
1780051500,4525.34,4526.12,4523.39,4524.11,1429,23,1
1780051800,4524.12,4525.29,4522.16,4523.23,1182,23,1
1780052100,4523.23,4525.47,4523.02,4524.71,1235,23,1
1780052400,4524.71,4524.74,4518.89,4519.10,1729,23,1
1780052700,4519.18,4520.67,4515.73,4515.92,1559,23,1
1780053000,4515.91,4519.04,4514.13,4515.25,1476,23,1
1780053300,4515.24,4516.33,4513.10,4513.20,1556,23,1
1780053600,4513.23,4517.13,4512.56,4515.37,1528,23,1
1780053900,4515.38,4517.95,4514.31,4517.08,1364,23,1
1780054200,4517.04,4517.98,4514.89,4514.93,1051,23,1
1780054500,4514.93,4516.54,4513.91,4515.01,1265,23,1
1780054800,4515.01,4516.14,4514.17,4515.00,1119,23,1
1780055100,4514.98,4516.19,4510.96,4511.26,1320,23,1
1780055400,4511.23,4515.32,4509.99,4513.86,1345,23,1
1780055700,4513.87,4515.17,4513.11,4514.90,1099,23,1
1780056000,4514.90,4519.38,4513.31,4518.92,1646,23,1
1780056300,4518.91,4524.05,4517.47,4523.84,1384,23,1
1780056600,4523.83,4530.35,4523.38,4529.01,1609,23,1
1780056900,4529.06,4529.62,4526.95,4527.98,1672,23,1
1780057200,4527.97,4528.24,4522.18,4522.66,1415,23,1
1780057500,4522.66,4532.16,4522.45,4528.86,1491,23,1
1780057800,4528.86,4530.65,4524.84,4528.59,1661,23,1
1780058100,4528.61,4530.50,4526.81,4528.81,1295,23,1
1780058400,4528.81,4532.62,4528.19,4532.41,1122,23,1
1780058700,4532.42,4537.65,4532.09,4537.22,1642,23,1
1780059000,4537.22,4539.35,4531.30,4532.63,1589,23,1
1780059300,4532.64,4533.28,4529.65,4531.03,1294,23,1
1780059600,4531.03,4531.11,4525.50,4525.92,1389,23,1
1780059900,4525.93,4528.59,4525.86,4526.41,1217,23,1
1780060200,4526.40,4528.66,4525.91,4528.48,1309,23,1
1780060500,4528.48,4530.22,4525.71,4526.74,1322,23,1
1780060800,4526.73,4527.76,4525.93,4527.56,1241,23,1
1780061100,4527.57,4530.91,4527.40,4530.46,1206,23,1
1780061400,4530.45,4539.20,4530.37,4538.78,1516,23,1
1780061700,4538.77,4543.25,4538.22,4541.37,1578,23,1
1780062000,4541.36,4542.17,4536.39,4537.91,1396,23,1
1780062300,4537.96,4541.00,4536.27,4537.11,1360,23,1
1780062600,4537.10,4539.05,4536.69,4536.69,1264,23,1
1780062900,4536.70,4538.60,4535.37,4538.50,1325,23,1
1780063200,4538.50,4540.40,4535.60,4535.90,1451,23,1
1780063500,4535.90,4536.96,4532.17,4532.52,1295,23,1
1780063800,4532.53,4533.28,4530.87,4532.34,1373,23,1
1780064100,4532.34,4532.73,4529.33,4531.59,1450,23,1
1780064400,4531.60,4534.43,4530.24,4531.18,1379,23,1
1780064700,4531.18,4531.94,4526.86,4528.02,1528,23,1
1780065000,4528.02,4528.54,4525.86,4527.04,1344,23,1
1780065300,4527.05,4528.96,4526.66,4528.32,1138,23,1
1780065600,4528.32,4531.44,4528.20,4531.06,1196,23,1
1780065900,4531.04,4533.88,4529.22,4529.23,1142,23,1
1780066200,4529.23,4535.11,4527.44,4533.89,1706,23,1
1780066500,4533.91,4538.93,4533.76,4538.37,1377,23,1
1780066800,4538.37,4538.55,4528.24,4529.40,1573,23,1
1780067100,4529.40,4530.53,4527.25,4530.18,1600,23,1
1780067400,4530.18,4532.01,4526.95,4528.38,1699,23,1
1780067700,4528.38,4531.85,4527.77,4530.17,1343,23,1
1780068000,4530.36,4530.36,4520.00,4523.48,1814,23,1
1780068300,4523.50,4524.55,4520.55,4522.29,1549,23,1
1780068600,4522.30,4523.44,4515.49,4517.14,1987,23,1
1780068900,4517.10,4518.85,4515.31,4517.29,1828,23,1
1780069200,4517.31,4517.71,4512.77,4514.29,1662,23,1
1780069500,4514.29,4517.94,4512.74,4515.38,1691,23,1
1780069800,4515.37,4519.99,4514.45,4518.55,1802,23,1
1780070100,4518.59,4524.04,4516.58,4522.97,1581,23,1
1780070400,4522.95,4525.50,4517.11,4524.22,2170,23,1
1780070700,4524.22,4526.85,4520.33,4525.65,1904,23,1
1780071000,4525.66,4525.70,4520.85,4522.69,1699,23,1
1780071300,4522.70,4524.33,4521.27,4522.64,1660,23,1
1780071600,4522.62,4529.15,4522.42,4526.23,1698,23,1
1780071900,4526.23,4528.33,4525.42,4527.99,1861,23,1
1780072200,4527.98,4532.04,4525.08,4525.08,2407,23,1
1780072500,4525.03,4533.04,4522.41,4531.43,2314,23,1
1780072800,4531.43,4535.44,4530.40,4533.04,1944,23,1
1780073100,4533.00,4536.76,4529.59,4535.84,2085,23,1
1780073400,4535.79,4539.12,4532.10,4538.60,2184,23,1
1780073700,4538.60,4540.68,4535.31,4536.76,2101,23,1
1780074000,4536.76,4549.30,4535.21,4547.91,2472,23,1
1780074300,4547.95,4552.60,4546.34,4551.15,2374,23,1
1780074600,4551.14,4552.59,4543.79,4543.86,2271,23,1
1780074900,4543.79,4545.00,4537.78,4537.78,2406,23,1
1780075200,4537.92,4540.39,4530.99,4531.09,2273,23,1
1780075500,4531.07,4533.19,4526.18,4529.83,2492,23,1
1780075800,4529.83,4536.39,4525.45,4536.19,2391,23,1
1780076100,4536.19,4536.62,4530.83,4531.83,2271,23,1
1780076400,4531.76,4541.75,4531.67,4540.36,2347,23,1
1780076700,4540.36,4540.98,4536.94,4539.75,2124,23,1
1780077000,4539.74,4569.01,4539.73,4556.99,2610,23,1
1780077300,4556.91,4570.45,4555.80,4564.19,2602,23,1
1780077600,4564.19,4578.26,4564.18,4578.22,2587,23,1
1780077900,4578.19,4589.76,4573.98,4588.01,2590,23,1
1780078200,4587.96,4595.28,4586.01,4590.00,2546,23,1
1780078500,4589.95,4591.40,4586.01,4588.56,2435,23,1
1780078800,4588.56,4589.11,4581.69,4584.84,2388,23,1
1780079100,4584.83,4585.25,4578.44,4578.44,2073,23,1
1780079400,4578.38,4583.25,4577.99,4578.21,2134,23,1
1780079700,4578.26,4580.68,4572.09,4572.99,2262,23,1
1780080000,4572.99,4575.15,4561.46,4566.53,2498,23,1
1780080300,4566.59,4569.23,4557.56,4564.92,2395,23,1
1780080600,4564.92,4570.41,4563.37,4568.99,2093,23,1
1780080900,4568.99,4571.50,4568.28,4571.04,1965,23,1
1780081200,4571.08,4572.20,4567.78,4567.96,1935,23,1
1780081500,4567.97,4568.90,4563.87,4564.24,1847,23,1
1780081800,4564.22,4564.98,4559.91,4563.54,1836,23,1
1780082100,4563.57,4567.60,4562.92,4565.28,1779,23,1
1780082400,4565.28,4567.03,4563.80,4564.19,1687,23,1
1780082700,4564.20,4564.21,4560.38,4563.03,1812,23,1
1780083000,4563.03,4570.09,4561.92,4568.89,2015,23,1
1780083300,4568.94,4573.37,4567.73,4572.07,1829,23,1
1780083600,4572.05,4572.92,4568.59,4569.51,1712,23,1
1780083900,4569.51,4569.56,4564.50,4564.78,1754,23,1
1780084200,4564.77,4565.78,4560.85,4565.29,1833,23,1
1780084500,4565.31,4567.44,4562.57,4566.77,1632,23,1
1780084800,4566.93,4568.02,4564.32,4564.41,1668,23,1
1780085100,4564.31,4568.52,4563.37,4567.50,1549,23,1
1780085400,4567.56,4568.37,4563.99,4564.06,1574,23,1
1780085700,4564.12,4566.86,4563.72,4565.55,1559,23,1
1780086000,4565.55,4566.89,4560.97,4565.53,1863,23,1
1780086300,4565.53,4565.80,4561.47,4561.89,1821,23,1
1780086600,4561.86,4562.07,4557.86,4561.31,1782,23,1
1780086900,4561.30,4561.89,4558.49,4558.74,1592,23,1
1780087200,4558.74,4559.98,4553.28,4554.12,1733,23,1
1780087500,4554.13,4557.61,4553.16,4556.01,1665,23,1
1780087800,4556.01,4556.19,4552.44,4553.56,1563,23,1
1780088100,4553.55,4553.99,4551.64,4553.44,1797,23,1
1780088400,4553.44,4557.38,4552.57,4557.35,1937,23,1
1780088700,4557.34,4558.75,4555.89,4557.92,1534,23,1
1780089000,4557.92,4558.30,4556.16,4558.10,1330,23,1
1780089300,4558.11,4558.83,4555.68,4558.64,1494,23,1
1780089600,4558.62,4559.84,4557.46,4558.66,1406,23,1
1780089900,4558.66,4560.41,4558.18,4559.36,1444,23,1
1780090200,4559.32,4561.26,4559.32,4560.92,1366,23,1
1780090500,4560.93,4561.66,4559.93,4560.13,1117,23,1
1780090800,4560.13,4560.21,4557.61,4557.99,1205,23,1
1780091100,4557.99,4557.99,4550.93,4553.10,1960,23,1
1780091400,4553.06,4554.71,4552.31,4554.25,1594,23,1
1780091700,4554.23,4556.81,4552.96,4553.26,1605,23,1
1780092000,4553.35,4554.93,4552.36,4554.55,1506,23,1
1780092300,4554.53,4558.48,4554.46,4558.48,1308,23,1
1780092600,4558.49,4560.18,4557.94,4558.48,1294,23,1
1780092900,4558.49,4559.10,4556.74,4557.73,1183,23,1
1780093200,4557.56,4557.94,4555.77,4556.41,1151,23,1
1780093500,4556.45,4556.97,4554.64,4555.24,1216,23,1
1780093800,4555.24,4556.38,4553.06,4553.48,1375,23,1
1780094100,4553.49,4553.97,4551.82,4552.42,1259,23,1
1780094400,4552.41,4553.88,4551.25,4551.49,1352,23,1
1780094700,4551.49,4551.63,4548.57,4548.64,1476,23,1
1780095000,4548.64,4549.57,4545.61,4546.43,1845,23,1
1780095300,4546.43,4548.19,4542.94,4545.52,1987,23,1
1780095600,4545.55,4547.30,4542.78,4544.44,1594,23,1
1780095900,4544.44,4546.03,4543.30,4545.79,982,23,1
1780096200,4545.78,4549.08,4545.17,4548.79,909,23,1
1780096500,4548.77,4548.85,4545.43,4545.86,813,23,1
1780096800,4545.86,4545.86,4544.26,4544.97,660,23,1
1780097100,4544.98,4545.09,4542.32,4542.67,849,23,1
1780097400,4542.66,4543.30,4541.75,4543.18,838,23,1
1780097700,4543.16,4543.41,4542.11,4542.91,676,28,1
1780098000,4542.90,4544.04,4541.30,4543.73,846,28,1
1780098300,4543.73,4543.73,4541.64,4541.87,787,28,1
1780098600,4541.88,4543.18,4539.77,4539.93,939,28,1
1780098900,4539.99,4541.17,4539.60,4541.17,344,28,1
1780275600,4539.64,4539.76,4518.05,4520.67,1946,22,0
1780275900,4520.67,4527.20,4519.68,4525.80,1329,28,0
1780276200,4525.80,4535.29,4523.79,4534.65,1436,28,0
1780276500,4534.66,4536.57,4531.36,4536.42,1407,28,0
1780276800,4536.43,4536.50,4531.37,4533.15,1323,28,0
1780277100,4533.15,4534.20,4531.72,4533.16,885,28,0
1780277400,4533.19,4536.59,4532.72,4535.65,1349,23,0
1780277700,4535.66,4536.26,4531.91,4531.92,1012,23,0
1780278000,4531.92,4535.61,4530.95,4535.61,1069,23,0
1780278300,4535.61,4540.40,4535.58,4538.29,1151,23,0
1780278600,4538.29,4538.99,4534.86,4534.97,931,23,0
1780278900,4534.96,4537.87,4534.91,4535.30,824,23,0
1780279200,4535.30,4540.38,4535.07,4539.62,1010,23,0
1780279500,4539.63,4541.69,4538.76,4541.48,778,23,0
1780279800,4541.49,4543.18,4540.14,4542.56,932,23,0
1780280100,4542.56,4543.60,4541.23,4542.16,899,23,0
1780280400,4542.16,4543.54,4540.13,4542.02,873,23,0
1780280700,4542.02,4544.99,4541.82,4544.89,937,23,0
1780281000,4544.89,4545.72,4539.19,4539.32,1196,23,0
1780281300,4539.35,4541.74,4538.57,4540.76,1106,23,0
1780281600,4540.75,4542.60,4540.49,4541.93,833,23,0
1780281900,4541.91,4542.72,4538.59,4541.13,1409,23,0
1780282200,4541.13,4544.76,4540.47,4544.27,1240,23,0
1780282500,4544.26,4544.67,4539.54,4539.54,1181,23,0
1780282800,4539.55,4546.01,4537.44,4544.95,1671,23,0
1780283100,4544.98,4545.00,4540.69,4540.86,1501,23,0
1780283400,4540.85,4543.60,4539.44,4540.80,1460,23,0
1780283700,4540.79,4543.74,4537.82,4538.44,1533,23,0
1780284000,4538.39,4541.58,4538.05,4540.78,1244,23,0
1780284300,4540.78,4544.44,4539.71,4543.20,1313,23,0
1780284600,4543.20,4545.06,4535.96,4538.07,1382,23,0
1780284900,4538.07,4538.83,4535.25,4536.85,1357,23,0
1780285200,4536.85,4537.34,4535.35,4536.00,1275,23,0
1780285500,4535.96,4541.92,4535.95,4541.39,1362,23,0
1780285800,4541.39,4542.76,4538.11,4538.87,1356,23,0
1780286100,4538.77,4541.87,4537.21,4540.67,1532,23,0
1780286400,4540.78,4541.26,4531.78,4534.21,2179,23,0
1780286700,4534.27,4535.41,4527.42,4529.07,1985,23,0
1780287000,4529.15,4534.33,4526.25,4533.95,1890,23,0
1780287300,4533.95,4534.35,4530.01,4530.26,1727,23,0
1780287600,4530.25,4536.66,4529.90,4532.19,1750,23,0
1780287900,4532.18,4533.11,4527.89,4528.78,1717,23,0
1780288200,4528.80,4532.81,4527.05,4532.81,1842,23,0
1780288500,4532.75,4533.35,4527.98,4529.74,1681,23,0
1780288800,4529.75,4533.86,4528.47,4533.18,1640,23,0
1780289100,4533.16,4533.68,4527.54,4528.50,1653,23,0
1780289400,4528.50,4531.18,4527.78,4529.90,1579,23,0
1780289700,4529.92,4530.04,4523.76,4525.49,1759,23,0
1780290000,4525.49,4527.70,4524.35,4525.11,1533,23,0
1780290300,4525.11,4531.90,4524.94,4528.55,1595,23,0
1780290600,4528.55,4533.97,4528.42,4532.12,1557,23,0
1780290900,4532.08,4534.57,4531.71,4531.95,1185,23,0
1780291200,4531.96,4532.77,4530.22,4531.48,1052,23,0
1780291500,4531.48,4531.70,4529.36,4530.32,792,23,0
1780291800,4530.33,4530.36,4523.54,4527.23,1820,23,0
1780292100,4527.25,4531.02,4527.16,4528.13,1588,23,0
1780292400,4528.36,4528.36,4522.39,4522.87,1558,23,0
1780292700,4522.82,4525.01,4521.94,4523.44,1673,23,0
1780293000,4523.44,4523.95,4522.26,4522.26,1492,23,0
1780293300,4522.24,4523.35,4521.14,4521.46,1493,23,0
1780293600,4521.41,4525.52,4521.36,4524.65,1405,23,0
1780293900,4524.65,4524.79,4517.43,4517.55,1628,23,0
1780294200,4517.56,4520.34,4515.58,4518.87,1601,23,0
1780294500,4518.84,4519.97,4513.97,4519.33,1525,23,0
1780294800,4519.32,4520.11,4517.57,4518.54,1384,23,0
1780295100,4518.57,4521.35,4518.04,4520.40,1331,23,0
1780295400,4520.40,4524.04,4519.92,4521.41,1277,23,0
1780295700,4521.46,4521.79,4514.45,4515.60,1116,23,0
1780296000,4515.63,4515.68,4509.84,4510.64,1255,23,0
1780296300,4510.64,4513.27,4509.85,4512.56,1206,23,0
1780296600,4512.48,4513.89,4511.64,4513.14,979,23,0
1780296900,4513.13,4516.28,4512.32,4516.27,937,23,0
1780297200,4516.27,4519.61,4515.68,4516.42,1129,23,0
1780297500,4516.42,4517.24,4513.88,4514.08,1015,23,0
1780297800,4514.09,4514.99,4512.44,4514.58,775,23,0
1780298100,4514.58,4518.45,4514.55,4516.85,798,23,0
1780298400,4516.87,4517.71,4516.03,4517.55,712,23,0
1780298700,4517.55,4517.63,4515.31,4515.79,826,23,0
1780299000,4515.79,4516.53,4514.16,4514.23,729,23,0
1780299300,4514.24,4515.57,4513.61,4515.14,868,23,0
1780299600,4515.12,4517.22,4514.35,4514.54,1009,23,0
1780299900,4514.55,4514.66,4508.58,4510.56,985,23,0
1780300200,4510.55,4514.45,4509.77,4514.14,1139,23,0
1780300500,4514.18,4515.04,4512.60,4514.41,968,23,0
1780300800,4514.41,4516.23,4513.58,4516.04,1114,23,0
1780301100,4516.02,4517.70,4515.65,4516.41,920,23,0
1780301400,4516.40,4519.20,4515.28,4518.16,1004,23,0
1780301700,4518.16,4521.91,4517.53,4521.53,985,23,0
1780302000,4521.54,4523.15,4519.64,4522.52,1057,23,0
1780302300,4522.41,4523.49,4520.34,4520.44,1013,23,0
1780302600,4520.42,4522.05,4512.65,4513.85,1885,23,0
1780302900,4513.83,4521.99,4513.64,4520.14,1598,23,0
1780303200,4520.13,4520.91,4515.45,4519.78,1694,23,0
1780303500,4519.75,4525.14,4517.33,4524.21,1594,23,0
1780303800,4524.21,4524.52,4521.09,4523.50,1615,23,0
1780304100,4523.47,4523.49,4517.10,4518.20,1546,23,0
1780304400,4518.20,4518.71,4514.14,4516.26,1873,23,0
1780304700,4516.26,4518.51,4515.37,4517.05,1490,23,0
1780305000,4517.05,4517.43,4512.70,4514.08,1602,23,0
1780305300,4514.07,4515.95,4510.08,4511.04,1641,23,0
1780305600,4511.03,4511.03,4504.94,4506.12,1758,23,0
1780305900,4506.16,4514.40,4505.68,4513.92,1583,23,0
1780306200,4514.18,4514.75,4510.37,4510.63,1474,23,0
1780306500,4510.63,4510.93,4501.76,4504.62,1842,23,0
1780306800,4504.62,4506.02,4503.26,4504.55,1504,23,0
1780307100,4504.56,4504.56,4500.99,4504.50,1608,23,0
1780307400,4504.50,4504.51,4500.28,4503.54,1696,23,0
1780307700,4503.57,4504.87,4501.18,4501.66,1603,23,0
1780308000,4501.64,4508.48,4500.70,4507.71,1758,23,0
1780308300,4507.71,4509.88,4506.24,4506.40,1643,23,0
1780308600,4506.39,4509.46,4505.72,4507.21,1380,23,0
1780308900,4507.23,4508.23,4504.81,4506.78,1311,23,0
1780309200,4506.78,4507.22,4503.33,4505.15,1244,23,0
1780309500,4505.15,4506.02,4503.36,4503.87,1415,23,0
1780309800,4503.85,4507.72,4503.80,4504.68,1321,23,0
1780310100,4504.68,4506.38,4502.65,4503.44,1350,23,0
1780310400,4503.43,4503.67,4497.88,4498.15,1583,23,0
1780310700,4498.11,4500.24,4492.84,4494.50,1732,23,0
1780311000,4494.50,4496.68,4492.44,4495.69,1499,23,0
1780311300,4495.69,4503.08,4495.32,4503.07,1405,23,0
1780311600,4503.08,4504.45,4495.56,4495.62,1689,23,0
1780311900,4495.62,4499.43,4493.68,4493.88,1587,23,0
1780312200,4493.88,4498.72,4493.57,4495.64,1390,23,0
1780312500,4495.68,4496.59,4491.62,4494.86,1571,23,0
1780312800,4494.86,4496.73,4490.62,4492.64,1398,23,0
1780313100,4492.65,4496.27,4492.53,4495.87,1141,23,0
1780313400,4495.88,4496.51,4492.58,4495.67,1123,23,0
1780313700,4495.68,4496.35,4493.17,4494.58,1073,23,0
1780314000,4494.58,4500.40,4492.66,4500.02,1326,23,0
1780314300,4500.11,4502.51,4496.40,4501.23,1386,23,0
1780314600,4501.20,4501.62,4497.00,4497.17,1273,23,0
1780314900,4497.17,4499.64,4495.61,4497.98,1211,23,0
1780315200,4498.02,4500.74,4497.72,4500.52,1359,23,0
1780315500,4500.52,4500.54,4498.27,4499.46,1155,23,0
1780315800,4499.55,4500.11,4498.73,4499.51,1113,23,0
1780316100,4499.50,4505.68,4498.23,4505.61,1378,23,0
1780316400,4505.61,4506.31,4498.65,4499.57,1332,23,0
1780316700,4499.57,4499.72,4496.40,4496.40,1388,23,0
1780317000,4496.44,4497.34,4489.16,4490.68,1771,23,0
1780317300,4490.68,4497.97,4490.68,4497.86,1420,23,0
1780317600,4497.86,4499.23,4494.66,4498.34,1311,23,0
1780317900,4498.32,4498.46,4493.94,4495.40,1366,23,0
1780318200,4495.40,4498.46,4493.98,4497.89,1263,23,0
1780318500,4497.83,4497.89,4494.41,4495.94,1268,23,0
1780318800,4496.00,4498.93,4495.97,4498.14,1256,23,0
1780319100,4498.14,4501.18,4496.27,4500.10,1193,23,0
1780319400,4500.10,4502.10,4499.66,4501.54,979,23,0
1780319700,4501.52,4501.96,4499.46,4499.91,1175,23,0
1780320000,4500.10,4500.51,4496.20,4500.42,1219,23,0
1780320300,4500.46,4503.51,4500.41,4500.91,973,23,0
1780320600,4500.91,4505.30,4500.56,4504.88,1142,23,0
1780320900,4504.88,4506.58,4503.21,4503.21,1208,23,0
1780321200,4503.04,4507.42,4503.04,4505.79,1180,23,0
1780321500,4505.81,4510.45,4505.28,4509.41,1260,23,0
1780321800,4509.28,4510.93,4506.96,4507.28,1249,23,0
1780322100,4507.29,4507.42,4502.58,4503.98,1335,23,0
1780322400,4503.98,4506.68,4500.19,4500.22,1489,23,0
1780322700,4500.22,4505.76,4499.85,4505.69,1224,23,0
1780323000,4505.66,4505.72,4503.31,4504.90,1021,23,0
1780323300,4504.93,4509.84,4504.18,4509.79,1183,23,0
1780323600,4509.79,4512.90,4508.63,4508.68,1244,23,0
1780323900,4508.67,4511.95,4507.74,4510.64,1243,23,0
1780324200,4510.64,4512.26,4506.60,4506.78,1194,23,0
1780324500,4506.79,4510.89,4506.19,4510.19,1071,23,0
1780324800,4510.19,4510.67,4506.55,4507.17,1326,23,0
1780325100,4507.17,4509.76,4506.81,4508.65,1066,23,0
1780325400,4508.64,4508.64,4506.45,4507.48,1154,23,0
1780325700,4507.47,4508.06,4505.42,4505.82,1251,23,0
1780326000,4505.84,4506.84,4503.40,4505.97,1348,23,0
1780326300,4506.00,4509.14,4505.93,4507.61,1369,23,0
1780326600,4507.61,4509.54,4503.04,4503.26,1358,23,0
1780326900,4503.27,4505.68,4501.20,4503.37,1490,23,0
1780327200,4503.37,4503.37,4497.46,4501.83,1626,23,0
1780327500,4501.85,4507.69,4501.50,4505.41,1645,23,0
1780327800,4505.49,4505.55,4497.70,4500.98,1693,23,0
1780328100,4500.97,4503.49,4499.17,4503.26,1553,23,0
1780328400,4503.29,4508.29,4499.29,4507.51,1559,23,0
1780328700,4507.41,4510.45,4505.55,4506.82,1852,23,0
1780329000,4506.81,4508.51,4505.32,4505.67,1577,23,0
1780329300,4505.66,4506.06,4498.59,4502.17,1504,23,0
1780329600,4502.15,4503.80,4495.60,4501.75,2244,23,0
1780329900,4501.69,4502.33,4496.29,4501.15,1725,23,0
1780330200,4501.15,4501.15,4472.36,4484.13,2620,23,0
1780330500,4484.19,4489.64,4479.59,4482.22,2522,23,0
1780330800,4482.12,4482.85,4463.98,4465.84,2645,23,0
1780331100,4465.84,4469.26,4462.43,4464.97,2555,23,0
1780331400,4464.94,4469.96,4458.96,4466.13,2710,23,0
1780331700,4466.13,4478.61,4463.17,4472.96,2609,23,0
1780332000,4472.99,4474.10,4465.34,4467.31,2491,23,0
1780332300,4467.30,4469.57,4463.37,4464.46,2463,23,0
1780332600,4464.61,4465.48,4452.64,4454.65,2609,23,0
1780332900,4454.57,4455.39,4448.89,4450.33,2428,23,0
1780333200,4450.41,4454.47,4447.70,4454.46,2571,23,0
1780333500,4454.46,4461.51,4449.55,4460.38,2450,23,0
1780333800,4460.53,4462.13,4456.14,4461.24,2307,23,0
1780334100,4461.24,4464.72,4454.11,4457.16,2430,23,0
1780334400,4457.16,4461.76,4454.95,4455.21,2191,23,0
1780334700,4455.20,4456.25,4449.71,4456.25,2136,23,0
1780335000,4456.24,4460.51,4453.82,4458.58,2180,23,0
1780335300,4458.58,4460.38,4454.13,4455.42,2112,23,0
1780335600,4455.42,4461.53,4455.20,4459.90,2100,23,0
1780335900,4459.90,4461.18,4453.71,4454.82,2028,23,0
1780336200,4454.85,4456.53,4452.21,4456.05,2174,23,0
1780336500,4456.07,4459.03,4454.95,4458.67,1972,23,0
1780336800,4458.66,4462.29,4457.56,4460.20,1966,23,0
1780337100,4460.19,4465.21,4455.53,4462.64,2184,23,0
1780337400,4462.64,4465.32,4460.72,4464.20,1934,23,0
1780337700,4464.20,4467.19,4463.22,4465.30,1986,23,0
1780338000,4465.32,4467.86,4464.09,4467.04,1744,23,0
1780338300,4467.04,4470.32,4465.80,4468.49,1744,23,0
1780338600,4468.39,4478.85,4468.20,4477.13,2442,23,0
1780338900,4477.13,4479.74,4474.05,4476.69,2289,23,0
1780339200,4476.70,4477.29,4471.14,4472.33,1945,23,0
1780339500,4472.25,4474.66,4468.66,4469.73,1728,23,0
1780339800,4469.72,4472.15,4468.93,4471.29,1653,23,0
1780340100,4471.14,4475.37,4471.14,4474.17,1745,23,0
1780340400,4474.08,4478.38,4472.51,4473.30,1716,23,0
1780340700,4473.30,4474.26,4468.18,4468.72,1527,23,0
1780341000,4468.70,4468.75,4465.17,4467.33,1777,23,0
1780341300,4467.20,4467.49,4463.09,4466.74,1726,23,0
1780341600,4466.76,4468.69,4464.63,4468.57,1483,23,0
1780341900,4468.22,4469.23,4466.75,4468.02,1418,23,0
1780342200,4468.02,4472.11,4467.92,4469.44,1678,23,0
1780342500,4469.44,4471.06,4467.79,4469.21,1576,23,0
1780342800,4469.22,4470.01,4467.79,4468.06,1404,23,0
1780343100,4468.06,4471.96,4467.42,4471.96,1502,23,0
1780343400,4471.92,4480.91,4471.80,4479.94,2000,23,0
1780343700,4479.94,4482.10,4478.65,4480.10,1970,23,0
1780344000,4480.09,4480.97,4475.57,4476.26,1939,23,0
1780344300,4476.27,4477.36,4471.46,4473.44,1797,23,0
1780344600,4473.44,4476.04,4473.20,4475.02,1332,23,0
1780344900,4475.01,4475.78,4473.43,4475.78,1389,23,0
1780345200,4475.78,4476.62,4474.07,4475.13,1380,23,0
1780345500,4475.14,4482.87,4472.34,4482.87,1410,21,0
1780345800,4482.83,4485.33,4480.51,4481.26,2331,23,0
1780346100,4481.27,4484.40,4480.66,4483.01,1951,23,0
1780346400,4482.81,4491.59,4482.80,4491.55,2055,23,0
1780346700,4491.55,4495.41,4491.18,4491.48,2062,23,0
1780347000,4491.41,4491.99,4489.11,4491.38,1868,23,0
1780347300,4491.37,4491.64,4487.44,4487.49,1600,23,0
1780347600,4487.50,4488.39,4486.30,4486.80,1398,23,0
1780347900,4486.80,4490.17,4486.69,4489.74,1368,23,0
1780348200,4489.74,4489.98,4488.07,4488.61,1128,23,0
1780348500,4488.60,4489.33,4486.76,4489.18,1322,23,0
1780348800,4489.17,4490.05,4488.54,4489.17,1167,23,0
1780349100,4489.16,4489.20,4486.48,4486.63,1228,23,0
1780349400,4486.63,4487.25,4484.84,4486.06,1206,23,0
1780349700,4486.06,4487.25,4485.82,4486.05,1044,23,0
1780350000,4486.04,4488.10,4485.93,4487.89,1040,23,0
1780350300,4487.89,4488.58,4487.50,4488.53,1007,23,0
1780350600,4488.54,4488.55,4487.15,4487.16,1127,23,0
1780350900,4487.16,4488.55,4486.48,4486.68,1254,23,0
1780351200,4486.68,4488.19,4485.12,4487.78,1332,23,0
1780351500,4487.81,4488.09,4484.79,4485.21,1063,23,0
1780351800,4485.21,4487.15,4485.19,4485.35,1109,23,0
1780352100,4485.35,4486.45,4484.60,4485.83,1128,23,0
1780352400,4485.83,4486.47,4484.99,4485.71,1138,23,0
1780352700,4485.72,4486.12,4484.31,4484.65,993,23,0
1780353000,4484.63,4485.66,4483.60,4483.84,1118,23,0
1780353300,4483.84,4485.47,4483.10,4484.33,1265,23,0
1780353600,4484.33,4485.43,4483.25,4483.41,1143,23,0
1780353900,4483.40,4484.28,4482.88,4483.58,1308,23,0
1780354200,4483.59,4483.61,4479.93,4480.13,1643,23,0
1780354500,4480.13,4481.15,4479.11,4481.10,1732,23,0
1780354800,4481.13,4483.81,4480.10,4482.87,1105,23,0
1780355100,4482.89,4484.23,4482.58,4483.38,772,23,0
1780355400,4483.38,4483.93,4482.41,4483.43,728,23,0
1780355700,4483.44,4484.27,4482.89,4482.89,568,23,0
1780356000,4482.89,4483.20,4482.09,4482.56,579,23,0
1780356300,4482.56,4483.66,4482.37,4483.13,524,23,0
1780356600,4483.12,4484.65,4482.06,4484.50,548,23,0
1780356900,4484.50,4484.64,4483.05,4483.97,529,28,0
1780357200,4483.96,4484.65,4482.42,4482.53,799,28,0
1780357500,4482.52,4483.96,4481.24,4483.88,752,28,0
1780357800,4483.87,4484.09,4482.38,4483.14,751,28,0
1780358100,4483.12,4485.81,4482.75,4484.01,488,28,0
1780362000,4487.27,4488.45,4482.78,4483.21,1107,28,0
1780362300,4483.23,4483.71,4481.92,4482.54,631,28,0
1780362600,4482.54,4484.78,4482.16,4484.63,679,28,0
1780362900,4484.62,4485.27,4483.88,4484.26,644,28,0
1780363200,4484.27,4485.01,4481.70,4482.71,824,28,0
1780363500,4482.70,4483.99,4481.43,4481.51,711,28,0
1780363800,4481.53,4483.52,4481.35,4481.38,464,23,0
1780364100,4481.36,4482.87,4479.69,4482.82,719,23,0
1780364400,4482.80,4483.59,4481.10,4481.59,660,23,0
1780364700,4481.64,4485.79,4481.55,4484.14,603,23,0
1780365000,4484.15,4484.71,4483.48,4483.91,537,23,0
1780365300,4483.91,4486.57,4483.84,4485.86,879,23,0
1780365600,4485.63,4487.73,4481.67,4486.33,1015,23,0
1780365900,4486.32,4486.37,4484.80,4485.27,481,23,0
1780366200,4485.27,4486.40,4485.17,4486.11,624,23,0
1780366500,4486.11,4488.04,4485.92,4486.61,614,23,0
1780366800,4486.60,4487.72,4485.52,4487.71,409,23,0
1780367100,4487.71,4488.26,4487.20,4487.26,481,23,0
1780367400,4487.26,4487.49,4484.70,4484.79,715,23,0
1780367700,4484.79,4485.53,4480.61,4484.50,964,23,0
1780368000,4484.51,4486.70,4483.43,4483.43,889,23,0
1780368300,4483.43,4483.43,4479.39,4480.37,1146,23,0
1780368600,4481.28,4484.84,4480.90,4484.73,1044,23,0
1780368900,4484.73,4485.85,4483.99,4484.46,769,23,0
1780369200,4484.45,4485.06,4481.36,4484.45,1490,20,0
1780369500,4484.45,4485.17,4476.76,4478.38,1898,23,0
1780369800,4478.38,4481.50,4478.18,4481.14,1728,23,0
1780370100,4481.17,4485.48,4481.00,4485.11,1739,23,0
1780370400,4485.11,4489.65,4484.19,4489.65,1525,23,0
1780370700,4489.66,4493.76,4488.57,4493.73,1550,23,0
1780371000,4493.73,4497.10,4488.91,4489.29,1506,23,0
1780371300,4489.23,4491.48,4488.51,4489.18,1368,23,0
1780371600,4489.17,4489.43,4485.19,4487.12,1454,23,0
1780371900,4487.11,4487.76,4480.81,4481.41,1384,23,0
1780372200,4481.42,4483.99,4481.32,4481.77,1510,23,0
1780372500,4481.77,4484.20,4480.81,4481.63,1545,23,0
1780372800,4481.44,4486.76,4473.80,4481.76,2329,23,0
1780373100,4481.70,4485.83,4479.36,4479.40,2106,23,0
1780373400,4479.38,4491.95,4478.95,4489.84,2256,23,0
1780373700,4489.96,4490.17,4481.76,4485.91,2231,23,0
1780374000,4486.09,4488.41,4481.04,4483.10,1953,23,0
1780374300,4483.10,4492.35,4483.09,4486.27,2010,23,0
1780374600,4486.29,4489.41,4486.15,4487.25,1934,23,0
1780374900,4487.26,4489.35,4481.00,4481.86,1947,23,0
1780375200,4481.86,4485.05,4479.54,4479.93,1937,23,0
1780375500,4479.93,4482.23,4471.71,4475.44,2081,23,0
1780375800,4475.42,4476.08,4462.91,4473.62,2234,23,0
1780376100,4473.61,4477.09,4471.44,4474.10,1957,23,0
1780376400,4474.10,4481.07,4472.60,4473.41,2142,23,0
1780376700,4473.64,4475.03,4472.34,4474.71,1799,23,0
1780377000,4474.74,4480.71,4474.04,4480.52,1657,23,0
1780377300,4480.55,4482.01,4478.77,4481.01,1406,23,0
1780377600,4481.00,4484.77,4481.00,4483.98,1531,23,0
1780377900,4483.98,4484.58,4481.61,4481.95,1428,23,0
1780378200,4481.95,4485.65,4479.96,4481.20,1851,23,0
1780378500,4481.21,4483.89,4478.79,4478.84,1565,23,0
1780378800,4478.86,4479.15,4474.44,4476.49,1550,23,0
1780379100,4476.49,4477.85,4473.61,4474.64,1461,23,0
1780379400,4474.61,4479.87,4474.20,4478.77,1271,23,0
1780379700,4478.77,4486.57,4478.77,4485.91,1458,23,0
1780380000,4485.91,4492.61,4485.72,4488.08,1764,23,0
1780380300,4488.08,4489.50,4485.80,4486.58,1392,23,0
1780380600,4486.58,4489.25,4486.18,4488.28,1417,23,0
1780380900,4488.23,4491.23,4488.06,4489.86,1357,23,0
1780381200,4489.84,4489.99,4485.69,4489.99,1533,23,0
1780381500,4489.99,4497.15,4489.56,4495.25,1653,23,0
1780381800,4495.24,4499.28,4493.07,4493.78,1601,23,0
1780382100,4493.77,4498.84,4493.77,4494.57,1407,23,0
1780382400,4494.59,4497.24,4494.32,4497.23,1174,23,0
1780382700,4497.21,4499.34,4495.45,4498.11,1164,23,0
1780383000,4498.12,4498.28,4497.00,4497.42,984,23,0
1780383300,4497.44,4499.34,4497.43,4499.31,809,23,0
1780383600,4499.27,4501.60,4497.74,4500.41,1147,23,0
1780383900,4500.41,4503.20,4500.31,4502.20,1108,23,0
1780384200,4502.20,4505.39,4502.20,4504.67,1039,23,0
1780384500,4504.67,4510.19,4504.24,4507.77,1248,23,0
1780384800,4507.78,4508.17,4505.12,4505.67,1204,23,0
1780385100,4505.67,4506.09,4504.18,4504.56,1157,23,0
1780385400,4504.53,4507.73,4503.45,4507.62,1191,23,0
1780385700,4507.63,4509.03,4507.26,4508.82,1142,23,0
1780386000,4508.83,4510.97,4508.19,4510.27,1124,23,0
1780386300,4510.28,4515.78,4509.82,4512.54,1080,23,0
1780386600,4512.54,4514.35,4511.90,4512.87,1070,23,0
1780386900,4512.87,4518.17,4512.82,4517.34,1083,23,0
1780387200,4517.34,4518.17,4515.77,4515.88,1145,23,0
1780387500,4515.88,4517.52,4515.44,4516.00,1016,23,0
1780387800,4516.01,4518.66,4515.18,4518.57,1065,23,0
1780388100,4518.57,4519.61,4517.09,4518.68,1209,23,0
1780388400,4518.68,4520.57,4517.68,4518.86,1185,23,0
1780388700,4518.82,4521.80,4516.73,4519.65,1351,23,0
1780389000,4519.66,4526.76,4519.66,4524.93,2208,23,0
1780389300,4524.95,4528.17,4523.22,4523.56,1888,23,0
1780389600,4523.56,4526.76,4522.71,4524.40,1557,23,0
1780389900,4524.40,4526.21,4521.85,4523.40,1390,23,0
1780390200,4523.41,4523.73,4518.33,4519.52,1482,23,0
1780390500,4519.52,4519.70,4516.16,4517.01,1568,23,0
1780390800,4517.01,4520.80,4516.91,4520.50,1709,23,0
1780391100,4520.50,4524.78,4520.37,4520.82,1567,23,0
1780391400,4520.84,4522.68,4518.80,4519.03,1571,23,0
1780391700,4518.99,4524.22,4518.02,4520.23,1625,23,0
1780392000,4520.23,4530.63,4520.23,4529.44,1661,23,0
1780392300,4529.44,4533.94,4526.09,4533.17,1829,23,0
1780392600,4533.14,4537.15,4533.12,4535.52,1745,23,0
1780392900,4535.52,4538.16,4533.80,4534.02,1495,23,0
1780393200,4534.03,4534.58,4531.78,4532.73,1367,23,0
1780393500,4532.72,4535.61,4532.41,4533.65,1262,23,0
1780393800,4533.67,4534.19,4531.96,4532.94,1209,23,0
1780394100,4532.94,4536.83,4532.68,4535.91,1415,23,0
1780394400,4535.75,4537.81,4533.41,4536.00,1605,23,0
1780394700,4536.01,4538.06,4534.01,4537.87,1443,23,0
1780395000,4537.86,4541.46,4537.84,4539.98,1429,23,0
1780395300,4539.97,4540.50,4537.57,4539.31,1343,23,0
1780395600,4539.32,4539.37,4536.60,4536.86,1256,23,0
1780395900,4536.82,4537.16,4533.32,4534.01,1287,23,0
1780396200,4533.98,4535.27,4531.88,4533.62,1254,23,0
1780396500,4533.62,4534.12,4531.79,4532.92,1083,23,0
1780396800,4532.92,4534.75,4531.19,4531.88,1216,23,0
1780397100,4531.87,4532.32,4530.05,4531.69,1210,23,0
1780397400,4531.69,4532.10,4527.98,4530.66,1262,23,0
1780397700,4530.66,4535.46,4530.66,4535.05,1497,23,0
1780398000,4535.06,4537.08,4533.13,4534.40,1624,23,0
1780398300,4534.36,4539.18,4533.57,4535.52,1570,23,0
1780398600,4535.52,4537.48,4534.34,4534.79,1358,23,0
1780398900,4534.80,4535.44,4531.50,4532.57,1364,23,0
1780399200,4532.57,4534.71,4529.97,4534.21,1355,23,0
1780399500,4534.22,4534.32,4529.87,4531.10,1537,23,0
1780399800,4531.10,4533.37,4530.69,4531.97,1439,23,0
1780400100,4531.96,4532.24,4529.37,4530.13,1178,23,0
1780400400,4530.13,4530.55,4528.23,4528.74,1107,23,0
1780400700,4528.75,4530.09,4527.63,4529.51,1195,23,0
1780401000,4529.51,4529.51,4527.70,4527.85,1066,23,0
1780401300,4527.85,4528.34,4525.95,4526.68,993,23,0
1780401600,4526.68,4527.88,4525.25,4527.37,1338,23,0
1780401900,4527.37,4530.81,4527.37,4528.96,1250,23,0
1780402200,4528.96,4534.23,4528.94,4533.93,1250,23,0
1780402500,4533.93,4535.71,4532.79,4534.73,1352,23,0
1780402800,4534.68,4534.70,4528.71,4529.22,1296,23,0
1780403100,4529.22,4530.12,4525.27,4526.73,1344,23,0
1780403400,4526.73,4527.23,4521.98,4525.61,1782,23,0
1780403700,4525.62,4526.75,4523.48,4524.42,1132,23,0
1780404000,4524.42,4525.99,4521.75,4525.60,1374,23,0
1780404300,4525.61,4527.16,4525.06,4526.35,1179,23,0
1780404600,4526.37,4531.30,4526.16,4530.55,1040,23,0
1780404900,4530.57,4531.45,4527.44,4529.99,1138,23,0
1780405200,4529.81,4530.79,4527.65,4528.33,1273,23,0
1780405500,4528.35,4530.30,4528.30,4529.39,1022,23,0
1780405800,4529.39,4531.69,4528.29,4528.91,966,23,0
1780406100,4528.91,4529.59,4528.11,4529.05,1047,23,0
1780406400,4529.04,4529.10,4524.62,4525.28,1104,23,0
1780406700,4525.28,4528.59,4525.08,4528.35,940,23,0
1780407000,4528.36,4528.67,4526.98,4527.95,880,23,0
1780407300,4527.96,4528.37,4525.40,4526.76,801,23,0
1780407600,4526.71,4528.76,4526.16,4528.76,766,23,0
1780407900,4528.75,4532.97,4528.73,4530.66,1122,23,0
1780408200,4530.66,4532.37,4529.51,4532.29,987,23,0
1780408500,4532.30,4533.94,4531.22,4533.12,962,23,0
1780408800,4533.12,4534.62,4530.84,4531.13,1142,23,0
1780409100,4531.13,4531.31,4529.13,4529.85,1057,23,0
1780409400,4529.85,4531.21,4528.71,4528.79,1020,23,0
1780409700,4528.80,4529.63,4526.57,4527.93,1073,23,0
1780410000,4527.93,4528.99,4527.50,4528.70,1037,23,0
1780410300,4528.70,4529.61,4527.31,4529.53,982,23,0
1780410600,4529.52,4530.70,4528.84,4529.89,1058,23,0
1780410900,4529.89,4530.04,4526.19,4527.36,1050,23,0
1780411200,4527.29,4528.51,4526.76,4526.87,972,23,0
1780411500,4526.86,4529.69,4525.61,4529.10,1018,23,0
1780411800,4529.10,4529.55,4528.44,4528.53,890,23,0
1780412100,4528.54,4530.50,4525.57,4527.47,1200,23,0
1780412400,4527.48,4528.64,4525.90,4527.76,1183,23,0
1780412700,4527.78,4528.21,4524.97,4527.37,1219,23,0
1780413000,4527.37,4527.81,4526.01,4526.31,1025,23,0
1780413300,4526.32,4527.84,4524.04,4526.81,1232,23,0
1780413600,4526.81,4532.20,4526.46,4530.92,1560,23,0
1780413900,4530.93,4534.12,4527.77,4529.28,1484,23,0
1780414200,4529.30,4529.60,4521.71,4528.11,1690,23,0
1780414500,4528.10,4533.57,4523.11,4524.76,1818,23,0
1780414800,4524.76,4527.19,4523.67,4525.00,1441,23,0
1780415100,4525.01,4525.93,4519.94,4520.26,1462,23,0
1780415400,4520.27,4521.24,4514.14,4514.94,1735,23,0
1780415700,4514.94,4517.44,4513.41,4514.19,1574,23,0
1780416000,4514.63,4520.65,4513.07,4520.15,2001,23,0
1780416300,4520.17,4524.81,4513.57,4516.47,2044,23,0
1780416600,4516.59,4518.20,4511.85,4513.99,2081,23,0
1780416900,4514.01,4517.20,4512.58,4512.86,2007,23,0
1780417200,4512.75,4514.70,4510.23,4513.07,1902,23,0
1780417500,4513.08,4515.86,4509.92,4510.63,1802,23,0
1780417800,4510.80,4511.12,4506.69,4508.13,2333,23,0
1780418100,4508.10,4511.98,4506.21,4510.93,2339,23,0
1780418400,4511.00,4514.40,4507.66,4508.44,2246,23,0
1780418700,4508.44,4510.99,4506.59,4509.77,2095,23,0
1780419000,4509.72,4513.73,4504.62,4504.68,2106,23,0
1780419300,4504.57,4506.05,4502.65,4502.74,1994,23,0
1780419600,4502.74,4505.92,4498.58,4502.29,2304,23,0
1780419900,4502.31,4504.91,4500.55,4502.82,2152,23,0
1780420200,4502.84,4507.00,4502.70,4504.26,2150,23,0
1780420500,4504.26,4505.12,4492.60,4495.94,2365,23,0
1780420800,4495.99,4498.23,4490.30,4493.16,2305,23,0
1780421100,4493.17,4497.13,4492.07,4495.54,2284,23,0
1780421400,4495.55,4499.73,4495.52,4499.34,2017,23,0
1780421700,4499.43,4504.39,4499.19,4502.43,1917,23,0
1780422000,4502.46,4505.39,4501.07,4504.37,1751,23,0
1780422300,4504.38,4506.31,4503.03,4503.79,1761,23,0
1780422600,4503.79,4504.31,4500.88,4504.13,1770,23,0
1780422900,4504.13,4505.50,4501.23,4504.08,1683,23,0
1780423200,4504.08,4506.79,4502.70,4502.71,1822,23,0
1780423500,4502.71,4508.09,4501.58,4506.75,1791,23,0
1780423800,4506.74,4507.49,4502.48,4503.39,1684,23,0
1780424100,4503.40,4505.24,4503.25,4504.34,1552,23,0
1780424400,4504.36,4506.15,4502.16,4503.81,1568,23,0
1780424700,4503.79,4505.89,4501.52,4505.39,1678,23,0
1780425000,4505.39,4506.79,4502.94,4506.27,1865,23,0
1780425300,4506.26,4508.49,4504.42,4504.42,1672,23,0
1780425600,4504.42,4504.69,4500.11,4502.39,1789,23,0
1780425900,4502.39,4507.02,4501.77,4505.44,1657,23,0
1780426200,4505.61,4505.79,4502.48,4503.80,1417,23,0
1780426500,4503.88,4503.88,4501.29,4502.05,1541,23,0
1780426800,4502.05,4502.86,4499.78,4500.76,1582,23,0
1780427100,4500.80,4502.71,4498.16,4502.08,1767,23,0
1780427400,4501.89,4502.09,4498.12,4498.17,1577,23,0
1780427700,4498.18,4498.41,4494.29,4494.79,1654,23,0
1780428000,4494.78,4496.07,4492.51,4494.63,1663,23,0
1780428300,4494.63,4494.92,4490.34,4490.34,1671,23,0
1780428600,4490.31,4491.41,4489.09,4489.62,1716,23,0
1780428900,4489.63,4490.08,4486.33,4487.64,1543,23,0
1780429200,4487.64,4490.88,4486.51,4489.78,1502,23,0
1780429500,4489.78,4491.83,4489.15,4490.91,1411,23,0
1780429800,4490.88,4491.63,4489.33,4489.45,1361,23,0
1780430100,4489.43,4491.92,4489.34,4491.88,1281,23,0
1780430400,4491.88,4492.99,4489.67,4490.38,1489,23,0
1780430700,4490.39,4491.96,4487.01,4487.01,1585,23,0
1780431000,4487.01,4489.96,4486.74,4489.57,1592,23,0
1780431300,4489.56,4490.12,4486.78,4487.24,1530,23,0
1780431600,4487.24,4488.70,4486.47,4488.17,1515,23,0
1780431900,4488.25,4491.71,4487.45,4491.24,1662,23,0
1780432200,4491.21,4491.67,4488.52,4488.52,1520,23,0
1780432500,4488.53,4488.74,4482.08,4482.82,1704,23,0
1780432800,4482.82,4485.39,4482.72,4484.53,1506,23,0
1780433100,4484.53,4486.22,4484.29,4485.93,1308,23,0
1780433400,4485.93,4486.52,4483.50,4483.85,1362,23,0
1780433700,4483.85,4484.91,4482.72,4484.60,1247,23,0
1780434000,4484.59,4488.62,4484.32,4486.45,1434,23,0
1780434300,4486.45,4487.63,4485.28,4487.51,1240,23,0
1780434600,4487.51,4487.92,4484.98,4485.16,1305,23,0
1780434900,4485.14,4486.13,4484.02,4484.92,1350,23,0
1780435200,4484.92,4487.67,4484.48,4487.54,1367,23,0
1780435500,4487.54,4490.92,4487.35,4488.41,1522,23,0
1780435800,4488.41,4489.32,4486.81,4488.14,1332,23,0
1780436100,4488.13,4488.14,4484.71,4485.38,1320,23,0
1780436400,4485.38,4485.52,4478.69,4480.51,1537,23,0
1780436700,4480.51,4486.60,4480.23,4486.60,1302,23,0
1780437000,4486.60,4490.44,4485.94,4487.63,1324,23,0
1780437300,4487.63,4488.76,4487.01,4487.37,1127,23,0
1780437600,4487.38,4489.14,4487.34,4488.67,1163,23,0
1780437900,4488.67,4489.05,4488.09,4488.52,1025,23,0
1780438200,4488.50,4488.84,4487.24,4487.27,1005,23,0
1780438500,4487.30,4487.73,4486.45,4486.68,874,23,0
1780438800,4486.70,4487.05,4485.71,4486.29,987,23,0
1780439100,4486.29,4489.53,4486.16,4489.53,1095,23,0
1780439400,4489.53,4490.30,4485.94,4486.46,1106,23,0
1780439700,4486.46,4486.64,4483.41,4484.47,1167,23,0
1780440000,4484.47,4487.44,4483.88,4487.31,1095,23,0
1780440300,4487.31,4488.06,4485.61,4486.95,1155,23,0
1780440600,4486.95,4487.48,4485.89,4486.24,1251,23,0
1780440900,4486.25,4488.59,4486.25,4487.99,1482,23,0
1780441200,4488.06,4488.11,4486.26,4487.34,770,23,0
1780441500,4487.35,4488.53,4487.25,4488.03,685,23,0
1780441800,4488.06,4489.91,4487.95,4489.84,678,23,0
1780442100,4489.83,4491.02,4489.52,4490.36,665,23,0
1780442400,4490.37,4490.39,4489.09,4489.40,542,23,0
1780442700,4489.40,4489.98,4488.57,4489.74,453,23,0
1780443000,4489.75,4490.93,4489.10,4489.58,571,23,0
1780443300,4489.58,4490.42,4489.19,4489.56,541,28,0
1780443600,4489.56,4490.27,4488.84,4488.97,432,28,0
1780443900,4488.97,4489.93,4488.57,4488.76,566,28,0
1780444200,4488.76,4488.80,4487.55,4487.55,615,28,0
1780444500,4487.57,4488.66,4486.71,4488.19,468,28,0
1780448400,4490.72,4492.94,4489.38,4490.36,862,28,0
1780448700,4490.37,4493.20,4488.06,4491.95,938,28,0
1780449000,4491.95,4492.14,4489.49,4489.53,1000,28,0
1780449300,4489.51,4490.86,4488.45,4489.15,732,28,0
1780449600,4489.13,4491.54,4488.21,4488.67,857,28,0
1780449900,4488.67,4490.23,4487.62,4490.20,843,28,0
1780450200,4490.19,4491.21,4488.32,4488.32,760,23,0
1780450500,4488.34,4489.13,4487.24,4488.65,831,23,0
1780450800,4488.63,4489.78,4487.97,4488.96,699,23,0
1780451100,4488.96,4492.22,4484.21,4488.81,1249,23,0
1780451400,4488.81,4490.20,4486.90,4487.01,1202,23,0
1780451700,4487.01,4488.18,4484.86,4484.87,1199,23,0
1780452000,4484.94,4488.64,4482.58,4484.94,1227,23,0
1780452300,4484.94,4486.90,4480.69,4482.20,1298,23,0
1780452600,4482.23,4483.13,4474.48,4477.04,1643,23,0
1780452900,4477.49,4477.49,4469.30,4470.10,1627,23,0
1780453200,4470.12,4472.14,4466.70,4467.76,1846,23,0
1780453500,4467.74,4471.00,4462.22,4467.48,1885,23,0
1780453800,4467.49,4469.00,4462.55,4466.34,1554,23,0
1780454100,4466.35,4467.86,4463.66,4465.80,1727,23,0
1780454400,4465.69,4474.88,4464.23,4474.82,1743,23,0
1780454700,4474.82,4475.14,4469.00,4471.93,1510,23,0
1780455000,4471.93,4474.45,4470.88,4473.85,1271,23,0
1780455300,4473.81,4474.59,4471.46,4474.46,1313,23,0
1780455600,4474.49,4479.27,4473.85,4478.73,1579,20,0
1780455900,4478.73,4479.77,4475.42,4476.63,1381,23,0
1780456200,4476.63,4476.93,4474.19,4476.00,1276,23,0
1780456500,4475.95,4479.20,4474.38,4477.42,1231,23,0
1780456800,4477.43,4482.40,4477.20,4478.92,1226,23,0
1780457100,4478.93,4483.24,4478.75,4483.06,1019,23,0
1780457400,4483.06,4485.24,4481.29,4485.17,1145,23,0
1780457700,4485.19,4492.01,4484.69,4491.80,1235,23,0
1780458000,4491.80,4496.70,4491.38,4495.83,1542,23,0
1780458300,4495.84,4495.95,4489.08,4490.97,1295,23,0
1780458600,4490.97,4492.32,4488.67,4489.03,1178,23,0
1780458900,4489.02,4489.04,4485.86,4486.18,1158,23,0
1780459200,4486.15,4487.49,4473.39,4473.73,2398,23,0
1780459500,4473.78,4475.54,4467.16,4474.20,2276,23,0
1780459800,4474.25,4477.31,4468.81,4471.30,1999,23,0
1780460100,4471.30,4472.61,4468.36,4469.50,1918,23,0
1780460400,4469.50,4471.37,4465.95,4466.29,1816,23,0
1780460700,4466.26,4468.01,4463.34,4467.19,1841,23,0
1780461000,4467.19,4473.00,4466.82,4471.33,1858,23,0
1780461300,4471.30,4472.70,4466.34,4466.34,1753,23,0
1780461600,4466.34,4471.36,4464.86,4470.38,1650,23,0
1780461900,4470.38,4475.73,4470.11,4475.65,1514,23,0
1780462200,4475.65,4477.11,4473.47,4474.03,1419,23,0
1780462500,4474.03,4476.79,4472.33,4475.75,1528,23,0
1780462800,4475.75,4476.19,4472.81,4473.79,1409,23,0
1780463100,4473.80,4479.09,4473.33,4478.69,1415,23,0
1780463400,4478.70,4481.39,4475.46,4480.64,1585,23,0
1780463700,4480.61,4480.97,4474.14,4476.24,1199,23,0
1780464000,4476.24,4478.63,4475.13,4478.28,1137,23,0
1780464300,4478.28,4480.79,4477.97,4478.80,1108,23,0
1780464600,4478.80,4479.87,4474.82,4478.96,1423,23,0
1780464900,4478.97,4482.17,4478.15,4481.07,1391,23,0
1780465200,4481.07,4485.09,4479.06,4479.15,1414,23,0
1780465500,4479.16,4479.37,4473.10,4475.59,1590,23,0
1780465800,4475.61,4480.17,4474.09,4479.49,1394,23,0
1780466100,4479.48,4481.96,4477.14,4481.89,1375,23,0
1780466400,4481.92,4487.24,4481.86,4485.98,1470,23,0
1780466700,4485.96,4487.55,4484.70,4485.37,1325,23,0
1780467000,4485.37,4486.07,4483.64,4485.38,1216,23,0
1780467300,4485.42,4486.46,4483.44,4485.30,1140,23,0
1780467600,4485.32,4487.19,4485.00,4485.38,1148,23,0
1780467900,4485.38,4485.63,4483.12,4483.42,1057,23,0
1780468200,4483.42,4485.49,4483.11,4483.99,829,23,0
1780468500,4483.98,4485.85,4483.41,4484.73,702,23,0
1780468800,4484.73,4485.19,4483.63,4484.43,547,23,0
1780469100,4484.43,4484.67,4482.50,4482.89,837,23,0
1780469400,4482.90,4486.28,4482.71,4483.84,714,23,0
1780469700,4483.83,4484.74,4483.33,4484.38,595,23,0
1780470000,4484.37,4486.44,4484.06,4485.91,825,23,0
1780470300,4485.91,4486.95,4484.90,4486.11,802,23,0
1780470600,4486.10,4486.90,4484.54,4486.87,844,23,0
1780470900,4486.87,4488.13,4481.23,4481.37,961,23,0
1780471200,4481.37,4481.79,4480.21,4480.62,541,23,0
1780471500,4480.61,4480.80,4477.09,4477.09,766,23,0
1780471800,4477.10,4477.33,4473.65,4474.75,882,23,0
1780472100,4474.75,4475.44,4470.85,4471.53,943,23,0
1780472400,4471.54,4473.77,4471.40,4473.39,794,23,0
1780472700,4473.39,4474.00,4470.29,4471.48,873,23,0
1780473000,4471.47,4471.49,4470.07,4470.29,618,23,0
1780473300,4470.27,4470.57,4468.31,4469.38,966,23,0
1780473600,4469.36,4471.60,4467.72,4470.82,1282,23,0
1780473900,4470.82,4471.94,4467.33,4470.57,1177,23,0
1780474200,4470.57,4473.57,4469.97,4473.41,1173,23,0
1780474500,4473.29,4474.17,4472.04,4472.25,887,23,0
1780474800,4472.25,4473.03,4468.63,4468.65,1072,23,0
1780475100,4468.64,4469.67,4466.16,4468.58,1161,23,0
1780475400,4468.56,4468.78,4459.07,4465.01,2043,23,0
1780475700,4465.01,4468.88,4463.27,4466.81,1628,23,0
1780476000,4466.81,4466.98,4460.14,4461.96,1353,23,0
1780476300,4461.96,4466.80,4461.15,4465.94,1444,23,0
1780476600,4465.95,4468.27,4462.44,4463.32,1520,23,0
1780476900,4463.30,4464.02,4456.65,4457.00,1462,23,0
1780477200,4457.00,4467.35,4456.93,4466.97,1970,23,0
1780477500,4466.97,4466.97,4462.15,4465.18,1683,23,0
1780477800,4465.15,4466.36,4462.82,4466.08,1757,23,0
1780478100,4466.08,4470.86,4465.54,4468.26,1614,23,0
1780478400,4468.25,4470.27,4459.24,4460.24,1749,23,0
1780478700,4460.25,4463.14,4458.96,4462.52,1749,23,0
1780479000,4462.55,4465.02,4457.15,4459.39,1946,23,0
1780479300,4459.48,4463.79,4458.92,4462.92,1715,23,0
1780479600,4462.92,4463.58,4458.45,4460.57,1648,23,0
1780479900,4460.56,4460.58,4455.28,4459.05,1696,23,0
1780480200,4459.05,4460.42,4457.70,4458.32,1440,23,0
1780480500,4458.33,4462.99,4458.33,4462.99,1375,23,0
1780480800,4462.98,4466.91,4459.91,4465.19,1842,23,0
1780481100,4465.18,4469.20,4464.33,4468.93,1474,23,0
1780481400,4468.86,4472.17,4468.28,4469.57,1683,23,0
1780481700,4469.57,4469.92,4462.75,4463.57,1559,23,0
1780482000,4463.57,4464.82,4461.96,4463.43,1318,23,0
1780482300,4463.44,4464.67,4456.18,4456.19,1615,23,0
1780482600,4456.19,4461.83,4454.36,4461.53,1685,23,0
1780482900,4461.53,4463.30,4458.12,4458.36,1696,23,0
1780483200,4458.37,4461.17,4454.62,4458.73,1562,23,0
1780483500,4458.73,4460.09,4455.75,4458.84,1348,23,0
1780483800,4458.84,4463.91,4458.61,4459.66,1341,23,0
1780484100,4459.67,4459.73,4452.85,4453.26,1390,23,0
1780484400,4453.26,4459.07,4450.95,4457.63,1755,23,0
1780484700,4457.65,4458.07,4453.64,4455.17,1540,23,0
1780485000,4455.17,4457.77,4454.29,4455.40,1368,23,0
1780485300,4455.40,4457.04,4452.39,4453.96,1481,23,0
1780485600,4453.97,4455.40,4450.71,4451.43,1470,23,0
1780485900,4451.43,4457.55,4450.76,4457.29,1662,23,0
1780486200,4457.42,4458.49,4454.96,4456.61,1648,23,0
1780486500,4456.62,4457.45,4454.46,4455.57,1281,23,0
1780486800,4455.56,4458.85,4455.39,4456.43,1311,23,0
1780487100,4456.44,4457.71,4454.04,4454.25,1399,23,0
1780487400,4454.25,4454.95,4442.88,4444.83,1659,23,0
1780487700,4444.84,4445.76,4440.15,4443.96,1740,23,0
1780488000,4443.96,4452.00,4441.76,4451.12,1724,23,0
1780488300,4451.11,4458.96,4451.11,4456.86,1580,23,0
1780488600,4456.85,4456.92,4451.33,4451.35,1376,23,0
1780488900,4451.33,4451.71,4446.91,4450.10,1499,23,0
1780489200,4450.10,4451.92,4447.20,4447.80,1496,23,0
1780489500,4447.80,4449.08,4439.44,4439.58,1578,23,0
1780489800,4439.92,4444.44,4439.71,4441.93,1715,23,0
1780490100,4441.93,4447.15,4438.94,4446.92,1392,23,0
1780490400,4446.90,4448.38,4444.32,4446.79,1396,23,0
1780490700,4446.77,4447.54,4444.03,4447.01,1344,23,0
1780491000,4447.00,4447.91,4443.44,4443.44,1218,23,0
1780491300,4443.46,4444.28,4440.96,4443.04,1481,23,0
1780491600,4443.04,4447.89,4440.91,4447.88,1680,23,0
1780491900,4447.93,4466.94,4447.11,4461.62,2462,23,0
1780492200,4461.62,4464.40,4459.21,4462.97,2174,23,0
1780492500,4462.97,4463.78,4460.50,4462.56,1698,23,0
1780492800,4462.55,4464.24,4456.11,4456.91,1796,23,0
1780493100,4457.15,4460.76,4453.66,4459.82,1735,23,0
1780493400,4459.95,4462.76,4458.69,4460.13,1473,23,0
1780493700,4460.12,4460.42,4458.25,4458.98,1151,23,0
1780494000,4459.01,4459.20,4453.27,4454.11,1244,23,0
1780494300,4454.12,4456.64,4453.80,4455.93,1235,23,0
1780494600,4455.93,4459.51,4455.93,4459.20,1365,23,0
1780494900,4459.19,4461.10,4458.38,4458.97,1165,23,0
1780495200,4458.98,4464.60,4458.98,4464.40,1464,23,0
1780495500,4464.35,4468.01,4462.50,4463.25,1599,23,0
1780495800,4463.22,4464.20,4460.97,4461.97,1585,23,0
1780496100,4461.97,4462.58,4459.13,4460.99,1318,23,0
1780496400,4460.99,4465.75,4460.98,4462.73,1431,23,0
1780496700,4462.81,4464.71,4461.93,4464.49,1304,23,0
1780497000,4464.50,4467.13,4463.79,4465.80,1365,23,0
1780497300,4465.80,4466.23,4463.00,4463.37,1104,23,0
1780497600,4463.37,4464.60,4459.43,4460.24,1191,23,0
1780497900,4460.25,4463.40,4458.51,4462.20,1430,23,0
1780498200,4462.21,4464.85,4461.68,4462.49,1196,23,0
1780498500,4462.49,4463.37,4461.32,4462.36,1273,23,0
1780498800,4462.36,4464.47,4459.80,4463.70,1530,23,0
1780499100,4463.69,4464.33,4457.19,4458.30,1548,23,0
1780499400,4458.30,4461.26,4458.28,4459.05,1292,23,0
1780499700,4459.04,4459.18,4455.84,4456.26,1623,23,0
1780500000,4456.26,4462.28,4455.97,4457.98,1664,23,0
1780500300,4457.97,4458.01,4451.96,4452.69,1794,23,0
1780500600,4452.74,4456.88,4451.00,4451.47,1848,23,0
1780500900,4451.47,4453.85,4448.23,4449.48,1851,23,0
1780501200,4449.48,4460.55,4449.48,4459.18,1941,23,0
1780501500,4459.05,4461.63,4456.75,4461.24,1802,23,0
1780501800,4461.26,4467.21,4460.48,4460.56,1925,23,0
1780502100,4460.52,4462.42,4455.41,4460.42,1799,23,0
1780502400,4460.30,4465.36,4457.97,4463.24,2284,23,0
1780502700,4463.25,4465.32,4462.20,4462.50,1900,23,0
1780503000,4462.51,4465.96,4461.88,4462.30,1816,23,0
1780503300,4462.31,4463.21,4455.36,4457.37,1836,23,0
1780503600,4457.37,4457.78,4447.14,4450.17,2084,23,0
1780503900,4450.15,4450.56,4445.79,4448.59,2012,23,0
1780504200,4448.61,4453.16,4446.47,4448.32,2391,23,0
1780504500,4448.30,4451.51,4446.24,4448.64,2312,23,0
1780504800,4448.61,4450.02,4427.14,4427.43,2480,23,0
1780505100,4427.55,4438.24,4426.35,4437.13,2586,23,0
1780505400,4437.14,4446.70,4435.39,4444.51,2452,23,0
1780505700,4444.45,4450.07,4441.71,4446.65,2187,23,0
1780506000,4446.71,4451.40,4442.34,4446.17,2350,23,0
1780506300,4446.16,4452.22,4444.96,4450.45,2391,23,0
1780506600,4450.47,4456.65,4450.42,4454.46,2307,23,0
1780506900,4454.47,4458.42,4445.83,4449.02,2353,23,0
1780507200,4448.67,4451.55,4446.87,4449.61,2343,23,0
1780507500,4449.59,4452.18,4446.45,4451.99,2124,23,0
1780507800,4452.00,4453.31,4447.48,4449.14,2216,23,0
1780508100,4449.14,4453.41,4449.02,4451.68,2175,23,0
1780508400,4451.69,4452.29,4447.15,4448.20,2073,23,0
1780508700,4448.21,4455.08,4447.99,4454.07,2024,23,0
1780509000,4454.07,4459.57,4450.71,4458.86,2250,23,0
1780509300,4458.85,4458.98,4455.43,4457.18,1985,23,0
1780509600,4457.17,4458.36,4452.78,4452.90,1992,23,0
1780509900,4452.89,4453.05,4448.02,4449.21,2169,23,0
1780510200,4449.11,4452.02,4444.91,4445.84,2036,23,0
1780510500,4445.84,4450.79,4445.11,4445.69,2277,23,0
1780510800,4445.70,4446.40,4439.46,4443.03,2252,23,0
1780511100,4443.08,4444.91,4439.96,4444.75,2196,23,0
1780511400,4445.00,4445.44,4440.47,4440.98,2153,23,0
1780511700,4441.00,4442.70,4436.91,4439.04,2015,23,0
1780512000,4439.09,4442.35,4438.59,4440.10,1971,23,0
1780512300,4440.09,4442.29,4437.88,4441.73,1879,23,0
1780512600,4441.73,4443.78,4440.00,4441.23,1843,23,0
1780512900,4441.22,4442.86,4440.67,4442.17,1782,23,0
1780513200,4442.18,4443.09,4439.70,4442.77,1861,23,0
1780513500,4442.79,4443.89,4437.19,4439.42,1980,23,0
1780513800,4439.40,4440.60,4437.33,4439.15,1859,23,0
1780514100,4439.15,4441.31,4436.63,4438.59,1814,23,0
1780514400,4438.60,4439.69,4434.04,4436.20,1884,23,0
1780514700,4436.20,4437.82,4433.80,4437.59,2004,23,0
1780515000,4437.57,4440.63,4437.19,4440.21,1901,23,0
1780515300,4440.24,4440.36,4436.18,4436.26,1757,23,0
1780515600,4436.26,4439.04,4435.36,4438.99,1782,23,0
1780515900,4438.98,4440.40,4437.53,4437.94,1858,23,0
1780516200,4437.94,4439.56,4436.97,4437.97,1677,23,0
1780516500,4437.99,4442.71,4437.33,4441.84,1765,23,0
1780516800,4441.84,4444.93,4441.72,4444.62,1824,23,0
1780517100,4444.63,4448.28,4443.27,4446.97,1857,23,0
1780517400,4446.97,4447.20,4441.62,4441.86,1753,23,0
1780517700,4441.84,4443.41,4441.40,4442.44,1713,23,0
1780518000,4442.45,4442.65,4440.15,4441.99,1632,23,0
1780518300,4442.01,4442.84,4437.87,4438.95,1649,23,0
1780518600,4438.96,4440.62,4435.56,4440.01,1721,23,0
1780518900,4440.00,4440.34,4437.96,4440.18,1443,23,0
1780519200,4440.18,4442.22,4439.41,4440.52,1398,23,0
1780519500,4440.53,4440.81,4437.71,4438.20,1530,23,0
1780519800,4438.19,4439.59,4436.92,4437.98,1423,23,0
1780520100,4437.98,4439.37,4437.74,4438.98,1281,23,0
1780520400,4438.98,4440.57,4438.05,4439.45,1482,23,0
1780520700,4439.45,4439.50,4436.33,4437.46,1483,23,0
1780521000,4437.46,4438.54,4435.50,4436.88,1341,23,0
1780521300,4436.88,4438.00,4435.53,4437.98,1348,23,0
1780521600,4437.99,4439.18,4435.16,4438.99,1453,23,0
1780521900,4438.99,4440.63,4438.48,4440.18,1594,23,0
1780522200,4440.18,4442.56,4438.79,4438.79,1400,23,0
1780522500,4438.81,4439.27,4436.90,4438.54,1551,23,0
1780522800,4438.54,4440.30,4437.35,4439.93,1393,23,0
1780523100,4439.94,4441.76,4439.61,4439.98,1258,23,0
1780523400,4439.97,4440.87,4439.81,4440.28,1307,23,0
1780523700,4440.27,4442.83,4439.74,4442.05,1163,23,0
1780524000,4442.05,4449.29,4441.40,4449.13,1651,23,0
1780524300,4449.16,4449.80,4447.24,4447.82,1371,23,0
1780524600,4447.82,4449.95,4446.89,4449.75,1627,23,0
1780524900,4449.76,4451.83,4448.76,4451.50,1546,23,0
1780525200,4451.49,4452.21,4447.93,4448.06,1411,23,0
1780525500,4448.06,4448.59,4446.53,4448.02,1410,23,0
1780525800,4448.02,4449.61,4447.38,4448.42,1496,23,0
1780526100,4448.43,4449.12,4447.82,4447.88,1333,23,0
1780526400,4447.83,4448.81,4446.66,4446.84,1130,23,0
1780526700,4446.86,4447.27,4444.87,4446.89,1122,23,0
1780527000,4446.89,4446.90,4445.01,4445.57,1520,23,0
1780527300,4445.53,4445.53,4443.09,4443.96,1712,23,0
1780527600,4443.92,4445.32,4442.04,4442.09,1252,23,0
1780527900,4442.09,4442.13,4438.62,4441.32,1220,23,0
1780528200,4441.32,4441.87,4439.04,4439.96,876,23,0
1780528500,4439.97,4440.09,4437.41,4437.60,1388,23,0
1780528800,4437.60,4440.02,4437.58,4439.58,1147,23,0
1780529100,4439.58,4440.27,4438.21,4439.04,941,23,0
1780529400,4439.01,4439.55,4433.16,4433.85,1180,28,0
1780529700,4433.85,4434.38,4432.85,4433.96,1016,28,0
1780530000,4433.96,4434.67,4432.30,4433.44,1052,28,0
1780530300,4433.44,4434.87,4431.51,4431.51,910,28,0
1780530600,4431.50,4434.02,4430.48,4434.02,1063,28,0
1780530900,4434.02,4434.54,4433.24,4433.94,621,28,0
1780534800,4436.34,4440.23,4430.96,4432.28,1538,28,0
1780535100,4432.29,4436.21,4432.14,4434.90,1036,28,0
1780535400,4434.93,4435.77,4429.44,4431.85,1159,28,0
1780535700,4431.85,4432.05,4423.96,4427.46,1475,28,0
1780536000,4427.43,4430.69,4424.65,4430.06,1329,28,0
1780536300,4430.06,4435.54,4430.05,4433.98,1209,28,0
1780536600,4434.00,4439.82,4434.00,4439.77,1488,23,0
1780536900,4439.77,4440.35,4435.85,4436.23,1261,23,0
1780537200,4436.25,4438.54,4434.89,4436.77,1180,23,0
1780537500,4436.76,4438.96,4436.70,4438.65,1109,23,0
1780537800,4438.64,4441.43,4437.26,4439.55,1235,23,0
1780538100,4439.55,4452.83,4439.33,4448.81,1780,23,0
1780538400,4448.79,4450.25,4445.38,4446.43,1466,23,0
1780538700,4446.41,4450.31,4445.58,4448.25,1096,23,0
1780539000,4448.25,4448.25,4445.61,4447.81,1051,23,0
1780539300,4447.84,4449.35,4447.25,4447.99,995,23,0
1780539600,4447.99,4450.83,4447.46,4449.39,1084,23,0
1780539900,4449.39,4451.51,4448.44,4450.84,1033,23,0
1780540200,4450.85,4451.97,4447.59,4451.13,1116,23,0
1780540500,4451.13,4452.35,4448.61,4450.38,1233,23,0
1780540800,4450.37,4453.94,4446.30,4453.57,1385,23,0
1780541100,4453.54,4464.67,4453.46,4459.38,2047,23,0
1780541400,4459.37,4461.64,4457.81,4459.58,1591,23,0
1780541700,4459.56,4460.35,4456.22,4457.27,1458,23,0
1780542000,4457.29,4465.23,4455.15,4460.18,2099,20,0
1780542300,4460.17,4461.90,4455.59,4456.32,1800,23,0
1780542600,4456.31,4457.53,4453.12,4453.44,1863,23,0
1780542900,4453.44,4456.66,4450.07,4455.39,2003,23,0
1780543200,4455.41,4456.01,4448.68,4450.06,1823,23,0
1780543500,4450.05,4451.50,4447.62,4450.62,1641,23,0
1780543800,4450.75,4452.88,4447.45,4451.16,1836,23,0
1780544100,4451.16,4452.13,4445.29,4446.49,1854,23,0
1780544400,4446.56,4448.27,4444.14,4448.22,1697,23,0
1780544700,4448.33,4450.02,4445.13,4450.00,1782,23,0
1780545000,4450.01,4452.91,4449.73,4451.26,1736,23,0
1780545300,4451.26,4451.26,4446.70,4448.49,1728,23,0
1780545600,4448.48,4456.75,4443.40,4453.85,2340,23,0
1780545900,4453.87,4459.51,4452.93,4459.51,2033,23,0
1780546200,4459.62,4467.32,4459.28,4464.42,2151,23,0
1780546500,4464.35,4464.78,4459.67,4464.55,2067,23,0
1780546800,4464.55,4473.65,4464.54,4469.80,2006,23,0
1780547100,4469.78,4471.94,4465.90,4466.03,1865,23,0
1780547400,4466.03,4470.15,4465.18,4465.93,2093,23,0
1780547700,4465.91,4470.13,4464.95,4468.43,1891,23,0
1780548000,4468.43,4468.84,4458.77,4459.21,2075,23,0
1780548300,4459.22,4466.85,4458.70,4465.99,2079,23,0
1780548600,4466.00,4466.16,4456.86,4461.24,2146,23,0
1780548900,4461.18,4467.23,4461.14,4465.78,1986,23,0
1780549200,4465.79,4467.27,4462.04,4462.48,1997,23,0
1780549500,4462.48,4462.88,4458.47,4458.60,1860,23,0
1780549800,4458.47,4464.81,4455.58,4462.90,1941,23,0
1780550100,4462.91,4463.52,4458.77,4461.88,1711,23,0
1780550400,4461.91,4463.11,4459.66,4460.37,1594,23,0
1780550700,4460.36,4462.73,4458.75,4460.66,1441,23,0
1780551000,4460.64,4462.60,4458.05,4460.82,1914,23,0
1780551300,4460.94,4461.08,4458.15,4458.15,1624,23,0
1780551600,4458.14,4464.77,4457.98,4462.40,1751,23,0
1780551900,4462.39,4470.93,4462.39,4470.36,1826,23,0
1780552200,4470.36,4475.06,4469.06,4474.33,1908,23,0
1780552500,4474.33,4476.43,4471.13,4475.04,1844,23,0
1780552800,4475.02,4476.36,4471.60,4472.89,1710,23,0
1780553100,4472.96,4477.25,4472.91,4474.26,1615,23,0
1780553400,4474.26,4475.30,4470.30,4471.82,1708,23,0
1780553700,4471.83,4472.41,4469.44,4469.74,1343,23,0
1780554000,4469.73,4469.78,4467.47,4467.83,1600,23,0
1780554300,4467.88,4469.64,4465.95,4469.34,1571,23,0
1780554600,4469.34,4470.87,4467.05,4467.73,1631,23,0
1780554900,4467.79,4467.79,4463.63,4465.05,1445,23,0
1780555200,4465.05,4465.53,4460.97,4460.97,1280,23,0
1780555500,4460.93,4461.10,4458.39,4459.77,1407,23,0
1780555800,4459.78,4463.65,4459.00,4463.33,1356,23,0
1780556100,4463.33,4464.82,4462.28,4463.74,1129,23,0
1780556400,4463.74,4466.01,4463.08,4463.89,1168,23,0
1780556700,4463.92,4465.82,4462.33,4464.06,1182,23,0
1780557000,4464.06,4471.24,4463.51,4471.21,1272,23,0
1780557300,4471.21,4472.48,4470.05,4471.67,1097,23,0
1780557600,4471.65,4476.27,4471.28,4474.25,1210,23,0
1780557900,4474.24,4475.63,4473.50,4474.65,1275,23,0
1780558200,4474.65,4483.99,4474.59,4480.13,1581,23,0
1780558500,4480.18,4481.68,4478.53,4481.06,1528,23,0
1780558800,4481.06,4483.95,4479.44,4482.78,1412,23,0
1780559100,4482.77,4483.51,4479.41,4479.55,1163,23,0
1780559400,4479.52,4480.88,4478.83,4479.76,1070,23,0
1780559700,4479.76,4481.20,4478.68,4481.02,993,23,0
1780560000,4481.02,4482.37,4477.13,4477.36,1253,23,0
1780560300,4477.40,4478.40,4473.64,4473.65,1169,23,0
1780560600,4473.67,4479.15,4471.48,4477.14,1314,23,0
1780560900,4477.14,4477.57,4475.64,4476.41,1051,23,0
1780561200,4476.41,4476.57,4472.20,4472.58,1159,23,0
1780561500,4472.57,4474.18,4470.96,4473.31,1174,23,0
1780561800,4473.31,4475.81,4471.12,4473.44,1739,23,0
1780562100,4473.40,4474.75,4471.17,4471.31,1523,23,0
1780562400,4471.31,4474.70,4470.80,4474.56,1538,23,0
1780562700,4474.57,4474.80,4467.32,4467.49,1690,23,0
1780563000,4467.45,4471.17,4467.33,4469.09,1607,23,0
1780563300,4469.09,4470.41,4466.90,4469.18,1703,23,0
1780563600,4469.21,4474.53,4468.04,4473.65,1772,23,0
1780563900,4473.65,4477.18,4472.13,4475.89,1645,23,0
1780564200,4475.89,4477.07,4473.29,4473.94,1564,23,0
1780564500,4473.94,4474.22,4466.75,4469.43,1612,23,0
1780564800,4469.51,4470.46,4467.00,4467.95,1629,23,0
1780565100,4467.95,4472.17,4467.86,4472.17,1559,23,0
1780565400,4472.12,4475.65,4469.75,4474.89,1759,23,0
1780565700,4474.87,4476.78,4470.58,4472.86,1767,23,0
1780566000,4472.93,4473.10,4469.01,4469.27,1713,23,0
1780566300,4469.29,4469.92,4462.91,4466.99,1633,23,0
1780566600,4466.98,4469.94,4466.62,4467.67,1414,23,0
1780566900,4467.66,4469.35,4466.75,4467.63,1446,23,0
1780567200,4467.64,4470.72,4464.94,4470.09,1743,23,0
1780567500,4470.13,4470.70,4464.31,4465.64,1552,23,0
1780567800,4465.59,4465.71,4462.28,4464.04,1519,23,0
1780568100,4464.04,4470.43,4462.87,4469.22,1545,23,0
1780568400,4469.23,4469.23,4465.48,4465.92,1362,23,0
1780568700,4465.92,4466.28,4461.97,4465.16,1408,23,0
1780569000,4465.14,4466.84,4463.51,4463.68,1343,23,0
1780569300,4463.68,4467.91,4462.56,4463.46,1424,23,0
1780569600,4463.46,4464.58,4459.89,4461.38,1497,23,0
1780569900,4461.38,4462.30,4460.50,4461.26,1330,23,0
1780570200,4461.26,4462.25,4460.37,4461.44,1296,23,0
1780570500,4461.42,4462.28,4459.73,4461.63,1217,23,0
1780570800,4461.63,4466.35,4460.08,4465.69,1688,23,0
1780571100,4465.70,4467.87,4464.57,4465.67,1709,23,0
1780571400,4465.67,4465.96,4459.76,4460.62,1582,23,0
1780571700,4460.61,4465.44,4460.44,4464.05,1673,23,0
1780572000,4464.05,4464.11,4458.77,4459.80,1738,23,0
1780572300,4459.80,4463.60,4458.51,4463.38,1810,23,0
1780572600,4463.39,4469.39,4460.12,4464.66,2010,23,0
1780572900,4464.66,4464.90,4460.08,4460.66,1677,23,0
1780573200,4460.64,4463.59,4460.58,4463.28,1433,23,0
1780573500,4463.29,4464.13,4459.63,4460.01,1655,23,0
1780573800,4460.00,4464.01,4459.95,4463.49,1626,23,0
1780574100,4463.48,4466.03,4462.75,4463.28,1407,23,0
1780574400,4463.30,4468.68,4461.01,4467.11,1889,23,0
1780574700,4467.11,4469.37,4464.86,4468.52,1731,23,0
1780575000,4468.50,4468.89,4462.21,4463.47,1637,23,0
1780575300,4463.49,4466.16,4462.88,4466.05,1606,23,0
1780575600,4466.05,4467.54,4463.48,4466.03,1548,23,0
1780575900,4466.09,4466.70,4464.31,4464.63,1483,23,0
1780576200,4464.67,4467.75,4461.75,4466.68,1700,23,0
1780576500,4466.67,4469.26,4464.71,4467.23,1809,23,0
1780576800,4467.23,4468.69,4466.11,4467.99,1436,23,0
1780577100,4467.98,4472.28,4467.49,4470.69,1626,23,0
1780577400,4470.65,4475.61,4470.19,4474.94,1602,23,0
1780577700,4474.92,4475.30,4469.53,4470.37,1522,23,0
1780578000,4470.37,4472.01,4468.39,4470.06,1510,23,0
1780578300,4470.07,4471.24,4469.10,4469.41,1227,23,0
1780578600,4469.41,4471.87,4468.00,4471.22,1412,23,0
1780578900,4471.19,4471.53,4468.52,4468.80,1209,23,0
1780579200,4468.81,4469.00,4464.83,4466.98,1334,23,0
1780579500,4466.97,4468.33,4464.31,4467.53,1256,23,0
1780579800,4467.53,4469.66,4466.43,4467.93,1193,23,0
1780580100,4467.91,4471.12,4467.69,4469.04,1249,23,0
1780580400,4469.05,4472.78,4468.58,4471.31,1258,23,0
1780580700,4471.31,4472.94,4470.70,4471.34,1190,23,0
1780581000,4471.34,4471.46,4468.50,4471.10,1521,23,0
1780581300,4471.09,4473.85,4469.55,4473.58,1423,23,0
1780581600,4473.62,4475.34,4468.70,4472.18,1676,23,0
1780581900,4472.17,4478.22,4471.86,4477.51,1411,23,0
1780582200,4477.51,4478.72,4473.53,4473.56,1543,23,0
1780582500,4473.56,4479.24,4473.47,4477.92,1665,23,0
1780582800,4477.93,4480.18,4476.66,4478.88,1740,23,0
1780583100,4478.89,4491.36,4477.63,4489.54,2034,23,0
1780583400,4489.58,4492.45,4484.57,4485.25,1832,23,0
1780583700,4485.21,4488.41,4482.24,4487.74,1876,23,0
1780584000,4487.97,4492.21,4486.65,4491.50,2145,23,0
1780584300,4491.42,4504.20,4491.42,4501.24,2221,23,0
1780584600,4501.24,4504.66,4500.81,4503.81,2072,23,0
1780584900,4503.78,4514.63,4503.78,4511.51,2132,23,0
1780585200,4511.50,4513.77,4497.05,4497.39,2236,23,0
1780585500,4497.37,4503.64,4495.44,4498.21,2128,23,0
1780585800,4498.20,4499.21,4491.58,4493.77,2000,23,0
1780586100,4493.79,4495.56,4491.26,4492.42,1863,23,0
1780586400,4492.42,4499.13,4492.28,4497.50,1840,23,0
1780586700,4497.55,4499.91,4495.82,4498.69,1475,23,0
1780587000,4498.54,4501.43,4497.02,4499.16,1800,23,0
1780587300,4499.17,4502.06,4497.05,4498.97,1681,23,0
1780587600,4498.96,4502.12,4498.96,4502.10,1645,23,0
1780587900,4502.09,4504.87,4498.97,4504.87,1716,23,0
1780588200,4504.89,4510.98,4502.10,4508.31,2268,23,0
1780588500,4508.33,4510.14,4502.76,4504.09,1661,23,0
1780588800,4504.16,4510.06,4500.20,4505.10,2279,23,0
1780589100,4505.10,4508.82,4503.72,4504.84,1913,23,0
1780589400,4504.85,4505.48,4502.03,4503.19,1698,23,0
1780589700,4503.19,4508.75,4503.19,4507.79,1665,23,0
1780590000,4507.79,4509.37,4504.28,4504.86,1726,23,0
1780590300,4504.86,4506.43,4501.76,4504.58,1882,23,0
1780590600,4504.63,4507.22,4502.45,4506.16,2434,23,0
1780590900,4506.15,4512.19,4504.99,4509.34,2421,23,0
1780591200,4509.32,4514.96,4505.17,4514.41,2391,23,0
1780591500,4514.46,4515.41,4507.31,4509.99,2416,23,0
1780591800,4510.00,4512.34,4497.79,4498.55,2454,23,0
1780592100,4498.57,4502.98,4495.43,4495.81,2482,23,0
1780592400,4495.79,4499.93,4494.55,4495.41,2477,23,0
1780592700,4495.41,4499.82,4487.91,4490.01,2397,23,0
1780593000,4490.00,4492.25,4486.05,4487.70,2394,23,0
1780593300,4487.69,4493.73,4485.49,4487.70,2248,23,0
1780593600,4487.71,4489.45,4484.47,4485.19,2211,23,0
1780593900,4485.18,4487.88,4484.01,4486.07,2205,23,0
1780594200,4486.13,4486.85,4481.59,4484.20,2250,23,0
1780594500,4484.20,4484.30,4477.68,4480.28,2270,23,0
1780594800,4480.24,4480.72,4472.33,4474.57,2311,23,0
1780595100,4474.78,4475.49,4465.10,4466.45,2317,23,0
1780595400,4466.45,4470.39,4457.26,4464.00,2511,23,0
1780595700,4464.00,4466.27,4460.25,4465.80,2317,23,0
1780596000,4465.85,4470.65,4463.71,4470.39,2149,23,0
1780596300,4470.39,4472.50,4467.22,4470.34,2027,23,0
1780596600,4470.32,4474.73,4470.08,4471.88,2098,23,0
1780596900,4471.93,4474.00,4471.32,4473.38,1834,23,0
1780597200,4473.38,4473.85,4470.73,4470.78,1661,23,0
1780597500,4470.77,4472.20,4469.17,4470.82,1819,23,0
1780597800,4470.94,4472.80,4469.70,4471.87,1886,23,0
1780598100,4471.87,4477.29,4471.07,4477.04,1779,23,0
1780598400,4477.07,4477.29,4471.15,4472.64,1482,23,0
1780598700,4472.64,4475.80,4470.03,4474.40,1701,23,0
1780599000,4474.41,4479.06,4474.40,4477.96,1793,23,0
1780599300,4478.00,4478.71,4476.41,4477.42,1586,23,0
1780599600,4477.41,4478.77,4476.14,4476.44,1682,23,0
1780599900,4476.41,4482.78,4475.32,4482.63,1740,23,0
1780600200,4482.63,4484.13,4479.12,4479.13,1786,23,0
1780600500,4479.08,4484.71,4479.08,4483.37,1649,23,0
1780600800,4483.37,4484.76,4480.27,4484.26,1616,23,0
1780601100,4484.26,4485.08,4482.45,4483.52,1300,23,0
1780601400,4483.53,4484.03,4479.75,4480.64,1988,23,0
1780601700,4480.65,4483.48,4480.35,4481.93,1748,23,0
1780602000,4481.94,4482.95,4481.09,4481.47,1476,23,0
1780602300,4481.46,4483.44,4480.37,4481.67,1512,23,0
1780602600,4481.65,4482.43,4480.54,4481.79,1468,23,0
1780602900,4481.79,4483.95,4481.66,4482.77,1567,23,0
1780603200,4482.78,4482.78,4480.52,4481.39,1508,23,0
1780603500,4481.38,4482.10,4479.56,4479.57,1246,23,0
1780603800,4479.56,4480.52,4476.08,4476.08,1477,23,0
1780604100,4476.14,4476.30,4474.13,4475.53,1437,23,0
1780604400,4475.53,4476.01,4474.12,4475.40,1339,23,0
1780604700,4475.40,4479.37,4475.37,4476.87,1605,23,0
1780605000,4476.83,4481.51,4476.74,4479.89,1498,23,0
1780605300,4480.01,4480.55,4477.70,4478.07,1477,23,0
1780605600,4477.88,4478.34,4476.10,4476.77,1473,23,0
1780605900,4476.76,4479.00,4476.74,4478.63,1275,23,0
1780606200,4478.63,4480.33,4478.21,4478.43,1295,23,0
1780606500,4478.42,4478.77,4477.58,4478.17,1334,23,0
1780606800,4478.17,4480.24,4476.62,4477.18,1286,23,0
1780607100,4477.17,4478.05,4476.35,4477.43,1199,23,0
1780607400,4477.43,4479.33,4477.19,4478.80,1260,23,0
1780607700,4478.90,4479.25,4477.40,4478.73,1234,23,0
1780608000,4478.75,4480.55,4478.20,4480.18,1313,23,0
1780608300,4480.18,4481.03,4477.36,4478.13,1357,23,0
1780608600,4478.14,4478.14,4473.36,4473.77,1423,23,0
1780608900,4473.77,4474.16,4472.75,4473.70,1376,23,0
1780609200,4473.70,4474.62,4473.24,4474.29,1184,23,0
1780609500,4474.32,4476.32,4473.82,4475.39,1148,23,0
1780609800,4475.39,4479.46,4475.39,4478.01,1167,23,0
1780610100,4478.18,4478.70,4476.72,4478.13,1297,23,0
1780610400,4478.11,4483.39,4478.06,4481.43,1393,23,0
1780610700,4481.43,4481.46,4477.53,4478.40,1215,23,0
1780611000,4478.40,4478.55,4476.19,4478.15,1281,23,0
1780611300,4478.15,4479.30,4477.69,4478.67,1118,23,0
1780611600,4478.65,4479.41,4477.92,4479.25,985,23,0
1780611900,4479.25,4480.21,4478.72,4480.12,1173,23,0
1780612200,4480.11,4480.37,4477.95,4478.70,1162,23,0
1780612500,4478.71,4479.43,4477.46,4479.09,1160,23,0
1780612800,4479.08,4480.23,4477.39,4478.01,1238,23,0
1780613100,4478.05,4478.52,4476.84,4478.39,1105,23,0
1780613400,4478.40,4478.77,4477.03,4478.27,1641,23,0
1780613700,4478.23,4482.37,4477.03,4480.72,1971,23,0
1780614000,4480.71,4481.66,4479.12,4479.69,1249,23,0
1780614300,4479.62,4480.17,4478.79,4479.39,964,23,0
1780614600,4479.39,4479.95,4477.87,4477.87,940,23,0
1780614900,4477.84,4479.09,4477.62,4477.71,714,23,0
1780615200,4477.70,4478.19,4477.01,4477.71,716,23,0
1780615500,4477.71,4478.03,4476.65,4477.72,652,23,0
1780615800,4477.73,4477.73,4475.53,4475.89,706,23,0
1780616100,4475.89,4476.33,4475.15,4476.17,622,28,0
1780616400,4476.18,4477.35,4475.14,4475.15,703,28,0
1780616700,4475.18,4475.75,4474.34,4474.76,727,28,0
1780617000,4474.76,4475.89,4474.59,4475.78,659,28,0
1780617300,4475.74,4475.74,4474.46,4475.57,438,28,0
1780621200,4476.82,4476.82,4473.04,4473.75,952,28,0
1780621500,4473.75,4476.19,4473.73,4475.00,600,28,0
1780621800,4474.99,4476.12,4474.04,4475.31,942,28,0
1780622100,4475.29,4478.54,4474.53,4477.95,881,28,0
1780622400,4477.97,4479.29,4477.41,4479.26,1005,28,0
1780622700,4479.25,4480.84,4477.86,4478.88,1055,28,0
1780623000,4478.88,4481.50,4477.83,4478.11,1196,23,0
1780623300,4478.13,4479.94,4477.55,4479.12,924,23,0
1780623600,4479.16,4479.58,4475.25,4475.25,1239,23,0
1780623900,4475.25,4476.19,4472.35,4473.64,975,23,0
1780624200,4473.63,4474.13,4469.68,4469.68,1153,23,0
1780624500,4469.68,4471.92,4468.87,4469.58,1337,23,0
1780624800,4469.59,4471.32,4464.26,4469.99,1592,23,0
1780625100,4470.00,4473.21,4466.92,4471.54,1357,23,0
1780625400,4471.54,4474.01,4470.64,4470.95,1046,23,0
1780625700,4470.95,4471.42,4469.17,4469.90,1026,23,0
1780626000,4469.90,4472.00,4466.67,4471.45,1271,23,0
1780626300,4471.44,4473.34,4468.22,4469.15,1029,23,0
1780626600,4469.15,4469.57,4464.02,4465.64,1118,23,0
1780626900,4465.63,4466.68,4462.62,4463.63,1133,23,0
1780627200,4463.65,4464.93,4462.04,4463.22,1072,23,0
1780627500,4463.21,4463.93,4460.52,4463.91,1312,23,0
1780627800,4463.90,4465.95,4463.11,4464.28,1405,23,0
1780628100,4464.26,4464.84,4461.18,4461.68,1436,23,0
1780628400,4461.64,4463.92,4459.48,4462.14,1897,23,0
1780628700,4462.17,4464.97,4459.81,4461.20,1828,23,0
1780629000,4461.21,4462.51,4454.45,4455.28,1868,23,0
1780629300,4455.29,4457.53,4452.06,4452.27,2045,23,0
1780629600,4452.27,4455.63,4450.65,4454.36,1856,23,0
1780629900,4454.35,4457.64,4452.99,4457.47,1788,23,0
1780630200,4457.47,4461.05,4456.20,4460.35,1625,23,0
1780630500,4460.41,4466.87,4460.41,4464.16,1775,23,0
1780630800,4464.18,4466.20,4462.83,4463.13,1614,23,0
1780631100,4463.13,4466.32,4461.35,4461.39,1648,23,0
1780631400,4461.52,4465.62,4460.93,4465.10,1554,23,0
1780631700,4465.10,4465.10,4458.50,4459.52,1782,23,0
1780632000,4459.24,4467.20,4452.88,4466.03,2572,23,0
1780632300,4466.21,4469.96,4463.44,4464.57,2317,23,0
1780632600,4464.54,4465.25,4459.95,4460.10,2274,23,0
1780632900,4460.04,4464.85,4457.60,4463.07,2219,23,0
1780633200,4463.21,4463.95,4454.04,4455.20,2219,23,0
1780633500,4455.11,4459.55,4449.31,4458.64,2300,23,0
1780633800,4458.78,4459.67,4453.85,4454.02,2140,23,0
1780634100,4454.02,4456.52,4448.54,4449.60,1886,23,0
1780634400,4449.62,4451.36,4445.38,4446.04,2087,23,0
1780634700,4446.03,4449.53,4444.11,4446.54,1881,23,0
1780635000,4446.53,4450.60,4444.63,4450.39,1932,23,0
1780635300,4450.40,4450.79,4445.10,4446.76,1975,23,0
1780635600,4446.78,4450.97,4442.43,4449.34,2057,23,0
1780635900,4449.38,4449.67,4444.72,4447.38,2010,23,0
1780636200,4447.90,4450.50,4445.93,4449.44,1939,23,0
1780636500,4449.44,4450.58,4445.99,4447.51,1480,23,0
1780636800,4447.55,4453.20,4447.43,4452.96,1578,23,0
1780637100,4452.96,4454.94,4449.95,4451.22,1554,23,0
1780637400,4451.22,4451.77,4442.20,4444.90,2135,23,0
1780637700,4444.91,4446.68,4441.44,4445.18,1901,23,0
1780638000,4445.18,4445.19,4438.45,4442.89,1977,23,0
1780638300,4442.89,4447.26,4442.34,4445.60,1909,23,0
1780638600,4445.59,4449.91,4443.24,4443.26,1792,23,0
1780638900,4443.25,4443.92,4440.13,4440.55,1861,23,0
1780639200,4440.55,4441.22,4436.45,4438.45,1918,23,0
1780639500,4438.45,4440.54,4436.90,4439.99,1909,23,0
1780639800,4439.99,4440.97,4438.30,4440.92,1789,23,0
1780640100,4440.86,4443.83,4438.11,4438.75,1805,23,0
1780640400,4438.75,4438.98,4435.21,4437.32,1686,23,0
1780640700,4437.32,4439.11,4436.32,4436.75,1707,23,0
1780641000,4436.75,4441.59,4436.33,4439.74,1589,23,0
1780641300,4439.74,4441.23,4436.63,4440.67,1418,23,0
1780641600,4440.64,4442.37,4440.27,4440.88,1287,23,0
1780641900,4440.88,4441.64,4439.98,4441.09,1072,23,0
1780642200,4441.10,4442.27,4439.26,4440.57,1253,23,0
1780642500,4440.60,4443.30,4440.59,4442.32,1208,23,0
1780642800,4442.32,4444.62,4441.15,4442.53,1404,23,0
1780643100,4442.53,4443.72,4439.75,4440.64,1394,23,0
1780643400,4440.65,4441.65,4438.32,4441.57,1388,23,0
1780643700,4441.57,4443.77,4438.95,4439.36,1464,23,0
1780644000,4439.24,4441.72,4439.08,4439.77,1141,23,0
1780644300,4439.76,4443.68,4439.41,4439.62,1434,23,0
1780644600,4439.62,4439.97,4437.55,4439.44,1269,23,0
1780644900,4439.43,4441.65,4439.06,4441.60,1244,23,0
1780645200,4441.59,4444.11,4439.28,4440.83,1259,23,0
1780645500,4440.89,4442.30,4439.64,4441.09,1152,23,0
1780645800,4441.09,4444.23,4440.92,4444.23,1374,23,0
1780646100,4444.22,4446.53,4443.99,4444.95,1353,23,0
1780646400,4444.95,4449.96,4443.21,4447.59,1742,23,0
1780646700,4447.57,4449.80,4447.08,4447.30,1484,23,0
1780647000,4447.29,4449.71,4446.45,4448.94,1418,23,0
1780647300,4448.94,4449.16,4444.16,4445.41,1361,23,0
1780647600,4445.41,4446.30,4442.21,4444.87,1368,23,0
1780647900,4444.87,4445.74,4444.14,4444.69,1260,23,0
1780648200,4444.67,4445.96,4439.42,4442.71,2109,23,0
1780648500,4442.66,4447.93,4442.24,4445.62,1822,23,0
1780648800,4445.66,4446.71,4443.07,4443.70,1656,23,0
1780649100,4443.70,4448.23,4442.16,4447.59,1587,23,0
1780649400,4447.59,4447.91,4442.68,4443.60,1550,23,0
1780649700,4443.61,4444.86,4438.68,4439.93,1668,23,0
1780650000,4439.94,4442.59,4435.32,4437.50,1953,23,0
1780650300,4437.51,4441.39,4437.30,4440.33,1876,23,0
1780650600,4440.33,4441.94,4436.12,4436.52,1863,23,0
1780650900,4436.46,4437.12,4428.82,4436.62,2230,23,0
1780651200,4436.62,4445.30,4434.76,4444.06,2165,23,0
1780651500,4444.06,4446.39,4440.43,4442.30,1979,23,0
1780651800,4442.32,4448.32,4442.30,4446.65,1982,23,0
1780652100,4446.66,4450.03,4446.38,4448.27,1876,23,0
1780652400,4448.45,4449.06,4446.55,4448.46,1719,23,0
1780652700,4448.45,4456.02,4446.86,4453.56,1892,23,0
1780653000,4453.61,4456.20,4451.25,4451.28,1712,23,0
1780653300,4451.28,4453.58,4449.49,4452.86,1697,23,0
1780653600,4452.85,4455.93,4451.84,4454.61,1939,23,0
1780653900,4454.60,4458.28,4453.24,4457.32,1739,23,0
1780654200,4457.32,4463.28,4456.08,4458.47,1750,23,0
1780654500,4458.47,4464.02,4458.44,4461.76,1703,23,0
1780654800,4461.78,4465.74,4459.91,4464.09,1804,23,0
1780655100,4464.10,4467.36,4461.48,4467.20,1766,23,0
1780655400,4467.19,4467.22,4464.51,4466.09,1719,23,0
1780655700,4466.08,4466.12,4461.55,4462.02,1578,23,0
1780656000,4462.04,4465.83,4459.50,4462.07,1576,23,0
1780656300,4462.08,4464.29,4461.84,4462.72,1316,23,0
1780656600,4462.71,4465.06,4461.44,4461.84,1320,23,0
1780656900,4461.88,4462.81,4460.73,4460.91,1300,23,0
1780657200,4460.92,4463.37,4458.80,4461.56,1685,23,0
1780657500,4461.58,4462.51,4459.53,4460.70,1738,23,0
1780657800,4460.69,4461.80,4459.48,4461.08,1540,23,0
1780658100,4461.11,4463.45,4459.89,4463.02,1503,23,0
1780658400,4463.00,4465.54,4462.14,4463.81,1625,23,0
1780658700,4463.81,4466.95,4463.04,4466.95,1660,23,0
1780659000,4466.98,4468.21,4463.22,4463.31,1775,23,0
1780659300,4463.31,4463.80,4461.64,4461.91,1489,23,0
1780659600,4461.89,4463.34,4460.98,4461.82,1285,23,0
1780659900,4461.80,4464.47,4461.55,4463.48,1149,23,0
1780660200,4463.48,4463.79,4462.06,4463.75,1271,23,0
1780660500,4463.75,4463.76,4462.29,4462.76,1025,23,0
1780660800,4462.77,4463.33,4461.00,4461.06,1403,23,0
1780661100,4461.05,4462.92,4459.76,4460.72,1301,23,0
1780661400,4460.72,4469.16,4458.89,4465.96,1815,23,0
1780661700,4465.96,4469.28,4464.20,4467.61,2062,23,0
1780662000,4467.61,4468.91,4466.45,4466.62,1741,23,0
1780662300,4466.62,4467.69,4462.07,4462.87,1647,23,0
1780662600,4462.88,4466.27,4459.34,4463.74,1843,23,0
1780662900,4463.75,4465.34,4462.62,4463.28,1371,23,0
1780663200,4463.28,4466.12,4463.26,4465.85,1330,23,0
1780663500,4465.87,4469.21,4465.08,4465.26,1300,23,0
1780663800,4465.26,4465.83,4464.55,4465.52,1107,23,0
1780664100,4465.52,4465.52,4462.63,4464.89,1326,23,0
1780664400,4464.89,4464.99,4463.14,4463.40,1145,23,0
1780664700,4463.41,4464.82,4463.19,4464.79,1098,23,0
1780665000,4464.77,4465.22,4463.50,4465.22,1017,23,0
1780665300,4465.22,4465.94,4464.53,4465.46,1050,23,0
1780665600,4465.47,4468.08,4465.35,4467.20,1124,23,0
1780665900,4467.20,4467.22,4465.08,4465.96,983,23,0
1780666200,4465.96,4466.90,4462.67,4463.01,1201,23,0
1780666500,4463.01,4464.10,4462.19,4463.29,1149,23,0
1780666800,4463.28,4464.61,4461.93,4464.57,1050,23,0
1780667100,4464.57,4467.33,4464.40,4466.74,1299,23,0
1780667400,4466.74,4467.83,4465.70,4466.18,987,23,0
1780667700,4466.20,4466.94,4465.97,4466.91,1028,23,0
1780668000,4466.78,4467.04,4463.56,4463.91,1399,23,0
1780668300,4463.92,4466.95,4463.30,4466.72,1319,23,0
1780668600,4466.69,4466.84,4461.12,4461.35,1172,23,0
1780668900,4461.36,4463.47,4460.89,4461.72,1385,23,0
1780669200,4461.72,4463.82,4458.97,4461.59,1479,23,0
1780669500,4461.59,4466.07,4461.58,4466.03,1543,23,0
1780669800,4466.02,4467.17,4464.53,4465.18,1379,23,0
1780670100,4465.18,4466.92,4463.35,4463.40,1304,23,0
1780670400,4463.44,4465.72,4463.20,4464.89,1255,23,0
1780670700,4464.87,4467.30,4464.10,4466.94,1218,23,0
1780671000,4466.96,4475.28,4466.70,4472.05,1677,23,0
1780671300,4472.04,4472.52,4467.72,4470.20,1440,23,0
1780671600,4470.21,4470.83,4464.18,4465.29,1703,23,0
1780671900,4465.29,4468.12,4464.94,4467.90,1502,23,0
1780672200,4467.90,4471.04,4466.80,4469.22,1605,23,0
1780672500,4469.21,4473.74,4468.38,4472.87,1625,23,0
1780672800,4472.87,4475.74,4467.42,4468.40,1883,23,0
1780673100,4468.40,4468.98,4461.64,4464.96,1705,23,0
1780673400,4465.01,4465.68,4446.92,4452.97,2640,23,0
1780673700,4452.98,4453.91,4439.75,4443.92,2556,23,0
1780674000,4443.88,4448.16,4442.99,4446.01,2259,23,0
1780674300,4446.04,4449.03,4440.12,4440.21,2218,23,0
1780674600,4440.20,4440.69,4416.92,4416.93,2555,23,0
1780674900,4416.93,4419.94,4404.77,4406.11,2630,23,0
1780675200,4406.13,4418.44,4400.02,4411.78,2737,23,0
1780675500,4411.78,4419.69,4408.25,4416.44,2540,23,0
1780675800,4416.31,4420.59,4414.51,4418.45,2409,23,0
1780676100,4418.42,4420.99,4416.25,4417.64,2320,23,0
1780676400,4417.66,4420.37,4409.36,4409.86,2384,23,0
1780676700,4409.86,4414.92,4403.90,4404.68,2360,23,0
1780677000,4404.50,4409.48,4398.23,4404.93,2681,23,0
1780677300,4404.94,4405.17,4386.04,4392.11,2670,23,0
1780677600,4392.13,4398.19,4388.41,4389.44,2603,23,0
1780677900,4389.42,4391.06,4383.30,4383.74,2647,23,0
1780678200,4383.74,4388.10,4381.95,4384.97,2643,23,0
1780678500,4385.00,4385.64,4365.64,4365.80,2624,23,0
1780678800,4365.75,4379.18,4364.04,4372.06,2798,23,0
1780679100,4372.04,4377.35,4364.08,4374.65,2708,23,0
1780679400,4374.64,4377.28,4364.38,4366.21,2641,23,0
1780679700,4366.16,4370.13,4364.78,4369.37,2508,23,0
1780680000,4369.35,4370.11,4355.58,4357.54,2663,23,0
1780680300,4357.57,4361.39,4353.04,4361.05,2615,23,0
1780680600,4361.09,4363.97,4349.72,4353.11,2660,23,0
1780680900,4353.18,4354.65,4347.95,4348.55,2533,23,0
1780681200,4348.56,4350.49,4344.60,4349.20,2484,23,0
1780681500,4349.21,4359.43,4348.47,4356.45,2450,23,0
1780681800,4356.49,4367.14,4355.11,4362.89,2476,23,0
1780682100,4363.05,4369.98,4360.91,4369.64,2387,23,0
1780682400,4369.64,4372.58,4362.85,4368.36,2424,23,0
1780682700,4368.36,4369.38,4361.97,4362.08,2267,23,0
1780683000,4362.04,4362.16,4353.18,4353.27,2415,23,0
1780683300,4352.96,4355.94,4349.11,4355.26,2543,23,0
1780683600,4355.10,4357.43,4348.20,4352.71,2398,23,0
1780683900,4352.72,4355.23,4349.45,4351.83,2299,23,0
1780684200,4351.80,4354.85,4345.45,4346.88,2186,23,0
1780684500,4346.92,4349.52,4336.21,4340.15,2359,23,0
1780684800,4340.03,4341.48,4335.43,4338.74,2281,23,0
1780685100,4338.75,4341.00,4336.61,4339.14,2136,23,0
1780685400,4339.14,4341.87,4336.84,4340.92,2124,23,0
1780685700,4340.93,4341.43,4334.00,4335.49,2247,23,0
1780686000,4335.49,4338.84,4330.58,4334.15,2371,23,0
1780686300,4334.14,4334.14,4328.96,4332.83,2387,23,0
1780686600,4332.83,4337.97,4331.55,4333.56,2228,23,0
1780686900,4333.55,4333.55,4325.54,4330.57,2313,23,0
1780687200,4330.63,4330.69,4325.37,4328.51,2240,23,0
1780687500,4328.52,4333.81,4328.35,4329.66,2309,23,0
1780687800,4329.66,4330.08,4323.46,4328.72,2344,23,0
1780688100,4328.71,4332.23,4325.01,4331.72,2213,23,0
1780688400,4331.72,4332.08,4326.05,4327.84,2081,23,0
1780688700,4327.82,4334.32,4325.22,4333.96,2379,23,0
1780689000,4333.98,4338.62,4333.20,4338.09,2236,23,0
1780689300,4338.08,4344.92,4336.83,4344.55,2355,23,0
1780689600,4344.54,4346.92,4339.55,4344.16,2205,23,0
1780689900,4344.16,4344.16,4338.68,4339.15,2122,23,0
1780690200,4339.15,4341.66,4336.52,4339.58,2191,23,0
1780690500,4339.55,4342.27,4336.15,4338.54,2197,23,0
1780690800,4338.54,4341.63,4335.68,4339.16,2320,23,0
1780691100,4339.10,4342.96,4336.19,4342.38,2308,23,0
1780691400,4342.38,4343.80,4339.94,4343.07,2168,23,0
1780691700,4343.06,4345.30,4339.62,4345.10,1967,23,0
1780692000,4345.11,4347.34,4340.23,4341.17,2187,23,0
1780692300,4341.15,4342.86,4338.05,4340.02,2086,23,0
1780692600,4340.02,4343.65,4338.82,4343.42,2041,23,0
1780692900,4343.42,4343.62,4341.15,4341.74,1987,23,0
1780693200,4341.75,4342.10,4333.63,4333.66,2104,23,0
1780693500,4333.61,4334.17,4329.57,4329.98,2135,23,0
1780693800,4329.98,4331.65,4322.83,4322.83,2242,23,0
1780694100,4322.84,4326.70,4321.88,4326.13,2401,23,0
1780694400,4326.12,4330.38,4325.99,4327.30,2301,23,0
1780694700,4327.28,4328.01,4322.95,4325.93,2269,23,0
1780695000,4325.90,4326.95,4319.12,4325.05,2179,23,0
1780695300,4325.02,4325.92,4319.17,4320.31,2006,23,0
1780695600,4320.29,4321.25,4315.25,4318.16,2018,23,0
1780695900,4318.05,4321.77,4316.01,4321.62,2237,23,0
1780696200,4321.62,4321.65,4316.82,4320.62,2148,23,0
1780696500,4320.63,4326.16,4318.95,4322.31,2246,23,0
1780696800,4322.34,4323.80,4316.59,4320.78,2245,23,0
1780697100,4320.79,4321.11,4316.37,4319.81,2121,23,0
1780697400,4319.81,4320.05,4315.25,4315.35,2123,23,0
1780697700,4315.34,4318.77,4313.89,4318.43,2230,23,0
1780698000,4318.36,4321.51,4315.47,4319.14,2260,23,0
1780698300,4319.14,4324.23,4318.90,4323.83,2317,23,0
1780698600,4323.82,4325.06,4320.66,4322.86,2276,23,0
1780698900,4322.86,4324.76,4320.60,4322.21,2169,23,0
1780699200,4322.22,4322.29,4314.01,4318.78,2329,23,0
1780699500,4318.75,4322.01,4317.81,4320.73,2349,23,0
1780699800,4320.74,4323.76,4317.84,4318.23,2454,23,0
1780700100,4318.23,4321.26,4316.91,4318.62,2426,23,0
1780700400,4318.49,4318.86,4312.65,4313.64,2204,23,0
1780700700,4313.60,4314.67,4311.76,4313.93,2094,23,0
1780701000,4313.94,4317.02,4312.27,4315.55,1939,23,0
1780701300,4315.56,4316.75,4314.02,4315.38,1794,23,0
1780701600,4315.41,4319.91,4314.74,4319.80,1806,23,0
1780701900,4319.80,4326.42,4318.76,4322.69,1685,23,0
1780702200,4322.73,4323.65,4321.64,4322.44,1625,23,0
1780702500,4322.44,4325.23,4321.82,4322.85,1671,28,0
1780702800,4322.85,4324.88,4321.07,4324.13,1614,28,0
1780703100,4324.13,4329.88,4323.97,4327.51,1602,28,0
1780703400,4327.50,4330.20,4325.57,4327.64,1733,28,0
1780703700,4327.65,4331.02,4327.65,4327.91,553,28,0
1780880400,4330.17,4335.83,4310.96,4321.08,2337,28,0
1780880700,4321.22,4321.33,4310.12,4318.74,2237,29,0
1780881000,4318.73,4330.11,4312.81,4329.79,2122,28,0
1780881300,4329.85,4330.57,4323.97,4327.33,2187,28,0
1780881600,4327.36,4329.28,4322.15,4322.96,1914,28,0
1780881900,4322.96,4324.34,4316.30,4316.67,1804,28,0
1780882200,4316.68,4323.33,4315.16,4323.19,2017,23,0
1780882500,4323.21,4328.96,4322.42,4325.75,1573,23,0
1780882800,4325.76,4326.64,4324.51,4325.94,1309,23,0
1780883100,4325.96,4326.12,4319.74,4322.42,1615,23,0
1780883400,4322.42,4326.67,4321.20,4323.30,1519,23,0
1780883700,4323.29,4323.39,4315.73,4317.24,2123,23,0
1780884000,4317.24,4326.85,4317.24,4325.83,1895,23,0
1780884300,4325.85,4327.25,4322.61,4326.68,1659,23,0
1780884600,4326.70,4334.11,4325.95,4330.77,1587,23,0
1780884900,4330.78,4333.95,4329.99,4331.31,1638,23,0
1780885200,4331.28,4332.01,4328.80,4330.32,1505,23,0
1780885500,4330.32,4334.58,4329.09,4334.01,1277,23,0
1780885800,4334.00,4336.51,4333.04,4333.86,1610,23,0
1780886100,4333.88,4337.65,4333.17,4336.68,1487,23,0
1780886400,4336.68,4340.50,4336.51,4338.98,1602,23,0
1780886700,4338.98,4343.12,4335.24,4341.90,1952,23,0
1780887000,4341.89,4343.60,4339.35,4343.21,1651,23,0
1780887300,4343.24,4346.92,4342.35,4343.94,1865,23,0
1780887600,4343.98,4346.77,4340.68,4344.73,1970,20,0
1780887900,4344.72,4345.85,4341.22,4345.11,1916,23,0
1780888200,4345.34,4345.66,4341.10,4343.64,1783,23,0
1780888500,4343.68,4347.81,4341.69,4347.67,1751,23,0
1780888800,4347.65,4352.41,4347.41,4351.06,1736,23,0
1780889100,4351.05,4353.37,4349.30,4351.46,1883,23,0
1780889400,4351.45,4352.40,4346.31,4349.08,2037,23,0
1780889700,4349.17,4351.96,4346.03,4347.86,1961,23,0
1780890000,4347.83,4348.78,4342.06,4345.33,2010,23,0
1780890300,4345.30,4345.93,4339.79,4342.52,2048,23,0
1780890600,4342.53,4343.41,4339.88,4341.59,1981,23,0
1780890900,4341.59,4345.24,4340.67,4342.39,2179,23,0
1780891200,4342.23,4345.78,4336.34,4339.11,2574,23,0
1780891500,4339.22,4340.96,4330.93,4337.04,2481,23,0
1780891800,4336.90,4337.73,4326.64,4326.96,2465,23,0
1780892100,4326.97,4327.45,4314.49,4317.97,2571,23,0
1780892400,4317.97,4325.01,4311.53,4321.87,2599,23,0
1780892700,4321.86,4323.34,4311.45,4314.54,2571,23,0
1780893000,4314.57,4317.63,4300.13,4315.41,2750,23,0
1780893300,4315.46,4317.76,4311.79,4317.24,2565,23,0
1780893600,4317.24,4327.40,4316.69,4326.28,2554,23,0
1780893900,4326.23,4329.73,4323.21,4323.66,2461,23,0
1780894200,4323.65,4328.12,4319.38,4324.35,2390,23,0
1780894500,4324.41,4328.63,4322.94,4325.52,2312,23,0
1780894800,4325.62,4330.72,4321.11,4322.79,2308,23,0
1780895100,4322.77,4324.55,4316.65,4318.95,2247,23,0
1780895400,4318.92,4318.97,4314.69,4316.77,2172,23,0
1780895700,4316.78,4319.67,4311.50,4312.18,1982,23,0
1780896000,4312.21,4316.44,4311.76,4316.33,1878,23,0
1780896300,4316.33,4316.95,4311.53,4314.92,1833,23,0
1780896600,4314.89,4316.84,4308.88,4309.64,2424,23,0
1780896900,4309.62,4312.44,4307.29,4311.89,2163,23,0
1780897200,4311.89,4317.65,4309.12,4315.95,2171,23,0
1780897500,4315.94,4320.85,4314.30,4317.29,2165,23,0
1780897800,4317.27,4317.65,4309.21,4311.91,2191,23,0
1780898100,4311.90,4315.62,4309.67,4310.57,2169,23,0
1780898400,4310.57,4314.19,4310.12,4311.14,2095,23,0
1780898700,4311.18,4311.91,4306.33,4308.24,2093,23,0
1780899000,4308.25,4308.51,4304.29,4304.81,1918,23,0
1780899300,4304.79,4307.78,4303.58,4307.54,1730,23,0
1780899600,4307.51,4311.99,4306.48,4310.60,1919,23,0
1780899900,4310.61,4310.86,4306.12,4307.18,1747,23,0
1780900200,4307.19,4309.31,4304.97,4307.03,1714,23,0
1780900500,4307.02,4308.56,4306.20,4307.67,1493,23,0
1780900800,4307.67,4309.98,4306.59,4309.89,1612,23,0
1780901100,4309.89,4313.52,4309.55,4312.39,1520,23,0
1780901400,4312.39,4317.18,4311.28,4315.05,1537,23,0
1780901700,4315.05,4316.94,4314.03,4316.94,1432,23,0
1780902000,4316.94,4320.40,4314.19,4314.97,1590,23,0
1780902300,4314.83,4319.15,4313.57,4318.12,1654,23,0
1780902600,4318.09,4319.47,4316.61,4318.73,1526,23,0
1780902900,4318.74,4321.76,4317.65,4318.66,1594,23,0
1780903200,4318.61,4318.88,4316.00,4317.88,1489,23,0
1780903500,4317.91,4320.88,4317.11,4320.03,1518,23,0
1780903800,4320.03,4320.33,4311.21,4313.48,1812,23,0
1780904100,4313.48,4313.94,4310.68,4311.13,1747,23,0
1780904400,4311.13,4311.97,4307.63,4307.69,1684,23,0
1780904700,4307.69,4311.42,4307.69,4310.09,1547,23,0
1780905000,4310.16,4313.97,4309.50,4311.57,1393,23,0
1780905300,4311.58,4313.54,4308.80,4312.65,1612,23,0
1780905600,4312.67,4316.11,4311.77,4315.32,1819,23,0
1780905900,4315.33,4315.41,4309.62,4310.48,1560,23,0
1780906200,4310.48,4311.73,4305.19,4305.19,1659,23,0
1780906500,4304.93,4310.75,4304.45,4309.33,1729,23,0
1780906800,4309.33,4314.16,4309.29,4311.21,1700,23,0
1780907100,4311.25,4313.18,4309.08,4311.74,1801,23,0
1780907400,4311.73,4312.82,4286.70,4287.00,2540,23,0
1780907700,4287.06,4291.26,4268.60,4290.85,2666,23,0
1780908000,4290.84,4293.06,4283.01,4287.99,2505,23,0
1780908300,4288.00,4292.17,4285.04,4286.81,2396,23,0
1780908600,4286.81,4295.81,4285.68,4289.71,2366,23,0
1780908900,4289.70,4294.93,4286.02,4291.99,2316,23,0
1780909200,4291.98,4308.02,4291.98,4303.60,2467,23,0
1780909500,4303.62,4306.74,4299.59,4302.59,2369,23,0
1780909800,4302.58,4306.25,4299.26,4303.49,2255,23,0
1780910100,4303.65,4307.24,4299.65,4303.25,2220,23,0
1780910400,4303.25,4311.32,4302.81,4308.41,2264,23,0
1780910700,4308.34,4310.58,4305.34,4305.82,2182,23,0
1780911000,4305.80,4306.39,4299.28,4299.33,2162,23,0
1780911300,4299.35,4300.14,4295.21,4296.42,2173,23,0
1780911600,4296.42,4300.03,4293.99,4298.30,2125,23,0
1780911900,4298.31,4300.22,4296.10,4297.43,2041,23,0
1780912200,4297.43,4300.79,4296.41,4297.78,2076,23,0
1780912500,4297.85,4300.27,4293.23,4299.99,1961,23,0
1780912800,4300.03,4302.77,4295.73,4299.22,2263,23,0
1780913100,4299.23,4301.36,4294.88,4300.46,2044,23,0
1780913400,4300.49,4308.47,4298.56,4305.17,1989,23,0
1780913700,4305.15,4310.57,4300.90,4306.33,2111,23,0
1780914000,4306.32,4314.75,4305.71,4314.20,1938,23,0
1780914300,4314.19,4316.88,4305.84,4306.08,1979,23,0
1780914600,4306.08,4309.16,4304.87,4308.09,1905,23,0
1780914900,4308.10,4311.70,4304.11,4307.84,2005,23,0
1780915200,4307.84,4307.94,4301.43,4301.73,1861,23,0
1780915500,4301.72,4302.65,4298.14,4298.54,1945,23,0
1780915800,4298.49,4299.39,4295.69,4296.53,1926,23,0
1780916100,4296.56,4299.45,4294.39,4294.44,1809,23,0
1780916400,4294.45,4297.06,4290.16,4293.22,2047,23,0
1780916700,4293.27,4295.80,4289.46,4294.59,1922,23,0
1780917000,4294.47,4295.96,4291.06,4291.79,1892,23,0
1780917300,4291.77,4293.55,4288.69,4293.00,1935,23,0
1780917600,4292.99,4293.21,4288.03,4288.75,1877,23,0
1780917900,4288.75,4290.15,4285.36,4288.01,1840,23,0
1780918200,4288.11,4292.02,4286.76,4291.23,1891,23,0
1780918500,4291.23,4291.30,4286.53,4287.47,1627,23,0
1780918800,4287.58,4291.28,4286.51,4290.72,1830,23,0
1780919100,4290.73,4293.81,4289.49,4291.26,1891,23,0
1780919400,4291.24,4293.26,4286.49,4288.38,1814,23,0
1780919700,4288.36,4290.37,4285.48,4288.77,1996,23,0
1780920000,4288.82,4292.11,4288.70,4290.82,1866,23,0
1780920300,4290.82,4291.01,4284.37,4285.36,1506,23,0
1780920600,4285.37,4288.96,4284.78,4288.96,1440,23,0
1780920900,4288.96,4290.35,4287.19,4287.88,1343,23,0
1780921200,4287.89,4290.88,4286.14,4286.55,1378,23,0
1780921500,4286.56,4287.83,4279.40,4279.73,1578,23,0
1780921800,4279.74,4280.89,4272.95,4273.84,2122,23,0
1780922100,4273.86,4295.81,4273.55,4293.84,2346,23,0
1780922400,4293.84,4296.39,4289.64,4293.83,2132,23,0
1780922700,4293.70,4301.97,4292.91,4301.15,1991,23,0
1780923000,4301.15,4301.64,4291.58,4293.63,1958,23,0
1780923300,4293.60,4295.63,4291.12,4294.28,1845,23,0
1780923600,4294.29,4295.01,4286.25,4290.61,1886,23,0
1780923900,4290.59,4297.63,4289.38,4295.01,1723,23,0
1780924200,4295.01,4297.61,4293.49,4294.61,1591,23,0
1780924500,4294.60,4295.94,4290.01,4290.15,1596,23,0
1780924800,4290.15,4292.80,4289.80,4291.33,1414,23,0
1780925100,4291.32,4295.24,4290.15,4293.79,1566,23,0
1780925400,4293.79,4305.32,4292.27,4303.81,1676,23,0
1780925700,4303.80,4305.57,4299.49,4299.81,2147,23,0
1780926000,4299.82,4304.83,4299.30,4304.83,1662,23,0
1780926300,4304.83,4305.03,4299.31,4300.52,1704,23,0
1780926600,4300.51,4302.09,4298.37,4298.47,1651,23,0
1780926900,4298.48,4303.07,4296.80,4302.02,1646,23,0
1780927200,4302.03,4302.55,4297.18,4299.98,1671,23,0
1780927500,4299.98,4306.22,4299.98,4306.10,1316,23,0
1780927800,4306.24,4318.67,4304.57,4318.67,2264,23,0
1780928100,4318.82,4327.78,4312.57,4327.14,2505,23,0
1780928400,4327.13,4330.99,4323.24,4324.97,2304,23,0
1780928700,4324.99,4329.53,4322.02,4325.26,1991,23,0
1780929000,4325.25,4333.22,4325.02,4329.97,2081,23,0
1780929300,4329.94,4330.38,4324.38,4325.37,1976,23,0
1780929600,4325.39,4327.41,4322.31,4324.07,1969,23,0
1780929900,4324.08,4326.37,4321.38,4323.84,1901,23,0
1780930200,4323.85,4328.61,4323.62,4326.70,1936,23,0
1780930500,4326.73,4332.71,4325.31,4331.27,1966,23,0
1780930800,4331.27,4334.59,4327.72,4330.47,2183,23,0
1780931100,4330.49,4334.68,4327.46,4330.52,1970,23,0
1780931400,4330.52,4331.06,4322.53,4322.94,1942,23,0
1780931700,4322.91,4326.25,4320.28,4325.09,1865,23,0
1780932000,4325.07,4329.88,4322.95,4329.06,1945,23,0
1780932300,4329.06,4331.84,4328.05,4330.09,1845,23,0
1780932600,4329.89,4334.63,4328.05,4328.26,1947,23,0
1780932900,4328.26,4333.97,4327.59,4330.45,1971,23,0
1780933200,4330.59,4339.34,4328.51,4335.72,2102,23,0
1780933500,4335.71,4337.95,4332.38,4332.63,1937,23,0
1780933800,4332.63,4333.50,4327.29,4330.02,1971,23,0
1780934100,4330.02,4334.47,4328.96,4333.05,1947,23,0
1780934400,4333.07,4334.85,4325.99,4328.77,2401,23,0
1780934700,4329.01,4330.29,4323.38,4324.29,2089,23,0
1780935000,4324.23,4326.57,4323.25,4323.90,2002,23,0
1780935300,4323.90,4325.83,4321.41,4325.32,2075,23,0
1780935600,4325.35,4336.07,4325.35,4331.70,2252,23,0
1780935900,4331.68,4333.73,4329.38,4331.24,2085,23,0
1780936200,4331.23,4340.02,4331.05,4333.34,2657,23,0
1780936500,4333.35,4346.63,4332.60,4340.88,2704,23,0
1780936800,4340.56,4344.52,4335.31,4336.34,2641,23,0
1780937100,4336.34,4338.56,4332.49,4332.49,2587,23,0
1780937400,4332.50,4339.19,4328.41,4334.22,2527,23,0
1780937700,4334.23,4337.00,4326.20,4326.79,2517,23,0
1780938000,4326.74,4330.80,4322.25,4322.25,2550,23,0
1780938300,4322.31,4327.43,4319.05,4320.63,2512,23,0
1780938600,4320.60,4320.82,4316.72,4319.46,2508,23,0
1780938900,4319.46,4321.94,4316.97,4321.70,2451,23,0
1780939200,4321.67,4324.33,4317.15,4318.60,2463,23,0
1780939500,4318.70,4322.83,4315.86,4320.04,2363,23,0
1780939800,4320.05,4324.18,4318.67,4322.13,2354,23,0
1780940100,4322.13,4323.07,4315.23,4319.75,2284,23,0
1780940400,4319.76,4323.26,4316.18,4322.61,2414,23,0
1780940700,4322.62,4328.36,4317.36,4317.63,2312,23,0
1780941000,4317.59,4327.18,4316.98,4326.50,2381,23,0
1780941300,4326.49,4331.44,4324.43,4330.93,2205,23,0
1780941600,4330.95,4336.36,4328.87,4329.02,2277,23,0
1780941900,4329.04,4330.81,4325.37,4328.50,2080,23,0
1780942200,4328.49,4328.88,4325.22,4325.38,1981,23,0
1780942500,4325.40,4332.22,4322.55,4331.57,2195,23,0
1780942800,4331.61,4336.03,4329.27,4335.35,2162,23,0
1780943100,4335.33,4335.33,4328.95,4330.65,2336,23,0
1780943400,4330.71,4333.45,4328.66,4332.18,2367,23,0
1780943700,4332.18,4337.48,4331.25,4336.59,2158,23,0
1780944000,4336.57,4339.47,4335.27,4339.26,2146,23,0
1780944300,4339.20,4340.96,4334.51,4335.32,2093,23,0
1780944600,4335.31,4343.20,4335.31,4342.73,2113,23,0
1780944900,4342.73,4345.63,4341.11,4341.76,2120,23,0
1780945200,4341.79,4343.87,4338.75,4341.23,2086,23,0
1780945500,4341.23,4343.20,4338.86,4339.80,2072,23,0
1780945800,4339.79,4342.04,4338.15,4340.98,1973,23,0
1780946100,4340.97,4343.91,4340.35,4342.92,1885,23,0
1780946400,4342.93,4343.78,4339.79,4341.06,2037,23,0
1780946700,4341.08,4343.06,4340.40,4340.89,1927,23,0
1780947000,4340.94,4345.08,4340.94,4342.62,2078,23,0
1780947300,4342.64,4346.30,4340.67,4341.30,2015,23,0
1780947600,4341.30,4344.04,4340.68,4344.01,1948,23,0
1780947900,4344.06,4346.06,4342.45,4345.18,1801,23,0
1780948200,4345.14,4345.85,4337.99,4338.05,1993,23,0
1780948500,4338.05,4341.45,4337.88,4340.68,1761,23,0
1780948800,4340.68,4342.43,4336.82,4337.91,2139,23,0
1780949100,4337.94,4342.04,4337.71,4338.52,2101,23,0
1780949400,4338.52,4339.19,4336.16,4338.77,1994,23,0
1780949700,4338.78,4340.25,4336.56,4338.30,2041,23,0
1780950000,4338.30,4340.52,4335.25,4335.61,1968,23,0
1780950300,4335.61,4340.31,4334.10,4339.15,2181,23,0
1780950600,4339.13,4339.59,4333.72,4335.66,2042,23,0
1780950900,4335.66,4335.99,4332.03,4334.93,2019,23,0
1780951200,4334.94,4335.37,4333.77,4334.11,2055,23,0
1780951500,4334.11,4337.10,4334.08,4337.06,2004,23,0
1780951800,4337.05,4338.27,4336.17,4336.70,1745,23,0
1780952100,4336.72,4339.36,4335.75,4339.24,1847,23,0
1780952400,4339.18,4344.89,4338.62,4343.86,1922,23,0
1780952700,4343.81,4345.34,4342.34,4343.62,1860,23,0
1780953000,4343.62,4344.31,4341.21,4341.37,1972,23,0
1780953300,4341.36,4343.80,4341.36,4342.41,1884,23,0
1780953600,4342.41,4344.88,4341.80,4343.88,1826,23,0
1780953900,4343.89,4345.89,4342.09,4342.61,1812,23,0
1780954200,4342.61,4344.60,4340.57,4340.66,1878,23,0
1780954500,4340.67,4341.67,4336.93,4337.16,1725,23,0
1780954800,4337.17,4338.63,4336.34,4336.69,1765,23,0
1780955100,4336.69,4337.06,4334.54,4334.62,1551,23,0
1780955400,4334.62,4336.87,4333.01,4334.33,1637,23,0
1780955700,4334.43,4336.06,4333.44,4334.59,1735,23,0
1780956000,4334.61,4338.12,4334.08,4337.02,1630,23,0
1780956300,4337.02,4337.02,4332.51,4332.51,1567,23,0
1780956600,4332.51,4332.59,4329.64,4329.88,1939,23,0
1780956900,4329.85,4331.59,4328.21,4328.80,1908,23,0
1780957200,4328.77,4330.41,4326.71,4326.75,1906,23,0
1780957500,4326.76,4328.22,4326.11,4327.77,1822,23,0
1780957800,4327.78,4330.45,4326.30,4327.25,1863,23,0
1780958100,4327.25,4328.43,4325.13,4325.88,1751,23,0
1780958400,4325.87,4325.94,4324.22,4325.09,1769,23,0
1780958700,4325.10,4327.60,4324.82,4327.15,1806,23,0
1780959000,4327.15,4330.03,4327.14,4328.35,1904,23,0
1780959300,4328.36,4329.02,4323.31,4326.65,2042,23,0
1780959600,4326.74,4329.89,4326.53,4329.65,1307,23,0
1780959900,4329.62,4329.75,4327.67,4327.82,850,23,0
1780960200,4327.83,4328.31,4326.45,4328.21,986,23,0
1780960500,4328.22,4328.25,4324.55,4325.87,976,23,0
1780960800,4325.87,4327.62,4325.35,4327.00,918,23,0
1780961100,4327.00,4327.06,4324.57,4326.49,980,23,0
1780961400,4326.50,4327.84,4325.64,4327.82,734,24,0
1780961700,4327.82,4328.47,4326.78,4327.63,801,28,0
1780962000,4327.61,4327.65,4325.40,4326.27,819,28,0
1780962300,4326.27,4327.43,4325.58,4327.35,770,28,0
1780962600,4327.35,4329.85,4326.92,4329.17,720,28,0
1780962900,4329.16,4329.96,4329.05,4329.82,349,28,0
1780966800,4332.48,4333.37,4326.52,4326.74,1137,28,0
1780967100,4326.78,4328.04,4324.93,4326.95,807,28,0
1780967400,4326.95,4328.05,4324.44,4325.28,780,28,0
1780967700,4325.28,4325.28,4322.77,4324.60,930,28,0
1780968000,4324.60,4326.42,4324.43,4325.99,866,28,0
1780968300,4325.99,4327.15,4324.63,4325.13,803,28,0
1780968600,4325.09,4327.51,4324.97,4325.61,1004,23,0
1780968900,4325.60,4326.64,4325.39,4325.88,619,23,0
1780969200,4325.89,4327.47,4325.07,4327.41,674,23,0
1780969500,4327.41,4327.91,4326.47,4326.97,671,23,0
1780969800,4326.98,4328.40,4326.16,4328.14,557,23,0
1780970100,4328.13,4328.88,4327.71,4327.88,653,23,0
1780970400,4327.88,4328.03,4327.26,4327.67,768,23,0
1780970700,4327.68,4327.72,4325.33,4326.56,700,23,0
1780971000,4326.54,4328.85,4325.81,4327.67,904,23,0
1780971300,4327.67,4328.46,4326.31,4327.45,909,23,0
1780971600,4327.45,4327.63,4325.14,4325.19,958,23,0
1780971900,4325.17,4325.17,4320.55,4320.62,966,23,0
1780972200,4320.63,4321.06,4315.31,4318.08,1341,23,0
1780972500,4318.05,4322.04,4318.05,4321.88,1156,23,0
1780972800,4321.88,4322.37,4319.31,4319.68,1065,23,0
1780973100,4319.69,4320.05,4313.63,4313.83,1541,23,0
1780973400,4313.83,4319.15,4312.97,4317.01,1421,23,0
1780973700,4317.01,4318.07,4314.29,4317.79,1561,23,0
1780974000,4317.71,4319.67,4315.45,4317.56,2130,20,0
1780974300,4317.55,4321.71,4316.94,4318.59,2177,23,0
1780974600,4318.58,4323.79,4318.50,4322.66,1969,23,0
1780974900,4322.66,4323.38,4320.19,4320.27,1851,23,0
1780975200,4320.21,4320.54,4317.39,4318.88,1847,23,0
1780975500,4318.87,4319.57,4316.67,4316.83,1816,23,0
1780975800,4316.81,4319.51,4315.21,4319.03,1692,23,0
1780976100,4319.06,4323.15,4318.03,4319.07,1796,23,0
1780976400,4319.07,4321.18,4317.71,4318.57,1650,23,0
1780976700,4318.51,4319.02,4315.11,4317.06,1598,23,0
1780977000,4317.07,4320.00,4315.91,4315.93,1636,23,0
1780977300,4315.92,4321.22,4315.46,4319.90,1704,23,0
1780977600,4319.89,4324.01,4318.71,4321.31,2410,23,0
1780977900,4321.31,4327.91,4320.72,4325.20,2166,23,0
1780978200,4325.20,4326.80,4321.42,4323.98,2073,23,0
1780978500,4323.98,4329.91,4322.36,4324.05,2165,23,0
1780978800,4324.06,4332.25,4322.84,4327.61,2129,23,0
1780979100,4327.60,4338.01,4327.55,4335.41,2133,23,0
1780979400,4335.40,4338.13,4332.96,4337.13,1976,23,0
1780979700,4337.13,4338.77,4334.44,4335.29,1822,23,0
1780980000,4335.29,4338.44,4332.94,4335.60,1949,23,0
1780980300,4335.61,4338.27,4333.96,4334.06,1971,23,0
1780980600,4334.07,4337.33,4333.89,4336.80,1833,23,0
1780980900,4336.75,4338.20,4333.11,4336.52,1860,23,0
1780981200,4336.51,4336.80,4331.55,4332.75,1928,23,0
1780981500,4332.73,4332.88,4328.23,4331.14,2117,23,0
1780981800,4331.14,4333.47,4329.38,4332.97,1739,23,0
1780982100,4332.97,4334.54,4330.12,4332.52,1768,23,0
1780982400,4332.53,4335.62,4331.71,4334.48,1656,23,0
1780982700,4334.47,4336.12,4332.18,4335.45,1528,23,0
1780983000,4335.41,4339.72,4333.68,4335.71,1889,23,0
1780983300,4335.71,4335.71,4331.06,4335.07,1903,23,0
1780983600,4335.11,4338.61,4333.55,4338.61,1702,23,0
1780983900,4338.74,4340.94,4337.50,4337.66,1824,23,0
1780984200,4337.64,4340.40,4334.95,4338.73,1732,23,0
1780984500,4338.77,4339.37,4334.91,4336.03,1724,23,0
1780984800,4336.03,4337.62,4331.62,4331.92,1749,23,0
1780985100,4331.90,4341.49,4331.31,4338.27,2080,23,0
1780985400,4338.27,4340.22,4337.29,4338.68,1737,23,0
1780985700,4338.68,4342.16,4338.67,4339.57,1768,23,0
1780986000,4339.57,4340.19,4333.41,4334.80,1694,23,0
1780986300,4334.80,4337.32,4334.27,4336.69,1663,23,0
1780986600,4336.67,4337.96,4333.67,4333.75,1619,23,0
1780986900,4333.75,4336.58,4333.57,4335.27,1180,23,0
1780987200,4335.22,4337.88,4334.83,4337.64,1254,23,0
1780987500,4337.64,4341.94,4337.64,4338.69,1378,23,0
1780987800,4338.69,4340.38,4337.25,4339.54,1171,23,0
1780988100,4339.54,4340.22,4334.46,4336.66,1057,23,0
1780988400,4336.66,4336.66,4333.32,4335.42,1229,23,0
1780988700,4335.44,4338.11,4334.95,4337.24,1067,23,0
1780989000,4337.25,4339.34,4332.29,4332.31,1211,23,0
1780989300,4332.31,4332.88,4329.50,4330.04,1222,23,0
1780989600,4330.04,4331.56,4328.72,4331.17,1104,23,0
1780989900,4331.17,4331.77,4329.30,4330.46,1057,23,0
1780990200,4330.47,4330.60,4324.22,4325.34,1473,23,0
1780990500,4325.31,4330.51,4325.22,4329.97,1503,23,0
1780990800,4329.97,4329.99,4326.93,4328.21,1111,23,0
1780991100,4328.21,4329.44,4326.95,4329.29,1097,23,0
1780991400,4329.29,4331.58,4327.31,4327.61,1045,23,0
1780991700,4327.61,4332.91,4326.25,4332.33,1169,23,0
1780992000,4332.35,4336.62,4332.35,4336.20,1279,23,0
1780992300,4336.20,4337.11,4332.47,4332.58,1279,23,0
1780992600,4332.58,4334.36,4330.97,4331.38,1352,23,0
1780992900,4331.39,4334.56,4330.91,4333.39,1331,23,0
1780993200,4333.39,4335.47,4331.10,4333.41,1392,23,0
1780993500,4333.40,4333.87,4332.16,4332.54,1273,23,0
1780993800,4332.54,4343.87,4332.02,4342.75,2335,23,0
1780994100,4342.76,4343.95,4339.86,4343.40,1884,23,0
1780994400,4343.40,4351.41,4342.50,4348.15,2078,23,0
1780994700,4348.40,4349.04,4343.16,4346.45,1863,23,0
1780995000,4346.45,4346.45,4343.12,4345.46,1744,23,0
1780995300,4345.46,4345.46,4341.63,4343.41,1695,23,0
1780995600,4343.41,4348.81,4342.87,4344.58,1977,23,0
1780995900,4344.61,4346.80,4343.10,4344.05,1959,23,0
1780996200,4344.05,4344.72,4340.10,4341.32,1846,23,0
1780996500,4341.32,4343.71,4340.86,4342.85,1651,23,0
1780996800,4342.79,4345.82,4340.88,4344.61,1677,23,0
1780997100,4344.61,4345.33,4338.19,4338.78,1740,23,0
1780997400,4338.88,4339.24,4331.80,4333.82,1972,23,0
1780997700,4333.80,4339.44,4333.25,4337.89,1727,23,0
1780998000,4337.89,4338.82,4334.41,4336.63,1452,23,0
1780998300,4336.63,4340.21,4336.33,4339.37,1581,23,0
1780998600,4339.36,4339.69,4334.84,4335.34,1624,23,0
1780998900,4335.32,4336.12,4330.23,4330.64,1718,23,0
1780999200,4330.64,4334.72,4328.56,4331.68,2007,23,0
1780999500,4331.67,4333.69,4329.84,4332.49,1764,23,0
1780999800,4332.48,4332.52,4327.22,4327.31,1743,23,0
1781000100,4327.22,4329.81,4323.02,4328.71,1971,23,0
1781000400,4328.71,4330.76,4325.81,4330.05,1846,23,0
1781000700,4330.06,4332.15,4328.89,4331.05,1690,23,0
1781001000,4331.05,4331.25,4325.56,4326.66,1624,23,0
1781001300,4326.64,4326.69,4322.36,4325.62,1708,23,0
1781001600,4325.61,4328.43,4324.95,4328.43,1483,23,0
1781001900,4328.43,4330.21,4326.02,4326.38,1359,23,0
1781002200,4326.38,4329.62,4325.15,4328.61,1490,23,0
1781002500,4328.60,4328.65,4325.82,4326.45,1362,23,0
1781002800,4326.51,4327.07,4322.65,4323.16,1866,23,0
1781003100,4323.15,4326.85,4321.19,4326.52,1787,23,0
1781003400,4326.52,4336.23,4326.42,4331.60,2045,23,0
1781003700,4331.64,4335.23,4331.39,4332.42,1962,23,0
1781004000,4332.38,4334.36,4331.65,4331.89,1723,23,0
1781004300,4331.87,4335.53,4331.61,4334.36,1747,23,0
1781004600,4334.35,4336.00,4331.08,4331.13,1533,23,0
1781004900,4331.13,4334.80,4330.41,4334.40,1377,23,0
1781005200,4334.40,4336.79,4333.19,4335.03,1361,23,0
1781005500,4335.03,4335.36,4327.40,4328.22,1367,23,0
1781005800,4328.22,4330.00,4325.84,4329.99,1404,23,0
1781006100,4329.99,4330.57,4326.55,4326.55,1180,23,0
1781006400,4326.55,4329.09,4325.20,4328.91,1464,23,0
1781006700,4328.91,4330.49,4327.17,4330.17,1434,23,0
1781007000,4330.13,4330.79,4327.65,4328.23,1416,23,0
1781007300,4328.32,4330.57,4327.96,4329.95,1287,23,0
1781007600,4329.95,4335.90,4329.72,4333.35,1527,23,0
1781007900,4333.35,4334.40,4324.15,4326.84,1497,23,0
1781008200,4326.82,4329.51,4325.69,4326.60,1655,23,0
1781008500,4326.57,4331.02,4326.43,4329.20,1277,23,0
1781008800,4329.19,4329.77,4325.08,4327.13,1277,23,0
1781009100,4327.15,4330.21,4326.70,4329.80,1329,23,0
1781009400,4329.79,4333.57,4329.70,4333.17,1139,23,0
1781009700,4333.18,4333.45,4330.78,4332.16,1039,23,0
1781010000,4332.15,4333.06,4330.26,4330.76,1367,23,0
1781010300,4330.76,4331.21,4325.31,4327.25,1703,23,0
1781010600,4327.23,4335.71,4326.53,4335.25,1642,23,0
1781010900,4335.34,4336.37,4334.10,4334.83,1580,23,0
1781011200,4334.81,4334.86,4331.36,4332.62,1274,23,0
1781011500,4332.62,4336.66,4331.75,4333.80,1239,23,0
1781011800,4333.80,4334.99,4332.25,4333.75,1122,23,0
1781012100,4333.75,4333.96,4331.70,4331.85,1091,23,0
1781012400,4331.85,4332.70,4329.70,4332.56,1229,23,0
1781012700,4332.56,4333.08,4330.55,4330.66,1120,23,0
1781013000,4330.66,4336.45,4330.30,4335.08,1256,23,0
1781013300,4335.08,4340.67,4334.69,4339.17,1436,23,0
1781013600,4339.17,4340.33,4335.69,4335.89,1503,23,0
1781013900,4335.89,4338.99,4335.65,4337.16,1372,23,0
1781014200,4337.16,4338.14,4336.00,4337.87,1238,23,0
1781014500,4337.87,4339.38,4336.17,4339.23,1308,23,0
1781014800,4339.22,4340.57,4337.12,4337.22,1342,23,0
1781015100,4337.21,4338.80,4336.30,4338.66,1245,23,0
1781015400,4338.66,4338.82,4336.90,4337.81,1052,23,0
1781015700,4337.80,4338.24,4336.74,4337.35,1152,23,0
1781016000,4337.33,4340.01,4337.07,4338.89,1320,23,0
1781016300,4338.88,4340.61,4337.34,4340.11,1361,23,0
1781016600,4340.14,4343.76,4340.11,4341.29,1361,23,0
1781016900,4341.32,4343.36,4339.63,4339.81,1308,23,0
1781017200,4339.80,4343.40,4339.71,4342.36,1427,23,0
1781017500,4342.34,4343.94,4341.64,4343.69,1294,23,0
1781017800,4343.70,4343.92,4340.80,4341.05,1313,23,0
1781018100,4341.09,4342.90,4338.83,4342.89,1645,23,0
1781018400,4342.86,4342.86,4337.15,4338.56,1620,23,0
1781018700,4338.57,4339.72,4335.28,4335.78,1554,23,0
1781019000,4335.78,4339.81,4334.82,4336.54,1765,23,0
1781019300,4336.57,4341.35,4335.99,4340.58,1726,23,0
1781019600,4340.60,4341.86,4338.98,4340.83,1627,23,0
1781019900,4340.83,4344.12,4339.85,4341.31,1552,23,0
1781020200,4341.29,4343.67,4337.23,4337.52,1600,23,0
1781020500,4337.43,4341.82,4336.65,4341.36,1612,23,0
1781020800,4341.38,4345.44,4338.10,4339.49,2238,23,0
1781021100,4339.46,4344.26,4338.71,4341.39,2173,23,0
1781021400,4341.42,4342.45,4339.73,4340.93,1932,23,0
1781021700,4340.94,4341.98,4334.04,4334.04,1914,23,0
1781022000,4334.07,4336.07,4331.61,4333.58,1914,23,0
1781022300,4333.42,4335.39,4330.20,4330.85,2067,23,0
1781022600,4330.85,4334.01,4328.82,4329.85,2423,23,0
1781022900,4329.98,4334.40,4329.73,4332.01,2337,23,0
1781023200,4332.02,4332.08,4325.17,4330.26,2284,23,0
1781023500,4330.23,4363.41,4329.09,4352.30,2483,23,0
1781023800,4352.14,4352.66,4333.66,4334.24,2578,23,0
1781024100,4334.17,4334.60,4326.48,4328.83,2474,23,0
1781024400,4328.82,4336.00,4326.38,4329.30,2533,23,0
1781024700,4329.33,4332.08,4324.96,4328.44,2497,23,0
1781025000,4328.42,4328.80,4319.73,4321.19,2585,23,0
1781025300,4321.20,4323.04,4306.06,4311.37,2689,23,0
1781025600,4311.37,4320.23,4309.30,4318.53,2652,23,0
1781025900,4318.53,4323.72,4315.92,4318.48,2603,23,0
1781026200,4318.36,4320.85,4310.12,4314.76,2692,23,0
1781026500,4314.70,4314.87,4302.79,4305.22,2610,23,0
1781026800,4305.28,4307.48,4284.98,4285.06,2593,23,0
1781027100,4285.05,4290.01,4278.60,4284.05,2748,23,0
1781027400,4283.99,4298.26,4281.70,4298.21,2704,23,0
1781027700,4298.20,4300.78,4292.71,4300.67,2558,23,0
1781028000,4300.62,4302.09,4291.38,4293.22,2505,23,0
1781028300,4293.22,4296.68,4289.96,4295.62,2533,23,0
1781028600,4295.61,4299.14,4289.50,4294.86,2506,23,0
1781028900,4294.82,4296.86,4291.32,4291.80,2387,23,0
1781029200,4291.76,4294.33,4284.95,4285.44,2524,23,0
1781029500,4285.44,4288.73,4277.15,4278.72,2633,23,0
1781029800,4278.71,4281.89,4263.51,4274.51,2710,23,0
1781030100,4274.51,4274.64,4263.09,4270.09,2685,23,0
1781030400,4270.11,4279.97,4269.22,4279.69,2623,23,0
1781030700,4279.68,4285.73,4278.48,4280.88,2587,23,0
1781031000,4280.80,4284.05,4276.43,4279.81,2503,23,0
1781031300,4279.81,4284.89,4272.50,4272.50,2590,23,0
1781031600,4272.30,4281.00,4270.85,4273.75,2568,23,0
1781031900,4273.73,4274.38,4260.76,4263.62,2619,23,0
1781032200,4263.52,4266.82,4258.48,4259.77,2620,23,0
1781032500,4259.78,4263.28,4253.14,4254.57,2641,23,0
1781032800,4254.49,4263.42,4253.31,4262.01,2656,23,0
1781033100,4262.01,4266.31,4261.19,4263.46,2609,23,0
1781033400,4263.44,4264.66,4260.00,4262.05,2535,23,0
1781033700,4261.98,4267.59,4237.59,4241.20,2618,23,0
1781034000,4241.32,4248.08,4236.60,4244.99,2783,23,0
1781034300,4244.78,4254.00,4244.04,4249.88,2666,23,0
1781034600,4249.73,4251.29,4238.94,4239.95,2621,23,0
1781034900,4239.94,4252.37,4239.76,4252.17,2586,23,0
1781035200,4252.24,4263.61,4251.28,4262.41,2574,23,0
1781035500,4262.42,4263.90,4258.67,4262.85,2592,23,0
1781035800,4262.91,4264.40,4257.77,4261.37,2524,23,0
1781036100,4261.40,4265.56,4258.50,4264.01,2470,23,0
1781036400,4264.02,4267.84,4262.64,4266.44,2558,23,0
1781036700,4266.37,4266.75,4260.85,4263.10,2432,23,0
1781037000,4263.10,4266.13,4260.99,4265.54,2343,23,0
1781037300,4265.53,4266.28,4261.85,4262.86,2379,23,0
1781037600,4262.84,4268.07,4262.00,4264.73,2223,23,0
1781037900,4264.73,4266.71,4256.50,4257.10,2422,23,0
1781038200,4257.10,4260.06,4256.00,4258.40,2327,23,0
1781038500,4258.40,4264.67,4258.14,4263.09,2206,23,0
1781038800,4263.12,4265.61,4259.58,4262.41,2203,23,0
1781039100,4262.41,4266.87,4260.78,4266.70,2194,23,0
1781039400,4266.68,4266.78,4262.73,4265.35,2279,23,0
1781039700,4265.35,4270.03,4262.99,4269.21,2259,23,0
1781040000,4269.20,4274.24,4267.38,4273.44,2278,23,0
1781040300,4273.39,4273.51,4267.87,4270.87,2167,23,0
1781040600,4270.87,4273.94,4268.84,4270.71,2183,23,0
1781040900,4270.75,4270.93,4268.37,4269.12,2072,23,0
1781041200,4269.18,4270.03,4263.67,4264.34,2055,23,0
1781041500,4264.33,4265.29,4262.34,4265.11,1918,23,0
1781041800,4265.12,4268.01,4264.02,4265.85,1907,23,0
1781042100,4265.94,4271.49,4265.54,4269.85,1972,23,0
1781042400,4269.94,4270.61,4266.34,4269.70,2018,23,0
1781042700,4269.71,4271.64,4264.88,4265.12,2061,23,0
1781043000,4265.13,4265.13,4257.98,4258.65,2045,23,0
1781043300,4258.68,4258.79,4254.84,4255.35,2300,23,0
1781043600,4255.36,4256.40,4252.79,4255.65,2272,23,0
1781043900,4255.65,4257.83,4254.11,4257.35,2199,23,0
1781044200,4257.29,4260.16,4256.40,4259.49,2208,23,0
1781044500,4259.48,4259.81,4252.68,4253.61,2184,23,0
1781044800,4253.60,4253.60,4250.14,4250.93,2295,23,0
1781045100,4250.92,4252.46,4249.93,4250.93,2160,23,0
1781045400,4250.90,4258.95,4250.90,4258.89,2403,23,0
1781045700,4258.90,4259.70,4256.39,4258.57,2229,23,0
1781046000,4258.76,4261.06,4255.66,4260.70,1865,23,0
1781046300,4260.70,4260.75,4257.24,4257.65,1465,23,0
1781046600,4257.64,4259.34,4256.69,4258.44,1341,23,0
1781046900,4258.43,4260.37,4258.10,4258.64,1218,23,0
1781047200,4258.64,4259.70,4257.89,4258.24,948,23,0
1781047500,4258.24,4259.94,4258.06,4259.02,849,23,0
1781047800,4259.02,4259.13,4257.66,4257.83,819,23,0
1781048100,4257.83,4260.90,4257.81,4260.38,855,28,0
1781048400,4260.38,4261.90,4260.24,4261.33,932,28,0
1781048700,4261.34,4262.04,4260.38,4261.49,825,28,0
1781049000,4261.49,4261.76,4259.63,4260.19,626,28,0
1781049300,4260.19,4260.65,4259.93,4260.29,464,28,0
1781053200,4251.78,4257.39,4250.41,4255.91,1290,28,0
1781053500,4255.77,4256.63,4251.05,4253.44,948,28,0
1781053800,4253.44,4256.55,4253.11,4255.32,919,28,0
1781054100,4255.31,4256.13,4253.02,4253.61,952,28,0
1781054400,4253.62,4256.17,4253.31,4254.39,1061,28,0
1781054700,4254.38,4256.56,4253.13,4256.55,993,28,0
1781055000,4256.55,4257.35,4252.44,4253.39,1343,23,0
1781055300,4253.31,4254.59,4250.31,4252.96,1438,23,0
1781055600,4252.95,4254.98,4247.60,4249.18,1785,23,0
1781055900,4249.18,4249.92,4237.38,4239.20,1922,23,0
1781056200,4239.20,4240.98,4232.45,4235.01,1805,23,0
1781056500,4235.00,4238.07,4234.02,4237.26,1383,23,0
1781056800,4237.22,4246.43,4235.61,4246.11,1481,23,0
1781057100,4246.10,4247.21,4241.67,4241.68,1370,23,0
1781057400,4241.69,4242.69,4235.65,4236.04,1574,23,0
1781057700,4236.04,4236.50,4227.85,4233.06,1901,23,0
1781058000,4233.07,4234.38,4225.39,4227.51,1533,23,0
1781058300,4227.50,4228.05,4223.02,4224.20,1555,23,0
1781058600,4224.20,4229.74,4221.77,4225.61,1590,23,0
1781058900,4225.61,4226.19,4221.53,4221.84,1470,23,0
1781059200,4221.85,4224.39,4216.57,4218.56,1645,23,0
1781059500,4218.55,4218.55,4211.59,4213.14,2130,23,0
1781059800,4213.20,4221.15,4210.46,4220.77,2069,23,0
1781060100,4220.78,4224.55,4217.90,4221.99,1964,23,0
1781060400,4221.96,4223.88,4218.47,4220.59,2224,20,0
1781060700,4220.55,4226.59,4219.35,4225.47,2236,23,0
1781061000,4225.47,4225.74,4216.60,4225.10,2119,23,0
1781061300,4225.11,4228.09,4218.45,4227.46,2074,23,0
1781061600,4227.48,4228.31,4223.15,4225.11,2004,23,0
1781061900,4225.11,4225.52,4218.03,4218.03,1967,23,0
1781062200,4218.02,4218.93,4206.01,4206.32,2334,23,0
1781062500,4206.32,4209.69,4201.78,4207.86,2342,23,0
1781062800,4207.88,4208.31,4199.15,4204.30,2196,23,0
1781063100,4204.31,4205.93,4199.83,4203.78,2193,23,0
1781063400,4203.77,4208.55,4200.62,4207.43,2221,23,0
1781063700,4207.40,4220.68,4207.40,4218.10,2347,23,0
1781064000,4218.10,4218.83,4194.62,4194.62,2640,23,0
1781064300,4194.62,4199.65,4187.23,4195.13,2437,23,0
1781064600,4195.19,4206.53,4194.06,4203.39,2285,23,0
1781064900,4203.38,4216.48,4200.67,4213.11,2423,23,0
1781065200,4213.11,4213.34,4199.27,4200.96,2301,23,0
1781065500,4200.83,4204.38,4197.39,4201.80,2159,23,0
1781065800,4201.81,4204.85,4196.38,4202.54,2426,23,0
1781066100,4202.49,4207.09,4197.76,4200.65,2318,23,0
1781066400,4200.69,4202.03,4184.59,4187.19,2316,23,0
1781066700,4187.14,4193.62,4184.56,4192.85,2320,23,0
1781067000,4192.89,4195.52,4183.78,4191.99,2294,23,0
1781067300,4191.98,4192.84,4187.46,4188.69,2100,23,0
1781067600,4188.71,4191.73,4183.87,4186.94,1932,23,0
1781067900,4186.94,4187.05,4179.67,4181.20,2121,23,0
1781068200,4181.20,4186.45,4179.94,4182.78,1964,23,0
1781068500,4182.78,4186.53,4179.76,4180.94,1859,23,0
1781068800,4180.94,4187.13,4180.12,4183.37,1803,23,0
1781069100,4183.36,4188.33,4178.17,4188.04,1970,23,0
1781069400,4188.00,4192.57,4174.24,4179.28,2355,23,0
1781069700,4179.28,4189.45,4178.84,4184.56,2123,23,0
1781070000,4184.56,4189.43,4180.35,4184.33,2131,23,0
1781070300,4184.37,4190.56,4183.51,4187.55,2187,23,0
1781070600,4187.57,4188.51,4174.02,4175.07,2338,23,0
1781070900,4174.97,4176.76,4173.35,4174.05,2064,23,0
1781071200,4174.05,4177.04,4173.07,4176.72,2077,23,0
1781071500,4176.71,4180.75,4174.14,4175.31,2057,23,0
1781071800,4175.34,4178.53,4174.04,4178.19,1931,23,0
1781072100,4178.21,4181.14,4175.53,4175.92,1823,23,0
1781072400,4175.92,4176.37,4173.83,4175.09,1748,23,0
1781072700,4175.10,4180.24,4174.87,4177.16,1795,23,0
1781073000,4177.16,4180.75,4176.35,4180.42,1780,23,0
1781073300,4180.43,4183.01,4176.71,4180.47,1814,23,0
1781073600,4180.47,4182.65,4178.14,4179.81,1553,23,0
1781073900,4179.81,4186.49,4179.62,4185.41,1777,23,0
1781074200,4185.42,4185.90,4182.26,4185.01,1656,23,0
1781074500,4185.00,4185.06,4181.87,4184.86,1686,23,0
1781074800,4184.83,4187.16,4182.15,4186.28,1677,23,0
1781075100,4186.28,4186.63,4181.97,4184.32,1594,23,0
1781075400,4184.30,4184.41,4180.64,4181.30,1346,23,0
1781075700,4181.21,4182.25,4178.74,4181.54,1504,23,0
1781076000,4181.53,4182.99,4176.43,4178.32,1671,23,0
1781076300,4178.34,4180.45,4173.64,4174.46,1665,23,0
1781076600,4174.47,4175.23,4173.07,4174.37,1730,23,0
1781076900,4174.37,4175.33,4173.23,4174.69,1648,23,0
1781077200,4174.71,4175.20,4173.25,4173.50,1536,23,0
1781077500,4173.50,4175.06,4172.54,4173.86,1420,23,0
1781077800,4173.90,4175.85,4173.68,4175.02,1533,23,0
1781078100,4175.02,4175.82,4173.73,4174.82,1365,23,0
1781078400,4174.81,4178.26,4173.50,4174.67,1785,23,0
1781078700,4174.67,4178.99,4173.81,4176.62,1816,23,0
1781079000,4176.61,4180.45,4175.47,4179.72,1523,23,0
1781079300,4179.74,4180.41,4175.51,4176.64,1639,23,0
1781079600,4176.65,4183.20,4175.97,4180.63,1676,23,0
1781079900,4180.63,4187.20,4179.66,4187.09,1759,23,0
1781080200,4187.09,4193.23,4181.74,4191.01,2382,23,0
1781080500,4191.05,4194.76,4187.98,4194.24,2280,23,0
1781080800,4194.23,4198.96,4193.43,4198.06,2224,23,0
1781081100,4198.04,4205.48,4197.45,4202.68,2157,23,0
1781081400,4202.68,4206.39,4200.52,4203.72,2113,23,0
1781081700,4203.71,4209.01,4203.71,4205.17,2116,23,0
1781082000,4205.18,4212.58,4205.15,4211.07,2193,23,0
1781082300,4211.06,4221.81,4209.26,4213.96,2244,23,0
1781082600,4214.13,4215.99,4209.19,4212.83,2183,23,0
1781082900,4212.92,4215.44,4211.06,4214.34,1939,23,0
1781083200,4214.33,4216.67,4208.31,4209.08,1940,23,0
1781083500,4209.07,4216.00,4209.05,4211.85,1932,23,0
1781083800,4211.83,4213.54,4208.16,4210.60,1932,23,0
1781084100,4210.52,4212.12,4207.73,4209.06,1897,23,0
1781084400,4209.03,4209.34,4205.00,4207.46,1914,23,0
1781084700,4207.41,4209.79,4203.17,4203.23,1894,23,0
1781085000,4203.23,4206.57,4201.79,4202.14,1794,23,0
1781085300,4202.14,4205.88,4201.80,4203.86,1915,23,0
1781085600,4203.88,4205.73,4201.32,4203.67,2019,23,0
1781085900,4203.67,4207.66,4202.05,4207.15,1748,23,0
1781086200,4207.14,4207.86,4197.35,4200.25,1853,23,0
1781086500,4200.24,4202.96,4197.91,4198.65,1774,23,0
1781086800,4198.66,4203.75,4198.12,4199.16,1651,23,0
1781087100,4199.16,4199.16,4193.54,4194.87,1871,23,0
1781087400,4194.86,4197.09,4191.76,4194.75,1860,23,0
1781087700,4194.74,4195.58,4190.25,4190.67,1772,23,0
1781088000,4190.67,4193.39,4187.92,4189.58,1728,23,0
1781088300,4189.60,4192.97,4189.24,4190.33,1882,23,0
1781088600,4190.34,4190.34,4181.55,4182.10,1960,23,0
1781088900,4182.10,4187.70,4181.60,4186.10,1819,23,0
1781089200,4186.10,4187.32,4161.43,4164.17,2416,23,0
1781089500,4164.17,4171.36,4161.97,4167.38,2247,23,0
1781089800,4167.38,4172.27,4161.41,4166.33,2199,23,0
1781090100,4166.35,4178.90,4166.12,4173.40,2143,23,0
1781090400,4173.40,4174.58,4168.17,4171.06,1954,23,0
1781090700,4170.98,4173.62,4169.34,4172.18,2066,23,0
1781091000,4172.21,4172.21,4166.42,4168.10,1970,23,0
1781091300,4168.09,4175.79,4168.09,4172.86,1935,23,0
1781091600,4172.87,4179.28,4170.02,4170.52,1935,23,0
1781091900,4170.52,4174.56,4166.44,4174.23,2161,23,0
1781092200,4174.38,4176.42,4171.08,4171.15,1949,23,0
1781092500,4171.15,4172.78,4167.72,4168.88,2011,23,0
1781092800,4168.96,4169.62,4165.39,4167.21,1920,23,0
1781093100,4167.21,4171.72,4166.48,4170.41,1814,23,0
1781093400,4170.42,4174.14,4164.78,4165.05,1911,23,0
1781093700,4165.06,4174.94,4164.42,4171.25,2002,23,0
1781094000,4171.26,4171.26,4166.33,4168.34,1821,23,0
1781094300,4168.33,4171.93,4164.27,4166.19,1928,23,0
1781094600,4166.18,4177.42,4165.83,4176.91,2062,23,0
1781094900,4176.91,4179.47,4170.99,4172.45,1959,23,0
1781095200,4172.43,4172.83,4167.86,4171.27,1969,23,0
1781095500,4171.27,4174.86,4165.97,4168.31,1879,23,0
1781095800,4168.18,4168.60,4163.06,4166.13,1805,23,0
1781096100,4166.10,4169.22,4165.31,4168.70,1694,23,0
1781096400,4168.70,4171.12,4167.30,4169.28,1644,23,0
1781096700,4169.30,4169.66,4155.64,4159.60,1889,23,0
1781097000,4159.60,4162.29,4155.80,4161.03,1852,23,0
1781097300,4161.02,4164.80,4159.65,4164.45,1767,23,0
1781097600,4164.43,4169.83,4163.65,4166.70,1789,23,0
1781097900,4166.70,4169.31,4162.69,4165.15,1710,23,0
1781098200,4165.15,4168.87,4164.10,4165.06,1898,23,0
1781098500,4165.07,4169.08,4164.60,4166.77,1750,23,0
1781098800,4167.22,4171.39,4164.18,4171.37,1765,23,0
1781099100,4171.39,4177.09,4169.75,4177.09,1779,23,0
1781099400,4177.36,4178.57,4171.45,4171.78,1761,23,0
1781099700,4171.78,4178.28,4171.52,4174.66,1870,23,0
1781100000,4174.63,4176.09,4159.96,4161.04,2138,23,0
1781100300,4161.23,4164.59,4153.67,4161.31,2557,23,0
1781100600,4161.30,4169.03,4160.99,4168.78,2306,23,0
1781100900,4168.64,4171.69,4164.71,4164.82,2100,23,0
1781101200,4164.80,4170.71,4163.51,4163.51,2101,23,0
1781101500,4163.42,4166.60,4156.80,4166.49,2447,23,0
1781101800,4166.55,4167.98,4161.18,4164.81,2236,23,0
1781102100,4164.84,4165.65,4156.30,4156.38,2179,23,0
1781102400,4156.38,4160.06,4154.30,4154.39,2157,23,0
1781102700,4154.39,4155.79,4152.50,4155.67,2129,23,0
1781103000,4155.68,4163.36,4153.65,4154.46,2181,23,0
1781103300,4154.56,4155.70,4145.76,4147.61,2199,23,0
1781103600,4147.62,4152.47,4145.53,4146.93,2313,23,0
1781103900,4146.92,4150.76,4144.70,4145.02,2146,23,0
1781104200,4145.02,4145.08,4134.60,4136.25,2358,23,0
1781104500,4136.25,4142.85,4135.57,4136.50,2222,23,0
1781104800,4136.44,4137.36,4133.90,4134.58,2224,23,0
1781105100,4134.56,4142.03,4130.69,4141.14,2254,23,0
1781105400,4141.14,4173.83,4140.27,4162.43,2836,23,0
1781105700,4162.42,4172.97,4155.97,4160.84,2667,23,0
1781106000,4160.85,4166.57,4155.23,4160.30,2581,23,0
1781106300,4160.31,4169.47,4156.28,4157.75,2566,23,0
1781106600,4157.75,4158.28,4148.87,4151.71,2549,23,0
1781106900,4151.71,4152.73,4142.35,4147.00,2508,23,0
1781107200,4146.97,4156.30,4144.92,4153.18,2632,23,0
1781107500,4153.20,4157.98,4148.46,4154.24,2513,23,0
1781107800,4154.29,4157.25,4148.81,4151.39,2353,23,0
1781108100,4151.39,4151.39,4134.30,4135.64,2527,23,0
1781108400,4135.64,4146.22,4133.02,4144.22,2378,23,0
1781108700,4144.21,4150.96,4143.43,4150.04,2334,23,0
1781109000,4149.86,4153.55,4142.90,4142.99,2730,23,0
1781109300,4142.85,4168.86,4141.99,4166.21,2786,23,0
1781109600,4166.14,4178.37,4163.48,4178.37,2642,23,0
1781109900,4179.13,4185.59,4173.85,4185.59,2683,23,0
1781110200,4185.61,4186.24,4176.13,4180.04,2725,23,0
1781110500,4180.23,4183.98,4175.43,4179.60,2667,23,0
1781110800,4179.60,4180.83,4170.79,4171.57,2704,23,0
1781111100,4171.54,4176.56,4170.27,4173.46,2568,23,0
1781111400,4173.45,4180.01,4170.60,4174.26,2582,23,0
1781111700,4174.26,4175.38,4167.39,4168.44,2557,23,0
1781112000,4168.30,4172.84,4162.76,4170.37,2510,23,0
1781112300,4169.83,4171.57,4159.55,4161.12,2565,23,0
1781112600,4161.10,4163.30,4155.60,4160.24,2549,23,0
1781112900,4160.24,4162.41,4152.98,4157.93,2593,23,0
1781113200,4157.79,4161.41,4149.83,4149.87,2538,23,0
1781113500,4149.88,4151.65,4138.17,4140.66,2624,23,0
1781113800,4140.67,4142.72,4137.44,4138.04,2598,23,0
1781114100,4138.03,4138.45,4117.93,4124.85,2731,23,0
1781114400,4124.85,4136.37,4123.07,4129.09,2672,23,0
1781114700,4129.12,4129.25,4121.97,4126.51,2578,23,0
1781115000,4126.49,4127.28,4119.22,4123.60,2605,23,0
1781115300,4123.45,4124.06,4113.42,4115.59,2589,23,0
1781115600,4115.59,4134.08,4115.48,4130.29,2569,23,0
1781115900,4130.28,4136.87,4127.70,4127.83,2539,23,0
1781116200,4127.82,4131.19,4123.79,4128.08,2602,23,0
1781116500,4128.17,4130.71,4122.72,4124.52,2488,23,0
1781116800,4124.54,4130.01,4122.05,4128.68,2560,23,0
1781117100,4128.63,4131.04,4108.81,4118.21,2654,23,0
1781117400,4118.29,4125.67,4106.82,4120.35,2733,23,0
1781117700,4120.32,4128.88,4115.42,4128.76,2642,23,0
1781118000,4128.80,4131.66,4123.31,4126.68,2541,23,0
1781118300,4126.74,4131.23,4124.28,4130.08,2424,23,0
1781118600,4130.03,4132.95,4125.37,4129.20,2414,23,0
1781118900,4129.22,4133.85,4127.93,4132.62,2361,23,0
1781119200,4132.70,4134.82,4128.45,4129.80,2396,23,0
1781119500,4129.81,4132.33,4126.00,4127.48,2289,23,0
1781119800,4127.48,4129.98,4121.11,4129.24,2415,23,0
1781120100,4129.30,4132.08,4125.99,4127.88,2459,23,0
1781120400,4127.87,4128.20,4120.57,4122.20,2308,23,0
1781120700,4122.19,4122.75,4115.95,4120.34,2401,23,0
1781121000,4120.34,4123.07,4117.95,4120.23,2260,23,0
1781121300,4120.23,4122.16,4117.24,4121.91,2275,23,0
1781121600,4121.96,4134.90,4121.37,4132.22,2329,23,0
1781121900,4132.19,4132.38,4119.19,4120.19,2339,23,0
1781122200,4120.14,4120.41,4114.83,4117.98,2331,23,0
1781122500,4117.98,4120.15,4113.30,4113.92,2229,23,0
1781122800,4113.84,4116.35,4110.15,4111.81,2282,23,0
1781123100,4111.80,4115.17,4109.21,4110.93,2292,23,0
1781123400,4110.92,4112.44,4105.77,4111.14,2263,23,0
1781123700,4111.14,4111.92,4105.08,4105.25,2156,23,0
1781124000,4105.32,4106.30,4101.92,4102.32,2075,23,0
1781124300,4102.35,4112.50,4100.94,4111.36,2451,23,0
1781124600,4111.39,4113.29,4105.35,4109.72,2497,23,0
1781124900,4109.83,4113.46,4109.29,4111.67,2290,23,0
1781125200,4111.66,4120.37,4111.66,4119.83,2395,23,0
1781125500,4119.83,4120.49,4114.53,4114.53,2247,23,0
1781125800,4114.49,4117.78,4114.49,4115.91,1992,23,0
1781126100,4115.92,4118.10,4110.37,4112.60,2125,23,0
1781126400,4112.54,4115.02,4111.12,4112.76,2106,23,0
1781126700,4112.75,4114.94,4109.67,4112.41,2139,23,0
1781127000,4112.36,4112.67,4109.04,4109.23,2044,23,0
1781127300,4109.25,4109.95,4106.59,4107.41,2232,23,0
1781127600,4107.42,4109.88,4104.62,4104.93,2149,23,0
1781127900,4104.94,4107.70,4104.23,4104.37,1981,23,0
1781128200,4104.37,4104.42,4096.97,4101.51,2274,23,0
1781128500,4101.48,4103.14,4099.21,4101.36,2121,23,0
1781128800,4101.56,4102.12,4095.86,4096.29,2153,23,0
1781129100,4096.21,4099.24,4094.83,4094.94,2041,23,0
1781129400,4094.94,4094.94,4087.27,4088.91,2030,23,0
1781129700,4088.91,4092.01,4087.49,4089.79,2029,23,0
1781130000,4089.79,4090.05,4082.59,4084.92,2112,23,0
1781130300,4084.91,4085.95,4081.62,4084.72,2227,23,0
1781130600,4084.71,4089.04,4083.81,4086.26,2325,23,0
1781130900,4086.28,4087.12,4082.23,4086.32,2226,23,0
1781131200,4086.28,4091.87,4086.17,4091.53,2211,23,0
1781131500,4091.53,4092.55,4085.65,4088.36,2244,23,0
1781131800,4088.38,4091.57,4086.06,4087.26,2298,23,0
1781132100,4087.21,4087.22,4081.68,4082.73,2277,23,0
1781132400,4082.68,4083.03,4075.06,4077.57,1995,23,0
1781132700,4077.58,4077.95,4070.00,4071.09,2016,23,0
1781133000,4071.08,4073.56,4069.26,4072.09,1696,23,0
1781133300,4072.08,4074.67,4071.20,4074.02,1605,23,0
1781133600,4074.02,4076.96,4073.14,4076.42,1259,23,0
1781133900,4076.42,4080.01,4076.04,4078.38,1209,23,0
1781134200,4078.36,4078.36,4074.54,4076.05,1184,28,0
1781134500,4076.07,4078.16,4073.80,4076.40,905,28,0
1781134800,4076.40,4076.40,4071.34,4072.76,1126,28,0
1781135100,4072.76,4072.76,4067.49,4067.86,1435,28,0
1781135400,4067.87,4069.30,4067.10,4069.04,1215,28,0
1781135700,4069.04,4070.50,4069.00,4070.45,786,28,0
1781139600,4072.43,4072.68,4058.66,4063.35,1836,28,0
1781139900,4063.41,4063.48,4050.67,4051.12,1580,28,0
1781140200,4051.12,4057.22,4050.29,4056.16,1766,28,0
1781140500,4056.16,4057.11,4043.03,4047.59,2070,28,0
1781140800,4047.58,4047.70,4036.20,4038.50,1973,28,0
1781141100,4038.50,4044.93,4036.22,4044.91,1805,28,0
1781141400,4044.82,4054.41,4044.55,4050.68,1894,23,0
1781141700,4050.68,4066.18,4050.46,4065.34,1885,23,0
1781142000,4065.34,4068.98,4060.31,4062.78,1911,23,0
1781142300,4062.75,4066.55,4058.01,4062.00,1921,23,0
1781142600,4062.00,4064.17,4052.11,4053.70,1763,23,0
1781142900,4053.67,4054.18,4045.58,4046.38,1920,23,0
1781143200,4046.38,4053.66,4044.45,4049.62,1885,23,0
1781143500,4049.62,4050.22,4038.99,4040.44,1806,23,0
1781143800,4040.46,4042.46,4023.76,4030.11,2055,23,0
1781144100,4030.02,4041.80,4025.00,4039.02,2225,23,0
1781144400,4038.82,4047.59,4037.01,4043.46,2407,23,0
1781144700,4043.49,4064.53,4041.77,4061.44,2368,23,0
1781145000,4061.45,4063.86,4056.30,4057.91,2042,23,0
1781145300,4057.91,4063.42,4057.00,4060.71,1690,23,0
1781145600,4060.69,4064.22,4054.71,4056.21,1794,23,0
1781145900,4056.21,4057.32,4049.02,4050.11,2184,23,0
1781146200,4050.12,4052.26,4048.97,4051.00,1726,23,0
1781146500,4051.00,4052.26,4044.59,4047.16,1998,23,0
1781146800,4047.43,4059.51,4041.09,4043.77,2507,22,0
1781147100,4043.77,4050.05,4039.72,4043.06,2603,23,0
1781147400,4043.07,4055.83,4036.05,4052.19,2541,23,0
1781147700,4052.24,4072.67,4049.76,4065.09,2718,23,0
1781148000,4065.08,4070.45,4061.26,4061.61,2494,23,0
1781148300,4061.61,4070.87,4057.49,4067.56,2474,23,0
1781148600,4067.56,4076.56,4061.85,4064.27,2384,23,0
1781148900,4064.29,4068.76,4059.22,4063.27,2298,23,0
1781149200,4063.28,4074.47,4062.15,4063.38,2126,23,0
1781149500,4063.36,4071.55,4063.28,4071.35,2277,23,0
1781149800,4071.36,4075.03,4068.75,4069.40,2153,23,0
1781150100,4069.28,4078.04,4068.99,4075.87,2193,23,0
1781150400,4075.87,4089.86,4072.73,4079.22,2766,23,0
1781150700,4078.93,4082.12,4066.31,4078.58,2639,23,0
1781151000,4078.58,4089.36,4078.52,4086.79,2549,23,0
1781151300,4086.81,4099.52,4085.65,4094.15,2549,23,0
1781151600,4093.81,4102.88,4092.21,4102.52,2500,23,0
1781151900,4102.55,4108.62,4101.96,4104.45,2555,23,0
1781152200,4104.44,4112.57,4104.03,4110.70,2408,23,0
1781152500,4110.66,4114.94,4109.61,4114.69,2266,23,0
1781152800,4114.63,4118.04,4110.24,4113.58,2294,23,0
1781153100,4113.60,4117.06,4106.54,4110.79,2176,23,0
1781153400,4110.61,4111.35,4103.60,4104.05,2085,23,0
1781153700,4103.79,4103.83,4097.99,4101.94,2207,23,0
1781154000,4101.93,4102.59,4094.61,4100.82,2269,23,0
1781154300,4100.81,4100.88,4092.24,4094.70,2199,23,0
1781154600,4094.72,4097.61,4089.32,4089.58,2300,23,0
1781154900,4089.60,4095.79,4087.78,4093.88,2067,23,0
1781155200,4093.88,4094.37,4088.98,4090.11,2121,23,0
1781155500,4090.11,4090.11,4081.63,4082.44,2175,23,0
1781155800,4082.46,4085.04,4071.37,4073.20,2557,23,0
1781156100,4073.32,4076.31,4065.12,4066.88,2411,23,0
1781156400,4067.03,4067.87,4055.28,4059.56,2562,23,0
1781156700,4059.53,4060.16,4052.54,4054.97,2421,23,0
1781157000,4054.97,4063.82,4054.89,4062.49,2282,23,0
1781157300,4062.50,4073.41,4062.24,4067.93,2181,23,0
1781157600,4067.97,4075.55,4067.86,4075.06,2165,23,0
1781157900,4075.06,4078.46,4069.90,4076.41,2254,23,0
1781158200,4076.40,4076.44,4064.43,4065.53,2276,23,0
1781158500,4065.51,4071.41,4065.26,4065.53,2257,23,0
1781158800,4065.51,4065.73,4060.15,4062.63,2307,23,0
1781159100,4062.61,4063.88,4056.97,4063.24,2275,23,0
1781159400,4063.26,4067.93,4062.52,4067.32,2069,23,0
1781159700,4067.37,4070.45,4064.42,4070.40,1802,23,0
1781160000,4070.38,4071.83,4066.17,4067.50,1859,23,0
1781160300,4067.50,4068.86,4065.11,4065.77,1591,23,0
1781160600,4065.76,4075.48,4064.91,4073.04,1806,23,0
1781160900,4073.05,4075.21,4072.10,4072.80,1579,23,0
1781161200,4072.80,4075.80,4071.52,4072.68,1855,23,0
1781161500,4072.68,4079.91,4070.15,4079.91,1836,23,0
1781161800,4079.94,4083.12,4078.10,4082.72,1857,23,0
1781162100,4082.74,4083.35,4079.16,4081.55,1749,23,0
1781162400,4081.53,4085.36,4080.16,4081.18,1696,23,0
1781162700,4081.11,4082.11,4076.30,4077.66,1739,23,0
1781163000,4077.65,4083.84,4077.65,4077.75,1641,23,0
1781163300,4077.77,4079.66,4074.72,4078.72,1592,23,0
1781163600,4078.60,4083.97,4078.41,4082.11,1773,23,0
1781163900,4082.14,4085.86,4082.07,4083.40,1635,23,0
1781164200,4083.42,4085.36,4079.61,4083.86,1633,23,0
1781164500,4083.87,4085.04,4081.50,4082.65,1461,23,0
1781164800,4082.64,4083.12,4075.44,4077.85,2030,23,0
1781165100,4077.85,4080.53,4075.40,4079.37,1862,23,0
1781165400,4079.34,4079.54,4076.54,4077.22,1702,23,0
1781165700,4077.24,4080.98,4075.14,4079.31,1943,23,0
1781166000,4079.31,4081.17,4076.41,4076.99,1784,23,0
1781166300,4076.99,4079.95,4072.65,4074.99,2068,23,0
1781166600,4074.99,4095.96,4074.57,4095.15,2507,23,0
1781166900,4095.14,4096.42,4090.94,4093.77,2262,23,0
1781167200,4093.78,4099.56,4093.78,4099.48,2031,23,0
1781167500,4099.46,4106.23,4096.73,4100.48,2136,23,0
1781167800,4100.48,4100.98,4093.54,4094.07,2120,23,0
1781168100,4093.99,4098.53,4093.80,4094.34,2118,23,0
1781168400,4094.27,4094.73,4084.55,4084.57,2222,23,0
1781168700,4084.57,4085.61,4078.83,4080.70,2298,23,0
1781169000,4080.81,4084.51,4076.36,4084.27,2220,23,0
1781169300,4084.33,4088.37,4081.77,4086.70,2107,23,0
1781169600,4086.66,4091.23,4086.62,4091.11,1989,23,0
1781169900,4091.12,4092.88,4086.16,4086.70,1999,23,0
1781170200,4086.70,4087.96,4083.88,4084.12,1917,23,0
1781170500,4084.12,4091.26,4083.02,4088.27,1906,23,0
1781170800,4088.27,4092.79,4086.99,4092.72,1682,23,0
1781171100,4092.72,4094.13,4091.07,4091.80,1780,23,0
1781171400,4091.78,4097.48,4091.19,4097.47,1857,23,0
1781171700,4097.46,4097.47,4091.78,4094.28,1692,23,0
1781172000,4094.45,4097.78,4092.77,4094.78,2013,23,0
1781172300,4094.78,4097.60,4092.98,4093.69,1874,23,0
1781172600,4093.67,4098.33,4091.82,4096.68,1849,23,0
1781172900,4096.68,4106.22,4096.35,4104.94,2072,23,0
1781173200,4104.94,4107.86,4102.94,4107.72,1919,23,0
1781173500,4107.73,4110.29,4106.47,4107.50,1891,23,0
1781173800,4107.52,4110.54,4106.18,4107.16,1813,23,0
1781174100,4107.18,4108.85,4101.59,4104.64,1737,23,0
1781174400,4104.64,4109.40,4103.00,4107.56,1607,23,0
1781174700,4107.56,4107.99,4103.21,4103.21,1604,23,0
1781175000,4102.91,4104.14,4099.05,4102.99,1705,23,0
1781175300,4102.99,4106.03,4102.63,4104.93,1528,23,0
1781175600,4104.93,4111.93,4104.13,4106.14,2080,23,0
1781175900,4106.16,4111.92,4105.21,4111.74,1901,23,0
1781176200,4111.74,4112.62,4105.28,4106.16,1909,23,0
1781176500,4106.14,4108.39,4102.96,4105.69,1792,23,0
1781176800,4105.70,4105.70,4100.49,4102.86,1888,23,0
1781177100,4102.88,4103.50,4097.19,4097.54,1760,23,0
1781177400,4097.37,4097.89,4093.88,4095.31,1926,23,0
1781177700,4095.29,4099.48,4094.93,4095.39,1785,23,0
1781178000,4095.38,4096.84,4090.31,4090.61,1604,23,0
1781178300,4090.61,4092.04,4088.87,4089.25,1746,23,0
1781178600,4089.25,4091.78,4086.79,4086.80,1762,23,0
1781178900,4086.80,4087.80,4084.50,4084.52,1700,23,0
1781179200,4084.49,4087.28,4083.26,4085.30,1752,23,0
1781179500,4085.30,4087.23,4080.87,4080.88,1793,23,0
1781179800,4080.89,4087.39,4080.75,4085.97,1788,23,0
1781180100,4086.07,4088.83,4085.25,4086.64,1789,23,0
1781180400,4086.58,4086.58,4083.77,4085.05,1647,23,0
1781180700,4085.04,4085.07,4078.89,4079.41,1673,23,0
1781181000,4079.41,4082.80,4077.53,4080.69,1851,23,0
1781181300,4080.70,4088.66,4080.60,4088.66,1580,23,0
1781181600,4088.65,4091.84,4087.48,4091.72,1382,23,0
1781181900,4091.72,4096.41,4091.32,4094.03,1543,23,0
1781182200,4094.03,4095.88,4090.25,4093.99,1525,23,0
1781182500,4094.00,4094.70,4089.90,4091.59,1336,23,0
1781182800,4091.59,4094.15,4089.87,4091.81,1450,23,0
1781183100,4091.80,4094.05,4090.51,4090.57,1507,23,0
1781183400,4090.56,4092.86,4088.32,4092.07,1504,23,0
1781183700,4092.08,4093.06,4086.77,4086.82,1346,23,0
1781184000,4086.83,4094.46,4086.82,4093.62,1349,23,0
1781184300,4093.62,4093.85,4087.66,4087.66,1494,23,0
1781184600,4087.63,4092.84,4086.51,4092.26,1656,23,0
1781184900,4092.26,4092.98,4088.76,4090.83,1347,23,0
1781185200,4090.82,4092.20,4089.54,4090.47,1237,23,0
1781185500,4090.47,4091.47,4087.53,4088.46,1072,23,0
1781185800,4088.46,4092.89,4088.46,4089.68,1312,23,0
1781186100,4089.68,4091.48,4087.66,4089.89,1577,23,0
1781186400,4089.90,4093.16,4086.87,4091.78,1820,23,0
1781186700,4091.75,4093.01,4088.35,4091.22,1780,23,0
1781187000,4091.22,4093.14,4086.39,4086.39,1722,23,0
1781187300,4086.31,4089.47,4084.09,4086.67,1873,23,0
1781187600,4086.65,4088.53,4083.37,4086.28,1816,23,0
1781187900,4086.26,4091.21,4084.38,4090.31,1836,23,0
1781188200,4090.31,4095.90,4088.06,4088.27,2143,23,0
1781188500,4088.27,4088.92,4082.74,4083.41,1833,23,0
1781188800,4083.40,4086.97,4081.71,4084.91,1671,23,0
1781189100,4084.86,4086.35,4082.47,4085.08,1571,23,0
1781189400,4085.08,4087.61,4084.46,4086.18,1494,23,0
1781189700,4086.16,4087.39,4079.88,4080.32,1594,23,0
1781190000,4080.32,4087.13,4078.37,4086.53,1714,23,0
1781190300,4086.52,4086.84,4079.44,4079.88,1648,23,0
1781190600,4079.90,4079.90,4073.08,4076.32,1766,23,0
1781190900,4076.32,4081.98,4075.08,4075.16,1953,23,0
1781191200,4075.15,4078.25,4061.60,4069.01,2561,23,0
1781191500,4069.13,4072.82,4063.02,4069.07,2363,23,0
1781191800,4069.03,4073.97,4057.58,4062.54,2571,23,0
1781192100,4062.54,4066.87,4057.93,4065.87,2463,23,0
1781192400,4065.85,4076.97,4065.04,4073.31,2384,23,0
1781192700,4073.29,4081.08,4069.87,4077.22,2418,23,0
1781193000,4077.24,4081.33,4073.03,4080.11,2308,23,0
1781193300,4080.08,4085.14,4076.93,4082.04,2195,23,0
1781193600,4081.91,4085.75,4078.02,4083.82,2465,23,0
1781193900,4083.82,4086.13,4078.93,4085.68,2326,23,0
1781194200,4085.64,4086.05,4072.03,4073.20,2334,23,0
1781194500,4073.16,4077.24,4072.85,4072.89,2190,23,0
1781194800,4072.88,4078.92,4072.72,4075.81,2217,23,0
1781195100,4075.83,4081.75,4072.21,4075.40,2229,23,0
1781195400,4075.35,4081.45,4072.00,4075.28,2701,23,0
1781195700,4075.24,4082.61,4068.30,4072.50,2612,23,0
1781196000,4072.54,4078.61,4067.08,4076.13,2647,23,0
1781196300,4076.20,4092.40,4073.51,4083.76,2771,23,0
1781196600,4083.66,4092.57,4083.66,4085.00,2582,23,0
1781196900,4084.95,4091.45,4082.48,4083.17,2545,23,0
1781197200,4083.17,4085.40,4075.83,4078.10,2622,23,0
1781197500,4078.03,4078.03,4060.42,4062.71,2641,23,0
1781197800,4062.57,4063.38,4052.89,4060.92,2716,23,0
1781198100,4060.92,4066.58,4056.02,4063.58,2618,23,0
1781198400,4063.60,4082.09,4062.94,4079.56,2657,23,0
1781198700,4079.55,4084.76,4073.75,4074.77,2586,23,0
1781199000,4074.77,4077.50,4070.53,4072.69,2605,23,0
1781199300,4072.60,4079.85,4071.06,4078.78,2491,23,0
1781199600,4078.78,4083.50,4076.19,4076.21,2485,23,0
1781199900,4076.19,4079.54,4072.73,4078.61,2461,23,0
1781200200,4078.65,4080.95,4073.71,4076.96,2450,23,0
1781200500,4076.97,4079.10,4072.16,4073.40,2505,23,0
1781200800,4073.41,4076.46,4070.39,4073.48,2557,23,0
1781201100,4073.49,4086.44,4072.21,4080.95,2623,23,0
1781201400,4080.95,4087.48,4079.73,4080.61,2577,23,0
1781201700,4080.63,4086.50,4079.67,4082.02,2427,23,0
1781202000,4082.00,4089.20,4076.71,4078.91,2475,23,0
1781202300,4078.87,4084.60,4074.88,4081.59,2377,23,0
1781202600,4081.56,4082.74,4077.51,4079.66,2421,23,0
1781202900,4079.57,4086.83,4078.70,4085.98,2408,23,0
1781203200,4085.90,4090.40,4085.90,4088.11,2385,23,0
1781203500,4088.21,4091.70,4087.40,4089.79,2323,23,0
1781203800,4089.78,4095.32,4088.16,4090.50,2236,23,0
1781204100,4090.47,4090.51,4085.77,4088.79,2285,23,0
1781204400,4088.74,4093.23,4086.89,4087.45,2266,23,0
1781204700,4087.58,4093.69,4086.75,4092.63,2222,23,0
1781205000,4092.62,4103.28,4091.17,4102.62,2306,23,0
1781205300,4102.62,4107.53,4096.25,4096.81,2352,23,0
1781205600,4096.83,4098.41,4087.60,4087.78,2347,23,0
1781205900,4087.79,4088.79,4079.49,4079.59,2377,23,0
1781206200,4079.60,4087.78,4078.44,4084.68,2361,23,0
1781206500,4084.67,4086.43,4081.68,4082.61,2200,23,0
1781206800,4082.61,4085.21,4081.13,4081.91,2072,23,0
1781207100,4081.94,4084.17,4080.26,4081.40,2109,23,0
1781207400,4081.42,4082.37,4078.00,4079.62,2183,23,0
1781207700,4079.63,4082.27,4079.27,4080.18,2026,23,0
1781208000,4080.19,4080.48,4071.99,4074.74,2345,23,0
1781208300,4074.77,4077.67,4074.32,4076.62,2339,23,0
1781208600,4076.64,4078.75,4073.11,4076.02,2183,23,0
1781208900,4076.01,4078.91,4074.36,4078.40,2142,23,0
1781209200,4078.37,4081.22,4076.05,4080.41,2224,23,0
1781209500,4080.42,4101.91,4078.38,4101.58,2403,23,0
1781209800,4101.59,4149.31,4101.59,4149.09,2907,23,0
1781210100,4148.71,4154.51,4138.28,4150.37,2843,23,0
1781210400,4150.44,4169.94,4147.51,4166.70,2834,23,0
1781210700,4166.67,4166.67,4153.53,4154.09,2731,23,0
1781211000,4154.31,4161.36,4146.98,4153.35,2674,23,0
1781211300,4153.43,4157.00,4146.61,4151.77,2522,23,0
1781211600,4151.81,4155.57,4136.30,4138.62,2715,23,0
1781211900,4138.64,4141.61,4131.28,4135.56,2732,23,0
1781212200,4135.51,4146.74,4135.18,4146.73,2589,23,0
1781212500,4146.73,4162.94,4145.23,4161.15,2493,23,0
1781212800,4161.18,4162.32,4151.35,4155.79,2615,23,0
1781213100,4155.79,4156.53,4150.64,4152.90,2537,23,0
1781213400,4152.91,4157.93,4149.19,4154.12,2482,23,0
1781213700,4154.12,4158.70,4152.77,4156.47,2352,23,0
1781214000,4156.53,4165.09,4155.19,4164.80,2213,23,0
1781214300,4164.79,4171.61,4164.03,4168.11,2218,23,0
1781214600,4168.11,4170.05,4164.18,4164.76,2137,23,0
1781214900,4164.77,4165.49,4160.39,4161.84,2152,23,0
1781215200,4161.82,4174.30,4161.82,4174.29,2432,23,0
1781215500,4174.16,4175.74,4169.49,4174.14,2327,23,0
1781215800,4174.11,4189.24,4173.10,4188.26,2515,23,0
1781216100,4188.25,4196.80,4186.17,4195.67,2458,23,0
1781216400,4195.72,4198.16,4188.67,4191.74,2458,23,0
1781216700,4191.73,4198.32,4189.21,4195.54,2227,23,0
1781217000,4195.56,4214.87,4195.56,4214.87,2680,23,0
1781217300,4214.88,4220.00,4208.31,4208.38,2576,23,0
1781217600,4208.39,4217.53,4208.33,4210.20,2378,23,0
1781217900,4210.21,4214.98,4209.96,4210.11,2375,23,0
1781218200,4210.09,4215.39,4209.21,4215.39,2409,23,0
1781218500,4215.39,4215.39,4207.44,4208.90,2320,23,0
1781218800,4208.80,4216.01,4208.26,4208.37,1926,23,0
1781219100,4208.37,4216.39,4208.16,4214.78,1694,23,0
1781219400,4214.78,4218.50,4212.17,4213.80,1586,23,0
1781219700,4213.80,4214.86,4212.23,4213.35,1273,23,0
1781220000,4213.35,4216.24,4212.84,4215.61,1368,23,0
1781220300,4215.62,4215.62,4212.28,4214.04,1472,23,0
1781220600,4214.07,4216.34,4212.20,4213.53,1470,23,0
1781220900,4213.65,4215.59,4210.26,4210.99,1376,28,0
1781221200,4210.99,4212.52,4209.57,4209.65,1372,28,0
1781221500,4209.62,4211.95,4209.09,4211.13,1313,28,0
1781221800,4211.13,4212.96,4210.16,4212.10,1167,28,0
1781222100,4212.09,4212.38,4210.62,4211.35,571,28,0
1781226000,4213.12,4220.37,4205.40,4208.57,1435,28,0
1781226300,4208.56,4210.79,4207.15,4209.53,957,28,0
1781226600,4209.49,4210.95,4207.08,4209.87,1231,28,0
1781226900,4209.72,4210.99,4207.29,4208.34,1200,28,0
1781227200,4208.25,4211.63,4205.74,4206.51,1305,28,0
1781227500,4206.48,4215.79,4206.37,4214.89,1171,28,0
1781227800,4214.88,4216.33,4211.41,4214.30,1571,23,0
1781228100,4214.28,4215.56,4212.01,4215.56,1177,23,0
1781228400,4215.56,4228.00,4215.14,4225.84,1869,23,0
1781228700,4225.84,4236.14,4225.37,4231.81,2015,23,0
1781229000,4231.82,4235.49,4225.06,4235.41,1843,23,0
1781229300,4235.43,4246.27,4233.08,4243.15,2010,23,0
1781229600,4243.16,4245.78,4224.64,4226.97,2104,23,0
1781229900,4226.96,4230.32,4223.47,4225.70,1862,23,0
1781230200,4225.70,4227.95,4221.62,4223.64,1630,23,0
1781230500,4223.65,4226.51,4221.27,4222.27,1600,23,0
1781230800,4222.27,4223.03,4215.83,4215.97,1639,23,0
1781231100,4215.97,4218.07,4214.22,4216.36,1636,23,0
1781231400,4216.60,4223.43,4214.57,4216.81,1706,23,0
1781231700,4216.82,4220.68,4214.61,4216.63,1629,23,0
1781232000,4216.62,4220.64,4214.75,4219.34,1587,23,0
1781232300,4219.36,4224.53,4217.32,4219.50,1823,23,0
1781232600,4219.46,4223.16,4215.31,4216.56,1878,23,0
1781232900,4216.48,4222.07,4216.27,4219.99,1715,23,0
1781233200,4220.00,4222.54,4212.71,4219.24,2186,20,0
1781233500,4218.98,4225.76,4215.78,4217.25,2261,23,0
1781233800,4217.23,4218.91,4215.54,4216.87,2085,23,0
1781234100,4216.87,4216.99,4207.45,4216.44,2242,23,0
1781234400,4216.44,4224.36,4215.01,4224.04,1990,23,0
1781234700,4224.07,4230.48,4220.29,4220.41,2135,23,0
1781235000,4220.41,4228.77,4219.95,4221.58,2017,23,0
1781235300,4221.53,4224.11,4214.18,4214.81,2012,23,0
1781235600,4214.80,4214.91,4202.88,4203.89,2075,23,0
1781235900,4204.01,4208.07,4201.26,4202.05,2106,23,0
1781236200,4202.02,4205.50,4200.82,4200.91,2038,23,0
1781236500,4200.89,4208.29,4200.81,4208.29,2047,23,0
1781236800,4208.34,4210.86,4184.06,4184.83,2660,23,0
1781237100,4184.67,4193.39,4183.02,4193.17,2458,23,0
1781237400,4193.18,4193.18,4184.93,4187.10,2297,23,0
1781237700,4187.09,4193.72,4185.78,4189.29,2202,23,0
1781238000,4189.32,4192.30,4187.42,4189.48,2203,23,0
1781238300,4189.48,4189.81,4179.17,4181.06,2160,23,0
1781238600,4180.93,4186.70,4177.04,4179.95,2413,23,0
1781238900,4179.95,4180.56,4171.41,4179.14,2247,23,0
1781239200,4179.09,4183.69,4176.75,4179.46,2252,23,0
1781239500,4179.46,4191.49,4179.34,4191.39,2291,23,0
1781239800,4191.39,4191.46,4186.16,4186.43,1948,23,0
1781240100,4186.42,4190.15,4184.26,4186.81,2025,23,0
1781240400,4186.80,4194.32,4183.73,4191.32,2178,23,0
1781240700,4191.32,4197.62,4190.19,4197.41,1993,23,0
1781241000,4197.42,4200.05,4193.85,4193.92,1983,23,0
1781241300,4193.93,4194.49,4190.90,4192.74,1759,23,0
1781241600,4192.74,4193.47,4190.07,4191.14,1797,23,0
1781241900,4191.14,4191.45,4186.62,4188.50,1757,23,0
1781242200,4188.49,4189.36,4182.80,4182.95,2132,23,0
1781242500,4182.91,4193.23,4182.74,4188.99,2006,23,0
1781242800,4189.00,4190.31,4184.56,4186.24,1870,23,0
1781243100,4186.25,4191.19,4183.66,4190.53,1940,23,0
1781243400,4190.52,4192.38,4187.72,4188.73,1856,23,0
1781243700,4188.71,4193.73,4187.63,4191.59,1828,23,0
1781244000,4191.60,4196.11,4189.60,4191.95,2010,23,0
1781244300,4191.83,4195.40,4190.63,4192.75,1689,23,0
1781244600,4192.74,4196.05,4191.30,4193.94,1707,23,0
1781244900,4193.88,4201.12,4193.66,4196.13,2034,23,0
1781245200,4196.13,4199.11,4193.10,4197.50,1868,23,0
1781245500,4197.50,4203.54,4196.63,4203.38,1987,23,0
1781245800,4203.37,4204.57,4199.21,4203.64,1940,23,0
1781246100,4203.64,4204.78,4201.08,4201.94,1697,23,0
1781246400,4201.93,4204.88,4198.86,4199.26,1507,23,0
1781246700,4199.26,4199.26,4195.44,4197.36,1674,23,0
1781247000,4197.36,4201.04,4196.29,4200.48,1570,23,0
1781247300,4200.49,4201.39,4196.66,4197.06,1446,23,0
1781247600,4197.08,4200.99,4192.82,4197.10,1452,23,0
1781247900,4197.08,4197.20,4192.03,4196.14,1465,23,0
1781248200,4196.14,4196.57,4191.99,4194.28,1369,23,0
1781248500,4194.28,4195.58,4190.35,4192.10,1341,23,0
1781248800,4192.11,4193.50,4190.65,4193.18,1223,23,0
1781249100,4193.18,4194.26,4191.65,4192.70,1215,23,0
1781249400,4192.69,4197.11,4191.89,4195.70,1283,23,0
1781249700,4195.68,4198.32,4193.71,4195.33,1322,23,0
1781250000,4195.33,4197.22,4192.93,4193.43,1149,23,0
1781250300,4193.42,4194.25,4189.93,4190.87,1427,23,0
1781250600,4190.87,4192.88,4190.14,4192.22,1350,23,0
1781250900,4192.22,4192.90,4189.56,4189.94,1235,23,0
1781251200,4189.94,4192.86,4187.44,4187.88,1697,23,0
1781251500,4187.89,4190.49,4185.14,4185.23,1469,23,0
1781251800,4185.18,4189.68,4181.95,4188.71,1816,23,0
1781252100,4188.79,4189.42,4184.97,4186.01,1551,23,0
1781252400,4186.00,4189.09,4186.00,4187.04,1528,23,0
1781252700,4187.05,4189.52,4185.99,4187.05,1518,23,0
1781253000,4187.05,4187.73,4178.03,4180.20,2257,23,0
1781253300,4180.23,4180.25,4172.49,4174.86,2340,23,0
1781253600,4174.87,4181.07,4174.28,4180.45,2289,23,0
1781253900,4180.45,4180.96,4176.08,4179.21,2081,23,0
1781254200,4179.21,4179.99,4172.91,4175.31,2305,23,0
1781254500,4175.29,4176.82,4170.72,4173.22,2087,23,0
1781254800,4173.24,4183.15,4173.19,4181.19,2182,23,0
1781255100,4181.16,4184.23,4178.77,4181.74,2070,23,0
1781255400,4181.74,4185.55,4181.51,4182.98,1914,23,0
1781255700,4182.90,4183.16,4179.63,4180.65,1850,23,0
1781256000,4180.64,4182.71,4178.96,4180.34,1771,23,0
1781256300,4180.34,4182.60,4179.42,4182.05,1794,23,0
1781256600,4182.05,4182.48,4175.54,4177.48,2021,23,0
1781256900,4177.47,4181.34,4176.00,4177.97,1880,23,0
1781257200,4177.86,4178.80,4172.37,4176.45,1877,23,0
1781257500,4176.45,4177.53,4174.16,4176.21,1762,23,0
1781257800,4176.22,4180.71,4176.20,4178.40,1866,23,0
1781258100,4178.40,4184.77,4177.10,4184.17,1910,23,0
1781258400,4184.17,4184.88,4176.04,4178.24,1972,23,0
1781258700,4178.24,4181.89,4177.62,4180.74,1789,23,0
1781259000,4180.75,4182.72,4177.74,4178.24,1852,23,0
1781259300,4178.24,4178.90,4174.07,4177.35,1932,23,0
1781259600,4177.35,4179.08,4175.56,4178.13,1711,23,0
1781259900,4178.13,4179.99,4173.90,4174.10,1645,23,0
1781260200,4174.18,4175.78,4170.21,4173.73,1769,23,0
1781260500,4173.70,4179.40,4173.70,4178.55,1871,23,0
1781260800,4178.60,4184.58,4178.60,4183.02,1740,23,0
1781261100,4183.02,4183.60,4174.49,4175.18,1641,23,0
1781261400,4175.20,4178.27,4173.77,4175.64,1557,23,0
1781261700,4175.63,4194.24,4175.40,4194.24,2205,23,0
1781262000,4194.25,4202.84,4191.97,4197.90,2393,23,0
1781262300,4197.89,4203.57,4195.21,4201.99,2168,23,0
1781262600,4201.95,4204.90,4201.32,4203.72,2115,23,0
1781262900,4203.77,4219.92,4199.44,4217.95,2430,23,0
1781263200,4218.01,4220.56,4212.51,4218.14,2433,23,0
1781263500,4218.12,4219.05,4211.24,4213.05,2245,23,0
1781263800,4213.08,4220.03,4212.99,4218.36,2142,23,0
1781264100,4218.35,4222.37,4215.46,4220.93,2029,23,0
1781264400,4220.93,4221.05,4211.78,4218.33,2076,23,0
1781264700,4218.33,4220.20,4214.66,4218.45,1952,23,0
1781265000,4218.46,4222.18,4216.07,4221.67,1809,23,0
1781265300,4221.74,4225.98,4219.44,4219.61,1815,23,0
1781265600,4219.59,4222.79,4217.41,4221.44,1825,23,0
1781265900,4221.45,4223.96,4219.59,4223.10,1746,23,0
1781266200,4223.07,4225.19,4221.82,4224.14,1651,23,0
1781266500,4224.13,4226.73,4220.90,4223.50,2104,23,0
1781266800,4223.47,4225.66,4219.09,4222.16,1954,23,0
1781267100,4222.15,4225.83,4219.36,4220.92,1901,23,0
1781267400,4220.92,4226.03,4219.21,4225.74,1961,23,0
1781267700,4225.75,4226.95,4221.59,4223.29,1835,23,0
1781268000,4223.23,4227.84,4222.92,4225.32,1636,23,0
1781268300,4225.31,4227.92,4223.50,4223.92,1815,23,0
1781268600,4223.92,4224.65,4221.40,4223.48,1717,23,0
1781268900,4223.47,4225.40,4221.56,4221.87,1685,23,0
1781269200,4221.87,4224.46,4218.88,4222.19,1767,23,0
1781269500,4221.92,4225.55,4220.24,4224.72,1372,23,0
1781269800,4224.73,4224.88,4219.98,4221.50,1676,23,0
1781270100,4221.37,4222.15,4215.14,4217.74,1778,23,0
1781270400,4217.73,4217.73,4210.72,4213.49,1807,23,0
1781270700,4213.49,4214.22,4202.80,4206.74,2214,23,0
1781271000,4206.76,4218.66,4206.53,4214.80,2137,23,0
1781271300,4214.77,4216.30,4214.21,4215.52,1703,23,0
1781271600,4215.51,4217.34,4214.43,4215.36,1473,23,0
1781271900,4215.36,4218.65,4214.21,4215.50,1540,23,0
1781272200,4215.54,4216.12,4212.36,4213.16,1531,23,0
1781272500,4213.17,4215.42,4209.32,4210.92,1641,23,0
1781272800,4210.92,4211.98,4205.78,4206.09,1809,23,0
1781273100,4206.15,4208.99,4205.11,4207.63,1688,23,0
1781273400,4207.62,4208.32,4205.28,4207.43,1628,23,0
1781273700,4207.43,4207.95,4203.89,4205.96,1500,23,0
1781274000,4205.96,4210.02,4205.59,4209.73,1591,23,0
1781274300,4209.72,4210.23,4202.17,4202.53,1590,23,0
1781274600,4202.55,4202.66,4197.51,4199.63,1708,23,0
1781274900,4199.62,4202.77,4199.59,4202.38,1673,23,0
1781275200,4202.37,4210.43,4201.92,4209.74,1691,23,0
1781275500,4209.73,4211.82,4208.78,4210.19,1631,23,0
1781275800,4210.19,4215.30,4208.44,4214.85,1775,23,0
1781276100,4214.86,4214.88,4206.49,4206.90,1845,23,0
1781276400,4206.86,4208.46,4202.91,4206.22,2155,23,0
1781276700,4206.24,4209.21,4205.35,4207.70,1997,23,0
1781277000,4207.71,4214.14,4207.71,4214.14,1807,23,0
1781277300,4214.23,4215.32,4211.39,4211.71,1879,23,0
1781277600,4211.71,4212.08,4202.49,4203.59,1959,23,0
1781277900,4203.59,4203.61,4200.27,4200.99,1894,23,0
1781278200,4201.02,4201.75,4197.43,4199.84,1901,23,0
1781278500,4199.85,4200.98,4192.23,4192.72,1971,23,0
1781278800,4192.92,4200.76,4191.98,4196.76,2081,23,0
1781279100,4196.76,4198.29,4193.55,4196.97,2085,23,0
1781279400,4196.96,4200.58,4193.53,4193.81,1990,23,0
1781279700,4193.77,4194.64,4188.50,4191.72,2029,23,0
1781280000,4191.71,4198.02,4186.55,4197.01,2394,23,0
1781280300,4197.04,4201.14,4193.58,4199.84,2092,23,0
1781280600,4199.91,4200.79,4193.71,4198.33,1987,23,0
1781280900,4198.35,4203.02,4197.29,4202.43,1940,23,0
1781281200,4202.47,4206.67,4202.00,4203.83,1877,23,0
1781281500,4203.77,4205.15,4201.54,4202.91,1861,23,0
1781281800,4202.87,4205.36,4197.12,4198.95,2609,23,0
1781282100,4198.94,4210.14,4198.52,4207.36,2622,23,0
1781282400,4207.36,4207.42,4182.88,4190.97,2798,23,0
1781282700,4190.96,4193.64,4183.82,4190.76,2755,23,0
1781283000,4190.77,4193.66,4186.72,4189.44,2654,23,0
1781283300,4189.44,4192.19,4183.38,4186.24,2416,23,0
1781283600,4186.19,4198.22,4185.38,4194.41,2613,23,0
1781283900,4194.38,4198.26,4184.78,4198.18,2499,23,0
1781284200,4198.20,4198.20,4189.76,4193.13,2420,23,0
1781284500,4193.05,4199.40,4190.08,4190.08,2447,23,0
1781284800,4190.10,4191.84,4182.65,4187.24,2537,23,0
1781285100,4187.24,4194.08,4186.69,4188.59,2405,23,0
1781285400,4188.55,4189.54,4181.13,4186.76,2437,23,0
1781285700,4186.79,4192.60,4186.06,4192.15,2450,23,0
1781286000,4192.15,4193.18,4181.13,4184.53,2484,23,0
1781286300,4184.48,4184.92,4177.14,4182.92,2519,23,0
1781286600,4182.97,4207.59,4179.48,4207.59,2674,23,0
1781286900,4207.32,4208.40,4201.26,4203.90,2749,23,0
1781287200,4203.97,4209.38,4200.21,4203.28,2573,23,0
1781287500,4203.26,4210.73,4203.26,4208.62,2519,23,0
1781287800,4208.62,4215.11,4208.45,4214.00,2399,23,0
1781288100,4213.99,4219.06,4212.71,4215.10,2352,23,0
1781288400,4215.13,4230.44,4213.10,4227.99,2378,23,0
1781288700,4227.98,4235.54,4223.42,4225.83,2512,23,0
1781289000,4225.75,4228.38,4218.53,4219.26,2403,23,0
1781289300,4219.31,4226.06,4215.06,4219.04,2526,23,0
1781289600,4219.04,4219.25,4210.44,4210.97,2374,23,0
1781289900,4210.99,4215.18,4207.03,4207.75,2449,23,0
1781290200,4207.76,4216.41,4207.58,4215.33,2376,23,0
1781290500,4215.41,4218.84,4211.26,4211.81,2407,23,0
1781290800,4211.83,4213.80,4208.07,4209.61,2449,23,0
1781291100,4209.62,4214.67,4208.24,4213.27,2245,23,0
1781291400,4213.26,4223.88,4211.52,4221.67,2398,23,0
1781291700,4221.66,4232.91,4220.95,4223.86,2559,23,0
1781292000,4223.85,4225.45,4218.42,4218.46,2331,23,0
1781292300,4218.47,4220.74,4215.86,4217.03,2235,23,0
1781292600,4217.03,4218.71,4215.97,4217.84,2160,23,0
1781292900,4217.87,4218.31,4211.69,4216.99,2173,23,0
1781293200,4216.99,4220.44,4213.07,4213.29,2330,23,0
1781293500,4213.31,4214.72,4211.33,4213.49,2320,23,0
1781293800,4213.50,4216.32,4212.00,4215.18,2105,23,0
1781294100,4215.18,4218.12,4213.54,4216.11,2159,23,0
1781294400,4216.03,4220.69,4215.98,4220.45,2192,23,0
1781294700,4220.45,4225.87,4219.02,4220.73,2354,23,0
1781295000,4220.71,4221.65,4215.04,4218.42,2140,23,0
1781295300,4218.42,4218.73,4213.89,4217.75,2029,23,0
1781295600,4217.75,4223.67,4217.68,4220.97,2069,23,0
1781295900,4220.97,4221.27,4216.79,4218.87,1971,23,0
1781296200,4218.85,4220.36,4214.03,4219.98,2020,23,0
1781296500,4219.97,4221.21,4217.67,4218.44,1963,23,0
1781296800,4218.46,4223.50,4217.38,4222.37,1948,23,0
1781297100,4222.41,4225.03,4221.97,4223.32,1880,23,0
1781297400,4223.31,4224.47,4222.46,4223.49,1773,23,0
1781297700,4223.49,4223.56,4219.78,4221.35,1917,23,0
1781298000,4221.37,4222.61,4219.59,4219.73,1985,23,0
1781298300,4219.75,4220.90,4218.22,4220.65,1907,23,0
1781298600,4220.66,4228.38,4220.23,4227.05,2045,23,0
1781298900,4227.06,4229.79,4225.29,4229.42,2073,23,0
1781299200,4229.34,4235.41,4228.96,4229.05,2008,23,0
1781299500,4229.05,4229.31,4224.50,4226.51,1896,23,0
1781299800,4226.51,4228.54,4224.40,4227.42,1814,23,0
1781300100,4227.42,4227.52,4225.42,4226.45,1547,23,0
1781300400,4226.42,4230.04,4226.01,4229.30,1647,23,0
1781300700,4229.32,4229.32,4222.61,4222.90,1742,23,0
1781301000,4222.90,4223.23,4220.60,4221.87,1667,23,0
1781301300,4221.88,4222.24,4214.20,4215.57,1967,23,0
1781301600,4215.54,4218.38,4214.36,4217.63,1804,23,0
1781301900,4217.63,4218.84,4215.52,4217.55,1589,23,0
1781302200,4217.56,4218.90,4216.33,4217.51,1647,23,0
1781302500,4217.48,4217.52,4213.57,4215.09,1699,23,0
1781302800,4215.09,4215.13,4210.22,4210.42,1768,23,0
1781303100,4210.42,4211.56,4207.85,4208.58,1911,23,0
1781303400,4208.58,4210.24,4204.06,4204.30,2018,23,0
1781303700,4204.30,4208.34,4201.86,4205.39,2163,23,0
1781304000,4205.39,4207.46,4204.59,4205.23,1872,23,0
1781304300,4205.23,4207.86,4203.68,4206.92,1988,23,0
1781304600,4206.88,4208.29,4205.83,4206.71,1993,23,0
1781304900,4206.71,4211.18,4205.45,4210.69,1931,23,0
1781305200,4210.70,4211.74,4209.42,4210.87,1470,23,0
1781305500,4210.86,4211.94,4209.62,4211.05,1103,23,0
1781305800,4211.05,4213.62,4210.72,4212.57,1018,23,0
1781306100,4212.57,4214.38,4212.34,4214.36,664,23,0
1781306400,4214.37,4216.96,4214.23,4214.28,777,23,0
1781306700,4214.29,4215.25,4213.65,4214.43,694,23,0
1781307000,4214.43,4214.54,4212.64,4213.75,825,23,0
1781307300,4213.75,4214.45,4212.52,4214.00,707,28,0
1781307600,4214.00,4214.04,4212.96,4213.73,645,28,0
1781307900,4213.71,4215.22,4212.50,4214.86,709,28,0
1781308200,4214.88,4217.75,4214.88,4216.92,909,28,0
1781308500,4216.92,4219.13,4216.31,4218.60,380,28,0
1781485200,4268.91,4302.57,4262.67,4301.06,3350,28,0
1781485500,4301.06,4308.85,4294.21,4306.10,2650,28,0
1781485800,4306.26,4306.29,4295.43,4300.05,2337,28,0
1781486100,4300.05,4305.62,4297.46,4305.42,2141,28,0
1781486400,4305.34,4306.32,4297.89,4298.25,1769,28,0
1781486700,4298.30,4298.34,4283.92,4287.17,2139,28,0
1781487000,4286.99,4287.13,4280.46,4284.57,1953,23,0
1781487300,4284.56,4286.50,4281.48,4285.13,1560,23,0
1781487600,4285.14,4288.55,4284.49,4285.28,1431,23,0
1781487900,4285.23,4291.64,4284.89,4291.39,1375,23,0
1781488200,4291.39,4291.76,4288.19,4291.05,1226,23,0
1781488500,4291.11,4291.36,4285.69,4285.69,1185,23,0
1781488800,4285.68,4287.44,4282.69,4284.64,1561,23,0
1781489100,4284.64,4288.25,4282.20,4283.06,1438,23,0
1781489400,4283.06,4284.40,4282.71,4282.98,1206,23,0
1781489700,4283.00,4283.37,4281.23,4282.48,1386,23,0
1781490000,4282.48,4283.69,4281.09,4283.00,1223,23,0
1781490300,4283.00,4284.62,4282.55,4283.33,1200,23,0
1781490600,4283.32,4286.11,4281.59,4284.32,1198,23,0
1781490900,4284.31,4286.09,4283.38,4285.51,1000,23,0
1781491200,4285.52,4285.57,4282.18,4285.05,1052,23,0
1781491500,4285.06,4294.10,4284.23,4293.78,1699,23,0
1781491800,4293.79,4294.62,4291.94,4293.12,1342,23,0
1781492100,4293.13,4295.06,4292.50,4294.10,1410,23,0
1781492400,4294.02,4295.88,4293.35,4294.53,1625,23,0
1781492700,4294.53,4296.64,4293.72,4296.64,1537,23,0
1781493000,4296.65,4301.06,4296.30,4299.95,1762,23,0
1781493300,4299.98,4304.20,4299.73,4304.20,1777,23,0
1781493600,4304.20,4307.72,4301.38,4306.24,1683,23,0
1781493900,4306.27,4308.15,4300.74,4300.92,1660,23,0
1781494200,4300.92,4305.66,4295.86,4303.00,1936,23,0
1781494500,4302.99,4304.83,4297.16,4298.99,1691,23,0
1781494800,4298.98,4300.06,4296.05,4297.69,1560,23,0
1781495100,4297.69,4300.04,4296.23,4296.51,1707,23,0
1781495400,4296.51,4297.02,4292.49,4295.78,1681,23,0
1781495700,4295.79,4296.18,4291.74,4292.60,1698,23,0
1781496000,4292.60,4300.35,4285.53,4291.64,2631,23,0
1781496300,4291.69,4296.38,4288.24,4289.35,2399,23,0
1781496600,4289.36,4297.26,4289.36,4296.19,2220,23,0
1781496900,4296.25,4296.29,4289.41,4292.99,2080,23,0
1781497200,4292.99,4306.50,4292.99,4302.54,2181,23,0
1781497500,4302.55,4304.71,4296.95,4303.50,2181,23,0
1781497800,4303.51,4315.45,4301.28,4312.50,2212,23,0
1781498100,4312.50,4316.57,4308.45,4315.67,2138,23,0
1781498400,4315.65,4319.59,4314.78,4317.82,2014,23,0
1781498700,4317.81,4317.84,4313.20,4317.61,1912,23,0
1781499000,4317.57,4319.12,4315.12,4316.19,1825,23,0
1781499300,4316.20,4319.01,4315.36,4316.79,1761,23,0
1781499600,4316.80,4324.26,4316.12,4322.24,1920,23,0
1781499900,4322.28,4324.70,4321.46,4321.50,1733,23,0
1781500200,4321.51,4326.67,4320.18,4326.53,1906,23,0
1781500500,4326.52,4328.71,4324.37,4325.18,1427,23,0
1781500800,4325.17,4331.04,4325.17,4329.63,1454,23,0
1781501100,4329.63,4331.03,4326.87,4328.12,1352,23,0
1781501400,4328.12,4332.07,4327.88,4329.77,1841,23,0
1781501700,4329.78,4334.20,4328.58,4332.85,1698,23,0
1781502000,4332.85,4332.96,4328.30,4330.18,1845,23,0
1781502300,4330.18,4334.60,4329.53,4334.54,1763,23,0
1781502600,4334.55,4335.43,4327.85,4330.04,1665,23,0
1781502900,4330.04,4330.82,4328.08,4329.54,1491,23,0
1781503200,4329.54,4331.09,4325.49,4326.48,1708,23,0
1781503500,4326.47,4328.26,4321.89,4323.68,1850,23,0
1781503800,4323.66,4325.60,4322.50,4325.28,1605,23,0
1781504100,4325.28,4328.92,4324.36,4326.82,1626,23,0
1781504400,4326.82,4327.16,4323.99,4325.16,1594,23,0
1781504700,4325.17,4325.37,4321.45,4323.99,1655,23,0
1781505000,4323.98,4326.91,4323.46,4326.20,1476,23,0
1781505300,4326.20,4327.30,4324.55,4324.69,1278,23,0
1781505600,4324.67,4324.68,4321.23,4323.30,1125,23,0
1781505900,4323.30,4327.24,4323.08,4326.13,1011,23,0
1781506200,4326.13,4326.21,4324.92,4325.31,828,23,0
1781506500,4325.31,4325.90,4323.64,4324.92,969,23,0
1781506800,4324.93,4327.64,4322.76,4323.19,1217,23,0
1781507100,4323.19,4326.09,4323.08,4324.11,869,23,0
1781507400,4324.11,4326.35,4324.08,4326.32,750,23,0
1781507700,4326.32,4327.30,4322.94,4324.08,1252,23,0
1781508000,4324.08,4325.23,4320.96,4322.45,1316,23,0
1781508300,4322.45,4327.65,4322.38,4327.02,1054,23,0
1781508600,4327.02,4329.16,4325.36,4328.51,976,23,0
1781508900,4328.52,4330.15,4327.05,4327.82,917,23,0
1781509200,4327.82,4328.69,4326.68,4327.84,866,23,0
1781509500,4327.84,4329.26,4327.65,4327.99,812,23,0
1781509800,4327.99,4328.25,4326.69,4326.89,811,23,0
1781510100,4326.89,4328.55,4326.50,4328.24,849,23,0
1781510400,4328.23,4330.02,4327.27,4328.00,1109,23,0
1781510700,4328.00,4329.52,4324.01,4328.81,1385,23,0
1781511000,4328.81,4330.83,4328.46,4328.77,1271,23,0
1781511300,4328.77,4329.95,4325.97,4328.12,1355,23,0
1781511600,4328.12,4332.95,4327.99,4330.54,1231,23,0
1781511900,4330.55,4331.93,4328.59,4330.23,1164,23,0
1781512200,4330.23,4332.65,4324.86,4327.40,1825,23,0
1781512500,4327.41,4328.11,4319.65,4320.64,1888,23,0
1781512800,4320.64,4320.91,4312.72,4312.76,1876,23,0
1781513100,4312.77,4316.20,4309.58,4314.03,1766,23,0
1781513400,4314.01,4314.72,4308.20,4310.43,1704,23,0
1781513700,4310.43,4311.55,4307.49,4310.07,1644,23,0
1781514000,4310.06,4312.76,4309.70,4311.94,1889,23,0
1781514300,4311.94,4313.33,4303.75,4305.16,2057,23,0
1781514600,4305.21,4308.80,4302.92,4308.77,1858,23,0
1781514900,4308.75,4309.37,4303.75,4304.64,1787,23,0
1781515200,4304.61,4308.14,4303.03,4307.20,1779,23,0
1781515500,4307.16,4309.35,4303.68,4305.11,1739,23,0
1781515800,4305.07,4307.03,4302.89,4306.31,1797,23,0
1781516100,4306.31,4307.03,4302.67,4303.06,1757,23,0
1781516400,4303.06,4306.71,4300.90,4306.41,1829,23,0
1781516700,4306.43,4307.79,4304.17,4307.58,1405,23,0
1781517000,4307.56,4307.99,4305.28,4307.55,1534,23,0
1781517300,4307.55,4309.76,4307.03,4308.13,1492,23,0
1781517600,4308.13,4310.68,4305.31,4310.41,1735,23,0
1781517900,4310.36,4312.98,4307.81,4312.54,1597,23,0
1781518200,4312.57,4314.26,4310.10,4313.59,1488,23,0
1781518500,4313.66,4315.25,4313.16,4314.28,1536,23,0
1781518800,4314.29,4318.76,4313.31,4316.33,1583,23,0
1781519100,4316.34,4318.17,4315.53,4316.68,1496,23,0
1781519400,4316.69,4316.99,4312.45,4314.08,1755,23,0
1781519700,4314.08,4316.44,4312.02,4316.00,1503,23,0
1781520000,4316.00,4317.41,4314.52,4316.58,1544,23,0
1781520300,4316.58,4317.33,4312.56,4313.36,1473,23,0
1781520600,4313.33,4323.14,4313.07,4323.08,1685,23,0
1781520900,4323.15,4325.27,4320.44,4323.16,1790,23,0
1781521200,4323.14,4329.20,4321.71,4328.26,1704,23,0
1781521500,4328.26,4329.18,4325.91,4328.96,1673,23,0
1781521800,4328.95,4329.43,4324.27,4329.00,1590,23,0
1781522100,4329.03,4331.10,4327.66,4329.57,1688,23,0
1781522400,4329.54,4331.80,4328.54,4328.84,1628,23,0
1781522700,4328.79,4332.69,4327.29,4328.54,1647,23,0
1781523000,4328.57,4343.53,4327.88,4343.40,1831,23,0
1781523300,4343.40,4345.28,4341.19,4342.94,1790,23,0
1781523600,4342.95,4345.06,4340.69,4340.98,1530,23,0
1781523900,4340.97,4343.01,4337.51,4337.96,1617,23,0
1781524200,4337.96,4339.23,4334.70,4339.14,1430,23,0
1781524500,4339.15,4339.17,4334.12,4334.21,1326,23,0
1781524800,4334.21,4341.40,4334.21,4341.40,1693,23,0
1781525100,4341.40,4343.15,4339.20,4340.22,1542,23,0
1781525400,4340.22,4340.88,4337.24,4340.08,1486,23,0
1781525700,4340.08,4341.75,4337.60,4339.31,1548,23,0
1781526000,4339.34,4343.25,4338.44,4340.65,1561,23,0
1781526300,4340.65,4340.79,4336.49,4338.95,1661,23,0
1781526600,4338.97,4338.97,4334.88,4335.94,1653,23,0
1781526900,4335.94,4340.95,4335.49,4339.63,1404,23,0
1781527200,4339.72,4340.15,4335.26,4335.64,1346,23,0
1781527500,4335.64,4340.74,4335.12,4339.95,1515,23,0
1781527800,4339.99,4340.77,4339.67,4339.73,1252,23,0
1781528100,4339.61,4340.48,4336.56,4336.62,1393,23,0
1781528400,4336.63,4337.56,4335.83,4335.85,1288,23,0
1781528700,4335.85,4340.36,4335.82,4338.08,1317,23,0
1781529000,4338.08,4338.17,4336.30,4337.83,1195,23,0
1781529300,4337.83,4339.15,4337.65,4338.50,1179,23,0
1781529600,4338.50,4338.85,4336.16,4338.30,1175,23,0
1781529900,4338.31,4339.44,4337.79,4338.51,1185,23,0
1781530200,4338.51,4340.33,4337.33,4339.23,1198,23,0
1781530500,4339.21,4340.05,4336.51,4336.64,1135,23,0
1781530800,4336.64,4338.32,4335.29,4337.77,1043,23,0
1781531100,4337.77,4341.47,4337.58,4340.42,1134,23,0
1781531400,4340.40,4340.66,4336.40,4337.30,1294,23,0
1781531700,4337.29,4338.81,4336.77,4338.08,1331,23,0
1781532000,4338.08,4338.89,4336.21,4337.55,1461,23,0
1781532300,4337.54,4339.22,4337.53,4338.46,1214,23,0
1781532600,4338.46,4339.91,4336.90,4337.95,1239,23,0
1781532900,4337.96,4339.79,4336.78,4339.07,1475,23,0
1781533200,4339.12,4340.20,4336.12,4337.79,1309,23,0
1781533500,4337.81,4341.45,4336.46,4341.00,1392,23,0
1781533800,4341.00,4346.68,4340.98,4345.94,1639,23,0
1781534100,4345.94,4346.75,4341.47,4346.66,1441,23,0
1781534400,4346.66,4347.46,4338.13,4338.42,1710,23,0
1781534700,4338.41,4338.52,4331.91,4333.68,1905,23,0
1781535000,4333.67,4336.77,4333.67,4335.92,1668,23,0
1781535300,4335.88,4336.22,4333.86,4335.13,1394,23,0
1781535600,4335.22,4338.64,4334.14,4337.56,1527,23,0
1781535900,4337.56,4338.17,4334.38,4334.52,1439,23,0
1781536200,4334.55,4338.44,4330.54,4331.25,1887,23,0
1781536500,4331.21,4333.14,4324.61,4327.18,2030,23,0
1781536800,4327.12,4335.15,4325.00,4333.02,1975,23,0
1781537100,4333.03,4338.13,4333.03,4337.27,1707,23,0
1781537400,4337.31,4343.46,4335.19,4342.46,1838,23,0
1781537700,4342.45,4346.65,4340.55,4344.26,1795,23,0
1781538000,4344.05,4346.61,4343.24,4344.95,1460,23,0
1781538300,4345.18,4346.87,4343.35,4345.93,1604,23,0
1781538600,4345.93,4349.34,4343.78,4344.24,1675,23,0
1781538900,4344.23,4349.33,4343.86,4348.92,1669,23,0
1781539200,4349.02,4349.04,4342.15,4343.08,2059,23,0
1781539500,4343.07,4346.77,4341.29,4345.24,1823,23,0
1781539800,4345.24,4350.32,4345.24,4349.48,1687,23,0
1781540100,4349.42,4353.88,4349.33,4352.90,1861,23,0
1781540400,4352.93,4355.53,4351.65,4353.71,1922,23,0
1781540700,4353.74,4355.85,4352.82,4353.29,1865,23,0
1781541000,4353.29,4364.85,4352.37,4362.91,2506,23,0
1781541300,4362.92,4366.66,4359.53,4363.23,2385,23,0
1781541600,4363.11,4368.66,4360.48,4363.33,2480,23,0
1781541900,4363.18,4364.57,4359.40,4361.95,2324,23,0
1781542200,4361.97,4362.91,4356.67,4357.63,2268,23,0
1781542500,4357.64,4361.86,4354.41,4355.18,2282,23,0
1781542800,4355.18,4360.51,4354.05,4358.86,2304,23,0
1781543100,4358.86,4369.15,4357.84,4365.92,2419,23,0
1781543400,4365.91,4366.00,4354.46,4357.32,2358,23,0
1781543700,4357.32,4363.02,4357.04,4361.54,2237,23,0
1781544000,4361.55,4361.74,4354.02,4357.47,2154,23,0
1781544300,4357.49,4364.15,4357.08,4363.63,2269,23,0
1781544600,4363.64,4365.03,4356.66,4357.23,2153,23,0
1781544900,4357.26,4359.97,4353.91,4357.27,2062,23,0
1781545200,4357.28,4358.75,4354.67,4356.91,2206,23,0
1781545500,4357.00,4362.83,4355.48,4362.02,2055,23,0
1781545800,4361.86,4363.61,4359.01,4361.52,2075,23,0
1781546100,4361.52,4362.21,4356.55,4356.77,2022,23,0
1781546400,4356.73,4357.20,4351.52,4354.86,2162,23,0
1781546700,4354.87,4359.23,4353.09,4354.22,2038,23,0
1781547000,4354.20,4354.32,4349.62,4351.09,2054,23,0
1781547300,4351.06,4356.03,4350.41,4351.51,1964,23,0
1781547600,4351.47,4357.30,4350.17,4356.34,1837,23,0
1781547900,4356.34,4358.20,4353.28,4354.06,1803,23,0
1781548200,4354.06,4354.72,4349.86,4352.74,1933,23,0
1781548500,4352.75,4355.30,4352.16,4354.67,1914,23,0
1781548800,4354.67,4359.74,4353.77,4357.50,1969,23,0
1781549100,4357.50,4360.72,4356.84,4356.86,1908,23,0
1781549400,4356.85,4357.55,4354.95,4356.58,1805,23,0
1781549700,4356.59,4358.80,4356.14,4356.20,1822,23,0
1781550000,4356.22,4357.25,4354.65,4357.07,1764,23,0
1781550300,4357.07,4358.67,4352.18,4352.23,1569,23,0
1781550600,4352.24,4352.74,4349.17,4351.65,1602,23,0
1781550900,4351.65,4352.52,4343.86,4346.00,1804,23,0
1781551200,4345.83,4346.54,4340.05,4340.06,1938,23,0
1781551500,4340.05,4344.36,4339.25,4342.98,1727,23,0
1781551800,4342.96,4343.06,4338.47,4340.68,1630,23,0
1781552100,4340.68,4341.55,4337.72,4338.95,1505,23,0
1781552400,4338.97,4340.98,4336.21,4336.22,1678,23,0
1781552700,4336.21,4338.45,4335.96,4336.60,1765,23,0
1781553000,4336.60,4338.94,4334.53,4337.95,1728,23,0
1781553300,4337.95,4339.77,4336.14,4339.17,1660,23,0
1781553600,4339.19,4339.19,4333.44,4333.85,1916,23,0
1781553900,4333.85,4335.40,4331.37,4332.33,1786,23,0
1781554200,4332.32,4334.91,4330.75,4333.94,1806,23,0
1781554500,4333.94,4334.84,4330.41,4330.95,1571,23,0
1781554800,4330.92,4331.52,4328.98,4330.92,1711,23,0
1781555100,4330.91,4333.90,4329.45,4329.92,1744,23,0
1781555400,4329.87,4329.88,4325.82,4325.82,1637,23,0
1781555700,4325.78,4327.62,4321.85,4324.29,1833,23,0
1781556000,4324.29,4324.91,4321.14,4322.08,1796,23,0
1781556300,4322.08,4325.30,4321.24,4322.98,1604,23,0
1781556600,4322.97,4323.60,4320.67,4321.52,1509,23,0
1781556900,4321.52,4325.00,4320.82,4324.87,1668,23,0
1781557200,4324.78,4324.98,4318.15,4320.69,1865,23,0
1781557500,4320.66,4321.93,4318.71,4320.73,1673,23,0
1781557800,4320.74,4324.49,4320.52,4324.21,1547,23,0
1781558100,4324.21,4326.02,4322.80,4324.89,1492,23,0
1781558400,4324.91,4327.99,4324.83,4326.64,1488,23,0
1781558700,4326.66,4327.86,4324.12,4324.76,1486,23,0
1781559000,4324.74,4325.22,4321.80,4323.17,1635,23,0
1781559300,4323.18,4325.74,4322.05,4324.99,1486,23,0
1781559600,4324.99,4326.27,4324.31,4324.90,1287,23,0
1781559900,4324.91,4325.37,4324.03,4325.10,1418,23,0
1781560200,4325.10,4327.23,4324.96,4325.87,1381,23,0
1781560500,4325.90,4326.61,4324.94,4325.63,1193,23,0
1781560800,4325.64,4326.66,4321.87,4322.23,1430,23,0
1781561100,4322.22,4323.43,4321.25,4322.08,1420,23,0
1781561400,4322.08,4323.15,4320.84,4322.48,1410,23,0
1781561700,4322.49,4324.41,4322.35,4324.03,1454,23,0
1781562000,4324.04,4324.54,4321.06,4323.39,1367,23,0
1781562300,4323.40,4323.83,4320.84,4321.39,1303,23,0
1781562600,4321.39,4323.73,4321.39,4322.52,1594,23,0
1781562900,4322.61,4322.68,4319.40,4320.76,1568,23,0
1781563200,4320.75,4321.01,4318.19,4319.10,1438,23,0
1781563500,4319.10,4319.98,4317.77,4318.38,1577,23,0
1781563800,4318.40,4320.48,4316.61,4319.96,1726,23,0
1781564100,4319.96,4320.85,4318.79,4320.70,1740,23,0
1781564400,4320.71,4322.05,4319.28,4319.54,1209,23,0
1781564700,4319.53,4320.63,4319.00,4319.37,808,23,0
1781565000,4319.38,4319.38,4315.71,4315.93,931,23,0
1781565300,4315.93,4318.51,4314.38,4317.76,906,23,0
1781565600,4317.76,4317.82,4312.04,4312.48,1043,23,0
1781565900,4312.48,4314.23,4310.68,4312.73,878,23,0
1781566200,4312.71,4312.96,4310.73,4311.14,788,28,0
1781566500,4311.17,4312.42,4310.18,4311.76,819,28,0
1781566800,4311.76,4312.36,4308.27,4309.70,883,28,0
1781567100,4309.70,4310.54,4308.55,4309.96,859,28,0
1781567400,4309.96,4310.41,4306.51,4307.76,837,28,0
1781567700,4307.76,4308.83,4306.43,4308.72,467,28,0
1781571600,4310.41,4313.45,4308.97,4313.24,1076,28,0
1781571900,4313.28,4315.23,4312.13,4313.29,795,28,0
1781572200,4313.27,4313.86,4308.94,4309.96,1159,28,0
1781572500,4309.93,4311.55,4306.62,4310.75,1216,28,0
1781572800,4310.75,4313.24,4307.52,4307.54,1015,28,0
1781573100,4307.53,4309.83,4305.89,4308.40,1176,28,0
1781573400,4308.42,4311.44,4306.72,4309.75,1123,23,0
1781573700,4309.79,4311.16,4309.79,4311.07,1073,23,0
1781574000,4311.08,4314.32,4310.67,4312.25,983,23,0
1781574300,4312.24,4312.57,4311.13,4311.14,843,23,0
1781574600,4311.02,4314.30,4310.59,4313.50,1120,23,0
1781574900,4313.49,4314.28,4311.63,4311.92,1037,23,0
1781575200,4311.92,4316.36,4311.88,4315.51,980,23,0
1781575500,4315.51,4316.41,4313.88,4314.27,1120,23,0
1781575800,4314.30,4316.12,4313.18,4313.37,1121,23,0
1781576100,4313.39,4314.88,4311.39,4312.73,1022,23,0
1781576400,4312.74,4314.50,4312.69,4313.90,1091,23,0
1781576700,4313.90,4315.61,4313.90,4315.53,875,23,0
1781577000,4315.53,4316.36,4314.73,4316.23,865,23,0
1781577300,4316.25,4319.20,4314.73,4315.17,1210,23,0
1781577600,4315.18,4318.58,4313.53,4318.29,1113,23,0
1781577900,4318.29,4318.52,4313.23,4317.31,1438,23,0
1781578200,4317.31,4319.06,4316.58,4318.54,1075,23,0
1781578500,4318.55,4318.93,4314.83,4315.61,1262,23,0
1781578800,4315.61,4318.26,4313.38,4315.59,2175,23,0
1781579100,4315.59,4317.19,4315.12,4316.68,1456,23,0
1781579400,4316.67,4317.30,4313.28,4313.47,1279,23,0
1781579700,4313.46,4315.71,4310.01,4311.56,1683,23,0
1781580000,4311.56,4312.11,4308.11,4308.93,1980,23,0
1781580300,4308.92,4310.28,4306.86,4308.24,1752,23,0
1781580600,4308.22,4311.53,4307.88,4310.74,2114,23,0
1781580900,4310.71,4313.63,4309.58,4311.97,1855,23,0
1781581200,4311.96,4312.11,4310.04,4310.98,1730,23,0
1781581500,4310.98,4312.80,4310.62,4312.21,1632,23,0
1781581800,4312.21,4313.94,4311.46,4313.42,1867,23,0
1781582100,4313.42,4320.74,4313.42,4319.17,1987,23,0
1781582400,4319.18,4325.87,4316.63,4322.18,2918,23,0
1781582700,4322.15,4322.15,4315.56,4318.82,2938,23,0
1781583000,4318.82,4323.06,4318.33,4319.78,2531,23,0
1781583300,4319.78,4321.54,4318.71,4319.12,2137,23,0
1781583600,4319.13,4321.94,4316.33,4319.08,2416,23,0
1781583900,4319.08,4323.98,4317.78,4319.31,2598,23,0
1781584200,4319.33,4320.35,4314.53,4315.51,2627,23,0
1781584500,4315.51,4318.73,4313.58,4317.63,2237,23,0
1781584800,4317.63,4318.42,4313.33,4314.92,2043,23,0
1781585100,4314.92,4319.33,4313.91,4317.64,1960,23,0
1781585400,4317.64,4317.65,4312.90,4313.97,1967,23,0
1781585700,4313.97,4314.10,4312.11,4313.50,2001,23,0
1781586000,4313.50,4314.06,4310.34,4310.36,1869,23,0
1781586300,4310.35,4312.41,4307.58,4311.41,2185,23,0
1781586600,4311.42,4311.78,4309.05,4309.59,1820,23,0
1781586900,4309.58,4311.79,4308.25,4310.72,1399,23,0
1781587200,4310.72,4311.91,4310.05,4310.22,1137,23,0
1781587500,4310.22,4312.95,4310.13,4312.66,913,23,0
1781587800,4312.65,4318.23,4312.57,4317.83,1958,23,0
1781588100,4317.83,4318.26,4313.33,4313.61,1778,23,0
1781588400,4313.63,4313.63,4309.64,4312.03,1753,23,0
1781588700,4312.03,4313.92,4311.21,4312.09,1493,23,0
1781589000,4312.08,4317.17,4311.59,4316.08,1838,23,0
1781589300,4316.08,4320.84,4315.05,4318.72,1871,23,0
1781589600,4318.74,4319.69,4317.20,4318.79,1692,23,0
1781589900,4318.76,4320.44,4317.26,4317.50,1603,23,0
1781590200,4317.51,4320.94,4317.50,4318.60,1549,23,0
1781590500,4318.60,4319.88,4315.45,4317.87,1565,23,0
1781590800,4317.81,4319.56,4316.21,4319.56,1650,23,0
1781591100,4319.56,4322.61,4319.53,4321.23,1657,23,0
1781591400,4321.22,4325.10,4319.82,4325.08,1671,23,0
1781591700,4325.07,4327.86,4324.49,4327.18,1605,23,0
1781592000,4327.17,4332.86,4326.94,4331.88,1555,23,0
1781592300,4331.88,4332.97,4330.12,4331.31,1398,23,0
1781592600,4331.31,4332.20,4328.98,4331.72,1428,23,0
1781592900,4331.72,4333.12,4330.04,4330.46,1359,23,0
1781593200,4330.46,4332.16,4329.20,4329.24,1321,23,0
1781593500,4329.24,4330.72,4328.23,4328.34,1240,23,0
1781593800,4328.36,4328.51,4325.65,4326.99,1356,23,0
1781594100,4326.99,4327.73,4324.62,4326.18,1272,23,0
1781594400,4326.19,4327.02,4324.68,4324.83,1163,23,0
1781594700,4324.83,4324.92,4322.13,4322.91,1127,23,0
1781595000,4322.91,4324.62,4321.79,4323.63,1502,23,0
1781595300,4323.63,4325.24,4322.57,4324.08,1403,23,0
1781595600,4324.08,4325.27,4323.13,4323.15,1186,23,0
1781595900,4323.16,4323.80,4321.90,4323.41,1308,23,0
1781596200,4323.41,4323.71,4321.23,4321.75,1332,23,0
1781596500,4321.76,4323.61,4321.66,4322.49,1123,23,0
1781596800,4322.50,4326.37,4322.21,4325.19,1650,23,0
1781597100,4325.20,4329.08,4324.45,4328.41,1507,23,0
1781597400,4328.41,4329.10,4325.94,4326.31,1181,23,0
1781597700,4326.31,4327.89,4325.85,4326.74,1019,23,0
1781598000,4326.75,4326.99,4325.04,4325.57,1226,23,0
1781598300,4325.56,4327.38,4324.57,4327.26,1175,23,0
1781598600,4327.24,4330.80,4320.81,4321.87,2743,23,0
1781598900,4321.86,4324.69,4316.85,4316.85,2333,23,0
1781599200,4316.88,4318.63,4316.00,4317.66,2286,23,0
1781599500,4317.67,4319.58,4316.30,4317.96,2190,23,0
1781599800,4317.97,4321.07,4317.97,4319.43,1967,23,0
1781600100,4319.41,4320.75,4314.34,4315.90,1953,23,0
1781600400,4315.90,4317.71,4313.50,4317.48,2165,23,0
1781600700,4317.45,4318.35,4314.68,4316.96,1819,23,0
1781601000,4316.97,4319.62,4315.95,4318.60,1903,23,0
1781601300,4318.59,4318.63,4315.39,4317.34,1747,23,0
1781601600,4317.33,4318.28,4314.34,4314.81,1849,23,0
1781601900,4314.83,4317.96,4314.46,4316.56,1718,23,0
1781602200,4316.59,4319.69,4314.09,4318.40,2021,23,0
1781602500,4318.41,4320.19,4317.14,4317.50,1996,23,0
1781602800,4317.50,4318.15,4315.54,4316.30,1756,23,0
1781603100,4316.30,4319.02,4316.06,4318.06,1921,23,0
1781603400,4318.05,4320.11,4317.01,4319.30,1756,23,0
1781603700,4319.30,4324.31,4319.07,4323.88,1855,23,0
1781604000,4323.88,4326.88,4322.58,4326.84,1707,23,0
1781604300,4326.84,4328.46,4325.70,4326.79,1658,23,0
1781604600,4326.79,4328.42,4325.65,4326.08,1579,23,0
1781604900,4326.09,4327.98,4325.62,4327.80,1683,23,0
1781605200,4327.81,4327.89,4324.26,4324.83,1632,23,0
1781605500,4324.82,4329.53,4324.18,4328.78,1765,23,0
1781605800,4328.78,4332.64,4328.14,4328.69,1994,23,0
1781606100,4328.69,4330.51,4326.15,4330.48,1798,23,0
1781606400,4330.47,4331.44,4327.33,4327.61,1667,23,0
1781606700,4327.62,4329.81,4326.51,4327.93,1702,23,0
1781607000,4327.93,4333.32,4327.85,4331.74,1681,23,0
1781607300,4331.72,4335.53,4331.67,4335.11,2050,23,0
1781607600,4335.11,4335.50,4332.77,4334.85,2054,23,0
1781607900,4334.85,4339.10,4333.91,4339.10,1872,23,0
1781608200,4339.10,4340.10,4336.87,4337.83,1795,23,0
1781608500,4337.86,4341.87,4337.60,4339.02,1793,23,0
1781608800,4339.03,4340.41,4337.88,4338.05,1708,23,0
1781609100,4338.04,4343.52,4338.04,4341.24,1895,23,0
1781609400,4341.24,4343.14,4339.63,4341.44,1787,23,0
1781609700,4341.45,4343.40,4339.13,4340.72,1626,23,0
1781610000,4340.73,4345.08,4339.99,4343.37,1626,23,0
1781610300,4343.37,4344.15,4341.87,4342.67,1677,23,0
1781610600,4342.68,4345.19,4340.84,4344.29,1774,23,0
1781610900,4344.29,4347.92,4343.89,4346.94,1429,23,0
1781611200,4346.94,4347.61,4344.09,4344.92,1664,23,0
1781611500,4344.92,4348.27,4344.02,4347.15,1767,23,0
1781611800,4347.17,4347.90,4345.44,4346.10,1528,23,0
1781612100,4346.10,4346.30,4342.58,4342.66,1649,23,0
1781612400,4342.66,4342.79,4340.00,4341.24,1555,23,0
1781612700,4341.24,4341.27,4338.39,4339.88,1501,23,0
1781613000,4339.88,4344.81,4339.37,4344.69,1738,23,0
1781613300,4344.68,4346.26,4343.91,4346.13,1403,23,0
1781613600,4346.14,4346.20,4341.77,4342.01,1479,23,0
1781613900,4342.02,4343.99,4340.26,4343.99,1521,23,0
1781614200,4344.02,4348.28,4344.02,4348.14,1245,23,0
1781614500,4348.15,4348.22,4345.11,4345.21,1366,23,0
1781614800,4345.21,4345.45,4343.08,4343.73,1546,23,0
1781615100,4343.73,4345.64,4343.64,4345.63,1204,23,0
1781615400,4345.63,4346.57,4344.16,4345.94,1177,23,0
1781615700,4345.94,4346.49,4344.23,4344.36,1061,23,0
1781616000,4344.36,4346.26,4343.66,4345.94,1277,23,0
1781616300,4345.95,4346.64,4344.06,4344.28,1253,23,0
1781616600,4344.28,4345.02,4342.87,4342.92,1282,23,0
1781616900,4342.92,4345.61,4342.20,4345.06,1348,23,0
1781617200,4345.06,4346.70,4344.60,4346.66,1244,23,0
1781617500,4346.65,4347.83,4346.47,4346.66,1285,23,0
1781617800,4346.66,4348.77,4346.61,4347.39,1309,23,0
1781618100,4347.40,4348.92,4346.66,4348.86,1388,23,0
1781618400,4348.86,4349.27,4344.18,4344.23,1772,23,0
1781618700,4344.23,4345.07,4339.99,4340.49,1720,23,0
1781619000,4340.47,4342.38,4339.53,4341.60,1732,23,0
1781619300,4341.60,4341.94,4338.71,4340.69,1600,23,0
1781619600,4340.69,4340.88,4338.62,4340.83,1433,23,0
1781619900,4340.83,4343.42,4340.13,4341.98,1556,23,0
1781620200,4341.98,4342.20,4338.16,4340.71,1725,23,0
1781620500,4340.61,4340.75,4335.08,4338.78,2152,23,0
1781620800,4338.77,4339.99,4337.78,4338.92,1844,23,0
1781621100,4338.92,4341.40,4336.83,4337.26,1626,23,0
1781621400,4337.29,4341.20,4336.81,4339.85,1580,23,0
1781621700,4339.85,4341.56,4337.46,4340.94,1701,23,0
1781622000,4340.93,4342.18,4338.67,4338.81,2047,23,0
1781622300,4338.79,4344.90,4338.16,4343.00,1969,23,0
1781622600,4343.00,4345.56,4342.12,4344.58,1616,23,0
1781622900,4344.58,4345.02,4340.25,4341.50,1650,23,0
1781623200,4341.46,4343.25,4337.35,4341.98,2273,23,0
1781623500,4341.98,4343.73,4339.24,4343.70,1824,23,0
1781623800,4343.71,4347.06,4341.58,4344.44,2249,23,0
1781624100,4344.53,4347.15,4342.80,4346.95,2074,23,0
1781624400,4346.95,4349.65,4345.41,4349.47,2201,23,0
1781624700,4349.47,4350.68,4348.52,4349.04,2022,23,0
1781625000,4349.03,4354.74,4348.81,4350.96,2320,23,0
1781625300,4350.96,4354.84,4350.96,4354.64,1857,23,0
1781625600,4354.64,4354.79,4347.14,4347.32,2827,23,0
1781625900,4347.29,4348.63,4343.21,4343.21,2471,23,0
1781626200,4343.23,4346.00,4342.12,4343.71,2467,23,0
1781626500,4343.71,4344.98,4339.48,4340.53,2481,23,0
1781626800,4340.47,4340.53,4333.21,4338.15,2642,23,0
1781627100,4338.15,4339.31,4334.11,4335.09,2486,23,0
1781627400,4335.09,4340.56,4333.69,4338.13,3145,23,0
1781627700,4338.12,4340.23,4336.43,4337.77,2989,23,0
1781628000,4337.80,4339.67,4335.12,4338.96,2896,23,0
1781628300,4338.91,4340.47,4334.27,4337.46,2824,23,0
1781628600,4337.46,4340.27,4334.73,4337.06,2736,23,0
1781628900,4337.05,4337.06,4331.60,4331.72,2794,23,0
1781629200,4331.74,4338.62,4331.49,4338.60,2877,23,0
1781629500,4338.61,4338.70,4333.18,4333.78,2534,23,0
1781629800,4333.78,4336.01,4332.39,4335.45,2485,23,0
1781630100,4335.48,4335.48,4322.49,4323.11,3127,23,0
1781630400,4323.11,4325.90,4321.47,4325.05,3042,23,0
1781630700,4325.05,4325.64,4317.61,4319.63,3204,23,0
1781631000,4319.63,4321.23,4313.23,4317.65,3404,23,0
1781631300,4317.65,4325.68,4317.64,4324.83,3021,23,0
1781631600,4324.82,4328.33,4323.66,4324.41,2809,23,0
1781631900,4324.37,4326.76,4323.03,4325.08,2798,23,0
1781632200,4325.09,4327.31,4323.57,4324.95,2688,23,0
1781632500,4324.95,4325.01,4321.58,4324.00,2878,23,0
1781632800,4323.99,4327.07,4322.34,4323.34,2712,23,0
1781633100,4323.34,4325.92,4322.68,4324.45,2618,23,0
1781633400,4324.44,4326.27,4323.14,4324.55,2326,23,0
1781633700,4324.56,4328.60,4323.83,4325.36,2277,23,0
1781634000,4325.36,4327.56,4321.13,4321.57,2461,23,0
1781634300,4321.53,4326.52,4321.25,4325.80,2479,23,0
1781634600,4325.79,4327.32,4324.01,4326.35,2363,23,0
1781634900,4326.32,4328.73,4322.97,4325.82,2700,23,0
1781635200,4325.83,4327.02,4323.52,4326.65,2327,23,0
1781635500,4326.63,4326.69,4322.09,4325.43,2619,23,0
1781635800,4325.43,4338.36,4324.66,4338.00,2874,23,0
1781636100,4337.99,4343.39,4335.20,4335.22,3113,23,0
1781636400,4335.24,4339.14,4334.88,4337.56,2587,23,0
1781636700,4337.55,4344.10,4337.47,4341.87,2548,23,0
1781637000,4341.88,4346.95,4341.09,4345.91,2401,23,0
1781637300,4345.91,4346.79,4343.46,4346.17,2325,23,0
1781637600,4346.17,4346.20,4341.77,4343.18,2155,23,0
1781637900,4343.18,4345.63,4342.40,4344.55,2088,23,0
1781638200,4344.54,4345.11,4340.51,4340.85,2195,23,0
1781638500,4340.85,4344.60,4340.11,4344.31,2212,23,0
1781638800,4344.33,4345.19,4343.42,4344.08,2100,23,0
1781639100,4344.08,4345.76,4343.55,4343.71,2155,23,0
1781639400,4343.70,4346.41,4341.48,4341.50,2166,23,0
1781639700,4341.52,4342.40,4340.03,4340.58,1929,23,0
1781640000,4340.58,4340.59,4338.13,4339.53,1961,23,0
1781640300,4339.54,4341.15,4338.76,4339.81,1755,23,0
1781640600,4339.81,4339.90,4334.21,4335.61,2076,23,0
1781640900,4335.61,4335.99,4330.57,4331.22,2079,23,0
1781641200,4331.23,4331.65,4325.35,4328.39,2607,23,0
1781641500,4328.37,4334.94,4327.97,4334.70,2512,23,0
1781641800,4334.70,4337.99,4334.18,4337.37,2187,23,0
1781642100,4337.36,4340.01,4336.09,4336.87,2184,23,0
1781642400,4336.87,4339.38,4336.38,4338.50,2081,23,0
1781642700,4338.51,4338.52,4335.95,4337.32,1796,23,0
1781643000,4337.31,4340.46,4336.79,4339.38,1783,23,0
1781643300,4339.38,4340.53,4338.85,4340.26,1832,23,0
1781643600,4340.27,4342.71,4339.65,4340.77,2015,23,0
1781643900,4340.77,4341.12,4339.13,4340.38,1801,23,0
1781644200,4340.38,4342.57,4340.38,4341.73,1901,23,0
1781644500,4341.73,4342.33,4339.44,4340.11,1923,23,0
1781644800,4340.11,4340.95,4339.06,4339.79,1965,23,0
1781645100,4339.81,4341.59,4339.23,4341.37,1832,23,0
1781645400,4341.37,4342.76,4339.99,4340.31,1786,23,0
1781645700,4340.32,4341.03,4338.55,4338.61,1844,23,0
1781646000,4338.60,4339.63,4338.33,4338.82,1656,23,0
1781646300,4338.82,4340.04,4336.51,4336.55,1469,23,0
1781646600,4336.55,4338.63,4336.16,4338.09,1485,23,0
1781646900,4338.08,4339.48,4337.49,4338.48,1558,23,0
1781647200,4338.48,4342.61,4337.81,4341.90,1976,23,0
1781647500,4341.91,4342.85,4340.78,4341.00,2035,23,0
1781647800,4341.00,4341.32,4339.00,4339.15,1958,23,0
1781648100,4339.14,4339.29,4336.51,4338.85,2146,23,0
1781648400,4338.86,4340.86,4338.36,4339.94,2070,23,0
1781648700,4339.94,4341.10,4339.51,4339.51,1985,23,0
1781649000,4339.51,4340.01,4338.70,4339.14,2067,23,0
1781649300,4339.15,4339.61,4337.48,4337.65,2208,23,0
1781649600,4337.65,4339.21,4336.90,4338.56,2064,23,0
1781649900,4338.55,4339.70,4337.21,4337.72,2035,23,0
1781650200,4337.70,4339.15,4333.47,4333.95,2389,23,0
1781650500,4333.95,4334.20,4330.56,4334.16,2844,23,0
1781650800,4334.07,4334.15,4331.03,4332.51,1618,23,0
1781651100,4332.62,4333.57,4331.83,4332.19,1112,23,0
1781651400,4332.21,4333.19,4331.12,4331.17,1334,23,0
1781651700,4331.17,4333.57,4330.93,4333.39,1111,23,0
1781652000,4333.38,4333.83,4332.38,4333.56,854,23,0
1781652300,4333.55,4334.11,4332.77,4332.79,698,23,0
1781652600,4332.79,4333.42,4331.44,4332.01,942,24,0
1781652900,4332.01,4334.30,4332.01,4334.24,724,28,0
1781653200,4334.25,4334.87,4332.72,4333.48,795,28,0
1781653500,4333.49,4333.49,4330.38,4331.83,945,28,0
1781653800,4331.83,4332.78,4330.59,4331.08,777,28,0
1781654100,4331.08,4331.43,4329.53,4330.91,502,28,0
1781658000,4332.97,4335.69,4330.62,4331.76,957,28,0
1781658300,4331.76,4332.95,4331.20,4332.34,512,28,0
1781658600,4332.34,4332.89,4332.22,4332.28,330,28,0
1781658900,4332.28,4333.07,4329.40,4331.14,724,28,0
1781659200,4331.13,4332.03,4329.05,4329.15,818,28,0
1781659500,4329.14,4331.48,4328.96,4330.14,953,28,0
1781659800,4330.14,4333.03,4330.13,4332.14,754,23,0
1781660100,4332.28,4333.16,4331.29,4332.59,658,23,0
1781660400,4332.60,4333.12,4331.95,4332.70,651,23,0
1781660700,4332.70,4334.37,4332.59,4333.26,520,23,0
1781661000,4333.26,4334.50,4332.14,4334.08,640,23,0
1781661300,4334.08,4336.14,4333.36,4335.42,683,23,0
1781661600,4335.44,4335.44,4334.20,4334.43,540,23,0
1781661900,4334.43,4336.48,4333.91,4335.76,723,23,0
1781662200,4335.76,4338.33,4335.51,4336.58,808,23,0
1781662500,4336.58,4336.92,4335.78,4335.92,358,23,0
1781662800,4335.90,4336.34,4335.75,4336.07,484,23,0
1781663100,4336.05,4336.72,4335.84,4336.07,481,23,0
1781663400,4336.10,4336.51,4334.24,4335.22,643,23,0
1781663700,4335.23,4335.94,4333.16,4333.59,692,23,0
1781664000,4333.59,4334.60,4332.99,4334.57,570,23,0
1781664300,4334.57,4335.03,4332.41,4333.37,893,23,0
1781664600,4333.37,4333.49,4330.87,4332.42,994,23,0
1781664900,4332.42,4332.42,4329.52,4330.88,1009,23,0
1781665200,4330.89,4335.40,4328.50,4334.42,1846,23,0
1781665500,4334.42,4339.01,4333.60,4338.12,1982,23,0
1781665800,4338.10,4340.01,4337.38,4337.63,1756,23,0
1781666100,4337.64,4341.73,4337.64,4339.65,1668,23,0
1781666400,4339.61,4340.06,4337.61,4338.12,1620,23,0
1781666700,4338.12,4338.98,4336.62,4337.31,1316,23,0
1781667000,4337.32,4338.69,4336.39,4338.04,1280,23,0
1781667300,4338.01,4338.90,4334.93,4335.00,1139,23,0
1781667600,4334.99,4336.73,4334.76,4335.36,1079,23,0
1781667900,4335.37,4335.47,4332.21,4333.90,1353,23,0
1781668200,4333.84,4337.85,4332.96,4335.32,1577,23,0
1781668500,4335.35,4337.35,4335.00,4337.08,1489,23,0
1781668800,4337.08,4343.57,4334.38,4341.86,3010,23,0
1781669100,4341.84,4349.64,4340.80,4347.68,2620,23,0
1781669400,4347.68,4349.57,4346.34,4347.64,2196,23,0
1781669700,4347.64,4347.86,4341.65,4342.79,2245,23,0
1781670000,4342.79,4342.79,4339.22,4340.94,2205,23,0
1781670300,4340.94,4343.55,4339.78,4343.40,1856,23,0
1781670600,4343.40,4344.20,4338.23,4339.21,2103,23,0
1781670900,4339.21,4341.55,4338.76,4340.42,1836,23,0
1781671200,4340.45,4341.72,4337.89,4339.55,1704,23,0
1781671500,4339.55,4340.56,4336.92,4337.27,1770,23,0
1781671800,4337.28,4340.77,4337.27,4339.73,1626,23,0
1781672100,4339.73,4343.63,4339.73,4340.88,1700,23,0
1781672400,4340.88,4342.70,4340.17,4340.84,1702,23,0
1781672700,4340.83,4342.68,4339.94,4341.78,1474,23,0
1781673000,4341.78,4344.17,4340.58,4342.21,1622,23,0
1781673300,4342.17,4344.39,4341.23,4342.42,1177,23,0
1781673600,4342.42,4344.00,4339.83,4340.75,1268,23,0
1781673900,4340.75,4341.45,4339.65,4340.59,975,23,0
1781674200,4340.59,4343.77,4339.86,4340.33,1786,23,0
1781674500,4340.33,4341.24,4337.73,4339.28,1769,23,0
1781674800,4339.27,4341.06,4338.58,4338.80,1593,23,0
1781675100,4338.79,4338.88,4331.80,4334.63,2084,23,0
1781675400,4334.63,4336.02,4329.76,4330.03,1785,23,0
1781675700,4330.03,4333.84,4330.02,4331.62,1815,23,0
1781676000,4331.61,4334.05,4330.77,4331.60,1677,23,0
1781676300,4331.64,4334.08,4330.66,4332.65,1565,23,0
1781676600,4332.62,4332.70,4329.44,4330.45,1432,23,0
1781676900,4330.45,4331.89,4328.63,4331.29,1693,23,0
1781677200,4331.27,4332.02,4329.47,4330.14,1563,23,0
1781677500,4330.14,4332.36,4329.15,4331.59,1680,23,0
1781677800,4331.63,4332.82,4331.33,4332.59,1220,23,0
1781678100,4332.58,4333.07,4330.23,4330.67,1045,23,0
1781678400,4330.67,4333.47,4330.55,4333.20,1195,23,0
1781678700,4333.21,4333.52,4332.50,4332.80,944,23,0
1781679000,4332.82,4333.75,4331.48,4332.81,1082,23,0
1781679300,4332.80,4332.89,4330.56,4332.23,1106,23,0
1781679600,4332.24,4332.29,4328.56,4330.06,1297,23,0
1781679900,4330.02,4331.38,4329.24,4330.85,1115,23,0
1781680200,4330.85,4332.11,4330.25,4330.74,942,23,0
1781680500,4330.75,4334.11,4329.62,4332.02,1259,23,0
1781680800,4332.03,4332.09,4327.77,4329.44,1106,23,0
1781681100,4329.43,4329.46,4324.11,4324.55,1381,23,0
1781681400,4324.55,4325.65,4317.67,4318.04,1509,23,0
1781681700,4318.06,4325.24,4318.03,4323.71,1408,23,0
1781682000,4323.71,4324.32,4321.72,4323.10,1071,23,0
1781682300,4323.10,4323.94,4322.50,4323.35,1059,23,0
1781682600,4323.35,4325.55,4322.36,4325.35,1100,23,0
1781682900,4325.34,4326.74,4323.96,4326.74,917,23,0
1781683200,4326.74,4327.80,4325.28,4325.61,1232,23,0
1781683500,4325.61,4327.09,4324.08,4324.54,1134,23,0
1781683800,4324.53,4324.58,4321.36,4322.54,1142,23,0
1781684100,4322.50,4327.40,4321.14,4326.09,1458,23,0
1781684400,4326.08,4326.60,4324.81,4324.88,1170,23,0
1781684700,4324.89,4327.52,4324.35,4327.26,1325,23,0
1781685000,4327.26,4333.17,4327.18,4329.88,2256,23,0
1781685300,4329.87,4330.10,4327.39,4328.45,1645,23,0
1781685600,4328.44,4330.09,4326.91,4329.75,1794,23,0
1781685900,4329.69,4334.12,4329.11,4331.80,1873,23,0
1781686200,4331.81,4332.91,4330.11,4330.11,1647,23,0
1781686500,4330.11,4330.42,4324.44,4326.53,1839,23,0
1781686800,4326.58,4327.98,4324.48,4327.90,1971,23,0
1781687100,4327.91,4330.00,4327.26,4327.61,1746,23,0
1781687400,4327.61,4329.91,4326.72,4329.46,1631,23,0
1781687700,4329.48,4329.48,4323.32,4323.82,2055,23,0
1781688000,4323.82,4325.63,4320.47,4324.10,1848,23,0
1781688300,4324.09,4327.25,4322.60,4324.37,1874,23,0
1781688600,4324.35,4326.33,4322.48,4326.11,1932,23,0
1781688900,4326.10,4326.77,4323.81,4325.87,1726,23,0
1781689200,4325.88,4329.12,4325.40,4327.68,1747,23,0
1781689500,4327.68,4329.58,4326.66,4329.26,1483,23,0
1781689800,4329.25,4330.25,4327.82,4329.36,1447,23,0
1781690100,4329.37,4331.78,4328.53,4331.69,1443,23,0
1781690400,4331.69,4332.85,4330.07,4330.59,1758,23,0
1781690700,4330.59,4332.50,4328.87,4330.65,1549,23,0
1781691000,4330.66,4331.99,4326.99,4327.19,1757,23,0
1781691300,4327.18,4332.74,4326.63,4327.36,1751,23,0
1781691600,4327.43,4330.12,4327.17,4329.01,1575,23,0
1781691900,4328.98,4329.11,4327.08,4329.09,1549,23,0
1781692200,4329.09,4330.08,4325.65,4325.66,1630,23,0
1781692500,4325.68,4331.35,4325.40,4330.99,1338,23,0
1781692800,4330.97,4331.72,4328.55,4328.88,1411,23,0
1781693100,4328.89,4329.45,4326.44,4326.44,1282,23,0
1781693400,4326.45,4328.57,4325.25,4325.26,1439,23,0
1781693700,4325.26,4328.25,4324.67,4325.21,1460,23,0
1781694000,4325.20,4326.82,4323.88,4326.00,1957,23,0
1781694300,4326.00,4327.82,4325.23,4327.10,1737,23,0
1781694600,4327.10,4327.10,4322.15,4322.85,2143,23,0
1781694900,4322.85,4323.61,4319.77,4322.98,2072,23,0
1781695200,4322.97,4324.08,4320.83,4323.98,1803,23,0
1781695500,4323.99,4324.85,4322.21,4323.60,1900,23,0
1781695800,4323.62,4324.33,4319.92,4323.77,1768,23,0
1781696100,4323.76,4324.15,4320.17,4320.19,1493,23,0
1781696400,4320.19,4321.81,4319.13,4320.03,1727,23,0
1781696700,4320.01,4320.30,4317.68,4319.38,1637,23,0
1781697000,4319.37,4324.91,4318.42,4324.53,1614,23,0
1781697300,4324.53,4325.46,4323.26,4324.74,1362,23,0
1781697600,4324.73,4324.92,4321.29,4323.49,1343,23,0
1781697900,4323.48,4324.21,4321.79,4321.93,1418,23,0
1781698200,4321.93,4325.83,4321.44,4325.25,1530,23,0
1781698500,4325.27,4327.61,4325.23,4326.72,1627,23,0
1781698800,4326.72,4328.23,4325.74,4327.22,1457,23,0
1781699100,4327.22,4333.23,4327.21,4331.88,1863,23,0
1781699400,4331.88,4335.57,4328.31,4329.49,1857,23,0
1781699700,4329.48,4331.17,4328.83,4329.02,1337,23,0
1781700000,4329.00,4330.83,4328.25,4328.49,1369,23,0
1781700300,4328.48,4329.00,4326.62,4327.01,1300,23,0
1781700600,4327.01,4328.03,4325.63,4327.00,1273,23,0
1781700900,4326.89,4329.67,4326.50,4329.50,1419,23,0
1781701200,4329.51,4330.09,4328.08,4328.69,1457,23,0
1781701500,4328.71,4330.20,4327.82,4329.41,1632,23,0
1781701800,4329.40,4331.04,4327.68,4330.83,1524,23,0
1781702100,4330.83,4330.96,4327.90,4328.04,1395,23,0
1781702400,4328.06,4328.75,4327.15,4328.50,1350,23,0
1781702700,4328.50,4329.22,4326.64,4328.99,1362,23,0
1781703000,4329.01,4330.47,4327.16,4327.59,1323,23,0
1781703300,4327.59,4330.52,4327.27,4329.60,1342,23,0
1781703600,4329.61,4331.22,4328.18,4330.88,1306,23,0
1781703900,4330.88,4334.26,4330.83,4332.47,1599,23,0
1781704200,4332.48,4335.15,4331.06,4331.17,1563,23,0
1781704500,4331.17,4333.07,4330.76,4331.39,1326,23,0
1781704800,4331.39,4331.92,4328.26,4328.37,1827,23,0
1781705100,4328.33,4330.84,4327.82,4328.36,1654,23,0
1781705400,4328.36,4329.99,4327.85,4329.10,1673,23,0
1781705700,4329.11,4331.75,4328.47,4330.30,1384,23,0
1781706000,4330.30,4330.41,4328.91,4329.02,1490,23,0
1781706300,4329.02,4330.07,4328.02,4328.81,1591,23,0
1781706600,4328.79,4328.98,4325.69,4325.69,1887,23,0
1781706900,4325.60,4326.89,4325.04,4326.66,1514,23,0
1781707200,4326.67,4327.23,4324.37,4325.91,1476,23,0
1781707500,4325.89,4327.15,4323.72,4325.18,1505,23,0
1781707800,4325.20,4326.40,4323.78,4326.29,1425,23,0
1781708100,4326.29,4326.30,4320.93,4323.10,1941,23,0
1781708400,4323.11,4324.83,4321.44,4321.93,1780,23,0
1781708700,4321.93,4324.61,4320.30,4322.76,1797,23,0
1781709000,4322.93,4324.92,4319.80,4323.45,1817,23,0
1781709300,4323.47,4324.27,4321.78,4323.60,1495,23,0
1781709600,4323.62,4327.67,4323.02,4326.89,1786,23,0
1781709900,4326.83,4327.21,4324.05,4324.99,1490,23,0
1781710200,4324.87,4330.53,4323.63,4328.98,2059,23,0
1781710500,4328.98,4332.11,4328.18,4330.56,1728,23,0
1781710800,4330.56,4331.98,4329.63,4331.62,1595,23,0
1781711100,4331.62,4334.82,4331.09,4333.46,1822,23,0
1781711400,4333.46,4335.33,4332.23,4332.39,1446,23,0
1781711700,4332.40,4335.24,4332.17,4333.62,1531,23,0
1781712000,4333.60,4334.35,4328.47,4329.62,2368,23,0
1781712300,4329.58,4330.75,4324.04,4327.55,2493,23,0
1781712600,4327.51,4334.18,4327.34,4331.86,2240,23,0
1781712900,4331.87,4333.66,4330.91,4331.97,1851,23,0
1781713200,4331.97,4338.30,4331.22,4336.29,2181,23,0
1781713500,4336.30,4336.98,4333.79,4335.43,2263,23,0
1781713800,4335.40,4337.44,4332.59,4334.96,2926,23,0
1781714100,4335.00,4340.76,4333.99,4337.71,2894,23,0
1781714400,4337.67,4341.85,4336.86,4341.75,2750,23,0
1781714700,4341.76,4344.32,4340.38,4341.82,2726,23,0
1781715000,4341.77,4345.21,4339.61,4340.37,2652,23,0
1781715300,4340.41,4342.62,4339.32,4339.87,2484,23,0
1781715600,4339.88,4341.17,4335.69,4340.55,2900,23,0
1781715900,4340.55,4346.00,4339.68,4342.59,2820,23,0
1781716200,4342.59,4344.38,4340.08,4342.37,2759,23,0
1781716500,4342.36,4343.49,4341.08,4341.62,2524,23,0
1781716800,4341.63,4362.15,4341.06,4358.22,2775,23,0
1781717100,4358.24,4360.72,4355.26,4360.33,3259,23,0
1781717400,4360.32,4363.87,4358.05,4360.62,3034,23,0
1781717700,4360.61,4361.16,4350.57,4352.09,2879,23,0
1781718000,4352.08,4353.38,4347.34,4351.93,2777,23,0
1781718300,4351.93,4355.32,4332.54,4345.84,3416,23,0
1781718600,4345.87,4352.06,4344.00,4346.89,3316,23,0
1781718900,4346.92,4348.29,4343.43,4344.45,3121,23,0
1781719200,4344.46,4348.33,4343.92,4347.01,3062,23,0
1781719500,4347.02,4348.40,4343.96,4345.07,2936,23,0
1781719800,4344.97,4348.39,4343.88,4348.07,2628,23,0
1781720100,4348.06,4354.32,4346.91,4353.75,3015,23,0
1781720400,4353.77,4359.50,4353.24,4358.97,2691,23,0
1781720700,4358.97,4360.01,4354.41,4355.42,2670,23,0
1781721000,4355.46,4361.13,4354.52,4358.90,2492,23,0
1781721300,4358.90,4359.87,4356.33,4359.64,2193,23,0
1781721600,4359.64,4359.64,4355.95,4358.23,2069,23,0
1781721900,4358.22,4360.06,4357.89,4358.88,2155,23,0
1781722200,4358.89,4360.45,4357.36,4358.84,1989,23,0
1781722500,4358.85,4364.77,4358.81,4363.50,2295,23,0
1781722800,4363.51,4365.69,4362.40,4362.97,2343,23,0
1781723100,4362.91,4364.18,4361.85,4362.60,2146,23,0
1781723400,4362.60,4362.94,4360.64,4362.19,1745,23,0
1781723700,4362.21,4365.37,4360.64,4365.34,1813,23,0
1781724000,4365.33,4366.43,4363.38,4365.26,1834,23,0
1781724300,4365.26,4365.71,4363.71,4365.17,1761,23,0
1781724600,4365.25,4365.25,4361.51,4361.65,1850,23,0
1781724900,4361.67,4361.88,4359.18,4359.58,1820,23,0
1781725200,4359.58,4359.78,4355.12,4357.63,1966,23,0
1781725500,4357.63,4358.46,4356.19,4356.68,1746,23,0
1781725800,4356.68,4358.51,4356.16,4357.25,1553,23,0
1781726100,4357.25,4359.60,4356.76,4359.48,1640,23,0
1781726400,4359.49,4359.55,4355.40,4356.46,2071,23,0
1781726700,4356.41,4359.70,4356.00,4359.35,1960,23,0
1781727000,4359.35,4361.10,4357.45,4358.96,1797,23,0
1781727300,4358.95,4362.95,4357.89,4362.17,1961,23,0
1781727600,4362.17,4363.36,4361.05,4362.11,2145,23,0
1781727900,4362.11,4363.98,4360.37,4361.24,2289,23,0
1781728200,4361.24,4382.27,4360.84,4377.74,2432,23,0
1781728500,4377.74,4378.31,4370.40,4374.43,2617,23,0
1781728800,4374.44,4381.87,4374.37,4376.40,2750,23,0
1781729100,4376.42,4378.71,4374.15,4376.23,2208,23,0
1781729400,4376.23,4382.15,4375.17,4378.10,2405,23,0
1781729700,4378.09,4381.47,4376.98,4379.93,1950,23,0
1781730000,4379.83,4379.83,4316.48,4316.71,4392,23,0
1781730300,4316.48,4319.00,4285.92,4294.96,4422,23,0
1781730600,4294.98,4297.69,4277.27,4284.20,4283,23,0
1781730900,4284.25,4308.33,4283.23,4306.59,4062,23,0
1781731200,4306.58,4308.16,4291.18,4292.55,3869,23,0
1781731500,4292.53,4294.35,4284.95,4292.61,4048,23,0
1781731800,4292.60,4313.04,4269.85,4270.80,4396,23,0
1781732100,4270.94,4311.58,4270.78,4302.48,4416,23,0
1781732400,4302.59,4327.01,4296.53,4323.64,4323,23,0
1781732700,4323.64,4332.21,4314.53,4318.94,4205,23,0
1781733000,4318.87,4324.63,4310.47,4311.00,4033,23,0
1781733300,4310.96,4311.55,4278.68,4286.11,4265,23,0
1781733600,4286.21,4295.31,4271.48,4271.50,4325,23,0
1781733900,4271.51,4279.02,4263.90,4268.74,4236,23,0
1781734200,4268.71,4274.55,4260.54,4264.69,4293,23,0
1781734500,4264.70,4265.28,4241.12,4243.96,4062,23,0
1781734800,4243.95,4246.11,4236.27,4236.27,3984,23,0
1781735100,4236.28,4245.00,4226.53,4227.20,3931,23,0
1781735400,4227.10,4235.62,4220.72,4226.99,4158,23,0
1781735700,4226.91,4231.47,4219.08,4221.73,3995,23,0
1781736000,4221.77,4235.65,4219.06,4229.97,4144,23,0
1781736300,4230.42,4243.27,4229.75,4238.66,4075,23,0
1781736600,4238.65,4246.89,4235.01,4238.26,3948,23,0
1781736900,4238.12,4243.65,4235.25,4235.72,3727,23,0
1781737200,4235.70,4245.85,4235.07,4240.28,3083,23,0
1781737500,4240.47,4254.48,4240.47,4254.15,2864,23,0
1781737800,4254.14,4260.07,4252.95,4257.54,2816,23,0
1781738100,4257.53,4267.46,4254.12,4267.31,2721,23,0
1781738400,4267.30,4269.66,4258.61,4259.80,2780,23,0
1781738700,4259.79,4263.26,4258.11,4258.16,2264,23,0
1781739000,4258.15,4263.08,4258.14,4259.92,2087,23,0
1781739300,4259.93,4265.43,4258.88,4264.15,2039,28,0
1781739600,4264.14,4264.74,4259.55,4260.00,1839,28,0
1781739900,4260.01,4262.34,4258.43,4258.52,1623,28,0
1781740200,4258.52,4260.22,4256.08,4258.10,1615,28,0
1781740500,4258.04,4258.64,4256.30,4257.41,829,28,0
1781744400,4257.54,4259.02,4254.52,4258.18,1559,28,0
1781744700,4258.19,4268.07,4258.18,4266.65,1734,28,0
1781745000,4266.65,4267.86,4261.63,4265.50,1681,28,0
1781745300,4265.61,4269.68,4264.79,4268.33,1464,28,0
1781745600,4268.33,4271.36,4267.81,4269.01,1466,28,0
1781745900,4269.02,4270.05,4265.06,4266.93,1522,28,0
1781746200,4266.94,4268.80,4265.33,4265.69,1280,23,0
1781746500,4265.70,4267.45,4263.48,4266.96,1437,23,0
1781746800,4266.97,4267.34,4263.85,4263.99,806,23,0
1781747100,4264.00,4265.29,4260.55,4264.08,1194,23,0
1781747400,4264.10,4268.55,4263.65,4267.78,1457,23,0
1781747700,4267.78,4270.85,4266.43,4266.77,1352,23,0
1781748000,4266.76,4267.14,4264.21,4264.88,1213,23,0
1781748300,4264.88,4274.13,4264.54,4273.98,1382,23,0
1781748600,4273.98,4282.39,4273.43,4281.81,1781,23,0
1781748900,4281.84,4282.94,4275.55,4276.63,1960,23,0
1781749200,4276.63,4283.56,4276.60,4278.26,1641,23,0
1781749500,4278.26,4283.89,4277.51,4280.03,1592,23,0
1781749800,4280.03,4282.69,4277.82,4280.58,1812,23,0
1781750100,4280.58,4280.84,4274.58,4274.69,1350,23,0
1781750400,4274.70,4276.38,4268.02,4276.17,1940,23,0
1781750700,4276.14,4279.43,4273.29,4273.70,1962,23,0
1781751000,4273.70,4276.99,4272.37,4275.86,1627,23,0
1781751300,4275.83,4278.20,4273.38,4277.97,1676,23,0
1781751600,4277.99,4292.39,4276.55,4292.21,2814,23,0
1781751900,4292.21,4298.54,4291.63,4293.11,2675,23,0
1781752200,4293.14,4299.20,4292.20,4297.43,2567,23,0
1781752500,4297.43,4300.33,4295.89,4296.52,2460,23,0
1781752800,4296.56,4301.21,4295.74,4296.61,2344,23,0
1781753100,4296.61,4301.12,4294.69,4300.59,2383,23,0
1781753400,4300.57,4309.04,4299.79,4306.67,2645,23,0
1781753700,4306.67,4309.61,4303.12,4305.52,2145,23,0
1781754000,4305.52,4311.62,4304.54,4310.96,2023,23,0
1781754300,4310.96,4314.06,4308.22,4313.74,2253,23,0
1781754600,4313.74,4315.27,4311.55,4314.39,2326,23,0
1781754900,4314.38,4314.59,4308.51,4308.51,2390,23,0
1781755200,4308.50,4328.19,4307.04,4321.53,3670,23,0
1781755500,4321.52,4324.97,4319.11,4321.44,2910,23,0
1781755800,4321.41,4328.52,4320.75,4322.99,2809,23,0
1781756100,4323.00,4323.58,4315.64,4317.49,2438,23,0
1781756400,4317.46,4323.41,4315.19,4319.62,2408,23,0
1781756700,4319.63,4321.69,4317.90,4319.08,2208,23,0
1781757000,4319.12,4321.49,4317.04,4317.92,2553,23,0
1781757300,4317.91,4322.04,4317.17,4320.11,2328,23,0
1781757600,4320.15,4325.13,4318.02,4322.51,2282,23,0
1781757900,4322.50,4326.09,4319.66,4321.23,2153,23,0
1781758200,4321.24,4321.58,4317.24,4318.65,2129,23,0
1781758500,4318.64,4319.98,4317.63,4317.81,2067,23,0
1781758800,4317.80,4322.16,4316.37,4321.93,2088,23,0
1781759100,4321.92,4326.51,4319.16,4325.29,2199,23,0
1781759400,4325.23,4329.82,4324.77,4327.08,2073,23,0
1781759700,4327.08,4329.66,4326.04,4326.50,1697,23,0
1781760000,4326.50,4327.19,4324.49,4325.56,1594,23,0
1781760300,4325.56,4326.02,4323.42,4324.38,1461,23,0
1781760600,4324.38,4325.40,4320.90,4323.03,2315,23,0
1781760900,4323.01,4323.42,4317.38,4321.50,2276,23,0
1781761200,4321.51,4323.19,4316.22,4316.46,2356,23,0
1781761500,4316.46,4318.85,4311.99,4313.18,2373,23,0
1781761800,4313.17,4315.75,4311.56,4313.79,2092,23,0
1781762100,4313.79,4315.03,4310.43,4310.94,2169,23,0
1781762400,4310.94,4312.39,4309.10,4312.16,2325,23,0
1781762700,4312.16,4316.36,4311.73,4312.74,1976,23,0
1781763000,4312.76,4313.40,4309.90,4311.65,1655,23,0
1781763300,4311.65,4315.34,4310.72,4314.93,1896,23,0
1781763600,4314.93,4316.81,4313.33,4316.04,1867,23,0
1781763900,4316.01,4316.58,4312.82,4314.68,1914,23,0
1781764200,4314.68,4320.60,4313.71,4319.51,1732,23,0
1781764500,4319.60,4322.59,4318.25,4320.77,1592,23,0
1781764800,4320.76,4321.91,4318.01,4318.95,1389,23,0
1781765100,4318.96,4320.79,4318.05,4318.17,1098,23,0
1781765400,4318.16,4319.44,4316.73,4318.38,1217,23,0
1781765700,4318.38,4320.37,4317.48,4319.68,1185,23,0
1781766000,4319.69,4323.97,4319.24,4320.62,1344,23,0
1781766300,4320.63,4320.88,4316.33,4317.01,1272,23,0
1781766600,4317.01,4318.38,4314.70,4317.33,1247,23,0
1781766900,4317.37,4319.02,4315.36,4315.36,1230,23,0
1781767200,4315.38,4315.45,4311.64,4313.32,1439,23,0
1781767500,4313.32,4314.94,4312.17,4313.66,1263,23,0
1781767800,4313.66,4317.43,4312.83,4316.50,1300,23,0
1781768100,4316.50,4318.28,4312.29,4312.59,1595,23,0
1781768400,4312.59,4313.73,4309.88,4309.94,1599,23,0
1781768700,4310.01,4315.22,4309.77,4314.79,1721,23,0
1781769000,4314.79,4316.24,4313.67,4315.53,1418,23,0
1781769300,4315.52,4317.26,4315.03,4315.99,1322,23,0
1781769600,4315.80,4317.17,4312.31,4315.03,1692,23,0
1781769900,4315.03,4318.19,4314.39,4317.64,1517,23,0
1781770200,4317.64,4318.27,4314.88,4315.97,1478,23,0
1781770500,4315.97,4322.59,4315.62,4321.37,1565,23,0
1781770800,4321.36,4321.63,4318.94,4319.16,1481,23,0
1781771100,4319.17,4323.24,4318.78,4323.16,1606,23,0
1781771400,4323.15,4324.65,4319.27,4322.59,2445,23,0
1781771700,4322.60,4323.96,4316.55,4316.58,2089,23,0
1781772000,4316.57,4318.14,4309.57,4310.49,2272,23,0
1781772300,4310.46,4311.67,4302.27,4302.98,2921,23,0
1781772600,4302.99,4310.09,4301.23,4307.97,2568,23,0
1781772900,4307.99,4309.98,4307.04,4308.06,2293,23,0
1781773200,4308.06,4309.87,4306.37,4307.15,2464,23,0
1781773500,4307.08,4307.22,4296.59,4301.19,2714,23,0
1781773800,4301.19,4301.21,4296.23,4298.91,2791,23,0
1781774100,4298.90,4302.21,4296.44,4298.72,2459,23,0
1781774400,4298.71,4305.36,4298.51,4303.37,2461,23,0
1781774700,4303.37,4305.06,4300.13,4305.04,2227,23,0
1781775000,4305.02,4305.38,4302.85,4303.69,2161,23,0
1781775300,4303.68,4303.70,4299.35,4301.03,2109,23,0
1781775600,4301.04,4302.32,4299.14,4301.47,1993,23,0
1781775900,4301.47,4307.49,4301.16,4304.34,2177,23,0
1781776200,4304.33,4305.56,4303.13,4305.54,2121,23,0
1781776500,4305.54,4307.08,4303.77,4306.53,2161,23,0
1781776800,4306.52,4307.58,4302.98,4304.02,2462,23,0
1781777100,4304.02,4305.66,4300.30,4305.00,2105,23,0
1781777400,4305.00,4309.14,4304.25,4307.10,1953,23,0
1781777700,4307.10,4309.42,4305.85,4307.35,1944,23,0
1781778000,4307.35,4309.09,4304.60,4304.61,1924,23,0
1781778300,4304.60,4307.80,4303.94,4307.72,1699,23,0
1781778600,4307.70,4307.70,4295.81,4298.50,2129,23,0
1781778900,4298.48,4299.28,4293.75,4294.38,2173,23,0
1781779200,4294.39,4298.00,4293.27,4297.66,1977,23,0
1781779500,4297.66,4298.74,4295.03,4295.54,1962,23,0
1781779800,4295.51,4296.37,4291.29,4291.91,2005,23,0
1781780100,4292.00,4293.55,4287.43,4288.63,2080,23,0
1781780400,4288.61,4292.03,4285.59,4290.42,2330,23,0
1781780700,4290.43,4292.80,4288.73,4291.26,2247,23,0
1781781000,4291.26,4292.08,4284.08,4287.03,2067,23,0
1781781300,4287.05,4289.99,4285.93,4288.20,2058,23,0
1781781600,4288.19,4289.06,4285.92,4286.87,1657,23,0
1781781900,4286.90,4288.44,4284.00,4284.76,1934,23,0
1781782200,4284.80,4289.75,4283.38,4285.49,2041,23,0
1781782500,4285.49,4288.17,4281.15,4285.38,1964,23,0
1781782800,4285.38,4286.04,4281.10,4281.62,1957,23,0
1781783100,4281.64,4281.71,4277.32,4279.21,2264,23,0
1781783400,4279.21,4279.28,4273.96,4277.35,2148,23,0
1781783700,4277.36,4277.36,4265.56,4266.69,2602,23,0
1781784000,4266.67,4269.36,4261.35,4268.85,2708,23,0
1781784300,4268.84,4269.10,4265.35,4266.09,2060,23,0
1781784600,4266.07,4267.71,4259.60,4267.71,2269,23,0
1781784900,4267.71,4272.56,4266.19,4272.24,1984,23,0
1781785200,4272.26,4273.16,4267.15,4267.38,1922,23,0
1781785500,4267.37,4269.86,4265.41,4266.29,1913,23,0
1781785800,4266.29,4268.26,4264.73,4265.47,2257,23,0
1781786100,4265.47,4268.98,4263.40,4267.33,1973,23,0
1781786400,4267.30,4268.55,4265.90,4268.51,1895,23,0
1781786700,4268.50,4269.90,4267.28,4269.12,1637,23,0
1781787000,4269.13,4273.27,4268.42,4270.37,1979,23,0
1781787300,4270.39,4271.62,4267.73,4268.68,1967,23,0
1781787600,4268.62,4269.96,4265.35,4268.13,2113,23,0
1781787900,4268.13,4269.45,4262.63,4264.32,2250,23,0
1781788200,4264.31,4268.80,4261.87,4268.07,2159,23,0
1781788500,4268.08,4270.24,4267.22,4269.78,1848,23,0
1781788800,4269.79,4272.74,4263.78,4265.92,2142,23,0
1781789100,4265.88,4269.68,4263.65,4269.42,1681,23,0
1781789400,4269.45,4270.83,4264.84,4265.82,1784,23,0
1781789700,4265.83,4267.15,4264.18,4266.90,1673,23,0
1781790000,4266.91,4267.46,4263.65,4264.27,1744,23,0
1781790300,4264.28,4266.55,4262.16,4262.45,1873,23,0
1781790600,4262.46,4262.96,4259.00,4261.21,2077,23,0
1781790900,4261.18,4261.40,4254.86,4255.48,2016,23,0
1781791200,4255.50,4255.75,4249.85,4251.47,2404,23,0
1781791500,4251.47,4252.85,4246.77,4247.98,2550,23,0
1781791800,4247.98,4248.46,4240.64,4247.39,2867,23,0
1781792100,4247.38,4249.44,4243.75,4245.00,2389,23,0
1781792400,4245.01,4248.68,4243.66,4247.81,2285,23,0
1781792700,4247.80,4249.70,4245.50,4249.01,2241,23,0
1781793000,4249.12,4249.12,4247.02,4248.16,2102,23,0
1781793300,4248.16,4250.17,4242.28,4242.82,2393,23,0
1781793600,4242.80,4245.56,4241.94,4243.40,2397,23,0
1781793900,4243.44,4245.48,4241.08,4241.19,2115,23,0
1781794200,4241.34,4245.94,4239.95,4242.28,2540,23,0
1781794500,4242.25,4243.02,4240.25,4241.98,2076,23,0
1781794800,4241.97,4245.24,4241.38,4243.04,2681,23,0
1781795100,4243.05,4244.72,4240.44,4244.12,2335,23,0
1781795400,4244.10,4258.05,4243.11,4256.34,2672,23,0
1781795700,4256.31,4260.40,4255.03,4260.01,2410,23,0
1781796000,4260.01,4269.15,4259.78,4263.31,2887,23,0
1781796300,4263.30,4265.41,4254.19,4255.11,2509,23,0
1781796600,4255.19,4258.49,4249.25,4250.19,2870,23,0
1781796900,4250.20,4252.25,4241.87,4242.58,2755,23,0
1781797200,4242.54,4251.63,4241.22,4243.14,2862,23,0
1781797500,4243.11,4247.76,4242.85,4244.58,2644,23,0
1781797800,4244.56,4245.72,4241.06,4244.05,2602,23,0
1781798100,4244.05,4248.02,4241.40,4246.62,2566,23,0
1781798400,4246.62,4249.41,4245.02,4246.88,2635,23,0
1781798700,4246.89,4253.73,4245.67,4251.81,2664,23,0
1781799000,4251.82,4259.35,4251.62,4259.28,2416,23,0
1781799300,4259.26,4261.88,4258.00,4258.54,2378,23,0
1781799600,4258.54,4258.84,4252.79,4257.48,2362,23,0
1781799900,4257.54,4263.31,4257.54,4263.21,2635,23,0
1781800200,4263.19,4276.68,4263.06,4272.39,3618,23,0
1781800500,4272.39,4273.95,4268.71,4272.22,3507,23,0
1781800800,4272.17,4272.27,4263.48,4264.41,3226,23,0
1781801100,4264.32,4265.36,4252.99,4260.01,3282,23,0
1781801400,4260.00,4263.39,4256.49,4260.97,3410,23,0
1781801700,4261.08,4261.37,4250.58,4256.59,3367,23,0
1781802000,4256.63,4257.78,4239.03,4247.34,3683,23,0
1781802300,4247.39,4247.55,4240.19,4243.61,3353,23,0
1781802600,4243.65,4244.77,4240.16,4241.69,3170,23,0
1781802900,4241.63,4250.31,4237.09,4249.37,3602,23,0
1781803200,4249.47,4255.85,4246.33,4252.78,3296,23,0
1781803500,4252.79,4255.42,4244.37,4244.39,3107,23,0
1781803800,4244.32,4249.63,4241.49,4249.63,3215,23,0
1781804100,4249.62,4252.23,4248.02,4251.13,3041,23,0
1781804400,4251.13,4251.38,4241.24,4244.60,3263,23,0
1781804700,4244.60,4245.82,4240.27,4243.62,3027,23,0
1781805000,4243.48,4247.62,4240.60,4247.33,2947,23,0
1781805300,4247.27,4254.40,4246.22,4252.33,2767,23,0
1781805600,4252.32,4254.48,4248.47,4250.98,3192,23,0
1781805900,4250.92,4254.69,4249.07,4253.38,2782,23,0
1781806200,4253.39,4254.52,4246.40,4246.65,2926,23,0
1781806500,4246.65,4249.39,4239.44,4242.44,3136,23,0
1781806800,4242.46,4244.61,4239.55,4240.39,2978,23,0
1781807100,4240.38,4242.26,4234.42,4235.70,2934,23,0
1781807400,4235.68,4236.60,4226.87,4233.27,3484,23,0
1781807700,4233.21,4234.33,4223.99,4227.33,3236,23,0
1781808000,4227.31,4235.62,4227.30,4231.68,2951,23,0
1781808300,4231.74,4231.76,4227.05,4227.21,2855,23,0
1781808600,4227.09,4228.45,4223.11,4224.53,2649,23,0
1781808900,4224.52,4230.01,4224.51,4226.60,2658,23,0
1781809200,4226.62,4231.75,4225.83,4226.64,2874,23,0
1781809500,4226.64,4233.07,4225.80,4232.02,2598,23,0
1781809800,4232.01,4233.25,4227.31,4227.36,2582,23,0
1781810100,4227.36,4228.55,4222.16,4223.09,2602,23,0
1781810400,4223.08,4226.64,4221.87,4222.17,2583,23,0
1781810700,4222.17,4225.93,4222.05,4224.95,2597,23,0
1781811000,4224.94,4229.31,4221.59,4221.69,2641,23,0
1781811300,4221.69,4223.12,4215.09,4222.99,2884,23,0
1781811600,4223.03,4225.81,4220.76,4221.86,2728,23,0
1781811900,4221.85,4222.19,4217.39,4217.77,2715,23,0
1781812200,4217.76,4218.56,4214.47,4217.37,2649,23,0
1781812500,4217.34,4219.59,4214.00,4219.42,2468,23,0
1781812800,4219.42,4224.03,4218.54,4223.98,2518,23,0
1781813100,4223.99,4226.74,4223.28,4224.94,2327,23,0
1781813400,4224.94,4228.53,4222.25,4227.89,2340,23,0
1781813700,4227.90,4231.48,4227.41,4230.07,2544,23,0
1781814000,4230.08,4231.54,4227.22,4228.67,2598,23,0
1781814300,4228.67,4228.85,4225.73,4226.10,2535,23,0
1781814600,4226.11,4227.59,4222.93,4222.93,2418,23,0
1781814900,4222.92,4225.26,4222.41,4224.26,2102,23,0
1781815200,4224.27,4230.23,4223.95,4229.78,2278,23,0
1781815500,4229.77,4229.90,4227.29,4228.98,2075,23,0
1781815800,4228.98,4233.05,4228.85,4232.38,1976,23,0
1781816100,4232.38,4232.60,4229.90,4230.30,1896,23,0
1781816400,4230.30,4230.62,4227.38,4228.44,2181,23,0
1781816700,4228.45,4231.87,4228.42,4231.61,2037,23,0
1781817000,4231.58,4233.15,4228.36,4228.36,2110,23,0
1781817300,4228.34,4229.81,4226.37,4228.24,1985,23,0
1781817600,4228.23,4228.83,4226.61,4227.82,1935,23,0
1781817900,4227.82,4229.37,4225.48,4226.31,2191,23,0
1781818200,4226.31,4226.31,4221.88,4222.59,2061,23,0
1781818500,4222.60,4223.36,4220.54,4221.15,2315,23,0
1781818800,4221.16,4225.03,4220.49,4224.83,2065,23,0
1781819100,4224.84,4225.20,4220.49,4221.62,2167,23,0
1781819400,4221.62,4222.26,4218.77,4220.51,1953,23,0
1781819700,4220.51,4221.42,4218.23,4218.35,1985,23,0
1781820000,4218.40,4218.98,4211.76,4212.50,2630,23,0
1781820300,4212.51,4212.89,4207.54,4208.21,2435,23,0
1781820600,4208.21,4209.29,4203.91,4207.43,2562,23,0
1781820900,4207.42,4208.63,4201.94,4204.97,2621,23,0
1781821200,4204.97,4207.60,4204.71,4205.31,2336,23,0
1781821500,4205.30,4207.87,4204.85,4205.12,2076,23,0
1781821800,4205.11,4206.98,4201.54,4203.14,2486,23,0
1781822100,4203.16,4209.93,4203.08,4209.93,2160,23,0
1781822400,4209.94,4214.50,4209.68,4214.03,2364,23,0
1781822700,4214.03,4216.36,4213.28,4215.88,2158,23,0
1781823000,4215.88,4217.27,4215.03,4216.77,2209,23,0
1781823300,4216.76,4218.51,4214.13,4216.93,2484,23,0
1781823600,4216.90,4218.05,4214.94,4216.80,1586,23,0
1781823900,4216.80,4217.75,4215.64,4216.59,1239,23,0
1781824200,4216.58,4217.67,4216.18,4217.21,1033,23,0
1781824500,4217.21,4217.28,4215.02,4216.80,980,23,0
1781824800,4216.80,4217.07,4215.50,4216.14,912,23,0
1781825100,4216.13,4219.55,4215.67,4219.00,1035,23,0
1781825400,4218.97,4218.97,4215.47,4216.22,954,28,0
1781825700,4216.22,4218.67,4214.12,4214.88,1257,28,0
1781826000,4214.88,4215.00,4212.90,4212.90,930,28,0
1781826300,4212.89,4213.37,4209.92,4210.09,1126,28,0
1781826600,4210.07,4210.93,4209.33,4209.80,968,28,0
1781826900,4209.81,4210.21,4207.82,4208.10,647,28,0
1781830800,4211.22,4213.25,4203.24,4204.97,1363,28,0
1781831100,4204.97,4208.08,4204.80,4206.71,513,28,0
1781831400,4206.67,4208.39,4206.67,4207.98,451,28,0
1781831700,4207.98,4210.10,4204.87,4205.74,924,28,0
1781832000,4205.74,4205.85,4202.68,4203.08,1049,28,0
1781832300,4203.08,4205.63,4202.89,4204.03,986,28,0
1781832600,4204.04,4205.66,4203.74,4205.02,1045,23,0
1781832900,4205.03,4205.68,4203.10,4203.59,919,23,0
1781833200,4203.58,4205.35,4203.40,4205.05,842,23,0
1781833500,4205.06,4209.09,4204.24,4208.66,924,23,0
1781833800,4208.66,4210.57,4207.55,4208.81,1140,23,0
1781834100,4208.81,4208.85,4206.90,4207.39,924,23,0
1781834400,4207.39,4208.30,4199.09,4200.48,1574,23,0
1781834700,4200.48,4202.46,4198.96,4200.16,1371,23,0
1781835000,4200.15,4201.36,4194.12,4195.80,1438,23,0
1781835300,4195.80,4199.46,4194.17,4195.34,1613,23,0
1781835600,4195.34,4197.40,4195.09,4195.42,1184,23,0
1781835900,4195.42,4197.31,4193.80,4197.27,1093,23,0
1781836200,4197.27,4199.18,4195.23,4195.62,1374,23,0
1781836500,4195.63,4198.35,4194.72,4197.71,1283,23,0
1781836800,4197.70,4197.82,4193.99,4194.27,1239,23,0
1781837100,4194.27,4194.50,4187.95,4189.67,1857,23,0
1781837400,4189.68,4192.11,4188.40,4189.92,1469,23,0
1781837700,4189.93,4191.04,4186.84,4188.36,1651,23,0
1781838000,4188.37,4198.06,4188.22,4190.87,2667,23,0
1781838300,4190.87,4193.97,4184.57,4186.06,2575,23,0
1781838600,4186.05,4189.78,4184.46,4185.48,2301,23,0
1781838900,4185.48,4187.93,4184.43,4185.24,2229,23,0
1781839200,4185.24,4187.96,4184.39,4187.95,2001,23,0
1781839500,4187.96,4188.77,4184.57,4185.13,1702,23,0
1781839800,4185.13,4190.17,4184.48,4189.99,1539,23,0
1781840100,4189.87,4191.35,4186.53,4186.80,1932,23,0
1781840400,4186.80,4189.93,4186.59,4188.56,1311,23,0
1781840700,4188.55,4191.34,4187.63,4190.48,1552,23,0
1781841000,4190.48,4192.35,4188.81,4190.60,1581,23,0
1781841300,4190.59,4191.07,4187.88,4190.36,1450,23,0
1781841600,4190.35,4194.55,4189.23,4190.61,1970,23,0
1781841900,4190.61,4190.66,4184.43,4184.79,2127,23,0
1781842200,4184.81,4187.55,4184.71,4186.43,1753,23,0
1781842500,4186.44,4188.35,4184.28,4185.22,1403,23,0
1781842800,4185.22,4188.40,4184.10,4187.13,1614,23,0
1781843100,4187.13,4191.55,4186.78,4190.73,1424,23,0
1781843400,4190.73,4190.88,4186.71,4187.84,1572,23,0
1781843700,4187.85,4189.29,4184.69,4185.20,1416,23,0
1781844000,4185.20,4186.69,4184.51,4185.61,1634,23,0
1781844300,4185.62,4187.33,4184.23,4184.73,1333,23,0
1781844600,4184.73,4185.64,4184.03,4184.90,1313,23,0
1781844900,4184.90,4186.42,4184.15,4184.85,1372,23,0
1781845200,4184.88,4186.14,4184.33,4185.29,1695,23,0
1781845500,4185.43,4186.14,4179.19,4184.08,2115,23,0
1781845800,4184.13,4184.92,4178.61,4179.91,1807,23,0
1781846100,4179.85,4180.10,4175.08,4175.81,1805,23,0
1781846400,4175.81,4179.45,4175.75,4178.18,2011,23,0
1781846700,4178.18,4179.80,4177.14,4179.47,1381,23,0
1781847000,4179.47,4179.88,4177.10,4179.85,1301,23,0
1781847300,4179.86,4183.12,4178.22,4179.66,1364,23,0
1781847600,4179.67,4183.63,4179.32,4179.93,1151,23,0
1781847900,4179.93,4180.76,4175.73,4176.26,1363,23,0
1781848200,4176.26,4176.86,4171.89,4176.70,1652,23,0
1781848500,4176.71,4177.18,4175.15,4176.30,1295,23,0
1781848800,4176.30,4177.24,4169.41,4169.60,1815,23,0
1781849100,4169.59,4169.77,4166.37,4167.58,1813,23,0
1781849400,4167.58,4169.87,4166.05,4166.06,1484,23,0
1781849700,4166.08,4168.97,4165.17,4167.99,2079,23,0
1781850000,4167.99,4170.72,4167.99,4168.67,1670,23,0
1781850300,4168.67,4169.28,4166.44,4167.39,1667,23,0
1781850600,4167.37,4167.73,4161.69,4164.66,2094,23,0
1781850900,4164.62,4165.42,4162.25,4163.18,1846,23,0
1781851200,4163.18,4164.30,4157.93,4162.20,2169,23,0
1781851500,4162.21,4162.32,4157.89,4158.92,1821,23,0
1781851800,4158.92,4160.70,4157.73,4158.80,1800,23,0
1781852100,4158.80,4159.79,4146.24,4153.51,2093,23,0
1781852400,4153.44,4155.12,4143.18,4144.24,2732,23,0
1781852700,4144.29,4147.58,4143.61,4143.89,2166,23,0
1781853000,4143.89,4147.01,4143.64,4145.36,2031,23,0
1781853300,4145.50,4149.39,4141.46,4147.84,2401,23,0
1781853600,4147.84,4149.80,4147.37,4149.05,1740,23,0
1781853900,4149.05,4149.13,4144.37,4146.62,1927,23,0
1781854200,4146.62,4147.38,4142.96,4143.22,1911,23,0
1781854500,4143.23,4143.29,4137.84,4141.68,2297,23,0
1781854800,4141.70,4141.70,4133.56,4135.36,2228,23,0
1781855100,4135.36,4136.69,4134.07,4135.83,1902,23,0
1781855400,4135.83,4136.28,4125.41,4128.22,2212,23,0
1781855700,4128.25,4128.85,4125.09,4125.76,2193,23,0
1781856000,4125.76,4127.20,4122.77,4124.66,2474,23,0
1781856300,4124.66,4125.34,4121.77,4124.39,2275,23,0
1781856600,4124.39,4131.46,4124.07,4130.36,2314,23,0
1781856900,4130.36,4130.50,4125.76,4127.97,2162,23,0
1781857200,4127.95,4131.44,4126.10,4129.18,2034,23,0
1781857500,4129.18,4134.56,4129.16,4133.66,2100,23,0
1781857800,4133.66,4139.33,4131.00,4132.51,2223,23,0
1781858100,4132.30,4135.46,4130.59,4131.75,2046,23,0
1781858400,4131.52,4134.98,4130.99,4134.96,1974,23,0
1781858700,4134.97,4138.56,4134.66,4137.58,1831,23,0
1781859000,4137.59,4139.01,4132.88,4139.00,2197,23,0
1781859300,4139.00,4141.56,4137.09,4139.70,1992,23,0
1781859600,4139.60,4140.16,4133.63,4138.04,2331,23,0
1781859900,4138.04,4143.38,4136.16,4143.38,2332,23,0
1781860200,4143.38,4148.06,4139.97,4147.17,2427,23,0
1781860500,4147.17,4147.26,4139.95,4141.61,2250,23,0
1781860800,4141.61,4144.45,4139.29,4143.24,2226,23,0
1781861100,4143.24,4144.87,4140.99,4141.85,2145,23,0
1781861400,4141.77,4145.35,4135.55,4138.67,2544,23,0
1781861700,4138.66,4139.03,4132.82,4133.73,2110,23,0
1781862000,4133.73,4136.74,4133.71,4136.00,1742,23,0
1781862300,4136.00,4145.33,4134.56,4145.33,1979,23,0
1781862600,4145.33,4146.55,4142.25,4145.75,1827,23,0
1781862900,4145.74,4150.49,4144.40,4147.62,1903,23,0
1781863200,4147.62,4156.16,4147.55,4156.09,2317,23,0
1781863500,4156.12,4159.63,4154.03,4159.09,2243,23,0
1781863800,4159.07,4159.19,4153.82,4157.10,2031,23,0
1781864100,4157.08,4160.04,4154.37,4155.34,2077,23,0
1781864400,4155.38,4157.65,4154.46,4155.96,2087,23,0
1781864700,4155.96,4155.96,4152.08,4152.44,1862,23,0
1781865000,4152.44,4154.57,4151.93,4153.40,1916,23,0
1781865300,4153.46,4157.41,4151.08,4157.16,1858,23,0
1781865600,4157.17,4157.34,4153.60,4154.02,1805,23,0
1781865900,4154.02,4155.00,4151.89,4152.66,1607,23,0
1781866200,4152.60,4156.85,4151.58,4155.12,1770,23,0
1781866500,4155.10,4163.13,4154.27,4157.99,2066,23,0
1781866800,4158.01,4160.83,4155.30,4159.80,2211,23,0
1781867100,4159.85,4164.28,4157.78,4164.10,2036,23,0
1781867400,4164.15,4167.21,4164.09,4165.75,2191,23,0
1781867700,4165.70,4170.94,4165.27,4170.24,2168,23,0
1781868000,4170.23,4176.96,4168.14,4175.31,2298,23,0
1781868300,4175.32,4177.63,4173.84,4175.86,2100,23,0
1781868600,4175.99,4178.48,4173.91,4175.28,2078,23,0
1781868900,4175.21,4175.61,4168.69,4168.95,1882,23,0
1781869200,4168.95,4172.05,4166.76,4168.94,1861,23,0
1781869500,4168.96,4169.50,4166.42,4168.07,1785,23,0
1781869800,4168.06,4168.40,4164.62,4165.63,1720,23,0
1781870100,4165.58,4169.10,4165.17,4169.07,1598,23,0
1781870400,4169.08,4170.89,4165.23,4165.51,1909,23,0
1781870700,4165.51,4167.45,4164.30,4165.27,1842,23,0
1781871000,4165.27,4167.07,4163.63,4164.18,2016,23,0
1781871300,4164.12,4166.23,4163.22,4164.69,1911,23,0
1781871600,4164.65,4168.20,4162.82,4167.40,1783,23,0
1781871900,4167.40,4167.47,4162.01,4162.73,1864,23,0
1781872200,4162.69,4166.03,4162.67,4165.69,1760,23,0
1781872500,4165.70,4165.73,4163.14,4163.75,1359,23,0
1781872800,4163.76,4165.66,4162.56,4162.59,1379,23,0
1781873100,4162.59,4167.24,4162.59,4163.12,1498,23,0
1781873400,4163.12,4165.38,4163.12,4164.36,1534,23,0
1781873700,4164.36,4164.86,4160.95,4162.88,1541,23,0
1781874000,4162.85,4163.03,4157.00,4157.82,1955,23,0
1781874300,4157.81,4158.86,4152.86,4156.69,1922,23,0
1781874600,4156.70,4157.62,4154.06,4155.37,1745,23,0
1781874900,4155.37,4158.21,4153.46,4156.09,1603,23,0
1781875200,4156.10,4156.18,4153.13,4155.37,1951,23,0
1781875500,4155.35,4155.88,4152.72,4153.80,1638,23,0
1781875800,4153.80,4154.77,4151.41,4154.63,1692,23,0
1781876100,4154.64,4155.18,4150.22,4150.79,1809,23,0
1781876400,4150.79,4152.96,4150.30,4151.24,1854,23,0
1781876700,4151.20,4153.68,4150.51,4151.77,1876,23,0
1781877000,4151.70,4154.60,4149.64,4149.85,1679,23,0
1781877300,4149.85,4152.54,4148.08,4149.73,1854,23,0
1781877600,4149.73,4150.19,4145.23,4148.32,2143,23,0
1781877900,4148.33,4149.48,4142.59,4147.40,2193,23,0
1781878200,4147.40,4148.54,4145.85,4146.75,1763,23,0
1781878500,4146.74,4147.46,4144.30,4147.19,1763,23,0
1781878800,4147.17,4148.89,4146.09,4147.97,1685,23,0
1781879100,4147.96,4148.67,4143.28,4144.18,1822,23,0
1781879400,4144.18,4145.34,4141.88,4144.23,1912,23,0
1781879700,4144.20,4148.39,4143.16,4147.50,1561,23,0
1781880000,4147.50,4150.51,4147.43,4149.99,1756,23,0
1781880300,4150.01,4154.93,4149.98,4153.09,1755,23,0
1781880600,4153.09,4153.26,4149.56,4149.78,1715,23,0
1781880900,4149.78,4152.84,4148.59,4152.54,1693,23,0
1781881200,4152.55,4158.52,4152.34,4157.50,2148,23,0
1781881500,4157.49,4158.79,4152.73,4158.46,1914,23,0
1781881800,4158.46,4160.29,4155.62,4155.64,1808,23,0
1781882100,4155.64,4156.00,4152.64,4155.47,1653,23,0
1781882400,4155.46,4156.09,4153.00,4153.63,1757,23,0
1781882700,4153.64,4155.84,4151.24,4151.60,1765,23,0
1781883000,4151.70,4153.27,4149.52,4152.32,1759,23,0
1781883300,4152.31,4152.55,4148.23,4150.82,2122,23,0
1781883600,4150.85,4154.64,4148.81,4152.30,1960,23,0
1781883900,4152.30,4152.44,4147.36,4148.86,1674,23,0
1781884200,4148.85,4174.59,4148.85,4173.02,3607,23,0
1781884500,4173.02,4179.96,4169.60,4179.03,3115,23,0
1781884800,4179.04,4181.48,4164.51,4169.22,3044,23,0
1781885100,4169.21,4182.40,4168.70,4182.38,2749,23,0
1781885400,4182.41,4182.90,4169.71,4169.87,2853,23,0
1781885700,4169.87,4172.11,4163.52,4164.53,2377,23,0
1781886000,4164.54,4166.43,4161.93,4166.11,2220,23,0
1781886300,4166.11,4166.69,4162.66,4163.96,2095,23,0
1781886600,4163.95,4167.97,4162.49,4162.80,2497,23,0
1781886900,4162.80,4164.96,4159.94,4162.92,2152,23,0
1781887200,4163.04,4164.46,4157.75,4158.59,2256,23,0
1781887500,4158.54,4160.90,4154.77,4156.84,2209,23,0
1781887800,4156.84,4159.53,4155.80,4158.17,2048,23,0
1781888100,4158.17,4160.05,4150.63,4151.50,2175,23,0
1781888400,4151.38,4154.53,4148.00,4152.64,2513,23,0
1781888700,4152.62,4152.97,4148.67,4150.17,2036,23,0
1781889000,4150.17,4150.26,4147.84,4149.33,2008,23,0
1781889300,4149.29,4149.93,4143.98,4147.35,2181,23,0
1781889600,4147.34,4148.53,4143.69,4145.34,1972,23,0
1781889900,4145.35,4150.03,4145.35,4149.19,1949,23,0
1781890200,4149.18,4150.46,4145.92,4146.30,1935,23,0
1781890500,4146.30,4150.33,4145.98,4148.12,1907,23,0
1781890800,4148.13,4149.19,4143.18,4144.42,2096,23,0
1781891100,4144.40,4147.82,4142.62,4145.32,1937,23,0
1781891400,4145.32,4150.09,4144.32,4149.86,2019,23,0
1781891700,4149.92,4151.20,4147.97,4149.22,2344,23,0
1781892000,4149.22,4153.37,4148.05,4148.94,2227,23,0
1781892300,4148.94,4153.19,4148.16,4152.06,1930,23,0
1781892600,4152.08,4152.91,4148.54,4151.32,1764,23,0
1781892900,4151.32,4151.80,4149.75,4151.29,1724,23,0
1781893200,4151.26,4153.97,4151.21,4153.22,1430,23,0
1781893500,4153.21,4153.25,4150.61,4151.30,1583,23,0
1781893800,4151.30,4152.75,4149.91,4151.60,1775,23,0
1781894100,4151.61,4152.97,4148.76,4149.82,1468,23,0
1781894400,4149.83,4150.49,4147.63,4148.03,1345,23,0
1781894700,4148.03,4152.99,4148.03,4151.60,1196,23,0
1781895000,4151.57,4153.50,4149.72,4150.47,1153,23,0
1781895300,4150.47,4151.14,4149.65,4151.00,905,23,0
1781895600,4151.02,4151.07,4146.76,4147.14,1193,23,0
1781895900,4147.15,4149.53,4145.77,4145.95,1086,23,0
1781896200,4145.94,4146.78,4144.57,4145.23,1147,23,0
1781896500,4145.23,4146.20,4144.60,4145.00,987,23,0
1781896800,4145.03,4147.88,4144.29,4146.71,1030,23,0
1781897100,4146.74,4148.83,4146.59,4147.08,932,23,0
1781897400,4147.07,4149.74,4147.05,4149.60,986,23,0
1781897700,4149.61,4151.75,4147.72,4151.74,1234,23,0
1781898000,4151.74,4153.57,4150.61,4151.67,1231,23,0
1781898300,4151.66,4157.20,4151.40,4156.87,1237,23,0
1781898600,4156.87,4157.81,4151.23,4151.45,1371,23,0
1781898900,4151.45,4155.52,4151.24,4155.52,1599,23,0
1782090000,4151.63,4158.07,4139.36,4156.68,2623,23,0
1782090300,4156.60,4159.71,4151.72,4154.18,1849,28,0
1782090600,4154.19,4156.16,4148.67,4151.45,1922,28,0
1782090900,4151.47,4153.56,4147.84,4153.33,2070,28,0
1782091200,4153.48,4154.57,4149.55,4150.04,1795,28,0
1782091500,4150.04,4153.02,4149.25,4152.12,1403,28,0
1782091800,4152.15,4155.16,4151.04,4151.94,1778,23,0
1782092100,4151.95,4152.44,4150.12,4152.11,1105,23,0
1782092400,4152.12,4154.62,4150.54,4153.87,1200,23,0
1782092700,4153.88,4155.03,4152.42,4155.03,1101,23,0
1782093000,4155.04,4156.53,4153.41,4156.52,1322,23,0
1782093300,4156.53,4156.88,4155.51,4156.34,1138,23,0
1782093600,4156.34,4160.08,4155.36,4159.53,1844,23,0
1782093900,4159.51,4163.18,4158.77,4163.11,1947,23,0
1782094200,4163.11,4164.66,4158.03,4158.50,1842,23,0
1782094500,4158.51,4158.56,4153.77,4154.76,1928,23,0
1782094800,4154.76,4159.13,4153.94,4157.52,1706,23,0
1782095100,4157.51,4158.08,4154.62,4156.85,1344,23,0
1782095400,4156.81,4156.86,4147.02,4147.79,2030,23,0
1782095700,4147.79,4147.85,4142.38,4144.80,2101,23,0
1782096000,4144.80,4146.09,4141.93,4145.64,1676,23,0
1782096300,4145.63,4147.03,4136.54,4137.27,2447,23,0
1782096600,4137.18,4140.32,4136.52,4136.99,2120,23,0
1782096900,4136.98,4142.73,4136.98,4140.29,2279,23,0
1782097200,4140.31,4150.59,4140.06,4147.01,3111,23,0
1782097500,4147.06,4149.25,4143.51,4148.83,2909,23,0
1782097800,4148.83,4162.57,4147.42,4161.06,2995,23,0
1782098100,4161.06,4170.39,4160.96,4163.81,3059,23,0
1782098400,4163.80,4165.03,4161.80,4164.05,2537,23,0
1782098700,4164.05,4168.05,4163.15,4167.15,2527,23,0
1782099000,4167.20,4170.98,4165.82,4166.33,2270,23,0
1782099300,4166.33,4172.51,4166.30,4171.81,2157,23,0
1782099600,4171.79,4176.30,4170.25,4175.69,2277,23,0
1782099900,4175.69,4183.99,4175.55,4183.65,2370,23,0
1782100200,4183.66,4189.41,4181.47,4188.33,2657,23,0
1782100500,4188.34,4200.97,4188.33,4200.79,2878,23,0
1782100800,4200.80,4220.97,4200.80,4206.22,4123,23,0
1782101100,4206.25,4216.13,4204.30,4213.89,3560,23,0
1782101400,4213.93,4214.21,4206.82,4211.73,3177,23,0
1782101700,4211.68,4214.77,4208.35,4208.48,3089,23,0
1782102000,4208.48,4213.35,4205.09,4210.00,2946,23,0
1782102300,4210.01,4212.89,4206.67,4207.35,3048,23,0
1782102600,4207.35,4207.35,4195.29,4197.62,3176,23,0
1782102900,4197.63,4203.38,4194.92,4202.89,2927,23,0
1782103200,4202.89,4205.02,4198.41,4200.81,2693,23,0
1782103500,4200.80,4201.83,4193.78,4195.24,2853,23,0
1782103800,4195.23,4198.41,4192.32,4194.22,2590,23,0
1782104100,4194.22,4195.37,4189.64,4190.88,2667,23,0
1782104400,4190.90,4192.87,4188.11,4190.04,2921,23,0
1782104700,4190.05,4194.97,4188.64,4190.82,2739,23,0
1782105000,4190.73,4191.79,4183.66,4184.25,2476,23,0
1782105300,4184.24,4188.59,4183.56,4187.90,2010,23,0
1782105600,4187.91,4189.97,4183.60,4188.94,1952,23,0
1782105900,4188.94,4190.21,4186.65,4188.86,1719,23,0
1782106200,4188.86,4194.82,4187.12,4194.68,2713,23,0
1782106500,4194.76,4200.24,4193.09,4196.22,2423,23,0
1782106800,4196.19,4196.19,4190.37,4191.78,2440,23,0
1782107100,4191.79,4192.32,4187.58,4190.95,2515,23,0
1782107400,4190.96,4191.54,4188.19,4188.94,2218,23,0
1782107700,4188.94,4190.50,4187.62,4188.45,2011,23,0
1782108000,4188.50,4189.94,4186.55,4188.78,2520,23,0
1782108300,4188.78,4189.86,4182.02,4182.67,2325,23,0
1782108600,4182.68,4185.91,4178.35,4178.36,2498,23,0
1782108900,4178.32,4181.01,4173.89,4176.15,2374,23,0
1782109200,4176.15,4179.57,4173.68,4178.78,2080,23,0
1782109500,4178.78,4180.87,4177.72,4180.06,2015,23,0
1782109800,4180.06,4180.66,4177.81,4179.81,1601,23,0
1782110100,4179.82,4179.90,4176.02,4176.05,1255,23,0
1782110400,4176.06,4176.67,4175.09,4175.61,1125,23,0
1782110700,4175.60,4178.72,4174.82,4177.32,1393,23,0
1782111000,4177.29,4177.51,4174.65,4175.35,1264,23,0
1782111300,4175.35,4176.35,4170.67,4171.59,1834,23,0
1782111600,4171.56,4175.22,4170.64,4174.01,1768,23,0
1782111900,4173.99,4178.29,4173.59,4177.64,1497,23,0
1782112200,4177.64,4178.31,4176.15,4176.28,1420,23,0
1782112500,4176.29,4177.64,4175.38,4176.18,1489,23,0
1782112800,4176.17,4178.83,4175.80,4176.35,1415,23,0
1782113100,4176.35,4177.43,4174.38,4176.36,1543,23,0
1782113400,4176.37,4177.63,4175.83,4176.03,1352,23,0
1782113700,4176.21,4178.85,4175.15,4177.86,1506,23,0
1782114000,4177.86,4178.17,4174.67,4176.72,1242,23,0
1782114300,4176.73,4179.92,4176.17,4178.90,1553,23,0
1782114600,4178.90,4180.20,4178.03,4178.09,1354,23,0
1782114900,4178.08,4182.15,4177.37,4181.76,1202,23,0
1782115200,4181.77,4182.15,4180.29,4181.68,1671,23,0
1782115500,4181.69,4184.61,4179.36,4183.66,1837,23,0
1782115800,4183.66,4186.36,4182.50,4185.39,1705,23,0
1782116100,4185.39,4187.98,4184.48,4186.59,1756,23,0
1782116400,4186.49,4188.83,4186.44,4188.80,1575,23,0
1782116700,4188.80,4194.18,4187.56,4193.94,1822,23,0
1782117000,4193.98,4196.75,4189.38,4191.29,2808,23,0
1782117300,4191.28,4198.06,4191.11,4196.48,2659,23,0
1782117600,4196.62,4198.54,4192.17,4193.16,2353,23,0
1782117900,4193.16,4194.00,4190.30,4193.43,2268,23,0
1782118200,4193.42,4196.75,4192.01,4195.91,2013,23,0
1782118500,4195.90,4197.01,4193.31,4193.74,2279,23,0
1782118800,4193.74,4196.38,4191.20,4191.58,2518,23,0
1782119100,4191.57,4197.07,4191.41,4196.68,2307,23,0
1782119400,4196.67,4198.40,4193.35,4194.52,2244,23,0
1782119700,4194.51,4199.98,4193.85,4197.60,2355,23,0
1782120000,4197.61,4200.59,4195.72,4200.44,2243,23,0
1782120300,4200.48,4200.77,4196.04,4196.64,2307,23,0
1782120600,4196.64,4198.98,4194.86,4198.72,2295,23,0
1782120900,4198.73,4200.05,4197.30,4198.44,1934,23,0
1782121200,4198.43,4202.51,4197.21,4202.19,1883,23,0
1782121500,4202.17,4204.64,4201.45,4202.47,2032,23,0
1782121800,4202.45,4207.29,4202.45,4204.21,1961,23,0
1782122100,4204.20,4205.68,4197.15,4197.58,2279,23,0
1782122400,4197.61,4201.05,4197.31,4198.76,2278,23,0
1782122700,4198.76,4201.29,4197.48,4199.85,1901,23,0
1782123000,4199.84,4200.91,4198.48,4199.46,1988,23,0
1782123300,4199.47,4201.83,4198.74,4200.69,1673,23,0
1782123600,4200.70,4200.83,4196.99,4197.10,1859,23,0
1782123900,4197.09,4198.64,4197.03,4197.62,1810,23,0
1782124200,4197.62,4199.72,4193.80,4198.81,1990,23,0
1782124500,4198.83,4198.83,4194.75,4194.82,1825,23,0
1782124800,4194.82,4195.91,4192.40,4194.41,1595,23,0
1782125100,4194.41,4195.11,4192.24,4195.00,1669,23,0
1782125400,4195.00,4196.07,4190.36,4191.18,1757,23,0
1782125700,4191.16,4192.48,4188.80,4190.43,1718,23,0
1782126000,4190.41,4192.96,4188.66,4192.01,2058,23,0
1782126300,4192.00,4194.72,4191.23,4191.79,1923,23,0
1782126600,4191.80,4191.87,4189.10,4189.99,1944,23,0
1782126900,4189.98,4191.82,4189.23,4190.74,1737,23,0
1782127200,4190.74,4195.30,4190.49,4191.97,2122,23,0
1782127500,4191.97,4193.10,4189.59,4191.62,2106,23,0
1782127800,4191.71,4191.81,4189.10,4191.25,1888,23,0
1782128100,4191.25,4194.28,4190.59,4190.96,1980,23,0
1782128400,4190.95,4193.65,4190.48,4193.60,1420,23,0
1782128700,4193.60,4194.52,4192.64,4194.44,1507,23,0
1782129000,4194.44,4197.70,4192.20,4195.53,1669,23,0
1782129300,4195.53,4197.64,4194.67,4197.30,1563,23,0
1782129600,4197.38,4202.62,4195.99,4202.23,1945,23,0
1782129900,4202.19,4209.42,4201.45,4208.42,2372,23,0
1782130200,4208.43,4209.46,4203.16,4205.26,1957,23,0
1782130500,4205.25,4207.54,4204.37,4207.13,1751,23,0
1782130800,4207.13,4209.21,4205.07,4205.81,1875,23,0
1782131100,4205.81,4206.58,4203.02,4204.02,1602,23,0
1782131400,4204.02,4209.92,4201.40,4208.16,2106,23,0
1782131700,4208.17,4209.56,4204.49,4208.52,1802,23,0
1782132000,4208.52,4209.95,4206.51,4206.82,1520,23,0
1782132300,4206.83,4207.93,4204.33,4207.54,1590,23,0
1782132600,4207.46,4209.82,4206.41,4208.67,1395,23,0
1782132900,4208.68,4209.99,4207.92,4208.19,1321,23,0
1782133200,4208.19,4210.04,4207.90,4208.84,1421,23,0
1782133500,4208.86,4211.59,4208.11,4210.59,1800,23,0
1782133800,4210.57,4214.14,4208.90,4212.94,1935,23,0
1782134100,4212.92,4212.93,4210.18,4210.26,1623,23,0
1782134400,4210.24,4211.14,4208.11,4211.14,1484,23,0
1782134700,4211.13,4214.13,4209.20,4209.99,1534,23,0
1782135000,4209.99,4210.89,4209.08,4210.05,1454,23,0
1782135300,4210.04,4211.67,4209.04,4209.14,1283,23,0
1782135600,4209.14,4210.51,4208.27,4208.54,1369,23,0
1782135900,4208.54,4208.92,4204.46,4205.44,1521,23,0
1782136200,4205.46,4209.41,4205.46,4208.03,1330,23,0
1782136500,4208.03,4208.13,4203.63,4204.61,1391,23,0
1782136800,4204.67,4210.20,4204.52,4209.39,2052,23,0
1782137100,4209.37,4215.12,4209.24,4211.04,2954,23,0
1782137400,4210.94,4211.18,4206.44,4208.02,2251,23,0
1782137700,4208.03,4208.76,4206.62,4207.96,1586,23,0
1782138000,4207.96,4209.60,4206.54,4207.92,1598,23,0
1782138300,4207.92,4207.93,4203.39,4203.99,1487,23,0
1782138600,4203.99,4208.00,4203.49,4205.86,1588,23,0
1782138900,4205.86,4206.27,4202.15,4206.27,1705,23,0
1782139200,4206.27,4208.17,4204.88,4206.61,1682,23,0
1782139500,4206.60,4206.63,4203.60,4205.07,1562,23,0
1782139800,4205.07,4205.54,4201.40,4205.45,1652,23,0
1782140100,4205.46,4207.59,4204.79,4207.39,1840,23,0
1782140400,4207.39,4210.94,4205.83,4210.62,2014,23,0
1782140700,4210.62,4211.09,4206.58,4207.76,2047,23,0
1782141000,4207.75,4209.63,4205.35,4207.32,1828,23,0
1782141300,4207.33,4208.71,4206.11,4207.68,1721,23,0
1782141600,4207.68,4211.74,4206.88,4210.82,2169,23,0
1782141900,4210.84,4211.37,4206.24,4208.50,1857,23,0
1782142200,4208.51,4208.80,4203.40,4205.77,1995,23,0
1782142500,4205.77,4206.01,4203.23,4203.73,2039,23,0
1782142800,4203.69,4204.71,4200.91,4203.81,1957,23,0
1782143100,4203.87,4204.85,4199.72,4202.30,1928,23,0
1782143400,4202.31,4202.31,4197.36,4197.61,1930,23,0
1782143700,4197.60,4197.68,4192.20,4193.29,2065,23,0
1782144000,4193.31,4196.87,4190.97,4193.39,3381,23,0
1782144300,4193.39,4194.32,4188.75,4190.86,2840,23,0
1782144600,4190.87,4194.63,4190.00,4194.31,2731,23,0
1782144900,4194.35,4196.88,4193.77,4195.88,2584,23,0
1782145200,4195.83,4195.93,4189.16,4190.09,2441,23,0
1782145500,4190.18,4191.50,4185.40,4186.94,2711,23,0
1782145800,4186.97,4188.52,4182.95,4185.85,3453,23,0
1782146100,4185.84,4192.96,4185.07,4192.14,3084,23,0
1782146400,4192.06,4194.52,4187.57,4190.93,3447,23,0
1782146700,4190.94,4202.08,4187.51,4199.91,3376,23,0
1782147000,4199.91,4204.96,4199.42,4204.08,3189,23,0
1782147300,4203.97,4205.68,4198.88,4199.82,2877,23,0
1782147600,4199.78,4200.33,4193.81,4198.70,3059,23,0
1782147900,4198.66,4210.73,4196.51,4206.27,3386,23,0
1782148200,4206.26,4207.07,4200.60,4205.29,3064,23,0
1782148500,4205.27,4206.04,4195.74,4196.05,3040,23,0
1782148800,4196.05,4196.62,4191.11,4192.53,3249,23,0
1782149100,4192.53,4196.78,4191.79,4191.91,3227,23,0
1782149400,4191.91,4192.64,4187.62,4188.16,3284,23,0
1782149700,4188.11,4192.43,4186.54,4191.36,3124,23,0
1782150000,4191.27,4197.50,4191.08,4192.90,3115,23,0
1782150300,4192.95,4206.06,4192.91,4201.10,3311,23,0
1782150600,4201.13,4203.00,4197.32,4197.48,3204,23,0
1782150900,4197.49,4200.31,4196.12,4198.27,3065,23,0
1782151200,4198.27,4201.26,4196.19,4199.00,2900,23,0
1782151500,4199.00,4199.12,4194.75,4195.41,3114,23,0
1782151800,4195.42,4198.95,4195.37,4197.75,2985,23,0
1782152100,4197.75,4197.88,4190.60,4192.12,2994,23,0
1782152400,4192.11,4192.79,4189.14,4190.89,2832,23,0
1782152700,4190.87,4192.11,4188.20,4189.01,2917,23,0
1782153000,4189.02,4190.35,4187.51,4188.09,2715,23,0
1782153300,4188.09,4189.00,4180.41,4182.16,2752,23,0
1782153600,4182.16,4185.41,4180.37,4180.93,2597,23,0
1782153900,4180.92,4181.04,4170.06,4170.06,2934,23,0
1782154200,4170.04,4179.16,4169.78,4178.92,2960,23,0
1782154500,4178.96,4185.05,4178.05,4182.84,2686,23,0
1782154800,4182.87,4184.81,4176.79,4177.81,2813,23,0
1782155100,4177.81,4179.35,4175.64,4176.71,2711,23,0
1782155400,4176.71,4178.36,4174.40,4177.56,2532,23,0
1782155700,4177.56,4180.14,4176.21,4179.20,2395,23,0
1782156000,4179.21,4182.82,4179.01,4181.12,2450,23,0
1782156300,4181.12,4182.83,4180.11,4182.67,2473,23,0
1782156600,4182.67,4184.66,4181.33,4184.66,2213,23,0
1782156900,4184.65,4186.25,4183.38,4183.38,2170,23,0
1782157200,4183.41,4183.80,4181.23,4181.87,2255,23,0
1782157500,4181.86,4184.93,4180.83,4184.79,2165,23,0
1782157800,4184.79,4187.76,4184.20,4186.99,1786,23,0
1782158100,4186.99,4192.56,4186.34,4189.78,2119,23,0
1782158400,4189.84,4191.15,4188.32,4189.26,2100,23,0
1782158700,4189.28,4189.28,4186.27,4187.54,1927,23,0
1782159000,4187.54,4188.38,4186.01,4186.68,1802,23,0
1782159300,4186.69,4189.78,4186.48,4189.45,1758,23,0
1782159600,4189.45,4191.57,4189.06,4189.13,1918,23,0
1782159900,4189.15,4189.20,4183.31,4184.21,2243,23,0
1782160200,4184.11,4184.81,4177.67,4178.90,2202,23,0
1782160500,4178.91,4181.50,4177.10,4181.05,2250,23,0
1782160800,4181.05,4181.85,4180.22,4181.64,1900,23,0
1782161100,4181.51,4183.35,4180.03,4182.39,1849,23,0
1782161400,4182.40,4183.10,4180.76,4182.61,1693,23,0
1782161700,4182.61,4183.69,4181.98,4182.93,1823,23,0
1782162000,4183.04,4185.23,4182.49,4183.33,1828,23,0
1782162300,4183.33,4184.62,4182.98,4184.33,1701,23,0
1782162600,4184.33,4186.24,4183.65,4183.94,1848,23,0
1782162900,4183.94,4186.98,4183.94,4185.51,1710,23,0
1782163200,4185.50,4189.73,4185.50,4188.61,1835,23,0
1782163500,4188.61,4188.72,4186.62,4188.04,1969,23,0
1782163800,4188.02,4189.39,4186.09,4186.63,1727,23,0
1782164100,4186.62,4188.08,4186.20,4186.84,1638,23,0
1782164400,4186.85,4189.92,4186.81,4189.76,1590,23,0
1782164700,4189.76,4192.81,4189.61,4191.87,1700,23,0
1782165000,4191.87,4192.07,4189.89,4190.66,1667,23,0
1782165300,4190.65,4191.68,4189.72,4191.25,1886,23,0
1782165600,4191.22,4193.35,4191.09,4191.90,2085,23,0
1782165900,4191.87,4192.74,4191.33,4192.31,1865,23,0
1782166200,4192.35,4192.83,4190.94,4191.33,1728,23,0
1782166500,4191.33,4191.99,4189.93,4190.81,1971,23,0
1782166800,4190.81,4190.83,4187.71,4188.40,1901,23,0
1782167100,4188.38,4188.97,4187.33,4187.35,1889,23,0
1782167400,4187.39,4187.54,4185.99,4187.02,1991,23,0
1782167700,4187.02,4190.22,4186.74,4188.28,1793,23,0
1782168000,4188.27,4188.31,4184.29,4184.46,1898,23,0
1782168300,4184.44,4185.98,4184.16,4185.37,1941,23,0
1782168600,4185.42,4187.57,4184.80,4187.29,2178,23,0
1782168900,4187.30,4191.52,4186.11,4190.60,2354,23,0
1782169200,4190.70,4193.72,4190.02,4192.37,1215,23,0
1782169500,4192.37,4192.91,4190.49,4190.59,903,23,0
1782169800,4190.59,4191.80,4190.51,4190.81,783,23,0
1782170100,4190.82,4191.53,4189.85,4191.21,619,23,0
1782170400,4191.21,4191.27,4188.64,4190.40,694,23,0
1782170700,4190.40,4191.21,4190.08,4190.32,585,23,0
1782171000,4190.30,4191.60,4189.49,4191.47,689,28,0
1782171300,4191.48,4193.61,4191.35,4193.43,664,28,0
1782171600,4193.42,4193.50,4192.14,4192.76,719,28,0
1782171900,4192.75,4193.26,4190.72,4191.14,758,28,0
1782172200,4191.15,4192.20,4190.93,4191.52,643,28,0
1782172500,4191.52,4192.40,4191.52,4192.29,462,28,0
1782176400,4193.92,4194.41,4191.37,4192.92,915,28,0
1782176700,4192.89,4193.74,4191.53,4192.58,531,28,0
1782177000,4192.58,4193.21,4192.04,4192.31,724,28,0
1782177300,4192.31,4192.82,4191.13,4192.12,510,28,0
1782177600,4192.09,4192.56,4191.46,4191.52,479,28,0
1782177900,4191.52,4193.21,4191.49,4192.79,538,28,0
1782178200,4192.81,4194.51,4192.31,4192.45,1126,23,0
1782178500,4192.46,4192.85,4189.96,4191.76,1138,23,0
1782178800,4191.77,4191.77,4189.47,4189.88,896,23,0
1782179100,4189.89,4190.20,4188.41,4188.66,957,23,0
1782179400,4188.66,4190.29,4188.53,4190.14,783,23,0
1782179700,4190.08,4190.65,4189.24,4189.91,861,23,0
1782180000,4189.91,4192.91,4189.53,4190.50,1100,23,0
1782180300,4190.50,4192.04,4190.29,4191.78,833,23,0
1782180600,4191.85,4192.06,4190.46,4190.93,551,23,0
1782180900,4190.93,4191.82,4190.50,4191.40,573,23,0
1782181200,4191.36,4191.89,4190.46,4190.54,569,23,0
1782181500,4190.54,4191.38,4190.26,4191.04,613,23,0
1782181800,4191.03,4192.59,4190.77,4192.37,685,23,0
1782182100,4192.39,4195.02,4192.11,4194.92,987,23,0
1782182400,4194.92,4195.33,4194.14,4194.94,742,23,0
1782182700,4194.94,4194.94,4189.93,4190.79,1289,23,0
1782183000,4190.79,4190.87,4186.80,4187.46,1670,23,0
1782183300,4187.45,4189.65,4187.20,4187.61,1045,23,0
1782183600,4187.61,4192.24,4186.78,4189.29,2268,23,0
1782183900,4189.29,4189.29,4183.66,4184.43,2150,23,0
1782184200,4184.42,4184.42,4178.33,4178.79,2215,23,0
1782184500,4178.80,4182.59,4178.76,4182.22,2044,23,0
1782184800,4182.21,4183.35,4178.82,4182.44,1852,23,0
1782185100,4182.43,4185.72,4180.23,4183.79,2151,23,0
1782185400,4183.80,4186.18,4182.75,4184.33,2167,23,0
1782185700,4184.24,4186.24,4182.20,4186.10,2106,23,0
1782186000,4186.09,4193.47,4184.07,4192.63,2208,23,0
1782186300,4192.63,4194.60,4190.71,4191.17,2566,23,0
1782186600,4191.16,4194.21,4190.12,4191.56,2203,23,0
1782186900,4191.56,4193.80,4190.07,4193.28,2319,23,0
1782187200,4193.29,4198.33,4189.75,4189.92,3143,23,0
1782187500,4189.96,4194.20,4185.09,4188.68,2681,23,0
1782187800,4188.63,4189.38,4185.03,4185.38,2474,23,0
1782188100,4185.28,4185.84,4172.20,4173.57,3057,23,0
1782188400,4173.52,4180.20,4170.88,4178.26,2798,23,0
1782188700,4178.24,4180.99,4176.73,4178.24,2451,23,0
1782189000,4178.20,4178.65,4168.37,4169.27,3064,23,0
1782189300,4169.27,4170.40,4160.81,4162.03,3034,23,0
1782189600,4161.98,4165.01,4153.54,4154.43,3173,23,0
1782189900,4154.36,4155.64,4150.20,4150.65,3020,23,0
1782190200,4150.59,4158.09,4150.12,4157.09,2990,23,0
1782190500,4157.17,4162.95,4155.93,4161.27,2889,23,0
1782190800,4161.30,4163.15,4156.75,4159.20,2726,23,0
1782191100,4159.21,4159.22,4150.96,4151.50,2895,23,0
1782191400,4151.52,4153.85,4149.01,4153.77,2686,23,0
1782191700,4153.63,4160.46,4153.42,4158.23,2262,23,0
1782192000,4158.24,4160.26,4157.64,4160.24,1816,23,0
1782192300,4160.24,4163.46,4159.18,4161.92,1958,23,0
1782192600,4161.92,4162.27,4156.62,4156.63,2668,23,0
1782192900,4156.46,4159.25,4156.05,4158.06,2192,23,0
1782193200,4158.06,4158.48,4152.37,4154.97,2486,23,0
1782193500,4154.98,4156.73,4152.09,4154.04,2498,23,0
1782193800,4154.03,4155.87,4151.78,4152.74,2245,23,0
1782194100,4152.74,4154.99,4146.60,4146.92,2475,23,0
1782194400,4146.92,4149.65,4140.04,4142.28,2985,23,0
1782194700,4142.28,4143.06,4139.55,4140.42,2455,23,0
1782195000,4140.43,4143.10,4138.80,4142.04,2432,23,0
1782195300,4142.04,4144.07,4132.41,4133.21,2741,23,0
1782195600,4133.23,4135.68,4130.85,4135.55,2647,23,0
1782195900,4135.57,4140.95,4134.16,4140.76,2383,23,0
1782196200,4140.77,4141.11,4138.71,4139.24,2131,23,0
1782196500,4139.26,4141.11,4133.60,4136.52,2313,23,0
1782196800,4136.52,4139.21,4134.89,4138.88,2008,23,0
1782197100,4138.88,4140.06,4136.60,4139.09,1897,23,0
1782197400,4139.09,4141.67,4138.93,4140.88,1636,23,0
1782197700,4140.88,4145.02,4139.62,4144.03,1860,23,0
1782198000,4144.04,4146.92,4143.88,4144.80,1765,23,0
1782198300,4144.81,4144.86,4142.98,4144.07,1514,23,0
1782198600,4144.05,4144.32,4141.90,4143.27,1613,23,0
1782198900,4143.26,4143.27,4139.11,4139.77,1602,23,0
1782199200,4139.77,4140.20,4137.85,4140.03,1640,23,0
1782199500,4140.04,4140.56,4137.22,4139.91,1661,23,0
1782199800,4139.91,4139.91,4135.36,4136.55,1919,23,0
1782200100,4136.42,4139.83,4135.22,4138.83,1927,23,0
1782200400,4138.86,4140.27,4137.12,4138.56,1533,23,0
1782200700,4138.67,4140.21,4138.17,4138.82,1409,23,0
1782201000,4138.82,4139.48,4134.35,4134.53,1560,23,0
1782201300,4134.53,4134.68,4114.84,4118.14,2568,23,0
1782201600,4118.12,4134.58,4115.41,4134.55,2878,23,0
1782201900,4134.54,4137.45,4127.27,4127.99,2254,23,0
1782202200,4127.99,4130.89,4126.67,4129.84,2082,23,0
1782202500,4129.83,4129.92,4126.19,4127.86,1917,23,0
1782202800,4127.86,4130.78,4126.59,4127.74,1878,23,0
1782203100,4127.75,4128.44,4123.61,4125.15,1916,23,0
1782203400,4125.16,4131.27,4117.31,4131.19,3446,23,0
1782203700,4131.24,4133.58,4125.02,4125.16,2965,23,0
1782204000,4125.18,4128.90,4121.12,4127.71,2835,23,0
1782204300,4127.70,4127.78,4117.51,4119.03,2704,23,0
1782204600,4118.97,4122.46,4117.43,4120.62,2764,23,0
1782204900,4120.62,4121.95,4116.86,4121.18,2723,23,0
1782205200,4121.21,4126.90,4119.76,4122.99,3113,23,0
1782205500,4122.98,4123.40,4113.26,4113.56,2867,23,0
1782205800,4113.57,4124.76,4111.21,4122.57,2984,23,0
1782206100,4122.58,4126.78,4121.35,4122.58,2662,23,0
1782206400,4122.58,4125.43,4117.49,4122.44,2312,23,0
1782206700,4122.43,4122.58,4114.49,4116.47,2724,23,0
1782207000,4116.50,4121.04,4114.86,4119.80,2812,23,0
1782207300,4119.81,4119.82,4113.56,4116.04,2648,23,0
1782207600,4116.07,4117.28,4110.80,4113.41,2581,23,0
1782207900,4113.40,4117.87,4110.34,4115.45,2711,23,0
1782208200,4115.47,4118.88,4115.42,4118.26,2395,23,0
1782208500,4118.25,4120.29,4113.84,4114.39,2616,23,0
1782208800,4114.32,4119.70,4110.21,4119.70,2964,23,0
1782209100,4119.70,4124.77,4118.62,4121.31,2507,23,0
1782209400,4121.34,4121.34,4112.13,4115.71,2493,23,0
1782209700,4115.70,4117.80,4113.68,4117.73,2349,23,0
1782210000,4117.73,4122.88,4117.28,4119.32,2288,23,0
1782210300,4119.32,4120.15,4117.88,4118.16,2099,23,0
1782210600,4118.13,4119.37,4115.13,4119.15,2553,23,0
1782210900,4119.15,4119.17,4110.81,4111.43,2586,23,0
1782211200,4111.44,4113.41,4103.85,4104.92,2753,23,0
1782211500,4104.91,4108.11,4104.23,4106.47,2529,23,0
1782211800,4106.47,4106.54,4098.44,4100.63,2579,23,0
1782212100,4100.62,4101.04,4096.66,4098.77,2547,23,0
1782212400,4098.77,4100.06,4091.45,4092.36,3117,23,0
1782212700,4092.33,4096.09,4090.84,4094.25,2740,23,0
1782213000,4094.21,4096.11,4091.89,4093.98,2538,23,0
1782213300,4093.98,4099.88,4092.39,4098.20,2573,23,0
1782213600,4098.19,4099.94,4096.16,4096.92,2393,23,0
1782213900,4097.03,4098.58,4094.81,4098.23,2522,23,0
1782214200,4098.22,4102.32,4096.79,4101.74,2537,23,0
1782214500,4101.74,4105.31,4100.57,4102.33,2505,23,0
1782214800,4102.33,4110.95,4102.19,4109.53,2396,23,0
1782215100,4109.54,4109.68,4101.85,4104.31,2459,23,0
1782215400,4104.30,4108.65,4102.49,4107.71,2086,23,0
1782215700,4107.71,4107.71,4102.61,4105.28,2082,23,0
1782216000,4105.26,4110.52,4103.98,4110.06,2289,23,0
1782216300,4110.05,4112.61,4108.85,4109.88,2215,23,0
1782216600,4109.87,4113.62,4109.26,4111.10,1917,23,0
1782216900,4111.10,4112.64,4108.94,4111.12,2007,23,0
1782217200,4111.14,4116.97,4111.14,4116.01,2068,23,0
1782217500,4116.01,4116.84,4111.93,4112.68,2185,23,0
1782217800,4112.68,4116.71,4112.22,4116.71,2088,23,0
1782218100,4116.71,4119.80,4115.31,4118.46,2084,23,0
1782218400,4118.44,4120.04,4116.81,4117.11,1900,23,0
1782218700,4117.11,4118.54,4116.36,4117.49,1801,23,0
1782219000,4117.49,4118.27,4115.45,4115.63,1683,23,0
1782219300,4115.64,4122.26,4115.36,4122.25,1824,23,0
1782219600,4122.26,4133.29,4122.26,4131.67,2400,23,0
1782219900,4131.67,4132.49,4126.95,4126.95,2023,23,0
1782220200,4126.97,4129.96,4126.93,4129.96,1796,23,0
1782220500,4129.89,4133.08,4128.65,4132.51,1884,23,0
1782220800,4132.55,4132.55,4127.86,4127.89,2008,23,0
1782221100,4127.92,4131.67,4126.76,4130.28,1841,23,0
1782221400,4130.28,4132.16,4129.27,4130.55,2032,23,0
1782221700,4130.54,4131.63,4126.91,4128.81,2068,23,0
1782222000,4128.80,4130.13,4124.41,4126.53,2182,23,0
1782222300,4126.53,4126.78,4123.53,4124.32,2214,23,0
1782222600,4124.32,4125.36,4121.91,4122.10,2225,23,0
1782222900,4122.10,4123.01,4119.63,4119.71,2074,23,0
1782223200,4119.74,4121.41,4117.43,4118.96,2508,23,0
1782223500,4119.00,4126.67,4118.47,4125.69,2381,23,0
1782223800,4125.69,4129.69,4125.00,4129.11,1878,23,0
1782224100,4129.11,4129.16,4125.37,4128.35,1959,23,0
1782224400,4128.36,4131.97,4124.40,4129.45,2483,23,0
1782224700,4129.41,4129.91,4125.23,4127.26,2114,23,0
1782225000,4127.27,4128.79,4123.41,4123.51,2152,23,0
1782225300,4123.51,4126.58,4120.35,4125.79,2366,23,0
1782225600,4125.79,4126.09,4118.58,4121.17,2374,23,0
1782225900,4121.18,4121.73,4118.32,4121.56,2047,23,0
1782226200,4121.58,4123.88,4119.01,4121.91,2407,23,0
1782226500,4121.92,4126.21,4119.79,4123.29,2281,23,0
1782226800,4123.28,4127.32,4122.38,4122.39,2420,23,0
1782227100,4122.35,4124.14,4119.58,4119.84,2256,23,0
1782227400,4119.82,4122.21,4113.01,4114.03,2347,23,0
1782227700,4114.03,4118.60,4111.73,4117.73,2346,23,0
1782228000,4117.73,4120.02,4112.64,4117.62,2769,23,0
1782228300,4117.62,4117.97,4113.87,4115.04,2336,23,0
1782228600,4115.05,4120.47,4114.21,4116.04,2477,23,0
1782228900,4115.73,4122.57,4115.68,4122.02,2378,23,0
1782229200,4122.03,4122.03,4117.63,4117.87,2238,23,0
1782229500,4117.89,4118.24,4113.18,4118.19,2227,23,0
1782229800,4118.17,4121.78,4116.19,4119.34,2351,23,0
1782230100,4119.29,4121.34,4112.47,4113.24,2376,23,0
1782230400,4113.24,4114.34,4108.02,4112.03,3157,23,0
1782230700,4112.03,4119.34,4111.38,4116.47,2880,23,0
1782231000,4116.51,4116.96,4112.23,4113.48,2618,23,0
1782231300,4113.45,4114.01,4106.46,4107.37,2624,23,0
1782231600,4107.36,4116.64,4105.36,4116.52,2828,23,0
1782231900,4116.52,4119.28,4114.15,4115.88,2762,23,0
1782232200,4115.90,4123.25,4110.14,4122.47,3761,23,0
1782232500,4122.49,4124.51,4118.27,4118.59,3680,23,0
1782232800,4118.65,4128.75,4118.31,4126.47,3277,23,0
1782233100,4126.48,4134.87,4124.54,4131.03,3510,23,0
1782233400,4131.05,4140.37,4130.75,4137.30,3367,23,0
1782233700,4137.20,4139.27,4131.72,4135.57,3419,23,0
1782234000,4135.46,4140.60,4133.38,4137.80,3356,23,0
1782234300,4137.75,4143.74,4135.28,4141.87,3288,23,0
1782234600,4141.92,4145.06,4133.18,4137.61,3345,23,0
1782234900,4137.65,4142.03,4132.99,4141.56,3213,23,0
1782235200,4141.53,4142.84,4134.15,4134.85,3390,23,0
1782235500,4134.87,4136.35,4128.71,4132.60,3410,23,0
1782235800,4132.61,4133.04,4124.69,4126.98,3269,23,0
1782236100,4126.87,4129.29,4122.88,4124.22,3360,23,0
1782236400,4124.28,4128.71,4123.04,4126.18,3383,23,0
1782236700,4126.22,4128.62,4124.90,4126.74,3307,23,0
1782237000,4126.75,4130.24,4123.74,4127.75,3357,23,0
1782237300,4127.75,4130.30,4125.23,4130.15,3217,23,0
1782237600,4130.14,4134.48,4128.76,4133.87,3213,23,0
1782237900,4133.91,4135.45,4123.63,4123.66,3136,23,0
1782238200,4123.65,4128.25,4123.48,4128.19,2991,23,0
1782238500,4128.19,4130.60,4127.09,4127.57,2702,23,0
1782238800,4127.55,4129.56,4123.83,4124.97,2653,23,0
1782239100,4124.99,4128.12,4124.15,4127.25,2633,23,0
1782239400,4127.20,4136.19,4126.58,4133.05,2970,23,0
1782239700,4133.05,4137.37,4132.81,4137.13,2930,23,0
1782240000,4137.27,4141.59,4136.69,4138.62,2863,23,0
1782240300,4138.79,4139.71,4133.86,4134.95,2628,23,0
1782240600,4134.94,4138.86,4134.11,4137.44,2573,23,0
1782240900,4137.44,4139.10,4136.08,4138.63,2528,23,0
1782241200,4138.62,4139.85,4136.11,4136.17,2136,23,0
1782241500,4136.19,4136.89,4133.76,4134.82,2086,23,0
1782241800,4134.83,4136.52,4134.15,4135.30,1912,23,0
1782242100,4135.29,4138.31,4132.92,4137.76,2254,23,0
1782242400,4137.64,4138.17,4135.37,4136.18,2196,23,0
1782242700,4136.17,4136.92,4135.37,4136.36,1885,23,0
1782243000,4136.37,4142.33,4135.02,4140.61,2258,23,0
1782243300,4140.59,4142.87,4139.58,4141.87,2039,23,0
1782243600,4141.88,4143.67,4140.27,4143.29,2101,23,0
1782243900,4143.28,4143.82,4139.37,4140.29,1981,23,0
1782244200,4140.29,4140.78,4138.86,4139.51,1870,23,0
1782244500,4139.54,4140.22,4131.56,4134.31,2525,23,0
1782244800,4134.30,4134.55,4130.79,4132.55,2326,23,0
1782245100,4132.56,4134.62,4129.97,4132.42,2074,23,0
1782245400,4132.44,4139.76,4132.38,4138.49,2156,23,0
1782245700,4138.50,4138.54,4135.34,4136.57,1797,23,0
1782246000,4136.57,4137.85,4133.21,4133.52,2268,23,0
1782246300,4133.51,4133.66,4129.99,4131.06,2351,23,0
1782246600,4131.07,4131.53,4127.77,4130.03,2295,23,0
1782246900,4130.03,4130.92,4128.85,4129.89,1949,23,0
1782247200,4129.88,4132.31,4129.05,4132.24,1829,23,0
1782247500,4132.04,4133.08,4130.84,4131.90,1829,23,0
1782247800,4131.90,4132.20,4128.28,4128.52,1887,23,0
1782248100,4128.54,4129.57,4127.79,4128.00,2081,23,0
1782248400,4127.99,4131.04,4126.48,4127.00,2032,23,0
1782248700,4126.99,4127.65,4123.92,4125.06,1777,23,0
1782249000,4125.07,4126.08,4124.03,4124.32,1703,23,0
1782249300,4124.32,4125.57,4123.71,4124.53,1692,23,0
1782249600,4124.48,4125.42,4122.67,4123.70,1724,23,0
1782249900,4123.72,4123.72,4120.59,4121.03,1904,23,0
1782250200,4121.03,4122.63,4119.60,4121.39,1707,23,0
1782250500,4121.40,4122.68,4119.87,4119.87,1553,23,0
1782250800,4119.88,4120.20,4115.97,4115.99,2113,23,0
1782251100,4115.99,4116.48,4112.85,4114.82,2147,23,0
1782251400,4114.82,4117.31,4114.00,4115.71,2129,23,0
1782251700,4115.74,4118.07,4114.87,4117.75,2185,23,0
1782252000,4117.76,4124.42,4116.82,4123.24,2329,23,0
1782252300,4123.22,4126.04,4121.12,4122.22,2406,23,0
1782252600,4122.22,4123.32,4120.86,4121.25,2442,23,0
1782252900,4121.25,4121.68,4117.44,4117.69,2017,23,0
1782253200,4117.69,4122.18,4117.69,4120.63,2300,23,0
1782253500,4120.63,4122.35,4120.29,4121.75,2403,23,0
1782253800,4121.74,4123.31,4120.56,4121.77,2339,23,0
1782254100,4121.77,4124.28,4121.36,4122.50,2154,23,0
1782254400,4122.50,4122.79,4120.65,4120.95,2066,23,0
1782254700,4120.95,4121.20,4117.83,4120.22,2227,23,0
1782255000,4120.23,4120.58,4113.82,4115.54,2608,23,0
1782255300,4115.56,4116.13,4111.62,4111.70,2802,23,0
1782255600,4111.71,4112.09,4108.68,4111.40,1661,23,0
1782255900,4111.40,4112.86,4110.91,4112.33,1342,23,0
1782256200,4112.32,4112.87,4109.95,4110.03,1001,23,0
1782256500,4110.04,4110.17,4107.99,4109.78,1040,23,0
1782256800,4109.78,4110.84,4107.45,4108.75,1054,23,0
1782257100,4108.74,4111.19,4108.43,4110.79,971,23,0
1782257400,4110.77,4111.33,4108.99,4110.19,662,28,0
1782257700,4110.18,4110.80,4109.37,4110.73,740,28,0
1782258000,4110.73,4111.68,4109.01,4110.59,968,28,0
1782258300,4110.58,4111.26,4110.12,4110.32,991,28,0
1782258600,4110.32,4111.28,4109.36,4109.40,807,28,0
1782258900,4109.40,4109.78,4108.67,4109.62,511,28,0
1782262800,4112.99,4114.12,4111.00,4111.39,1267,28,0
1782263100,4111.39,4114.23,4111.18,4112.41,914,28,0
1782263400,4112.38,4113.81,4112.17,4113.79,716,28,0
1782263700,4113.78,4114.92,4111.06,4111.29,1419,28,0
1782264000,4111.31,4112.03,4105.24,4106.25,1826,28,0
1782264300,4106.26,4110.67,4104.86,4105.92,1791,28,0
1782264600,4105.92,4108.37,4097.08,4098.75,1934,23,0
1782264900,4098.76,4103.13,4098.76,4101.05,2106,23,0
1782265200,4101.05,4104.44,4099.60,4104.25,1933,23,0
1782265500,4104.19,4108.07,4103.78,4105.89,1869,23,0
1782265800,4105.88,4109.07,4105.88,4106.33,1659,23,0
1782266100,4106.29,4107.25,4103.65,4104.32,1637,23,0
1782266400,4104.34,4104.38,4099.05,4100.22,1679,23,0
1782266700,4100.21,4100.34,4095.06,4096.68,2014,23,0
1782267000,4096.68,4101.60,4096.33,4099.71,1783,23,0
1782267300,4099.72,4100.84,4097.14,4100.14,1354,23,0
1782267600,4100.14,4100.22,4098.27,4099.31,1226,23,0
1782267900,4099.31,4099.75,4097.31,4097.53,1190,23,0
1782268200,4097.54,4098.23,4093.76,4094.91,1754,23,0
1782268500,4094.91,4095.39,4080.99,4083.97,2340,23,0
1782268800,4083.98,4087.33,4080.87,4086.33,2850,23,0
1782269100,4086.34,4097.79,4085.95,4095.81,2752,23,0
1782269400,4095.77,4099.90,4094.55,4096.05,2255,23,0
1782269700,4096.01,4100.35,4095.94,4099.16,1973,23,0
1782270000,4099.25,4105.14,4094.59,4102.29,3130,23,0
1782270300,4102.29,4112.02,4101.00,4110.25,3067,23,0
1782270600,4110.25,4111.51,4104.66,4107.25,2860,23,0
1782270900,4107.25,4109.48,4103.29,4103.90,2761,23,0
1782271200,4103.93,4104.64,4096.35,4096.37,2676,23,0
1782271500,4096.37,4100.25,4093.75,4099.70,2746,23,0
1782271800,4099.73,4100.39,4094.72,4096.98,2513,23,0
1782272100,4096.99,4098.17,4094.49,4096.94,2343,23,0
1782272400,4096.91,4097.00,4093.79,4095.19,2338,23,0
1782272700,4095.19,4099.93,4094.82,4098.57,2711,23,0
1782273000,4098.57,4099.81,4094.51,4095.96,2691,23,0
1782273300,4095.93,4098.85,4094.32,4097.24,2591,23,0
1782273600,4097.24,4097.87,4069.25,4073.50,3911,23,0
1782273900,4073.53,4083.16,4068.49,4077.25,3618,23,0
1782274200,4077.25,4091.89,4077.25,4089.71,3332,23,0
1782274500,4089.70,4091.09,4085.03,4088.38,3191,23,0
1782274800,4088.40,4090.38,4083.57,4088.31,3011,23,0
1782275100,4088.31,4100.76,4088.31,4098.45,3312,23,0
1782275400,4098.46,4102.24,4093.44,4098.15,3461,23,0
1782275700,4098.21,4099.23,4092.76,4094.91,3014,23,0
1782276000,4095.02,4098.47,4091.86,4092.79,3169,23,0
1782276300,4092.79,4093.02,4085.79,4086.04,3136,23,0
1782276600,4086.03,4087.89,4082.36,4085.74,3037,23,0
1782276900,4085.77,4090.15,4084.52,4089.04,2770,23,0
1782277200,4089.03,4095.92,4086.35,4087.45,3000,23,0
1782277500,4087.46,4087.71,4080.14,4081.03,2755,23,0
1782277800,4081.03,4084.43,4079.83,4080.10,2427,23,0
1782278100,4080.11,4081.10,4073.03,4074.28,2374,23,0
1782278400,4074.29,4076.40,4072.75,4075.63,2206,23,0
1782278700,4075.71,4076.61,4071.32,4073.58,2056,23,0
1782279000,4073.58,4076.49,4063.42,4068.98,3031,23,0
1782279300,4068.98,4070.84,4059.98,4060.72,2896,23,0
1782279600,4060.75,4062.10,4052.14,4057.25,2867,23,0
1782279900,4057.26,4061.37,4054.91,4058.60,2636,23,0
1782280200,4058.59,4065.47,4056.60,4065.15,2782,23,0
1782280500,4065.15,4069.53,4061.06,4061.14,2748,23,0
1782280800,4061.14,4065.46,4055.86,4056.01,2882,23,0
1782281100,4056.03,4058.82,4052.74,4058.36,2826,23,0
1782281400,4058.44,4060.59,4056.37,4057.68,2779,23,0
1782281700,4057.67,4058.92,4050.40,4052.74,2756,23,0
1782282000,4052.74,4056.46,4051.68,4053.09,2606,23,0
1782282300,4053.11,4057.03,4051.51,4056.67,2749,23,0
1782282600,4056.56,4060.74,4055.71,4060.34,2771,23,0
1782282900,4060.34,4062.36,4059.76,4062.11,2312,23,0
1782283200,4062.10,4069.71,4061.38,4068.47,2595,23,0
1782283500,4068.52,4070.62,4064.08,4066.75,2271,23,0
1782283800,4066.74,4068.07,4062.77,4063.54,2174,23,0
1782284100,4063.54,4063.69,4062.00,4062.75,1854,23,0
1782284400,4062.75,4063.81,4058.42,4058.91,2202,23,0
1782284700,4058.91,4061.10,4056.11,4058.51,2353,23,0
1782285000,4058.50,4058.88,4055.80,4058.88,1917,23,0
1782285300,4058.88,4060.17,4055.07,4055.61,2185,23,0
1782285600,4055.61,4062.76,4055.04,4061.13,2351,23,0
1782285900,4061.09,4067.18,4061.06,4063.17,2164,23,0
1782286200,4063.17,4065.86,4063.17,4065.12,2052,23,0
1782286500,4065.11,4066.27,4062.62,4064.88,2035,23,0
1782286800,4064.90,4066.68,4063.27,4063.66,1900,23,0
1782287100,4063.66,4066.05,4062.45,4063.57,1672,23,0
1782287400,4063.57,4063.99,4061.94,4063.26,1613,23,0
1782287700,4063.28,4066.92,4062.57,4064.46,1775,23,0
1782288000,4064.46,4065.15,4061.21,4061.98,1964,23,0
1782288300,4061.99,4069.99,4060.76,4069.37,2141,23,0
1782288600,4069.36,4069.69,4066.19,4067.68,2115,23,0
1782288900,4067.68,4068.82,4065.56,4065.59,2074,23,0
1782289200,4065.58,4072.63,4065.58,4070.84,2178,23,0
1782289500,4070.84,4074.48,4070.31,4073.50,2134,23,0
1782289800,4073.50,4086.15,4072.42,4082.12,3104,23,0
1782290100,4082.12,4082.56,4075.98,4077.48,2551,23,0
1782290400,4077.47,4077.78,4072.33,4077.27,2561,23,0
1782290700,4077.27,4080.08,4073.95,4074.85,2389,23,0
1782291000,4074.85,4076.17,4071.42,4073.38,2328,23,0
1782291300,4073.40,4077.00,4072.47,4075.86,2295,23,0
1782291600,4075.86,4080.99,4075.86,4077.83,2919,23,0
1782291900,4077.88,4091.78,4077.52,4090.64,3039,23,0
1782292200,4090.64,4097.11,4089.04,4095.96,3055,23,0
1782292500,4095.99,4097.54,4085.03,4087.19,2762,23,0
1782292800,4087.23,4089.52,4085.57,4088.67,2484,23,0
1782293100,4088.68,4090.64,4083.44,4087.60,2565,23,0
1782293400,4087.57,4088.27,4084.50,4087.77,2461,23,0
1782293700,4087.78,4091.86,4087.74,4089.24,2339,23,0
1782294000,4089.24,4093.97,4089.13,4091.82,2250,23,0
1782294300,4091.82,4094.58,4089.10,4089.10,2399,23,0
1782294600,4089.10,4091.57,4084.58,4089.70,2220,23,0
1782294900,4089.60,4090.69,4084.46,4087.07,2194,23,0
1782295200,4087.07,4089.84,4085.40,4088.95,2543,23,0
1782295500,4088.97,4090.78,4086.76,4088.31,2180,23,0
1782295800,4088.33,4089.03,4086.07,4086.15,1892,23,0
1782296100,4086.15,4087.72,4084.59,4086.16,1912,23,0
1782296400,4086.16,4087.01,4083.74,4085.11,1827,23,0
1782296700,4085.12,4086.17,4083.23,4084.40,1769,23,0
1782297000,4084.38,4085.32,4080.46,4080.60,1976,23,0
1782297300,4080.59,4080.99,4076.02,4078.82,2222,23,0
1782297600,4078.81,4083.42,4076.76,4082.39,2185,23,0
1782297900,4082.39,4086.13,4080.74,4084.67,2052,23,0
1782298200,4084.67,4085.58,4075.93,4078.84,2059,23,0
1782298500,4078.85,4079.24,4073.72,4074.83,2004,23,0
1782298800,4074.83,4078.16,4074.00,4077.65,2401,23,0
1782299100,4077.65,4077.71,4075.18,4075.49,1972,23,0
1782299400,4075.50,4076.92,4073.13,4074.00,2169,23,0
1782299700,4074.00,4076.82,4073.25,4073.64,2032,23,0
1782300000,4073.58,4077.76,4073.54,4076.99,2049,23,0
1782300300,4077.00,4080.69,4076.35,4080.49,2287,23,0
1782300600,4080.54,4087.55,4079.97,4084.24,2240,23,0
1782300900,4084.25,4085.47,4079.20,4082.13,2219,23,0
1782301200,4082.20,4084.99,4081.42,4083.08,1863,23,0
1782301500,4083.04,4083.40,4077.40,4078.85,1973,23,0
1782301800,4078.84,4080.39,4076.22,4076.76,1947,23,0
1782302100,4076.76,4078.21,4075.55,4076.28,1714,23,0
1782302400,4076.27,4078.38,4074.08,4074.55,2035,23,0
1782302700,4074.55,4075.52,4069.92,4069.94,2019,23,0
1782303000,4069.91,4076.96,4069.91,4076.28,2130,23,0
1782303300,4076.25,4079.11,4075.45,4078.45,1851,23,0
1782303600,4078.43,4078.57,4073.45,4074.44,1581,23,0
1782303900,4074.43,4074.58,4068.36,4069.31,2152,23,0
1782304200,4069.31,4072.15,4068.73,4070.52,2094,23,0
1782304500,4070.52,4071.23,4067.28,4068.23,1821,23,0
1782304800,4068.23,4069.60,4065.48,4068.36,1903,23,0
1782305100,4068.35,4070.28,4065.65,4069.17,1822,23,0
1782305400,4069.14,4071.05,4068.00,4068.65,1854,23,0
1782305700,4068.65,4068.78,4064.20,4064.59,1707,23,0
1782306000,4064.57,4066.27,4059.51,4062.05,2307,23,0
1782306300,4062.06,4062.56,4059.54,4059.98,2058,23,0
1782306600,4059.98,4062.32,4059.02,4061.07,1865,23,0
1782306900,4061.08,4061.08,4055.07,4059.07,2452,23,0
1782307200,4059.07,4060.58,4056.28,4057.83,1977,23,0
1782307500,4057.84,4060.85,4057.16,4060.85,1933,23,0
1782307800,4060.85,4063.14,4060.84,4061.80,1906,23,0
1782308100,4061.80,4061.99,4056.61,4058.19,1961,23,0
1782308400,4058.21,4066.86,4057.88,4064.86,2197,23,0
1782308700,4064.85,4065.72,4061.79,4063.40,1870,23,0
1782309000,4063.40,4063.47,4056.91,4058.67,1914,23,0
1782309300,4058.63,4058.63,4054.69,4055.60,1969,23,0
1782309600,4055.59,4058.50,4051.01,4052.08,2319,23,0
1782309900,4052.06,4053.53,4048.05,4049.17,2480,23,0
1782310200,4049.16,4053.56,4044.73,4045.77,2223,23,0
1782310500,4045.79,4046.79,4037.52,4041.89,2977,23,0
1782310800,4041.89,4046.49,4039.82,4046.47,2311,23,0
1782311100,4046.51,4046.83,4038.62,4044.24,2527,23,0
1782311400,4044.23,4048.01,4043.64,4044.24,2569,23,0
1782311700,4044.23,4051.39,4043.43,4050.02,2572,23,0
1782312000,4050.03,4051.40,4045.71,4045.97,2392,23,0
1782312300,4045.97,4046.58,4039.15,4044.93,2833,23,0
1782312600,4044.96,4056.17,4044.45,4054.64,3026,23,0
1782312900,4054.64,4054.68,4045.65,4046.63,2940,23,0
1782313200,4046.67,4048.71,4042.34,4044.62,2885,23,0
1782313500,4044.62,4045.69,4035.26,4040.71,2833,23,0
1782313800,4040.69,4044.86,4038.03,4038.11,2782,23,0
1782314100,4038.13,4041.92,4035.33,4041.13,2744,23,0
1782314400,4041.07,4041.17,4032.55,4032.89,2842,23,0
1782314700,4032.88,4033.38,4006.26,4015.17,3592,23,0
1782315000,4015.18,4020.79,4009.17,4019.18,3156,23,0
1782315300,4019.15,4019.26,4007.20,4011.76,3100,23,0
1782315600,4011.71,4015.02,4007.49,4013.39,2851,23,0
1782315900,4013.40,4017.54,4003.12,4004.10,3080,23,0
1782316200,4004.11,4008.05,3999.85,4003.87,3204,23,0
1782316500,4003.86,4004.24,3987.62,3987.76,3242,23,0
1782316800,3987.76,3995.59,3971.80,3979.93,4209,23,0
1782317100,3979.90,3986.94,3971.84,3977.23,3822,23,0
1782317400,3977.27,3978.93,3966.96,3971.68,3687,23,0
1782317700,3971.70,3977.15,3965.07,3976.47,3532,23,0
1782318000,3976.45,3976.50,3964.54,3973.82,3423,23,0
1782318300,3973.82,3976.19,3969.81,3975.46,3388,23,0
1782318600,3975.45,3996.23,3974.19,3986.71,3921,23,0
1782318900,3986.66,4007.10,3985.70,4005.12,3878,23,0
1782319200,4005.14,4018.00,4000.77,4015.39,3743,23,0
1782319500,4015.38,4020.47,4009.29,4019.72,3902,23,0
1782319800,4019.70,4034.06,4018.50,4029.14,3880,23,0
1782320100,4029.12,4042.05,4023.73,4038.31,3707,23,0
1782320400,4038.31,4041.03,4021.72,4024.54,3782,23,0
1782320700,4024.42,4030.79,4021.79,4027.82,3678,23,0
1782321000,4027.80,4031.53,4019.00,4019.94,3677,23,0
1782321300,4019.88,4021.20,4015.12,4018.32,3532,23,0
1782321600,4018.23,4025.14,4014.35,4023.94,3475,23,0
1782321900,4023.86,4027.94,4021.05,4023.69,3377,23,0
1782322200,4023.70,4034.45,4023.44,4030.83,3405,23,0
1782322500,4030.84,4032.14,4018.53,4019.61,3414,23,0
1782322800,4019.62,4021.73,4011.06,4015.76,3348,23,0
1782323100,4015.78,4015.78,4009.59,4011.14,3235,23,0
1782323400,4011.14,4012.96,4005.57,4006.16,3047,23,0
1782323700,4006.15,4008.29,4002.94,4007.99,3129,23,0
1782324000,4007.98,4010.10,4000.99,4003.82,3352,23,0
1782324300,4003.81,4004.03,3997.28,3999.80,3172,23,0
1782324600,3999.78,4003.88,3997.75,4001.84,3139,23,0
1782324900,4001.84,4011.10,3999.51,4010.86,2964,23,0
1782325200,4010.90,4014.55,4007.86,4008.95,3123,23,0
1782325500,4008.94,4014.77,4003.85,4014.73,3202,23,0
1782325800,4014.77,4015.27,4006.30,4008.90,3036,23,0
1782326100,4008.91,4010.36,4006.39,4006.91,2771,23,0
1782326400,4006.87,4006.87,4001.24,4006.31,3055,23,0
1782326700,4006.19,4014.75,4004.09,4013.07,3172,23,0
1782327000,4013.07,4016.74,4003.00,4005.02,2983,23,0
1782327300,4005.01,4005.70,4000.00,4002.43,2861,23,0
1782327600,4002.43,4005.57,3999.74,4002.03,3078,23,0
1782327900,4001.93,4006.48,3995.55,4000.37,2907,23,0
1782328200,4000.37,4004.16,3999.42,4002.67,2687,23,0
1782328500,4002.66,4005.93,4001.67,4002.64,2710,23,0
1782328800,4002.63,4013.01,4002.44,4010.86,2657,23,0
1782329100,4010.87,4016.94,4009.84,4016.03,2643,23,0
1782329400,4016.04,4019.17,4013.04,4014.78,2739,23,0
1782329700,4014.78,4022.18,4014.78,4018.03,2949,23,0
1782330000,4018.03,4019.72,4009.43,4011.50,2871,23,0
1782330300,4011.53,4012.10,4007.40,4007.45,2567,23,0
1782330600,4007.43,4010.99,4007.19,4007.64,2628,23,0
1782330900,4007.65,4008.97,4006.13,4006.63,2382,23,0
1782331200,4006.63,4011.21,4005.51,4009.43,2674,23,0
1782331500,4009.42,4010.69,4004.48,4006.86,2712,23,0
1782331800,4006.87,4009.63,4005.47,4005.72,2522,23,0
1782332100,4005.72,4007.13,3999.80,3999.97,2778,23,0
1782332400,3999.97,4001.20,3993.02,3993.02,3206,23,0
1782332700,3993.00,3996.28,3990.03,3990.51,3446,23,0
1782333000,3990.50,3990.89,3983.75,3986.04,3381,23,0
1782333300,3986.05,3987.94,3983.07,3985.91,3120,23,0
1782333600,3985.91,3986.63,3983.00,3984.35,3056,23,0
1782333900,3984.35,3986.82,3980.10,3980.18,3002,23,0
1782334200,3980.18,3981.78,3976.74,3979.86,3182,23,0
1782334500,3979.87,3982.19,3972.68,3972.73,3282,23,0
1782334800,3972.73,3975.31,3959.20,3966.59,3862,23,0
1782335100,3966.59,3984.10,3966.59,3984.09,3452,23,0
1782335400,3984.08,3992.50,3981.03,3988.87,3509,23,0
1782335700,3988.86,3992.36,3986.41,3987.21,3372,23,0
1782336000,3987.21,3987.58,3979.49,3987.01,3004,23,0
1782336300,3987.02,3991.91,3986.42,3990.06,2960,23,0
1782336600,3990.20,3994.21,3986.84,3988.68,2825,23,0
1782336900,3988.69,3989.49,3983.38,3984.57,2709,23,0
1782337200,3984.57,3985.42,3981.46,3983.47,2552,23,0
1782337500,3983.47,3983.47,3977.29,3979.31,2635,23,0
1782337800,3979.25,3982.13,3976.88,3981.61,2777,23,0
1782338100,3981.61,3984.21,3980.05,3981.34,2622,23,0
1782338400,3981.35,3984.99,3977.94,3982.67,2934,23,0
1782338700,3982.61,3983.47,3976.51,3976.76,2749,23,0
1782339000,3976.76,3977.12,3973.53,3976.33,2605,23,0
1782339300,3976.33,3977.54,3973.92,3977.43,2452,23,0
1782339600,3977.44,3979.88,3976.60,3978.89,2498,23,0
1782339900,3978.89,3984.31,3978.45,3984.01,2419,23,0
1782340200,3984.01,3988.62,3983.88,3985.57,2632,23,0
1782340500,3985.58,3985.88,3980.96,3982.62,2580,23,0
1782340800,3982.61,3983.59,3979.47,3982.70,2512,23,0
1782341100,3982.70,3984.69,3981.16,3981.83,2600,23,0
1782341400,3981.84,3990.77,3980.97,3990.61,2899,23,0
1782341700,3990.61,3990.64,3984.69,3988.12,2848,23,0
1782342000,3988.00,3998.36,3984.70,3997.33,2893,23,0
1782342300,3997.34,4002.74,3996.88,3998.88,2667,23,0
1782342600,3998.88,4001.02,3994.64,3995.22,2230,23,0
1782342900,3995.24,3995.79,3992.23,3992.91,1763,23,0
1782343200,3992.92,3999.13,3992.67,3998.47,1921,23,0
1782343500,3998.47,4000.90,3996.99,4000.06,1992,23,0
1782343800,4000.03,4001.17,3997.66,3998.50,1755,28,0
1782344100,3998.51,4001.23,3995.73,3995.95,1583,28,0
1782344400,3995.94,3999.16,3995.94,3998.77,1481,28,0
1782344700,3998.77,4000.36,3997.07,3997.14,1467,28,0
1782345000,3997.14,3999.81,3996.57,3999.32,1397,28,0
1782345300,3999.32,4001.21,3998.28,4000.97,797,28,0
1782349200,4003.38,4008.71,4003.17,4007.42,1588,28,0
1782349500,4007.41,4007.48,4001.20,4003.70,1326,28,0
1782349800,4003.70,4005.00,4000.79,4001.64,1168,28,0
1782350100,4001.61,4001.97,4000.43,4000.92,1050,28,0
1782350400,4000.92,4002.47,4000.51,4001.82,922,28,0
1782350700,4001.82,4002.79,4000.37,4001.94,1024,28,0
1782351000,4001.97,4004.64,3999.54,4004.17,1484,23,0
1782351300,4004.20,4006.69,4001.93,4002.72,1555,23,0
1782351600,4002.67,4003.99,4001.67,4002.29,1576,23,0
1782351900,4002.30,4002.59,3997.82,3997.85,1520,23,0
1782352200,3997.82,3999.04,3994.63,3995.00,1610,23,0
1782352500,3994.97,3997.06,3992.88,3996.33,1221,23,0
1782352800,3996.32,3998.61,3993.82,3995.33,2084,23,0
1782353100,3995.36,3995.37,3990.87,3993.79,1749,23,0
1782353400,3993.80,3995.26,3992.07,3995.05,1566,23,0
1782353700,3995.05,3998.90,3995.00,3997.73,1585,23,0
1782354000,3997.73,4000.09,3997.51,3999.81,1116,23,0
1782354300,3999.81,4000.53,3996.96,3998.11,1232,23,0
1782354600,3998.10,4008.73,3997.99,4008.73,1566,23,0
1782354900,4008.72,4018.62,4008.03,4015.83,2173,23,0
1782355200,4015.84,4016.60,4010.72,4014.39,1803,23,0
1782355500,4014.40,4017.63,4010.04,4010.78,2103,23,0
1782355800,4010.75,4013.55,4009.83,4010.58,1816,23,0
1782356100,4010.57,4013.31,4009.50,4012.35,1749,23,0
1782356400,4012.36,4014.40,4009.08,4013.30,2636,23,0
1782356700,4013.30,4015.77,4011.10,4015.03,2734,23,0
1782357000,4015.03,4016.39,4003.88,4005.44,2615,23,0
1782357300,4005.44,4006.24,4000.58,4002.44,2894,23,0
1782357600,4002.44,4005.35,4000.40,4001.35,2498,23,0
1782357900,4001.32,4002.56,3995.37,3996.37,2505,23,0
1782358200,3996.40,3996.40,3987.81,3987.81,2489,23,0
1782358500,3987.81,3987.83,3981.57,3982.54,2675,23,0
1782358800,3982.55,3987.65,3981.46,3985.47,2326,23,0
1782359100,3985.46,3986.22,3978.56,3983.55,2598,23,0
1782359400,3983.55,4000.47,3982.53,3999.59,2850,23,0
1782359700,3999.55,4001.23,3988.45,3991.42,2999,23,0
1782360000,3991.41,4005.86,3988.82,3996.90,3896,23,0
1782360300,3996.93,3997.45,3987.72,3991.32,3632,23,0
1782360600,3991.31,3991.81,3982.43,3986.84,3351,23,0
1782360900,3986.84,3994.85,3983.91,3994.25,3505,23,0
1782361200,3994.25,3999.50,3993.80,3995.76,3292,23,0
1782361500,3995.77,4000.03,3990.43,3990.70,3230,23,0
1782361800,3990.68,3995.80,3982.25,3983.47,3399,23,0
1782362100,3983.46,3988.37,3977.15,3987.23,3215,23,0
1782362400,3987.22,3987.32,3979.67,3981.78,3092,23,0
1782362700,3981.78,3987.20,3978.27,3985.44,3010,23,0
1782363000,3985.42,3988.60,3978.66,3980.51,3039,23,0
1782363300,3980.57,3983.38,3972.50,3976.67,3121,23,0
1782363600,3976.73,3981.75,3973.46,3975.23,3164,23,0
1782363900,3975.22,3975.81,3963.91,3965.82,3292,23,0
1782364200,3965.79,3970.87,3963.59,3967.83,3180,23,0
1782364500,3967.83,3981.84,3967.40,3981.21,2808,23,0
1782364800,3981.21,3991.16,3980.79,3984.78,2869,23,0
1782365100,3984.78,3987.69,3984.09,3986.40,2403,23,0
1782365400,3986.40,3986.66,3978.28,3983.33,3066,23,0
1782365700,3983.33,3988.15,3982.48,3984.65,2717,23,0
1782366000,3984.64,3984.93,3974.67,3978.51,2837,23,0
1782366300,3978.55,3984.08,3976.63,3983.18,2806,23,0
1782366600,3983.21,3983.43,3975.69,3979.11,2667,23,0
1782366900,3979.10,3984.33,3977.46,3983.29,2601,23,0
1782367200,3983.11,3989.27,3981.12,3981.81,2843,23,0
1782367500,3981.83,3981.83,3973.32,3973.40,2826,23,0
1782367800,3973.36,3973.82,3966.26,3970.62,2861,23,0
1782368100,3970.60,3982.41,3967.69,3981.90,2777,23,0
1782368400,3981.89,3983.09,3973.04,3973.22,2778,23,0
1782368700,3973.20,3977.12,3972.30,3976.33,2648,23,0
1782369000,3976.33,3977.21,3971.60,3975.60,2412,23,0
1782369300,3975.62,3975.73,3968.92,3971.34,2196,23,0
1782369600,3971.33,3975.20,3970.12,3975.17,2026,23,0
1782369900,3975.18,3987.32,3974.52,3986.56,2331,23,0
1782370200,3986.57,3998.86,3986.33,3997.36,2652,23,0
1782370500,3997.34,4001.11,3993.76,3995.54,2257,23,0
1782370800,3995.54,3997.52,3993.55,3994.08,2249,23,0
1782371100,3994.12,3996.83,3992.64,3995.59,2001,23,0
1782371400,3995.59,3995.61,3989.48,3989.48,2175,23,0
1782371700,3989.47,3991.70,3987.65,3991.51,2144,23,0
1782372000,3991.51,3997.14,3990.52,3995.46,1943,23,0
1782372300,3995.47,3997.58,3993.61,3994.53,1742,23,0
1782372600,3994.53,3995.94,3989.90,3990.68,1822,23,0
1782372900,3990.68,3991.05,3987.46,3987.58,1589,23,0
1782373200,3987.57,3992.00,3983.61,3992.00,2067,23,0
1782373500,3992.00,3995.63,3991.34,3992.30,2008,23,0
1782373800,3992.29,3997.20,3992.29,3995.62,1520,23,0
1782374100,3995.62,3996.21,3994.63,3996.03,1492,23,0
1782374400,3996.02,3998.15,3994.54,3996.95,1978,23,0
1782374700,3996.94,3999.20,3992.22,3999.13,2271,23,0
1782375000,3999.15,3999.98,3996.33,3998.25,2090,23,0
1782375300,3998.25,3998.51,3989.14,3992.26,2160,23,0
1782375600,3992.26,3995.15,3991.24,3995.15,1957,23,0
1782375900,3995.13,3998.96,3990.75,3994.80,2480,23,0
1782376200,3994.67,3997.56,3985.75,3995.03,3241,23,0
1782376500,3995.03,3996.00,3984.57,3985.02,2722,23,0
1782376800,3985.02,3986.51,3981.80,3983.14,2619,23,0
1782377100,3983.18,3984.37,3980.41,3983.25,2627,23,0
1782377400,3983.25,3989.00,3982.57,3988.40,2529,23,0
1782377700,3988.37,3991.70,3986.34,3986.41,2560,23,0
1782378000,3986.41,3988.04,3981.93,3986.57,2448,23,0
1782378300,3986.57,3989.14,3983.04,3986.08,2530,23,0
1782378600,3986.08,3986.33,3979.94,3980.17,2499,23,0
1782378900,3980.15,3980.34,3974.62,3974.72,2692,23,0
1782379200,3974.79,3981.74,3974.07,3979.16,2587,23,0
1782379500,3979.16,3986.89,3978.30,3984.30,2536,23,0
1782379800,3984.30,3985.10,3978.29,3980.14,2705,23,0
1782380100,3980.13,3981.19,3976.69,3980.59,2427,23,0
1782380400,3980.62,3983.74,3977.61,3982.23,2262,23,0
1782380700,3982.20,3984.26,3980.65,3982.88,2235,23,0
1782381000,3982.87,3984.13,3977.69,3977.69,2246,23,0
1782381300,3977.69,3981.17,3975.92,3977.24,2352,23,0
1782381600,3977.38,3979.90,3973.52,3979.82,2476,23,0
1782381900,3979.88,3985.30,3978.51,3984.81,2269,23,0
1782382200,3984.80,3986.03,3978.62,3979.98,2129,23,0
1782382500,3979.97,3984.82,3977.55,3984.82,1850,23,0
1782382800,3984.82,3986.75,3979.74,3983.92,2086,23,0
1782383100,3983.92,3989.76,3982.04,3985.12,2229,23,0
1782383400,3985.12,3989.42,3982.30,3983.16,2299,23,0
1782383700,3983.15,3985.17,3978.15,3978.15,1916,23,0
1782384000,3978.16,3981.60,3973.62,3974.54,2066,23,0
1782384300,3974.55,3977.52,3971.43,3977.43,2062,23,0
1782384600,3977.43,3977.66,3974.75,3977.06,1876,23,0
1782384900,3977.05,3988.99,3976.86,3987.87,2100,23,0
1782385200,3987.83,3995.26,3987.27,3990.13,2688,23,0
1782385500,3990.13,3992.76,3987.59,3988.13,2260,23,0
1782385800,3988.14,3989.46,3984.27,3986.92,2182,23,0
1782386100,3986.91,3995.05,3986.25,3994.55,2119,23,0
1782386400,3994.55,4001.34,3994.48,3996.97,2521,23,0
1782386700,3996.98,3996.98,3992.54,3993.69,2165,23,0
1782387000,3993.69,4000.82,3993.69,4000.74,2259,23,0
1782387300,4000.75,4001.86,3996.11,4001.44,1944,23,0
1782387600,4001.45,4002.02,3998.39,3999.59,1779,23,0
1782387900,3999.57,3999.79,3991.69,3992.53,2022,23,0
1782388200,3992.53,3993.76,3989.61,3990.78,1813,23,0
1782388500,3990.77,3991.06,3988.57,3989.16,1695,23,0
1782388800,3989.16,3995.94,3989.14,3995.77,2181,23,0
1782389100,3995.78,3996.54,3991.32,3991.37,1904,23,0
1782389400,3991.37,3994.13,3990.89,3990.99,1718,23,0
1782389700,3990.99,3993.56,3989.30,3991.03,1908,23,0
1782390000,3991.04,3995.33,3990.91,3994.90,1824,23,0
1782390300,3994.91,3995.35,3992.52,3993.96,1765,23,0
1782390600,3993.96,3997.62,3993.34,3993.90,2242,23,0
1782390900,3993.94,3994.05,3986.10,3992.00,2148,23,0
1782391200,3992.01,3992.12,3987.31,3988.36,1749,23,0
1782391500,3988.38,3990.05,3988.12,3988.98,1389,23,0
1782391800,3988.99,3992.13,3988.86,3990.91,1436,23,0
1782392100,3990.93,3993.40,3987.57,3988.19,1465,23,0
1782392400,3988.21,3989.20,3985.44,3986.46,1644,23,0
1782392700,3986.45,3987.87,3985.96,3986.51,1413,23,0
1782393000,3986.51,3988.19,3983.59,3984.35,1640,23,0
1782393300,3984.36,3987.02,3983.21,3984.40,1593,23,0
1782393600,3984.40,3986.56,3983.68,3985.44,1422,23,0
1782393900,3985.43,3989.30,3985.40,3989.19,1389,23,0
1782394200,3989.19,3989.39,3984.63,3986.71,1609,23,0
1782394500,3986.71,3988.54,3986.10,3987.70,1383,23,0
1782394800,3987.71,3987.86,3984.78,3985.55,1386,23,0
1782395100,3985.56,3985.59,3982.35,3984.52,1349,23,0
1782395400,3984.31,3985.67,3982.06,3982.57,1473,23,0
1782395700,3982.57,3984.37,3981.27,3984.31,1394,23,0
1782396000,3984.32,3986.13,3982.01,3984.67,1913,23,0
1782396300,3984.67,3985.88,3982.94,3984.37,1656,23,0
1782396600,3984.40,3985.83,3982.23,3983.25,1642,23,0
1782396900,3983.25,3983.25,3976.09,3981.51,1984,23,0
1782397200,3981.52,3982.66,3979.73,3980.24,1550,23,0
1782397500,3980.24,3980.75,3976.92,3977.19,1778,23,0
1782397800,3977.19,3981.47,3976.54,3977.18,1755,23,0
1782398100,3977.18,3982.56,3973.65,3982.43,1909,23,0
1782398400,3982.44,3986.18,3982.24,3984.82,1853,23,0
1782398700,3984.80,3987.78,3984.33,3985.68,1774,23,0
1782399000,3985.69,3986.50,3982.08,3982.61,1979,23,0
1782399300,3982.61,3982.61,3979.48,3980.01,1866,23,0
1782399600,3980.01,3984.63,3980.01,3982.72,2111,23,0
1782399900,3982.70,3983.58,3979.66,3983.16,2045,23,0
1782400200,3983.15,3983.72,3980.20,3982.66,2033,23,0
1782400500,3982.66,3986.08,3980.01,3983.04,1926,23,0
1782400800,3983.04,3983.22,3978.95,3980.25,2127,23,0
1782401100,3980.26,3986.00,3978.91,3984.00,2299,23,0
1782401400,3983.95,4011.88,3983.82,3995.10,3882,23,0
1782401700,3995.09,4007.34,3989.29,3997.99,3697,23,0
1782402000,3997.98,4006.81,3992.09,4005.47,3547,23,0
1782402300,4005.60,4018.20,4003.57,4014.08,3504,23,0
1782402600,4014.14,4019.13,4011.06,4015.79,2991,23,0
1782402900,4015.98,4016.58,4008.63,4012.38,2866,23,0
1782403200,4012.37,4034.01,4012.00,4029.11,3794,23,0
1782403500,4029.12,4033.60,4024.21,4029.79,3402,23,0
1782403800,4029.62,4033.62,4025.60,4030.99,3088,23,0
1782404100,4030.96,4031.47,4020.93,4022.95,3052,23,0
1782404400,4023.07,4030.10,4020.88,4021.93,2955,23,0
1782404700,4022.08,4024.28,4018.84,4022.10,3103,23,0
1782405000,4022.07,4028.50,4013.45,4013.97,3671,23,0
1782405300,4013.95,4026.79,4012.57,4023.67,3588,23,0
1782405600,4023.68,4023.80,4010.92,4011.77,3709,23,0
1782405900,4011.82,4016.03,4008.14,4013.50,3830,23,0
1782406200,4013.50,4019.12,4007.17,4008.20,3761,23,0
1782406500,4008.26,4009.99,4001.03,4002.24,3916,23,0
1782406800,4002.23,4018.57,3999.18,4014.71,3984,23,0
1782407100,4014.61,4021.66,4010.27,4016.94,3767,23,0
1782407400,4016.93,4019.83,4013.34,4016.46,3606,23,0
1782407700,4016.46,4021.00,4013.71,4017.95,3740,23,0
1782408000,4017.94,4022.29,4012.79,4014.33,3721,23,0
1782408300,4014.36,4028.35,4012.90,4026.61,3706,23,0
1782408600,4026.62,4028.62,4022.06,4025.45,3590,23,0
1782408900,4025.49,4026.90,4016.36,4017.59,3368,23,0
1782409200,4017.58,4020.31,4015.88,4019.77,3252,23,0
1782409500,4019.77,4020.69,4014.50,4016.44,3305,23,0
1782409800,4016.44,4020.06,4013.04,4017.39,3202,23,0
1782410100,4017.40,4017.57,4011.26,4011.91,3176,23,0
1782410400,4011.92,4015.52,4009.85,4015.14,3073,23,0
1782410700,4015.13,4020.44,4014.15,4016.74,3355,23,0
1782411000,4016.75,4017.18,4004.98,4007.98,3355,23,0
1782411300,4007.96,4015.65,4005.89,4015.03,3438,23,0
1782411600,4015.02,4040.63,4012.55,4037.86,3768,23,0
1782411900,4037.85,4038.10,4026.03,4026.97,3571,23,0
1782412200,4026.97,4028.50,4021.88,4022.16,3361,23,0
1782412500,4022.20,4030.86,4021.97,4028.88,3127,23,0
1782412800,4028.77,4030.65,4026.49,4027.78,3000,23,0
1782413100,4027.76,4036.74,4026.92,4031.64,3213,23,0
1782413400,4031.63,4041.44,4030.46,4038.35,3148,23,0
1782413700,4038.32,4042.61,4036.87,4041.10,2970,23,0
1782414000,4041.08,4042.81,4034.96,4037.83,3103,23,0
1782414300,4037.83,4039.74,4034.05,4034.18,2812,23,0
1782414600,4034.18,4041.28,4033.73,4036.98,2852,23,0
1782414900,4036.98,4044.01,4036.97,4040.58,2910,23,0
1782415200,4040.60,4043.92,4040.54,4041.61,2731,23,0
1782415500,4041.62,4042.63,4039.61,4040.30,2564,23,0
1782415800,4040.29,4040.71,4033.46,4034.90,3005,23,0
1782416100,4034.89,4036.29,4031.22,4031.82,2499,23,0
1782416400,4031.82,4033.87,4031.01,4031.34,2362,23,0
1782416700,4031.35,4031.93,4023.86,4031.57,2777,23,0
1782417000,4031.57,4033.34,4028.01,4031.30,2456,23,0
1782417300,4031.31,4031.39,4027.46,4028.68,2271,23,0
1782417600,4028.68,4030.46,4026.83,4030.10,2548,23,0
1782417900,4030.11,4032.36,4029.27,4030.45,2387,23,0
1782418200,4030.45,4031.83,4029.05,4029.47,2205,23,0
1782418500,4029.49,4033.08,4029.09,4030.20,2590,23,0
1782418800,4030.19,4032.88,4027.88,4032.28,2717,23,0
1782419100,4032.28,4035.85,4030.24,4032.53,2634,23,0
1782419400,4032.59,4035.03,4031.24,4032.00,2288,23,0
1782419700,4032.00,4034.25,4031.10,4033.35,2118,23,0
1782420000,4033.36,4035.93,4032.93,4034.06,2107,23,0
1782420300,4034.05,4034.21,4029.66,4031.54,2106,23,0
1782420600,4031.55,4034.21,4031.08,4033.74,2083,23,0
1782420900,4033.74,4036.68,4033.45,4034.66,2186,23,0
1782421200,4034.66,4035.29,4027.57,4028.60,2938,23,0
1782421500,4028.60,4033.76,4025.96,4032.79,2897,23,0
1782421800,4032.77,4034.60,4030.45,4032.58,2506,23,0
1782422100,4032.58,4040.41,4032.13,4037.92,2467,23,0
1782422400,4037.92,4039.33,4037.30,4038.57,2395,23,0
1782422700,4038.58,4044.18,4038.06,4044.01,2486,23,0
1782423000,4044.05,4044.11,4033.93,4034.05,2543,23,0
1782423300,4034.06,4036.41,4033.32,4036.36,2318,23,0
1782423600,4036.35,4036.42,4031.86,4032.78,2431,23,0
1782423900,4032.79,4032.89,4029.77,4032.23,2069,23,0
1782424200,4032.23,4036.18,4031.74,4035.14,1839,23,0
1782424500,4035.16,4036.24,4033.79,4034.72,1929,23,0
1782424800,4034.70,4035.97,4032.59,4033.85,2083,23,0
1782425100,4033.84,4039.75,4033.00,4038.78,2212,23,0
1782425400,4038.78,4040.47,4038.39,4040.16,1908,23,0
1782425700,4040.15,4043.75,4036.09,4037.14,2477,23,0
1782426000,4037.11,4040.02,4037.03,4039.11,2171,23,0
1782426300,4039.10,4040.74,4035.36,4036.01,2269,23,0
1782426600,4035.99,4036.69,4031.94,4033.87,2204,23,0
1782426900,4033.87,4035.48,4032.57,4034.71,1729,23,0
1782427200,4034.70,4037.81,4032.81,4034.44,2196,23,0
1782427500,4034.44,4034.48,4025.97,4026.63,2293,23,0
1782427800,4026.65,4027.49,4021.89,4026.49,2646,23,0
1782428100,4026.50,4027.45,4022.08,4026.60,2624,23,0
1782428400,4026.75,4034.92,4025.67,4031.33,2178,23,0
1782428700,4031.32,4031.36,4028.03,4028.11,1148,23,0
1782429000,4028.09,4029.04,4027.27,4028.15,1016,23,0
1782429300,4028.10,4029.35,4026.53,4028.29,1169,23,0
1782429600,4028.28,4030.56,4028.11,4030.03,1173,23,0
1782429900,4030.02,4030.84,4028.17,4030.81,1027,23,0
1782430200,4030.79,4030.80,4026.75,4026.84,977,28,0
1782430500,4026.84,4027.61,4025.73,4025.97,830,28,0
1782430800,4025.97,4026.75,4024.79,4026.39,1026,28,0
1782431100,4026.39,4026.48,4024.47,4024.73,917,28,0
1782431400,4024.73,4025.70,4024.40,4024.80,805,28,0
1782431700,4024.80,4026.91,4024.38,4026.64,498,28,0
1782435600,4030.28,4031.57,4027.35,4029.48,1282,28,0
1782435900,4029.50,4029.83,4025.83,4025.83,772,28,0
1782436200,4025.84,4026.34,4021.92,4022.81,1190,28,0
1782436500,4022.83,4024.37,4021.54,4022.25,1012,28,0
1782436800,4022.25,4023.75,4019.81,4021.56,1252,28,0
1782437100,4021.57,4026.31,4020.36,4024.79,1399,28,0
1782437400,4024.79,4030.40,4024.42,4029.76,1453,23,0
1782437700,4029.75,4036.48,4029.70,4034.19,1601,23,0
1782438000,4034.19,4036.57,4028.60,4028.60,1532,23,0
1782438300,4028.59,4030.20,4023.96,4024.88,1543,23,0
1782438600,4024.90,4025.43,4021.91,4022.40,1576,23,0
1782438900,4022.41,4027.43,4022.13,4026.33,1484,23,0
1782439200,4026.33,4027.07,4023.46,4023.51,1172,23,0
1782439500,4023.50,4024.39,4021.51,4022.78,969,23,0
1782439800,4022.84,4024.36,4021.51,4023.45,1149,23,0
1782440100,4023.45,4026.16,4022.48,4026.16,1380,23,0
1782440400,4026.16,4029.58,4025.28,4028.28,1508,23,0
1782440700,4028.28,4030.17,4028.16,4029.80,1393,23,0
1782441000,4029.75,4030.40,4021.15,4021.42,1463,23,0
1782441300,4021.43,4025.11,4021.43,4023.97,1568,23,0
1782441600,4023.97,4024.43,4022.88,4024.24,1035,23,0
1782441900,4024.25,4024.25,4016.45,4017.88,1819,23,0
1782442200,4017.89,4019.53,4016.51,4017.42,1646,23,0
1782442500,4017.42,4017.80,4012.56,4014.41,1701,23,0
1782442800,4014.48,4018.54,4012.28,4012.34,2177,20,0
1782443100,4012.32,4015.63,4011.42,4014.64,2159,23,0
1782443400,4014.65,4019.81,4012.01,4019.64,2219,23,0
1782443700,4019.63,4023.43,4018.64,4021.90,1964,23,0
1782444000,4021.90,4021.99,4017.10,4018.27,2040,23,0
1782444300,4018.23,4019.14,4012.43,4015.39,1943,23,0
1782444600,4015.39,4016.81,4012.38,4015.96,2008,23,0
1782444900,4015.99,4017.93,4014.35,4016.23,1923,23,0
1782445200,4016.24,4019.82,4015.07,4019.12,1886,23,0
1782445500,4019.12,4023.84,4018.77,4019.09,1913,23,0
1782445800,4019.10,4021.05,4015.55,4016.28,1768,23,0
1782446100,4016.24,4024.43,4016.11,4020.26,2049,23,0
1782446400,4020.28,4029.61,4017.37,4017.42,2590,23,0
1782446700,4017.36,4020.75,4014.29,4017.39,2333,23,0
1782447000,4017.44,4021.43,4017.26,4019.79,2177,23,0
1782447300,4019.78,4026.47,4018.40,4024.60,2692,23,0
1782447600,4024.60,4024.86,4021.67,4022.86,2497,23,0
1782447900,4022.87,4023.01,4017.72,4022.68,2512,23,0
1782448200,4022.66,4023.70,4019.29,4020.38,3001,23,0
1782448500,4020.34,4022.81,4016.16,4021.50,2989,23,0
1782448800,4021.50,4025.48,4020.08,4020.57,2802,23,0
1782449100,4020.55,4022.88,4014.46,4016.21,3103,23,0
1782449400,4016.20,4018.66,4014.56,4018.19,3053,23,0
1782449700,4018.20,4021.75,4018.15,4020.97,2577,23,0
1782450000,4020.97,4023.25,4017.61,4020.41,2778,23,0
1782450300,4020.30,4020.75,4015.30,4016.92,2704,23,0
1782450600,4016.92,4016.93,4013.41,4015.10,2446,23,0
1782450900,4015.10,4016.67,4009.19,4009.19,2005,23,0
1782451200,4009.20,4011.30,4005.30,4006.01,2357,23,0
1782451500,4006.00,4008.39,4003.92,4007.35,2191,23,0
1782451800,4007.35,4009.30,4001.28,4002.93,2817,23,0
1782452100,4002.92,4003.42,3991.75,3997.62,2978,23,0
1782452400,3997.62,3997.62,3991.28,3992.31,2744,23,0
1782452700,3992.27,3994.22,3990.83,3993.18,2806,23,0
1782453000,3993.18,3995.40,3984.91,3986.28,2859,23,0
1782453300,3986.28,3993.38,3983.05,3990.70,2949,23,0
1782453600,3990.68,3992.50,3986.62,3990.45,2820,23,0
1782453900,3990.45,3995.46,3989.45,3994.94,2650,23,0
1782454200,3994.94,3999.86,3993.41,3997.63,2797,23,0
1782454500,3997.67,3999.91,3993.93,3998.52,2478,23,0
1782454800,3998.52,3998.52,3992.85,3993.52,2507,23,0
1782455100,3993.51,3995.98,3992.70,3995.35,2271,23,0
1782455400,3995.35,3998.48,3993.12,3995.72,1981,23,0
1782455700,3995.74,3998.28,3995.10,3996.32,1979,23,0
1782456000,3996.32,4001.19,3996.13,4000.26,2475,23,0
1782456300,4000.26,4000.35,3997.38,3997.82,2226,23,0
1782456600,3997.83,4002.47,3997.77,4002.10,2274,23,0
1782456900,4002.12,4006.52,4001.75,4004.22,2229,23,0
1782457200,4004.25,4005.56,4000.96,4000.97,2106,23,0
1782457500,4000.97,4003.28,3998.73,4001.01,2197,23,0
1782457800,4000.99,4009.47,4000.88,4008.48,2113,23,0
1782458100,4008.48,4012.02,4006.75,4009.34,2056,23,0
1782458400,4009.32,4010.41,4007.76,4007.80,1860,23,0
1782458700,4007.79,4008.50,4005.98,4007.40,2081,23,0
1782459000,4007.39,4008.29,4004.41,4004.98,2072,23,0
1782459300,4004.98,4005.18,4002.51,4003.25,1873,23,0
1782459600,4003.24,4008.24,4001.68,4008.17,2080,23,0
1782459900,4008.20,4009.71,4007.19,4009.30,1965,23,0
1782460200,4009.30,4015.33,4008.83,4014.36,1997,23,0
1782460500,4014.36,4015.07,4010.93,4011.32,2030,23,0
1782460800,4011.36,4013.24,4009.64,4010.11,2100,23,0
1782461100,4010.12,4012.39,4006.43,4011.99,2128,23,0
1782461400,4011.99,4015.24,4011.91,4015.24,1885,23,0
1782461700,4015.30,4019.16,4013.68,4014.74,2195,23,0
1782462000,4014.74,4015.00,4011.77,4013.31,1798,23,0
1782462300,4013.31,4018.48,4013.29,4016.63,2046,23,0
1782462600,4016.64,4021.54,4014.87,4016.74,2788,23,0
1782462900,4016.70,4018.84,4012.13,4013.78,2677,23,0
1782463200,4013.78,4017.09,4010.94,4011.33,2663,23,0
1782463500,4011.31,4012.18,4005.67,4011.83,2689,23,0
1782463800,4011.83,4015.35,4010.58,4015.10,2619,23,0
1782464100,4015.10,4015.12,4006.59,4007.97,2541,23,0
1782464400,4007.98,4010.52,4006.78,4007.67,2627,23,0
1782464700,4007.67,4011.70,4007.66,4008.68,2571,23,0
1782465000,4008.71,4010.13,4006.85,4009.51,2512,23,0
1782465300,4009.51,4011.31,4008.35,4008.64,2532,23,0
1782465600,4008.64,4024.77,4008.55,4023.14,3065,23,0
1782465900,4023.07,4024.72,4020.56,4024.24,2829,23,0
1782466200,4024.24,4027.71,4022.65,4023.68,2813,23,0
1782466500,4023.71,4025.35,4021.40,4023.36,2669,23,0
1782466800,4023.38,4026.38,4020.94,4025.27,2675,23,0
1782467100,4025.25,4028.41,4023.41,4023.79,2520,23,0
1782467400,4023.80,4025.80,4022.02,4023.69,2365,23,0
1782467700,4023.69,4033.13,4023.10,4032.07,2810,23,0
1782468000,4032.11,4033.88,4026.73,4029.42,2709,23,0
1782468300,4029.40,4032.29,4028.12,4029.10,2152,23,0
1782468600,4029.09,4029.56,4027.07,4027.40,1890,23,0
1782468900,4027.39,4031.57,4026.97,4031.25,1983,23,0
1782469200,4031.25,4031.33,4027.71,4029.21,1857,23,0
1782469500,4029.41,4039.71,4029.41,4037.86,2330,23,0
1782469800,4037.89,4038.83,4037.01,4037.63,1992,23,0
1782470100,4037.67,4038.07,4034.16,4036.17,1801,23,0
1782470400,4036.20,4036.33,4030.96,4031.42,1671,23,0
1782470700,4031.42,4031.68,4028.46,4029.01,1604,23,0
1782471000,4029.02,4030.29,4027.87,4030.24,1670,23,0
1782471300,4030.25,4032.16,4029.76,4030.61,1549,23,0
1782471600,4030.59,4033.06,4025.87,4026.55,2375,23,0
1782471900,4026.56,4031.60,4025.78,4030.52,2107,23,0
1782472200,4030.52,4031.36,4027.98,4030.97,1927,23,0
1782472500,4030.99,4034.53,4029.80,4032.42,1930,23,0
1782472800,4032.45,4033.93,4030.14,4030.81,1940,23,0
1782473100,4030.82,4035.81,4030.47,4035.74,1973,23,0
1782473400,4035.68,4036.01,4032.56,4034.40,1973,23,0
1782473700,4034.42,4034.61,4032.39,4033.27,1804,23,0
1782474000,4033.28,4035.92,4032.56,4035.62,1830,23,0
1782474300,4035.62,4037.74,4032.86,4033.62,1830,23,0
1782474600,4033.63,4034.33,4032.26,4032.78,1758,23,0
1782474900,4032.79,4032.80,4029.65,4030.93,1947,23,0
1782475200,4030.93,4034.86,4029.57,4034.27,1925,23,0
1782475500,4034.28,4039.72,4034.10,4038.63,2030,23,0
1782475800,4038.62,4041.58,4037.65,4039.43,1906,23,0
1782476100,4039.41,4046.91,4034.50,4046.43,2230,23,0
1782476400,4046.43,4048.82,4043.03,4048.06,2401,23,0
1782476700,4048.06,4050.62,4046.87,4048.21,2331,23,0
1782477000,4048.29,4049.61,4045.27,4048.16,2295,23,0
1782477300,4048.17,4054.08,4048.17,4051.79,2063,23,0
1782477600,4051.79,4053.74,4047.52,4048.01,1920,23,0
1782477900,4048.01,4048.93,4045.46,4047.08,2076,23,0
1782478200,4047.11,4053.99,4046.48,4050.65,2068,23,0
1782478500,4050.62,4050.66,4047.02,4047.15,1975,23,0
1782478800,4047.14,4048.96,4044.42,4047.65,2014,23,0
1782479100,4047.64,4050.83,4046.83,4049.81,1824,23,0
1782479400,4049.80,4052.18,4049.78,4051.01,1691,23,0
1782479700,4051.00,4051.52,4044.53,4044.53,1755,23,0
1782480000,4044.47,4045.85,4042.31,4044.27,1797,23,0
1782480300,4044.27,4048.72,4043.59,4048.09,1665,23,0
1782480600,4048.10,4054.46,4047.55,4054.07,1836,23,0
1782480900,4054.06,4054.27,4049.06,4049.25,2120,23,0
1782481200,4049.25,4050.86,4046.80,4048.51,1823,23,0
1782481500,4048.51,4050.35,4047.95,4048.92,1671,23,0
1782481800,4048.92,4054.42,4048.64,4052.87,1697,23,0
1782482100,4052.89,4054.81,4051.39,4054.67,1855,23,0
1782482400,4054.69,4055.38,4051.44,4052.94,2211,23,0
1782482700,4052.94,4054.81,4051.86,4053.10,1840,23,0
1782483000,4052.87,4053.15,4047.17,4047.29,1790,23,0
1782483300,4047.29,4053.83,4046.16,4053.02,1933,23,0
1782483600,4053.02,4053.68,4051.32,4052.04,1705,23,0
1782483900,4052.05,4053.62,4050.64,4052.70,1638,23,0
1782484200,4052.69,4055.11,4052.67,4053.83,1778,23,0
1782484500,4053.83,4053.83,4048.32,4048.49,1714,23,0
1782484800,4048.48,4050.28,4046.25,4046.70,1970,23,0
1782485100,4046.68,4048.50,4045.56,4045.81,1687,23,0
1782485400,4045.81,4046.14,4042.70,4044.57,2189,23,0
1782485700,4044.57,4047.19,4044.56,4045.89,2077,23,0
1782486000,4045.90,4046.17,4043.74,4044.76,2056,23,0
1782486300,4044.79,4048.33,4044.65,4047.96,1927,23,0
1782486600,4047.96,4050.86,4047.70,4049.10,1749,23,0
1782486900,4049.10,4051.50,4044.00,4044.42,1958,23,0
1782487200,4044.42,4046.77,4041.98,4044.20,2341,23,0
1782487500,4044.19,4047.61,4044.18,4046.64,1996,23,0
1782487800,4046.63,4049.23,4042.86,4044.91,2251,23,0
1782488100,4044.92,4046.08,4043.13,4044.13,2287,23,0
1782488400,4044.12,4044.25,4035.83,4040.36,2410,23,0
1782488700,4040.32,4044.52,4039.27,4044.51,2340,23,0
1782489000,4044.51,4048.73,4043.61,4045.89,2427,23,0
1782489300,4045.92,4061.52,4045.92,4058.96,3062,23,0
1782489600,4058.96,4065.98,4050.22,4052.37,3549,23,0
1782489900,4052.32,4053.17,4043.49,4044.59,3031,23,0
1782490200,4044.65,4050.92,4043.55,4050.62,2873,23,0
1782490500,4050.62,4053.23,4043.28,4050.89,3221,23,0
1782490800,4050.76,4058.44,4049.76,4057.30,3298,23,0
1782491100,4057.30,4058.67,4053.21,4057.10,3026,23,0
1782491400,4057.10,4057.10,4047.65,4050.45,3648,23,0
1782491700,4050.50,4051.49,4044.99,4048.01,3782,23,0
1782492000,4048.02,4062.27,4047.64,4062.27,3502,23,0
1782492300,4062.29,4065.19,4058.61,4062.14,3493,23,0
1782492600,4062.14,4069.68,4060.91,4064.13,3532,23,0
1782492900,4064.13,4077.99,4063.79,4073.64,3317,23,0
1782493200,4073.55,4079.26,4067.78,4077.38,3578,23,0
1782493500,4077.39,4079.36,4072.03,4079.14,3295,23,0
1782493800,4079.16,4085.06,4076.72,4082.20,3392,23,0
1782494100,4082.21,4093.05,4081.20,4088.75,3434,23,0
1782494400,4088.67,4092.39,4087.40,4088.65,3387,23,0
1782494700,4088.64,4090.97,4084.19,4084.37,3230,23,0
1782495000,4084.39,4084.76,4079.69,4080.35,3124,23,0
1782495300,4080.34,4081.85,4076.42,4079.20,2783,23,0
1782495600,4079.20,4083.93,4076.37,4082.63,3088,23,0
1782495900,4082.62,4091.71,4082.60,4088.18,3130,23,0
1782496200,4088.18,4088.80,4083.89,4087.81,3247,23,0
1782496500,4087.88,4091.32,4080.50,4080.53,3357,23,0
1782496800,4080.51,4083.20,4079.20,4079.29,3025,23,0
1782497100,4079.29,4081.17,4075.77,4081.02,2765,23,0
1782497400,4081.01,4082.31,4077.59,4079.50,2676,23,0
1782497700,4079.53,4084.45,4077.93,4082.26,2931,23,0
1782498000,4082.25,4083.94,4080.29,4082.16,2788,23,0
1782498300,4082.14,4084.35,4080.64,4084.21,2613,23,0
1782498600,4084.26,4088.76,4082.12,4082.15,2709,23,0
1782498900,4082.15,4093.93,4081.74,4091.69,2768,23,0
1782499200,4091.67,4095.49,4091.17,4094.99,2704,23,0
1782499500,4095.02,4095.97,4090.99,4094.73,2559,23,0
1782499800,4094.66,4095.45,4083.37,4086.30,3271,23,0
1782500100,4086.30,4091.79,4085.76,4090.53,2463,23,0
1782500400,4090.52,4092.87,4089.83,4091.64,2302,23,0
1782500700,4091.52,4091.61,4088.58,4089.26,2125,23,0
1782501000,4089.26,4092.31,4088.37,4091.19,2339,23,0
1782501300,4091.19,4093.45,4089.76,4090.23,2176,23,0
1782501600,4090.25,4090.52,4083.20,4085.48,2726,23,0
1782501900,4085.57,4088.17,4084.41,4086.74,2137,23,0
1782502200,4086.71,4093.05,4086.71,4088.18,2437,23,0
1782502500,4088.12,4088.53,4084.13,4084.60,2173,23,0
1782502800,4084.60,4086.02,4082.22,4084.50,2124,23,0
1782503100,4084.50,4086.78,4083.75,4083.75,2148,23,0
1782503400,4083.79,4085.48,4082.84,4085.33,1832,23,0
1782503700,4085.33,4085.86,4083.85,4085.04,1557,23,0
1782504000,4085.04,4085.83,4083.66,4084.74,1913,23,0
1782504300,4084.73,4088.08,4084.34,4086.91,1732,23,0
1782504600,4086.92,4087.39,4082.47,4083.37,1773,23,0
1782504900,4083.38,4084.07,4081.51,4081.61,1662,23,0
1782505200,4081.61,4085.07,4080.27,4084.71,2256,23,0
1782505500,4084.69,4084.70,4080.32,4081.44,2123,23,0
1782505800,4081.48,4083.30,4076.35,4078.08,2166,23,0
1782506100,4078.08,4078.92,4074.32,4075.61,2347,23,0
1782506400,4075.63,4077.60,4074.20,4076.71,2201,23,0
1782506700,4076.70,4077.75,4074.30,4076.06,2108,23,0
1782507000,4076.06,4076.96,4074.49,4075.35,1823,23,0
1782507300,4075.35,4075.61,4073.65,4074.68,1886,23,0
1782507600,4074.69,4076.71,4072.36,4076.53,2023,23,0
1782507900,4076.53,4078.78,4075.09,4077.40,1654,23,0
1782508200,4077.40,4078.03,4075.87,4076.80,1682,23,0
1782508500,4076.81,4076.96,4073.60,4074.31,1823,23,0
1782508800,4074.31,4074.51,4071.51,4071.84,1734,23,0
1782509100,4071.84,4073.79,4071.75,4073.48,1625,23,0
1782509400,4073.48,4075.44,4073.48,4074.52,1533,23,0
1782509700,4074.52,4074.71,4072.66,4073.70,1403,23,0
1782510000,4073.71,4074.10,4071.80,4072.56,1334,23,0
1782510300,4072.56,4072.56,4067.76,4069.39,1749,23,0
1782510600,4069.39,4070.48,4068.54,4070.09,1626,23,0
1782510900,4070.09,4071.24,4067.12,4067.30,2066,23,0
1782511200,4067.32,4068.31,4065.05,4065.38,2111,23,0
1782511500,4065.38,4067.41,4064.53,4066.62,2047,23,0
1782511800,4066.63,4069.99,4066.12,4069.44,1479,23,0
1782512100,4069.45,4069.62,4067.26,4068.13,1686,23,0
1782512400,4068.13,4068.13,4064.55,4065.57,1661,23,0
1782512700,4065.58,4067.49,4064.89,4066.38,1506,23,0
1782513000,4066.38,4070.17,4065.77,4070.15,1683,23,0
1782513300,4070.15,4070.78,4067.97,4068.66,1692,23,0
1782513600,4068.66,4070.38,4068.05,4068.65,1937,23,0
1782513900,4068.64,4070.11,4066.92,4070.02,1941,23,0
1782514200,4070.02,4074.06,4070.02,4073.51,2326,23,0
1782514500,4073.49,4074.62,4071.49,4071.64,2342,23,0
1782514800,4071.64,4072.63,4070.94,4071.32,1874,23,0
1782515100,4071.32,4071.60,4065.95,4066.15,1500,23,0
1782515400,4066.16,4068.38,4064.63,4067.93,1226,23,0
1782515700,4067.94,4068.40,4066.27,4067.83,1251,23,0
1782516000,4067.82,4071.50,4067.30,4071.47,1129,23,0
1782516300,4071.48,4073.01,4071.04,4072.09,1390,23,0
1782516600,4072.06,4072.06,4066.96,4069.87,1983,24,0
1782516900,4069.88,4070.42,4068.34,4069.38,1509,28,0
1782517200,4069.41,4071.00,4068.94,4070.77,1465,28,0
1782517500,4070.74,4076.15,4070.17,4075.90,1429,28,0
1782517800,4075.89,4082.04,4073.56,4081.15,1754,28,0
1782518100,4081.14,4088.25,4080.62,4087.93,752,28,0
1782694800,4088.24,4088.35,4072.85,4075.87,2882,28,0
1782695100,4075.87,4083.64,4073.30,4076.77,2218,28,0
1782695400,4076.28,4078.15,4070.20,4070.20,2005,28,0
1782695700,4070.25,4070.60,4053.32,4060.13,2576,28,0
1782696000,4060.11,4062.69,4056.08,4059.59,2071,28,0
1782696300,4059.59,4061.58,4056.70,4057.34,1681,28,0
1782696600,4057.32,4062.86,4056.53,4057.47,1911,23,0
1782696900,4057.44,4062.19,4056.11,4061.19,1514,23,0
1782697200,4061.21,4065.41,4061.21,4063.41,1318,23,0
1782697500,4063.42,4069.38,4063.29,4069.07,1446,23,0
1782697800,4069.07,4069.08,4062.35,4064.62,1421,23,0
1782698100,4064.62,4069.50,4064.04,4066.46,1400,23,0
1782698400,4066.47,4070.21,4065.63,4067.88,1766,23,0
1782698700,4067.88,4070.52,4066.14,4070.39,1791,23,0
1782699000,4070.38,4070.38,4065.35,4065.59,1779,23,0
1782699300,4065.59,4065.70,4059.25,4060.10,1812,23,0
1782699600,4060.10,4060.84,4056.22,4057.67,1565,23,0
1782699900,4057.66,4059.15,4055.40,4056.99,1452,23,0
1782700200,4056.97,4057.54,4051.91,4056.21,1926,23,0
1782700500,4056.22,4062.17,4055.99,4060.62,1728,23,0
1782700800,4060.62,4062.73,4060.09,4062.63,1532,23,0
1782701100,4062.67,4065.48,4061.58,4061.83,2158,23,0
1782701400,4061.83,4066.25,4061.25,4064.44,1746,23,0
1782701700,4064.45,4065.12,4062.54,4062.77,1904,23,0
1782702000,4062.77,4064.75,4057.44,4062.19,3355,23,0
1782702300,4062.14,4062.46,4053.80,4058.05,3252,23,0
1782702600,4058.06,4060.74,4056.57,4058.86,2923,23,0
1782702900,4058.86,4062.07,4057.30,4057.46,2931,23,0
1782703200,4057.47,4058.24,4050.70,4052.47,2842,23,0
1782703500,4052.47,4052.89,4048.27,4048.27,2668,23,0
1782703800,4048.27,4055.41,4048.27,4054.12,2602,23,0
1782704100,4054.14,4061.61,4053.65,4060.59,2699,23,0
1782704400,4060.58,4069.80,4060.40,4069.49,2550,23,0
1782704700,4069.49,4069.49,4063.03,4066.54,2560,23,0
1782705000,4066.54,4069.55,4064.34,4069.53,2426,23,0
1782705300,4069.52,4074.17,4068.08,4069.54,2557,23,0
1782705600,4069.54,4070.21,4058.31,4064.55,3593,23,0
1782705900,4064.54,4074.52,4060.00,4061.89,3242,23,0
1782706200,4061.93,4064.59,4053.77,4054.82,3088,23,0
1782706500,4054.82,4060.30,4054.67,4058.43,3231,23,0
1782706800,4058.43,4063.35,4057.08,4061.05,2844,23,0
1782707100,4061.05,4066.06,4059.14,4059.28,2913,23,0
1782707400,4059.26,4060.71,4055.75,4059.78,2967,23,0
1782707700,4059.77,4064.59,4058.82,4061.74,2866,23,0
1782708000,4061.72,4066.65,4061.52,4063.59,2709,23,0
1782708300,4063.60,4063.87,4054.91,4060.07,3014,23,0
1782708600,4060.06,4061.91,4056.68,4061.90,2810,23,0
1782708900,4061.91,4063.08,4059.46,4061.40,2712,23,0
1782709200,4061.34,4070.47,4059.40,4066.00,3064,23,0
1782709500,4066.00,4067.37,4059.81,4061.93,2926,23,0
1782709800,4061.95,4066.71,4060.29,4061.02,2885,23,0
1782710100,4061.02,4069.09,4060.41,4067.56,2524,23,0
1782710400,4067.56,4070.19,4065.29,4067.77,2401,23,0
1782710700,4067.77,4070.69,4067.05,4068.82,2264,23,0
1782711000,4068.83,4071.73,4067.29,4068.76,2747,23,0
1782711300,4068.75,4068.75,4059.86,4060.39,2759,23,0
1782711600,4060.36,4063.07,4058.39,4060.39,2506,23,0
1782711900,4060.45,4069.37,4058.97,4067.47,2685,23,0
1782712200,4067.45,4069.38,4064.00,4067.33,2671,23,0
1782712500,4067.33,4068.67,4065.18,4066.35,2350,23,0
1782712800,4066.35,4067.32,4064.98,4065.92,2451,23,0
1782713100,4065.91,4070.18,4065.38,4069.78,2220,23,0
1782713400,4069.78,4070.97,4065.47,4069.09,2288,23,0
1782713700,4069.11,4071.54,4067.38,4069.42,2075,23,0
1782714000,4069.42,4075.73,4068.93,4073.57,2412,23,0
1782714300,4073.57,4073.57,4071.06,4072.41,2229,23,0
1782714600,4072.41,4073.42,4067.76,4069.40,1962,23,0
1782714900,4069.70,4069.70,4065.86,4067.21,2019,23,0
1782715200,4067.22,4071.77,4065.69,4067.85,2026,23,0
1782715500,4067.86,4068.10,4066.24,4067.56,1726,23,0
1782715800,4067.56,4071.90,4066.55,4070.09,1851,23,0
1782716100,4070.05,4070.05,4067.65,4068.94,1602,23,0
1782716400,4068.94,4068.99,4065.10,4067.33,1862,23,0
1782716700,4067.33,4068.12,4065.20,4066.24,1530,23,0
1782717000,4066.25,4066.84,4064.20,4065.56,1424,23,0
1782717300,4065.56,4065.60,4062.22,4064.61,1355,23,0
1782717600,4064.61,4064.77,4062.39,4063.76,1380,23,0
1782717900,4063.75,4066.52,4063.59,4065.09,1475,23,0
1782718200,4065.09,4065.44,4060.30,4061.13,1657,23,0
1782718500,4061.15,4061.58,4054.97,4054.99,1811,23,0
1782718800,4054.97,4057.66,4052.83,4057.07,2019,23,0
1782719100,4057.09,4057.76,4055.50,4057.13,1597,23,0
1782719400,4057.12,4057.64,4054.15,4054.17,1491,23,0
1782719700,4054.18,4054.18,4049.62,4052.27,1645,23,0
1782720000,4052.27,4054.70,4047.31,4054.70,2302,23,0
1782720300,4054.68,4057.38,4050.87,4052.70,2260,23,0
1782720600,4052.72,4056.17,4052.35,4055.97,2021,23,0
1782720900,4056.00,4057.39,4053.70,4054.43,1842,23,0
1782721200,4054.40,4056.69,4049.27,4050.59,2044,23,0
1782721500,4050.57,4052.63,4047.97,4049.35,2140,23,0
1782721800,4049.36,4050.26,4040.29,4045.40,3219,23,0
1782722100,4045.39,4046.03,4039.35,4043.96,2771,23,0
1782722400,4043.96,4051.56,4043.24,4050.44,2604,23,0
1782722700,4050.44,4053.29,4049.07,4049.72,2550,23,0
1782723000,4049.73,4055.34,4047.22,4053.33,2492,23,0
1782723300,4053.36,4056.91,4052.22,4054.42,2643,23,0
1782723600,4054.42,4060.40,4053.55,4058.78,2719,23,0
1782723900,4058.75,4064.11,4057.74,4061.71,2662,23,0
1782724200,4061.70,4062.63,4057.72,4059.76,2534,23,0
1782724500,4059.77,4060.22,4057.31,4059.75,2236,23,0
1782724800,4059.74,4060.23,4057.14,4058.27,2076,23,0
1782725100,4058.26,4063.12,4056.09,4060.86,2380,23,0
1782725400,4060.86,4060.99,4055.46,4056.92,2176,23,0
1782725700,4056.93,4059.73,4055.06,4059.73,2216,23,0
1782726000,4059.72,4061.92,4058.52,4061.20,1924,23,0
1782726300,4061.21,4064.91,4059.85,4063.16,2042,23,0
1782726600,4063.17,4064.35,4062.22,4063.25,1938,23,0
1782726900,4063.25,4064.25,4061.59,4062.28,2165,23,0
1782727200,4062.36,4062.62,4057.99,4060.82,2427,23,0
1782727500,4060.82,4060.82,4057.99,4059.60,1968,23,0
1782727800,4059.61,4061.15,4056.08,4059.22,1905,23,0
1782728100,4059.21,4062.66,4058.08,4060.46,1777,23,0
1782728400,4060.46,4063.04,4058.09,4062.68,1833,23,0
1782728700,4062.69,4066.33,4060.87,4066.04,1851,23,0
1782729000,4066.05,4066.30,4062.79,4063.01,1777,23,0
1782729300,4063.01,4063.36,4061.62,4063.03,1645,23,0
1782729600,4063.03,4064.96,4060.99,4062.62,1808,23,0
1782729900,4062.67,4064.21,4060.76,4063.53,1613,23,0
1782730200,4063.53,4068.50,4063.33,4064.45,1751,23,0
1782730500,4064.45,4066.43,4061.39,4061.56,1781,23,0
1782730800,4061.55,4064.41,4060.50,4062.77,2149,23,0
1782731100,4062.80,4065.94,4062.23,4063.85,1909,23,0
1782731400,4063.83,4064.59,4062.26,4063.98,1713,23,0
1782731700,4063.97,4065.43,4062.07,4063.94,2018,23,0
1782732000,4063.95,4064.33,4060.76,4062.59,1770,23,0
1782732300,4062.60,4064.04,4060.57,4061.23,1634,23,0
1782732600,4061.23,4066.61,4060.90,4063.68,1711,23,0
1782732900,4063.69,4063.94,4060.62,4062.48,1594,23,0
1782733200,4062.47,4062.65,4054.71,4055.67,1986,23,0
1782733500,4055.67,4057.30,4054.22,4055.37,1834,23,0
1782733800,4055.33,4055.57,4051.58,4051.59,2063,23,0
1782734100,4051.60,4052.18,4043.67,4047.04,1941,23,0
1782734400,4047.01,4050.51,4045.34,4049.69,1998,23,0
1782734700,4049.71,4055.26,4049.19,4053.01,1855,23,0
1782735000,4053.01,4053.83,4048.42,4050.11,1721,23,0
1782735300,4050.11,4053.37,4048.98,4051.67,1879,23,0
1782735600,4051.67,4051.75,4047.06,4048.12,1777,23,0
1782735900,4048.12,4048.84,4045.21,4047.38,2104,23,0
1782736200,4047.39,4050.73,4042.01,4045.69,2452,23,0
1782736500,4045.71,4045.75,4041.50,4043.15,1919,23,0
1782736800,4043.16,4044.19,4040.76,4043.64,1698,23,0
1782737100,4043.63,4044.02,4037.58,4040.30,1696,23,0
1782737400,4040.30,4040.30,4032.85,4034.38,2498,23,0
1782737700,4034.37,4036.64,4024.71,4031.57,2634,23,0
1782738000,4031.56,4033.35,4027.48,4029.74,2251,23,0
1782738300,4029.75,4032.26,4029.23,4031.89,1808,23,0
1782738600,4031.89,4039.74,4031.83,4038.43,1984,23,0
1782738900,4038.44,4038.50,4032.73,4035.48,1869,23,0
1782739200,4035.48,4038.08,4034.47,4037.35,1464,23,0
1782739500,4037.36,4038.65,4036.55,4037.38,1625,23,0
1782739800,4037.38,4038.35,4031.91,4033.48,1733,23,0
1782740100,4033.50,4038.73,4031.87,4038.39,1664,23,0
1782740400,4038.39,4038.70,4033.58,4034.60,1752,23,0
1782740700,4034.59,4035.09,4032.64,4034.81,1331,23,0
1782741000,4034.81,4038.31,4033.92,4037.92,1433,23,0
1782741300,4037.92,4038.22,4035.32,4036.78,1579,23,0
1782741600,4036.78,4038.54,4035.31,4036.25,1865,23,0
1782741900,4036.24,4037.76,4035.24,4036.61,1525,23,0
1782742200,4036.61,4036.66,4032.44,4034.30,1606,23,0
1782742500,4034.31,4036.01,4033.24,4033.48,1522,23,0
1782742800,4033.48,4034.77,4029.09,4029.13,1591,23,0
1782743100,4029.12,4032.32,4027.42,4032.01,1733,23,0
1782743400,4032.01,4038.54,4029.88,4035.54,2235,23,0
1782743700,4035.55,4035.79,4031.94,4032.22,1545,23,0
1782744000,4032.23,4036.71,4032.05,4035.26,1929,23,0
1782744300,4035.25,4037.98,4034.85,4035.13,1744,23,0
1782744600,4035.13,4038.44,4035.12,4037.77,1579,23,0
1782744900,4037.77,4042.28,4036.98,4039.26,1987,23,0
1782745200,4039.22,4047.95,4037.91,4045.40,2286,23,0
1782745500,4045.53,4048.27,4043.86,4047.97,2134,23,0
1782745800,4048.00,4052.38,4047.39,4047.55,1960,23,0
1782746100,4047.55,4049.64,4043.55,4043.57,2054,23,0
1782746400,4043.57,4045.97,4037.91,4039.82,2188,23,0
1782746700,4039.82,4041.42,4037.72,4038.38,2121,23,0
1782747000,4038.39,4044.18,4037.60,4043.30,2074,23,0
1782747300,4043.30,4047.16,4043.19,4044.99,2072,23,0
1782747600,4045.00,4046.51,4041.55,4044.86,1819,23,0
1782747900,4044.86,4046.81,4042.46,4043.30,1742,23,0
1782748200,4043.28,4047.78,4043.27,4044.42,1873,23,0
1782748500,4044.42,4045.09,4042.34,4043.57,1871,23,0
1782748800,4043.58,4051.70,4043.48,4050.58,2871,23,0
1782749100,4050.56,4051.67,4045.91,4046.06,2386,23,0
1782749400,4046.11,4049.73,4044.47,4047.20,2049,23,0
1782749700,4047.19,4049.71,4046.08,4049.09,2114,23,0
1782750000,4049.09,4049.25,4043.39,4043.66,2282,23,0
1782750300,4043.66,4043.68,4038.04,4038.04,2356,23,0
1782750600,4037.88,4044.52,4036.94,4043.48,3351,23,0
1782750900,4043.45,4044.03,4034.03,4036.11,3319,23,0
1782751200,4036.11,4041.97,4035.40,4038.54,3008,23,0
1782751500,4038.53,4040.41,4033.26,4035.14,3050,23,0
1782751800,4035.15,4036.24,4030.16,4031.88,3141,23,0
1782752100,4031.89,4033.44,4028.28,4032.24,3176,23,0
1782752400,4032.24,4035.44,4022.56,4027.07,3400,23,0
1782752700,4027.04,4028.16,4015.17,4015.46,3563,23,0
1782753000,4015.49,4017.86,4008.58,4008.85,3535,23,0
1782753300,4008.86,4018.54,4000.72,4017.65,3842,23,0
1782753600,4017.57,4020.47,4015.35,4020.45,3385,23,0
1782753900,4020.47,4028.37,4019.99,4024.91,3127,23,0
1782754200,4024.91,4028.17,4023.69,4026.46,3128,23,0
1782754500,4026.46,4027.86,4021.48,4023.62,2980,23,0
1782754800,4023.63,4024.43,4020.11,4021.00,3015,23,0
1782755100,4020.97,4023.56,4017.97,4019.69,3223,23,0
1782755400,4019.68,4027.03,4019.07,4026.26,2937,23,0
1782755700,4026.26,4030.33,4023.95,4025.60,2735,23,0
1782756000,4025.58,4026.30,4021.14,4021.28,2915,23,0
1782756300,4021.28,4024.89,4020.88,4023.08,2756,23,0
1782756600,4023.11,4024.46,4019.28,4021.86,2754,23,0
1782756900,4021.86,4027.61,4021.31,4022.13,2486,23,0
1782757200,4022.13,4022.62,4016.70,4018.11,2709,23,0
1782757500,4018.12,4024.58,4017.77,4024.37,2620,23,0
1782757800,4024.27,4026.50,4023.08,4023.27,2529,23,0
1782758100,4023.29,4024.75,4017.62,4022.81,2620,23,0
1782758400,4022.80,4023.43,4021.38,4022.74,1966,23,0
1782758700,4022.74,4027.72,4022.16,4026.81,2228,23,0
1782759000,4026.81,4029.57,4025.55,4028.31,2266,23,0
1782759300,4028.26,4030.34,4026.63,4026.94,2431,23,0
1782759600,4026.94,4028.66,4025.34,4026.29,2010,23,0
1782759900,4026.28,4027.69,4024.35,4027.38,1845,23,0
1782760200,4027.45,4027.82,4023.60,4023.67,1480,23,0
1782760500,4023.68,4025.73,4021.89,4025.55,1884,23,0
1782760800,4025.67,4026.48,4024.83,4025.65,1652,23,0
1782761100,4025.68,4025.77,4023.51,4023.67,1349,23,0
1782761400,4023.67,4024.34,4018.75,4019.45,1875,23,0
1782761700,4019.44,4021.71,4019.36,4021.17,1617,23,0
1782762000,4021.18,4022.33,4019.48,4021.33,1830,23,0
1782762300,4021.37,4026.33,4020.68,4026.08,1705,23,0
1782762600,4026.07,4028.15,4025.54,4025.97,1775,23,0
1782762900,4025.97,4026.69,4023.75,4023.85,1699,23,0
1782763200,4023.86,4025.88,4023.29,4025.31,1932,23,0
1782763500,4025.26,4031.70,4025.26,4030.46,1958,23,0
1782763800,4030.46,4032.06,4027.85,4028.97,1975,23,0
1782764100,4028.97,4030.75,4028.31,4030.39,1501,23,0
1782764400,4030.36,4030.37,4026.34,4026.85,1864,23,0
1782764700,4026.86,4027.10,4022.42,4023.90,2054,23,0
1782765000,4023.93,4024.12,4020.80,4023.70,1786,23,0
1782765300,4023.69,4024.40,4022.47,4024.05,1502,23,0
1782765600,4023.91,4024.51,4021.87,4021.96,1462,23,0
1782765900,4021.97,4022.58,4020.66,4021.31,1566,23,0
1782766200,4021.32,4022.53,4019.62,4021.25,1573,23,0
1782766500,4021.25,4022.12,4019.32,4020.96,1739,23,0
1782766800,4020.96,4024.02,4020.40,4023.66,1638,23,0
1782767100,4023.65,4023.65,4021.68,4022.45,1515,23,0
1782767400,4022.46,4024.32,4022.45,4023.98,1276,23,0
1782767700,4023.99,4025.23,4022.73,4024.46,1378,23,0
1782768000,4024.47,4025.18,4023.54,4024.34,1283,23,0
1782768300,4024.33,4024.33,4020.32,4021.06,1499,23,0
1782768600,4021.04,4021.58,4019.96,4020.49,1256,23,0
1782768900,4020.48,4021.03,4019.79,4020.74,1009,23,0
1782769200,4020.75,4021.31,4019.53,4020.79,1126,23,0
1782769500,4020.78,4021.04,4015.80,4015.92,1332,23,0
1782769800,4015.92,4017.96,4015.79,4017.60,1312,23,0
1782770100,4017.58,4017.58,4011.99,4013.38,1512,23,0
1782770400,4013.36,4014.62,4009.80,4009.83,1714,23,0
1782770700,4009.83,4011.90,4009.76,4011.66,1747,23,0
1782771000,4011.66,4012.12,4008.09,4008.21,1668,23,0
1782771300,4008.13,4009.13,4005.30,4009.02,1596,23,0
1782771600,4009.02,4012.66,4008.75,4011.70,1562,23,0
1782771900,4011.70,4017.19,4011.58,4017.12,1587,23,0
1782772200,4017.11,4019.53,4016.75,4017.44,1757,23,0
1782772500,4017.45,4018.94,4016.70,4017.30,1358,23,0
1782772800,4017.31,4018.15,4016.39,4017.91,1359,23,0
1782773100,4017.91,4018.39,4014.57,4014.82,1572,23,0
1782773400,4014.82,4015.29,4013.04,4013.84,1776,23,0
1782773700,4013.84,4017.08,4012.57,4015.83,2268,23,0
1782774000,4015.85,4016.04,4014.23,4015.21,1142,23,0
1782774300,4015.21,4015.63,4012.73,4014.08,694,23,0
1782774600,4014.08,4014.68,4013.55,4014.28,651,23,0
1782774900,4014.27,4016.75,4014.27,4016.73,696,23,0
1782775200,4016.73,4016.88,4016.04,4016.51,427,23,0
1782775500,4016.51,4017.96,4016.06,4017.73,528,23,0
1782775800,4017.70,4017.80,4016.09,4016.91,526,28,0
1782776100,4016.91,4017.04,4014.57,4014.83,581,28,0
1782776400,4014.83,4015.67,4014.47,4015.67,358,28,0
1782776700,4015.67,4015.84,4014.60,4014.68,564,28,0
1782777000,4014.68,4017.20,4014.68,4016.85,801,28,0
1782777300,4016.85,4017.19,4015.87,4016.27,426,28,0
1782781200,4018.12,4020.77,4017.19,4018.57,1144,28,0
1782781500,4018.58,4021.54,4016.92,4020.93,1122,28,0
1782781800,4020.94,4022.04,4017.92,4018.46,989,28,0
1782782100,4018.46,4020.17,4017.87,4019.96,1083,28,0
1782782400,4019.97,4020.53,4017.33,4017.52,996,28,0
1782782700,4017.52,4017.59,4015.37,4015.94,979,28,0
1782783000,4015.96,4015.96,4013.38,4013.71,1213,23,0
1782783300,4013.69,4014.40,4012.48,4012.72,955,23,0
1782783600,4012.70,4014.79,4010.43,4010.46,1464,23,0
1782783900,4010.45,4014.19,4009.65,4014.07,1300,23,0
1782784200,4014.08,4016.69,4013.19,4015.43,1285,23,0
1782784500,4015.43,4016.98,4012.84,4014.14,1479,23,0
1782784800,4014.14,4018.44,4014.12,4017.82,1340,23,0
1782785100,4017.82,4021.32,4017.75,4019.28,1115,23,0
1782785400,4019.28,4021.44,4019.28,4020.78,1172,23,0
1782785700,4020.77,4022.35,4020.45,4021.16,1020,23,0
1782786000,4021.16,4021.46,4018.21,4018.39,1136,23,0
1782786300,4018.39,4018.56,4015.93,4016.71,1155,23,0
1782786600,4016.71,4021.75,4015.45,4019.26,1325,23,0
1782786900,4019.23,4019.56,4018.09,4018.63,1033,23,0
1782787200,4018.60,4018.60,4013.42,4015.16,1270,23,0
1782787500,4015.16,4017.06,4013.46,4016.67,1523,23,0
1782787800,4016.67,4018.05,4014.76,4015.52,1227,23,0
1782788100,4015.52,4015.75,4013.92,4014.88,1424,23,0
1782788400,4014.86,4015.09,4007.48,4008.48,2720,23,0
1782788700,4008.48,4008.48,4003.29,4004.46,2713,23,0
1782789000,4004.48,4013.83,4004.41,4010.43,2582,23,0
1782789300,4010.25,4011.60,4004.61,4005.54,2161,23,0
1782789600,4005.56,4009.23,4005.56,4008.08,1876,23,0
1782789900,4008.08,4008.50,4004.04,4006.21,2191,23,0
1782790200,4006.21,4006.71,4000.84,4001.82,2329,23,0
1782790500,4001.83,4002.43,3995.40,3995.79,2483,23,0
1782790800,3995.78,3997.83,3990.97,3991.86,2440,23,0
1782791100,3991.85,3994.05,3990.87,3992.64,2524,23,0
1782791400,3992.64,3993.95,3990.67,3991.73,2649,23,0
1782791700,3991.66,3992.11,3980.06,3987.08,3264,23,0
1782792000,3987.08,3987.20,3975.92,3979.98,3754,23,0
1782792300,3979.93,3980.09,3942.73,3963.55,3875,23,0
1782792600,3963.53,3969.35,3954.69,3958.04,3694,23,0
1782792900,3958.04,3971.40,3950.18,3970.65,3505,23,0
1782793200,3970.63,3975.58,3966.58,3970.40,3117,23,0
1782793500,3970.40,3980.73,3968.29,3978.97,3184,23,0
1782793800,3978.97,3979.46,3974.82,3976.15,3079,23,0
1782794100,3976.15,3977.38,3970.18,3971.12,3060,23,0
1782794400,3971.12,3972.46,3966.37,3969.00,3118,23,0
1782794700,3969.01,3973.48,3961.46,3962.44,3084,23,0
1782795000,3962.47,3966.55,3961.39,3964.12,2778,23,0
1782795300,3964.13,3970.04,3962.61,3969.33,2835,23,0
1782795600,3969.33,3973.20,3966.65,3969.83,3088,23,0
1782795900,3969.93,3971.04,3958.70,3959.24,2995,23,0
1782796200,3959.24,3960.10,3952.41,3957.47,2884,23,0
1782796500,3957.50,3961.89,3956.03,3960.63,2273,23,0
1782796800,3960.64,3964.12,3956.01,3963.62,2217,23,0
1782797100,3963.54,3965.42,3960.34,3961.88,2069,23,0
1782797400,3961.89,3962.96,3956.39,3958.37,2753,23,0
1782797700,3958.43,3962.92,3954.29,3962.53,2729,23,0
1782798000,3962.52,3964.07,3957.16,3959.62,2498,23,0
1782798300,3959.61,3964.71,3959.24,3964.07,2639,23,0
1782798600,3964.06,3970.42,3963.46,3966.45,2860,23,0
1782798900,3966.42,3967.11,3959.63,3962.85,2803,23,0
1782799200,3962.86,3969.64,3962.58,3968.10,2776,23,0
1782799500,3968.09,3969.13,3965.38,3967.44,2382,23,0
1782799800,3967.43,3969.66,3965.86,3966.33,2168,23,0
1782800100,3966.31,3971.05,3966.02,3969.95,2343,23,0
1782800400,3969.95,3970.85,3965.26,3966.07,2383,23,0
1782800700,3966.07,3967.85,3963.05,3965.63,2610,23,0
1782801000,3965.63,3967.00,3960.15,3961.10,2380,23,0
1782801300,3961.13,3965.69,3960.89,3964.61,1963,23,0
1782801600,3964.61,3965.23,3962.41,3963.27,1765,23,0
1782801900,3963.27,3968.42,3963.16,3968.21,1897,23,0
1782802200,3968.21,3970.08,3967.18,3967.20,1812,23,0
1782802500,3967.18,3971.06,3966.19,3969.83,2069,23,0
1782802800,3969.82,3975.07,3969.28,3971.74,2198,23,0
1782803100,3971.74,3971.74,3968.19,3969.19,1793,23,0
1782803400,3969.19,3973.25,3968.29,3972.55,1549,23,0
1782803700,3972.55,3975.09,3972.03,3974.54,1414,23,0
1782804000,3974.57,3977.59,3974.49,3977.23,1483,23,0
1782804300,3977.30,3983.47,3977.28,3982.75,1640,23,0
1782804600,3982.70,3996.51,3982.42,3996.29,2471,23,0
1782804900,3996.29,3997.99,3992.40,3992.79,2324,23,0
1782805200,3992.79,3992.87,3987.22,3988.52,1990,23,0
1782805500,3988.52,3989.83,3983.59,3989.33,1897,23,0
1782805800,3989.33,3991.34,3988.06,3988.32,1919,23,0
1782806100,3988.31,3988.68,3985.35,3985.49,1897,23,0
1782806400,3985.49,3988.77,3984.12,3988.12,2320,23,0
1782806700,3988.11,3990.79,3985.98,3987.41,1767,23,0
1782807000,3987.41,3988.25,3983.91,3984.81,1726,23,0
1782807300,3984.82,3985.66,3980.73,3980.86,1931,23,0
1782807600,3980.77,3985.76,3979.62,3985.21,1680,23,0
1782807900,3985.21,3987.59,3979.61,3982.82,2136,23,0
1782808200,3982.82,3983.12,3976.17,3977.24,2986,23,0
1782808500,3977.23,3982.49,3975.15,3981.80,2642,23,0
1782808800,3981.80,3985.02,3979.35,3979.38,2628,23,0
1782809100,3979.39,3981.73,3977.94,3979.83,2471,23,0
1782809400,3979.81,3981.54,3976.28,3980.90,2540,23,0
1782809700,3980.90,3981.17,3977.18,3977.94,2405,23,0
1782810000,3977.95,3986.30,3977.93,3984.57,2584,23,0
1782810300,3984.57,3989.47,3984.23,3987.29,2724,23,0
1782810600,3987.30,3988.11,3985.24,3987.73,2439,23,0
1782810900,3987.74,3988.53,3984.03,3987.04,2278,23,0
1782811200,3987.04,4003.26,3985.77,3999.99,3108,23,0
1782811500,3999.97,4013.38,3997.34,4012.03,3397,23,0
1782811800,4012.01,4031.26,4011.05,4030.28,3734,23,0
1782812100,4030.28,4033.97,4021.73,4022.18,3459,23,0
1782812400,4022.18,4028.42,4021.67,4024.83,3077,23,0
1782812700,4024.83,4033.31,4024.09,4032.12,3105,23,0
1782813000,4032.13,4032.14,4026.79,4027.52,2717,23,0
1782813300,4027.56,4031.96,4026.69,4029.62,2575,23,0
1782813600,4029.60,4029.98,4024.85,4027.12,2584,23,0
1782813900,4027.11,4030.03,4024.52,4027.92,2036,23,0
1782814200,4027.90,4027.90,4023.79,4025.77,2070,23,0
1782814500,4025.75,4030.51,4025.29,4029.31,1918,23,0
1782814800,4029.31,4032.41,4027.10,4030.87,1957,23,0
1782815100,4030.87,4034.72,4028.40,4028.50,2169,23,0
1782815400,4028.51,4031.82,4026.16,4031.34,1869,23,0
1782815700,4031.33,4031.94,4027.30,4030.19,1998,23,0
1782816000,4030.19,4030.45,4027.65,4028.76,1602,23,0
1782816300,4028.75,4030.82,4026.92,4028.49,1679,23,0
1782816600,4028.48,4030.43,4025.54,4030.05,1574,23,0
1782816900,4030.06,4033.19,4029.49,4032.21,1684,23,0
1782817200,4032.19,4036.33,4031.66,4035.73,2607,23,0
1782817500,4035.73,4037.58,4026.18,4027.46,2370,23,0
1782817800,4027.46,4027.88,4021.96,4024.23,2274,23,0
1782818100,4024.25,4024.56,4020.55,4021.93,2173,23,0
1782818400,4021.94,4025.62,4020.16,4021.01,1925,23,0
1782818700,4021.00,4026.31,4020.81,4025.92,1828,23,0
1782819000,4025.92,4026.81,4023.08,4023.30,1984,23,0
1782819300,4023.32,4023.38,4018.38,4019.26,1989,23,0
1782819600,4019.24,4019.34,4015.45,4017.90,2093,23,0
1782819900,4017.90,4019.54,4016.62,4018.36,1994,23,0
1782820200,4018.37,4019.55,4013.68,4016.55,2204,23,0
1782820500,4016.55,4017.27,4014.20,4015.53,1742,23,0
1782820800,4015.53,4019.18,4014.66,4019.16,1727,23,0
1782821100,4019.17,4021.71,4018.79,4018.79,1518,23,0
1782821400,4018.78,4019.68,4016.96,4018.39,1399,23,0
1782821700,4018.38,4019.21,4017.24,4018.21,1642,23,0
1782822000,4018.21,4022.80,4018.17,4019.10,1859,23,0
1782822300,4019.09,4020.41,4016.13,4017.34,1719,23,0
1782822600,4017.33,4018.65,4012.91,4013.41,1952,23,0
1782822900,4013.41,4016.84,4012.41,4015.90,1753,23,0
1782823200,4015.90,4018.59,4015.62,4018.59,1634,23,0
1782823500,4018.60,4020.48,4018.42,4018.90,1567,23,0
1782823800,4018.91,4023.13,4018.19,4021.98,1704,23,0
1782824100,4021.97,4023.88,4020.26,4023.87,1654,23,0
1782824400,4023.87,4026.29,4023.32,4024.79,1853,23,0
1782824700,4024.80,4026.55,4021.94,4024.48,1569,23,0
1782825000,4024.46,4025.82,4021.48,4025.75,1589,23,0
1782825300,4025.74,4027.25,4023.90,4023.96,1451,23,0
1782825600,4023.96,4026.11,4023.82,4025.84,1405,23,0
1782825900,4025.84,4028.67,4025.20,4028.48,1544,23,0
1782826200,4028.48,4028.51,4025.20,4026.69,1425,23,0
1782826500,4026.68,4028.81,4026.24,4027.81,1427,23,0
1782826800,4027.82,4029.85,4027.09,4027.97,1536,23,0
1782827100,4027.97,4029.88,4026.30,4028.34,1478,23,0
1782827400,4028.33,4029.58,4027.96,4028.86,1266,23,0
1782827700,4028.89,4031.29,4028.72,4029.82,1600,23,0
1782828000,4029.83,4030.19,4025.41,4028.60,1876,23,0
1782828300,4028.60,4031.91,4028.60,4031.10,1731,23,0
1782828600,4031.13,4033.63,4030.68,4033.41,1653,23,0
1782828900,4033.40,4034.19,4030.31,4030.47,1721,23,0
1782829200,4030.46,4033.79,4030.26,4031.06,1726,23,0
1782829500,4031.09,4034.11,4029.77,4031.82,1783,23,0
1782829800,4031.88,4033.38,4029.45,4030.68,1832,23,0
1782830100,4030.67,4031.79,4028.37,4031.74,1776,23,0
1782830400,4031.73,4035.03,4030.19,4034.51,1902,23,0
1782830700,4034.52,4037.29,4031.70,4032.75,1769,23,0
1782831000,4032.74,4033.00,4030.16,4031.77,1803,23,0
1782831300,4031.78,4034.54,4030.89,4033.89,1726,23,0
1782831600,4033.88,4034.37,4030.28,4031.80,1926,23,0
1782831900,4031.80,4032.03,4028.30,4028.32,1824,23,0
1782832200,4028.34,4028.70,4025.98,4026.65,2046,23,0
1782832500,4026.65,4028.63,4024.76,4026.32,1927,23,0
1782832800,4026.32,4026.49,4017.59,4018.00,2300,23,0
1782833100,4018.00,4018.39,4014.87,4016.87,2278,23,0
1782833400,4016.86,4021.91,4014.95,4016.52,2694,23,0
1782833700,4016.52,4018.28,4012.69,4018.00,2393,23,0
1782834000,4018.00,4019.75,4015.81,4018.75,2151,23,0
1782834300,4018.74,4018.74,4013.78,4015.11,2132,23,0
1782834600,4015.11,4016.20,4012.67,4014.39,2138,23,0
1782834900,4014.37,4014.69,4008.66,4010.08,2499,23,0
1782835200,4009.86,4018.23,4009.41,4016.36,3236,23,0
1782835500,4016.38,4024.26,4015.16,4023.43,2781,23,0
1782835800,4023.44,4025.85,4022.20,4023.51,2726,23,0
1782836100,4023.51,4030.35,4022.00,4029.84,2598,23,0
1782836400,4029.84,4033.33,4019.06,4019.53,2759,23,0
1782836700,4019.51,4023.80,4019.51,4023.71,2529,23,0
1782837000,4023.69,4027.52,4019.38,4021.53,3370,23,0
1782837300,4021.60,4023.12,4013.16,4013.62,3302,23,0
1782837600,4013.61,4026.51,4013.61,4025.10,2857,23,0
1782837900,4025.12,4027.83,4022.05,4023.90,3269,23,0
1782838200,4023.84,4032.55,4023.63,4028.75,3307,23,0
1782838500,4028.76,4032.36,4026.95,4029.68,2861,23,0
1782838800,4029.63,4031.54,4025.38,4026.30,3355,23,0
1782839100,4026.29,4044.90,4025.34,4043.21,3237,23,0
1782839400,4043.21,4048.62,4036.98,4043.63,3531,23,0
1782839700,4043.59,4049.42,4043.09,4049.29,3328,23,0
1782840000,4049.28,4063.34,4047.85,4062.59,3478,23,0
1782840300,4062.56,4062.63,4053.86,4054.18,3130,23,0
1782840600,4054.04,4058.62,4051.58,4052.06,3240,23,0
1782840900,4052.05,4053.83,4044.80,4049.31,3149,23,0
1782841200,4049.32,4053.61,4047.98,4051.05,3043,23,0
1782841500,4051.04,4051.10,4043.67,4044.01,3115,23,0
1782841800,4044.00,4047.58,4042.26,4043.70,3072,23,0
1782842100,4043.73,4044.70,4037.33,4037.37,3016,23,0
1782842400,4037.37,4039.36,4033.92,4034.78,3256,23,0
1782842700,4034.78,4038.19,4032.28,4035.19,2964,23,0
1782843000,4035.18,4037.06,4032.32,4035.97,2727,23,0
1782843300,4035.95,4035.95,4026.09,4027.01,2907,23,0
1782843600,4027.04,4028.91,4022.16,4027.54,2792,23,0
1782843900,4027.54,4030.63,4026.79,4028.55,2535,23,0
1782844200,4028.55,4031.21,4027.25,4029.76,2492,23,0
1782844500,4029.77,4031.30,4027.45,4030.99,2446,23,0
1782844800,4031.00,4031.00,4026.82,4029.49,2406,23,0
1782845100,4029.50,4034.74,4029.42,4033.57,2347,23,0
1782845400,4033.57,4034.10,4031.19,4033.99,2262,23,0
1782845700,4034.00,4034.47,4028.92,4029.34,2484,23,0
1782846000,4029.34,4030.31,4026.33,4027.16,2000,23,0
1782846300,4027.16,4028.95,4025.91,4026.83,1910,23,0
1782846600,4026.83,4030.24,4026.53,4029.94,1806,23,0
1782846900,4029.93,4031.03,4027.81,4030.12,1876,23,0
1782847200,4030.13,4031.47,4028.78,4029.08,1793,23,0
1782847500,4029.07,4030.54,4028.45,4029.61,1822,23,0
1782847800,4029.61,4031.16,4028.79,4030.62,1831,23,0
1782848100,4030.65,4030.87,4027.36,4030.16,1936,23,0
1782848400,4030.15,4032.17,4028.31,4031.41,1754,23,0
1782848700,4031.41,4033.85,4031.03,4031.48,1577,23,0
1782849000,4031.48,4031.68,4030.06,4031.47,1605,23,0
1782849300,4031.47,4031.49,4025.93,4026.07,2155,23,0
1782849600,4026.07,4027.89,4024.49,4026.67,2149,23,0
1782849900,4026.67,4026.71,4021.17,4022.35,2006,23,0
1782850200,4022.35,4023.39,4020.74,4023.15,2161,23,0
1782850500,4023.14,4028.01,4023.02,4026.47,1778,23,0
1782850800,4026.48,4026.79,4023.00,4023.65,2049,23,0
1782851100,4023.64,4026.12,4021.57,4025.45,2388,23,0
1782851400,4025.46,4028.32,4025.46,4027.42,1821,23,0
1782851700,4027.41,4028.44,4025.65,4026.83,1391,23,0
1782852000,4026.84,4029.79,4026.24,4029.41,1463,23,0
1782852300,4029.42,4030.92,4029.07,4029.61,1477,23,0
1782852600,4029.61,4032.14,4029.60,4031.19,1443,23,0
1782852900,4031.20,4031.58,4029.92,4030.73,1377,23,0
1782853200,4030.73,4032.32,4030.73,4032.23,1367,23,0
1782853500,4032.23,4033.79,4031.57,4032.80,1335,23,0
1782853800,4032.78,4033.52,4032.32,4032.38,1257,23,0
1782854100,4032.39,4032.56,4030.53,4032.17,1188,23,0
1782854400,4032.17,4032.93,4031.00,4031.73,1170,23,0
1782854700,4031.73,4032.37,4030.49,4031.39,1276,23,0
1782855000,4031.39,4031.55,4029.26,4030.03,1293,23,0
1782855300,4030.02,4031.37,4029.62,4029.75,1123,23,0
1782855600,4029.75,4031.15,4028.26,4030.85,1076,23,0
1782855900,4030.86,4031.80,4029.00,4031.60,1415,23,0
1782856200,4031.60,4032.48,4030.61,4031.97,1392,23,0
1782856500,4031.96,4031.96,4028.45,4028.51,1384,23,0
1782856800,4028.52,4029.43,4026.69,4026.70,1472,23,0
1782857100,4026.70,4027.46,4024.40,4025.12,1429,23,0
1782857400,4025.15,4026.58,4023.53,4024.05,1424,23,0
1782857700,4024.04,4025.06,4023.39,4023.78,1415,23,0
1782858000,4023.77,4024.21,4021.90,4021.94,1497,23,0
1782858300,4021.92,4022.43,4021.13,4021.13,1463,23,0
1782858600,4021.13,4023.20,4020.76,4022.10,1613,23,0
1782858900,4022.10,4022.45,4020.92,4022.03,1756,23,0
1782859200,4022.03,4022.78,4021.35,4022.06,1618,23,0
1782859500,4022.06,4022.59,4020.27,4020.54,1855,23,0
1782859800,4020.54,4020.85,4015.84,4016.20,2620,23,0
1782860100,4016.27,4018.44,4014.79,4016.00,2920,23,0
1782860400,4015.99,4018.92,4013.87,4017.95,1739,23,0
1782860700,4017.95,4019.87,4017.49,4019.46,1051,23,0
1782861000,4019.45,4020.68,4019.14,4019.87,911,23,0
1782861300,4019.86,4021.07,4017.74,4017.80,996,23,0
1782861600,4017.81,4017.93,4015.52,4015.57,1021,23,0
1782861900,4015.56,4015.58,4012.42,4012.92,1133,23,0
1782862200,4012.91,4013.64,4011.27,4011.67,956,28,0
1782862500,4011.65,4011.65,4010.29,4010.55,712,28,0
1782862800,4010.55,4011.60,4010.51,4011.12,737,28,0
1782863100,4011.12,4011.42,4010.23,4010.83,815,28,0
1782863400,4010.81,4011.56,4010.02,4010.65,990,28,0
