setup_id,dir,variant,ob_time,ob_high,ob_low,idfvg_c1_time,idfvg_c3_time,idfvg_low,idfvg_high,identified_in_warmup,touch_msc,touch_bar_time,ob_age_bars_touch,ob_age_min_touch,breaks,returns,sc_bar_time,origin_time,ref_pivot_id,hl_pivot_id,fvg_c1_time,fvg_low,fvg_high,reaction_bar_time,entry_request_msc,request_price,attempts,sl,sl_anchor,sl_anchor_price,buffer_pts,tp,volume,fill_msc,fill_price,position_id,ob_age_bars_entry,ob_age_min_entry,exit_msc,exit_price,exit_kind,reason,reason_msc
1,L,0,1780275600,4539.76,4518.05,1780275900,1780276500,4527.20,4531.36,1,,1780276800,0,0,0,0,,,,,,,,,,,0,,,,,,,,,,,,,,,warmup_dropped,1780276800000
2,L,0,1780278600,4538.99,4534.86,1780278900,1780279500,4537.87,4538.76,1,,1780281300,5,25,0,0,,,,,,,,,,,0,,,,,,,,,,,,,,,warmup_dropped,1780281300000
3,S,0,1780280700,4544.99,4541.82,1780280700,1780281300,4541.74,4541.82,1,,1780281660,0,1,0,0,,,,,,,,,,,0,,,,,,,,,,,,,,,warmup_dropped,1780281660000
4,S,0,1780284300,4544.44,4539.71,1780284300,1780284900,4538.83,4539.71,1,,1780285680,1,8,0,0,,,,,,,,,,,0,,,,,,,,,,,,,,,warmup_dropped,1780285680000
5,L,0,1780285200,4537.34,4535.35,1780285200,1780285800,4537.34,4538.11,1,,1780286280,0,3,0,0,,,,,,,,,,,0,,,,,,,,,,,,,,,warmup_dropped,1780286280000
7,S,0,1780289400,4531.18,4527.78,1780289400,1780290000,4527.70,4527.78,1,,1780290360,0,1,0,0,,,,,,,,,,,0,,,,,,,,,,,,,,,warmup_dropped,1780290360000
8,L,0,1780290000,4527.70,4524.35,1780290000,1780290600,4527.70,4528.42,1,,1780291800,3,15,0,0,,,,,,,,,,,0,,,,,,,,,,,,,,,warmup_dropped,1780291800000
9,S,0,1780290600,4533.97,4528.42,1780290900,1780291500,4531.70,4531.71,1,,1780291800,0,0,0,0,,,,,,,,,,,0,,,,,,,,,,,,,,,warmup_dropped,1780291800000
11,S,0,1780293600,4525.52,4521.36,1780293600,1780294200,4520.34,4521.36,1,,1780295400,3,15,0,0,,,,,,,,,,,0,,,,,,,,,,,,,,,warmup_dropped,1780295400000
13,S,0,1780297200,4519.61,4515.68,1780297200,1780297800,4514.99,4515.68,1,,1780298100,0,0,0,0,,,,,,,,,,,0,,,,,,,,,,,,,,,warmup_dropped,1780298100000
14,L,0,1780297500,4517.24,4513.88,1780297800,1780298400,4514.99,4516.03,1,,1780298700,0,0,0,0,,,,,,,,,,,0,,,,,,,,,,,,,,,warmup_dropped,1780298700000
12,S,0,1780295400,4524.04,4519.92,1780295400,1780296000,4515.68,4519.92,1,,1780301880,18,93,0,0,,,,,,,,,,,0,,,,,,,,,,,,,,,warmup_dropped,1780301880000
15,L,0,1780303200,4520.91,4515.45,1780303200,1780303800,4520.91,4521.09,1,,1780304280,0,3,0,0,,,,,,,,,,,0,,,,,,,,,,,,,,,warmup_dropped,1780304280000
16,S,0,1780303500,4525.14,4517.33,1780303800,1780304400,4518.71,4521.09,1,,1780304700,0,0,0,0,,,,,,,,,,,0,,,,,,,,,,,,,,,warmup_dropped,1780304700000
18,S,0,1780305900,4514.40,4505.68,1780306200,1780306800,4506.02,4510.37,1,,1780308180,3,18,0,0,,,,,,,,,,,0,,,,,,,,,,,,,,,warmup_dropped,1780308180000
19,L,0,1780307700,4504.87,4501.18,1780307700,1780308300,4504.87,4506.24,1,,1780309140,1,9,0,0,,,,,,,,,,,0,,,,,,,,,,,,,,,warmup_dropped,1780309140000
20,S,0,1780309800,4507.72,4503.80,1780309800,1780310400,4503.67,4503.80,1,,1780311600,3,15,0,0,,,,,,,,,,,0,,,,,,,,,,,,,,,warmup_dropped,1780311600000
21,L,0,1780313700,4496.35,4493.17,1780313700,1780314300,4496.35,4496.40,1,,1780315020,1,7,0,0,,,,,,,,,,,0,,,,,,,,,,,,,,,warmup_dropped,1780315020000
22,S,0,1780316100,4505.68,4498.23,1780316400,1780317000,4497.34,4498.65,1,,1780317840,1,9,0,0,,,,,,,,,,,0,,,,,,,,,,,,,,,warmup_dropped,1780317840000
23,L,0,1780318500,4497.89,4494.41,1780318800,1780319400,4498.93,4499.66,1,,1780320060,1,6,0,0,,,,,,,,,,,0,,,,,,,,,,,,,,,warmup_dropped,1780320060000
24,L,0,1780319700,4501.96,4499.46,1780320000,1780320600,4500.51,4500.56,1,,1780322580,5,28,0,0,,,,,,,,,,,0,,,,,,,,,,,,,,,warmup_dropped,1780322580000
25,S,0,1780321500,4510.45,4505.28,1780321800,1780322400,4506.68,4506.96,1,,1780322940,0,4,0,0,,,,,,,,,,,0,,,,,,,,,,,,,,,warmup_dropped,1780322940000
26,L,0,1780323000,4505.72,4503.31,1780323000,1780323600,4505.72,4508.63,1,,1780325760,6,31,0,0,,,,,,,,,,,0,,,,,,,,,,,,,,,warmup_dropped,1780325760000
27,S,0,1780326300,4509.14,4505.93,1780326300,1780326900,4505.68,4505.93,1,,1780327560,1,6,0,0,,,,,,,,,,,0,,,,,,,,,,,,,,,warmup_dropped,1780327560000
28,L,0,1780327800,4505.55,4497.70,1780328100,1780328700,4503.49,4505.55,1,,1780329120,0,2,0,0,,,,,,,,,,,0,,,,,,,,,,,,,,,warmup_dropped,1780329120000
29,L,0,1780332900,4455.39,4448.89,1780333200,1780333800,4454.47,4456.14,1,,1780334160,0,1,0,0,,,,,,,,,,,0,,,,,,,,,,,,,,,warmup_dropped,1780334160000
30,L,0,1780335900,4461.18,4453.71,1780336200,1780336800,4456.53,4457.56,1,,1780337100,0,0,0,0,,,,,,,,,,,0,,,,,,,,,,,,,,,warmup_dropped,1780337100000
31,L,0,1780339500,4474.66,4468.66,1780339800,1780340400,4472.15,4472.51,1,,1780340700,0,0,0,0,,,,,,,,,,,0,,,,,,,,,,,,,,,warmup_dropped,1780340700000
32,S,0,1780340100,4475.37,4471.14,1780340400,1780341000,4468.75,4472.51,1,,1780342380,3,18,0,0,,,,,,,,,,,0,,,,,,,,,,,,,,,warmup_dropped,1780342380000
34,S,0,1780343700,4482.10,4478.65,1780343700,1780344300,4477.36,4478.65,1,,1780345740,3,19,0,0,,,,,,,,,,,0,,,,,,,,,,,,,,,warmup_dropped,1780345740000
36,L,0,1780345800,4485.33,4480.51,1780346100,1780346700,4484.40,4491.18,1,,1780349400,8,40,0,0,,,,,,,,,,,0,,,,,,,,,,,,,,,warmup_dropped,1780349400000
37,S,0,1780348500,4489.33,4486.76,1780348800,1780349400,4487.25,4488.54,1,,1780349760,0,1,0,0,,,,,,,,,,,0,,,,,,,,,,,,,,,warmup_dropped,1780349760000
38,L,0,1780349700,4487.25,4485.82,1780349700,1780350300,4487.25,4487.50,1,,1780350840,0,4,0,0,,,,,,,,,,,0,,,,,,,,,,,,,,,warmup_dropped,1780350840000
39,S,0,1780353900,4484.28,4482.88,1780353900,1780354500,4481.15,4482.88,1,,1780354920,0,2,0,0,,,,,,,,,,,0,,,,,,,,,,,,,,,warmup_dropped,1780354920000
40,L,0,1780354200,4483.61,4479.93,1780354500,1780355100,4481.15,4482.58,1,,1780355400,0,0,0,0,,,,,,,,,,,0,,,,,,,,,,,,,,,warmup_dropped,1780355400000
41,L,0,1780362300,4483.71,4481.92,1780362300,1780362900,4483.71,4483.88,1,,1780363200,0,0,0,0,,,,,,,,,,,0,,,,,,,,,,,,,,,warmup_dropped,1780363200000
42,S,0,1780366800,4487.72,4485.52,1780367100,1780367700,4485.53,4487.20,1,,1780368060,0,1,0,0,,,,,,,,,,,0,,,,,,,,,,,,,,,warmup_dropped,1780368060000
43,L,0,1780368300,4483.43,4479.39,1780368300,1780368900,4483.43,4483.99,1,,1780369200,0,0,0,0,,,,,,,,,,,0,,,,,,,,,,,,,,,warmup_dropped,1780369200000
44,L,0,1780369500,4485.17,4476.76,1780369800,1780370400,4481.50,4484.19,1,,1780372080,4,23,0,0,,,,,,,,,,,0,,,,,,,,,,,,,,,warmup_dropped,1780372080000
35,L,0,1780345200,4476.62,4474.07,1780345200,1780345800,4476.62,4480.51,1,,1780372860,77,446,0,0,,,,,,,,,,,0,,,,,,,,,,,,,,,warmup_dropped,1780372860000
33,L,0,1780342800,4470.01,4467.79,1780342800,1780343400,4470.01,4471.80,1,,1780375800,95,535,0,0,,,,,,,,,,,0,,,,,,,,,,,,,,,warmup_dropped,1780375800000
46,L,0,1780376400,4481.07,4472.60,1780376700,1780377300,4475.03,4478.77,1,,1780377600,0,0,0,0,,,,,,,,,,,0,,,,,,,,,,,,,,,warmup_dropped,1780377600000
45,S,0,1780374600,4489.41,4486.15,1780374600,1780375200,4485.05,4486.15,1,,1780379880,14,73,0,0,,,,,,,,,,,0,,,,,,,,,,,,,,,warmup_dropped,1780379880000
17,S,0,1780304700,4518.51,4515.37,1780305000,1780305600,4511.03,4512.70,1,,1780386420,256,1342,0,0,,,,,,,,,,,0,,,,,,,,,,,,,,,warmup_dropped,1780386420000
10,S,0,1780292100,4531.02,4527.16,1780292100,1780292700,4525.01,4527.16,1,,1780389300,309,1605,0,0,,,,,,,,,,,0,,,,,,,,,,,,,,,warmup_dropped,1780389300000
50,S,0,1780389600,4526.76,4522.71,1780389900,1780390500,4519.70,4521.85,1,,1780391160,1,6,0,0,,,,,,,,,,,0,,,,,,,,,,,,,,,warmup_dropped,1780391160000
51,L,0,1780390500,4519.70,4516.16,1780390500,1780391100,4519.70,4520.37,1,,1780391640,0,4,0,0,,,,,,,,,,,0,,,,,,,,,,,,,,,warmup_dropped,1780391640000
6,S,0,1780286100,4541.87,4537.21,1780286100,1780286700,4535.41,4537.21,1,,1780392900,341,1765,0,0,,,,,,,,,,,0,,,,,,,,,,,,,,,warmup_dropped,1780392900000
53,S,0,1780395000,4541.46,4537.84,1780395300,1780395900,4537.16,4537.57,1,,1780398360,7,36,0,0,,,,,,,,,,,0,,,,,,,,,,,,,,,warmup_dropped,1780398360000
54,L,0,1780397400,4532.10,4527.98,1780397400,1780398000,4532.10,4533.13,1,,1780399020,2,12,0,0,,,,,,,,,,,0,,,,,,,,,,,,,,,warmup_dropped,1780399020000
55,S,0,1780399800,4533.37,4530.69,1780399800,1780400400,4530.55,4530.69,1,,1780402020,4,22,0,0,,,,,,,,,,,0,,,,,,,,,,,,,,,warmup_dropped,1780402020000
56,L,0,1780401300,4528.34,4525.95,1780401600,1780402200,4527.88,4528.94,1,,1780403220,2,12,0,0,,,,,,,,,,,0,,,,,,,,,,,,,,,warmup_dropped,1780403220000
52,L,0,1780391400,4522.68,4518.80,1780391700,1780392300,4524.22,4526.09,1,,1780403460,36,181,0,0,,,,,,,,,,,0,,,,,,,,,,,,,,,warmup_dropped,1780403460000
58,L,0,1780403700,4526.75,4523.48,1780404000,1780404600,4525.99,4526.16,1,,1780406460,5,26,0,0,,,,,,,,,,,0,,,,,,,,,,,,,,,warmup_dropped,1780406460000
57,S,0,1780402500,4535.71,4532.79,1780402500,1780403100,4530.12,4532.79,1,,1780408080,15,78,0,0,,,,,,,,,,,0,,,,,,,,,,,,,,,warmup_dropped,1780408080000
59,L,0,1780407300,4528.37,4525.40,1780407300,1780407900,4528.37,4528.73,1,,1780409700,5,25,0,0,,,,,,,,,,,0,,,,,,,,,,,,,,,warmup_dropped,1780409700000
60,S,0,1780410600,4530.70,4528.84,1780410600,1780411200,4528.51,4528.84,1,,1780411680,0,3,0,0,,,,,,,,,,,0,,,,,,,,,,,,,,,warmup_dropped,1780411680000
61,S,0,1780414800,4527.19,4523.67,1780414800,1780415400,4521.24,4523.67,1,,1780416360,2,11,0,0,,,,,,,,,,,0,,,,,,,,,,,,,,,warmup_dropped,1780416360000
49,L,0,1780385100,4506.09,4504.18,1780385100,1780385700,4506.09,4507.26,1,,1780419240,110,554,0,0,,,,,,,,,,,0,,,,,,,,,,,,,,,warmup_dropped,1780419240000
62,S,0,1780418700,4510.99,4506.59,1780418700,1780419300,4506.05,4506.59,1,,1780420260,2,11,0,0,,,,,,,,,,,0,,,,,,,,,,,,,,,warmup_dropped,1780420260000
48,L,0,1780383000,4498.28,4497.00,1780383300,1780383900,4499.34,4500.31,1,,1780420560,121,606,0,0,,,,,,,,,,,0,,,,,,,,,,,,,,,warmup_dropped,1780420560000
63,S,0,1780420200,4507.00,4502.70,1780420200,1780420800,4498.23,4502.70,1,,1780421820,2,12,0,0,,,,,,,,,,,0,,,,,,,,,,,,,,,warmup_dropped,1780421820000
64,L,0,1780420800,4498.23,4490.30,1780421100,1780421700,4497.13,4499.19,1,,1780427220,17,87,0,0,,,,,,,,,,,0,,,,,,,,,,,,,,,warmup_dropped,1780427220000
66,S,0,1780431900,4491.71,4487.45,1780432200,1780432800,4485.39,4488.52,1,,1780434060,3,16,0,0,,,,,,,,,,,0,,,,,,,,,,,,,,,warmup_dropped,1780434060000
67,L,0,1780433400,4486.52,4483.50,1780433700,1780434300,4484.91,4485.28,1,,1780434600,0,0,0,0,,,,,,,,,,,0,,,,,,,,,,,,,,,warmup_dropped,1780434600000
68,L,0,1780434900,4486.13,4484.02,1780434900,1780435500,4486.13,4487.35,1,,1780436280,1,8,0,0,,,,,,,,,,,0,,,,,,,,,,,,,,,warmup_dropped,1780436280000
69,S,0,1780435500,4490.92,4487.35,1780435800,1780436400,4485.52,4486.81,1,,1780437000,1,5,0,0,,,,,,,,,,,0,,,,,,,,,,,,,,,warmup_dropped,1780437000000
71,S,0,1780437600,4489.14,4487.34,1780437900,1780438500,4487.73,4488.09,1,,1780439160,1,6,0,0,,,,,,,,,,,0,,,,,,,,,,,,,,,warmup_dropped,1780439160000
70,L,0,1780436400,4485.52,4478.69,1780436400,1780437000,4485.52,4485.94,1,,1780439820,8,42,0,0,,,,,,,,,,,0,,,,,,,,,,,,,,,warmup_dropped,1780439820000
72,L,0,1780441200,4488.11,4486.26,1780441500,1780442100,4488.53,4489.52,1,,1780444200,6,30,0,0,,,,,,,,,,,0,,,,,,,,,,,,,,,warmup_dropped,1780444200000
73,L,0,1780444200,4488.80,4487.55,1780444200,1780448400,4488.80,4489.38,1,,1780448700,0,0,0,0,,,,,,,,,,,0,,,,,,,,,,,,,,,warmup_dropped,1780448700000
47,L,0,1780379100,4477.85,4473.61,1780379100,1780379700,4477.85,4478.77,1,,1780452600,230,1210,0,0,,,,,,,,,,,0,,,,,,,,,,,,,,,warmup_dropped,1780452600000
75,L,0,1780456200,4476.93,4474.19,1780456200,1780456800,4476.93,4477.20,1,,1780459260,7,36,0,0,,,,,,,,,,,0,,,,,,,,,,,,,,,warmup_dropped,1780459260000
74,L,0,1780454100,4467.86,4463.66,1780454100,1780454700,4467.86,4469.00,1,,1780459620,15,77,0,0,,,,,,,,,,,0,,,,,,,,,,,,,,,warmup_dropped,1780459620000
77,L,0,1780461300,4472.70,4466.34,1780461600,1780462200,4471.36,4473.47,1,,1780462620,0,2,0,0,,,,,,,,,,,0,,,,,,,,,,,,,,,warmup_dropped,1780462620000
78,L,0,1780465500,4479.37,4473.10,1780465800,1780466400,4480.17,4481.86,1,,1780471620,16,82,0,0,,,,,,,,,,,0,,,,,,,,,,,,,,,warmup_dropped,1780471620000
80,L,0,1780473900,4471.94,4467.33,1780473900,1780474500,4471.94,4472.04,1,,1780474800,0,0,0,0,,,,,,,,,,,0,,,,,,,,,,,,,,,warmup_dropped,1780474800000
81,S,0,1780474200,4473.57,4469.97,1780474500,1780475100,4469.67,4472.04,1,,1780478280,9,48,0,0,,,,,,,,,,,0,,,,,,,,,,,,,,,warmup_dropped,1780478280000
82,S,0,1780478100,4470.86,4465.54,1780478100,1780478700,4463.14,4465.54,1,,1780480980,6,33,0,0,,,,,,,,,,,0,,,,,,,,,,,,,,,warmup_dropped,1780480980000
83,L,0,1780480200,4460.42,4457.70,1780480500,1780481100,4462.99,4464.33,1,,1780482360,3,16,0,0,,,,,,,,,,,0,,,,,,,,,,,,,,,warmup_dropped,1780482360000
85,S,0,1780486800,4458.85,4455.39,1780486800,1780487400,4454.95,4455.39,1,,1780488420,2,12,0,0,,,,,,,,,,,0,,,,,,,,,,,,,,,warmup_dropped,1780488420000
86,L,0,1780487700,4445.76,4440.15,1780487700,1780488300,4445.76,4451.11,1,,1780489680,3,18,0,0,,,,,,,,,,,0,,,,,,,,,,,,,,,warmup_dropped,1780489680000
88,S,0,1780493400,4462.76,4458.69,1780493700,1780494300,4456.64,4458.25,1,,1780494600,0,0,0,0,,,,,,,,,,,0,,,,,,,,,,,,,,,warmup_dropped,1780494600000
89,L,0,1780494000,4459.20,4453.27,1780494300,1780494900,4456.64,4458.38,1,,1780495200,0,0,0,0,,,,,,,,,,,0,,,,,,,,,,,,,,,warmup_dropped,1780495200000
90,L,0,1780494900,4461.10,4458.38,1780494900,1780495500,4461.10,4462.50,1,,1780495860,0,1,0,0,,,,,,,,,,,0,,,,,,,,,,,,,,,warmup_dropped,1780495860000
91,L,0,1780500900,4453.85,4448.23,1780500900,1780501500,4453.85,4456.75,1,,1780503600,6,30,0,0,,,,,,,,,,,0,,,,,,,,,,,,,,,warmup_dropped,1780503600000
87,L,0,1780491300,4444.28,4440.96,1780491300,1780491900,4444.28,4447.11,1,,1780504920,42,212,0,0,,,,,,,,,,,0,,,,,,,,,,,,,,,warmup_dropped,1780504920000
92,S,0,1780504500,4451.51,4446.24,1780504500,1780505100,4438.24,4446.24,1,,1780505520,0,2,0,0,,,,,,,,,,,0,,,,,,,,,,,,,,,warmup_dropped,1780505520000
93,L,0,1780504800,4450.02,4427.14,1780505100,1780505700,4438.24,4441.71,1,,1780506000,0,0,0,0,,,,,,,,,,,0,,,,,,,,,,,,,,,warmup_dropped,1780506000000
94,L,0,1780508400,4452.29,4447.15,1780508700,1780509300,4455.08,4455.43,1,,1780509900,1,5,0,0,,,,,,,,,,,0,,,,,,,,,,,,,,,warmup_dropped,1780509900000
95,S,0,1780509000,4459.57,4450.71,1780509300,1780509900,4453.05,4455.43,1,,1780510200,0,0,0,0,,,,,,,,,,,0,,,,,,,,,,,,,,,warmup_dropped,1780510200000
96,L,0,1780515900,4440.40,4437.53,1780516200,1780516800,4439.56,4441.72,1,,1780518060,3,16,0,0,,,,,,,,,,,0,,,,,,,,,,,,,,,warmup_dropped,1780518060000
97,L,0,1780521000,4438.54,4435.50,1780521300,1780521900,4438.00,4438.48,1,,1780522500,1,5,0,0,,,,,,,,,,,0,,,,,,,,,,,,,,,warmup_dropped,1780522500000
99,S,0,1780524900,4451.83,4448.76,1780524900,1780525500,4448.59,4448.76,1,,1780525800,0,0,0,0,,,,,,,,,,,0,,,,,,,,,,,,,,,warmup_dropped,1780525800000
98,L,0,1780522500,4439.27,4436.90,1780522500,1780523100,4439.27,4439.61,1,,1780527900,15,75,0,0,,,,,,,,,,,0,,,,,,,,,,,,,,,warmup_dropped,1780527900000
101,S,0,1780528800,4440.02,4437.58,1780529100,1780529700,4434.38,4438.21,1,,1780534800,3,80,0,0,,,,,,,,,,,0,,,,,,,,,,,,,,,warmup_dropped,1780534800000
102,S,0,1780535100,4436.21,4432.14,1780535100,1780535700,4432.05,4432.14,1,,1780536300,1,5,0,0,,,,,,,,,,,0,,,,,,,,,,,,,,,warmup_dropped,1780536300000
100,S,0,1780525800,4449.61,4447.38,1780526100,1780526700,4447.27,4447.82,1,,1780538220,25,187,0,0,,,,,,,,,,,0,,,,,,,,,,,,,,,warmup_dropped,1780538220000
104,L,0,1780540500,4452.35,4448.61,1780540500,1780541100,4452.35,4453.46,1,,1780542900,5,25,0,0,,,,,,,,,,,0,,,,,,,,,,,,,,,warmup_dropped,1780542900000
105,L,0,1780544100,4452.13,4445.29,1780544400,1780545000,4448.27,4449.73,1,,1780545300,0,0,0,0,,,,,,,,,,,0,,,,,,,,,,,,,,,warmup_dropped,1780545300000
84,S,0,1780481400,4472.17,4468.28,1780481400,1780482000,4464.82,4468.28,1,,1780546800,203,1075,0,0,,,,,,,,,,,0,,,,,,,,,,,,,,,warmup_dropped,1780546800000
107,L,0,1780551300,4461.08,4458.15,1780551300,1780551900,4461.08,4462.39,1,,1780555440,10,54,0,0,,,,,,,,,,,0,,,,,,,,,,,,,,,warmup_dropped,1780555440000
109,S,0,1780554300,4469.64,4465.95,1780554600,1780555200,4465.53,4467.05,1,,1780556400,3,15,0,0,,,,,,,,,,,0,,,,,,,,,,,,,,,warmup_dropped,1780556400000
108,S,0,1780553100,4477.25,4472.91,1780553100,1780553700,4472.41,4472.91,1,,1780557660,12,61,0,0,,,,,,,,,,,0,,,,,,,,,,,,,,,warmup_dropped,1780557660000
111,S,0,1780559700,4481.20,4478.68,1780559700,1780560300,4478.40,4478.68,1,,1780560780,0,3,0,0,,,,,,,,,,,0,,,,,,,,,,,,,,,warmup_dropped,1780560780000
112,S,0,1780560600,4479.15,4471.48,1780560900,1780561500,4474.18,4475.64,1,,1780561800,0,0,0,0,,,,,,,,,,,0,,,,,,,,,,,,,,,warmup_dropped,1780561800000
113,S,0,1780563900,4477.18,4472.13,1780564200,1780564800,4470.46,4473.29,1,,1780565340,0,4,0,0,,,,,,,,,,,0,,,,,,,,,,,,,,,warmup_dropped,1780565340000
114,S,0,1780565400,4475.65,4469.75,1780565700,1780566300,4469.92,4470.58,1,,1780566600,0,0,0,0,,,,,,,,,,,0,,,,,,,,,,,,,,,warmup_dropped,1780566600000
110,L,0,1780555500,4461.10,4458.39,1780555500,1780556100,4461.10,4462.28,1,,1780569840,44,224,0,0,,,,,,,,,,,0,,,,,,,,,,,,,,,warmup_dropped,1780569840000
115,S,0,1780578600,4471.87,4468.00,1780578900,1780579500,4468.33,4468.52,1,,1780579800,0,0,0,0,,,,,,,,,,,0,,,,,,,,,,,,,,,warmup_dropped,1780579800000
79,S,0,1780470600,4486.90,4484.54,1780470600,1780471200,4481.79,4484.54,1,,1780583160,360,1861,0,0,,,,,,,,,,,0,,,,,,,,,,,,,,,warmup_dropped,1780583160000
76,S,0,1780458000,4496.70,4491.38,1780458300,1780458900,4489.04,4489.08,1,,1780583400,402,2070,0,0,,,,,,,,,,,0,,,,,,,,,,,,,,,warmup_dropped,1780583400000
65,S,0,1780427100,4502.71,4498.16,1780427400,1780428000,4496.07,4498.12,1,,1780584360,496,2601,0,0,,,,,,,,,,,0,,,,,,,,,,,,,,,warmup_dropped,1780584360000
116,L,0,1780583400,4492.45,4484.57,1780583700,1780584300,4488.41,4491.42,1,,1780585860,4,21,0,0,,,,,,,,,,,0,,,,,,,,,,,,,,,warmup_dropped,1780585860000
117,S,0,1780584900,4514.63,4503.78,1780584900,1780585500,4503.64,4503.78,1,,1780588140,7,39,0,0,,,,,,,,,,,0,,,,,,,,,,,,,,,warmup_dropped,1780588140000
118,L,0,1780586100,4495.56,4491.26,1780586100,1780586700,4495.56,4495.82,1,,1780592340,17,89,0,0,,,,,,,,,,,0,,,,,,,,,,,,,,,warmup_dropped,1780592340000
121,L,0,1780595400,4470.39,4457.26,1780595700,1780596300,4466.27,4467.22,1,,1780596600,0,0,0,0,,,,,,,,,,,0,,,,,,,,,,,,,,,warmup_dropped,1780596600000
122,L,0,1780598400,4477.29,4471.15,1780598700,1780599300,4475.80,4476.41,1,,1780599600,0,0,0,0,,,,,,,,,,,0,,,,,,,,,,,,,,,warmup_dropped,1780599600000
120,S,0,1780593900,4487.88,4484.01,1780594200,1780594800,4480.72,4481.59,1,,1780600200,17,85,0,0,,,,,,,,,,,0,,,,,,,,,,,,,,,warmup_dropped,1780600200000
123,L,0,1780599600,4478.77,4476.14,1780599600,1780600200,4478.77,4479.12,1,,1780603860,11,56,0,0,,,,,,,,,,,0,,,,,,,,,,,,,,,warmup_dropped,1780603860000
124,L,0,1780604400,4476.01,4474.12,1780604400,1780605000,4476.01,4476.74,1,,1780608720,11,57,0,0,,,,,,,,,,,0,,,,,,,,,,,,,,,warmup_dropped,1780608720000
125,S,0,1780608000,4480.55,4478.20,1780608000,1780608600,4478.14,4478.20,1,,1780609860,3,16,0,0,,,,,,,,,,,0,,,,,,,,,,,,,,,warmup_dropped,1780609860000
127,L,0,1780613400,4478.77,4477.03,1780613400,1780614000,4478.77,4479.12,1,,1780614660,1,6,0,0,,,,,,,,,,,0,,,,,,,,,,,,,,,warmup_dropped,1780614660000
128,S,0,1780615500,4478.03,4476.65,1780615500,1780616100,4476.33,4476.65,1,,1780616400,0,0,0,0,,,,,,,,,,,0,,,,,,,,,,,,,,,warmup_dropped,1780616400000
126,L,0,1780608900,4474.16,4472.75,1780609200,1780609800,4474.62,4475.39,1,,1780621200,24,185,0,0,,,,,,,,,,,0,,,,,,,,,,,,,,,warmup_dropped,1780621200000
106,L,0,1780545300,4451.26,4446.70,1780545300,1780545900,4451.26,4452.93,1,,1780629600,266,1390,0,0,,,,,,,,,,,0,,,,,,,,,,,,,,,warmup_dropped,1780629600000
131,S,0,1780628400,4463.92,4459.48,1780628700,1780629300,4457.53,4459.81,1,,1780630200,2,10,0,0,,,,,,,,,,,0,,,,,,,,,,,,,,,warmup_dropped,1780630200000
130,S,0,1780626000,4472.00,4466.67,1780626300,1780626900,4466.68,4468.22,1,,1780630560,11,56,0,0,,,,,,,,,,,0,,,,,,,,,,,,,,,warmup_dropped,1780630560000
132,L,0,1780629300,4457.53,4452.06,1780629600,1780630200,4455.63,4456.20,1,,1780632000,5,25,0,0,,,,,,,,,,,0,,,,,,,,,,,,,,,warmup_dropped,1780632000000
133,S,0,1780633500,4459.55,4449.31,1780633800,1780634400,4451.36,4453.85,1,,1780634820,0,2,0,0,,,,,,,,,,,0,,,,,,,,,,,,,,,warmup_dropped,1780634820000
134,S,0,1780636800,4453.20,4447.43,1780637100,1780637700,4446.68,4449.95,1,,1780638600,2,10,0,0,,,,,,,,,,,0,,,,,,,,,,,,,,,warmup_dropped,1780638600000
135,S,0,1780638300,4447.26,4442.34,1780638600,1780639200,4441.22,4443.24,1,,1780640160,2,11,0,0,,,,,,,,,,,0,,,,,,,,,,,,,,,warmup_dropped,1780640160000
136,L,0,1780645200,4444.11,4439.28,1780645500,1780646100,4442.30,4443.99,1,,1780646460,0,1,0,0,,,,,,,,,,,0,,,,,,,,,,,,,,,warmup_dropped,1780646460000
137,S,0,1780647000,4449.71,4446.45,1780647000,1780647600,4446.30,4446.45,1,,1780648560,2,11,0,0,,,,,,,,,,,0,,,,,,,,,,,,,,,warmup_dropped,1780648560000
103,L,0,1780535700,4432.05,4423.96,1780536000,1780536600,4430.69,4434.00,1,,1780651080,368,1903,0,0,,,,,,,,,,,0,,,,,,,,,,,,,,,warmup_dropped,1780651080000
139,S,0,1780650300,4441.39,4437.30,1780650300,1780650900,4437.12,4437.30,1,,1780651260,0,1,0,0,,,,,,,,,,,0,,,,,,,,,,,,,,,warmup_dropped,1780651260000
138,S,0,1780649100,4448.23,4442.16,1780649400,1780650000,4442.59,4442.68,1,,1780651440,3,19,0,0,,,,,,,,,,,0,,,,,,,,,,,,,,,warmup_dropped,1780651440000
141,L,0,1780657500,4462.51,4459.53,1780657800,1780658400,4461.80,4462.14,1,,1780659360,2,11,0,0,,,,,,,,,,,0,,,,,,,,,,,,,,,warmup_dropped,1780659360000
142,L,0,1780661100,4462.92,4459.76,1780661100,1780661700,4462.92,4464.20,1,,1780662540,1,9,0,0,,,,,,,,,,,0,,,,,,,,,,,,,,,warmup_dropped,1780662540000
143,S,0,1780661700,4469.28,4464.20,1780662000,1780662600,4466.27,4466.45,1,,1780662900,0,0,0,0,,,,,,,,,,,0,,,,,,,,,,,,,,,warmup_dropped,1780662900000
144,S,0,1780665600,4468.08,4465.35,1780665900,1780666500,4464.10,4465.08,1,,1780667100,1,5,0,0,,,,,,,,,,,0,,,,,,,,,,,,,,,warmup_dropped,1780667100000
145,L,0,1780666200,4466.90,4462.67,1780666500,1780667100,4464.10,4464.40,1,,1780667400,0,0,0,0,,,,,,,,,,,0,,,,,,,,,,,,,,,warmup_dropped,1780667400000
146,L,0,1780669200,4463.82,4458.97,1780669200,1780669800,4463.82,4464.53,1,,1780670160,0,1,0,0,,,,,,,,,,,0,,,,,,,,,,,,,,,warmup_dropped,1780670160000
147,L,0,1780670100,4466.92,4463.35,1780670400,1780671000,4465.72,4466.70,1,,1780671780,1,8,0,0,,,,,,,,,,,0,,,,,,,,,,,,,,,warmup_dropped,1780671780000
148,L,0,1780671600,4470.83,4464.18,1780671900,1780672500,4468.12,4468.38,1,,1780672800,0,0,0,0,,,,,,,,,,,0,,,,,,,,,,,,,,,warmup_dropped,1780672800000
140,L,0,1780650600,4441.94,4436.12,1780650900,1780651500,4437.12,4440.43,1,,1780673760,73,366,0,0,,,,,,,,,,,0,,,,,,,,,,,,,,,warmup_dropped,1780673760000
154,S,0,1780679700,4370.13,4364.78,1780679700,1780680300,4361.39,4364.78,1,,1780681860,4,21,0,0,,,,,,,,,,,0,,,,,,,,,,,,,,,warmup_dropped,1780681860000
155,L,0,1780680900,4354.65,4347.95,1780681200,1780681800,4350.49,4355.11,1,,1780683240,3,19,0,0,,,,,,,,,,,0,,,,,,,,,,,,,,,warmup_dropped,1780683240000
157,S,0,1780686600,4337.97,4331.55,1780686600,1780687200,4330.69,4331.55,1,,1780687500,0,0,0,0,,,,,,,,,,,0,,,,,,,,,,,,,,,warmup_dropped,1780687500000
158,L,0,1780688400,4332.08,4326.05,1780688400,1780689000,4332.08,4333.20,1,,1780693560,14,71,0,0,,,,,,,,,,,0,,,,,,,,,,,,,,,warmup_dropped,1780693560000
160,L,0,1780697400,4320.05,4315.25,1780697700,1780698300,4318.77,4318.90,1,,1780699200,2,10,0,0,,,,,,,,,,,0,,,,,,,,,,,,,,,warmup_dropped,1780699200000
161,S,0,1780700100,4321.26,4316.91,1780700100,1780700700,4314.67,4316.91,1,,1780701240,0,4,0,0,,,,,,,,,,,0,,,,,,,,,,,,,,,warmup_dropped,1780701240000
162,L,0,1780701300,4316.75,4314.02,1780701300,1780701900,4316.75,4318.76,1,,1780880520,6,2972,0,0,,,,,,,,,,,0,,,,,,,,,,,,,,,warmup_dropped,1780880520000
163,S,0,1780703700,4331.02,4327.65,1780703700,1780880700,4321.33,4327.65,1,,1780881240,0,4,0,0,,,,,,,,,,,0,,,,,,,,,,,,,,,warmup_dropped,1780881240000
164,L,0,1780880700,4321.33,4310.12,1780880700,1780881300,4321.33,4323.97,1,,1780881960,1,6,0,0,,,,,,,,,,,0,,,,,,,,,,,,,,,warmup_dropped,1780881960000
165,L,0,1780881900,4324.34,4316.30,1780882200,1780882800,4323.33,4324.51,1,,1780883100,0,0,0,0,,,,,,,,,,,0,,,,,,,,,,,,,,,warmup_dropped,1780883100000
159,S,0,1780692600,4343.65,4338.82,1780692900,1780693500,4334.17,4341.15,1,,1780886520,54,3212,0,0,,,,,,,,,,,0,,,,,,,,,,,,,,,warmup_dropped,1780886520000
167,L,0,1780888200,4345.66,4341.10,1780888200,1780888800,4345.66,4347.41,1,,1780890000,3,15,0,0,,,,,,,,,,,0,,,,,,,,,,,,,,,warmup_dropped,1780890000000
166,L,0,1780885200,4332.01,4328.80,1780885200,1780885800,4332.01,4333.04,1,,1780891620,18,92,0,0,,,,,,,,,,,0,,,,,,,,,,,,,,,warmup_dropped,1780891620000
169,L,0,1780896600,4316.84,4308.88,1780896900,1780897500,4312.44,4314.30,1,,1780897800,0,0,0,0,,,,,,,,,,,0,,,,,,,,,,,,,,,warmup_dropped,1780897800000
170,S,0,1780898400,4314.19,4310.12,1780898400,1780899000,4308.51,4310.12,1,,1780899660,1,6,0,0,,,,,,,,,,,0,,,,,,,,,,,,,,,warmup_dropped,1780899660000
171,L,0,1780900200,4309.31,4304.97,1780900500,1780901100,4308.56,4309.55,1,,1780904460,10,51,0,0,,,,,,,,,,,0,,,,,,,,,,,,,,,warmup_dropped,1780904460000
173,S,0,1780905600,4316.11,4311.77,1780905600,1780906200,4311.73,4311.77,1,,1780906860,1,6,0,0,,,,,,,,,,,0,,,,,,,,,,,,,,,warmup_dropped,1780906860000
174,S,0,1780907100,4313.18,4309.08,1780907100,1780907700,4291.26,4309.08,1,,1780910460,8,41,0,0,,,,,,,,,,,0,,,,,,,,,,,,,,,warmup_dropped,1780910460000
175,S,0,1780910400,4311.32,4302.81,1780910700,1780911300,4300.14,4305.34,1,,1780913520,6,32,0,0,,,,,,,,,,,0,,,,,,,,,,,,,,,warmup_dropped,1780913520000
178,S,0,1780923900,4297.63,4289.38,1780924200,1780924800,4292.80,4293.49,1,,1780925100,0,0,0,0,,,,,,,,,,,0,,,,,,,,,,,,,,,warmup_dropped,1780925100000
176,S,0,1780914600,4309.16,4304.87,1780914900,1780915500,4302.65,4304.11,1,,1780925640,32,164,0,0,,,,,,,,,,,0,,,,,,,,,,,,,,,warmup_dropped,1780925640000
172,S,0,1780903500,4320.88,4317.11,1780903500,1780904100,4313.94,4317.11,1,,1780928040,78,394,0,0,,,,,,,,,,,0,,,,,,,,,,,,,,,warmup_dropped,1780928040000
168,S,0,1780894500,4328.63,4322.94,1780894800,1780895400,4318.97,4321.11,1,,1780928340,108,544,0,0,,,,,,,,,,,0,,,,,,,,,,,,,,,warmup_dropped,1780928340000
180,S,0,1780931100,4334.68,4327.46,1780931100,1780931700,4326.25,4327.46,1,,1780932060,0,1,0,0,,,,,,,,,,,0,,,,,,,,,,,,,,,warmup_dropped,1780932060000
181,L,0,1780931400,4331.06,4322.53,1780931700,1780932300,4326.25,4328.05,1,,1780932600,0,0,0,0,,,,,,,,,,,0,,,,,,,,,,,,,,,warmup_dropped,1780932600000
182,L,0,1780935000,4326.57,4323.25,1780935300,1780935900,4325.83,4329.38,1,,1780937880,5,28,0,0,,,,,,,,,,,0,,,,,,,,,,,,,,,warmup_dropped,1780937880000
183,L,0,1780940700,4328.36,4317.36,1780941000,1780941600,4327.18,4328.87,1,,1780941900,0,0,0,0,,,,,,,,,,,0,,,,,,,,,,,,,,,warmup_dropped,1780941900000
184,L,0,1780942200,4328.88,4325.22,1780942200,1780942800,4328.88,4329.27,1,,1780943400,1,5,0,0,,,,,,,,,,,0,,,,,,,,,,,,,,,warmup_dropped,1780943400000
185,L,0,1780943100,4335.33,4328.95,1780943400,1780944000,4333.45,4335.27,1,,1780944420,0,2,0,0,,,,,,,,,,,0,,,,,,,,,,,,,,,warmup_dropped,1780944420000
186,L,0,1780944300,4340.96,4334.51,1780944300,1780944900,4340.96,4341.11,1,,1780945200,0,0,0,0,,,,,,,,,,,0,,,,,,,,,,,,,,,warmup_dropped,1780945200000
187,S,0,1780947900,4346.06,4342.45,1780947900,1780948500,4341.45,4342.45,1,,1780952460,12,61,0,0,,,,,,,,,,,0,,,,,,,,,,,,,,,warmup_dropped,1780952460000
189,L,0,1780951800,4338.27,4336.17,1780951800,1780952400,4338.27,4338.62,1,,1780954620,6,32,0,0,,,,,,,,,,,0,,,,,,,,,,,,,,,warmup_dropped,1780954620000
188,L,0,1780951200,4335.37,4333.77,1780951200,1780951800,4335.37,4336.17,1,,1780955100,10,50,0,0,,,,,,,,,,,0,,,,,,,,,,,,,,,warmup_dropped,1780955100000
192,S,0,1780957500,4328.22,4326.11,1780957800,1780958400,4325.94,4326.30,1,,1780958760,0,1,0,0,,,,,,,,,,,0,,,,,,,,,,,,,,,warmup_dropped,1780958760000
193,L,0,1780958400,4325.94,4324.22,1780958400,1780959000,4325.94,4327.14,1,,1780959360,0,1,0,0,,,,,,,,,,,0,,,,,,,,,,,,,,,warmup_dropped,1780959360000
194,L,0,1780962000,4327.65,4325.40,1780962300,1780962900,4327.43,4329.05,1,,1780967040,0,64,0,0,,,,,,,,,,,0,,,,,,,,,,,,,,,warmup_dropped,1780967040000
197,S,0,1780972500,4322.04,4318.05,1780972800,1780973400,4319.15,4319.31,1,,1780973820,0,2,0,0,,,,,,,,,,,0,,,,,,,,,,,,,,,warmup_dropped,1780973820000
198,S,0,1780974600,4323.79,4318.50,1780974900,1780975500,4319.57,4320.19,1,,1780976040,0,4,0,0,,,,,,,,,,,0,,,,,,,,,,,,,,,warmup_dropped,1780976040000
196,S,0,1780971000,4328.85,4325.81,1780971300,1780971900,4325.17,4326.31,1,,1780977960,19,96,0,0,,,,,,,,,,,0,,,,,,,,,,,,,,,warmup_dropped,1780977960000
195,S,0,1780962900,4329.96,4329.05,1780962900,1780967100,4328.04,4329.05,1,,1780978560,37,186,0,0,,,,,,,,,,,0,,,,,,,,,,,,,,,warmup_dropped,1780978560000
191,S,0,1780956000,4338.12,4334.08,1780956000,1780956600,4332.59,4334.08,1,,1780979280,62,373,0,0,,,,,,,,,,,0,,,,,,,,,,,,,,,warmup_dropped,1780979280000
199,S,0,1780980600,4337.33,4333.89,1780980900,1780981500,4332.88,4333.11,1,,1780982220,1,7,0,0,,,,,,,,,,,0,,,,,,,,,,,,,,,warmup_dropped,1780982220000
200,L,0,1780983300,4335.71,4331.06,1780983300,1780983900,4335.71,4337.50,1,,1780984260,0,1,0,0,,,,,,,,,,,0,,,,,,,,,,,,,,,warmup_dropped,1780984260000
190,S,0,1780953600,4344.88,4341.80,1780953900,1780954500,4341.67,4342.09,1,,1780985700,91,515,0,0,,,,,,,,,,,0,,,,,,,,,,,,,,,warmup_dropped,1780985700000
201,S,0,1780985700,4342.16,4338.67,1780985700,1780986300,4337.32,4338.67,1,,1780987500,3,15,0,0,,,,,,,,,,,0,,,,,,,,,,,,,,,warmup_dropped,1780987500000
202,L,0,1780986600,4337.96,4333.67,1780986900,1780987500,4336.58,4337.64,1,,1780987860,0,1,0,0,,,,,,,,,,,0,,,,,,,,,,,,,,,warmup_dropped,1780987860000
203,S,0,1780987800,4340.38,4337.25,1780987800,1780988400,4336.66,4337.25,1,,1780988880,0,3,0,0,,,,,,,,,,,0,,,,,,,,,,,,,,,warmup_dropped,1780988880000
204,S,0,1780988700,4338.11,4334.95,1780988700,1780989300,4332.88,4334.95,1,,1780992000,8,40,0,0,,,,,,,,,,,0,,,,,,,,,,,,,,,warmup_dropped,1780992000000
205,L,0,1780991400,4331.58,4327.31,1780991400,1780992000,4331.58,4332.35,1,,1780992780,1,8,0,0,,,,,,,,,,,0,,,,,,,,,,,,,,,warmup_dropped,1780992780000
206,L,0,1780993500,4333.87,4332.16,1780993500,1780994100,4333.87,4339.86,1,,1780997460,10,51,0,0,,,,,,,,,,,0,,,,,,,,,,,,,,,warmup_dropped,1780997460000
209,S,0,1780999500,4333.69,4329.84,1780999500,1781000100,4329.81,4329.84,1,,1781000400,0,0,0,0,,,,,,,,,,,0,,,,,,,,,,,,,,,warmup_dropped,1781000400000
210,S,0,1781000700,4332.15,4328.89,1781000700,1781001300,4326.69,4328.89,1,,1781001900,1,5,0,0,,,,,,,,,,,0,,,,,,,,,,,,,,,warmup_dropped,1781001900000
208,S,0,1780998300,4340.21,4336.33,1780998300,1780998900,4336.12,4336.33,1,,1781005380,20,103,0,0,,,,,,,,,,,0,,,,,,,,,,,,,,,warmup_dropped,1781005380000
211,L,0,1781002800,4327.07,4322.65,1781003100,1781003700,4326.85,4331.39,1,,1781005800,6,30,0,0,,,,,,,,,,,0,,,,,,,,,,,,,,,warmup_dropped,1781005800000
212,S,0,1781005200,4336.79,4333.19,1781005200,1781005800,4330.00,4333.19,1,,1781007720,5,27,0,0,,,,,,,,,,,0,,,,,,,,,,,,,,,warmup_dropped,1781007720000
213,S,0,1781007600,4335.90,4329.72,1781007600,1781008200,4329.51,4329.72,1,,1781008620,0,2,0,0,,,,,,,,,,,0,,,,,,,,,,,,,,,warmup_dropped,1781008620000
214,L,0,1781008800,4329.77,4325.08,1781009100,1781009700,4330.21,4330.78,1,,1781010360,1,6,0,0,,,,,,,,,,,0,,,,,,,,,,,,,,,warmup_dropped,1781010360000
215,L,0,1781010300,4331.21,4325.31,1781010300,1781010900,4331.21,4334.10,1,,1781012400,4,20,0,0,,,,,,,,,,,0,,,,,,,,,,,,,,,warmup_dropped,1781012400000
207,S,0,1780996800,4345.82,4340.88,1780996800,1780997400,4339.24,4340.88,1,,1781016600,63,315,0,0,,,,,,,,,,,0,,,,,,,,,,,,,,,warmup_dropped,1781016600000
217,L,0,1781015700,4338.24,4336.74,1781016000,1781016600,4340.01,4340.11,1,,1781018460,5,26,0,0,,,,,,,,,,,0,,,,,,,,,,,,,,,warmup_dropped,1781018460000
216,L,0,1781012700,4333.08,4330.55,1781012700,1781013300,4333.08,4334.69,1,,1781022060,28,141,0,0,,,,,,,,,,,0,,,,,,,,,,,,,,,warmup_dropped,1781022060000
218,S,0,1781021100,4344.26,4338.71,1781021400,1781022000,4336.07,4339.73,1,,1781023620,4,22,0,0,,,,,,,,,,,0,,,,,,,,,,,,,,,warmup_dropped,1781023620000
156,S,0,1780682100,4369.98,4360.91,1780682400,1780683000,4362.16,4362.85,1,,1781023740,534,5674,0,0,,,,,,,,,,,0,,,,,,,,,,,,,,,warmup_dropped,1781023740000
219,L,0,1781023200,4332.08,4325.17,1781023200,1781023800,4332.08,4333.66,1,,1781024100,0,0,0,0,,,,,,,,,,,0,,,,,,,,,,,,,,,warmup_dropped,1781024100000
179,L,0,1780927200,4302.55,4297.18,1780927200,1780927800,4302.55,4304.57,1,,1781026920,317,1647,0,0,,,,,,,,,,,0,,,,,,,,,,,,,,,warmup_dropped,1781026920000
177,L,0,1780921800,4280.89,4272.95,1780921800,1780922400,4280.89,4289.64,1,,1781027160,336,1741,0,0,,,,,,,,,,,0,,,,,,,,,,,,,,,warmup_dropped,1781027160000
222,L,0,1781027100,4290.01,4278.60,1781027100,1781027700,4290.01,4292.71,1,,1781028420,1,7,0,0,,,,,,,,,,,0,,,,,,,,,,,,,,,warmup_dropped,1781028420000
223,L,0,1781030100,4274.64,4263.09,1781030100,1781030700,4274.64,4278.48,1,,1781031420,1,7,0,0,,,,,,,,,,,0,,,,,,,,,,,,,,,warmup_dropped,1781031420000
225,S,0,1781033100,4266.31,4261.19,1781033400,1781034000,4248.08,4260.00,1,,1781035440,3,19,0,0,,,,,,,,,,,0,,,,,,,,,,,,,,,warmup_dropped,1781035440000
227,S,0,1781037600,4268.07,4262.00,1781037600,1781038200,4260.06,4262.00,1,,1781038620,0,2,0,0,,,,,,,,,,,0,,,,,,,,,,,,,,,warmup_dropped,1781038620000
224,S,0,1781031600,4281.00,4270.85,1781031600,1781032200,4266.82,4270.85,1,,1781040120,25,127,0,0,,,,,,,,,,,0,,,,,,,,,,,,,,,warmup_dropped,1781040120000
228,L,0,1781039400,4266.78,4262.73,1781039400,1781040000,4266.78,4267.38,1,,1781041320,3,17,0,0,,,,,,,,,,,0,,,,,,,,,,,,,,,warmup_dropped,1781041320000
229,L,0,1781041200,4270.03,4263.67,1781041500,1781042100,4265.29,4265.54,1,,1781042400,0,0,0,0,,,,,,,,,,,0,,,,,,,,,,,,,,,warmup_dropped,1781042400000
226,L,0,1781034600,4251.29,4238.94,1781034900,1781035500,4252.37,4258.67,1,,1781044860,30,151,0,0,,,,,,,,,,,0,,,,,,,,,,,,,,,warmup_dropped,1781044860000
231,S,0,1781044200,4260.16,4256.40,1781044200,1781044800,4253.60,4256.40,1,,1781045400,1,5,0,0,,,,,,,,,,,0,,,,,,,,,,,,,,,warmup_dropped,1781045400000
232,L,0,1781044800,4253.60,4250.14,1781045100,1781045700,4252.46,4256.39,1,,1781053200,11,120,0,0,,,,,,,,,,,0,,,,,,,,,,,,,,,warmup_dropped,1781053200000
233,L,0,1781047800,4259.13,4257.66,1781047800,1781048400,4259.13,4260.24,1,,1781053200,2,75,0,0,,,,,,,,,,,0,,,,,,,,,,,,,,,warmup_dropped,1781053200000
236,L,0,1781056200,4240.98,4232.45,1781056500,1781057100,4238.07,4241.67,1,,1781057460,0,1,0,0,,,,,,,,,,,0,,,,,,,,,,,,,,,warmup_dropped,1781057460000
238,S,0,1781058600,4229.74,4221.77,1781058900,1781059500,4218.55,4221.53,1,,1781060100,1,5,0,0,,,,,,,,,,,0,,,,,,,,,,,,,,,warmup_dropped,1781060100000
239,S,0,1781061300,4228.09,4218.45,1781061600,1781062200,4218.93,4223.15,1,,1781063880,4,23,0,0,,,,,,,,,,,0,,,,,,,,,,,,,,,warmup_dropped,1781063880000
240,L,0,1781063100,4205.93,4199.83,1781063100,1781063700,4205.93,4207.40,1,,1781064060,0,1,0,0,,,,,,,,,,,0,,,,,,,,,,,,,,,warmup_dropped,1781064060000
241,S,0,1781063700,4220.68,4207.40,1781063700,1781064300,4199.65,4207.40,1,,1781064960,1,6,0,0,,,,,,,,,,,0,,,,,,,,,,,,,,,warmup_dropped,1781064960000
242,L,0,1781064000,4218.83,4194.62,1781064300,1781064900,4199.65,4200.67,1,,1781065200,0,0,0,0,,,,,,,,,,,0,,,,,,,,,,,,,,,warmup_dropped,1781065200000
244,S,0,1781070300,4190.56,4183.51,1781070300,1781070900,4176.76,4183.51,1,,1781073960,9,46,0,0,,,,,,,,,,,0,,,,,,,,,,,,,,,warmup_dropped,1781073960000
245,S,0,1781075700,4182.25,4178.74,1781076000,1781076600,4175.23,4176.43,1,,1781078880,6,33,0,0,,,,,,,,,,,0,,,,,,,,,,,,,,,warmup_dropped,1781078880000
243,S,0,1781065800,4204.85,4196.38,1781066100,1781066700,4193.62,4197.76,1,,1781080860,46,231,0,0,,,,,,,,,,,0,,,,,,,,,,,,,,,warmup_dropped,1781080860000
249,S,0,1781091900,4174.56,4166.44,1781092200,1781092800,4169.62,4171.08,1,,1781093100,0,0,0,0,,,,,,,,,,,0,,,,,,,,,,,,,,,warmup_dropped,1781093100000
250,S,0,1781096400,4171.12,4167.30,1781096400,1781097000,4162.29,4167.30,1,,1781097660,1,6,0,0,,,,,,,,,,,0,,,,,,,,,,,,,,,warmup_dropped,1781097660000
251,L,0,1781096700,4169.66,4155.64,1781097000,1781097600,4162.29,4163.65,1,,1781097900,0,0,0,0,,,,,,,,,,,0,,,,,,,,,,,,,,,warmup_dropped,1781097900000
252,L,0,1781098200,4168.87,4164.10,1781098500,1781099100,4169.08,4169.75,1,,1781100180,2,13,0,0,,,,,,,,,,,0,,,,,,,,,,,,,,,warmup_dropped,1781100180000
253,S,0,1781099700,4178.28,4171.52,1781099700,1781100300,4164.59,4171.52,1,,1781100900,1,5,0,0,,,,,,,,,,,0,,,,,,,,,,,,,,,warmup_dropped,1781100900000
254,L,0,1781100000,4176.09,4159.96,1781100300,1781100900,4164.59,4164.71,1,,1781101200,0,0,0,0,,,,,,,,,,,0,,,,,,,,,,,,,,,warmup_dropped,1781101200000
255,S,0,1781101500,4166.60,4156.80,1781101800,1781102400,4160.06,4161.18,1,,1781103000,1,5,0,0,,,,,,,,,,,0,,,,,,,,,,,,,,,warmup_dropped,1781103000000
256,S,0,1781102700,4155.79,4152.50,1781103000,1781103600,4152.47,4153.65,1,,1781105400,5,25,0,0,,,,,,,,,,,0,,,,,,,,,,,,,,,warmup_dropped,1781105400000
257,L,0,1781104800,4137.36,4133.90,1781104800,1781105400,4137.36,4140.27,1,,1781108160,8,41,0,0,,,,,,,,,,,0,,,,,,,,,,,,,,,warmup_dropped,1781108160000
258,S,0,1781107500,4157.98,4148.46,1781107800,1781108400,4146.22,4148.81,1,,1781108700,0,0,0,0,,,,,,,,,,,0,,,,,,,,,,,,,,,warmup_dropped,1781108700000
248,S,0,1781088900,4187.70,4181.60,1781088900,1781089500,4171.36,4181.60,1,,1781109900,67,335,0,0,,,,,,,,,,,0,,,,,,,,,,,,,,,warmup_dropped,1781109900000
259,L,0,1781109000,4153.55,4142.90,1781109000,1781109600,4153.55,4163.48,1,,1781113020,10,52,0,0,,,,,,,,,,,0,,,,,,,,,,,,,,,warmup_dropped,1781113020000
260,L,0,1781115300,4124.06,4113.42,1781115300,1781115900,4124.06,4127.70,1,,1781116380,0,3,0,0,,,,,,,,,,,0,,,,,,,,,,,,,,,warmup_dropped,1781116380000
261,S,0,1781119800,4129.98,4121.11,1781120100,1781120700,4122.75,4125.99,1,,1781121060,0,1,0,0,,,,,,,,,,,0,,,,,,,,,,,,,,,warmup_dropped,1781121060000
263,L,0,1781124600,4113.29,4105.35,1781124900,1781125500,4113.46,4114.53,1,,1781126220,1,7,0,0,,,,,,,,,,,0,,,,,,,,,,,,,,,warmup_dropped,1781126220000
264,S,0,1781129700,4092.01,4087.49,1781129700,1781130300,4085.95,4087.49,1,,1781130660,0,1,0,0,,,,,,,,,,,0,,,,,,,,,,,,,,,warmup_dropped,1781130660000
267,S,0,1781140200,4057.22,4050.29,1781140200,1781140800,4047.70,4050.29,1,,1781141400,1,5,0,0,,,,,,,,,,,0,,,,,,,,,,,,,,,warmup_dropped,1781141400000
268,L,0,1781140800,4047.70,4036.20,1781141100,1781141700,4044.93,4050.46,1,,1781142900,3,15,0,0,,,,,,,,,,,0,,,,,,,,,,,,,,,warmup_dropped,1781142900000
269,S,0,1781143200,4053.66,4044.45,1781143200,1781143800,4042.46,4044.45,1,,1781144400,1,5,0,0,,,,,,,,,,,0,,,,,,,,,,,,,,,warmup_dropped,1781144400000
270,S,0,1781145300,4063.42,4057.00,1781145600,1781146200,4052.26,4054.71,1,,1781146800,1,5,0,0,,,,,,,,,,,0,,,,,,,,,,,,,,,warmup_dropped,1781146800000
266,S,0,1781135700,4070.50,4069.00,1781135700,1781139900,4063.48,4069.00,1,,1781147820,25,127,0,0,,,,,,,,,,,0,,,,,,,,,,,,,,,warmup_dropped,1781147820000
265,S,0,1781134500,4078.16,4073.80,1781134500,1781135100,4072.76,4073.80,1,,1781148780,32,223,0,0,,,,,,,,,,,0,,,,,,,,,,,,,,,warmup_dropped,1781148780000
272,L,0,1781150700,4082.12,4066.31,1781150700,1781151300,4082.12,4085.65,1,,1781155740,13,69,0,0,,,,,,,,,,,0,,,,,,,,,,,,,,,warmup_dropped,1781155740000
274,L,0,1781156700,4060.16,4052.54,1781156700,1781157300,4060.16,4062.24,1,,1781158860,4,21,0,0,,,,,,,,,,,0,,,,,,,,,,,,,,,warmup_dropped,1781158860000
275,S,0,1781158500,4071.41,4065.26,1781158500,1781159100,4063.88,4065.26,1,,1781159400,0,0,0,0,,,,,,,,,,,0,,,,,,,,,,,,,,,warmup_dropped,1781159400000
276,L,0,1781158800,4065.73,4060.15,1781159100,1781159700,4063.88,4064.42,1,,1781160540,1,9,0,0,,,,,,,,,,,0,,,,,,,,,,,,,,,warmup_dropped,1781160540000
278,L,0,1781161200,4075.80,4071.52,1781161200,1781161800,4075.80,4078.10,1,,1781163300,4,20,0,0,,,,,,,,,,,0,,,,,,,,,,,,,,,warmup_dropped,1781163300000
279,S,0,1781164200,4085.36,4079.61,1781164500,1781165100,4080.53,4081.50,1,,1781165760,1,6,0,0,,,,,,,,,,,0,,,,,,,,,,,,,,,warmup_dropped,1781165760000
273,S,0,1781154900,4095.79,4087.78,1781155200,1781155800,4085.04,4088.98,1,,1781166720,35,177,0,0,,,,,,,,,,,0,,,,,,,,,,,,,,,warmup_dropped,1781166720000
281,L,0,1781166900,4096.42,4090.94,1781166900,1781167500,4096.42,4096.73,1,,1781167980,0,3,0,0,,,,,,,,,,,0,,,,,,,,,,,,,,,warmup_dropped,1781167980000
280,L,0,1781166300,4079.95,4072.65,1781166300,1781166900,4079.95,4090.94,1,,1781168760,5,26,0,0,,,,,,,,,,,0,,,,,,,,,,,,,,,warmup_dropped,1781168760000
283,L,0,1781168700,4085.61,4078.83,1781169000,1781169600,4084.51,4086.62,1,,1781170200,1,5,0,0,,,,,,,,,,,0,,,,,,,,,,,,,,,warmup_dropped,1781170200000
282,S,0,1781168100,4098.53,4093.80,1781168100,1781168700,4085.61,4093.80,1,,1781171100,7,35,0,0,,,,,,,,,,,0,,,,,,,,,,,,,,,warmup_dropped,1781171100000
284,L,0,1781172300,4097.60,4092.98,1781172600,1781173200,4098.33,4102.94,1,,1781177340,12,64,0,0,,,,,,,,,,,0,,,,,,,,,,,,,,,warmup_dropped,1781177340000
286,S,0,1781180100,4088.83,4085.25,1781180100,1781180700,4085.07,4085.25,1,,1781181420,1,7,0,0,,,,,,,,,,,0,,,,,,,,,,,,,,,warmup_dropped,1781181420000
285,S,0,1781177700,4099.48,4094.93,1781177700,1781178300,4092.04,4094.93,1,,1781182020,11,57,0,0,,,,,,,,,,,0,,,,,,,,,,,,,,,warmup_dropped,1781182020000
287,L,0,1781180700,4085.07,4078.89,1781181000,1781181600,4082.80,4087.48,1,,1781187360,18,91,0,0,,,,,,,,,,,0,,,,,,,,,,,,,,,warmup_dropped,1781187360000
288,S,0,1781187900,4091.21,4084.38,1781188200,1781188800,4086.97,4088.06,1,,1781189100,0,0,0,0,,,,,,,,,,,0,,,,,,,,,,,,,,,warmup_dropped,1781189100000
277,L,0,1781160300,4068.86,4065.11,1781160300,1781160900,4068.86,4072.10,1,,1781191320,100,502,0,0,,,,,,,,,,,0,,,,,,,,,,,,,,,warmup_dropped,1781191320000
289,L,0,1781191800,4073.97,4057.58,1781192100,1781192700,4066.87,4069.87,1,,1781193060,0,1,0,0,,,,,,,,,,,0,,,,,,,,,,,,,,,warmup_dropped,1781193060000
290,S,0,1781193900,4086.13,4078.93,1781193900,1781194500,4077.24,4078.93,1,,1781195280,1,8,0,0,,,,,,,,,,,0,,,,,,,,,,,,,,,warmup_dropped,1781195280000
291,L,0,1781195700,4082.61,4068.30,1781196000,1781196600,4078.61,4083.66,1,,1781197140,0,4,0,0,,,,,,,,,,,0,,,,,,,,,,,,,,,warmup_dropped,1781197140000
292,S,0,1781196600,4092.57,4083.66,1781196900,1781197500,4078.03,4082.48,1,,1781198760,3,16,0,0,,,,,,,,,,,0,,,,,,,,,,,,,,,warmup_dropped,1781198760000
294,L,0,1781200500,4079.10,4072.16,1781200800,1781201400,4076.46,4079.73,1,,1781202120,1,7,0,0,,,,,,,,,,,0,,,,,,,,,,,,,,,warmup_dropped,1781202120000
296,L,0,1781204400,4093.23,4086.89,1781204700,1781205300,4093.69,4096.25,1,,1781205660,0,1,0,0,,,,,,,,,,,0,,,,,,,,,,,,,,,warmup_dropped,1781205660000
295,L,0,1781202600,4082.74,4077.51,1781202600,1781203200,4082.74,4085.90,1,,1781206020,8,42,0,0,,,,,,,,,,,0,,,,,,,,,,,,,,,warmup_dropped,1781206020000
298,S,0,1781207700,4082.27,4079.27,1781207700,1781208300,4077.67,4079.27,1,,1781209200,2,10,0,0,,,,,,,,,,,0,,,,,,,,,,,,,,,warmup_dropped,1781209200000
297,S,0,1781205000,4103.28,4091.17,1781205300,1781205900,4088.79,4096.25,1,,1781209680,11,58,0,0,,,,,,,,,,,0,,,,,,,,,,,,,,,warmup_dropped,1781209680000
262,S,0,1781121600,4134.90,4121.37,1781121600,1781122200,4120.41,4121.37,1,,1781209800,279,1455,0,0,,,,,,,,,,,0,,,,,,,,,,,,,,,warmup_dropped,1781209800000
247,S,0,1781088300,4192.97,4189.24,1781088300,1781088900,4187.70,4189.24,1,,1781216040,410,2114,0,0,,,,,,,,,,,0,,,,,,,,,,,,,,,warmup_dropped,1781216040000
246,S,0,1781086800,4203.75,4198.12,1781086800,1781087400,4197.09,4198.12,1,,1781216400,417,2145,0,0,,,,,,,,,,,0,,,,,,,,,,,,,,,warmup_dropped,1781216400000
237,S,0,1781056800,4246.43,4235.61,1781057100,1781057700,4236.50,4241.67,1,,1781228880,545,2848,0,0,,,,,,,,,,,0,,,,,,,,,,,,,,,warmup_dropped,1781228880000
303,L,0,1781227800,4216.33,4211.41,1781228100,1781228700,4215.56,4225.37,1,,1781230980,6,33,0,0,,,,,,,,,,,0,,,,,,,,,,,,,,,warmup_dropped,1781230980000
305,L,0,1781234100,4216.99,4207.45,1781234100,1781234700,4216.99,4220.29,1,,1781235420,1,7,0,0,,,,,,,,,,,0,,,,,,,,,,,,,,,warmup_dropped,1781235420000
302,L,0,1781216400,4198.16,4188.67,1781216700,1781217300,4198.32,4208.31,1,,1781236860,52,321,0,0,,,,,,,,,,,0,,,,,,,,,,,,,,,warmup_dropped,1781236860000
301,L,0,1781215500,4175.74,4169.49,1781215500,1781216100,4175.74,4186.17,1,,1781238960,63,376,0,0,,,,,,,,,,,0,,,,,,,,,,,,,,,warmup_dropped,1781238960000
308,S,0,1781238000,4192.30,4187.42,1781238000,1781238600,4186.70,4187.42,1,,1781239560,2,11,0,0,,,,,,,,,,,0,,,,,,,,,,,,,,,warmup_dropped,1781239560000
310,L,0,1781239800,4191.46,4186.16,1781240100,1781240700,4190.15,4190.19,1,,1781241360,1,6,0,0,,,,,,,,,,,0,,,,,,,,,,,,,,,warmup_dropped,1781241360000
311,S,0,1781240700,4197.62,4190.19,1781241000,1781241600,4193.47,4193.85,1,,1781241900,0,0,0,0,,,,,,,,,,,0,,,,,,,,,,,,,,,warmup_dropped,1781241900000
307,S,0,1781236500,4208.29,4200.81,1781236500,1781237100,4193.39,4200.81,1,,1781245080,25,128,0,0,,,,,,,,,,,0,,,,,,,,,,,,,,,warmup_dropped,1781245080000
312,S,0,1781245800,4204.57,4199.21,1781246100,1781246700,4199.26,4201.08,1,,1781247240,0,4,0,0,,,,,,,,,,,0,,,,,,,,,,,,,,,warmup_dropped,1781247240000
309,L,0,1781238900,4180.56,4171.41,1781239200,1781239800,4183.69,4186.16,1,,1781253240,43,219,0,0,,,,,,,,,,,0,,,,,,,,,,,,,,,warmup_dropped,1781253240000
314,L,0,1781254500,4176.82,4170.72,1781254500,1781255100,4176.82,4178.77,1,,1781256720,4,22,0,0,,,,,,,,,,,0,,,,,,,,,,,,,,,warmup_dropped,1781256720000
315,L,0,1781260200,4175.78,4170.21,1781260200,1781260800,4175.78,4178.60,1,,1781261340,0,4,0,0,,,,,,,,,,,0,,,,,,,,,,,,,,,warmup_dropped,1781261340000
316,S,0,1781260800,4184.58,4178.60,1781260800,1781261400,4178.27,4178.60,1,,1781261700,0,0,0,0,,,,,,,,,,,0,,,,,,,,,,,,,,,warmup_dropped,1781261700000
313,S,0,1781252400,4189.09,4186.00,1781252700,1781253300,4180.25,4185.99,1,,1781261760,27,136,0,0,,,,,,,,,,,0,,,,,,,,,,,,,,,warmup_dropped,1781261760000
306,S,0,1781235000,4228.77,4219.95,1781235000,1781235600,4214.91,4219.95,1,,1781263200,91,455,0,0,,,,,,,,,,,0,,,,,,,,,,,,,,,warmup_dropped,1781263200000
320,S,0,1781274000,4210.02,4205.59,1781274000,1781274600,4202.66,4205.59,1,,1781275260,1,6,0,0,,,,,,,,,,,0,,,,,,,,,,,,,,,warmup_dropped,1781275260000
319,S,0,1781271900,4218.65,4214.21,1781272200,1781272800,4211.98,4212.36,1,,1781276040,9,49,0,0,,,,,,,,,,,0,,,,,,,,,,,,,,,warmup_dropped,1781276040000
322,L,0,1781276400,4208.46,4202.91,1781276700,1781277300,4209.21,4211.39,1,,1781277600,0,0,0,0,,,,,,,,,,,0,,,,,,,,,,,,,,,warmup_dropped,1781277600000
321,L,0,1781274600,4202.66,4197.51,1781274900,1781275500,4202.77,4208.78,1,,1781277660,6,31,0,0,,,,,,,,,,,0,,,,,,,,,,,,,,,warmup_dropped,1781277660000
324,L,0,1781280600,4200.79,4193.71,1781280600,1781281200,4200.79,4202.00,1,,1781281860,1,6,0,0,,,,,,,,,,,0,,,,,,,,,,,,,,,warmup_dropped,1781281860000
323,S,0,1781277000,4214.14,4207.71,1781277300,1781277900,4203.61,4211.39,1,,1781282280,13,68,0,0,,,,,,,,,,,0,,,,,,,,,,,,,,,warmup_dropped,1781282280000
317,L,0,1781261100,4183.60,4174.49,1781261400,1781262000,4178.27,4191.97,1,,1781282580,67,338,0,0,,,,,,,,,,,0,,,,,,,,,,,,,,,warmup_dropped,1781282580000
325,S,0,1781282100,4210.14,4198.52,1781282100,1781282700,4193.64,4198.52,1,,1781284620,5,27,0,0,,,,,,,,,,,0,,,,,,,,,,,,,,,warmup_dropped,1781284620000
326,S,0,1781285700,4192.60,4186.06,1781285700,1781286300,4184.92,4186.06,1,,1781286720,0,2,0,0,,,,,,,,,,,0,,,,,,,,,,,,,,,warmup_dropped,1781286720000
318,S,0,1781269500,4225.55,4220.24,1781269800,1781270400,4217.73,4219.98,1,,1781288460,59,296,0,0,,,,,,,,,,,0,,,,,,,,,,,,,,,warmup_dropped,1781288460000
304,S,0,1781229300,4246.27,4233.08,1781229300,1781229900,4230.32,4233.08,1,,1781288760,195,976,0,0,,,,,,,,,,,0,,,,,,,,,,,,,,,warmup_dropped,1781288760000
328,L,0,1781287200,4209.38,4200.21,1781287500,1781288100,4210.73,4212.71,1,,1781290140,5,29,0,0,,,,,,,,,,,0,,,,,,,,,,,,,,,warmup_dropped,1781290140000
329,L,0,1781290800,4213.80,4208.07,1781291100,1781291700,4214.67,4220.95,1,,1781292900,3,15,0,0,,,,,,,,,,,0,,,,,,,,,,,,,,,warmup_dropped,1781292900000
330,S,0,1781291700,4232.91,4220.95,1781291700,1781292300,4220.74,4220.95,1,,1781294760,7,36,0,0,,,,,,,,,,,0,,,,,,,,,,,,,,,warmup_dropped,1781294760000
331,S,0,1781294700,4225.87,4219.02,1781294700,1781295300,4218.73,4219.02,1,,1781295600,0,0,0,0,,,,,,,,,,,0,,,,,,,,,,,,,,,warmup_dropped,1781295600000
332,L,0,1781296500,4221.21,4217.67,1781296500,1781297100,4221.21,4221.97,1,,1781297700,1,5,0,0,,,,,,,,,,,0,,,,,,,,,,,,,,,warmup_dropped,1781297700000
334,S,0,1781298900,4229.79,4225.29,1781299200,1781299800,4228.54,4228.96,1,,1781300100,0,0,0,0,,,,,,,,,,,0,,,,,,,,,,,,,,,warmup_dropped,1781300100000
333,L,0,1781298000,4222.61,4219.59,1781298300,1781298900,4220.90,4225.29,1,,1781300880,5,28,0,0,,,,,,,,,,,0,,,,,,,,,,,,,,,warmup_dropped,1781300880000
230,S,0,1781042100,4271.49,4265.54,1781042400,1781043000,4265.13,4266.34,1,,1781485200,848,7365,0,0,,,,,,,,,,,0,,,,,,,,,,,,,,,warmup_dropped,1781485200000
234,S,0,1781048700,4262.04,4260.38,1781049000,1781053200,4257.39,4259.63,1,,1781485200,826,7195,0,0,,,,,,,,,,,0,,,,,,,,,,,,,,,warmup_dropped,1781485200000
235,S,0,1781049300,4260.65,4259.93,1781049300,1781053500,4256.63,4259.93,1,,1781485200,825,7190,0,0,,,,,,,,,,,0,,,,,,,,,,,,,,,warmup_dropped,1781485200000
335,S,0,1781300400,4230.04,4226.01,1781300400,1781301000,4223.23,4226.01,1,,1781485200,24,3065,0,0,,,,,,,,,,,0,,,,,,,,,,,,,,,warmup_dropped,1781485200000
339,S,0,1781487900,4291.64,4284.89,1781488200,1781488800,4287.44,4288.19,1,,1781489100,0,0,0,0,,,,,,,,,,,0,,,,,,,,,,,,,,,warmup_dropped,1781489100000
338,S,0,1781486100,4305.62,4297.46,1781486400,1781487000,4287.13,4297.89,1,,1781493000,19,95,0,0,,,,,,,,,,,0,,,,,,,,,,,,,,,warmup_dropped,1781493000000
340,L,0,1781491200,4285.57,4282.18,1781491200,1781491800,4285.57,4291.94,1,,1781496000,13,65,0,0,,,,,,,,,,,0,,,,,,,,,,,,,,,warmup_dropped,1781496000000
221,S,0,1781025600,4320.23,4309.30,1781025900,1781026500,4314.87,4315.92,1,,1781497920,946,7852,0,0,,,,,,,,,,,0,,,,,,,,,,,,,,,warmup_dropped,1781497920000
220,S,0,1781024400,4336.00,4326.38,1781024700,1781025300,4323.04,4324.96,1,,1781500440,958,7914,0,0,,,,,,,,,,,0,,,,,,,,,,,,,,,warmup_dropped,1781500440000
343,L,0,1781505600,4324.68,4321.23,1781505600,1781506200,4324.68,4324.92,1,,1781506500,0,0,0,0,,,,,,,,,,,0,,,,,,,,,,,,,,,warmup_dropped,1781506500000
344,L,0,1781508000,4325.23,4320.96,1781508000,1781508600,4325.23,4325.36,1,,1781510760,6,31,0,0,,,,,,,,,,,0,,,,,,,,,,,,,,,warmup_dropped,1781510760000
342,L,0,1781499000,4319.12,4315.12,1781499300,1781499900,4319.01,4321.46,1,,1781512920,42,212,0,0,,,,,,,,,,,0,,,,,,,,,,,,,,,warmup_dropped,1781512920000
346,S,0,1781514000,4312.76,4309.70,1781514000,1781514600,4308.80,4309.70,1,,1781517480,8,43,0,0,,,,,,,,,,,0,,,,,,,,,,,,,,,warmup_dropped,1781517480000
345,S,0,1781511600,4332.95,4327.99,1781511900,1781512500,4328.11,4328.59,1,,1781521440,28,144,0,0,,,,,,,,,,,0,,,,,,,,,,,,,,,warmup_dropped,1781521440000
349,L,0,1781524500,4339.17,4334.12,1781524500,1781525100,4339.17,4339.20,1,,1781525460,0,1,0,0,,,,,,,,,,,0,,,,,,,,,,,,,,,warmup_dropped,1781525460000
350,S,0,1781527500,4340.74,4335.12,1781527800,1781528400,4337.56,4339.67,1,,1781528700,0,0,0,0,,,,,,,,,,,0,,,,,,,,,,,,,,,warmup_dropped,1781528700000
351,L,0,1781533200,4340.20,4336.12,1781533200,1781533800,4340.20,4340.98,1,,1781534640,1,9,0,0,,,,,,,,,,,0,,,,,,,,,,,,,,,warmup_dropped,1781534640000
348,L,0,1781522700,4332.69,4327.29,1781522700,1781523300,4332.69,4341.19,1,,1781534760,37,186,0,0,,,,,,,,,,,0,,,,,,,,,,,,,,,warmup_dropped,1781534760000
353,S,0,1781535600,4338.64,4334.14,1781535900,1781536500,4333.14,4334.38,1,,1781537040,0,4,0,0,,,,,,,,,,,0,,,,,,,,,,,,,,,warmup_dropped,1781537040000
352,S,0,1781534100,4346.75,4341.47,1781534100,1781534700,4338.52,4341.47,1,,1781537640,8,44,0,0,,,,,,,,,,,0,,,,,,,,,,,,,,,warmup_dropped,1781537640000
356,L,0,1781540700,4355.85,4352.82,1781540700,1781541300,4355.85,4359.53,1,,1781542680,3,18,0,0,,,,,,,,,,,0,,,,,,,,,,,,,,,warmup_dropped,1781542680000
357,L,0,1781545200,4358.75,4354.67,1781545200,1781545800,4358.75,4359.01,1,,1781546220,0,2,0,0,,,,,,,,,,,0,,,,,,,,,,,,,,,warmup_dropped,1781546220000
358,S,0,1781545500,4362.83,4355.48,1781545800,1781546400,4357.20,4359.01,1,,1781546700,0,0,0,0,,,,,,,,,,,0,,,,,,,,,,,,,,,warmup_dropped,1781546700000
359,L,0,1781548200,4354.72,4349.86,1781548500,1781549100,4355.30,4356.84,1,,1781550060,2,11,0,0,,,,,,,,,,,0,,,,,,,,,,,,,,,warmup_dropped,1781550060000
355,L,0,1781539200,4349.04,4342.15,1781539500,1781540100,4346.77,4349.33,1,,1781551020,35,177,0,0,,,,,,,,,,,0,,,,,,,,,,,,,,,warmup_dropped,1781551020000
354,L,0,1781536500,4333.14,4324.61,1781536800,1781537400,4335.15,4335.19,1,,1781553960,54,271,0,0,,,,,,,,,,,0,,,,,,,,,,,,,,,warmup_dropped,1781553960000
362,L,0,1781557200,4324.98,4318.15,1781557500,1781558100,4321.93,4322.80,1,,1781558400,0,0,0,0,,,,,,,,,,,0,,,,,,,,,,,,,,,warmup_dropped,1781558400000
347,L,0,1781520300,4317.33,4312.56,1781520300,1781520900,4317.33,4320.44,1,,1781563860,142,711,0,0,,,,,,,,,,,0,,,,,,,,,,,,,,,warmup_dropped,1781563860000
364,S,0,1781562600,4323.73,4321.39,1781562600,1781563200,4321.01,4321.39,1,,1781564400,3,15,0,0,,,,,,,,,,,0,,,,,,,,,,,,,,,warmup_dropped,1781564400000
365,S,0,1781565300,4318.51,4314.38,1781565300,1781565900,4314.23,4314.38,1,,1781571900,7,95,0,0,,,,,,,,,,,0,,,,,,,,,,,,,,,warmup_dropped,1781571900000
366,L,0,1781567400,4310.41,4306.51,1781567700,1781571900,4308.83,4312.13,1,,1781572320,0,2,0,0,,,,,,,,,,,0,,,,,,,,,,,,,,,warmup_dropped,1781572320000
367,S,0,1781571900,4315.23,4312.13,1781571900,1781572500,4311.55,4312.13,1,,1781572920,0,2,0,0,,,,,,,,,,,0,,,,,,,,,,,,,,,warmup_dropped,1781572920000
368,L,0,1781576100,4314.88,4311.39,1781576400,1781577000,4314.50,4314.73,1,,1781577540,0,4,0,0,,,,,,,,,,,0,,,,,,,,,,,,,,,warmup_dropped,1781577540000
369,S,0,1781579100,4317.19,4315.12,1781579400,1781580000,4312.11,4313.28,1,,1781582100,6,30,0,0,,,,,,,,,,,0,,,,,,,,,,,,,,,warmup_dropped,1781582100000
363,S,0,1781560200,4327.23,4324.96,1781560500,1781561100,4323.43,4324.94,1,,1781582400,58,350,0,0,,,,,,,,,,,0,,,,,,,,,,,,,,,warmup_dropped,1781582400000
370,L,0,1781581200,4312.11,4310.04,1781581500,1781582100,4312.80,4313.42,1,,1781585820,11,57,0,0,,,,,,,,,,,0,,,,,,,,,,,,,,,warmup_dropped,1781585820000
371,L,0,1781587200,4311.91,4310.05,1781587200,1781587800,4311.91,4312.57,1,,1781588400,1,5,0,0,,,,,,,,,,,0,,,,,,,,,,,,,,,warmup_dropped,1781588400000
374,L,0,1781596200,4323.71,4321.23,1781596500,1781597100,4323.61,4324.45,1,,1781598720,4,22,0,0,,,,,,,,,,,0,,,,,,,,,,,,,,,warmup_dropped,1781598720000
373,L,0,1781590500,4319.88,4315.45,1781590800,1781591400,4319.56,4319.82,1,,1781599020,24,122,0,0,,,,,,,,,,,0,,,,,,,,,,,,,,,warmup_dropped,1781599020000
372,L,0,1781588400,4313.63,4309.64,1781588700,1781589300,4313.92,4315.05,1,,1781600400,36,180,0,0,,,,,,,,,,,0,,,,,,,,,,,,,,,warmup_dropped,1781600400000
376,S,0,1781599800,4321.07,4317.97,1781599800,1781600400,4317.71,4317.97,1,,1781600700,0,0,0,0,,,,,,,,,,,0,,,,,,,,,,,,,,,warmup_dropped,1781600700000
375,S,0,1781598300,4327.38,4324.57,1781598600,1781599200,4318.63,4320.81,1,,1781604000,15,75,0,0,,,,,,,,,,,0,,,,,,,,,,,,,,,warmup_dropped,1781604000000
378,L,0,1781605200,4327.89,4324.26,1781605200,1781605800,4327.89,4328.14,1,,1781606100,0,0,0,0,,,,,,,,,,,0,,,,,,,,,,,,,,,warmup_dropped,1781606100000
361,S,0,1781553300,4339.77,4336.14,1781553300,1781553900,4335.40,4336.14,1,,1781608080,167,898,0,0,,,,,,,,,,,0,,,,,,,,,,,,,,,warmup_dropped,1781608080000
381,S,0,1781611500,4348.27,4344.02,1781611800,1781612400,4342.79,4345.44,1,,1781613000,1,5,0,0,,,,,,,,,,,0,,,,,,,,,,,,,,,warmup_dropped,1781613000000
382,L,0,1781612700,4341.27,4338.39,1781612700,1781613300,4341.27,4343.91,1,,1781613900,1,5,0,0,,,,,,,,,,,0,,,,,,,,,,,,,,,warmup_dropped,1781613900000
383,L,0,1781613600,4346.20,4341.77,1781613900,1781614500,4343.99,4345.11,1,,1781614800,0,0,0,0,,,,,,,,,,,0,,,,,,,,,,,,,,,warmup_dropped,1781614800000
384,L,0,1781616600,4345.02,4342.87,1781616900,1781617500,4345.61,4346.47,1,,1781618640,2,14,0,0,,,,,,,,,,,0,,,,,,,,,,,,,,,warmup_dropped,1781618640000
380,L,0,1781607600,4335.50,4332.77,1781607600,1781608200,4335.50,4336.87,1,,1781620560,40,201,0,0,,,,,,,,,,,0,,,,,,,,,,,,,,,warmup_dropped,1781620560000
385,S,0,1781618100,4348.92,4346.66,1781618100,1781618700,4345.07,4346.66,1,,1781623860,16,81,0,0,,,,,,,,,,,0,,,,,,,,,,,,,,,warmup_dropped,1781623860000
360,S,0,1781550000,4357.25,4354.65,1781550000,1781550600,4352.74,4354.65,1,,1781625120,235,1237,0,0,,,,,,,,,,,0,,,,,,,,,,,,,,,warmup_dropped,1781625120000
386,L,0,1781624700,4350.68,4348.52,1781624700,1781625300,4350.68,4350.96,1,,1781625600,0,0,0,0,,,,,,,,,,,0,,,,,,,,,,,,,,,warmup_dropped,1781625600000
379,L,0,1781606400,4331.44,4327.33,1781606700,1781607300,4329.81,4331.67,1,,1781630160,75,376,0,0,,,,,,,,,,,0,,,,,,,,,,,,,,,warmup_dropped,1781630160000
377,L,0,1781602800,4318.15,4315.54,1781603100,1781603700,4319.02,4319.07,1,,1781630820,89,447,0,0,,,,,,,,,,,0,,,,,,,,,,,,,,,warmup_dropped,1781630820000
390,S,0,1781630400,4325.90,4321.47,1781630400,1781631000,4321.23,4321.47,1,,1781631360,0,1,0,0,,,,,,,,,,,0,,,,,,,,,,,,,,,warmup_dropped,1781631360000
391,L,0,1781631000,4321.23,4313.23,1781631000,1781631600,4321.23,4323.66,1,,1781634240,7,39,0,0,,,,,,,,,,,0,,,,,,,,,,,,,,,warmup_dropped,1781634240000
389,S,0,1781629800,4336.01,4332.39,1781629800,1781630400,4325.90,4332.39,1,,1781635980,17,88,0,0,,,,,,,,,,,0,,,,,,,,,,,,,,,warmup_dropped,1781635980000
388,S,0,1781626200,4346.00,4342.12,1781626200,1781626800,4340.53,4342.12,1,,1781636220,30,152,0,0,,,,,,,,,,,0,,,,,,,,,,,,,,,warmup_dropped,1781636220000
393,L,0,1781636100,4343.39,4335.20,1781636400,1781637000,4339.14,4341.09,1,,1781637600,1,5,0,0,,,,,,,,,,,0,,,,,,,,,,,,,,,warmup_dropped,1781637600000
392,L,0,1781635500,4326.69,4322.09,1781635500,1781636100,4326.69,4335.20,1,,1781641200,16,80,0,0,,,,,,,,,,,0,,,,,,,,,,,,,,,warmup_dropped,1781641200000
394,S,0,1781640300,4341.15,4338.76,1781640300,1781640900,4335.99,4338.76,1,,1781642160,3,16,0,0,,,,,,,,,,,0,,,,,,,,,,,,,,,warmup_dropped,1781642160000
396,L,0,1781642700,4338.52,4335.95,1781642700,1781643300,4338.52,4338.85,1,,1781646000,8,40,0,0,,,,,,,,,,,0,,,,,,,,,,,,,,,warmup_dropped,1781646000000
397,S,0,1781645100,4341.59,4339.23,1781645400,1781646000,4339.63,4339.99,1,,1781646300,0,0,0,0,,,,,,,,,,,0,,,,,,,,,,,,,,,warmup_dropped,1781646300000
398,S,0,1781647200,4342.61,4337.81,1781647500,1781648100,4339.29,4340.78,1,,1781648400,0,0,0,0,,,,,,,,,,,0,,,,,,,,,,,,,,,warmup_dropped,1781648400000
399,L,0,1781648100,4339.29,4336.51,1781648100,1781648700,4339.29,4339.51,1,,1781649000,0,0,0,0,,,,,,,,,,,0,,,,,,,,,,,,,,,warmup_dropped,1781649000000
395,L,0,1781641200,4331.65,4325.35,1781641200,1781641800,4331.65,4334.18,1,,1781650620,28,142,0,0,,,,,,,,,,,0,,,,,,,,,,,,,,,warmup_dropped,1781650620000
401,S,0,1781658300,4332.95,4331.20,1781658600,1781659200,4332.03,4332.22,1,,1781659740,0,4,0,0,,,,,,,,,,,0,,,,,,,,,,,,,,,warmup_dropped,1781659740000
400,S,0,1781649600,4339.21,4336.90,1781649900,1781650500,4334.20,4337.21,1,,1781662320,26,192,0,0,,,,,,,,,,,0,,,,,,,,,,,,,,,warmup_dropped,1781662320000
402,L,0,1781661600,4335.44,4334.20,1781661600,1781662200,4335.44,4335.51,1,,1781663520,3,17,0,0,,,,,,,,,,,0,,,,,,,,,,,,,,,warmup_dropped,1781663520000
403,L,0,1781664900,4332.42,4329.52,1781664900,1781665500,4332.42,4333.60,1,,1781667960,7,36,0,0,,,,,,,,,,,0,,,,,,,,,,,,,,,warmup_dropped,1781667960000
404,S,0,1781669100,4349.64,4340.80,1781669400,1781670000,4342.79,4346.34,1,,1781670300,0,0,0,0,,,,,,,,,,,0,,,,,,,,,,,,,,,warmup_dropped,1781670300000
406,L,0,1781682000,4324.32,4321.72,1781682300,1781682900,4323.94,4323.96,1,,1781683560,1,6,0,0,,,,,,,,,,,0,,,,,,,,,,,,,,,warmup_dropped,1781683560000
407,S,0,1781682900,4326.74,4323.96,1781683200,1781683800,4324.58,4325.28,1,,1781684220,0,2,0,0,,,,,,,,,,,0,,,,,,,,,,,,,,,warmup_dropped,1781684220000
408,L,0,1781683800,4324.58,4321.36,1781683800,1781684400,4324.58,4324.81,1,,1781684700,0,0,0,0,,,,,,,,,,,0,,,,,,,,,,,,,,,warmup_dropped,1781684700000
405,S,0,1781680500,4334.11,4329.62,1781680500,1781681100,4329.46,4329.62,1,,1781685000,12,60,0,0,,,,,,,,,,,0,,,,,,,,,,,,,,,warmup_dropped,1781685000000
410,L,0,1781685300,4330.10,4327.39,1781685600,1781686200,4330.09,4330.11,1,,1781686500,0,0,0,0,,,,,,,,,,,0,,,,,,,,,,,,,,,warmup_dropped,1781686500000
409,L,0,1781684400,4326.60,4324.81,1781684400,1781685000,4326.60,4327.18,1,,1781686560,4,21,0,0,,,,,,,,,,,0,,,,,,,,,,,,,,,warmup_dropped,1781686560000
411,S,0,1781685900,4334.12,4329.11,1781686200,1781686800,4327.98,4330.11,1,,1781687100,0,0,0,0,,,,,,,,,,,0,,,,,,,,,,,,,,,warmup_dropped,1781687100000
412,S,0,1781687400,4329.91,4326.72,1781687400,1781688000,4325.63,4326.72,1,,1781688420,0,2,0,0,,,,,,,,,,,0,,,,,,,,,,,,,,,warmup_dropped,1781688420000
413,S,0,1781694300,4327.82,4325.23,1781694300,1781694900,4323.61,4325.23,1,,1781697420,7,37,0,0,,,,,,,,,,,0,,,,,,,,,,,,,,,warmup_dropped,1781697420000
416,L,0,1781700600,4328.03,4325.63,1781700600,1781701200,4328.03,4328.08,1,,1781701500,0,0,0,0,,,,,,,,,,,0,,,,,,,,,,,,,,,warmup_dropped,1781701500000
417,L,0,1781703000,4330.47,4327.16,1781703300,1781703900,4330.52,4330.83,1,,1781704920,2,12,0,0,,,,,,,,,,,0,,,,,,,,,,,,,,,warmup_dropped,1781704920000
415,L,0,1781697900,4324.21,4321.79,1781697900,1781698500,4324.21,4325.23,1,,1781707620,29,147,0,0,,,,,,,,,,,0,,,,,,,,,,,,,,,warmup_dropped,1781707620000
414,L,0,1781696700,4320.30,4317.68,1781696700,1781697300,4320.30,4323.26,1,,1781708880,37,188,0,0,,,,,,,,,,,0,,,,,,,,,,,,,,,warmup_dropped,1781708880000
418,L,0,1781709900,4327.21,4324.05,1781709900,1781710500,4327.21,4328.18,1,,1781712300,5,25,0,0,,,,,,,,,,,0,,,,,,,,,,,,,,,warmup_dropped,1781712300000
419,S,0,1781711700,4335.24,4332.17,1781711700,1781712300,4330.75,4332.17,1,,1781712720,0,2,0,0,,,,,,,,,,,0,,,,,,,,,,,,,,,warmup_dropped,1781712720000
387,S,0,1781625300,4354.84,4350.96,1781625300,1781625900,4348.63,4350.96,1,,1781716980,290,1513,0,0,,,,,,,,,,,0,,,,,,,,,,,,,,,warmup_dropped,1781716980000
421,L,0,1781716500,4343.49,4341.08,1781716500,1781717100,4343.49,4355.26,1,,1781718420,3,17,0,0,,,,,,,,,,,0,,,,,,,,,,,,,,,warmup_dropped,1781718420000
422,S,0,1781717400,4363.87,4358.05,1781717400,1781718000,4353.38,4358.05,1,,1781720580,7,38,0,0,,,,,,,,,,,0,,,,,,,,,,,,,,,warmup_dropped,1781720580000
425,L,0,1781723400,4362.94,4360.64,1781723400,1781724000,4362.94,4363.38,1,,1781724780,1,8,0,0,,,,,,,,,,,0,,,,,,,,,,,,,,,warmup_dropped,1781724780000
424,L,0,1781722200,4360.45,4357.36,1781722200,1781722800,4360.45,4362.40,1,,1781725080,6,33,0,0,,,,,,,,,,,0,,,,,,,,,,,,,,,warmup_dropped,1781725080000
153,S,0,1780678200,4388.10,4381.95,1780678200,1780678800,4379.18,4381.95,1,,1781728380,2249,17488,0,0,,,,,,,,,,,0,,,,,,,,,,,,,,,warmup_dropped,1781728380000
423,L,0,1781719500,4348.40,4343.96,1781719800,1781720400,4348.39,4353.24,1,,1781730000,31,155,0,0,,,,,,,,,,,0,,,,,,,,,,,,,,,warmup_dropped,1781730000000
426,L,0,1781727900,4363.98,4360.37,1781727900,1781728500,4363.98,4370.40,1,,1781730000,4,20,0,0,,,,,,,,,,,0,,,,,,,,,,,,,,,warmup_dropped,1781730000000
420,L,0,1781712300,4330.75,4324.04,1781712300,1781712900,4330.75,4330.91,1,,1781730180,56,283,0,0,,,,,,,,,,,0,,,,,,,,,,,,,,,warmup_dropped,1781730180000
341,L,0,1781496900,4296.29,4289.41,1781496900,1781497500,4296.29,4296.95,1,,1781730480,751,3878,0,0,,,,,,,,,,,0,,,,,,,,,,,,,,,warmup_dropped,1781730480000
428,L,0,1781731800,4313.04,4269.85,1781732100,1781732700,4311.58,4314.53,1,,1781733180,0,3,0,0,,,,,,,,,,,0,,,,,,,,,,,,,,,warmup_dropped,1781733180000
432,L,0,1781746800,4267.34,4263.85,1781747100,1781747700,4265.29,4266.43,1,,1781748000,0,0,0,0,,,,,,,,,,,0,,,,,,,,,,,,,,,warmup_dropped,1781748000000
434,S,0,1781749800,4282.69,4277.82,1781749800,1781750400,4276.38,4277.82,1,,1781750700,0,0,0,0,,,,,,,,,,,0,,,,,,,,,,,,,,,warmup_dropped,1781750700000
429,S,0,1781732400,4327.01,4296.53,1781732700,1781733300,4311.55,4314.53,1,,1781751960,49,306,0,0,,,,,,,,,,,0,,,,,,,,,,,,,,,warmup_dropped,1781751960000
437,S,0,1781759400,4329.82,4324.77,1781759700,1781760300,4326.02,4326.04,1,,1781760600,0,0,0,0,,,,,,,,,,,0,,,,,,,,,,,,,,,warmup_dropped,1781760600000
436,L,0,1781758500,4319.98,4317.63,1781758800,1781759400,4322.16,4324.77,1,,1781760900,4,20,0,0,,,,,,,,,,,0,,,,,,,,,,,,,,,warmup_dropped,1781760900000
435,L,0,1781754900,4314.59,4308.51,1781754900,1781755500,4314.59,4319.11,1,,1781761620,19,97,0,0,,,,,,,,,,,0,,,,,,,,,,,,,,,warmup_dropped,1781761620000
438,L,0,1781763900,4316.58,4312.82,1781763900,1781764500,4316.58,4318.25,1,,1781766540,5,29,0,0,,,,,,,,,,,0,,,,,,,,,,,,,,,warmup_dropped,1781766540000
440,S,0,1781766600,4318.38,4314.70,1781766900,1781767500,4314.94,4315.36,1,,1781767920,0,2,0,0,,,,,,,,,,,0,,,,,,,,,,,,,,,warmup_dropped,1781767920000
439,S,0,1781766000,4323.97,4319.24,1781766000,1781766600,4318.38,4319.24,1,,1781770680,12,63,0,0,,,,,,,,,,,0,,,,,,,,,,,,,,,warmup_dropped,1781770680000
441,L,0,1781770200,4318.27,4314.88,1781770200,1781770800,4318.27,4318.94,1,,1781771940,2,14,0,0,,,,,,,,,,,0,,,,,,,,,,,,,,,warmup_dropped,1781771940000
444,S,0,1781774700,4305.06,4300.13,1781775000,1781775600,4302.32,4302.85,1,,1781775900,0,0,0,0,,,,,,,,,,,0,,,,,,,,,,,,,,,warmup_dropped,1781775900000
443,S,0,1781772900,4309.98,4307.04,1781773200,1781773800,4301.21,4306.37,1,,1781776020,6,32,0,0,,,,,,,,,,,0,,,,,,,,,,,,,,,warmup_dropped,1781776020000
445,L,0,1781775300,4303.70,4299.35,1781775600,1781776200,4302.32,4303.13,1,,1781777040,1,9,0,0,,,,,,,,,,,0,,,,,,,,,,,,,,,warmup_dropped,1781777040000
446,L,0,1781776800,4307.58,4302.98,1781777100,1781777700,4305.66,4305.85,1,,1781778000,0,0,0,0,,,,,,,,,,,0,,,,,,,,,,,,,,,warmup_dropped,1781778000000
433,L,0,1781748000,4267.14,4264.21,1781748000,1781748600,4267.14,4273.43,1,,1781783820,116,582,0,0,,,,,,,,,,,0,,,,,,,,,,,,,,,warmup_dropped,1781783820000
431,L,0,1781740500,4258.64,4256.30,1781744400,1781745000,4259.02,4261.63,1,,1781790960,152,761,0,0,,,,,,,,,,,0,,,,,,,,,,,,,,,warmup_dropped,1781790960000
430,L,0,1781736900,4243.65,4235.25,1781737200,1781737800,4245.85,4252.95,1,,1781791800,167,895,0,0,,,,,,,,,,,0,,,,,,,,,,,,,,,warmup_dropped,1781791800000
450,S,0,1781792700,4249.70,4245.50,1781793000,1781793600,4245.56,4247.02,1,,1781794380,1,8,0,0,,,,,,,,,,,0,,,,,,,,,,,,,,,warmup_dropped,1781794380000
449,S,0,1781789700,4267.15,4264.18,1781790000,1781790600,4262.96,4263.65,1,,1781796060,17,86,0,0,,,,,,,,,,,0,,,,,,,,,,,,,,,warmup_dropped,1781796060000
451,S,0,1781796000,4269.15,4259.78,1781796000,1781796600,4258.49,4259.78,1,,1781799300,8,40,0,0,,,,,,,,,,,0,,,,,,,,,,,,,,,warmup_dropped,1781799300000
452,L,0,1781799600,4258.84,4252.79,1781799600,1781800200,4258.84,4263.06,1,,1781801160,2,11,0,0,,,,,,,,,,,0,,,,,,,,,,,,,,,warmup_dropped,1781801160000
453,S,0,1781800200,4276.68,4263.06,1781800500,1781801100,4265.36,4268.71,1,,1781801580,0,3,0,0,,,,,,,,,,,0,,,,,,,,,,,,,,,warmup_dropped,1781801580000
455,L,0,1781802600,4244.77,4240.16,1781802600,1781803200,4244.77,4246.33,1,,1781803740,0,4,0,0,,,,,,,,,,,0,,,,,,,,,,,,,,,warmup_dropped,1781803740000
456,S,0,1781804100,4252.23,4248.02,1781804100,1781804700,4245.82,4248.02,1,,1781805300,1,5,0,0,,,,,,,,,,,0,,,,,,,,,,,,,,,warmup_dropped,1781805300000
457,L,0,1781804700,4245.82,4240.27,1781804700,1781805300,4245.82,4246.22,1,,1781806620,3,17,0,0,,,,,,,,,,,0,,,,,,,,,,,,,,,warmup_dropped,1781806620000
459,S,0,1781809500,4233.07,4225.80,1781809800,1781810400,4226.64,4227.31,1,,1781810880,0,3,0,0,,,,,,,,,,,0,,,,,,,,,,,,,,,warmup_dropped,1781810880000
460,S,0,1781811300,4223.12,4215.09,1781811600,1781812200,4218.56,4220.76,1,,1781812500,0,0,0,0,,,,,,,,,,,0,,,,,,,,,,,,,,,warmup_dropped,1781812500000
337,L,0,1781307600,4214.04,4212.96,1781307600,1781308200,4214.04,4214.88,1,,1781812620,1056,8402,0,0,,,,,,,,,,,0,,,,,,,,,,,,,,,warmup_dropped,1781812620000
462,L,0,1781814600,4227.59,4222.93,1781814900,1781815500,4225.26,4227.29,1,,1781816400,2,10,0,0,,,,,,,,,,,0,,,,,,,,,,,,,,,warmup_dropped,1781816400000
461,L,0,1781812200,4218.56,4214.47,1781812500,1781813100,4219.59,4223.28,1,,1781819940,21,109,0,0,,,,,,,,,,,0,,,,,,,,,,,,,,,warmup_dropped,1781819940000
336,L,0,1781304600,4208.29,4205.83,1781304600,1781305200,4208.29,4209.42,1,,1781820480,1092,8583,0,0,,,,,,,,,,,0,,,,,,,,,,,,,,,warmup_dropped,1781820480000
463,L,0,1781821800,4206.98,4201.54,1781821800,1781822400,4206.98,4209.68,1,,1781830980,15,138,0,0,,,,,,,,,,,0,,,,,,,,,,,,,,,warmup_dropped,1781830980000
465,S,0,1781831400,4208.39,4206.67,1781831400,1781832000,4205.85,4206.67,1,,1781833740,4,24,0,0,,,,,,,,,,,0,,,,,,,,,,,,,,,warmup_dropped,1781833740000
466,L,0,1781832900,4205.68,4203.10,1781833200,1781833800,4205.35,4207.55,1,,1781834520,1,7,0,0,,,,,,,,,,,0,,,,,,,,,,,,,,,warmup_dropped,1781834520000
468,S,0,1781836500,4198.35,4194.72,1781836500,1781837100,4194.50,4194.72,1,,1781838060,2,11,0,0,,,,,,,,,,,0,,,,,,,,,,,,,,,warmup_dropped,1781838060000
327,L,0,1781286300,4184.92,4177.14,1781286300,1781286900,4184.92,4201.26,1,,1781838420,1201,9187,0,0,,,,,,,,,,,0,,,,,,,,,,,,,,,warmup_dropped,1781838420000
469,S,0,1781841600,4194.55,4189.23,1781841600,1781842200,4187.55,4189.23,1,,1781843160,2,11,0,0,,,,,,,,,,,0,,,,,,,,,,,,,,,warmup_dropped,1781843160000
470,S,0,1781843100,4191.55,4186.78,1781843400,1781844000,4186.69,4186.71,1,,1781844360,0,1,0,0,,,,,,,,,,,0,,,,,,,,,,,,,,,warmup_dropped,1781844360000
300,L,0,1781214900,4165.49,4160.39,1781214900,1781215500,4165.49,4169.49,1,,1781849760,1465,10566,0,0,,,,,,,,,,,0,,,,,,,,,,,,,,,warmup_dropped,1781849760000
299,L,0,1781211900,4141.61,4131.28,1781211900,1781212500,4141.61,4145.23,1,,1781853300,1487,10675,0,0,,,,,,,,,,,0,,,,,,,,,,,,,,,warmup_dropped,1781853300000
474,L,0,1781852700,4147.58,4143.61,1781853000,1781853600,4147.01,4147.37,1,,1781853900,0,0,0,0,,,,,,,,,,,0,,,,,,,,,,,,,,,warmup_dropped,1781853900000
476,S,0,1781855100,4136.69,4134.07,1781855100,1781855700,4128.85,4134.07,1,,1781857560,5,26,0,0,,,,,,,,,,,0,,,,,,,,,,,,,,,warmup_dropped,1781857560000
475,S,0,1781853600,4149.80,4147.37,1781853900,1781854500,4143.29,4144.37,1,,1781860440,18,94,0,0,,,,,,,,,,,0,,,,,,,,,,,,,,,warmup_dropped,1781860440000
478,S,0,1781860800,4144.45,4139.29,1781861100,1781861700,4139.03,4140.99,1,,1781862480,1,8,0,0,,,,,,,,,,,0,,,,,,,,,,,,,,,warmup_dropped,1781862480000
473,S,0,1781850000,4170.72,4167.99,1781850000,1781850600,4167.73,4167.99,1,,1781867700,56,280,0,0,,,,,,,,,,,0,,,,,,,,,,,,,,,warmup_dropped,1781867700000
472,S,0,1781848200,4176.86,4171.89,1781848500,1781849100,4169.77,4175.15,1,,1781868120,62,312,0,0,,,,,,,,,,,0,,,,,,,,,,,,,,,warmup_dropped,1781868120000
482,S,0,1781878800,4148.89,4146.09,1781878800,1781879400,4145.34,4146.09,1,,1781879700,0,0,0,0,,,,,,,,,,,0,,,,,,,,,,,,,,,warmup_dropped,1781879700000
483,L,0,1781879100,4148.67,4143.28,1781879400,1781880000,4145.34,4147.43,1,,1781880900,2,10,0,0,,,,,,,,,,,0,,,,,,,,,,,,,,,warmup_dropped,1781880900000
481,S,0,1781873400,4165.38,4163.12,1781873400,1781874000,4163.03,4163.12,1,,1781884260,33,166,0,0,,,,,,,,,,,0,,,,,,,,,,,,,,,warmup_dropped,1781884260000
480,S,0,1781868300,4177.63,4173.84,1781868600,1781869200,4172.05,4173.91,1,,1781884380,49,248,0,0,,,,,,,,,,,0,,,,,,,,,,,,,,,warmup_dropped,1781884380000
471,S,0,1781847600,4183.63,4179.32,1781847600,1781848200,4176.86,4179.32,1,,1781884740,120,604,0,0,,,,,,,,,,,0,,,,,,,,,,,,,,,warmup_dropped,1781884740000
484,L,0,1781883900,4152.44,4147.36,1781883900,1781884500,4152.44,4169.60,1,,1781888340,11,59,0,0,,,,,,,,,,,0,,,,,,,,,,,,,,,warmup_dropped,1781888340000
487,L,0,1781890800,4149.19,4143.18,1781891100,1781891700,4147.82,4147.97,1,,1781892000,0,0,0,0,,,,,,,,,,,0,,,,,,,,,,,,,,,warmup_dropped,1781892000000
488,S,0,1781895300,4151.14,4149.65,1781895300,1781895900,4149.53,4149.65,1,,1781897640,4,24,0,0,,,,,,,,,,,0,,,,,,,,,,,,,,,warmup_dropped,1781897640000
486,S,0,1781887800,4159.53,4155.80,1781887800,1781888400,4154.53,4155.80,1,,1781898480,32,163,0,0,,,,,,,,,,,0,,,,,,,,,,,,,,,warmup_dropped,1781898480000
489,L,0,1781896500,4146.20,4144.60,1781896500,1781897100,4146.20,4146.59,1,,1782090000,6,3210,0,0,,,,,,,,,,,0,,,,,,,,,,,,,,,warmup_dropped,1782090000000
490,L,0,1782093300,4156.88,4155.51,1782093300,1782093900,4156.88,4158.77,1,,1782094500,1,5,0,0,,,,,,,,,,,0,,,,,,,,,,,,,,,warmup_dropped,1782094500000
491,S,0,1782093900,4163.18,4158.77,1782093900,1782094500,4158.56,4158.77,1,,1782095040,0,4,0,0,,,,,,,,,,,0,,,,,,,,,,,,,,,warmup_dropped,1782095040000
479,L,0,1781861700,4139.03,4132.82,1781862000,1781862600,4136.74,4142.25,1,,1782096420,142,3892,0,0,,,,,,,,,,,0,,,,,,,,,,,,,,,warmup_dropped,1782096420000
493,S,0,1782096000,4146.09,4141.93,1782096000,1782096600,4140.32,4141.93,1,,1782096960,0,1,0,0,,,,,,,,,,,0,,,,,,,,,,,,,,,warmup_dropped,1782096960000
492,S,0,1782094800,4159.13,4153.94,1782095100,1782095700,4147.85,4154.62,1,,1782097860,6,31,0,0,,,,,,,,,,,0,,,,,,,,,,,,,,,warmup_dropped,1782097860000
485,S,0,1781885100,4182.40,4168.70,1781885400,1781886000,4166.43,4169.71,1,,1782098160,70,3531,0,0,,,,,,,,,,,0,,,,,,,,,,,,,,,warmup_dropped,1782098160000
464,S,0,1781825100,4219.55,4215.67,1781825400,1781826000,4215.00,4215.47,1,,1782100800,267,4575,0,0,,,,,,,,,,,0,,,,,,,,,,,,,,,warmup_dropped,1782100800000
467,S,0,1781833800,4210.57,4207.55,1781834100,1781834700,4202.46,4206.90,1,,1782100800,250,4430,0,0,,,,,,,,,,,0,,,,,,,,,,,,,,,warmup_dropped,1782100800000
497,S,0,1782104700,4194.97,4188.64,1782104700,1782105300,4188.59,4188.64,1,,1782105600,0,0,0,0,,,,,,,,,,,0,,,,,,,,,,,,,,,warmup_dropped,1782105600000
498,L,0,1782105900,4190.21,4186.65,1782105900,1782106500,4190.21,4193.09,1,,1782107100,1,5,0,0,,,,,,,,,,,0,,,,,,,,,,,,,,,warmup_dropped,1782107100000
501,S,0,1782109500,4180.87,4177.72,1782109800,1782110400,4176.67,4177.81,1,,1782110820,0,2,0,0,,,,,,,,,,,0,,,,,,,,,,,,,,,warmup_dropped,1782110820000
495,L,0,1782099000,4170.98,4165.82,1782099300,1782099900,4172.51,4175.55,1,,1782111420,37,187,0,0,,,,,,,,,,,0,,,,,,,,,,,,,,,warmup_dropped,1782111420000
502,L,0,1782111300,4176.35,4170.67,1782111600,1782112200,4175.22,4176.15,1,,1782112500,0,0,0,0,,,,,,,,,,,0,,,,,,,,,,,,,,,warmup_dropped,1782112500000
503,L,0,1782114600,4180.20,4178.03,1782114600,1782115200,4180.20,4180.29,1,,1782115500,0,0,0,0,,,,,,,,,,,0,,,,,,,,,,,,,,,warmup_dropped,1782115500000
500,S,0,1782108000,4189.94,4186.55,1782108000,1782108600,4185.91,4186.55,1,,1782116100,24,120,0,0,,,,,,,,,,,0,,,,,,,,,,,,,,,warmup_dropped,1782116100000
499,S,0,1782106500,4200.24,4193.09,1782106500,1782107100,4192.32,4193.09,1,,1782116940,31,159,0,0,,,,,,,,,,,0,,,,,,,,,,,,,,,warmup_dropped,1782116940000
496,S,0,1782102000,4213.35,4205.09,1782102300,1782102900,4203.38,4206.67,1,,1782121860,62,311,0,0,,,,,,,,,,,0,,,,,,,,,,,,,,,warmup_dropped,1782121860000
505,L,0,1782120900,4200.05,4197.30,1782120900,1782121500,4200.05,4201.45,1,,1782122280,1,8,0,0,,,,,,,,,,,0,,,,,,,,,,,,,,,warmup_dropped,1782122280000
507,S,0,1782123300,4201.83,4198.74,1782123300,1782123900,4198.64,4198.74,1,,1782124380,0,3,0,0,,,,,,,,,,,0,,,,,,,,,,,,,,,warmup_dropped,1782124380000
506,S,0,1782121800,4207.29,4202.45,1782121800,1782122400,4201.05,4202.45,1,,1782129840,23,119,0,0,,,,,,,,,,,0,,,,,,,,,,,,,,,warmup_dropped,1782129840000
508,S,0,1782135000,4210.89,4209.08,1782135300,1782135900,4208.92,4209.04,1,,1782136440,0,4,0,0,,,,,,,,,,,0,,,,,,,,,,,,,,,warmup_dropped,1782136440000
509,L,0,1782136500,4208.13,4203.63,1782136500,1782137100,4208.13,4209.24,1,,1782137460,0,1,0,0,,,,,,,,,,,0,,,,,,,,,,,,,,,warmup_dropped,1782137460000
510,S,0,1782137100,4215.12,4209.24,1782137100,1782137700,4208.76,4209.24,1,,1782138060,0,1,0,0,,,,,,,,,,,0,,,,,,,,,,,,,,,warmup_dropped,1782138060000
511,L,0,1782139500,4206.63,4203.60,1782139800,1782140400,4205.54,4205.83,1,,1782140880,0,3,0,0,,,,,,,,,,,0,,,,,,,,,,,,,,,warmup_dropped,1782140880000
514,S,0,1782144900,4196.88,4193.77,1782144900,1782145500,4191.50,4193.77,1,,1782146400,2,10,0,0,,,,,,,,,,,0,,,,,,,,,,,,,,,warmup_dropped,1782146400000
513,S,0,1782142800,4204.71,4200.91,1782143100,1782143700,4197.68,4199.72,1,,1782146880,9,48,0,0,,,,,,,,,,,0,,,,,,,,,,,,,,,warmup_dropped,1782146880000
515,L,0,1782146400,4194.52,4187.57,1782146400,1782147000,4194.52,4199.42,1,,1782147720,1,7,0,0,,,,,,,,,,,0,,,,,,,,,,,,,,,warmup_dropped,1782147720000
512,S,0,1782141600,4211.74,4206.88,1782141900,1782142500,4206.01,4206.24,1,,1782148080,17,88,0,0,,,,,,,,,,,0,,,,,,,,,,,,,,,warmup_dropped,1782148080000
516,L,0,1782147600,4200.33,4193.81,1782147600,1782148200,4200.33,4200.60,1,,1782148620,0,2,0,0,,,,,,,,,,,0,,,,,,,,,,,,,,,warmup_dropped,1782148620000
517,S,0,1782147900,4210.73,4196.51,1782148200,1782148800,4196.62,4200.60,1,,1782149220,0,2,0,0,,,,,,,,,,,0,,,,,,,,,,,,,,,warmup_dropped,1782149220000
518,L,0,1782149400,4192.64,4187.62,1782149700,1782150300,4192.43,4192.91,1,,1782152340,5,29,0,0,,,,,,,,,,,0,,,,,,,,,,,,,,,warmup_dropped,1782152340000
504,L,0,1782115200,4182.15,4180.29,1782115200,1782115800,4182.15,4182.50,1,,1782153540,124,624,0,0,,,,,,,,,,,0,,,,,,,,,,,,,,,warmup_dropped,1782153540000
522,L,0,1782159000,4188.38,4186.01,1782159000,1782159600,4188.38,4189.06,1,,1782159900,0,0,0,0,,,,,,,,,,,0,,,,,,,,,,,,,,,warmup_dropped,1782159900000
521,L,0,1782157200,4183.80,4181.23,1782157200,1782157800,4183.80,4184.20,1,,1782160140,6,34,0,0,,,,,,,,,,,0,,,,,,,,,,,,,,,warmup_dropped,1782160140000
520,L,0,1782155100,4179.35,4175.64,1782155400,1782156000,4178.36,4179.01,1,,1782160380,13,68,0,0,,,,,,,,,,,0,,,,,,,,,,,,,,,warmup_dropped,1782160380000
523,S,0,1782159300,4189.78,4186.48,1782159600,1782160200,4184.81,4189.06,1,,1782162900,8,40,0,0,,,,,,,,,,,0,,,,,,,,,,,,,,,warmup_dropped,1782162900000
524,L,0,1782163800,4189.39,4186.09,1782164100,1782164700,4188.08,4189.61,1,,1782166800,6,30,0,0,,,,,,,,,,,0,,,,,,,,,,,,,,,warmup_dropped,1782166800000
526,S,0,1782167700,4190.22,4186.74,1782167700,1782168300,4185.98,4186.74,1,,1782168780,0,3,0,0,,,,,,,,,,,0,,,,,,,,,,,,,,,warmup_dropped,1782168780000
525,S,0,1782165900,4192.74,4191.33,1782166200,1782166800,4190.83,4190.94,1,,1782169080,6,33,0,0,,,,,,,,,,,0,,,,,,,,,,,,,,,warmup_dropped,1782169080000
528,L,0,1782170700,4191.21,4190.08,1782170700,1782171300,4191.21,4191.35,1,,1782172020,1,7,0,0,,,,,,,,,,,0,,,,,,,,,,,,,,,warmup_dropped,1782172020000
529,S,0,1782177900,4193.21,4191.49,1782178200,1782178800,4191.77,4192.31,1,,1782180000,3,15,0,0,,,,,,,,,,,0,,,,,,,,,,,,,,,warmup_dropped,1782180000000
530,L,0,1782181200,4191.89,4190.46,1782181500,1782182100,4191.38,4192.11,1,,1782182940,1,9,0,0,,,,,,,,,,,0,,,,,,,,,,,,,,,warmup_dropped,1782182940000
527,L,0,1782168000,4188.31,4184.29,1782168300,1782168900,4185.98,4186.11,1,,1782183060,34,231,0,0,,,,,,,,,,,0,,,,,,,,,,,,,,,warmup_dropped,1782183060000
532,S,0,1782183600,4192.24,4186.78,1782183600,1782184200,4184.42,4186.78,1,,1782186180,5,28,0,0,,,,,,,,,,,0,,,,,,,,,,,,,,,warmup_dropped,1782186180000
531,S,0,1782182400,4195.33,4194.14,1782182400,1782183000,4190.87,4194.14,1,,1782186300,10,50,0,0,,,,,,,,,,,0,,,,,,,,,,,,,,,warmup_dropped,1782186300000
519,S,0,1782151800,4198.95,4195.37,1782151800,1782152400,4192.79,4195.37,1,,1782187200,103,575,0,0,,,,,,,,,,,0,,,,,,,,,,,,,,,warmup_dropped,1782187200000
535,L,0,1782189900,4155.64,4150.20,1782189900,1782190500,4155.64,4155.93,1,,1782191100,1,5,0,0,,,,,,,,,,,0,,,,,,,,,,,,,,,warmup_dropped,1782191100000
536,S,0,1782190500,4162.95,4155.93,1782190800,1782191400,4153.85,4156.75,1,,1782191700,0,0,0,0,,,,,,,,,,,0,,,,,,,,,,,,,,,warmup_dropped,1782191700000
537,L,0,1782191100,4159.22,4150.96,1782191400,1782192000,4153.85,4157.64,1,,1782192300,0,0,0,0,,,,,,,,,,,0,,,,,,,,,,,,,,,warmup_dropped,1782192300000
494,L,0,1782096600,4140.32,4136.52,1782096900,1782097500,4142.73,4143.51,1,,1782194580,310,1613,0,0,,,,,,,,,,,0,,,,,,,,,,,,,,,warmup_dropped,1782194580000
538,S,0,1782195000,4143.10,4138.80,1782195000,1782195600,4135.68,4138.80,1,,1782196020,0,2,0,0,,,,,,,,,,,0,,,,,,,,,,,,,,,warmup_dropped,1782196020000
539,L,0,1782195300,4144.07,4132.41,1782195600,1782196200,4135.68,4138.71,1,,1782196500,0,0,0,0,,,,,,,,,,,0,,,,,,,,,,,,,,,warmup_dropped,1782196500000
477,L,0,1781856300,4125.34,4121.77,1781856300,1781856900,4125.34,4125.76,1,,1782201540,499,5739,0,0,,,,,,,,,,,0,,,,,,,,,,,,,,,warmup_dropped,1782201540000
541,S,0,1782209100,4124.77,4118.62,1782209100,1782209700,4117.80,4118.62,1,,1782210000,0,0,0,0,,,,,,,,,,,0,,,,,,,,,,,,,,,warmup_dropped,1782210000000
542,L,0,1782209400,4121.34,4112.13,1782209700,1782210300,4117.80,4117.88,1,,1782210600,0,0,0,0,,,,,,,,,,,0,,,,,,,,,,,,,,,warmup_dropped,1782210600000
545,L,0,1782213000,4096.11,4091.89,1782213000,1782213600,4096.11,4096.16,1,,1782213900,0,0,0,0,,,,,,,,,,,0,,,,,,,,,,,,,,,warmup_dropped,1782213900000
544,S,0,1782211500,4108.11,4104.23,1782211500,1782212100,4101.04,4104.23,1,,1782214500,7,35,0,0,,,,,,,,,,,0,,,,,,,,,,,,,,,warmup_dropped,1782214500000
543,S,0,1782210600,4119.37,4115.13,1782210600,1782211200,4113.41,4115.13,1,,1782217260,19,96,0,0,,,,,,,,,,,0,,,,,,,,,,,,,,,warmup_dropped,1782217260000
548,L,0,1782217500,4116.84,4111.93,1782217800,1782218400,4116.71,4116.81,1,,1782218700,0,0,0,0,,,,,,,,,,,0,,,,,,,,,,,,,,,warmup_dropped,1782218700000
549,L,0,1782219000,4118.27,4115.45,1782219000,1782219600,4118.27,4122.26,1,,1782223260,11,56,0,0,,,,,,,,,,,0,,,,,,,,,,,,,,,warmup_dropped,1782223260000
550,S,0,1782221400,4132.16,4129.27,1782221700,1782222300,4126.78,4126.91,1,,1782224040,4,24,0,0,,,,,,,,,,,0,,,,,,,,,,,,,,,warmup_dropped,1782224040000
551,L,0,1782223200,4121.41,4117.43,1782223200,1782223800,4121.41,4125.00,1,,1782225360,4,21,0,0,,,,,,,,,,,0,,,,,,,,,,,,,,,warmup_dropped,1782225360000
552,S,0,1782226500,4126.21,4119.79,1782226800,1782227400,4122.21,4122.38,1,,1782228240,1,9,0,0,,,,,,,,,,,0,,,,,,,,,,,,,,,warmup_dropped,1782228240000
553,S,0,1782229800,4121.78,4116.19,1782229800,1782230400,4114.34,4116.19,1,,1782230760,0,1,0,0,,,,,,,,,,,0,,,,,,,,,,,,,,,warmup_dropped,1782230760000
547,L,0,1782215700,4107.71,4102.61,1782215700,1782216300,4107.71,4108.85,1,,1782231360,49,246,0,0,,,,,,,,,,,0,,,,,,,,,,,,,,,warmup_dropped,1782231360000
554,L,0,1782231300,4114.01,4106.46,1782231300,1782231900,4114.01,4114.15,1,,1782232200,0,0,0,0,,,,,,,,,,,0,,,,,,,,,,,,,,,warmup_dropped,1782232200000
540,S,0,1782200700,4140.21,4138.17,1782200700,1782201300,4134.68,4138.17,1,,1782233580,106,533,0,0,,,,,,,,,,,0,,,,,,,,,,,,,,,warmup_dropped,1782233580000
555,L,0,1782232500,4124.51,4118.27,1782232500,1782233100,4124.51,4124.54,1,,1782236280,9,48,0,0,,,,,,,,,,,0,,,,,,,,,,,,,,,warmup_dropped,1782236280000
556,S,0,1782234900,4142.03,4132.99,1782235200,1782235800,4133.04,4134.15,1,,1782237660,5,26,0,0,,,,,,,,,,,0,,,,,,,,,,,,,,,warmup_dropped,1782237660000
557,S,0,1782237600,4134.48,4128.76,1782237600,1782238200,4128.25,4128.76,1,,1782238500,0,0,0,0,,,,,,,,,,,0,,,,,,,,,,,,,,,warmup_dropped,1782238500000
559,L,0,1782242400,4138.17,4135.37,1782242700,1782243300,4136.92,4139.58,1,,1782244500,3,15,0,0,,,,,,,,,,,0,,,,,,,,,,,,,,,warmup_dropped,1782244500000
560,L,0,1782245100,4134.62,4129.97,1782245100,1782245700,4134.62,4135.34,1,,1782246240,0,4,0,0,,,,,,,,,,,0,,,,,,,,,,,,,,,warmup_dropped,1782246240000
558,L,0,1782238800,4129.56,4123.83,1782239100,1782239700,4128.12,4132.81,1,,1782246600,22,110,0,0,,,,,,,,,,,0,,,,,,,,,,,,,,,warmup_dropped,1782246600000
561,S,0,1782245400,4139.76,4132.38,1782245700,1782246300,4133.66,4135.34,1,,1782247500,3,15,0,0,,,,,,,,,,,0,,,,,,,,,,,,,,,warmup_dropped,1782247500000
562,S,0,1782247200,4132.31,4129.05,1782247500,1782248100,4129.57,4130.84,1,,1782248400,0,0,0,0,,,,,,,,,,,0,,,,,,,,,,,,,,,warmup_dropped,1782248400000
564,S,0,1782250200,4122.63,4119.60,1782250500,1782251100,4116.48,4119.87,1,,1782252060,2,11,0,0,,,,,,,,,,,0,,,,,,,,,,,,,,,warmup_dropped,1782252060000
563,S,0,1782249300,4125.57,4123.71,1782249600,1782250200,4122.63,4122.67,1,,1782252240,5,29,0,0,,,,,,,,,,,0,,,,,,,,,,,,,,,warmup_dropped,1782252240000
566,S,0,1782255900,4112.86,4110.91,1782255900,1782256500,4110.17,4110.91,1,,1782257340,1,9,0,0,,,,,,,,,,,0,,,,,,,,,,,,,,,warmup_dropped,1782257340000
567,L,0,1782258600,4111.28,4109.36,1782258900,1782263100,4109.78,4111.18,1,,1782263940,1,9,0,0,,,,,,,,,,,0,,,,,,,,,,,,,,,warmup_dropped,1782263940000
546,L,0,1782213600,4099.94,4096.16,1782213900,1782214500,4098.58,4100.57,1,,1782264840,154,834,0,0,,,,,,,,,,,0,,,,,,,,,,,,,,,warmup_dropped,1782264840000
569,L,0,1782264600,4108.37,4097.08,1782264900,1782265500,4103.13,4103.78,1,,1782265800,0,0,0,0,,,,,,,,,,,0,,,,,,,,,,,,,,,warmup_dropped,1782265800000
571,S,0,1782267300,4100.84,4097.14,1782267600,1782268200,4098.23,4098.27,1,,1782269280,2,13,0,0,,,,,,,,,,,0,,,,,,,,,,,,,,,warmup_dropped,1782269280000
572,L,0,1782268500,4095.39,4080.99,1782268800,1782269400,4087.33,4094.55,1,,1782270000,1,5,0,0,,,,,,,,,,,0,,,,,,,,,,,,,,,warmup_dropped,1782270000000
570,S,0,1782265800,4109.07,4105.88,1782265800,1782266400,4104.38,4105.88,1,,1782270420,12,62,0,0,,,,,,,,,,,0,,,,,,,,,,,,,,,warmup_dropped,1782270420000
575,L,0,1782273600,4097.87,4069.25,1782273900,1782274500,4083.16,4085.03,1,,1782274800,0,0,0,0,,,,,,,,,,,0,,,,,,,,,,,,,,,warmup_dropped,1782274800000
574,S,0,1782273300,4098.85,4094.32,1782273300,1782273900,4083.16,4094.32,1,,1782275100,3,15,0,0,,,,,,,,,,,0,,,,,,,,,,,,,,,warmup_dropped,1782275100000
573,S,0,1782270300,4112.02,4101.00,1782270600,1782271200,4104.64,4104.66,1,,1782275400,13,65,0,0,,,,,,,,,,,0,,,,,,,,,,,,,,,warmup_dropped,1782275400000
576,L,0,1782274800,4090.38,4083.57,1782274800,1782275400,4090.38,4093.44,1,,1782276300,2,10,0,0,,,,,,,,,,,0,,,,,,,,,,,,,,,warmup_dropped,1782276300000
293,L,0,1781197800,4063.38,4052.89,1781198100,1781198700,4066.58,4073.75,1,,1782279420,2293,18007,0,0,,,,,,,,,,,0,,,,,,,,,,,,,,,warmup_dropped,1782279420000
579,S,0,1782280200,4065.47,4056.60,1782280500,1782281100,4058.82,4061.06,1,,1782281400,0,0,0,0,,,,,,,,,,,0,,,,,,,,,,,,,,,warmup_dropped,1782281400000
580,S,0,1782283200,4069.71,4061.38,1782283500,1782284100,4063.69,4064.08,1,,1782284400,0,0,0,0,,,,,,,,,,,0,,,,,,,,,,,,,,,warmup_dropped,1782284400000
578,S,0,1782278400,4076.40,4072.75,1782278700,1782279300,4070.84,4071.32,1,,1782289500,33,165,0,0,,,,,,,,,,,0,,,,,,,,,,,,,,,warmup_dropped,1782289500000
577,S,0,1782276900,4090.15,4084.52,1782277200,1782277800,4084.43,4086.35,1,,1782289980,39,198,0,0,,,,,,,,,,,0,,,,,,,,,,,,,,,warmup_dropped,1782289980000
585,L,0,1782293100,4090.64,4083.44,1782293400,1782294000,4088.27,4089.13,1,,1782294300,0,0,0,0,,,,,,,,,,,0,,,,,,,,,,,,,,,warmup_dropped,1782294300000
584,L,0,1782291000,4076.17,4071.42,1782291300,1782291900,4077.00,4077.52,1,,1782297420,17,87,0,0,,,,,,,,,,,0,,,,,,,,,,,,,,,warmup_dropped,1782297420000
586,S,0,1782297900,4086.13,4080.74,1782297900,1782298500,4079.24,4080.74,1,,1782300600,6,30,0,0,,,,,,,,,,,0,,,,,,,,,,,,,,,warmup_dropped,1782300600000
587,L,0,1782299700,4076.82,4073.25,1782300000,1782300600,4077.76,4079.97,1,,1782302040,3,19,0,0,,,,,,,,,,,0,,,,,,,,,,,,,,,warmup_dropped,1782302040000
583,L,0,1782288900,4068.82,4065.56,1782288900,1782289500,4068.82,4070.31,1,,1782304140,47,239,0,0,,,,,,,,,,,0,,,,,,,,,,,,,,,warmup_dropped,1782304140000
582,L,0,1782288000,4065.15,4061.21,1782288000,1782288600,4065.15,4066.19,1,,1782305820,56,282,0,0,,,,,,,,,,,0,,,,,,,,,,,,,,,warmup_dropped,1782305820000
581,L,0,1782285300,4060.17,4055.07,1782285300,1782285900,4060.17,4061.06,1,,1782306120,66,332,0,0,,,,,,,,,,,0,,,,,,,,,,,,,,,warmup_dropped,1782306120000
591,L,0,1782307200,4060.58,4056.28,1782307200,1782307800,4060.58,4060.84,1,,1782308100,0,0,0,0,,,,,,,,,,,0,,,,,,,,,,,,,,,warmup_dropped,1782308100000
590,S,0,1782305100,4070.28,4065.65,1782305400,1782306000,4066.27,4068.00,1,,1782308580,7,38,0,0,,,,,,,,,,,0,,,,,,,,,,,,,,,warmup_dropped,1782308580000
592,S,0,1782308400,4066.86,4057.88,1782308700,1782309300,4058.63,4061.79,1,,1782309660,0,1,0,0,,,,,,,,,,,0,,,,,,,,,,,,,,,warmup_dropped,1782309660000
271,L,0,1781147100,4050.05,4039.72,1781147400,1781148000,4055.83,4061.26,1,,1782309960,2564,19361,0,0,,,,,,,,,,,0,,,,,,,,,,,,,,,warmup_dropped,1782309960000
593,S,0,1782314100,4041.92,4035.33,1782314100,1782314700,4033.38,4035.33,1,,1782320220,17,87,0,0,,,,,,,,,,,0,,,,,,,,,,,,,,,warmup_dropped,1782320220000
595,S,0,1782320700,4030.79,4021.79,1782320700,1782321300,4021.20,4021.79,1,,1782321720,0,2,0,0,,,,,,,,,,,0,,,,,,,,,,,,,,,warmup_dropped,1782321720000
597,L,0,1782324300,4004.03,3997.28,1782324600,1782325200,4003.88,4007.86,1,,1782325500,0,0,0,0,,,,,,,,,,,0,,,,,,,,,,,,,,,warmup_dropped,1782325500000
598,L,0,1782328500,4005.93,4001.67,1782328500,1782329100,4005.93,4009.84,1,,1782331200,6,30,0,0,,,,,,,,,,,0,,,,,,,,,,,,,,,warmup_dropped,1782331200000
594,L,0,1782318000,3976.50,3964.54,1782318300,1782318900,3976.19,3985.70,1,,1782334680,51,258,0,0,,,,,,,,,,,0,,,,,,,,,,,,,,,warmup_dropped,1782334680000
600,L,0,1782334800,3975.31,3959.20,1782334800,1782335400,3975.31,3981.03,1,,1782339000,11,55,0,0,,,,,,,,,,,0,,,,,,,,,,,,,,,warmup_dropped,1782339000000
602,S,0,1782338400,3984.99,3977.94,1782338400,1782339000,3977.12,3977.94,1,,1782339600,1,5,0,0,,,,,,,,,,,0,,,,,,,,,,,,,,,warmup_dropped,1782339600000
601,S,0,1782336300,3991.91,3986.42,1782336600,1782337200,3985.42,3986.84,1,,1782340200,9,45,0,0,,,,,,,,,,,0,,,,,,,,,,,,,,,warmup_dropped,1782340200000
604,S,0,1782340200,3988.62,3983.88,1782340200,1782340800,3983.59,3983.88,1,,1782341100,0,0,0,0,,,,,,,,,,,0,,,,,,,,,,,,,,,warmup_dropped,1782341100000
606,S,0,1782342300,4002.74,3996.88,1782342300,1782342900,3995.79,3996.88,1,,1782343440,0,4,0,0,,,,,,,,,,,0,,,,,,,,,,,,,,,warmup_dropped,1782343440000
607,L,0,1782342900,3995.79,3992.23,1782342900,1782343500,3995.79,3996.99,1,,1782344340,1,9,0,0,,,,,,,,,,,0,,,,,,,,,,,,,,,warmup_dropped,1782344340000
608,L,0,1782344700,4000.36,3997.07,1782345000,1782349200,3999.81,4003.17,1,,1782351000,5,25,0,0,,,,,,,,,,,0,,,,,,,,,,,,,,,warmup_dropped,1782351000000
599,S,0,1782329700,4022.18,4014.78,1782329700,1782330300,4012.10,4014.78,1,,1782355080,69,408,0,0,,,,,,,,,,,0,,,,,,,,,,,,,,,warmup_dropped,1782355080000
610,L,0,1782354300,4000.53,3996.96,1782354300,1782354900,4000.53,4008.03,1,,1782357660,8,41,0,0,,,,,,,,,,,0,,,,,,,,,,,,,,,warmup_dropped,1782357660000
609,L,0,1782353100,3995.37,3990.87,1782353400,1782354000,3995.26,3997.51,1,,1782358020,12,62,0,0,,,,,,,,,,,0,,,,,,,,,,,,,,,warmup_dropped,1782358020000
605,L,0,1782341700,3990.64,3984.69,1782341700,1782342300,3990.64,3996.88,1,,1782358320,40,262,0,0,,,,,,,,,,,0,,,,,,,,,,,,,,,warmup_dropped,1782358320000
612,L,0,1782359100,3986.22,3978.56,1782359100,1782359700,3986.22,3988.45,1,,1782360600,2,10,0,0,,,,,,,,,,,0,,,,,,,,,,,,,,,warmup_dropped,1782360600000
613,L,0,1782360600,3991.81,3982.43,1782360600,1782361200,3991.81,3993.80,1,,1782361740,0,4,0,0,,,,,,,,,,,0,,,,,,,,,,,,,,,warmup_dropped,1782361740000
603,L,0,1782339000,3977.12,3973.53,1782339300,1782339900,3977.54,3978.45,1,,1782363420,65,387,0,0,,,,,,,,,,,0,,,,,,,,,,,,,,,warmup_dropped,1782363420000
615,L,0,1782363900,3975.81,3963.91,1782364200,1782364800,3970.87,3980.79,1,,1782366120,3,17,0,0,,,,,,,,,,,0,,,,,,,,,,,,,,,warmup_dropped,1782366120000
616,S,0,1782366900,3984.33,3977.46,1782367200,1782367800,3973.82,3981.12,1,,1782368220,0,2,0,0,,,,,,,,,,,0,,,,,,,,,,,,,,,warmup_dropped,1782368220000
614,S,0,1782361200,3999.50,3993.80,1782361500,1782362100,3988.37,3990.43,1,,1782370260,26,131,0,0,,,,,,,,,,,0,,,,,,,,,,,,,,,warmup_dropped,1782370260000
618,S,0,1782371100,3996.83,3992.64,1782371100,1782371700,3991.70,3992.64,1,,1782372060,0,1,0,0,,,,,,,,,,,0,,,,,,,,,,,,,,,warmup_dropped,1782372060000
619,L,0,1782371400,3995.61,3989.48,1782371700,1782372300,3991.70,3993.61,1,,1782372600,0,0,0,0,,,,,,,,,,,0,,,,,,,,,,,,,,,warmup_dropped,1782372600000
620,S,0,1782372000,3997.14,3990.52,1782372300,1782372900,3991.05,3993.61,1,,1782373440,0,4,0,0,,,,,,,,,,,0,,,,,,,,,,,,,,,warmup_dropped,1782373440000
621,L,0,1782372900,3991.05,3987.46,1782372900,1782373500,3991.05,3991.34,1,,1782375480,5,28,0,0,,,,,,,,,,,0,,,,,,,,,,,,,,,warmup_dropped,1782375480000
622,S,0,1782374700,3999.20,3992.22,1782375000,1782375600,3995.15,3996.33,1,,1782375900,0,0,0,0,,,,,,,,,,,0,,,,,,,,,,,,,,,warmup_dropped,1782375900000
623,S,0,1782376200,3997.56,3985.75,1782376500,1782377100,3984.37,3984.57,1,,1782377400,0,0,0,0,,,,,,,,,,,0,,,,,,,,,,,,,,,warmup_dropped,1782377400000
624,L,0,1782376800,3986.51,3981.80,1782377100,1782377700,3984.37,3986.34,1,,1782378000,0,0,0,0,,,,,,,,,,,0,,,,,,,,,,,,,,,warmup_dropped,1782378000000
617,L,0,1782369300,3975.73,3968.92,1782369600,1782370200,3975.20,3986.33,1,,1782379140,28,144,0,0,,,,,,,,,,,0,,,,,,,,,,,,,,,warmup_dropped,1782379140000
625,S,0,1782378000,3988.04,3981.93,1782378300,1782378900,3980.34,3983.04,1,,1782379560,1,6,0,0,,,,,,,,,,,0,,,,,,,,,,,,,,,warmup_dropped,1782379560000
626,S,0,1782383100,3989.76,3982.04,1782383400,1782384000,3981.60,3982.30,1,,1782384960,2,11,0,0,,,,,,,,,,,0,,,,,,,,,,,,,,,warmup_dropped,1782384960000
628,L,0,1782385800,3989.46,3984.27,1782385800,1782386400,3989.46,3994.48,1,,1782388560,6,31,0,0,,,,,,,,,,,0,,,,,,,,,,,,,,,warmup_dropped,1782388560000
629,S,0,1782387300,4001.86,3996.11,1782387600,1782388200,3993.76,3998.39,1,,1782389100,2,10,0,0,,,,,,,,,,,0,,,,,,,,,,,,,,,warmup_dropped,1782389100000
630,L,0,1782388500,3991.06,3988.57,1782388500,1782389100,3991.06,3991.32,1,,1782389400,0,0,0,0,,,,,,,,,,,0,,,,,,,,,,,,,,,warmup_dropped,1782389400000
631,S,0,1782394500,3988.54,3986.10,1782394500,1782395100,3985.59,3986.10,1,,1782396060,2,11,0,0,,,,,,,,,,,0,,,,,,,,,,,,,,,warmup_dropped,1782396060000
627,L,0,1782384600,3977.66,3974.75,1782384600,1782385200,3977.66,3987.27,1,,1782397020,38,192,0,0,,,,,,,,,,,0,,,,,,,,,,,,,,,warmup_dropped,1782397020000
632,L,0,1782397800,3981.47,3976.54,1782397800,1782398400,3981.47,3982.24,1,,1782399300,2,10,0,0,,,,,,,,,,,0,,,,,,,,,,,,,,,warmup_dropped,1782399300000
633,S,0,1782398700,3987.78,3984.33,1782398700,1782399300,3982.61,3984.33,1,,1782399660,0,1,0,0,,,,,,,,,,,0,,,,,,,,,,,,,,,warmup_dropped,1782399660000
611,S,0,1782356700,4015.77,4011.10,1782356700,1782357300,4006.24,4011.10,1,,1782401400,146,730,0,0,,,,,,,,,,,0,,,,,,,,,,,,,,,warmup_dropped,1782401400000
596,S,0,1782322200,4034.45,4023.44,1782322200,1782322800,4021.73,4023.44,1,,1782403200,255,1335,0,0,,,,,,,,,,,0,,,,,,,,,,,,,,,warmup_dropped,1782403200000
635,L,0,1782402900,4016.58,4008.63,1782402900,1782403500,4016.58,4024.21,1,,1782405120,4,22,0,0,,,,,,,,,,,0,,,,,,,,,,,,,,,warmup_dropped,1782405120000
637,S,0,1782408300,4028.35,4012.90,1782408600,1782409200,4020.31,4022.06,1,,1782409500,0,0,0,0,,,,,,,,,,,0,,,,,,,,,,,,,,,warmup_dropped,1782409500000
636,L,0,1782406500,4009.99,4001.03,1782406500,1782407100,4009.99,4010.27,1,,1782410520,10,52,0,0,,,,,,,,,,,0,,,,,,,,,,,,,,,warmup_dropped,1782410520000
639,L,0,1782412800,4030.65,4026.49,1782413100,1782413700,4036.74,4036.87,1,,1782416700,9,45,0,0,,,,,,,,,,,0,,,,,,,,,,,,,,,warmup_dropped,1782416700000
640,S,0,1782415200,4043.92,4040.54,1782415500,1782416100,4036.29,4039.61,1,,1782422700,21,105,0,0,,,,,,,,,,,0,,,,,,,,,,,,,,,warmup_dropped,1782422700000
641,L,0,1782421800,4034.60,4030.45,1782421800,1782422400,4034.60,4037.30,1,,1782423240,1,9,0,0,,,,,,,,,,,0,,,,,,,,,,,,,,,warmup_dropped,1782423240000
643,S,0,1782423300,4036.41,4033.32,1782423300,1782423900,4032.89,4033.32,1,,1782424260,0,1,0,0,,,,,,,,,,,0,,,,,,,,,,,,,,,warmup_dropped,1782424260000
644,L,0,1782423900,4032.89,4029.77,1782423900,1782424500,4032.89,4033.79,1,,1782424980,0,3,0,0,,,,,,,,,,,0,,,,,,,,,,,,,,,warmup_dropped,1782424980000
642,S,0,1782422700,4044.18,4038.06,1782422700,1782423300,4036.41,4038.06,1,,1782425340,5,29,0,0,,,,,,,,,,,0,,,,,,,,,,,,,,,warmup_dropped,1782425340000
645,L,0,1782424800,4035.97,4032.59,1782424800,1782425400,4035.97,4038.39,1,,1782426540,2,14,0,0,,,,,,,,,,,0,,,,,,,,,,,,,,,warmup_dropped,1782426540000
646,S,0,1782426000,4040.02,4037.03,1782426000,1782426600,4036.69,4037.03,1,,1782427200,1,5,0,0,,,,,,,,,,,0,,,,,,,,,,,,,,,warmup_dropped,1782427200000
647,S,0,1782426900,4035.48,4032.57,1782427200,1782427800,4027.49,4032.81,1,,1782428460,1,6,0,0,,,,,,,,,,,0,,,,,,,,,,,,,,,warmup_dropped,1782428460000
648,L,0,1782427800,4027.49,4021.89,1782428100,1782428700,4027.45,4028.03,1,,1782429240,0,4,0,0,,,,,,,,,,,0,,,,,,,,,,,,,,,warmup_dropped,1782429240000
649,S,0,1782429900,4030.84,4028.17,1782429900,1782430500,4027.61,4028.17,1,,1782435600,3,80,0,0,,,,,,,,,,,0,,,,,,,,,,,,,,,warmup_dropped,1782435600000
650,L,0,1782431100,4026.48,4024.47,1782431400,1782435600,4025.70,4027.35,1,,1782436140,0,4,0,0,,,,,,,,,,,0,,,,,,,,,,,,,,,warmup_dropped,1782436140000
651,L,0,1782436800,4023.75,4019.81,1782436800,1782437400,4023.75,4024.42,1,,1782438600,3,15,0,0,,,,,,,,,,,0,,,,,,,,,,,,,,,warmup_dropped,1782438600000
652,S,0,1782437700,4036.48,4029.70,1782438000,1782438600,4025.43,4028.60,1,,1782440700,6,30,0,0,,,,,,,,,,,0,,,,,,,,,,,,,,,warmup_dropped,1782440700000
653,L,0,1782439500,4024.39,4021.51,1782439800,1782440400,4024.36,4025.28,1,,1782441240,1,9,0,0,,,,,,,,,,,0,,,,,,,,,,,,,,,warmup_dropped,1782441240000
638,L,0,1782411000,4017.18,4004.98,1782411300,1782411900,4015.65,4026.03,1,,1782442140,87,499,0,0,,,,,,,,,,,0,,,,,,,,,,,,,,,warmup_dropped,1782442140000
655,S,0,1782441600,4024.43,4022.88,1782441600,1782442200,4019.53,4022.88,1,,1782443880,4,23,0,0,,,,,,,,,,,0,,,,,,,,,,,,,,,warmup_dropped,1782443880000
656,L,0,1782442800,4018.54,4012.28,1782443100,1782443700,4015.63,4018.64,1,,1782444120,0,2,0,0,,,,,,,,,,,0,,,,,,,,,,,,,,,warmup_dropped,1782444120000
657,S,0,1782443700,4023.43,4018.64,1782444000,1782444600,4016.81,4017.10,1,,1782445380,1,8,0,0,,,,,,,,,,,0,,,,,,,,,,,,,,,warmup_dropped,1782445380000
654,S,0,1782440700,4030.17,4028.16,1782440700,1782441300,4025.11,4028.16,1,,1782446460,16,81,0,0,,,,,,,,,,,0,,,,,,,,,,,,,,,warmup_dropped,1782446460000
658,S,0,1782448500,4022.81,4016.16,1782448800,1782449400,4018.66,4020.08,1,,1782449700,0,0,0,0,,,,,,,,,,,0,,,,,,,,,,,,,,,warmup_dropped,1782449700000
634,L,0,1782400800,3983.22,3978.95,1782400800,1782401400,3983.22,3983.82,1,,1782453300,160,860,0,0,,,,,,,,,,,0,,,,,,,,,,,,,,,warmup_dropped,1782453300000
660,S,0,1782451500,4008.39,4003.92,1782451500,1782452100,4003.42,4003.92,1,,1782456900,15,75,0,0,,,,,,,,,,,0,,,,,,,,,,,,,,,warmup_dropped,1782456900000
662,L,0,1782456300,4000.35,3997.38,1782456300,1782456900,4000.35,4001.75,1,,1782457500,1,5,0,0,,,,,,,,,,,0,,,,,,,,,,,,,,,warmup_dropped,1782457500000
663,L,0,1782457200,4005.56,4000.96,1782457500,1782458100,4003.28,4006.75,1,,1782459180,2,13,0,0,,,,,,,,,,,0,,,,,,,,,,,,,,,warmup_dropped,1782459180000
659,S,0,1782449700,4021.75,4018.15,1782450000,1782450600,4016.93,4017.61,1,,1782461700,36,180,0,0,,,,,,,,,,,0,,,,,,,,,,,,,,,warmup_dropped,1782461700000
665,L,0,1782460800,4013.24,4009.64,1782461100,1782461700,4012.39,4013.68,1,,1782462000,0,0,0,0,,,,,,,,,,,0,,,,,,,,,,,,,,,warmup_dropped,1782462000000
666,S,0,1782463800,4015.35,4010.58,1782463800,1782464400,4010.52,4010.58,1,,1782464700,0,0,0,0,,,,,,,,,,,0,,,,,,,,,,,,,,,warmup_dropped,1782464700000
669,L,0,1782469200,4031.33,4027.71,1782469200,1782469800,4031.33,4037.01,1,,1782470580,1,8,0,0,,,,,,,,,,,0,,,,,,,,,,,,,,,warmup_dropped,1782470580000
670,S,0,1782469500,4039.71,4029.41,1782469800,1782470400,4036.33,4037.01,1,,1782470700,0,0,0,0,,,,,,,,,,,0,,,,,,,,,,,,,,,warmup_dropped,1782470700000
668,L,0,1782467400,4025.80,4022.02,1782467400,1782468000,4025.80,4026.73,1,,1782471900,12,60,0,0,,,,,,,,,,,0,,,,,,,,,,,,,,,warmup_dropped,1782471900000
671,S,0,1782474000,4035.92,4032.56,1782474300,1782474900,4032.80,4032.86,1,,1782475320,0,2,0,0,,,,,,,,,,,0,,,,,,,,,,,,,,,warmup_dropped,1782475320000
673,L,0,1782478500,4050.66,4047.02,1782478800,1782479400,4048.96,4049.78,1,,1782479700,0,0,0,0,,,,,,,,,,,0,,,,,,,,,,,,,,,warmup_dropped,1782479700000
674,S,0,1782479400,4052.18,4049.78,1782479400,1782480000,4045.85,4049.78,1,,1782480720,1,7,0,0,,,,,,,,,,,0,,,,,,,,,,,,,,,warmup_dropped,1782480720000
676,L,0,1782481200,4050.86,4046.80,1782481500,1782482100,4050.35,4051.39,1,,1782483120,2,12,0,0,,,,,,,,,,,0,,,,,,,,,,,,,,,warmup_dropped,1782483120000
675,L,0,1782480000,4045.85,4042.31,1782480000,1782480600,4045.85,4047.55,1,,1782485340,14,74,0,0,,,,,,,,,,,0,,,,,,,,,,,,,,,warmup_dropped,1782485340000
678,L,0,1782486000,4046.17,4043.74,1782486000,1782486600,4046.17,4047.70,1,,1782487080,0,3,0,0,,,,,,,,,,,0,,,,,,,,,,,,,,,warmup_dropped,1782487080000
679,S,0,1782486600,4050.86,4047.70,1782486600,1782487200,4046.77,4047.70,1,,1782487800,1,5,0,0,,,,,,,,,,,0,,,,,,,,,,,,,,,warmup_dropped,1782487800000
677,S,0,1782484200,4055.11,4052.67,1782484200,1782484800,4050.28,4052.67,1,,1782489420,14,72,0,0,,,,,,,,,,,0,,,,,,,,,,,,,,,warmup_dropped,1782489420000
680,L,0,1782488400,4044.25,4035.83,1782488700,1782489300,4044.52,4045.92,1,,1782490140,1,9,0,0,,,,,,,,,,,0,,,,,,,,,,,,,,,warmup_dropped,1782490140000
681,S,0,1782490800,4058.44,4049.76,1782491100,1782491700,4051.49,4053.21,1,,1782492000,0,0,0,0,,,,,,,,,,,0,,,,,,,,,,,,,,,warmup_dropped,1782492000000
589,S,0,1782303300,4079.11,4075.45,1782303300,1782303900,4074.58,4075.45,1,,1782493020,605,3147,0,0,,,,,,,,,,,0,,,,,,,,,,,,,,,warmup_dropped,1782493020000
588,S,0,1782301200,4084.99,4081.42,1782301200,1782301800,4080.39,4081.42,1,,1782493920,615,3197,0,0,,,,,,,,,,,0,,,,,,,,,,,,,,,warmup_dropped,1782493920000
683,S,0,1782494100,4093.05,4081.20,1782494400,1782495000,4084.76,4087.40,1,,1782495300,0,0,0,0,,,,,,,,,,,0,,,,,,,,,,,,,,,warmup_dropped,1782495300000
684,L,0,1782495300,4081.85,4076.42,1782495300,1782495900,4081.85,4082.60,1,,1782496560,1,6,0,0,,,,,,,,,,,0,,,,,,,,,,,,,,,warmup_dropped,1782496560000
685,S,0,1782495900,4091.71,4082.60,1782496200,1782496800,4083.20,4083.89,1,,1782497820,2,12,0,0,,,,,,,,,,,0,,,,,,,,,,,,,,,warmup_dropped,1782497820000
686,L,0,1782498600,4088.76,4082.12,1782498600,1782499200,4088.76,4091.17,1,,1782499860,1,6,0,0,,,,,,,,,,,0,,,,,,,,,,,,,,,warmup_dropped,1782499860000
687,S,0,1782501000,4092.31,4088.37,1782501300,1782501900,4088.17,4089.76,1,,1782502200,0,0,0,0,,,,,,,,,,,0,,,,,,,,,,,,,,,warmup_dropped,1782502200000
688,S,0,1782502200,4093.05,4086.71,1782502200,1782502800,4086.02,4086.71,1,,1782503100,0,0,0,0,,,,,,,,,,,0,,,,,,,,,,,,,,,warmup_dropped,1782503100000
689,S,0,1782504300,4088.08,4084.34,1782504300,1782504900,4084.07,4084.34,1,,1782505440,0,4,0,0,,,,,,,,,,,0,,,,,,,,,,,,,,,warmup_dropped,1782505440000
691,S,0,1782507900,4078.78,4075.09,1782508200,1782508800,4074.51,4075.87,1,,1782509400,1,5,0,0,,,,,,,,,,,0,,,,,,,,,,,,,,,warmup_dropped,1782509400000
693,S,0,1782510600,4070.48,4068.54,1782510600,1782511200,4068.31,4068.54,1,,1782511980,1,8,0,0,,,,,,,,,,,0,,,,,,,,,,,,,,,warmup_dropped,1782511980000
694,L,0,1782512400,4068.13,4064.55,1782512700,1782513300,4067.49,4067.97,1,,1782513720,0,2,0,0,,,,,,,,,,,0,,,,,,,,,,,,,,,warmup_dropped,1782513720000
692,S,0,1782509400,4075.44,4073.48,1782509700,1782510300,4072.56,4072.66,1,,1782514320,12,62,0,0,,,,,,,,,,,0,,,,,,,,,,,,,,,warmup_dropped,1782514320000
695,L,0,1782513600,4070.38,4068.05,1782513900,1782514500,4070.11,4071.49,1,,1782515100,1,5,0,0,,,,,,,,,,,0,,,,,,,,,,,,,,,warmup_dropped,1782515100000
696,L,0,1782515700,4068.40,4066.27,1782515700,1782516300,4068.40,4071.04,1,,1782516660,0,1,0,0,,,,,,,,,,,0,,,,,,,,,,,,,,,warmup_dropped,1782516660000
697,S,0,1782516300,4073.01,4071.04,1782516300,1782516900,4070.42,4071.04,1,,1782517500,1,5,0,0,,,,,,,,,,,0,,,,,,,,,,,,,,,warmup_dropped,1782517500000
690,S,0,1782505200,4085.07,4080.27,1782505500,1782506100,4078.92,4080.32,1,,1782518040,38,194,0,0,,,,,,,,,,,0,,,,,,,,,,,,,,,warmup_dropped,1782518040000
698,L,0,1782516900,4070.42,4068.34,1782517200,1782517800,4071.00,4073.56,1,,1782695640,3,2959,0,0,,,,,,,,,,,0,,,,,,,,,,,,,,,warmup_dropped,1782695640000
700,S,0,1782698700,4070.52,4066.14,1782698700,1782699300,4065.70,4066.14,1,,1782701520,6,32,0,0,,,,,,,,,,,0,,,,,,,,,,,,,,,warmup_dropped,1782701520000
701,L,0,1782700200,4057.54,4051.91,1782700200,1782700800,4057.54,4060.09,1,,1782702000,3,15,0,0,,,,,,,,,,,0,,,,,,,,,,,,,,,warmup_dropped,1782702000000
702,S,0,1782701400,4066.25,4061.25,1782701700,1782702300,4062.46,4062.54,1,,1782702900,1,5,0,0,,,,,,,,,,,0,,,,,,,,,,,,,,,warmup_dropped,1782702900000
682,L,0,1782491700,4051.49,4044.99,1782491700,1782492300,4051.49,4058.61,1,,1782703380,114,3513,0,0,,,,,,,,,,,0,,,,,,,,,,,,,,,warmup_dropped,1782703380000
703,S,0,1782702600,4060.74,4056.57,1782702900,1782703500,4052.89,4057.30,1,,1782704100,1,5,0,0,,,,,,,,,,,0,,,,,,,,,,,,,,,warmup_dropped,1782704100000
699,S,0,1782695100,4083.64,4073.30,1782695100,1782695700,4070.60,4073.30,1,,1782705360,31,156,0,0,,,,,,,,,,,0,,,,,,,,,,,,,,,warmup_dropped,1782705360000
705,L,0,1782707100,4066.06,4059.14,1782707400,1782708000,4060.71,4061.52,1,,1782708300,0,0,0,0,,,,,,,,,,,0,,,,,,,,,,,,,,,warmup_dropped,1782708300000
706,S,0,1782710700,4070.69,4067.05,1782711000,1782711600,4063.07,4067.29,1,,1782712020,0,2,0,0,,,,,,,,,,,0,,,,,,,,,,,,,,,warmup_dropped,1782712020000
707,L,0,1782711300,4068.75,4059.86,1782711600,1782712200,4063.07,4064.00,1,,1782712500,0,0,0,0,,,,,,,,,,,0,,,,,,,,,,,,,,,warmup_dropped,1782712500000
708,S,0,1782714000,4075.73,4068.93,1782714300,1782714900,4069.70,4071.06,1,,1782715260,0,1,0,0,,,,,,,,,,,0,,,,,,,,,,,,,,,warmup_dropped,1782715260000
704,L,0,1782703500,4052.89,4048.27,1782703500,1782704100,4052.89,4053.65,1,,1782718860,48,241,0,0,,,,,,,,,,,0,,,,,,,,,,,,,,,warmup_dropped,1782718860000
710,S,0,1782719100,4057.76,4055.50,1782719100,1782719700,4054.18,4055.50,1,,1782720300,1,5,0,0,,,,,,,,,,,0,,,,,,,,,,,,,,,warmup_dropped,1782720300000
711,S,0,1782720600,4056.17,4052.35,1782720900,1782721500,4052.63,4053.70,1,,1782722760,3,16,0,0,,,,,,,,,,,0,,,,,,,,,,,,,,,warmup_dropped,1782722760000
709,S,0,1782717900,4066.52,4063.59,1782717900,1782718500,4061.58,4063.59,1,,1782724080,17,88,0,0,,,,,,,,,,,0,,,,,,,,,,,,,,,warmup_dropped,1782724080000
713,L,0,1782725400,4060.99,4055.46,1782725700,1782726300,4059.73,4059.85,1,,1782727200,2,10,0,0,,,,,,,,,,,0,,,,,,,,,,,,,,,warmup_dropped,1782727200000
714,S,0,1782726600,4064.35,4062.22,1782726900,1782727500,4060.82,4061.59,1,,1782728100,1,5,0,0,,,,,,,,,,,0,,,,,,,,,,,,,,,warmup_dropped,1782728100000
712,L,0,1782722100,4046.03,4039.35,1782722100,1782722700,4046.03,4049.07,1,,1782734280,37,188,0,0,,,,,,,,,,,0,,,,,,,,,,,,,,,warmup_dropped,1782734280000
716,S,0,1782735300,4053.37,4048.98,1782735300,1782735900,4048.84,4048.98,1,,1782736200,0,0,0,0,,,,,,,,,,,0,,,,,,,,,,,,,,,warmup_dropped,1782736200000
672,L,0,1782474900,4032.80,4029.65,1782474900,1782475500,4032.80,4034.10,1,,1782737760,285,4366,0,0,,,,,,,,,,,0,,,,,,,,,,,,,,,warmup_dropped,1782737760000
718,L,0,1782738000,4033.35,4027.48,1782738300,1782738900,4032.26,4032.73,1,,1782739980,2,13,0,0,,,,,,,,,,,0,,,,,,,,,,,,,,,warmup_dropped,1782739980000
719,L,0,1782740400,4038.70,4033.58,1782740700,1782741300,4035.09,4035.32,1,,1782741600,0,0,0,0,,,,,,,,,,,0,,,,,,,,,,,,,,,warmup_dropped,1782741600000
717,S,0,1782736800,4044.19,4040.76,1782736800,1782737400,4040.30,4040.76,1,,1782744960,24,121,0,0,,,,,,,,,,,0,,,,,,,,,,,,,,,warmup_dropped,1782744960000
720,S,0,1782745500,4048.27,4043.86,1782745800,1782746400,4045.97,4047.39,1,,1782747240,1,9,0,0,,,,,,,,,,,0,,,,,,,,,,,,,,,warmup_dropped,1782747240000
722,L,0,1782748500,4045.09,4042.34,1782748500,1782749100,4045.09,4045.91,1,,1782749460,0,1,0,0,,,,,,,,,,,0,,,,,,,,,,,,,,,warmup_dropped,1782749460000
721,L,0,1782746700,4041.42,4037.72,1782746700,1782747300,4041.42,4043.19,1,,1782750300,9,45,0,0,,,,,,,,,,,0,,,,,,,,,,,,,,,warmup_dropped,1782750300000
667,L,0,1782465300,4011.31,4008.35,1782465300,1782465900,4011.31,4020.56,1,,1782753060,368,4781,0,0,,,,,,,,,,,0,,,,,,,,,,,,,,,warmup_dropped,1782753060000
664,L,0,1782459300,4005.18,4002.51,1782459300,1782459900,4005.18,4007.19,1,,1782753300,389,4885,0,0,,,,,,,,,,,0,,,,,,,,,,,,,,,warmup_dropped,1782753300000
724,S,0,1782752100,4033.44,4028.28,1782752100,1782752700,4028.16,4028.28,1,,1782754080,3,18,0,0,,,,,,,,,,,0,,,,,,,,,,,,,,,warmup_dropped,1782754080000
726,L,0,1782755100,4023.56,4017.97,1782755100,1782755700,4023.56,4023.95,1,,1782756060,0,1,0,0,,,,,,,,,,,0,,,,,,,,,,,,,,,warmup_dropped,1782756060000
725,L,0,1782753000,4017.86,4008.58,1782753300,1782753900,4018.54,4019.99,1,,1782757380,10,53,0,0,,,,,,,,,,,0,,,,,,,,,,,,,,,warmup_dropped,1782757380000
727,L,0,1782757200,4022.62,4016.70,1782757200,1782757800,4022.62,4023.08,1,,1782758100,0,0,0,0,,,,,,,,,,,0,,,,,,,,,,,,,,,warmup_dropped,1782758100000
728,L,0,1782758400,4023.43,4021.38,1782758400,1782759000,4023.43,4025.55,1,,1782760500,4,20,0,0,,,,,,,,,,,0,,,,,,,,,,,,,,,warmup_dropped,1782760500000
729,S,0,1782760500,4025.73,4021.89,1782760800,1782761400,4024.34,4024.83,1,,1782762060,1,6,0,0,,,,,,,,,,,0,,,,,,,,,,,,,,,warmup_dropped,1782762060000
730,L,0,1782762900,4026.69,4023.75,1782763200,1782763800,4025.88,4027.85,1,,1782764640,1,9,0,0,,,,,,,,,,,0,,,,,,,,,,,,,,,warmup_dropped,1782764640000
735,S,0,1782770700,4011.90,4009.76,1782770700,1782771300,4009.13,4009.76,1,,1782771600,0,0,0,0,,,,,,,,,,,0,,,,,,,,,,,,,,,warmup_dropped,1782771600000
734,S,0,1782769800,4017.96,4015.79,1782769800,1782770400,4014.62,4015.79,1,,1782772080,4,23,0,0,,,,,,,,,,,0,,,,,,,,,,,,,,,warmup_dropped,1782772080000
733,S,0,1782769200,4021.31,4019.53,1782769200,1782769800,4017.96,4019.53,1,,1782772200,7,35,0,0,,,,,,,,,,,0,,,,,,,,,,,,,,,warmup_dropped,1782772200000
737,S,0,1782772800,4018.15,4016.39,1782772800,1782773400,4015.29,4016.39,1,,1782773940,0,4,0,0,,,,,,,,,,,0,,,,,,,,,,,,,,,warmup_dropped,1782773940000
738,L,0,1782774300,4015.63,4012.73,1782774600,1782775200,4014.68,4016.04,1,,1782776100,2,10,0,0,,,,,,,,,,,0,,,,,,,,,,,,,,,warmup_dropped,1782776100000
739,S,0,1782775500,4017.96,4016.06,1782775800,1782776400,4015.67,4016.09,1,,1782777120,1,7,0,0,,,,,,,,,,,0,,,,,,,,,,,,,,,warmup_dropped,1782777120000
740,L,0,1782776700,4015.84,4014.60,1782776700,1782777300,4015.84,4015.87,1,,1782782820,5,87,0,0,,,,,,,,,,,0,,,,,,,,,,,,,,,warmup_dropped,1782782820000
736,L,0,1782771000,4012.12,4008.09,1782771300,1782771900,4009.13,4011.58,1,,1782783600,26,190,0,0,,,,,,,,,,,0,,,,,,,,,,,,,,,warmup_dropped,1782783600000
741,S,0,1782782100,4020.17,4017.87,1782782100,1782782700,4017.59,4017.87,1,,1782785040,6,34,0,0,,,,,,,,,,,0,,,,,,,,,,,,,,,warmup_dropped,1782785040000
742,L,0,1782784500,4016.98,4012.84,1782784500,1782785100,4016.98,4017.75,1,,1782786300,3,15,0,0,,,,,,,,,,,0,,,,,,,,,,,,,,,warmup_dropped,1782786300000
743,S,0,1782785700,4022.35,4020.45,1782785700,1782786300,4018.56,4020.45,1,,1782786720,0,2,0,0,,,,,,,,,,,0,,,,,,,,,,,,,,,warmup_dropped,1782786720000
744,S,0,1782786600,4021.75,4015.45,1782786900,1782787500,4017.06,4018.09,1,,1782787800,0,0,0,0,,,,,,,,,,,0,,,,,,,,,,,,,,,warmup_dropped,1782787800000
661,L,0,1782453600,3992.50,3986.62,1782453600,1782454200,3992.50,3993.41,1,,1782790920,521,5607,0,0,,,,,,,,,,,0,,,,,,,,,,,,,,,warmup_dropped,1782790920000
747,S,0,1782793500,3980.73,3968.29,1782793800,1782794400,3972.46,3974.82,1,,1782794700,0,0,0,0,,,,,,,,,,,0,,,,,,,,,,,,,,,warmup_dropped,1782794700000
748,L,0,1782794700,3973.48,3961.46,1782795000,1782795600,3966.55,3966.65,1,,1782795900,0,0,0,0,,,,,,,,,,,0,,,,,,,,,,,,,,,warmup_dropped,1782795900000
749,S,0,1782795600,3973.20,3966.65,1782795600,1782796200,3960.10,3966.65,1,,1782798600,7,35,0,0,,,,,,,,,,,0,,,,,,,,,,,,,,,warmup_dropped,1782798600000
746,S,0,1782791100,3994.05,3990.87,1782791400,1782792000,3987.20,3990.67,1,,1782804720,41,207,0,0,,,,,,,,,,,0,,,,,,,,,,,,,,,warmup_dropped,1782804720000
752,S,0,1782804600,3996.51,3982.42,1782804900,1782805500,3989.83,3992.40,1,,1782805800,0,0,0,0,,,,,,,,,,,0,,,,,,,,,,,,,,,warmup_dropped,1782805800000
753,S,0,1782806400,3988.77,3984.12,1782806700,1782807300,3985.66,3985.98,1,,1782807780,0,3,0,0,,,,,,,,,,,0,,,,,,,,,,,,,,,warmup_dropped,1782807780000
745,S,0,1782789600,4009.23,4005.56,1782789900,1782790500,4002.43,4004.04,1,,1782811620,69,347,0,0,,,,,,,,,,,0,,,,,,,,,,,,,,,warmup_dropped,1782811620000
732,S,0,1782767700,4025.23,4022.73,1782768000,1782768600,4021.58,4023.54,1,,1782811920,131,717,0,0,,,,,,,,,,,0,,,,,,,,,,,,,,,warmup_dropped,1782811920000
731,S,0,1782764100,4030.75,4028.31,1782764100,1782764700,4027.10,4028.31,1,,1782812040,144,784,0,0,,,,,,,,,,,0,,,,,,,,,,,,,,,warmup_dropped,1782812040000
756,L,0,1782816300,4030.82,4026.92,1782816600,1782817200,4030.43,4031.66,1,,1782817680,0,3,0,0,,,,,,,,,,,0,,,,,,,,,,,,,,,warmup_dropped,1782817680000
758,S,0,1782818700,4026.31,4020.81,1782819000,1782819600,4019.34,4023.08,1,,1782821220,4,22,0,0,,,,,,,,,,,0,,,,,,,,,,,,,,,warmup_dropped,1782821220000
759,L,0,1782820500,4017.27,4014.20,1782820500,1782821100,4017.27,4018.79,1,,1782821520,0,2,0,0,,,,,,,,,,,0,,,,,,,,,,,,,,,warmup_dropped,1782821520000
760,L,0,1782822600,4018.65,4012.91,1782822900,1782823500,4016.84,4018.42,1,,1782823800,0,0,0,0,,,,,,,,,,,0,,,,,,,,,,,,,,,warmup_dropped,1782823800000
757,S,0,1782817200,4036.33,4031.66,1782817200,1782817800,4027.88,4031.66,1,,1782828300,34,170,0,0,,,,,,,,,,,0,,,,,,,,,,,,,,,warmup_dropped,1782828300000
761,L,0,1782828000,4030.19,4025.41,1782828000,1782828600,4030.19,4030.68,1,,1782829500,2,10,0,0,,,,,,,,,,,0,,,,,,,,,,,,,,,warmup_dropped,1782829500000
762,S,0,1782831300,4034.54,4030.89,1782831600,1782832200,4028.70,4030.28,1,,1782836400,13,65,0,0,,,,,,,,,,,0,,,,,,,,,,,,,,,warmup_dropped,1782836400000
763,L,0,1782834900,4014.69,4008.66,1782834900,1782835500,4014.69,4015.16,1,,1782837360,5,26,0,0,,,,,,,,,,,0,,,,,,,,,,,,,,,warmup_dropped,1782837360000
723,S,0,1782749700,4049.71,4046.08,1782749700,1782750300,4043.68,4046.08,1,,1782839400,284,1480,0,0,,,,,,,,,,,0,,,,,,,,,,,,,,,warmup_dropped,1782839400000
715,S,0,1782732600,4066.61,4060.90,1782732900,1782733500,4057.30,4060.62,1,,1782840240,342,1774,0,0,,,,,,,,,,,0,,,,,,,,,,,,,,,warmup_dropped,1782840240000
765,S,0,1782840000,4063.34,4047.85,1782840300,1782840900,4053.83,4053.86,1,,1782841200,0,0,0,0,,,,,,,,,,,0,,,,,,,,,,,,,,,warmup_dropped,1782841200000
764,L,0,1782838800,4031.54,4025.38,1782838800,1782839400,4031.54,4036.98,1,,1782843360,12,61,0,0,,,,,,,,,,,0,,,,,,,,,,,,,,,warmup_dropped,1782843360000
767,S,0,1782843000,4037.06,4032.32,1782843000,1782843600,4028.91,4032.32,1,,1782845100,4,20,0,0,,,,,,,,,,,0,,,,,,,,,,,,,,,warmup_dropped,1782845100000
768,L,0,1782844800,4031.00,4026.82,1782844800,1782845400,4031.00,4031.19,1,,1782845820,0,2,0,0,,,,,,,,,,,0,,,,,,,,,,,,,,,warmup_dropped,1782845820000
769,S,0,1782845400,4034.10,4031.19,1782845400,1782846000,4030.31,4031.19,1,,1782847380,3,18,0,0,,,,,,,,,,,0,,,,,,,,,,,,,,,warmup_dropped,1782847380000
770,L,0,1782848100,4030.87,4027.36,1782848100,1782848700,4030.87,4031.03,1,,1782849000,0,0,0,0,,,,,,,,,,,0,,,,,,,,,,,,,,,warmup_dropped,1782849000000
772,S,0,1782849600,4027.89,4024.49,1782849600,1782850200,4023.39,4024.49,1,,1782850560,0,1,0,0,,,,,,,,,,,0,,,,,,,,,,,,,,,warmup_dropped,1782850560000
771,S,0,1782848700,4033.85,4031.03,1782849000,1782849600,4027.89,4030.06,1,,1782852660,9,46,0,0,,,,,,,,,,,0,,,,,,,,,,,,,,,warmup_dropped,1782852660000
773,L,0,1782851700,4028.44,4025.65,1782851700,1782852300,4028.44,4029.07,1,,1782855660,10,51,0,0,,,,,,,,,,,0,,,,,,,,,,,,,,,warmup_dropped,1782855660000
776,L,0,1782860100,4018.44,4014.79,1782860400,1782861000,4018.92,4019.14,1,,1782861540,0,4,0,0,,,,,,,,,,,0,,,,,,,,,,,,,,,warmup_dropped,1782861540000
779,L,0,1782868800,4014.71,4012.16,1782869100,1782869700,4014.98,4015.02,0,1782870280913,1782870240,0,4,2,1,,,,,,,,,,,0,,,,,,,,,,,,,,,cancelled_second_break,1782870840000
780,S,0,1782869700,4016.66,4015.02,1782870000,1782870600,4013.30,4014.22,0,1782871536594,1782871500,2,10,2,1,,,,,,,,,,,0,,,,,,,,,,,,,,,cancelled_second_break,1782871680000
781,L,0,1782871200,4013.57,4011.05,1782871200,1782871800,4013.57,4013.98,0,1782872335634,1782872280,0,3,2,1,,,,,,,,,,,0,,,,,,,,,,,,,,,cancelled_second_break,1782872640000
778,L,0,1782863700,4010.66,4006.36,1782863700,1782867900,4010.66,4013.98,0,1782872411743,1782872400,14,70,0,0,,,,,,,,,,,0,,,,,,,,,,,,,,,cancelled_opposing_structure,1782874080000
782,S,0,1782871500,4018.33,4012.55,1782871800,1782872400,4012.28,4013.98,0,1782873057563,1782873000,1,5,0,0,1782873900,1782873480,5635,,1782873840,4008.67,4009.22,1782874020,1782874080099,4008.17,1,4018.77,ob,4018.33,20,3986.97,0.09,1782874080099,4008.17,2,4,23,1782878706642,3986.85,tp,filled,1782874080099
755,L,0,1782810900,3988.53,3984.03,1782810900,1782811500,3988.53,3997.34,1,1782878702864,1782878700,211,1115,2,1,,,,,,,,,,,0,,,,,,,,,,,,,,,cancelled_second_break,1782879360000
754,L,0,1782809700,3981.17,3977.18,1782809700,1782810300,3981.17,3984.23,1,1782879015827,1782879000,216,1140,1,1,,,,,,,,,,,0,,,,,,,,,,,,,,,cancelled_opposing_structure,1782879540000
787,S,0,1782881700,3978.99,3975.43,1782881700,1782882300,3974.92,3975.43,0,1782882788179,1782882780,0,3,2,1,,,,,,,,,,,0,,,,,,,,,,,,,,,cancelled_second_break,1782883860000
751,L,0,1782803100,3971.74,3968.19,1782803100,1782803700,3971.74,3972.03,1,1782882329207,1782882300,249,1305,0,0,1782884160,1782884040,5669,,1782884100,3983.51,3985.07,,,,0,,,,,,,,,,,,,,,cancelled_opposing_structure,1782885300000
786,S,0,1782879900,3985.98,3981.69,1782879900,1782880500,3980.93,3981.69,0,1782881237658,1782881220,1,7,0,0,1782882300,1782882000,5663,,1782882240,3972.97,3974.39,1782882420,1782882480029,3971.76,1,3986.42,ob,3985.98,20,3942.44,0.06,1782882480029,3971.76,4,5,28,1782886586993,3986.46,sl,filled,1782882480029
789,L,0,1782885300,3981.29,3978.43,1782885600,1782886200,3982.66,3983.26,0,1782886911933,1782886860,1,6,2,1,,,,,,,,,,,0,,,,,,,,,,,,,,,cancelled_second_break,1782887640000
791,L,0,1782890100,3976.85,3974.39,1782890400,1782891000,3977.12,3977.42,0,1782891370904,1782891360,0,1,2,1,,,,,,,,,,,0,,,,,,,,,,,,,,,cancelled_second_break,1782891720000
792,S,0,1782891000,3980.73,3977.42,1782891000,1782891600,3974.88,3977.42,0,1782892089422,1782892080,0,3,2,1,,,,,,,,,,,0,,,,,,,,,,,,,,,cancelled_second_break,1782892560000
793,L,0,1782891300,3978.25,3973.83,1782891600,1782892200,3974.88,3979.10,0,1782892677619,1782892620,0,2,2,1,,,,,,,,,,,0,,,,,,,,,,,,,,,cancelled_second_break,1782893280000
788,L,0,1782882300,3974.92,3970.17,1782882300,1782882900,3974.92,3975.75,0,1782889825086,1782889800,22,110,0,0,1782892260,1782891720,5692,,1782892080,3979.10,3979.70,1782892380,1782892440012,3980.27,1,3969.97,ob,3970.17,20,4000.87,0.09,1782892440012,3980.27,6,30,154,1782893523705,3969.91,sl,filled,1782892440012
795,L,0,1782893400,3973.33,3969.88,1782893700,1782894300,3972.44,3972.57,0,1782894600053,1782894600,0,0,0,0,1782896220,1782896040,5708,,1782896100,3975.64,3976.69,,,,0,,,,,,,,,,,,,,,cancelled_opposing_structure,1782896820000
797,L,0,1782897000,3968.89,3963.61,1782897300,1782897900,3966.71,3967.10,0,1782898200009,1782898200,0,0,0,0,1782898920,1782898380,5716,,1782898860,3969.05,3970.37,1782899160,1782899220040,3972.08,1,3963.13,pivot,3963.33,20,3989.98,0.10,1782899220040,3972.08,8,3,17,1782900443951,3962.94,sl,filled,1782899220040
750,L,0,1782801600,3965.23,3962.41,1782801600,1782802200,3965.23,3967.18,1,1782896838630,1782896820,302,1572,0,0,1782898920,1782898380,5716,,1782898860,3969.05,3970.37,1782899460,1782899520114,3971.38,1,3962.21,ob,3962.41,20,3989.72,0.10,1782899520114,3971.38,9,311,1617,1782900457783,3962.20,sl,filled,1782899520114
798,L,0,1782898200,3968.56,3963.33,1782898500,1782899100,3967.91,3969.15,0,1782900147127,1782900120,2,12,2,1,,,,,,,,,,,0,,,,,,,,,,,,,,,cancelled_second_break,1782900660000
801,S,0,1782900900,3970.93,3960.12,1782901200,1782901800,3964.99,3967.42,0,1782902100029,1782902100,0,0,2,1,1782902100,1782901680,5727,,,,,,,,0,,,,,,,,,,,,,,,cancelled_second_break,1782903000000
799,S,0,1782899400,3973.55,3969.07,1782899700,1782900300,3966.53,3970.66,0,1782901188464,1782901140,1,9,0,0,1782901740,1782901680,5727,,1782901680,3964.98,3967.56,1782901920,1782901980072,3962.57,1,3973.98,ob,3973.55,20,3939.75,0.08,1782901980072,3962.57,12,4,23,1782903053835,3974.29,sl,filled,1782901980072
796,S,0,1782896400,3977.45,3972.99,1782896400,1782897000,3968.89,3972.99,0,1782899010872,1782898980,5,28,0,0,1782901740,1782901680,5727,,1782901680,3964.98,3967.56,1782901920,,,0,,,,,,,,,,,,,,,cancelled_opposing_structure,1782903180000
794,S,0,1782892200,3981.44,3979.10,1782892200,1782892800,3977.11,3979.10,0,1782904621028,1782904620,38,192,2,1,,,,,,,,,,,0,,,,,,,,,,,,,,,cancelled_second_break,1782904800000
803,L,0,1782903900,3973.05,3970.08,1782903900,1782904500,3973.05,3974.22,0,1782905877413,1782905820,3,17,0,0,,,,,,,,,,,0,,,,,,,,,,,,,,,cancelled_opposing_structure,1782907140000
790,S,0,1782886500,3986.92,3983.31,1782886500,1782887100,3983.01,3983.31,0,1782904808483,1782904800,58,290,0,0,1782907020,1782906840,5744,,1782906960,3974.38,3974.74,1782907200,1782907260052,3973.74,1,3987.36,ob,3986.92,20,3946.50,0.06,1782907260052,3973.74,15,66,331,1782910940124,3987.37,sl,filled,1782907260052
807,S,0,1782910800,3989.45,3984.33,1782911100,1782911700,3984.56,3987.00,0,1782912271674,1782912240,0,4,2,1,,,,,,,,,,,0,,,,,,,,,,,,,,,cancelled_second_break,1782913020000
785,S,0,1782878100,3999.44,3993.81,1782878100,1782878700,3990.39,3993.81,0,1782913074739,1782913020,113,567,0,0,,,,,,,,,,,0,,,,,,,,,,,,,,,cancelled_opposing_structure,1782914160000
804,L,0,1782908400,3979.45,3976.66,1782908700,1782909300,3979.01,3979.89,0,1782909815419,1782909780,0,3,0,0,1782909900,1782909780,5753,,1782909840,3981.70,3982.69,1782910020,1782910080048,3983.43,1,3976.46,ob,3976.66,20,3997.37,0.13,1782910080048,3983.43,16,1,8,1782914228033,3997.37,tp,filled,1782910080048
800,L,0,1782900600,3964.57,3960.74,1782900600,1782901200,3964.57,3967.42,0,1782901794493,1782901740,0,4,0,0,1782903000,1782902880,5730,,1782902940,3971.41,3972.16,1782903120,1782903180078,3973.37,1,3960.54,ob,3960.74,20,3999.03,0.07,1782903180078,3973.37,14,5,28,1782914411620,3999.19,tp,filled,1782903180078
784,S,0,1782876600,4005.72,4000.81,1782876900,1782877500,3997.35,4000.90,0,1782914451724,1782914400,122,610,2,1,,,,,,,,,,,0,,,,,,,,,,,,,,,cancelled_second_break,1782914700000
775,S,0,1782859200,4022.78,4021.35,1782859200,1782859800,4020.85,4021.35,1,1782915530220,1782915480,172,923,2,1,,,,,,,,,,,0,,,,,,,,,,,,,,,cancelled_second_break,1782915720000
777,S,0,1782861000,4020.68,4019.14,1782861000,1782861600,4017.93,4019.14,1,1782915095519,1782915060,165,886,2,1,,,,,,,,,,,0,,,,,,,,,,,,,,,cancelled_second_break,1782915900000
783,S,0,1782875400,4009.78,4007.00,1782875400,1782876000,4006.63,4007.00,0,1782914601661,1782914580,127,638,1,0,,,,,,,,,,,0,,,,,,,,,,,,,,,cancelled_opposing_structure,1782916200000
774,S,0,1782856200,4032.48,4030.61,1782856200,1782856800,4029.43,4030.61,1,1782917039046,1782916980,187,998,2,1,,,,,,,,,,,0,,,,,,,,,,,,,,,cancelled_second_break,1782917880000
810,L,0,1782916200,4028.27,4023.23,1782916500,1782917100,4026.23,4028.71,0,1782918143225,1782918120,2,12,2,1,,,,,,,,,,,0,,,,,,,,,,,,,,,cancelled_second_break,1782918480000
811,L,0,1782918600,4024.70,4019.65,1782918600,1782919200,4024.70,4025.01,0,1782920316944,1782920280,2,13,0,0,,,,,,,,,,,0,,,,,,,,,,,,,,,cancelled_opposing_structure,1782921480000
812,S,0,1782920700,4027.65,4024.67,1782921000,1782921600,4024.91,4025.27,0,1782922546891,1782922500,2,10,2,1,,,,,,,,,,,0,,,,,,,,,,,,,,,cancelled_second_break,1782922860000
806,L,0,1782910500,3986.00,3983.49,1782910500,1782911100,3986.00,3987.00,0,1782911441337,1782911400,0,0,1,1,1782915480,1782915120,5766,,1782915420,4018.62,4021.53,1782915840,1782915900013,4024.70,1,3983.29,ob,3983.49,20,4107.52,0.02,1782915900013,4024.70,21,15,75,1782924340939,4107.54,tp,filled,1782915900013
766,S,0,1782841200,4053.61,4047.98,1782841200,1782841800,4047.58,4047.98,1,1782923405788,1782923400,259,1355,1,0,1782925380,1782925200,5795,,1782925200,4089.46,4089.64,,,,0,,,,,,,,,,,,,,,cancelled_opposing_structure,1782926640000
816,S,0,1782929700,4092.00,4085.19,1782929700,1782930300,4084.88,4085.19,0,1782931529376,1782931500,3,15,0,0,,,,,,,,,,,0,,,,,,,,,,,,,,,cancelled_opposing_structure,1782932820000
817,L,0,1782930600,4083.96,4077.92,1782930900,1782931500,4081.34,4081.51,0,1782931947738,1782931920,0,2,0,0,1782932760,1782932280,5815,,1782932700,4086.41,4086.49,,,,0,,,,,,,,,,,,,,,cancelled_opposing_structure,1782933540000
819,L,0,1782942600,4062.18,4057.92,1782942900,1782943500,4062.54,4064.19,0,1782944348391,1782944340,1,9,2,1,,,,,,,,,,,0,,,,,,,,,,,,,,,cancelled_second_break,1782945180000
815,S,0,1782928500,4095.00,4089.09,1782928800,1782929400,4086.43,4088.24,0,1782929729764,1782929700,0,0,0,0,1782930180,1782929820,5809,,1782930120,4080.97,4084.17,1782930300,1782930360052,4080.42,1,4095.44,ob,4095.00,20,4050.38,0.06,1782930360052,4080.42,23,2,11,1782946226320,4050.38,tp,filled,1782930360052
822,S,0,1782948300,4039.16,4036.97,1782948300,1782948900,4036.60,4036.97,0,1782954163291,1782954120,4,82,2,1,,,,,,,,,,,0,,,,,,,,,,,,,,,cancelled_second_break,1782954360000
824,L,0,1782954900,4037.60,4034.89,1782954900,1782955500,4037.60,4037.67,0,1782955811575,1782955800,0,0,0,0,1782957540,1782957300,5879,,1782957360,4043.47,4043.53,1782957660,,,0,,,,,,,,,,,,,,,cancelled_opposing_structure,1782958440000
825,L,0,1782955800,4038.73,4036.98,1782955800,1782956400,4038.73,4039.07,0,1782958422663,1782958380,5,28,1,0,,,,,,,,,,,0,,,,,,,,,,,,,,,cancelled_opposing_structure,1782959100000
826,S,0,1782959400,4040.50,4037.19,1782959400,1782960000,4036.49,4037.19,0,1782961565862,1782961560,4,21,2,1,,,,,,,,,,,0,,,,,,,,,,,,,,,cancelled_second_break,1782962400000
823,L,0,1782950100,4032.76,4030.27,1782950100,1782954300,4032.76,4035.43,0,1782961255215,1782961200,22,110,0,0,1782962640,1782962340,5892,,1782962580,4044.98,4046.13,1782962400,,,0,,,,,,,,,,,,,,,cancelled_opposing_structure,1782963660000
821,S,0,1782944700,4059.63,4056.70,1782945000,1782945600,4055.86,4056.08,0,1782964818339,1782964800,51,315,2,1,,,,,,,,,,,0,,,,,,,,,,,,,,,cancelled_second_break,1782964920000
820,S,0,1782943500,4068.30,4064.19,1782943800,1782944400,4062.31,4064.41,0,1782964929013,1782964920,55,337,0,0,1782969000,1782968700,5913,,1782968940,4043.52,4043.85,1782965940,,,0,,,,,,,,,,,,,,,cancelled_opposing_structure,1782970980000
830,S,0,1782967800,4055.34,4051.63,1782967800,1782968400,4051.11,4051.63,0,1782969363375,1782969360,2,11,1,0,,,,,,,,,,,0,,,,,,,,,,,,,,,cancelled_opposing_structure,1782970980000
828,L,0,1782963600,4043.08,4038.07,1782963600,1782964200,4043.08,4049.45,0,1782968739687,1782968700,14,70,0,0,1782971820,1782971580,5925,,1782971760,4058.39,4059.39,1782971280,,,0,,,,,,,,,,,,,,,cancelled_opposing_structure,1782972660000
829,S,0,1782965400,4067.87,4064.22,1782965400,1782966000,4061.11,4064.22,0,1782973626853,1782973620,24,122,0,0,,,,,,,,,,,0,,,,,,,,,,,,,,,cancelled_opposing_structure,1782974580000
818,S,0,1782940200,4070.72,4067.24,1782940200,1782940800,4067.07,4067.24,0,1782943716683,1782943680,8,43,0,0,1782946560,1782946320,5859,,1782946500,4037.88,4039.25,1782946800,1782946860042,4035.62,1,4071.16,ob,4070.72,20,3964.54,0.02,1782946860042,4035.62,26,19,96,1782975148379,4071.31,sl,filled,1782946860042
833,S,0,1782975600,4072.75,4069.61,1782975900,1782976500,4070.42,4070.52,0,1782982820195,1782982800,20,100,2,1,,,,,,,,,,,0,,,,,,,,,,,,,,,cancelled_second_break,1782983040000
834,S,0,1782978600,4065.15,4061.99,1782978600,1782979200,4061.23,4061.99,0,1782980684404,1782980640,3,19,1,0,1782982140,1782981900,5961,,,,,,,,0,,,,,,,,,,,,,,,cancelled_opposing_structure,1782984120000
836,L,0,1782983400,4071.96,4068.03,1782983400,1782984000,4071.96,4074.12,0,1782985146810,1782985140,2,14,2,1,,,,,,,,,,,0,,,,,,,,,,,,,,,cancelled_second_break,1782985620000
837,S,0,1782984600,4076.77,4073.50,1782984600,1782985200,4072.89,4073.50,0,1782985797748,1782985740,0,4,0,0,,,,,,,,,,,0,,,,,,,,,,,,,,,cancelled_opposing_structure,1782986280000
835,L,0,1782981900,4065.09,4059.91,1782982200,1782982800,4064.86,4066.04,0,1782987566594,1782987540,14,74,0,0,,,,,,,,,,,0,,,,,,,,,,,,,,,cancelled_opposing_structure,1782988020000
839,S,0,1782986700,4072.19,4067.64,1782987000,1782987600,4067.16,4067.22,0,1782988726556,1782988680,2,13,2,1,1782990000,1782989880,5983,,1782989940,4064.19,4064.43,,,,0,,,,,,,,,,,,,,,cancelled_second_break,1782990660000
838,S,0,1782986100,4076.45,4072.32,1782986100,1782986700,4072.19,4072.32,0,1782987018347,1782987000,0,0,0,0,1782990000,1782989880,5983,,1782989940,4064.19,4064.43,1782988200,,,0,,,,,,,,,,,,,,,cancelled_opposing_structure,1782991320000
840,S,0,1782988800,4075.51,4070.27,1782989100,1782989700,4066.87,4067.42,0,1782990544368,1782990540,1,9,0,0,,,,,,,,,,,0,,,,,,,,,,,,,,,cancelled_opposing_structure,1782991320000
842,L,0,1782990600,4074.17,4068.53,1782990900,1782991500,4073.23,4073.25,0,1782991805817,1782991800,0,0,1,0,1782994680,1782994560,5999,,1782994560,4071.19,4071.61,1782994800,,,0,,,,,,,,,,,,,,,cancelled_opposing_structure,1782995700000
841,L,0,1782989700,4066.87,4063.60,1782990000,1782990600,4066.70,4068.53,0,1782995113423,1782995100,14,70,0,0,,,,,,,,,,,0,,,,,,,,,,,,,,,cancelled_opposing_structure,1782995700000
845,L,0,1782995400,4068.04,4063.96,1782995700,1782996300,4067.49,4068.33,0,1782996736548,1782996720,0,2,2,1,,,,,,,,,,,0,,,,,,,,,,,,,,,cancelled_second_break,1782997500000
843,S,0,1782993000,4078.66,4073.16,1782993300,1782993900,4075.79,4075.81,0,1782994746375,1782994740,1,9,0,0,1783000920,1783000740,6021,,1783000860,4061.80,4063.03,,,,0,,,,,,,,,,,,,,,cancelled_opposing_structure,1783003440000
844,S,0,1782994200,4072.63,4070.38,1782994500,1782995100,4067.85,4069.39,0,1782996144974,1782996120,2,12,0,0,1783000920,1783000740,6021,,1783000860,4061.80,4063.03,,,,0,,,,,,,,,,,,,,,cancelled_opposing_structure,1783003440000
846,S,0,1782996000,4072.17,4065.65,1782996300,1782996900,4067.09,4068.33,0,1782997216791,1782997200,0,0,0,0,1783000920,1783000740,6021,,1783000860,4061.80,4063.03,,,,0,,,,,,,,,,,,,,,cancelled_opposing_structure,1783003440000
847,S,0,1783000500,4068.08,4062.39,1783000500,1783001100,4060.74,4062.39,0,1783001551222,1783001520,0,2,1,0,,,,,,,,,,,0,,,,,,,,,,,,,,,cancelled_opposing_structure,1783003440000
849,L,0,1783002600,4067.09,4064.23,1783002900,1783003500,4067.21,4068.01,0,1783004268729,1783004220,1,7,2,1,,,,,,,,,,,0,,,,,,,,,,,,,,,cancelled_second_break,1783004580000
832,L,0,1782970200,4053.99,4047.73,1782970500,1782971100,4054.03,4054.43,0,1782981201703,1782981180,32,163,0,0,1782981420,1782981180,5957,,1782981360,4058.12,4063.39,1782981660,1782981720017,4063.79,1,4047.53,ob,4047.73,20,4096.31,0.06,1782981720017,4063.79,28,34,172,1783006213183,4097.82,tp,filled,1782981720017
568,S,0,1782263400,4113.81,4112.17,1782263400,1782264000,4112.03,4112.17,1,1782927318967,1782927300,1574,11050,0,0,1782930180,1782929820,5809,5812,1782930120,4080.97,4084.17,1782930780,1782930840028,4078.81,1,4114.25,ob,4113.81,20,4007.93,0.02,1782930840028,4078.81,24,1585,11109,1783006242317,4114.33,sl,filled,1782930840028
805,L,0,1782909600,3982.55,3979.30,1782909600,1782910200,3982.55,3983.09,0,1782911922752,1782911880,4,23,0,0,1782915480,1782915120,5766,,1782915420,4018.62,4021.53,1782915660,1782915720007,4026.08,1,3979.10,ob,3979.30,20,4120.04,0.02,1782915720007,4026.08,20,17,87,1783006245651,4120.19,tp,filled,1782915720007
850,S,0,1783003500,4072.26,4068.01,1783003800,1783004400,4066.81,4069.62,0,1783004716165,1783004700,0,0,2,1,,,,,,,,,,,0,,,,,,,,,,,,,,,cancelled_second_break,1783006260000
814,S,0,1782927000,4111.28,4098.36,1782927300,1782927900,4095.09,4105.62,0,1783006213637,1783006200,248,1300,2,1,,,,,,,,,,,0,,,,,,,,,,,,,,,cancelled_second_break,1783006380000
851,S,0,1783004700,4073.53,4066.74,1783004700,1783005300,4064.82,4066.74,0,1783005626731,1783005600,0,0,1,0,,,,,,,,,,,0,,,,,,,,,,,,,,,cancelled_opposing_structure,1783006440000
565,S,0,1782254100,4124.28,4121.36,1782254100,1782254700,4121.20,4121.36,1,1783006260416,1783006260,1844,12521,2,1,,,,,,,,,,,0,,,,,,,,,,,,,,,cancelled_second_break,1783006740000
853,L,0,1783009500,4117.08,4109.42,1783009500,1783010100,4117.08,4127.11,0,1783013263283,1783013220,9,47,0,0,1783014540,1783014480,6064,,1783014480,4118.42,4122.51,1783014780,1783014840032,4123.83,1,4109.22,ob,4109.42,20,4153.05,0.07,1783014840032,4123.83,32,14,74,1783020630557,4109.02,sl,filled,1783014840032
856,L,0,1783020600,4116.35,4102.23,1783020900,1783021500,4110.72,4114.01,0,1783021810485,1783021800,0,0,0,0,,,,,,,,,,,0,,,,,,,,,,,,,,,cancelled_opposing_structure,1783022760000
855,S,0,1783019700,4123.85,4120.94,1783019700,1783020300,4119.29,4120.94,0,1783026474952,1783026420,19,97,1,0,,,,,,,,,,,0,,,,,,,,,,,,,,,cancelled_opposing_structure,1783027860000
858,S,0,1783026300,4122.95,4114.06,1783026600,1783027200,4118.21,4118.60,0,1783027500112,1783027500,0,0,2,1,,,,,,,,,,,0,,,,,,,,,,,,,,,cancelled_second_break,1783027860000
859,L,0,1783026900,4120.37,4115.60,1783027200,1783027800,4118.21,4122.88,0,1783028802558,1783028760,2,11,0,0,,,,,,,,,,,0,,,,,,,,,,,,,,,cancelled_opposing_structure,1783029900000
860,S,0,1783027800,4126.99,4122.88,1783028100,1783028700,4122.20,4124.10,0,1783029035050,1783029000,0,0,0,0,1783029780,1783029600,6111,6114,1783029720,4120.20,4122.13,,,,0,,,,,,,,,,,,,,,cancelled_opposing_structure,1783032600000
861,S,0,1783029300,4122.93,4120.77,1783029300,1783029900,4119.62,4120.77,0,1783032780148,1783032780,8,43,2,1,,,,,,,,,,,0,,,,,,,,,,,,,,,cancelled_second_break,1783032960000
863,L,0,1783033800,4121.85,4119.78,1783033800,1783034400,4121.85,4121.97,0,1783035549037,1783035540,2,14,2,1,,,,,,,,,,,0,,,,,,,,,,,,,,,cancelled_second_break,1783036380000
864,S,0,1783034700,4124.18,4123.06,1783035000,1783035600,4122.49,4123.01,0,1783036642104,1783036620,2,12,2,1,1783041240,1783041000,6127,,,,,,,,0,,,,,,,,,,,,,,,cancelled_second_break,1783041360000
866,L,0,1783043400,4124.00,4122.97,1783043400,1783044000,4124.00,4124.55,0,1783046300063,1783046280,6,33,2,1,,,,,,,,,,,0,,,,,,,,,,,,,,,cancelled_second_break,1783046580000
854,S,0,1783012500,4136.10,4126.98,1783012500,1783013100,4124.33,4126.98,0,1783014963365,1783014960,5,26,0,0,1783019220,1783018800,6078,,1783019040,4125.30,4125.62,1783019340,1783019400006,4122.58,1,4136.53,ob,4136.10,20,4094.68,0.07,1783019400006,4122.58,33,20,100,1783048449481,4136.66,sl,filled,1783019400006
857,L,0,1783025700,4110.10,4105.74,1783025700,1783026300,4110.10,4114.06,0,1783030945499,1783030920,14,72,0,0,1783040400,1783036200,6123,,1783036620,4124.21,4124.87,1783040820,1783040881883,4125.40,1,4105.54,ob,4105.74,20,4165.12,0.05,1783040881883,4125.40,35,35,238,1783051673414,4165.16,tp,filled,1783040881883
534,S,0,1782188400,4180.20,4170.88,1782188700,1782189300,4170.40,4176.73,1,1783051711465,1783051680,2201,14368,2,1,1783053660,1783053300,6164,,1783053360,4186.98,4188.77,,,,0,,,,,,,,,,,,,,,cancelled_second_break,1783053840000
869,S,0,1783053000,4193.31,4182.48,1783053300,1783053900,4182.81,4184.52,0,1783054702080,1783054680,1,8,0,0,1783055880,1783055820,6174,,1783055820,4178.38,4179.68,,,,0,,,,,,,,,,,,,,,cancelled_opposing_structure,1783057200000
870,L,0,1783062000,4176.57,4173.24,1783062000,1783062600,4176.57,4177.35,0,1783063851283,1783063800,3,15,0,0,1783065840,1783065780,6208,,1783065780,4178.22,4179.81,,,,0,,,,,,,,,,,,,,,cancelled_opposing_structure,1783066860000
871,L,0,1783065000,4176.44,4174.56,1783065000,1783065600,4176.44,4176.98,0,1783066602772,1783066560,2,11,2,1,,,,,,,,,,,0,,,,,,,,,,,,,,,cancelled_second_break,1783067040000
874,S,0,1783073100,4180.46,4174.76,1783073100,1783073700,4174.67,4174.76,0,1783074507596,1783074480,1,8,0,0,,,,,,,,,,,0,,,,,,,,,,,,,,,cancelled_opposing_structure,1783075020000
876,S,0,1783075500,4181.06,4178.77,1783075500,1783076100,4178.70,4178.77,0,1783076401289,1783076400,0,0,2,1,,,,,,,,,,,0,,,,,,,,,,,,,,,cancelled_second_break,1783076580000
877,L,0,1783076100,4178.70,4174.80,1783076100,1783076700,4178.70,4181.60,0,1783079308715,1783079280,7,38,0,0,,,,,,,,,,,0,,,,,,,,,,,,,,,cancelled_opposing_structure,1783080660000
873,L,0,1783072500,4174.34,4170.83,1783072500,1783073100,4174.34,4174.76,0,1783073581271,1783073580,0,3,1,1,1783076520,1783076340,6242,,1783076460,4181.82,4182.53,1783076640,1783076700091,4183.28,1,4170.63,ob,4170.83,20,4208.58,0.08,1783076700091,4183.28,39,11,55,1783081859209,4170.63,sl,filled,1783076700091
875,L,0,1783073700,4174.67,4170.93,1783074000,1783074600,4173.57,4173.82,0,1783081422141,1783081380,21,108,2,1,,,,,,,,,,,0,,,,,,,,,,,,,,,cancelled_second_break,1783082040000
879,S,0,1783080600,4180.36,4175.84,1783080900,1783081500,4174.22,4175.39,0,1783083722338,1783083720,6,32,2,1,,,,,,,,,,,0,,,,,,,,,,,,,,,cancelled_second_break,1783084920000
881,S,0,1783084500,4180.32,4178.02,1783084800,1783085400,4179.00,4179.39,0,1783086310000,1783086300,2,10,0,0,1783086480,1783086300,6275,,1783086420,4175.85,4176.33,,,,0,,,,,,,,,,,,,,,cancelled_opposing_structure,1783087500000
878,S,0,1783078800,4184.33,4180.62,1783078800,1783079400,4180.06,4180.62,0,1783079751046,1783079700,0,0,0,0,1783080960,1783080900,6257,,1783080900,4176.45,4178.86,1783081140,1783081200090,4175.94,1,4184.77,ob,4184.33,20,4158.28,0.11,1783081200090,4175.94,40,5,25,1783088140923,4184.77,sl,filled,1783081200090
880,L,0,1783083300,4175.01,4171.90,1783083300,1783083900,4175.01,4175.80,0,1783086526559,1783086480,7,38,0,0,1783088580,1783088520,6284,,1783088520,4184.79,4184.86,1783088700,1783088760391,4185.29,1,4171.70,ob,4171.90,20,4212.47,0.07,1783088760391,4185.29,43,15,76,1783094736211,4171.68,sl,filled,1783088760391
883,S,0,1783091100,4183.16,4178.35,1783091100,1783091700,4178.27,4178.35,0,1783094406193,1783094400,8,40,0,0,1783094700,1783094400,6301,6304,1783094640,4172.02,4172.47,,,,0,,,,,,,,,,,,,,,cancelled_opposing_structure,1783096140000
872,L,0,1783070400,4167.16,4162.98,1783070700,1783071300,4166.49,4168.41,0,1783094969134,1783094940,77,389,0,0,1783096020,1783095840,6305,,1783095900,4170.09,4170.66,,,,0,,,,,,,,,,,,,,,cancelled_opposing_structure,1783097280000
885,S,0,1783095900,4172.21,4169.31,1783095900,1783096500,4168.60,4169.31,0,1783101463216,1783101420,15,77,0,0,,,,,,,,,,,0,,,,,,,,,,,,,,,cancelled_opposing_structure,1783101960000
884,S,0,1783094100,4177.32,4172.27,1783094400,1783095000,4168.94,4172.44,0,1783101841190,1783101840,21,109,0,0,,,,,,,,,,,0,,,,,,,,,,,,,,,cancelled_opposing_structure,1783102560000
887,S,0,1783104300,4168.90,4166.97,1783104600,1783105200,4165.50,4165.63,0,1783106673015,1783106640,3,19,2,1,,,,,,,,,,,0,,,,,,,,,,,,,,,cancelled_second_break,1783107600000
886,S,0,1783102200,4174.13,4170.89,1783102500,1783103100,4169.69,4170.87,0,1783107916282,1783107900,15,75,0,0,,,,,,,,,,,0,,,,,,,,,,,,,,,cancelled_opposing_structure,1783108380000
882,S,0,1783089600,4185.87,4184.75,1783089600,1783090200,4184.57,4184.75,0,1783299601425,1783299600,61,3485,1,0,1783300740,1783300260,6354,,1783300620,4179.14,4179.51,,,,0,,,,,,,,,,,,,,,cancelled_opposing_structure,1783301580000
533,S,0,1782186900,4193.80,4190.07,1782187200,1782187800,4189.38,4189.75,1,1783052672443,1783052640,2209,14409,0,0,1783054260,1783054140,6166,,1783054200,4177.02,4177.39,1783054380,1783054440090,4176.34,1,4194.24,ob,4193.80,20,4140.54,0.05,1783054440090,4176.34,38,2215,14439,1783304884849,4194.30,sl,filled,1783054440090
892,L,0,1783302300,4189.92,4184.09,1783302600,1783303200,4187.37,4188.17,0,1783303500189,1783303500,0,0,0,0,1783304880,1783304160,6362,,1783304820,4191.18,4200.09,1783305060,1783305120012,4201.16,1,4183.89,ob,4184.09,20,4235.70,0.05,1783305120012,4201.16,46,5,27,1783306037664,4183.69,sl,filled,1783305120012
891,L,0,1783300500,4181.96,4177.35,1783300800,1783301400,4182.51,4182.91,0,1783306040686,1783306020,14,72,1,0,,,,,,,,,,,0,,,,,,,,,,,,,,,cancelled_opposing_structure,1783306920000
890,L,0,1783108500,4176.39,4173.65,1783108500,1783299900,4176.39,4178.71,0,1783306885683,1783306860,22,111,2,1,,,,,,,,,,,0,,,,,,,,,,,,,,,cancelled_second_break,1783307280000
894,S,0,1783306500,4185.39,4181.82,1783306500,1783307100,4178.74,4181.82,0,1783308808805,1783308780,4,23,0,0,,,,,,,,,,,0,,,,,,,,,,,,,,,cancelled_opposing_structure,1783309260000
893,S,0,1783305300,4198.69,4193.45,1783305600,1783306200,4183.98,4196.35,0,1783312352286,1783312320,19,97,2,1,,,,,,,,,,,0,,,,,,,,,,,,,,,cancelled_second_break,1783312980000
896,L,0,1783311600,4190.54,4180.62,1783311900,1783312500,4189.73,4191.82,0,1783313686758,1783313640,2,14,0,0,,,,,,,,,,,0,,,,,,,,,,,,,,,cancelled_opposing_structure,1783314000000
895,L,0,1783308300,4178.26,4171.08,1783308300,1783308900,4178.26,4178.55,0,1783310316307,1783310280,3,18,0,0,1783312440,1783311780,6389,,1783312380,4193.26,4193.30,1783312560,1783312620011,4195.96,1,4170.88,ob,4171.08,20,4246.12,0.03,1783312620011,4195.96,48,11,57,1783316160935,4170.70,sl,filled,1783312620011
889,L,0,1783106700,4167.56,4166.07,1783106700,1783107300,4167.56,4167.98,0,1783317779069,1783317720,64,3502,1,0,,,,,,,,,,,0,,,,,,,,,,,,,,,cancelled_opposing_structure,1783318560000
888,L,0,1783105800,4165.77,4163.89,1783106100,1783106700,4165.00,4166.07,0,1783318445839,1783318440,68,3524,2,1,,,,,,,,,,,0,,,,,,,,,,,,,,,cancelled_second_break,1783319220000
897,S,0,1783319400,4167.49,4164.58,1783319700,1783320300,4165.15,4165.27,0,1783320947344,1783320900,1,5,0,0,1783323120,1783322880,6424,,1783323060,4159.80,4159.93,,,,0,,,,,,,,,,,,,,,cancelled_opposing_structure,1783324620000
868,L,0,1783050900,4151.01,4146.97,1783050900,1783051500,4151.01,4159.30,0,1783326105612,1783326060,278,4571,0,0,1783326480,1783326060,6438,,1783326240,4152.54,4152.61,1783326600,1783326660017,4154.57,1,4146.77,ob,4146.97,20,4170.17,0.12,1783326660017,4154.57,50,280,4581,1783328370487,4146.72,sl,filled,1783326660017
898,S,0,1783324500,4161.01,4158.23,1783324500,1783325100,4156.04,4158.23,0,1783326846054,1783326840,4,24,0,0,1783328160,1783328040,6443,6447,1783328100,4153.07,4154.21,,,,0,,,,,,,,,,,,,,,cancelled_opposing_structure,1783329900000
899,S,0,1783327800,4156.89,4153.75,1783327800,1783328400,4150.85,4153.75,0,1783329943853,1783329900,4,20,2,1,,,,,,,,,,,0,,,,,,,,,,,,,,,cancelled_second_break,1783330320000
900,L,0,1783329300,4152.00,4147.85,1783329300,1783329900,4152.00,4152.21,0,1783331647744,1783331640,4,24,0,0,,,,,,,,,,,0,,,,,,,,,,,,,,,cancelled_opposing_structure,1783332540000
901,L,0,1783332300,4152.96,4147.98,1783332600,1783333200,4151.05,4151.61,0,1783333560563,1783333560,0,1,0,0,1783333920,1783333800,6459,6462,1783333860,4155.41,4155.49,,,,0,,,,,,,,,,,,,,,cancelled_opposing_structure,1783335900000
902,L,0,1783333500,4154.63,4151.45,1783333500,1783334100,4154.63,4155.72,0,1783336610953,1783336560,7,36,1,0,,,,,,,,,,,0,,,,,,,,,,,,,,,cancelled_opposing_structure,1783337880000
906,L,0,1783338300,4150.36,4147.11,1783338300,1783338900,4150.36,4150.39,0,1783339203349,1783339200,0,0,0,0,,,,,,,,,,,0,,,,,,,,,,,,,,,cancelled_opposing_structure,1783340280000
905,S,0,1783337100,4156.83,4154.18,1783337400,1783338000,4153.39,4153.76,0,1783344881204,1783344840,21,109,0,0,1783346640,1783346400,6498,,1783346400,4153.62,4154.06,1783346820,1783346880195,4153.08,1,4157.26,ob,4156.83,20,4144.72,0.23,1783346880195,4153.08,53,28,143,1783347472627,4157.26,sl,filled,1783346880195
908,L,0,1783344300,4150.76,4148.37,1783344300,1783344900,4150.76,4152.46,0,1783351284848,1783351260,20,101,2,1,,,,,,,,,,,0,,,,,,,,,,,,,,,cancelled_second_break,1783351500000
867,L,0,1783050000,4139.13,4134.05,1783050000,1783050600,4139.13,4139.90,0,1783341039132,1783341000,331,4835,0,0,1783342260,1783341900,6482,,1783342140,4140.43,4142.38,1783342380,1783342440033,4143.04,1,4133.85,ob,4134.05,20,4161.42,0.10,1783342440033,4143.04,52,335,4859,1783352528188,4133.82,sl,filled,1783342440033
907,L,0,1783341600,4141.60,4139.42,1783341900,1783342500,4141.20,4141.90,0,1783352164337,1783352160,31,156,2,1,,,,,,,,,,,0,,,,,,,,,,,,,,,cancelled_second_break,1783352820000
909,S,0,1783353900,4148.37,4142.80,1783353900,1783354500,4142.32,4142.80,0,1783354908563,1783354860,0,1,1,0,,,,,,,,,,,0,,,,,,,,,,,,,,,cancelled_opposing_structure,1783355700000
910,S,0,1783359000,4141.24,4133.58,1783359300,1783359900,4134.44,4136.01,0,1783360201208,1783360200,0,0,0,0,,,,,,,,,,,0,,,,,,,,,,,,,,,cancelled_opposing_structure,1783360680000
911,L,0,1783361400,4144.64,4138.19,1783361700,1783362300,4142.97,4143.52,0,1783364496980,1783364460,6,31,0,0,,,,,,,,,,,0,,,,,,,,,,,,,,,cancelled_opposing_structure,1783365180000
912,S,0,1783362900,4151.22,4147.14,1783363200,1783363800,4148.13,4148.74,0,1783364187944,1783364160,0,1,0,0,1783364460,1783364340,6556,,1783364400,4144.84,4145.76,1783364700,1783364760038,4143.74,1,4151.66,ob,4151.22,20,4127.90,0.12,1783364760038,4143.74,56,2,11,1783367424216,4151.68,sl,filled,1783364760038
904,S,0,1783335900,4162.81,4160.29,1783335900,1783336500,4158.62,4160.29,0,1783371109481,1783371060,114,571,0,0,,,,,,,,,,,0,,,,,,,,,,,,,,,cancelled_opposing_structure,1783371480000
915,S,0,1783371300,4161.56,4158.93,1783371300,1783371900,4157.54,4158.93,0,1783372509524,1783372500,1,5,2,1,,,,,,,,,,,0,,,,,,,,,,,,,,,cancelled_second_break,1783373100000
917,L,0,1783373100,4163.06,4161.19,1783373100,1783373700,4163.06,4163.55,0,1783374172245,1783374120,0,2,0,0,,,,,,,,,,,0,,,,,,,,,,,,,,,cancelled_opposing_structure,1783374840000
920,S,0,1783376700,4163.26,4161.56,1783377000,1783377600,4161.21,4161.44,0,1783377920372,1783377900,0,0,2,1,,,,,,,,,,,0,,,,,,,,,,,,,,,cancelled_second_break,1783378260000
918,S,0,1783374900,4164.19,4162.45,1783374900,1783375500,4162.11,4162.45,0,1783376463626,1783376460,2,11,0,0,1783377300,1783377240,6593,,1783377240,4160.68,4161.73,1783377780,1783377840148,4160.37,1,4164.62,ob,4164.19,20,4151.87,0.22,1783377840148,4160.37,59,6,34,1783378368151,4164.66,sl,filled,1783377840148
919,L,0,1783375800,4160.95,4159.01,1783376100,1783376700,4161.16,4161.56,0,1783377306287,1783377300,1,5,0,0,1783378140,1783377540,6594,,1783378080,4162.87,4162.89,,,,0,,,,,,,,,,,,,,,cancelled_opposing_structure,1783379700000
921,L,0,1783377300,4162.03,4159.75,1783377600,1783378200,4161.21,4162.89,0,1783378516535,1783378500,0,0,0,0,,,,,,,,,,,0,,,,,,,,,,,,,,,cancelled_opposing_structure,1783379700000
922,S,0,1783378500,4163.75,4161.38,1783378800,1783379400,4161.98,4162.46,0,1783379913513,1783379880,0,3,2,1,,,,,,,,,,,0,,,,,,,,,,,,,,,cancelled_second_break,1783381200000
903,S,0,1783335300,4165.21,4163.15,1783335300,1783335900,4162.81,4163.15,0,1783373598138,1783373580,124,623,1,1,1783375440,1783375200,6588,,1783375380,4162.11,4162.21,1783376460,1783376520051,4161.71,1,4165.82,pivot,4165.39,20,4153.49,0.22,1783376520051,4161.71,58,134,672,1783386060091,4166.79,sl,filled,1783376520051
923,L,0,1783379400,4161.98,4161.00,1783379700,1783380300,4161.62,4161.80,0,1783392030732,1783392000,26,190,1,0,,,,,,,,,,,0,,,,,,,,,,,,,,,cancelled_opposing_structure,1783393020000
916,L,0,1783371900,4157.54,4155.42,1783371900,1783372500,4157.54,4158.17,0,1783393063283,1783393020,55,337,1,0,,,,,,,,,,,0,,,,,,,,,,,,,,,cancelled_opposing_structure,1783393980000
914,L,0,1783366800,4150.26,4148.29,1783367100,1783367700,4150.15,4152.87,0,1783395609207,1783395600,80,460,2,1,,,,,,,,,,,0,,,,,,,,,,,,,,,cancelled_second_break,1783396800000
913,L,0,1783365000,4144.61,4140.39,1783365300,1783365900,4143.84,4143.92,0,1783396802706,1783396800,90,510,2,1,,,,,,,,,,,0,,,,,,,,,,,,,,,cancelled_second_break,1783397460000
924,S,0,1783392300,4163.73,4161.33,1783392600,1783393200,4157.53,4161.30,0,1783395018439,1783395000,5,25,0,0,1783395240,1783395000,6634,,1783395180,4156.88,4158.78,1783395360,1783395420043,4154.28,1,4164.17,ob,4163.73,20,4134.50,0.09,1783395420043,4154.28,62,6,32,1783398038373,4134.49,tp,filled,1783395420043
927,S,0,1783397400,4142.79,4137.82,1783397400,1783398000,4136.95,4137.82,0,1783398646359,1783398600,1,5,0,0,1783398600,1783397700,6640,,1783397700,4136.83,4138.35,,,,0,,,,,,,,,,,,,,,cancelled_opposing_structure,1783399500000
929,L,0,1783398900,4140.46,4137.69,1783398900,1783399500,4140.46,4142.08,0,1783400472756,1783400460,2,11,2,1,1783401900,1783401720,6651,,1783401840,4143.46,4143.96,,,,0,,,,,,,,,,,,,,,cancelled_second_break,1783403340000
931,L,0,1783403400,4136.85,4131.33,1783403700,1783404300,4137.12,4137.32,0,1783404884603,1783404840,0,4,0,0,,,,,,,,,,,0,,,,,,,,,,,,,,,cancelled_opposing_structure,1783405620000
928,L,0,1783398300,4134.78,4125.77,1783398300,1783398900,4134.78,4137.69,0,1783403349865,1783403340,13,69,0,0,1783404060,1783403880,6657,6659,1783404000,4136.89,4137.14,1783404780,1783404840003,4137.84,1,4125.57,ob,4125.77,20,4162.38,0.07,1783404840003,4137.84,64,18,94,1783406935087,4125.16,sl,filled,1783404840003
930,S,0,1783402500,4144.22,4138.02,1783402800,1783403400,4136.85,4138.79,0,1783404131050,1783404120,1,7,0,0,1783406580,1783406100,6662,6666,1783406460,4130.23,4131.93,,,,0,,,,,,,,,,,,,,,cancelled_opposing_structure,1783407480000
932,S,0,1783405800,4134.08,4130.76,1783406100,1783406700,4129.61,4132.02,0,1783407476733,1783407420,1,7,2,1,,,,,,,,,,,0,,,,,,,,,,,,,,,cancelled_second_break,1783409220000
933,L,0,1783406700,4129.61,4124.39,1783407000,1783407600,4128.05,4130.35,0,1783409427214,1783409400,5,25,0,0,,,,,,,,,,,0,,,,,,,,,,,,,,,cancelled_opposing_structure,1783410660000
865,L,0,1783035900,4120.78,4119.60,1783035900,1783036500,4120.78,4121.39,0,1783413215582,1783413180,594,6273,1,0,,,,,,,,,,,0,,,,,,,,,,,,,,,cancelled_opposing_structure,1783413720000
934,S,0,1783407900,4140.13,4132.76,1783408200,1783408800,4134.40,4136.29,0,1783409100151,1783409100,0,0,0,0,1783413540,1783413420,6684,,1783413480,4120.06,4120.84,1783412280,,,0,,,,,,,,,,,,,,,cancelled_opposing_structure,1783414500000
935,S,0,1783408800,4134.40,4130.83,1783409100,1783409700,4130.97,4131.35,0,1783410045515,1783410000,0,0,0,0,1783413540,1783413420,6684,,1783413480,4120.06,4120.84,1783412280,,,0,,,,,,,,,,,,,,,cancelled_opposing_structure,1783414500000
936,S,0,1783410300,4131.23,4128.71,1783410300,1783410900,4127.97,4128.71,0,1783411500798,1783411500,1,5,0,0,1783411980,1783411860,6679,,1783411920,4124.79,4125.23,1783412280,1783412340023,4124.12,1,4131.76,pivot,4131.33,20,4108.84,0.12,1783412340023,4124.12,66,3,19,1783417226876,4131.77,sl,filled,1783412340023
937,S,0,1783418100,4131.20,4128.90,1783418100,1783418700,4127.66,4128.90,0,1783419170361,1783419120,0,2,1,0,,,,,,,,,,,0,,,,,,,,,,,,,,,cancelled_opposing_structure,1783421220000
938,L,0,1783418700,4127.66,4124.60,1783418700,1783419300,4127.66,4128.42,0,1783419813566,1783419780,0,3,0,0,1783422600,1783422480,6718,6720,1783422540,4130.52,4131.60,,,,0,,,,,,,,,,,,,,,cancelled_opposing_structure,1783424160000
939,L,0,1783421700,4126.85,4124.48,1783421700,1783422300,4126.85,4127.53,0,1783425123911,1783425120,8,42,2,1,1783426680,1783426380,6730,,1783426500,4128.30,4128.38,,,,0,,,,,,,,,,,,,,,cancelled_second_break,1783427280000
940,S,0,1783423500,4138.71,4136.13,1783423500,1783424100,4134.85,4136.13,0,1783430339119,1783430280,19,98,0,0,,,,,,,,,,,0,,,,,,,,,,,,,,,cancelled_opposing_structure,1783430880000
943,S,0,1783431300,4136.51,4135.13,1783431600,1783432200,4135.53,4135.59,0,1783432500005,1783432500,0,0,1,0,1783433100,1783432980,6753,,1783433040,4133.76,4134.11,,,,0,,,,,,,,,,,,,,,cancelled_opposing_structure,1783435020000
926,S,0,1783396200,4153.46,4150.51,1783396200,1783396800,4147.99,4150.51,0,1783435539246,1783435500,128,640,0,0,,,,,,,,,,,0,,,,,,,,,,,,,,,cancelled_opposing_structure,1783436280000
942,L,0,1783428300,4133.09,4127.43,1783428600,1783429200,4130.29,4131.11,0,1783429500100,1783429500,0,0,0,0,1783430280,1783430100,6741,,1783430220,4134.90,4135.93,1783430460,1783430520042,4136.50,1,4127.23,ob,4127.43,20,4155.04,0.09,1783430520042,4136.50,68,3,17,1783436388239,4156.01,tp,filled,1783430520042
941,L,0,1783427100,4128.47,4119.81,1783427400,1783428000,4128.14,4129.29,0,1783428440524,1783428420,0,2,0,0,1783430280,1783430100,6741,,1783430220,4134.90,4135.93,1783430520,1783430580115,4136.60,1,4119.61,ob,4119.81,20,4170.58,0.05,1783430580115,4136.60,69,7,38,1783436993139,4170.68,tp,filled,1783430580115
925,S,0,1783394700,4160.28,4157.03,1783395000,1783395600,4151.13,4156.67,0,1783436388357,1783436340,134,674,1,0,1783438860,1783438800,6768,,,,,,,,0,,,,,,,,,,,,,,,cancelled_opposing_structure,1783439940000
946,L,0,1783440300,4167.09,4162.03,1783440300,1783440900,4167.09,4168.17,0,1783441487828,1783441440,0,4,2,1,1783442100,1783441860,6781,,1783442040,4170.54,4171.39,,,,0,,,,,,,,,,,,,,,cancelled_second_break,1783443480000
945,L,0,1783434300,4145.29,4142.68,1783434600,1783435200,4144.03,4144.86,0,1783446113807,1783446060,35,176,0,0,1783446240,1783446120,6796,6799,1783446180,4150.98,4151.96,,,,0,,,,,,,,,,,,,,,cancelled_opposing_structure,1783447260000
948,L,0,1783445700,4151.43,4147.00,1783445700,1783446300,4151.43,4151.96,0,1783447227481,1783447200,2,10,0,0,,,,,,,,,,,0,,,,,,,,,,,,,,,cancelled_opposing_structure,1783448100000
952,L,0,1783453800,4146.62,4144.31,1783454100,1783454700,4145.08,4145.27,0,1783455000104,1783455000,0,0,2,1,,,,,,,,,,,0,,,,,,,,,,,,,,,cancelled_second_break,1783455180000
953,S,0,1783454400,4145.99,4144.06,1783454700,1783455300,4143.24,4145.27,0,1783455847821,1783455840,0,4,2,1,,,,,,,,,,,0,,,,,,,,,,,,,,,cancelled_second_break,1783456260000
954,L,0,1783455300,4143.24,4140.59,1783455300,1783455900,4143.24,4143.94,0,1783457633747,1783457580,4,23,0,0,,,,,,,,,,,0,,,,,,,,,,,,,,,cancelled_opposing_structure,1783458300000
951,L,0,1783450200,4143.29,4137.60,1783450500,1783451100,4139.07,4139.22,0,1783451400019,1783451400,0,0,0,0,1783451940,1783451460,6813,,1783451880,4142.99,4143.60,1783452060,1783452120085,4143.95,1,4137.40,ob,4137.60,20,4157.05,0.14,1783452120085,4143.95,72,2,12,1783459999945,4137.37,sl,filled,1783452120085
950,S,0,1783449600,4148.34,4144.13,1783449600,1783450200,4143.29,4144.13,0,1783451971648,1783451940,4,24,0,0,1783453500,1783453380,6821,,1783453440,4142.16,4143.23,1783453620,1783453680088,4141.66,1,4148.77,ob,4148.34,20,4127.44,0.13,1783453680088,4141.66,73,10,53,1783461084074,4127.44,tp,filled,1783453680088
944,L,0,1783433100,4135.23,4131.83,1783433400,1783434000,4134.14,4139.61,0,1783460956890,1783460940,88,444,2,1,,,,,,,,,,,0,,,,,,,,,,,,,,,cancelled_second_break,1783461120000
862,L,0,1783031700,4113.60,4111.05,1783032000,1783032600,4114.10,4115.65,0,1783462035293,1783462020,770,7152,2,1,,,,,,,,,,,0,,,,,,,,,,,,,,,cancelled_second_break,1783462200000
956,S,0,1783457700,4144.78,4143.51,1783457700,1783458300,4142.69,4143.51,0,1783459356917,1783459320,2,12,0,0,1783461960,1783461660,6846,6848,1783461900,4118.16,4118.91,,,,0,,,,,,,,,,,,,,,cancelled_opposing_structure,1783464900000
959,L,0,1783464000,4111.77,4108.27,1783464300,1783464900,4113.56,4113.91,0,1783466198263,1783466160,3,16,2,1,,,,,,,,,,,0,,,,,,,,,,,,,,,cancelled_second_break,1783466520000
958,L,0,1783462500,4105.78,4092.24,1783462800,1783463400,4102.86,4103.50,0,1783467411587,1783467360,12,61,0,0,1783468620,1783468500,6862,,,,,,,,0,,,,,,,,,,,,,,,cancelled_opposing_structure,1783472640000
961,S,0,1783474500,4102.66,4099.91,1783474800,1783475400,4100.17,4100.35,0,1783476255472,1783476240,1,9,2,1,,,,,,,,,,,0,,,,,,,,,,,,,,,cancelled_second_break,1783477140000
963,S,0,1783478100,4102.73,4100.32,1783478100,1783478700,4099.42,4100.32,0,1783479143962,1783479120,0,2,0,0,,,,,,,,,,,0,,,,,,,,,,,,,,,cancelled_opposing_structure,1783479900000
962,S,0,1783476600,4107.86,4104.43,1783476600,1783477200,4104.20,4104.43,0,1783477592508,1783477560,0,1,0,0,1783478580,1783478400,6880,,1783478520,4099.32,4099.92,1783478880,1783478940087,4098.57,1,4108.30,ob,4107.86,20,4079.11,0.09,1783478940087,4098.57,76,4,24,1783481661770,4108.35,sl,filled,1783478940087
960,S,0,1783466700,4110.95,4108.54,1783466700,1783467300,4107.48,4108.54,0,1783481693567,1783481640,34,234,2,1,,,,,,,,,,,0,,,,,,,,,,,,,,,cancelled_second_break,1783483260000
964,L,0,1783481100,4107.93,4104.04,1783481400,1783482000,4109.84,4121.33,0,1783483203869,1783483200,3,15,2,1,,,,,,,,,,,0,,,,,,,,,,,,,,,cancelled_second_break,1783483800000
968,L,0,1783487400,4118.04,4112.00,1783487700,1783488300,4116.56,4118.68,0,1783488650353,1783488600,0,0,0,0,,,,,,,,,,,0,,,,,,,,,,,,,,,cancelled_opposing_structure,1783489920000
965,S,0,1783482000,4126.72,4121.33,1783482300,1783482900,4118.36,4120.11,0,1783488192649,1783488180,16,83,0,0,1783490220,1783490040,6917,,1783490100,4115.03,4115.59,1783490340,1783490400088,4114.60,1,4127.16,ob,4126.72,20,4089.48,0.07,1783490400088,4114.60,79,24,120,1783490512785,4127.43,sl,filled,1783490400088
969,S,0,1783489200,4120.43,4118.08,1783489200,1783489800,4117.70,4118.08,0,1783490437935,1783490400,1,5,1,0,,,,,,,,,,,0,,,,,,,,,,,,,,,cancelled_opposing_structure,1783492020000
971,S,0,1783493100,4129.11,4125.87,1783493400,1783494000,4124.73,4126.75,0,1783494432603,1783494420,0,2,0,0,1783495020,1783494540,6929,,1783494840,4123.87,4124.03,,,,0,,,,,,,,,,,,,,,cancelled_opposing_structure,1783495920000
972,L,0,1783494900,4124.34,4120.59,1783494900,1783495500,4124.34,4124.79,0,1783496503204,1783496460,2,11,0,0,1783497600,1783497300,6938,,,,,,,,0,,,,,,,,,,,,,,,cancelled_opposing_structure,1783498920000
973,L,0,1783497000,4126.33,4124.04,1783497300,1783497900,4126.75,4127.87,0,1783498221355,1783498200,0,0,1,0,,,,,,,,,,,0,,,,,,,,,,,,,,,cancelled_opposing_structure,1783498920000
974,L,0,1783501200,4129.15,4123.44,1783501500,1783502100,4125.81,4128.83,0,1783502419630,1783502400,0,0,0,0,,,,,,,,,,,0,,,,,,,,,,,,,,,cancelled_opposing_structure,1783504740000
976,S,0,1783504200,4126.65,4124.67,1783504500,1783505100,4121.14,4123.46,0,1783506721928,1783506720,4,22,1,0,,,,,,,,,,,0,,,,,,,,,,,,,,,cancelled_opposing_structure,1783507500000
970,L,0,1783490100,4116.59,4113.42,1783490100,1783490700,4116.59,4122.32,0,1783505596225,1783505580,48,243,1,0,1783507440,1783506960,6967,,1783507380,4125.46,4125.79,,,,0,,,,,,,,,,,,,,,cancelled_opposing_structure,1783509420000
977,L,0,1783505700,4118.52,4114.93,1783506000,1783506600,4119.59,4120.04,0,1783506996747,1783506960,0,1,1,0,1783507440,1783506960,6967,,1783507380,4125.46,4125.79,,,,0,,,,,,,,,,,,,,,cancelled_opposing_structure,1783509420000
978,S,0,1783507200,4127.12,4120.14,1783507500,1783508100,4121.69,4123.91,0,1783508400040,1783508400,0,0,0,0,1783508400,1783508160,6970,,1783508340,4119.29,4120.29,1783508760,1783508820059,4118.50,1,4127.65,pivot,4127.21,20,4100.20,0.10,1783508820059,4118.50,81,1,7,1783509450222,4100.04,tp,filled,1783508820059
966,L,0,1783485000,4105.92,4097.55,1783485300,1783485900,4100.40,4102.34,0,1783486350087,1783486320,0,2,0,0,1783487220,1783486980,6906,6909,1783487160,4112.26,4114.88,1783487820,1783487880072,4115.47,1,4097.35,ob,4097.55,20,4151.71,0.05,1783487880072,4115.47,78,5,28,1783509475420,4097.03,sl,filled,1783487880072
967,L,0,1783486800,4111.70,4105.98,1783486800,1783487400,4111.70,4112.00,0,1783509399795,1783509360,72,361,2,1,,,,,,,,,,,0,,,,,,,,,,,,,,,cancelled_second_break,1783509480000
852,L,0,1783005900,4069.63,4062.89,1783005900,1783006500,4069.63,4124.01,0,1783510764139,1783510740,1007,8399,2,1,,,,,,,,,,,0,,,,,,,,,,,,,,,cancelled_second_break,1783511520000
848,L,0,1783001100,4060.74,4057.43,1783001100,1783001700,4060.74,4062.62,0,1783510922433,1783510920,1024,8482,1,0,,,,,,,,,,,0,,,,,,,,,,,,,,,cancelled_opposing_structure,1783511820000
831,L,0,1782968700,4047.20,4042.32,1782968700,1782969300,4047.20,4047.83,0,1783514593069,1783514580,1144,9083,1,0,,,,,,,,,,,0,,,,,,,,,,,,,,,cancelled_opposing_structure,1783515540000
982,L,0,1783515900,4047.90,4040.61,1783516200,1783516800,4045.24,4050.47,0,1783520578594,1783520520,11,57,0,0,,,,,,,,,,,0,,,,,,,,,,,,,,,cancelled_opposing_structure,1783521180000
981,S,0,1783511100,4075.87,4064.69,1783511400,1783512000,4056.74,4060.73,0,1783521874438,1783521840,31,159,0,0,,,,,,,,,,,0,,,,,,,,,,,,,,,cancelled_opposing_structure,1783523160000
985,L,0,1783524900,4073.47,4068.08,1783524900,1783525500,4073.47,4076.28,0,1783526362880,1783526340,1,9,0,0,,,,,,,,,,,0,,,,,,,,,,,,,,,cancelled_opposing_structure,1783527840000
984,L,0,1783522500,4064.69,4059.61,1783522800,1783523400,4066.23,4068.81,0,1783530031048,1783530000,21,105,2,1,,,,,,,,,,,0,,,,,,,,,,,,,,,cancelled_second_break,1783531200000
986,S,0,1783525800,4086.39,4082.15,1783525800,1783526400,4079.87,4082.15,0,1783526748746,1783526700,0,0,0,0,1783528920,1783528740,7037,,1783528860,4073.97,4077.39,1783529040,1783529100001,4073.20,1,4086.82,ob,4086.39,20,4045.96,0.07,1783529100001,4073.20,84,8,40,1783532234991,4045.94,tp,filled,1783529100001
980,S,0,1783509900,4092.01,4080.95,1783510200,1783510800,4068.11,4078.58,0,1783525587115,1783525560,48,241,0,0,1783528920,1783528740,7037,,1783528860,4073.97,4077.39,1783529280,1783529340037,4073.49,1,4092.45,ob,4092.01,20,4035.57,0.05,1783529340037,4073.49,85,60,304,1783532688621,4035.54,tp,filled,1783529340037
983,L,0,1783521300,4047.83,4041.50,1783521300,1783521900,4047.83,4060.69,0,1783532228216,1783532220,33,167,1,0,,,,,,,,,,,0,,,,,,,,,,,,,,,cancelled_opposing_structure,1783532760000
827,L,0,1782961200,4036.38,4030.72,1782961200,1782961800,4036.38,4038.71,0,1783532679992,1783532640,1229,9509,0,0,,,,,,,,,,,0,,,,,,,,,,,,,,,cancelled_opposing_structure,1783534440000
989,L,0,1783532700,4040.07,4033.87,1783532700,1783533300,4040.07,4040.13,0,1783533604141,1783533600,0,0,0,0,,,,,,,,,,,0,,,,,,,,,,,,,,,cancelled_opposing_structure,1783534440000
990,S,0,1783533900,4043.75,4037.27,1783533900,1783534500,4034.86,4037.27,0,1783536793589,1783536780,6,33,0,0,,,,,,,,,,,0,,,,,,,,,,,,,,,cancelled_opposing_structure,1783537620000
988,S,0,1783531500,4065.31,4058.66,1783531500,1783532100,4055.62,4058.66,0,1783540149238,1783540140,25,129,1,0,,,,,,,,,,,0,,,,,,,,,,,,,,,cancelled_opposing_structure,1783541220000
987,S,0,1783529700,4072.93,4069.03,1783529700,1783530300,4068.64,4069.03,0,1783541261804,1783541220,35,177,2,1,1783541880,1783541640,7077,,,,,,,,0,,,,,,,,,,,,,,,cancelled_second_break,1783542660000
993,L,0,1783541400,4070.34,4063.80,1783541700,1783542300,4067.38,4069.08,0,1783542979395,1783542960,1,6,0,0,,,,,,,,,,,0,,,,,,,,,,,,,,,cancelled_opposing_structure,1783543740000
994,L,0,1783547700,4085.81,4082.47,1783547700,1783548300,4085.81,4086.31,0,1783548703874,1783548660,0,1,0,0,,,,,,,,,,,0,,,,,,,,,,,,,,,cancelled_opposing_structure,1783549560000
997,S,0,1783553100,4076.83,4074.50,1783553100,1783553700,4074.20,4074.50,0,1783554029499,1783554000,0,0,1,0,,,,,,,,,,,0,,,,,,,,,,,,,,,cancelled_opposing_structure,1783554660000
996,S,0,1783551900,4083.49,4078.65,1783552200,1783552800,4076.77,4078.07,0,1783554853210,1783554840,5,29,0,0,1783560420,1783560300,7123,,1783560360,4074.42,4075.02,1783560600,,,0,,,,,,,,,,,,,,,cancelled_opposing_structure,1783561620000
999,S,0,1783561500,4079.50,4076.12,1783561800,1783562400,4077.03,4078.12,0,1783562766629,1783562760,0,1,0,0,,,,,,,,,,,0,,,,,,,,,,,,,,,cancelled_opposing_structure,1783564200000
998,S,0,1783559100,4079.72,4073.89,1783559400,1783560000,4076.17,4076.55,0,1783560300224,1783560300,0,0,0,0,1783560420,1783560300,7123,,1783560360,4074.42,4075.02,1783560600,1783560660066,4074.06,1,4080.15,ob,4079.72,20,4061.88,0.16,1783560660066,4074.06,89,1,6,1783566037911,4080.15,sl,filled,1783560660066
1000,L,0,1783566300,4082.57,4077.46,1783566300,1783566900,4082.57,4082.84,0,1783567347545,1783567320,0,2,2,1,,,,,,,,,,,0,,,,,,,,,,,,,,,cancelled_second_break,1783567560000
1002,L,0,1783572600,4074.37,4069.06,1783572900,1783573500,4073.00,4073.72,0,1783575200989,1783575180,4,23,0,0,,,,,,,,,,,0,,,,,,,,,,,,,,,cancelled_opposing_structure,1783576020000
1001,S,0,1783566600,4087.50,4077.49,1783566900,1783567500,4078.23,4082.84,0,1783567800083,1783567800,0,0,0,0,1783568580,1783568220,7152,,1783568400,4077.52,4078.27,1783568880,1783568940011,4077.44,1,4087.93,ob,4087.50,20,4056.46,0.09,1783568940011,4077.44,92,3,19,1783577596942,4056.40,tp,filled,1783568940011
1005,S,0,1783576800,4067.59,4064.22,1783576800,1783577400,4061.04,4064.22,0,1783580400214,1783580400,9,45,0,0,1783581420,1783581240,7192,,1783581360,4058.49,4059.16,,,,0,,,,,,,,,,,,,,,cancelled_opposing_structure,1783582260000
1006,S,0,1783580700,4062.93,4061.20,1783580700,1783581300,4060.64,4061.20,0,1783582239624,1783582200,2,10,2,1,,,,,,,,,,,0,,,,,,,,,,,,,,,cancelled_second_break,1783582500000
1004,S,0,1783575300,4074.31,4070.27,1783575600,1783576200,4069.07,4069.97,0,1783584087442,1783584060,25,126,0,0,,,,,,,,,,,0,,,,,,,,,,,,,,,cancelled_opposing_structure,1783585800000
1003,S,0,1783574700,4082.60,4078.97,1783574700,1783575300,4074.31,4078.97,0,1783586988504,1783586940,37,189,1,0,,,,,,,,,,,0,,,,,,,,,,,,,,,cancelled_opposing_structure,1783587480000
995,S,0,1783550100,4089.40,4086.33,1783550100,1783550700,4084.35,4086.33,0,1783566847572,1783566840,40,264,0,0,1783567440,1783566900,7147,,1783567260,4078.69,4082.64,1783567860,1783567920006,4077.59,1,4090.15,pivot,4089.72,20,4052.47,0.07,1783567920006,4077.59,91,44,282,1783587617769,4090.88,sl,filled,1783567920006
813,L,0,1782921900,4022.42,4012.86,1782922200,1782922800,4022.46,4024.38,0,1783535549766,1783535520,1357,10207,0,0,1783537560,1783536960,7062,,1783537500,4037.75,4039.40,1783537800,1783537860057,4042.05,1,4012.66,ob,4012.86,20,4100.83,0.03,1783537860057,4042.05,88,1365,10246,1783589154265,4100.94,tp,filled,1783537860057
1008,L,0,1783582800,4063.80,4056.48,1783583100,1783583700,4061.46,4062.30,0,1783584012970,1783584000,0,0,0,0,1783586280,1783585920,7208,,1783586220,4072.36,4074.74,1783586640,1783586700117,4075.81,1,4056.28,ob,4056.48,20,4114.87,0.05,1783586700117,4075.81,94,9,45,1783596076184,4114.90,tp,filled,1783586700117
1012,L,0,1783595400,4109.64,4105.29,1783595700,1783596300,4112.93,4113.92,0,1783597609051,1783597560,3,16,0,0,,,,,,,,,,,0,,,,,,,,,,,,,,,cancelled_opposing_structure,1783598460000
1014,S,0,1783597800,4110.91,4109.11,1783597800,1783598400,4108.99,4109.11,0,1783598741014,1783598700,0,0,2,1,,,,,,,,,,,0,,,,,,,,,,,,,,,cancelled_second_break,1783599660000
1013,S,0,1783596900,4115.27,4110.38,1783597200,1783597800,4110.91,4113.06,0,1783598186004,1783598160,0,1,0,0,1783598400,1783597740,7244,,1783598340,4108.11,4108.24,,,,0,,,,,,,,,,,,,,,cancelled_opposing_structure,1783599720000
1015,S,0,1783600500,4107.93,4105.48,1783600500,1783601100,4105.31,4105.48,0,1783601401874,1783601400,0,0,2,1,,,,,,,,,,,0,,,,,,,,,,,,,,,cancelled_second_break,1783602300000
1017,L,0,1783605900,4103.50,4100.50,1783605900,1783606500,4103.50,4104.05,0,1783606949728,1783606920,0,2,2,1,,,,,,,,,,,0,,,,,,,,,,,,,,,cancelled_second_break,1783607280000
1018,S,0,1783606500,4107.13,4104.05,1783606500,1783607100,4101.47,4104.05,0,1783607957725,1783607940,1,9,2,1,,,,,,,,,,,0,,,,,,,,,,,,,,,cancelled_second_break,1783608240000
1019,L,0,1783609200,4109.97,4106.02,1783609200,1783609800,4109.97,4112.34,0,1783610283179,1783610280,0,3,2,1,,,,,,,,,,,0,,,,,,,,,,,,,,,cancelled_second_break,1783610880000
979,S,0,1783508700,4120.41,4116.80,1783509000,1783509600,4097.69,4116.77,0,1783596206277,1783596180,275,1438,0,0,1783597560,1783597140,7242,,1783597500,4109.72,4111.11,1783597740,1783597800062,4109.70,1,4120.85,ob,4120.41,20,4087.40,0.09,1783597800062,4109.70,99,281,1465,1783611492171,4121.45,sl,filled,1783597800062
1020,S,0,1783609500,4120.00,4106.20,1783609800,1783610400,4108.75,4112.34,0,1783610700055,1783610700,0,0,2,1,1783612320,1783612200,7292,,,,,,,,0,,,,,,,,,,,,,,,cancelled_second_break,1783613700000
1022,S,0,1783611300,4121.62,4114.78,1783611300,1783611900,4113.32,4114.78,0,1783613227763,1783613220,3,17,2,1,,,,,,,,,,,0,,,,,,,,,,,,,,,cancelled_second_break,1783614240000
1021,L,0,1783610400,4108.75,4105.38,1783610700,1783611300,4109.51,4114.78,0,1783612734477,1783612680,3,18,0,0,1783613280,1783612860,7295,7297,1783613220,4114.92,4115.42,,,,0,,,,,,,,,,,,,,,cancelled_opposing_structure,1783615740000
1024,L,0,1783615800,4126.53,4118.74,1783616100,1783616700,4122.80,4125.96,0,1783617000043,1783617000,0,0,2,1,,,,,,,,,,,0,,,,,,,,,,,,,,,cancelled_second_break,1783617540000
1025,S,0,1783616400,4134.58,4121.64,1783616700,1783617300,4122.33,4125.96,0,1783617820718,1783617780,0,3,0,0,,,,,,,,,,,0,,,,,,,,,,,,,,,cancelled_opposing_structure,1783618560000
1026,L,0,1783619100,4125.18,4119.59,1783619400,1783620000,4124.40,4125.10,0,1783620670845,1783620660,1,6,0,0,1783622700,1783621920,7325,,1783622640,4130.87,4131.26,,,,0,,,,,,,,,,,,,,,cancelled_opposing_structure,1783623960000
1027,L,0,1783621800,4128.46,4126.25,1783621800,1783622400,4128.46,4128.55,0,1783623233829,1783623180,1,8,2,1,,,,,,,,,,,0,,,,,,,,,,,,,,,cancelled_second_break,1783623960000
975,S,0,1783502400,4133.61,4128.81,1783502700,1783503300,4127.04,4129.41,0,1783614855160,1783614840,358,1854,1,1,1783617300,1783616700,7307,,1783617240,4120.65,4122.04,1783617420,1783617480109,4119.00,1,4136.56,pivot,4136.12,20,4083.88,0.05,1783617480109,4119.00,102,367,1898,1783625551183,4136.56,sl,filled,1783617480109
1028,L,0,1783623600,4129.65,4125.80,1783623900,1783624500,4129.12,4129.17,0,1783624800101,1783624800,0,0,0,0,1783625400,1783625160,7335,,1783625340,4132.75,4133.56,,,,0,,,,,,,,,,,,,,,cancelled_opposing_structure,1783626600000
1029,L,0,1783624500,4133.17,4129.17,1783624800,1783625400,4131.48,4132.04,0,1783625926531,1783625880,0,3,0,0,,,,,,,,,,,0,,,,,,,,,,,,,,,cancelled_opposing_structure,1783626600000
1030,S,0,1783626600,4133.65,4130.82,1783626600,1783627200,4128.72,4130.82,0,1783628942460,1783628940,4,24,1,0,,,,,,,,,,,0,,,,,,,,,,,,,,,cancelled_opposing_structure,1783629540000
1032,L,0,1783629600,4133.81,4131.89,1783629600,1783630200,4133.81,4135.07,0,1783630926555,1783630920,1,7,2,1,,,,,,,,,,,0,,,,,,,,,,,,,,,cancelled_second_break,1783631280000
1031,L,0,1783628100,4128.19,4125.03,1783628400,1783629000,4128.80,4129.20,0,1783631458075,1783631400,7,35,0,0,,,,,,,,,,,0,,,,,,,,,,,,,,,cancelled_opposing_structure,1783631940000
1034,S,0,1783635000,4124.43,4122.95,1783635300,1783635900,4122.19,4123.56,0,1783637487265,1783637460,4,21,0,0,1783638780,1783638420,7378,7380,1783638540,4121.61,4121.62,,,,0,,,,,,,,,,,,,,,cancelled_opposing_structure,1783640100000
1036,L,0,1783640700,4124.44,4123.07,1783641000,1783645200,4124.00,4124.21,0,1783645526565,1783645500,0,0,2,1,1783645560,1783645440,7388,,,,,,,,0,,,,,,,,,,,,,,,cancelled_second_break,1783645920000
1035,L,0,1783639500,4121.99,4120.54,1783639500,1783640100,4121.99,4123.60,0,1783648132460,1783648080,13,128,0,0,1783649160,1783648800,7401,,1783649100,4123.31,4123.73,1783649580,1783649641084,4124.47,1,4120.34,ob,4120.54,20,4132.73,0.24,1783649641084,4124.47,104,18,154,1783652532571,4120.32,sl,filled,1783649641084
1037,S,0,1783649700,4124.40,4123.71,1783649700,1783650300,4123.38,4123.71,0,1783651576392,1783651560,3,16,2,1,1783652400,1783652400,7414,,,,,,,,0,,,,,,,,,,,,,,,cancelled_second_break,1783652760000
1038,L,0,1783654200,4119.55,4114.42,1783654500,1783655100,4120.02,4122.22,0,1783656338224,1783656300,3,15,0,0,,,,,,,,,,,0,,,,,,,,,,,,,,,cancelled_opposing_structure,1783658100000
1039,S,0,1783656900,4127.42,4123.28,1783656900,1783657500,4122.99,4123.28,0,1783657804779,1783657800,0,0,0,0,1783657920,1783657800,7434,,1783657860,4120.00,4120.74,1783658160,1783658220065,4119.69,1,4127.86,ob,4127.42,20,4103.35,0.12,1783658220065,4119.69,106,1,7,1783660300209,4128.01,sl,filled,1783658220065
1023,L,0,1783612500,4112.50,4107.50,1783612800,1783613400,4114.42,4115.79,0,1783658375528,1783658340,136,744,0,0,1783660080,1783659600,7439,7442,1783660020,4120.93,4123.90,,,,0,,,,,,,,,,,,,,,cancelled_opposing_structure,1783661040000
1040,L,0,1783658400,4113.86,4110.00,1783658700,1783659300,4114.55,4115.62,0,1783668153996,1783668120,28,142,0,0,1783668960,1783668720,7468,,1783668900,4118.39,4118.42,,,,0,,,,,,,,,,,,,,,cancelled_opposing_structure,1783669740000
1043,S,0,1783667400,4120.99,4116.80,1783667700,1783668300,4117.80,4119.19,0,1783668600058,1783668600,0,0,0,0,1783674720,1783674600,7489,,1783674660,4116.69,4116.72,1783672740,,,0,,,,,,,,,,,,,,,cancelled_opposing_structure,1783675200000
1044,S,0,1783668900,4119.60,4117.73,1783669200,1783669800,4117.44,4118.14,0,1783670164879,1783670160,0,1,1,0,1783674720,1783674600,7489,,1783674660,4116.69,4116.72,1783672740,,,0,,,,,,,,,,,,,,,cancelled_opposing_structure,1783675200000
1045,L,0,1783673100,4114.25,4108.22,1783673400,1783674000,4114.79,4115.63,0,1783674915280,1783674900,2,10,0,0,1783675080,1783674900,7487,7492,1783674960,4116.23,4117.64,1783675440,,,0,,,,,,,,,,,,,,,cancelled_opposing_structure,1783675740000
1047,L,0,1783678200,4112.42,4108.98,1783678200,1783678800,4112.42,4112.47,0,1783679172203,1783679160,0,1,0,0,,,,,,,,,,,0,,,,,,,,,,,,,,,cancelled_opposing_structure,1783679820000
1033,S,0,1783630500,4136.74,4134.49,1783630500,1783631100,4132.19,4134.49,0,1783663691220,1783663680,95,538,0,0,1783663920,1783663680,7452,,1783663860,4128.24,4128.72,1783664220,1783664280083,4126.68,1,4137.17,ob,4136.74,20,4105.70,0.09,1783664280083,4126.68,108,97,548,1783680287412,4105.67,tp,filled,1783664280083
1046,S,0,1783674900,4120.09,4113.87,1783675200,1783675800,4116.11,4116.46,0,1783676100251,1783676100,0,0,0,0,1783684860,1783684800,7524,,1783684800,4096.96,4097.65,1783678020,,,0,,,,,,,,,,,,,,,cancelled_opposing_structure,1783685820000
1050,S,0,1783683300,4102.86,4099.41,1783683600,1783684200,4098.57,4099.82,0,1783685044009,1783685040,1,9,0,0,,,,,,,,,,,0,,,,,,,,,,,,,,,cancelled_opposing_structure,1783685820000
1049,S,0,1783682100,4108.34,4106.22,1783682100,1783682700,4105.94,4106.22,0,1783688454866,1783688400,18,90,1,1,,,,,,,,,,,0,,,,,,,,,,,,,,,cancelled_opposing_structure,1783689180000
1051,L,0,1783688100,4105.44,4103.40,1783688100,1783688700,4105.44,4105.64,0,1783691955013,1783691940,9,49,0,0,,,,,,,,,,,0,,,,,,,,,,,,,,,cancelled_opposing_structure,1783693380000
1048,S,0,1783679400,4114.48,4111.62,1783679700,1783680300,4107.36,4110.42,0,1783689875981,1783689840,30,154,2,1,1783695240,1783695120,7563,7566,1783695180,4105.35,4106.31,,,,0,,,,,,,,,,,,,,,cancelled_second_break,1783696500000
1052,S,0,1783693200,4107.78,4105.46,1783693200,1783693800,4103.55,4105.46,0,1783694668572,1783694640,1,9,2,1,1783695240,1783695120,7563,7566,1783695180,4105.35,4106.31,,,,0,,,,,,,,,,,,,,,cancelled_second_break,1783696860000
1054,S,0,1783694400,4107.42,4097.89,1783694700,1783695300,4105.35,4105.80,0,1783695600120,1783695600,0,0,2,1,1783695600,1783695120,7563,7566,1783695300,4103.73,4104.49,,,,0,,,,,,,,,,,,,,,cancelled_second_break,1783696920000
1055,S,0,1783696200,4117.26,4102.59,1783696500,1783697100,4107.22,4107.87,0,1783697400059,1783697400,0,0,0,0,1783697640,1783696380,7569,7573,1783697520,4103.73,4103.88,,,,0,,,,,,,,,,,,,,,cancelled_opposing_structure,1783698660000
1053,L,0,1783694100,4099.84,4096.06,1783694100,1783694700,4099.84,4105.80,0,1783697777812,1783697760,9,46,0,0,1783699740,1783699440,7578,,1783699500,4101.74,4102.21,1783699920,1783699980031,4103.15,1,4095.86,ob,4096.06,20,4117.73,0.13,1783699980031,4103.15,110,16,83,1783700795878,4095.82,sl,filled,1783699980031
1016,L,0,1783605000,4101.14,4094.54,1783605300,1783605900,4099.27,4100.50,0,1783607038645,1783606980,2,13,0,0,1783608900,1783608600,7281,,1783608840,4107.51,4108.69,1783609200,1783609260023,4109.59,1,4094.34,ob,4094.54,20,4140.09,0.06,1783609260023,4109.59,100,10,51,1783700821936,4094.31,sl,filled,1783609260023
1056,S,0,1783704300,4108.87,4100.65,1783704300,1783704900,4097.29,4100.65,0,1783705439367,1783705380,0,3,0,0,,,,,,,,,,,0,,,,,,,,,,,,,,,cancelled_opposing_structure,1783707840000
1058,S,0,1783705500,4107.45,4098.67,1783705800,1783706400,4099.16,4100.28,0,1783706808932,1783706760,0,1,0,0,,,,,,,,,,,0,,,,,,,,,,,,,,,cancelled_opposing_structure,1783707840000
1011,L,0,1783587900,4093.41,4088.09,1783588200,1783588800,4092.86,4093.29,0,1783700850321,1783700820,360,1862,1,1,1783711560,1783711320,7612,7615,1783711500,4112.28,4112.86,1783712280,,,0,,,,,,,,,,,,,,,cancelled_opposing_structure,1783712580000
1010,L,0,1783586400,4076.25,4073.68,1783586400,1783587000,4076.25,4078.47,0,1783704794373,1783704780,379,1958,0,0,1783711560,1783711320,7612,7615,1783711500,4112.28,4112.86,1783712280,,,0,,,,,,,,,,,,,,,cancelled_opposing_structure,1783712580000
1059,L,0,1783707900,4107.63,4100.49,1783708200,1783708800,4103.75,4103.77,0,1783709100019,1783709100,0,0,0,0,1783709880,1783709700,7608,,1783709820,4111.66,4112.50,1783710060,1783710120081,4113.83,1,4100.29,ob,4100.49,20,4140.91,0.07,1783710120081,4113.83,113,3,17,1783717208404,4100.29,sl,filled,1783710120081
1061,L,0,1783716900,4103.83,4100.43,1783717200,1783717800,4102.74,4103.14,0,1783718143781,1783718100,0,0,2,1,,,,,,,,,,,0,,,,,,,,,,,,,,,cancelled_second_break,1783719660000
1063,L,0,1783719600,4100.65,4098.62,1783719900,1783720500,4100.08,4100.20,0,1783720803635,1783720800,0,0,2,1,,,,,,,,,,,0,,,,,,,,,,,,,,,cancelled_second_break,1783721040000
1062,S,0,1783719000,4103.75,4101.37,1783719000,1783719600,4100.65,4101.37,0,1783720509676,1783720500,2,10,0,0,1783720920,1783720500,7637,,1783720800,4098.47,4099.66,1783721040,,,0,,,,,,,,,,,,,,,cancelled_opposing_structure,1783722000000
1060,S,0,1783716600,4105.13,4103.31,1783716600,1783717200,4102.74,4103.31,0,1783717773448,1783717740,0,4,0,0,1783719480,1783719120,7636,,1783719420,4101.10,4101.89,1783720560,1783720620117,4100.97,1,4105.60,pivot,4105.17,20,4091.71,0.21,1783720620117,4100.97,116,10,52,1783723938522,4105.62,sl,filled,1783720620117
1064,L,0,1783726500,4112.08,4110.78,1783726800,1783727400,4112.53,4113.07,0,1783904400675,1783904400,1,2945,1,0,,,,,,,,,,,0,,,,,,,,,,,,,,,cancelled_opposing_structure,1783905300000
1057,L,0,1783704600,4107.81,4073.56,1783704900,1783705500,4097.29,4098.67,0,1783705800025,1783705800,0,0,0,0,1783711560,1783711320,7612,,1783711500,4112.28,4112.86,1783712100,1783712160037,4113.61,1,4073.36,ob,4073.56,20,4194.11,0.02,1783712160037,4113.61,114,21,106,1783907324801,4073.31,sl,filled,1783712160037
1009,L,0,1783585800,4073.52,4064.80,1783585800,1783586400,4073.52,4073.68,0,1783907324356,1783907280,468,5343,0,0,,,,,,,,,,,0,,,,,,,,,,,,,,,cancelled_opposing_structure,1783908660000
1067,S,0,1783905900,4085.47,4080.27,1783906200,1783906800,4082.57,4082.76,0,1783907499970,1783907460,1,6,0,0,1783908000,1783907760,7675,7677,1783907940,4074.62,4076.60,,,,0,,,,,,,,,,,,,,,cancelled_opposing_structure,1783909740000
1069,L,0,1783909800,4074.72,4072.47,1783909800,1783910400,4074.72,4076.41,0,1783913388190,1783913340,8,44,2,1,,,,,,,,,,,0,,,,,,,,,,,,,,,cancelled_second_break,1783913580000
1068,L,0,1783908900,4071.56,4069.45,1783909200,1783909800,4072.40,4072.47,0,1783913521677,1783913520,11,57,2,1,,,,,,,,,,,0,,,,,,,,,,,,,,,cancelled_second_break,1783913820000
1071,S,0,1783912800,4083.39,4080.38,1783912800,1783913400,4075.45,4080.38,0,1783915746144,1783915740,6,34,1,0,,,,,,,,,,,0,,,,,,,,,,,,,,,cancelled_opposing_structure,1783917120000
1074,L,0,1783916100,4081.96,4072.60,1783916400,1783917000,4076.20,4077.67,0,1783918391982,1783918380,3,18,2,1,,,,,,,,,,,0,,,,,,,,,,,,,,,cancelled_second_break,1783918800000
1072,L,0,1783915200,4076.24,4065.46,1783915200,1783915800,4076.24,4076.58,0,1783916231608,1783916220,0,2,0,0,1783917060,1783916520,7701,7704,1783917000,4081.50,4083.33,1783917840,1783917900052,4084.76,1,4065.26,ob,4065.46,20,4123.76,0.04,1783917900052,4084.76,119,6,30,1783920636698,4065.24,sl,filled,1783917900052
1076,L,0,1783920300,4071.33,4066.55,1783920300,1783920900,4071.33,4073.68,0,1783921449466,1783921440,0,4,0,0,,,,,,,,,,,0,,,,,,,,,,,,,,,cancelled_opposing_structure,1783922460000
1007,L,0,1783581900,4060.34,4058.40,1783581900,1783582500,4060.34,4061.22,0,1783582928134,1783582920,0,2,1,1,1783587420,1783587180,7213,,1783587360,4081.61,4082.95,1783587600,1783587660058,4098.94,1,4058.20,ob,4058.40,20,4180.42,0.02,1783587660058,4098.94,96,16,81,1783923082764,4058.07,sl,filled,1783587660058
1073,S,0,1783915800,4080.34,4076.58,1783915800,1783916400,4076.20,4076.58,0,1783916716964,1783916700,0,0,1,1,1783923060,1783923000,7719,,1783923000,4056.04,4059.17,1783920300,,,0,,,,,,,,,,,,,,,cancelled_opposing_structure,1783924140000
1080,S,0,1783928100,4057.38,4055.33,1783928100,1783928700,4055.23,4055.33,0,1783929352442,1783929300,1,5,2,1,,,,,,,,,,,0,,,,,,,,,,,,,,,cancelled_second_break,1783929780000
1079,S,0,1783925700,4060.57,4058.49,1783925700,1783926300,4058.48,4058.49,0,1783929514247,1783929480,9,48,2,1,,,,,,,,,,,0,,,,,,,,,,,,,,,cancelled_second_break,1783931040000
1078,S,0,1783921800,4072.40,4068.76,1783922100,1783922700,4064.88,4068.59,0,1783930097039,1783930080,23,118,0,0,1783932780,1783932660,7750,7753,1783932720,4059.27,4060.20,1783932480,,,0,,,,,,,,,,,,,,,cancelled_opposing_structure,1783934460000
1082,S,0,1783932000,4065.32,4060.14,1783932300,1783932900,4058.71,4058.78,0,1783934968170,1783934940,5,29,0,0,,,,,,,,,,,0,,,,,,,,,,,,,,,cancelled_opposing_structure,1783935540000
1084,S,0,1783935300,4063.54,4059.08,1783935600,1783936200,4057.48,4059.38,0,1783937337034,1783937280,2,13,0,0,,,,,,,,,,,0,,,,,,,,,,,,,,,cancelled_opposing_structure,1783938540000
1081,S,0,1783929900,4071.38,4059.59,1783930200,1783930800,4066.19,4068.14,0,1783931100044,1783931100,0,0,0,0,1783932360,1783932240,7748,,1783932300,4062.05,4062.11,1783932480,1783932540090,4059.08,1,4071.81,ob,4071.38,20,4033.62,0.07,1783932540090,4059.08,123,4,24,1783941002301,4071.81,sl,filled,1783932540090
1077,S,0,1783920900,4077.47,4073.68,1783920900,1783921500,4073.00,4073.68,0,1783941168167,1783941120,64,322,1,1,1783942440,1783942380,7781,,1783942380,4073.98,4074.30,1783942560,1783942620078,4073.06,1,4077.90,ob,4077.47,20,4063.38,0.19,1783942620078,4073.06,126,69,347,1783943565982,4077.90,sl,filled,1783942620078
992,L,0,1783539000,4047.07,4041.59,1783539300,1783539900,4046.28,4053.53,0,1783933575197,1783933560,699,6556,0,0,1783943400,1783943220,7784,,1783943340,4076.32,4076.46,1783939140,,,0,,,,,,,,,,,,,,,cancelled_opposing_structure,1783945140000
1083,L,0,1783933800,4053.33,4049.05,1783933800,1783934400,4053.33,4053.38,0,1783936446373,1783936440,5,29,0,0,1783937280,1783937220,7762,,1783937220,4054.91,4058.39,1783937400,1783937460094,4059.80,1,4048.85,ob,4049.05,20,4081.70,0.08,1783937460094,4059.80,124,9,46,1783950121687,4048.67,sl,filled,1783937460094
1085,L,0,1783939200,4061.81,4057.13,1783939500,1783940100,4059.38,4060.60,0,1783950073861,1783950060,32,161,2,1,,,,,,,,,,,0,,,,,,,,,,,,,,,cancelled_second_break,1783950780000
1087,L,0,1783950000,4066.93,4046.70,1783950300,1783950900,4054.36,4058.18,0,1783951200086,1783951200,0,0,0,0,,,,,,,,,,,0,,,,,,,,,,,,,,,cancelled_opposing_structure,1783954080000
1086,S,0,1783949700,4068.23,4066.06,1783949700,1783950300,4054.36,4066.06,0,1783951557245,1783951500,3,15,0,0,1783954020,1783953780,7816,7820,1783953960,4062.49,4063.83,1783954200,,,0,,,,,,,,,,,,,,,cancelled_opposing_structure,1783955940000
1090,L,0,1783956900,4063.34,4059.73,1783957200,1783957800,4064.00,4064.22,0,1783958559333,1783958520,1,7,2,1,1783960020,1783959900,7837,,1783959960,4062.22,4063.12,1783960200,,,0,,,,,,,,,,,,,,,cancelled_second_break,1783960440000
1089,S,0,1783953600,4067.18,4064.03,1783953600,1783954200,4063.54,4064.03,0,1783957536805,1783957500,10,50,1,1,1783958580,1783958400,7831,,1783958520,4063.01,4063.27,1783958700,1783958760021,4062.80,1,4068.02,pivot,4067.58,20,4052.36,0.17,1783958760021,4062.80,130,14,71,1783961028735,4052.30,tp,filled,1783958760021
1088,S,0,1783951500,4068.02,4063.30,1783951800,1783952400,4062.10,4062.81,0,1783952780765,1783952760,0,1,0,0,1783954020,1783953780,7816,,1783953960,4062.49,4063.83,1783954200,1783954260000,4061.74,1,4068.45,ob,4068.02,20,4048.32,0.13,1783954260000,4061.74,129,5,26,1783961478191,4048.14,tp,filled,1783954260000
1070,S,0,1783911900,4090.15,4083.65,1783912200,1783912800,4083.39,4085.93,0,1783917110662,1783917060,13,66,0,0,1783920240,1783919760,7712,,1783920120,4071.26,4071.69,1783920300,1783920360164,4069.62,1,4090.59,ob,4090.15,20,4027.68,0.04,1783920360164,4069.62,120,24,121,1783963005393,4026.90,tp,filled,1783920360164
991,L,0,1783536900,4035.17,4030.76,1783536900,1783537500,4035.17,4036.18,0,1783962380076,1783962360,803,7076,1,0,,,,,,,,,,,0,,,,,,,,,,,,,,,cancelled_opposing_structure,1783963020000
1092,S,0,1783971600,4000.84,3995.14,1783971900,1783972500,3993.22,3997.26,0,1783972850749,1783972800,0,0,1,0,,,,,,,,,,,0,,,,,,,,,,,,,,,cancelled_opposing_structure,1783973940000
1094,L,0,1783977300,3994.47,3986.72,1783977300,1783977900,3994.47,3994.62,0,1783978208185,1783978200,0,0,0,0,1783979340,1783979100,7896,,1783979280,4000.38,4000.52,,,,0,,,,,,,,,,,,,,,cancelled_opposing_structure,1783980900000
1096,S,0,1783983600,4004.61,4001.05,1783983900,1783984500,4000.17,4001.72,0,1783986901316,1783986900,7,35,2,1,,,,,,,,,,,0,,,,,,,,,,,,,,,cancelled_second_break,1783991940000
1097,L,0,1783986300,4000.45,3998.63,1783986300,1783986900,4000.45,4000.63,0,1783990800752,1783990800,0,60,0,0,1783990800,1783986720,7918,,1783987020,4002.12,4002.98,,,,0,,,,,,,,,,,,,,,cancelled_opposing_structure,1783993920000
1095,L,0,1783982700,3999.44,3996.89,1783982700,1783983300,3999.44,3999.87,0,1783984448829,1783984440,2,14,0,0,1783986840,1783986720,7918,,1783986780,3999.83,4000.63,1783990800,1783990860067,4006.18,1,3996.69,ob,3996.89,20,4025.16,0.10,1783990860067,4006.18,136,12,121,1783996214415,3996.66,sl,filled,1783990860067
1093,L,0,1783972200,3998.96,3991.54,1783972500,1783973100,3993.22,3993.51,0,1783973400016,1783973400,0,0,0,0,1783973400,1783972980,7876,,1783973280,3997.09,3997.62,1783973520,1783973580204,3998.36,1,3986.35,pivot,3986.55,20,4022.38,0.08,1783973580204,3998.36,134,0,3,1783998453075,3986.31,sl,filled,1783973580204
809,L,0,1782913200,3990.06,3986.50,1782913200,1782913800,3990.06,3991.16,0,1783972508693,1783972500,2232,17640,0,0,1783973340,1783972980,7876,,1783973280,3997.09,3997.62,1783973760,1783973820044,3999.10,1,3986.30,ob,3986.50,20,4024.70,0.07,1783973820044,3999.10,135,2236,17662,1783998453136,3986.19,sl,filled,1783973820044
1099,S,0,1783994700,4002.86,4000.75,1783994700,1783995300,4000.57,4000.75,0,1783997975840,1783997940,7,39,1,1,1783999020,1783998900,7943,,,,,,,,0,,,,,,,,,,,,,,,cancelled_opposing_structure,1783999980000
1098,S,0,1783993200,4004.29,4003.25,1783993500,1783994100,4003.09,4003.34,0,1783998058638,1783998000,12,60,0,0,1783999020,1783998900,7943,,,,,,,,0,,,,,,,,,,,,,,,cancelled_opposing_structure,1783999980000
1100,S,0,1783997700,4001.96,3998.20,1783997700,1783998300,3995.11,3998.20,0,1783998636277,1783998600,0,0,0,0,1783999020,1783998900,7943,,,,,,,,0,,,,,,,,,,,,,,,cancelled_opposing_structure,1783999980000
1101,S,0,1783998600,3998.82,3991.26,1783998600,1783999200,3990.81,3991.26,0,1783999641296,1783999620,0,2,2,1,,,,,,,,,,,0,,,,,,,,,,,,,,,cancelled_second_break,1784000040000
808,L,0,1782911700,3984.56,3981.90,1782912000,1782912600,3985.22,3987.07,0,1783998453371,1783998420,2310,18092,0,0,1783999920,1783999200,7942,7947,1783999860,3997.15,3998.46,,,,0,,,,,,,,,,,,,,,cancelled_opposing_structure,1784001780000
1102,L,0,1783998900,3995.99,3987.38,1783999200,1783999800,3990.81,3994.38,0,1784001698735,1784001660,5,26,0,0,1784002620,1784002080,7953,,1784002560,4000.01,4001.35,,,,0,,,,,,,,,,,,,,,cancelled_opposing_structure,1784004060000
1103,S,0,1784001000,4005.69,4002.45,1784001300,1784001900,3999.85,4003.09,0,1784002664724,1784002620,1,7,0,0,1784003700,1784003520,7956,,1784003640,3997.40,3998.44,1784004000,1784004060046,3995.55,1,4006.12,ob,4005.69,20,3974.41,0.08,1784004060046,3995.55,140,6,31,1784005066644,4006.13,sl,filled,1784004060046
1105,L,0,1784005200,4010.94,4005.97,1784005200,1784005800,4010.94,4011.25,0,1784007805306,1784007780,5,28,0,0,,,,,,,,,,,0,,,,,,,,,,,,,,,cancelled_opposing_structure,1784010060000
1106,L,0,1784007900,4012.80,4009.57,1784008200,1784008800,4011.37,4012.21,0,1784009656246,1784009640,1,9,0,0,,,,,,,,,,,0,,,,,,,,,,,,,,,cancelled_opposing_structure,1784010060000
1107,S,0,1784014500,4023.38,4021.07,1784014500,1784015100,4021.02,4021.07,0,1784015925327,1784015880,1,8,1,0,,,,,,,,,,,0,,,,,,,,,,,,,,,cancelled_opposing_structure,1784016660000
1108,L,0,1784017200,4022.64,4020.53,1784017500,1784018100,4023.26,4027.24,0,1784021401523,1784021400,10,50,0,0,,,,,,,,,,,0,,,,,,,,,,,,,,,cancelled_opposing_structure,1784022060000
1110,L,0,1784022600,4026.55,4023.29,1784022900,1784023500,4024.85,4025.49,0,1784023863775,1784023860,0,1,0,0,1784023860,1784023200,8022,,1784023440,4025.78,4027.14,1784023920,1784023980060,4027.53,1,4020.52,pivot,4020.72,20,4041.55,0.13,1784023980060,4027.53,142,0,3,1784026722077,4020.52,sl,filled,1784023980060
1109,S,0,1784019900,4031.98,4028.65,1784020200,1784020800,4029.00,4030.53,0,1784023724779,1784023680,8,43,0,0,1784027340,1784027100,8034,,,,,,,,0,,,,,,,,,,,,,,,cancelled_opposing_structure,1784028360000
1111,S,0,1784025300,4029.56,4024.77,1784025300,1784025900,4024.20,4024.77,0,1784026396003,1784026380,0,3,0,0,1784027340,1784027100,8034,,,,,,,,0,,,,,,,,,,,,,,,cancelled_opposing_structure,1784028360000
1112,L,0,1784027100,4020.19,4014.50,1784027400,1784028000,4018.08,4018.47,0,1784028300097,1784028300,0,0,0,0,1784028300,1784027940,8036,,1784028240,4020.84,4021.05,1784028600,1784028660080,4024.02,1,4014.30,ob,4014.50,20,4043.46,0.09,1784028660080,4024.02,144,1,6,1784030424515,4014.30,sl,filled,1784028660080
1113,L,0,1784032200,4017.28,4013.77,1784032500,1784033100,4016.38,4016.47,0,1784034791133,1784034780,4,23,0,0,1784036220,1784036100,8059,,1784036100,4017.44,4017.54,1784036340,1784036400017,4019.23,1,4013.57,ob,4013.77,20,4030.55,0.16,1784036400017,4019.23,146,10,50,1784040524053,4030.56,tp,filled,1784036400017
1075,S,0,1783917900,4087.10,4083.00,1783917900,1783918500,4075.57,4083.00,0,1784043017615,1784043000,402,2070,2,1,,,,,,,,,,,0,,,,,,,,,,,,,,,cancelled_second_break,1784043120000
1114,S,0,1784040900,4031.84,4028.83,1784041200,1784041800,4028.39,4029.31,0,1784042705179,1784042700,2,10,1,0,1784044260,1784043900,8087,,1784044200,4081.46,4081.58,,,,0,,,,,,,,,,,,,,,cancelled_opposing_structure,1784046120000
1091,S,0,1783961400,4052.40,4042.83,1783961700,1783962300,4040.81,4042.02,0,1784043002225,1784043000,256,1340,1,0,1784044260,1784043900,8087,,1784044200,4081.46,4081.58,,,,0,,,,,,,,,,,,,,,cancelled_opposing_structure,1784046120000
1115,S,0,1784043600,4094.46,4084.42,1784043900,1784044500,4077.11,4082.48,0,1784046212777,1784046180,4,23,0,0,,,,,,,,,,,0,,,,,,,,,,,,,,,cancelled_opposing_structure,1784047200000
1117,S,0,1784047200,4088.53,4082.60,1784047500,1784048100,4078.79,4080.47,0,1784049183776,1784049180,2,13,0,0,1784049300,1784049180,8106,,1784049240,4075.59,4081.37,1784049420,1784049480080,4072.26,1,4088.96,ob,4088.53,20,4038.86,0.05,1784049480080,4072.26,148,3,18,1784050455361,4089.05,sl,filled,1784049480080
1116,L,0,1784045400,4080.19,4071.82,1784045700,1784046300,4080.31,4081.24,0,1784046700314,1784046660,0,1,0,0,1784051700,1784051400,8115,,1784051580,4082.07,4082.28,1784051820,1784051880001,4085.84,1,4071.62,ob,4071.82,20,4114.28,0.06,1784051880001,4085.84,150,17,88,1784054495941,4071.52,sl,filled,1784051880001
1120,L,0,1784061600,4062.59,4059.53,1784061900,1784062500,4061.90,4062.36,0,1784062800383,1784062800,0,0,2,1,,,,,,,,,,,0,,,,,,,,,,,,,,,cancelled_second_break,1784064660000
1119,L,0,1784059800,4059.71,4055.47,1784060100,1784060700,4057.11,4060.13,0,1784061801340,1784061780,2,13,0,0,1784062260,1784061960,8145,,1784062200,4062.49,4062.62,1784062440,1784062500018,4063.30,1,4055.27,ob,4055.47,20,4079.36,0.11,1784062500018,4063.30,152,5,25,1784065022006,4055.27,sl,filled,1784062500018
1123,S,0,1784064300,4059.04,4056.61,1784064600,1784065200,4054.30,4055.34,0,1784067160541,1784067120,5,27,0,0,1784068020,1784067240,8160,8163,1784067960,4052.24,4052.41,,,,0,,,,,,,,,,,,,,,cancelled_opposing_structure,1784069220000
1126,S,0,1784067000,4057.22,4053.28,1784067300,1784067900,4053.37,4055.25,0,1784069117495,1784069100,3,15,0,0,,,,,,,,,,,0,,,,,,,,,,,,,,,cancelled_opposing_structure,1784069760000
1127,L,0,1784068200,4051.64,4047.58,1784068500,1784069100,4052.15,4052.19,0,1784069483504,1784069460,0,1,0,0,1784069580,1784069460,8165,8168,1784069520,4053.19,4055.24,1784070300,,,0,,,,,,,,,,,,,,,cancelled_opposing_structure,1784070900000
1128,L,0,1784069100,4054.54,4052.19,1784069100,1784069700,4054.54,4054.68,0,1784070022186,1784070000,0,0,0,0,,,,,,,,,,,0,,,,,,,,,,,,,,,cancelled_opposing_structure,1784070900000
1125,L,0,1784066400,4054.85,4052.34,1784066700,1784067300,4054.85,4055.25,0,1784067671369,1784067660,0,1,1,1,1784068980,1784068920,8163,,1784068920,4050.88,4052.17,1784069400,1784069460000,4052.85,1,4050.07,pivot,4050.27,20,4058.41,0.32,1784069460000,4052.85,156,6,31,1784072652601,4050.05,sl,filled,1784069460000
1129,S,0,1784071200,4053.83,4052.20,1784071500,1784072100,4052.07,4052.73,0,1784073190191,1784073180,2,13,0,0,1784077800,1784077440,8180,8182,1784077740,4051.11,4051.30,,,,0,,,,,,,,,,,,,,,cancelled_opposing_structure,1784079180000
1130,L,0,1784072700,4051.17,4049.33,1784072700,1784073300,4051.17,4052.06,0,1784077816271,1784077800,2,70,1,1,1784079120,1784078820,8183,,1784078880,4051.06,4051.49,,,,0,,,,,,,,,,,,,,,cancelled_opposing_structure,1784079960000
1132,S,0,1784085900,4058.14,4054.95,1784086200,1784086800,4054.80,4055.25,0,1784087107460,1784087100,0,0,0,0,,,,,,,,,,,0,,,,,,,,,,,,,,,cancelled_opposing_structure,1784087700000
1131,L,0,1784081400,4049.53,4047.00,1784081700,1784082300,4048.54,4049.41,0,1784089992475,1784089980,24,123,2,1,,,,,,,,,,,0,,,,,,,,,,,,,,,cancelled_second_break,1784090340000
1124,L,0,1784065200,4054.30,4042.82,1784065500,1784066100,4050.55,4051.18,0,1784066400025,1784066400,0,0,0,0,1784067120,1784066640,8159,,1784067060,4054.32,4056.26,1784067300,1784067360056,4056.96,1,4042.62,ob,4042.82,20,4085.64,0.06,1784067360056,4056.96,155,3,16,1784090425844,4042.62,sl,filled,1784067360056
1121,S,0,1784062200,4063.41,4061.64,1784062500,1784063100,4062.26,4062.36,0,1784063688279,1784063640,0,4,0,0,1784064720,1784064600,8154,,1784064660,4056.20,4056.85,1784064960,1784065020043,4055.52,1,4063.85,ob,4063.41,20,4038.86,0.11,1784065020043,4055.52,153,5,27,1784090489675,4038.66,tp,filled,1784065020043
1135,L,0,1784092500,4036.86,4029.55,1784092800,1784093400,4032.56,4032.74,0,1784093700032,1784093700,0,0,0,0,1784093700,1784093520,8229,,1784093580,4035.59,4035.75,,,,0,,,,,,,,,,,,,,,cancelled_opposing_structure,1784096100000
1136,S,0,1784095200,4040.13,4034.52,1784095500,1784096100,4035.30,4036.02,0,1784097342117,1784097300,3,15,0,0,1784099100,1784098860,8243,,1784099040,4031.03,4031.33,,,,0,,,,,,,,,,,,,,,cancelled_opposing_structure,1784099940000
1137,S,0,1784097000,4033.58,4028.07,1784097300,1784097900,4032.17,4032.47,0,1784098200005,1784098200,0,0,1,0,1784099100,1784098860,8243,,1784099040,4031.03,4031.33,,,,0,,,,,,,,,,,,,,,cancelled_opposing_structure,1784099940000
1138,S,0,1784100300,4035.11,4032.93,1784100300,1784100900,4032.79,4032.93,0,1784101625849,1784101620,1,7,1,1,1784103060,1784102820,8259,,1784103000,4027.74,4029.21,1784103240,1784103300058,4026.10,1,4036.47,pivot,4036.03,20,4005.36,0.08,1784103300058,4026.10,162,7,35,1784104947168,4036.48,sl,filled,1784103300058
1139,S,0,1784102100,4033.39,4031.79,1784102400,1784103000,4031.47,4031.50,0,1784104796860,1784104740,4,24,1,1,,,,,,,,,,,0,,,,,,,,,,,,,,,cancelled_opposing_structure,1784105700000
1141,L,0,1784105100,4029.93,4027.37,1784105400,1784106000,4030.56,4030.76,0,1784106392371,1784106360,0,1,2,1,,,,,,,,,,,0,,,,,,,,,,,,,,,cancelled_second_break,1784107680000
1140,L,0,1784103900,4027.38,4024.75,1784104200,1784104800,4029.18,4029.39,0,1784105203374,1784105160,0,1,2,1,1784105640,1784105400,8269,,,,,,,,0,,,,,,,,,,,,,,,cancelled_second_break,1784107860000
1142,S,0,1784105700,4034.89,4028.12,1784106000,1784106600,4030.14,4030.76,0,1784107541149,1784107500,2,10,0,0,,,,,,,,,,,0,,,,,,,,,,,,,,,cancelled_opposing_structure,1784108160000
1143,L,0,1784107500,4028.63,4025.59,1784107800,1784108400,4028.18,4028.27,0,1784110457293,1784110440,5,29,0,0,,,,,,,,,,,0,,,,,,,,,,,,,,,cancelled_opposing_structure,1784111040000
1144,L,0,1784115300,4028.31,4024.63,1784115600,1784116200,4028.61,4028.81,0,1784118357004,1784118300,6,30,0,0,,,,,,,,,,,0,,,,,,,,,,,,,,,cancelled_opposing_structure,1784118960000
1145,S,0,1784121000,4035.98,4029.62,1784121300,1784121900,4030.08,4031.69,0,1784122279184,1784122260,0,1,0,0,,,,,,,,,,,0,,,,,,,,,,,,,,,cancelled_opposing_structure,1784124720000
1146,S,0,1784122500,4034.07,4030.06,1784122800,1784123400,4028.99,4030.18,0,1784124031741,1784124000,1,5,0,0,,,,,,,,,,,0,,,,,,,,,,,,,,,cancelled_opposing_structure,1784124720000
1134,S,0,1784091900,4041.86,4038.34,1784091900,1784092500,4036.86,4038.34,0,1784094005073,1784094000,4,20,0,0,1784096040,1784095500,8233,,1784095980,4034.73,4035.11,1784096220,1784096280010,4033.69,1,4042.29,ob,4041.86,20,4016.49,0.10,1784096280010,4033.69,161,11,58,1784127843522,4042.34,sl,filled,1784096280010
1133,S,0,1784089500,4056.78,4053.76,1784089500,1784090100,4050.78,4053.76,0,1784129583887,1784129580,130,653,2,1,,,,,,,,,,,0,,,,,,,,,,,,,,,cancelled_second_break,1784129820000
1122,S,0,1784063700,4063.09,4060.93,1784063700,1784064300,4059.04,4060.93,0,1784088001294,1784088000,66,390,0,0,1784090400,1784090100,8220,,1784090340,4041.26,4046.01,1784090820,1784090880028,4040.78,1,4063.52,ob,4063.09,20,3995.30,0.04,1784090880028,4040.78,160,75,438,1784129859688,4063.68,sl,filled,1784090880028
1149,L,0,1784136000,4063.17,4055.72,1784136300,1784136900,4059.63,4060.94,0,1784137200006,1784137200,0,0,2,1,,,,,,,,,,,0,,,,,,,,,,,,,,,cancelled_second_break,1784137680000
1148,S,0,1784135400,4065.57,4062.26,1784135700,1784136300,4059.63,4060.62,0,1784136846254,1784136840,0,4,0,0,1784137500,1784136900,8363,,1784137440,4055.47,4056.95,,,,0,,,,,,,,,,,,,,,cancelled_opposing_structure,1784138460000
1150,S,0,1784136600,4063.23,4057.64,1784136900,1784137500,4060.40,4060.94,0,1784137800042,1784137800,0,0,0,0,,,,,,,,,,,0,,,,,,,,,,,,,,,cancelled_opposing_structure,1784138460000
1147,S,0,1784131200,4072.71,4064.62,1784131500,1784132100,4066.53,4069.54,0,1784132400020,1784132400,0,0,0,0,1784132700,1784132340,8349,,1784132640,4059.04,4061.36,1784133060,1784133120022,4058.83,1,4073.14,ob,4072.71,20,4030.21,0.06,1784133120022,4058.83,166,2,12,1784144112722,4030.17,tp,filled,1784133120022
1153,S,0,1784143200,4037.78,4033.06,1784143500,1784144100,4031.41,4032.95,0,1784144808329,1784144760,1,6,1,0,,,,,,,,,,,0,,,,,,,,,,,,,,,cancelled_opposing_structure,1784145780000
1152,S,0,1784141400,4050.59,4046.80,1784141700,1784142300,4044.46,4046.36,0,1784147379069,1784147340,15,79,2,1,,,,,,,,,,,0,,,,,,,,,,,,,,,cancelled_second_break,1784147640000
1151,S,0,1784138100,4060.89,4055.74,1784138400,1784139000,4054.80,4058.21,0,1784147635491,1784147580,27,138,1,0,,,,,,,,,,,0,,,,,,,,,,,,,,,cancelled_opposing_structure,1784148240000
1158,L,0,1784149500,4070.24,4066.05,1784149800,1784150400,4068.35,4068.88,0,1784150814414,1784150760,0,1,2,1,1784150820,1784149920,8401,8405,1784150280,4068.70,4068.88,,,,0,,,,,,,,,,,,,,,cancelled_second_break,1784152080000
1157,L,0,1784148900,4063.94,4060.29,1784148900,1784149500,4063.94,4066.05,0,1784152208835,1784152200,8,40,1,0,,,,,,,,,,,0,,,,,,,,,,,,,,,cancelled_opposing_structure,1784152800000
1161,S,0,1784154300,4057.88,4054.56,1784154300,1784154900,4052.09,4054.56,0,1784156318186,1784156280,3,18,2,1,,,,,,,,,,,0,,,,,,,,,,,,,,,cancelled_second_break,1784156700000
1160,S,0,1784153400,4062.47,4059.24,1784153400,1784154000,4056.72,4059.24,0,1784157412544,1784157360,10,51,1,0,,,,,,,,,,,0,,,,,,,,,,,,,,,cancelled_opposing_structure,1784158800000
1162,L,0,1784156700,4058.08,4056.24,1784157000,1784157600,4057.73,4059.09,0,1784168347662,1784168340,22,174,0,0,,,,,,,,,,,0,,,,,,,,,,,,,,,cancelled_opposing_structure,1784169660000
1164,S,0,1784165100,4062.51,4061.39,1784165100,1784165700,4061.31,4061.39,0,1784167427379,1784167380,4,23,0,0,1784171220,1784170980,8456,,1784171160,4055.77,4056.25,1784171400,1784171460083,4055.36,1,4062.95,ob,4062.51,20,4040.18,0.11,1784171460083,4055.36,170,18,91,1784175486007,4040.07,tp,filled,1784171460083
1166,L,0,1784175900,4038.94,4033.88,1784175900,1784176500,4038.94,4040.52,0,1784177575581,1784177520,2,12,0,0,,,,,,,,,,,0,,,,,,,,,,,,,,,cancelled_opposing_structure,1784178240000
1156,L,0,1784146500,4036.81,4033.17,1784146500,1784147100,4036.81,4037.76,0,1784175852559,1784175840,82,474,0,0,1784176500,1784176260,8474,,1784176440,4041.49,4042.05,1784176620,1784176680025,4042.72,1,4032.97,ob,4033.17,20,4062.22,0.09,1784176680025,4042.72,172,85,488,1784178594762,4032.83,sl,filled,1784176680025
1155,L,0,1784145300,4034.20,4029.45,1784145300,1784145900,4034.20,4036.67,0,1784146528278,1784146500,1,5,0,0,1784148180,1784147940,8396,,1784148120,4059.74,4061.83,1784148300,1784148360040,4063.38,1,4029.25,ob,4029.45,20,4131.64,0.02,1784148360040,4063.38,168,7,36,1784178975116,4029.24,sl,filled,1784148360040
1154,L,0,1784144400,4031.74,4026.90,1784144400,1784145000,4031.74,4033.78,0,1784145366986,1784145360,0,1,0,0,1784148180,1784147940,8396,,1784148120,4059.74,4061.83,1784148660,1784148720046,4064.46,1,4026.70,ob,4026.90,20,4139.98,0.02,1784148720046,4064.46,169,11,57,1784180349233,4026.68,sl,filled,1784148720046
1168,S,0,1784179500,4034.97,4032.14,1784179800,1784180400,4028.40,4030.31,0,1784181483939,1784181480,2,13,0,0,,,,,,,,,,,0,,,,,,,,,,,,,,,cancelled_opposing_structure,1784182200000
1171,S,0,1784184900,4036.87,4035.34,1784184900,1784185500,4034.16,4035.34,0,1784185881747,1784185860,0,1,1,1,1784186880,1784186460,8507,,1784186580,4033.82,4034.36,,,,0,,,,,,,,,,,,,,,cancelled_opposing_structure,1784188200000
1170,L,0,1784182800,4030.76,4027.76,1784182800,1784183400,4030.76,4032.40,0,1784189146204,1784189100,18,90,2,1,,,,,,,,,,,0,,,,,,,,,,,,,,,cancelled_second_break,1784190300000
1172,S,0,1784188200,4035.02,4034.12,1784188200,1784188800,4033.95,4034.12,0,1784192717329,1784192700,12,60,2,1,,,,,,,,,,,0,,,,,,,,,,,,,,,cancelled_second_break,1784192880000
1173,L,0,1784191800,4030.64,4025.52,1784192100,1784192700,4029.16,4031.16,0,1784193387720,1784193360,1,6,0,0,,,,,,,,,,,0,,,,,,,,,,,,,,,cancelled_opposing_structure,1784194500000
1169,L,0,1784181000,4029.73,4024.69,1784181000,1784181600,4029.73,4030.16,0,1784182297600,1784182260,1,6,0,0,1784183220,1784182860,8494,,1784183160,4032.61,4033.13,1784183340,1784183400079,4034.16,1,4024.49,ob,4024.69,20,4053.50,0.09,1784183400079,4034.16,176,5,25,1784194505191,4024.46,sl,filled,1784183400079
1175,L,0,1784194500,4026.92,4023.01,1784194800,1784195400,4027.08,4027.82,0,1784196803854,1784196780,3,18,0,0,,,,,,,,,,,0,,,,,,,,,,,,,,,cancelled_opposing_structure,1784197860000
1174,S,0,1784193600,4031.72,4027.91,1784193900,1784194500,4026.92,4030.30,0,1784195266919,1784195220,1,7,0,0,1784197800,1784197200,8542,,,,,,,,0,,,,,,,,,,,,,,,cancelled_opposing_structure,1784199000000
1177,S,0,1784196300,4029.77,4028.02,1784196300,1784196900,4026.45,4028.02,0,1784198486893,1784198460,4,21,1,0,,,,,,,,,,,0,,,,,,,,,,,,,,,cancelled_opposing_structure,1784199000000
1176,S,0,1784195700,4031.40,4030.12,1784195700,1784196300,4029.77,4030.12,0,1784198883402,1784198880,7,38,1,0,,,,,,,,,,,0,,,,,,,,,,,,,,,cancelled_opposing_structure,1784199780000
1179,S,0,1784199300,4031.17,4028.08,1784199600,1784200200,4029.15,4029.55,0,1784200626721,1784200620,0,2,2,1,,,,,,,,,,,0,,,,,,,,,,,,,,,cancelled_second_break,1784200980000
1180,L,0,1784200200,4029.15,4025.46,1784200500,1784201100,4029.31,4031.24,0,1784210342997,1784210340,29,149,0,0,,,,,,,,,,,0,,,,,,,,,,,,,,,cancelled_opposing_structure,1784211240000
1178,L,0,1784197800,4025.37,4023.01,1784198100,1784198700,4025.71,4025.90,0,1784200572439,1784200560,5,26,0,0,1784203200,1784202900,8560,,1784203140,4035.74,4035.77,1784203320,1784203380077,4036.68,1,4022.81,ob,4023.01,20,4064.42,0.06,1784203380077,4036.68,178,14,73,1784211943597,4022.62,sl,filled,1784203380077
1182,S,0,1784209800,4032.23,4030.29,1784209800,1784210400,4030.15,4030.29,0,1784212555385,1784212500,6,30,2,1,,,,,,,,,,,0,,,,,,,,,,,,,,,cancelled_second_break,1784213040000
1181,S,0,1784203800,4037.45,4035.73,1784204100,1784204700,4033.88,4035.92,0,1784206490758,1784206440,4,24,0,0,1784206860,1784206440,8573,,1784206740,4031.65,4031.71,1784206920,1784206980116,4030.35,1,4037.89,ob,4037.45,20,4015.27,0.11,1784206980116,4030.35,179,6,33,1784213182136,4038.11,sl,filled,1784206980116
1167,S,0,1784177700,4041.02,4038.24,1784177700,1784178300,4036.76,4038.24,0,1784213200712,1784213160,115,576,2,1,,,,,,,,,,,0,,,,,,,,,,,,,,,cancelled_second_break,1784214240000
1183,L,0,1784211900,4027.56,4021.20,1784211900,1784212500,4027.56,4029.06,0,1784214916107,1784214900,7,35,2,1,,,,,,,,,,,0,,,,,,,,,,,,,,,cancelled_second_break,1784215500000
1104,L,0,1784003700,3998.74,3992.85,1784003700,1784004300,3998.74,3998.82,0,1784217005990,1784217000,684,3540,0,0,,,,,,,,,,,0,,,,,,,,,,,,,,,cancelled_opposing_structure,1784217480000
1187,S,0,1784219100,4006.17,3998.22,1784219100,1784219700,3993.80,3998.22,0,1784222830737,1784222820,9,47,0,0,,,,,,,,,,,0,,,,,,,,,,,,,,,cancelled_opposing_structure,1784223300000
1189,L,0,1784225400,3995.28,3989.33,1784225400,1784226000,3995.28,3998.53,0,1784229089558,1784229060,9,46,2,1,,,,,,,,,,,0,,,,,,,,,,,,,,,cancelled_second_break,1784230320000
1191,L,0,1784229600,3989.27,3982.46,1784229900,1784230500,3987.96,3989.02,0,1784230854446,1784230800,0,0,0,0,1784231400,1784231160,8649,8652,1784231340,3992.66,3994.05,1784231640,,,0,,,,,,,,,,,,,,,cancelled_opposing_structure,1784233620000
1188,L,0,1784219700,3993.80,3981.78,1784220000,1784220600,3989.53,3991.75,0,1784220902271,1784220900,0,0,0,0,1784221260,1784221020,8619,,1784221140,3991.05,3994.59,1784221380,1784221440051,3994.98,1,3981.58,ob,3981.78,20,4021.78,0.06,1784221440051,3994.98,182,1,9,1784234168313,3981.58,sl,filled,1784221440051
1193,S,0,1784233500,3988.46,3982.76,1784233800,1784234400,3983.13,3983.16,0,1784234786642,1784234760,0,1,0,0,,,,,,,,,,,0,,,,,,,,,,,,,,,cancelled_opposing_structure,1784236260000
1185,S,0,1784215500,4025.47,4016.78,1784215800,1784216400,4015.19,4019.84,0,1784226355930,1784226300,32,160,0,0,1784227560,1784227320,8638,,1784227380,4010.48,4011.56,1784227800,1784227860015,4010.34,1,4025.90,ob,4025.47,20,3979.22,0.05,1784227860015,4010.34,184,37,186,1784237695330,3979.21,tp,filled,1784227860015
1194,L,0,1784234400,3983.13,3980.02,1784234400,1784235000,3983.13,3984.37,0,1784237476761,1784237460,7,36,1,1,,,,,,,,,,,0,,,,,,,,,,,,,,,cancelled_opposing_structure,1784238960000
1196,L,0,1784237700,3979.35,3976.54,1784237700,1784238300,3979.35,3982.04,0,1784239214242,1784239200,2,10,0,0,1784239320,1784239200,8676,,1784239260,3982.68,3984.36,1784239440,1784239500167,3985.32,1,3976.34,ob,3976.54,20,4003.28,0.09,1784239500167,3985.32,188,3,15,1784241126609,3976.25,sl,filled,1784239500167
1186,L,0,1784217600,3996.82,3975.33,1784217900,1784218500,3986.25,3991.35,0,1784218800047,1784218800,0,0,0,0,1784221260,1784221020,8619,,1784221140,3991.05,3994.59,1784221440,1784221500071,3997.24,1,3975.13,ob,3975.33,20,4041.46,0.03,1784221500071,3997.24,183,9,45,1784241261457,3975.07,sl,filled,1784221500071
1197,S,0,1784240100,3982.66,3979.93,1784240400,1784241000,3979.55,3980.36,0,1784242402031,1784242380,3,18,0,0,1784243700,1784243520,8690,,1784243640,3974.47,3974.84,,,,0,,,,,,,,,,,,,,,cancelled_opposing_structure,1784245020000
1199,L,0,1784252400,3976.33,3973.40,1784252700,1784253300,3974.37,3975.16,0,1784253635917,1784253600,0,0,0,0,1784253600,1784252700,8707,,1784253420,3976.28,3977.12,1784253660,1784253720071,3978.01,1,3973.00,pivot,3973.20,20,3988.03,0.17,1784253720071,3978.01,191,0,2,1784258271292,3988.03,tp,filled,1784253720071
1195,S,0,1784236500,3988.60,3984.40,1784236800,1784237400,3986.38,3986.79,0,1784238312032,1784238300,2,10,0,0,1784238720,1784238660,8673,,1784238660,3981.49,3983.07,1784238960,1784239020102,3981.04,1,3989.03,ob,3988.60,20,3965.06,0.10,1784239020102,3981.04,187,4,22,1784258277779,3989.49,sl,filled,1784239020102
1202,S,0,1784258100,3990.93,3983.57,1784258400,1784259000,3985.07,3986.65,0,1784259409290,1784259360,0,1,1,0,,,,,,,,,,,0,,,,,,,,,,,,,,,cancelled_opposing_structure,1784260800000
1192,S,0,1784231400,3995.68,3991.21,1784231700,1784232300,3991.48,3991.87,0,1784260778691,1784260740,81,469,0,0,,,,,,,,,,,0,,,,,,,,,,,,,,,cancelled_opposing_structure,1784261820000
1203,L,0,1784259300,3984.59,3981.07,1784259600,1784260200,3982.76,3985.62,0,1784263766047,1784263740,10,54,2,1,,,,,,,,,,,0,,,,,,,,,,,,,,,cancelled_second_break,1784264040000
1201,L,0,1784256300,3981.57,3976.61,1784256600,1784257200,3980.86,3983.38,0,1784259092345,1784259060,5,26,0,0,1784259960,1784259840,8728,,1784259900,3984.17,3985.98,1784260140,1784260200024,3986.67,1,3976.41,ob,3976.61,20,4007.19,0.08,1784260200024,3986.67,196,9,45,1784266458250,3976.40,sl,filled,1784260200024
1200,L,0,1784255400,3978.73,3975.59,1784255400,1784256000,3978.73,3979.59,0,1784256339280,1784256300,0,0,0,0,1784258220,1784258040,8723,,1784258160,3986.20,3987.66,1784258340,1784258400103,3988.21,1,3975.39,ob,3975.59,20,4013.85,0.06,1784258400103,3988.21,195,7,35,1784266616344,3975.36,sl,filled,1784258400103
1198,L,0,1784244000,3973.23,3971.84,1784244000,1784244600,3973.23,3973.43,0,1784252731190,1784252700,14,130,0,0,1784256000,1784255580,8715,,1784255760,3979.58,3979.95,1784256060,1784256120109,3981.43,1,3971.64,ob,3971.84,20,4001.01,0.08,1784256120109,3981.43,192,25,187,1784266683435,3971.60,sl,filled,1784256120109
1204,S,0,1784265600,3983.81,3980.99,1784265900,1784266500,3978.84,3980.73,0,1784268122286,1784268120,4,22,1,0,,,,,,,,,,,0,,,,,,,,,,,,,,,cancelled_opposing_structure,1784269080000
1205,L,0,1784268600,3990.67,3987.63,1784268600,1784269200,3990.67,4002.55,0,1784271423493,1784271420,6,32,0,0,,,,,,,,,,,0,,,,,,,,,,,,,,,cancelled_opposing_structure,1784272200000
1207,S,0,1784270100,4000.48,3997.03,1784270400,1784271000,3995.93,3996.28,0,1784279479912,1784279460,27,136,1,0,,,,,,,,,,,0,,,,,,,,,,,,,,,cancelled_opposing_structure,1784280120000
1206,S,0,1784269200,4008.60,4002.55,1784269200,1784269800,4001.49,4002.55,0,1784280007718,1784280000,33,165,0,0,,,,,,,,,,,0,,,,,,,,,,,,,,,cancelled_opposing_structure,1784280840000
1210,L,0,1784285700,3995.76,3992.68,1784285700,1784286300,3995.76,3996.50,0,1784286641310,1784286600,0,0,2,1,,,,,,,,,,,0,,,,,,,,,,,,,,,cancelled_second_break,1784286840000
1211,S,0,1784286000,3999.83,3992.30,1784286300,1784286900,3994.65,3996.50,0,1784287263687,1784287260,0,1,0,0,1784287260,1784286240,8812,,1784286900,3992.97,3993.17,,,,0,,,,,,,,,,,,,,,cancelled_opposing_structure,1784290500000
1212,L,0,1784288100,3992.05,3987.86,1784288400,1784289000,3993.32,3993.96,0,1784296278796,1784296260,23,116,0,0,,,,,,,,,,,0,,,,,,,,,,,,,,,cancelled_opposing_structure,1784296800000
1214,S,0,1784295600,3996.68,3993.96,1784295900,1784296500,3993.86,3995.22,0,1784296883073,1784296860,0,1,1,1,1784298780,1784298600,8855,,1784298660,3992.86,3993.43,1784298900,,,0,,,,,,,,,,,,,,,cancelled_opposing_structure,1784300160000
1208,L,0,1784279100,3992.98,3988.02,1784279100,1784279700,3992.98,3997.87,0,1784285880026,1784285880,19,98,0,0,1784286240,1784286000,8811,,1784286180,3997.01,3997.22,1784286360,1784286420134,3998.67,1,3987.82,ob,3988.02,20,4020.37,0.07,1784286420134,3998.67,201,21,107,1784301630539,3987.63,sl,filled,1784286420134
1213,S,0,1784290800,4002.22,3995.58,1784291100,1784291700,3997.99,3998.19,0,1784292000199,1784292000,0,0,0,0,1784292360,1784292120,8831,,1784292300,3995.35,3995.72,1784292600,1784292660054,3995.17,1,4002.66,ob,4002.22,20,3980.19,0.11,1784292660054,3995.17,202,2,11,1784302672565,3980.19,tp,filled,1784292660054
1215,S,0,1784299800,3998.73,3993.05,1784300100,1784300700,3991.65,3993.53,0,1784301057439,1784301000,0,0,0,0,1784301600,1784301540,8866,,1784301540,3988.05,3991.05,1784302200,1784302260008,3986.40,1,3999.16,ob,3998.73,20,3960.88,0.06,1784302260008,3986.40,204,4,21,1784304098374,3960.84,tp,filled,1784302260008
1190,S,0,1784227500,4011.50,4008.28,1784227800,1784228400,4007.60,4008.44,0,1784269229322,1784269200,123,675,0,0,1784270880,1784270280,8759,,1784270820,3995.27,3996.86,1784271000,1784271060377,3994.74,1,4011.93,ob,4011.50,20,3960.36,0.04,1784271060377,3994.74,200,129,706,1784304102620,3960.09,tp,filled,1784271060377
802,L,0,1782901800,3964.99,3960.72,1782901800,1782902400,3964.99,3968.36,0,1784303427032,1784303400,3325,23345,0,0,,,,,,,,,,,0,,,,,,,,,,,,,,,cancelled_opposing_structure,1784304120000
1217,S,0,1784301900,3987.80,3984.40,1784301900,1784302500,3983.07,3984.40,0,1784306286214,1784306280,11,58,2,1,,,,,,,,,,,0,,,,,,,,,,,,,,,cancelled_second_break,1784306520000
1216,S,0,1784301300,3992.25,3988.85,1784301300,1784301900,3987.80,3988.85,0,1784306308820,1784306280,13,68,2,1,,,,,,,,,,,0,,,,,,,,,,,,,,,cancelled_second_break,1784307480000
1209,S,0,1784280600,4007.13,4003.48,1784280600,1784281200,4000.00,4003.48,0,1784306371291,1784306340,82,414,0,0,,,,,,,,,,,0,,,,,,,,,,,,,,,cancelled_opposing_structure,1784307600000
1221,L,0,1784318100,4016.27,4014.56,1784318100,1784318700,4016.27,4016.35,0,1784319136345,1784319120,0,2,2,1,,,,,,,,,,,0,,,,,,,,,,,,,,,cancelled_second_break,1784319540000
1223,S,0,1784319600,4015.56,4012.45,1784319900,1784320500,4012.98,4013.30,0,1784321381323,1784321340,1,9,0,0,1784321460,1784321400,8936,,1784321400,4009.38,4010.32,1784321640,1784321700032,4009.36,1,4016.00,ob,4015.56,20,3996.08,0.13,1784321700032,4009.36,209,3,15,1784323794714,4016.04,sl,filled,1784321700032
1224,L,0,1784324700,4008.94,4006.55,1784324700,1784325300,4008.94,4009.94,0,1784325665704,1784325660,0,1,2,1,,,,,,,,,,,0,,,,,,,,,,,,,,,cancelled_second_break,1784326560000
1225,S,0,1784325300,4012.22,4009.94,1784325300,1784325900,4008.31,4009.94,0,1784328298202,1784328240,6,34,2,1,,,,,,,,,,,0,,,,,,,,,,,,,,,cancelled_second_break,1784328780000
1226,L,0,1784326800,4006.26,4002.29,1784327100,1784327700,4005.51,4005.74,0,1784328003186,1784328000,0,0,0,0,1784328180,1784327940,8961,8965,1784328120,4008.88,4009.11,,,,0,,,,,,,,,,,,,,,cancelled_opposing_structure,1784329920000
1227,S,0,1784328600,4015.79,4010.46,1784328900,1784329500,4013.93,4014.72,0,1784329800124,1784329800,0,0,0,0,1784331120,1784330940,8969,,1784331000,4009.99,4010.03,1784331360,1784331420013,4009.89,1,4016.27,ob,4015.79,20,3997.13,0.13,1784331420013,4009.89,211,5,27,1784331987874,4016.31,sl,filled,1784331420013
1220,S,0,1784317500,4020.13,4016.39,1784317500,1784318100,4016.27,4016.39,0,1784318411466,1784318400,0,0,0,0,1784319120,1784318820,8928,,1784319060,4014.82,4016.36,1784319480,1784319540042,4013.84,1,4020.56,ob,4020.13,20,4000.40,0.13,1784319540042,4013.84,208,3,19,1784509260840,3999.67,tp,filled,1784319540042
1228,L,0,1784331000,4010.99,4008.60,1784331300,1784331900,4010.81,4013.21,0,1784509200669,1784509200,2,2950,1,0,,,,,,,,,,,0,,,,,,,,,,,,,,,cancelled_opposing_structure,1784511060000
1219,L,0,1784310600,3998.94,3993.21,1784310900,1784311500,4001.33,4003.05,0,1784509290871,1784509260,70,3291,0,0,,,,,,,,,,,0,,,,,,,,,,,,,,,cancelled_opposing_structure,1784511060000
1231,S,0,1784511900,3998.39,3995.89,1784512200,1784512800,3995.58,3996.61,0,1784515940423,1784515920,9,47,0,0,1784516400,1784516400,9000,,,,,,,,0,,,,,,,,,,,,,,,cancelled_opposing_structure,1784517300000
1232,S,0,1784516100,3995.62,3992.74,1784516100,1784516700,3991.71,3992.74,0,1784517185124,1784517180,0,3,2,1,,,,,,,,,,,0,,,,,,,,,,,,,,,cancelled_second_break,1784517360000
1222,S,0,1784318700,4018.43,4016.35,1784318700,1784319300,4015.38,4016.35,0,1784329016720,1784328960,31,156,0,0,1784513580,1784513040,8986,,1784513460,3992.44,3993.21,1784513820,1784513880084,3991.44,1,4018.86,ob,4018.43,20,3936.60,0.03,1784513880084,3991.44,214,59,3238,1784520659688,4019.12,sl,filled,1784513880084
1229,S,0,1784332200,4018.40,4015.33,1784332200,1784509200,4007.52,4015.33,0,1784520120655,1784520120,35,177,1,1,1784522580,1784521980,9020,,1784522520,3997.96,3999.25,,,,0,,,,,,,,,,,,,,,cancelled_opposing_structure,1784523780000
1230,S,0,1784332500,4018.32,4015.72,1784332500,1784509500,4002.22,4015.72,0,1784520144343,1784520120,34,172,1,1,1784522580,1784521980,9020,,1784522520,3997.96,3999.25,,,,0,,,,,,,,,,,,,,,cancelled_opposing_structure,1784523780000
1234,S,0,1784520300,4016.92,4010.21,1784520600,1784521200,4004.94,4009.21,0,1784525543726,1784525520,13,67,0,0,,,,,,,,,,,0,,,,,,,,,,,,,,,cancelled_opposing_structure,1784526300000
1238,L,0,1784529000,4024.84,4018.90,1784529300,1784529900,4025.53,4025.93,0,1784530441560,1784530440,0,4,0,0,,,,,,,,,,,0,,,,,,,,,,,,,,,cancelled_opposing_structure,1784531640000
1237,L,0,1784527500,4021.83,4018.55,1784527500,1784528100,4021.83,4023.29,0,1784528896311,1784528880,1,8,0,0,1784529720,1784529300,9040,,1784529660,4025.26,4026.49,1784529840,1784529900010,4027.39,1,4018.35,ob,4018.55,20,4045.47,0.09,1784529900010,4027.39,217,5,25,1784534602877,4018.32,sl,filled,1784529900010
1240,S,0,1784530800,4026.68,4023.92,1784531100,1784531700,4023.50,4023.99,0,1784532054044,1784532000,0,0,0,0,1784533500,1784533140,9051,,1784533440,4020.92,4022.65,1784533680,1784533740052,4020.30,1,4027.11,ob,4026.68,20,4006.68,0.12,1784533740052,4020.30,218,5,29,1784537367358,4006.66,tp,filled,1784533740052
1236,L,0,1784525100,4008.78,4006.21,1784525100,1784525700,4008.78,4010.43,0,1784536518679,1784536500,35,175,1,0,,,,,,,,,,,0,,,,,,,,,,,,,,,cancelled_opposing_structure,1784537400000
1241,S,0,1784538900,4009.50,4006.44,1784539200,1784539800,4005.61,4006.87,0,1784540751758,1784540700,2,10,0,0,1784541180,1784541000,9080,9084,1784541060,4005.50,4006.24,1784541780,,,0,,,,,,,,,,,,,,,cancelled_opposing_structure,1784542980000
1242,S,0,1784541900,4006.89,4004.88,1784541900,1784542500,4004.63,4004.88,0,1784542941833,1784542920,0,2,2,1,,,,,,,,,,,0,,,,,,,,,,,,,,,cancelled_second_break,1784543100000
1235,L,0,1784523000,4003.95,3997.79,1784523300,1784523900,4004.01,4004.78,0,1784539936251,1784539920,52,262,0,0,1784540700,1784540640,9079,,1784540640,4005.10,4006.35,1784540880,1784540940389,4007.06,1,3997.59,ob,3997.79,20,4026.00,0.09,1784540940389,4007.06,222,55,279,1784546187694,4026.26,tp,filled,1784540940389
1239,S,0,1784529600,4027.90,4024.44,1784529900,1784530500,4024.70,4025.93,0,1784530807054,1784530800,0,0,0,0,1784534100,1784533800,9053,9057,1784534040,4019.69,4021.02,1784534580,1784534640123,4018.56,1,4028.33,ob,4027.90,20,3999.02,0.08,1784534640123,4018.56,220,12,64,1784546693795,4028.34,sl,filled,1784534640123
1244,L,0,1784545500,4023.30,4018.67,1784545500,1784546100,4023.30,4023.63,0,1784546575066,1784546520,0,2,1,0,1784546640,1784546580,9097,,1784546580,4024.76,4026.50,,,,0,,,,,,,,,,,,,,,cancelled_opposing_structure,1784548380000
1246,S,0,1784549700,4022.07,4019.34,1784550000,1784550600,4018.75,4019.10,0,1784550910829,1784550900,0,0,1,1,,,,,,,,,,,0,,,,,,,,,,,,,,,cancelled_opposing_structure,1784551980000
1245,S,0,1784546400,4030.66,4023.12,1784546400,1784547000,4022.12,4023.12,0,1784547449241,1784547420,0,2,0,0,1784548260,1784548140,9102,,1784548200,4019.36,4020.23,1784548620,1784548680056,4019.16,1,4031.09,ob,4030.66,20,3995.30,0.07,1784548680056,4019.16,225,4,23,1784557833481,4031.33,sl,filled,1784548680056
1247,L,0,1784550300,4019.88,4015.56,1784550600,1784551200,4018.75,4018.97,0,1784551500155,1784551500,0,0,0,0,1784551740,1784551560,9114,,1784551560,4019.09,4020.02,1784551920,1784551980026,4021.36,1,4015.36,ob,4015.56,20,4033.36,0.14,1784551980026,4021.36,226,1,8,1784557838272,4033.51,tp,filled,1784551980026
1248,S,0,1784556000,4027.31,4022.88,1784556000,1784556600,4022.86,4022.88,0,1784556901661,1784556900,0,0,1,0,,,,,,,,,,,0,,,,,,,,,,,,,,,cancelled_opposing_structure,1784557860000
1249,L,0,1784557200,4023.13,4021.13,1784557500,1784558100,4023.69,4029.43,0,1784559610560,1784559600,4,20,1,0,,,,,,,,,,,0,,,,,,,,,,,,,,,cancelled_opposing_structure,1784560500000
1243,L,0,1784543100,4008.57,4003.43,1784543100,1784543700,4008.57,4012.86,0,1784560937485,1784560920,56,282,0,0,1784561700,1784561520,9157,,,,,,,,0,,,,,,,,,,,,,,,cancelled_opposing_structure,1784565000000
1253,S,0,1784571900,4016.59,4014.75,1784571900,1784572500,4014.46,4014.75,0,1784573198354,1784573160,1,6,0,0,,,,,,,,,,,0,,,,,,,,,,,,,,,cancelled_opposing_structure,1784574360000
1255,L,0,1784573700,4015.05,4011.76,1784573700,1784574300,4015.05,4015.09,0,1784574806996,1784574780,0,3,2,1,,,,,,,,,,,0,,,,,,,,,,,,,,,cancelled_second_break,1784575860000
1254,L,0,1784572500,4014.46,4010.30,1784572800,1784573400,4012.98,4014.17,0,1784573700022,1784573700,0,0,1,1,1784574300,1784574000,9198,,1784574240,4015.57,4016.14,,,,0,,,,,,,,,,,,,,,cancelled_opposing_structure,1784576040000
1257,L,0,1784577000,4008.97,4007.31,1784577000,1784577600,4008.97,4009.72,0,1784578526554,1784578500,2,10,0,0,,,,,,,,,,,0,,,,,,,,,,,,,,,cancelled_opposing_structure,1784580000000
1252,L,0,1784570100,4008.13,4005.10,1784570400,1784571000,4010.79,4012.40,0,1784576483575,1784576460,17,86,0,0,1784577600,1784577000,9207,,1784577540,4010.38,4010.58,1784577720,1784577780072,4011.90,1,4004.90,ob,4005.10,20,4025.90,0.12,1784577780072,4011.90,230,21,108,1784580646494,4004.86,sl,filled,1784577780072
1258,S,0,1784579400,4012.92,4010.67,1784579400,1784580000,4010.48,4010.67,0,1784581829347,1784581800,5,25,0,0,,,,,,,,,,,0,,,,,,,,,,,,,,,cancelled_opposing_structure,1784583960000
1260,S,0,1784581500,4009.83,4007.18,1784581800,1784582400,4008.29,4008.33,0,1784582945946,1784582940,0,4,0,0,,,,,,,,,,,0,,,,,,,,,,,,,,,cancelled_opposing_structure,1784583960000
1259,L,0,1784580600,4005.99,4003.82,1784580900,1784581500,4005.52,4007.18,0,1784582550918,1784582520,2,12,0,0,1784583900,1784583240,9225,9230,1784583240,4005.20,4005.32,,,,0,,,,,,,,,,,,,,,cancelled_opposing_structure,1784585160000
1262,L,0,1784586000,4010.20,4007.88,1784586000,1784586600,4010.20,4011.96,0,1784587036524,1784587020,0,2,2,1,,,,,,,,,,,0,,,,,,,,,,,,,,,cancelled_second_break,1784588160000
1256,S,0,1784574300,4018.34,4015.09,1784574300,1784574900,4014.35,4015.09,0,1784586603591,1784586600,38,190,0,0,1784591160,1784590860,9251,,1784591100,4008.10,4008.17,,,,0,,,,,,,,,,,,,,,cancelled_opposing_structure,1784595840000
1264,S,0,1784591700,4008.64,4007.31,1784595600,1784596200,4007.68,4008.05,0,1784596732416,1784596680,0,3,2,1,1784596800,1784596680,9259,,1784596740,4006.56,4006.75,,,,0,,,,,,,,,,,,,,,cancelled_second_break,1784597220000
1261,L,0,1784585400,4007.39,4004.36,1784585400,1784586000,4007.39,4007.88,0,1784586302194,1784586300,0,0,0,0,1784589660,1784589240,9245,9247,1784589540,4007.36,4007.95,1784590320,1784590381856,4009.16,1,4004.16,ob,4004.36,20,4019.16,0.17,1784590381856,4009.16,232,13,68,1784598133736,4004.15,sl,filled,1784590381856
1263,S,0,1784586600,4017.86,4011.96,1784586600,1784587200,4011.02,4011.96,0,1784603620150,1784603580,41,268,0,0,,,,,,,,,,,0,,,,,,,,,,,,,,,cancelled_opposing_structure,1784604060000
1251,S,0,1784559000,4028.48,4025.42,1784559000,1784559600,4025.30,4025.42,0,1784605900002,1784605860,141,766,2,1,1784606400,1784606340,9290,,,,,,,,0,,,,,,,,,,,,,,,cancelled_second_break,1784607360000
1265,L,0,1784598900,4002.69,3999.75,1784598900,1784599500,4002.69,4004.21,0,1784599822578,1784599800,0,0,0,0,1784602620,1784601900,9276,,1784602560,4008.34,4008.42,1784602740,1784602800015,4010.13,1,3999.55,ob,3999.75,20,4031.29,0.08,1784602800015,4010.13,234,10,50,1784607392596,4031.30,tp,filled,1784602800015
1266,L,0,1784604300,4018.45,4014.41,1784604600,1784605200,4017.95,4018.25,0,1784606416941,1784606400,3,15,0,0,1784607480,1784606820,9294,,,,,1784607180,,,0,,,,,,,,,,,,,,,cancelled_opposing_structure,1784608740000
1267,L,0,1784606400,4025.78,4018.31,1784606400,1784607000,4025.78,4026.45,0,1784608694600,1784608680,4,23,0,0,1784609640,1784609280,9304,,,,,,,,0,,,,,,,,,,,,,,,cancelled_opposing_structure,1784611140000
1269,S,0,1784609400,4028.26,4024.86,1784609400,1784610000,4024.29,4024.86,0,1784610399169,1784610360,0,1,2,1,1784611140,1784610960,9309,,1784611020,4023.72,4024.34,,,,0,,,,,,,,,,,,,,,cancelled_second_break,1784611860000
1268,S,0,1784608200,4030.79,4026.88,1784608200,1784608800,4026.36,4026.88,0,1784609538923,1784609520,1,7,1,1,1784611140,1784610960,9309,,1784611020,4023.72,4024.34,1784610240,,,0,,,,,,,,,,,,,,,cancelled_opposing_structure,1784611920000
1250,S,0,1784558400,4033.30,4029.32,1784558400,1784559000,4028.48,4029.32,0,1784607275335,1784607240,147,799,1,1,1784608620,1784608500,9299,9302,1784608560,4026.93,4028.13,1784609580,1784609640138,4026.15,1,4033.74,ob,4033.30,20,4010.97,0.11,1784609640138,4026.15,236,155,839,1784612164478,4033.81,sl,filled,1784609640138
1184,S,0,1784214000,4043.31,4036.16,1784214000,1784214600,4033.30,4036.16,0,1784557838456,1784557800,543,5715,0,0,1784560380,1784560200,9152,,1784560320,4012.97,4014.37,1784560500,1784560560130,4011.11,1,4043.74,ob,4043.31,20,3945.85,0.02,1784560560130,4011.11,229,552,5761,1784612194970,4043.95,sl,filled,1784560560130
1271,S,0,1784612100,4044.91,4030.08,1784612400,1784613000,4034.98,4035.17,0,1784613300115,1784613300,0,0,0,0,1784614500,1784614260,9321,,1784614380,4038.13,4038.96,1784614620,1784614680023,4037.53,1,4045.35,ob,4044.91,20,4021.89,0.11,1784614680023,4037.53,239,4,23,1784615180229,4045.87,sl,filled,1784614680023
1274,S,0,1784615100,4051.20,4041.41,1784615400,1784616000,4044.40,4044.68,0,1784616300020,1784616300,0,0,0,0,1784616300,1784615880,9326,,1784616060,4043.01,4043.31,1784616360,1784616420206,4042.68,1,4051.64,ob,4051.20,20,4024.76,0.09,1784616420206,4042.68,241,0,2,1784617584157,4051.66,sl,filled,1784616420206
1276,S,0,1784617500,4051.69,4047.09,1784617500,1784618100,4046.39,4047.09,0,1784619775851,1784619720,4,22,0,0,,,,,,,,,,,0,,,,,,,,,,,,,,,cancelled_opposing_structure,1784620620000
1233,L,0,1784516400,3995.71,3982.68,1784516700,1784517300,3991.71,3993.74,0,1784522621295,1784522580,16,83,0,0,1784523720,1784523240,9024,,1784523660,4003.78,4006.65,1784523960,1784524020026,4007.24,1,3982.48,ob,3982.68,20,4056.76,0.03,1784524020026,4007.24,216,21,107,1784622605769,4056.90,tp,filled,1784524020026
1275,L,0,1784616000,4044.40,4041.80,1784616000,1784616600,4044.40,4044.93,0,1784618352707,1784618340,4,24,0,0,1784619720,1784619660,9340,,1784619660,4045.91,4046.63,1784620020,1784620080040,4047.61,1,4041.60,ob,4041.80,20,4059.63,0.14,1784620080040,4047.61,243,10,53,1784622788275,4059.77,tp,filled,1784620080040
1165,S,0,1784173500,4059.96,4054.93,1784173500,1784174100,4053.65,4054.93,0,1784622336738,1784622300,881,7465,2,1,,,,,,,,,,,0,,,,,,,,,,,,,,,cancelled_second_break,1784623200000
1163,S,0,1784164200,4064.69,4063.14,1784164500,1784165100,4062.51,4062.68,0,1784623257237,1784623200,914,7630,2,1,,,,,,,,,,,0,,,,,,,,,,,,,,,cancelled_second_break,1784623500000
1159,S,0,1784150700,4075.22,4069.52,1784151000,1784151600,4071.04,4072.35,0,1784625077752,1784625060,953,7886,0,0,,,,,,,,,,,0,,,,,,,,,,,,,,,cancelled_opposing_structure,1784625840000
1277,L,0,1784619900,4047.76,4045.68,1784620200,1784620800,4047.40,4048.44,0,1784621130537,1784621100,0,0,0,0,1784622600,1784622420,9350,,1784622540,4055.13,4056.33,1784622720,1784622780036,4057.53,1,4045.48,ob,4045.68,20,4081.63,0.07,1784622780036,4057.53,245,5,28,1784627320923,4081.65,tp,filled,1784622780036
1280,S,0,1784628900,4073.48,4071.05,1784628900,1784629500,4071.04,4071.05,0,1784629981373,1784629980,0,3,2,1,,,,,,,,,,,0,,,,,,,,,,,,,,,cancelled_second_break,1784630220000
1281,L,0,1784629500,4071.04,4068.33,1784629500,1784630100,4071.04,4072.68,0,1784630766581,1784630760,1,6,0,0,,,,,,,,,,,0,,,,,,,,,,,,,,,cancelled_opposing_structure,1784631660000
1279,L,0,1784624100,4064.69,4061.24,1784624400,1784625000,4066.55,4066.74,0,1784632862395,1784632860,25,126,1,0,,,,,,,,,,,0,,,,,,,,,,,,,,,cancelled_opposing_structure,1784633820000
1282,S,0,1784629800,4073.75,4067.67,1784630100,1784630700,4072.59,4072.68,0,1784631000034,1784631000,0,0,0,0,1784634360,1784634060,9382,,1784634300,4060.83,4060.97,,,,0,,,,,,,,,,,,,,,cancelled_opposing_structure,1784635320000
1284,S,0,1784632200,4068.51,4065.88,1784632500,1784633100,4064.75,4066.12,0,1784635445395,1784635440,6,34,0,0,,,,,,,,,,,0,,,,,,,,,,,,,,,cancelled_opposing_structure,1784636460000
1286,S,0,1784638200,4069.64,4064.47,1784638500,1784639100,4064.23,4065.78,0,1784639432964,1784639400,0,0,0,0,1784639400,1784638920,9398,,,,,,,,0,,,,,,,,,,,,,,,cancelled_opposing_structure,1784640360000
1287,L,0,1784639100,4064.23,4061.61,1784639100,1784639700,4064.23,4064.99,0,1784641677203,1784641620,5,27,0,0,,,,,,,,,,,0,,,,,,,,,,,,,,,cancelled_opposing_structure,1784642280000
1285,L,0,1784637600,4062.90,4061.10,1784637600,1784638200,4062.90,4064.47,0,1784639241014,1784639220,2,12,0,0,1784639460,1784639400,9399,,1784639400,4064.99,4066.17,1784639760,1784639820089,4066.87,1,4060.77,pivot,4060.97,20,4079.07,0.15,1784639820089,4066.87,248,4,22,1784642460332,4060.70,sl,filled,1784639820089
1283,S,0,1784631300,4071.76,4069.88,1784631300,1784631900,4069.71,4069.88,0,1784640997427,1784640960,29,146,0,0,1784642220,1784641980,9409,9412,1784642160,4063.86,4064.11,,,,0,,,,,,,,,,,,,,,cancelled_opposing_structure,1784644560000
1290,S,0,1784644500,4061.16,4058.71,1784644500,1784645100,4057.87,4058.71,0,1784646039311,1784646000,2,10,1,0,,,,,,,,,,,0,,,,,,,,,,,,,,,cancelled_opposing_structure,1784647440000
1291,L,0,1784645700,4057.04,4054.98,1784645700,1784646300,4057.04,4058.16,0,1784646637311,1784646600,0,0,0,0,1784647380,1784646960,9421,,1784647320,4060.76,4061.65,1784647560,1784647620007,4063.46,1,4054.78,ob,4054.98,20,4080.82,0.10,1784647620007,4063.46,250,3,17,1784648240484,4054.78,sl,filled,1784647620007
1292,L,0,1784646900,4060.19,4055.73,1784646900,1784647500,4060.19,4060.70,0,1784648057462,1784648040,0,4,2,1,,,,,,,,,,,0,,,,,,,,,,,,,,,cancelled_second_break,1784648280000
1278,L,0,1784621700,4053.50,4048.97,1784622000,1784622600,4051.45,4054.52,0,1784648502964,1784648460,85,426,0,0,1784648820,1784648640,9429,,1784648760,4055.98,4057.39,,,,0,,,,,,,,,,,,,,,cancelled_opposing_structure,1784651100000
1294,L,0,1784649300,4055.87,4052.87,1784649300,1784649900,4055.87,4056.91,0,1784650663704,1784650620,1,7,2,1,,,,,,,,,,,0,,,,,,,,,,,,,,,cancelled_second_break,1784651340000
1296,S,0,1784651400,4057.36,4047.61,1784651700,1784652300,4050.49,4051.12,0,1784652600063,1784652600,0,0,0,0,,,,,,,,,,,0,,,,,,,,,,,,,,,cancelled_opposing_structure,1784653140000
1295,S,0,1784650200,4060.41,4056.79,1784650500,1784651100,4054.59,4054.65,0,1784651689015,1784651640,0,4,0,0,1784652180,1784651640,9439,,1784652120,4047.12,4047.69,1784652300,1784652360076,4045.75,1,4060.85,ob,4060.41,20,4015.55,0.05,1784652360076,4045.75,254,3,16,1784653867284,4060.95,sl,filled,1784652360076
1293,S,0,1784647200,4065.70,4057.81,1784647500,1784648100,4059.48,4060.70,0,1784648887191,1784648880,1,8,0,0,1784650620,1784650500,9436,,1784650560,4056.49,4056.91,1784650800,1784650860001,4055.52,1,4066.13,ob,4065.70,20,4034.30,0.08,1784650860001,4055.52,252,8,41,1784654036119,4066.15,sl,filled,1784650860001
1289,S,0,1784641800,4066.29,4062.95,1784642100,1784642700,4058.98,4062.56,0,1784647475632,1784647440,14,74,0,0,1784650620,1784650500,9436,,1784650560,4056.49,4056.91,1784650980,1784651040000,4054.12,1,4066.72,ob,4066.29,20,4028.92,0.07,1784651040000,4054.12,253,26,134,1784654309286,4067.10,sl,filled,1784651040000
1288,S,0,1784640900,4070.14,4068.04,1784641200,1784641800,4066.29,4066.78,0,1784654738623,1784654700,42,210,2,1,,,,,,,,,,,0,,,,,,,,,,,,,,,cancelled_second_break,1784657460000
1300,L,0,1784658300,4078.30,4075.72,1784658300,1784658900,4078.30,4078.79,0,1784659295185,1784659260,0,1,2,1,,,,,,,,,,,0,,,,,,,,,,,,,,,cancelled_second_break,1784659620000
1301,S,0,1784658600,4082.71,4076.04,1784658900,1784659500,4076.03,4078.79,0,1784659943094,1784659920,0,2,0,0,,,,,,,,,,,0,,,,,,,,,,,,,,,cancelled_opposing_structure,1784661240000
1299,L,0,1784656800,4070.96,4067.77,1784657100,1784657700,4070.36,4073.28,0,1784663225632,1784663220,17,87,0,0,,,,,,,,,,,0,,,,,,,,,,,,,,,cancelled_opposing_structure,1784665020000
1302,S,0,1784665500,4072.77,4070.93,1784665500,1784666100,4070.38,4070.93,0,1784668087343,1784668080,5,28,1,0,,,,,,,,,,,0,,,,,,,,,,,,,,,cancelled_opposing_structure,1784668800000
1306,S,0,1784671200,4085.29,4082.24,1784671200,1784671800,4081.74,4082.24,0,1784672220171,1784672220,0,2,0,0,,,,,,,,,,,0,,,,,,,,,,,,,,,cancelled_opposing_structure,1784672880000
1308,S,0,1784672700,4085.27,4083.63,1784672700,1784673300,4083.54,4083.63,0,1784673666378,1784673660,0,1,1,0,,,,,,,,,,,0,,,,,,,,,,,,,,,cancelled_opposing_structure,1784675220000
1305,L,0,1784670300,4082.57,4080.31,1784670600,1784671200,4081.42,4082.24,0,1784671695428,1784671680,0,3,1,1,1784674020,1784673960,9513,,,,,,,,0,,,,,,,,,,,,,,,cancelled_opposing_structure,1784676060000
1307,L,0,1784671800,4081.74,4080.06,1784671800,1784672400,4081.74,4082.38,0,1784676028642,1784676000,11,55,2,1,1784676600,1784676540,9522,,1784676540,4082.80,4083.54,,,,0,,,,,,,,,,,,,,,cancelled_second_break,1784682060000
1309,S,0,1784676600,4085.32,4082.77,1784676600,1784677200,4082.00,4082.77,0,1784683723593,1784683680,8,103,0,0,1784684820,1784684280,9532,9536,1784684760,4082.73,4082.85,,,,0,,,,,,,,,,,,,,,cancelled_opposing_structure,1784685960000
1310,L,0,1784682300,4079.70,4077.09,1784682600,1784683200,4079.24,4080.10,0,1784685122660,1784685120,5,27,0,0,1784686680,1784685960,9538,,1784686620,4081.54,4082.08,,,,0,,,,,,,,,,,,,,,cancelled_opposing_structure,1784688300000
1118,S,0,1784053200,4090.23,4085.48,1784053500,1784054100,4082.31,4082.50,0,1784669122757,1784669100,1413,10245,0,0,1784670420,1784670180,9502,,1784670360,4081.06,4081.60,1784670540,1784670600008,4080.73,1,4090.67,ob,4090.23,20,4060.85,0.08,1784670600008,4080.73,259,1418,10270,1784689821299,4090.76,sl,filled,1784670600008
1311,S,0,1784684100,4085.00,4082.82,1784684400,1784685000,4082.02,4083.88,0,1784688364580,1784688360,10,51,1,0,1784689200,1784688360,9547,,1784689140,4077.89,4080.35,,,,0,,,,,,,,,,,,,,,cancelled_opposing_structure,1784691000000
1065,S,0,1783727400,4120.04,4113.07,1783727400,1783904400,4103.40,4113.07,0,1784693071824,1784693040,1967,13139,1,1,,,,,,,,,,,0,,,,,,,,,,,,,,,cancelled_opposing_structure,1784695140000
1066,S,0,1783727700,4120.87,4118.80,1783727700,1783904700,4094.07,4118.80,0,1784693646360,1784693640,1968,13144,1,1,,,,,,,,,,,0,,,,,,,,,,,,,,,cancelled_opposing_structure,1784695140000
1298,L,0,1784654100,4067.62,4061.07,1784654400,1784655000,4065.17,4066.75,0,1784655300042,1784655300,0,0,0,0,1784658720,1784658360,9460,,1784658600,4077.52,4077.93,1784658840,1784658900024,4081.44,1,4060.87,ob,4061.07,20,4122.58,0.04,1784658900024,4081.44,258,12,60,1784695401736,4122.60,tp,filled,1784658900024
1042,S,0,1783665000,4127.79,4123.66,1783665000,1783665600,4123.34,4123.66,0,1784697422271,1784697420,2190,17192,0,0,,,,,,,,,,,0,,,,,,,,,,,,,,,cancelled_opposing_structure,1784698080000
1041,S,0,1783663500,4134.77,4128.37,1783663500,1783664100,4128.34,4128.37,0,1784698353711,1784698320,2198,17232,0,0,,,,,,,,,,,0,,,,,,,,,,,,,,,cancelled_opposing_structure,1784700000000
957,S,0,1783460400,4141.93,4139.70,1783460400,1783461000,4135.89,4139.70,0,1784700445099,1784700420,2846,20652,0,0,,,,,,,,,,,0,,,,,,,,,,,,,,,cancelled_opposing_structure,1784701440000
1314,L,0,1784699400,4129.10,4126.21,1784699400,1784700000,4129.10,4129.27,0,1784703748400,1784703720,11,57,0,0,,,,,,,,,,,0,,,,,,,,,,,,,,,cancelled_opposing_structure,1784704380000
1315,S,0,1784704800,4129.38,4127.60,1784705100,1784705700,4126.85,4127.54,0,1784706293198,1784706240,0,4,0,0,,,,,,,,,,,0,,,,,,,,,,,,,,,cancelled_opposing_structure,1784707380000
1316,S,0,1784707800,4129.94,4127.02,1784707800,1784708400,4124.75,4127.02,0,1784709011841,1784709000,1,5,1,0,,,,,,,,,,,0,,,,,,,,,,,,,,,cancelled_opposing_structure,1784709540000
1317,L,0,1784708700,4126.32,4123.48,1784708700,1784709300,4126.32,4127.21,0,1784712238209,1784712180,8,43,1,0,1784713500,1784713020,9630,,1784713320,4118.69,4118.74,,,,0,,,,,,,,,,,,,,,cancelled_opposing_structure,1784714700000
1319,L,0,1784714400,4117.28,4111.88,1784714700,1784715300,4115.66,4115.97,0,1784716602069,1784716560,3,16,2,1,,,,,,,,,,,0,,,,,,,,,,,,,,,cancelled_second_break,1784717220000
1320,S,0,1784715900,4120.05,4117.71,1784716200,1784716800,4115.29,4118.18,0,1784719407345,1784719380,7,38,0,0,,,,,,,,,,,0,,,,,,,,,,,,,,,cancelled_opposing_structure,1784719920000
1321,S,0,1784719800,4119.11,4116.62,1784720100,1784720700,4116.28,4116.60,0,1784721192761,1784721180,0,3,2,1,,,,,,,,,,,0,,,,,,,,,,,,,,,cancelled_second_break,1784721720000
1322,L,0,1784720400,4117.40,4114.17,1784720700,1784721300,4116.28,4117.56,0,1784723440144,1784723400,6,30,1,0,,,,,,,,,,,0,,,,,,,,,,,,,,,cancelled_opposing_structure,1784724840000
1323,L,0,1784727600,4117.71,4116.00,1784727600,1784728200,4117.71,4117.99,0,1784728507251,1784728500,0,0,0,0,1784729760,1784729520,9692,,1784729700,4119.52,4120.93,1784730000,1784730060062,4122.13,1,4115.80,ob,4116.00,20,4134.79,0.13,1784730060062,4122.13,262,5,26,1784731254590,4115.58,sl,filled,1784730060062
1318,S,0,1784711700,4131.91,4129.16,1784711700,1784712300,4125.22,4129.16,0,1784733630348,1784733600,70,350,2,1,,,,,,,,,,,0,,,,,,,,,,,,,,,cancelled_second_break,1784734200000
1325,L,0,1784733300,4127.72,4124.81,1784733300,1784733900,4127.72,4128.59,0,1784734498430,1784734440,0,4,2,1,,,,,,,,,,,0,,,,,,,,,,,,,,,cancelled_second_break,1784735160000
1324,L,0,1784731800,4121.41,4118.00,1784731800,1784732400,4121.41,4121.84,0,1784735226664,1784735220,8,42,2,1,,,,,,,,,,,0,,,,,,,,,,,,,,,cancelled_second_break,1784735700000
1326,S,0,1784733900,4133.16,4128.59,1784733900,1784734500,4128.22,4128.59,0,1784737167463,1784737140,7,39,2,1,,,,,,,,,,,0,,,,,,,,,,,,,,,cancelled_second_break,1784737500000
1327,S,0,1784734800,4128.44,4125.34,1784734800,1784735400,4119.66,4125.34,0,1784736891431,1784736840,3,19,1,0,,,,,,,,,,,0,,,,,,,,,,,,,,,cancelled_opposing_structure,1784738040000
955,S,0,1783456800,4147.72,4145.86,1783456800,1783457400,4145.40,4145.86,0,1784738012881,1784737980,2983,21338,1,0,,,,,,,,,,,0,,,,,,,,,,,,,,,cancelled_opposing_structure,1784738940000
949,S,0,1783447500,4155.51,4149.71,1783447500,1783448100,4148.93,4149.71,0,1784739480832,1784739480,3019,21518,2,1,,,,,,,,,,,0,,,,,,,,,,,,,,,cancelled_second_break,1784739720000
1330,L,0,1784739000,4148.10,4143.90,1784739000,1784739600,4148.10,4153.41,0,1784741173643,1784741160,4,21,0,0,,,,,,,,,,,0,,,,,,,,,,,,,,,cancelled_opposing_structure,1784742660000
1331,L,0,1784742600,4148.87,4146.18,1784742900,1784743500,4149.90,4153.76,0,1784748385079,1784748360,15,76,2,1,,,,,,,,,,,0,,,,,,,,,,,,,,,cancelled_second_break,1784749560000
1335,L,0,1784752500,4145.76,4138.87,1784752800,1784753400,4141.32,4142.34,0,1784753700086,1784753700,0,0,1,0,,,,,,,,,,,0,,,,,,,,,,,,,,,cancelled_opposing_structure,1784754180000
1329,L,0,1784737500,4134.95,4131.26,1784737500,1784738100,4134.95,4138.74,0,1784755793036,1784755740,57,289,0,0,1784756700,1784756460,9773,,1784756640,4136.12,4136.54,,,,0,,,,,,,,,,,,,,,cancelled_opposing_structure,1784758920000
1336,S,0,1784756700,4138.19,4135.30,1784757000,1784757600,4136.06,4137.45,0,1784757904510,1784757900,0,0,0,0,1784758860,1784758560,9778,,1784758800,4133.32,4133.47,,,,0,,,,,,,,,,,,,,,cancelled_opposing_structure,1784759700000
1337,S,0,1784760300,4135.09,4133.18,1784760300,1784760900,4132.85,4133.18,0,1784761318432,1784761260,0,1,1,0,,,,,,,,,,,0,,,,,,,,,,,,,,,cancelled_opposing_structure,1784762340000
1333,S,0,1784747700,4155.41,4151.14,1784748000,1784748600,4150.60,4152.19,0,1784749275198,1784749260,1,6,0,0,1784750880,1784750700,9755,,1784750820,4144.61,4145.51,1784751000,1784751060026,4144.16,1,4155.84,ob,4155.41,20,4120.80,0.07,1784751060026,4144.16,264,7,36,1784768460135,4117.53,tp,filled,1784751060026
1339,S,0,1784764500,4130.36,4128.96,1784764500,1784768700,4125.52,4128.96,0,1784770202631,1784770200,4,20,0,0,1784773800,1784773560,9816,,,,,1784771940,,,0,,,,,,,,,,,,,,,cancelled_opposing_structure,1784774820000
1340,L,0,1784772300,4119.10,4116.60,1784772300,1784772900,4119.10,4119.93,0,1784773907415,1784773860,2,11,0,0,1784776920,1784776680,9826,9828,1784776860,4128.94,4130.54,1784777700,,,0,,,,,,,,,,,,,,,cancelled_opposing_structure,1784778180000
1338,S,0,1784762700,4137.80,4136.10,1784762700,1784763300,4135.42,4136.10,0,1784779209936,1784779200,40,260,2,1,,,,,,,,,,,0,,,,,,,,,,,,,,,cancelled_second_break,1784780760000
1341,L,0,1784778300,4130.08,4126.96,1784778600,1784779200,4129.43,4129.79,0,1784781056275,1784781000,5,25,1,0,,,,,,,,,,,0,,,,,,,,,,,,,,,cancelled_opposing_structure,1784781540000
1343,L,0,1784786700,4127.64,4124.49,1784787000,1784787600,4127.27,4130.61,0,1784788951382,1784788920,3,17,2,1,,,,,,,,,,,0,,,,,,,,,,,,,,,cancelled_second_break,1784790060000
1344,S,0,1784787600,4132.98,4130.61,1784787600,1784788200,4130.55,4130.61,0,1784788561701,1784788560,0,1,0,0,1784789760,1784789640,9870,,,,,1784789700,,,0,,,,,,,,,,,,,,,cancelled_opposing_structure,1784791380000
1346,S,0,1784794200,4124.98,4123.47,1784794200,1784794800,4122.78,4123.47,0,1784795283641,1784795280,0,3,2,1,,,,,,,,,,,0,,,,,,,,,,,,,,,cancelled_second_break,1784795460000
1345,L,0,1784793600,4122.60,4119.46,1784793600,1784794200,4122.60,4123.47,0,1784794509484,1784794500,0,0,0,0,1784796360,1784796060,9887,,1784796300,4128.53,4128.83,,,,0,,,,,,,,,,,,,,,cancelled_opposing_structure,1784797020000
1348,S,0,1784796000,4127.77,4124.65,1784796300,1784796900,4125.32,4126.16,0,1784797207607,1784797200,0,0,0,0,,,,,,,,,,,0,,,,,,,,,,,,,,,cancelled_opposing_structure,1784798280000
1347,L,0,1784794800,4122.78,4119.95,1784794800,1784795400,4122.78,4123.57,0,1784796953211,1784796900,4,20,1,0,1784798220,1784797920,9896,,1784798160,4124.19,4125.30,1784798460,,,0,,,,,,,,,,,,,,,cancelled_opposing_structure,1784799720000
1334,S,0,1784751900,4147.09,4143.22,1784752200,1784752800,4141.32,4144.30,0,1784753375046,1784753340,0,4,0,0,1784755320,1784755260,9769,,1784755260,4136.02,4137.02,1784755680,1784755740042,4135.32,1,4147.53,ob,4147.09,20,4110.90,0.07,1784755740042,4135.32,266,8,44,1784801350432,4110.89,tp,filled,1784755740042
1328,L,0,1784735700,4118.26,4106.69,1784736000,1784736600,4120.38,4120.41,0,1784768401535,1784768400,93,525,0,0,1784769960,1784769720,9805,,1784769900,4125.71,4127.07,1784770140,1784770200110,4128.95,1,4106.49,ob,4106.69,20,4173.87,0.03,1784770200110,4128.95,268,99,555,1784801461448,4106.41,sl,filled,1784770200110
1332,S,0,1784745900,4165.16,4158.58,1784746200,1784746800,4159.41,4162.37,0,1784747165995,1784747160,0,1,0,0,1784750880,1784750700,9755,9758,1784750820,4144.61,4145.51,1784751420,1784751480094,4143.63,1,4165.59,ob,4165.16,20,4099.71,0.03,1784751480094,4143.63,265,14,73,1784803176273,4099.63,tp,filled,1784751480094
1313,L,0,1784692200,4097.28,4093.51,1784692500,1784693100,4097.57,4110.06,0,1784803342271,1784803320,354,1832,2,1,,,,,,,,,,,0,,,,,,,,,,,,,,,cancelled_second_break,1784803800000
1352,L,0,1784807100,4092.42,4087.00,1784807100,1784807700,4092.42,4092.64,0,1784809518534,1784809500,5,25,0,0,1784810700,1784810460,9933,,1784810460,4091.77,4091.86,1784810880,1784810940026,4093.15,1,4086.80,ob,4087.00,20,4105.85,0.14,1784810940026,4093.15,273,9,49,1784812865168,4086.58,sl,filled,1784810940026
1354,L,0,1784814000,4089.93,4087.37,1784814000,1784814600,4089.93,4091.65,0,1784815578989,1784815560,2,11,2,1,,,,,,,,,,,0,,,,,,,,,,,,,,,cancelled_second_break,1784816160000
1312,L,0,1784688600,4081.41,4080.26,1784688900,1784689500,4081.02,4081.36,0,1784816638178,1784816580,410,2113,1,0,,,,,,,,,,,0,,,,,,,,,,,,,,,cancelled_opposing_structure,1784817180000
1355,S,0,1784816700,4084.99,4081.53,1784817000,1784817600,4079.54,4079.55,0,1784817949764,1784817900,0,0,2,1,,,,,,,,,,,0,,,,,,,,,,,,,,,cancelled_second_break,1784818740000
1353,S,0,1784808900,4097.06,4093.96,1784809200,1784809800,4092.28,4093.05,0,1784810739515,1784810700,2,10,0,0,1784811420,1784811240,9936,,1784811360,4089.97,4091.25,1784811600,1784811660029,4089.33,1,4097.50,ob,4097.06,20,4072.99,0.11,1784811660029,4089.33,274,5,26,1784820274494,4072.97,tp,filled,1784811660029
1356,L,0,1784817600,4079.54,4073.04,1784817600,1784818200,4079.54,4081.62,0,1784819720912,1784819700,4,20,2,1,,,,,,,,,,,0,,,,,,,,,,,,,,,cancelled_second_break,1784820660000
1304,L,0,1784668200,4072.26,4071.29,1784668200,1784668800,4072.26,4072.51,0,1784820275656,1784820240,479,2519,1,0,,,,,,,,,,,0,,,,,,,,,,,,,,,cancelled_opposing_structure,1784820720000
1303,L,0,1784667600,4069.61,4067.85,1784667600,1784668200,4069.61,4071.29,0,1784820666961,1784820660,483,2536,2,1,,,,,,,,,,,0,,,,,,,,,,,,,,,cancelled_second_break,1784821380000
1349,S,0,1784798100,4127.77,4122.43,1784798400,1784799000,4123.06,4123.40,0,1784799300032,1784799300,0,0,0,0,1784802600,1784802420,9907,,1784802540,4104.66,4107.74,1784802900,1784802960431,4103.42,1,4128.20,ob,4127.77,20,4053.86,0.03,1784802960431,4103.42,271,12,61,1784822735866,4053.86,tp,filled,1784802960431
1297,L,0,1784653500,4059.43,4054.63,1784653500,1784654100,4059.43,4061.07,0,1784822489309,1784822460,536,2801,2,1,,,,,,,,,,,0,,,,,,,,,,,,,,,cancelled_second_break,1784825220000
1358,S,0,1784825400,4058.95,4051.85,1784825400,1784826000,4050.70,4051.85,0,1784827493742,1784827440,3,19,1,0,,,,,,,,,,,0,,,,,,,,,,,,,,,cancelled_opposing_structure,1784828280000
1359,L,0,1784826900,4050.14,4042.33,1784826900,1784827500,4050.14,4051.26,0,1784830226241,1784830200,8,40,0,0,,,,,,,,,,,0,,,,,,,,,,,,,,,cancelled_opposing_structure,1784830980000
1361,L,0,1784831400,4047.06,4042.28,1784831400,1784832000,4047.06,4048.02,0,1784832673650,1784832660,1,6,0,0,,,,,,,,,,,0,,,,,,,,,,,,,,,cancelled_opposing_structure,1784834400000
1362,L,0,1784836200,4049.74,4047.98,1784836200,1784836800,4049.74,4050.61,0,1784837250142,1784837220,0,2,2,1,,,,,,,,,,,0,,,,,,,,,,,,,,,cancelled_second_break,1784837580000
1364,S,0,1784838600,4049.18,4046.80,1784838600,1784839200,4045.44,4046.80,0,1784842258290,1784842200,9,45,0,0,,,,,,,,,,,0,,,,,,,,,,,,,,,cancelled_opposing_structure,1784843220000
1365,L,0,1784841600,4043.55,4040.78,1784841600,1784842200,4043.55,4044.45,0,1784844598678,1784844540,6,34,0,0,1784845800,1784845680,10049,,,,,,,,0,,,,,,,,,,,,,,,cancelled_opposing_structure,1784846820000
1367,S,0,1784846100,4048.27,4046.81,1784846100,1784846700,4046.78,4046.81,0,1784847003551,1784847000,0,0,2,1,,,,,,,,,,,0,,,,,,,,,,,,,,,cancelled_second_break,1784848020000
1368,L,0,1784846400,4048.24,4045.85,1784846700,1784847300,4046.78,4049.56,0,1784848745028,1784848740,3,19,0,0,1784849220,1784848860,10057,,1784849160,4049.23,4050.00,,,,0,,,,,,,,,,,,,,,cancelled_opposing_structure,1784850780000
1369,L,0,1784848500,4049.64,4048.04,1784848800,1784849400,4049.09,4049.13,0,1784850011942,1784850000,1,5,1,0,,,,,,,,,,,0,,,,,,,,,,,,,,,cancelled_opposing_structure,1784850780000
1370,S,0,1784860200,4050.54,4049.14,1784860200,1784860800,4048.56,4049.14,0,1784861330802,1784861280,0,3,0,0,1784862360,1784862120,10092,,1784862240,4047.06,4047.11,1784863800,,,0,,,,,,,,,,,,,,,cancelled_opposing_structure,1784864880000
1371,S,0,1784862000,4050.02,4046.88,1784862000,1784862600,4046.50,4046.88,0,1784863415277,1784863380,1,8,1,0,1784863440,1784862120,10092,,1784862240,4047.06,4047.11,1784863800,,,0,,,,,,,,,,,,,,,cancelled_opposing_structure,1784864880000
1366,L,0,1784844600,4044.40,4042.97,1784844600,1784845200,4044.40,4044.96,0,1784862632691,1784862600,45,285,2,1,,,,,,,,,,,0,,,,,,,,,,,,,,,cancelled_second_break,1784865780000
1372,L,0,1784863800,4047.33,4044.92,1784863800,1784864400,4047.33,4047.64,0,1784865604060,1784865600,3,15,2,1,,,,,,,,,,,0,,,,,,,,,,,,,,,cancelled_second_break,1784865780000
1357,L,0,1784823000,4047.30,4040.62,1784823000,1784823600,4047.30,4048.59,0,1784825876301,1784825820,6,32,1,1,1784828220,1784827920,9988,,1784828100,4055.30,4056.55,1784828640,1784828700007,4057.27,1,4040.42,ob,4040.62,20,4090.97,0.05,1784828700007,4057.27,278,16,80,1784865858955,4039.97,sl,filled,1784828700007
1373,S,0,1784865300,4050.62,4048.72,1784865300,1784865900,4044.76,4048.72,0,1784868244800,1784868240,6,34,0,0,,,,,,,,,,,0,,,,,,,,,,,,,,,cancelled_opposing_structure,1784870880000
1375,S,0,1784868000,4050.33,4043.43,1784868300,1784868900,4046.33,4047.84,0,1784869200118,1784869200,0,0,0,0,,,,,,,,,,,0,,,,,,,,,,,,,,,cancelled_opposing_structure,1784870880000
1374,L,0,1784867700,4045.05,4042.08,1784867700,1784868300,4045.05,4047.84,0,1784868748846,1784868720,0,2,0,0,1784870640,1784870580,10116,,1784870580,4045.38,4045.96,1784870760,1784870820068,4046.52,1,4041.88,ob,4042.08,20,4055.80,0.20,1784870820068,4046.52,282,7,37,1784871551095,4041.85,sl,filled,1784870820068
1363,S,0,1784836800,4054.57,4050.61,1784836800,1784837400,4049.42,4050.61,0,1784845838645,1784845800,27,135,0,0,1784845980,1784845800,10050,,1784845800,4047.80,4048.01,1784846100,1784846160044,4046.96,1,4055.01,ob,4054.57,20,4030.86,0.11,1784846160044,4046.96,280,28,141,1784872127070,4030.45,tp,filled,1784846160044
1273,L,0,1784614500,4038.69,4036.83,1784614500,1784615100,4038.69,4041.41,0,1784872078222,1784872020,819,4277,2,1,,,,,,,,,,,0,,,,,,,,,,,,,,,cancelled_second_break,1784872140000
1360,S,0,1784829300,4060.09,4056.58,1784829600,1784830200,4053.99,4055.63,0,1784830666244,1784830620,0,2,0,0,1784830920,1784830620,9996,,1784830860,4050.49,4051.37,1784831100,1784831160071,4049.85,1,4060.53,ob,4060.09,20,4028.49,0.08,1784831160071,4049.85,279,2,11,1784872177864,4028.45,tp,filled,1784831160071
1272,L,0,1784613000,4034.98,4031.00,1784613000,1784613600,4034.98,4037.74,0,1784872080416,1784872080,824,4303,2,1,,,,,,,,,,,0,,,,,,,,,,,,,,,cancelled_second_break,1784872200000
1378,L,0,1784877000,4029.28,4027.05,1784877300,1784877900,4028.81,4029.33,0,1784878418265,1784878380,0,3,2,1,,,,,,,,,,,0,,,,,,,,,,,,,,,cancelled_second_break,1784879100000
1379,S,0,1784877900,4030.34,4029.33,1784878200,1784878800,4027.55,4028.63,0,1784880312932,1784880300,4,20,2,1,,,,,,,,,,,0,,,,,,,,,,,,,,,cancelled_second_break,1784880720000
1377,S,0,1784875200,4032.79,4030.87,1784875500,1784876100,4029.84,4029.86,0,1784880645565,1784880600,14,70,0,0,1784880840,1784880600,10149,,1784880780,4027.73,4029.36,,,,0,,,,,,,,,,,,,,,cancelled_opposing_structure,1784882100000
1380,S,0,1784882700,4029.06,4024.56,1784882700,1784883300,4023.95,4024.56,0,1784883656572,1784883600,0,0,1,0,,,,,,,,,,,0,,,,,,,,,,,,,,,cancelled_opposing_structure,1784884860000
1376,S,0,1784870700,4048.20,4045.73,1784870700,1784871300,4044.77,4045.73,0,1784887793396,1784887740,53,269,1,0,,,,,,,,,,,0,,,,,,,,,,,,,,,cancelled_opposing_structure,1784888520000
1270,L,0,1784610900,4025.40,4022.00,1784610900,1784611500,4025.40,4025.58,0,1784872501676,1784872500,833,4345,0,0,1784873520,1784873460,10123,,1784873460,4028.42,4030.26,1784874060,1784874120120,4031.51,1,4021.80,ob,4022.00,20,4050.93,0.09,1784874120120,4031.51,286,838,4372,1784889062743,4051.04,tp,filled,1784874120120
1382,L,0,1784887800,4047.45,4044.93,1784888100,1784888700,4047.42,4047.61,0,1784889559970,1784889540,1,9,0,0,1784890620,1784890140,10176,,,,,,,,0,,,,,,,,,,,,,,,cancelled_opposing_structure,1784891940000
1384,L,0,1784892600,4052.52,4049.90,1784892600,1784893200,4052.52,4052.55,0,1784893586734,1784893560,0,1,0,0,1784893560,1784892540,10186,,1784893080,4052.54,4052.55,1784893680,1784893740049,4053.48,1,4048.63,pivot,4048.83,20,4063.18,0.20,1784893740049,4053.48,288,0,4,1784899677998,4063.19,tp,filled,1784893740049
1387,L,0,1784901000,4059.42,4057.03,1784901300,1784901900,4060.24,4060.58,0,1784903212941,1784903160,3,16,0,0,,,,,,,,,,,0,,,,,,,,,,,,,,,cancelled_opposing_structure,1784903940000
1385,L,0,1784897100,4056.16,4055.08,1784897100,1784897700,4056.16,4058.18,0,1784904191014,1784904180,20,103,2,1,,,,,,,,,,,0,,,,,,,,,,,,,,,cancelled_second_break,1784904660000
1388,S,0,1784903400,4060.36,4058.04,1784903400,1784904000,4057.89,4058.04,0,1784905147287,1784905140,2,14,0,0,1784905140,1784905140,10218,,,,,,,,0,,,,,,,,,,,,,,,cancelled_opposing_structure,1784906880000
1386,S,0,1784899500,4063.67,4059.82,1784899800,1784900400,4060.08,4061.38,0,1784901504185,1784901480,2,13,0,0,1784903160,1784903040,10216,,1784903100,4059.84,4060.63,1784903580,1784903640023,4059.76,1,4064.10,ob,4063.67,20,4051.08,0.23,1784903640023,4059.76,290,9,49,1784909148854,4051.04,tp,filled,1784903640023
1389,S,0,1784906700,4060.19,4056.11,1784907000,1784907600,4056.17,4056.38,0,1784907925217,1784907900,0,0,0,0,1784909100,1784908800,10234,10237,1784909040,4050.54,4052.16,,,,0,,,,,,,,,,,,,,,cancelled_opposing_structure,1784910720000
1390,S,0,1784908500,4056.10,4051.71,1784908800,1784909400,4049.63,4051.51,0,1784910959244,1784910900,4,20,2,1,,,,,,,,,,,0,,,,,,,,,,,,,,,cancelled_second_break,1784911740000
1393,S,0,1784913900,4069.35,4064.52,1784914200,1784914800,4062.42,4064.58,0,1784915426588,1784915400,1,5,0,0,,,,,,,,,,,0,,,,,,,,,,,,,,,cancelled_opposing_structure,1784915940000
1395,L,0,1784918400,4079.59,4071.80,1784918700,1784919300,4073.49,4075.01,0,1784919600057,1784919600,0,0,0,0,,,,,,,,,,,0,,,,,,,,,,,,,,,cancelled_opposing_structure,1784920440000
1394,L,0,1784916300,4064.67,4061.84,1784916300,1784916900,4064.67,4071.98,0,1784922494061,1784922480,17,88,0,0,,,,,,,,,,,0,,,,,,,,,,,,,,,cancelled_opposing_structure,1784923980000
1397,L,0,1784922300,4067.69,4064.31,1784922600,1784923200,4065.93,4066.70,0,1784923507204,1784923500,0,0,2,1,,,,,,,,,,,0,,,,,,,,,,,,,,,cancelled_second_break,1784924100000
1398,S,0,1784923200,4068.40,4066.70,1784923200,1784923800,4066.20,4066.70,0,1784924352589,1784924340,0,4,2,1,,,,,,,,,,,0,,,,,,,,,,,,,,,cancelled_second_break,1784924820000
1399,L,0,1784923800,4066.20,4063.00,1784924100,1784924700,4066.89,4067.22,0,1784925863030,1784925840,2,14,0,0,,,,,,,,,,,0,,,,,,,,,,,,,,,cancelled_opposing_structure,1784926560000
1392,L,0,1784913300,4060.34,4055.91,1784913300,1784913900,4060.34,4064.52,0,1784914787937,1784914740,1,9,0,0,1784916600,1784916420,10259,,1784916540,4063.91,4068.59,1784916780,1784916840069,4069.86,1,4055.71,ob,4055.91,20,4098.16,0.07,1784916840069,4069.86,293,8,44,1784928337803,4055.66,sl,filled,1784916840069
1402,S,0,1784930400,4056.31,4052.29,1784930700,1784931300,4052.34,4052.47,0,1784932369228,1784932320,2,12,2,1,,,,,,,,,,,0,,,,,,,,,,,,,,,cancelled_second_break,1784933100000
1383,L,0,1784891700,4047.80,4045.13,1784892000,1784892600,4048.12,4049.90,0,1784909268899,1784909220,54,272,1,1,1784911680,1784911500,10243,,1784911620,4056.44,4057.36,1784911800,1784911860070,4058.93,1,4044.93,ob,4045.13,20,4086.93,0.07,1784911860070,4058.93,292,63,316,1785114060016,4092.06,tp,filled,1784911860070
1396,S,0,1784920800,4077.67,4073.79,1784921100,1784921700,4072.38,4073.53,0,1785114000831,1785114000,52,3200,1,0,,,,,,,,,,,0,,,,,,,,,,,,,,,cancelled_opposing_structure,1785116040000
1400,S,0,1784925000,4069.80,4067.49,1784925300,1784925900,4067.28,4067.57,0,1785114000831,1785114000,38,3130,1,0,,,,,,,,,,,0,,,,,,,,,,,,,,,cancelled_opposing_structure,1785116040000
1401,S,0,1784927100,4064.47,4062.74,1784927400,1784928000,4060.64,4061.36,0,1785114000831,1785114000,31,3095,1,0,,,,,,,,,,,0,,,,,,,,,,,,,,,cancelled_opposing_structure,1785116040000
1404,S,0,1784936400,4055.98,4053.65,1784936700,1784937300,4053.22,4054.10,0,1785114000831,1785114000,0,2940,1,0,,,,,,,,,,,0,,,,,,,,,,,,,,,cancelled_opposing_structure,1785116040000
1406,L,0,1785115500,4087.67,4085.20,1785115500,1785116100,4087.67,4089.71,0,1785117772004,1785117720,4,22,2,1,,,,,,,,,,,0,,,,,,,,,,,,,,,cancelled_second_break,1785118560000
1408,S,0,1785117900,4088.27,4086.95,1785117900,1785118500,4086.29,4086.95,0,1785119765059,1785119760,3,16,1,0,,,,,,,,,,,0,,,,,,,,,,,,,,,cancelled_opposing_structure,1785120240000
1407,S,0,1785117000,4092.06,4090.09,1785117300,1785117900,4088.27,4088.83,0,1785120333335,1785120300,7,35,2,1,,,,,,,,,,,0,,,,,,,,,,,,,,,cancelled_second_break,1785120480000
1351,S,0,1784802300,4110.55,4105.69,1784802300,1784802900,4105.59,4105.69,0,1785121760940,1785121740,461,5309,2,1,,,,,,,,,,,0,,,,,,,,,,,,,,,cancelled_second_break,1785122280000
1410,L,0,1785120600,4096.33,4093.07,1785120900,1785121500,4096.25,4099.50,0,1785122777075,1785122760,3,16,2,1,,,,,,,,,,,0,,,,,,,,,,,,,,,cancelled_second_break,1785122940000
1411,S,0,1785121800,4116.15,4107.02,1785122100,1785122700,4102.83,4106.62,0,1785124209113,1785124200,4,20,0,0,,,,,,,,,,,0,,,,,,,,,,,,,,,cancelled_opposing_structure,1785125160000
1412,L,0,1785123300,4102.41,4099.31,1785123600,1785124200,4102.08,4104.71,0,1785124740445,1785124740,0,4,0,0,,,,,,,,,,,0,,,,,,,,,,,,,,,cancelled_opposing_structure,1785125940000
1413,S,0,1785125400,4109.96,4106.21,1785125400,1785126000,4103.10,4106.21,0,1785127637330,1785127620,4,22,0,0,,,,,,,,,,,0,,,,,,,,,,,,,,,cancelled_opposing_structure,1785128280000
1416,L,0,1785135000,4090.61,4089.11,1785135000,1785135600,4090.61,4090.81,0,1785135963642,1785135960,0,1,2,1,,,,,,,,,,,0,,,,,,,,,,,,,,,cancelled_second_break,1785136320000
1415,S,0,1785132900,4093.54,4091.20,1785132900,1785133500,4090.11,4091.20,0,1785135491157,1785135480,5,28,0,0,1785136560,1785136440,10388,,1785136500,4088.63,4089.77,1785137040,1785137100027,4088.09,1,4093.98,ob,4093.54,20,4076.31,0.17,1785137100027,4088.09,297,11,55,1785139707449,4094.29,sl,filled,1785137100027
1417,S,0,1785135600,4092.84,4090.81,1785135600,1785136200,4090.45,4090.81,0,1785137552064,1785137520,3,17,1,0,1785138240,1785138120,10394,,1785138180,4090.72,4091.04,,,,0,,,,,,,,,,,,,,,cancelled_opposing_structure,1785139860000
1418,S,0,1785139800,4094.74,4092.43,1785139800,1785140400,4091.92,4092.43,0,1785142705035,1785142680,6,33,1,0,,,,,,,,,,,0,,,,,,,,,,,,,,,cancelled_opposing_structure,1785143460000
1414,S,0,1785131400,4096.80,4094.17,1785131700,1785132300,4093.26,4093.69,0,1785139707516,1785139680,23,118,0,0,1785140520,1785140040,10401,10405,1785140460,4089.49,4090.33,1785141540,1785141600000,4088.41,1,4097.23,ob,4096.80,20,4070.77,0.11,1785141600000,4088.41,299,30,150,1785144948824,4097.24,sl,filled,1785141600000
1421,L,0,1785146700,4100.09,4096.28,1785147000,1785147600,4101.98,4103.02,0,1785148694920,1785148680,2,13,2,1,,,,,,,,,,,0,,,,,,,,,,,,,,,cancelled_second_break,1785149460000
1420,L,0,1785143700,4095.33,4092.00,1785144000,1785144600,4094.22,4094.27,0,1785144914819,1785144900,0,0,0,0,1785144900,1785144720,10416,,1785144840,4095.77,4096.93,1785145380,1785145440047,4097.53,1,4091.80,ob,4092.00,20,4108.99,0.17,1785145440047,4097.53,301,1,9,1785149900997,4091.80,sl,filled,1785145440047
1419,L,0,1785141900,4088.25,4084.45,1785142200,1785142800,4089.33,4091.95,0,1785150218162,1785150180,23,118,0,0,,,,,,,,,,,0,,,,,,,,,,,,,,,cancelled_opposing_structure,1785151260000
1422,S,0,1785149100,4099.16,4096.76,1785149100,1785149700,4094.77,4096.76,0,1785153449520,1785153420,11,57,0,0,,,,,,,,,,,0,,,,,,,,,,,,,,,cancelled_opposing_structure,1785154020000
1424,S,0,1785153600,4096.18,4094.20,1785153900,1785154500,4094.60,4094.62,0,1785154891499,1785154860,0,1,0,0,1785155340,1785155160,10450,,1785155280,4091.79,4093.13,1785155580,1785155640034,4091.21,1,4096.62,ob,4096.18,20,4080.39,0.18,1785155640034,4091.21,303,2,14,1785156494442,4097.52,sl,filled,1785155640034
1423,L,0,1785151800,4091.14,4087.70,1785152100,1785152700,4090.78,4090.86,0,1785155360278,1785155340,7,39,0,0,1785156180,1785156060,10453,,1785156120,4093.14,4094.01,1785156300,1785156360142,4094.52,1,4087.50,ob,4087.70,20,4108.56,0.14,1785156360142,4094.52,304,11,56,1785157891183,4087.47,sl,filled,1785156360142
1426,L,0,1785157800,4093.82,4086.50,1785158100,1785158700,4092.24,4092.35,0,1785159000150,1785159000,0,0,0,0,1785160080,1785159900,10464,,1785160020,4101.49,4101.95,,,,0,,,,,,,,,,,,,,,cancelled_opposing_structure,1785160800000
1425,S,0,1785156600,4099.25,4096.19,1785156900,1785157500,4095.36,4096.10,0,1785159366440,1785159360,5,26,2,1,,,,,,,,,,,0,,,,,,,,,,,,,,,cancelled_second_break,1785160800000
1427,L,0,1785160800,4101.01,4096.98,1785160800,1785161400,4101.01,4101.82,0,1785161990960,1785161940,0,4,0,0,,,,,,,,,,,0,,,,,,,,,,,,,,,cancelled_opposing_structure,1785162840000
1409,L,0,1785118800,4086.14,4083.64,1785119100,1785119700,4085.41,4086.10,0,1785133740252,1785133740,45,229,0,0,1785135420,1785135240,10385,,1785135360,4090.28,4090.46,1785135540,1785135600102,4091.21,1,4083.44,ob,4083.64,20,4106.75,0.13,1785135600102,4091.21,296,52,260,1785165578864,4083.43,sl,filled,1785135600102
1428,S,0,1785161100,4103.15,4097.00,1785161400,1785162000,4101.55,4101.82,0,1785162300105,1785162300,0,0,0,0,1785163380,1785162960,10473,,1785163320,4096.54,4097.35,1785163860,1785163920110,4095.21,1,4103.58,ob,4103.15,20,4078.47,0.11,1785163920110,4095.21,307,5,27,1785169719959,4078.00,tp,filled,1785163920110
1430,L,0,1785169500,4085.08,4075.99,1785169800,1785170400,4082.04,4083.92,0,1785170801444,1785170760,0,1,2,1,,,,,,,,,,,0,,,,,,,,,,,,,,,cancelled_second_break,1785171480000
1432,L,0,1785175500,4075.17,4072.40,1785175500,1785176100,4075.17,4075.52,0,1785176668715,1785176640,0,4,0,0,,,,,,,,,,,0,,,,,,,,,,,,,,,cancelled_opposing_structure,1785177360000
1431,S,0,1785170700,4089.46,4084.85,1785170700,1785171300,4084.06,4084.85,0,1785180310828,1785180300,29,145,2,1,,,,,,,,,,,0,,,,,,,,,,,,,,,cancelled_second_break,1785180840000
1433,L,0,1785179700,4081.75,4079.66,1785180000,1785180600,4082.75,4085.03,0,1785181940773,1785181920,3,17,1,0,,,,,,,,,,,0,,,,,,,,,,,,,,,cancelled_opposing_structure,1785182640000
1438,S,0,1785187500,4076.97,4075.86,1785187500,1785188100,4075.09,4075.86,0,1785188468920,1785188460,0,1,2,1,,,,,,,,,,,0,,,,,,,,,,,,,,,cancelled_second_break,1785188640000
1437,S,0,1785186300,4078.83,4077.15,1785186300,1785186900,4076.81,4077.15,0,1785187835941,1785187800,2,10,1,0,1785188280,1785187860,10553,,1785188220,4074.28,4074.43,,,,0,,,,,,,,,,,,,,,cancelled_opposing_structure,1785189360000
1436,L,0,1785184500,4074.74,4072.11,1785184800,1785185400,4074.79,4074.83,0,1785186925761,1785186900,4,20,0,0,1785187440,1785187260,10552,,1785187380,4075.36,4076.28,1785187680,1785187740128,4076.57,1,4071.91,ob,4072.11,20,4085.89,0.21,1785187740128,4076.57,311,6,34,1785190811521,4085.92,tp,filled,1785187740128
1435,S,0,1785182100,4082.43,4080.73,1785182100,1785182700,4076.99,4080.73,0,1785190299143,1785190260,24,121,1,0,,,,,,,,,,,0,,,,,,,,,,,,,,,cancelled_opposing_structure,1785190860000
1434,S,0,1785180600,4093.07,4085.03,1785180900,1785181500,4088.42,4089.97,0,1785190802144,1785190800,30,150,0,0,,,,,,,,,,,0,,,,,,,,,,,,,,,cancelled_opposing_structure,1785192480000
1440,L,0,1785189600,4078.70,4076.98,1785189600,1785190200,4078.70,4079.74,0,1785194946889,1785194940,14,74,2,1,,,,,,,,,,,0,,,,,,,,,,,,,,,cancelled_second_break,1785195480000
1439,L,0,1785188700,4076.69,4075.08,1785188700,1785189300,4076.69,4077.30,0,1785189925532,1785189900,1,5,0,0,1785190740,1785190560,10562,,1785190680,4081.46,4084.47,1785191040,1785191100109,4085.41,1,4074.88,ob,4075.08,20,4106.47,0.09,1785191100109,4085.41,313,5,25,1785201765209,4074.64,sl,filled,1785191100109
1443,L,0,1785195900,4077.24,4076.01,1785196200,1785200400,4077.01,4078.47,0,1785201071203,1785201060,1,6,1,0,,,,,,,,,,,0,,,,,,,,,,,,,,,cancelled_opposing_structure,1785201840000
1445,L,0,1785201900,4073.17,4070.89,1785201900,1785202500,4073.17,4073.76,0,1785204066796,1785204060,4,21,0,0,1785204780,1785204660,10595,,1785204660,4073.73,4073.84,1785204900,1785204960095,4074.45,1,4070.69,ob,4070.89,20,4081.97,0.26,1785204960095,4074.45,315,7,36,1785206843763,4070.66,sl,filled,1785204960095
1442,S,0,1785193500,4082.42,4081.47,1785193800,1785194400,4080.79,4081.57,0,1785200458893,1785200400,7,95,0,0,1785206580,1785206340,10601,,1785206520,4072.06,4072.14,,,,0,,,,,,,,,,,,,,,cancelled_opposing_structure,1785207600000
1447,L,0,1785208800,4066.33,4060.32,1785209100,1785209700,4063.26,4063.34,0,1785210000068,1785210000,0,0,0,0,1785210120,1785210060,10614,,1785210060,4064.56,4064.95,1785210240,1785210300227,4065.66,1,4060.12,ob,4060.32,20,4076.74,0.17,1785210300227,4065.66,317,1,5,1785210506137,4059.99,sl,filled,1785210300227
1429,S,0,1785164400,4097.66,4093.87,1785164700,1785165300,4088.95,4093.86,0,1785181052237,1785181020,51,257,0,0,1785181800,1785181020,10532,,1785181740,4083.54,4083.83,1785181920,1785181980044,4082.03,1,4098.09,ob,4097.66,20,4049.91,0.06,1785181980044,4082.03,310,54,273,1785212476148,4049.89,tp,filled,1785181980044
1405,L,0,1784937300,4053.22,4052.11,1784937300,1785114300,4053.22,4087.60,0,1785212427568,1785212400,314,1630,2,1,,,,,,,,,,,0,,,,,,,,,,,,,,,cancelled_second_break,1785212520000
1403,L,0,1784931600,4051.19,4049.52,1784931600,1784932200,4051.19,4051.30,0,1785212466906,1785212460,333,4666,2,1,,,,,,,,,,,0,,,,,,,,,,,,,,,cancelled_second_break,1785213060000
1391,L,0,1784910300,4048.52,4045.83,1784910300,1784910900,4048.52,4049.33,0,1785212727330,1785212700,405,5025,1,1,,,,,,,,,,,0,,,,,,,,,,,,,,,cancelled_opposing_structure,1785213300000
1451,S,0,1785222900,4047.53,4043.57,1785223200,1785223800,4046.32,4046.62,0,1785224100001,1785224100,0,0,1,0,,,,,,,,,,,0,,,,,,,,,,,,,,,cancelled_opposing_structure,1785224700000
1450,L,0,1785218100,4043.78,4040.72,1785218400,1785219000,4043.91,4045.43,0,1785222870822,1785222840,11,59,0,0,1785223140,1785222840,10659,,1785223080,4046.88,4046.92,1785223260,1785223320227,4047.60,1,4040.52,ob,4040.72,20,4061.76,0.14,1785223320227,4047.60,320,13,67,1785225611503,4040.26,sl,filled,1785223320227
1453,S,0,1785225000,4044.42,4043.04,1785225000,1785225600,4042.38,4043.04,0,1785226239453,1785226200,1,5,0,0,1785227460,1785227400,10673,,1785227400,4040.63,4040.95,,,,0,,,,,,,,,,,,,,,cancelled_opposing_structure,1785228900000
1452,S,0,1785224400,4047.82,4045.01,1785224400,1785225000,4044.42,4045.01,0,1785227403536,1785227400,7,35,0,0,1785227460,1785227400,10673,,1785227400,4040.63,4040.95,,,,0,,,,,,,,,,,,,,,cancelled_opposing_structure,1785228900000
1454,S,0,1785227100,4043.33,4040.82,1785227100,1785227700,4037.89,4040.82,0,1785228155703,1785228120,0,2,1,0,,,,,,,,,,,0,,,,,,,,,,,,,,,cancelled_opposing_structure,1785228900000
1456,L,0,1785228300,4043.78,4039.59,1785228600,1785229200,4044.11,4044.73,0,1785229830239,1785229800,1,5,0,0,1785233880,1785233700,10694,,1785233820,4050.61,4050.94,1785234000,1785234060064,4051.49,1,4039.39,ob,4039.59,20,4075.69,0.08,1785234060064,4051.49,322,15,76,1785241758707,4039.34,sl,filled,1785234060064
1455,L,0,1785227700,4037.89,4034.83,1785227700,1785228300,4037.89,4039.59,0,1785241832411,1785241800,44,220,1,0,,,,,,,,,,,0,,,,,,,,,,,,,,,cancelled_opposing_structure,1785243060000
1381,L,0,1784883300,4023.95,4021.97,1784883300,1784883900,4023.95,4024.52,0,1785243463171,1785243420,597,5987,2,1,1785244020,1785243720,10724,,,,,,,,0,,,,,,,,,,,,,,,cancelled_second_break,1785244200000
1459,S,0,1785244200,4024.36,4020.53,1785244500,1785245100,4020.21,4021.61,0,1785245527410,1785245520,0,2,1,0,,,,,,,,,,,0,,,,,,,,,,,,,,,cancelled_opposing_structure,1785246420000
1463,S,0,1785252300,4034.91,4031.25,1785252300,1785252900,4030.26,4031.25,0,1785253273391,1785253260,0,1,2,1,,,,,,,,,,,0,,,,,,,,,,,,,,,cancelled_second_break,1785253620000
1462,L,0,1785251100,4028.81,4025.51,1785251400,1785252000,4028.04,4029.80,0,1785252691610,1785252660,1,6,0,0,1785253500,1785252840,10754,,1785253440,4034.07,4034.77,1785253620,1785253680106,4036.39,1,4025.31,ob,4025.51,20,4058.55,0.08,1785253680106,4036.39,326,4,23,1785256604972,4025.28,sl,filled,1785253680106
1461,L,0,1785247800,4027.85,4023.09,1785247800,1785248400,4027.85,4028.60,0,1785248706438,1785248700,0,0,0,0,1785253500,1785252840,10754,,1785253440,4034.07,4034.77,1785253620,,,0,,,,,,,,,,,,,,,cancelled_opposing_structure,1785256620000
1464,L,0,1785252900,4030.26,4026.55,1785252900,1785253500,4030.26,4033.53,0,1785254259576,1785254220,1,7,1,0,,,,,,,,,,,0,,,,,,,,,,,,,,,cancelled_opposing_structure,1785256620000
1460,L,0,1785245700,4023.19,4019.73,1785246000,1785246600,4022.68,4023.68,0,1785248043535,1785248040,3,19,0,0,1785248100,1785248040,10738,,1785248040,4024.53,4027.80,1785248760,1785248820081,4028.65,1,4019.53,ob,4019.73,20,4046.89,0.10,1785248820081,4028.65,325,6,32,1785259208129,4019.46,sl,filled,1785248820081
1466,S,0,1785256200,4032.81,4027.33,1785256200,1785256800,4025.37,4027.33,0,1785257541560,1785257520,1,7,0,0,1785259140,1785258720,10770,,1785259080,4020.77,4021.88,,,,0,,,,,,,,,,,,,,,cancelled_opposing_structure,1785261000000
1467,S,0,1785258300,4031.26,4025.90,1785258600,1785259200,4020.77,4025.09,0,1785260958545,1785260940,4,24,2,1,1785261900,1785261660,10780,,1785261720,4025.45,4025.50,,,,0,,,,,,,,,,,,,,,cancelled_second_break,1785262500000
1465,S,0,1785253500,4038.12,4033.53,1785253500,1785254100,4032.79,4033.53,0,1785254548403,1785254520,0,2,0,0,1785256560,1785256500,10764,10767,1785256500,4026.47,4030.18,1785257340,1785257400029,4025.06,1,4038.56,ob,4038.12,20,3998.06,0.07,1785257400029,4025.06,328,10,50,1785262817874,4038.59,sl,filled,1785257400029
1458,S,0,1785240900,4043.79,4040.92,1785241200,1785241800,4040.32,4042.44,0,1785264207719,1785264180,73,368,2,1,,,,,,,,,,,0,,,,,,,,,,,,,,,cancelled_second_break,1785264480000
1468,L,0,1785263400,4036.45,4032.27,1785263400,1785264000,4036.45,4036.75,0,1785269566912,1785269520,17,87,0,0,,,,,,,,,,,0,,,,,,,,,,,,,,,cancelled_opposing_structure,1785270720000
1469,S,0,1785264600,4047.02,4041.87,1785264900,1785265500,4044.72,4044.79,0,1785265800086,1785265800,0,0,0,0,1785266760,1785266520,10794,,1785266700,4043.56,4043.76,1785267240,1785267300087,4042.83,1,4047.46,ob,4047.02,20,4033.57,0.20,1785267300087,4042.83,331,5,25,1785270961935,4033.55,tp,filled,1785267300087
1471,S,0,1785268800,4039.85,4037.37,1785269100,1785269700,4037.02,4038.25,0,1785270046710,1785270000,0,0,1,1,1785270660,1785270000,10804,10808,1785270600,4035.45,4036.41,,,,0,,,,,,,,,,,,,,,cancelled_opposing_structure,1785272760000
1470,S,0,1785267000,4043.82,4041.04,1785267300,1785267900,4041.06,4041.35,0,1785270055864,1785270000,6,30,0,0,1785270660,1785270000,10804,10808,1785270600,4035.45,4036.41,,,,0,,,,,,,,,,,,,,,cancelled_opposing_structure,1785272760000
1473,L,0,1785271800,4029.43,4025.96,1785272100,1785272700,4028.20,4028.92,0,1785273022886,1785273000,0,0,1,0,,,,,,,,,,,0,,,,,,,,,,,,,,,cancelled_opposing_structure,1785274440000
1476,S,0,1785274800,4025.01,4023.18,1785275100,1785275700,4023.14,4023.33,0,1785276001470,1785276000,0,0,2,1,,,,,,,,,,,0,,,,,,,,,,,,,,,cancelled_second_break,1785276420000
1477,L,0,1785275400,4024.54,4022.38,1785275700,1785276300,4023.14,4023.59,0,1785276601600,1785276600,0,0,0,0,,,,,,,,,,,0,,,,,,,,,,,,,,,cancelled_opposing_structure,1785277320000
1475,S,0,1785273900,4027.59,4025.83,1785273900,1785274500,4024.68,4025.83,0,1785275232168,1785275220,1,7,0,0,1785275640,1785275220,10816,,1785275580,4022.85,4023.14,1785275880,1785275940069,4022.44,1,4028.02,ob,4027.59,20,4011.28,0.17,1785275940069,4022.44,333,3,19,1785279261388,4028.05,sl,filled,1785275940069
1474,S,0,1785273300,4029.95,4027.94,1785273300,1785273900,4027.59,4027.94,0,1785279496832,1785279480,17,88,0,0,1785279600,1785279480,10829,,1785279540,4024.76,4026.06,,,,0,,,,,,,,,,,,,,,cancelled_opposing_structure,1785281340000
1479,S,0,1785279000,4027.88,4025.36,1785279300,1785279900,4024.24,4026.06,0,1785280628147,1785280620,1,7,0,0,,,,,,,,,,,0,,,,,,,,,,,,,,,cancelled_opposing_structure,1785281340000
1481,L,0,1785280800,4026.66,4025.52,1785280800,1785281400,4026.66,4027.28,0,1785282609117,1785282600,3,15,1,0,,,,,,,,,,,0,,,,,,,,,,,,,,,cancelled_opposing_structure,1785287700000
1478,L,0,1785277200,4024.16,4022.80,1785277500,1785278100,4023.66,4024.29,0,1785279653208,1785279600,4,20,1,1,1785282240,1785281820,10835,,1785282120,4029.43,4029.57,1785282360,1785282420311,4030.69,1,4022.60,ob,4022.80,20,4046.87,0.11,1785282420311,4030.69,335,13,67,1785287947387,4022.60,sl,filled,1785282420311
1480,L,0,1785279900,4024.24,4022.54,1785280200,1785280800,4024.67,4025.52,0,1785287715362,1785287700,10,110,2,1,,,,,,,,,,,0,,,,,,,,,,,,,,,cancelled_second_break,1785288060000
1484,S,0,1785288300,4021.11,4017.47,1785288300,1785288900,4017.42,4017.47,0,1785289255261,1785289200,0,0,0,0,,,,,,,,,,,0,,,,,,,,,,,,,,,cancelled_opposing_structure,1785290220000
1483,S,0,1785287100,4027.33,4026.03,1785287100,1785287700,4025.16,4026.03,0,1785293884577,1785293880,19,98,0,0,1785294000,1785293880,10862,,1785293940,4020.78,4024.46,1785294480,1785294540050,4019.80,1,4027.76,ob,4027.33,20,4003.88,0.11,1785294540050,4019.80,337,21,109,1785295315616,4028.47,sl,filled,1785294540050
1485,L,0,1785294300,4024.35,4017.66,1785294600,1785295200,4022.06,4023.73,0,1785295507625,1785295500,0,0,0,0,,,,,,,,,,,0,,,,,,,,,,,,,,,cancelled_opposing_structure,1785296940000
1487,S,0,1785297000,4023.91,4020.85,1785297300,1785297900,4015.55,4020.40,0,1785299492832,1785299460,4,21,2,1,,,,,,,,,,,0,,,,,,,,,,,,,,,cancelled_second_break,1785299760000
1482,S,0,1785282900,4029.20,4028.08,1785282900,1785287100,4027.33,4028.08,0,1785295315616,1785295260,26,131,0,0,1785296760,1785296640,10870,,1785296700,4024.22,4024.83,1785296880,1785296940005,4023.14,1,4029.68,ob,4029.20,20,4010.06,0.14,1785296940005,4023.14,339,31,159,1785299968131,4029.68,sl,filled,1785296940005
1486,S,0,1785296400,4026.14,4024.17,1785296400,1785297000,4023.91,4024.17,0,1785299693941,1785299640,7,39,2,1,,,,,,,,,,,0,,,,,,,,,,,,,,,cancelled_second_break,1785300240000
1489,L,0,1785302100,4030.15,4026.25,1785302100,1785302700,4030.15,4030.96,0,1785304366232,1785304320,4,22,0,0,,,,,,,,,,,0,,,,,,,,,,,,,,,cancelled_opposing_structure,1785305040000
1491,S,0,1785307500,4026.88,4025.60,1785307500,1785308100,4024.50,4025.60,0,1785310382109,1785310380,6,33,1,0,,,,,,,,,,,0,,,,,,,,,,,,,,,cancelled_opposing_structure,1785311040000
1490,S,0,1785303300,4035.20,4031.14,1785303600,1785304200,4033.31,4034.41,0,1785304501652,1785304500,0,0,0,0,1785307980,1785307620,10903,,1785307920,4024.86,4025.29,1785308400,1785308460143,4023.13,1,4035.63,ob,4035.20,20,3998.13,0.07,1785308460143,4023.13,342,13,66,1785314585991,4035.63,sl,filled,1785308460143
1472,S,0,1785270300,4039.66,4035.88,1785270300,1785270900,4035.07,4035.88,0,1785303020089,1785303000,94,530,0,0,1785304320,1785303660,10891,,1785304260,4030.24,4030.79,1785304440,1785304500062,4029.91,1,4040.09,ob,4039.66,20,4009.55,0.09,1785304500062,4029.91,341,99,555,1785314702216,4040.11,sl,filled,1785304500062
1494,L,0,1785317100,4041.75,4040.40,1785317100,1785317700,4041.75,4042.03,0,1785318144377,1785318120,0,2,1,1,1785319800,1785319740,10945,,1785319740,4044.69,4045.25,1785319920,1785319980144,4046.64,1,4040.20,ob,4040.40,20,4059.52,0.14,1785319980144,4046.64,346,6,33,1785323517985,4040.20,sl,filled,1785319980144
1497,S,0,1785323700,4042.16,4039.08,1785323700,1785324300,4038.06,4039.08,0,1785325264841,1785325260,2,11,0,0,1785328020,1785327780,10969,,,,,,,,0,,,,,,,,,,,,,,,cancelled_opposing_structure,1785329220000
1493,L,0,1785314100,4032.95,4029.73,1785314100,1785314700,4032.95,4033.73,0,1785315361146,1785315360,1,6,0,0,1785315600,1785315360,10929,,1785315540,4034.81,4035.24,1785315720,1785315780113,4035.88,1,4029.53,ob,4029.73,20,4048.58,0.14,1785315780113,4035.88,345,2,13,1785332333782,4029.45,sl,filled,1785315780113
1500,S,0,1785331500,4033.34,4030.14,1785331800,1785332400,4029.51,4032.10,0,1785334692737,1785334680,6,33,1,1,1785335520,1785335280,10992,,1785335460,4031.85,4031.95,1785335700,1785335760081,4030.78,1,4033.89,pivot,4033.45,20,4024.56,0.28,1785335760081,4030.78,350,10,51,1785336450522,4033.95,sl,filled,1785335760081
1498,S,0,1785327300,4037.63,4035.98,1785327300,1785327900,4034.73,4035.98,0,1785329416610,1785329400,4,20,0,0,1785335520,1785335280,10992,10995,1785335460,4031.85,4031.95,1785336120,,,0,,,,,,,,,,,,,,,cancelled_opposing_structure,1785336600000
1499,S,0,1785329100,4035.74,4034.07,1785329400,1785330000,4033.83,4034.84,0,1785331885642,1785331860,5,26,0,0,1785335520,1785335280,10992,10995,1785335460,4031.85,4031.95,1785336120,,,0,,,,,,,,,,,,,,,cancelled_opposing_structure,1785336600000
1457,S,0,1785237600,4051.16,4047.64,1785237900,1785238500,4046.40,4048.56,0,1785320556142,1785320520,260,1362,0,0,1785324240,1785323820,10957,10960,1785324180,4038.06,4038.69,1785325140,1785325200089,4037.96,1,4051.59,ob,4051.16,20,4010.70,0.06,1785325200089,4037.96,348,276,1440,1785339005339,4010.62,tp,filled,1785325200089
1449,S,0,1785211800,4058.28,4054.88,1785211800,1785212400,4054.60,4054.88,0,1785236811820,1785236760,80,401,0,0,1785240480,1785240000,10714,,1785240240,4042.47,4042.92,1785240600,1785240660010,4042.46,1,4058.72,ob,4058.28,20,4009.94,0.06,1785240660010,4042.46,323,93,466,1785339014651,4009.77,tp,filled,1785240660010
1492,L,0,1785309000,4023.05,4021.28,1785309300,1785309900,4022.22,4022.89,0,1785338191954,1785338160,93,466,2,1,,,,,,,,,,,0,,,,,,,,,,,,,,,cancelled_second_break,1785339660000
1501,L,0,1785333900,4028.25,4024.94,1785333900,1785334500,4028.25,4028.38,0,1785337975370,1785337920,10,52,2,1,1785340800,1785340260,11004,,,,,,,,0,,,,,,,,,,,,,,,cancelled_second_break,1785340920000
1488,L,0,1785298800,4017.58,4013.71,1785299100,1785299700,4020.15,4022.59,0,1785338420985,1785338400,128,640,2,1,1785342060,1785341700,11009,,1785342000,4018.36,4019.01,,,,0,,,,,,,,,,,,,,,cancelled_second_break,1785342660000
1505,S,0,1785346200,4009.22,4003.95,1785346500,1785347100,4002.55,4003.17,0,1785347609646,1785347580,0,3,0,0,,,,,,,,,,,0,,,,,,,,,,,,,,,cancelled_opposing_structure,1785348120000
1506,L,0,1785347700,4005.77,4002.39,1785347700,1785348300,4005.77,4006.51,0,1785348760411,1785348720,0,2,0,0,,,,,,,,,,,0,,,,,,,,,,,,,,,cancelled_opposing_structure,1785349260000
1503,S,0,1785343500,4015.99,4011.04,1785343500,1785344100,4009.11,4011.04,0,1785349699984,1785349680,17,88,0,0,1785350280,1785350040,11037,,1785350220,4008.90,4010.87,1785350520,1785350580090,4008.87,1,4016.42,ob,4015.99,20,3993.77,0.12,1785350580090,4008.87,356,20,103,1785352987156,4016.49,sl,filled,1785350580090
1504,L,0,1785345000,4001.22,3995.95,1785345000,1785345600,4001.22,4006.54,0,1785347011632,1785346980,3,18,0,0,1785347580,1785347280,11026,,1785347520,4003.74,4004.10,1785347760,1785347820053,4004.71,1,3995.75,ob,3995.95,20,4022.63,0.10,1785347820053,4004.71,355,6,32,1785354759318,4022.76,tp,filled,1785347820053
1502,S,0,1785340500,4023.64,4021.03,1785340500,1785341100,4019.19,4021.03,0,1785342161412,1785342120,2,12,0,0,1785344820,1785344700,11019,,1785344760,4001.61,4003.64,1785344940,1785345000024,3999.57,1,4024.08,ob,4023.64,20,3950.55,0.03,1785345000024,3999.57,354,12,60,1785354875542,4024.18,sl,filled,1785345000024
1496,S,0,1785322800,4044.36,4042.62,1785322800,1785323400,4042.35,4042.62,0,1785355954290,1785355920,107,537,2,1,,,,,,,,,,,0,,,,,,,,,,,,,,,cancelled_second_break,1785356220000
1495,S,0,1785321600,4047.47,4045.72,1785321600,1785322200,4044.71,4045.72,0,1785355995652,1785355980,111,558,2,1,,,,,,,,,,,0,,,,,,,,,,,,,,,cancelled_second_break,1785356520000
1507,L,0,1785350100,4012.37,4008.02,1785350400,1785351000,4010.55,4010.79,0,1785351300013,1785351300,0,0,1,1,1785355380,1785355140,11049,11053,1785355320,4032.15,4033.09,,,,0,,,,,,,,,,,,,,,cancelled_opposing_structure,1785356940000
1508,L,0,1785352200,4015.62,4009.53,1785352500,1785353100,4011.53,4015.03,0,1785353486802,1785353460,0,1,0,0,1785355380,1785355140,11049,11053,1785355320,4032.15,4033.09,,,,0,,,,,,,,,,,,,,,cancelled_opposing_structure,1785356940000
1446,S,0,1785207300,4073.34,4071.47,1785207300,1785207900,4066.99,4071.47,0,1785358805312,1785358800,490,2510,2,1,,,,,,,,,,,0,,,,,,,,,,,,,,,cancelled_second_break,1785358920000
1509,S,0,1785356400,4050.52,4044.61,1785356400,1785357000,4041.82,4044.61,0,1785357724292,1785357720,1,7,1,0,,,,,,,,,,,0,,,,,,,,,,,,,,,cancelled_opposing_structure,1785358980000
1448,S,0,1785210000,4066.15,4062.17,1785210000,1785210600,4060.05,4062.17,0,1785358803553,1785358800,481,2465,2,1,,,,,,,,,,,0,,,,,,,,,,,,,,,cancelled_second_break,1785359100000
1444,S,0,1785200400,4082.31,4078.47,1785200700,1785201300,4077.03,4078.63,0,1785358810082,1785358800,512,2620,1,1,1785360660,1785360600,11066,,1785360600,4060.18,4067.62,1785360900,1785360960037,4055.65,1,4082.79,ob,4082.31,20,4001.37,0.03,1785360960037,4055.65,362,519,2656,1785361422645,4082.93,sl,filled,1785360960037
1512,S,0,1785359400,4086.00,4071.89,1785359700,1785360300,4068.22,4071.20,0,1785360636047,1785360600,0,0,0,0,1785360660,1785360600,11066,,1785360600,4060.18,4067.62,1785360840,1785360900022,4059.79,1,4086.48,ob,4086.00,20,4006.41,0.03,1785360900022,4059.79,361,1,5,1785361472725,4086.51,sl,filled,1785360900022
1441,S,0,1785192300,4089.14,4086.15,1785192600,1785193200,4084.04,4085.96,0,1785361472065,1785361440,535,2799,2,1,1785362700,1785362520,11070,,1785362580,4105.54,4106.34,,,,0,,,,,,,,,,,,,,,cancelled_second_break,1785363720000
1513,L,0,1785360600,4072.69,4052.26,1785360900,1785361500,4072.66,4082.07,0,1785364424520,1785364380,8,43,0,0,,,,,,,,,,,0,,,,,,,,,,,,,,,cancelled_opposing_structure,1785365160000
1515,S,0,1785365100,4071.96,4065.94,1785365100,1785365700,4061.63,4065.94,0,1785368473598,1785368460,8,41,0,0,,,,,,,,,,,0,,,,,,,,,,,,,,,cancelled_opposing_structure,1785369000000
1514,S,0,1785363000,4102.24,4089.95,1785363300,1785363900,4087.72,4097.43,0,1785376654980,1785376620,29,207,0,0,1785379200,1785379080,11106,,1785379140,4091.68,4092.11,1785379320,1785379380078,4090.98,1,4102.68,ob,4102.24,20,4067.58,0.07,1785379380078,4090.98,366,38,253,1785383002246,4067.49,tp,filled,1785379380078
1517,S,0,1785379500,4093.11,4088.76,1785379500,1785380100,4088.35,4088.76,0,1785384288866,1785384240,12,64,0,0,,,,,,,,,,,0,,,,,,,,,,,,,,,cancelled_opposing_structure,1785386040000
1518,S,0,1785384000,4089.80,4070.40,1785384300,1785384900,4078.53,4086.34,0,1785385200071,1785385200,0,0,0,0,,,,,,,,,,,0,,,,,,,,,,,,,,,cancelled_opposing_structure,1785386040000
1519,L,0,1785384900,4078.53,4073.18,1785384900,1785385500,4078.53,4080.16,0,1785389519408,1785389460,12,61,2,1,1785390000,1785389880,11139,,,,,,,,0,,,,,,,,,,,,,,,cancelled_second_break,1785390780000
1524,L,0,1785393300,4055.88,4050.71,1785393600,1785394200,4053.83,4057.41,0,1785395050831,1785395040,1,9,0,0,,,,,,,,,,,0,,,,,,,,,,,,,,,cancelled_opposing_structure,1785395640000
1516,L,0,1785367200,4050.59,4043.84,1785367200,1785367800,4050.59,4053.94,0,1785397101237,1785397080,84,483,0,0,,,,,,,,,,,0,,,,,,,,,,,,,,,cancelled_opposing_structure,1785397980000
1511,L,0,1785358500,4044.87,4041.41,1785358500,1785359100,4044.87,4066.33,0,1785365941440,1785365940,21,109,0,0,1785375300,1785375180,11098,,1785375240,4075.80,4077.48,1785375720,1785375780131,4078.67,1,4041.21,ob,4041.41,20,4153.59,0.02,1785375780131,4078.67,365,42,273,1785399484580,4041.13,sl,filled,1785375780131
1526,S,0,1785397800,4048.36,4046.09,1785397800,1785398400,4046.08,4046.09,0,1785399329553,1785399300,2,10,0,0,1785399420,1785399300,11169,,1785399360,4042.55,4044.52,1785399660,1785399720043,4041.99,1,4048.80,ob,4048.36,20,4028.37,0.13,1785399720043,4041.99,369,3,17,1785400222940,4048.84,sl,filled,1785399720043
1510,L,0,1785357000,4041.82,4037.62,1785357300,1785357900,4041.63,4044.85,0,1785358695067,1785358680,1,8,0,0,1785358800,1785358680,11059,,1785358740,4044.58,4071.05,1785359100,1785359160009,4076.45,1,4037.42,ob,4037.62,20,4154.51,0.02,1785359160009,4076.45,360,3,16,1785400632269,4037.24,sl,filled,1785359160009
1527,L,0,1785399300,4046.26,4037.61,1785399600,1785400200,4044.45,4045.23,0,1785400517306,1785400500,0,0,2,1,,,,,,,,,,,0,,,,,,,,,,,,,,,cancelled_second_break,1785401220000
1529,S,0,1785402000,4038.32,4033.62,1785402300,1785402900,4034.18,4035.17,0,1785403200071,1785403200,0,0,2,1,,,,,,,,,,,0,,,,,,,,,,,,,,,cancelled_second_break,1785403440000
1528,S,0,1785400200,4051.27,4045.23,1785400200,1785400800,4036.95,4045.23,0,1785405743940,1785405720,15,77,0,0,,,,,,,,,,,0,,,,,,,,,,,,,,,cancelled_opposing_structure,1785406680000
1530,L,0,1785405300,4038.81,4035.17,1785405300,1785405900,4038.81,4042.61,0,1785407884573,1785407880,5,28,0,0,,,,,,,,,,,0,,,,,,,,,,,,,,,cancelled_opposing_structure,1785409140000
1525,S,0,1785396300,4055.24,4052.35,1785396300,1785396900,4052.27,4052.35,0,1785409655447,1785409620,41,207,2,1,,,,,,,,,,,0,,,,,,,,,,,,,,,cancelled_second_break,1785410400000
1531,S,0,1785408000,4047.23,4040.41,1785408300,1785408900,4041.08,4041.63,0,1785409400407,1785409380,0,3,1,0,,,,,,,,,,,0,,,,,,,,,,,,,,,cancelled_opposing_structure,1785411420000
1523,S,0,1785391200,4069.72,4062.55,1785391500,1785392100,4063.82,4064.08,0,1785410627232,1785410580,60,303,2,1,,,,,,,,,,,0,,,,,,,,,,,,,,,cancelled_second_break,1785411420000
1533,S,0,1785411600,4066.63,4062.95,1785411900,1785412500,4061.94,4063.54,0,1785412941655,1785412920,0,2,2,1,,,,,,,,,,,0,,,,,,,,,,,,,,,cancelled_second_break,1785413280000
1535,L,0,1785414900,4069.19,4065.05,1785415200,1785415800,4065.93,4066.85,0,1785416100048,1785416100,0,0,2,1,,,,,,,,,,,0,,,,,,,,,,,,,,,cancelled_second_break,1785416340000
1522,S,0,1785390000,4078.82,4073.63,1785390300,1785390900,4071.51,4073.43,0,1785417022988,1785417000,86,430,0,0,,,,,,,,,,,0,,,,,,,,,,,,,,,cancelled_opposing_structure,1785418320000
1521,S,0,1785388800,4083.67,4080.67,1785389100,1785389700,4078.29,4080.21,0,1785418569387,1785418560,95,476,0,0,,,,,,,,,,,0,,,,,,,,,,,,,,,cancelled_opposing_structure,1785419040000
1520,S,0,1785387600,4090.37,4084.49,1785387900,1785388500,4082.81,4087.36,0,1785425410812,1785425400,122,610,0,0,1785426660,1785426600,11266,,1785426600,4071.90,4073.81,1785427080,1785427140041,4071.59,1,4090.80,ob,4090.37,20,4033.17,0.04,1785427140041,4071.59,373,127,639,1785429465550,4090.96,sl,filled,1785427140041
1534,L,0,1785412200,4064.37,4059.68,1785412500,1785413100,4061.94,4065.71,0,1785414637738,1785414600,4,20,0,0,1785417360,1785417120,11231,,1785417300,4073.25,4073.89,1785417480,1785417540064,4075.66,1,4059.48,ob,4059.68,20,4108.02,0.05,1785417540064,4075.66,372,13,69,1785430737238,4108.09,tp,filled,1785417540064
1538,L,0,1785432000,4098.47,4087.17,1785432300,1785432900,4096.11,4100.12,0,1785434113424,1785434100,3,15,0,0,,,,,,,,,,,0,,,,,,,,,,,,,,,cancelled_opposing_structure,1785434820000
1540,S,0,1785434100,4100.84,4096.50,1785434400,1785435000,4090.77,4096.31,0,1785435578961,1785435540,0,4,0,0,,,,,,,,,,,0,,,,,,,,,,,,,,,cancelled_opposing_structure,1785436440000
1539,S,0,1785433200,4111.25,4104.10,1785433500,1785434100,4100.84,4101.89,0,1785436987807,1785436980,8,43,0,0,,,,,,,,,,,0,,,,,,,,,,,,,,,cancelled_opposing_structure,1785437700000
1537,S,0,1785430500,4112.79,4101.05,1785430800,1785431400,4102.38,4106.40,0,1785432793575,1785432780,3,18,0,0,1785434760,1785434580,11294,11296,1785434700,4095.16,4096.93,1785435780,1785435840035,4093.96,1,4113.22,ob,4112.79,20,4055.44,0.04,1785435840035,4093.96,376,13,69,1785438197218,4113.23,sl,filled,1785435840035
1545,S,0,1785442800,4108.18,4104.59,1785442800,1785443400,4102.40,4104.59,0,1785443808911,1785443760,0,1,0,0,,,,,,,,,,,0,,,,,,,,,,,,,,,cancelled_opposing_structure,1785445980000
1547,S,0,1785444000,4106.71,4102.58,1785444300,1785444900,4103.65,4104.08,0,1785445200024,1785445200,0,0,0,0,,,,,,,,,,,0,,,,,,,,,,,,,,,cancelled_opposing_structure,1785445980000
1543,L,0,1785436500,4100.78,4097.81,1785436500,1785437100,4100.78,4103.55,0,1785443356217,1785443340,19,99,0,0,1785445860,1785445680,11328,,,,,,,,0,,,,,,,,,,,,,,,cancelled_opposing_structure,1785446760000
1546,L,0,1785443400,4102.40,4100.25,1785443400,1785444000,4102.40,4102.58,0,1785444914310,1785444900,2,10,0,0,1785445860,1785445680,11328,,,,,,,,0,,,,,,,,,,,,,,,cancelled_opposing_structure,1785446760000
1548,L,0,1785444900,4103.65,4101.20,1785444900,1785445500,4103.65,4104.47,0,1785446520869,1785446520,2,12,2,1,1785447060,1785446760,11333,,1785447000,4104.71,4104.78,,,,0,,,,,,,,,,,,,,,cancelled_second_break,1785448260000
1549,S,0,1785445800,4106.77,4105.01,1785446100,1785446700,4103.60,4103.77,0,1785447116840,1785447060,0,1,1,0,1785448260,1785447240,11334,,1785448020,4101.19,4103.21,,,,0,,,,,,,,,,,,,,,cancelled_opposing_structure,1785450000000
1551,S,0,1785447600,4105.83,4103.95,1785447600,1785448200,4101.39,4103.95,0,1785449121819,1785449100,2,10,1,0,,,,,,,,,,,0,,,,,,,,,,,,,,,cancelled_opposing_structure,1785450000000
1554,L,0,1785451800,4112.92,4109.51,1785452100,1785452700,4112.71,4113.75,0,1785453494827,1785453480,1,8,0,0,,,,,,,,,,,0,,,,,,,,,,,,,,,cancelled_opposing_structure,1785454260000
1553,L,0,1785449400,4105.64,4103.04,1785449400,1785450000,4105.64,4109.49,0,1785454983796,1785454980,15,78,2,1,,,,,,,,,,,0,,,,,,,,,,,,,,,cancelled_second_break,1785455100000
1550,L,0,1785446400,4105.42,4101.53,1785446700,1785447300,4103.60,4104.47,0,1785447600050,1785447600,0,0,1,1,1785450360,1785450000,11340,,1785450240,4111.58,4112.94,1785450660,1785450720032,4113.76,1,4101.33,ob,4101.53,20,4138.62,0.07,1785450720032,4113.76,379,10,52,1785455286322,4101.33,sl,filled,1785450720032
1555,L,0,1785459600,4106.72,4101.96,1785459900,1785460500,4105.66,4106.33,0,1785464014418,1785463980,10,53,0,0,,,,,,,,,,,0,,,,,,,,,,,,,,,cancelled_opposing_structure,1785465000000
1557,L,0,1785465000,4105.11,4103.42,1785465300,1785465900,4105.91,4106.06,0,1785466824142,1785466800,2,10,2,1,,,,,,,,,,,0,,,,,,,,,,,,,,,cancelled_second_break,1785466920000
1552,L,0,1785448200,4101.39,4098.80,1785448500,1785449100,4100.19,4102.73,0,1785455286232,1785455280,19,98,0,0,1785460440,1785459600,11362,,1785460320,4106.38,4106.52,1785460500,1785460560042,4107.99,1,4098.60,ob,4098.80,20,4126.77,0.09,1785460560042,4107.99,382,25,186,1785468492306,4098.60,sl,filled,1785460560042
1542,L,0,1785435600,4097.13,4092.10,1785435900,1785436500,4096.67,4097.81,0,1785468539721,1785468480,93,528,2,1,,,,,,,,,,,0,,,,,,,,,,,,,,,cancelled_second_break,1785469560000
1544,S,0,1785439200,4119.18,4113.61,1785439500,1785440100,4114.92,4115.57,0,1785450313151,1785450300,33,165,0,0,1785451920,1785451740,11348,,1785451860,4111.17,4111.50,1785452160,1785452220043,4109.88,1,4119.62,ob,4119.18,20,4090.40,0.09,1785452220043,4109.88,380,39,197,1785471267007,4090.24,tp,filled,1785452220043
1541,L,0,1785435000,4090.77,4083.11,1785435000,1785435600,4090.77,4092.10,0,1785469262881,1785469260,99,556,0,0,1785470400,1785470220,11390,11393,1785470280,4094.12,4094.66,,,,0,,,,,,,,,,,,,,,cancelled_opposing_structure,1785472380000
1536,L,0,1785429000,4081.75,4075.41,1785429000,1785429600,4081.75,4085.16,0,1785474126829,1785474120,135,737,0,0,1785474540,1785474120,11402,,1785474480,4087.31,4088.19,,,,0,,,,,,,,,,,,,,,cancelled_opposing_structure,1785476520000
1561,S,0,1785476100,4082.55,4081.10,1785476100,1785476700,4077.98,4081.10,0,1785483218833,1785483180,20,103,0,0,,,,,,,,,,,0,,,,,,,,,,,,,,,cancelled_opposing_structure,1785484920000
1565,S,0,1785483300,4081.32,4079.73,1785483300,1785483900,4079.57,4079.73,0,1785484745600,1785484740,1,9,2,1,,,,,,,,,,,0,,,,,,,,,,,,,,,cancelled_second_break,1785485040000
1562,L,0,1785478800,4074.23,4072.55,1785478800,1785479400,4074.23,4075.01,0,1785481218048,1785481200,5,25,0,0,1785484860,1785484200,11431,11434,1785484740,4080.04,4080.42,1785482820,,,0,,,,,,,,,,,,,,,cancelled_opposing_structure,1785485700000
1563,L,0,1785481200,4075.90,4074.01,1785481500,1785482100,4075.26,4075.80,0,1785482405127,1785482400,0,0,0,0,1785484860,1785484200,11431,11434,1785484740,4080.04,4080.42,1785482820,,,0,,,,,,,,,,,,,,,cancelled_opposing_structure,1785485700000
1564,L,0,1785482100,4077.83,4075.80,1785482400,1785483000,4078.59,4079.28,0,1785484088221,1785484080,2,13,1,1,1785484860,1785484200,11431,11434,1785484740,4080.04,4080.42,,,,0,,,,,,,,,,,,,,,cancelled_opposing_structure,1785485700000
1566,L,0,1785483900,4079.57,4075.52,1785484200,1785484800,4078.12,4079.82,0,1785485795851,1785485760,2,11,0,0,1785486240,1785486060,11437,,1785486120,4081.04,4081.62,,,,0,,,,,,,,,,,,,,,cancelled_opposing_structure,1785486900000
1567,S,0,1785486900,4081.19,4077.37,1785486900,1785487500,4076.44,4077.37,0,1785488682709,1785488640,2,14,2,1,,,,,,,,,,,0,,,,,,,,,,,,,,,cancelled_second_break,1785488940000
1568,L,0,1785488100,4076.00,4073.37,1785488100,1785488700,4076.00,4077.72,0,1785492036192,1785492000,10,50,0,0,,,,,,,,,,,0,,,,,,,,,,,,,,,cancelled_opposing_structure,1785493500000
1556,S,0,1785463200,4111.20,4109.15,1785463500,1785464100,4107.45,4108.98,0,1785465919454,1785465900,5,25,0,0,1785468480,1785468240,11386,,1785468420,4096.74,4098.92,1785468660,1785468720102,4095.13,1,4111.63,ob,4111.20,20,4062.13,0.05,1785468720102,4095.13,384,14,72,1785496364994,4061.79,tp,filled,1785468720102
1571,S,0,1785498900,4064.35,4058.27,1785499200,1785499800,4058.11,4060.47,0,1785503376795,1785503340,10,54,0,0,1785504240,1785504120,11493,,,,,,,,0,,,,,,,,,,,,,,,cancelled_opposing_structure,1785505560000
1573,S,0,1785503100,4058.32,4055.84,1785503400,1785504000,4054.94,4055.66,0,1785504665171,1785504660,1,6,0,0,,,,,,,,,,,0,,,,,,,,,,,,,,,cancelled_opposing_structure,1785505560000
1572,L,0,1785501000,4054.46,4051.19,1785501300,1785501900,4052.21,4052.32,0,1785502673465,1785502620,1,7,0,0,1785507780,1785507360,11502,,1785507660,4057.17,4058.73,1785508140,,,0,,,,,,,,,,,,,,,cancelled_opposing_structure,1785508800000
1574,L,0,1785506100,4055.25,4053.66,1785506400,1785507000,4055.63,4056.74,0,1785507362471,1785507360,0,1,1,0,1785507780,1785507360,11502,,1785507660,4057.17,4058.73,1785508140,,,0,,,,,,,,,,,,,,,cancelled_opposing_structure,1785508800000
1576,L,0,1785509700,4055.43,4053.34,1785509700,1785510300,4055.43,4056.55,0,1785511233863,1785511200,2,10,1,0,,,,,,,,,,,0,,,,,,,,,,,,,,,cancelled_opposing_structure,1785511920000
1558,S,0,1785468000,4103.77,4098.71,1785468000,1785468600,4097.44,4098.71,0,1785470431811,1785470400,5,25,0,0,1785473400,1785473220,11399,,1785473220,4084.61,4086.54,1785473520,1785473580007,4083.93,1,4104.20,ob,4103.77,20,4043.39,0.04,1785473580007,4083.93,386,15,78,1785512572129,4043.29,tp,filled,1785473580007
1532,L,0,1785408900,4041.08,4038.15,1785408900,1785409500,4041.08,4045.01,0,1785513011509,1785513000,332,1720,0,0,,,,,,,,,,,0,,,,,,,,,,,,,,,cancelled_opposing_structure,1785513600000
1350,S,0,1784799900,4122.28,4119.08,1784800200,1784800800,4119.38,4119.68,0,1785430833286,1785430800,1463,10495,0,0,1785434760,1785434580,11294,11296,1785434700,4095.16,4096.93,1785436020,1785436080065,4094.89,1,4122.71,ob,4122.28,20,4039.25,0.03,1785436080065,4094.89,377,1480,10583,1785513615719,4039.23,tp,filled,1785436080065
1579,L,0,1785514200,4037.96,4034.73,1785514500,1785515100,4038.44,4040.39,0,1785515483730,1785515460,0,1,2,1,,,,,,,,,,,0,,,,,,,,,,,,,,,cancelled_second_break,1785515820000
1575,S,0,1785507600,4061.00,4056.04,1785507900,1785508500,4055.62,4057.68,0,1785510232467,1785510180,4,23,0,0,1785517620,1785517260,11534,,1785517560,4024.23,4027.51,1785512160,,,0,,,,,,,,,,,,,,,cancelled_opposing_structure,1785518940000
1578,S,0,1785513000,4046.31,4040.99,1785513300,1785513900,4040.05,4040.55,0,1785514933842,1785514920,2,12,0,0,1785517620,1785517260,11534,,1785517560,4024.23,4027.51,,,,0,,,,,,,,,,,,,,,cancelled_opposing_structure,1785518940000
1580,S,0,1785514800,4046.84,4035.73,1785515100,1785515700,4037.12,4040.39,0,1785518479685,1785518460,8,41,0,0,,,,,,,,,,,0,,,,,,,,,,,,,,,cancelled_opposing_structure,1785518940000
1582,S,0,1785524100,4046.71,4044.77,1785524100,1785524700,4044.59,4044.77,0,1785525012655,1785525000,0,0,1,0,,,,,,,,,,,0,,,,,,,,,,,,,,,cancelled_opposing_structure,1785526020000
1583,S,0,1785526200,4049.44,4047.05,1785526500,1785527100,4044.54,4046.69,0,1785529189322,1785529140,5,29,0,0,,,,,,,,,,,0,,,,,,,,,,,,,,,cancelled_opposing_structure,1785529740000
1585,S,0,1785531300,4054.26,4052.49,1785531600,1785532200,4051.47,4052.10,0,1785535227290,1785535200,9,45,0,0,1785535860,1785535800,11596,,1785535800,4048.22,4048.75,,,,0,,,,,,,,,,,,,,,cancelled_opposing_structure,1785537420000
1577,S,0,1785510600,4059.30,4055.47,1785510900,1785511500,4052.15,4055.60,0,1785537909099,1785537900,87,435,0,0,1785538980,1785537960,11603,11607,1785538920,4049.33,4049.75,,,,0,,,,,,,,,,,,,,,cancelled_opposing_structure,1785540060000
1586,L,0,1785537300,4051.42,4049.62,1785537300,1785537900,4051.42,4053.30,0,1785538360050,1785538320,0,2,2,1,1785539880,1785539700,11607,,1785539760,4047.23,4047.26,,,,0,,,,,,,,,,,,,,,cancelled_second_break,1785540720000
1560,S,0,1785474300,4089.17,4085.37,1785474600,1785475200,4084.17,4085.46,0,1785489419490,1785489360,46,231,0,0,1785497040,1785496800,11473,11476,1785496920,4062.34,4062.37,1785498480,1785498540120,4061.31,1,4089.60,ob,4089.17,20,4004.73,0.03,1785498540120,4061.31,388,76,384,1785542219981,4044.07,end,filled,1785498540120
1581,L,0,1785523500,4042.84,4039.95,1785523500,1785524100,4042.84,4044.77,0,1785524761047,1785524760,1,6,0,0,1785525960,1785525360,11562,,1785525900,4046.11,4046.41,1785526080,1785526140043,4047.17,1,4039.75,ob,4039.95,20,4062.01,0.12,1785526140043,4047.17,391,5,29,1785542219981,4043.76,end,filled,1785526140043
119,S,0,1780591200,4514.96,4505.17,1780591500,1780592100,4502.98,4507.31,1,,,,,0,0,,,,,,,,,,,0,,,,,,,,,,,,,,,run_end_untouched,1785542219981
129,S,0,1780623300,4479.94,4477.55,1780623300,1780623900,4476.19,4477.55,1,,,,,0,0,,,,,,,,,,,0,,,,,,,,,,,,,,,run_end_untouched,1785542219981
149,S,0,1780672500,4473.74,4468.38,1780672800,1780673400,4465.68,4467.42,1,,,,,0,0,,,,,,,,,,,0,,,,,,,,,,,,,,,run_end_untouched,1785542219981
150,S,0,1780674000,4448.16,4442.99,1780674000,1780674600,4440.69,4442.99,1,,,,,0,0,,,,,,,,,,,0,,,,,,,,,,,,,,,run_end_untouched,1785542219981
151,S,0,1780675800,4420.59,4414.51,1780676100,1780676700,4414.92,4416.25,1,,,,,0,0,,,,,,,,,,,0,,,,,,,,,,,,,,,run_end_untouched,1785542219981
152,S,0,1780677000,4409.48,4398.23,1780677000,1780677600,4398.19,4398.23,1,,,,,0,0,,,,,,,,,,,0,,,,,,,,,,,,,,,run_end_untouched,1785542219981
427,S,0,1781729700,4381.47,4376.98,1781729700,1781730300,4319.00,4376.98,1,,,,,0,0,,,,,,,,,,,0,,,,,,,,,,,,,,,run_end_untouched,1785542219981
442,S,0,1781771100,4323.24,4318.78,1781771400,1781772000,4318.14,4319.27,1,,,,,0,0,,,,,,,,,,,0,,,,,,,,,,,,,,,run_end_untouched,1785542219981
447,S,0,1781778300,4307.80,4303.94,1781778300,1781778900,4299.28,4303.94,1,,,,,0,0,,,,,,,,,,,0,,,,,,,,,,,,,,,run_end_untouched,1785542219981
448,S,0,1781779200,4298.00,4293.27,1781779500,1781780100,4293.55,4295.03,1,,,,,0,0,,,,,,,,,,,0,,,,,,,,,,,,,,,run_end_untouched,1785542219981
454,S,0,1781801400,4263.39,4256.49,1781801700,1781802300,4247.55,4250.58,1,,,,,0,0,,,,,,,,,,,0,,,,,,,,,,,,,,,run_end_untouched,1785542219981
458,S,0,1781805900,4254.69,4249.07,1781806200,1781806800,4244.61,4246.40,1,,,,,0,0,,,,,,,,,,,0,,,,,,,,,,,,,,,run_end_untouched,1785542219981
947,S,0,1783442400,4180.40,4168.48,1783442700,1783443300,4167.43,4170.70,0,,,,,0,0,,,,,,,,,,,0,,,,,,,,,,,,,,,run_end_untouched,1785542219981
1218,L,0,1784305800,3972.27,3963.73,1784305800,1784306400,3972.27,3982.30,0,,,,,0,0,,,,,,,,,,,0,,,,,,,,,,,,,,,run_end_untouched,1785542219981
1342,S,0,1784780400,4139.99,4134.83,1784780700,1784781300,4133.73,4136.68,0,,,,,0,0,,,,,,,,,,,0,,,,,,,,,,,,,,,run_end_untouched,1785542219981
1559,S,0,1785470700,4101.58,4095.47,1785470700,1785471300,4094.28,4095.47,0,,,,,0,0,,,,,,,,,,,0,,,,,,,,,,,,,,,run_end_untouched,1785542219981
1569,S,0,1785489900,4086.21,4082.09,1785489900,1785490500,4080.03,4082.09,0,,,,,0,0,,,,,,,,,,,0,,,,,,,,,,,,,,,run_end_untouched,1785542219981
1570,S,0,1785492900,4079.18,4076.27,1785492900,1785493500,4075.93,4076.27,0,,,,,0,0,,,,,,,,,,,0,,,,,,,,,,,,,,,run_end_untouched,1785542219981
1587,S,0,1785537900,4055.49,4053.30,1785537900,1785538500,4052.50,4053.30,0,,,,,0,0,,,,,,,,,,,0,,,,,,,,,,,,,,,run_end_untouched,1785542219981
1584,L,0,1785528300,4044.33,4041.90,1785528300,1785528900,4044.33,4044.79,0,1785542217348,1785542160,43,216,0,0,,,,,,,,,,,0,,,,,,,,,,,,,,,run_end_waiting,1785542219981
