setup_id,seq,kind,bar_time,tick_msc,price,lo,hi,ref_id,ref_time,detail
779,1,touch,1782870240,1782870280913,4014.69,,,,,
779,2,break,1782870600,,4011.96,,,,,
779,3,return,1782870660,1782870667756,4012.27,,,,,
779,4,cancelled_second_break,1782870780,,4011.16,,,,,
780,5,touch,1782871500,1782871536594,4015.02,,,,,
780,6,break,1782871560,,4016.83,,,,,
780,7,return,1782871620,1782871620674,4016.65,,,,,
780,8,cancelled_second_break,1782871620,,4018.13,,,,,
781,9,touch,1782872280,1782872335634,4013.47,,,,,
778,10,touch,1782872400,1782872411743,4010.66,,,,,
781,11,break,1782872400,,4010.34,,,,,
781,12,return,1782872580,1782872583929,4011.07,,,,,
781,13,cancelled_second_break,1782872580,,4010.70,,,,,
782,14,touch,1782873000,1782873057563,4012.55,,,,,
782,15,sc_hh,1782873900,,4008.82,,,5635,1782873480,
782,16,fvg_fixed,1782873960,,,4008.67,4009.22,,1782873840,
778,17,cancelled_opposing_structure,1782874020,,4008.15,,,5636,1782873420,
782,18,sc_superseded,1782874200,,,,,5637,,
782,19,sc_hh,1782874200,,4006.76,,,5637,1782874020,
782,20,fvg_none,1782874260,,,,,,,
782,21,sc_hh,1782874560,,4006.15,,,5638,1782874320,
782,22,fvg_fixed,1782874620,,,4006.15,4006.35,,1782874500,
782,23,fvg_lapsed,1782874800,,4007.77,,,,,
782,24,sc_hh,1782875940,,4005.40,,,5640,1782875580,
782,25,fvg_fixed,1782876000,,,4005.06,4005.64,,1782875880,
782,26,fvg_lapsed,1782876060,,4005.71,,,,,
782,27,sc_hh,1782876600,,4001.54,,,5644,1782876060,
782,28,fvg_fixed,1782876660,,,4002.71,4004.79,,1782876300,
782,29,hl,1782877020,,4005.72,,,5648,,
782,30,reaction,1782877080,,,,,,,
782,31,entry_attempt,1782877140,1782877140011,4002.44,4002.44,4002.68,,,10009
782,32,fill,1782877140,1782877140011,4002.44,4018.77,3969.78,,,
755,33,touch,1782878700,1782878702864,3988.49,,,,,
754,34,touch,1782879000,1782879015827,3981.16,,,,,
755,35,break,1782879000,,3981.14,,,,,
755,36,return,1782879240,1782879297151,3984.03,,,,,
755,37,cancelled_second_break,1782879300,,3983.07,,,,,
754,38,break,1782879420,,3976.88,,,,,
754,39,return,1782879480,1782879482324,3977.28,,,,,
754,40,cancelled_opposing_structure,1782879480,,3978.67,,,5655,1782879000,
786,41,touch,1782881220,1782881237658,3981.70,,,,,
751,42,touch,1782882300,1782882329207,3971.73,,,,,
786,43,sc_hh,1782882300,,3973.94,,,5663,1782882000,
786,44,fvg_fixed,1782882360,,,3972.97,3974.39,,1782882240,
787,45,touch,1782882780,1782882788179,3975.48,,,,,
786,46,fvg_lapsed,1782882780,,3976.33,,,,,
751,47,sc_hh,1782883140,,3979.70,,,5665,1782882360,
787,48,break,1782883140,,3980.47,,,,,
751,49,fvg_fixed,1782883200,,,3978.27,3979.61,,1782883080,
787,50,return,1782883800,1782883807342,3978.92,,,,,
751,51,sc_superseded,1782883800,,,,,5667,,
751,52,sc_hh,1782883800,,3982.21,,,5667,1782883800,
787,53,cancelled_second_break,1782883800,,3983.84,,,,,
751,54,fvg_none,1782883860,,,,,,,
786,55,cancelled_opposing_structure,1782884100,,3983.30,,,5668,1782883500,
751,56,sc_hh,1782884160,,3984.82,,,5669,1782884040,
751,57,fvg_fixed,1782884220,,,3983.51,3985.07,,1782884100,
751,58,fvg_lapsed,1782884400,,3982.62,,,,,
751,59,cancelled_opposing_structure,1782885240,,3980.25,,,5673,1782884460,
789,60,touch,1782886860,1782886911933,3981.29,,,,,
789,61,break,1782887520,,3977.59,,,,,
789,62,return,1782887580,1782887593753,3978.48,,,,,
789,63,cancelled_second_break,1782887580,,3977.88,,,,,
788,64,touch,1782889800,1782889825086,3974.89,,,,,
788,65,sc_hh,1782890700,,3976.85,,,5690,1782890220,
788,66,fvg_none,1782890760,,,,,,,
791,67,touch,1782891360,1782891370904,3976.82,,,,,
791,68,break,1782891540,,3974.38,,,,,
791,69,return,1782891600,1782891600052,3974.39,,,,,
791,70,cancelled_second_break,1782891660,,3973.62,,,,,
792,71,touch,1782892080,1782892089422,3977.48,,,,,
788,72,sc_hh,1782892260,,3980.73,,,5692,1782891720,
792,73,break,1782892260,,3981.06,,,,,
792,74,return,1782892320,1782892323346,3980.73,,,,,
788,75,fvg_fixed,1782892320,,,3979.10,3979.70,,1782892080,
788,76,sc_superseded,1782892500,,,,,5694,,
788,77,sc_hh,1782892500,,3981.44,,,5694,1782892380,
792,78,cancelled_second_break,1782892500,,3981.83,,,,,
788,79,fvg_none,1782892560,,,,,,,
793,80,touch,1782892620,1782892677619,3978.25,,,,,
793,81,break,1782892920,,3973.29,,,,,
793,82,return,1782893100,1782893106217,3973.89,,,,,
793,83,cancelled_second_break,1782893220,,3973.01,,,,,
788,84,cancelled_opposing_structure,1782893580,,3971.03,,,5698,1782892980,
795,85,touch,1782894600,1782894600053,3972.76,,,,,
795,86,sc_hh,1782894720,,3975.16,,,5701,1782894600,
795,87,fvg_fixed,1782894780,,,3974.88,3976.52,,1782894660,
795,88,fvg_lapsed,1782895020,,3973.73,,,,,
795,89,sc_hh,1782896220,,3977.35,,,5708,1782896040,
795,90,fvg_fixed,1782896280,,,3975.64,3976.69,,1782896100,
795,91,fvg_lapsed,1782896340,,3973.99,,,,,
795,92,cancelled_opposing_structure,1782896760,,3969.98,,,5712,1782896400,
782,93,exit,1782896820,1782896822627,3969.61,,,,,tp
750,94,touch,1782896820,1782896838630,3965.09,,,,,
797,95,touch,1782898200,1782898200009,3967.28,,,,,
750,96,sc_hh,1782898920,,3969.75,,,5716,1782898380,
797,97,sc_hh,1782898920,,3969.75,,,5716,1782898380,
796,98,touch,1782898980,1782899010872,3973.02,,,,,
750,99,fvg_fixed,1782898980,,,3969.05,3970.37,,1782898860,
797,100,fvg_fixed,1782898980,,,3969.05,3970.37,,1782898860,
750,101,hl,1782899580,,3969.07,,,5720,,
797,102,hl,1782899580,,3969.07,,,5720,,
798,103,touch,1782900120,1782900147127,3968.40,,,,,
750,104,fvg_lapsed,1782900120,,3966.68,,,,,
797,105,fvg_lapsed,1782900120,,3966.68,,,,,
796,106,sc_hh,1782900120,,3969.07,,,5720,1782900000,
796,107,fvg_fixed,1782900180,,,3967.64,3969.82,,1782900060,
750,108,break,1782900420,,3961.72,,,,,
797,109,break,1782900420,,3961.72,,,,,
798,110,break,1782900420,,3961.72,,,,,
750,111,return,1782900480,1782900510193,3962.42,,,,,
750,112,cancelled_second_break,1782900480,,3961.66,,,,,
798,113,return,1782900540,1782900544252,3963.52,,,,,
797,114,return,1782900540,1782900544334,3963.68,,,,,
797,115,cancelled_second_break,1782900600,,3962.79,,,,,
798,116,cancelled_second_break,1782900600,,3962.79,,,,,
796,117,hl,1782900720,,3966.31,,,5724,,
799,118,touch,1782901140,1782901188464,3969.33,,,,,
796,119,fvg_lapsed,1782901140,,3970.24,,,,,
800,120,touch,1782901740,1782901794493,3964.54,,,,,
796,121,sc_hh,1782901740,,3967.21,,,5727,1782901680,
799,122,sc_hh,1782901740,,3967.21,,,5727,1782901680,
796,123,fvg_fixed,1782901800,,,3964.98,3967.56,,1782901680,
799,124,fvg_fixed,1782901800,,,3964.98,3967.56,,1782901680,
801,125,touch,1782902100,1782902100029,3963.05,,,,,
801,126,sc_hh,1782902100,,3967.21,,,5727,1782901680,
796,127,fvg_lapsed,1782902160,,3967.94,,,,,
799,128,fvg_lapsed,1782902160,,3967.94,,,,,
801,129,fvg_none,1782902160,,,,,,,
800,130,sc_hh,1782902640,,3970.78,,,5728,1782901980,
801,131,break,1782902640,,3971.01,,,,,
801,132,return,1782902700,1782902700337,3970.91,,,,,
800,133,fvg_fixed,1782902700,,,3965.63,3967.00,,1782902100,
801,134,cancelled_second_break,1782902940,,3970.95,,,,,
800,135,sc_superseded,1782903000,,,,,5730,,
800,136,sc_hh,1782903000,,3972.86,,,5730,1782902880,
800,137,fvg_fixed,1782903060,,,3971.41,3972.16,,1782902940,
796,138,cancelled_opposing_structure,1782903120,,3973.14,,,5731,1782902700,
799,139,cancelled_opposing_structure,1782903120,,3973.14,,,5731,1782902700,
800,140,fvg_lapsed,1782903240,,3971.25,,,,,
800,141,sc_hh,1782903420,,3974.77,,,5732,1782903000,
800,142,fvg_fixed,1782903480,,,3973.84,3974.75,,1782903300,
800,143,fvg_lapsed,1782903600,,3972.88,,,,,
800,144,cancelled_opposing_structure,1782904260,,3969.95,,,5736,1782903720,
794,145,touch,1782904620,1782904621028,3979.14,,,,,
794,146,break,1782904680,,3981.74,,,,,
794,147,return,1782904740,1782904742062,3981.42,,,,,
794,148,cancelled_second_break,1782904740,,3982.69,,,,,
790,149,touch,1782904800,1782904808483,3983.31,,,,,
790,150,sc_hh,1782905460,,3978.61,,,5739,1782905220,
790,151,fvg_fixed,1782905520,,,3978.73,3978.77,,1782905340,
803,152,touch,1782905820,1782905877413,3973.05,,,,,
790,153,hl,1782906360,,3978.56,,,5742,,
790,154,sc_superseded,1782907020,,,,,5744,,
790,155,sc_hh,1782907020,,3974.46,,,5744,1782906840,
790,156,fvg_fixed,1782907080,,,3974.38,3974.74,,1782906960,
803,157,cancelled_opposing_structure,1782907080,,3971.52,,,5745,1782906540,
790,158,fvg_lapsed,1782907260,,3975.51,,,,,
790,159,cancelled_opposing_structure,1782907980,,3976.42,,,5748,1782907500,
804,160,touch,1782909780,1782909815419,3979.41,,,,,
804,161,sc_hh,1782909900,,3982.55,,,5753,1782909780,
804,162,fvg_fixed,1782909960,,,3981.70,3982.69,,1782909840,
804,163,hl,1782910500,,3983.09,,,5756,,
804,164,sc_superseded,1782910920,,,,,5757,,
804,165,sc_hh,1782910920,,3986.00,,,5757,1782910680,
804,166,fvg_fixed,1782910980,,,3985.52,3985.82,,1782910800,
806,167,touch,1782911400,1782911441337,3986.00,,,,,
804,168,fvg_lapsed,1782911580,,3985.48,,,,,
805,169,touch,1782911880,1782911922752,3982.54,,,,,
806,170,break,1782911880,,3982.59,,,,,
806,171,return,1782912180,1782912224243,3983.54,,,,,
807,172,touch,1782912240,1782912271674,3984.39,,,,,
804,173,sc_hh,1782912720,,3989.52,,,5759,1782912060,
806,174,sc_hh,1782912720,,3989.52,,,5759,1782912060,
805,175,sc_hh,1782912720,,3989.52,,,5759,1782912060,
807,176,break,1782912720,,3989.93,,,,,
804,177,fvg_fixed,1782912780,,,3987.42,3988.71,,1782912540,
806,178,fvg_fixed,1782912780,,,3987.42,3988.71,,1782912540,
805,179,fvg_fixed,1782912780,,,3987.42,3988.71,,1782912540,
807,180,return,1782912960,1782912993420,3989.41,,,,,
807,181,cancelled_second_break,1782912960,,3989.70,,,,,
785,182,touch,1782913020,1782913074739,3993.99,,,,,
804,183,fvg_lapsed,1782913380,,3987.02,,,,,
806,184,fvg_lapsed,1782913380,,3987.02,,,,,
805,185,fvg_lapsed,1782913380,,3987.02,,,,,
804,186,sc_hh,1782914100,,3994.29,,,5764,1782913440,
806,187,sc_hh,1782914100,,3994.29,,,5764,1782913440,
805,188,sc_hh,1782914100,,3994.29,,,5764,1782913440,
785,189,cancelled_opposing_structure,1782914100,,3995.18,,,5765,1782913020,
804,190,fvg_fixed,1782914160,,,3993.82,3994.84,,1782914040,
806,191,fvg_fixed,1782914160,,,3993.82,3994.84,,1782914040,
805,192,fvg_fixed,1782914160,,,3993.82,3994.84,,1782914040,
784,193,touch,1782914400,1782914451724,4000.84,,,,,
783,194,touch,1782914580,1782914601661,4007.02,,,,,
784,195,break,1782914580,,4007.45,,,,,
784,196,return,1782914640,1782914687141,4005.62,,,,,
784,197,cancelled_second_break,1782914640,,4006.57,,,,,
783,198,break,1782914940,,4010.43,,,,,
777,199,touch,1782915060,1782915095519,4019.23,,,,,
775,200,touch,1782915480,1782915530220,4021.39,,,,,
804,201,sc_superseded,1782915480,,,,,5766,,
804,202,sc_hh,1782915480,,4019.38,,,5766,1782915120,
806,203,sc_superseded,1782915480,,,,,5766,,
806,204,sc_hh,1782915480,,4019.38,,,5766,1782915120,
805,205,sc_superseded,1782915480,,,,,5766,,
805,206,sc_hh,1782915480,,4019.38,,,5766,1782915120,
777,207,break,1782915480,,4021.85,,,,,
804,208,fvg_fixed,1782915540,,,4018.62,4021.53,,1782915420,
806,209,fvg_fixed,1782915540,,,4018.62,4021.53,,1782915420,
805,210,fvg_fixed,1782915540,,,4018.62,4021.53,,1782915420,
775,211,break,1782915540,,4022.88,,,,,
775,212,return,1782915600,1782915600380,4022.64,,,,,
775,213,cancelled_second_break,1782915660,,4025.88,,,,,
777,214,return,1782915780,1782915783818,4020.55,,,,,
777,215,cancelled_second_break,1782915840,,4024.46,,,,,
804,216,hl,1782915960,,4019.09,,,5768,,
806,217,hl,1782915960,,4019.09,,,5768,,
805,218,hl,1782915960,,4019.09,,,5768,,
804,219,sc_superseded,1782916140,,,,,5767,,
804,220,sc_hh,1782916140,,4026.18,,,5767,1782915780,
806,221,sc_superseded,1782916140,,,,,5767,,
806,222,sc_hh,1782916140,,4026.18,,,5767,1782915780,
805,223,sc_superseded,1782916140,,,,,5767,,
805,224,sc_hh,1782916140,,4026.18,,,5767,1782915780,
783,225,cancelled_opposing_structure,1782916140,,4026.75,,,5768,1782915660,
804,226,fvg_fixed,1782916200,,,4023.54,4026.17,,1782916080,
806,227,fvg_fixed,1782916200,,,4023.54,4026.17,,1782916080,
805,228,fvg_fixed,1782916200,,,4023.54,4026.17,,1782916080,
804,229,hl,1782916560,,4023.23,,,5770,,
806,230,hl,1782916560,,4023.23,,,5770,,
805,231,hl,1782916560,,4023.23,,,5770,,
774,232,touch,1782916980,1782917039046,4030.67,,,,,
804,233,sc_superseded,1782916980,,,,,5771,,
804,234,sc_hh,1782916980,,4026.23,,,5771,1782916860,
806,235,sc_superseded,1782916980,,,,,5771,,
806,236,sc_hh,1782916980,,4026.23,,,5771,1782916860,
805,237,sc_superseded,1782916980,,,,,5771,,
805,238,sc_hh,1782916980,,4026.23,,,5771,1782916860,
804,239,fvg_fixed,1782917040,,,4026.03,4029.13,,1782916920,
806,240,fvg_fixed,1782917040,,,4026.03,4029.13,,1782916920,
805,241,fvg_fixed,1782917040,,,4026.03,4029.13,,1782916920,
774,242,break,1782917340,,4034.06,,,,,
774,243,return,1782917580,1782917619040,4032.48,,,,,
804,244,hl,1782917820,,4029.78,,,5774,,
806,245,hl,1782917820,,4029.78,,,5774,,
805,246,hl,1782917820,,4029.78,,,5774,,
774,247,cancelled_second_break,1782917820,,4032.64,,,,,
810,248,touch,1782918120,1782918143225,4028.25,,,,,
804,249,fvg_lapsed,1782918180,,4025.33,,,,,
806,250,fvg_lapsed,1782918180,,4025.33,,,,,
805,251,fvg_lapsed,1782918180,,4025.33,,,,,
804,252,cancelled_opposing_structure,1782918240,,4024.21,,,5775,1782917640,
806,253,cancelled_opposing_structure,1782918240,,4024.21,,,5775,1782917640,
805,254,cancelled_opposing_structure,1782918240,,4024.21,,,5775,1782917640,
810,255,break,1782918360,,4022.30,,,,,
810,256,return,1782918420,1782918430166,4023.26,,,,,
810,257,cancelled_second_break,1782918420,,4021.89,,,,,
811,258,touch,1782920280,1782920316944,4024.69,,,,,
811,259,cancelled_opposing_structure,1782921420,,4024.57,,,5786,1782920820,
812,260,touch,1782922500,1782922546891,4024.75,,,,,
812,261,break,1782922620,,4030.17,,,,,
812,262,return,1782922680,1782922717143,4027.58,,,,,
812,263,cancelled_second_break,1782922800,,4029.46,,,,,
766,264,touch,1782923400,1782923405788,4048.79,,,,,
766,265,break,1782923820,,4057.21,,,,,
766,266,sc_hh,1782925380,,4084.87,,,5795,1782925200,
766,267,fvg_fixed,1782925440,,,4089.46,4089.64,,1782925200,
766,268,fvg_lapsed,1782925500,,4090.52,,,,,
766,269,cancelled_opposing_structure,1782926580,,4103.85,,,5800,1782925860,
568,270,touch,1782927300,1782927318967,4112.40,,,,,
568,271,sc_hh,1782927780,,4095.90,,,5802,1782927360,
568,272,fvg_fixed,1782927840,,,4096.67,4097.32,,1782927660,
568,273,hl,1782928800,,4095.00,,,5806,,
568,274,sc_superseded,1782929280,,,,,5807,,
568,275,sc_hh,1782929280,,4088.24,,,5807,1782929220,
568,276,fvg_fixed,1782929340,,,4087.92,4088.01,,1782929220,
815,277,touch,1782929700,1782929729764,4089.09,,,,,
815,278,sc_hh,1782929700,,4088.24,,,5807,1782929220,
568,279,fvg_lapsed,1782929760,,4088.57,,,,,
815,280,fvg_none,1782929760,,,,,,,
568,281,sc_hh,1782930180,,4081.99,,,5809,1782929820,
815,282,sc_hh,1782930180,,4081.99,,,5809,1782929820,
568,283,fvg_fixed,1782930240,,,4080.97,4084.17,,1782930120,
815,284,fvg_fixed,1782930240,,,4080.97,4084.17,,1782930120,
568,285,hl,1782930720,,4084.88,,,5812,,
815,286,hl,1782930720,,4084.88,,,5812,,
568,287,reaction,1782930780,,,,,,,
815,288,reaction,1782930780,,,,,,,
568,289,lost_competition,1782930780,,,,,815,,
815,290,entry_attempt,1782930840,1782930840028,4078.81,4078.81,4079.05,,,10009
815,291,fill,1782930840,1782930840028,4078.81,4095.44,4045.55,,,
568,292,sc_superseded,1782930840,,,,,5811,,
568,293,sc_hh,1782930840,,4078.56,,,5811,1782930540,
568,294,fvg_fixed,1782930900,,,4080.05,4080.10,,1782930720,
568,295,fvg_lapsed,1782931080,,4080.66,,,,,
816,296,touch,1782931500,1782931529376,4085.21,,,,,
817,297,touch,1782931920,1782931947738,4083.96,,,,,
568,298,cancelled_opposing_structure,1782932760,,4087.94,,,5816,1782931800,
816,299,cancelled_opposing_structure,1782932760,,4087.94,,,5816,1782931800,
817,300,sc_hh,1782932760,,4087.92,,,5815,1782932280,
817,301,fvg_fixed,1782932820,,,4086.41,4086.49,,1782932700,
817,302,fvg_lapsed,1782932880,,4084.98,,,,,
817,303,cancelled_opposing_structure,1782933480,,4081.89,,,5819,1782933000,
818,304,touch,1782943680,1782943716683,4067.27,,,,,
818,305,sc_hh,1782944220,,4064.41,,,5855,1782944040,
818,306,fvg_fixed,1782944280,,,4063.99,4064.73,,1782944160,
819,307,touch,1782944340,1782944348391,4062.15,,,,,
819,308,break,1782944640,,4056.72,,,,,
819,309,return,1782944700,1782944749610,4057.96,,,,,
819,310,cancelled_second_break,1782945120,,4057.32,,,,,
818,311,hl,1782945180,,4059.69,,,5857,,
818,312,sc_superseded,1782945240,,,,,5856,,
818,313,sc_hh,1782945240,,4056.60,,,5856,1782945000,
818,314,fvg_fixed,1782945300,,,4056.81,4056.99,,1782945180,
818,315,sc_superseded,1782946200,,,,,5858,,
818,316,sc_hh,1782946200,,4051.19,,,5858,1782945900,
818,317,fvg_fixed,1782946260,,,4049.85,4051.62,,1782946140,
815,318,exit,1782946320,1782946321603,4045.36,,,,,tp
818,319,sc_superseded,1782946560,,,,,5859,,
818,320,sc_hh,1782946560,,4038.88,,,5859,1782946320,
818,321,fvg_fixed,1782946620,,,4037.88,4039.25,,1782946500,
818,322,hl,1782947580,,4035.67,,,5861,,
818,323,cancelled_opposing_structure,1782947880,,4036.32,,,5862,1782947400,
822,324,touch,1782954120,1782954163291,4036.97,,,,,
822,325,break,1782954240,,4039.40,,,,,
822,326,return,1782954300,1782954301389,4039.04,,,,,
822,327,cancelled_second_break,1782954300,,4039.22,,,,,
824,328,touch,1782955800,1782955811575,4037.55,,,,,
824,329,sc_hh,1782956160,,4039.20,,,5875,1782955920,
824,330,fvg_fixed,1782956220,,,4038.31,4038.62,,1782956040,
824,331,sc_superseded,1782956700,,,,,5877,,
824,332,sc_hh,1782956700,,4040.32,,,5877,1782956220,
824,333,fvg_fixed,1782956760,,,4040.33,4040.73,,1782956640,
824,334,sc_superseded,1782957540,,,,,5879,,
824,335,sc_hh,1782957540,,4044.44,,,5879,1782957300,
824,336,fvg_fixed,1782957600,,,4043.47,4043.53,,1782957360,
824,337,fvg_lapsed,1782957720,,4043.24,,,,,
825,338,touch,1782958380,1782958422663,4038.65,,,,,
824,339,cancelled_opposing_structure,1782958380,,4038.85,,,5882,1782957960,
825,340,break,1782959040,,4035.90,,,,,
825,341,cancelled_opposing_structure,1782959040,,4035.90,,,5884,1782958620,
823,342,touch,1782961200,1782961255215,4032.62,,,,,
826,343,touch,1782961560,1782961565862,4038.20,,,,,
823,344,sc_hh,1782961560,,4036.91,,,5889,1782961380,
823,345,fvg_fixed,1782961620,,,4035.78,4036.87,,1782961500,
823,346,sc_superseded,1782961800,,,,,5891,,
823,347,sc_hh,1782961800,,4040.33,,,5891,1782961560,
826,348,break,1782961800,,4042.54,,,,,
823,349,fvg_fixed,1782961860,,,4040.12,4041.40,,1782961740,
826,350,return,1782962340,1782962383586,4040.30,,,,,
826,351,cancelled_second_break,1782962340,,4040.85,,,,,
823,352,hl,1782962520,,4040.23,,,5894,,
823,353,sc_superseded,1782962640,,,,,5892,,
823,354,sc_hh,1782962640,,4046.12,,,5892,1782962340,
823,355,fvg_fixed,1782962700,,,4044.98,4046.13,,1782962580,
823,356,fvg_lapsed,1782962820,,4044.88,,,,,
823,357,cancelled_opposing_structure,1782963600,,4041.48,,,5898,1782963120,
821,358,touch,1782964800,1782964818339,4056.76,,,,,
821,359,break,1782964800,,4061.58,,,,,
821,360,return,1782964860,1782964867119,4059.60,,,,,
821,361,cancelled_second_break,1782964860,,4063.14,,,,,
820,362,touch,1782964920,1782964929013,4064.19,,,,,
820,363,sc_hh,1782965820,,4060.80,,,5904,1782965460,
820,364,fvg_fixed,1782965880,,,4061.57,4061.81,,1782965760,
820,365,sc_superseded,1782966780,,,,,5906,,
820,366,sc_hh,1782966780,,4050.12,,,5906,1782966600,
820,367,fvg_fixed,1782966840,,,4048.16,4049.73,,1782966720,
820,368,fvg_lapsed,1782966960,,4051.07,,,,,
820,369,sc_hh,1782968580,,4045.29,,,5910,1782968160,
820,370,fvg_fixed,1782968640,,,4047.58,4048.94,,1782968400,
828,371,touch,1782968700,1782968739687,4043.07,,,,,
820,372,sc_superseded,1782969000,,,,,5913,,
820,373,sc_hh,1782969000,,4042.32,,,5913,1782968700,
820,374,fvg_fixed,1782969060,,,4043.52,4043.85,,1782968940,
820,375,fvg_lapsed,1782969120,,4043.90,,,,,
828,376,sc_hh,1782969240,,4045.47,,,5914,1782969000,
828,377,fvg_fixed,1782969300,,,4044.74,4047.83,,1782969180,
830,378,touch,1782969360,1782969363375,4051.64,,,,,
828,379,hl,1782970020,,4048.77,,,5917,,
828,380,reaction,1782970260,,,,,,,
828,381,entry_attempt,1782970320,1782970320038,4049.91,4049.68,4049.91,,,10009
828,382,fill,1782970320,1782970320038,4049.91,4037.87,4073.99,,,
820,383,cancelled_opposing_structure,1782970920,,4055.40,,,5921,1782970380,
830,384,break,1782970920,,4055.40,,,,,
830,385,cancelled_opposing_structure,1782970920,,4055.40,,,5921,1782970380,
829,386,touch,1782973620,1782973626853,4064.27,,,,,
829,387,cancelled_opposing_structure,1782974520,,4067.57,,,5936,1782973680,
828,388,exit,1782975360,1782975369085,4074.10,,,,,tp
834,389,touch,1782980640,1782980684404,4062.00,,,,,
832,390,touch,1782981180,1782981201703,4053.97,,,,,
832,391,sc_hh,1782981420,,4062.19,,,5957,1782981180,
832,392,fvg_fixed,1782981480,,,4058.12,4063.39,,1782981360,
832,393,hl,1782981960,,4061.14,,,5961,,
834,394,sc_hh,1782982140,,4061.14,,,5961,1782981900,
832,395,cancelled_opposing_structure,1782982140,,4060.66,,,5962,1782981780,
834,396,fvg_none,1782982200,,,,,,,
834,397,break,1782982560,,4066.85,,,,,
833,398,touch,1782982800,1782982820195,4069.61,,,,,
833,399,break,1782982920,,4074.29,,,,,
833,400,return,1782982980,1782982986205,4072.64,,,,,
833,401,cancelled_second_break,1782982980,,4073.47,,,,,
834,402,cancelled_opposing_structure,1782984060,,4076.65,,,5967,1782982920,
836,403,touch,1782985140,1782985146810,4071.94,,,,,
836,404,break,1782985320,,4067.63,,,,,
836,405,return,1782985440,1782985462520,4068.04,,,,,
836,406,cancelled_second_break,1782985560,,4067.97,,,,,
837,407,touch,1782985740,1782985797748,4073.50,,,,,
837,408,cancelled_opposing_structure,1782986220,,4076.37,,,5973,1782985800,
838,409,touch,1782987000,1782987018347,4072.33,,,,,
838,410,sc_hh,1782987300,,4067.17,,,5975,1782987000,
838,411,fvg_fixed,1782987360,,,4069.32,4070.28,,1782987060,
835,412,touch,1782987540,1782987566594,4064.97,,,,,
838,413,sc_superseded,1782987780,,,,,5977,,
838,414,sc_hh,1782987780,,4064.49,,,5977,1782987720,
838,415,fvg_fixed,1782987840,,,4062.98,4065.09,,1782987720,
835,416,cancelled_opposing_structure,1782987960,,4063.35,,,5978,1782987540,
838,417,fvg_lapsed,1782988560,,4065.37,,,,,
839,418,touch,1782988680,1782988726556,4067.64,,,,,
839,419,break,1782988860,,4072.79,,,,,
839,420,return,1782989100,1782989154490,4072.19,,,,,
838,421,sc_hh,1782989580,,4067.42,,,5982,1782989400,
839,422,sc_hh,1782989580,,4067.42,,,5982,1782989400,
838,423,fvg_fixed,1782989640,,,4067.08,4068.39,,1782989520,
839,424,fvg_fixed,1782989640,,,4067.08,4068.39,,1782989520,
838,425,sc_superseded,1782990000,,,,,5983,,
838,426,sc_hh,1782990000,,4063.60,,,5983,1782989880,
839,427,sc_superseded,1782990000,,,,,5983,,
839,428,sc_hh,1782990000,,4063.60,,,5983,1782989880,
838,429,fvg_fixed,1782990060,,,4064.19,4064.43,,1782989940,
839,430,fvg_fixed,1782990060,,,4064.19,4064.43,,1782989940,
838,431,fvg_lapsed,1782990120,,4064.65,,,,,
839,432,fvg_lapsed,1782990120,,4064.65,,,,,
840,433,touch,1782990540,1782990544368,4070.34,,,,,
839,434,cancelled_second_break,1782990600,,4072.74,,,,,
838,435,cancelled_opposing_structure,1782991260,,4074.29,,,5987,1782990600,
840,436,cancelled_opposing_structure,1782991260,,4074.29,,,5987,1782990600,
842,437,touch,1782991800,1782991805817,4074.16,,,,,
842,438,sc_hh,1782992520,,4075.95,,,5992,1782992280,
842,439,fvg_none,1782992580,,,,,,,
842,440,sc_hh,1782992880,,4077.82,,,5993,1782992760,
842,441,fvg_fixed,1782992940,,,4076.12,4076.52,,1782992820,
842,442,fvg_lapsed,1782993060,,4074.84,,,,,
842,443,sc_hh,1782994680,,4072.63,,,5999,1782994560,
843,444,touch,1782994740,1782994746375,4073.17,,,,,
842,445,fvg_fixed,1782994740,,,4071.19,4071.61,,1782994560,
842,446,fvg_lapsed,1782994860,,4070.80,,,,,
842,447,break,1782995040,,4067.56,,,,,
843,448,sc_hh,1782995040,,4069.39,,,6000,1782994740,
841,449,touch,1782995100,1782995113423,4066.84,,,,,
843,450,fvg_fixed,1782995100,,,4067.85,4069.89,,1782994980,
843,451,sc_superseded,1782995400,,,,,6002,,
843,452,sc_hh,1782995400,,4066.20,,,6002,1782995400,
843,453,fvg_none,1782995460,,,,,,,
842,454,cancelled_opposing_structure,1782995640,,4065.80,,,6003,1782995100,
841,455,cancelled_opposing_structure,1782995640,,4065.80,,,6003,1782995100,
844,456,touch,1782996120,1782996144974,4070.38,,,,,
845,457,touch,1782996720,1782996736548,4068.04,,,,,
846,458,touch,1782997200,1782997216791,4065.75,,,,,
843,459,sc_hh,1782997380,,4064.59,,,6008,1782997020,
844,460,sc_hh,1782997380,,4064.59,,,6008,1782997020,
845,461,break,1782997380,,4063.51,,,,,
846,462,sc_hh,1782997380,,4064.59,,,6008,1782997020,
845,463,return,1782997440,1782997452286,4064.11,,,,,
843,464,fvg_none,1782997440,,,,,,,
844,465,fvg_none,1782997440,,,,,,,
845,466,cancelled_second_break,1782997440,,4063.56,,,,,
846,467,fvg_none,1782997440,,,,,,,
843,468,sc_hh,1782997980,,4062.89,,,6010,1782997800,
844,469,sc_hh,1782997980,,4062.89,,,6010,1782997800,
846,470,sc_hh,1782997980,,4062.89,,,6010,1782997800,
843,471,fvg_none,1782998040,,,,,,,
844,472,fvg_none,1782998040,,,,,,,
846,473,fvg_none,1782998040,,,,,,,
843,474,sc_hh,1782999540,,4063.72,,,6015,1782999360,
844,475,sc_hh,1782999540,,4063.72,,,6015,1782999360,
846,476,sc_hh,1782999540,,4063.72,,,6015,1782999360,
843,477,fvg_fixed,1782999600,,,4064.55,4064.70,,1782999420,
844,478,fvg_fixed,1782999600,,,4064.55,4064.70,,1782999420,
846,479,fvg_fixed,1782999600,,,4064.55,4064.70,,1782999420,
843,480,fvg_lapsed,1782999660,,4067.60,,,,,
844,481,fvg_lapsed,1782999660,,4067.60,,,,,
846,482,fvg_lapsed,1782999660,,4067.60,,,,,
843,483,sc_hh,1783000140,,4062.82,,,6018,1782999900,
844,484,sc_hh,1783000140,,4062.82,,,6018,1782999900,
846,485,sc_hh,1783000140,,4062.82,,,6018,1782999900,
843,486,fvg_none,1783000200,,,,,,,
844,487,fvg_none,1783000200,,,,,,,
846,488,fvg_none,1783000200,,,,,,,
843,489,sc_hh,1783000920,,4062.39,,,6021,1783000740,
844,490,sc_hh,1783000920,,4062.39,,,6021,1783000740,
846,491,sc_hh,1783000920,,4062.39,,,6021,1783000740,
843,492,fvg_fixed,1783000980,,,4061.80,4063.03,,1783000860,
844,493,fvg_fixed,1783000980,,,4061.80,4063.03,,1783000860,
846,494,fvg_fixed,1783000980,,,4061.80,4063.03,,1783000860,
847,495,touch,1783001520,1783001551222,4062.39,,,,,
843,496,fvg_lapsed,1783001640,,4063.26,,,,,
844,497,fvg_lapsed,1783001640,,4063.26,,,,,
846,498,fvg_lapsed,1783001640,,4063.26,,,,,
843,499,cancelled_opposing_structure,1783003380,,4071.13,,,6027,1783001940,
844,500,cancelled_opposing_structure,1783003380,,4071.13,,,6027,1783001940,
846,501,cancelled_opposing_structure,1783003380,,4071.13,,,6027,1783001940,
847,502,break,1783003380,,4071.13,,,,,
847,503,cancelled_opposing_structure,1783003380,,4071.13,,,6027,1783001940,
849,504,touch,1783004220,1783004268729,4067.09,,,,,
849,505,break,1783004460,,4063.72,,,,,
849,506,return,1783004520,1783004524535,4064.28,,,,,
849,507,cancelled_second_break,1783004520,,4063.65,,,,,
850,508,touch,1783004700,1783004716165,4068.04,,,,,
850,509,break,1783004760,,4072.59,,,,,
850,510,return,1783004820,1783004823180,4071.96,,,,,
851,511,touch,1783005600,1783005626731,4066.74,,,,,
814,512,touch,1783006200,1783006213637,4098.38,,,,,
850,513,cancelled_second_break,1783006200,,4117.79,,,,,
851,514,break,1783006200,,4117.79,,,,,
814,515,break,1783006200,,4117.79,,,,,
565,516,touch,1783006260,1783006260416,4121.51,,,,,
814,517,return,1783006260,1783006282503,4110.95,,,,,
814,518,cancelled_second_break,1783006320,,4118.00,,,,,
851,519,cancelled_opposing_structure,1783006380,,4120.87,,,6035,1783005900,
565,520,break,1783006440,,4127.23,,,,,
565,521,return,1783006680,1783006703140,4124.20,,,,,
565,522,cancelled_second_break,1783006680,,4132.42,,,,,
853,523,touch,1783013220,1783013263283,4117.05,,,,,
853,524,sc_hh,1783014540,,4120.60,,,6064,1783014480,
853,525,fvg_fixed,1783014600,,,4118.42,4122.51,,1783014480,
853,526,sc_superseded,1783014900,,,,,6066,,
853,527,sc_hh,1783014900,,4126.29,,,6066,1783014780,
854,528,touch,1783014960,1783014963365,4127.03,,,,,
853,529,fvg_fixed,1783014960,,,4125.47,4126.36,,1783014840,
853,530,fvg_lapsed,1783015500,,4123.06,,,,,
854,531,sc_hh,1783015620,,4120.56,,,6067,1783015380,
854,532,fvg_fixed,1783015680,,,4121.08,4121.71,,1783015560,
854,533,fvg_lapsed,1783015800,,4122.50,,,,,
853,534,cancelled_opposing_structure,1783019160,,4124.56,,,6077,1783017840,
854,535,sc_hh,1783019220,,4124.16,,,6078,1783018800,
854,536,fvg_fixed,1783019280,,,4125.30,4125.62,,1783019040,
854,537,hl,1783019640,,4126.17,,,6082,,
854,538,sc_superseded,1783019700,,,,,6081,,
854,539,sc_hh,1783019700,,4121.90,,,6081,1783019460,
854,540,fvg_none,1783019760,,,,,,,
854,541,sc_hh,1783020180,,4120.94,,,6084,1783019940,
854,542,fvg_fixed,1783020240,,,4118.59,4121.76,,1783020120,
856,543,touch,1783021800,1783021810485,4116.35,,,,,
854,544,hl,1783022100,,4120.15,,,6088,,
854,545,reaction,1783022280,,,,,,,
854,546,entry_attempt,1783022340,1783022340051,4118.03,4118.03,4118.27,,,10009
854,547,fill,1783022340,1783022340051,4118.03,4136.54,4081.01,,,
856,548,cancelled_opposing_structure,1783022700,,4115.27,,,6090,1783022160,
855,549,touch,1783026420,1783026474952,4120.94,,,,,
858,550,touch,1783027500,1783027500112,4117.94,,,,,
858,551,break,1783027740,,4123.14,,,,,
858,552,return,1783027800,1783027800287,4122.93,,,,,
855,553,break,1783027800,,4124.64,,,,,
855,554,cancelled_opposing_structure,1783027800,,4124.64,,,6105,1783026600,
858,555,cancelled_second_break,1783027800,,4124.64,,,,,
859,556,touch,1783028760,1783028802558,4120.32,,,,,
860,557,touch,1783029000,1783029035050,4122.91,,,,,
860,558,sc_hh,1783029780,,4120.77,,,6111,1783029600,
859,559,cancelled_opposing_structure,1783029840,,4118.39,,,6110,1783028820,
860,560,fvg_fixed,1783029840,,,4120.20,4122.13,,1783029720,
857,561,touch,1783030920,1783030945499,4110.03,,,,,
860,562,hl,1783031700,,4114.78,,,6114,,
857,563,sc_hh,1783032420,,4114.10,,,6116,1783032000,
857,564,fvg_none,1783032480,,,,,,,
860,565,cancelled_opposing_structure,1783032540,,4115.73,,,6115,1783031520,
861,566,touch,1783032780,1783032780148,4120.79,,,,,
861,567,break,1783032840,,4123.65,,,,,
861,568,return,1783032900,1783032910391,4122.92,,,,,
861,569,cancelled_second_break,1783032900,,4123.61,,,,,
857,570,sc_hh,1783034400,,4122.45,,,6119,1783034280,
857,571,fvg_fixed,1783034460,,,4122.12,4122.95,,1783034340,
857,572,hl,1783035180,,4123.01,,,6122,,
863,573,touch,1783035540,1783035549037,4121.85,,,,,
857,574,fvg_lapsed,1783035540,,4121.56,,,,,
863,575,break,1783036140,,4119.65,,,,,
863,576,return,1783036260,1783036280290,4119.78,,,,,
863,577,cancelled_second_break,1783036320,,4119.72,,,,,
864,578,touch,1783036620,1783036642104,4123.14,,,,,
857,579,sc_hh,1783040400,,4125.02,,,6123,1783036200,
864,580,break,1783040400,,4126.05,,,,,
857,581,fvg_fixed,1783040460,,,4124.21,4124.87,,1783036620,
857,582,sc_superseded,1783040940,,,,,6126,,
857,583,sc_hh,1783040940,,4127.81,,,6126,1783040820,
857,584,fvg_fixed,1783041000,,,4125.49,4126.99,,1783040880,
857,585,fvg_lapsed,1783041180,,4124.57,,,,,
864,586,sc_hh,1783041240,,4124.52,,,6127,1783041000,
864,587,return,1783041300,1783041343971,4124.17,,,,,
864,588,cancelled_second_break,1783041300,,4124.35,,,,,
857,589,cancelled_opposing_structure,1783041840,,4123.63,,,6130,1783041480,
866,590,touch,1783046280,1783046300063,4123.92,,,,,
866,591,break,1783046280,,4122.90,,,,,
866,592,return,1783046340,1783046344015,4123.00,,,,,
866,593,cancelled_second_break,1783046520,,4121.92,,,,,
854,594,exit,1783048440,1783048449481,4136.66,,,,,sl
534,595,touch,1783051680,1783051711465,4170.95,,,,,
534,596,break,1783052400,,4185.87,,,,,
533,597,touch,1783052640,1783052672443,4190.22,,,,,
534,598,sc_hh,1783053660,,4182.48,,,6164,1783053300,
533,599,sc_hh,1783053660,,4182.48,,,6164,1783053300,
534,600,fvg_fixed,1783053720,,,4186.98,4188.77,,1783053360,
533,601,fvg_fixed,1783053720,,,4186.98,4188.77,,1783053360,
534,602,return,1783053780,1783053817318,4180.13,,,,,
534,603,cancelled_second_break,1783053780,,4180.62,,,,,
533,604,sc_superseded,1783054260,,,,,6166,,
533,605,sc_hh,1783054260,,4176.46,,,6166,1783054140,
533,606,fvg_fixed,1783054320,,,4177.02,4177.39,,1783054200,
533,607,fvg_lapsed,1783054440,,4179.62,,,,,
869,608,touch,1783054680,1783054702080,4182.60,,,,,
533,609,sc_hh,1783055880,,4178.55,,,6174,1783055820,
869,610,sc_hh,1783055880,,4178.55,,,6174,1783055820,
533,611,fvg_fixed,1783055940,,,4178.38,4179.68,,1783055820,
869,612,fvg_fixed,1783055940,,,4178.38,4179.68,,1783055820,
533,613,fvg_lapsed,1783056060,,4180.18,,,,,
869,614,fvg_lapsed,1783056060,,4180.18,,,,,
533,615,cancelled_opposing_structure,1783057140,,4186.16,,,6180,1783056720,
869,616,cancelled_opposing_structure,1783057140,,4186.16,,,6180,1783056720,
870,617,touch,1783063800,1783063851283,4176.57,,,,,
870,618,sc_hh,1783064760,,4177.87,,,6204,1783064280,
870,619,fvg_fixed,1783064820,,,4176.43,4176.63,,1783064460,
870,620,fvg_lapsed,1783064880,,4176.25,,,,,
870,621,sc_hh,1783065420,,4178.22,,,6206,1783065120,
870,622,fvg_fixed,1783065480,,,4177.78,4177.79,,1783065360,
870,623,fvg_lapsed,1783065720,,4177.63,,,,,
870,624,sc_hh,1783065840,,4180.01,,,6208,1783065780,
870,625,fvg_fixed,1783065900,,,4178.22,4179.81,,1783065780,
870,626,fvg_lapsed,1783066260,,4177.93,,,,,
871,627,touch,1783066560,1783066602772,4176.41,,,,,
870,628,cancelled_opposing_structure,1783066800,,4177.30,,,6212,1783066320,
871,629,break,1783066920,,4173.87,,,,,
871,630,return,1783066980,1783066997939,4174.59,,,,,
871,631,cancelled_second_break,1783066980,,4173.43,,,,,
873,632,touch,1783073580,1783073581271,4174.27,,,,,
873,633,break,1783074060,,4170.77,,,,,
873,634,return,1783074180,1783074187405,4170.96,,,,,
874,635,touch,1783074480,1783074507596,4174.86,,,,,
873,636,sc_hh,1783074900,,4177.07,,,6237,1783074720,
873,637,fvg_fixed,1783074960,,,4175.98,4176.30,,1783074780,
874,638,cancelled_opposing_structure,1783074960,,4177.34,,,6238,1783074600,
873,639,sc_superseded,1783075140,,,,,6239,,
873,640,sc_hh,1783075140,,4178.37,,,6239,1783074840,
873,641,fvg_none,1783075200,,,,,,,
873,642,sc_hh,1783075500,,4179.43,,,6240,1783075320,
873,643,fvg_fixed,1783075560,,,4178.69,4178.77,,1783075380,
873,644,fvg_lapsed,1783075860,,4178.52,,,,,
876,645,touch,1783076400,1783076401289,4178.99,,,,,
876,646,break,1783076460,,4181.45,,,,,
876,647,return,1783076520,1783076524510,4181.06,,,,,
873,648,sc_hh,1783076520,,4181.64,,,6242,1783076340,
876,649,cancelled_second_break,1783076520,,4184.45,,,,,
873,650,fvg_fixed,1783076580,,,4181.82,4182.53,,1783076460,
873,651,fvg_lapsed,1783076880,,4181.65,,,,,
873,652,sc_hh,1783077600,,4185.04,,,6246,1783077420,
873,653,fvg_fixed,1783077660,,,4184.00,4184.01,,1783077420,
873,654,fvg_lapsed,1783077720,,4182.41,,,,,
873,655,sc_hh,1783078380,,4185.42,,,6248,1783078260,
873,656,fvg_fixed,1783078440,,,4184.05,4185.45,,1783078320,
873,657,fvg_lapsed,1783078680,,4183.49,,,,,
877,658,touch,1783079280,1783079308715,4178.69,,,,,
873,659,cancelled_opposing_structure,1783079340,,4177.18,,,6252,1783078800,
878,660,touch,1783079700,1783079751046,4180.67,,,,,
878,661,sc_hh,1783080540,,4179.29,,,6255,1783080420,
877,662,cancelled_opposing_structure,1783080600,,4176.45,,,6254,1783079460,
878,663,fvg_fixed,1783080600,,,4177.51,4179.34,,1783080480,
878,664,fvg_lapsed,1783080840,,4180.36,,,,,
878,665,sc_hh,1783080960,,4175.84,,,6257,1783080900,
878,666,fvg_fixed,1783081020,,,4176.45,4178.86,,1783080900,
875,667,touch,1783081380,1783081422141,4174.60,,,,,
878,668,sc_superseded,1783081380,,,,,6259,,
878,669,sc_hh,1783081380,,4175.39,,,6259,1783080960,
878,670,fvg_fixed,1783081440,,,4174.49,4176.48,,1783081320,
875,671,break,1783081800,,4170.61,,,,,
875,672,return,1783081860,1783081864917,4171.06,,,,,
875,673,cancelled_second_break,1783081980,,4169.32,,,,,
878,674,hl,1783082520,,4171.93,,,6263,,
878,675,cancelled_opposing_structure,1783082820,,4171.95,,,6264,1783082340,
879,676,touch,1783083720,1783083722338,4175.85,,,,,
879,677,break,1783084380,,4180.54,,,,,
879,678,return,1783084440,1783084466485,4180.12,,,,,
879,679,cancelled_second_break,1783084860,,4180.54,,,,,
881,680,touch,1783086300,1783086310000,4178.03,,,,,
880,681,touch,1783086480,1783086526559,4174.97,,,,,
881,682,sc_hh,1783086480,,4175.51,,,6275,1783086300,
881,683,fvg_fixed,1783086540,,,4175.85,4176.33,,1783086420,
881,684,fvg_lapsed,1783086660,,4178.27,,,,,
881,685,cancelled_opposing_structure,1783087440,,4178.86,,,6281,1783086720,
880,686,sc_hh,1783087440,,4178.68,,,6279,1783087200,
880,687,fvg_fixed,1783087500,,,4178.08,4178.81,,1783087380,
880,688,sc_superseded,1783087740,,,,,6282,,
880,689,sc_hh,1783087740,,4179.50,,,6282,1783087680,
880,690,fvg_fixed,1783087800,,,4178.34,4179.34,,1783087680,
880,691,sc_superseded,1783088580,,,,,6284,,
880,692,sc_hh,1783088580,,4185.04,,,6284,1783088520,
880,693,fvg_fixed,1783088640,,,4184.79,4184.86,,1783088520,
880,694,fvg_lapsed,1783088760,,4183.79,,,,,
880,695,cancelled_opposing_structure,1783090380,,4182.03,,,6288,1783089000,
883,696,touch,1783094400,1783094406193,4178.47,,,,,
883,697,sc_hh,1783094700,,4172.27,,,6301,1783094400,
883,698,fvg_fixed,1783094760,,,4172.02,4172.47,,1783094640,
872,699,touch,1783094940,1783094969134,4167.02,,,,,
883,700,hl,1783095540,,4170.83,,,6304,,
872,701,sc_hh,1783096020,,4171.14,,,6305,1783095840,
883,702,cancelled_opposing_structure,1783096080,,4171.47,,,6306,1783095600,
872,703,fvg_fixed,1783096080,,,4170.09,4170.66,,1783095900,
872,704,fvg_lapsed,1783096200,,4167.46,,,,,
872,705,cancelled_opposing_structure,1783097220,,4164.95,,,6309,1783096620,
885,706,touch,1783101420,1783101463216,4169.39,,,,,
884,707,touch,1783101840,1783101841190,4172.27,,,,,
885,708,cancelled_opposing_structure,1783101900,,4171.37,,,6327,1783101540,
884,709,cancelled_opposing_structure,1783102500,,4173.22,,,6329,1783101840,
887,710,touch,1783106640,1783106673015,4167.01,,,,,
887,711,break,1783107240,,4168.96,,,,,
887,712,return,1783107360,1783107416542,4168.86,,,,,
887,713,cancelled_second_break,1783107540,,4169.06,,,,,
886,714,touch,1783107900,1783107916282,4171.01,,,,,
886,715,cancelled_opposing_structure,1783108320,,4173.79,,,6348,1783107900,
882,716,touch,1783299600,1783299601425,4186.74,,,,,
882,717,sc_hh,1783300740,,4178.76,,,6354,1783300260,
882,718,fvg_fixed,1783300800,,,4179.14,4179.51,,1783300620,
882,719,fvg_lapsed,1783300860,,4179.98,,,,,
882,720,break,1783301520,,4187.74,,,,,
882,721,cancelled_opposing_structure,1783301520,,4187.74,,,6355,1783300020,
892,722,touch,1783303500,1783303500189,4189.47,,,,,
892,723,sc_hh,1783304880,,4191.44,,,6362,1783304160,
892,724,fvg_fixed,1783304940,,,4191.18,4200.09,,1783304820,
892,725,hl,1783305540,,4193.45,,,6368,,
892,726,cancelled_opposing_structure,1783305960,,4185.44,,,6369,1783305360,
891,727,touch,1783306020,1783306040686,4181.68,,,,,
890,728,touch,1783306860,1783306885683,4176.37,,,,,
891,729,break,1783306860,,4174.00,,,,,
891,730,cancelled_opposing_structure,1783306860,,4174.00,,,6372,1783306020,
890,731,break,1783307160,,4172.93,,,,,
890,732,return,1783307220,1783307225664,4173.89,,,,,
890,733,cancelled_second_break,1783307220,,4173.11,,,,,
894,734,touch,1783308780,1783308808805,4181.88,,,,,
894,735,cancelled_opposing_structure,1783309200,,4184.12,,,6382,1783308780,
895,736,touch,1783310280,1783310316307,4178.25,,,,,
895,737,sc_hh,1783310580,,4188.25,,,6385,1783310400,
895,738,fvg_fixed,1783310640,,,4185.70,4186.89,,1783310520,
895,739,fvg_lapsed,1783310700,,4185.33,,,,,
893,740,touch,1783312320,1783312352286,4193.53,,,,,
895,741,sc_hh,1783312440,,4192.81,,,6389,1783311780,
895,742,fvg_fixed,1783312500,,,4193.26,4193.30,,1783312380,
893,743,break,1783312620,,4199.77,,,,,
893,744,return,1783312680,1783312696786,4198.64,,,,,
893,745,cancelled_second_break,1783312920,,4199.61,,,,,
895,746,fvg_lapsed,1783313400,,4192.69,,,,,
896,747,touch,1783313640,1783313686758,4190.52,,,,,
895,748,cancelled_opposing_structure,1783313940,,4186.02,,,6395,1783313400,
896,749,cancelled_opposing_structure,1783313940,,4186.02,,,6395,1783313400,
889,750,touch,1783317720,1783317779069,4167.55,,,,,
888,751,touch,1783318440,1783318445839,4165.71,,,,,
889,752,break,1783318500,,4165.77,,,,,
889,753,cancelled_opposing_structure,1783318500,,4165.77,,,6409,1783318080,
888,754,break,1783319040,,4162.99,,,,,
888,755,return,1783319100,1783319141762,4163.98,,,,,
888,756,cancelled_second_break,1783319160,,4163.32,,,,,
897,757,touch,1783320900,1783320947344,4164.61,,,,,
897,758,sc_hh,1783321740,,4161.73,,,6421,1783321380,
897,759,fvg_none,1783321800,,,,,,,
897,760,sc_hh,1783322520,,4161.10,,,6422,1783322160,
897,761,fvg_fixed,1783322580,,,4161.80,4161.91,,1783322400,
897,762,fvg_lapsed,1783322640,,4163.22,,,,,
897,763,sc_hh,1783323120,,4160.23,,,6424,1783322880,
897,764,fvg_fixed,1783323180,,,4159.80,4159.93,,1783323060,
897,765,fvg_lapsed,1783323300,,4159.94,,,,,
897,766,cancelled_opposing_structure,1783324560,,4160.93,,,6431,1783323720,
868,767,touch,1783326060,1783326105612,4150.98,,,,,
868,768,sc_hh,1783326480,,4153.50,,,6438,1783326060,
868,769,fvg_fixed,1783326540,,,4152.54,4152.61,,1783326240,
868,770,fvg_lapsed,1783326660,,4152.32,,,,,
898,771,touch,1783326840,1783326846054,4158.30,,,,,
898,772,sc_hh,1783328160,,4152.64,,,6443,1783328040,
898,773,fvg_fixed,1783328220,,,4153.07,4154.21,,1783328100,
868,774,cancelled_opposing_structure,1783328280,,4149.73,,,6444,1783327560,
898,775,hl,1783329120,,4151.91,,,6447,,
898,776,cancelled_opposing_structure,1783329840,,4152.60,,,6449,1783329240,
899,777,touch,1783329900,1783329943853,4153.77,,,,,
899,778,break,1783330200,,4157.88,,,,,
899,779,return,1783330260,1783330268438,4156.89,,,,,
899,780,cancelled_second_break,1783330260,,4157.70,,,,,
900,781,touch,1783331640,1783331647744,4151.91,,,,,
900,782,cancelled_opposing_structure,1783332480,,4148.43,,,6457,1783332000,
901,783,touch,1783333560,1783333560563,4152.86,,,,,
901,784,sc_hh,1783333920,,4155.71,,,6459,1783333800,
901,785,fvg_fixed,1783333980,,,4155.41,4155.49,,1783333860,
901,786,hl,1783335300,,4162.06,,,6462,,
901,787,cancelled_opposing_structure,1783335840,,4160.99,,,6463,1783335120,
902,788,touch,1783336560,1783336610953,4154.61,,,,,
902,789,break,1783337820,,4150.92,,,,,
902,790,cancelled_opposing_structure,1783337820,,4150.92,,,6471,1783337460,
906,791,touch,1783339200,1783339203349,4150.18,,,,,
906,792,cancelled_opposing_structure,1783340220,,4147.23,,,6477,1783339500,
867,793,touch,1783341000,1783341039132,4139.07,,,,,
867,794,sc_hh,1783342260,,4142.88,,,6482,1783341900,
867,795,fvg_fixed,1783342320,,,4140.43,4142.38,,1783342140,
867,796,sc_superseded,1783342560,,,,,6485,,
867,797,sc_hh,1783342560,,4143.40,,,6485,1783342380,
867,798,fvg_fixed,1783342620,,,4142.95,4143.26,,1783342500,
867,799,fvg_lapsed,1783342920,,4142.50,,,,,
867,800,sc_hh,1783343460,,4145.00,,,6486,1783342920,
867,801,fvg_fixed,1783343520,,,4144.61,4145.57,,1783343400,
867,802,hl,1783344540,,4148.37,,,6491,,
867,803,sc_superseded,1783344660,,,,,6490,,
867,804,sc_hh,1783344660,,4150.76,,,6490,1783344360,
867,805,fvg_fixed,1783344720,,,4149.18,4149.86,,1783344540,
905,806,touch,1783344840,1783344881204,4154.24,,,,,
867,807,hl,1783345740,,4153.24,,,6494,,
867,808,sc_superseded,1783345920,,,,,6495,,
867,809,sc_hh,1783345920,,4154.97,,,6495,1783345800,
867,810,fvg_none,1783345980,,,,,,,
905,811,sc_hh,1783346100,,4153.35,,,6496,1783345980,
905,812,fvg_none,1783346160,,,,,,,
905,813,sc_hh,1783346640,,4152.42,,,6498,1783346400,
905,814,fvg_fixed,1783346700,,,4153.62,4154.06,,1783346400,
905,815,hl,1783346880,,4154.05,,,6501,,
867,816,sc_hh,1783347180,,4154.05,,,6501,1783347120,
905,817,fvg_lapsed,1783347180,,4154.18,,,,,
867,818,fvg_fixed,1783347240,,,4152.91,4153.75,,1783347120,
905,819,break,1783347480,,4158.05,,,,,
905,820,return,1783347600,1783347601894,4156.77,,,,,
905,821,cancelled_second_break,1783347780,,4157.09,,,,,
867,822,hl,1783347840,,4155.59,,,6505,,
867,823,sc_superseded,1783347900,,,,,6504,,
867,824,sc_hh,1783347900,,4158.38,,,6504,1783347660,
867,825,fvg_fixed,1783347960,,,4157.45,4158.06,,1783347840,
867,826,fvg_lapsed,1783348020,,4156.98,,,,,
867,827,cancelled_opposing_structure,1783348620,,4154.86,,,6508,1783348140,
908,828,touch,1783351260,1783351284848,4150.68,,,,,
908,829,break,1783351380,,4148.35,,,,,
908,830,return,1783351440,1783351442422,4148.47,,,,,
908,831,cancelled_second_break,1783351440,,4147.06,,,,,
907,832,touch,1783352160,1783352164337,4141.56,,,,,
907,833,break,1783352460,,4134.80,,,,,
907,834,return,1783352760,1783352796676,4139.42,,,,,
907,835,cancelled_second_break,1783352760,,4138.96,,,,,
909,836,touch,1783354860,1783354908563,4142.94,,,,,
909,837,break,1783355640,,4149.12,,,,,
909,838,cancelled_opposing_structure,1783355640,,4149.12,,,6528,1783355100,
910,839,touch,1783360200,1783360201208,4133.72,,,,,
910,840,cancelled_opposing_structure,1783360620,,4136.86,,,6548,1783360260,
912,841,touch,1783364160,1783364187944,4147.21,,,,,
911,842,touch,1783364460,1783364496980,4144.61,,,,,
912,843,sc_hh,1783364460,,4144.84,,,6556,1783364340,
912,844,fvg_fixed,1783364520,,,4144.84,4145.76,,1783364400,
912,845,hl,1783364940,,4144.91,,,6559,,
912,846,sc_superseded,1783365120,,,,,6558,,
912,847,sc_hh,1783365120,,4143.26,,,6558,1783364760,
911,848,cancelled_opposing_structure,1783365120,,4142.89,,,6559,1783364640,
912,849,fvg_fixed,1783365180,,,4143.10,4143.15,,1783365060,
912,850,fvg_lapsed,1783365480,,4143.62,,,,,
912,851,break,1783367400,,4153.06,,,,,
912,852,cancelled_opposing_structure,1783367400,,4153.06,,,6564,1783366920,
904,853,touch,1783371060,1783371109481,4160.40,,,,,
904,854,cancelled_opposing_structure,1783371420,,4161.15,,,6578,1783371060,
915,855,touch,1783372500,1783372509524,4158.93,,,,,
915,856,break,1783372980,,4161.61,,,,,
915,857,return,1783373040,1783373050428,4161.56,,,,,
915,858,cancelled_second_break,1783373040,,4161.75,,,,,
903,859,touch,1783373580,1783373598138,4163.15,,,,,
903,860,break,1783373700,,4165.94,,,,,
903,861,return,1783373940,1783373977054,4164.98,,,,,
917,862,touch,1783374120,1783374172245,4163.00,,,,,
903,863,sc_hh,1783374780,,4162.86,,,6586,1783374480,
917,864,cancelled_opposing_structure,1783374780,,4162.60,,,6587,1783374120,
903,865,fvg_fixed,1783374840,,,4162.92,4162.97,,1783374660,
903,866,fvg_lapsed,1783374900,,4163.18,,,,,
903,867,sc_hh,1783375440,,4162.09,,,6588,1783375200,
903,868,fvg_fixed,1783375500,,,4162.11,4162.21,,1783375380,
918,869,touch,1783376460,1783376463626,4162.48,,,,,
903,870,hl,1783376640,,4162.50,,,6591,,
903,871,reaction,1783376700,,,,,,,
903,872,entry_attempt,1783376760,1783376760133,4161.81,4161.81,4162.05,,,10009
903,873,fill,1783376760,1783376760133,4161.81,4165.65,4154.13,,,
919,874,touch,1783377300,1783377306287,4160.93,,,,,
918,875,sc_hh,1783377300,,4161.44,,,6593,1783377240,
918,876,fvg_fixed,1783377360,,,4160.68,4161.73,,1783377240,
920,877,touch,1783377900,1783377920372,4161.56,,,,,
918,878,fvg_lapsed,1783377900,,4162.42,,,,,
919,879,sc_hh,1783378140,,4163.04,,,6594,1783377540,
920,880,break,1783378140,,4163.44,,,,,
920,881,return,1783378200,1783378200190,4163.13,,,,,
919,882,fvg_fixed,1783378200,,,4162.87,4162.89,,1783378080,
920,883,cancelled_second_break,1783378200,,4163.79,,,,,
918,884,break,1783378380,,4164.75,,,,,
918,885,return,1783378440,1783378478581,4164.19,,,,,
921,886,touch,1783378500,1783378516535,4162.00,,,,,
919,887,fvg_lapsed,1783378500,,4162.33,,,,,
918,888,sc_hh,1783379640,,4161.38,,,6597,1783378800,
919,889,cancelled_opposing_structure,1783379640,,4161.02,,,6598,1783378680,
921,890,cancelled_opposing_structure,1783379640,,4161.02,,,6598,1783378680,
918,891,fvg_fixed,1783379700,,,4161.20,4161.46,,1783379580,
922,892,touch,1783379880,1783379913513,4161.38,,,,,
918,893,fvg_lapsed,1783380060,,4161.52,,,,,
922,894,break,1783380780,,4164.04,,,,,
918,895,cancelled_second_break,1783380840,,4164.43,,,,,
922,896,return,1783381140,1783381160439,4163.75,,,,,
922,897,cancelled_second_break,1783381140,,4163.77,,,,,
903,898,exit,1783386060,1783386060091,4166.79,,,,,sl
923,899,touch,1783392000,1783392030732,4161.87,,,,,
923,900,break,1783392960,,4159.76,,,,,
923,901,cancelled_opposing_structure,1783392960,,4159.76,,,6626,1783392120,
916,902,touch,1783393020,1783393063283,4157.47,,,,,
916,903,break,1783393860,,4155.10,,,,,
916,904,cancelled_opposing_structure,1783393920,,4153.43,,,6628,1783393260,
924,905,touch,1783395000,1783395018439,4161.33,,,,,
924,906,sc_hh,1783395240,,4157.03,,,6634,1783395000,
924,907,fvg_fixed,1783395300,,,4156.88,4158.78,,1783395180,
914,908,touch,1783395600,1783395609207,4150.22,,,,,
914,909,break,1783396020,,4147.76,,,,,
914,910,return,1783396080,1783396086032,4148.43,,,,,
924,911,hl,1783396680,,4153.79,,,6637,,
924,912,sc_superseded,1783396740,,,,,6636,,
924,913,sc_hh,1783396740,,4147.66,,,6636,1783396500,
914,914,cancelled_second_break,1783396740,,4146.00,,,,,
913,915,touch,1783396800,1783396802706,4144.61,,,,,
924,916,fvg_fixed,1783396800,,,4146.63,4148.49,,1783396680,
924,917,sc_superseded,1783397220,,,,,6638,,
924,918,sc_hh,1783397220,,4140.71,,,6638,1783397040,
913,919,break,1783397220,,4140.14,,,,,
913,920,return,1783397280,1783397282004,4140.40,,,,,
924,921,fvg_fixed,1783397280,,,4141.45,4145.17,,1783397160,
913,922,cancelled_second_break,1783397400,,4138.82,,,,,
924,923,sc_superseded,1783397760,,,,,6640,,
924,924,sc_hh,1783397760,,4137.82,,,6640,1783397700,
924,925,fvg_fixed,1783397820,,,4136.83,4138.35,,1783397700,
927,926,touch,1783398600,1783398646359,4137.82,,,,,
927,927,sc_hh,1783398600,,4137.82,,,6640,1783397700,
927,928,fvg_fixed,1783398660,,,4136.83,4138.35,,1783397700,
924,929,fvg_lapsed,1783398780,,4139.36,,,,,
927,930,fvg_lapsed,1783398780,,4139.36,,,,,
924,931,cancelled_opposing_structure,1783399440,,4142.08,,,6646,1783398960,
927,932,cancelled_opposing_structure,1783399440,,4142.08,,,6646,1783398960,
929,933,touch,1783400460,1783400472756,4140.46,,,,,
929,934,sc_hh,1783401900,,4144.52,,,6651,1783401720,
929,935,fvg_fixed,1783401960,,,4143.46,4143.96,,1783401840,
929,936,fvg_lapsed,1783402020,,4143.43,,,,,
929,937,break,1783402260,,4137.54,,,,,
929,938,return,1783402320,1783402320094,4137.90,,,,,
929,939,cancelled_second_break,1783403280,,4135.29,,,,,
928,940,touch,1783403340,1783403349865,4134.78,,,,,
928,941,sc_hh,1783404060,,4137.12,,,6657,1783403880,
930,942,touch,1783404120,1783404131050,4138.03,,,,,
928,943,fvg_fixed,1783404120,,,4136.89,4137.14,,1783404000,
928,944,hl,1783404600,,4137.32,,,6659,,
928,945,reaction,1783404780,,,,,,,
928,946,entry_attempt,1783404840,1783404840003,4137.84,4137.61,4137.84,,,10009
928,947,fill,1783404840,1783404840003,4137.84,4125.57,4162.38,,,
931,948,touch,1783404840,1783404884603,4136.52,,,,,
930,949,sc_hh,1783404840,,4137.32,,,6659,1783404540,
930,950,fvg_none,1783404900,,,,,,,
930,951,sc_hh,1783405380,,4134.43,,,6660,1783405320,
930,952,fvg_fixed,1783405440,,,4134.76,4136.26,,1783405320,
931,953,cancelled_opposing_structure,1783405560,,4132.84,,,6661,1783405080,
930,954,hl,1783406280,,4134.83,,,6664,,
930,955,sc_superseded,1783406580,,,,,6662,,
930,956,sc_hh,1783406580,,4129.16,,,6662,1783406100,
930,957,fvg_fixed,1783406640,,,4130.23,4131.93,,1783406460,
928,958,exit,1783406880,1783406935087,4125.16,,,,,sl
930,959,hl,1783407180,,4128.05,,,6666,,
932,960,touch,1783407420,1783407476733,4130.98,,,,,
930,961,cancelled_opposing_structure,1783407420,,4131.27,,,6667,1783407000,
932,962,break,1783408020,,4134.95,,,,,
932,963,return,1783408560,1783408614855,4134.07,,,,,
934,964,touch,1783409100,1783409100151,4133.18,,,,,
932,965,cancelled_second_break,1783409160,,4134.14,,,,,
933,966,touch,1783409400,1783409427214,4129.60,,,,,
934,967,sc_hh,1783409400,,4130.83,,,6670,1783409160,
934,968,fvg_fixed,1783409460,,,4132.34,4132.94,,1783409280,
935,969,touch,1783410000,1783410045515,4131.05,,,,,
934,970,sc_superseded,1783410240,,,,,6673,,
934,971,sc_hh,1783410240,,4129.28,,,6673,1783410120,
935,972,sc_hh,1783410240,,4129.28,,,6673,1783410120,
934,973,fvg_none,1783410300,,,,,,,
935,974,fvg_none,1783410300,,,,,,,
933,975,cancelled_opposing_structure,1783410600,,4128.85,,,6674,1783409820,
934,976,sc_hh,1783410720,,4128.70,,,6675,1783410360,
935,977,sc_hh,1783410720,,4128.70,,,6675,1783410360,
934,978,fvg_fixed,1783410780,,,4128.65,4128.81,,1783410660,
935,979,fvg_fixed,1783410780,,,4128.65,4128.81,,1783410660,
936,980,touch,1783411500,1783411500798,4128.76,,,,,
934,981,fvg_lapsed,1783411500,,4130.08,,,,,
935,982,fvg_lapsed,1783411500,,4130.08,,,,,
934,983,sc_hh,1783411980,,4124.96,,,6679,1783411860,
935,984,sc_hh,1783411980,,4124.96,,,6679,1783411860,
936,985,sc_hh,1783411980,,4124.96,,,6679,1783411860,
934,986,fvg_fixed,1783412040,,,4124.79,4125.23,,1783411920,
935,987,fvg_fixed,1783412040,,,4124.79,4125.23,,1783411920,
936,988,fvg_fixed,1783412040,,,4124.79,4125.23,,1783411920,
934,989,sc_superseded,1783412400,,,,,6680,,
934,990,sc_hh,1783412400,,4121.51,,,6680,1783412280,
935,991,sc_superseded,1783412400,,,,,6680,,
935,992,sc_hh,1783412400,,4121.51,,,6680,1783412280,
936,993,sc_superseded,1783412400,,,,,6680,,
936,994,sc_hh,1783412400,,4121.51,,,6680,1783412280,
934,995,fvg_fixed,1783412460,,,4122.81,4123.74,,1783412280,
935,996,fvg_fixed,1783412460,,,4122.81,4123.74,,1783412280,
936,997,fvg_fixed,1783412460,,,4122.81,4123.74,,1783412280,
934,998,fvg_lapsed,1783412520,,4124.62,,,,,
935,999,fvg_lapsed,1783412520,,4124.62,,,,,
936,1000,fvg_lapsed,1783412520,,4124.62,,,,,
865,1001,touch,1783413180,1783413215582,4120.78,,,,,
934,1002,sc_hh,1783413540,,4120.22,,,6684,1783413420,
935,1003,sc_hh,1783413540,,4120.22,,,6684,1783413420,
936,1004,sc_hh,1783413540,,4120.22,,,6684,1783413420,
934,1005,fvg_fixed,1783413600,,,4120.06,4120.84,,1783413480,
935,1006,fvg_fixed,1783413600,,,4120.06,4120.84,,1783413480,
936,1007,fvg_fixed,1783413600,,,4120.06,4120.84,,1783413480,
865,1008,break,1783413600,,4118.63,,,,,
865,1009,cancelled_opposing_structure,1783413660,,4118.53,,,6685,1783413180,
934,1010,fvg_lapsed,1783413780,,4120.96,,,,,
935,1011,fvg_lapsed,1783413780,,4120.96,,,,,
936,1012,fvg_lapsed,1783413780,,4120.96,,,,,
934,1013,cancelled_opposing_structure,1783414440,,4125.22,,,6688,1783413900,
935,1014,cancelled_opposing_structure,1783414440,,4125.22,,,6688,1783413900,
936,1015,cancelled_opposing_structure,1783414440,,4125.22,,,6688,1783413900,
937,1016,touch,1783419120,1783419170361,4128.93,,,,,
938,1017,touch,1783419780,1783419813566,4127.63,,,,,
938,1018,sc_hh,1783420500,,4129.32,,,6712,1783420320,
938,1019,fvg_fixed,1783420560,,,4127.78,4128.63,,1783420440,
938,1020,fvg_lapsed,1783420860,,4127.43,,,,,
938,1021,sc_hh,1783420980,,4130.10,,,6714,1783420920,
938,1022,fvg_fixed,1783421040,,,4128.69,4129.57,,1783420920,
937,1023,break,1783421160,,4133.29,,,,,
937,1024,cancelled_opposing_structure,1783421160,,4133.29,,,6711,1783419600,
938,1025,fvg_lapsed,1783421280,,4128.66,,,,,
938,1026,sc_hh,1783422600,,4130.73,,,6718,1783422480,
938,1027,fvg_fixed,1783422660,,,4130.52,4131.60,,1783422540,
938,1028,hl,1783423500,,4134.01,,,6720,,
938,1029,cancelled_opposing_structure,1783424100,,4133.32,,,6721,1783423320,
939,1030,touch,1783425120,1783425123911,4126.79,,,,,
939,1031,break,1783425180,,4122.05,,,,,
939,1032,return,1783425360,1783425400134,4124.50,,,,,
939,1033,sc_hh,1783425780,,4127.01,,,6726,1783425780,
939,1034,fvg_none,1783425840,,,,,,,
939,1035,sc_hh,1783426080,,4127.87,,,6728,1783426020,
939,1036,fvg_none,1783426140,,,,,,,
939,1037,sc_hh,1783426680,,4128.94,,,6730,1783426380,
939,1038,fvg_fixed,1783426740,,,4128.30,4128.38,,1783426500,
939,1039,fvg_lapsed,1783426800,,4126.53,,,,,
939,1040,cancelled_second_break,1783427220,,4124.27,,,,,
941,1041,touch,1783428420,1783428440524,4128.44,,,,,
942,1042,touch,1783429500,1783429500100,4132.42,,,,,
941,1043,sc_hh,1783429980,,4134.04,,,6740,1783429920,
942,1044,sc_hh,1783429980,,4134.04,,,6740,1783429920,
941,1045,fvg_none,1783430040,,,,,,,
942,1046,fvg_none,1783430040,,,,,,,
940,1047,touch,1783430280,1783430339119,4136.22,,,,,
941,1048,sc_hh,1783430280,,4135.05,,,6741,1783430100,
942,1049,sc_hh,1783430280,,4135.05,,,6741,1783430100,
941,1050,fvg_fixed,1783430340,,,4134.90,4135.93,,1783430220,
942,1051,fvg_fixed,1783430340,,,4134.90,4135.93,,1783430220,
941,1052,sc_superseded,1783430640,,,,,6743,,
941,1053,sc_hh,1783430640,,4136.95,,,6743,1783430580,
942,1054,sc_superseded,1783430640,,,,,6743,,
942,1055,sc_hh,1783430640,,4136.95,,,6743,1783430580,
941,1056,fvg_none,1783430700,,,,,,,
942,1057,fvg_none,1783430700,,,,,,,
940,1058,cancelled_opposing_structure,1783430820,,4137.31,,,6744,1783430400,
941,1059,cancelled_opposing_structure,1783432140,,4133.51,,,6748,1783431000,
942,1060,cancelled_opposing_structure,1783432140,,4133.51,,,6748,1783431000,
943,1061,touch,1783432500,1783432500005,4135.64,,,,,
943,1062,sc_hh,1783433100,,4133.69,,,6753,1783432980,
943,1063,fvg_fixed,1783433160,,,4133.76,4134.11,,1783433040,
943,1064,fvg_lapsed,1783433700,,4134.63,,,,,
943,1065,break,1783433820,,4137.02,,,,,
943,1066,cancelled_opposing_structure,1783434960,,4146.32,,,6758,1783434300,
926,1067,touch,1783435500,1783435539246,4150.59,,,,,
926,1068,cancelled_opposing_structure,1783436220,,4153.11,,,6762,1783435860,
925,1069,touch,1783436340,1783436388357,4157.75,,,,,
925,1070,break,1783436760,,4162.25,,,,,
925,1071,sc_hh,1783438860,,4162.33,,,6768,1783438800,
925,1072,fvg_none,1783438920,,,,,,,
925,1073,cancelled_opposing_structure,1783439880,,4171.12,,,6773,1783439520,
946,1074,touch,1783441440,1783441487828,4167.05,,,,,
946,1075,sc_hh,1783442100,,4171.12,,,6781,1783441860,
946,1076,fvg_fixed,1783442160,,,4170.54,4171.39,,1783442040,
946,1077,fvg_lapsed,1783442280,,4168.71,,,,,
946,1078,break,1783443360,,4161.68,,,,,
946,1079,return,1783443420,1783443424809,4162.16,,,,,
946,1080,cancelled_second_break,1783443420,,4159.29,,,,,
945,1081,touch,1783446060,1783446113807,4145.12,,,,,
945,1082,sc_hh,1783446240,,4151.43,,,6796,1783446120,
945,1083,fvg_fixed,1783446300,,,4150.98,4151.96,,1783446180,
945,1084,hl,1783447020,,4153.63,,,6799,,
948,1085,touch,1783447200,1783447227481,4151.42,,,,,
945,1086,cancelled_opposing_structure,1783447200,,4152.06,,,6800,1783446840,
948,1087,cancelled_opposing_structure,1783448040,,4148.69,,,6802,1783447500,
951,1088,touch,1783451400,1783451400019,4140.27,,,,,
950,1089,touch,1783451940,1783451971648,4144.13,,,,,
951,1090,sc_hh,1783451940,,4143.59,,,6813,1783451460,
951,1091,fvg_fixed,1783452000,,,4142.99,4143.60,,1783451880,
951,1092,sc_superseded,1783452420,,,,,6816,,
951,1093,sc_hh,1783452420,,4146.12,,,6816,1783452360,
951,1094,fvg_fixed,1783452480,,,4145.72,4145.98,,1783452360,
951,1095,fvg_lapsed,1783452660,,4144.87,,,,,
950,1096,sc_hh,1783452780,,4143.95,,,6817,1783452540,
950,1097,fvg_fixed,1783452840,,,4143.70,4144.35,,1783452720,
950,1098,fvg_lapsed,1783453140,,4144.38,,,,,
951,1099,cancelled_opposing_structure,1783453500,,4142.12,,,6820,1783452960,
950,1100,sc_hh,1783453500,,4142.80,,,6821,1783453380,
950,1101,fvg_fixed,1783453560,,,4142.16,4143.23,,1783453440,
950,1102,fvg_lapsed,1783453740,,4144.69,,,,,
952,1103,touch,1783455000,1783455000104,4145.69,,,,,
952,1104,break,1783455000,,4144.11,,,,,
952,1105,return,1783455060,1783455063023,4144.33,,,,,
952,1106,cancelled_second_break,1783455120,,4143.88,,,,,
950,1107,sc_hh,1783455300,,4142.95,,,6824,1783454700,
950,1108,fvg_fixed,1783455360,,,4143.29,4143.49,,1783455120,
953,1109,touch,1783455840,1783455847821,4144.06,,,,,
950,1110,fvg_lapsed,1783455840,,4145.28,,,,,
953,1111,break,1783456020,,4146.10,,,,,
953,1112,return,1783456080,1783456080684,4145.97,,,,,
953,1113,cancelled_second_break,1783456200,,4147.10,,,,,
950,1114,sc_hh,1783457400,,4144.57,,,6829,1783456980,
950,1115,fvg_fixed,1783457460,,,4144.43,4145.27,,1783457340,
954,1116,touch,1783457580,1783457633747,4143.24,,,,,
950,1117,sc_superseded,1783458060,,,,,6831,,
950,1118,sc_hh,1783458060,,4143.02,,,6831,1783458000,
950,1119,fvg_fixed,1783458120,,,4143.09,4143.59,,1783458000,
954,1120,cancelled_opposing_structure,1783458240,,4142.40,,,6832,1783457580,
950,1121,hl,1783458660,,4142.69,,,6834,,
950,1122,sc_superseded,1783459080,,,,,6835,,
950,1123,sc_hh,1783459080,,4140.92,,,6835,1783458720,
950,1124,fvg_fixed,1783459140,,,4141.73,4141.81,,1783458840,
956,1125,touch,1783459320,1783459356917,4143.54,,,,,
950,1126,fvg_lapsed,1783459320,,4143.95,,,,,
950,1127,sc_hh,1783459800,,4140.19,,,6837,1783459560,
956,1128,sc_hh,1783459800,,4140.19,,,6837,1783459560,
950,1129,fvg_fixed,1783459860,,,4140.56,4141.54,,1783459740,
956,1130,fvg_fixed,1783459860,,,4140.56,4141.54,,1783459740,
950,1131,fvg_lapsed,1783460220,,4141.96,,,,,
956,1132,fvg_lapsed,1783460220,,4141.96,,,,,
950,1133,sc_hh,1783460880,,4139.70,,,6842,1783460820,
956,1134,sc_hh,1783460880,,4139.70,,,6842,1783460820,
944,1135,touch,1783460940,1783460956890,4135.09,,,,,
950,1136,fvg_fixed,1783460940,,,4137.89,4141.26,,1783460820,
956,1137,fvg_fixed,1783460940,,,4137.89,4141.26,,1783460820,
944,1138,break,1783461000,,4131.76,,,,,
944,1139,return,1783461060,1783461060160,4131.83,,,,,
944,1140,cancelled_second_break,1783461060,,4129.05,,,,,
950,1141,sc_superseded,1783461600,,,,,6844,,
950,1142,sc_hh,1783461600,,4125.13,,,6844,1783461420,
956,1143,sc_superseded,1783461600,,,,,6844,,
956,1144,sc_hh,1783461600,,4125.13,,,6844,1783461420,
950,1145,fvg_fixed,1783461660,,,4123.27,4125.94,,1783461540,
956,1146,fvg_fixed,1783461660,,,4123.27,4125.94,,1783461540,
950,1147,sc_superseded,1783461960,,,,,6846,,
950,1148,sc_hh,1783461960,,4117.94,,,6846,1783461660,
956,1149,sc_superseded,1783461960,,,,,6846,,
956,1150,sc_hh,1783461960,,4117.94,,,6846,1783461660,
862,1151,touch,1783462020,1783462035293,4113.17,,,,,
950,1152,fvg_fixed,1783462020,,,4118.16,4118.91,,1783461900,
956,1153,fvg_fixed,1783462020,,,4118.16,4118.91,,1783461900,
862,1154,break,1783462020,,4109.43,,,,,
862,1155,return,1783462140,1783462143614,4111.14,,,,,
862,1156,cancelled_second_break,1783462140,,4111.01,,,,,
950,1157,hl,1783463880,,4114.97,,,6848,,
956,1158,hl,1783463880,,4114.97,,,6848,,
950,1159,cancelled_opposing_structure,1783464840,,4115.41,,,6849,1783463700,
956,1160,cancelled_opposing_structure,1783464840,,4115.41,,,6849,1783463700,
959,1161,touch,1783466160,1783466198263,4111.50,,,,,
959,1162,break,1783466280,,4108.06,,,,,
959,1163,return,1783466340,1783466342084,4108.34,,,,,
959,1164,cancelled_second_break,1783466460,,4106.99,,,,,
958,1165,touch,1783467360,1783467411587,4105.60,,,,,
958,1166,sc_hh,1783468620,,4105.86,,,6862,1783468500,
958,1167,fvg_none,1783472400,,,,,,,
958,1168,cancelled_opposing_structure,1783472580,,4103.40,,,6863,1783468260,
961,1169,touch,1783476240,1783476255472,4099.91,,,,,
961,1170,break,1783476300,,4103.75,,,,,
961,1171,return,1783477020,1783477026184,4102.58,,,,,
961,1172,cancelled_second_break,1783477080,,4102.93,,,,,
962,1173,touch,1783477560,1783477592508,4104.43,,,,,
962,1174,sc_hh,1783477980,,4101.12,,,6878,1783477680,
962,1175,fvg_fixed,1783478040,,,4102.09,4102.44,,1783477920,
962,1176,fvg_lapsed,1783478400,,4102.84,,,,,
962,1177,sc_hh,1783478580,,4100.32,,,6880,1783478400,
962,1178,fvg_fixed,1783478640,,,4099.32,4099.92,,1783478520,
962,1179,fvg_lapsed,1783479060,,4100.01,,,,,
963,1180,touch,1783479120,1783479143962,4100.38,,,,,
962,1181,cancelled_opposing_structure,1783479840,,4102.53,,,6884,1783479180,
963,1182,cancelled_opposing_structure,1783479840,,4102.53,,,6884,1783479180,
960,1183,touch,1783481640,1783481693567,4108.59,,,,,
960,1184,break,1783481820,,4113.10,,,,,
960,1185,return,1783483200,1783483200514,4110.95,,,,,
964,1186,touch,1783483200,1783483203869,4107.92,,,,,
960,1187,cancelled_second_break,1783483200,,4116.11,,,,,
964,1188,break,1783483500,,4101.41,,,,,
964,1189,return,1783483680,1783483727263,4104.04,,,,,
964,1190,cancelled_second_break,1783483740,,4104.03,,,,,
966,1191,touch,1783486320,1783486350087,4105.91,,,,,
966,1192,sc_hh,1783487220,,4111.77,,,6906,1783486980,
966,1193,fvg_fixed,1783487280,,,4112.26,4114.88,,1783487160,
966,1194,hl,1783487820,,4112.00,,,6909,,
966,1195,reaction,1783487880,,,,,,,
966,1196,entry_attempt,1783487940,1783487940086,4115.98,4115.74,4115.98,,,10009
966,1197,fill,1783487940,1783487940086,4115.98,4097.35,4153.24,,,
965,1198,touch,1783488180,1783488192649,4121.35,,,,,
968,1199,touch,1783488600,1783488650353,4117.87,,,,,
965,1200,sc_hh,1783489860,,4116.33,,,6913,1783489500,
968,1201,cancelled_opposing_structure,1783489860,,4114.98,,,6916,1783488720,
965,1202,fvg_fixed,1783489920,,,4116.12,4116.52,,1783489800,
965,1203,fvg_lapsed,1783489980,,4116.82,,,,,
965,1204,sc_hh,1783490220,,4114.48,,,6917,1783490040,
965,1205,fvg_fixed,1783490280,,,4115.03,4115.59,,1783490100,
969,1206,touch,1783490400,1783490437935,4118.11,,,,,
965,1207,fvg_lapsed,1783490400,,4119.93,,,,,
965,1208,break,1783490460,,4128.32,,,,,
969,1209,break,1783490460,,4128.32,,,,,
965,1210,return,1783490520,1783490542770,4126.65,,,,,
965,1211,cancelled_second_break,1783490880,,4127.39,,,,,
969,1212,cancelled_opposing_structure,1783491960,,4130.23,,,6921,1783490460,
971,1213,touch,1783494420,1783494432603,4125.99,,,,,
971,1214,sc_hh,1783495020,,4121.64,,,6929,1783494540,
971,1215,fvg_fixed,1783495080,,,4123.87,4124.03,,1783494840,
971,1216,fvg_lapsed,1783495260,,4125.66,,,,,
971,1217,cancelled_opposing_structure,1783495860,,4127.39,,,6933,1783495320,
972,1218,touch,1783496460,1783496503204,4124.31,,,,,
972,1219,sc_hh,1783497600,,4126.88,,,6938,1783497300,
972,1220,fvg_none,1783497660,,,,,,,
973,1221,touch,1783498200,1783498221355,4126.33,,,,,
972,1222,cancelled_opposing_structure,1783498860,,4123.94,,,6944,1783498440,
973,1223,break,1783498860,,4123.94,,,,,
973,1224,cancelled_opposing_structure,1783498860,,4123.94,,,6944,1783498440,
974,1225,touch,1783502400,1783502419630,4129.07,,,,,
974,1226,cancelled_opposing_structure,1783504680,,4124.53,,,6959,1783503420,
970,1227,touch,1783505580,1783505596225,4116.45,,,,,
970,1228,sc_hh,1783506600,,4121.14,,,6964,1783506060,
970,1229,fvg_fixed,1783506660,,,4120.47,4123.37,,1783506540,
976,1230,touch,1783506720,1783506721928,4124.83,,,,,
977,1231,touch,1783506960,1783506996747,4118.38,,,,,
970,1232,fvg_lapsed,1783506960,,4118.83,,,,,
970,1233,sc_hh,1783507440,,4126.16,,,6967,1783506960,
976,1234,break,1783507440,,4127.12,,,,,
976,1235,cancelled_opposing_structure,1783507440,,4127.12,,,6968,1783506720,
977,1236,sc_hh,1783507440,,4126.16,,,6967,1783506960,
970,1237,fvg_fixed,1783507500,,,4125.46,4125.79,,1783507380,
977,1238,fvg_fixed,1783507500,,,4125.46,4125.79,,1783507380,
970,1239,fvg_lapsed,1783507620,,4125.44,,,,,
977,1240,fvg_lapsed,1783507620,,4125.44,,,,,
978,1241,touch,1783508400,1783508400040,4121.19,,,,,
978,1242,sc_hh,1783508400,,4119.03,,,6970,1783508160,
978,1243,fvg_fixed,1783508460,,,4119.29,4120.29,,1783508340,
978,1244,fvg_lapsed,1783508940,,4120.34,,,,,
967,1245,touch,1783509360,1783509399795,4111.70,,,,,
970,1246,break,1783509360,,4105.87,,,,,
970,1247,cancelled_opposing_structure,1783509360,,4105.87,,,6972,1783508640,
977,1248,break,1783509360,,4105.87,,,,,
977,1249,cancelled_opposing_structure,1783509360,,4105.87,,,6972,1783508640,
978,1250,sc_hh,1783509360,,4116.77,,,6973,1783509300,
967,1251,break,1783509360,,4105.87,,,,,
967,1252,return,1783509420,1783509421031,4106.02,,,,,
966,1253,exit,1783509420,1783509475420,4097.03,,,,,sl
978,1254,fvg_fixed,1783509420,,,4106.86,4117.71,,1783509300,
967,1255,cancelled_second_break,1783509420,,4087.57,,,,,
978,1256,hl,1783510260,,4092.01,,,6977,,
978,1257,sc_superseded,1783510320,,,,,6976,,
978,1258,sc_hh,1783510320,,4080.95,,,6976,1783510080,
978,1259,fvg_fixed,1783510380,,,4084.24,4086.03,,1783510260,
852,1260,touch,1783510740,1783510764139,4069.11,,,,,
852,1261,break,1783510860,,4061.71,,,,,
848,1262,touch,1783510920,1783510922433,4060.73,,,,,
852,1263,return,1783510920,1783510931430,4062.96,,,,,
978,1264,hl,1783511460,,4075.87,,,6979,,
852,1265,cancelled_second_break,1783511460,,4061.99,,,,,
978,1266,sc_superseded,1783511760,,,,,6978,,
978,1267,sc_hh,1783511760,,4060.69,,,6978,1783511280,
848,1268,break,1783511760,,4056.47,,,,,
848,1269,cancelled_opposing_structure,1783511760,,4056.47,,,6979,1783510920,
978,1270,fvg_fixed,1783511820,,,4057.80,4062.65,,1783511700,
978,1271,hl,1783512420,,4056.54,,,6982,,
978,1272,reaction,1783512960,,,,,,,
978,1273,entry_attempt,1783513020,1783513020002,4055.78,4055.78,4056.01,,,10009
978,1274,fill,1783513020,1783513020002,4055.78,4127.55,3912.24,,,
831,1275,touch,1783514580,1783514593069,4047.03,,,,,
831,1276,break,1783515480,,4042.13,,,,,
831,1277,cancelled_opposing_structure,1783515480,,4042.13,,,6992,1783514580,
982,1278,touch,1783520520,1783520578594,4047.86,,,,,
982,1279,cancelled_opposing_structure,1783521120,,4046.24,,,7012,1783520520,
981,1280,touch,1783521840,1783521874438,4064.90,,,,,
981,1281,cancelled_opposing_structure,1783523100,,4067.65,,,7017,1783522560,
980,1282,touch,1783525560,1783525587115,4081.09,,,,,
985,1283,touch,1783526340,1783526362880,4073.44,,,,,
986,1284,touch,1783526700,1783526748746,4082.57,,,,,
985,1285,cancelled_opposing_structure,1783527780,,4070.42,,,7030,1783527000,
980,1286,sc_hh,1783528140,,4068.13,,,7033,1783527960,
986,1287,sc_hh,1783528140,,4068.13,,,7033,1783527960,
980,1288,fvg_fixed,1783528200,,,4072.33,4072.38,,1783528020,
986,1289,fvg_fixed,1783528200,,,4072.33,4072.38,,1783528020,
980,1290,fvg_lapsed,1783528260,,4074.22,,,,,
986,1291,fvg_lapsed,1783528260,,4074.22,,,,,
980,1292,sc_hh,1783528920,,4072.73,,,7037,1783528740,
986,1293,sc_hh,1783528920,,4072.73,,,7037,1783528740,
980,1294,fvg_fixed,1783528980,,,4073.97,4077.39,,1783528860,
986,1295,fvg_fixed,1783528980,,,4073.97,4077.39,,1783528860,
980,1296,sc_superseded,1783529340,,,,,7039,,
980,1297,sc_hh,1783529340,,4070.44,,,7039,1783529160,
986,1298,sc_superseded,1783529340,,,,,7039,,
986,1299,sc_hh,1783529340,,4070.44,,,7039,1783529160,
980,1300,fvg_fixed,1783529400,,,4071.21,4073.49,,1783529280,
986,1301,fvg_fixed,1783529400,,,4071.21,4073.49,,1783529280,
984,1302,touch,1783530000,1783530031048,4064.52,,,,,
980,1303,hl,1783530000,,4072.93,,,7042,,
986,1304,hl,1783530000,,4072.93,,,7042,,
980,1305,sc_superseded,1783530060,,,,,7041,,
980,1306,sc_hh,1783530060,,4068.34,,,7041,1783529460,
986,1307,sc_superseded,1783530060,,,,,7041,,
986,1308,sc_hh,1783530060,,4068.34,,,7041,1783529460,
980,1309,fvg_fixed,1783530120,,,4068.85,4069.22,,1783529940,
986,1310,fvg_fixed,1783530120,,,4068.85,4069.22,,1783529940,
980,1311,sc_superseded,1783530420,,,,,7043,,
980,1312,sc_hh,1783530420,,4063.93,,,7043,1783530000,
986,1313,sc_superseded,1783530420,,,,,7043,,
986,1314,sc_hh,1783530420,,4063.93,,,7043,1783530000,
980,1315,fvg_none,1783530480,,,,,,,
986,1316,fvg_none,1783530480,,,,,,,
984,1317,break,1783530840,,4057.46,,,,,
984,1318,return,1783531080,1783531089633,4059.94,,,,,
984,1319,cancelled_second_break,1783531140,,4054.63,,,,,
980,1320,sc_hh,1783532160,,4051.47,,,7044,1783531560,
986,1321,sc_hh,1783532160,,4051.47,,,7044,1783531560,
983,1322,touch,1783532220,1783532228216,4047.77,,,,,
980,1323,fvg_fixed,1783532220,,,4049.80,4052.58,,1783532100,
986,1324,fvg_fixed,1783532220,,,4049.80,4052.58,,1783532100,
980,1325,sc_superseded,1783532580,,,,,7048,,
980,1326,sc_hh,1783532580,,4042.02,,,7048,1783532460,
986,1327,sc_superseded,1783532580,,,,,7048,,
986,1328,sc_hh,1783532580,,4042.02,,,7048,1783532460,
983,1329,break,1783532580,,4041.03,,,,,
827,1330,touch,1783532640,1783532679992,4036.38,,,,,
980,1331,fvg_fixed,1783532640,,,4041.48,4043.18,,1783532520,
986,1332,fvg_fixed,1783532640,,,4041.48,4043.18,,1783532520,
983,1333,cancelled_opposing_structure,1783532700,,4037.78,,,7049,1783532340,
980,1334,fvg_lapsed,1783533120,,4045.63,,,,,
986,1335,fvg_lapsed,1783533120,,4045.63,,,,,
989,1336,touch,1783533600,1783533604141,4039.98,,,,,
980,1337,sc_hh,1783534380,,4035.72,,,7052,1783533900,
986,1338,sc_hh,1783534380,,4035.72,,,7052,1783533900,
827,1339,cancelled_opposing_structure,1783534380,,4034.93,,,7053,1783533840,
989,1340,cancelled_opposing_structure,1783534380,,4034.93,,,7053,1783533840,
980,1341,fvg_fixed,1783534440,,,4035.66,4036.52,,1783534320,
986,1342,fvg_fixed,1783534440,,,4035.66,4036.52,,1783534320,
980,1343,hl,1783534980,,4035.96,,,7055,,
986,1344,hl,1783534980,,4035.96,,,7055,,
980,1345,sc_superseded,1783535040,,,,,7054,,
980,1346,sc_hh,1783535040,,4027.69,,,7054,1783534800,
986,1347,sc_superseded,1783535040,,,,,7054,,
986,1348,sc_hh,1783535040,,4027.69,,,7054,1783534800,
980,1349,fvg_none,1783535100,,,,,,,
986,1350,fvg_none,1783535100,,,,,,,
980,1351,sc_hh,1783535400,,4026.29,,,7056,1783535400,
986,1352,sc_hh,1783535400,,4026.29,,,7056,1783535400,
980,1353,fvg_none,1783535460,,,,,,,
986,1354,fvg_none,1783535460,,,,,,,
813,1355,touch,1783535520,1783535549766,4022.22,,,,,
813,1356,sc_hh,1783536000,,4032.18,,,7057,1783535520,
813,1357,fvg_fixed,1783536060,,,4026.42,4028.21,,1783535640,
813,1358,sc_superseded,1783536300,,,,,7059,,
813,1359,sc_hh,1783536300,,4032.95,,,7059,1783536000,
813,1360,fvg_none,1783536360,,,,,,,
813,1361,sc_hh,1783536480,,4033.40,,,7060,1783536420,
813,1362,fvg_none,1783536540,,,,,,,
980,1363,cancelled_opposing_structure,1783536660,,4036.25,,,7061,1783536240,
986,1364,cancelled_opposing_structure,1783536660,,4036.25,,,7061,1783536240,
990,1365,touch,1783536780,1783536793589,4037.29,,,,,
813,1366,sc_hh,1783537560,,4038.39,,,7062,1783536960,
990,1367,cancelled_opposing_structure,1783537560,,4039.60,,,7063,1783536780,
813,1368,fvg_fixed,1783537620,,,4037.75,4039.40,,1783537500,
813,1369,hl,1783538340,,4037.74,,,7066,,
813,1370,reaction,1783538760,,,,,,,
813,1371,entry_attempt,1783538820,1783538820050,4041.31,4041.08,4041.31,,,10009
813,1372,fill,1783538820,1783538820050,4041.31,4012.66,4098.61,,,
988,1373,touch,1783540140,1783540149238,4058.67,,,,,
988,1374,break,1783541160,,4066.20,,,,,
988,1375,cancelled_opposing_structure,1783541160,,4066.20,,,7075,1783540500,
987,1376,touch,1783541220,1783541261804,4069.05,,,,,
987,1377,sc_hh,1783541880,,4063.80,,,7077,1783541640,
987,1378,fvg_none,1783541940,,,,,,,
987,1379,break,1783542540,,4073.06,,,,,
987,1380,return,1783542600,1783542600142,4072.93,,,,,
987,1381,cancelled_second_break,1783542600,,4075.93,,,,,
993,1382,touch,1783542960,1783542979395,4070.33,,,,,
993,1383,cancelled_opposing_structure,1783543680,,4067.83,,,7082,1783543200,
994,1384,touch,1783548660,1783548703874,4085.81,,,,,
994,1385,cancelled_opposing_structure,1783549500,,4085.41,,,7099,1783548660,
997,1386,touch,1783554000,1783554029499,4074.54,,,,,
997,1387,break,1783554600,,4077.07,,,,,
997,1388,cancelled_opposing_structure,1783554600,,4077.07,,,7116,1783554240,
996,1389,touch,1783554840,1783554853210,4078.70,,,,,
996,1390,sc_hh,1783559040,,4074.11,,,7116,1783558860,
996,1391,fvg_fixed,1783559100,,,4074.83,4077.78,,1783558920,
996,1392,fvg_lapsed,1783559160,,4077.88,,,,,
996,1393,sc_hh,1783559880,,4076.55,,,7121,1783559760,
996,1394,fvg_fixed,1783559940,,,4076.61,4077.28,,1783559820,
998,1395,touch,1783560300,1783560300224,4074.78,,,,,
996,1396,sc_superseded,1783560420,,,,,7123,,
996,1397,sc_hh,1783560420,,4073.79,,,7123,1783560300,
998,1398,sc_hh,1783560420,,4073.79,,,7123,1783560300,
996,1399,fvg_fixed,1783560480,,,4074.42,4075.02,,1783560360,
998,1400,fvg_fixed,1783560480,,,4074.42,4075.02,,1783560360,
996,1401,fvg_lapsed,1783560660,,4076.85,,,,,
998,1402,fvg_lapsed,1783560660,,4076.85,,,,,
996,1403,cancelled_opposing_structure,1783561560,,4078.61,,,7128,1783561020,
998,1404,cancelled_opposing_structure,1783561560,,4078.61,,,7128,1783561020,
999,1405,touch,1783562760,1783562766629,4076.24,,,,,
999,1406,cancelled_opposing_structure,1783564140,,4077.55,,,7136,1783563240,
995,1407,touch,1783566840,1783566847572,4086.39,,,,,
1000,1408,touch,1783567320,1783567347545,4082.49,,,,,
995,1409,sc_hh,1783567440,,4077.46,,,7147,1783566900,
1000,1410,break,1783567440,,4077.37,,,,,
1000,1411,return,1783567500,1783567500622,4077.47,,,,,
995,1412,fvg_fixed,1783567500,,,4078.69,4082.64,,1783567260,
1000,1413,cancelled_second_break,1783567500,,4074.93,,,,,
1001,1414,touch,1783567800,1783567800083,4077.99,,,,,
995,1415,hl,1783568160,,4081.52,,,7151,,
995,1416,reaction,1783568460,,,,,,,
995,1417,entry_attempt,1783568520,1783568520003,4077.16,4077.16,4077.40,,,10009
995,1418,fill,1783568520,1783568520003,4077.16,4089.84,4051.80,,,
1001,1419,sc_hh,1783568580,,4076.43,,,7152,1783568220,
1001,1420,fvg_fixed,1783568640,,,4077.52,4078.27,,1783568400,
1001,1421,sc_superseded,1783569060,,,,,7154,,
1001,1422,sc_hh,1783569060,,4075.08,,,7154,1783568880,
1001,1423,fvg_fixed,1783569120,,,4074.33,4075.08,,1783569000,
1001,1424,fvg_lapsed,1783569360,,4075.10,,,,,
1001,1425,sc_hh,1783569780,,4070.32,,,7156,1783569660,
1001,1426,fvg_fixed,1783569840,,,4068.60,4070.39,,1783569720,
1001,1427,fvg_lapsed,1783570140,,4073.36,,,,,
1001,1428,sc_hh,1783570800,,4072.51,,,7160,1783570740,
1001,1429,fvg_fixed,1783570860,,,4072.51,4073.89,,1783570740,
1001,1430,fvg_lapsed,1783570980,,4074.12,,,,,
1001,1431,cancelled_opposing_structure,1783572300,,4073.97,,,7165,1783571820,
1002,1432,touch,1783575180,1783575200989,4074.34,,,,,
1002,1433,cancelled_opposing_structure,1783575960,,4070.25,,,7176,1783575300,
1005,1434,touch,1783580400,1783580400214,4064.24,,,,,
1005,1435,sc_hh,1783581420,,4058.82,,,7192,1783581240,
1005,1436,fvg_fixed,1783581480,,,4058.49,4059.16,,1783581360,
1005,1437,fvg_lapsed,1783581600,,4059.27,,,,,
1006,1438,touch,1783582200,1783582239624,4061.27,,,,,
1005,1439,cancelled_opposing_structure,1783582200,,4061.64,,,7197,1783581720,
1006,1440,break,1783582320,,4064.24,,,,,
1006,1441,return,1783582440,1783582463263,4062.93,,,,,
1006,1442,cancelled_second_break,1783582440,,4062.96,,,,,
1007,1443,touch,1783582920,1783582928134,4060.29,,,,,
1007,1444,break,1783582980,,4056.82,,,,,
1007,1445,return,1783583220,1783583266302,4058.70,,,,,
1008,1446,touch,1783584000,1783584012970,4063.73,,,,,
1007,1447,sc_hh,1783584000,,4064.52,,,7200,1783583160,
1008,1448,sc_hh,1783584000,,4064.52,,,7200,1783583160,
1004,1449,touch,1783584060,1783584087442,4070.31,,,,,
1007,1450,fvg_fixed,1783584060,,,4064.50,4065.07,,1783583940,
1008,1451,fvg_fixed,1783584060,,,4064.50,4065.07,,1783583940,
1007,1452,sc_superseded,1783584660,,,,,7203,,
1007,1453,sc_hh,1783584660,,4071.65,,,7203,1783584060,
1008,1454,sc_superseded,1783584660,,,,,7203,,
1008,1455,sc_hh,1783584660,,4071.65,,,7203,1783584060,
1007,1456,fvg_fixed,1783584720,,,4069.45,4071.04,,1783584600,
1008,1457,fvg_fixed,1783584720,,,4069.45,4071.04,,1783584600,
1007,1458,fvg_lapsed,1783585080,,4068.80,,,,,
1008,1459,fvg_lapsed,1783585080,,4068.80,,,,,
1007,1460,sc_hh,1783585560,,4069.60,,,7206,1783585500,
1008,1461,sc_hh,1783585560,,4069.60,,,7206,1783585500,
1007,1462,fvg_fixed,1783585620,,,4069.24,4069.67,,1783585500,
1008,1463,fvg_fixed,1783585620,,,4069.24,4069.67,,1783585500,
1004,1464,cancelled_opposing_structure,1783585740,,4072.25,,,7207,1783585320,
1007,1465,fvg_lapsed,1783585800,,4066.65,,,,,
1008,1466,fvg_lapsed,1783585800,,4066.65,,,,,
1007,1467,sc_hh,1783586280,,4073.52,,,7208,1783585920,
1008,1468,sc_hh,1783586280,,4073.52,,,7208,1783585920,
1007,1469,fvg_fixed,1783586340,,,4072.36,4074.74,,1783586220,
1008,1470,fvg_fixed,1783586340,,,4072.36,4074.74,,1783586220,
1007,1471,hl,1783586700,,4073.68,,,7211,,
1008,1472,hl,1783586700,,4073.68,,,7211,,
1007,1473,reaction,1783586820,,,,,,,
1008,1474,reaction,1783586820,,,,,,,
1007,1475,lost_competition,1783586820,,,,,1008,,
1008,1476,skipped_cap,1783586880,1783586880047,,,,,,3
1003,1477,touch,1783586940,1783586988504,4078.97,,,,,
1007,1478,sc_superseded,1783586940,,,,,7210,,
1007,1479,sc_hh,1783586940,,4077.12,,,7210,1783586520,
1008,1480,sc_superseded,1783586940,,,,,7210,,
1008,1481,sc_hh,1783586940,,4077.12,,,7210,1783586520,
1007,1482,fvg_fixed,1783587000,,,4077.03,4078.49,,1783586880,
1008,1483,fvg_fixed,1783587000,,,4077.03,4078.49,,1783586880,
1007,1484,hl,1783587360,,4078.47,,,7214,,
1008,1485,hl,1783587360,,4078.47,,,7214,,
1007,1486,sc_superseded,1783587420,,,,,7213,,
1007,1487,sc_hh,1783587420,,4082.60,,,7213,1783587180,
1008,1488,sc_superseded,1783587420,,,,,7213,,
1008,1489,sc_hh,1783587420,,4082.60,,,7213,1783587180,
1003,1490,break,1783587420,,4083.27,,,,,
1003,1491,cancelled_opposing_structure,1783587420,,4083.27,,,7214,1783587060,
1007,1492,fvg_fixed,1783587480,,,4081.61,4082.95,,1783587360,
1008,1493,fvg_fixed,1783587480,,,4081.61,4082.95,,1783587360,
995,1494,exit,1783587600,1783587617708,4089.97,,,,,sl
813,1495,exit,1783587600,1783587634024,4098.74,,,,,tp
1007,1496,hl,1783588260,,4088.09,,,7216,,
1008,1497,hl,1783588260,,4088.09,,,7216,,
1007,1498,sc_superseded,1783588920,,,,,7215,,
1007,1499,sc_hh,1783588920,,4099.62,,,7215,1783587600,
1008,1500,sc_superseded,1783588920,,,,,7215,,
1008,1501,sc_hh,1783588920,,4099.62,,,7215,1783587600,
1007,1502,fvg_fixed,1783588980,,,4095.89,4096.73,,1783588800,
1008,1503,fvg_fixed,1783588980,,,4095.89,4096.73,,1783588800,
1007,1504,hl,1783590240,,4096.02,,,7219,,
1008,1505,hl,1783590240,,4096.02,,,7219,,
1007,1506,sc_superseded,1783590900,,,,,7220,,
1007,1507,sc_hh,1783590900,,4104.69,,,7220,1783590420,
1008,1508,sc_superseded,1783590900,,,,,7220,,
1008,1509,sc_hh,1783590900,,4104.69,,,7220,1783590420,
1007,1510,fvg_none,1783590960,,,,,,,
1008,1511,fvg_none,1783590960,,,,,,,
1007,1512,cancelled_opposing_structure,1783592040,,4101.51,,,7224,1783591620,
1008,1513,cancelled_opposing_structure,1783592040,,4101.51,,,7224,1783591620,
979,1514,touch,1783596180,1783596206277,4116.82,,,,,
979,1515,sc_hh,1783596660,,4113.92,,,7240,1783596660,
979,1516,fvg_none,1783596720,,,,,,,
1012,1517,touch,1783597560,1783597609051,4109.64,,,,,
979,1518,sc_hh,1783597560,,4110.10,,,7242,1783597140,
979,1519,fvg_fixed,1783597620,,,4109.72,4111.11,,1783597500,
1013,1520,touch,1783598160,1783598186004,4110.39,,,,,
979,1521,hl,1783598160,,4110.91,,,7246,,
979,1522,reaction,1783598220,,,,,,,
979,1523,entry_attempt,1783598280,1783598280017,4108.29,4108.29,4108.53,,,10009
979,1524,fill,1783598280,1783598280017,4108.29,4120.85,4083.17,,,
1012,1525,cancelled_opposing_structure,1783598400,,4106.68,,,7246,1783597620,
1013,1526,sc_hh,1783598400,,4107.94,,,7244,1783597740,
1013,1527,fvg_fixed,1783598460,,,4108.11,4108.24,,1783598340,
1013,1528,fvg_lapsed,1783598520,,4108.65,,,,,
1014,1529,touch,1783598700,1783598741014,4109.25,,,,,
1014,1530,break,1783599480,,4111.69,,,,,
1014,1531,return,1783599540,1783599559607,4110.81,,,,,
1014,1532,cancelled_second_break,1783599600,,4111.70,,,,,
1013,1533,cancelled_opposing_structure,1783599660,,4111.32,,,7251,1783599180,
1015,1534,touch,1783601400,1783601401874,4105.48,,,,,
1015,1535,break,1783602180,,4108.18,,,,,
1015,1536,return,1783602240,1783602240515,4107.76,,,,,
1015,1537,cancelled_second_break,1783602240,,4109.88,,,,,
1017,1538,touch,1783606920,1783606949728,4103.41,,,,,
1016,1539,touch,1783606980,1783607038645,4101.00,,,,,
1017,1540,break,1783607040,,4099.86,,,,,
1017,1541,return,1783607100,1783607103172,4100.61,,,,,
1017,1542,cancelled_second_break,1783607220,,4099.43,,,,,
1016,1543,sc_hh,1783607880,,4102.67,,,7279,1783607760,
1018,1544,touch,1783607940,1783607957725,4104.32,,,,,
1016,1545,fvg_fixed,1783607940,,,4101.63,4103.20,,1783607820,
1018,1546,break,1783608060,,4107.75,,,,,
1018,1547,return,1783608180,1783608180495,4106.96,,,,,
1018,1548,cancelled_second_break,1783608180,,4107.69,,,,,
1016,1549,hl,1783608780,,4104.68,,,7283,,
1016,1550,sc_superseded,1783608900,,,,,7281,,
1016,1551,sc_hh,1783608900,,4109.42,,,7281,1783608600,
1016,1552,fvg_fixed,1783608960,,,4107.51,4108.69,,1783608840,
1016,1553,hl,1783609320,,4107.45,,,7285,,
1016,1554,fvg_lapsed,1783609380,,4106.39,,,,,
1016,1555,sc_hh,1783609620,,4109.97,,,7286,1783609440,
1016,1556,fvg_fixed,1783609680,,,4109.18,4112.01,,1783609560,
1019,1557,touch,1783610280,1783610283179,4109.77,,,,,
1016,1558,fvg_lapsed,1783610340,,4107.92,,,,,
1020,1559,touch,1783610700,1783610700055,4106.88,,,,,
1019,1560,break,1783610760,,4105.89,,,,,
1020,1561,sc_hh,1783610760,,4106.02,,,7287,1783609740,
1019,1562,return,1783610820,1783610840919,4106.03,,,,,
1019,1563,cancelled_second_break,1783610820,,4105.68,,,,,
1020,1564,fvg_fixed,1783610820,,,4108.75,4109.44,,1783610280,
1020,1565,fvg_lapsed,1783611060,,4110.23,,,,,
979,1566,exit,1783611480,1783611492171,4121.45,,,,,sl
1016,1567,sc_hh,1783611540,,4120.00,,,7288,1783610880,
1020,1568,break,1783611540,,4120.83,,,,,
1020,1569,return,1783611600,1783611658651,4119.95,,,,,
1016,1570,fvg_fixed,1783611600,,,4115.98,4117.06,,1783611240,
1016,1571,fvg_lapsed,1783611660,,4115.33,,,,,
1020,1572,sc_hh,1783612320,,4111.12,,,7292,1783612200,
1020,1573,fvg_none,1783612380,,,,,,,
1016,1574,cancelled_opposing_structure,1783612500,,4110.51,,,7293,1783612020,
1021,1575,touch,1783612680,1783612734477,4108.74,,,,,
1022,1576,touch,1783613220,1783613227763,4114.84,,,,,
1021,1577,sc_hh,1783613280,,4114.42,,,7295,1783612860,
1021,1578,fvg_fixed,1783613340,,,4114.92,4115.42,,1783613220,
1020,1579,cancelled_second_break,1783613640,,4120.56,,,,,
1022,1580,break,1783613700,,4122.02,,,,,
1022,1581,return,1783613940,1783613972351,4121.55,,,,,
1021,1582,hl,1783614180,,4118.60,,,7297,,
1022,1583,cancelled_second_break,1783614180,,4124.46,,,,,
978,1584,exit,1783614840,1783614847216,4127.68,,,,,sl
975,1585,touch,1783614840,1783614855160,4128.83,,,,,
975,1586,sc_hh,1783615260,,4122.41,,,7301,1783615080,
975,1587,fvg_none,1783615320,,,,,,,
1021,1588,cancelled_opposing_structure,1783615680,,4122.35,,,7302,1783614960,
975,1589,sc_hh,1783615800,,4121.43,,,7305,1783615560,
975,1590,fvg_none,1783615860,,,,,,,
975,1591,break,1783616700,,4133.92,,,,,
975,1592,return,1783616760,1783616760813,4133.58,,,,,
1024,1593,touch,1783617000,1783617000043,4126.29,,,,,
975,1594,sc_hh,1783617300,,4117.83,,,7307,1783616700,
1024,1595,break,1783617300,,4116.93,,,,,
1024,1596,return,1783617360,1783617387354,4118.80,,,,,
975,1597,fvg_fixed,1783617360,,,4120.65,4122.04,,1783617240,
1024,1598,cancelled_second_break,1783617480,,4118.71,,,,,
975,1599,sc_superseded,1783617600,,,,,7310,,
975,1600,sc_hh,1783617600,,4116.13,,,7310,1783617420,
975,1601,fvg_fixed,1783617660,,,4117.90,4117.99,,1783617480,
975,1602,fvg_lapsed,1783617720,,4118.58,,,,,
1025,1603,touch,1783617780,1783617820718,4121.64,,,,,
975,1604,cancelled_opposing_structure,1783618500,,4126.58,,,7314,1783618140,
1025,1605,cancelled_opposing_structure,1783618500,,4126.58,,,7314,1783618140,
1026,1606,touch,1783620660,1783620670845,4125.09,,,,,
1026,1607,sc_hh,1783621380,,4127.83,,,7323,1783621200,
1026,1608,fvg_fixed,1783621440,,,4127.74,4128.31,,1783621320,
1026,1609,fvg_lapsed,1783621800,,4127.01,,,,,
1026,1610,sc_hh,1783622700,,4130.66,,,7325,1783621920,
1026,1611,fvg_fixed,1783622760,,,4130.87,4131.26,,1783622640,
1026,1612,fvg_lapsed,1783622820,,4129.81,,,,,
1027,1613,touch,1783623180,1783623233829,4128.45,,,,,
1027,1614,break,1783623840,,4125.95,,,,,
1027,1615,return,1783623900,1783623907418,4126.30,,,,,
1026,1616,cancelled_opposing_structure,1783623900,,4126.20,,,7332,1783623240,
1027,1617,cancelled_second_break,1783623900,,4126.20,,,,,
1028,1618,touch,1783624800,1783624800101,4129.57,,,,,
1028,1619,sc_hh,1783625400,,4133.17,,,7335,1783625160,
1028,1620,fvg_fixed,1783625460,,,4132.75,4133.56,,1783625340,
1029,1621,touch,1783625880,1783625926531,4132.99,,,,,
1028,1622,fvg_lapsed,1783625880,,4132.42,,,,,
1028,1623,cancelled_opposing_structure,1783626540,,4131.14,,,7340,1783625940,
1029,1624,cancelled_opposing_structure,1783626540,,4131.14,,,7340,1783625940,
1030,1625,touch,1783628940,1783628942460,4131.02,,,,,
1030,1626,break,1783629480,,4133.91,,,,,
1030,1627,cancelled_opposing_structure,1783629480,,4133.91,,,7349,1783629000,
1032,1628,touch,1783630920,1783630926555,4133.68,,,,,
1032,1629,break,1783631040,,4131.21,,,,,
1032,1630,return,1783631220,1783631223928,4131.93,,,,,
1032,1631,cancelled_second_break,1783631220,,4131.67,,,,,
1031,1632,touch,1783631400,1783631458075,4128.04,,,,,
1031,1633,cancelled_opposing_structure,1783631880,,4127.40,,,7357,1783631460,
1034,1634,touch,1783637460,1783637487265,4122.99,,,,,
1034,1635,sc_hh,1783638780,,4121.30,,,7378,1783638420,
1034,1636,fvg_fixed,1783638840,,,4121.61,4121.62,,1783638540,
1034,1637,hl,1783639080,,4121.80,,,7380,,
1034,1638,fvg_lapsed,1783639140,,4121.79,,,,,
1034,1639,cancelled_opposing_structure,1783640040,,4123.92,,,7375,1783637460,
1036,1640,touch,1783645500,1783645526565,4124.38,,,,,
1036,1641,sc_hh,1783645560,,4126.14,,,7388,1783645440,
1036,1642,fvg_none,1783645620,,,,,,,
1036,1643,break,1783645740,,4122.65,,,,,
1036,1644,return,1783645800,1783645807785,4123.08,,,,,
1036,1645,cancelled_second_break,1783645860,,4122.60,,,,,
1035,1646,touch,1783648080,1783648132460,4121.95,,,,,
1035,1647,sc_hh,1783649160,,4123.62,,,7401,1783648800,
1035,1648,fvg_fixed,1783649220,,,4123.31,4123.73,,1783649100,
1035,1649,hl,1783649640,,4123.03,,,7404,,
1035,1650,reaction,1783649700,,,,,,,
1035,1651,entry_attempt,1783649760,1783649760110,4124.39,4124.11,4124.39,,,10009
1035,1652,fill,1783649760,1783649760110,4124.39,4120.34,4132.49,,,
1037,1653,touch,1783651560,1783651576392,4123.83,,,,,
1037,1654,break,1783651800,,4124.42,,,,,
1037,1655,return,1783651860,1783651860440,4124.39,,,,,
1037,1656,sc_hh,1783652400,,4122.55,,,7414,1783652400,
1037,1657,fvg_none,1783652460,,,,,,,
1035,1658,exit,1783652520,1783652532571,4120.32,,,,,sl
1037,1659,cancelled_second_break,1783652700,,4124.42,,,,,
1038,1660,touch,1783656300,1783656338224,4119.52,,,,,
1039,1661,touch,1783657800,1783657804779,4123.32,,,,,
1039,1662,sc_hh,1783657920,,4120.26,,,7434,1783657800,
1039,1663,fvg_fixed,1783657980,,,4120.00,4120.74,,1783657860,
1038,1664,cancelled_opposing_structure,1783658040,,4120.02,,,7435,1783657500,
1023,1665,touch,1783658340,1783658375528,4112.46,,,,,
1039,1666,hl,1783659000,,4114.55,,,7438,,
1023,1667,sc_hh,1783659120,,4114.55,,,7438,1783658820,
1023,1668,fvg_fixed,1783659180,,,4113.43,4113.44,,1783658940,
1023,1669,hl,1783659780,,4116.11,,,7440,,
1039,1670,cancelled_opposing_structure,1783660080,,4124.31,,,7440,1783659420,
1023,1671,sc_superseded,1783660080,,,,,7439,,
1023,1672,sc_hh,1783660080,,4121.27,,,7439,1783659600,
1023,1673,fvg_fixed,1783660140,,,4120.93,4123.90,,1783660020,
1023,1674,hl,1783660620,,4123.87,,,7442,,
1023,1675,cancelled_opposing_structure,1783660980,,4122.13,,,7443,1783660440,
1033,1676,touch,1783663680,1783663691220,4134.55,,,,,
1033,1677,sc_hh,1783663920,,4128.37,,,7452,1783663680,
1033,1678,fvg_fixed,1783663980,,,4128.24,4128.72,,1783663860,
1033,1679,sc_superseded,1783664280,,,,,7454,,
1033,1680,sc_hh,1783664280,,4125.87,,,7454,1783664220,
1033,1681,fvg_fixed,1783664340,,,4126.14,4126.30,,1783664220,
1033,1682,hl,1783665120,,4126.24,,,7457,,
1033,1683,fvg_lapsed,1783665240,,4127.41,,,,,
1033,1684,sc_hh,1783665480,,4123.66,,,7458,1783665240,
1033,1685,fvg_fixed,1783665540,,,4125.12,4125.55,,1783665360,
1033,1686,sc_superseded,1783665960,,,,,7460,,
1033,1687,sc_hh,1783665960,,4121.20,,,7460,1783665720,
1033,1688,fvg_none,1783666020,,,,,,,
1033,1689,sc_hh,1783666800,,4119.40,,,7461,1783666380,
1033,1690,fvg_fixed,1783666860,,,4119.08,4119.98,,1783666740,
1033,1691,fvg_lapsed,1783667100,,4120.31,,,,,
1033,1692,sc_hh,1783667340,,4117.88,,,7463,1783667100,
1033,1693,fvg_fixed,1783667400,,,4118.05,4118.12,,1783667280,
1033,1694,fvg_lapsed,1783667460,,4118.62,,,,,
1033,1695,sc_hh,1783668060,,4116.80,,,7465,1783667820,
1040,1696,touch,1783668120,1783668153996,4113.75,,,,,
1033,1697,fvg_fixed,1783668120,,,4115.98,4117.57,,1783668000,
1043,1698,touch,1783668600,1783668600058,4117.48,,,,,
1033,1699,fvg_lapsed,1783668600,,4117.75,,,,,
1040,1700,sc_hh,1783668960,,4118.25,,,7468,1783668720,
1040,1701,fvg_fixed,1783669020,,,4118.39,4118.42,,1783668900,
1040,1702,fvg_lapsed,1783669260,,4118.23,,,,,
1033,1703,sc_hh,1783669500,,4118.14,,,7470,1783669440,
1043,1704,sc_hh,1783669500,,4118.14,,,7470,1783669440,
1033,1705,fvg_fixed,1783669560,,,4118.35,4118.71,,1783669440,
1043,1706,fvg_fixed,1783669560,,,4118.35,4118.71,,1783669440,
1040,1707,cancelled_opposing_structure,1783669680,,4118.09,,,7471,1783669260,
1033,1708,sc_superseded,1783669800,,,,,7472,,
1033,1709,sc_hh,1783669800,,4116.82,,,7472,1783669500,
1043,1710,sc_superseded,1783669800,,,,,7472,,
1043,1711,sc_hh,1783669800,,4116.82,,,7472,1783669500,
1033,1712,fvg_fixed,1783669860,,,4117.32,4118.07,,1783669680,
1043,1713,fvg_fixed,1783669860,,,4117.32,4118.07,,1783669680,
1044,1714,touch,1783670160,1783670164879,4117.73,,,,,
1033,1715,sc_superseded,1783670340,,,,,7473,,
1033,1716,sc_hh,1783670340,,4115.25,,,7473,1783670160,
1043,1717,sc_superseded,1783670340,,,,,7473,,
1043,1718,sc_hh,1783670340,,4115.25,,,7473,1783670160,
1044,1719,sc_hh,1783670340,,4115.25,,,7473,1783670160,
1033,1720,fvg_fixed,1783670400,,,4115.68,4115.96,,1783670160,
1043,1721,fvg_fixed,1783670400,,,4115.68,4115.96,,1783670160,
1044,1722,fvg_fixed,1783670400,,,4115.68,4115.96,,1783670160,
1033,1723,fvg_lapsed,1783670820,,4116.22,,,,,
1043,1724,fvg_lapsed,1783670820,,4116.22,,,,,
1044,1725,fvg_lapsed,1783670820,,4116.22,,,,,
1033,1726,sc_hh,1783672200,,4112.87,,,7479,1783671960,
1043,1727,sc_hh,1783672200,,4112.87,,,7479,1783671960,
1044,1728,sc_hh,1783672200,,4112.87,,,7479,1783671960,
1033,1729,fvg_fixed,1783672260,,,4113.30,4114.18,,1783672140,
1043,1730,fvg_fixed,1783672260,,,4113.30,4114.18,,1783672140,
1044,1731,fvg_fixed,1783672260,,,4113.30,4114.18,,1783672140,
1033,1732,sc_superseded,1783672620,,,,,7482,,
1033,1733,sc_hh,1783672620,,4110.27,,,7482,1783672500,
1043,1734,sc_superseded,1783672620,,,,,7482,,
1043,1735,sc_hh,1783672620,,4110.27,,,7482,1783672500,
1044,1736,sc_superseded,1783672620,,,,,7482,,
1044,1737,sc_hh,1783672620,,4110.27,,,7482,1783672500,
1033,1738,fvg_fixed,1783672680,,,4110.84,4112.08,,1783672560,
1043,1739,fvg_fixed,1783672680,,,4110.84,4112.08,,1783672560,
1044,1740,fvg_fixed,1783672680,,,4110.84,4112.08,,1783672560,
1033,1741,fvg_lapsed,1783673040,,4114.01,,,,,
1043,1742,fvg_lapsed,1783673040,,4114.01,,,,,
1044,1743,fvg_lapsed,1783673040,,4114.01,,,,,
1033,1744,sc_hh,1783674720,,4116.22,,,7489,1783674600,
1043,1745,sc_hh,1783674720,,4116.22,,,7489,1783674600,
1044,1746,sc_hh,1783674720,,4116.22,,,7489,1783674600,
1033,1747,fvg_fixed,1783674780,,,4116.69,4116.72,,1783674660,
1043,1748,fvg_fixed,1783674780,,,4116.69,4116.72,,1783674660,
1044,1749,fvg_fixed,1783674780,,,4116.69,4116.72,,1783674660,
1045,1750,touch,1783674900,1783674915280,4114.19,,,,,
1033,1751,fvg_lapsed,1783675020,,4117.64,,,,,
1043,1752,fvg_lapsed,1783675020,,4117.64,,,,,
1044,1753,fvg_lapsed,1783675020,,4117.64,,,,,
1045,1754,sc_hh,1783675080,,4119.12,,,7487,1783674900,
1033,1755,cancelled_opposing_structure,1783675140,,4119.95,,,7490,1783674000,
1043,1756,cancelled_opposing_structure,1783675140,,4119.95,,,7490,1783674000,
1044,1757,break,1783675140,,4119.95,,,,,
1044,1758,cancelled_opposing_structure,1783675140,,4119.95,,,7490,1783674000,
1045,1759,fvg_fixed,1783675140,,,4116.23,4117.64,,1783674960,
1045,1760,hl,1783675560,,4116.46,,,7492,,
1045,1761,cancelled_opposing_structure,1783675680,,4114.89,,,7493,1783675380,
1046,1762,touch,1783676100,1783676100251,4114.05,,,,,
1046,1763,sc_hh,1783676100,,4116.46,,,7492,1783675440,
1046,1764,fvg_fixed,1783676160,,,4115.69,4116.04,,1783675620,
1046,1765,hl,1783676460,,4115.84,,,7495,,
1046,1766,sc_superseded,1783676580,,,,,7494,,
1046,1767,sc_hh,1783676580,,4112.36,,,7494,1783676280,
1046,1768,fvg_fixed,1783676640,,,4113.58,4114.34,,1783676340,
1046,1769,hl,1783677060,,4114.39,,,7497,,
1046,1770,reaction,1783677300,,,,,,,
1046,1771,entry_attempt,1783677360,1783677360146,4112.33,4112.33,4112.57,,,10009
1046,1772,fill,1783677360,1783677360146,4112.33,4120.53,4095.93,,,
1047,1773,touch,1783679160,1783679172203,4112.42,,,,,
1047,1774,cancelled_opposing_structure,1783679760,,4111.93,,,7508,1783679340,
1046,1775,exit,1783684140,1783684164578,4095.92,,,,,tp
1050,1776,touch,1783685040,1783685044009,4099.45,,,,,
1050,1777,cancelled_opposing_structure,1783685760,,4100.96,,,7529,1783685040,
1049,1778,touch,1783688400,1783688454866,4106.24,,,,,
1049,1779,break,1783688640,,4108.48,,,,,
1049,1780,return,1783688700,1783688701257,4108.34,,,,,
1049,1781,cancelled_opposing_structure,1783689120,,4106.63,,,7538,1783687680,
1048,1782,touch,1783689840,1783689875981,4111.62,,,,,
1048,1783,sc_hh,1783691820,,4106.86,,,7548,1783691640,
1048,1784,fvg_fixed,1783691880,,,4106.76,4106.96,,1783691760,
1051,1785,touch,1783691940,1783691955013,4105.42,,,,,
1048,1786,fvg_lapsed,1783692000,,4107.09,,,,,
1048,1787,sc_hh,1783693320,,4106.04,,,7555,1783693200,
1051,1788,cancelled_opposing_structure,1783693320,,4105.61,,,7556,1783692840,
1048,1789,fvg_none,1783693380,,,,,,,
1048,1790,sc_hh,1783694160,,4099.05,,,7559,1783693920,
1048,1791,fvg_fixed,1783694220,,,4100.02,4101.81,,1783693920,
1048,1792,fvg_lapsed,1783694520,,4104.57,,,,,
1052,1793,touch,1783694640,1783694668572,4105.60,,,,,
1048,1794,sc_hh,1783695240,,4105.74,,,7563,1783695120,
1052,1795,sc_hh,1783695240,,4105.74,,,7563,1783695120,
1048,1796,fvg_fixed,1783695300,,,4105.35,4106.31,,1783695180,
1052,1797,fvg_fixed,1783695300,,,4105.35,4106.31,,1783695180,
1054,1798,touch,1783695600,1783695600120,4102.29,,,,,
1054,1799,sc_hh,1783695600,,4105.74,,,7563,1783695120,
1054,1800,fvg_fixed,1783695660,,,4103.73,4104.49,,1783695300,
1048,1801,hl,1783695840,,4103.70,,,7566,,
1052,1802,hl,1783695840,,4103.70,,,7566,,
1054,1803,hl,1783695840,,4103.70,,,7566,,
1048,1804,break,1783696380,,4115.78,,,,,
1048,1805,fvg_lapsed,1783696380,,4115.78,,,,,
1052,1806,break,1783696380,,4115.78,,,,,
1052,1807,fvg_lapsed,1783696380,,4115.78,,,,,
1054,1808,break,1783696380,,4115.78,,,,,
1054,1809,fvg_lapsed,1783696380,,4115.78,,,,,
1048,1810,return,1783696440,1783696440784,4114.47,,,,,
1048,1811,cancelled_second_break,1783696440,,4114.99,,,,,
1052,1812,return,1783696800,1783696819754,4107.67,,,,,
1052,1813,cancelled_second_break,1783696800,,4109.52,,,,,
1054,1814,return,1783696860,1783696918397,4107.41,,,,,
1054,1815,cancelled_second_break,1783696860,,4107.55,,,,,
1055,1816,touch,1783697400,1783697400059,4105.96,,,,,
1055,1817,sc_hh,1783697640,,4102.59,,,7569,1783696380,
1055,1818,fvg_fixed,1783697700,,,4103.73,4103.88,,1783697520,
1053,1819,touch,1783697760,1783697777812,4099.83,,,,,
1055,1820,hl,1783698180,,4102.47,,,7573,,
1055,1821,cancelled_opposing_structure,1783698600,,4103.14,,,7574,1783698000,
1053,1822,sc_hh,1783698600,,4102.47,,,7573,1783698300,
1053,1823,fvg_fixed,1783698660,,,4102.78,4102.97,,1783698540,
1053,1824,fvg_lapsed,1783698720,,4102.25,,,,,
1053,1825,sc_hh,1783699740,,4105.14,,,7578,1783699440,
1053,1826,fvg_fixed,1783699800,,,4101.74,4102.21,,1783699500,
1053,1827,hl,1783700040,,4101.50,,,7581,,
1053,1828,sc_superseded,1783700100,,,,,7580,,
1053,1829,sc_hh,1783700100,,4106.22,,,7580,1783699860,
1053,1830,fvg_fixed,1783700160,,,4103.39,4104.11,,1783699920,
1053,1831,fvg_lapsed,1783700220,,4102.85,,,,,
1053,1832,break,1783700760,,4095.84,,,,,
1011,1833,touch,1783700820,1783700850321,4093.00,,,,,
1011,1834,break,1783700940,,4087.32,,,,,
1011,1835,return,1783701000,1783701006763,4088.34,,,,,
1053,1836,return,1783701060,1783701108978,4096.08,,,,,
1053,1837,cancelled_second_break,1783701120,,4091.66,,,,,
1011,1838,sc_hh,1783701540,,4097.00,,,7585,1783701300,
1011,1839,fvg_fixed,1783701600,,,4095.28,4095.48,,1783701480,
1011,1840,hl,1783702080,,4097.34,,,7588,,
1011,1841,sc_superseded,1783702260,,,,,7587,,
1011,1842,sc_hh,1783702260,,4102.40,,,7587,1783701900,
1011,1843,fvg_none,1783702320,,,,,,,
1011,1844,sc_hh,1783703940,,4103.53,,,7593,1783703820,
1011,1845,fvg_fixed,1783704000,,,4102.54,4103.97,,1783703880,
1011,1846,fvg_lapsed,1783704300,,4102.47,,,,,
1010,1847,touch,1783704780,1783704794373,4076.17,,,,,
1056,1848,touch,1783705380,1783705439367,4100.71,,,,,
1057,1849,touch,1783705800,1783705800025,4107.36,,,,,
1058,1850,touch,1783706760,1783706808932,4098.75,,,,,
1011,1851,sc_hh,1783707780,,4103.52,,,7602,1783707540,
1010,1852,sc_hh,1783707780,,4103.52,,,7602,1783707540,
1056,1853,cancelled_opposing_structure,1783707780,,4106.07,,,7603,1783707360,
1057,1854,sc_hh,1783707780,,4103.52,,,7602,1783707540,
1058,1855,cancelled_opposing_structure,1783707780,,4106.07,,,7603,1783707360,
1011,1856,fvg_fixed,1783707840,,,4102.29,4105.05,,1783707720,
1010,1857,fvg_fixed,1783707840,,,4102.29,4105.05,,1783707720,
1057,1858,fvg_fixed,1783707840,,,4102.29,4105.05,,1783707720,
1011,1859,fvg_lapsed,1783708080,,4101.18,,,,,
1010,1860,fvg_lapsed,1783708080,,4101.18,,,,,
1057,1861,fvg_lapsed,1783708080,,4101.18,,,,,
1059,1862,touch,1783709100,1783709100019,4106.31,,,,,
1011,1863,sc_hh,1783709220,,4107.63,,,7604,1783708140,
1010,1864,sc_hh,1783709220,,4107.63,,,7604,1783708140,
1057,1865,sc_hh,1783709220,,4107.63,,,7604,1783708140,
1059,1866,sc_hh,1783709220,,4107.63,,,7604,1783708140,
1011,1867,fvg_fixed,1783709280,,,4105.15,4105.73,,1783708980,
1010,1868,fvg_fixed,1783709280,,,4105.15,4105.73,,1783708980,
1057,1869,fvg_fixed,1783709280,,,4105.15,4105.73,,1783708980,
1059,1870,fvg_fixed,1783709280,,,4105.15,4105.73,,1783708980,
1011,1871,sc_superseded,1783709880,,,,,7608,,
1011,1872,sc_hh,1783709880,,4112.06,,,7608,1783709700,
1010,1873,sc_superseded,1783709880,,,,,7608,,
1010,1874,sc_hh,1783709880,,4112.06,,,7608,1783709700,
1057,1875,sc_superseded,1783709880,,,,,7608,,
1057,1876,sc_hh,1783709880,,4112.06,,,7608,1783709700,
1059,1877,sc_superseded,1783709880,,,,,7608,,
1059,1878,sc_hh,1783709880,,4112.06,,,7608,1783709700,
1011,1879,fvg_fixed,1783709940,,,4111.66,4112.50,,1783709820,
1010,1880,fvg_fixed,1783709940,,,4111.66,4112.50,,1783709820,
1057,1881,fvg_fixed,1783709940,,,4111.66,4112.50,,1783709820,
1059,1882,fvg_fixed,1783709940,,,4111.66,4112.50,,1783709820,
1011,1883,fvg_lapsed,1783710120,,4111.41,,,,,
1010,1884,fvg_lapsed,1783710120,,4111.41,,,,,
1057,1885,fvg_lapsed,1783710120,,4111.41,,,,,
1059,1886,fvg_lapsed,1783710120,,4111.41,,,,,
1011,1887,sc_hh,1783710960,,4112.37,,,7611,1783710660,
1010,1888,sc_hh,1783710960,,4112.37,,,7611,1783710660,
1057,1889,sc_hh,1783710960,,4112.37,,,7611,1783710660,
1059,1890,sc_hh,1783710960,,4112.37,,,7611,1783710660,
1011,1891,fvg_fixed,1783711020,,,4110.31,4111.74,,1783710840,
1010,1892,fvg_fixed,1783711020,,,4110.31,4111.74,,1783710840,
1057,1893,fvg_fixed,1783711020,,,4110.31,4111.74,,1783710840,
1059,1894,fvg_fixed,1783711020,,,4110.31,4111.74,,1783710840,
1011,1895,fvg_lapsed,1783711200,,4108.47,,,,,
1010,1896,fvg_lapsed,1783711200,,4108.47,,,,,
1057,1897,fvg_lapsed,1783711200,,4108.47,,,,,
1059,1898,fvg_lapsed,1783711200,,4108.47,,,,,
1011,1899,sc_hh,1783711560,,4113.30,,,7612,1783711320,
1010,1900,sc_hh,1783711560,,4113.30,,,7612,1783711320,
1057,1901,sc_hh,1783711560,,4113.30,,,7612,1783711320,
1059,1902,sc_hh,1783711560,,4113.30,,,7612,1783711320,
1011,1903,fvg_fixed,1783711620,,,4112.28,4112.86,,1783711500,
1010,1904,fvg_fixed,1783711620,,,4112.28,4112.86,,1783711500,
1057,1905,fvg_fixed,1783711620,,,4112.28,4112.86,,1783711500,
1059,1906,fvg_fixed,1783711620,,,4112.28,4112.86,,1783711500,
1011,1907,hl,1783712400,,4111.81,,,7615,,
1010,1908,hl,1783712400,,4111.81,,,7615,,
1057,1909,hl,1783712400,,4111.81,,,7615,,
1059,1910,hl,1783712400,,4111.81,,,7615,,
1011,1911,fvg_lapsed,1783712460,,4112.23,,,,,
1010,1912,fvg_lapsed,1783712460,,4112.23,,,,,
1057,1913,fvg_lapsed,1783712460,,4112.23,,,,,
1059,1914,fvg_lapsed,1783712460,,4112.23,,,,,
1011,1915,cancelled_opposing_structure,1783712520,,4110.95,,,7616,1783712220,
1010,1916,cancelled_opposing_structure,1783712520,,4110.95,,,7616,1783712220,
1057,1917,cancelled_opposing_structure,1783712520,,4110.95,,,7616,1783712220,
1059,1918,cancelled_opposing_structure,1783712520,,4110.95,,,7616,1783712220,
1060,1919,touch,1783717740,1783717773448,4103.42,,,,,
1061,1920,touch,1783718100,1783718143781,4103.82,,,,,
1060,1921,sc_hh,1783719000,,4102.15,,,7634,1783718700,
1060,1922,fvg_fixed,1783719060,,,4102.21,4102.69,,1783718940,
1060,1923,fvg_lapsed,1783719180,,4102.96,,,,,
1060,1924,sc_hh,1783719480,,4101.37,,,7636,1783719120,
1060,1925,fvg_fixed,1783719540,,,4101.10,4101.89,,1783719420,
1061,1926,break,1783719540,,4099.78,,,,,
1061,1927,return,1783719600,1783719645375,4100.46,,,,,
1061,1928,cancelled_second_break,1783719600,,4100.26,,,,,
1062,1929,touch,1783720500,1783720509676,4101.38,,,,,
1060,1930,hl,1783720680,,4101.61,,,7639,,
1063,1931,touch,1783720800,1783720803635,4100.65,,,,,
1060,1932,reaction,1783720800,,,,,,,
1060,1933,entry_attempt,1783720860,1783720860091,4099.96,4099.96,4100.19,,,10009
1060,1934,fill,1783720860,1783720860091,4099.96,4105.56,4088.76,,,
1063,1935,break,1783720860,,4098.22,,,,,
1062,1936,sc_hh,1783720920,,4098.07,,,7637,1783720500,
1063,1937,return,1783720980,1783721034904,4098.64,,,,,
1062,1938,fvg_fixed,1783720980,,,4098.47,4099.66,,1783720800,
1063,1939,cancelled_second_break,1783720980,,4098.51,,,,,
1062,1940,fvg_lapsed,1783721220,,4101.57,,,,,
1062,1941,cancelled_opposing_structure,1783721940,,4102.77,,,7642,1783721280,
1060,1942,exit,1783723920,1783723938522,4105.62,,,,,sl
1064,1943,touch,1783904400,1783904400675,4100.10,,,,,
1064,1944,break,1783904400,,4098.00,,,,,
1064,1945,cancelled_opposing_structure,1783905240,,4081.40,,,7666,1783904700,
1009,1946,touch,1783907280,1783907324356,4073.45,,,,,
1067,1947,touch,1783907460,1783907499970,4080.28,,,,,
1067,1948,sc_hh,1783908000,,4075.50,,,7675,1783907760,
1067,1949,fvg_fixed,1783908060,,,4074.62,4076.60,,1783907940,
1009,1950,cancelled_opposing_structure,1783908600,,4069.19,,,7674,1783907280,
1067,1951,hl,1783908600,,4072.91,,,7677,,
1067,1952,cancelled_opposing_structure,1783909680,,4073.85,,,7679,1783908420,
1069,1953,touch,1783913340,1783913388190,4074.64,,,,,
1069,1954,break,1783913460,,4072.36,,,,,
1068,1955,touch,1783913520,1783913521677,4071.51,,,,,
1069,1956,return,1783913520,1783913547792,4072.53,,,,,
1069,1957,cancelled_second_break,1783913520,,4070.77,,,,,
1068,1958,break,1783913640,,4062.29,,,,,
1068,1959,return,1783913760,1783913772614,4069.54,,,,,
1068,1960,cancelled_second_break,1783913760,,4069.37,,,,,
1071,1961,touch,1783915740,1783915746144,4080.38,,,,,
1072,1962,touch,1783916220,1783916231608,4076.24,,,,,
1073,1963,touch,1783916700,1783916716964,4076.64,,,,,
1073,1964,break,1783917000,,4081.31,,,,,
1070,1965,touch,1783917060,1783917110662,4083.69,,,,,
1071,1966,break,1783917060,,4083.90,,,,,
1071,1967,cancelled_opposing_structure,1783917060,,4083.90,,,7702,1783916100,
1072,1968,sc_hh,1783917060,,4081.96,,,7701,1783916520,
1072,1969,fvg_fixed,1783917120,,,4081.50,4083.33,,1783917000,
1072,1970,hl,1783917480,,4082.27,,,7704,,
1072,1971,reaction,1783917840,,,,,,,
1072,1972,entry_attempt,1783917900,1783917900052,4084.76,4084.52,4084.76,,,10009
1072,1973,fill,1783917900,1783917900052,4084.76,4065.26,4123.76,,,
1074,1974,touch,1783918380,1783918391982,4081.96,,,,,
1073,1975,return,1783918380,1783918413991,4080.24,,,,,
1073,1976,sc_hh,1783918380,,4083.00,,,7706,1783918260,
1070,1977,sc_hh,1783918380,,4083.00,,,7706,1783918260,
1073,1978,fvg_fixed,1783918440,,,4079.61,4082.00,,1783918320,
1070,1979,fvg_fixed,1783918440,,,4079.61,4082.00,,1783918320,
1074,1980,break,1783918500,,4070.36,,,,,
1074,1981,return,1783918620,1783918653576,4072.67,,,,,
1074,1982,cancelled_second_break,1783918740,,4072.15,,,,,
1073,1983,hl,1783918920,,4074.69,,,7709,,
1070,1984,hl,1783918920,,4074.69,,,7709,,
1073,1985,sc_superseded,1783920240,,,,,7712,,
1073,1986,sc_hh,1783920240,,4070.47,,,7712,1783919760,
1070,1987,sc_superseded,1783920240,,,,,7712,,
1070,1988,sc_hh,1783920240,,4070.47,,,7712,1783919760,
1073,1989,fvg_fixed,1783920300,,,4071.26,4071.69,,1783920120,
1070,1990,fvg_fixed,1783920300,,,4071.26,4071.69,,1783920120,
1072,1991,exit,1783920600,1783920636698,4065.24,,,,,sl
1073,1992,fvg_lapsed,1783920780,,4071.70,,,,,
1070,1993,fvg_lapsed,1783920780,,4071.70,,,,,
1076,1994,touch,1783921440,1783921449466,4071.30,,,,,
1073,1995,sc_hh,1783922400,,4068.39,,,7717,1783921980,
1070,1996,sc_hh,1783922400,,4068.39,,,7717,1783921980,
1076,1997,cancelled_opposing_structure,1783922400,,4066.91,,,7718,1783921740,
1073,1998,fvg_fixed,1783922460,,,4067.47,4068.59,,1783922340,
1070,1999,fvg_fixed,1783922460,,,4067.47,4068.59,,1783922340,
1073,2000,sc_superseded,1783923060,,,,,7719,,
1073,2001,sc_hh,1783923060,,4058.97,,,7719,1783923000,
1070,2002,sc_superseded,1783923060,,,,,7719,,
1070,2003,sc_hh,1783923060,,4058.97,,,7719,1783923000,
1073,2004,fvg_fixed,1783923120,,,4056.04,4059.17,,1783923000,
1070,2005,fvg_fixed,1783923120,,,4056.04,4059.17,,1783923000,
1073,2006,fvg_lapsed,1783923300,,4059.21,,,,,
1070,2007,fvg_lapsed,1783923300,,4059.21,,,,,
1073,2008,cancelled_opposing_structure,1783924080,,4061.48,,,7723,1783923480,
1070,2009,cancelled_opposing_structure,1783924080,,4061.48,,,7723,1783923480,
1080,2010,touch,1783929300,1783929352442,4055.52,,,,,
1079,2011,touch,1783929480,1783929514247,4058.49,,,,,
1080,2012,break,1783929480,,4059.12,,,,,
1080,2013,return,1783929600,1783929601943,4057.35,,,,,
1080,2014,cancelled_second_break,1783929720,,4057.73,,,,,
1079,2015,break,1783929900,,4061.92,,,,,
1078,2016,touch,1783930080,1783930097039,4068.77,,,,,
1079,2017,return,1783930980,1783930996261,4060.56,,,,,
1079,2018,cancelled_second_break,1783930980,,4061.35,,,,,
1081,2019,touch,1783931100,1783931100044,4061.10,,,,,
1078,2020,sc_hh,1783931280,,4060.08,,,7744,1783931100,
1081,2021,sc_hh,1783931280,,4060.08,,,7744,1783931100,
1078,2022,fvg_fixed,1783931340,,,4059.25,4060.67,,1783931220,
1081,2023,fvg_fixed,1783931340,,,4059.25,4060.67,,1783931220,
1078,2024,fvg_lapsed,1783931640,,4062.16,,,,,
1081,2025,fvg_lapsed,1783931640,,4062.16,,,,,
1078,2026,sc_hh,1783932360,,4060.14,,,7748,1783932240,
1081,2027,sc_hh,1783932360,,4060.14,,,7748,1783932240,
1078,2028,fvg_fixed,1783932420,,,4062.05,4062.11,,1783932300,
1081,2029,fvg_fixed,1783932420,,,4062.05,4062.11,,1783932300,
1078,2030,fvg_lapsed,1783932540,,4062.46,,,,,
1081,2031,fvg_lapsed,1783932540,,4062.46,,,,,
1078,2032,sc_hh,1783932780,,4058.78,,,7750,1783932660,
1081,2033,sc_hh,1783932780,,4058.78,,,7750,1783932660,
1078,2034,fvg_fixed,1783932840,,,4059.27,4060.20,,1783932720,
1081,2035,fvg_fixed,1783932840,,,4059.27,4060.20,,1783932720,
992,2036,touch,1783933560,1783933575197,4047.05,,,,,
1078,2037,hl,1783933920,,4053.77,,,7753,,
1081,2038,hl,1783933920,,4053.77,,,7753,,
1078,2039,cancelled_opposing_structure,1783934400,,4054.17,,,7754,1783933740,
1081,2040,cancelled_opposing_structure,1783934400,,4054.17,,,7754,1783933740,
992,2041,sc_hh,1783934400,,4053.77,,,7753,1783933920,
992,2042,fvg_fixed,1783934460,,,4052.77,4053.13,,1783934220,
1082,2043,touch,1783934940,1783934968170,4060.17,,,,,
992,2044,sc_superseded,1783935420,,,,,7755,,
992,2045,sc_hh,1783935420,,4062.32,,,7755,1783935240,
992,2046,fvg_fixed,1783935480,,,4061.33,4062.13,,1783935360,
1082,2047,cancelled_opposing_structure,1783935480,,4062.74,,,7756,1783935120,
992,2048,fvg_lapsed,1783935600,,4061.10,,,,,
1083,2049,touch,1783936440,1783936446373,4053.31,,,,,
1084,2050,touch,1783937280,1783937337034,4059.19,,,,,
992,2051,sc_hh,1783937280,,4056.00,,,7762,1783937220,
1083,2052,sc_hh,1783937280,,4056.00,,,7762,1783937220,
992,2053,fvg_fixed,1783937340,,,4054.91,4058.39,,1783937220,
1083,2054,fvg_fixed,1783937340,,,4054.91,4058.39,,1783937220,
992,2055,hl,1783937820,,4054.42,,,7765,,
1083,2056,hl,1783937820,,4054.42,,,7765,,
992,2057,sc_superseded,1783938120,,,,,7766,,
992,2058,sc_hh,1783938120,,4057.93,,,7766,1783938000,
1083,2059,sc_superseded,1783938120,,,,,7766,,
1083,2060,sc_hh,1783938120,,4057.93,,,7766,1783938000,
992,2061,fvg_fixed,1783938180,,,4057.77,4058.12,,1783938060,
1083,2062,fvg_fixed,1783938180,,,4057.77,4058.12,,1783938060,
992,2063,fvg_lapsed,1783938240,,4057.13,,,,,
1083,2064,fvg_lapsed,1783938240,,4057.13,,,,,
1084,2065,cancelled_opposing_structure,1783938480,,4058.09,,,7767,1783937880,
992,2066,sc_hh,1783938840,,4059.21,,,7770,1783938660,
1083,2067,sc_hh,1783938840,,4059.21,,,7770,1783938660,
992,2068,fvg_fixed,1783938900,,,4058.99,4059.46,,1783938780,
1083,2069,fvg_fixed,1783938900,,,4058.99,4059.46,,1783938780,
992,2070,fvg_lapsed,1783939440,,4057.35,,,,,
1083,2071,fvg_lapsed,1783939440,,4057.35,,,,,
992,2072,sc_hh,1783940040,,4059.38,,,7775,1783939800,
1083,2073,sc_hh,1783940040,,4059.38,,,7775,1783939800,
992,2074,fvg_fixed,1783940100,,,4059.18,4060.64,,1783939980,
1083,2075,fvg_fixed,1783940100,,,4059.18,4060.64,,1783939980,
992,2076,sc_superseded,1783940760,,,,,7777,,
992,2077,sc_hh,1783940760,,4067.34,,,7777,1783940580,
1083,2078,sc_superseded,1783940760,,,,,7777,,
1083,2079,sc_hh,1783940760,,4067.34,,,7777,1783940580,
992,2080,fvg_fixed,1783940820,,,4067.55,4067.94,,1783940700,
1083,2081,fvg_fixed,1783940820,,,4067.55,4067.94,,1783940700,
1077,2082,touch,1783941120,1783941168167,4073.84,,,,,
992,2083,sc_superseded,1783941660,,,,,7779,,
992,2084,sc_hh,1783941660,,4078.14,,,7779,1783941360,
1083,2085,sc_superseded,1783941660,,,,,7779,,
1083,2086,sc_hh,1783941660,,4078.14,,,7779,1783941360,
1077,2087,break,1783941660,,4078.35,,,,,
992,2088,fvg_fixed,1783941720,,,4077.56,4078.01,,1783941600,
1083,2089,fvg_fixed,1783941720,,,4077.56,4078.01,,1783941600,
1077,2090,return,1783941900,1783941939809,4077.33,,,,,
992,2091,fvg_lapsed,1783941900,,4076.37,,,,,
1083,2092,fvg_lapsed,1783941900,,4076.37,,,,,
1077,2093,sc_hh,1783942440,,4072.89,,,7781,1783942380,
1077,2094,fvg_fixed,1783942500,,,4073.98,4074.30,,1783942380,
1077,2095,fvg_lapsed,1783942680,,4074.33,,,,,
992,2096,sc_hh,1783942800,,4075.45,,,7782,1783942500,
1083,2097,sc_hh,1783942800,,4075.45,,,7782,1783942500,
992,2098,fvg_fixed,1783942860,,,4073.58,4074.16,,1783942620,
1083,2099,fvg_fixed,1783942860,,,4073.58,4074.16,,1783942620,
992,2100,fvg_lapsed,1783943160,,4072.33,,,,,
1083,2101,fvg_lapsed,1783943160,,4072.33,,,,,
992,2102,sc_hh,1783943400,,4076.44,,,7784,1783943220,
1083,2103,sc_hh,1783943400,,4076.44,,,7784,1783943220,
992,2104,fvg_fixed,1783943460,,,4076.32,4076.46,,1783943340,
1083,2105,fvg_fixed,1783943460,,,4076.32,4076.46,,1783943340,
1077,2106,cancelled_opposing_structure,1783943460,,4077.26,,,7785,1783943040,
992,2107,fvg_lapsed,1783943700,,4075.67,,,,,
1083,2108,fvg_lapsed,1783943700,,4075.67,,,,,
992,2109,cancelled_opposing_structure,1783945080,,4071.73,,,7789,1783944180,
1083,2110,cancelled_opposing_structure,1783945080,,4071.73,,,7789,1783944180,
1085,2111,touch,1783950060,1783950073861,4061.76,,,,,
1085,2112,break,1783950060,,4052.83,,,,,
1085,2113,return,1783950720,1783950735791,4057.14,,,,,
1085,2114,cancelled_second_break,1783950720,,4056.41,,,,,
1087,2115,touch,1783951200,1783951200086,4060.55,,,,,
1086,2116,touch,1783951500,1783951557245,4066.07,,,,,
1088,2117,touch,1783952760,1783952780765,4063.31,,,,,
1087,2118,cancelled_opposing_structure,1783954020,,4062.47,,,7817,1783953480,
1086,2119,sc_hh,1783954020,,4063.27,,,7816,1783953780,
1088,2120,sc_hh,1783954020,,4063.27,,,7816,1783953780,
1086,2121,fvg_fixed,1783954080,,,4062.49,4063.83,,1783953960,
1088,2122,fvg_fixed,1783954080,,,4062.49,4063.83,,1783953960,
1086,2123,hl,1783955160,,4060.41,,,7820,,
1088,2124,hl,1783955160,,4060.41,,,7820,,
1086,2125,cancelled_opposing_structure,1783955880,,4060.55,,,7821,1783954980,
1088,2126,cancelled_opposing_structure,1783955880,,4060.55,,,7821,1783954980,
1089,2127,touch,1783957500,1783957536805,4064.09,,,,,
1089,2128,sc_hh,1783958220,,4064.22,,,7830,1783958160,
1089,2129,fvg_none,1783958280,,,,,,,
1089,2130,break,1783958340,,4067.34,,,,,
1089,2131,return,1783958400,1783958401128,4067.05,,,,,
1090,2132,touch,1783958520,1783958559333,4063.32,,,,,
1089,2133,sc_hh,1783958580,,4063.69,,,7831,1783958400,
1089,2134,fvg_fixed,1783958640,,,4063.01,4063.27,,1783958520,
1089,2135,fvg_lapsed,1783958880,,4064.56,,,,,
1090,2136,break,1783959420,,4059.45,,,,,
1090,2137,return,1783959480,1783959486567,4059.77,,,,,
1090,2138,sc_hh,1783960020,,4062.77,,,7837,1783959900,
1090,2139,fvg_fixed,1783960080,,,4062.22,4063.12,,1783959960,
1089,2140,cancelled_opposing_structure,1783960200,,4063.58,,,7838,1783959720,
1090,2141,fvg_lapsed,1783960320,,4061.90,,,,,
1090,2142,cancelled_second_break,1783960380,,4057.83,,,,,
991,2143,touch,1783962360,1783962380076,4035.11,,,,,
991,2144,break,1783962960,,4013.14,,,,,
991,2145,cancelled_opposing_structure,1783962960,,4013.14,,,7846,1783962420,
809,2146,touch,1783972500,1783972508693,3990.03,,,,,
1092,2147,touch,1783972800,1783972850749,3995.16,,,,,
809,2148,sc_hh,1783973340,,3997.07,,,7876,1783972980,
1093,2149,touch,1783973400,1783973400016,3998.02,,,,,
809,2150,fvg_fixed,1783973400,,,3997.09,3997.62,,1783973280,
1093,2151,sc_hh,1783973400,,3997.07,,,7876,1783972980,
1093,2152,fvg_fixed,1783973460,,,3997.09,3997.62,,1783973280,
809,2153,sc_superseded,1783973820,,,,,7877,,
809,2154,sc_hh,1783973820,,3998.92,,,7877,1783973340,
1093,2155,sc_superseded,1783973820,,,,,7877,,
1093,2156,sc_hh,1783973820,,3998.92,,,7877,1783973340,
809,2157,fvg_fixed,1783973880,,,3999.02,3999.31,,1783973760,
1092,2158,break,1783973880,,4000.99,,,,,
1092,2159,cancelled_opposing_structure,1783973880,,4000.99,,,7878,1783973340,
1093,2160,fvg_fixed,1783973880,,,3999.02,3999.31,,1783973760,
809,2161,fvg_lapsed,1783974240,,3998.54,,,,,
1093,2162,fvg_lapsed,1783974240,,3998.54,,,,,
809,2163,cancelled_opposing_structure,1783975680,,3994.34,,,7882,1783974360,
1093,2164,cancelled_opposing_structure,1783975680,,3994.34,,,7882,1783974360,
1094,2165,touch,1783978200,1783978208185,3994.38,,,,,
1094,2166,sc_hh,1783978320,,3996.81,,,7892,1783978260,
1094,2167,fvg_fixed,1783978380,,,3996.70,3996.82,,1783978260,
1094,2168,hl,1783978980,,3998.07,,,7895,,
1094,2169,sc_superseded,1783979340,,,,,7896,,
1094,2170,sc_hh,1783979340,,4000.68,,,7896,1783979100,
1094,2171,fvg_fixed,1783979400,,,4000.38,4000.52,,1783979280,
1094,2172,fvg_lapsed,1783979820,,4000.16,,,,,
1094,2173,cancelled_opposing_structure,1783980840,,3998.04,,,7900,1783979880,
1095,2174,touch,1783984440,1783984448829,3999.36,,,,,
1095,2175,sc_hh,1783986840,,4000.45,,,7918,1783986720,
1096,2176,touch,1783986900,1783986901316,4001.06,,,,,
1095,2177,fvg_fixed,1783986900,,,3999.83,4000.63,,1783986780,
1097,2178,touch,1783990800,1783990800752,3999.92,,,,,
1096,2179,break,1783990800,,4005.89,,,,,
1097,2180,sc_hh,1783990800,,4000.45,,,7918,1783986720,
1096,2181,return,1783990860,1783990864126,4004.60,,,,,
1097,2182,fvg_fixed,1783990860,,,4002.12,4002.98,,1783987020,
1095,2183,hl,1783990980,,3999.92,,,7921,,
1097,2184,fvg_lapsed,1783991040,,4001.54,,,,,
1096,2185,cancelled_second_break,1783991880,,4005.61,,,,,
1095,2186,cancelled_opposing_structure,1783993860,,4003.09,,,7928,1783992660,
1097,2187,cancelled_opposing_structure,1783993860,,4003.09,,,7928,1783992660,
1099,2188,touch,1783997940,1783997975840,4001.18,,,,,
1098,2189,touch,1783998000,1783998058638,4003.25,,,,,
1099,2190,break,1783998000,,4002.88,,,,,
1099,2191,return,1783998060,1783998060012,4002.86,,,,,
1099,2192,sc_hh,1783998240,,3995.47,,,7938,1783998060,
1098,2193,sc_hh,1783998240,,3995.47,,,7938,1783998060,
1099,2194,fvg_fixed,1783998300,,,3994.62,3996.22,,1783998180,
1098,2195,fvg_fixed,1783998300,,,3994.62,3996.22,,1783998180,
808,2196,touch,1783998420,1783998453371,3984.44,,,,,
1100,2197,touch,1783998600,1783998636277,3998.24,,,,,
1099,2198,fvg_lapsed,1783998600,,3998.49,,,,,
1098,2199,fvg_lapsed,1783998600,,3998.49,,,,,
1099,2200,sc_hh,1783999020,,3991.26,,,7943,1783998900,
1098,2201,sc_hh,1783999020,,3991.26,,,7943,1783998900,
1100,2202,sc_hh,1783999020,,3991.26,,,7943,1783998900,
1099,2203,fvg_none,1783999080,,,,,,,
1098,2204,fvg_none,1783999080,,,,,,,
1100,2205,fvg_none,1783999080,,,,,,,
1101,2206,touch,1783999620,1783999641296,3991.30,,,,,
1099,2207,cancelled_opposing_structure,1783999920,,3999.51,,,7944,1783998720,
1098,2208,cancelled_opposing_structure,1783999920,,3999.51,,,7944,1783998720,
808,2209,sc_hh,1783999920,,3998.82,,,7942,1783999200,
1100,2210,cancelled_opposing_structure,1783999920,,3999.51,,,7944,1783998720,
1101,2211,break,1783999920,,3999.51,,,,,
1101,2212,return,1783999980,1783999986343,3998.78,,,,,
808,2213,fvg_fixed,1783999980,,,3997.15,3998.46,,1783999860,
1101,2214,cancelled_second_break,1783999980,,4001.61,,,,,
808,2215,hl,1784000820,,3999.18,,,7947,,
1102,2216,touch,1784001660,1784001698735,3995.98,,,,,
808,2217,fvg_lapsed,1784001660,,3994.54,,,,,
808,2218,cancelled_opposing_structure,1784001720,,3993.36,,,7951,1784001240,
1103,2219,touch,1784002620,1784002664724,4002.49,,,,,
1102,2220,sc_hh,1784002620,,3999.85,,,7953,1784002080,
1102,2221,fvg_fixed,1784002680,,,4000.01,4001.35,,1784002560,
1102,2222,fvg_lapsed,1784002860,,3998.78,,,,,
1103,2223,sc_hh,1784003700,,3995.59,,,7956,1784003520,
1103,2224,fvg_fixed,1784003760,,,3997.40,3998.44,,1784003640,
1102,2225,cancelled_opposing_structure,1784004000,,3995.56,,,7957,1784003100,
1103,2226,fvg_lapsed,1784004060,,4000.16,,,,,
1103,2227,cancelled_opposing_structure,1784004720,,4004.06,,,7961,1784004300,
1105,2228,touch,1784007780,1784007805306,4010.85,,,,,
1106,2229,touch,1784009640,1784009656246,4012.58,,,,,
1105,2230,cancelled_opposing_structure,1784010000,,4012.05,,,7981,1784009640,
1106,2231,cancelled_opposing_structure,1784010000,,4012.05,,,7981,1784009640,
1107,2232,touch,1784015880,1784015925327,4021.08,,,,,
1107,2233,break,1784016600,,4023.58,,,,,
1107,2234,cancelled_opposing_structure,1784016600,,4023.58,,,8003,1784016060,
1108,2235,touch,1784021400,1784021401523,4022.64,,,,,
1108,2236,cancelled_opposing_structure,1784022000,,4022.06,,,8017,1784021400,
1109,2237,touch,1784023680,1784023724779,4028.71,,,,,
1110,2238,touch,1784023860,1784023863775,4026.53,,,,,
1110,2239,sc_hh,1784023860,,4024.85,,,8022,1784023200,
1110,2240,fvg_fixed,1784023920,,,4025.78,4027.14,,1784023440,
1110,2241,fvg_lapsed,1784023980,,4025.02,,,,,
1110,2242,break,1784025900,,4023.20,,,,,
1110,2243,return,1784025960,1784025987007,4023.39,,,,,
1109,2244,sc_hh,1784025960,,4022.92,,,8027,1784025480,
1110,2245,cancelled_second_break,1784025960,,4022.43,,,,,
1109,2246,fvg_fixed,1784026020,,,4023.97,4024.63,,1784025660,
1109,2247,hl,1784026200,,4024.20,,,8030,,
1111,2248,touch,1784026380,1784026396003,4024.85,,,,,
1109,2249,fvg_lapsed,1784026380,,4025.02,,,,,
1109,2250,sc_hh,1784026620,,4021.87,,,8031,1784026440,
1111,2251,sc_hh,1784026620,,4021.87,,,8031,1784026440,
1109,2252,fvg_fixed,1784026680,,,4022.59,4023.22,,1784026500,
1111,2253,fvg_fixed,1784026680,,,4022.59,4023.22,,1784026500,
1109,2254,sc_superseded,1784027340,,,,,8034,,
1109,2255,sc_hh,1784027340,,4017.07,,,8034,1784027100,
1111,2256,sc_superseded,1784027340,,,,,8034,,
1111,2257,sc_hh,1784027340,,4017.07,,,8034,1784027100,
1109,2258,fvg_none,1784027400,,,,,,,
1111,2259,fvg_none,1784027400,,,,,,,
1112,2260,touch,1784028300,1784028300097,4019.70,,,,,
1109,2261,cancelled_opposing_structure,1784028300,,4021.05,,,8037,1784027880,
1111,2262,cancelled_opposing_structure,1784028300,,4021.05,,,8037,1784027880,
1112,2263,sc_hh,1784028300,,4020.91,,,8036,1784027940,
1112,2264,fvg_fixed,1784028360,,,4020.84,4021.05,,1784028240,
1112,2265,fvg_lapsed,1784028720,,4020.70,,,,,
1112,2266,sc_hh,1784029260,,4021.04,,,8040,1784029200,
1112,2267,fvg_none,1784029320,,,,,,,
1112,2268,cancelled_opposing_structure,1784029860,,4017.75,,,8042,1784029200,
1113,2269,touch,1784034780,1784034791133,4017.15,,,,,
1113,2270,sc_hh,1784036220,,4018.81,,,8059,1784036100,
1113,2271,fvg_fixed,1784036280,,,4017.44,4017.54,,1784036100,
1113,2272,sc_superseded,1784036820,,,,,8062,,
1113,2273,sc_hh,1784036820,,4020.09,,,8062,1784036700,
1113,2274,fvg_fixed,1784036880,,,4020.07,4020.72,,1784036760,
1113,2275,fvg_lapsed,1784037120,,4019.26,,,,,
1113,2276,cancelled_opposing_structure,1784038200,,4018.31,,,8068,1784037660,
1114,2277,touch,1784042700,1784042705179,4028.83,,,,,
1091,2278,touch,1784043000,1784043002225,4050.41,,,,,
1075,2279,touch,1784043000,1784043017615,4084.46,,,,,
1114,2280,break,1784043000,,4089.25,,,,,
1091,2281,break,1784043000,,4089.25,,,,,
1075,2282,break,1784043000,,4089.25,,,,,
1075,2283,return,1784043060,1784043100104,4087.09,,,,,
1075,2284,cancelled_second_break,1784043060,,4093.31,,,,,
1114,2285,sc_hh,1784044260,,4081.97,,,8087,1784043900,
1091,2286,sc_hh,1784044260,,4081.97,,,8087,1784043900,
1114,2287,fvg_fixed,1784044320,,,4081.46,4081.58,,1784044200,
1091,2288,fvg_fixed,1784044320,,,4081.46,4081.58,,1784044200,
1114,2289,fvg_lapsed,1784044860,,4082.81,,,,,
1091,2290,fvg_lapsed,1784044860,,4082.81,,,,,
1114,2291,cancelled_opposing_structure,1784046060,,4080.23,,,8093,1784045340,
1091,2292,cancelled_opposing_structure,1784046060,,4080.23,,,8093,1784045340,
1115,2293,touch,1784046180,1784046212777,4084.47,,,,,
1116,2294,touch,1784046660,1784046700314,4080.19,,,,,
1115,2295,cancelled_opposing_structure,1784047140,,4086.45,,,8098,1784046180,
1116,2296,sc_hh,1784047140,,4086.27,,,8096,1784046720,
1116,2297,fvg_fixed,1784047200,,,4084.67,4085.48,,1784047020,
1116,2298,fvg_lapsed,1784047320,,4083.44,,,,,
1117,2299,touch,1784049180,1784049183776,4082.76,,,,,
1116,2300,sc_hh,1784049180,,4081.31,,,8105,1784048820,
1116,2301,fvg_fixed,1784049240,,,4080.94,4081.37,,1784049120,
1116,2302,fvg_lapsed,1784049300,,4074.91,,,,,
1117,2303,sc_hh,1784049300,,4077.14,,,8106,1784049180,
1117,2304,fvg_fixed,1784049360,,,4075.59,4081.37,,1784049240,
1117,2305,fvg_lapsed,1784049720,,4084.73,,,,,
1117,2306,sc_hh,1784050260,,4074.01,,,8110,1784049960,
1117,2307,fvg_none,1784050320,,,,,,,
1116,2308,sc_hh,1784051700,,4082.67,,,8115,1784051400,
1117,2309,cancelled_opposing_structure,1784051700,,4084.08,,,8116,1784051040,
1116,2310,fvg_fixed,1784051760,,,4082.07,4082.28,,1784051580,
1116,2311,fvg_lapsed,1784052000,,4081.68,,,,,
1116,2312,sc_hh,1784052240,,4087.55,,,8117,1784052180,
1116,2313,fvg_fixed,1784052300,,,4080.74,4086.44,,1784052180,
1116,2314,hl,1784053380,,4085.48,,,8120,,
1116,2315,cancelled_opposing_structure,1784053500,,4085.08,,,8121,1784053200,
1119,2316,touch,1784061780,1784061801340,4059.68,,,,,
1119,2317,sc_hh,1784062260,,4062.70,,,8145,1784061960,
1119,2318,fvg_fixed,1784062320,,,4062.49,4062.62,,1784062200,
1119,2319,sc_superseded,1784062560,,,,,8147,,
1119,2320,sc_hh,1784062560,,4063.41,,,8147,1784062380,
1119,2321,fvg_none,1784062620,,,,,,,
1120,2322,touch,1784062800,1784062800383,4062.58,,,,,
1121,2323,touch,1784063640,1784063688279,4061.64,,,,,
1121,2324,sc_hh,1784064120,,4059.77,,,8151,1784063940,
1121,2325,fvg_fixed,1784064180,,,4059.93,4060.10,,1784064060,
1120,2326,break,1784064240,,4057.16,,,,,
1120,2327,return,1784064600,1784064627956,4059.53,,,,,
1120,2328,cancelled_second_break,1784064600,,4056.98,,,,,
1121,2329,sc_superseded,1784064720,,,,,8154,,
1121,2330,sc_hh,1784064720,,4056.61,,,8154,1784064600,
1121,2331,fvg_fixed,1784064780,,,4056.20,4056.85,,1784064660,
1119,2332,cancelled_opposing_structure,1784064840,,4056.60,,,8155,1784064300,
1121,2333,sc_superseded,1784065020,,,,,8156,,
1121,2334,sc_hh,1784065020,,4055.34,,,8156,1784064720,
1121,2335,fvg_fixed,1784065080,,,4053.17,4055.30,,1784064960,
1124,2336,touch,1784066400,1784066400025,4054.13,,,,,
1121,2337,hl,1784066580,,4054.85,,,8159,,
1121,2338,reaction,1784066640,,,,,,,
1121,2339,entry_attempt,1784066700,1784066700092,4053.04,4053.04,4053.27,,,10009
1121,2340,fill,1784066700,1784066700092,4053.04,4063.84,4031.44,,,
1123,2341,touch,1784067120,1784067160541,4056.63,,,,,
1124,2342,sc_hh,1784067120,,4054.85,,,8159,1784066640,
1124,2343,fvg_fixed,1784067180,,,4054.32,4056.26,,1784067060,
1125,2344,touch,1784067660,1784067671369,4054.82,,,,,
1124,2345,fvg_lapsed,1784067660,,4054.22,,,,,
1123,2346,sc_hh,1784068020,,4052.34,,,8160,1784067240,
1125,2347,break,1784068020,,4052.03,,,,,
1123,2348,fvg_fixed,1784068080,,,4052.24,4052.41,,1784067960,
1123,2349,hl,1784068860,,4052.15,,,8163,,
1124,2350,sc_hh,1784068980,,4052.15,,,8163,1784068920,
1125,2351,sc_hh,1784068980,,4052.15,,,8163,1784068920,
1125,2352,return,1784069040,1784069040380,4052.38,,,,,
1124,2353,fvg_fixed,1784069040,,,4050.88,4052.17,,1784068920,
1123,2354,fvg_lapsed,1784069040,,4052.51,,,,,
1125,2355,fvg_fixed,1784069040,,,4050.88,4052.17,,1784068920,
1126,2356,touch,1784069100,1784069117495,4053.32,,,,,
1123,2357,cancelled_opposing_structure,1784069160,,4054.15,,,8164,1784068680,
1127,2358,touch,1784069460,1784069483504,4051.64,,,,,
1125,2359,cancelled_second_break,1784069460,,4051.84,,,,,
1124,2360,sc_superseded,1784069580,,,,,8165,,
1124,2361,sc_hh,1784069580,,4054.54,,,8165,1784069460,
1127,2362,sc_hh,1784069580,,4054.54,,,8165,1784069460,
1124,2363,fvg_fixed,1784069640,,,4053.19,4055.24,,1784069520,
1127,2364,fvg_fixed,1784069640,,,4053.19,4055.24,,1784069520,
1126,2365,cancelled_opposing_structure,1784069700,,4054.74,,,8166,1784069160,
1128,2366,touch,1784070000,1784070022186,4054.53,,,,,
1124,2367,hl,1784070180,,4054.13,,,8168,,
1127,2368,hl,1784070180,,4054.13,,,8168,,
1124,2369,reaction,1784070300,,,,,,,
1127,2370,reaction,1784070300,,,,,,,
1124,2371,lost_competition,1784070300,,,,,1127,,
1127,2372,entry_attempt,1784070360,1784070360136,4055.61,4055.37,4055.61,,,10009
1127,2373,fill,1784070360,1784070360136,4055.61,4047.38,4072.07,,,
1124,2374,cancelled_opposing_structure,1784070840,,4053.79,,,8169,1784070000,
1128,2375,cancelled_opposing_structure,1784070840,,4053.79,,,8169,1784070000,
1129,2376,touch,1784073180,1784073190191,4052.20,,,,,
1130,2377,touch,1784077800,1784077816271,4050.97,,,,,
1129,2378,sc_hh,1784077800,,4051.38,,,8180,1784077440,
1129,2379,fvg_fixed,1784077860,,,4051.11,4051.30,,1784077740,
1130,2380,break,1784077920,,4049.13,,,,,
1130,2381,return,1784077980,1784077986512,4049.41,,,,,
1129,2382,hl,1784078220,,4051.21,,,8182,,
1129,2383,fvg_lapsed,1784078400,,4051.36,,,,,
1130,2384,sc_hh,1784078400,,4051.21,,,8182,1784078160,
1130,2385,fvg_fixed,1784078460,,,4050.86,4051.29,,1784078340,
1130,2386,fvg_lapsed,1784078580,,4050.19,,,,,
1129,2387,cancelled_opposing_structure,1784079120,,4052.26,,,8185,1784078520,
1130,2388,sc_hh,1784079120,,4052.01,,,8183,1784078820,
1130,2389,fvg_fixed,1784079180,,,4051.06,4051.49,,1784078880,
1130,2390,fvg_lapsed,1784079360,,4050.53,,,,,
1130,2391,cancelled_opposing_structure,1784079900,,4050.08,,,8188,1784079480,
1127,2392,exit,1784081400,1784081429822,4047.36,,,,,sl
1132,2393,touch,1784087100,1784087107460,4055.01,,,,,
1132,2394,cancelled_opposing_structure,1784087640,,4057.78,,,8214,1784087220,
1122,2395,touch,1784088000,1784088001294,4061.25,,,,,
1122,2396,sc_hh,1784088960,,4055.11,,,8216,1784088360,
1122,2397,fvg_fixed,1784089020,,,4057.23,4057.66,,1784088780,
1122,2398,sc_superseded,1784089800,,,,,8218,,
1122,2399,sc_hh,1784089800,,4052.64,,,8218,1784089740,
1122,2400,fvg_fixed,1784089860,,,4052.38,4053.79,,1784089740,
1131,2401,touch,1784089980,1784089992475,4049.52,,,,,
1131,2402,break,1784090100,,4046.54,,,,,
1131,2403,return,1784090160,1784090189343,4047.00,,,,,
1131,2404,cancelled_second_break,1784090280,,4046.02,,,,,
1122,2405,sc_superseded,1784090400,,,,,8220,,
1122,2406,sc_hh,1784090400,,4045.52,,,8220,1784090100,
1122,2407,fvg_fixed,1784090460,,,4041.26,4046.01,,1784090340,
1122,2408,hl,1784091000,,4042.51,,,8222,,
1122,2409,sc_superseded,1784091420,,,,,8223,,
1122,2410,sc_hh,1784091420,,4037.94,,,8223,1784091240,
1122,2411,fvg_fixed,1784091480,,,4037.80,4038.06,,1784091360,
1122,2412,fvg_lapsed,1784091780,,4039.55,,,,,
1122,2413,sc_hh,1784092560,,4034.02,,,8225,1784092200,
1122,2414,fvg_fixed,1784092620,,,4033.98,4034.78,,1784092500,
1121,2415,exit,1784092680,1784092701976,4031.42,,,,,tp
1122,2416,fvg_lapsed,1784093400,,4036.15,,,,,
1135,2417,touch,1784093700,1784093700032,4035.77,,,,,
1135,2418,sc_hh,1784093700,,4036.27,,,8229,1784093520,
1135,2419,fvg_fixed,1784093760,,,4035.59,4035.75,,1784093580,
1134,2420,touch,1784094000,1784094005073,4038.34,,,,,
1135,2421,fvg_lapsed,1784094720,,4034.53,,,,,
1122,2422,sc_hh,1784096040,,4034.52,,,8233,1784095500,
1135,2423,cancelled_opposing_structure,1784096040,,4034.04,,,8232,1784094720,
1134,2424,sc_hh,1784096040,,4034.52,,,8233,1784095500,
1122,2425,fvg_fixed,1784096100,,,4034.73,4035.11,,1784095980,
1134,2426,fvg_fixed,1784096100,,,4034.73,4035.11,,1784095980,
1122,2427,sc_superseded,1784096280,,,,,8235,,
1122,2428,sc_hh,1784096280,,4032.94,,,8235,1784096160,
1134,2429,sc_superseded,1784096280,,,,,8235,,
1134,2430,sc_hh,1784096280,,4032.94,,,8235,1784096160,
1122,2431,fvg_fixed,1784096340,,,4033.22,4033.62,,1784096220,
1134,2432,fvg_fixed,1784096340,,,4033.22,4033.62,,1784096220,
1122,2433,sc_superseded,1784097000,,,,,8236,,
1122,2434,sc_hh,1784097000,,4030.65,,,8236,1784096880,
1134,2435,sc_superseded,1784097000,,,,,8236,,
1134,2436,sc_hh,1784097000,,4030.65,,,8236,1784096880,
1122,2437,fvg_fixed,1784097060,,,4030.04,4030.14,,1784096940,
1134,2438,fvg_fixed,1784097060,,,4030.04,4030.14,,1784096940,
1122,2439,fvg_lapsed,1784097180,,4030.68,,,,,
1134,2440,fvg_lapsed,1784097180,,4030.68,,,,,
1136,2441,touch,1784097300,1784097342117,4034.58,,,,,
1137,2442,touch,1784098200,1784098200005,4032.10,,,,,
1122,2443,sc_hh,1784099100,,4030.66,,,8243,1784098860,
1134,2444,sc_hh,1784099100,,4030.66,,,8243,1784098860,
1136,2445,sc_hh,1784099100,,4030.66,,,8243,1784098860,
1137,2446,sc_hh,1784099100,,4030.66,,,8243,1784098860,
1122,2447,fvg_fixed,1784099160,,,4031.03,4031.33,,1784099040,
1134,2448,fvg_fixed,1784099160,,,4031.03,4031.33,,1784099040,
1136,2449,fvg_fixed,1784099160,,,4031.03,4031.33,,1784099040,
1137,2450,fvg_fixed,1784099160,,,4031.03,4031.33,,1784099040,
1122,2451,fvg_lapsed,1784099280,,4031.79,,,,,
1134,2452,fvg_lapsed,1784099280,,4031.79,,,,,
1136,2453,fvg_lapsed,1784099280,,4031.79,,,,,
1137,2454,fvg_lapsed,1784099280,,4031.79,,,,,
1122,2455,cancelled_opposing_structure,1784099880,,4033.68,,,8244,1784098200,
1134,2456,cancelled_opposing_structure,1784099880,,4033.68,,,8244,1784098200,
1136,2457,cancelled_opposing_structure,1784099880,,4033.68,,,8244,1784098200,
1137,2458,break,1784099880,,4033.68,,,,,
1137,2459,cancelled_opposing_structure,1784099880,,4033.68,,,8244,1784098200,
1138,2460,touch,1784101620,1784101625849,4033.01,,,,,
1138,2461,break,1784102400,,4035.55,,,,,
1138,2462,return,1784102460,1784102477055,4035.00,,,,,
1138,2463,sc_hh,1784102700,,4031.79,,,8257,1784102400,
1138,2464,fvg_fixed,1784102760,,,4030.96,4031.50,,1784102640,
1138,2465,fvg_lapsed,1784102820,,4032.47,,,,,
1138,2466,sc_hh,1784103060,,4029.14,,,8259,1784102820,
1138,2467,fvg_fixed,1784103120,,,4027.74,4029.21,,1784103000,
1138,2468,hl,1784103540,,4028.46,,,8262,,
1138,2469,reaction,1784103660,,,,,,,
1138,2470,entry_attempt,1784103720,1784103720047,4027.21,4027.21,4027.44,,,10009
1138,2471,fill,1784103720,1784103720047,4027.21,4035.54,4010.55,,,
1139,2472,touch,1784104740,1784104796860,4031.88,,,,,
1138,2473,exit,1784104920,1784104933029,4035.62,,,,,sl
1139,2474,break,1784104920,,4034.67,,,,,
1139,2475,return,1784104980,1784105011491,4033.36,,,,,
1140,2476,touch,1784105160,1784105203374,4027.38,,,,,
1139,2477,cancelled_opposing_structure,1784105640,,4030.48,,,8270,1784105340,
1140,2478,sc_hh,1784105640,,4029.93,,,8269,1784105400,
1140,2479,fvg_none,1784105700,,,,,,,
1141,2480,touch,1784106360,1784106392371,4029.89,,,,,
1141,2481,break,1784106960,,4026.97,,,,,
1140,2482,break,1784107200,,4023.98,,,,,
1140,2483,return,1784107380,1784107395289,4024.78,,,,,
1141,2484,return,1784107500,1784107540576,4027.43,,,,,
1142,2485,touch,1784107500,1784107541149,4028.27,,,,,
1141,2486,cancelled_second_break,1784107620,,4027.32,,,,,
1140,2487,cancelled_second_break,1784107800,,4024.37,,,,,
1142,2488,cancelled_opposing_structure,1784108100,,4028.65,,,8277,1784107620,
1143,2489,touch,1784110440,1784110457293,4028.58,,,,,
1143,2490,cancelled_opposing_structure,1784110980,,4026.85,,,8284,1784109720,
1144,2491,touch,1784118300,1784118357004,4028.31,,,,,
1144,2492,cancelled_opposing_structure,1784118900,,4026.59,,,8306,1784118540,
1145,2493,touch,1784122260,1784122279184,4029.67,,,,,
1146,2494,touch,1784124000,1784124031741,4030.07,,,,,
1145,2495,cancelled_opposing_structure,1784124660,,4031.99,,,8325,1784124360,
1146,2496,cancelled_opposing_structure,1784124660,,4031.99,,,8325,1784124360,
1133,2497,touch,1784129580,1784129583887,4053.85,,,,,
1133,2498,break,1784129700,,4056.90,,,,,
1133,2499,return,1784129760,1784129760574,4056.77,,,,,
1133,2500,cancelled_second_break,1784129760,,4061.68,,,,,
1147,2501,touch,1784132400,1784132400020,4065.78,,,,,
1147,2502,sc_hh,1784132700,,4061.18,,,8349,1784132340,
1147,2503,fvg_fixed,1784132760,,,4059.04,4061.36,,1784132640,
1147,2504,hl,1784133300,,4061.36,,,8352,,
1147,2505,reaction,1784133420,,,,,,,
1147,2506,entry_attempt,1784133480,1784133480034,4058.91,4058.91,4059.14,,,10009
1147,2507,fill,1784133480,1784133480034,4058.91,4073.14,4030.45,,,
1148,2508,touch,1784136840,1784136846254,4062.37,,,,,
1149,2509,touch,1784137200,1784137200006,4062.05,,,,,
1148,2510,sc_hh,1784137500,,4055.51,,,8363,1784136900,
1149,2511,break,1784137500,,4054.67,,,,,
1148,2512,fvg_fixed,1784137560,,,4055.47,4056.95,,1784137440,
1149,2513,return,1784137620,1784137673413,4055.73,,,,,
1149,2514,cancelled_second_break,1784137620,,4055.16,,,,,
1148,2515,fvg_lapsed,1784137740,,4059.91,,,,,
1150,2516,touch,1784137800,1784137800042,4059.91,,,,,
1148,2517,cancelled_opposing_structure,1784138400,,4061.67,,,8368,1784137740,
1150,2518,cancelled_opposing_structure,1784138400,,4061.67,,,8368,1784137740,
1147,2519,exit,1784144100,1784144112598,4030.33,,,,,tp
1153,2520,touch,1784144760,1784144808329,4033.42,,,,,
1154,2521,touch,1784145360,1784145366986,4031.63,,,,,
1153,2522,break,1784145720,,4038.31,,,,,
1153,2523,cancelled_opposing_structure,1784145720,,4038.31,,,8392,1784145000,
1154,2524,sc_hh,1784145720,,4038.01,,,8391,1784145420,
1154,2525,fvg_fixed,1784145780,,,4033.92,4035.73,,1784145540,
1154,2526,hl,1784146380,,4036.21,,,8394,,
1155,2527,touch,1784146500,1784146528278,4034.16,,,,,
1154,2528,fvg_lapsed,1784146500,,4033.47,,,,,
1154,2529,sc_hh,1784147220,,4039.12,,,8393,1784146500,
1155,2530,sc_hh,1784147220,,4039.12,,,8393,1784146500,
1154,2531,fvg_fixed,1784147280,,,4036.63,4037.22,,1784146860,
1155,2532,fvg_fixed,1784147280,,,4036.63,4037.22,,1784146860,
1152,2533,touch,1784147340,1784147379069,4046.92,,,,,
1152,2534,break,1784147400,,4050.89,,,,,
1152,2535,return,1784147460,1784147460389,4050.51,,,,,
1151,2536,touch,1784147580,1784147635491,4055.74,,,,,
1152,2537,cancelled_second_break,1784147580,,4055.04,,,,,
1154,2538,hl,1784148120,,4056.41,,,8397,,
1155,2539,hl,1784148120,,4056.41,,,8397,,
1154,2540,sc_superseded,1784148180,,,,,8396,,
1154,2541,sc_hh,1784148180,,4060.06,,,8396,1784147940,
1155,2542,sc_superseded,1784148180,,,,,8396,,
1155,2543,sc_hh,1784148180,,4060.06,,,8396,1784147940,
1151,2544,break,1784148180,,4061.92,,,,,
1151,2545,cancelled_opposing_structure,1784148180,,4061.92,,,8397,1784147940,
1154,2546,fvg_fixed,1784148240,,,4059.74,4061.83,,1784148120,
1155,2547,fvg_fixed,1784148240,,,4059.74,4061.83,,1784148120,
1154,2548,hl,1784148840,,4061.82,,,8399,,
1155,2549,hl,1784148840,,4061.82,,,8399,,
1154,2550,reaction,1784149020,,,,,,,
1155,2551,reaction,1784149020,,,,,,,
1154,2552,lost_competition,1784149020,,,,,1155,,
1155,2553,entry_attempt,1784149080,1784149080047,4063.63,4063.39,4063.63,,,10009
1155,2554,fill,1784149080,1784149080047,4063.63,4029.25,4132.39,,,
1154,2555,reaction,1784149200,,,,,,,
1154,2556,entry_attempt,1784149260,1784149260119,4064.25,4064.01,4064.25,,,10009
1154,2557,fill,1784149260,1784149260119,4064.25,4026.70,4139.35,,,
1158,2558,touch,1784150760,1784150814414,4070.24,,,,,
1158,2559,sc_hh,1784150820,,4070.24,,,8401,1784149920,
1158,2560,fvg_fixed,1784150880,,,4068.70,4068.88,,1784150280,
1158,2561,hl,1784151480,,4071.24,,,8405,,
1158,2562,fvg_lapsed,1784151840,,4067.68,,,,,
1158,2563,break,1784151960,,4065.19,,,,,
1158,2564,return,1784152020,1784152020544,4066.07,,,,,
1158,2565,cancelled_second_break,1784152020,,4065.73,,,,,
1157,2566,touch,1784152200,1784152208835,4063.81,,,,,
1157,2567,break,1784152680,,4058.59,,,,,
1157,2568,cancelled_opposing_structure,1784152740,,4059.10,,,8407,1784152260,
1161,2569,touch,1784156280,1784156318186,4054.62,,,,,
1161,2570,break,1784156580,,4058.12,,,,,
1161,2571,return,1784156640,1784156643131,4057.88,,,,,
1161,2572,cancelled_second_break,1784156640,,4058.05,,,,,
1160,2573,touch,1784157360,1784157412544,4059.33,,,,,
1160,2574,break,1784158740,,4062.94,,,,,
1160,2575,cancelled_opposing_structure,1784158740,,4062.94,,,8425,1784157960,
1164,2576,touch,1784167380,1784167427379,4061.44,,,,,
1164,2577,sc_hh,1784168160,,4059.09,,,8443,1784167800,
1164,2578,fvg_none,1784168220,,,,,,,
1162,2579,touch,1784168340,1784168347662,4058.08,,,,,
1164,2580,sc_hh,1784168640,,4057.90,,,8444,1784168340,
1164,2581,fvg_fixed,1784168700,,,4057.62,4058.34,,1784168580,
1164,2582,fvg_lapsed,1784168760,,4058.48,,,,,
1162,2583,cancelled_opposing_structure,1784169600,,4056.45,,,8446,1784168700,
1164,2584,sc_hh,1784169660,,4056.07,,,8447,1784169420,
1164,2585,fvg_fixed,1784169720,,,4057.29,4057.52,,1784169420,
1164,2586,fvg_lapsed,1784169780,,4058.13,,,,,
1164,2587,sc_hh,1784171220,,4056.33,,,8456,1784170980,
1164,2588,fvg_fixed,1784171280,,,4055.77,4056.25,,1784171160,
1164,2589,fvg_lapsed,1784171640,,4056.33,,,,,
1164,2590,cancelled_opposing_structure,1784172240,,4058.51,,,8460,1784171700,
1156,2591,touch,1784175840,1784175852559,4036.68,,,,,
1156,2592,sc_hh,1784176500,,4041.55,,,8474,1784176260,
1156,2593,fvg_fixed,1784176560,,,4041.49,4042.05,,1784176440,
1156,2594,sc_superseded,1784176740,,,,,8475,,
1156,2595,sc_hh,1784176740,,4043.49,,,8475,1784176620,
1156,2596,fvg_fixed,1784176800,,,4043.03,4043.80,,1784176680,
1156,2597,fvg_lapsed,1784176980,,4041.32,,,,,
1166,2598,touch,1784177520,1784177575581,4038.81,,,,,
1156,2599,cancelled_opposing_structure,1784177520,,4039.20,,,8478,1784177160,
1166,2600,cancelled_opposing_structure,1784178180,,4036.76,,,8480,1784177580,
1155,2601,exit,1784178960,1784178975116,4029.24,,,,,sl
1154,2602,exit,1784180340,1784180349233,4026.68,,,,,sl
1168,2603,touch,1784181480,1784181483939,4032.16,,,,,
1168,2604,cancelled_opposing_structure,1784182140,,4032.65,,,8491,1784181480,
1169,2605,touch,1784182260,1784182297600,4029.71,,,,,
1169,2606,sc_hh,1784183220,,4033.07,,,8494,1784182860,
1169,2607,fvg_fixed,1784183280,,,4032.61,4033.13,,1784183160,
1169,2608,sc_superseded,1784184120,,,,,8498,,
1169,2609,sc_hh,1784184120,,4034.93,,,8498,1784183760,
1169,2610,fvg_fixed,1784184180,,,4034.65,4035.12,,1784184060,
1169,2611,fvg_lapsed,1784184300,,4034.47,,,,,
1169,2612,sc_hh,1784184600,,4036.28,,,8500,1784184300,
1169,2613,fvg_fixed,1784184660,,,4035.00,4035.01,,1784184540,
1169,2614,fvg_lapsed,1784184720,,4034.94,,,,,
1171,2615,touch,1784185860,1784185881747,4035.36,,,,,
1169,2616,sc_hh,1784186040,,4036.87,,,8504,1784185800,
1171,2617,break,1784186040,,4036.88,,,,,
1171,2618,return,1784186100,1784186100448,4036.87,,,,,
1169,2619,fvg_fixed,1784186100,,,4034.33,4034.61,,1784185800,
1169,2620,fvg_lapsed,1784186220,,4033.70,,,,,
1169,2621,cancelled_opposing_structure,1784186880,,4032.44,,,8508,1784186340,
1171,2622,sc_hh,1784186880,,4032.78,,,8507,1784186460,
1171,2623,fvg_fixed,1784186940,,,4033.82,4034.36,,1784186580,
1171,2624,fvg_lapsed,1784187060,,4035.33,,,,,
1171,2625,cancelled_opposing_structure,1784188140,,4034.45,,,8513,1784187660,
1170,2626,touch,1784189100,1784189146204,4030.74,,,,,
1170,2627,break,1784190060,,4027.72,,,,,
1170,2628,return,1784190120,1784190125764,4027.78,,,,,
1170,2629,cancelled_second_break,1784190240,,4027.21,,,,,
1172,2630,touch,1784192700,1784192717329,4034.17,,,,,
1172,2631,break,1784192700,,4035.61,,,,,
1172,2632,return,1784192760,1784192763757,4035.00,,,,,
1172,2633,cancelled_second_break,1784192820,,4035.87,,,,,
1173,2634,touch,1784193360,1784193387720,4030.62,,,,,
1173,2635,cancelled_opposing_structure,1784194440,,4026.84,,,8534,1784193780,
1174,2636,touch,1784195220,1784195266919,4027.94,,,,,
1175,2637,touch,1784196780,1784196803854,4026.84,,,,,
1174,2638,sc_hh,1784196780,,4027.34,,,8539,1784196480,
1174,2639,fvg_fixed,1784196840,,,4027.76,4028.04,,1784196720,
1174,2640,hl,1784197380,,4026.91,,,8543,,
1174,2641,sc_superseded,1784197800,,,,,8542,,
1174,2642,sc_hh,1784197800,,4023.70,,,8542,1784197200,
1175,2643,cancelled_opposing_structure,1784197800,,4023.66,,,8543,1784197140,
1174,2644,fvg_none,1784197860,,,,,,,
1177,2645,touch,1784198460,1784198486893,4028.09,,,,,
1176,2646,touch,1784198880,1784198883402,4030.14,,,,,
1177,2647,break,1784198880,,4030.86,,,,,
1174,2648,cancelled_opposing_structure,1784198940,,4030.66,,,8547,1784198460,
1177,2649,cancelled_opposing_structure,1784198940,,4030.66,,,8547,1784198460,
1176,2650,break,1784199720,,4033.94,,,,,
1176,2651,cancelled_opposing_structure,1784199720,,4033.94,,,8549,1784198880,
1178,2652,touch,1784200560,1784200572439,4025.31,,,,,
1179,2653,touch,1784200620,1784200626721,4028.08,,,,,
1178,2654,sc_hh,1784200740,,4029.15,,,8552,1784200560,
1178,2655,fvg_fixed,1784200800,,,4028.94,4029.04,,1784200680,
1179,2656,break,1784200860,,4031.49,,,,,
1179,2657,return,1784200920,1784200928731,4031.16,,,,,
1179,2658,cancelled_second_break,1784200920,,4031.91,,,,,
1178,2659,sc_superseded,1784201460,,,,,8554,,
1178,2660,sc_hh,1784201460,,4033.66,,,8554,1784201340,
1178,2661,fvg_fixed,1784201520,,,4032.38,4032.84,,1784201340,
1178,2662,fvg_lapsed,1784201640,,4032.32,,,,,
1178,2663,sc_hh,1784202420,,4035.65,,,8558,1784202120,
1178,2664,fvg_fixed,1784202480,,,4034.63,4035.07,,1784202300,
1178,2665,fvg_lapsed,1784202600,,4034.36,,,,,
1178,2666,sc_hh,1784203200,,4036.56,,,8560,1784202900,
1178,2667,fvg_fixed,1784203260,,,4035.74,4035.77,,1784203140,
1178,2668,fvg_lapsed,1784203440,,4035.49,,,,,
1178,2669,sc_hh,1784204040,,4036.84,,,8565,1784203800,
1178,2670,fvg_none,1784204100,,,,,,,
1178,2671,sc_hh,1784205300,,4034.12,,,8568,1784205120,
1178,2672,fvg_fixed,1784205360,,,4032.65,4033.36,,1784205240,
1178,2673,sc_superseded,1784205780,,,,,8570,,
1178,2674,sc_hh,1784205780,,4034.69,,,8570,1784205300,
1178,2675,fvg_none,1784205840,,,,,,,
1181,2676,touch,1784206440,1784206490758,4036.11,,,,,
1178,2677,sc_hh,1784206440,,4035.06,,,8572,1784205960,
1178,2678,fvg_fixed,1784206500,,,4033.31,4034.35,,1784206260,
1178,2679,fvg_lapsed,1784206560,,4033.24,,,,,
1181,2680,sc_hh,1784206860,,4031.59,,,8573,1784206440,
1181,2681,fvg_fixed,1784206920,,,4031.65,4031.71,,1784206740,
1181,2682,fvg_lapsed,1784207160,,4032.04,,,,,
1178,2683,sc_hh,1784207880,,4032.69,,,8576,1784207460,
1178,2684,fvg_fixed,1784207940,,,4031.79,4032.16,,1784207640,
1178,2685,hl,1784208840,,4031.61,,,8581,,
1178,2686,reaction,1784209200,,,,,,,
1178,2687,entry_attempt,1784209260,1784209260061,4032.70,4032.47,4032.70,,,10009
1178,2688,fill,1784209260,1784209260061,4032.70,4022.81,4052.48,,,
1181,2689,sc_hh,1784209620,,4031.55,,,8583,1784209380,
1181,2690,fvg_fixed,1784209680,,,4032.09,4032.76,,1784209440,
1181,2691,sc_superseded,1784210160,,,,,8585,,
1181,2692,sc_hh,1784210160,,4030.68,,,8585,1784209680,
1181,2693,fvg_none,1784210220,,,,,,,
1181,2694,sc_hh,1784210280,,4030.29,,,8586,1784210160,
1180,2695,touch,1784210340,1784210342997,4029.15,,,,,
1181,2696,fvg_fixed,1784210340,,,4029.96,4030.39,,1784210220,
1181,2697,hl,1784210760,,4030.15,,,8589,,
1181,2698,sc_superseded,1784211180,,,,,8590,,
1181,2699,sc_hh,1784211180,,4027.74,,,8590,1784211120,
1180,2700,cancelled_opposing_structure,1784211180,,4026.69,,,8589,1784210460,
1181,2701,fvg_fixed,1784211240,,,4028.13,4028.91,,1784211120,
1181,2702,hl,1784211780,,4027.40,,,8593,,
1181,2703,sc_superseded,1784211840,,,,,8592,,
1181,2704,sc_hh,1784211840,,4025.14,,,8592,1784211600,
1178,2705,exit,1784211900,1784211943597,4022.62,,,,,sl
1181,2706,fvg_none,1784211900,,,,,,,
1182,2707,touch,1784212500,1784212555385,4030.32,,,,,
1182,2708,break,1784212920,,4032.44,,,,,
1182,2709,return,1784212980,1784212981540,4032.02,,,,,
1181,2710,cancelled_opposing_structure,1784212980,,4035.49,,,8597,1784212680,
1182,2711,cancelled_second_break,1784212980,,4035.49,,,,,
1167,2712,touch,1784213160,1784213200712,4038.40,,,,,
1167,2713,break,1784213280,,4042.26,,,,,
1167,2714,return,1784213340,1784213359584,4040.99,,,,,
1167,2715,cancelled_second_break,1784214180,,4041.10,,,,,
1183,2716,touch,1784214900,1784214916107,4027.32,,,,,
1183,2717,break,1784214960,,4018.73,,,,,
1183,2718,return,1784215020,1784215049274,4021.22,,,,,
1183,2719,cancelled_second_break,1784215440,,4021.02,,,,,
1104,2720,touch,1784217000,1784217005990,3998.65,,,,,
1104,2721,cancelled_opposing_structure,1784217420,,3993.49,,,8611,1784217000,
1186,2722,touch,1784218800,1784218800047,3995.21,,,,,
1186,2723,sc_hh,1784219040,,3995.72,,,8614,1784218860,
1186,2724,fvg_fixed,1784219100,,,3994.87,3998.22,,1784218980,
1186,2725,fvg_lapsed,1784219640,,3993.26,,,,,
1188,2726,touch,1784220900,1784220902271,3993.78,,,,,
1186,2727,sc_hh,1784221260,,3997.04,,,8619,1784221020,
1188,2728,sc_hh,1784221260,,3997.04,,,8619,1784221020,
1186,2729,fvg_fixed,1784221320,,,3991.05,3994.59,,1784221140,
1188,2730,fvg_fixed,1784221320,,,3991.05,3994.59,,1784221140,
1186,2731,fvg_lapsed,1784221920,,3988.46,,,,,
1188,2732,fvg_lapsed,1784221920,,3988.46,,,,,
1186,2733,sc_hh,1784222760,,3997.29,,,8623,1784222580,
1188,2734,sc_hh,1784222760,,3997.29,,,8623,1784222580,
1187,2735,touch,1784222820,1784222830737,3998.29,,,,,
1186,2736,fvg_fixed,1784222820,,,3996.74,3997.01,,1784222700,
1188,2737,fvg_fixed,1784222820,,,3996.74,3997.01,,1784222700,
1186,2738,fvg_lapsed,1784223000,,3996.57,,,,,
1188,2739,fvg_lapsed,1784223000,,3996.57,,,,,
1186,2740,sc_hh,1784223180,,4000.60,,,8625,1784223000,
1188,2741,sc_hh,1784223180,,4000.60,,,8625,1784223000,
1186,2742,fvg_fixed,1784223240,,,3998.78,4001.76,,1784223120,
1188,2743,fvg_fixed,1784223240,,,3998.78,4001.76,,1784223120,
1187,2744,cancelled_opposing_structure,1784223240,,4002.71,,,8626,1784222940,
1186,2745,hl,1784223720,,3998.96,,,8628,,
1188,2746,hl,1784223720,,3998.96,,,8628,,
1186,2747,sc_superseded,1784223840,,,,,8627,,
1186,2748,sc_hh,1784223840,,4004.73,,,8627,1784223540,
1188,2749,sc_superseded,1784223840,,,,,8627,,
1188,2750,sc_hh,1784223840,,4004.73,,,8627,1784223540,
1186,2751,fvg_none,1784223900,,,,,,,
1188,2752,fvg_none,1784223900,,,,,,,
1186,2753,cancelled_opposing_structure,1784225160,,3991.63,,,8631,1784224500,
1188,2754,cancelled_opposing_structure,1784225160,,3991.63,,,8631,1784224500,
1185,2755,touch,1784226300,1784226355930,4016.85,,,,,
1185,2756,sc_hh,1784227560,,4009.51,,,8638,1784227320,
1185,2757,fvg_fixed,1784227620,,,4010.48,4011.56,,1784227380,
1185,2758,fvg_lapsed,1784227920,,4011.79,,,,,
1185,2759,sc_hh,1784228160,,4008.28,,,8640,1784227920,
1185,2760,fvg_fixed,1784228220,,,4006.85,4007.84,,1784228100,
1189,2761,touch,1784229060,1784229089558,3995.28,,,,,
1189,2762,break,1784229480,,3987.46,,,,,
1185,2763,hl,1784229960,,3989.27,,,8644,,
1189,2764,return,1784230260,1784230300869,3989.42,,,,,
1189,2765,cancelled_second_break,1784230260,,3989.15,,,,,
1185,2766,cancelled_opposing_structure,1784230320,,3989.31,,,8645,1784229780,
1191,2767,touch,1784230800,1784230854446,3989.14,,,,,
1191,2768,sc_hh,1784230800,,3989.27,,,8644,1784230140,
1191,2769,fvg_fixed,1784230860,,,3987.51,3988.17,,1784230140,
1191,2770,hl,1784231100,,3988.27,,,8648,,
1191,2771,sc_superseded,1784231400,,,,,8649,,
1191,2772,sc_hh,1784231400,,3992.55,,,8649,1784231160,
1191,2773,fvg_fixed,1784231460,,,3992.66,3994.05,,1784231340,
1191,2774,hl,1784231820,,3993.14,,,8652,,
1191,2775,fvg_lapsed,1784231940,,3991.99,,,,,
1191,2776,cancelled_opposing_structure,1784233560,,3984.28,,,8656,1784232840,
1193,2777,touch,1784234760,1784234786642,3982.81,,,,,
1193,2778,cancelled_opposing_structure,1784236200,,3988.12,,,8663,1784235240,
1194,2779,touch,1784237460,1784237476761,3983.04,,,,,
1194,2780,break,1784237640,,3979.24,,,,,
1194,2781,return,1784238060,1784238068508,3980.12,,,,,
1195,2782,touch,1784238300,1784238312032,3984.56,,,,,
1195,2783,sc_hh,1784238720,,3982.04,,,8673,1784238660,
1195,2784,fvg_fixed,1784238780,,,3981.49,3983.07,,1784238660,
1194,2785,cancelled_opposing_structure,1784238900,,3981.95,,,8674,1784238480,
1195,2786,sc_superseded,1784239020,,,,,8675,,
1195,2787,sc_hh,1784239020,,3980.36,,,8675,1784238960,
1195,2788,fvg_fixed,1784239080,,,3980.60,3980.98,,1784238960,
1196,2789,touch,1784239200,1784239214242,3979.34,,,,,
1195,2790,fvg_lapsed,1784239200,,3982.01,,,,,
1196,2791,sc_hh,1784239320,,3982.66,,,8676,1784239200,
1196,2792,fvg_fixed,1784239380,,,3982.68,3984.36,,1784239260,
1196,2793,fvg_lapsed,1784239680,,3982.49,,,,,
1195,2794,sc_hh,1784240760,,3979.02,,,8679,1784240460,
1196,2795,cancelled_opposing_structure,1784240760,,3978.99,,,8681,1784239980,
1195,2796,fvg_fixed,1784240820,,,3979.43,3980.58,,1784240700,
1195,2797,hl,1784241900,,3977.46,,,8683,,
1197,2798,touch,1784242380,1784242402031,3980.19,,,,,
1195,2799,cancelled_opposing_structure,1784242380,,3982.20,,,8685,1784241720,
1197,2800,sc_hh,1784243160,,3976.38,,,8687,1784242740,
1197,2801,fvg_fixed,1784243220,,,3976.87,3977.44,,1784243040,
1197,2802,sc_superseded,1784243700,,,,,8690,,
1197,2803,sc_hh,1784243700,,3974.50,,,8690,1784243520,
1197,2804,fvg_fixed,1784243760,,,3974.47,3974.84,,1784243640,
1197,2805,fvg_lapsed,1784244360,,3975.07,,,,,
1197,2806,cancelled_opposing_structure,1784244960,,3975.47,,,8694,1784244420,
1198,2807,touch,1784252700,1784252731190,3973.21,,,,,
1198,2808,sc_hh,1784253480,,3976.92,,,8707,1784252700,
1198,2809,fvg_fixed,1784253540,,,3976.28,3977.12,,1784253420,
1199,2810,touch,1784253600,1784253635917,3976.26,,,,,
1199,2811,sc_hh,1784253600,,3976.92,,,8707,1784252700,
1199,2812,fvg_fixed,1784253660,,,3976.28,3977.12,,1784253420,
1198,2813,sc_superseded,1784254380,,,,,8711,,
1198,2814,sc_hh,1784254380,,3979.30,,,8711,1784254320,
1199,2815,sc_superseded,1784254380,,,,,8711,,
1199,2816,sc_hh,1784254380,,3979.30,,,8711,1784254320,
1198,2817,fvg_fixed,1784254440,,,3979.17,3979.71,,1784254320,
1199,2818,fvg_fixed,1784254440,,,3979.17,3979.71,,1784254320,
1198,2819,fvg_lapsed,1784254620,,3979.11,,,,,
1199,2820,fvg_lapsed,1784254620,,3979.11,,,,,
1198,2821,sc_hh,1784256000,,3980.57,,,8715,1784255580,
1199,2822,sc_hh,1784256000,,3980.57,,,8715,1784255580,
1198,2823,fvg_fixed,1784256060,,,3979.58,3979.95,,1784255760,
1199,2824,fvg_fixed,1784256060,,,3979.58,3979.95,,1784255760,
1200,2825,touch,1784256300,1784256339280,3978.72,,,,,
1198,2826,fvg_lapsed,1784256300,,3977.90,,,,,
1199,2827,fvg_lapsed,1784256300,,3977.90,,,,,
1198,2828,sc_hh,1784257020,,3981.86,,,8717,1784256480,
1199,2829,sc_hh,1784257020,,3981.86,,,8717,1784256480,
1200,2830,sc_hh,1784257020,,3981.86,,,8717,1784256480,
1198,2831,fvg_fixed,1784257080,,,3981.82,3983.25,,1784256960,
1199,2832,fvg_fixed,1784257080,,,3981.82,3983.25,,1784256960,
1200,2833,fvg_fixed,1784257080,,,3981.82,3983.25,,1784256960,
1198,2834,sc_superseded,1784257680,,,,,8720,,
1198,2835,sc_hh,1784257680,,3986.92,,,8720,1784257200,
1199,2836,sc_superseded,1784257680,,,,,8720,,
1199,2837,sc_hh,1784257680,,3986.92,,,8720,1784257200,
1200,2838,sc_superseded,1784257680,,,,,8720,,
1200,2839,sc_hh,1784257680,,3986.92,,,8720,1784257200,
1198,2840,fvg_none,1784257740,,,,,,,
1199,2841,fvg_none,1784257740,,,,,,,
1200,2842,fvg_none,1784257740,,,,,,,
1198,2843,sc_hh,1784258220,,3987.34,,,8723,1784258040,
1199,2844,sc_hh,1784258220,,3987.34,,,8723,1784258040,
1200,2845,sc_hh,1784258220,,3987.34,,,8723,1784258040,
1198,2846,fvg_fixed,1784258280,,,3986.20,3987.66,,1784258160,
1199,2847,fvg_fixed,1784258280,,,3986.20,3987.66,,1784258160,
1200,2848,fvg_fixed,1784258280,,,3986.20,3987.66,,1784258160,
1198,2849,fvg_lapsed,1784258700,,3985.49,,,,,
1199,2850,fvg_lapsed,1784258700,,3985.49,,,,,
1200,2851,fvg_lapsed,1784258700,,3985.49,,,,,
1201,2852,touch,1784259060,1784259092345,3981.28,,,,,
1202,2853,touch,1784259360,1784259409290,3983.57,,,,,
1198,2854,sc_hh,1784259960,,3984.59,,,8728,1784259840,
1199,2855,sc_hh,1784259960,,3984.59,,,8728,1784259840,
1200,2856,sc_hh,1784259960,,3984.59,,,8728,1784259840,
1201,2857,sc_hh,1784259960,,3984.59,,,8728,1784259840,
1198,2858,fvg_fixed,1784260020,,,3984.17,3985.98,,1784259900,
1199,2859,fvg_fixed,1784260020,,,3984.17,3985.98,,1784259900,
1200,2860,fvg_fixed,1784260020,,,3984.17,3985.98,,1784259900,
1201,2861,fvg_fixed,1784260020,,,3984.17,3985.98,,1784259900,
1198,2862,sc_superseded,1784260260,,,,,8730,,
1198,2863,sc_hh,1784260260,,3987.42,,,8730,1784259960,
1199,2864,sc_superseded,1784260260,,,,,8730,,
1199,2865,sc_hh,1784260260,,3987.42,,,8730,1784259960,
1200,2866,sc_superseded,1784260260,,,,,8730,,
1200,2867,sc_hh,1784260260,,3987.42,,,8730,1784259960,
1201,2868,sc_superseded,1784260260,,,,,8730,,
1201,2869,sc_hh,1784260260,,3987.42,,,8730,1784259960,
1198,2870,fvg_none,1784260320,,,,,,,
1199,2871,fvg_none,1784260320,,,,,,,
1200,2872,fvg_none,1784260320,,,,,,,
1201,2873,fvg_none,1784260320,,,,,,,
1192,2874,touch,1784260740,1784260778691,3991.29,,,,,
1202,2875,break,1784260740,,3991.89,,,,,
1202,2876,cancelled_opposing_structure,1784260740,,3991.89,,,8731,1784259960,
1192,2877,cancelled_opposing_structure,1784261760,,3993.26,,,8733,1784260800,
1198,2878,sc_hh,1784261820,,3995.04,,,8734,1784261460,
1199,2879,sc_hh,1784261820,,3995.04,,,8734,1784261460,
1200,2880,sc_hh,1784261820,,3995.04,,,8734,1784261460,
1201,2881,sc_hh,1784261820,,3995.04,,,8734,1784261460,
1198,2882,fvg_fixed,1784261880,,,3990.48,3991.12,,1784261460,
1199,2883,fvg_fixed,1784261880,,,3990.48,3991.12,,1784261460,
1200,2884,fvg_fixed,1784261880,,,3990.48,3991.12,,1784261460,
1201,2885,fvg_fixed,1784261880,,,3990.48,3991.12,,1784261460,
1198,2886,fvg_lapsed,1784262180,,3990.16,,,,,
1199,2887,fvg_lapsed,1784262180,,3990.16,,,,,
1200,2888,fvg_lapsed,1784262180,,3990.16,,,,,
1201,2889,fvg_lapsed,1784262180,,3990.16,,,,,
1198,2890,sc_hh,1784262840,,3992.00,,,8738,1784262780,
1199,2891,sc_hh,1784262840,,3992.00,,,8738,1784262780,
1200,2892,sc_hh,1784262840,,3992.00,,,8738,1784262780,
1201,2893,sc_hh,1784262840,,3992.00,,,8738,1784262780,
1198,2894,fvg_fixed,1784262900,,,3991.26,3992.05,,1784262780,
1199,2895,fvg_fixed,1784262900,,,3991.26,3992.05,,1784262780,
1200,2896,fvg_fixed,1784262900,,,3991.26,3992.05,,1784262780,
1201,2897,fvg_fixed,1784262900,,,3991.26,3992.05,,1784262780,
1198,2898,fvg_lapsed,1784263260,,3990.71,,,,,
1199,2899,fvg_lapsed,1784263260,,3990.71,,,,,
1200,2900,fvg_lapsed,1784263260,,3990.71,,,,,
1201,2901,fvg_lapsed,1784263260,,3990.71,,,,,
1198,2902,cancelled_opposing_structure,1784263620,,3986.51,,,8742,1784263260,
1199,2903,cancelled_opposing_structure,1784263620,,3986.51,,,8742,1784263260,
1200,2904,cancelled_opposing_structure,1784263620,,3986.51,,,8742,1784263260,
1201,2905,cancelled_opposing_structure,1784263620,,3986.51,,,8742,1784263260,
1203,2906,touch,1784263740,1784263766047,3984.59,,,,,
1203,2907,break,1784263860,,3980.40,,,,,
1203,2908,return,1784263920,1784263937693,3981.07,,,,,
1203,2909,cancelled_second_break,1784263980,,3981.01,,,,,
1204,2910,touch,1784268120,1784268122286,3981.20,,,,,
1204,2911,break,1784268120,,3985.20,,,,,
1204,2912,cancelled_opposing_structure,1784269020,,3993.15,,,8757,1784268420,
1190,2913,touch,1784269200,1784269229322,4008.51,,,,,
1190,2914,sc_hh,1784270880,,3995.94,,,8759,1784270280,
1190,2915,fvg_fixed,1784270940,,,3995.27,3996.86,,1784270820,
1205,2916,touch,1784271420,1784271423493,3990.64,,,,,
1190,2917,hl,1784272020,,3990.71,,,8763,,
1190,2918,sc_superseded,1784272140,,,,,8762,,
1190,2919,sc_hh,1784272140,,3988.63,,,8762,1784271840,
1205,2920,cancelled_opposing_structure,1784272140,,3987.73,,,8763,1784271780,
1190,2921,fvg_none,1784272200,,,,,,,
1190,2922,sc_hh,1784272980,,3986.60,,,8767,1784272800,
1190,2923,fvg_fixed,1784273040,,,3987.33,3987.37,,1784272920,
1190,2924,sc_superseded,1784273640,,,,,8769,,
1190,2925,sc_hh,1784273640,,3985.17,,,8769,1784273460,
1190,2926,fvg_none,1784273700,,,,,,,
1190,2927,sc_hh,1784273880,,3983.83,,,8772,1784273760,
1190,2928,fvg_fixed,1784273940,,,3983.76,3983.88,,1784273820,
1190,2929,fvg_lapsed,1784274480,,3984.25,,,,,
1190,2930,sc_hh,1784275500,,3980.24,,,8775,1784275260,
1190,2931,fvg_fixed,1784275560,,,3980.00,3981.37,,1784275440,
1190,2932,sc_superseded,1784276160,,,,,8778,,
1190,2933,sc_hh,1784276160,,3977.13,,,8778,1784276040,
1190,2934,fvg_none,1784276220,,,,,,,
1190,2935,cancelled_opposing_structure,1784277660,,3989.14,,,8784,1784277120,
1207,2936,touch,1784279460,1784279479912,3997.06,,,,,
1207,2937,break,1784279880,,4001.31,,,,,
1206,2938,touch,1784280000,1784280007718,4002.60,,,,,
1207,2939,cancelled_opposing_structure,1784280060,,4004.16,,,8792,1784279580,
1206,2940,cancelled_opposing_structure,1784280780,,4007.04,,,8794,1784280180,
1208,2941,touch,1784285880,1784285880026,3992.95,,,,,
1208,2942,sc_hh,1784286240,,3998.66,,,8811,1784286000,
1208,2943,fvg_fixed,1784286300,,,3997.01,3997.22,,1784286180,
1208,2944,fvg_lapsed,1784286420,,3996.84,,,,,
1210,2945,touch,1784286600,1784286641310,3995.72,,,,,
1210,2946,break,1784286660,,3992.32,,,,,
1210,2947,return,1784286720,1784286762770,3992.72,,,,,
1210,2948,cancelled_second_break,1784286780,,3992.23,,,,,
1211,2949,touch,1784287260,1784287263687,3992.45,,,,,
1211,2950,sc_hh,1784287260,,3992.30,,,8812,1784286240,
1211,2951,fvg_fixed,1784287320,,,3992.97,3993.17,,1784286900,
1208,2952,sc_hh,1784287500,,3992.96,,,8816,1784287440,
1211,2953,fvg_lapsed,1784287500,,3994.66,,,,,
1208,2954,fvg_fixed,1784287560,,,3992.47,3993.14,,1784287440,
1208,2955,fvg_lapsed,1784287680,,3992.30,,,,,
1208,2956,sc_hh,1784288640,,3992.05,,,8821,1784288340,
1208,2957,fvg_fixed,1784288700,,,3990.68,3991.62,,1784288520,
1208,2958,hl,1784289900,,3992.76,,,8825,,
1208,2959,sc_superseded,1784290440,,,,,8826,,
1208,2960,sc_hh,1784290440,,3997.75,,,8826,1784290200,
1211,2961,cancelled_opposing_structure,1784290440,,3997.87,,,8827,1784290020,
1208,2962,fvg_fixed,1784290500,,,3996.60,3996.64,,1784290320,
1208,2963,fvg_lapsed,1784290680,,3996.04,,,,,
1208,2964,sc_hh,1784290920,,3998.48,,,8828,1784290800,
1208,2965,fvg_fixed,1784290980,,,3998.28,3999.03,,1784290860,
1208,2966,fvg_lapsed,1784291460,,3998.22,,,,,
1213,2967,touch,1784292000,1784292000199,3997.51,,,,,
1208,2968,cancelled_opposing_structure,1784292360,,3995.02,,,8832,1784291640,
1213,2969,sc_hh,1784292360,,3995.22,,,8831,1784292120,
1213,2970,fvg_fixed,1784292420,,,3995.35,3995.72,,1784292300,
1213,2971,fvg_lapsed,1784292720,,3997.70,,,,,
1213,2972,sc_hh,1784293260,,3996.14,,,8836,1784293200,
1213,2973,fvg_fixed,1784293320,,,3996.13,3996.87,,1784293200,
1213,2974,fvg_lapsed,1784293980,,3997.76,,,,,
1213,2975,sc_hh,1784294340,,3994.85,,,8838,1784294040,
1213,2976,fvg_none,1784294400,,,,,,,
1213,2977,sc_hh,1784296200,,3993.96,,,8845,1784296080,
1212,2978,touch,1784296260,1784296278796,3992.01,,,,,
1213,2979,fvg_fixed,1784296260,,,3993.46,3995.51,,1784296140,
1213,2980,sc_superseded,1784296680,,,,,8847,,
1213,2981,sc_hh,1784296680,,3991.19,,,8847,1784296500,
1213,2982,fvg_fixed,1784296740,,,3991.84,3992.38,,1784296560,
1212,2983,cancelled_opposing_structure,1784296740,,3990.84,,,8848,1784296320,
1213,2984,fvg_lapsed,1784296800,,3992.87,,,,,
1214,2985,touch,1784296860,1784296883073,3993.97,,,,,
1213,2986,sc_hh,1784298780,,3992.43,,,8855,1784298600,
1214,2987,sc_hh,1784298780,,3992.43,,,8855,1784298600,
1213,2988,fvg_fixed,1784298840,,,3992.86,3993.43,,1784298660,
1214,2989,fvg_fixed,1784298840,,,3992.86,3993.43,,1784298660,
1213,2990,fvg_lapsed,1784299260,,3994.25,,,,,
1214,2991,fvg_lapsed,1784299260,,3994.25,,,,,
1214,2992,break,1784300040,,3998.67,,,,,
1214,2993,return,1784300100,1784300102110,3996.47,,,,,
1213,2994,cancelled_opposing_structure,1784300100,,3996.25,,,8861,1784299560,
1214,2995,cancelled_opposing_structure,1784300100,,3996.25,,,8861,1784299560,
1215,2996,touch,1784301000,1784301057439,3993.07,,,,,
1215,2997,sc_hh,1784301600,,3988.85,,,8866,1784301540,
1215,2998,fvg_fixed,1784301660,,,3988.05,3991.05,,1784301540,
1215,2999,sc_superseded,1784302320,,,,,8868,,
1215,3000,sc_hh,1784302320,,3984.34,,,8868,1784302200,
1215,3001,fvg_fixed,1784302380,,,3983.14,3984.64,,1784302260,
802,3002,touch,1784303400,1784303427032,3964.78,,,,,
1215,3003,hl,1784303400,,3973.15,,,8872,,
1215,3004,sc_superseded,1784304060,,,,,8873,,
1215,3005,sc_hh,1784304060,,3964.09,,,8873,1784303760,
802,3006,cancelled_opposing_structure,1784304060,,3962.49,,,8874,1784303400,
1215,3007,fvg_fixed,1784304120,,,3967.11,3968.84,,1784303820,
1215,3008,fvg_lapsed,1784304180,,3969.80,,,,,
1215,3009,sc_hh,1784305800,,3967.13,,,8880,1784305560,
1215,3010,fvg_none,1784305860,,,,,,,
1217,3011,touch,1784306280,1784306286214,3984.48,,,,,
1216,3012,touch,1784306280,1784306308820,3989.06,,,,,
1217,3013,break,1784306280,,3991.87,,,,,
1209,3014,touch,1784306340,1784306371291,4003.49,,,,,
1215,3015,cancelled_opposing_structure,1784306340,,3993.73,,,8884,1784305920,
1216,3016,break,1784306340,,3993.73,,,,,
1216,3017,return,1784306400,1784306401318,3991.38,,,,,
1217,3018,return,1784306400,1784306423440,3987.73,,,,,
1217,3019,cancelled_second_break,1784306460,,3988.02,,,,,
1216,3020,cancelled_second_break,1784307420,,3993.69,,,,,
1209,3021,cancelled_opposing_structure,1784307540,,3997.24,,,8888,1784307180,
1220,3022,touch,1784318400,1784318411466,4016.39,,,,,
1221,3023,touch,1784319120,1784319136345,4016.22,,,,,
1220,3024,sc_hh,1784319120,,4016.35,,,8928,1784318820,
1220,3025,fvg_fixed,1784319180,,,4014.82,4016.36,,1784319060,
1221,3026,break,1784319180,,4013.79,,,,,
1221,3027,return,1784319300,1784319338205,4014.56,,,,,
1221,3028,cancelled_second_break,1784319480,,4013.84,,,,,
1220,3029,sc_superseded,1784319540,,,,,8930,,
1220,3030,sc_hh,1784319540,,4013.25,,,8930,1784319360,
1220,3031,fvg_fixed,1784319600,,,4014.30,4014.38,,1784319420,
1220,3032,fvg_lapsed,1784319720,,4015.15,,,,,
1220,3033,sc_hh,1784320320,,4012.45,,,8932,1784319960,
1220,3034,fvg_fixed,1784320380,,,4012.31,4012.86,,1784320260,
1220,3035,hl,1784320920,,4012.98,,,8935,,
1220,3036,reaction,1784321280,,,,,,,
1220,3037,entry_attempt,1784321340,1784321340034,4011.50,4011.50,4011.74,,,10009
1220,3038,fill,1784321340,1784321340034,4011.50,4020.57,3993.36,,,
1223,3039,touch,1784321340,1784321381323,4012.45,,,,,
1223,3040,sc_hh,1784321460,,4009.75,,,8936,1784321400,
1223,3041,fvg_fixed,1784321520,,,4009.38,4010.32,,1784321400,
1223,3042,hl,1784321820,,4010.72,,,8939,,
1223,3043,reaction,1784322000,,,,,,,
1223,3044,entry_attempt,1784322060,1784322060081,4008.59,4008.59,4008.82,,,10009
1223,3045,fill,1784322060,1784322060081,4008.59,4015.99,3993.79,,,
1223,3046,exit,1784323740,1784323794714,4016.04,,,,,sl
1224,3047,touch,1784325660,1784325665704,4008.85,,,,,
1224,3048,break,1784325960,,4005.66,,,,,
1224,3049,return,1784326500,1784326502918,4006.55,,,,,
1224,3050,cancelled_second_break,1784326500,,4006.32,,,,,
1226,3051,touch,1784328000,1784328003186,4006.24,,,,,
1226,3052,sc_hh,1784328180,,4008.91,,,8961,1784327940,
1225,3053,touch,1784328240,1784328298202,4009.98,,,,,
1226,3054,fvg_fixed,1784328240,,,4008.88,4009.11,,1784328120,
1225,3055,break,1784328660,,4013.41,,,,,
1225,3056,return,1784328720,1784328776321,4012.19,,,,,
1225,3057,cancelled_second_break,1784328720,,4012.30,,,,,
1222,3058,touch,1784328960,1784329016720,4016.35,,,,,
1226,3059,hl,1784329440,,4012.50,,,8965,,
1227,3060,touch,1784329800,1784329800124,4013.50,,,,,
1226,3061,cancelled_opposing_structure,1784329860,,4012.42,,,8966,1784329260,
1222,3062,sc_hh,1784330040,,4012.27,,,8967,1784329500,
1227,3063,sc_hh,1784330040,,4012.27,,,8967,1784329500,
1222,3064,fvg_fixed,1784330100,,,4012.55,4012.57,,1784329980,
1227,3065,fvg_fixed,1784330100,,,4012.55,4012.57,,1784329980,
1222,3066,sc_superseded,1784331120,,,,,8969,,
1222,3067,sc_hh,1784331120,,4008.91,,,8969,1784330940,
1227,3068,sc_superseded,1784331120,,,,,8969,,
1227,3069,sc_hh,1784331120,,4008.91,,,8969,1784330940,
1222,3070,fvg_fixed,1784331180,,,4009.99,4010.03,,1784331000,
1227,3071,fvg_fixed,1784331180,,,4009.99,4010.03,,1784331000,
1222,3072,fvg_lapsed,1784331480,,4010.72,,,,,
1227,3073,fvg_lapsed,1784331480,,4010.72,,,,,
1227,3074,break,1784331960,,4016.20,,,,,
1227,3075,return,1784332020,1784332052600,4015.79,,,,,
1227,3076,cancelled_second_break,1784332140,,4015.80,,,,,
1228,3077,touch,1784509200,1784509200669,4001.65,,,,,
1222,3078,sc_hh,1784509200,,4008.60,,,8972,1784332380,
1228,3079,break,1784509200,,4001.71,,,,,
1219,3080,touch,1784509260,1784509290871,3998.81,,,,,
1222,3081,fvg_fixed,1784509260,,,4003.94,4015.82,,1784332560,
1222,3082,hl,1784510700,,4000.38,,,8977,,
1222,3083,sc_superseded,1784511000,,,,,8974,,
1222,3084,sc_hh,1784511000,,3994.78,,,8974,1784509500,
1228,3085,cancelled_opposing_structure,1784511000,,3994.77,,,8977,1784509440,
1219,3086,cancelled_opposing_structure,1784511000,,3994.77,,,8977,1784509440,
1222,3087,fvg_fixed,1784511060,,,3996.25,3996.67,,1784510700,
1222,3088,fvg_lapsed,1784511120,,3996.75,,,,,
1222,3089,sc_hh,1784512620,,3996.61,,,8984,1784512560,
1222,3090,fvg_fixed,1784512680,,,3996.49,3996.59,,1784512560,
1220,3091,exit,1784512800,1784512824171,3993.30,,,,,tp
1222,3092,hl,1784513220,,3995.47,,,8987,,
1222,3093,sc_superseded,1784513580,,,,,8986,,
1222,3094,sc_hh,1784513580,,3991.63,,,8986,1784513040,
1222,3095,fvg_fixed,1784513640,,,3992.44,3993.21,,1784513460,
1222,3096,hl,1784513880,,3993.97,,,8990,,
1222,3097,fvg_lapsed,1784514240,,3993.25,,,,,
1222,3098,cancelled_opposing_structure,1784514840,,3994.09,,,8993,1784514300,
1231,3099,touch,1784515920,1784515940423,3995.89,,,,,
1231,3100,sc_hh,1784516400,,3992.53,,,9000,1784516400,
1231,3101,fvg_none,1784516460,,,,,,,
1232,3102,touch,1784517180,1784517185124,3992.76,,,,,
1232,3103,break,1784517180,,3997.81,,,,,
1231,3104,cancelled_opposing_structure,1784517240,,3996.03,,,9004,1784516820,
1232,3105,return,1784517300,1784517301267,3995.57,,,,,
1232,3106,cancelled_second_break,1784517300,,3997.02,,,,,
1229,3107,touch,1784520120,1784520120655,4015.38,,,,,
1230,3108,touch,1784520120,1784520144343,4015.77,,,,,
1229,3109,break,1784520600,,4018.82,,,,,
1230,3110,break,1784520600,,4018.82,,,,,
1229,3111,return,1784520660,1784520677422,4018.17,,,,,
1230,3112,return,1784520660,1784520677422,4018.17,,,,,
1229,3113,sc_hh,1784520840,,4010.21,,,9018,1784520660,
1230,3114,sc_hh,1784520840,,4010.21,,,9018,1784520660,
1229,3115,fvg_fixed,1784520900,,,4010.24,4010.76,,1784520780,
1230,3116,fvg_fixed,1784520900,,,4010.24,4010.76,,1784520780,
1229,3117,hl,1784521740,,4004.52,,,9021,,
1230,3118,hl,1784521740,,4004.52,,,9021,,
1233,3119,touch,1784522580,1784522621295,3995.70,,,,,
1229,3120,sc_superseded,1784522580,,,,,9020,,
1229,3121,sc_hh,1784522580,,3999.79,,,9020,1784521980,
1230,3122,sc_superseded,1784522580,,,,,9020,,
1230,3123,sc_hh,1784522580,,3999.79,,,9020,1784521980,
1229,3124,fvg_fixed,1784522640,,,3997.96,3999.25,,1784522520,
1230,3125,fvg_fixed,1784522640,,,3997.96,3999.25,,1784522520,
1229,3126,fvg_lapsed,1784522700,,4002.38,,,,,
1230,3127,fvg_lapsed,1784522700,,4002.38,,,,,
1229,3128,cancelled_opposing_structure,1784523720,,4007.04,,,9025,1784522940,
1230,3129,cancelled_opposing_structure,1784523720,,4007.04,,,9025,1784522940,
1233,3130,sc_hh,1784523720,,4004.34,,,9024,1784523240,
1233,3131,fvg_fixed,1784523780,,,4003.78,4006.65,,1784523660,
1233,3132,hl,1784524680,,4004.00,,,9028,,
1233,3133,reaction,1784524920,,,,,,,
1233,3134,entry_attempt,1784524980,1784524980037,4007.53,4007.30,4007.53,,,10009
1233,3135,fill,1784524980,1784524980037,4007.53,3982.48,4057.63,,,
1234,3136,touch,1784525520,1784525543726,4010.24,,,,,
1234,3137,cancelled_opposing_structure,1784526240,,4014.80,,,9033,1784525880,
1237,3138,touch,1784528880,1784528896311,4021.78,,,,,
1237,3139,sc_hh,1784529720,,4026.72,,,9040,1784529300,
1237,3140,fvg_fixed,1784529780,,,4025.26,4026.49,,1784529660,
1237,3141,fvg_lapsed,1784530380,,4025.10,,,,,
1238,3142,touch,1784530440,1784530441560,4024.77,,,,,
1239,3143,touch,1784530800,1784530807054,4024.46,,,,,
1239,3144,sc_hh,1784531460,,4023.99,,,9047,1784531220,
1239,3145,fvg_fixed,1784531520,,,4023.90,4024.02,,1784531400,
1237,3146,cancelled_opposing_structure,1784531580,,4022.35,,,9046,1784530680,
1238,3147,cancelled_opposing_structure,1784531580,,4022.35,,,9046,1784530680,
1240,3148,touch,1784532000,1784532054044,4023.99,,,,,
1239,3149,fvg_lapsed,1784532000,,4024.08,,,,,
1239,3150,sc_hh,1784532240,,4021.42,,,9048,1784532060,
1240,3151,sc_hh,1784532240,,4021.42,,,9048,1784532060,
1239,3152,fvg_fixed,1784532300,,,4022.68,4023.29,,1784532060,
1240,3153,fvg_fixed,1784532300,,,4022.68,4023.29,,1784532060,
1239,3154,fvg_lapsed,1784532360,,4023.63,,,,,
1240,3155,fvg_lapsed,1784532360,,4023.63,,,,,
1239,3156,sc_hh,1784533500,,4022.17,,,9051,1784533140,
1240,3157,sc_hh,1784533500,,4022.17,,,9051,1784533140,
1239,3158,fvg_fixed,1784533560,,,4020.92,4022.65,,1784533440,
1240,3159,fvg_fixed,1784533560,,,4020.92,4022.65,,1784533440,
1239,3160,hl,1784533980,,4022.11,,,9054,,
1240,3161,hl,1784533980,,4022.11,,,9054,,
1239,3162,sc_superseded,1784534100,,,,,9053,,
1239,3163,sc_hh,1784534100,,4019.38,,,9053,1784533800,
1240,3164,sc_superseded,1784534100,,,,,9053,,
1240,3165,sc_hh,1784534100,,4019.38,,,9053,1784533800,
1239,3166,fvg_fixed,1784534160,,,4019.69,4021.02,,1784534040,
1240,3167,fvg_fixed,1784534160,,,4019.69,4021.02,,1784534040,
1239,3168,hl,1784534580,,4021.11,,,9057,,
1240,3169,hl,1784534580,,4021.11,,,9057,,
1239,3170,sc_superseded,1784534640,,,,,9056,,
1239,3171,sc_hh,1784534640,,4018.47,,,9056,1784534400,
1240,3172,sc_superseded,1784534640,,,,,9056,,
1240,3173,sc_hh,1784534640,,4018.47,,,9056,1784534400,
1239,3174,fvg_fixed,1784534700,,,4018.57,4019.84,,1784534520,
1240,3175,fvg_fixed,1784534700,,,4018.57,4019.84,,1784534520,
1239,3176,sc_superseded,1784534880,,,,,9058,,
1239,3177,sc_hh,1784534880,,4016.96,,,9058,1784534820,
1240,3178,sc_superseded,1784534880,,,,,9058,,
1240,3179,sc_hh,1784534880,,4016.96,,,9058,1784534820,
1239,3180,fvg_fixed,1784534940,,,4016.87,4017.55,,1784534820,
1240,3181,fvg_fixed,1784534940,,,4016.87,4017.55,,1784534820,
1239,3182,hl,1784535480,,4014.84,,,9061,,
1240,3183,hl,1784535480,,4014.84,,,9061,,
1236,3184,touch,1784536500,1784536518679,4008.70,,,,,
1239,3185,sc_superseded,1784536500,,,,,9063,,
1239,3186,sc_hh,1784536500,,4009.89,,,9063,1784536200,
1240,3187,sc_superseded,1784536500,,,,,9063,,
1240,3188,sc_hh,1784536500,,4009.89,,,9063,1784536200,
1239,3189,fvg_fixed,1784536560,,,4010.19,4010.20,,1784536440,
1240,3190,fvg_fixed,1784536560,,,4010.19,4010.20,,1784536440,
1239,3191,fvg_lapsed,1784536620,,4010.34,,,,,
1240,3192,fvg_lapsed,1784536620,,4010.34,,,,,
1239,3193,sc_hh,1784537340,,4007.98,,,9065,1784536800,
1240,3194,sc_hh,1784537340,,4007.98,,,9065,1784536800,
1236,3195,break,1784537340,,4005.73,,,,,
1236,3196,cancelled_opposing_structure,1784537340,,4005.73,,,9066,1784536560,
1239,3197,fvg_fixed,1784537400,,,4008.08,4008.54,,1784537280,
1240,3198,fvg_fixed,1784537400,,,4008.08,4008.54,,1784537280,
1239,3199,fvg_lapsed,1784537700,,4008.84,,,,,
1240,3200,fvg_lapsed,1784537700,,4008.84,,,,,
1239,3201,cancelled_opposing_structure,1784538180,,4011.08,,,9070,1784537760,
1240,3202,cancelled_opposing_structure,1784538180,,4011.08,,,9070,1784537760,
1235,3203,touch,1784539920,1784539936251,4003.93,,,,,
1241,3204,touch,1784540700,1784540751758,4006.44,,,,,
1235,3205,sc_hh,1784540700,,4006.38,,,9079,1784540640,
1235,3206,fvg_fixed,1784540760,,,4005.10,4006.35,,1784540640,
1235,3207,fvg_lapsed,1784541180,,4003.91,,,,,
1241,3208,sc_hh,1784541180,,4003.93,,,9080,1784541000,
1241,3209,fvg_fixed,1784541240,,,4005.50,4006.24,,1784541060,
1241,3210,hl,1784541840,,4006.54,,,9084,,
1235,3211,sc_hh,1784542020,,4006.54,,,9084,1784541660,
1241,3212,fvg_lapsed,1784542020,,4006.62,,,,,
1235,3213,fvg_none,1784542080,,,,,,,
1242,3214,touch,1784542920,1784542941833,4004.91,,,,,
1235,3215,sc_hh,1784542920,,4006.89,,,9085,1784542680,
1241,3216,cancelled_opposing_structure,1784542920,,4007.00,,,9086,1784542020,
1242,3217,break,1784542920,,4007.00,,,,,
1242,3218,return,1784542980,1784542980275,4006.71,,,,,
1235,3219,fvg_fixed,1784542980,,,4004.18,4004.91,,1784542860,
1242,3220,cancelled_second_break,1784543040,,4008.57,,,,,
1235,3221,hl,1784543460,,4003.43,,,9089,,
1235,3222,sc_superseded,1784543520,,,,,9088,,
1235,3223,sc_hh,1784543520,,4008.67,,,9088,1784543280,
1235,3224,fvg_fixed,1784543580,,,4006.77,4006.97,,1784543340,
1235,3225,hl,1784544840,,4015.75,,,9091,,
1235,3226,sc_superseded,1784544960,,,,,9092,,
1235,3227,sc_hh,1784544960,,4018.60,,,9092,1784544840,
1235,3228,fvg_none,1784545020,,,,,,,
1235,3229,sc_hh,1784545200,,4019.05,,,9093,1784545140,
1235,3230,fvg_fixed,1784545260,,,4018.12,4021.09,,1784545140,
1235,3231,hl,1784545860,,4018.67,,,9096,,
1235,3232,reaction,1784545920,,,,,,,
1235,3233,entry_attempt,1784545980,1784545980057,4021.63,4021.39,4021.63,,,10009
1235,3234,fill,1784545980,1784545980057,4021.63,3997.59,4069.71,,,
1244,3235,touch,1784546520,1784546575066,4023.24,,,,,
1244,3236,sc_hh,1784546640,,4028.03,,,9097,1784546580,
1244,3237,fvg_fixed,1784546700,,,4024.76,4026.50,,1784546580,
1244,3238,fvg_lapsed,1784546820,,4023.99,,,,,
1245,3239,touch,1784547420,1784547449241,4023.15,,,,,
1245,3240,sc_hh,1784548260,,4020.14,,,9102,1784548140,
1244,3241,break,1784548320,,4018.17,,,,,
1244,3242,cancelled_opposing_structure,1784548320,,4018.17,,,9101,1784547000,
1245,3243,fvg_fixed,1784548320,,,4019.36,4020.23,,1784548200,
1245,3244,hl,1784548740,,4020.44,,,9105,,
1245,3245,reaction,1784548920,,,,,,,
1245,3246,entry_attempt,1784548980,1784548980076,4019.12,4019.12,4019.35,,,10009
1245,3247,fill,1784548980,1784548980076,4019.12,4031.09,3995.18,,,
1246,3248,touch,1784550900,1784550910829,4019.34,,,,,
1247,3249,touch,1784551500,1784551500155,4019.18,,,,,
1246,3250,break,1784551740,,4022.79,,,,,
1247,3251,sc_hh,1784551740,,4020.93,,,9114,1784551560,
1246,3252,return,1784551800,1784551802085,4022.02,,,,,
1247,3253,fvg_fixed,1784551800,,,4019.09,4020.02,,1784551560,
1246,3254,cancelled_opposing_structure,1784551920,,4021.13,,,9115,1784551380,
1247,3255,hl,1784552040,,4018.99,,,9117,,
1247,3256,fvg_lapsed,1784552100,,4018.94,,,,,
1247,3257,sc_hh,1784552700,,4021.38,,,9119,1784552460,
1247,3258,fvg_fixed,1784552760,,,4019.64,4020.31,,1784552580,
1247,3259,hl,1784553060,,4019.72,,,9122,,
1247,3260,reaction,1784553360,,,,,,,
1247,3261,skipped_cap,1784553420,1784553420033,,,,,,3
1247,3262,fvg_lapsed,1784553420,,4019.05,,,,,
1247,3263,sc_hh,1784553600,,4021.76,,,9123,1784553420,
1247,3264,fvg_fixed,1784553660,,,4019.83,4021.77,,1784553540,
1247,3265,sc_superseded,1784554380,,,,,9127,,
1247,3266,sc_hh,1784554380,,4023.28,,,9127,1784553960,
1247,3267,fvg_fixed,1784554440,,,4022.46,4022.79,,1784554320,
1247,3268,fvg_lapsed,1784554500,,4022.37,,,,,
1247,3269,sc_hh,1784555460,,4023.09,,,9131,1784555400,
1247,3270,fvg_fixed,1784555520,,,4022.71,4022.75,,1784555400,
1247,3271,fvg_lapsed,1784555760,,4022.66,,,,,
1247,3272,sc_hh,1784556060,,4025.61,,,9134,1784555760,
1247,3273,fvg_none,1784556120,,,,,,,
1248,3274,touch,1784556900,1784556901661,4022.95,,,,,
1245,3275,exit,1784557800,1784557833481,4031.33,,,,,sl
1184,3276,touch,1784557800,1784557838456,4036.45,,,,,
1247,3277,sc_hh,1784557800,,4023.93,,,9139,1784557560,
1248,3278,break,1784557800,,4029.91,,,,,
1248,3279,cancelled_opposing_structure,1784557800,,4029.91,,,9141,1784556900,
1247,3280,fvg_fixed,1784557860,,,4022.82,4027.56,,1784557740,
1247,3281,hl,1784558400,,4029.43,,,9143,,
1247,3282,cancelled_opposing_structure,1784558760,,4028.76,,,9144,1784558220,
1184,3283,sc_hh,1784558760,,4029.32,,,9145,1784558700,
1184,3284,fvg_none,1784558820,,,,,,,
1184,3285,sc_hh,1784559540,,4026.41,,,9149,1784559300,
1249,3286,touch,1784559600,1784559610560,4023.03,,,,,
1184,3287,fvg_fixed,1784559600,,,4025.30,4026.76,,1784559480,
1249,3288,break,1784559600,,4019.04,,,,,
1184,3289,hl,1784560140,,4017.57,,,9151,,
1184,3290,sc_superseded,1784560380,,,,,9152,,
1184,3291,sc_hh,1784560380,,4012.77,,,9152,1784560200,
1184,3292,fvg_fixed,1784560440,,,4012.97,4014.37,,1784560320,
1249,3293,cancelled_opposing_structure,1784560440,,4012.75,,,9153,1784560080,
1184,3294,sc_superseded,1784560860,,,,,9154,,
1184,3295,sc_hh,1784560860,,4010.01,,,9154,1784560680,
1243,3296,touch,1784560920,1784560937485,4008.52,,,,,
1184,3297,fvg_fixed,1784560920,,,4012.05,4012.79,,1784560740,
1184,3298,fvg_lapsed,1784561340,,4012.90,,,,,
1243,3299,sc_hh,1784561700,,4014.08,,,9157,1784561520,
1243,3300,fvg_none,1784561760,,,,,,,
1184,3301,sc_hh,1784562000,,4011.12,,,9158,1784561700,
1184,3302,fvg_fixed,1784562060,,,4011.43,4011.79,,1784561940,
1184,3303,fvg_lapsed,1784562300,,4012.15,,,,,
1184,3304,sc_hh,1784564940,,4009.25,,,9168,1784564700,
1243,3305,cancelled_opposing_structure,1784564940,,4008.57,,,9169,1784564580,
1184,3306,fvg_fixed,1784565000,,,4011.05,4011.32,,1784564700,
1184,3307,fvg_lapsed,1784565060,,4013.30,,,,,
1184,3308,cancelled_opposing_structure,1784565600,,4016.30,,,9172,1784565240,
1253,3309,touch,1784573160,1784573198354,4014.80,,,,,
1254,3310,touch,1784573700,1784573700022,4014.26,,,,,
1253,3311,cancelled_opposing_structure,1784574300,,4016.42,,,9199,1784573460,
1254,3312,sc_hh,1784574300,,4016.40,,,9198,1784574000,
1254,3313,fvg_fixed,1784574360,,,4015.57,4016.14,,1784574240,
1254,3314,fvg_lapsed,1784574720,,4015.34,,,,,
1255,3315,touch,1784574780,1784574806996,4014.97,,,,,
1255,3316,break,1784575320,,4011.72,,,,,
1255,3317,return,1784575380,1784575380217,4011.78,,,,,
1254,3318,break,1784575800,,4010.29,,,,,
1255,3319,cancelled_second_break,1784575800,,4010.29,,,,,
1254,3320,return,1784575860,1784575861121,4010.31,,,,,
1254,3321,cancelled_opposing_structure,1784575980,,4010.44,,,9203,1784575500,
1252,3322,touch,1784576460,1784576483575,4007.81,,,,,
1252,3323,sc_hh,1784577600,,4010.37,,,9207,1784577000,
1252,3324,fvg_fixed,1784577660,,,4010.38,4010.58,,1784577540,
1252,3325,hl,1784578080,,4010.16,,,9210,,
1252,3326,cancelled_opposing_structure,1784578440,,4010.14,,,9211,1784577900,
1257,3327,touch,1784578500,1784578526554,4008.93,,,,,
1257,3328,cancelled_opposing_structure,1784579940,,4010.09,,,9216,1784579040,
1258,3329,touch,1784581800,1784581829347,4010.68,,,,,
1259,3330,touch,1784582520,1784582550918,4005.88,,,,,
1260,3331,touch,1784582940,1784582945946,4007.18,,,,,
1258,3332,cancelled_opposing_structure,1784583900,,4007.39,,,9226,1784582940,
1259,3333,sc_hh,1784583900,,4007.37,,,9225,1784583240,
1260,3334,cancelled_opposing_structure,1784583900,,4007.39,,,9226,1784582940,
1259,3335,fvg_fixed,1784583960,,,4005.20,4005.32,,1784583240,
1259,3336,hl,1784584740,,4005.84,,,9230,,
1259,3337,cancelled_opposing_structure,1784585100,,4004.97,,,9231,1784584560,
1261,3338,touch,1784586300,1784586302194,4007.38,,,,,
1261,3339,sc_hh,1784586540,,4010.20,,,9235,1784586540,
1256,3340,touch,1784586600,1784586603591,4015.13,,,,,
1261,3341,fvg_none,1784586600,,,,,,,
1262,3342,touch,1784587020,1784587036524,4010.18,,,,,
1256,3343,sc_hh,1784587320,,4009.78,,,9239,1784587080,
1256,3344,fvg_fixed,1784587380,,,4010.56,4010.86,,1784587140,
1262,3345,break,1784587440,,4005.78,,,,,
1262,3346,return,1784587560,1784587568179,4007.98,,,,,
1256,3347,hl,1784587980,,4009.96,,,9241,,
1262,3348,cancelled_second_break,1784588100,,4007.01,,,,,
1261,3349,sc_hh,1784589660,,4008.36,,,9245,1784589240,
1261,3350,fvg_fixed,1784589720,,,4007.36,4007.95,,1784589540,
1261,3351,hl,1784590140,,4008.03,,,9247,,
1256,3352,sc_superseded,1784590260,,,,,9247,,
1256,3353,sc_hh,1784590260,,4008.03,,,9247,1784589960,
1261,3354,reaction,1784590320,,,,,,,
1256,3355,fvg_none,1784590320,,,,,,,
1261,3356,entry_attempt,1784590380,1784590381856,4009.16,4008.87,4009.16,,,10009
1261,3357,fill,1784590380,1784590381856,4009.16,4004.16,4019.16,,,
1256,3358,sc_hh,1784591160,,4008.06,,,9251,1784590860,
1256,3359,fvg_fixed,1784591220,,,4008.10,4008.17,,1784591100,
1256,3360,fvg_lapsed,1784591580,,4008.40,,,,,
1256,3361,cancelled_opposing_structure,1784595780,,4009.39,,,9255,1784591580,
1264,3362,touch,1784596680,1784596732416,4007.32,,,,,
1264,3363,sc_hh,1784596800,,4006.02,,,9259,1784596680,
1264,3364,fvg_fixed,1784596860,,,4006.56,4006.75,,1784596740,
1264,3365,fvg_lapsed,1784596980,,4007.21,,,,,
1264,3366,break,1784597100,,4008.95,,,,,
1264,3367,return,1784597160,1784597208153,4008.44,,,,,
1264,3368,cancelled_second_break,1784597160,,4009.34,,,,,
1261,3369,exit,1784598120,1784598133736,4004.15,,,,,sl
1265,3370,touch,1784599800,1784599822578,4002.54,,,,,
1265,3371,sc_hh,1784601180,,4007.25,,,9272,1784601000,
1265,3372,fvg_fixed,1784601240,,,4005.90,4005.94,,1784601120,
1265,3373,fvg_lapsed,1784601540,,4005.03,,,,,
1265,3374,sc_hh,1784601780,,4007.77,,,9274,1784601600,
1265,3375,fvg_fixed,1784601840,,,4006.07,4006.45,,1784601600,
1265,3376,fvg_lapsed,1784601900,,4005.89,,,,,
1265,3377,sc_hh,1784602620,,4008.50,,,9276,1784601900,
1265,3378,fvg_fixed,1784602680,,,4008.34,4008.42,,1784602560,
1265,3379,fvg_lapsed,1784602800,,4005.39,,,,,
1265,3380,sc_hh,1784603520,,4008.43,,,9281,1784603220,
1263,3381,touch,1784603580,1784603620150,4011.97,,,,,
1265,3382,fvg_fixed,1784603580,,,4006.13,4007.04,,1784603280,
1265,3383,sc_superseded,1784603940,,,,,9282,,
1265,3384,sc_hh,1784603940,,4012.58,,,9282,1784603760,
1265,3385,fvg_fixed,1784604000,,,4012.85,4013.99,,1784603880,
1263,3386,cancelled_opposing_structure,1784604000,,4014.00,,,9283,1784603580,
1265,3387,sc_superseded,1784604240,,,,,9284,,
1265,3388,sc_hh,1784604240,,4016.65,,,9284,1784604180,
1265,3389,fvg_fixed,1784604300,,,4015.35,4016.19,,1784604180,
1265,3390,fvg_lapsed,1784604540,,4014.99,,,,,
1265,3391,sc_hh,1784604960,,4018.45,,,9286,1784604660,
1265,3392,fvg_fixed,1784605020,,,4017.95,4018.05,,1784604840,
1265,3393,sc_superseded,1784605320,,,,,9288,,
1265,3394,sc_hh,1784605320,,4022.04,,,9288,1784605080,
1265,3395,fvg_fixed,1784605380,,,4019.14,4021.80,,1784605200,
1251,3396,touch,1784605860,1784605900002,4025.55,,,,,
1265,3397,hl,1784606280,,4023.11,,,9290,,
1266,3398,touch,1784606400,1784606416941,4018.44,,,,,
1251,3399,sc_hh,1784606400,,4023.11,,,9290,1784606340,
1265,3400,reaction,1784606460,,,,,,,
1251,3401,fvg_none,1784606460,,,,,,,
1265,3402,entry_attempt,1784606520,1784606520033,4023.50,4023.27,4023.50,,,10009
1265,3403,fill,1784606520,1784606520033,4023.50,3999.55,4071.40,,,
1266,3404,sc_hh,1784606700,,4026.47,,,9291,1784606400,
1266,3405,fvg_fixed,1784606760,,,4023.77,4027.10,,1784606640,
1250,3406,touch,1784607240,1784607275335,4029.53,,,,,
1251,3407,break,1784607240,,4028.91,,,,,
1251,3408,return,1784607300,1784607307636,4028.47,,,,,
1251,3409,cancelled_second_break,1784607300,,4028.59,,,,,
1266,3410,hl,1784607300,,4026.45,,,9295,,
1266,3411,sc_superseded,1784607480,,,,,9294,,
1266,3412,sc_hh,1784607480,,4029.20,,,9294,1784606820,
1266,3413,fvg_none,1784607540,,,,,,,
1250,3414,break,1784607540,,4034.54,,,,,
1250,3415,return,1784607600,1784607601293,4033.20,,,,,
1250,3416,sc_hh,1784607780,,4026.45,,,9295,1784607540,
1250,3417,fvg_fixed,1784607840,,,4029.03,4029.99,,1784607720,
1250,3418,fvg_lapsed,1784607960,,4031.02,,,,,
1250,3419,sc_hh,1784608620,,4026.88,,,9299,1784608500,
1267,3420,touch,1784608680,1784608694600,4025.69,,,,,
1266,3421,cancelled_opposing_structure,1784608680,,4025.68,,,9298,1784607780,
1250,3422,fvg_fixed,1784608680,,,4026.93,4028.13,,1784608560,
1250,3423,hl,1784609220,,4026.36,,,9302,,
1268,3424,touch,1784609520,1784609538923,4026.88,,,,,
1250,3425,reaction,1784609580,,,,,,,
1250,3426,skipped_cap,1784609640,1784609640138,,,,,,3
1267,3427,sc_hh,1784609640,,4026.74,,,9304,1784609280,
1250,3428,reaction,1784609700,,,,,,,
1267,3429,fvg_none,1784609700,,,,,,,
1250,3430,skipped_cap,1784609760,1784609760031,,,,,,3
1250,3431,sc_superseded,1784609880,,,,,9303,,
1250,3432,sc_hh,1784609880,,4022.57,,,9303,1784609640,
1268,3433,sc_hh,1784609880,,4022.57,,,9303,1784609640,
1250,3434,fvg_fixed,1784609940,,,4023.78,4025.08,,1784609700,
1268,3435,fvg_fixed,1784609940,,,4023.78,4025.08,,1784609700,
1269,3436,touch,1784610360,1784610399169,4024.98,,,,,
1250,3437,fvg_lapsed,1784610360,,4026.03,,,,,
1268,3438,fvg_lapsed,1784610360,,4026.03,,,,,
1267,3439,cancelled_opposing_structure,1784611080,,4023.71,,,9308,1784610600,
1250,3440,sc_hh,1784611140,,4023.50,,,9309,1784610960,
1268,3441,sc_hh,1784611140,,4023.50,,,9309,1784610960,
1269,3442,sc_hh,1784611140,,4023.50,,,9309,1784610960,
1250,3443,fvg_fixed,1784611200,,,4023.72,4024.34,,1784611020,
1268,3444,fvg_fixed,1784611200,,,4023.72,4024.34,,1784611020,
1269,3445,fvg_fixed,1784611200,,,4023.72,4024.34,,1784611020,
1250,3446,fvg_lapsed,1784611260,,4025.27,,,,,
1268,3447,fvg_lapsed,1784611260,,4025.27,,,,,
1269,3448,fvg_lapsed,1784611260,,4025.27,,,,,
1269,3449,break,1784611740,,4028.84,,,,,
1269,3450,return,1784611800,1784611803285,4028.05,,,,,
1268,3451,break,1784611800,,4031.97,,,,,
1269,3452,cancelled_second_break,1784611800,,4031.97,,,,,
1268,3453,return,1784611860,1784611894309,4030.72,,,,,
1250,3454,cancelled_opposing_structure,1784611860,,4030.44,,,9313,1784611440,
1268,3455,cancelled_opposing_structure,1784611860,,4030.44,,,9313,1784611440,
1271,3456,touch,1784613300,1784613300115,4033.29,,,,,
1271,3457,sc_hh,1784614500,,4038.09,,,9321,1784614260,
1271,3458,fvg_fixed,1784614560,,,4038.13,4038.96,,1784614380,
1271,3459,fvg_lapsed,1784614980,,4039.27,,,,,
1271,3460,break,1784615160,,4047.61,,,,,
1271,3461,return,1784615280,1784615290825,4044.86,,,,,
1271,3462,cancelled_second_break,1784615280,,4046.22,,,,,
1274,3463,touch,1784616300,1784616300020,4041.89,,,,,
1274,3464,sc_hh,1784616300,,4042.98,,,9326,1784615880,
1274,3465,fvg_fixed,1784616360,,,4043.01,4043.31,,1784616060,
1274,3466,fvg_lapsed,1784616480,,4044.85,,,,,
1274,3467,cancelled_opposing_structure,1784617140,,4046.96,,,9330,1784616660,
1275,3468,touch,1784618340,1784618352707,4044.39,,,,,
1275,3469,sc_hh,1784619420,,4045.94,,,9339,1784619120,
1275,3470,fvg_fixed,1784619480,,,4045.78,4046.07,,1784619360,
1275,3471,fvg_lapsed,1784619660,,4045.25,,,,,
1276,3472,touch,1784619720,1784619775851,4047.12,,,,,
1275,3473,sc_hh,1784619720,,4046.56,,,9340,1784619660,
1275,3474,fvg_fixed,1784619780,,,4045.91,4046.63,,1784619660,
1275,3475,fvg_lapsed,1784620260,,4045.70,,,,,
1275,3476,sc_hh,1784620560,,4047.76,,,9343,1784620260,
1276,3477,cancelled_opposing_structure,1784620560,,4048.30,,,9344,1784620080,
1275,3478,fvg_fixed,1784620620,,,4047.73,4048.17,,1784620500,
1277,3479,touch,1784621100,1784621130537,4047.74,,,,,
1275,3480,fvg_lapsed,1784621160,,4047.34,,,,,
1275,3481,sc_hh,1784621580,,4050.39,,,9345,1784621220,
1277,3482,sc_hh,1784621580,,4050.39,,,9345,1784621220,
1275,3483,fvg_fixed,1784621640,,,4050.08,4051.04,,1784621520,
1277,3484,fvg_fixed,1784621640,,,4050.08,4051.04,,1784621520,
1275,3485,fvg_lapsed,1784621760,,4049.75,,,,,
1277,3486,fvg_lapsed,1784621760,,4049.75,,,,,
1165,3487,touch,1784622300,1784622336738,4054.94,,,,,
1275,3488,sc_hh,1784622300,,4053.50,,,9348,1784622060,
1277,3489,sc_hh,1784622300,,4053.50,,,9348,1784622060,
1275,3490,fvg_fixed,1784622360,,,4051.45,4054.68,,1784622240,
1277,3491,fvg_fixed,1784622360,,,4051.45,4054.68,,1784622240,
1233,3492,exit,1784622600,1784622623860,4057.67,,,,,tp
1275,3493,sc_superseded,1784622600,,,,,9350,,
1275,3494,sc_hh,1784622600,,4056.42,,,9350,1784622420,
1277,3495,sc_superseded,1784622600,,,,,9350,,
1277,3496,sc_hh,1784622600,,4056.42,,,9350,1784622420,
1275,3497,fvg_fixed,1784622660,,,4055.13,4056.33,,1784622540,
1277,3498,fvg_fixed,1784622660,,,4055.13,4056.33,,1784622540,
1165,3499,break,1784622900,,4060.49,,,,,
1165,3500,return,1784623020,1784623040932,4059.96,,,,,
1165,3501,cancelled_second_break,1784623140,,4061.32,,,,,
1163,3502,touch,1784623200,1784623257237,4063.17,,,,,
1275,3503,sc_superseded,1784623200,,,,,9351,,
1275,3504,sc_hh,1784623200,,4061.76,,,9351,1784623080,
1277,3505,sc_superseded,1784623200,,,,,9351,,
1277,3506,sc_hh,1784623200,,4061.76,,,9351,1784623080,
1275,3507,fvg_fixed,1784623260,,,4061.46,4063.23,,1784623140,
1277,3508,fvg_fixed,1784623260,,,4061.46,4063.23,,1784623140,
1163,3509,break,1784623380,,4065.45,,,,,
1163,3510,return,1784623440,1784623441849,4064.62,,,,,
1163,3511,cancelled_second_break,1784623440,,4065.90,,,,,
1275,3512,hl,1784624100,,4062.26,,,9354,,
1277,3513,hl,1784624100,,4062.26,,,9354,,
1275,3514,fvg_lapsed,1784624340,,4061.42,,,,,
1277,3515,fvg_lapsed,1784624340,,4061.42,,,,,
1275,3516,sc_hh,1784624520,,4064.69,,,9355,1784624340,
1277,3517,sc_hh,1784624520,,4064.69,,,9355,1784624340,
1275,3518,fvg_fixed,1784624580,,,4064.26,4064.79,,1784624460,
1277,3519,fvg_fixed,1784624580,,,4064.26,4064.79,,1784624460,
1275,3520,sc_superseded,1784624940,,,,,9357,,
1275,3521,sc_hh,1784624940,,4066.55,,,9357,1784624760,
1277,3522,sc_superseded,1784624940,,,,,9357,,
1277,3523,sc_hh,1784624940,,4066.55,,,9357,1784624760,
1275,3524,fvg_fixed,1784625000,,,4066.16,4066.90,,1784624880,
1277,3525,fvg_fixed,1784625000,,,4066.16,4066.90,,1784624880,
1235,3526,exit,1784625060,1784625077752,4069.71,,,,,tp
1159,3527,touch,1784625060,1784625077752,4069.71,,,,,
1265,3528,exit,1784625180,1784625210246,4071.45,,,,,tp
1275,3529,hl,1784625660,,4068.36,,,9360,,
1277,3530,hl,1784625660,,4068.36,,,9360,,
1275,3531,sc_superseded,1784625780,,,,,9359,,
1275,3532,sc_hh,1784625780,,4072.69,,,9359,1784625480,
1277,3533,sc_superseded,1784625780,,,,,9359,,
1277,3534,sc_hh,1784625780,,4072.69,,,9359,1784625480,
1159,3535,cancelled_opposing_structure,1784625780,,4073.34,,,9360,1784625360,
1275,3536,fvg_fixed,1784625840,,,4071.61,4072.00,,1784625660,
1277,3537,fvg_fixed,1784625840,,,4071.61,4072.00,,1784625660,
1275,3538,fvg_lapsed,1784626080,,4071.57,,,,,
1277,3539,fvg_lapsed,1784626080,,4071.57,,,,,
1275,3540,sc_hh,1784626620,,4074.41,,,9361,1784626020,
1277,3541,sc_hh,1784626620,,4074.41,,,9361,1784626020,
1275,3542,fvg_none,1784626680,,,,,,,
1277,3543,fvg_none,1784626680,,,,,,,
1275,3544,sc_hh,1784626860,,4075.98,,,9364,1784626560,
1277,3545,sc_hh,1784626860,,4075.98,,,9364,1784626560,
1275,3546,fvg_fixed,1784626920,,,4075.51,4077.97,,1784626800,
1277,3547,fvg_fixed,1784626920,,,4075.51,4077.97,,1784626800,
1275,3548,sc_superseded,1784627280,,,,,9365,,
1275,3549,sc_hh,1784627280,,4080.65,,,9365,1784627040,
1277,3550,sc_superseded,1784627280,,,,,9365,,
1277,3551,sc_hh,1784627280,,4080.65,,,9365,1784627040,
1275,3552,fvg_fixed,1784627340,,,4080.23,4081.87,,1784627220,
1277,3553,fvg_fixed,1784627340,,,4080.23,4081.87,,1784627220,
1275,3554,fvg_lapsed,1784627400,,4079.87,,,,,
1277,3555,fvg_lapsed,1784627400,,4079.87,,,,,
1275,3556,cancelled_opposing_structure,1784629440,,4070.58,,,9369,1784628960,
1277,3557,cancelled_opposing_structure,1784629440,,4070.58,,,9369,1784628960,
1280,3558,touch,1784629980,1784629981373,4071.16,,,,,
1280,3559,break,1784630100,,4074.62,,,,,
1280,3560,return,1784630160,1784630210608,4073.48,,,,,
1280,3561,cancelled_second_break,1784630160,,4074.14,,,,,
1281,3562,touch,1784630760,1784630766581,4071.02,,,,,
1282,3563,touch,1784631000,1784631000034,4071.48,,,,,
1281,3564,cancelled_opposing_structure,1784631600,,4069.59,,,9373,1784630820,
1282,3565,sc_hh,1784631600,,4070.21,,,9372,1784631600,
1282,3566,fvg_none,1784631660,,,,,,,
1282,3567,sc_hh,1784632800,,4065.59,,,9377,1784632500,
1279,3568,touch,1784632860,1784632862395,4064.67,,,,,
1282,3569,fvg_fixed,1784632860,,,4065.04,4066.13,,1784632740,
1282,3570,hl,1784633700,,4065.14,,,9381,,
1282,3571,sc_superseded,1784633760,,,,,9380,,
1282,3572,sc_hh,1784633760,,4062.56,,,9380,1784633520,
1279,3573,break,1784633760,,4061.04,,,,,
1279,3574,cancelled_opposing_structure,1784633760,,4061.04,,,9381,1784633400,
1282,3575,fvg_fixed,1784633820,,,4063.60,4063.72,,1784633580,
1282,3576,fvg_lapsed,1784634060,,4063.82,,,,,
1282,3577,sc_hh,1784634360,,4060.92,,,9382,1784634060,
1282,3578,fvg_fixed,1784634420,,,4060.83,4060.97,,1784634300,
1282,3579,fvg_lapsed,1784634720,,4062.73,,,,,
1282,3580,cancelled_opposing_structure,1784635260,,4064.01,,,9386,1784634720,
1284,3581,touch,1784635440,1784635445395,4065.91,,,,,
1284,3582,cancelled_opposing_structure,1784636400,,4066.82,,,9388,1784635440,
1285,3583,touch,1784639220,1784639241014,4062.90,,,,,
1286,3584,touch,1784639400,1784639432964,4064.64,,,,,
1286,3585,sc_hh,1784639400,,4065.61,,,9398,1784638920,
1285,3586,sc_hh,1784639460,,4068.12,,,9399,1784639400,
1286,3587,fvg_none,1784639460,,,,,,,
1285,3588,fvg_fixed,1784639520,,,4064.99,4066.17,,1784639400,
1285,3589,hl,1784639880,,4064.99,,,9402,,
1285,3590,sc_superseded,1784640300,,,,,9401,,
1285,3591,sc_hh,1784640300,,4068.43,,,9401,1784639460,
1286,3592,cancelled_opposing_structure,1784640300,,4068.80,,,9402,1784639460,
1285,3593,fvg_fixed,1784640360,,,4067.02,4067.40,,1784639820,
1285,3594,fvg_lapsed,1784640540,,4066.76,,,,,
1283,3595,touch,1784640960,1784640997427,4069.89,,,,,
1285,3596,sc_hh,1784640960,,4069.29,,,9404,1784640540,
1285,3597,fvg_none,1784641020,,,,,,,
1283,3598,sc_hh,1784641560,,4066.93,,,9407,1784641200,
1287,3599,touch,1784641620,1784641677203,4064.07,,,,,
1283,3600,fvg_fixed,1784641620,,,4066.68,4066.91,,1784641500,
1285,3601,cancelled_opposing_structure,1784641740,,4063.06,,,9408,1784641200,
1283,3602,hl,1784642160,,4066.29,,,9410,,
1283,3603,sc_superseded,1784642220,,,,,9409,,
1283,3604,sc_hh,1784642220,,4062.95,,,9409,1784641980,
1287,3605,cancelled_opposing_structure,1784642220,,4062.65,,,9410,1784641860,
1283,3606,fvg_fixed,1784642280,,,4063.86,4064.11,,1784642160,
1283,3607,hl,1784643660,,4059.62,,,9412,,
1283,3608,cancelled_opposing_structure,1784644500,,4059.68,,,9413,1784643480,
1290,3609,touch,1784646000,1784646039311,4058.75,,,,,
1291,3610,touch,1784646600,1784646637311,4057.04,,,,,
1290,3611,break,1784647380,,4062.33,,,,,
1290,3612,cancelled_opposing_structure,1784647380,,4062.33,,,9423,1784646420,
1291,3613,sc_hh,1784647380,,4060.95,,,9421,1784646960,
1289,3614,touch,1784647440,1784647475632,4063.20,,,,,
1291,3615,fvg_fixed,1784647440,,,4060.76,4061.65,,1784647320,
1291,3616,hl,1784647860,,4060.70,,,9426,,
1292,3617,touch,1784648040,1784648057462,4060.16,,,,,
1291,3618,fvg_lapsed,1784648040,,4059.41,,,,,
1289,3619,sc_hh,1784648040,,4060.70,,,9426,1784647980,
1289,3620,fvg_fixed,1784648100,,,4059.48,4061.01,,1784647980,
1292,3621,break,1784648160,,4055.45,,,,,
1292,3622,return,1784648220,1784648220382,4055.76,,,,,
1291,3623,cancelled_opposing_structure,1784648220,,4055.36,,,9427,1784647680,
1292,3624,cancelled_second_break,1784648220,,4055.36,,,,,
1278,3625,touch,1784648460,1784648502964,4053.39,,,,,
1289,3626,sc_superseded,1784648580,,,,,9428,,
1289,3627,sc_hh,1784648580,,4053.78,,,9428,1784648400,
1289,3628,fvg_none,1784648640,,,,,,,
1278,3629,sc_hh,1784648820,,4056.08,,,9429,1784648640,
1293,3630,touch,1784648880,1784648887191,4057.91,,,,,
1278,3631,fvg_fixed,1784648880,,,4055.98,4057.39,,1784648760,
1278,3632,fvg_lapsed,1784649240,,4055.67,,,,,
1294,3633,touch,1784650620,1784650663704,4055.87,,,,,
1289,3634,sc_hh,1784650620,,4056.79,,,9436,1784650500,
1293,3635,sc_hh,1784650620,,4056.79,,,9436,1784650500,
1289,3636,fvg_fixed,1784650680,,,4056.49,4056.91,,1784650560,
1293,3637,fvg_fixed,1784650680,,,4056.49,4056.91,,1784650560,
1278,3638,cancelled_opposing_structure,1784651040,,4052.56,,,9433,1784649360,
1294,3639,break,1784651040,,4052.56,,,,,
1294,3640,return,1784651100,1784651101391,4052.93,,,,,
1294,3641,cancelled_second_break,1784651280,,4051.20,,,,,
1295,3642,touch,1784651640,1784651689015,4056.99,,,,,
1289,3643,hl,1784651820,,4057.36,,,9440,,
1293,3644,hl,1784651820,,4057.36,,,9440,,
1289,3645,sc_superseded,1784652180,,,,,9439,,
1289,3646,sc_hh,1784652180,,4047.61,,,9439,1784651640,
1293,3647,sc_superseded,1784652180,,,,,9439,,
1293,3648,sc_hh,1784652180,,4047.61,,,9439,1784651640,
1295,3649,sc_hh,1784652180,,4047.61,,,9439,1784651640,
1289,3650,fvg_fixed,1784652240,,,4047.12,4047.69,,1784652120,
1293,3651,fvg_fixed,1784652240,,,4047.12,4047.69,,1784652120,
1295,3652,fvg_fixed,1784652240,,,4047.12,4047.69,,1784652120,
1289,3653,fvg_lapsed,1784652480,,4048.76,,,,,
1293,3654,fvg_lapsed,1784652480,,4048.76,,,,,
1295,3655,fvg_lapsed,1784652480,,4048.76,,,,,
1296,3656,touch,1784652600,1784652600063,4050.44,,,,,
1289,3657,cancelled_opposing_structure,1784653080,,4052.89,,,9443,1784652600,
1293,3658,cancelled_opposing_structure,1784653080,,4052.89,,,9443,1784652600,
1295,3659,cancelled_opposing_structure,1784653080,,4052.89,,,9443,1784652600,
1296,3660,cancelled_opposing_structure,1784653080,,4052.89,,,9443,1784652600,
1288,3661,touch,1784654700,1784654738623,4068.04,,,,,
1288,3662,break,1784655000,,4072.51,,,,,
1288,3663,return,1784655120,1784655175106,4069.99,,,,,
1298,3664,touch,1784655300,1784655300042,4066.77,,,,,
1288,3665,cancelled_second_break,1784657400,,4073.21,,,,,
1298,3666,sc_hh,1784657400,,4070.96,,,9455,1784657100,
1298,3667,fvg_fixed,1784657460,,,4070.36,4070.57,,1784657340,
1298,3668,sc_superseded,1784657700,,,,,9457,,
1298,3669,sc_hh,1784657700,,4073.78,,,9457,1784657400,
1298,3670,fvg_fixed,1784657760,,,4073.60,4075.20,,1784657640,
1298,3671,hl,1784658180,,4075.48,,,9459,,
1298,3672,sc_superseded,1784658720,,,,,9460,,
1298,3673,sc_hh,1784658720,,4079.10,,,9460,1784658360,
1298,3674,fvg_fixed,1784658780,,,4077.52,4077.93,,1784658600,
1300,3675,touch,1784659260,1784659295185,4078.30,,,,,
1298,3676,fvg_lapsed,1784659440,,4075.82,,,,,
1300,3677,break,1784659500,,4074.66,,,,,
1300,3678,return,1784659560,1784659596763,4075.73,,,,,
1300,3679,cancelled_second_break,1784659560,,4075.70,,,,,
1301,3680,touch,1784659920,1784659943094,4076.54,,,,,
1298,3681,sc_hh,1784661180,,4078.06,,,9469,1784661000,
1301,3682,cancelled_opposing_structure,1784661180,,4078.58,,,9467,1784659980,
1298,3683,fvg_fixed,1784661240,,,4077.50,4077.83,,1784661120,
1298,3684,fvg_lapsed,1784661540,,4077.36,,,,,
1298,3685,cancelled_opposing_structure,1784662080,,4075.06,,,9473,1784661660,
1299,3686,touch,1784663220,1784663225632,4070.95,,,,,
1299,3687,cancelled_opposing_structure,1784664960,,4069.49,,,9479,1784663220,
1302,3688,touch,1784668080,1784668087343,4070.98,,,,,
1302,3689,break,1784668620,,4073.76,,,,,
1302,3690,cancelled_opposing_structure,1784668740,,4073.27,,,9498,1784668320,
1118,3691,touch,1784669100,1784669122757,4085.64,,,,,
1118,3692,sc_hh,1784670420,,4081.51,,,9502,1784670180,
1118,3693,fvg_fixed,1784670480,,,4081.06,4081.60,,1784670360,
1118,3694,fvg_lapsed,1784670900,,4083.11,,,,,
1118,3695,cancelled_opposing_structure,1784671380,,4085.08,,,9506,1784670960,
1305,3696,touch,1784671680,1784671695428,4082.57,,,,,
1305,3697,break,1784671860,,4080.10,,,,,
1305,3698,return,1784671920,1784671920292,4080.51,,,,,
1306,3699,touch,1784672220,1784672220171,4082.24,,,,,
1305,3700,sc_hh,1784672700,,4084.06,,,9509,1784672280,
1305,3701,fvg_fixed,1784672760,,,4083.69,4083.70,,1784672580,
1306,3702,cancelled_opposing_structure,1784672820,,4084.36,,,9510,1784672280,
1305,3703,fvg_lapsed,1784673120,,4083.52,,,,,
1308,3704,touch,1784673660,1784673666378,4083.64,,,,,
1305,3705,sc_hh,1784674020,,4084.44,,,9513,1784673960,
1305,3706,fvg_none,1784674080,,,,,,,
1308,3707,break,1784675160,,4086.01,,,,,
1308,3708,cancelled_opposing_structure,1784675160,,4086.01,,,9515,1784674020,
1307,3709,touch,1784676000,1784676028642,4081.61,,,,,
1305,3710,cancelled_opposing_structure,1784676000,,4082.22,,,9518,1784674980,
1307,3711,sc_hh,1784676600,,4083.14,,,9522,1784676540,
1307,3712,fvg_fixed,1784676660,,,4082.80,4083.54,,1784676540,
1307,3713,fvg_lapsed,1784677020,,4082.68,,,,,
1307,3714,break,1784677500,,4079.30,,,,,
1307,3715,return,1784682000,1784682000557,4081.01,,,,,
1307,3716,cancelled_second_break,1784682000,,4079.95,,,,,
1309,3717,touch,1784683680,1784683723593,4082.77,,,,,
1309,3718,sc_hh,1784684820,,4082.82,,,9532,1784684280,
1309,3719,fvg_fixed,1784684880,,,4082.73,4082.85,,1784684760,
1310,3720,touch,1784685120,1784685122660,4079.51,,,,,
1309,3721,hl,1784685660,,4081.27,,,9536,,
1309,3722,cancelled_opposing_structure,1784685900,,4081.41,,,9537,1784685480,
1310,3723,sc_hh,1784685900,,4081.27,,,9536,1784685600,
1310,3724,fvg_none,1784685960,,,,,,,
1310,3725,sc_hh,1784686680,,4081.86,,,9538,1784685960,
1310,3726,fvg_fixed,1784686740,,,4081.54,4082.08,,1784686620,
1310,3727,fvg_lapsed,1784686860,,4081.50,,,,,
1310,3728,cancelled_opposing_structure,1784688240,,4080.44,,,9546,1784687700,
1311,3729,touch,1784688360,1784688364580,4082.84,,,,,
1311,3730,sc_hh,1784688360,,4080.47,,,9545,1784688360,
1311,3731,fvg_none,1784688420,,,,,,,
1311,3732,sc_hh,1784689200,,4079.29,,,9547,1784688360,
1311,3733,fvg_fixed,1784689260,,,4077.89,4080.35,,1784689140,
1311,3734,fvg_lapsed,1784689440,,4082.67,,,,,
1311,3735,break,1784689560,,4085.92,,,,,
1311,3736,cancelled_opposing_structure,1784690940,,4098.10,,,9552,1784690220,
1065,3737,touch,1784693040,1784693071824,4113.13,,,,,
1066,3738,touch,1784693640,1784693646360,4118.84,,,,,
1065,3739,break,1784693640,,4121.32,,,,,
1066,3740,break,1784693640,,4121.32,,,,,
1066,3741,return,1784693700,1784693702304,4120.81,,,,,
1065,3742,return,1784693700,1784693712246,4119.89,,,,,
1065,3743,cancelled_opposing_structure,1784695080,,4117.72,,,9566,1784694480,
1066,3744,cancelled_opposing_structure,1784695080,,4117.72,,,9566,1784694480,
1042,3745,touch,1784697420,1784697422271,4124.12,,,,,
1042,3746,cancelled_opposing_structure,1784698020,,4125.29,,,9577,1784697420,
1041,3747,touch,1784698320,1784698353711,4128.38,,,,,
1041,3748,cancelled_opposing_structure,1784699940,,4130.43,,,9581,1784698440,
957,3749,touch,1784700420,1784700445099,4139.75,,,,,
957,3750,cancelled_opposing_structure,1784701380,,4140.95,,,9588,1784700480,
1314,3751,touch,1784703720,1784703748400,4129.01,,,,,
1314,3752,cancelled_opposing_structure,1784704320,,4126.48,,,9595,1784703840,
1315,3753,touch,1784706240,1784706293198,4127.63,,,,,
1315,3754,cancelled_opposing_structure,1784707320,,4127.84,,,9605,1784706240,
1316,3755,touch,1784709000,1784709011841,4127.13,,,,,
1316,3756,break,1784709420,,4131.55,,,,,
1316,3757,cancelled_opposing_structure,1784709480,,4132.33,,,9618,1784709060,
1317,3758,touch,1784712180,1784712238209,4126.26,,,,,
1317,3759,break,1784712300,,4121.94,,,,,
1317,3760,sc_hh,1784712840,,4119.20,,,9628,1784712660,
1317,3761,fvg_fixed,1784712900,,,4117.61,4118.94,,1784712780,
1317,3762,fvg_lapsed,1784713020,,4117.26,,,,,
1317,3763,sc_hh,1784713500,,4120.33,,,9630,1784713020,
1317,3764,fvg_fixed,1784713560,,,4118.69,4118.74,,1784713320,
1317,3765,fvg_lapsed,1784713680,,4118.56,,,,,
1317,3766,cancelled_opposing_structure,1784714640,,4112.68,,,9633,1784713860,
1319,3767,touch,1784716560,1784716602069,4117.21,,,,,
1319,3768,break,1784716920,,4111.26,,,,,
1319,3769,return,1784716980,1784717003742,4111.88,,,,,
1319,3770,cancelled_second_break,1784717160,,4110.90,,,,,
1320,3771,touch,1784719380,1784719407345,4117.71,,,,,
1320,3772,cancelled_opposing_structure,1784719860,,4118.81,,,9652,1784719380,
1321,3773,touch,1784721180,1784721192761,4116.64,,,,,
1321,3774,break,1784721600,,4119.15,,,,,
1321,3775,return,1784721660,1784721663914,4119.10,,,,,
1321,3776,cancelled_second_break,1784721660,,4119.12,,,,,
1322,3777,touch,1784723400,1784723440144,4117.36,,,,,
1322,3778,break,1784724780,,4113.38,,,,,
1322,3779,cancelled_opposing_structure,1784724780,,4113.38,,,9672,1784723940,
1323,3780,touch,1784728500,1784728507251,4117.71,,,,,
1323,3781,sc_hh,1784729340,,4118.28,,,9689,1784728920,
1323,3782,fvg_fixed,1784729400,,,4117.12,4118.01,,1784729280,
1323,3783,sc_superseded,1784729760,,,,,9692,,
1323,3784,sc_hh,1784729760,,4120.93,,,9692,1784729520,
1323,3785,fvg_fixed,1784729820,,,4119.52,4120.93,,1784729700,
1323,3786,hl,1784730180,,4120.58,,,9695,,
1323,3787,fvg_lapsed,1784730300,,4119.42,,,,,
1323,3788,cancelled_opposing_structure,1784730360,,4117.58,,,9696,1784730000,
1318,3789,touch,1784733600,1784733630348,4129.52,,,,,
1318,3790,break,1784734080,,4132.45,,,,,
1318,3791,return,1784734140,1784734166047,4131.85,,,,,
1318,3792,cancelled_second_break,1784734140,,4132.65,,,,,
1325,3793,touch,1784734440,1784734498430,4127.55,,,,,
1325,3794,break,1784734620,,4124.69,,,,,
1325,3795,return,1784734680,1784734681066,4124.81,,,,,
1325,3796,cancelled_second_break,1784735100,,4124.76,,,,,
1324,3797,touch,1784735220,1784735226664,4121.05,,,,,
1324,3798,break,1784735580,,4117.57,,,,,
1324,3799,return,1784735640,1784735642115,4118.01,,,,,
1324,3800,cancelled_second_break,1784735640,,4117.99,,,,,
1327,3801,touch,1784736840,1784736891431,4125.50,,,,,
1326,3802,touch,1784737140,1784737167463,4128.66,,,,,
1327,3803,break,1784737140,,4130.86,,,,,
1326,3804,break,1784737380,,4133.51,,,,,
1326,3805,return,1784737440,1784737456993,4133.10,,,,,
1326,3806,cancelled_second_break,1784737440,,4133.58,,,,,
955,3807,touch,1784737980,1784738012881,4146.17,,,,,
1327,3808,cancelled_opposing_structure,1784737980,,4143.35,,,9715,1784736060,
955,3809,break,1784738880,,4148.56,,,,,
955,3810,cancelled_opposing_structure,1784738880,,4148.56,,,9717,1784737980,
949,3811,touch,1784739480,1784739480832,4149.71,,,,,
949,3812,break,1784739600,,4155.83,,,,,
949,3813,return,1784739660,1784739661194,4155.46,,,,,
949,3814,cancelled_second_break,1784739660,,4160.77,,,,,
1330,3815,touch,1784741160,1784741173643,4148.02,,,,,
1330,3816,cancelled_opposing_structure,1784742600,,4147.01,,,9730,1784742120,
1332,3817,touch,1784747160,1784747165995,4158.61,,,,,
1332,3818,sc_hh,1784747400,,4156.20,,,9744,1784747160,
1332,3819,fvg_fixed,1784747460,,,4155.82,4156.76,,1784747340,
1332,3820,hl,1784748180,,4155.53,,,9747,,
1332,3821,sc_superseded,1784748300,,,,,9746,,
1332,3822,sc_hh,1784748300,,4151.14,,,9746,1784748000,
1331,3823,touch,1784748360,1784748385079,4148.87,,,,,
1332,3824,fvg_fixed,1784748360,,,4150.68,4152.19,,1784748240,
1332,3825,sc_superseded,1784748720,,,,,9748,,
1332,3826,sc_hh,1784748720,,4147.85,,,9748,1784748600,
1332,3827,fvg_fixed,1784748780,,,4148.58,4148.81,,1784748600,
1331,3828,break,1784748900,,4146.09,,,,,
1331,3829,return,1784749020,1784749057481,4146.19,,,,,
1332,3830,fvg_lapsed,1784749200,,4150.11,,,,,
1333,3831,touch,1784749260,1784749275198,4151.16,,,,,
1331,3832,cancelled_second_break,1784749500,,4146.06,,,,,
1332,3833,sc_hh,1784749860,,4145.83,,,9751,1784749500,
1333,3834,sc_hh,1784749860,,4145.83,,,9751,1784749500,
1332,3835,fvg_none,1784749920,,,,,,,
1333,3836,fvg_none,1784749920,,,,,,,
1332,3837,sc_hh,1784750880,,4144.51,,,9755,1784750700,
1333,3838,sc_hh,1784750880,,4144.51,,,9755,1784750700,
1332,3839,fvg_fixed,1784750940,,,4144.61,4145.51,,1784750820,
1333,3840,fvg_fixed,1784750940,,,4144.61,4145.51,,1784750820,
1332,3841,hl,1784751420,,4145.87,,,9758,,
1333,3842,hl,1784751420,,4145.87,,,9758,,
1332,3843,sc_superseded,1784751540,,,,,9757,,
1332,3844,sc_hh,1784751540,,4143.16,,,9757,1784750880,
1333,3845,sc_superseded,1784751540,,,,,9757,,
1333,3846,sc_hh,1784751540,,4143.16,,,9757,1784750880,
1332,3847,fvg_none,1784751600,,,,,,,
1333,3848,fvg_none,1784751600,,,,,,,
1332,3849,sc_hh,1784752560,,4142.70,,,9759,1784752320,
1333,3850,sc_hh,1784752560,,4142.70,,,9759,1784752320,
1332,3851,fvg_fixed,1784752620,,,4142.64,4144.77,,1784752500,
1333,3852,fvg_fixed,1784752620,,,4142.64,4144.77,,1784752500,
1334,3853,touch,1784753340,1784753375046,4143.25,,,,,
1335,3854,touch,1784753700,1784753700086,4142.67,,,,,
1332,3855,hl,1784753760,,4143.70,,,9764,,
1333,3856,hl,1784753760,,4143.70,,,9764,,
1332,3857,reaction,1784753880,,,,,,,
1333,3858,reaction,1784753880,,,,,,,
1332,3859,lost_competition,1784753880,,,,,1333,,
1333,3860,entry_attempt,1784753940,1784753940243,4142.52,4142.52,4142.76,,,10009
1333,3861,fill,1784753940,1784753940243,4142.52,4155.85,4115.86,,,
1332,3862,reaction,1784753940,,,,,,,
1332,3863,entry_attempt,1784754000,1784754000062,4142.38,4142.38,4142.62,,,10009
1332,3864,fill,1784754000,1784754000062,4142.38,4165.60,4095.94,,,
1334,3865,sc_hh,1784754060,,4141.06,,,9765,1784753880,
1335,3866,break,1784754060,,4136.89,,,,,
1334,3867,fvg_fixed,1784754120,,,4138.41,4140.65,,1784754000,
1335,3868,cancelled_opposing_structure,1784754120,,4137.55,,,9766,1784753700,
1334,3869,fvg_lapsed,1784754420,,4141.02,,,,,
1334,3870,sc_hh,1784755320,,4136.70,,,9769,1784755260,
1334,3871,fvg_fixed,1784755380,,,4136.02,4137.02,,1784755260,
1329,3872,touch,1784755740,1784755793036,4134.95,,,,,
1334,3873,sc_superseded,1784755800,,,,,9771,,
1334,3874,sc_hh,1784755800,,4135.11,,,9771,1784755440,
1334,3875,fvg_fixed,1784755860,,,4134.61,4134.72,,1784755740,
1334,3876,fvg_lapsed,1784756160,,4135.47,,,,,
1334,3877,cancelled_opposing_structure,1784756700,,4136.69,,,9774,1784756400,
1329,3878,sc_hh,1784756700,,4136.20,,,9773,1784756460,
1329,3879,fvg_fixed,1784756760,,,4136.12,4136.54,,1784756640,
1329,3880,fvg_lapsed,1784757540,,4136.04,,,,,
1336,3881,touch,1784757900,1784757904510,4135.31,,,,,
1329,3882,cancelled_opposing_structure,1784758860,,4132.31,,,9777,1784757660,
1336,3883,sc_hh,1784758860,,4133.26,,,9778,1784758560,
1336,3884,fvg_fixed,1784758920,,,4133.32,4133.47,,1784758800,
1336,3885,fvg_lapsed,1784758980,,4134.55,,,,,
1336,3886,cancelled_opposing_structure,1784759640,,4135.62,,,9781,1784758980,
1337,3887,touch,1784761260,1784761318432,4133.18,,,,,
1337,3888,break,1784762280,,4136.47,,,,,
1337,3889,cancelled_opposing_structure,1784762280,,4136.47,,,9790,1784761320,
1328,3890,touch,1784768400,1784768401535,4118.05,,,,,
1328,3891,sc_hh,1784769960,,4125.99,,,9805,1784769720,
1328,3892,fvg_fixed,1784770020,,,4125.71,4127.07,,1784769900,
1339,3893,touch,1784770200,1784770202631,4129.00,,,,,
1328,3894,fvg_lapsed,1784770440,,4125.55,,,,,
1339,3895,sc_hh,1784770800,,4124.10,,,9807,1784770620,
1328,3896,cancelled_opposing_structure,1784770860,,4122.73,,,9808,1784770500,
1339,3897,fvg_fixed,1784770860,,,4123.17,4125.51,,1784770740,
1339,3898,hl,1784771940,,4126.68,,,9813,,
1339,3899,sc_superseded,1784772000,,,,,9809,,
1339,3900,sc_hh,1784772000,,4119.95,,,9809,1784771760,
1339,3901,fvg_none,1784772060,,,,,,,
1339,3902,sc_hh,1784773800,,4119.53,,,9816,1784773560,
1340,3903,touch,1784773860,1784773907415,4119.09,,,,,
1339,3904,fvg_none,1784773860,,,,,,,
1340,3905,sc_hh,1784774220,,4122.48,,,9819,1784774100,
1340,3906,fvg_fixed,1784774280,,,4122.24,4122.35,,1784774160,
1340,3907,fvg_lapsed,1784774340,,4121.58,,,,,
1340,3908,sc_hh,1784774580,,4123.52,,,9820,1784774520,
1340,3909,fvg_fixed,1784774640,,,4122.42,4122.75,,1784774520,
1339,3910,cancelled_opposing_structure,1784774760,,4129.67,,,9821,1784774220,
1340,3911,hl,1784775960,,4128.31,,,9824,,
1340,3912,sc_superseded,1784776920,,,,,9826,,
1340,3913,sc_hh,1784776920,,4129.17,,,9826,1784776680,
1340,3914,fvg_fixed,1784776980,,,4128.94,4130.54,,1784776860,
1340,3915,hl,1784777580,,4128.23,,,9828,,
1340,3916,reaction,1784777700,,,,,,,
1340,3917,entry_attempt,1784777760,1784777760009,4131.03,4130.80,4131.03,,,10009
1340,3918,fill,1784777760,1784777760009,4131.03,4116.40,4160.29,,,
1338,3919,touch,1784779200,1784779209936,4136.40,,,,,
1338,3920,break,1784780520,,4139.06,,,,,
1338,3921,return,1784780640,1784780672541,4137.75,,,,,
1338,3922,cancelled_second_break,1784780700,,4137.88,,,,,
1341,3923,touch,1784781000,1784781056275,4130.04,,,,,
1341,3924,break,1784781360,,4126.48,,,,,
1341,3925,cancelled_opposing_structure,1784781480,,4124.38,,,9843,1784781000,
1340,3926,exit,1784782560,1784782582399,4115.83,,,,,sl
1333,3927,exit,1784782560,1784782582460,4115.75,,,,,tp
1344,3928,touch,1784788560,1784788561701,4130.65,,,,,
1343,3929,touch,1784788920,1784788951382,4127.64,,,,,
1344,3930,sc_hh,1784788920,,4128.35,,,9866,1784788560,
1344,3931,fvg_fixed,1784788980,,,4127.36,4129.03,,1784788860,
1344,3932,sc_superseded,1784789220,,,,,9869,,
1344,3933,sc_hh,1784789220,,4125.96,,,9869,1784789040,
1344,3934,fvg_fixed,1784789280,,,4125.77,4126.33,,1784789160,
1344,3935,sc_superseded,1784789760,,,,,9870,,
1344,3936,sc_hh,1784789760,,4124.99,,,9870,1784789640,
1343,3937,break,1784789760,,4124.44,,,,,
1343,3938,return,1784789820,1784789822370,4124.49,,,,,
1344,3939,fvg_none,1784789820,,,,,,,
1343,3940,cancelled_second_break,1784790000,,4124.13,,,,,
1344,3941,cancelled_opposing_structure,1784791320,,4129.05,,,9875,1784790900,
1345,3942,touch,1784794500,1784794509484,4122.56,,,,,
1345,3943,sc_hh,1784794500,,4122.60,,,9883,1784793840,
1345,3944,fvg_fixed,1784794560,,,4121.52,4123.10,,1784793960,
1345,3945,fvg_lapsed,1784794920,,4121.08,,,,,
1346,3946,touch,1784795280,1784795283641,4123.48,,,,,
1345,3947,sc_hh,1784795340,,4124.98,,,9885,1784795040,
1346,3948,break,1784795340,,4125.48,,,,,
1346,3949,return,1784795400,1784795400796,4124.96,,,,,
1345,3950,fvg_fixed,1784795400,,,4121.96,4122.77,,1784795100,
1346,3951,cancelled_second_break,1784795400,,4127.80,,,,,
1345,3952,hl,1784796240,,4124.65,,,9889,,
1345,3953,sc_superseded,1784796360,,,,,9887,,
1345,3954,sc_hh,1784796360,,4128.51,,,9887,1784796060,
1345,3955,fvg_fixed,1784796420,,,4128.53,4128.83,,1784796300,
1345,3956,fvg_lapsed,1784796480,,4126.81,,,,,
1347,3957,touch,1784796900,1784796953211,4122.71,,,,,
1345,3958,cancelled_opposing_structure,1784796960,,4121.66,,,9892,1784796660,
1348,3959,touch,1784797200,1784797207607,4124.68,,,,,
1347,3960,sc_hh,1784798220,,4124.37,,,9896,1784797920,
1348,3961,cancelled_opposing_structure,1784798220,,4125.30,,,9897,1784797920,
1347,3962,fvg_fixed,1784798280,,,4124.19,4125.30,,1784798160,
1347,3963,fvg_lapsed,1784798700,,4123.23,,,,,
1349,3964,touch,1784799300,1784799300032,4122.43,,,,,
1347,3965,break,1784799600,,4118.00,,,,,
1349,3966,sc_hh,1784799600,,4120.54,,,9899,1784799420,
1347,3967,cancelled_opposing_structure,1784799660,,4118.62,,,9900,1784799120,
1349,3968,fvg_fixed,1784799660,,,4118.62,4120.75,,1784799540,
1349,3969,fvg_lapsed,1784799900,,4121.48,,,,,
1349,3970,sc_hh,1784800860,,4116.91,,,9901,1784800140,
1349,3971,fvg_fixed,1784800920,,,4115.90,4116.14,,1784800800,
1349,3972,sc_superseded,1784801160,,,,,9904,,
1349,3973,sc_hh,1784801160,,4113.95,,,9904,1784800860,
1349,3974,fvg_fixed,1784801220,,,4113.74,4114.80,,1784801100,
1349,3975,hl,1784802000,,4111.95,,,9906,,
1349,3976,sc_superseded,1784802600,,,,,9907,,
1349,3977,sc_hh,1784802600,,4105.48,,,9907,1784802420,
1349,3978,fvg_fixed,1784802660,,,4104.66,4107.74,,1784802540,
1313,3979,touch,1784803320,1784803342271,4097.15,,,,,
1332,3980,exit,1784803320,1784803358459,4095.78,,,,,tp
1313,3981,break,1784803620,,4092.28,,,,,
1313,3982,return,1784803680,1784803692786,4093.63,,,,,
1313,3983,cancelled_second_break,1784803740,,4093.07,,,,,
1349,3984,hl,1784803920,,4095.32,,,9911,,
1349,3985,sc_superseded,1784805540,,,,,9916,,
1349,3986,sc_hh,1784805540,,4090.23,,,9916,1784805240,
1349,3987,fvg_none,1784805600,,,,,,,
1349,3988,cancelled_opposing_structure,1784806380,,4091.81,,,9919,1784805720,
1352,3989,touch,1784809500,1784809518534,4092.42,,,,,
1353,3990,touch,1784810700,1784810739515,4094.05,,,,,
1352,3991,sc_hh,1784810700,,4092.70,,,9933,1784810460,
1352,3992,fvg_fixed,1784810760,,,4091.77,4091.86,,1784810460,
1352,3993,fvg_lapsed,1784811060,,4090.90,,,,,
1353,3994,sc_hh,1784811420,,4089.85,,,9936,1784811240,
1352,3995,cancelled_opposing_structure,1784811480,,4088.80,,,9937,1784811120,
1353,3996,fvg_fixed,1784811480,,,4089.97,4091.25,,1784811360,
1353,3997,hl,1784811900,,4091.62,,,9939,,
1353,3998,reaction,1784812080,,,,,,,
1353,3999,entry_attempt,1784812140,1784812140100,4089.11,4089.11,4089.34,,,10009
1353,4000,fill,1784812140,1784812140100,4089.11,4097.49,4072.35,,,
1354,4001,touch,1784815560,1784815578989,4089.82,,,,,
1354,4002,break,1784815980,,4087.06,,,,,
1354,4003,return,1784816040,1784816042622,4087.38,,,,,
1354,4004,cancelled_second_break,1784816100,,4086.16,,,,,
1312,4005,touch,1784816580,1784816638178,4081.40,,,,,
1312,4006,break,1784817120,,4080.05,,,,,
1312,4007,cancelled_opposing_structure,1784817120,,4080.05,,,9953,1784816640,
1355,4008,touch,1784817900,1784817949764,4081.62,,,,,
1355,4009,break,1784818320,,4085.61,,,,,
1355,4010,return,1784818380,1784818412315,4084.97,,,,,
1355,4011,cancelled_second_break,1784818680,,4085.58,,,,,
1356,4012,touch,1784819700,1784819720912,4079.52,,,,,
1353,4013,exit,1784820240,1784820275656,4071.75,,,,,tp
1304,4014,touch,1784820240,1784820275656,4071.51,,,,,
1356,4015,break,1784820240,,4071.71,,,,,
1356,4016,return,1784820300,1784820307884,4073.37,,,,,
1356,4017,cancelled_second_break,1784820600,,4071.18,,,,,
1304,4018,break,1784820600,,4071.18,,,,,
1303,4019,touch,1784820660,1784820666961,4069.56,,,,,
1304,4020,cancelled_opposing_structure,1784820660,,4069.59,,,9968,1784820240,
1303,4021,break,1784820960,,4067.29,,,,,
1303,4022,return,1784821080,1784821092420,4067.86,,,,,
1303,4023,cancelled_second_break,1784821320,,4067.00,,,,,
1297,4024,touch,1784822460,1784822489309,4059.29,,,,,
1297,4025,break,1784822700,,4052.94,,,,,
1297,4026,return,1784824080,1784824080775,4054.63,,,,,
1297,4027,cancelled_second_break,1784825160,,4054.22,,,,,
1357,4028,touch,1784825820,1784825876301,4047.27,,,,,
1357,4029,break,1784826480,,4040.37,,,,,
1357,4030,return,1784826540,1784826541413,4040.73,,,,,
1358,4031,touch,1784827440,1784827493742,4051.85,,,,,
1357,4032,sc_hh,1784827440,,4051.35,,,9986,1784827140,
1357,4033,fvg_fixed,1784827500,,,4047.21,4048.84,,1784827260,
1357,4034,hl,1784828100,,4051.69,,,9989,,
1357,4035,sc_superseded,1784828220,,,,,9988,,
1357,4036,sc_hh,1784828220,,4057.99,,,9988,1784827920,
1358,4037,break,1784828220,,4059.49,,,,,
1358,4038,cancelled_opposing_structure,1784828220,,4059.49,,,9989,1784827860,
1357,4039,fvg_fixed,1784828280,,,4055.30,4056.55,,1784828100,
1357,4040,sc_superseded,1784828760,,,,,9990,,
1357,4041,sc_hh,1784828760,,4060.33,,,9990,1784828640,
1357,4042,fvg_fixed,1784828820,,,4057.73,4059.30,,1784828640,
1357,4043,fvg_lapsed,1784829060,,4057.53,,,,,
1357,4044,cancelled_opposing_structure,1784829900,,4055.47,,,9994,1784829300,
1359,4045,touch,1784830200,1784830226241,4049.91,,,,,
1360,4046,touch,1784830620,1784830666244,4056.58,,,,,
1359,4047,cancelled_opposing_structure,1784830920,,4048.13,,,9998,1784830200,
1360,4048,sc_hh,1784830920,,4049.40,,,9996,1784830620,
1360,4049,fvg_fixed,1784830980,,,4050.49,4051.37,,1784830860,
1360,4050,sc_superseded,1784831400,,,,,9999,,
1360,4051,sc_hh,1784831400,,4045.61,,,9999,1784830920,
1360,4052,fvg_fixed,1784831460,,,4047.06,4047.59,,1784831280,
1360,4053,fvg_lapsed,1784831760,,4049.20,,,,,
1361,4054,touch,1784832660,1784832673650,4047.04,,,,,
1360,4055,sc_hh,1784834340,,4047.31,,,10010,1784834040,
1361,4056,cancelled_opposing_structure,1784834340,,4046.45,,,10009,1784833020,
1360,4057,fvg_none,1784834400,,,,,,,
1360,4058,sc_hh,1784835240,,4048.37,,,10015,1784834940,
1360,4059,fvg_fixed,1784835300,,,4049.60,4049.65,,1784835120,
1360,4060,fvg_lapsed,1784835480,,4050.33,,,,,
1360,4061,cancelled_opposing_structure,1784836620,,4051.65,,,10020,1784835900,
1362,4062,touch,1784837220,1784837250142,4049.72,,,,,
1362,4063,break,1784837460,,4047.82,,,,,
1362,4064,return,1784837520,1784837570475,4048.00,,,,,
1362,4065,cancelled_second_break,1784837520,,4047.46,,,,,
1364,4066,touch,1784842200,1784842258290,4046.83,,,,,
1364,4067,cancelled_opposing_structure,1784843160,,4047.06,,,10042,1784842620,
1365,4068,touch,1784844540,1784844598678,4043.54,,,,,
1365,4069,sc_hh,1784845200,,4045.85,,,10048,1784845080,
1365,4070,fvg_fixed,1784845260,,,4045.44,4045.96,,1784845140,
1363,4071,touch,1784845800,1784845838645,4050.61,,,,,
1365,4072,sc_superseded,1784845800,,,,,10049,,
1365,4073,sc_hh,1784845800,,4049.19,,,10049,1784845680,
1365,4074,fvg_none,1784845860,,,,,,,
1363,4075,sc_hh,1784845980,,4047.05,,,10050,1784845800,
1363,4076,fvg_fixed,1784846040,,,4047.80,4048.01,,1784845800,
1363,4077,hl,1784846520,,4048.27,,,10053,,
1365,4078,cancelled_opposing_structure,1784846760,,4045.31,,,10053,1784845980,
1363,4079,sc_superseded,1784846760,,,,,10052,,
1363,4080,sc_hh,1784846760,,4045.75,,,10052,1784846340,
1363,4081,fvg_fixed,1784846820,,,4046.63,4046.87,,1784846520,
1367,4082,touch,1784847000,1784847003551,4046.83,,,,,
1363,4083,fvg_lapsed,1784847000,,4047.17,,,,,
1367,4084,break,1784847060,,4049.81,,,,,
1367,4085,return,1784847960,1784847977692,4048.26,,,,,
1367,4086,cancelled_second_break,1784847960,,4049.07,,,,,
1368,4087,touch,1784848740,1784848745028,4048.17,,,,,
1363,4088,sc_hh,1784848800,,4048.26,,,10056,1784848140,
1363,4089,fvg_fixed,1784848860,,,4048.88,4048.90,,1784848500,
1363,4090,fvg_lapsed,1784848920,,4048.97,,,,,
1368,4091,sc_hh,1784849220,,4050.02,,,10057,1784848860,
1368,4092,fvg_fixed,1784849280,,,4049.23,4050.00,,1784849160,
1368,4093,fvg_lapsed,1784849400,,4049.17,,,,,
1369,4094,touch,1784850000,1784850011942,4049.57,,,,,
1363,4095,sc_hh,1784850720,,4048.81,,,10063,1784850480,
1368,4096,cancelled_opposing_structure,1784850720,,4047.58,,,10065,1784850120,
1369,4097,break,1784850720,,4047.58,,,,,
1369,4098,cancelled_opposing_structure,1784850720,,4047.58,,,10065,1784850120,
1363,4099,fvg_fixed,1784850780,,,4047.90,4048.89,,1784850660,
1363,4100,fvg_lapsed,1784850900,,4049.45,,,,,
1363,4101,cancelled_opposing_structure,1784856720,,4050.28,,,10073,1784856240,
1370,4102,touch,1784861280,1784861330802,4049.16,,,,,
1370,4103,sc_hh,1784862360,,4046.68,,,10092,1784862120,
1370,4104,fvg_fixed,1784862420,,,4047.06,4047.11,,1784862240,
1366,4105,touch,1784862600,1784862632691,4044.39,,,,,
1366,4106,break,1784862840,,4041.60,,,,,
1366,4107,return,1784862960,1784862983802,4043.15,,,,,
1371,4108,touch,1784863380,1784863415277,4047.01,,,,,
1371,4109,sc_hh,1784863440,,4046.68,,,10092,1784862120,
1371,4110,fvg_fixed,1784863500,,,4047.06,4047.11,,1784862240,
1370,4111,fvg_lapsed,1784863980,,4047.13,,,,,
1371,4112,fvg_lapsed,1784863980,,4047.13,,,,,
1370,4113,cancelled_opposing_structure,1784864820,,4050.04,,,10098,1784864340,
1371,4114,break,1784864820,,4050.04,,,,,
1371,4115,cancelled_opposing_structure,1784864820,,4050.04,,,10098,1784864340,
1372,4116,touch,1784865600,1784865604060,4047.27,,,,,
1372,4117,break,1784865660,,4044.89,,,,,
1372,4118,return,1784865720,1784865720111,4044.94,,,,,
1366,4119,cancelled_second_break,1784865720,,4042.56,,,,,
1372,4120,cancelled_second_break,1784865720,,4042.56,,,,,
1373,4121,touch,1784868240,1784868244800,4048.76,,,,,
1374,4122,touch,1784868720,1784868748846,4045.05,,,,,
1375,4123,touch,1784869200,1784869200118,4043.62,,,,,
1374,4124,sc_hh,1784869980,,4045.22,,,10113,1784869500,
1374,4125,fvg_none,1784870040,,,,,,,
1374,4126,sc_hh,1784870640,,4046.07,,,10116,1784870580,
1374,4127,fvg_fixed,1784870700,,,4045.38,4045.96,,1784870580,
1373,4128,cancelled_opposing_structure,1784870820,,4047.92,,,10117,1784870220,
1375,4129,cancelled_opposing_structure,1784870820,,4047.92,,,10117,1784870220,
1374,4130,fvg_lapsed,1784871180,,4044.67,,,,,
1374,4131,break,1784871720,,4041.77,,,,,
1374,4132,return,1784871780,1784871787890,4042.10,,,,,
1374,4133,cancelled_second_break,1784871780,,4041.94,,,,,
1273,4134,touch,1784872020,1784872078222,4038.62,,,,,
1273,4135,break,1784872020,,4035.48,,,,,
1272,4136,touch,1784872080,1784872080416,4034.92,,,,,
1273,4137,return,1784872080,1784872095083,4036.85,,,,,
1273,4138,cancelled_second_break,1784872080,,4030.45,,,,,
1272,4139,break,1784872080,,4030.45,,,,,
1272,4140,return,1784872140,1784872141843,4031.06,,,,,
1272,4141,cancelled_second_break,1784872140,,4026.45,,,,,
1270,4142,touch,1784872500,1784872501676,4025.32,,,,,
1270,4143,sc_hh,1784873520,,4028.89,,,10123,1784873460,
1270,4144,fvg_fixed,1784873580,,,4028.42,4030.26,,1784873460,
1270,4145,hl,1784874180,,4028.18,,,10126,,
1270,4146,reaction,1784874240,,,,,,,
1270,4147,entry_attempt,1784874300,1784874300182,4030.53,4030.30,4030.53,,,10009
1270,4148,fill,1784874300,1784874300182,4030.53,4021.80,4047.99,,,
1378,4149,touch,1784878380,1784878418265,4029.25,,,,,
1378,4150,break,1784878800,,4026.71,,,,,
1378,4151,return,1784879040,1784879087873,4027.05,,,,,
1378,4152,cancelled_second_break,1784879040,,4026.86,,,,,
1379,4153,touch,1784880300,1784880312932,4029.35,,,,,
1377,4154,touch,1784880600,1784880645565,4030.90,,,,,
1379,4155,break,1784880600,,4031.59,,,,,
1379,4156,return,1784880660,1784880714310,4030.34,,,,,
1379,4157,cancelled_second_break,1784880660,,4030.40,,,,,
1377,4158,sc_hh,1784880840,,4027.65,,,10149,1784880600,
1377,4159,fvg_fixed,1784880900,,,4027.73,4029.36,,1784880780,
1377,4160,fvg_lapsed,1784881380,,4029.38,,,,,
1377,4161,cancelled_opposing_structure,1784882040,,4031.28,,,10153,1784881440,
1380,4162,touch,1784883600,1784883656572,4024.66,,,,,
1380,4163,break,1784884320,,4030.46,,,,,
1380,4164,cancelled_opposing_structure,1784884800,,4035.39,,,10161,1784884500,
1376,4165,touch,1784887740,1784887793396,4045.77,,,,,
1270,4166,exit,1784888460,1784888516458,4047.99,,,,,tp
1376,4167,break,1784888460,,4048.89,,,,,
1376,4168,cancelled_opposing_structure,1784888460,,4048.89,,,10171,1784887800,
1382,4169,touch,1784889540,1784889559970,4047.28,,,,,
1382,4170,sc_hh,1784890620,,4048.70,,,10176,1784890140,
1382,4171,fvg_none,1784890680,,,,,,,
1382,4172,cancelled_opposing_structure,1784891880,,4045.15,,,10180,1784891160,
1384,4173,touch,1784893560,1784893586734,4052.51,,,,,
1384,4174,sc_hh,1784893560,,4052.53,,,10186,1784892540,
1384,4175,fvg_fixed,1784893620,,,4052.54,4052.55,,1784893080,
1384,4176,sc_superseded,1784893860,,,,,10188,,
1384,4177,sc_hh,1784893860,,4055.53,,,10188,1784893680,
1384,4178,fvg_fixed,1784893920,,,4055.49,4055.65,,1784893800,
1384,4179,hl,1784894940,,4055.17,,,10191,,
1384,4180,fvg_lapsed,1784895060,,4054.89,,,,,
1384,4181,cancelled_opposing_structure,1784895240,,4054.14,,,10192,1784894760,
1386,4182,touch,1784901480,1784901504185,4059.82,,,,,
1387,4183,touch,1784903160,1784903212941,4059.40,,,,,
1386,4184,sc_hh,1784903160,,4060.03,,,10216,1784903040,
1386,4185,fvg_fixed,1784903220,,,4059.84,4060.63,,1784903100,
1386,4186,hl,1784903820,,4060.36,,,10219,,
1386,4187,sc_superseded,1784903880,,,,,10218,,
1386,4188,sc_hh,1784903880,,4058.04,,,10218,1784903640,
1387,4189,cancelled_opposing_structure,1784903880,,4057.73,,,10219,1784903400,
1386,4190,fvg_fixed,1784903940,,,4057.84,4058.12,,1784903820,
1385,4191,touch,1784904180,1784904191014,4056.06,,,,,
1385,4192,break,1784904480,,4054.21,,,,,
1385,4193,return,1784904540,1784904598339,4055.09,,,,,
1385,4194,cancelled_second_break,1784904600,,4054.44,,,,,
1388,4195,touch,1784905140,1784905147287,4058.16,,,,,
1388,4196,sc_hh,1784905140,,4058.04,,,10218,1784905140,
1388,4197,fvg_none,1784905200,,,,,,,
1386,4198,hl_failed,1784905320,,4061.53,,,10222,,
1386,4199,cancelled_opposing_structure,1784906820,,4059.54,,,10226,1784905740,
1388,4200,cancelled_opposing_structure,1784906820,,4059.54,,,10226,1784905740,
1389,4201,touch,1784907900,1784907925217,4056.13,,,,,
1389,4202,sc_hh,1784909100,,4051.71,,,10234,1784908800,
1389,4203,fvg_fixed,1784909160,,,4050.54,4052.16,,1784909040,
1383,4204,touch,1784909220,1784909268899,4047.78,,,,,
1389,4205,hl,1784909760,,4049.63,,,10237,,
1383,4206,break,1784909880,,4045.10,,,,,
1383,4207,return,1784909940,1784909940514,4045.13,,,,,
1389,4208,cancelled_opposing_structure,1784910660,,4049.54,,,10240,1784910120,
1383,4209,sc_hh,1784910660,,4048.52,,,10241,1784910600,
1383,4210,fvg_none,1784910720,,,,,,,
1390,4211,touch,1784910900,1784910959244,4051.76,,,,,
1390,4212,break,1784911140,,4056.19,,,,,
1390,4213,return,1784911200,1784911202905,4056.05,,,,,
1383,4214,sc_hh,1784911680,,4056.64,,,10243,1784911500,
1390,4215,cancelled_second_break,1784911680,,4059.73,,,,,
1383,4216,fvg_fixed,1784911740,,,4056.44,4057.36,,1784911620,
1383,4217,fvg_lapsed,1784911860,,4056.26,,,,,
1383,4218,sc_hh,1784912280,,4061.01,,,10247,1784912100,
1383,4219,fvg_fixed,1784912340,,,4059.79,4065.68,,1784912220,
1383,4220,fvg_lapsed,1784912820,,4058.15,,,,,
1383,4221,cancelled_opposing_structure,1784913480,,4057.08,,,10250,1784912820,
1392,4222,touch,1784914740,1784914787937,4060.28,,,,,
1393,4223,touch,1784915400,1784915426588,4064.56,,,,,
1392,4224,sc_hh,1784915820,,4064.75,,,10255,1784915640,
1392,4225,fvg_fixed,1784915880,,,4064.34,4064.62,,1784915760,
1393,4226,cancelled_opposing_structure,1784915880,,4065.04,,,10256,1784915400,
1392,4227,fvg_lapsed,1784915940,,4063.28,,,,,
1392,4228,sc_hh,1784916600,,4067.03,,,10259,1784916420,
1392,4229,fvg_fixed,1784916660,,,4063.91,4068.59,,1784916540,
1392,4230,hl,1784917800,,4072.47,,,10262,,
1392,4231,sc_superseded,1784918220,,,,,10263,,
1392,4232,sc_hh,1784918220,,4077.16,,,10263,1784918160,
1392,4233,fvg_fixed,1784918280,,,4075.65,4077.23,,1784918160,
1392,4234,fvg_lapsed,1784918520,,4074.06,,,,,
1392,4235,sc_hh,1784919540,,4077.11,,,10268,1784919300,
1395,4236,touch,1784919600,1784919600057,4077.34,,,,,
1392,4237,fvg_none,1784919600,,,,,,,
1392,4238,cancelled_opposing_structure,1784920380,,4074.84,,,10272,1784919600,
1395,4239,cancelled_opposing_structure,1784920380,,4074.84,,,10272,1784919600,
1394,4240,touch,1784922480,1784922494061,4064.62,,,,,
1397,4241,touch,1784923500,1784923507204,4067.67,,,,,
1394,4242,cancelled_opposing_structure,1784923920,,4063.33,,,10279,1784922660,
1397,4243,break,1784923920,,4063.33,,,,,
1397,4244,return,1784924040,1784924090842,4064.31,,,,,
1397,4245,cancelled_second_break,1784924040,,4064.16,,,,,
1398,4246,touch,1784924340,1784924352589,4066.70,,,,,
1398,4247,break,1784924640,,4068.79,,,,,
1398,4248,return,1784924700,1784924707401,4068.39,,,,,
1398,4249,cancelled_second_break,1784924760,,4068.87,,,,,
1399,4250,touch,1784925840,1784925863030,4066.17,,,,,
1399,4251,cancelled_opposing_structure,1784926500,,4064.68,,,10289,1784926080,
1402,4252,touch,1784932320,1784932369228,4052.30,,,,,
1402,4253,break,1784932800,,4057.85,,,,,
1402,4254,return,1784933040,1784933073816,4056.31,,,,,
1402,4255,cancelled_second_break,1784933040,,4056.88,,,,,
1396,4256,touch,1785114000,1785114000831,4091.33,,,,,
1400,4257,touch,1785114000,1785114000831,4091.33,,,,,
1401,4258,touch,1785114000,1785114000831,4091.33,,,,,
1404,4259,touch,1785114000,1785114000831,4091.33,,,,,
1396,4260,break,1785114000,,4091.98,,,,,
1400,4261,break,1785114000,,4091.98,,,,,
1401,4262,break,1785114000,,4091.98,,,,,
1404,4263,break,1785114000,,4091.98,,,,,
1396,4264,cancelled_opposing_structure,1785115980,,4091.07,,,10328,1785115320,
1400,4265,cancelled_opposing_structure,1785115980,,4091.07,,,10328,1785115320,
1401,4266,cancelled_opposing_structure,1785115980,,4091.07,,,10328,1785115320,
1404,4267,cancelled_opposing_structure,1785115980,,4091.07,,,10328,1785115320,
1406,4268,touch,1785117720,1785117772004,4087.67,,,,,
1406,4269,break,1785118440,,4084.78,,,,,
1406,4270,return,1785118500,1785118501717,4085.54,,,,,
1406,4271,cancelled_second_break,1785118500,,4085.04,,,,,
1408,4272,touch,1785119760,1785119765059,4087.09,,,,,
1408,4273,break,1785120120,,4088.64,,,,,
1408,4274,cancelled_opposing_structure,1785120180,,4088.80,,,10341,1785119760,
1407,4275,touch,1785120300,1785120333335,4090.09,,,,,
1407,4276,break,1785120360,,4092.14,,,,,
1407,4277,return,1785120420,1785120421933,4092.06,,,,,
1407,4278,cancelled_second_break,1785120420,,4093.34,,,,,
1351,4279,touch,1785121740,1785121760940,4106.00,,,,,
1351,4280,break,1785121860,,4113.69,,,,,
1351,4281,return,1785122160,1785122213317,4110.55,,,,,
1351,4282,cancelled_second_break,1785122220,,4111.86,,,,,
1410,4283,touch,1785122760,1785122777075,4096.15,,,,,
1410,4284,break,1785122820,,4091.12,,,,,
1410,4285,return,1785122880,1785122899885,4093.09,,,,,
1410,4286,cancelled_second_break,1785122880,,4091.54,,,,,
1411,4287,touch,1785124200,1785124209113,4107.04,,,,,
1412,4288,touch,1785124740,1785124740445,4102.40,,,,,
1411,4289,cancelled_opposing_structure,1785125100,,4110.26,,,10351,1785124260,
1412,4290,cancelled_opposing_structure,1785125880,,4102.92,,,10356,1785125340,
1413,4291,touch,1785127620,1785127637330,4106.30,,,,,
1413,4292,cancelled_opposing_structure,1785128220,,4107.18,,,10364,1785127620,
1409,4293,touch,1785133740,1785133740252,4086.08,,,,,
1409,4294,sc_hh,1785135420,,4090.61,,,10385,1785135240,
1415,4295,touch,1785135480,1785135491157,4091.23,,,,,
1409,4296,fvg_fixed,1785135480,,,4090.28,4090.46,,1785135360,
1416,4297,touch,1785135960,1785135963642,4090.60,,,,,
1409,4298,fvg_lapsed,1785136140,,4089.81,,,,,
1415,4299,sc_hh,1785136200,,4089.11,,,10386,1785135720,
1416,4300,break,1785136200,,4088.96,,,,,
1416,4301,return,1785136260,1785136265452,4089.11,,,,,
1415,4302,fvg_fixed,1785136260,,,4089.36,4089.48,,1785136140,
1416,4303,cancelled_second_break,1785136260,,4088.73,,,,,
1415,4304,fvg_lapsed,1785136320,,4089.98,,,,,
1415,4305,sc_hh,1785136560,,4088.62,,,10388,1785136440,
1415,4306,fvg_fixed,1785136620,,,4088.63,4089.77,,1785136500,
1409,4307,cancelled_opposing_structure,1785136680,,4087.67,,,10389,1785136320,
1415,4308,hl,1785137100,,4089.73,,,10391,,
1415,4309,reaction,1785137220,,,,,,,
1415,4310,entry_attempt,1785137280,1785137280016,4087.87,4087.87,4088.11,,,10009
1415,4311,fill,1785137280,1785137280016,4087.87,4093.98,4075.65,,,
1417,4312,touch,1785137520,1785137552064,4090.84,,,,,
1417,4313,sc_hh,1785138240,,4090.76,,,10394,1785138120,
1417,4314,fvg_fixed,1785138300,,,4090.72,4091.04,,1785138180,
1417,4315,fvg_lapsed,1785138480,,4091.23,,,,,
1415,4316,exit,1785139680,1785139707449,4094.29,,,,,sl
1414,4317,touch,1785139680,1785139707516,4094.23,,,,,
1417,4318,break,1785139680,,4093.27,,,,,
1417,4319,cancelled_opposing_structure,1785139800,,4093.74,,,10401,1785139440,
1414,4320,sc_hh,1785140520,,4089.69,,,10401,1785140040,
1414,4321,fvg_fixed,1785140580,,,4089.49,4090.33,,1785140460,
1414,4322,hl,1785141180,,4090.28,,,10405,,
1414,4323,reaction,1785141540,,,,,,,
1414,4324,entry_attempt,1785141600,1785141600000,4088.41,4088.41,4088.64,,,10009
1414,4325,fill,1785141600,1785141600000,4088.41,4097.23,4070.77,,,
1418,4326,touch,1785142680,1785142705035,4092.43,,,,,
1418,4327,break,1785143400,,4095.38,,,,,
1418,4328,cancelled_opposing_structure,1785143400,,4095.38,,,10411,1785142860,
1420,4329,touch,1785144900,1785144914819,4095.33,,,,,
1414,4330,exit,1785144900,1785144948824,4097.24,,,,,sl
1420,4331,sc_hh,1785144900,,4096.45,,,10416,1785144720,
1420,4332,fvg_fixed,1785144960,,,4095.77,4096.93,,1785144840,
1420,4333,hl,1785145560,,4096.34,,,10419,,
1420,4334,fvg_lapsed,1785145800,,4095.69,,,,,
1420,4335,sc_hh,1785146460,,4099.26,,,10418,1785145860,
1420,4336,fvg_fixed,1785146520,,,4099.18,4099.45,,1785146400,
1420,4337,fvg_lapsed,1785146580,,4099.09,,,,,
1420,4338,sc_hh,1785147180,,4100.78,,,10423,1785146880,
1420,4339,fvg_fixed,1785147240,,,4100.13,4100.54,,1785147120,
1420,4340,hl,1785148380,,4101.35,,,10426,,
1421,4341,touch,1785148680,1785148694920,4100.04,,,,,
1420,4342,fvg_lapsed,1785148680,,4099.10,,,,,
1420,4343,cancelled_opposing_structure,1785148740,,4099.24,,,10427,1785148200,
1421,4344,break,1785148920,,4096.16,,,,,
1421,4345,return,1785148980,1785148980949,4096.29,,,,,
1421,4346,cancelled_second_break,1785149400,,4095.36,,,,,
1419,4347,touch,1785150180,1785150218162,4088.20,,,,,
1419,4348,cancelled_opposing_structure,1785151200,,4089.61,,,10434,1785150600,
1422,4349,touch,1785153420,1785153449520,4096.80,,,,,
1422,4350,cancelled_opposing_structure,1785153960,,4098.17,,,10443,1785153420,
1424,4351,touch,1785154860,1785154891499,4094.39,,,,,
1423,4352,touch,1785155340,1785155360278,4091.13,,,,,
1424,4353,sc_hh,1785155340,,4092.37,,,10450,1785155160,
1424,4354,fvg_fixed,1785155400,,,4091.79,4093.13,,1785155280,
1424,4355,fvg_lapsed,1785155700,,4093.45,,,,,
1423,4356,sc_hh,1785156180,,4093.75,,,10453,1785156060,
1423,4357,fvg_fixed,1785156240,,,4093.14,4094.01,,1785156120,
1424,4358,cancelled_opposing_structure,1785156300,,4094.28,,,10454,1785155760,
1423,4359,sc_superseded,1785156900,,,,,10455,,
1423,4360,sc_hh,1785156900,,4099.25,,,10455,1785156720,
1423,4361,fvg_fixed,1785156960,,,4097.90,4098.82,,1785156840,
1423,4362,fvg_lapsed,1785157080,,4097.69,,,,,
1423,4363,break,1785157860,,4086.56,,,,,
1423,4364,return,1785157920,1785157922060,4087.72,,,,,
1423,4365,sc_hh,1785158460,,4092.24,,,10461,1785158280,
1423,4366,fvg_fixed,1785158520,,,4091.67,4092.94,,1785158400,
1423,4367,hl,1785158880,,4092.35,,,10463,,
1423,4368,reaction,1785158940,,,,,,,
1426,4369,touch,1785159000,1785159000150,4093.04,,,,,
1423,4370,entry_attempt,1785159000,1785159000150,4093.28,4093.04,4093.28,,,10009
1423,4371,fill,1785159000,1785159000150,4093.28,4087.50,4104.84,,,
1426,4372,sc_hh,1785159000,,4093.87,,,10462,1785158700,
1426,4373,fvg_fixed,1785159060,,,4093.28,4094.19,,1785158940,
1425,4374,touch,1785159360,1785159366440,4096.20,,,,,
1425,4375,break,1785159720,,4101.05,,,,,
1426,4376,sc_superseded,1785160080,,,,,10464,,
1426,4377,sc_hh,1785160080,,4101.90,,,10464,1785159900,
1426,4378,fvg_fixed,1785160140,,,4101.49,4101.95,,1785160020,
1426,4379,fvg_lapsed,1785160260,,4101.31,,,,,
1425,4380,return,1785160740,1785160759630,4099.25,,,,,
1426,4381,cancelled_opposing_structure,1785160740,,4099.49,,,10467,1785160440,
1425,4382,cancelled_second_break,1785160740,,4099.49,,,,,
1427,4383,touch,1785161940,1785161990960,4100.99,,,,,
1428,4384,touch,1785162300,1785162300105,4099.81,,,,,
1428,4385,sc_hh,1785162360,,4099.85,,,10471,1785162060,
1428,4386,fvg_none,1785162420,,,,,,,
1427,4387,cancelled_opposing_structure,1785162780,,4097.02,,,10472,1785162000,
1428,4388,sc_hh,1785163380,,4096.19,,,10473,1785162960,
1428,4389,fvg_fixed,1785163440,,,4096.54,4097.35,,1785163320,
1428,4390,hl,1785163980,,4097.16,,,10477,,
1428,4391,sc_superseded,1785164340,,,,,10478,,
1428,4392,sc_hh,1785164340,,4093.94,,,10478,1785164340,
1428,4393,fvg_none,1785164400,,,,,,,
1428,4394,sc_hh,1785165000,,4093.65,,,10479,1785164520,
1428,4395,fvg_fixed,1785165060,,,4091.88,4094.05,,1785164940,
1423,4396,exit,1785165180,1785165203324,4087.47,,,,,sl
1428,4397,hl,1785166200,,4088.70,,,10482,,
1428,4398,sc_superseded,1785167340,,,,,10487,,
1428,4399,sc_hh,1785167340,,4084.34,,,10487,1785167100,
1428,4400,fvg_fixed,1785167400,,,4084.12,4085.13,,1785167280,
1428,4401,fvg_lapsed,1785167520,,4085.77,,,,,
1428,4402,sc_hh,1785168360,,4083.38,,,10493,1785168180,
1428,4403,fvg_none,1785168420,,,,,,,
1428,4404,sc_hh,1785169680,,4080.93,,,10494,1785168780,
1428,4405,fvg_fixed,1785169740,,,4078.25,4083.42,,1785169620,
1428,4406,fvg_lapsed,1785170280,,4085.55,,,,,
1430,4407,touch,1785170760,1785170801444,4085.07,,,,,
1428,4408,sc_hh,1785171360,,4075.54,,,10498,1785170880,
1430,4409,break,1785171360,,4075.38,,,,,
1430,4410,return,1785171420,1785171427647,4076.00,,,,,
1428,4411,fvg_fixed,1785171420,,,4077.01,4079.08,,1785171300,
1430,4412,cancelled_second_break,1785171420,,4074.43,,,,,
1428,4413,hl,1785171900,,4079.05,,,10502,,
1428,4414,reaction,1785172200,,,,,,,
1428,4415,entry_attempt,1785172260,1785172260022,4073.90,4073.90,4074.14,,,10009
1428,4416,fill,1785172260,1785172260022,4073.90,4103.59,4014.52,,,
1432,4417,touch,1785176640,1785176668715,4075.13,,,,,
1432,4418,cancelled_opposing_structure,1785177300,,4073.85,,,10521,1785176760,
1431,4419,touch,1785180300,1785180310828,4084.89,,,,,
1431,4420,break,1785180660,,4092.16,,,,,
1431,4421,return,1785180780,1785180804752,4089.44,,,,,
1431,4422,cancelled_second_break,1785180780,,4090.47,,,,,
1429,4423,touch,1785181020,1785181052237,4093.87,,,,,
1429,4424,sc_hh,1785181800,,4083.56,,,10532,1785181020,
1429,4425,fvg_fixed,1785181860,,,4083.54,4083.83,,1785181740,
1433,4426,touch,1785181920,1785181940773,4081.75,,,,,
1429,4427,sc_superseded,1785182460,,,,,10535,,
1429,4428,sc_hh,1785182460,,4080.73,,,10535,1785182340,
1429,4429,fvg_fixed,1785182520,,,4079.93,4080.03,,1785182400,
1433,4430,break,1785182520,,4077.47,,,,,
1433,4431,cancelled_opposing_structure,1785182580,,4075.66,,,10536,1785182160,
1429,4432,sc_superseded,1785183060,,,,,10537,,
1429,4433,sc_hh,1785183060,,4073.50,,,10537,1785183000,
1429,4434,fvg_fixed,1785183120,,,4072.48,4074.72,,1785183000,
1429,4435,fvg_lapsed,1785183600,,4075.80,,,,,
1429,4436,cancelled_opposing_structure,1785185340,,4074.95,,,10547,1785184920,
1436,4437,touch,1785186900,1785186925761,4074.67,,,,,
1436,4438,sc_hh,1785187440,,4075.93,,,10552,1785187260,
1436,4439,fvg_fixed,1785187500,,,4075.36,4076.28,,1785187380,
1437,4440,touch,1785187800,1785187835941,4077.15,,,,,
1436,4441,fvg_lapsed,1785188040,,4074.87,,,,,
1437,4442,sc_hh,1785188280,,4074.26,,,10553,1785187860,
1437,4443,fvg_fixed,1785188340,,,4074.28,4074.43,,1785188220,
1438,4444,touch,1785188460,1785188468920,4076.14,,,,,
1436,4445,sc_hh,1785188460,,4077.18,,,10555,1785188400,
1437,4446,fvg_lapsed,1785188460,,4077.93,,,,,
1438,4447,break,1785188460,,4077.93,,,,,
1436,4448,fvg_fixed,1785188520,,,4073.50,4077.06,,1785188400,
1438,4449,return,1785188580,1785188593189,4076.97,,,,,
1438,4450,cancelled_second_break,1785188580,,4077.54,,,,,
1436,4451,hl,1785189180,,4074.99,,,10558,,
1436,4452,sc_superseded,1785189300,,,,,10557,,
1436,4453,sc_hh,1785189300,,4078.85,,,10557,1785189000,
1437,4454,break,1785189300,,4079.00,,,,,
1437,4455,cancelled_opposing_structure,1785189300,,4079.00,,,10558,1785188520,
1436,4456,fvg_fixed,1785189360,,,4078.35,4078.73,,1785189240,
1436,4457,fvg_lapsed,1785189420,,4077.78,,,,,
1439,4458,touch,1785189900,1785189925532,4076.65,,,,,
1436,4459,sc_hh,1785190140,,4079.36,,,10559,1785189900,
1439,4460,sc_hh,1785190140,,4079.36,,,10559,1785189900,
1436,4461,fvg_fixed,1785190200,,,4079.55,4079.74,,1785190080,
1439,4462,fvg_fixed,1785190200,,,4079.55,4079.74,,1785190080,
1435,4463,touch,1785190260,1785190299143,4080.73,,,,,
1436,4464,sc_superseded,1785190740,,,,,10562,,
1436,4465,sc_hh,1785190740,,4081.78,,,10562,1785190560,
1439,4466,sc_superseded,1785190740,,,,,10562,,
1439,4467,sc_hh,1785190740,,4081.78,,,10562,1785190560,
1435,4468,break,1785190740,,4084.49,,,,,
1434,4469,touch,1785190800,1785190802144,4085.03,,,,,
1436,4470,fvg_fixed,1785190800,,,4081.46,4084.47,,1785190680,
1439,4471,fvg_fixed,1785190800,,,4081.46,4084.47,,1785190680,
1435,4472,cancelled_opposing_structure,1785190800,,4087.94,,,10563,1785190320,
1436,4473,hl,1785191400,,4083.43,,,10565,,
1439,4474,hl,1785191400,,4083.43,,,10565,,
1436,4475,reaction,1785191580,,,,,,,
1439,4476,reaction,1785191580,,,,,,,
1436,4477,lost_competition,1785191580,,,,,1439,,
1439,4478,entry_attempt,1785191640,1785191640085,4086.05,4085.81,4086.05,,,10009
1439,4479,fill,1785191640,1785191640085,4086.05,4074.88,4108.39,,,
1436,4480,sc_superseded,1785192360,,,,,10568,,
1436,4481,sc_hh,1785192360,,4087.15,,,10568,1785192180,
1436,4482,fvg_fixed,1785192420,,,4086.12,4086.15,,1785192180,
1434,4483,cancelled_opposing_structure,1785192420,,4087.17,,,10569,1785192000,
1436,4484,hl,1785192900,,4085.96,,,10571,,
1436,4485,fvg_lapsed,1785192960,,4085.98,,,,,
1436,4486,cancelled_opposing_structure,1785193080,,4083.26,,,10572,1785192720,
1440,4487,touch,1785194940,1785194946889,4078.70,,,,,
1440,4488,break,1785195240,,4076.90,,,,,
1440,4489,return,1785195300,1785195300337,4076.99,,,,,
1440,4490,cancelled_second_break,1785195420,,4076.64,,,,,
1442,4491,touch,1785200400,1785200458893,4081.52,,,,,
1443,4492,touch,1785201060,1785201071203,4077.00,,,,,
1442,4493,sc_hh,1785201660,,4075.94,,,10584,1785201540,
1443,4494,break,1785201660,,4075.22,,,,,
1439,4495,exit,1785201720,1785201765209,4074.64,,,,,sl
1442,4496,fvg_fixed,1785201720,,,4075.18,4075.91,,1785201600,
1443,4497,cancelled_opposing_structure,1785201780,,4073.14,,,10585,1785201360,
1442,4498,hl,1785202740,,4074.92,,,10588,,
1445,4499,touch,1785204060,1785204066796,4073.16,,,,,
1442,4500,sc_superseded,1785204060,,,,,10590,,
1442,4501,sc_hh,1785204060,,4073.51,,,10590,1785203820,
1442,4502,fvg_fixed,1785204120,,,4073.22,4073.31,,1785204000,
1442,4503,fvg_lapsed,1785204300,,4073.96,,,,,
1445,4504,sc_hh,1785204780,,4074.51,,,10595,1785204660,
1445,4505,fvg_fixed,1785204840,,,4073.73,4073.84,,1785204660,
1445,4506,fvg_lapsed,1785204960,,4073.41,,,,,
1442,4507,sc_hh,1785205560,,4072.70,,,10597,1785205200,
1442,4508,fvg_fixed,1785205620,,,4072.44,4072.77,,1785205500,
1442,4509,fvg_lapsed,1785205680,,4072.93,,,,,
1445,4510,cancelled_opposing_structure,1785205800,,4072.67,,,10598,1785205200,
1442,4511,sc_hh,1785206580,,4072.28,,,10601,1785206340,
1442,4512,fvg_fixed,1785206640,,,4072.06,4072.14,,1785206520,
1442,4513,fvg_lapsed,1785207060,,4072.45,,,,,
1442,4514,cancelled_opposing_structure,1785207540,,4073.27,,,10605,1785207120,
1447,4515,touch,1785210000,1785210000068,4063.49,,,,,
1447,4516,sc_hh,1785210120,,4064.99,,,10614,1785210060,
1447,4517,fvg_fixed,1785210180,,,4064.56,4064.95,,1785210060,
1447,4518,fvg_lapsed,1785210300,,4063.51,,,,,
1447,4519,break,1785210480,,4059.13,,,,,
1447,4520,return,1785210900,1785210912756,4060.32,,,,,
1447,4521,cancelled_second_break,1785210900,,4060.17,,,,,
1405,4522,touch,1785212400,1785212427568,4053.21,,,,,
1405,4523,break,1785212400,,4051.99,,,,,
1405,4524,return,1785212460,1785212460463,4052.12,,,,,
1403,4525,touch,1785212460,1785212466906,4050.88,,,,,
1405,4526,cancelled_second_break,1785212460,,4051.19,,,,,
1391,4527,touch,1785212700,1785212727330,4048.50,,,,,
1403,4528,break,1785212700,,4049.08,,,,,
1403,4529,return,1785213000,1785213020739,4049.55,,,,,
1403,4530,cancelled_second_break,1785213000,,4049.30,,,,,
1391,4531,break,1785213180,,4045.72,,,,,
1391,4532,return,1785213240,1785213240650,4045.83,,,,,
1391,4533,cancelled_opposing_structure,1785213240,,4045.99,,,10624,1785212760,
1450,4534,touch,1785222840,1785222870822,4043.76,,,,,
1450,4535,sc_hh,1785223140,,4046.88,,,10659,1785222840,
1450,4536,fvg_fixed,1785223200,,,4046.88,4046.92,,1785223080,
1450,4537,fvg_lapsed,1785223440,,4046.66,,,,,
1451,4538,touch,1785224100,1785224100001,4046.54,,,,,
1450,4539,sc_hh,1785224640,,4046.95,,,10663,1785224400,
1451,4540,break,1785224640,,4047.65,,,,,
1451,4541,cancelled_opposing_structure,1785224640,,4047.65,,,10664,1785224100,
1450,4542,fvg_fixed,1785224700,,,4047.03,4047.40,,1785224580,
1450,4543,fvg_lapsed,1785224820,,4046.30,,,,,
1453,4544,touch,1785226200,1785226239453,4043.04,,,,,
1450,4545,cancelled_opposing_structure,1785227100,,4041.22,,,10672,1785226800,
1453,4546,sc_hh,1785227100,,4041.98,,,10671,1785226800,
1453,4547,fvg_fixed,1785227160,,,4041.67,4042.29,,1785227040,
1453,4548,fvg_lapsed,1785227340,,4043.29,,,,,
1452,4549,touch,1785227400,1785227403536,4045.01,,,,,
1453,4550,sc_hh,1785227460,,4040.82,,,10673,1785227400,
1452,4551,sc_hh,1785227460,,4040.82,,,10673,1785227400,
1453,4552,fvg_fixed,1785227520,,,4040.63,4040.95,,1785227400,
1452,4553,fvg_fixed,1785227520,,,4040.63,4040.95,,1785227400,
1454,4554,touch,1785228120,1785228155703,4040.90,,,,,
1453,4555,fvg_lapsed,1785228120,,4041.20,,,,,
1452,4556,fvg_lapsed,1785228120,,4041.20,,,,,
1453,4557,cancelled_opposing_structure,1785228840,,4043.99,,,10677,1785228300,
1452,4558,cancelled_opposing_structure,1785228840,,4043.99,,,10677,1785228300,
1454,4559,break,1785228840,,4043.99,,,,,
1454,4560,cancelled_opposing_structure,1785228840,,4043.99,,,10677,1785228300,
1456,4561,touch,1785229800,1785229830239,4043.78,,,,,
1456,4562,sc_hh,1785230880,,4047.42,,,10684,1785230640,
1456,4563,fvg_fixed,1785230940,,,4046.04,4046.46,,1785230700,
1456,4564,sc_superseded,1785231540,,,,,10686,,
1456,4565,sc_hh,1785231540,,4049.65,,,10686,1785231360,
1456,4566,fvg_fixed,1785231600,,,4049.58,4049.99,,1785231480,
1456,4567,fvg_lapsed,1785231900,,4048.85,,,,,
1456,4568,sc_hh,1785233460,,4050.30,,,10692,1785233100,
1456,4569,fvg_fixed,1785233520,,,4049.69,4049.98,,1785233280,
1456,4570,fvg_lapsed,1785233580,,4049.27,,,,,
1456,4571,sc_hh,1785233880,,4051.17,,,10694,1785233700,
1456,4572,fvg_fixed,1785233940,,,4050.61,4050.94,,1785233820,
1456,4573,fvg_lapsed,1785234240,,4050.55,,,,,
1456,4574,cancelled_opposing_structure,1785234840,,4048.82,,,10698,1785234300,
1449,4575,touch,1785236760,1785236811820,4054.93,,,,,
1449,4576,sc_hh,1785237000,,4046.10,,,10703,1785236760,
1449,4577,fvg_fixed,1785237060,,,4046.40,4048.05,,1785236940,
1449,4578,fvg_lapsed,1785237300,,4048.89,,,,,
1449,4579,sc_hh,1785238740,,4044.43,,,10709,1785238680,
1449,4580,fvg_fixed,1785238800,,,4044.69,4045.40,,1785238680,
1449,4581,hl,1785239220,,4044.93,,,10712,,
1449,4582,fvg_lapsed,1785239340,,4045.91,,,,,
1449,4583,sc_hh,1785240480,,4041.65,,,10714,1785240000,
1449,4584,fvg_fixed,1785240540,,,4042.47,4042.92,,1785240240,
1449,4585,sc_superseded,1785240840,,,,,10716,,
1449,4586,sc_hh,1785240840,,4041.31,,,10716,1785240720,
1449,4587,fvg_fixed,1785240900,,,4041.85,4042.20,,1785240720,
1449,4588,fvg_lapsed,1785241020,,4042.96,,,,,
1449,4589,sc_hh,1785241680,,4040.63,,,10717,1785241200,
1449,4590,fvg_fixed,1785241740,,,4040.50,4041.37,,1785241620,
1455,4591,touch,1785241800,1785241832411,4037.72,,,,,
1449,4592,sc_superseded,1785242100,,,,,10719,,
1449,4593,sc_hh,1785242100,,4036.12,,,10719,1785241980,
1455,4594,break,1785242100,,4032.63,,,,,
1449,4595,fvg_fixed,1785242160,,,4034.46,4036.92,,1785242040,
1449,4596,hl,1785242940,,4034.21,,,10721,,
1449,4597,sc_superseded,1785243000,,,,,10720,,
1449,4598,sc_hh,1785243000,,4029.58,,,10720,1785242100,
1455,4599,cancelled_opposing_structure,1785243000,,4029.54,,,10721,1785242100,
1449,4600,fvg_fixed,1785243060,,,4029.73,4030.19,,1785242940,
1381,4601,touch,1785243420,1785243463171,4023.65,,,,,
1449,4602,sc_superseded,1785243420,,,,,10722,,
1449,4603,sc_hh,1785243420,,4028.31,,,10722,1785243240,
1381,4604,break,1785243420,,4020.66,,,,,
1381,4605,return,1785243480,1785243516253,4021.97,,,,,
1449,4606,fvg_fixed,1785243480,,,4023.02,4028.67,,1785243360,
1449,4607,hl,1785243900,,4025.15,,,10724,,
1381,4608,sc_hh,1785244020,,4025.15,,,10724,1785243720,
1381,4609,fvg_none,1785244080,,,,,,,
1449,4610,reaction,1785244140,,,,,,,
1381,4611,cancelled_second_break,1785244140,,4021.94,,,,,
1449,4612,entry_attempt,1785244200,1785244200035,4021.95,4021.95,4022.19,,,10009
1449,4613,fill,1785244200,1785244200035,4021.95,4058.72,3948.41,,,
1459,4614,touch,1785245520,1785245527410,4020.82,,,,,
1459,4615,break,1785246360,,4024.94,,,,,
1459,4616,cancelled_opposing_structure,1785246360,,4024.94,,,10732,1785245520,
1460,4617,touch,1785248040,1785248043535,4023.14,,,,,
1460,4618,sc_hh,1785248100,,4028.54,,,10738,1785248040,
1460,4619,fvg_fixed,1785248160,,,4024.53,4027.80,,1785248040,
1461,4620,touch,1785248700,1785248706438,4027.72,,,,,
1460,4621,hl,1785249060,,4026.52,,,10742,,
1460,4622,reaction,1785249300,,,,,,,
1460,4623,entry_attempt,1785249360,1785249360017,4028.16,4027.93,4028.16,,,10009
1460,4624,fill,1785249360,1785249360017,4028.16,4019.53,4045.42,,,
1461,4625,sc_hh,1785249360,,4028.90,,,10743,1785249180,
1461,4626,fvg_fixed,1785249420,,,4027.41,4027.81,,1785249240,
1461,4627,fvg_lapsed,1785249780,,4027.39,,,,,
1461,4628,sc_hh,1785250740,,4027.35,,,10748,1785250500,
1461,4629,fvg_none,1785250800,,,,,,,
1461,4630,sc_hh,1785251940,,4028.04,,,10753,1785251580,
1461,4631,fvg_fixed,1785252000,,,4027.94,4029.80,,1785251880,
1462,4632,touch,1785252660,1785252691610,4028.71,,,,,
1462,4633,sc_hh,1785252660,,4028.04,,,10753,1785251580,
1462,4634,fvg_fixed,1785252720,,,4027.94,4029.80,,1785251880,
1461,4635,fvg_lapsed,1785252900,,4027.59,,,,,
1462,4636,fvg_lapsed,1785252900,,4027.59,,,,,
1463,4637,touch,1785253260,1785253273391,4031.39,,,,,
1461,4638,sc_hh,1785253500,,4034.94,,,10754,1785252840,
1462,4639,sc_hh,1785253500,,4034.94,,,10754,1785252840,
1463,4640,break,1785253500,,4035.28,,,,,
1463,4641,return,1785253560,1785253562112,4034.90,,,,,
1461,4642,fvg_fixed,1785253560,,,4034.07,4034.77,,1785253440,
1462,4643,fvg_fixed,1785253560,,,4034.07,4034.77,,1785253440,
1463,4644,cancelled_second_break,1785253560,,4035.73,,,,,
1461,4645,fvg_lapsed,1785253800,,4033.61,,,,,
1462,4646,fvg_lapsed,1785253800,,4033.61,,,,,
1464,4647,touch,1785254220,1785254259576,4030.23,,,,,
1465,4648,touch,1785254520,1785254548403,4033.53,,,,,
1465,4649,sc_hh,1785255300,,4032.00,,,10760,1785255060,
1465,4650,fvg_fixed,1785255360,,,4031.15,4032.31,,1785255240,
1465,4651,fvg_lapsed,1785255600,,4033.53,,,,,
1465,4652,sc_hh,1785256140,,4029.69,,,10761,1785255900,
1465,4653,fvg_fixed,1785256200,,,4031.42,4032.38,,1785255960,
1461,4654,cancelled_opposing_structure,1785256560,,4026.32,,,10759,1785254340,
1462,4655,cancelled_opposing_structure,1785256560,,4026.32,,,10759,1785254340,
1464,4656,break,1785256560,,4026.32,,,,,
1464,4657,cancelled_opposing_structure,1785256560,,4026.32,,,10759,1785254340,
1465,4658,sc_superseded,1785256560,,,,,10764,,
1465,4659,sc_hh,1785256560,,4027.33,,,10764,1785256500,
1465,4660,fvg_fixed,1785256620,,,4026.47,4030.18,,1785256500,
1465,4661,hl,1785257280,,4025.50,,,10767,,
1465,4662,reaction,1785257340,,,,,,,
1465,4663,skipped_cap,1785257400,1785257400029,,,,,,3
1465,4664,reaction,1785257400,,,,,,,
1465,4665,skipped_cap,1785257460,1785257460028,,,,,,3
1466,4666,touch,1785257520,1785257541560,4027.33,,,,,
1465,4667,cancelled_opposing_structure,1785257520,,4027.84,,,10768,1785257100,
1466,4668,sc_hh,1785259140,,4021.55,,,10770,1785258720,
1460,4669,exit,1785259200,1785259208129,4019.46,,,,,sl
1466,4670,fvg_fixed,1785259200,,,4020.77,4021.88,,1785259080,
1428,4671,exit,1785259260,1785259275985,4014.45,,,,,tp
1466,4672,fvg_lapsed,1785259740,,4022.23,,,,,
1467,4673,touch,1785260940,1785260958545,4026.01,,,,,
1466,4674,cancelled_opposing_structure,1785260940,,4028.14,,,10776,1785259920,
1467,4675,sc_hh,1785261900,,4024.45,,,10780,1785261660,
1467,4676,fvg_fixed,1785261960,,,4025.45,4025.50,,1785261720,
1467,4677,fvg_lapsed,1785262140,,4027.44,,,,,
1467,4678,break,1785262320,,4033.38,,,,,
1467,4679,return,1785262380,1785262410224,4031.25,,,,,
1467,4680,cancelled_second_break,1785262440,,4033.65,,,,,
1458,4681,touch,1785264180,1785264207719,4040.93,,,,,
1458,4682,break,1785264360,,4044.16,,,,,
1458,4683,return,1785264420,1785264420664,4043.79,,,,,
1458,4684,cancelled_second_break,1785264420,,4043.97,,,,,
1469,4685,touch,1785265800,1785265800086,4043.26,,,,,
1469,4686,sc_hh,1785266760,,4043.37,,,10794,1785266520,
1469,4687,fvg_fixed,1785266820,,,4043.56,4043.76,,1785266700,
1469,4688,hl,1785267300,,4043.82,,,10797,,
1469,4689,reaction,1785267360,,,,,,,
1469,4690,entry_attempt,1785267420,1785267420086,4042.20,4042.20,4042.44,,,10009
1469,4691,fill,1785267420,1785267420086,4042.20,4047.46,4031.68,,,
1468,4692,touch,1785269520,1785269566912,4036.44,,,,,
1471,4693,touch,1785270000,1785270046710,4037.62,,,,,
1470,4694,touch,1785270000,1785270055864,4041.04,,,,,
1471,4695,break,1785270000,,4040.74,,,,,
1471,4696,return,1785270060,1785270075136,4039.79,,,,,
1468,4697,cancelled_opposing_structure,1785270660,,4035.22,,,10803,1785269520,
1471,4698,sc_hh,1785270660,,4035.24,,,10804,1785270000,
1470,4699,sc_hh,1785270660,,4035.24,,,10804,1785270000,
1471,4700,fvg_fixed,1785270720,,,4035.45,4036.41,,1785270600,
1470,4701,fvg_fixed,1785270720,,,4035.45,4036.41,,1785270600,
1469,4702,exit,1785271140,1785271184160,4031.66,,,,,tp
1471,4703,hl,1785271920,,4029.52,,,10808,,
1470,4704,hl,1785271920,,4029.52,,,10808,,
1471,4705,cancelled_opposing_structure,1785272700,,4029.92,,,10809,1785271740,
1470,4706,cancelled_opposing_structure,1785272700,,4029.92,,,10809,1785271740,
1473,4707,touch,1785273000,1785273022886,4029.42,,,,,
1473,4708,break,1785274260,,4025.04,,,,,
1473,4709,cancelled_opposing_structure,1785274380,,4024.39,,,10813,1785274020,
1475,4710,touch,1785275220,1785275232168,4025.89,,,,,
1475,4711,sc_hh,1785275640,,4023.00,,,10816,1785275220,
1475,4712,fvg_fixed,1785275700,,,4022.85,4023.14,,1785275580,
1476,4713,touch,1785276000,1785276001470,4023.22,,,,,
1475,4714,fvg_lapsed,1785276120,,4023.40,,,,,
1476,4715,break,1785276300,,4025.02,,,,,
1476,4716,return,1785276360,1785276413179,4025.01,,,,,
1476,4717,cancelled_second_break,1785276360,,4025.02,,,,,
1477,4718,touch,1785276600,1785276601600,4024.53,,,,,
1475,4719,sc_hh,1785277200,,4023.62,,,10823,1785277020,
1475,4720,fvg_fixed,1785277260,,,4023.68,4023.81,,1785277140,
1477,4721,cancelled_opposing_structure,1785277260,,4023.34,,,10824,1785276660,
1475,4722,fvg_lapsed,1785277800,,4025.61,,,,,
1475,4723,cancelled_opposing_structure,1785279360,,4027.45,,,10829,1785278880,
1474,4724,touch,1785279480,1785279496832,4027.95,,,,,
1478,4725,touch,1785279600,1785279653208,4024.16,,,,,
1474,4726,sc_hh,1785279600,,4025.36,,,10829,1785279480,
1474,4727,fvg_fixed,1785279660,,,4024.76,4026.06,,1785279540,
1478,4728,break,1785280020,,4022.78,,,,,
1478,4729,return,1785280080,1785280091149,4022.80,,,,,
1479,4730,touch,1785280620,1785280628147,4025.36,,,,,
1474,4731,fvg_lapsed,1785280680,,4026.08,,,,,
1478,4732,sc_hh,1785281220,,4026.68,,,10833,1785281040,
1474,4733,cancelled_opposing_structure,1785281280,,4027.39,,,10834,1785280740,
1478,4734,fvg_fixed,1785281280,,,4026.88,4027.10,,1785281160,
1479,4735,cancelled_opposing_structure,1785281280,,4027.39,,,10834,1785280740,
1478,4736,hl,1785282000,,4027.44,,,10836,,
1478,4737,sc_superseded,1785282240,,,,,10835,,
1478,4738,sc_hh,1785282240,,4029.91,,,10835,1785281820,
1478,4739,fvg_fixed,1785282300,,,4029.43,4029.57,,1785282120,
1478,4740,fvg_lapsed,1785282540,,4027.48,,,,,
1481,4741,touch,1785282600,1785282609117,4026.50,,,,,
1478,4742,cancelled_opposing_structure,1785287640,,4024.43,,,10841,1785286980,
1481,4743,break,1785287640,,4024.43,,,,,
1481,4744,cancelled_opposing_structure,1785287640,,4024.43,,,10841,1785286980,
1480,4745,touch,1785287700,1785287715362,4024.22,,,,,
1480,4746,break,1785287940,,4022.30,,,,,
1480,4747,return,1785288000,1785288001673,4022.55,,,,,
1480,4748,cancelled_second_break,1785288000,,4020.83,,,,,
1484,4749,touch,1785289200,1785289255261,4017.91,,,,,
1484,4750,cancelled_opposing_structure,1785290160,,4018.75,,,10847,1785289320,
1483,4751,touch,1785293880,1785293884577,4026.03,,,,,
1483,4752,sc_hh,1785294000,,4019.04,,,10862,1785293880,
1483,4753,fvg_fixed,1785294060,,,4020.78,4024.46,,1785293940,
1483,4754,hl,1785294600,,4024.35,,,10866,,
1483,4755,reaction,1785294840,,,,,,,
1483,4756,entry_attempt,1785294900,1785294900135,4020.63,4020.63,4020.87,,,10009
1483,4757,fill,1785294900,1785294900135,4020.63,4027.77,4006.35,,,
1483,4758,exit,1785295260,1785295315616,4028.47,,,,,sl
1482,4759,touch,1785295260,1785295315616,4028.19,,,,,
1485,4760,touch,1785295500,1785295507625,4024.34,,,,,
1482,4761,sc_hh,1785296760,,4024.17,,,10870,1785296640,
1482,4762,fvg_fixed,1785296820,,,4024.22,4024.83,,1785296700,
1485,4763,cancelled_opposing_structure,1785296880,,4023.13,,,10871,1785296460,
1482,4764,sc_superseded,1785297360,,,,,10872,,
1482,4765,sc_hh,1785297360,,4020.85,,,10872,1785297240,
1482,4766,fvg_fixed,1785297420,,,4022.01,4022.50,,1785297240,
1482,4767,fvg_lapsed,1785297480,,4022.55,,,,,
1482,4768,cancelled_opposing_structure,1785299280,,4019.38,,,10879,1785298800,
1487,4769,touch,1785299460,1785299492832,4021.01,,,,,
1486,4770,touch,1785299640,1785299693941,4024.24,,,,,
1487,4771,break,1785299640,,4024.14,,,,,
1487,4772,return,1785299700,1785299701962,4023.87,,,,,
1487,4773,cancelled_second_break,1785299700,,4024.18,,,,,
1486,4774,break,1785299820,,4027.21,,,,,
1486,4775,return,1785300180,1785300220249,4026.11,,,,,
1486,4776,cancelled_second_break,1785300180,,4026.95,,,,,
1472,4777,touch,1785303000,1785303020089,4035.93,,,,,
1489,4778,touch,1785304320,1785304366232,4029.98,,,,,
1472,4779,sc_hh,1785304320,,4030.66,,,10891,1785303660,
1472,4780,fvg_fixed,1785304380,,,4030.24,4030.79,,1785304260,
1490,4781,touch,1785304500,1785304501652,4031.16,,,,,
1472,4782,fvg_lapsed,1785304500,,4031.43,,,,,
1472,4783,sc_hh,1785304980,,4029.19,,,10893,1785304680,
1489,4784,cancelled_opposing_structure,1785304980,,4028.52,,,10894,1785304380,
1490,4785,sc_hh,1785304980,,4029.19,,,10893,1785304680,
1472,4786,fvg_fixed,1785305040,,,4029.05,4029.25,,1785304920,
1490,4787,fvg_fixed,1785305040,,,4029.05,4029.25,,1785304920,
1472,4788,fvg_lapsed,1785305100,,4029.96,,,,,
1490,4789,fvg_lapsed,1785305100,,4029.96,,,,,
1472,4790,sc_hh,1785305580,,4028.11,,,10895,1785305280,
1490,4791,sc_hh,1785305580,,4028.11,,,10895,1785305280,
1472,4792,fvg_fixed,1785305640,,,4028.19,4028.43,,1785305520,
1490,4793,fvg_fixed,1785305640,,,4028.19,4028.43,,1785305520,
1472,4794,fvg_lapsed,1785305880,,4028.44,,,,,
1490,4795,fvg_lapsed,1785305880,,4028.44,,,,,
1472,4796,sc_hh,1785306720,,4025.47,,,10899,1785306360,
1490,4797,sc_hh,1785306720,,4025.47,,,10899,1785306360,
1472,4798,fvg_fixed,1785306780,,,4026.01,4026.45,,1785306540,
1490,4799,fvg_fixed,1785306780,,,4026.01,4026.45,,1785306540,
1472,4800,fvg_lapsed,1785306840,,4026.68,,,,,
1490,4801,fvg_lapsed,1785306840,,4026.68,,,,,
1472,4802,sc_hh,1785307980,,4025.12,,,10903,1785307620,
1490,4803,sc_hh,1785307980,,4025.12,,,10903,1785307620,
1472,4804,fvg_fixed,1785308040,,,4024.86,4025.29,,1785307920,
1490,4805,fvg_fixed,1785308040,,,4024.86,4025.29,,1785307920,
1472,4806,hl,1785309120,,4023.14,,,10908,,
1490,4807,hl,1785309120,,4023.14,,,10908,,
1472,4808,sc_superseded,1785309300,,,,,10907,,
1472,4809,sc_hh,1785309300,,4021.37,,,10907,1785308940,
1490,4810,sc_superseded,1785309300,,,,,10907,,
1490,4811,sc_hh,1785309300,,4021.37,,,10907,1785308940,
1472,4812,fvg_fixed,1785309360,,,4021.52,4021.70,,1785309240,
1490,4813,fvg_fixed,1785309360,,,4021.52,4021.70,,1785309240,
1472,4814,fvg_lapsed,1785309420,,4021.94,,,,,
1490,4815,fvg_lapsed,1785309420,,4021.94,,,,,
1491,4816,touch,1785310380,1785310382109,4025.65,,,,,
1472,4817,cancelled_opposing_structure,1785310380,,4026.62,,,10911,1785309900,
1490,4818,cancelled_opposing_structure,1785310380,,4026.62,,,10911,1785309900,
1491,4819,break,1785310980,,4027.05,,,,,
1491,4820,cancelled_opposing_structure,1785310980,,4027.05,,,10913,1785310440,
1493,4821,touch,1785315360,1785315361146,4032.92,,,,,
1493,4822,sc_hh,1785315600,,4036.05,,,10929,1785315360,
1493,4823,fvg_fixed,1785315660,,,4034.81,4035.24,,1785315540,
1493,4824,hl,1785316380,,4034.41,,,10932,,
1493,4825,sc_superseded,1785316500,,,,,10931,,
1493,4826,sc_hh,1785316500,,4037.53,,,10931,1785316200,
1493,4827,fvg_fixed,1785316560,,,4036.83,4037.22,,1785316380,
1493,4828,fvg_lapsed,1785316920,,4036.22,,,,,
1493,4829,sc_hh,1785317040,,4040.03,,,10933,1785316980,
1493,4830,fvg_fixed,1785317100,,,4039.39,4040.40,,1785316980,
1493,4831,hl,1785317520,,4040.49,,,10936,,
1493,4832,sc_superseded,1785317580,,,,,10935,,
1493,4833,sc_hh,1785317580,,4043.02,,,10935,1785317040,
1493,4834,fvg_fixed,1785317640,,,4041.51,4042.10,,1785317340,
1493,4835,hl,1785318000,,4042.03,,,10938,,
1494,4836,touch,1785318120,1785318144377,4041.74,,,,,
1493,4837,reaction,1785318120,,,,,,,
1493,4838,entry_attempt,1785318180,1785318180049,4042.88,4042.64,4042.88,,,10009
1493,4839,fill,1785318180,1785318180049,4042.88,4029.53,4069.58,,,
1494,4840,break,1785318540,,4040.15,,,,,
1494,4841,return,1785318600,1785318605900,4040.46,,,,,
1494,4842,sc_hh,1785319260,,4042.54,,,10941,1785318960,
1494,4843,fvg_fixed,1785319320,,,4042.79,4042.80,,1785319200,
1494,4844,fvg_lapsed,1785319380,,4042.32,,,,,
1494,4845,sc_hh,1785319800,,4044.80,,,10945,1785319740,
1494,4846,fvg_fixed,1785319860,,,4044.69,4045.25,,1785319740,
1494,4847,fvg_lapsed,1785320160,,4044.51,,,,,
1494,4848,sc_hh,1785320460,,4046.47,,,10947,1785320220,
1457,4849,touch,1785320520,1785320556142,4047.67,,,,,
1494,4850,fvg_fixed,1785320520,,,4045.98,4046.05,,1785320400,
1494,4851,fvg_lapsed,1785320760,,4045.78,,,,,
1494,4852,cancelled_opposing_structure,1785322140,,4044.53,,,10952,1785320940,
1457,4853,sc_hh,1785322140,,4044.56,,,10950,1785321660,
1457,4854,fvg_fixed,1785322200,,,4044.58,4044.88,,1785322080,
1457,4855,hl,1785322980,,4044.36,,,10955,,
1457,4856,sc_superseded,1785323340,,,,,10956,,
1457,4857,sc_hh,1785323340,,4042.62,,,10956,1785323040,
1457,4858,fvg_fixed,1785323400,,,4042.35,4042.46,,1785323280,
1457,4859,hl,1785324000,,4042.16,,,10958,,
1457,4860,sc_superseded,1785324240,,,,,10957,,
1457,4861,sc_hh,1785324240,,4039.08,,,10957,1785323820,
1457,4862,fvg_fixed,1785324300,,,4038.06,4038.69,,1785324180,
1457,4863,hl,1785324900,,4037.88,,,10960,,
1457,4864,reaction,1785325140,,,,,,,
1457,4865,entry_attempt,1785325200,1785325200089,4037.96,4037.96,4038.19,,,10009
1457,4866,fill,1785325200,1785325200089,4037.96,4051.59,4010.70,,,
1497,4867,touch,1785325260,1785325264841,4039.11,,,,,
1497,4868,sc_hh,1785327720,,4035.50,,,10967,1785327540,
1497,4869,fvg_fixed,1785327780,,,4036.18,4036.94,,1785327540,
1497,4870,sc_superseded,1785328020,,,,,10969,,
1497,4871,sc_hh,1785328020,,4033.67,,,10969,1785327780,
1497,4872,fvg_none,1785328080,,,,,,,
1497,4873,cancelled_opposing_structure,1785329160,,4035.40,,,10973,1785328680,
1498,4874,touch,1785329400,1785329416610,4035.99,,,,,
1498,4875,sc_hh,1785329700,,4034.07,,,10975,1785329520,
1498,4876,fvg_fixed,1785329760,,,4034.06,4034.94,,1785329640,
1498,4877,hl,1785330480,,4034.05,,,10978,,
1498,4878,sc_superseded,1785330900,,,,,10979,,
1498,4879,sc_hh,1785330900,,4031.11,,,10979,1785330360,
1498,4880,fvg_none,1785330960,,,,,,,
1499,4881,touch,1785331860,1785331885642,4034.09,,,,,
1493,4882,exit,1785332280,1785332333782,4029.45,,,,,sl
1498,4883,sc_hh,1785332280,,4030.14,,,10983,1785331860,
1499,4884,sc_hh,1785332280,,4030.14,,,10983,1785331860,
1498,4885,fvg_fixed,1785332340,,,4030.37,4030.97,,1785332220,
1499,4886,fvg_fixed,1785332340,,,4030.37,4030.97,,1785332220,
1498,4887,sc_superseded,1785333120,,,,,10985,,
1498,4888,sc_hh,1785333120,,4026.36,,,10985,1785333060,
1499,4889,sc_superseded,1785333120,,,,,10985,,
1499,4890,sc_hh,1785333120,,4026.36,,,10985,1785333060,
1498,4891,fvg_none,1785333180,,,,,,,
1499,4892,fvg_none,1785333180,,,,,,,
1498,4893,sc_hh,1785334020,,4026.01,,,10987,1785333720,
1499,4894,sc_hh,1785334020,,4026.01,,,10987,1785333720,
1498,4895,fvg_fixed,1785334080,,,4026.61,4027.26,,1785333900,
1499,4896,fvg_fixed,1785334080,,,4026.61,4027.26,,1785333900,
1498,4897,fvg_lapsed,1785334260,,4027.55,,,,,
1499,4898,fvg_lapsed,1785334260,,4027.55,,,,,
1500,4899,touch,1785334680,1785334692737,4030.14,,,,,
1500,4900,break,1785335280,,4033.40,,,,,
1500,4901,return,1785335340,1785335340522,4033.34,,,,,
1498,4902,sc_hh,1785335520,,4031.68,,,10992,1785335280,
1499,4903,sc_hh,1785335520,,4031.68,,,10992,1785335280,
1500,4904,sc_hh,1785335520,,4031.68,,,10992,1785335280,
1498,4905,fvg_fixed,1785335580,,,4031.85,4031.95,,1785335460,
1499,4906,fvg_fixed,1785335580,,,4031.85,4031.95,,1785335460,
1500,4907,fvg_fixed,1785335580,,,4031.85,4031.95,,1785335460,
1498,4908,hl,1785336300,,4032.20,,,10995,,
1499,4909,hl,1785336300,,4032.20,,,10995,,
1500,4910,hl,1785336300,,4032.20,,,10995,,
1498,4911,fvg_lapsed,1785336420,,4033.24,,,,,
1499,4912,fvg_lapsed,1785336420,,4033.24,,,,,
1500,4913,fvg_lapsed,1785336420,,4033.24,,,,,
1500,4914,cancelled_second_break,1785336480,,4035.22,,,,,
1498,4915,cancelled_opposing_structure,1785336540,,4034.61,,,10996,1785336120,
1499,4916,cancelled_opposing_structure,1785336540,,4034.61,,,10996,1785336120,
1501,4917,touch,1785337920,1785337975370,4028.25,,,,,
1492,4918,touch,1785338160,1785338191954,4022.99,,,,,
1501,4919,break,1785338160,,4022.56,,,,,
1492,4920,break,1785338340,,4018.93,,,,,
1488,4921,touch,1785338400,1785338420985,4017.57,,,,,
1488,4922,break,1785338940,,4013.16,,,,,
1457,4923,exit,1785339000,1785339005339,4010.62,,,,,tp
1488,4924,return,1785339000,1785339050386,4013.80,,,,,
1492,4925,return,1785339540,1785339572475,4021.48,,,,,
1492,4926,cancelled_second_break,1785339600,,4018.51,,,,,
1501,4927,return,1785340800,1785340809837,4025.02,,,,,
1501,4928,sc_hh,1785340800,,4023.13,,,11004,1785340260,
1488,4929,sc_hh,1785340800,,4023.13,,,11004,1785340260,
1501,4930,cancelled_second_break,1785340860,,4024.72,,,,,
1488,4931,fvg_fixed,1785340860,,,4022.70,4023.75,,1785340740,
1488,4932,fvg_lapsed,1785340980,,4019.79,,,,,
1488,4933,sc_hh,1785342060,,4018.81,,,11009,1785341700,
1502,4934,touch,1785342120,1785342161412,4021.17,,,,,
1488,4935,fvg_fixed,1785342120,,,4018.36,4019.01,,1785342000,
1488,4936,fvg_lapsed,1785342480,,4018.28,,,,,
1488,4937,cancelled_second_break,1785342600,,4013.29,,,,,
1502,4938,sc_hh,1785342600,,4014.16,,,11010,1785342180,
1502,4939,fvg_fixed,1785342660,,,4015.80,4017.35,,1785342480,
1502,4940,fvg_lapsed,1785342960,,4017.40,,,,,
1502,4941,sc_hh,1785343860,,4011.04,,,11016,1785343740,
1502,4942,fvg_fixed,1785343920,,,4012.10,4013.72,,1785343740,
1502,4943,sc_superseded,1785344820,,,,,11019,,
1502,4944,sc_hh,1785344820,,4001.17,,,11019,1785344700,
1502,4945,fvg_fixed,1785344880,,,4001.61,4003.64,,1785344760,
1502,4946,fvg_lapsed,1785345480,,4008.32,,,,,
1502,4947,sc_hh,1785346920,,4003.51,,,11023,1785346440,
1504,4948,touch,1785346980,1785347011632,4001.20,,,,,
1502,4949,fvg_fixed,1785346980,,,4003.30,4003.93,,1785346860,
1502,4950,hl,1785347400,,4002.55,,,11026,,
1505,4951,touch,1785347580,1785347609646,4003.97,,,,,
1502,4952,fvg_lapsed,1785347580,,4005.16,,,,,
1504,4953,sc_hh,1785347580,,4002.55,,,11026,1785347280,
1504,4954,fvg_fixed,1785347640,,,4003.74,4004.10,,1785347520,
1504,4955,fvg_lapsed,1785347820,,4002.95,,,,,
1502,4956,cancelled_opposing_structure,1785348060,,4006.58,,,11027,1785347220,
1505,4957,cancelled_opposing_structure,1785348060,,4006.58,,,11027,1785347220,
1504,4958,sc_hh,1785348540,,4009.07,,,11028,1785348420,
1504,4959,fvg_none,1785348600,,,,,,,
1506,4960,touch,1785348720,1785348760411,4005.76,,,,,
1504,4961,cancelled_opposing_structure,1785349200,,4005.23,,,11032,1785348720,
1506,4962,cancelled_opposing_structure,1785349200,,4005.23,,,11032,1785348720,
1503,4963,touch,1785349680,1785349699984,4011.04,,,,,
1503,4964,sc_hh,1785350280,,4009.82,,,11037,1785350040,
1503,4965,fvg_fixed,1785350340,,,4008.90,4010.87,,1785350220,
1503,4966,fvg_lapsed,1785350760,,4011.11,,,,,
1507,4967,touch,1785351300,1785351300013,4011.59,,,,,
1507,4968,break,1785351780,,4007.94,,,,,
1507,4969,return,1785351840,1785351843412,4008.05,,,,,
1503,4970,cancelled_opposing_structure,1785352080,,4015.01,,,11041,1785351000,
1507,4971,sc_hh,1785352080,,4013.78,,,11039,1785351660,
1507,4972,fvg_fixed,1785352140,,,4012.05,4014.27,,1785352020,
1507,4973,fvg_lapsed,1785352260,,4011.44,,,,,
1508,4974,touch,1785353460,1785353486802,4015.58,,,,,
1507,4975,sc_hh,1785353580,,4017.29,,,11044,1785352980,
1508,4976,sc_hh,1785353580,,4017.29,,,11044,1785352980,
1507,4977,fvg_fixed,1785353640,,,4015.89,4017.04,,1785353520,
1508,4978,fvg_fixed,1785353640,,,4015.89,4017.04,,1785353520,
1507,4979,fvg_lapsed,1785353760,,4015.17,,,,,
1508,4980,fvg_lapsed,1785353760,,4015.17,,,,,
1507,4981,sc_hh,1785354600,,4018.95,,,11046,1785353820,
1508,4982,sc_hh,1785354600,,4018.95,,,11046,1785353820,
1507,4983,fvg_fixed,1785354660,,,4018.01,4018.96,,1785354540,
1508,4984,fvg_fixed,1785354660,,,4018.01,4018.96,,1785354540,
1507,4985,hl,1785355320,,4026.76,,,11050,,
1508,4986,hl,1785355320,,4026.76,,,11050,,
1507,4987,sc_superseded,1785355380,,,,,11049,,
1507,4988,sc_hh,1785355380,,4032.79,,,11049,1785355140,
1508,4989,sc_superseded,1785355380,,,,,11049,,
1508,4990,sc_hh,1785355380,,4032.79,,,11049,1785355140,
1507,4991,fvg_fixed,1785355440,,,4032.15,4033.09,,1785355320,
1508,4992,fvg_fixed,1785355440,,,4032.15,4033.09,,1785355320,
1496,4993,touch,1785355920,1785355954290,4042.64,,,,,
1495,4994,touch,1785355980,1785355995652,4045.74,,,,,
1496,4995,break,1785355980,,4047.69,,,,,
1495,4996,break,1785355980,,4047.69,,,,,
1495,4997,return,1785356040,1785356048207,4047.39,,,,,
1496,4998,return,1785356040,1785356072725,4044.27,,,,,
1496,4999,cancelled_second_break,1785356160,,4046.74,,,,,
1507,5000,hl,1785356280,,4040.81,,,11053,,
1508,5001,hl,1785356280,,4040.81,,,11053,,
1495,5002,cancelled_second_break,1785356460,,4048.14,,,,,
1507,5003,cancelled_opposing_structure,1785356880,,4038.89,,,11054,1785356100,
1508,5004,cancelled_opposing_structure,1785356880,,4038.89,,,11054,1785356100,
1509,5005,touch,1785357720,1785357724292,4044.62,,,,,
1510,5006,touch,1785358680,1785358695067,4041.82,,,,,
1449,5007,exit,1785358800,1785358802540,4060.54,,,,,sl
1448,5008,touch,1785358800,1785358803553,4065.61,,,,,
1446,5009,touch,1785358800,1785358805312,4074.81,,,,,
1444,5010,touch,1785358800,1785358810082,4079.41,,,,,
1509,5011,break,1785358800,,4076.34,,,,,
1510,5012,sc_hh,1785358800,,4048.00,,,11059,1785358680,
1448,5013,break,1785358800,,4076.34,,,,,
1446,5014,break,1785358800,,4076.34,,,,,
1446,5015,return,1785358860,1785358861105,4073.25,,,,,
1510,5016,fvg_fixed,1785358860,,,4044.58,4071.05,,1785358740,
1446,5017,cancelled_second_break,1785358860,,4080.04,,,,,
1509,5018,cancelled_opposing_structure,1785358920,,4072.34,,,11060,1785358140,
1448,5019,return,1785359040,1785359048623,4066.13,,,,,
1448,5020,cancelled_second_break,1785359040,,4066.91,,,,,
1510,5021,hl,1785359220,,4065.12,,,11062,,
1444,5022,break,1785359520,,4082.42,,,,,
1444,5023,return,1785359580,1785359584573,4082.29,,,,,
1444,5024,sc_hh,1785359940,,4071.89,,,11064,1785359520,
1444,5025,fvg_fixed,1785360000,,,4075.74,4080.36,,1785359700,
1510,5026,cancelled_opposing_structure,1785360420,,4064.58,,,11063,1785359040,
1512,5027,touch,1785360600,1785360636047,4072.06,,,,,
1444,5028,sc_superseded,1785360660,,,,,11066,,
1444,5029,sc_hh,1785360660,,4063.85,,,11066,1785360600,
1512,5030,sc_hh,1785360660,,4063.85,,,11066,1785360600,
1444,5031,fvg_fixed,1785360720,,,4060.18,4067.62,,1785360600,
1512,5032,fvg_fixed,1785360720,,,4060.18,4067.62,,1785360600,
1444,5033,fvg_lapsed,1785361140,,4071.14,,,,,
1512,5034,fvg_lapsed,1785361140,,4071.14,,,,,
1444,5035,cancelled_second_break,1785361380,,4084.26,,,,,
1441,5036,touch,1785361440,1785361472065,4086.15,,,,,
1512,5037,break,1785361500,,4086.70,,,,,
1512,5038,return,1785361560,1785361574206,4085.90,,,,,
1512,5039,cancelled_second_break,1785361620,,4088.76,,,,,
1441,5040,break,1785361740,,4099.55,,,,,
1441,5041,sc_hh,1785362700,,4101.33,,,11070,1785362520,
1441,5042,fvg_fixed,1785362760,,,4105.54,4106.34,,1785362580,
1441,5043,return,1785363660,1785363679240,4088.77,,,,,
1441,5044,cancelled_second_break,1785363660,,4091.20,,,,,
1513,5045,touch,1785364380,1785364424520,4072.48,,,,,
1513,5046,cancelled_opposing_structure,1785365100,,4067.07,,,11077,1785364440,
1511,5047,touch,1785365940,1785365941440,4044.74,,,,,
1511,5048,sc_hh,1785366720,,4053.63,,,11083,1785366300,
1511,5049,fvg_none,1785366780,,,,,,,
1511,5050,sc_hh,1785368040,,4057.33,,,11087,1785367800,
1511,5051,fvg_fixed,1785368100,,,4058.23,4058.30,,1785367980,
1515,5052,touch,1785368460,1785368473598,4065.97,,,,,
1511,5053,hl,1785368880,,4065.47,,,11088,,
1515,5054,cancelled_opposing_structure,1785368940,,4066.06,,,11088,1785367740,
1511,5055,sc_superseded,1785373200,,,,,11089,,
1511,5056,sc_hh,1785373200,,4070.02,,,11089,1785373200,
1511,5057,fvg_none,1785373260,,,,,,,
1511,5058,sc_hh,1785374040,,4075.89,,,11093,1785373620,
1511,5059,fvg_fixed,1785374100,,,4073.73,4075.27,,1785373860,
1511,5060,fvg_lapsed,1785374520,,4073.39,,,,,
1511,5061,sc_hh,1785375300,,4076.08,,,11098,1785375180,
1511,5062,fvg_fixed,1785375360,,,4075.80,4077.48,,1785375240,
1511,5063,sc_superseded,1785376500,,,,,11100,,
1511,5064,sc_hh,1785376500,,4085.80,,,11100,1785376200,
1511,5065,fvg_fixed,1785376560,,,4085.32,4087.62,,1785376440,
1514,5066,touch,1785376620,1785376654980,4089.95,,,,,
1511,5067,hl,1785377880,,4090.40,,,11102,,
1511,5068,cancelled_opposing_structure,1785379200,,4090.70,,,11105,1785378300,
1514,5069,sc_hh,1785379200,,4090.82,,,11106,1785379080,
1514,5070,fvg_fixed,1785379260,,,4091.68,4092.11,,1785379140,
1514,5071,hl,1785379920,,4093.11,,,11109,,
1514,5072,sc_superseded,1785379980,,,,,11108,,
1514,5073,sc_hh,1785379980,,4088.76,,,11108,1785379740,
1514,5074,fvg_fixed,1785380040,,,4087.93,4089.06,,1785379920,
1514,5075,sc_superseded,1785381060,,,,,11110,,
1514,5076,sc_hh,1785381060,,4079.84,,,11110,1785380880,
1514,5077,fvg_none,1785381120,,,,,,,
1514,5078,sc_hh,1785381540,,4079.06,,,11112,1785381300,
1514,5079,fvg_fixed,1785381600,,,4077.79,4079.53,,1785381480,
1514,5080,fvg_lapsed,1785381780,,4079.66,,,,,
1514,5081,sc_hh,1785381960,,4075.58,,,11114,1785381900,
1514,5082,fvg_fixed,1785382020,,,4075.33,4077.77,,1785381900,
1514,5083,hl,1785382380,,4076.88,,,11117,,
1514,5084,sc_superseded,1785382440,,,,,11116,,
1514,5085,sc_hh,1785382440,,4072.78,,,11116,1785382200,
1514,5086,fvg_fixed,1785382500,,,4072.73,4073.45,,1785382380,
1514,5087,fvg_lapsed,1785384000,,4073.94,,,,,
1517,5088,touch,1785384240,1785384288866,4088.81,,,,,
1518,5089,touch,1785385200,1785385200071,4075.07,,,,,
1514,5090,cancelled_opposing_structure,1785385980,,4085.98,,,11123,1785385680,
1517,5091,cancelled_opposing_structure,1785385980,,4085.98,,,11123,1785385680,
1518,5092,cancelled_opposing_structure,1785385980,,4085.98,,,11123,1785385680,
1519,5093,touch,1785389460,1785389519408,4078.49,,,,,
1519,5094,sc_hh,1785390000,,4078.29,,,11139,1785389880,
1519,5095,fvg_none,1785390060,,,,,,,
1519,5096,break,1785390600,,4072.73,,,,,
1519,5097,return,1785390660,1785390662812,4073.22,,,,,
1519,5098,cancelled_second_break,1785390720,,4072.64,,,,,
1524,5099,touch,1785395040,1785395050831,4055.86,,,,,
1524,5100,cancelled_opposing_structure,1785395580,,4054.09,,,11157,1785395220,
1516,5101,touch,1785397080,1785397101237,4050.50,,,,,
1516,5102,cancelled_opposing_structure,1785397920,,4047.66,,,11164,1785397320,
1526,5103,touch,1785399300,1785399329553,4046.11,,,,,
1526,5104,sc_hh,1785399420,,4043.92,,,11169,1785399300,
1526,5105,fvg_fixed,1785399480,,,4042.55,4044.52,,1785399360,
1526,5106,hl,1785399840,,4044.45,,,11172,,
1526,5107,fvg_lapsed,1785400020,,4045.31,,,,,
1526,5108,break,1785400200,,4050.36,,,,,
1526,5109,return,1785400320,1785400375307,4048.15,,,,,
1526,5110,cancelled_second_break,1785400380,,4048.54,,,,,
1527,5111,touch,1785400500,1785400517306,4046.26,,,,,
1527,5112,break,1785400620,,4033.82,,,,,
1527,5113,return,1785401160,1785401186363,4037.71,,,,,
1527,5114,cancelled_second_break,1785401160,,4036.18,,,,,
1529,5115,touch,1785403200,1785403200071,4033.69,,,,,
1529,5116,break,1785403320,,4038.47,,,,,
1529,5117,return,1785403380,1785403380276,4038.17,,,,,
1529,5118,cancelled_second_break,1785403380,,4038.35,,,,,
1528,5119,touch,1785405720,1785405743940,4045.43,,,,,
1528,5120,cancelled_opposing_structure,1785406620,,4049.06,,,11196,1785405840,
1530,5121,touch,1785407880,1785407884573,4038.75,,,,,
1530,5122,cancelled_opposing_structure,1785409080,,4039.97,,,11204,1785408600,
1531,5123,touch,1785409380,1785409400407,4040.42,,,,,
1531,5124,break,1785409500,,4048.15,,,,,
1525,5125,touch,1785409620,1785409655447,4052.46,,,,,
1525,5126,break,1785409920,,4055.25,,,,,
1525,5127,return,1785409980,1785409980109,4055.24,,,,,
1525,5128,cancelled_second_break,1785410340,,4056.83,,,,,
1523,5129,touch,1785410580,1785410627232,4062.67,,,,,
1523,5130,break,1785411120,,4070.10,,,,,
1523,5131,return,1785411180,1785411181141,4069.66,,,,,
1531,5132,cancelled_opposing_structure,1785411360,,4070.00,,,11211,1785410820,
1523,5133,cancelled_second_break,1785411360,,4070.00,,,,,
1533,5134,touch,1785412920,1785412941655,4062.95,,,,,
1533,5135,break,1785413100,,4067.00,,,,,
1533,5136,return,1785413160,1785413197318,4066.63,,,,,
1533,5137,cancelled_second_break,1785413220,,4068.59,,,,,
1534,5138,touch,1785414600,1785414637738,4064.36,,,,,
1534,5139,sc_hh,1785415620,,4065.93,,,11225,1785415500,
1534,5140,fvg_fixed,1785415680,,,4065.44,4066.30,,1785415560,
1535,5141,touch,1785416100,1785416100048,4066.91,,,,,
1534,5142,fvg_lapsed,1785416160,,4064.99,,,,,
1535,5143,break,1785416160,,4064.99,,,,,
1535,5144,return,1785416220,1785416220569,4065.05,,,,,
1535,5145,cancelled_second_break,1785416280,,4064.77,,,,,
1534,5146,sc_hh,1785416820,,4068.01,,,11229,1785416700,
1534,5147,fvg_fixed,1785416880,,,4067.19,4068.94,,1785416760,
1522,5148,touch,1785417000,1785417022988,4073.84,,,,,
1534,5149,fvg_lapsed,1785417120,,4066.75,,,,,
1534,5150,sc_hh,1785417360,,4074.66,,,11231,1785417120,
1534,5151,fvg_fixed,1785417420,,,4073.25,4073.89,,1785417300,
1534,5152,hl,1785417900,,4074.34,,,11234,,
1522,5153,cancelled_opposing_structure,1785418260,,4077.57,,,11234,1785417360,
1534,5154,sc_superseded,1785418380,,,,,11235,,
1534,5155,sc_hh,1785418380,,4077.59,,,11235,1785418200,
1534,5156,fvg_fixed,1785418440,,,4076.55,4076.80,,1785418200,
1534,5157,sc_superseded,1785418500,,,,,11237,,
1534,5158,sc_hh,1785418500,,4079.04,,,11237,1785418260,
1521,5159,touch,1785418560,1785418569387,4080.78,,,,,
1534,5160,fvg_fixed,1785418560,,,4078.38,4079.30,,1785418440,
1534,5161,fvg_lapsed,1785418620,,4077.56,,,,,
1534,5162,sc_hh,1785418980,,4081.31,,,11238,1785418740,
1521,5163,cancelled_opposing_structure,1785418980,,4081.90,,,11239,1785418560,
1534,5164,fvg_fixed,1785419040,,,4078.04,4079.47,,1785418740,
1534,5165,hl,1785419760,,4077.98,,,11242,,
1534,5166,reaction,1785420300,,,,,,,
1534,5167,entry_attempt,1785420360,1785420360177,4080.17,4079.93,4080.17,,,10009
1534,5168,fill,1785420360,1785420360177,4080.17,4059.48,4121.55,,,
1520,5169,touch,1785425400,1785425410812,4084.49,,,,,
1520,5170,sc_hh,1785426660,,4073.16,,,11266,1785426600,
1520,5171,fvg_fixed,1785426720,,,4071.90,4073.81,,1785426600,
1520,5172,hl,1785427200,,4073.72,,,11269,,
1520,5173,reaction,1785427380,,,,,,,
1520,5174,entry_attempt,1785427440,1785427440093,4068.89,4068.89,4069.12,,,10009
1520,5175,fill,1785427440,1785427440093,4068.89,4090.80,4025.07,,,
1520,5176,exit,1785429420,1785429465550,4090.96,,,,,sl
1350,5177,touch,1785430800,1785430833286,4119.30,,,,,
1350,5178,sc_hh,1785431880,,4093.97,,,11285,1785431460,
1350,5179,fvg_fixed,1785431940,,,4094.62,4096.51,,1785431820,
1350,5180,fvg_lapsed,1785432180,,4097.30,,,,,
1537,5181,touch,1785432780,1785432793575,4101.13,,,,,
1538,5182,touch,1785434100,1785434113424,4098.10,,,,,
1350,5183,sc_hh,1785434760,,4096.31,,,11294,1785434580,
1537,5184,sc_hh,1785434760,,4096.31,,,11294,1785434580,
1538,5185,cancelled_opposing_structure,1785434760,,4094.32,,,11293,1785434220,
1350,5186,fvg_fixed,1785434820,,,4095.16,4096.93,,1785434700,
1537,5187,fvg_fixed,1785434820,,,4095.16,4096.93,,1785434700,
1540,5188,touch,1785435540,1785435578961,4096.58,,,,,
1350,5189,hl,1785435780,,4097.13,,,11296,,
1537,5190,hl,1785435780,,4097.13,,,11296,,
1350,5191,reaction,1785436020,,,,,,,
1537,5192,reaction,1785436020,,,,,,,
1350,5193,lost_competition,1785436020,,,,,1537,,
1537,5194,entry_attempt,1785436080,1785436080065,4094.89,4094.89,4095.12,,,10009
1537,5195,fill,1785436080,1785436080065,4094.89,4113.22,4058.23,,,
1350,5196,reaction,1785436200,,,,,,,
1350,5197,entry_attempt,1785436260,1785436260054,4093.20,4093.20,4093.44,,,10009
1350,5198,fill,1785436260,1785436260054,4093.20,4122.72,4034.16,,,
1540,5199,cancelled_opposing_structure,1785436380,,4098.43,,,11297,1785435600,
1539,5200,touch,1785436980,1785436987807,4104.12,,,,,
1539,5201,cancelled_opposing_structure,1785437640,,4107.09,,,11301,1785437040,
1537,5202,exit,1785438180,1785438197218,4113.23,,,,,sl
1543,5203,touch,1785443340,1785443356217,4100.75,,,,,
1545,5204,touch,1785443760,1785443808911,4104.59,,,,,
1546,5205,touch,1785444900,1785444914310,4102.40,,,,,
1547,5206,touch,1785445200,1785445200024,4102.62,,,,,
1543,5207,sc_hh,1785445860,,4106.44,,,11328,1785445680,
1546,5208,sc_hh,1785445860,,4106.44,,,11328,1785445680,
1543,5209,fvg_none,1785445920,,,,,,,
1545,5210,cancelled_opposing_structure,1785445920,,4106.49,,,11329,1785445500,
1546,5211,fvg_none,1785445920,,,,,,,
1547,5212,cancelled_opposing_structure,1785445920,,4106.49,,,11329,1785445500,
1548,5213,touch,1785446520,1785446520869,4103.59,,,,,
1543,5214,cancelled_opposing_structure,1785446700,,4101.54,,,11333,1785446220,
1546,5215,cancelled_opposing_structure,1785446700,,4101.54,,,11333,1785446220,
1549,5216,touch,1785447060,1785447116840,4105.01,,,,,
1548,5217,sc_hh,1785447060,,4105.42,,,11333,1785446760,
1548,5218,fvg_fixed,1785447120,,,4104.71,4104.78,,1785447000,
1548,5219,fvg_lapsed,1785447540,,4104.59,,,,,
1550,5220,touch,1785447600,1785447600050,4104.59,,,,,
1548,5221,break,1785448080,,4101.01,,,,,
1550,5222,break,1785448080,,4101.01,,,,,
1548,5223,return,1785448200,1785448226153,4101.22,,,,,
1548,5224,cancelled_second_break,1785448200,,4101.07,,,,,
1549,5225,sc_hh,1785448260,,4100.77,,,11334,1785447240,
1549,5226,fvg_fixed,1785448320,,,4101.19,4103.21,,1785448020,
1550,5227,return,1785448920,1785448951477,4101.60,,,,,
1549,5228,fvg_lapsed,1785449040,,4103.50,,,,,
1551,5229,touch,1785449100,1785449121819,4103.95,,,,,
1549,5230,break,1785449760,,4108.47,,,,,
1550,5231,sc_hh,1785449760,,4105.64,,,11338,1785449700,
1551,5232,break,1785449760,,4108.47,,,,,
1550,5233,fvg_fixed,1785449820,,,4104.80,4108.47,,1785449700,
1549,5234,cancelled_opposing_structure,1785449940,,4110.72,,,11339,1785449400,
1551,5235,cancelled_opposing_structure,1785449940,,4110.72,,,11339,1785449400,
1544,5236,touch,1785450300,1785450313151,4113.61,,,,,
1550,5237,sc_superseded,1785450360,,,,,11340,,
1550,5238,sc_hh,1785450360,,4113.06,,,11340,1785450000,
1550,5239,fvg_fixed,1785450420,,,4111.58,4112.94,,1785450240,
1550,5240,hl,1785450720,,4112.34,,,11343,,
1550,5241,reaction,1785450780,,,,,,,
1550,5242,entry_attempt,1785450840,1785450840031,4114.09,4113.85,4114.09,,,10009
1550,5243,fill,1785450840,1785450840031,4114.09,4101.33,4139.61,,,
1544,5244,sc_hh,1785451260,,4112.18,,,11345,1785451200,
1544,5245,fvg_fixed,1785451320,,,4112.30,4112.80,,1785451200,
1544,5246,fvg_lapsed,1785451380,,4113.27,,,,,
1544,5247,sc_hh,1785451920,,4111.18,,,11348,1785451740,
1544,5248,fvg_fixed,1785451980,,,4111.17,4111.50,,1785451860,
1544,5249,fvg_lapsed,1785452280,,4112.05,,,,,
1544,5250,sc_hh,1785453180,,4113.75,,,11352,1785453000,
1544,5251,fvg_none,1785453240,,,,,,,
1554,5252,touch,1785453480,1785453494827,4112.60,,,,,
1544,5253,sc_hh,1785454140,,4112.46,,,11356,1785453480,
1544,5254,fvg_fixed,1785454200,,,4113.28,4113.50,,1785454020,
1554,5255,cancelled_opposing_structure,1785454200,,4110.00,,,11358,1785453480,
1553,5256,touch,1785454980,1785454983796,4104.87,,,,,
1553,5257,break,1785454980,,4102.96,,,,,
1553,5258,return,1785455040,1785455040249,4103.04,,,,,
1553,5259,cancelled_second_break,1785455040,,4102.73,,,,,
1552,5260,touch,1785455280,1785455286232,4101.39,,,,,
1550,5261,exit,1785455280,1785455286322,4101.33,,,,,sl
1544,5262,hl,1785459780,,4106.72,,,11362,,
1544,5263,cancelled_opposing_structure,1785460440,,4106.74,,,11363,1785459600,
1552,5264,sc_hh,1785460440,,4106.72,,,11362,1785459600,
1552,5265,fvg_fixed,1785460500,,,4106.38,4106.52,,1785460320,
1552,5266,hl,1785461520,,4106.87,,,11366,,
1552,5267,sc_superseded,1785461760,,,,,11365,,
1552,5268,sc_hh,1785461760,,4108.40,,,11365,1785461340,
1552,5269,fvg_fixed,1785461820,,,4108.47,4108.71,,1785461700,
1552,5270,sc_superseded,1785462360,,,,,11367,,
1552,5271,sc_hh,1785462360,,4110.46,,,11367,1785462360,
1552,5272,fvg_none,1785462420,,,,,,,
1552,5273,sc_hh,1785462840,,4110.98,,,11369,1785462480,
1552,5274,fvg_none,1785462900,,,,,,,
1552,5275,sc_hh,1785463500,,4111.20,,,11372,1785463200,
1552,5276,fvg_fixed,1785463560,,,4111.16,4111.29,,1785463440,
1552,5277,fvg_lapsed,1785463680,,4109.82,,,,,
1555,5278,touch,1785463980,1785464014418,4106.68,,,,,
1552,5279,cancelled_opposing_structure,1785464940,,4104.19,,,11375,1785464460,
1555,5280,cancelled_opposing_structure,1785464940,,4104.19,,,11375,1785464460,
1556,5281,touch,1785465900,1785465919454,4109.19,,,,,
1557,5282,touch,1785466800,1785466824142,4105.11,,,,,
1557,5283,break,1785466800,,4103.01,,,,,
1557,5284,return,1785466860,1785466867230,4103.43,,,,,
1556,5285,sc_hh,1785466860,,4102.24,,,11378,1785466020,
1557,5286,cancelled_second_break,1785466860,,4102.21,,,,,
1556,5287,fvg_fixed,1785466920,,,4103.65,4105.42,,1785466740,
1556,5288,hl,1785467220,,4105.73,,,11382,,
1556,5289,reaction,1785467460,,,,,,,
1556,5290,entry_attempt,1785467520,1785467520141,4102.01,4102.01,4102.24,,,10009
1556,5291,fill,1785467520,1785467520141,4102.01,4111.63,4082.77,,,
1542,5292,touch,1785468480,1785468539721,4097.05,,,,,
1542,5293,break,1785469200,,4091.50,,,,,
1541,5294,touch,1785469260,1785469262881,4090.76,,,,,
1542,5295,return,1785469320,1785469351707,4092.14,,,,,
1542,5296,cancelled_second_break,1785469500,,4091.99,,,,,
1558,5297,touch,1785470400,1785470431811,4098.72,,,,,
1541,5298,sc_hh,1785470400,,4095.24,,,11390,1785470220,
1541,5299,fvg_fixed,1785470460,,,4094.12,4094.66,,1785470280,
1541,5300,hl,1785470880,,4095.47,,,11393,,
1558,5301,sc_hh,1785471000,,4095.47,,,11393,1785470880,
1541,5302,fvg_lapsed,1785471060,,4093.60,,,,,
1558,5303,fvg_fixed,1785471060,,,4095.59,4098.05,,1785470940,
1558,5304,hl,1785471840,,4095.03,,,11396,,
1558,5305,sc_superseded,1785472260,,,,,11397,,
1558,5306,sc_hh,1785472260,,4091.01,,,11397,1785472080,
1541,5307,cancelled_opposing_structure,1785472320,,4088.47,,,11398,1785471840,
1558,5308,fvg_fixed,1785472320,,,4090.17,4090.45,,1785472200,
1556,5309,exit,1785473400,1785473414812,4082.72,,,,,tp
1558,5310,sc_superseded,1785473400,,,,,11399,,
1558,5311,sc_hh,1785473400,,4083.81,,,11399,1785473220,
1558,5312,fvg_fixed,1785473460,,,4084.61,4086.54,,1785473220,
1558,5313,fvg_lapsed,1785473760,,4087.01,,,,,
1536,5314,touch,1785474120,1785474126829,4081.59,,,,,
1558,5315,sc_hh,1785474120,,4082.08,,,11401,1785473760,
1558,5316,fvg_none,1785474180,,,,,,,
1536,5317,sc_hh,1785474540,,4087.48,,,11402,1785474120,
1536,5318,fvg_fixed,1785474600,,,4087.31,4088.19,,1785474480,
1536,5319,fvg_lapsed,1785474840,,4085.53,,,,,
1558,5320,sc_hh,1785476460,,4081.10,,,11410,1785476400,
1536,5321,cancelled_opposing_structure,1785476460,,4080.56,,,11409,1785475800,
1558,5322,fvg_fixed,1785476520,,,4080.60,4081.25,,1785476400,
1558,5323,hl,1785477060,,4077.98,,,11413,,
1558,5324,sc_superseded,1785477780,,,,,11414,,
1558,5325,sc_hh,1785477780,,4074.20,,,11414,1785477480,
1558,5326,fvg_fixed,1785477840,,,4074.53,4074.72,,1785477720,
1558,5327,fvg_lapsed,1785477960,,4074.91,,,,,
1558,5328,sc_hh,1785478320,,4073.35,,,11416,1785478140,
1558,5329,fvg_none,1785478380,,,,,,,
1558,5330,cancelled_opposing_structure,1785479280,,4074.62,,,11421,1785478920,
1562,5331,touch,1785481200,1785481218048,4074.23,,,,,
1562,5332,sc_hh,1785482160,,4077.52,,,11425,1785481920,
1562,5333,fvg_fixed,1785482220,,,4075.58,4076.30,,1785481980,
1563,5334,touch,1785482400,1785482405127,4075.85,,,,,
1562,5335,fvg_lapsed,1785482400,,4075.37,,,,,
1562,5336,sc_hh,1785482640,,4077.83,,,11428,1785482580,
1563,5337,sc_hh,1785482640,,4077.83,,,11428,1785482580,
1562,5338,fvg_fixed,1785482700,,,4076.70,4078.19,,1785482580,
1563,5339,fvg_fixed,1785482700,,,4076.70,4078.19,,1785482580,
1561,5340,touch,1785483180,1785483218833,4081.11,,,,,
1562,5341,sc_superseded,1785483540,,,,,11430,,
1562,5342,sc_hh,1785483540,,4081.19,,,11430,1785483300,
1563,5343,sc_superseded,1785483540,,,,,11430,,
1563,5344,sc_hh,1785483540,,4081.19,,,11430,1785483300,
1562,5345,fvg_none,1785483600,,,,,,,
1563,5346,fvg_none,1785483600,,,,,,,
1564,5347,touch,1785484080,1785484088221,4077.82,,,,,
1564,5348,break,1785484140,,4075.56,,,,,
1564,5349,return,1785484260,1785484275180,4075.86,,,,,
1565,5350,touch,1785484740,1785484745600,4079.76,,,,,
1562,5351,sc_hh,1785484860,,4081.36,,,11431,1785484200,
1563,5352,sc_hh,1785484860,,4081.36,,,11431,1785484200,
1561,5353,cancelled_opposing_structure,1785484860,,4081.67,,,11432,1785483600,
1564,5354,sc_hh,1785484860,,4081.36,,,11431,1785484200,
1565,5355,break,1785484860,,4081.67,,,,,
1565,5356,return,1785484920,1785484923307,4081.32,,,,,
1562,5357,fvg_fixed,1785484920,,,4080.04,4080.42,,1785484740,
1563,5358,fvg_fixed,1785484920,,,4080.04,4080.42,,1785484740,
1564,5359,fvg_fixed,1785484920,,,4080.04,4080.42,,1785484740,
1565,5360,cancelled_second_break,1785484980,,4081.86,,,,,
1562,5361,hl,1785485460,,4081.03,,,11434,,
1563,5362,hl,1785485460,,4081.03,,,11434,,
1564,5363,hl,1785485460,,4081.03,,,11434,,
1562,5364,fvg_lapsed,1785485580,,4080.03,,,,,
1563,5365,fvg_lapsed,1785485580,,4080.03,,,,,
1564,5366,fvg_lapsed,1785485580,,4080.03,,,,,
1562,5367,cancelled_opposing_structure,1785485640,,4079.85,,,11435,1785485280,
1563,5368,cancelled_opposing_structure,1785485640,,4079.85,,,11435,1785485280,
1564,5369,cancelled_opposing_structure,1785485640,,4079.85,,,11435,1785485280,
1566,5370,touch,1785485760,1785485795851,4079.57,,,,,
1566,5371,sc_hh,1785486240,,4082.32,,,11437,1785486060,
1566,5372,fvg_fixed,1785486300,,,4081.04,4081.62,,1785486120,
1566,5373,fvg_lapsed,1785486360,,4080.70,,,,,
1566,5374,cancelled_opposing_structure,1785486840,,4079.07,,,11441,1785486360,
1567,5375,touch,1785488640,1785488682709,4077.40,,,,,
1567,5376,break,1785488820,,4081.55,,,,,
1567,5377,return,1785488880,1785488885781,4081.17,,,,,
1567,5378,cancelled_second_break,1785488880,,4081.26,,,,,
1560,5379,touch,1785489360,1785489419490,4085.65,,,,,
1560,5380,sc_hh,1785490380,,4082.09,,,11451,1785490080,
1560,5381,fvg_fixed,1785490440,,,4079.83,4082.08,,1785490320,
1560,5382,hl,1785491400,,4081.53,,,11456,,
1568,5383,touch,1785492000,1785492036192,4075.99,,,,,
1560,5384,sc_superseded,1785492120,,,,,11457,,
1560,5385,sc_hh,1785492120,,4076.40,,,11457,1785491700,
1560,5386,fvg_fixed,1785492180,,,4077.07,4077.52,,1785491940,
1560,5387,fvg_lapsed,1785492240,,4077.91,,,,,
1568,5388,cancelled_opposing_structure,1785493440,,4074.91,,,11462,1785492840,
1560,5389,sc_hh,1785493740,,4074.51,,,11464,1785493320,
1560,5390,fvg_fixed,1785493800,,,4072.91,4074.35,,1785493680,
1560,5391,hl,1785495120,,4074.33,,,11467,,
1560,5392,sc_superseded,1785495540,,,,,11468,,
1560,5393,sc_hh,1785495540,,4069.65,,,11468,1785495000,
1560,5394,fvg_fixed,1785495600,,,4067.69,4069.75,,1785495480,
1560,5395,sc_superseded,1785496320,,,,,11471,,
1560,5396,sc_hh,1785496320,,4062.62,,,11471,1785496200,
1560,5397,fvg_none,1785496380,,,,,,,
1534,5398,exit,1785497040,1785497087673,4059.45,,,,,sl
1560,5399,sc_hh,1785497040,,4060.96,,,11473,1785496800,
1560,5400,fvg_fixed,1785497100,,,4062.34,4062.37,,1785496920,
1560,5401,hl,1785498240,,4061.44,,,11476,,
1560,5402,reaction,1785498480,,,,,,,
1560,5403,entry_attempt,1785498540,1785498540120,4061.31,4061.31,4061.54,,,10009
1560,5404,fill,1785498540,1785498540120,4061.31,4089.60,4004.73,,,
1572,5405,touch,1785502620,1785502673465,4054.45,,,,,
1572,5406,sc_hh,1785503220,,4057.08,,,11490,1785502800,
1572,5407,fvg_fixed,1785503280,,,4055.06,4055.09,,1785502800,
1571,5408,touch,1785503340,1785503376795,4058.27,,,,,
1572,5409,fvg_lapsed,1785503760,,4054.70,,,,,
1571,5410,sc_hh,1785503820,,4053.17,,,11491,1785503340,
1571,5411,fvg_fixed,1785503880,,,4053.65,4053.86,,1785503760,
1571,5412,fvg_lapsed,1785504120,,4053.99,,,,,
1571,5413,sc_hh,1785504240,,4052.58,,,11493,1785504120,
1571,5414,fvg_none,1785504300,,,,,,,
1572,5415,sc_hh,1785504600,,4054.94,,,11494,1785504240,
1573,5416,touch,1785504660,1785504665171,4055.85,,,,,
1572,5417,fvg_fixed,1785504660,,,4053.26,4055.62,,1785504540,
1572,5418,hl,1785505260,,4052.87,,,11498,,
1572,5419,sc_superseded,1785505500,,,,,11496,,
1572,5420,sc_hh,1785505500,,4056.49,,,11496,1785505080,
1571,5421,cancelled_opposing_structure,1785505500,,4056.55,,,11498,1785504720,
1573,5422,cancelled_opposing_structure,1785505500,,4056.55,,,11498,1785504720,
1572,5423,fvg_fixed,1785505560,,,4055.44,4055.89,,1785505440,
1572,5424,fvg_lapsed,1785505860,,4055.01,,,,,
1572,5425,sc_hh,1785506880,,4057.05,,,11499,1785506520,
1572,5426,fvg_fixed,1785506940,,,4056.55,4056.61,,1785506820,
1572,5427,fvg_lapsed,1785507300,,4055.81,,,,,
1574,5428,touch,1785507360,1785507362471,4055.08,,,,,
1572,5429,sc_hh,1785507780,,4059.37,,,11502,1785507360,
1574,5430,sc_hh,1785507780,,4059.37,,,11502,1785507360,
1572,5431,fvg_fixed,1785507840,,,4057.17,4058.73,,1785507660,
1574,5432,fvg_fixed,1785507840,,,4057.17,4058.73,,1785507660,
1572,5433,fvg_lapsed,1785508200,,4056.28,,,,,
1574,5434,fvg_lapsed,1785508200,,4056.28,,,,,
1574,5435,break,1785508680,,4053.04,,,,,
1572,5436,cancelled_opposing_structure,1785508740,,4053.13,,,11506,1785508380,
1574,5437,cancelled_opposing_structure,1785508740,,4053.13,,,11506,1785508380,
1575,5438,touch,1785510180,1785510232467,4056.11,,,,,
1576,5439,touch,1785511200,1785511233863,4055.42,,,,,
1575,5440,sc_hh,1785511200,,4055.60,,,11513,1785511200,
1575,5441,fvg_none,1785511260,,,,,,,
1576,5442,break,1785511260,,4053.06,,,,,
1575,5443,sc_hh,1785511740,,4049.96,,,11515,1785511560,
1575,5444,fvg_fixed,1785511800,,,4050.61,4051.21,,1785511560,
1576,5445,cancelled_opposing_structure,1785511860,,4048.41,,,11516,1785511380,
1575,5446,sc_superseded,1785512340,,,,,11517,,
1575,5447,sc_hh,1785512340,,4044.77,,,11517,1785512160,
1575,5448,fvg_fixed,1785512400,,,4046.52,4047.03,,1785512160,
1532,5449,touch,1785513000,1785513011509,4041.06,,,,,
1575,5450,hl,1785513420,,4046.31,,,11521,,
1575,5451,sc_superseded,1785513540,,,,,11520,,
1575,5452,sc_hh,1785513540,,4040.99,,,11520,1785513240,
1532,5453,cancelled_opposing_structure,1785513540,,4040.74,,,11521,1785513060,
1575,5454,fvg_fixed,1785513600,,,4043.00,4043.19,,1785513360,
1575,5455,hl,1785513960,,4042.67,,,11523,,
1578,5456,touch,1785514920,1785514933842,4041.10,,,,,
1575,5457,fvg_lapsed,1785514920,,4043.48,,,,,
1579,5458,touch,1785515460,1785515483730,4037.83,,,,,
1350,5459,exit,1785515700,1785515703023,4034.15,,,,,tp
1575,5460,sc_hh,1785515700,,4034.73,,,11526,1785514920,
1578,5461,sc_hh,1785515700,,4034.73,,,11526,1785514920,
1579,5462,break,1785515700,,4033.18,,,,,
1579,5463,return,1785515760,1785515816641,4034.74,,,,,
1575,5464,fvg_fixed,1785515760,,,4034.80,4035.24,,1785515640,
1578,5465,fvg_fixed,1785515760,,,4034.80,4035.24,,1785515640,
1579,5466,cancelled_second_break,1785515760,,4034.51,,,,,
1575,5467,fvg_lapsed,1785515820,,4035.99,,,,,
1578,5468,fvg_lapsed,1785515820,,4035.99,,,,,
1575,5469,sc_hh,1785517620,,4025.07,,,11534,1785517260,
1578,5470,sc_hh,1785517620,,4025.07,,,11534,1785517260,
1575,5471,fvg_fixed,1785517680,,,4024.23,4027.51,,1785517560,
1578,5472,fvg_fixed,1785517680,,,4024.23,4027.51,,1785517560,
1575,5473,fvg_lapsed,1785517860,,4028.35,,,,,
1578,5474,fvg_lapsed,1785517860,,4028.35,,,,,
1580,5475,touch,1785518460,1785518479685,4035.90,,,,,
1575,5476,cancelled_opposing_structure,1785518880,,4039.27,,,11538,1785518520,
1578,5477,cancelled_opposing_structure,1785518880,,4039.27,,,11538,1785518520,
1580,5478,cancelled_opposing_structure,1785518880,,4039.27,,,11538,1785518520,
1581,5479,touch,1785524760,1785524761047,4042.83,,,,,
1582,5480,touch,1785525000,1785525012655,4044.79,,,,,
1581,5481,sc_hh,1785525960,,4046.85,,,11562,1785525360,
1582,5482,break,1785525960,,4047.22,,,,,
1582,5483,cancelled_opposing_structure,1785525960,,4047.22,,,11563,1785525240,
1581,5484,fvg_fixed,1785526020,,,4046.11,4046.41,,1785525900,
1581,5485,sc_superseded,1785526260,,,,,11565,,
1581,5486,sc_hh,1785526260,,4048.36,,,11565,1785526080,
1581,5487,fvg_fixed,1785526320,,,4047.93,4048.45,,1785526200,
1581,5488,fvg_lapsed,1785526740,,4046.69,,,,,
1581,5489,sc_hh,1785528900,,4045.60,,,11570,1785528660,
1581,5490,fvg_fixed,1785528960,,,4043.30,4044.79,,1785528780,
1583,5491,touch,1785529140,1785529189322,4047.10,,,,,
1581,5492,sc_superseded,1785529440,,,,,11572,,
1581,5493,sc_hh,1785529440,,4047.22,,,11572,1785529380,
1581,5494,fvg_fixed,1785529500,,,4046.37,4046.52,,1785529380,
1581,5495,fvg_lapsed,1785529560,,4045.94,,,,,
1581,5496,sc_hh,1785529680,,4048.54,,,11574,1785529560,
1583,5497,cancelled_opposing_structure,1785529680,,4049.38,,,11573,1785529140,
1581,5498,fvg_fixed,1785529740,,,4047.06,4048.55,,1785529620,
1581,5499,hl,1785530280,,4047.68,,,11576,,
1581,5500,sc_superseded,1785530760,,,,,11577,,
1581,5501,sc_hh,1785530760,,4052.21,,,11577,1785530520,
1581,5502,fvg_none,1785530820,,,,,,,
1581,5503,cancelled_opposing_structure,1785531840,,4052.41,,,11581,1785531300,
1585,5504,touch,1785535200,1785535227290,4052.49,,,,,
1585,5505,sc_hh,1785535260,,4049.36,,,11594,1785535200,
1585,5506,fvg_fixed,1785535320,,,4049.98,4050.72,,1785535200,
1585,5507,sc_superseded,1785535860,,,,,11596,,
1585,5508,sc_hh,1785535860,,4048.21,,,11596,1785535800,
1585,5509,fvg_fixed,1785535920,,,4048.22,4048.75,,1785535800,
1585,5510,fvg_lapsed,1785536340,,4048.89,,,,,
1585,5511,cancelled_opposing_structure,1785537360,,4051.28,,,11601,1785537000,
1577,5512,touch,1785537900,1785537909099,4055.49,,,,,
1586,5513,touch,1785538320,1785538360050,4051.42,,,,,
1586,5514,sc_hh,1785538380,,4051.42,,,11602,1785537600,
1586,5515,fvg_fixed,1785538440,,,4050.88,4052.89,,1785537720,
1586,5516,fvg_lapsed,1785538500,,4050.57,,,,,
1577,5517,sc_hh,1785538980,,4049.61,,,11603,1785537960,
1586,5518,break,1785538980,,4049.01,,,,,
1577,5519,fvg_fixed,1785539040,,,4049.33,4049.75,,1785538920,
1577,5520,hl,1785539580,,4047.98,,,11607,,
1586,5521,sc_hh,1785539880,,4047.98,,,11607,1785539700,
1586,5522,fvg_fixed,1785539940,,,4047.23,4047.26,,1785539760,
1577,5523,cancelled_opposing_structure,1785540000,,4048.25,,,11608,1785539400,
1586,5524,fvg_lapsed,1785540360,,4047.20,,,,,
1586,5525,return,1785540660,1785540709414,4049.66,,,,,
1586,5526,cancelled_second_break,1785540660,,4049.28,,,,,
1584,5527,touch,1785542160,1785542217348,4044.16,,,,,
1560,5528,exit,1785542160,1785542219981,4044.07,,,,,end
