run_id,setup_id,dir,open_time,exit_kind,net,risk_price,planned_rr,r_net,spread_r,r_levels,mfe_strict,mae_strict,mfe_incl,mae_incl,bars_held
f1_oos_fixed_a,698,S,2026-03-02 02:53:00,tp,198.24,24.710000000000036,2.0,2.0056657223796006,0.008093889113719131,2.0,1.5107244030757094,0.05787130716306675,2.039255362201548,0.05787130716306675,36
f1_oos_fixed_a,700,S,2026-03-02 04:18:00,sl,-98.98,14.100000000000364,1.9999999999999356,-1.0028368794325984,0.014184397163120203,-1.0,0.2007092198581457,0.9446808510638492,0.2007092198581457,1.1049645390070586,23
f1_oos_fixed_a,5,S,2026-03-02 09:34:00,tp,198.72,10.80999999999949,2.0000000000001683,2.042553191489458,0.01850138760407118,2.0000000000001683,1.7733580018503132,0.7326549491211412,2.1045328399631806,0.7326549491211412,106
f1_oos_fixed_a,714,S,2026-03-02 14:40:00,sl,-105.12,5.700000000000728,1.999999999999681,-1.0245614035086412,0.035087719298241137,-1.0,-0.2912280701753759,0.9736842105262234,-0.017543859649184392,1.1403508771928368,2
f1_oos_fixed_a,696,L,2026-03-02 18:33:00,sl,-90.87,44.27000000000044,1.9999999999999793,-1.026315789473674,0.004517732098486516,-1.0,1.693923650327514,0.571267223853619,1.693923650327514,1.3232437316466987,950
f1_oos_fixed_a,722,S,2026-03-02 23:01:00,sl,-86.48,17.600000000000364,1.9999999999999483,-0.9827272727272525,0.01136363636363613,-1.0,0.91647727272726,0.8778409090908806,0.91647727272726,1.0323863636363464,131
f1_oos_fixed_a,730,L,2026-03-03 04:25:00,sl,-97.68,24.079999999999927,2.0,-1.0141196013289069,0.008305647840531586,-1.0,0.8816445182724476,0.8168604651162845,0.8816445182724476,1.1686046511628079,203
f1_oos_fixed_a,740,L,2026-03-03 09:37:00,sl,-77.4,38.600000000000364,1.9999999999999765,-1.0025906735751202,0.005181347150259019,-1.0,0.46554404145077943,0.9520725388600947,0.46554404145077943,1.857253886010335,108
f1_oos_fixed_a,739,S,2026-03-03 10:27:00,tp,188.64,31.100000000000364,1.9999999999999707,2.021864951768465,0.006430868167202498,1.9999999999999707,1.1028938906752341,0.05466237942121538,2.2263665594854976,0.1273311897106106,58
f1_oos_fixed_a,691,L,2026-03-03 12:00:00,sl,-98.3,48.98999999999978,2.0000000000000187,-1.0032659726474835,0.004082465809348865,-1.0,0.25535823637477595,0.8124106960604093,0.25535823637477595,1.3892631149214083,67
f1_oos_fixed_a,747,L,2026-03-03 16:01:00,sl,-54.79,54.789999999999964,2.0,-1.0000000000000007,0.0036503011498448647,-1.0,0.2982296039423281,0.920423434933388,0.2982296039423281,1.0359554663259765,35
f1_oos_fixed_a,751,S,2026-03-03 16:36:00,sl,-73.72999999999999,74.05000000000018,2.0,-0.9956785955435491,0.0027008777852802097,-1.0,1.5646185010128333,0.98487508440242,1.5646185010128333,1.0066171505739336,632
f1_oos_fixed_a,758,L,2026-03-03 21:40:00,sl,-97.9,18.30999999999949,2.0000000000000497,-1.0693610049153766,0.010922992900054919,-1.0,1.018569087930151,0.5985800109230115,1.018569087930151,1.1829601310759397,71
f1_oos_fixed_a,763,S,2026-03-03 23:36:00,sl,-108.88,15.759999999999309,2.0000000000001155,-1.1514382402707781,0.012690355329949795,-1.0,0.4942893401015999,1.1744923857868097,0.4942893401015999,1.4079949238579044,23
f1_oos_fixed_a,765,L,2026-03-04 02:24:00,tp,171.7,17.110000000000582,1.9999999999998936,2.0070134424312585,0.011689070718877452,1.9999999999998936,1.528930450029162,0.3156049094097231,2.0561075394505077,0.39742840444184396,37
f1_oos_fixed_a,770,S,2026-03-04 08:18:00,sl,-83.8,20.50999999999931,2.000000000000089,-1.0214529497806293,0.009751340809361617,-1.0,0.8488542174549659,0.9912237932715604,0.8488542174549659,1.1857630424183583,44
f1_oos_fixed_a,767,L,2026-03-04 08:39:00,sl,-67.1,33.23000000000047,1.9999999999999727,-1.0096298525428684,0.006018657839301751,-1.0,1.5185073728558327,0.7303641287992805,1.5185073728558327,1.0168522419500297,644
f1_oos_fixed_a,768,L,2026-03-04 09:25:00,sl,-91.96,43.960000000000036,2.0,-1.045950864422201,0.0045495905368516795,-1.0,0.7811646951774367,0.9187898089172042,0.7811646951774367,1.1353503184713334,598
f1_oos_fixed_a,774,L,2026-03-04 11:35:00,sl,-84.6,16.69000000000051,1.9999999999999456,-1.0137807070101545,0.01198322348711767,-1.0,1.9400838825643572,0.7992810065907573,1.9400838825643572,1.0365488316356892,186
f1_oos_fixed_a,782,L,2026-03-04 15:03:00,sl,-92.44,21.23999999999978,2.0000000000000426,-1.0880414312617814,0.00941619585687392,-1.0,0.8921845574387953,0.8083804143126294,0.8921845574387953,1.5951035781544471,105
f1_oos_fixed_a,781,S,2026-03-04 17:03:00,tp,190.64000000000001,47.029999999999745,2.0000000000000195,2.026791409738476,0.004252604720391263,2.0000000000000195,1.5804805443334111,0.7584520518817832,2.0452902402721884,0.7584520518817832,1383
f1_oos_fixed_a,790,L,2026-03-04 22:41:00,tp,161.38000000000002,17.31999999999971,2.0000000000000524,1.8635103926097314,0.011547344110854698,2.0000000000000524,1.9439953810623924,0.7511547344110582,2.05196304849893,0.7511547344110582,156
f1_oos_fixed_a,800,S,2026-03-05 05:53:00,tp,183.78,10.1899999999996,2.0000000000000893,2.003925417075643,0.019627085377822165,2.0000000000000893,1.8851815505398224,0.28949950932285906,2.1354268891070727,0.28949950932285906,104
f1_oos_fixed_a,808,L,2026-03-05 10:53:00,sl,-94.58,47.039999999999964,2.0,-1.005314625850341,0.004251700680272113,-1.0,0.27444727891156173,0.8531037414966016,0.27444727891156173,1.0620748299319744,267
f1_oos_fixed_a,814,L,2026-03-05 12:30:00,sl,-112.97,7.269999999999527,2.0000000000001252,-1.1953232462174093,0.02751031636864003,-1.0,0.30536451169193934,0.5667125171939695,0.33425034387901637,1.1953232462173542,6
f1_oos_fixed_a,811,L,2026-03-05 12:51:00,sl,-95.92,23.149999999999636,2.000000000000039,-1.0358531317494764,0.008639308855291713,-1.0,0.2786177105831499,0.7974082073434267,0.2786177105831499,1.1395248380129817,145
f1_oos_fixed_a,822,S,2026-03-05 21:21:00,sl,-84.84,21.17999999999938,2.0000000000000857,-1.0014164305949302,0.009442870632672608,-1.0,0.4050991501416944,0.8744098205854611,0.4050991501416944,1.247403210576012,55
f1_oos_fixed_a,824,S,2026-03-05 21:26:00,sl,-84.6,14.0,2.0,-1.0071428571428571,0.014285714285714287,-1.0,0.6400000000000675,0.6571428571428442,0.6400000000000675,1.045714285714244,46
f1_oos_fixed_a,825,L,2026-03-05 22:14:00,tp,180.01999999999998,22.88000000000011,2.0,1.9670017482517386,0.0087412587412587,2.0,1.8614510489510465,0.5240384615384495,2.3588286713286712,0.5240384615384495,274
f1_oos_fixed_a,826,L,2026-03-06 04:09:00,sl,-69.61,68.81999999999971,2.0000000000000133,-1.0114792211566448,0.002906131938390015,-1.0,0.9870677128741729,0.9803836094158753,0.9870677128741729,1.219558267945374,1290
f1_oos_fixed_a,828,L,2026-03-06 04:13:00,sl,-60.26,59.30000000000018,1.9999999999999847,-1.0161888701517674,0.003372681281618877,-1.0,0.16188870151769688,0.9465430016863395,0.16188870151769688,1.0568296795952763,582
f1_oos_fixed_a,841,S,2026-03-06 13:56:00,sl,-89.79,29.400000000000546,1.9999999999999691,-1.018027210884335,0.006802721088435248,-1.0,0.11734693877550184,0.9421768707482756,0.20442176870748663,1.8146258503401147,94
f1_oos_fixed_a,842,L,2026-03-06 15:53:00,sl,-48.07,47.210000000000036,2.0,-1.0182164795594146,0.004236390595212876,-1.0,1.872272823554337,0.9392077949586976,1.872272823554337,1.3444185553908115,586
f1_oos_fixed_a,843,L,2026-03-06 16:35:00,tp,163.05,27.159999999999854,2.0,2.001104565537566,0.007363770250368228,2.0,1.9050073637702525,0.8483063328424185,2.247422680412382,0.8483063328424185,49
f1_oos_fixed_a,847,S,2026-03-06 18:58:00,sl,-84.96,21.219999999999345,2.0000000000000857,-1.0009425070688338,0.009425070688030451,-1.0,0.15221489161171406,0.9910461828463899,0.15221489161171406,1.0032987747407969,99
f1_oos_fixed_a,801,S,2026-03-09 01:12:00,tp,161.6,40.26999999999953,2.0000000000000226,2.006456419170622,0.0052148000993295866,2.0000000000000226,1.947603675192481,0.2711696051651403,2.0451949341942277,0.2711696051651403,86
f1_oos_fixed_a,857,S,2026-03-09 06:33:00,sl,-96.24,15.850000000000364,1.9999999999999427,-1.0119873817034468,0.013249211356466572,-1.0,0.5123028391167006,0.9671924290220553,0.5123028391167006,1.2182965299684516,120
f1_oos_fixed_a,865,S,2026-03-09 06:43:00,sl,-93.12,11.36999999999989,2.0,-1.0237467018469755,0.01846965699208461,-1.0,0.022867194371171573,0.8874230430958876,0.06772207563760198,1.074758135444184,25
f1_oos_fixed_a,867,L,2026-03-09 09:10:00,sl,-89.98,44.98999999999978,2.0000000000000204,-1.0000000000000049,0.004667703934207624,-1.0,0.08624138697488615,0.9522116025783586,0.08624138697488615,1.0202267170482298,281
f1_oos_fixed_a,871,L,2026-03-09 13:02:00,sl,-96.74,13.279999999999745,2.0000000000000684,-1.0406626506024295,0.015813253012048497,-1.0,0.20557228915666606,0.7605421686746723,0.20557228915666606,1.1129518072289177,28
f1_oos_fixed_a,875,S,2026-03-09 17:04:00,sl,-84.9,28.229999999999563,2.0000000000000324,-1.0024796315976068,0.0074388947927737595,-1.0,0.7665603967410791,0.8859369465108256,0.7665603967410791,1.145589798087164,40
f1_oos_fixed_a,862,L,2026-03-09 17:34:00,tp,136.79,34.57000000000062,1.9999999999999474,1.9784495227075143,0.006074631183106631,1.9999999999999474,1.988140005785315,0.2964998553659189,2.0653746022562443,0.2964998553659189,585
f1_oos_fixed_a,878,S,2026-03-09 18:09:00,sl,-65.72,32.659999999999854,2.0,-1.0061236987140276,0.006429883649724462,-1.0,0.07899571341089831,0.8766074709124384,0.0823637477036011,1.0471524800979783,207
f1_oos_fixed_a,879,L,2026-03-09 19:06:00,tp,151.28,25.36999999999989,2.000000000000036,1.9876494547365742,0.008277493102089117,2.000000000000036,1.9195900670083144,0.7197477335435313,2.0189199842333654,0.7197477335435313,492
f1_oos_fixed_a,855,S,2026-03-10 01:21:00,sl,-67.68,33.840000000000146,2.0,-0.9999999999999958,0.006205673758865222,-1.0,0.2615248226950182,0.9432624113475159,0.2615248226950182,1.0221631205673758,180
f1_oos_fixed_a,893,S,2026-03-10 09:12:00,sl,-85.77,9.409999999999854,2.0,-1.0127523910733418,0.02231668437832128,-1.0,1.7938363443145984,0.6184909670563017,1.7938363443145984,1.045696068012784,108
f1_oos_fixed_a,894,L,2026-03-10 10:54:00,tp,148.56,24.75,2.0,2.000808080808081,0.008484848484848484,2.0,1.9470707070707276,0.9127272727272786,2.006060606060628,0.9127272727272786,333
f1_oos_fixed_a,895,L,2026-03-10 11:46:00,sl,-83.28,27.670000000000073,2.0,-1.0032526201662424,0.007589447054571718,-1.0,0.15251174557283134,0.9110950487893014,0.15251174557283134,1.1875677629201151,111
f1_oos_fixed_a,898,L,2026-03-10 14:01:00,sl,-82.56,13.659999999999854,2.0,-1.0073206442167018,0.015373352855051408,-1.0,0.9385065885797838,0.907027818448057,0.9385065885797838,1.0424597364568033,65
f1_oos_fixed_a,900,S,2026-03-10 14:31:00,sl,-84.78,13.909999999999854,2.0,-1.015815959741204,0.015097052480230208,-1.0,1.365204888569373,0.5744069015096955,1.365204888569373,1.067577282530591,89
f1_oos_fixed_a,902,L,2026-03-10 15:28:00,tp,141.78,23.63000000000011,2.0,1.9999999999999911,0.008887008040626282,2.0,1.8823529411764435,0.060093101988999836,2.003808717731703,0.10579771476936049,58
f1_oos_fixed_a,908,L,2026-03-10 18:07:00,sl,-77.28,25.5,2.0,-1.0101960784313726,0.008235294117647058,-1.0,0.9756862745098082,0.3117647058823815,0.9756862745098082,1.010196078431381,190
f1_oos_fixed_a,922,L,2026-03-11 04:06:00,sl,-63.3,31.610000000000582,1.9999999999999425,-1.0012654223346857,0.006643467257196967,-1.0,0.11673521037644834,0.942739639354623,0.11673521037644834,1.0740272065801995,391
f1_oos_fixed_a,924,L,2026-03-11 08:45:00,sl,-86.94,14.450000000000728,1.999999999999874,-1.0027681660899148,0.014532871972317606,-1.0,0.6650519031141308,0.8020761245674437,0.6650519031141308,1.089273356401377,112
f1_oos_fixed_a,934,S,2026-03-11 10:37:00,tp,183.12,12.900000000000546,1.999999999999859,2.0279069767441,0.01627906976744117,1.999999999999859,1.91627906976731,0.5620155038759452,2.116279069767296,0.5620155038759452,323
f1_oos_fixed_a,936,S,2026-03-11 11:41:00,tp,154.75,15.3100000000004,1.9999999999999405,2.021554539516603,0.013716525146962411,1.9999999999999405,1.5969954278248975,0.9157413455258047,2.16721097322008,0.9157413455258047,310
f1_oos_fixed_a,938,S,2026-03-11 12:56:00,tp,179.8,8.649999999999636,2.0000000000001052,2.0786127167630934,0.024277456647399866,2.0000000000001052,1.9722543352602449,0.7156069364161688,2.4820809248556253,0.7156069364161688,171
f1_oos_fixed_a,951,S,2026-03-11 19:30:00,sl,-86.59,12.36999999999989,2.0000000000000737,-1.0000000000000087,0.016976556184317045,-1.0,-0.14389652384800009,0.9911075181891202,0.05173807599032604,1.0218270008083694,31
f1_oos_fixed_a,956,L,2026-03-11 21:15:00,sl,-98.25,13.989999999999782,2.0,-1.1704789135096683,0.015010721944246123,-1.0,0.799857040743372,0.9949964260186054,0.799857040743372,1.0,205
f1_oos_fixed_a,957,L,2026-03-11 22:57:00,sl,-101.6,11.799999999999272,2.000000000000154,-1.2300242130751362,0.017796610169492622,-1.0,0.10254237288136533,0.9364406779660978,0.10254237288136533,1.1550847457627924,70
f1_oos_fixed_a,889,L,2026-03-12 02:30:00,sl,-78.69,26.139999999999418,2.0000000000000697,-1.0034429992349114,0.008033664881407982,-1.0,0.014537107880647193,0.8867635807192004,0.06465187452182658,1.114766641162971,30
f1_oos_fixed_a,968,S,2026-03-12 11:52:00,sl,-85.3,8.480000000000473,1.9999999999998928,-1.005896226415038,0.024764150943394844,-1.0,0.2087264150942722,0.7806603773585414,0.2087264150942722,1.0495283018867982,39
f1_oos_fixed_a,950,S,2026-03-12 12:00:00,tp,158.05,15.789999999999964,2.0,2.0018999366687824,0.013299556681443982,2.0,1.9233692210259634,0.8720709309689397,2.013932868904386,0.8720709309689397,296
f1_oos_fixed_a,980,S,2026-03-12 21:25:00,sl,-73.4,24.410000000000764,1.9999999999999254,-1.0023214529564073,0.008603031544448726,-1.0,1.9508398197459402,0.882425235559168,1.9508398197459402,1.0536665301105879,393
f1_oos_fixed_a,984,S,2026-03-12 23:19:00,tp,197.12,10.849999999999454,2.000000000000084,2.270967741935598,0.01935483870967839,2.000000000000084,1.2534562211982532,0.006451612903199307,2.7502304147466954,0.06543778801843983,11
f1_oos_fixed_a,987,L,2026-03-13 01:58:00,tp,160.1,15.989999999999782,2.000000000000057,2.0025015634772005,0.012507817385866338,2.000000000000057,1.8474046278924556,0.35834896810504324,2.1088180112570805,0.35834896810504324,182
f1_oos_fixed_a,981,S,2026-03-13 04:22:00,sl,-89.83,6.890000000000327,1.999999999999868,-1.0029027576196912,0.02902757619738614,-1.0,1.0420899854860726,0.780841799709703,1.0420899854860726,1.1901306240928053,37
f1_oos_fixed_a,989,S,2026-03-13 06:31:00,tp,185.76,11.450000000000728,1.9999999999998412,2.0279475982531463,0.017467248908295836,1.9999999999998412,1.9641921397378475,0.7449781659387951,2.0454148471614486,0.7449781659387951,201
f1_oos_fixed_a,992,S,2026-03-13 09:56:00,sl,-95.68,23.88000000000011,2.0,-1.0016750418760425,0.008375209380234469,-1.0,1.0795644891122123,0.8546901172529213,1.0795644891122123,1.0125628140703593,304
f1_oos_fixed_a,1001,S,2026-03-13 13:04:00,sl,-90.6,9.010000000000218,2.0,-1.0055493895671233,0.022197558268589917,-1.0,0.054384017758122016,0.9933407325193786,0.0721420643729778,1.0110987791342343,13
f1_oos_fixed_a,1002,L,2026-03-13 13:23:00,sl,-95.13,9.960000000000036,2.0,-1.061244979919675,0.02008032128514049,-1.0,0.01807228915665566,0.8202811244979963,0.048192771084384654,1.3152610441766472,10
f1_oos_fixed_a,1009,L,2026-03-13 15:55:00,sl,-82.62,13.680000000000291,1.9999999999999336,-1.0065789473683997,0.014619883040935363,-1.0,0.24049707602338405,0.9839181286549525,0.24049707602338405,1.1271929824561218,38
f1_oos_fixed_a,1010,S,2026-03-13 17:01:00,tp,178.6,17.860000000000582,1.9999999999999492,1.9999999999999347,0.011198208286673767,1.9999999999999492,1.8577827547591943,0.4876819708846446,2.203247480403084,0.4876819708846446,51
f1_oos_fixed_a,1012,S,2026-03-13 18:15:00,tp,175.77,43.68000000000029,1.9999999999999791,2.0120192307692175,0.004578754578754549,1.9999999999999791,1.979624542124514,0.05196886446887412,2.1000457875457634,0.05196886446887412,424
f1_oos_fixed_a,1018,L,2026-03-13 21:09:00,sl,-89.74,6.3100000000004,1.999999999999856,-1.0158478605387626,0.031695721077652506,-1.0,-0.13946117274168832,0.69255150554669,-0.004754358161607518,1.1743264659270023,3
f1_oos_fixed_a,1020,S,2026-03-13 21:26:00,sl,-87.12,9.660000000000764,1.9999999999998117,-1.0020703933746622,0.02070393374741037,-1.0,0.39958592132498627,0.9948240165631286,0.39958592132498627,1.0175983436852123,35
f1_oos_fixed_a,1027,L,2026-03-16 05:08:00,sl,-87.94,43.92000000000007,1.9999999999999793,-1.001138433515481,0.004553734061930776,-1.0,0.4594717668488012,0.9817850637522935,0.4594717668488012,1.0291438979963718,473
f1_oos_fixed_a,1032,L,2026-03-16 08:44:00,sl,-91.4,17.900000000000546,1.9999999999999492,-1.0212290502792984,0.01117318435754156,-1.0,1.1256983240222918,0.982122905027899,1.1256983240222918,1.3346368715083574,113
f1_oos_fixed_a,1037,S,2026-03-16 11:43:00,sl,-81.32,20.1299999999992,2.00000000000009,-1.0099354197715253,0.00993541977148574,-1.0,0.8514654744163442,0.9458519622453955,0.8514654744163442,1.0382513661202417,155
f1_oos_fixed_a,1041,S,2026-03-16 13:05:00,sl,-71.64,23.88000000000011,2.0,-0.9999999999999954,0.008375209380234469,-1.0,0.031825795644900116,0.9886934673366652,0.031825795644900116,1.0439698492462004,48
f1_oos_fixed_a,1044,L,2026-03-16 15:17:00,tp,181.62,10.020000000000437,1.9999999999999092,2.0139720558881358,0.019960079840318494,1.9999999999999092,1.9211576846306548,-0.2095808383232897,2.23353293413165,0.05089820359283394,58
f1_oos_fixed_a,1036,S,2026-03-16 15:51:00,sl,-85.82,12.239999999999782,2.000000000000074,-1.001633986928122,0.016339869281046044,-1.0,0.12581699346405156,0.7263071895424491,0.2034313725490797,1.0964052287581953,24
f1_oos_fixed_a,1048,L,2026-03-16 16:44:00,sl,-76.84,18.98999999999978,2.000000000000048,-1.0115850447604118,0.010531858873091222,-1.0,0.2748815165876943,0.9499736703528263,0.2748815165876943,1.207477619799876,46
f1_oos_fixed_a,1052,L,2026-03-16 19:16:00,sl,-85.08,14.110000000000582,1.9999999999999356,-1.004961020552758,0.014174344436569225,-1.0,-0.14953933380584655,0.87951807228911,0.019844082211178865,1.2515946137490521,10
f1_oos_fixed_a,1042,L,2026-03-16 19:58:00,tp,152.05,15.170000000000073,1.99999999999994,2.004614370468019,0.01318391562293995,1.99999999999994,1.9940672379696673,0.4185893210283674,2.0586684245220446,0.4185893210283674,193
f1_oos_fixed_a,1060,L,2026-03-16 23:14:00,sl,-86.16,10.61999999999989,2.0,-1.0141242937853212,0.01883239171374784,-1.0,-0.07627118644063079,0.9548022598869607,-0.01883239171373071,1.0150659133709845,22
f1_oos_fixed_a,1063,S,2026-03-17 01:40:00,sl,-77.95,15.410000000000764,1.9999999999998819,-1.0116807268007286,0.012978585334197929,-1.0,0.4192083062945955,0.9707981829980075,0.4192083062945955,1.0999351070732626,176
f1_oos_fixed_a,1062,S,2026-03-17 01:44:00,sl,-76.92,19.18000000000029,1.9999999999999525,-1.0026068821689107,0.0104275286757037,-1.0,0.3571428571428707,0.9426485922836106,0.3571428571428707,1.0156412930135177,185
f1_oos_fixed_a,1059,L,2026-03-17 01:51:00,sl,-90.9,8.75,2.0,-1.038857142857143,0.022857142857142857,-1.0,1.1017142857143232,0.933714285714294,1.1017142857143232,1.266285714285706,132
f1_oos_fixed_a,1068,L,2026-03-17 04:41:00,tp,169.29,9.319999999999709,2.0000000000000977,2.0182403433477023,0.021459227467811832,2.0000000000000977,1.8111587982833302,0.1105150214592036,2.534334763948565,0.1105150214592036,183
f1_oos_fixed_a,1049,S,2026-03-17 06:50:00,sl,-82.39,11.610000000000582,1.9999999999998432,-1.0137812230834977,0.01722652885443497,-1.0,0.03100775193795474,0.6933677863910231,0.03100775193795474,1.2739018087854628,54
f1_oos_fixed_a,1074,S,2026-03-17 09:17:00,tp,123.03,30.51000000000022,2.0,2.0162241887905457,0.006555227794165801,2.0,1.971812520485068,0.6860045886594307,2.1019337921992673,0.6860045886594307,1688
f1_oos_fixed_a,1077,L,2026-03-17 10:12:00,tp,175.5,5.849999999999454,2.000000000000311,2.0000000000001865,0.034188034188037376,2.000000000000311,1.905982905983177,0.8820512820513394,2.160683760684018,0.8820512820513394,26
f1_oos_fixed_a,1080,S,2026-03-17 14:06:00,sl,-87.75,9.679999999999382,2.000000000000188,-1.007231404958742,0.02066115702479471,-1.0,-0.00826446280981641,0.8502066115702571,0.02169421487613216,1.0506198347107245,12
f1_oos_fixed_a,1084,L,2026-03-17 17:11:00,sl,-79.3,15.649999999999636,2.000000000000058,-1.0134185303514611,0.01277955271565525,-1.0,0.17380191693292765,0.9303514376996695,0.17380191693292765,1.0722044728434592,76
f1_oos_fixed_a,1090,S,2026-03-17 18:24:00,tp,169.33,11.719999999999345,2.000000000000155,2.0639931740615487,0.017064846416383207,2.000000000000155,1.4462457337885388,0.15955631399309606,2.1621160409558424,0.15955631399309606,12
f1_oos_fixed_a,1089,S,2026-03-17 18:55:00,tp,158.86,25.329999999999927,2.0,2.0905382287143106,0.00789577575996844,2.0,1.9285432293723057,0.8377418081326615,2.095538886695621,0.8377418081326615,1123
f1_oos_fixed_a,1092,L,2026-03-17 19:04:00,sl,-91.98,21.18000000000029,1.9999999999999571,-1.0856940509914865,0.009442870632672204,-1.0,1.0269121813031021,0.8068932955618466,1.0269121813031021,1.6237016052880007,1049
f1_oos_fixed_a,1121,S,2026-03-18 14:47:00,tp,174.88,43.56999999999971,2.000000000000021,2.006885471654822,0.005049345880192827,2.000000000000021,1.9921964654579014,0.08124856552673829,2.1239384897865636,0.08124856552673829,88
f1_oos_fixed_a,1127,L,2026-03-18 17:13:00,sl,-72.44,35.720000000000255,1.9999999999999745,-1.0139977603583354,0.006159014557670729,-1.0,0.37262038073906484,0.9381298992161249,0.37262038073906484,1.1856103023516256,287
f1_oos_fixed_a,1131,L,2026-03-18 19:56:00,sl,-82.56,13.6899999999996,2.0000000000000666,-1.005113221329467,0.016070124178232757,-1.0,0.7268078889700591,0.9013878743608843,0.7268078889700591,1.184075967859789,97
f1_oos_fixed_a,1138,S,2026-03-18 23:46:00,sl,-72.17999999999999,37.029999999999745,2.0000000000000244,-0.9746151768836145,0.005941128814474791,-1.0,0.42155009451795245,0.9837969214150835,0.42155009451795245,1.0623818525519961,229
f1_oos_fixed_a,1140,L,2026-03-18 23:48:00,sl,-101.31,13.860000000000582,1.9999999999999343,-1.218253968253917,0.015873015873015206,-1.0,1.1955266955266244,0.7871572871572436,1.1955266955266244,1.1565656565655895,31
f1_oos_fixed_a,1139,S,2026-03-19 02:51:00,sl,-81.6,15.8100000000004,1.9999999999999425,-1.0322580645161028,0.014547754585704882,-1.0,0.12713472485769559,0.9968374446552125,0.18216318785578978,1.1037318153067284,70
f1_oos_fixed_a,1143,L,2026-03-19 04:33:00,sl,-91.68,15.19000000000051,1.99999999999994,-1.0059249506253778,0.0151415404871621,-1.0,1.4549045424620615,0.8268597761685306,1.4549045424620615,1.037524687294252,252
f1_oos_fixed_a,1147,S,2026-03-19 06:59:00,tp,173.88,9.510000000000218,1.9999999999999043,2.0315457413248743,0.02418506834910565,1.9999999999999043,1.9526813880126386,0.2839116719242646,2.289169295478437,0.2839116719242646,106
f1_oos_fixed_a,1154,S,2026-03-19 11:27:00,tp,162.45,15.460000000000036,2.0,2.101552393272957,0.014877102199223769,2.0,1.9521345407503377,0.06274256144885788,2.4534282018111386,0.15459249676580933,15
f1_oos_fixed_a,1151,S,2026-03-19 11:28:00,tp,122.0,60.68000000000029,1.999999999999985,2.0105471324983424,0.0037903757415952356,1.999999999999985,1.9709953856295286,0.054054054054049595,2.0105471324983424,0.05735003295978159,242
f1_oos_fixed_a,1160,S,2026-03-19 13:57:00,tp,153.24,25.139999999999418,2.000000000000036,2.0318217979316304,0.009148766905330364,2.000000000000036,1.9638027048529014,0.9586316626889424,2.069610182975412,0.9586316626889424,72
f1_oos_fixed_a,1167,S,2026-03-19 18:29:00,sl,-92.52,46.22999999999956,2.0000000000000195,-1.0006489292667193,0.0049751243781095,-1.0,0.7968851395198226,0.9829115293099725,0.7968851395198226,1.070300670560243,217
f1_oos_fixed_a,1169,L,2026-03-19 21:00:00,tp,183.89,46.36999999999989,2.0,1.9828552943713653,0.004960103515203807,2.0,1.9605348285529451,0.43476385594133926,2.12119905111063,0.43476385594133926,483
f1_oos_fixed_a,1176,L,2026-03-19 22:09:00,sl,-55.97,54.6299999999992,2.0000000000000333,-1.0245286472634234,0.004210140948197023,-1.0,1.4557935200439651,0.8769906644700816,1.4557935200439651,1.0100677283543875,1077
f1_oos_fixed_a,1172,L,2026-03-19 22:11:00,sl,-79.88000000000001,79.02999999999975,2.0000000000000115,-1.0107554093382294,0.002910287232696454,-1.0,1.0193597368088152,0.873845375173981,1.0193597368088152,1.0275844615968657,1082
f1_oos_fixed_a,1190,L,2026-03-20 06:22:00,sl,-59.69,59.55000000000018,2.0,-1.002350965575144,0.003862300587741382,-1.0,0.06616288832914353,0.9301427371956213,0.06616288832914353,1.046179680940386,196
f1_oos_fixed_a,1207,S,2026-03-20 14:01:00,sl,-85.56,28.520000000000437,1.999999999999968,-0.9999999999999849,0.008064516129032135,-1.0,0.04488078541376701,0.9586255259466626,0.14095371669005521,1.0431276297335044,30
f1_oos_fixed_a,1204,S,2026-03-20 15:43:00,tp,152.08,37.909999999999854,2.0,2.005803218148254,0.006067000791347953,2.0,1.9142706409918464,0.501714587180153,2.0213663940912796,0.501714587180153,91
f1_oos_fixed_a,1214,L,2026-03-20 18:05:00,sl,-72.15,24.020000000000437,1.999999999999962,-1.001248959200648,0.009575353871773348,-1.0,0.27726894254786566,0.5878434637801679,0.27726894254786566,1.1598667776852276,20
f1_oos_fixed_a,1218,S,2026-03-20 20:46:00,tp,150.68,37.60999999999967,2.000000000000024,2.003190640787042,0.006115394841797447,2.000000000000024,1.6479659664982986,0.41026322786491665,2.1449082690774177,0.41026322786491665,69
f1_oos_fixed_a,1217,S,2026-03-20 20:48:00,tp,149.8,36.88000000000011,1.9999999999999754,2.0309110629067186,0.0062364425162689625,1.9999999999999754,1.739696312364416,0.3592733188720163,2.246475054229938,0.3592733188720163,67
f1_oos_fixed_a,1219,S,2026-03-20 21:15:00,tp,158.65,15.829999999999927,2.0000000000000573,2.004421983575499,0.014529374605180105,2.0000000000000573,1.9241945672773901,0.34870499052429266,2.2773215413772117,0.34870499052429266,28
f1_oos_fixed_a,1223,S,2026-03-23 01:07:00,sl,-82.53,26.720000000000255,2.0,-1.0295658682634632,0.008982035928143627,-1.0,,,-0.008982035928135458,1.0591317365269088,0
f1_oos_fixed_a,1225,S,2026-03-23 02:53:00,tp,139.24,69.56999999999971,2.000000000000013,2.0014374011786775,0.003449762828805534,2.000000000000013,1.9092999856260082,0.15006468305303497,2.0539025442000995,0.15006468305303497,59
f1_oos_fixed_a,1232,S,2026-03-23 06:39:00,sl,-91.53,30.029999999999745,2.00000000000003,-1.0159840159840245,0.00799200799200806,-1.0,0.4338994338994291,0.7499167499167405,0.4338994338994291,1.1275391275391262,57
f1_oos_fixed_a,1237,S,2026-03-23 08:16:00,tp,195.93,10.449999999999818,2.000000000000087,2.083253588516783,0.02296650717703389,2.000000000000087,1.6497607655503341,0.45741626794256735,3.6966507177035113,0.4765550239234115,14
f1_oos_fixed_a,1245,L,2026-03-23 11:42:00,tp,130.13,64.97000000000025,2.0,2.0029244266584496,0.0036940126212097746,2.0,1.9595197783592413,0.5259350469447428,2.5625673387717276,0.5259350469447428,145
f1_oos_fixed_a,1246,L,2026-03-23 13:02:00,tp,161.4,26.640000000000327,1.9999999999999658,2.019519519519495,0.009009009009008898,1.9999999999999658,1.6129879879879778,0.42867867867867615,3.2890390390389945,0.42867867867867615,63
f1_oos_fixed_a,1248,L,2026-03-23 15:36:00,sl,-57.97,57.099999999999454,2.000000000000016,-1.0152364273205001,0.004203152364273245,-1.0,1.8446584938704191,0.9845884413309962,1.8446584938704191,1.2350262697022802,661
f1_oos_fixed_a,1226,S,2026-03-23 16:22:00,sl,-65.62,64.97000000000025,2.0,-1.0100046175157726,0.0036940126212097746,-1.0,0.369709096506085,0.9738340772664196,0.369709096506085,1.0606433738648544,56
f1_oos_fixed_a,1251,L,2026-03-23 17:08:00,sl,-66.27,66.13000000000011,2.0,-1.0021170421896248,0.0036292151822168396,-1.0,0.6336004838953511,0.9842734008770609,0.6336004838953511,1.022228942991082,97
f1_oos_fixed_a,1256,L,2026-03-23 20:34:00,sl,-56.63,55.52000000000044,1.9999999999999836,-1.019992795389041,0.004322766570605153,-1.0,0.724243515850139,0.9301152737752147,0.724243515850139,1.1725504322766545,210
f1_oos_fixed_a,1255,L,2026-03-23 20:46:00,sl,-69.17,68.13000000000011,2.0,-1.0152649346836913,0.003522677234698365,-1.0,0.6813444884779098,0.9474533979157505,0.6813444884779098,1.2267723469837046,351
f1_oos_fixed_a,1269,S,2026-03-24 03:38:00,sl,-71.6,71.53999999999996,2.0,-1.0008386916410403,0.0033547665641599123,-1.0,0.935700307520276,0.9643556052557984,0.935700307520276,1.3075202683813252,1186
f1_oos_fixed_a,1278,L,2026-03-24 07:41:00,sl,-96.48,16.030000000000655,1.9999999999998865,-1.0031191515907263,0.014971927635682482,-1.0,0.20461634435431136,0.8714909544603671,0.20461634435431136,1.0280723643168934,22
f1_oos_fixed_a,1280,L,2026-03-24 08:47:00,tp,175.18,43.789999999999964,2.0,2.000228362639874,0.00548070335693081,2.0,1.7937885361954842,0.4681434117378401,2.3544188170815357,0.4681434117378401,877
f1_oos_fixed_a,1275,L,2026-03-24 08:54:00,tp,107.15,53.5,2.0,2.0028037383177573,0.004485981308411215,2.0,1.5444859813084133,0.30691588785046864,2.003364485981314,0.30691588785046864,870
f1_oos_fixed_a,1307,L,2026-03-25 01:01:00,sl,-96.28,93.46000000000004,2.0,-1.0301733361866034,0.002460945859191097,-1.0,1.3368285897710201,0.9664027391397452,1.3368285897710201,1.014230686924887,2487
f1_oos_fixed_a,1310,L,2026-03-25 01:08:00,tp,138.92,34.160000000000764,1.9999999999999467,2.033372365339533,0.006733021077283222,1.9999999999999467,1.9871194379390422,0.7608313817330243,2.0365925058547467,0.7608313817330243,102
f1_oos_fixed_a,1317,S,2026-03-25 06:08:00,tp,196.28,24.4399999999996,2.0000000000000373,2.007774140752897,0.009410801963993607,2.0000000000000373,1.7827332242226404,0.1546644844517106,2.007774140752922,0.15630114566283845,400
f1_oos_fixed_a,1320,S,2026-03-25 09:05:00,sl,-94.84,23.449999999999818,2.0000000000000386,-1.0110874200426518,0.009808102345415855,-1.0,0.9539445628998283,0.807675906183358,0.9539445628998283,1.1901918976545485,317
f1_oos_fixed_a,1326,S,2026-03-25 12:57:00,sl,-90.05,17.92999999999938,2.0000000000001013,-1.0044617958728734,0.012827663134412044,-1.0,0.24372559955387346,0.9208031232571042,0.24372559955387346,1.0764082543223612,68
f1_oos_fixed_a,1329,L,2026-03-25 14:28:00,sl,-88.83,28.420000000000073,2.0,-1.0418719211822633,0.008092892329345512,-1.0,0.1952850105559524,0.9722026741731189,0.1952850105559524,1.3128078817733777,60
f1_oos_fixed_a,1328,L,2026-03-25 14:35:00,sl,-58.63,55.47999999999956,2.0000000000000164,-1.056777217015149,0.004145638067772203,-1.0,0.043258832011545865,0.7986661860129748,0.043258832011545865,1.09913482335977,56
f1_oos_fixed_a,1332,S,2026-03-25 15:39:00,tp,141.16,34.73000000000047,1.9999999999999476,2.032248776274087,0.0066225165562913005,1.9999999999999476,1.8243593435070202,0.8347250215951451,2.0164123236394698,0.8347250215951451,949
f1_oos_fixed_a,1335,L,2026-03-25 16:37:00,sl,-88.32,22.020000000000437,1.9999999999999587,-1.002724795640307,0.010445049954586533,-1.0,0.18801089918257244,0.6471389645776439,0.18801089918257244,1.0059037238873387,13
f1_oos_fixed_a,1344,S,2026-03-26 01:22:00,sl,-77.34,25.61999999999989,2.0,-1.0062451209992236,0.00936768149882908,-1.0,0.01678376268541346,0.8899297423887697,0.01678376268541346,1.0089773614363964,22
f1_oos_fixed_a,1347,S,2026-03-26 02:40:00,sl,-83.52,20.88000000000011,2.0,-0.9999999999999947,0.011494252873563158,-1.0,0.11590038314176533,0.9415708812260417,0.22796934865901308,1.0545977011494407,25
f1_oos_fixed_a,1354,L,2026-03-26 10:34:00,sl,-80.8,20.159999999999854,2.0000000000000453,-1.001984126984134,0.01190476190476199,-1.0,0.4186507936508219,0.7490079365079149,0.4186507936508219,1.0456349206349245,42
f1_oos_fixed_a,1356,S,2026-03-26 15:17:00,sl,-95.8,19.029999999999745,2.000000000000048,-1.0068313189700606,0.012611665790856711,-1.0,1.05780346820816,0.7036258539148501,1.05780346820816,1.0541250656857466,88
f1_oos_fixed_a,1364,L,2026-03-26 17:19:00,sl,-93.84,23.459999999999127,2.0000000000000777,-1.0000000000000373,0.010230179028133373,-1.0,0.9309462915601432,0.9965899403239586,0.9309462915601432,1.344842284740002,102
f1_oos_fixed_a,1371,S,2026-03-26 22:40:00,tp,188.79,13.480000000000473,1.9999999999999325,2.0007418397625405,0.01780415430267,1.9999999999999325,1.8397626112759133,0.09643916913947599,2.0244807121660986,0.12314540059345669,23
f1_oos_fixed_a,1299,L,2026-03-26 23:17:00,tp,154.10999999999999,38.92000000000007,2.0,1.97983042137718,0.006166495375128457,2.0,1.9681397738951751,0.4303699897225069,2.120503597122292,0.4303699897225069,498
f1_oos_fixed_a,1376,L,2026-03-27 01:25:00,tp,168.15,27.859999999999673,2.000000000000033,2.011844938980641,0.008255563531945538,2.000000000000033,1.9221105527638482,0.9045226130653308,2.1277817659727694,0.9045226130653308,429
f1_oos_fixed_a,1388,S,2026-03-27 09:57:00,tp,184.1,13.050000000000182,1.9999999999999303,2.015325670498056,0.01762452107279669,1.9999999999999303,1.9517241379310268,0.10268199233717447,2.1049808429118677,0.10268199233717447,88
f1_oos_fixed_a,1389,S,2026-03-27 10:08:00,tp,189.42,15.779999999999745,2.0,2.0006337135615024,0.014575411913815192,2.0,1.9252217997465526,0.3365019011406576,2.026615969581812,0.3365019011406576,122
f1_oos_fixed_a,1391,S,2026-03-27 10:58:00,tp,202.7,10.030000000000655,1.9999999999998186,2.0209371884345635,0.022931206380855933,1.9999999999998186,1.971086739780573,0.3748753738783622,2.051844466600058,0.3748753738783622,60
f1_oos_fixed_a,1390,S,2026-03-27 11:45:00,sl,-89.19,29.670000000000073,2.0,-1.0020222446916052,0.007751937984496106,-1.0,1.0235928547354474,0.9588810246039686,1.0235928547354474,1.1779575328614673,331
f1_oos_fixed_a,1394,L,2026-03-27 14:42:00,tp,211.97,9.340000000000146,2.0,2.063169164882195,0.024625267665952508,2.0,1.8683083511776817,0.4528907922912641,2.063169164882144,0.4528907922912641,56
f1_oos_fixed_a,1395,L,2026-03-27 15:56:00,tp,172.23,28.360000000000582,1.9999999999999358,2.0243300423130752,0.00811001410437219,1.9999999999999358,1.961212976022523,0.9566290550070364,2.070169252468224,0.9566290550070364,116
f1_oos_fixed_a,1392,S,2026-03-27 16:14:00,sl,-92.75,18.43000000000029,1.9999999999999507,-1.0065111231687305,0.01247965274009747,-1.0,0.8594682582745466,0.6663049376017119,0.8594682582745466,1.5382528486163325,49
f1_oos_fixed_a,1399,L,2026-03-27 17:21:00,tp,108.02,54.399999999999636,2.000000000000017,1.9856617647058956,0.004227941176470617,2.000000000000017,1.9922794117647211,0.8792279411764752,2.0748161764706,0.8792279411764752,1227
f1_oos_fixed_a,1341,S,2026-03-27 18:39:00,tp,182.08,22.76000000000022,1.99999999999996,1.999999999999981,0.010105448154657196,1.99999999999996,1.9336555360281105,0.04876977152898339,2.0839191564147557,0.09797891036904842,107
f1_oos_fixed_a,1406,L,2026-03-27 22:59:00,sl,-109.89,12.140000000000327,1.9999999999999252,-1.0057660626029383,0.018945634266885815,-1.0,0.44151565074131205,0.9472817133442908,0.44151565074131205,1.0140032948929216,34
f1_oos_fixed_a,1407,S,2026-03-27 23:12:00,tp,213.53,14.800000000000182,2.0,2.0611003861003603,0.01554054054054035,2.0,2.749324324324325,0.29729729729726906,2.749324324324325,0.29729729729726906,46
f1_oos_fixed_a,1410,S,2026-03-30 03:11:00,sl,-64.56,64.5600000000004,1.999999999999986,-0.9999999999999938,0.003252788104089199,-1.0,0.12685873605947257,0.8850681536555138,0.12685873605947257,1.0043370508054483,151
f1_oos_fixed_a,1412,L,2026-03-30 04:42:00,tp,203.04,50.719999999999345,2.000000000000036,2.001577287066272,0.004140378548895952,2.000000000000036,1.9765378548896155,0.22850946372238537,2.02740536277605,0.22850946372238537,605
f1_oos_fixed_a,1415,L,2026-03-30 05:59:00,tp,151.02,37.530000000000655,1.9999999999999516,2.0119904076738258,0.005595523581134994,1.9999999999999516,1.8238742339461398,0.10791366906475117,2.2198241406873978,0.10791366906475117,525
f1_oos_fixed_a,1429,L,2026-03-30 15:26:00,sl,-103.52,25.88000000000011,2.0,-0.9999999999999958,0.008114374034003056,-1.0,0.5521638330757305,0.8203245749613398,0.5521638330757305,1.0235703245749486,79
f1_oos_fixed_a,1433,S,2026-03-30 16:12:00,tp,214.38,11.899999999999636,2.0000000000000764,2.001680672268969,0.01764705882352995,2.0000000000000764,1.9268907563026043,0.5815126050420407,2.0016806722689444,0.5815126050420407,32
f1_oos_fixed_a,1422,L,2026-03-30 17:51:00,sl,-88.35,29.449999999999818,2.0,-1.0000000000000062,0.00713073005093383,-1.0,0.7242784380305622,0.9606112054329419,0.7242784380305622,1.0607809847198941,244
f1_oos_fixed_a,1437,S,2026-03-30 19:35:00,tp,205.2,16.900000000000546,1.9999999999999463,2.0236686390531893,0.012426035502958179,1.9999999999999463,1.8650887573963615,0.6017751479289789,2.0396449704141504,0.6017751479289789,140
f1_oos_fixed_a,1438,S,2026-03-30 20:02:00,tp,233.86,10.600000000000364,1.9999999999999143,2.0056603773584216,0.0198113207547163,1.9999999999999143,1.9367924528300982,-0.21698113207548142,2.030188679245169,0.030188679245340327,30
f1_oos_fixed_a,1442,S,2026-03-30 22:13:00,sl,-99.5,33.23999999999978,2.0000000000000275,-0.9977938227035765,0.006317689530685962,-1.0,0.4076413959085521,0.9687123947051753,0.4076413959085521,1.0394103489771482,263
f1_oos_fixed_a,1443,S,2026-03-30 23:15:00,sl,-122.05,10.960000000000036,2.0,-1.0123589913735864,0.019160583941605774,-1.0,0.6386861313868591,0.9133211678832286,0.6386861313868591,1.386861313868592,46
f1_oos_fixed_a,1446,L,2026-03-31 02:42:00,sl,-114.72,18.859999999999673,2.0000000000000484,-1.013785790031831,0.011134676564157139,-1.0,0.7953340402969385,0.9448568398727475,0.7953340402969385,1.5540827147401908,38
f1_oos_fixed_a,1418,L,2026-03-31 03:50:00,tp,119.56,59.75,2.0,2.0010041841004185,0.003514644351464435,2.0,1.9625104602510497,0.14878661087865136,2.001004184100425,0.14878661087865136,993
f1_oos_fixed_a,1457,L,2026-03-31 07:03:00,sl,-119.04,9.3100000000004,1.9999999999999023,-1.0655209452201477,0.02255639097744264,-1.0,1.216970998925826,0.7185821697100131,1.216970998925826,1.2556390977443617,70
f1_oos_fixed_a,1464,L,2026-03-31 13:26:00,sl,-117.91,8.75,2.0,-1.0365714285714285,0.024,-1.0,0.11314285714283219,0.7165714285714785,0.11314285714283219,1.299428571428559,10
f1_oos_fixed_a,1453,L,2026-03-31 13:53:00,tp,228.24,18.900000000000546,1.9999999999999518,2.0126984126983545,0.01111111111111079,1.9999999999999518,1.8539682539681985,0.3756613756613841,2.3730158730157758,0.3756613756613841,46
f1_oos_fixed_a,1469,S,2026-03-31 15:51:00,sl,-109.0,27.23999999999978,2.0,-1.000367107195309,0.0077092511013216476,-1.0,0.0939794419970452,0.8355359765051542,0.0939794419970452,1.0370778267254122,60
f1_oos_fixed_a,1475,L,2026-03-31 20:45:00,end,15.36,52.789999999999964,2.0,0.14548209888236419,0.003978026141314646,0.14548209888236419,0.5053987497632186,0.13335859064216649,0.5053987497632186,0.13335859064216649,191
f2_oos_fixed_a,781,S,2026-04-01 01:14:00,sl,-117.48,19.449999999999818,2.0000000000000466,-1.006683804627259,0.011825192802056666,-1.0,-0.012339331619479407,0.9701799485860749,-0.008226221079637351,1.2190231362467532,11
f2_oos_fixed_a,789,S,2026-04-01 05:25:00,sl,-108.8,21.75,2.0,-1.0004597701149425,0.010574712643678161,-1.0,0.9016091954022838,0.8418390804597466,0.9016091954022838,1.0455172413793004,239
f2_oos_fixed_a,788,S,2026-04-01 05:31:00,sl,-101.0,25.050000000000182,1.9999999999999636,-1.0079840319361204,0.00918163672654684,-1.0,0.7249500998003882,0.9656686626746277,0.7249500998003882,1.0099800399201595,234
f2_oos_fixed_a,505,S,2026-04-01 05:32:00,sl,-97.06,48.31999999999971,2.0000000000000187,-1.0043460264900723,0.004759933774834466,-1.0,0.3534768211920536,0.9623344370860986,0.3534768211920536,1.0142798013244951,266
f2_oos_fixed_a,795,L,2026-04-01 10:47:00,sl,-104.86999999999999,48.210000000000036,2.0,-1.087637419622484,0.004770794440987344,-1.0,1.4899398465048719,0.9657747355320548,1.4899398465048719,1.1622070109935636,999
f2_oos_fixed_a,793,L,2026-04-01 10:48:00,sl,-61.940000000000005,59.409999999999854,2.0,-1.0425854233294085,0.0038714021208550845,-1.0,1.1725298771250636,0.9796330584076748,1.1725298771250636,1.3465746507322032,999
f2_oos_fixed_a,456,S,2026-04-01 11:02:00,sl,-80.8,40.340000000000146,1.9999999999999774,-1.001487357461573,0.005701536936043609,-1.0,0.04362915220625215,0.9082796232027812,0.04362915220625215,1.0870104115022137,217
f2_oos_fixed_a,804,L,2026-04-01 16:19:00,tp,187.12,23.3100000000004,1.999999999999961,2.0068640068639723,0.009867009867009698,1.999999999999961,1.9322179322178974,0.6203346203346113,2.0617760617760044,0.6203346203346113,145
f2_oos_fixed_a,810,L,2026-04-01 18:50:00,sl,-71.46,68.88000000000011,2.0,-1.0374564459930296,0.00333914053426248,-1.0,0.22328687572590133,0.8854529616724693,0.22328687572590133,1.0522648083623614,505
f2_oos_fixed_a,831,L,2026-04-02 08:00:00,sl,-116.83,15.75,2.0,-1.0596825396825396,0.014603174603174604,-1.0,0.49015873015874634,0.502222222222213,0.49015873015874634,1.786031746031753,33
f2_oos_fixed_a,830,S,2026-04-02 08:33:00,tp,201.12,16.75,2.0,2.0011940298507467,0.01373134328358209,2.0,1.8716417910447978,-0.7152238805970431,2.137313432835832,0.013731343283556026,11
f2_oos_fixed_a,835,L,2026-04-02 09:58:00,tp,200.48,14.320000000000618,1.999999999999873,1.9999999999999132,0.016061452513965787,1.999999999999873,1.932262569832324,0.09148044692739829,2.0607541899439967,0.19972067039109348,19
f2_oos_fixed_a,837,S,2026-04-02 11:48:00,tp,199.32,16.51000000000022,1.999999999999945,2.0121138703815604,0.01393095093882477,1.999999999999945,1.9781950333131086,0.3924894003633845,2.173228346456671,0.3924894003633845,175
f2_oos_fixed_a,840,S,2026-04-02 13:54:00,tp,218.16,13.579999999999927,2.0,2.0081001472754156,0.016936671575846926,2.0,1.8976435935199245,0.6634756995581265,2.1347569955818,0.6634756995581265,49
f2_oos_fixed_a,841,L,2026-04-02 14:15:00,sl,-112.88,14.109999999999673,2.0000000000000644,-1.000000000000023,0.01630049610205566,-1.0,0.20765414599577314,0.9659815733522626,0.20765414599577314,1.3408929836995402,15
f2_oos_fixed_a,846,S,2026-04-02 19:11:00,sl,-111.25,22.1899999999996,2.000000000000041,-1.0027039206850112,0.010365029292474275,-1.0,0.4637223974763884,0.8895899053627413,0.4637223974763884,1.0117169896349398,171
f2_oos_fixed_a,850,S,2026-04-02 21:28:00,sl,-117.92,7.069999999999709,2.0,-1.0424328147100854,0.03253182461103387,-1.0,0.13154172560117813,0.9151343705798601,0.17114568599718333,1.1456859971711157,6
f2_oos_fixed_a,856,S,2026-04-06 02:24:00,sl,-103.35,34.05000000000018,2.0,-1.0117474302496274,0.006754772393538878,-1.0,0.5814977973568304,0.7659324522760583,0.5814977973568304,1.0499265785609342,173
f2_oos_fixed_a,861,S,2026-04-06 04:56:00,sl,-114.78,19.109999999999673,2.0000000000000475,-1.0010465724751612,0.012035583464155099,-1.0,0.013605442176882403,0.8519099947671389,0.06331763474625676,1.1899529042386274,20
f2_oos_fixed_a,855,S,2026-04-06 06:23:00,sl,-98.56,49.05999999999949,2.000000000000037,-1.0044843049327459,0.00468813697513254,-1.0,0.04300856094579299,0.9993885038727954,0.04300856094579299,1.0081532816958754,113
f2_oos_fixed_a,866,S,2026-04-06 09:10:00,sl,-113.5,11.25,2.0,-1.008888888888889,0.020444444444444446,-1.0,1.141333333333427,0.8719999999999547,1.141333333333427,1.2657777777777584,99
f2_oos_fixed_a,868,L,2026-04-06 09:36:00,sl,-116.4,7.319999999999709,2.0000000000001243,-1.0601092896175286,0.031420765027323654,-1.0,1.2377049180328907,0.9221311475410203,1.2377049180328907,1.217213114754127,36
f2_oos_fixed_a,875,S,2026-04-06 14:26:00,tp,217.03,9.820000000000618,1.9999999999998148,2.009164969449975,0.02342158859470321,1.9999999999998148,1.8981670061098934,0.8319755600814214,2.175152749490757,0.8319755600814214,55
f2_oos_fixed_a,883,L,2026-04-06 19:02:00,sl,-111.66,18.210000000000036,2.0,-1.0219659527731995,0.01263042284459086,-1.0,0.1378363536518014,0.8270181219110582,0.1378363536518014,1.043931905546413,70
f2_oos_fixed_a,884,S,2026-04-06 21:36:00,sl,-110.68,7.730000000000473,1.9999999999998823,-1.0227314729254595,0.029754204398445786,-1.0,1.566623544631286,0.857697283311734,1.566623544631286,1.1241914618368782,144
f2_oos_fixed_a,888,L,2026-04-06 22:48:00,tp,210.72,6.349999999999454,2.0000000000002864,1.9520148216768696,0.036220472440948,2.0000000000002864,1.823622047244383,0.5401574803149096,2.1480314960632283,0.5401574803149096,72
f2_oos_fixed_a,892,L,2026-04-07 02:43:00,sl,-127.35,7.099999999999454,2.000000000000128,-1.195774647887416,0.03239436619718559,-1.0,0.7239436619719327,0.991549295774719,0.7239436619719327,3.991549295774975,77
f2_oos_fixed_a,893,S,2026-04-07 03:04:00,tp,215.8,10.769999999999527,2.0000000000000844,2.0037140204272004,0.021355617455896946,2.0000000000000844,-0.004642525533823083,0.9953574744660925,2.113277623027124,0.9953574744660925,56
f2_oos_fixed_a,900,L,2026-04-07 08:40:00,tp,200.22,16.539999999999964,2.0,2.017533252720682,0.013905683192261216,2.0,1.5513905683192757,0.620314389359089,2.174123337363973,0.620314389359089,160
f2_oos_fixed_a,904,L,2026-04-07 09:36:00,tp,218.96,15.569999999999709,2.0000000000000586,2.0089916506101853,0.014771997430957246,2.0000000000000586,1.9184328837508318,0.5876685934489279,2.454078355812508,0.5876685934489279,105
f2_oos_fixed_a,903,S,2026-04-07 10:26:00,sl,-119.64,8.930000000000291,1.999999999999898,-1.1164613661813747,0.025755879059349666,-1.0,1.2564389697648253,0.19932810750276453,1.2564389697648253,1.343784994400852,36
f2_oos_fixed_a,912,L,2026-04-07 14:49:00,sl,-93.78,31.230000000000473,1.999999999999971,-1.0009606147934527,0.007364713416586504,-1.0,0.35254562920266225,0.9561319244316404,0.35254562920266225,1.0419468459814112,134
f2_oos_fixed_a,915,S,2026-04-07 16:44:00,sl,-102.1,20.07000000000062,1.9999999999999094,-1.017438963627273,0.011459890383656848,-1.0,1.607374190333793,0.8520179372196774,1.607374190333793,1.07673143996009,53
f2_oos_fixed_a,925,L,2026-04-08 01:05:00,tp,164.18,40.93000000000029,1.9999999999999778,2.0056193501099298,0.005619350109943767,1.9999999999999778,1.9838749083801428,0.7727827999022694,2.011483019789869,0.7727827999022694,77
f2_oos_fixed_a,451,S,2026-04-08 03:48:00,tp,186.86,46.47999999999956,2.0000000000000195,2.0101118760757504,0.004948364888123971,2.0000000000000195,1.7839931153184545,0.6983648881239121,2.0245266781411626,0.6983648881239121,1050
f2_oos_fixed_a,453,S,2026-04-08 04:32:00,tp,130.21,61.89000000000033,1.9999999999999853,2.1038940054936064,0.003716270803037628,1.9999999999999853,2.5601874293100497,0.8366456616577714,2.5601874293100497,0.8366456616577714,3922
f2_oos_fixed_a,942,S,2026-04-08 11:48:00,tp,210.24,26.159999999999854,2.0000000000000346,2.0091743119266168,0.008792048929663657,2.0000000000000346,1.919724770642257,0.45756880733942706,2.4101681957187098,0.45756880733942706,368
f2_oos_fixed_a,955,S,2026-04-08 18:03:00,sl,-97.15,25.26000000000022,2.0,-0.9615003958828103,0.00910530482977031,-1.0,1.8412509897070395,0.9885193982580811,1.8412509897070395,1.0471100554235784,1294
f2_oos_fixed_a,964,S,2026-04-08 22:30:00,sl,-114.66,8.659999999999854,2.0,-1.0184757505773843,0.026558891454965806,-1.0,-0.4445727482678428,0.8002309468821591,0.031177829099358095,1.1616628175519237,2
f2_oos_fixed_a,965,L,2026-04-08 22:50:00,sl,-109.13999999999999,24.860000000000582,1.9999999999999267,-1.097546259050658,0.009251810136765673,-1.0,0.27514078841508754,0.9831053901850336,0.27514078841508754,1.009251810136748,194
f2_oos_fixed_a,973,S,2026-04-09 04:03:00,sl,-108.96,13.590000000000146,2.0,-1.002207505518753,0.017660044150110184,-1.0,-0.011773362766729417,0.9948491537895057,0.42531272994846825,1.2126563649742006,11
f2_oos_fixed_a,970,S,2026-04-09 04:26:00,sl,-104.8,26.079999999999927,2.0,-1.0046012269938678,0.009202453987730086,-1.0,0.15874233128835655,0.998466257668713,0.15874233128835655,1.0049846625766914,482
f2_oos_fixed_a,960,S,2026-04-09 14:15:00,sl,-106.4,14.989999999999782,2.0,-1.0140093395597212,0.016010673782521915,-1.0,-0.030020013342216455,0.8265510340227157,0.015343562374948385,1.1060707138092174,30
f2_oos_fixed_a,995,S,2026-04-09 16:30:00,sl,-112.68,6.140000000000327,1.999999999999852,-1.019543973941314,0.03908794788273407,-1.0,0.30293159609113574,0.8387622149837575,0.30293159609113574,1.9283387622149046,5
f2_oos_fixed_a,1003,S,2026-04-09 22:38:00,tp,212.79,9.480000000000473,1.999999999999904,2.0405638665131316,0.02531645569620127,1.999999999999904,1.9841772151897208,0.8016877637130786,2.041139240506266,0.8016877637130786,206
f2_oos_fixed_a,1004,S,2026-04-09 23:04:00,sl,-108.25,7.039999999999964,2.0,-0.9610262784090957,0.03409090909090927,-1.0,1.20738636363637,1.52840909090913,1.20738636363637,1.52840909090913,55
f2_oos_fixed_a,999,L,2026-04-10 01:03:00,sl,-108.9,12.069999999999709,2.0,-1.002485501242775,0.01988400994200545,-1.0,-0.020712510356255678,0.8947804473902603,-0.020712510356255678,1.0049710024855345,32
f2_oos_fixed_a,1005,S,2026-04-10 01:45:00,sl,-101.04,12.530000000000655,1.9999999999998548,-1.0079808459696202,0.019154030327213682,-1.0,0.8236233040701652,0.9297685554668018,0.8236233040701652,1.2106943335993041,171
f2_oos_fixed_a,1009,L,2026-04-10 04:15:00,sl,-115.17,10.220000000000255,1.999999999999911,-1.0244618395303071,0.023483365949118786,-1.0,1.578277886497036,0.7769080234833964,1.578277886497036,1.092954990215244,58
f2_oos_fixed_a,1012,S,2026-04-10 07:58:00,sl,-93.1,18.61999999999989,2.0,-1.0000000000000058,0.012889366272824995,-1.0,1.490870032223436,0.6756176154672395,1.490870032223436,1.0021482277121356,452
f2_oos_fixed_a,1014,L,2026-04-10 10:07:00,sl,-110.88,12.519999999999527,2.000000000000073,-1.107028753993652,0.019169329073483152,-1.0,0.5678913738019848,0.7515974440894736,0.5678913738019848,1.3889776357827537,100
f2_oos_fixed_a,1023,L,2026-04-10 12:32:00,tp,196.68,16.349999999999454,2.0000000000000555,2.004892966360923,0.014678899082569297,2.0000000000000555,1.8886850152905896,0.4159021406728079,2.019571865443519,0.4159021406728079,182
f2_oos_fixed_a,1030,L,2026-04-10 15:40:00,sl,-107.76,17.88000000000011,2.0,-1.0044742729306428,0.013422818791946227,-1.0,1.0475391498881124,0.6974272930648869,1.0475391498881124,1.1722595078299725,176
f2_oos_fixed_a,1034,L,2026-04-10 17:18:00,sl,-106.8,17.669999999999163,2.000000000000103,-1.0073571024335508,0.013582342954160236,-1.0,0.6089417091115296,0.8307866440294327,0.6089417091115296,1.6372382569326966,78
f2_oos_fixed_a,1039,L,2026-04-10 20:00:00,sl,-108.2,10.820000000000618,1.999999999999832,-0.9999999999999428,0.022181146025876734,-1.0,0.4214417744916109,0.7744916820702061,0.4214417744916109,1.0,64
f2_oos_fixed_a,1043,L,2026-04-10 22:24:00,sl,-105.84,4.980000000000473,1.9999999999998175,-1.0120481927709883,0.04819277108433277,-1.0,-0.08835341365471236,0.8273092369476907,-0.01807228915665401,1.176706827309242,4
f2_oos_fixed_a,1044,S,2026-04-10 22:52:00,tp,589.5,13.699999999999818,2.0,6.147028154327506,0.017518248175182712,2.0,9.214598540146092,0.06204379562046534,9.214598540146092,0.06204379562046534,66
f2_oos_fixed_a,1047,S,2026-04-13 01:05:00,sl,-83.94,84.11999999999989,2.0,-0.9978601997146945,0.00285306704707561,-1.0,0.3115786970993827,1.014146457441756,0.3115786970993827,1.014146457441756,1425
f2_oos_fixed_a,919,L,2026-04-13 01:53:00,tp,180.15,29.960000000000036,1.9999999999999696,2.0043391188250976,0.00801068090787716,1.9999999999999696,1.7202937249666188,0.4389185580774543,2.067423230974617,0.4389185580774543,137
f2_oos_fixed_a,1057,L,2026-04-13 06:44:00,sl,-132.39,12.36999999999989,2.0,-1.1891673403395415,0.019401778496362338,-1.0,-0.07599029911079366,0.8310428455941662,-0.016976556184319987,1.1891673403395446,23
f2_oos_fixed_a,1060,S,2026-04-13 09:48:00,sl,-114.1,8.070000000000618,1.9999999999997746,-1.0099132589838133,0.02973977695167058,-1.0,0.4956629491945097,0.5154894671622721,0.4956629491945097,1.1833952912019146,13
f2_oos_fixed_a,1061,L,2026-04-13 10:48:00,sl,-99.61,14.1899999999996,2.000000000000064,-1.0028188865398449,0.01691331923890111,-1.0,0.35870331219170465,0.9746300211416714,0.35870331219170465,1.0246652572234232,57
f2_oos_fixed_a,1059,L,2026-04-13 13:12:00,sl,-111.86,7.819999999999709,2.0000000000001164,-1.0217391304348205,0.03069053708440012,-1.0,0.12404092071614971,0.86956521739136,0.12404092071614971,1.17519181585677,13
f2_oos_fixed_a,1068,L,2026-04-13 16:05:00,sl,-90.2,22.530000000000655,1.9999999999999192,-1.0008877052818175,0.010652463382156814,-1.0,0.7674212161562122,0.9516200621393647,0.7674212161562122,1.1908566355969843,120
f2_oos_fixed_a,1063,S,2026-04-13 16:45:00,sl,-119.3,10.850000000000364,1.999999999999916,-1.0995391705068756,0.022119815668202022,-1.0,0.3769585253456229,0.5428571428571548,0.3769585253456229,1.2442396313363637,4
f2_oos_fixed_a,1072,S,2026-04-13 17:22:00,sl,-95.05,18.94000000000051,1.999999999999952,-1.0036958817317576,0.012671594508975372,-1.0,0.9577613516367391,0.9788806758183456,0.9577613516367391,1.0770855332628875,138
f2_oos_fixed_a,1074,S,2026-04-13 18:20:00,sl,-98.34,16.359999999999673,2.0000000000000555,-1.001833740831316,0.014669926650367041,-1.0,0.25366748166263015,0.9798288508557498,0.25366748166263015,1.125916870415675,57
f2_oos_fixed_a,1049,S,2026-04-13 20:48:00,sl,-111.92,11.63000000000011,2.0,-1.069265310021964,0.020636285468615456,-1.0,1.346517626827146,1.4557179707652737,1.346517626827146,1.4557179707652737,191
f2_oos_fixed_a,1082,L,2026-04-13 22:43:00,tp,188.42,10.850000000000364,1.999999999999916,1.9295442908345486,0.022119815668202022,1.999999999999916,1.9861751152072395,0.28940092165900666,2.0129032258063138,0.28940092165900666,138
f2_oos_fixed_a,1092,L,2026-04-14 06:03:00,sl,-103.95,11.510000000000218,2.0,-1.0034752389226569,0.020851433536055206,-1.0,0.3197219808862051,0.940052128583797,0.3197219808862051,1.0034752389226727,144
f2_oos_fixed_a,1097,S,2026-04-14 08:04:00,tp,216.72,4.970000000000255,2.0,2.0764587525149842,0.04828973843058103,2.0,1.9557344064385829,0.11066398390326845,2.1026156941650287,0.1187122736416913,23
f2_oos_fixed_a,1089,L,2026-04-14 09:45:00,tp,184.95,18.390000000000327,1.9999999999999505,2.0114192495921337,0.013050570962479375,1.9999999999999505,1.9755301794453115,0.9249592169657377,2.178357803153871,0.9249592169657377,462
f2_oos_fixed_a,1101,L,2026-04-14 11:09:00,sl,-114.72,17.640000000000327,1.9999999999999485,-1.0839002267573496,0.013605442176870495,-1.0,0.4438775510203958,0.9682539682539462,0.4438775510203958,1.6621315192743806,150
f2_oos_fixed_a,1105,L,2026-04-14 14:19:00,tp,199.8,24.770000000000437,1.9999999999999634,2.016552280985027,0.009689140088816946,1.9999999999999634,1.8570851836899147,0.6092046830843714,2.026645135244204,0.6092046830843714,347
f2_oos_fixed_a,944,S,2026-04-14 17:47:00,sl,-98.52,24.63000000000011,2.0,-0.9999999999999956,0.009744214372716156,-1.0,0.1713357693869361,0.9699553390174673,0.1713357693869361,1.0064961429151382,103
f2_oos_fixed_a,1112,S,2026-04-14 18:08:00,sl,-89.12,22.220000000000255,1.9999999999999591,-1.0027002700269914,0.010801080108010676,-1.0,0.13366336633664358,0.9869486948694888,0.13366336633664358,1.0166516651665116,71
f2_oos_fixed_a,1118,L,2026-04-14 22:34:00,sl,-104.36999999999999,16.549999999999272,2.0000000000001097,-1.051057401812735,0.014501510574018764,-1.0,1.8265861027191421,0.8447129909365666,1.8265861027191421,1.003021148036265,358
f2_oos_fixed_a,1124,L,2026-04-15 02:39:00,sl,-105.82,7.880000000000109,2.0,-1.0329949238578537,0.03045685279187775,-1.0,0.37817258883242666,0.8451776649745891,0.37817258883242666,1.0329949238578953,22
f2_oos_fixed_a,1120,L,2026-04-15 02:43:00,sl,-100.21,9.039999999999964,2.0,-1.0077433628318624,0.02654867256637179,-1.0,0.24115044247780867,0.9889380530974055,0.24115044247780867,1.0176991150443324,29
f2_oos_fixed_a,1126,S,2026-04-15 03:41:00,sl,-106.4,10.289999999999964,2.0000000000000884,-1.0340136054421807,0.023323615160349937,-1.0,0.06219630709429832,0.9620991253643996,0.06219630709429832,1.0417881438289003,27
f2_oos_fixed_a,1117,L,2026-04-15 08:56:00,sl,-97.58,13.649999999999636,2.0000000000000666,-1.0212454212454485,0.01758241758241805,-1.0,0.1721611721612034,0.8358974358974475,0.1721611721612034,1.3604395604395754,65
f2_oos_fixed_a,1130,S,2026-04-15 09:10:00,tp,191.79,10.63000000000011,2.0,2.0047036688616915,0.022577610536218016,2.0,1.261523988711168,0.43838193791155283,2.3207902163687506,0.43838193791155283,181
f2_oos_fixed_a,1131,S,2026-04-15 10:28:00,sl,-89.22,14.8700000000008,1.9999999999998777,-0.9999999999999462,0.016139878950907,-1.0,1.4182918628109624,0.9899125756556464,1.4182918628109624,1.1903160726293789,370
f2_oos_fixed_a,1132,S,2026-04-15 11:32:00,sl,-100.87,9.159999999999854,2.0,-1.0010917030567845,0.02620087336244583,-1.0,0.010917030567725479,0.902838427947561,0.1572052401747306,1.0087336244541407,24
f2_oos_fixed_a,1136,L,2026-04-15 14:23:00,sl,-103.28,12.769999999999527,2.000000000000071,-1.0109631949882911,0.018794048551292786,-1.0,1.944400939702494,0.8598277212216108,1.944400939702494,1.4620203602193238,248
f2_oos_fixed_a,1142,S,2026-04-15 23:01:00,sl,-86.1,8.840000000000146,1.9999999999998972,-0.8854380913204296,0.02714932126696788,-1.0,0.7477375565610366,0.9038461538461143,0.7477375565610366,1.0090497737556476,89
f2_oos_fixed_a,1152,L,2026-04-16 05:09:00,sl,-98.6,9.859999999999673,2.0000000000000924,-1.000000000000033,0.02434077079107586,-1.0,0.24746450304265621,0.9533468559837676,0.24746450304265621,1.0233265720081623,28
f2_oos_fixed_a,1154,L,2026-04-16 07:21:01,sl,-96.69,8.579999999999927,2.0,-1.024475524475533,0.027972027972028208,-1.0,1.2599067599067113,0.8356643356643513,1.2599067599067113,1.0641025641025859,120
f2_oos_fixed_a,1155,L,2026-04-16 07:41:00,sl,-96.74,6.770000000000437,1.9999999999998657,-1.0206794682421791,0.03545051698670377,-1.0,1.2392909896601,0.9438700147710363,1.2392909896601,1.057607090103442,77
f2_oos_fixed_a,1165,S,2026-04-16 17:47:00,sl,-84.1,16.780000000000655,1.9999999999998916,-1.0023837902264208,0.01430274135875987,-1.0,0.1871275327770736,0.9106078665077508,0.19368295589987325,1.0441001191894965,19
f2_oos_fixed_a,1174,L,2026-04-17 03:30:00,sl,-92.48,5.430000000000291,1.9999999999998326,-1.0018416206260974,0.04419889502762194,-1.0,1.486187845303734,0.7587476979741565,1.486187845303734,1.1399631675873423,34
f2_oos_fixed_a,1168,S,2026-04-17 08:44:00,sl,-93.87,13.270000000000437,1.9999999999999314,-1.0105501130368921,0.01808590806330008,-1.0,1.366239638281802,0.7648831951771071,1.366239638281802,1.1137905048982109,364
f2_oos_fixed_a,1185,S,2026-04-17 09:18:00,sl,-88.56,11.039999999999964,2.0,-1.0027173913043512,0.02173913043478268,-1.0,0.787137681159469,0.9057971014492784,0.787137681159469,1.085144927536196,163
f2_oos_fixed_a,1186,L,2026-04-17 10:30:00,sl,-90.2,8.069999999999709,2.000000000000113,-1.0161090458488595,0.029739776951673933,-1.0,0.36059479553902846,0.9021065675340778,0.36059479553902846,1.1586121437422294,12
f2_oos_fixed_a,1188,S,2026-04-17 11:24:00,sl,-88.4,11.020000000000437,1.9999999999999174,-1.0027223230489621,0.021778584392013654,-1.0,0.06352087114335665,0.8747731397459115,0.076225045372061,1.067150635208689,19
f2_oos_fixed_a,1197,L,2026-04-17 17:24:00,sl,-79.92,13.3100000000004,1.9999999999999316,-1.0007513148008715,0.018031555221637324,-1.0,0.5123966942148388,0.7821187077385763,0.5123966942148388,1.0428249436513668,40
f2_oos_fixed_a,1196,L,2026-04-17 17:45:00,sl,-82.5,27.409999999999854,2.0000000000000333,-1.0032834731849742,0.008755928493250685,-1.0,0.1331630791682074,0.9303174024078853,0.1331630791682074,1.0094855892010295,318
f2_oos_fixed_a,1200,L,2026-04-17 19:27:00,sl,-84.6,16.710000000000036,2.0,-1.0125673249551141,0.014362657091561907,-1.0,0.09036505086775673,0.8156792339916266,0.09036505086775673,1.0538599640933355,57
f2_oos_fixed_a,1202,S,2026-04-17 21:58:00,tp,170.64,9.470000000000255,1.9999999999999039,2.0021119324181087,0.025343189017950744,1.9999999999999039,1.8732840549101695,0.31467793030617563,2.2291446673706456,0.31467793030617563,103
f2_oos_fixed_a,1207,S,2026-04-17 23:54:00,tp,267.26,19.31999999999971,2.000000000000047,3.4583333333333854,0.012422360248447391,2.000000000000047,3.580227743271326,0.09265010351962118,3.804347826087061,0.10351966873701453,4
f2_oos_fixed_a,1086,L,2026-04-20 03:19:00,tp,153.92,19.06999999999971,2.0000000000000475,2.017829050865264,0.012585212375459027,2.0000000000000475,1.9664394336654731,0.038280020975331654,2.147351861562687,0.08023072889353795,64
f2_oos_fixed_a,1217,S,2026-04-20 07:00:00,sl,-93.08,7.019999999999527,2.0000000000001297,-1.0199430199430886,0.03418803418803649,-1.0,1.574074074074206,0.7692307692307693,1.574074074074206,1.1096866096865496,180
f2_oos_fixed_a,1220,S,2026-04-20 08:10:00,sl,-91.3,9.109999999999673,2.0000000000001,-1.0021953896817044,0.0263446761800229,-1.0,0.2667398463227638,0.9780461031832344,0.2667398463227638,1.0087815587266664,23
f2_oos_fixed_a,1223,L,2026-04-20 09:33:00,tp,172.56,10.680000000000291,1.9999999999999147,2.0196629213482598,0.022471910112358936,1.9999999999999147,1.9428838951310332,0.6179775280899049,2.034644194756543,0.6179775280899049,331
f2_oos_fixed_a,1225,L,2026-04-20 11:58:00,sl,-94.77,10.329999999999927,2.0,-1.0193610842207235,0.023233301064859796,-1.0,0.22749273959345406,0.7928363988383018,0.22749273959345406,1.032913843175232,34
f2_oos_fixed_a,1230,L,2026-04-20 13:28:00,tp,181.41,15.11999999999989,2.00000000000006,1.9996693121693265,0.015873015873015987,2.00000000000006,1.9907407407407791,0.779761904761908,2.151455026455085,0.779761904761908,631
f2_oos_fixed_a,1237,L,2026-04-20 21:17:00,sl,-91.62,21.960000000000036,2.0,-1.0430327868852443,0.01092896174863386,-1.0,0.8387978142076522,0.9977231329690264,0.8387978142076522,1.0132058287795975,536
f2_oos_fixed_a,1209,S,2026-04-21 01:33:00,tp,180.27,9.94000000000051,1.9999999999999085,2.015090543259454,0.024144869215290514,1.9999999999999085,1.71931589537216,0.589537223339977,2.0251509054325028,0.589537223339977,202
f2_oos_fixed_a,1245,S,2026-04-21 02:41:00,tp,191.75,7.359999999999673,2.0000000000001235,2.0040760869566108,0.03260869565217536,2.0000000000001235,1.9741847826088725,0.9565217391304723,2.019021739130604,0.9565217391304723,133
f2_oos_fixed_a,1259,L,2026-04-21 11:24:00,sl,-117.54,16.25999999999931,2.000000000000112,-1.204797047970531,0.014760147601476642,-1.0,0.5694956949569872,0.8247232472324985,0.5694956949569872,1.34993849938504,246
f2_oos_fixed_a,1262,L,2026-04-21 12:55:00,sl,-130.27,13.13000000000011,2.0,-1.4173648134044057,0.018278750952018127,-1.0,0.7798933739527568,0.946686976389961,0.7798933739527568,1.5971058644326033,155
f2_oos_fixed_a,1213,L,2026-04-21 16:37:00,sl,-89.34,14.769999999999527,2.0000000000000617,-1.0081245768449882,0.016249153689912504,-1.0,1.3683141503047178,0.8645903859173958,1.3683141503047178,1.656736628300618,63
f2_oos_fixed_a,1266,S,2026-04-21 17:24:00,tp,187.8,23.3100000000004,1.999999999999961,2.0141570141569796,0.010296010296010119,1.999999999999961,1.9974259974259803,0.09480909480909475,2.1068211068210956,0.09480909480909475,24
f2_oos_fixed_a,1270,L,2026-04-21 18:46:00,sl,-93.66,15.590000000000146,2.0,-1.0012828736369375,0.015394483643360985,-1.0,0.2629890955740485,0.8608082103912731,0.2629890955740485,1.037203335471451,25
f2_oos_fixed_a,1272,S,2026-04-21 20:16:00,sl,-89.51,45.01000000000022,1.9999999999999798,-0.9943345923128146,0.005332148411464093,-1.0,0.8211508553654712,0.9973339257942704,0.8211508553654712,1.0182181737391625,438
f2_oos_fixed_a,1271,S,2026-04-21 20:18:00,sl,-50.849999999999994,51.149999999999636,2.0000000000000178,-0.9941348973607106,0.004692082111436983,-1.0,0.7270772238514325,0.9872922776148653,0.7270772238514325,1.0117302052785995,478
f2_oos_fixed_a,1275,S,2026-04-21 21:26:00,sl,-87.08,29.230000000000473,1.999999999999969,-0.9930436765879644,0.008210742387957444,-1.0,0.8669175504618453,1.107765993841929,0.8669175504618453,1.107765993841929,153
f2_oos_fixed_a,1274,S,2026-04-22 01:28:00,sl,-87.35,17.210000000000036,2.0,-1.0151074956420663,0.013945380592678646,-1.0,0.09122603137708923,0.9616502033701422,0.09122603137708923,1.0662405578152425,77
f2_oos_fixed_a,1293,S,2026-04-22 11:22:00,tp,179.82,14.980000000000473,1.9999999999999394,2.00066755674226,0.016021361815753834,1.9999999999999394,1.9793057409878971,0.3291054739652961,1.9999999999999394,0.3291054739652961,434
f2_oos_fixed_a,1296,S,2026-04-22 13:00:00,tp,183.3,7.039999999999964,2.0,2.0028409090909194,0.03409090909090927,2.0,1.8480113636364042,0.8139204545453967,2.063920454545429,0.8139204545453967,182
f2_oos_fixed_a,1301,S,2026-04-22 15:20:00,sl,-92.89,12.480000000000473,1.9999999999999272,-1.0633012820512415,0.0192307692307685,-1.0,0.890224358974299,0.97916666666665,0.890224358974299,1.0641025641025035,86
f2_oos_fixed_a,1302,L,2026-04-22 16:53:00,sl,-84.9,14.019999999999527,2.000000000000065,-1.0092724679030298,0.017118402282454214,-1.0,0.2232524964336815,0.8480741797432759,0.2232524964336815,1.057061340941527,37
f2_oos_fixed_a,1284,L,2026-04-22 16:55:00,sl,-81.0,19.42999999999938,2.0000000000000937,-1.0422027792074444,0.012352032938754896,-1.0,0.10808028821412406,0.8512609366958565,0.10808028821412406,1.1343283582089894,37
f2_oos_fixed_a,1305,S,2026-04-22 18:38:00,sl,-89.68,11.1200000000008,1.9999999999998364,-1.0080935251797836,0.021582733812948087,-1.0,0.47571942446039417,0.9271582733812642,0.47571942446039417,1.0962230215827007,187
f2_oos_fixed_a,1281,L,2026-04-23 03:51:00,sl,-77.92,38.82000000000062,1.9999999999999531,-1.003606388459541,0.006182380216383209,-1.0,0.11746522411126785,0.9538897475528095,0.11746522411126785,1.0036063884595419,79
f2_oos_fixed_a,1323,S,2026-04-23 10:29:00,sl,-84.78,14.11999999999989,2.0000000000000644,-1.0007082152974582,0.01699716713881033,-1.0,0.19405099150146687,0.8137393767705291,0.19405099150146687,1.0070821529744656,20
f2_oos_fixed_a,1322,L,2026-04-23 10:39:00,sl,-84.96,10.61999999999989,2.0,-1.0000000000000102,0.022598870056497408,-1.0,1.2843691148776335,0.9237288135593692,1.2843691148776335,1.1883239171374784,83
f2_oos_fixed_a,1326,S,2026-04-23 12:41:00,tp,179.16,7.3100000000004,1.9999999999998757,2.0424076607386024,0.032831737346099434,1.9999999999998757,1.9562243502051162,0.3830369357045183,2.042407660738642,0.3830369357045183,42
f2_oos_fixed_a,1329,L,2026-04-23 14:40:00,tp,174.72,7.279999999999745,2.0,2.00000000000007,0.03296703296703412,2.0,1.7376373626373733,0.08653846153847956,2.2101648351649326,0.08653846153847956,15
f2_oos_fixed_a,1331,S,2026-04-23 17:07:00,tp,174.76,21.75999999999931,2.0000000000000835,2.0078125000000635,0.011029411764706232,2.0000000000000835,1.890625000000075,0.8943014705882236,2.0156250000000906,0.8943014705882236,216
f2_oos_fixed_a,1341,S,2026-04-23 23:22:00,sl,-84.81,12.409999999999854,2.0,-0.9762864049729594,0.01933924254633383,-1.0,0.24738114423857005,1.056406124093459,0.24738114423857005,1.1941982272360905,183
f2_oos_fixed_a,1348,S,2026-04-24 05:46:00,sl,-80.36,19.329999999999927,2.0,-1.0393171236420111,0.012415933781686544,-1.0,1.2296947749611804,0.8215209518882653,1.2296947749611804,1.1076047594412797,501
f2_oos_fixed_a,1053,L,2026-04-24 07:56:00,tp,172.68,21.470000000000255,1.9999999999999576,2.0107126222636,0.01117838844899847,1.9999999999999576,1.9515603167209659,0.4038192827200731,2.381928272007397,0.4038192827200731,549
f2_oos_fixed_a,1353,L,2026-04-24 11:48:00,sl,-95.28,7.889999999999418,2.0000000000002305,-1.0063371356147763,0.030418250950572587,-1.0,0.7249683143220123,0.6007604562737809,0.7249683143220123,1.0988593155893287,37
f2_oos_fixed_a,1358,S,2026-04-24 13:39:00,sl,-89.52,11.179999999999382,2.0000000000001625,-1.0008944543828817,0.02146690518783661,-1.0,0.08407871198573894,0.586762075134155,0.08407871198573894,1.1896243291592137,25
f2_oos_fixed_a,1339,S,2026-04-24 14:56:00,sl,-89.76,14.920000000000073,1.999999999999939,-1.0026809651474482,0.01608579088471842,-1.0,1.050268096514745,0.7989276139410197,1.050268096514745,1.4182305630026644,129
f2_oos_fixed_a,1362,S,2026-04-24 15:37:00,sl,-89.6,12.679999999999382,2.0000000000001434,-1.0094637223975256,0.018927444794953605,-1.0,1.1656151419559444,0.4676656151419299,1.1656151419559444,1.0102523659306084,71
f2_oos_fixed_a,1363,L,2026-04-24 16:56:00,sl,-92.62,17.659999999999854,2.0000000000000515,-1.0489241223103145,0.013590033975085049,-1.0,1.8691959229898352,0.8261608154020535,1.8691959229898352,1.2157417893544464,427
f2_oos_fixed_a,1370,S,2026-04-24 21:46:00,tp,223.32999999999998,10.260000000000218,2.0,2.41856183669044,0.02339181286549658,2.0,2.400584795321597,0.8138401559453486,2.439571150097478,0.8138401559453486,132
f2_oos_fixed_a,1381,L,2026-04-27 05:50:00,sl,-88.48,22.06999999999971,2.0000000000000413,-1.0022655188038194,0.010874490258269287,-1.0,0.5138196647032304,0.9800634345264833,0.5138196647032304,1.1472587222473967,611
f2_oos_fixed_a,1386,S,2026-04-27 08:06:00,tp,181.68,7.569999999999709,2.0000000000001203,2.000000000000077,0.03170409511228656,2.0000000000001203,1.8216644649935803,0.08718626155876881,2.036988110964421,0.08718626155876881,214
f2_oos_fixed_a,1389,L,2026-04-27 10:07:00,sl,-92.52,7.699999999999818,2.000000000000118,-1.001298701298725,0.031168831168831904,-1.0,0.06493506493506647,0.9675324675324668,0.06493506493506647,1.0207792207792024,47
f2_oos_fixed_a,1388,S,2026-04-27 11:26:00,tp,184.8,9.200000000000728,1.9999999999998024,2.0086956521737545,0.026086956521737065,1.9999999999998024,1.9749999999998518,0.48586956521738056,2.039130434782471,0.48586956521738056,310
f2_oos_fixed_a,1382,L,2026-04-27 12:45:00,sl,-94.05,8.529999999999745,2.0000000000001066,-1.0023446658851414,0.028135990621337297,-1.0,0.9085580304806836,0.9155920281359583,0.9085580304806836,1.348182883939079,196
f2_oos_fixed_a,1392,S,2026-04-27 16:06:00,tp,181.22,20.899999999999636,2.0000000000000435,2.1677033492823345,0.011483253588516946,2.0000000000000435,1.546411483253645,0.44688995215312477,2.151196172248843,0.44688995215312477,898
f2_oos_fixed_a,1404,S,2026-04-27 18:14:00,sl,-74.42,25.090000000000146,2.0,-0.9887073203135323,0.009565563969708991,-1.0,0.1749701076126067,0.9928258270227066,0.1749701076126067,1.0051813471502271,467
f2_oos_fixed_a,1413,S,2026-04-27 22:33:00,sl,-84.53999999999999,4.369999999999891,2.0000000000002083,-0.9212160836875025,0.05491990846682059,-1.0,0.7345537757439419,1.6338672768877796,0.7345537757439419,1.6338672768877796,86
f2_oos_fixed_a,1417,S,2026-04-28 01:52:00,sl,-95.6,4.720000000000255,1.9999999999998073,-1.0127118644067248,0.0508474576271159,-1.0,-0.06567796610158347,0.9978813559321572,0.0529661016949124,1.0635593220337407,36
f2_oos_fixed_a,1422,S,2026-04-28 03:31:00,tp,176.44,7.980000000000473,1.999999999999886,2.0100250626565224,0.030075187969923027,1.999999999999886,1.7994987468670203,0.2092731829573902,2.068922305764316,0.2092731829573902,85
f2_oos_fixed_a,1425,L,2026-04-28 05:22:00,sl,-98.3,9.5,2.0,-1.0347368421052632,0.02526315789473684,-1.0,-0.10631578947361145,0.9968421052630889,0.07473684210526699,1.0557894736841837,25
f2_oos_fixed_a,1428,S,2026-04-28 07:27:00,tp,316.8,5.210000000000036,2.0,3.3781190019193623,0.04606525911708221,2.0,0.9520153550865472,0.6276391554701544,3.378119001919432,0.6276391554701544,39
f2_oos_fixed_a,1433,L,2026-04-28 09:17:00,sl,-98.49,14.069999999999709,2.000000000000065,-1.0000000000000207,0.01705756929637562,-1.0,-0.09665955934610523,0.8187633262260607,-0.014925373134331253,1.0184790334044225,6
f2_oos_fixed_a,1434,S,2026-04-28 10:44:00,tp,190.89,13.609999999999673,2.0000000000000666,2.003673769287337,0.017634092578986463,2.0000000000000666,1.9515062454078647,0.5084496693607149,2.0205731080089326,0.5084496693607149,203
f2_oos_fixed_a,1441,L,2026-04-28 16:46:00,sl,-100.74,16.470000000000255,1.9999999999999447,-1.019429265330889,0.01457194899817828,-1.0,0.3448694596235151,0.7723132969034644,0.3448694596235151,1.1530054644808985,16
f2_oos_fixed_a,1443,L,2026-04-28 18:40:00,sl,-96.62,18.36999999999989,2.0000000000000493,-1.0519324986390917,0.013064779531845478,-1.0,1.7016875340228854,0.9183451279259658,1.7016875340228854,1.0397387044093396,953
f2_oos_fixed_a,1444,L,2026-04-28 19:40:00,tp,193.22,8.359999999999673,2.000000000000109,2.1011309264898603,0.02870813397129299,2.000000000000109,1.973684210526393,0.2775119617224641,2.4043062200958314,0.2775119617224641,379
f2_oos_fixed_a,1447,S,2026-04-28 22:00:00,sl,-89.79,6.3100000000004,1.999999999999856,-0.9486529318541396,0.03803486529318301,-1.0,0.9667194928684592,0.9809825673532817,0.9667194928684592,1.1695721077653949,238
f2_oos_fixed_a,1466,S,2026-04-29 09:19:00,tp,186.18,15.329999999999927,2.0,2.024135681669938,0.01565557729941299,2.0,1.8845401174168601,0.17416829745597426,2.2524461839530865,0.17416829745597426,211
f2_oos_fixed_a,1474,S,2026-04-29 14:51:00,tp,201.95,14.170000000000073,2.0,2.0359915314043646,0.016937191249117765,2.0,1.9781227946365922,0.4530698659139054,2.3034580098800395,0.4530698659139054,99
f2_oos_fixed_a,1475,S,2026-04-29 15:03:00,sl,-100.54,4.569999999999709,2.000000000000199,-1.0000000000000637,0.05251641137855914,-1.0,0.19256017505474074,0.42231947483577775,0.23851203501098794,1.063457330415751,3
f2_oos_fixed_a,1470,S,2026-04-29 15:04:00,tp,183.95,18.360000000000582,1.999999999999901,2.0038126361655135,0.013071895424836187,1.999999999999901,1.844226579520621,0.360021786492395,2.0816993464051765,0.360021786492395,95
f2_oos_fixed_a,1473,L,2026-04-29 15:19:00,sl,-85.65,16.920000000000073,2.0,-1.012411347517726,0.014184397163120506,-1.0,-0.04432624113475158,0.8806146572103766,-0.0011820330968987575,1.01536643026006,15
f2_oos_fixed_a,755,L,2026-04-29 17:20:00,tp,162.59,28.279999999999745,2.000000000000032,1.9164309288071837,0.008486562942008563,2.000000000000032,1.912659123055185,0.5806223479490884,2.0130834512022915,0.5806223479490884,936
f2_oos_fixed_a,1481,L,2026-04-29 18:05:00,sl,-92.08,11.479999999999563,2.000000000000079,-1.0026132404181565,0.020905923344948528,-1.0,1.8858885017422795,0.943379790940796,1.8858885017422795,1.0113240418118565,184
f2_oos_fixed_a,1478,S,2026-04-29 18:12:00,sl,-101.2,12.539999999999964,2.0,-1.0087719298245643,0.0191387559808613,-1.0,0.18261562998404868,0.6379585326953766,0.18261562998404868,1.0199362041467306,24
f2_oos_fixed_a,1482,L,2026-04-29 19:14:00,sl,-90.65,17.539999999999964,2.0,-1.0336374002280524,0.013683010262257725,-1.0,0.30786773090077807,0.9834663625997739,0.30786773090077807,1.15108323831246,106
f2_oos_fixed_a,1501,L,2026-04-30 10:15:00,end,28.7,51.18000000000029,1.9999999999999822,0.5607659241891332,0.004689331770222716,0.5607659241891332,1.0738569753810028,0.1375537319265323,1.0738569753810028,0.1375537319265323,821
f2_oos_fixed_a,1509,L,2026-04-30 13:01:00,sl,-100.53,11.099999999999454,2.000000000000082,-1.0063063063063558,0.021621621621622684,-1.0,1.7873873873874884,0.9558558558558734,1.7873873873874884,1.2099099099099138,226
f2_oos_fixed_a,1512,S,2026-04-30 17:48:00,tp,192.0,6.360000000000582,1.999999999999714,2.0125786163520174,0.03773584905660032,1.999999999999714,1.6871069182387706,0.7657232704401643,2.292452830188458,0.7657232704401643,88
f2_oos_fixed_a,1514,S,2026-04-30 19:24:00,sl,-91.5,18.06999999999971,2.00000000000005,-1.0127282789153453,0.013281682346430762,-1.0,0.14886552296627298,0.9878251245157577,0.14886552296627298,1.0403984504703694,162
f2_oos_fixed_a,1508,L,2026-04-30 20:23:00,end,-0.16,24.23999999999978,2.0000000000000373,-0.0016501650165016651,0.00990099009900999,-0.0016501650165016651,0.2768151815181558,0.25041254125411566,0.2768151815181558,0.25041254125411566,213
f2_oos_fixed_a,1517,L,2026-04-30 22:10:00,end,-26.05,17.329999999999927,2.0,-0.3006347374495108,0.01384881708020779,-0.3006347374495108,0.050778995960768195,0.648586266589719,0.05654933641087577,0.648586266589719,106
f3_oos_fixed_a,751,L,2026-05-01 08:51:00,sl,-100.7,5.210000000000036,2.0,-1.0172744721688989,0.04606525911708221,-1.0,-0.21113243762002998,0.7408829174665172,-0.02111324376210774,1.2821497120921774,4
f3_oos_fixed_a,752,S,2026-05-01 09:04:00,tp,186.21,10.140000000000327,1.9999999999999103,2.040433925049244,0.023668639053253674,1.9999999999999103,1.9901380670611084,0.16765285996052892,2.044378698224743,0.16765285996052892,89
f3_oos_fixed_a,760,S,2026-05-01 14:06:00,sl,-101.2,5.039999999999964,2.0,-1.0039682539682613,0.04761904761904796,-1.0,0.6706349206349471,0.7777777777777978,0.6706349206349471,1.0972222222221797,12
f3_oos_fixed_a,759,S,2026-05-01 14:11:00,sl,-97.5,7.5,2.0,-0.9999999999999999,0.032,-1.0,0.19866666666663757,0.8413333333332654,0.389333333333343,1.0426666666666278,9
f3_oos_fixed_a,753,S,2026-05-01 15:47:00,sl,-85.44,21.360000000000582,1.9999999999999147,-0.9999999999999727,0.011235955056179468,-1.0,0.2743445692883667,0.9063670411984619,0.2743445692883667,1.0809925093632733,66
f3_oos_fixed_a,754,S,2026-05-01 15:49:00,sl,-96.42,15.569999999999709,2.0000000000000586,-1.032113037893404,0.01541425818882495,-1.0,0.38086062941556853,0.9588953114964458,0.38086062941556853,1.059730250481657,52
f3_oos_fixed_a,764,S,2026-05-01 16:16:00,sl,-91.92,11.409999999999854,2.0,-1.0070113935144738,0.021034180543383265,-1.0,0.32778264680103675,0.9938650306748721,0.32778264680103675,1.1297107800175716,20
f3_oos_fixed_a,650,S,2026-05-01 17:38:00,tp,179.42,22.25,2.0,2.015955056179775,0.010786516853932584,2.0,1.9474157303371162,0.5631460674157189,2.013033707865208,0.5631460674157189,589
f3_oos_fixed_a,771,S,2026-05-01 22:51:00,tp,184.1,22.829999999999927,2.0,2.015987735435836,0.010512483574244448,2.0,1.8353044240034941,1.1160753394656397,2.042487954445916,1.1160753394656397,788
f3_oos_fixed_a,784,S,2026-05-04 04:34:00,sl,-94.71,8.479999999999563,2.0000000000001075,-1.0153301886792976,0.028301886792454285,-1.0,-0.23584905660367847,0.9834905660376964,-0.028301886792428548,1.2275943396226876,17
f3_oos_fixed_a,783,S,2026-05-04 05:19:00,sl,-94.77,10.409999999999854,2.0000000000000875,-1.011527377521628,0.023054755043227987,-1.0,1.1690682036503595,0.9951969260326433,1.1690682036503595,1.0537944284341496,94
f3_oos_fixed_a,787,L,2026-05-04 06:49:00,sl,-82.56,20.579999999999927,2.0,-1.0029154518950474,0.011661807580174969,-1.0,0.2560738581146966,0.9902818270165297,0.2560738581146966,1.1593780369290456,136
f3_oos_fixed_a,791,S,2026-05-04 07:59:00,sl,-96.3,6.3400000000001455,2.0,-1.0126182965299453,0.03785488958990449,-1.0,0.8201892744480455,0.09621451104095562,0.8201892744480455,1.102523659305934,20
f3_oos_fixed_a,792,S,2026-05-04 09:11:00,tp,185.1,18.479999999999563,2.0000000000000493,2.0032467532468003,0.012987012987013293,2.0000000000000493,1.5795454545455194,0.20075757575758246,2.0990259740260218,0.20075757575758246,232
f3_oos_fixed_a,796,L,2026-05-04 12:43:00,sl,-95.79,3.0900000000001455,2.0,-0.9999999999999529,0.0776699029126177,-1.0,-0.21682847896441462,0.7540453074433067,0.032362459547041776,1.2944983818769618,3
f3_oos_fixed_a,708,L,2026-05-04 13:30:00,sl,-76.08,24.859999999999673,2.0000000000000364,-1.0201126307321131,0.00965406275140801,-1.0,1.53097345132747,0.5353982300884821,1.53097345132747,1.202333065164916,291
f3_oos_fixed_a,803,S,2026-05-04 16:24:00,sl,-87.36,14.38000000000011,2.0,-1.0125173852572942,0.016689847009735616,-1.0,0.5688456189151758,0.8546592489568755,0.5688456189151758,1.028511821974955,56
f3_oos_fixed_a,797,S,2026-05-04 17:47:00,tp,193.92,12.079999999999927,2.0,2.006622516556303,0.01986754966887429,2.0,1.7673841059603057,0.2086092715231409,2.0140728476821255,0.2086092715231409,27
f3_oos_fixed_a,809,S,2026-05-04 19:50:00,sl,-87.15,17.13000000000011,1.999999999999947,-1.017513134851132,0.014010507880910593,-1.0,0.1255107997664695,0.964389959136038,0.1255107997664695,1.179801517805015,27
f3_oos_fixed_a,807,S,2026-05-04 19:52:00,sl,-95.52,15.789999999999964,2.0000000000000577,-1.008233058898039,0.015199493350221693,-1.0,0.15136162127931177,0.9170360987966812,0.15136162127931177,1.0291323622545363,14
f3_oos_fixed_a,810,L,2026-05-04 21:56:00,tp,178.71,6.720000000000255,2.0,1.8995535714284995,0.03571428571428436,2.0,1.9613095238094929,0.37648809523804305,2.148809523809518,0.37648809523804305,255
f3_oos_fixed_a,821,S,2026-05-05 06:29:00,sl,-95.26,8.61999999999989,2.0,-1.0046403712297112,0.027842227378190608,-1.0,1.0928074245939898,0.9303944315544813,1.0928074245939898,1.1473317865428705,125
f3_oos_fixed_a,826,L,2026-05-05 09:45:00,tp,185.04,15.30999999999949,2.0000000000000595,2.014369693011171,0.015676028739386543,2.0000000000000595,1.9529719137819426,0.4330502939255604,2.16851730894846,0.4330502939255604,383
f3_oos_fixed_a,831,L,2026-05-05 10:18:00,sl,-97.95,6.529999999999745,2.0,-1.000000000000039,0.03675344563552976,-1.0,0.7335375191424426,0.7611026033691345,0.7335375191424426,1.0,28
f3_oos_fixed_a,836,L,2026-05-05 13:05:00,sl,-95.04,7.9099999999998545,2.000000000000115,-1.0012642225031791,0.030341340075853908,-1.0,0.05689001264220308,0.9481668773704346,0.05689001264220308,1.147914032869797,24
f3_oos_fixed_a,837,S,2026-05-05 13:29:00,sl,-85.54,12.180000000000291,1.9999999999999254,-1.0032840722495655,0.019704433497536474,-1.0,0.7036124794745824,0.9146141215106036,0.7036124794745824,1.0032840722495118,68
f3_oos_fixed_a,845,S,2026-05-05 17:55:00,tp,193.96,7.380000000000109,1.9999999999998768,2.0216802168021384,0.03252032520325155,1.9999999999998768,1.9783197831977288,0.7560975609755887,2.094850948509459,0.7560975609755887,72
f3_oos_fixed_a,847,S,2026-05-05 18:20:00,tp,193.31,7.4299999999993815,2.0000000000002447,2.001345895020355,0.03230148048452489,2.0000000000002447,1.9582772543743463,0.37819650067291044,2.0740242261106387,0.37819650067291044,47
f3_oos_fixed_a,852,L,2026-05-05 20:48:00,sl,-96.46,7.410000000000764,1.9999999999997544,-1.0013495276652138,0.032388663967608,-1.0,0.6950067476382058,0.9082321187584047,0.6950067476382058,1.1079622132252618,128
f3_oos_fixed_a,858,S,2026-05-06 01:29:00,sl,-93.94,13.11999999999989,2.0000000000000693,-1.0228658536585449,0.01829268292682942,-1.0,0.046493902439069146,0.9146341463414017,0.046493902439069146,1.9839939024390214,26
f3_oos_fixed_a,865,L,2026-05-06 04:27:00,tp,196.21,14.0,2.0,2.002142857142857,0.017142857142857144,2.0,1.9871428571428364,0.21071428571427273,2.049285714285751,0.21071428571427273,132
f3_oos_fixed_a,862,L,2026-05-06 04:29:00,tp,158.44,39.56999999999971,2.000000000000023,2.002021733636608,0.006065200909780181,2.000000000000023,1.9737174627243097,0.09982309830679421,2.1268637856962465,0.09982309830679421,451
f3_oos_fixed_a,868,L,2026-05-06 06:18:00,tp,192.28,23.99000000000069,1.9999999999999243,2.0037515631512552,0.01000416840350117,1.9999999999999243,1.4497707378073674,0.209670696123406,2.2092538557731753,0.209670696123406,332
f3_oos_fixed_a,869,L,2026-05-06 08:13:00,sl,-98.56,8.920000000000073,2.0,-1.0044843049327272,0.026905829596412335,-1.0,0.2006726457399046,0.9674887892376725,0.2006726457399046,1.0739910313901175,20
f3_oos_fixed_a,873,L,2026-05-06 10:02:00,sl,-96.48,10.699999999999818,2.0,-1.0018691588785218,0.022429906542056455,-1.0,0.006542056074739267,0.9644859813084005,0.006542056074739267,1.0616822429906416,13
f3_oos_fixed_a,875,L,2026-05-06 11:15:00,tp,172.36,21.539999999999964,2.0,2.0004642525533924,0.011142061281337066,2.0,1.7209842154131743,0.38022284122565103,2.000464252553357,0.38022284122565103,159
f3_oos_fixed_a,605,S,2026-05-06 14:15:00,tp,209.16,14.75,2.0,2.0257627118644064,0.016271186440677966,2.0,1.8366101694915353,0.2447457627118422,2.0732203389831074,0.2447457627118422,48
f3_oos_fixed_a,881,L,2026-05-06 16:52:00,sl,-85.55,38.779999999999745,2.0,-1.1030170190820083,0.006188757091284207,-1.0,1.693656523981429,0.9997421351212143,1.693656523981429,1.0366168127901,3648
f3_oos_fixed_a,883,S,2026-05-06 19:10:00,sl,-88.79,18.31999999999971,2.0000000000000497,-0.969323144104819,0.013100436681222915,-1.0,0.22707423580790556,0.988537117903928,0.22707423580790556,1.2139737991266448,478
f3_oos_fixed_a,884,S,2026-05-06 20:38:00,sl,-91.86,15.25,2.0,-1.0039344262295082,0.015737704918032787,-1.0,0.06032786885246379,0.977049180327845,0.06032786885246379,1.043934426229513,92
f3_oos_fixed_a,887,L,2026-05-06 22:18:00,tp,192.33,14.829999999999927,2.0,1.8527116848087946,0.016183412002697316,2.0,1.6722859069454015,0.7639919082939975,2.066756574511112,0.7639919082939975,611
f3_oos_fixed_a,906,L,2026-05-07 11:02:00,sl,-95.25,19.019999999999527,2.000000000000048,-1.001577287066271,0.012618296529968768,-1.0,0.1593059936908423,0.9926393270242155,0.1593059936908423,1.026813880126195,57
f3_oos_fixed_a,911,L,2026-05-07 13:41:00,tp,207.63,11.529999999999745,2.000000000000079,2.000867302688683,0.020815264527320493,2.000000000000079,1.9349522983522023,0.8568950563746243,2.0069384215091794,0.8568950563746243,249
f3_oos_fixed_a,909,L,2026-05-07 13:51:00,sl,-91.5,15.230000000000473,1.9999999999999403,-1.001313197636213,0.015758371634930567,-1.0,1.826001313197546,0.9546946815495412,1.826001313197546,1.1634931057123903,316
f3_oos_fixed_a,921,S,2026-05-07 18:16:00,tp,212.52,9.539999999999964,2.0000000000000955,2.02515723270441,0.02515723270440261,2.0000000000000955,1.9968553459120717,0.23060796645690954,2.094339622641567,0.23060796645690954,33
f3_oos_fixed_a,926,L,2026-05-07 21:40:00,sl,-107.12,8.019999999999527,2.0000000000001132,-1.0274314214464446,0.029925187032420718,-1.0,0.1521197007481704,0.44389027431417716,0.1521197007481704,1.289276807980144,4
f3_oos_fixed_a,929,L,2026-05-07 23:05:00,sl,-108.36,17.600000000000364,1.9999999999999483,-1.0261363636363425,0.013636363636363355,-1.0,-0.048295454545474216,0.9823863636363412,0.025568181818170953,1.0528409090909245,34
f3_oos_fixed_a,932,S,2026-05-08 01:50:00,sl,-93.4,23.19000000000051,1.9999999999999607,-1.006899525657589,0.01034928848641633,-1.0,0.009918068132836045,0.9745579991375536,0.08063820612332255,1.053040103492865,76
f3_oos_fixed_a,940,S,2026-05-08 05:36:00,sl,-105.06,17.289999999999964,2.0,-1.0127241179872781,0.013880855986119173,-1.0,0.49971081550030916,0.9080393290919521,0.49971081550030916,1.0665124349335193,232
f3_oos_fixed_a,939,L,2026-05-08 05:55:00,sl,-105.84,11.590000000000146,1.9999999999999216,-1.0146678170836803,0.02070750647109551,-1.0,1.5522001725625156,0.9094046591889414,1.5522001725625156,1.114754098360648,268
f3_oos_fixed_a,946,L,2026-05-08 09:36:00,sl,-99.54,7.069999999999709,2.000000000000129,-1.005657708628047,0.03394625176803534,-1.0,0.6548797736916973,0.9306930693069587,0.6548797736916973,1.009900990098969,31
f3_oos_fixed_a,938,L,2026-05-08 10:43:00,tp,198.08,12.359999999999673,2.0000000000000737,2.0032362459547457,0.019417475728155855,2.0000000000000737,1.8381877022654414,0.5218446601941739,2.150485436893255,0.5218446601941739,347
f3_oos_fixed_a,947,S,2026-05-08 13:52:00,sl,-100.87,14.340000000000146,2.0,-1.004881450488135,0.016736401673639996,-1.0,1.0739191073919379,0.9602510460250618,1.0739191073919379,1.229428172942749,158
f3_oos_fixed_a,962,S,2026-05-08 18:31:00,sl,-88.0,17.350000000000364,1.9999999999999476,-1.014409221901996,0.01383285302593631,-1.0,0.34063400576367325,0.8524495677233229,0.34063400576367325,1.0397694524495438,149
f3_oos_fixed_a,958,L,2026-05-08 19:11:00,tp,203.83,5.989999999999782,2.0,2.0016694490818763,0.04006677796327358,2.0,1.8998330550919071,0.06343906510853473,2.0016694490818394,0.08848080133551997,104
f3_oos_fixed_a,969,L,2026-05-11 02:47:00,sl,-106.5,6.720000000000255,1.9999999999998646,-1.056547619047579,0.03571428571428436,-1.0,0.47023809523805576,0.790178571428601,0.47023809523805576,1.8407738095237236,13
f3_oos_fixed_a,972,L,2026-05-11 04:27:00,sl,-99.72,32.72999999999956,2.000000000000028,-1.0155820348304443,0.007332722273144002,-1.0,-0.026275588145422673,0.9923617476321417,0.025358997861287452,1.039413382218148,183
f3_oos_fixed_a,973,S,2026-05-11 04:44:00,tp,190.96,13.6299999999992,2.0000000000001337,2.001467351430785,0.017608217168012773,2.0000000000001337,1.7270726338959834,0.5972120322817238,2.1746148202496016,0.5972120322817238,239
f3_oos_fixed_a,872,L,2026-05-11 09:34:00,tp,174.76,21.779999999999745,2.0000000000000417,2.005968778696075,0.011019283746556603,2.0000000000000417,1.904040404040438,0.9329660238751123,2.039485766758521,0.9329660238751123,392
f3_oos_fixed_a,980,L,2026-05-11 10:00:00,sl,-97.93,13.980000000000473,1.999999999999935,-1.0007153075822264,0.017167381974248344,-1.0,0.11945636623748328,0.9949928469241334,0.11945636623748328,1.0221745350500344,53
f3_oos_fixed_a,981,S,2026-05-11 10:47:00,tp,192.72,8.699999999999818,2.0,2.013793103448318,0.0275862068965523,2.0,1.9275862068965377,0.8022988505747838,2.1597701149425697,0.8022988505747838,105
f3_oos_fixed_a,985,L,2026-05-11 13:15:00,tp,198.16,12.340000000000146,1.9999999999999263,2.00729335494325,0.019448946515396852,1.9999999999999263,1.9019448946514643,0.1993517017828207,2.446515397082597,0.1993517017828207,128
f3_oos_fixed_a,986,L,2026-05-11 14:10:00,tp,213.07,9.279999999999745,2.0,2.087284482758678,0.02586206896551795,2.0,1.8157327586206806,0.2747844827586478,2.539870689655211,0.2747844827586478,73
f3_oos_fixed_a,994,S,2026-05-11 18:04:00,sl,-114.66,8.449999999999818,2.0,-1.043786982248543,0.028402366863905935,-1.0,0.08047337278110127,0.8071005917159593,0.10177514792895753,1.0591715976331373,13
f3_oos_fixed_a,993,S,2026-05-11 18:38:00,sl,-105.62,11.890000000000327,1.9999999999999236,-0.987010559760743,0.020185029436500704,-1.0,1.8973927670310236,0.8982338099243059,1.8973927670310236,1.0487804878048705,322
f3_oos_fixed_a,1001,L,2026-05-12 01:03:00,tp,212.7,10.61999999999989,2.0,2.0028248587570823,0.022598870056497408,2.0,1.700564971751382,0.509416195856951,2.5056497175141192,0.509416195856951,109
f3_oos_fixed_a,1004,L,2026-05-12 03:13:00,sl,-101.92,14.4399999999996,2.000000000000063,-1.0083102493075071,0.016620498614958908,-1.0,0.38919667590028023,0.2714681440443339,0.38919667590028023,1.0083102493074718,10
f3_oos_fixed_a,1009,L,2026-05-12 07:38:00,sl,-102.48,7.319999999999709,2.0000000000001243,-1.0000000000000397,0.03278688524590294,-1.0,-0.04918032786880969,0.7513661202186092,0.0027322404372182177,1.0669398907103553,10
f3_oos_fixed_a,1011,S,2026-05-12 08:12:00,tp,205.95,20.550000000000182,2.0,2.0043795620437774,0.011678832116788218,2.0,1.9883211678832224,0.5883211678832135,2.08613138686129,0.5883211678832135,590
f3_oos_fixed_a,1015,S,2026-05-12 09:55:00,sl,-108.5,7.739999999999782,2.0000000000001177,-1.0012919896641108,0.03100775193798537,-1.0,1.4741602067184865,0.8501291989663053,1.4741602067184865,1.0271317829457418,67
f3_oos_fixed_a,1017,L,2026-05-12 11:50:00,sl,-106.65,6.900000000000546,1.999999999999868,-1.0304347826086142,0.03478260869564942,-1.0,0.24347826086945634,0.9391304347826029,0.24347826086945634,1.3623188405796816,54
f3_oos_fixed_a,1014,S,2026-05-12 16:04:00,tp,193.65,19.350000000000364,1.999999999999953,2.0015503875968617,0.012403100775193564,1.999999999999953,1.9085271317829249,0.0480620155038901,2.040310077519366,0.0480620155038901,133
f3_oos_fixed_a,1028,L,2026-05-12 16:43:00,sl,-106.1,21.029999999999745,2.000000000000043,-1.0090347123157515,0.011412268188302562,-1.0,0.05373276271992976,0.6543033761293573,0.06038991916312182,1.0475511174512606,15
f3_oos_fixed_a,1035,L,2026-05-12 20:47:00,tp,212.52,4.589999999999236,2.000000000000396,2.013071895425172,0.05228758169935511,2.000000000000396,1.8017429193903731,0.6775599128540719,2.3725490196083094,0.6775599128540719,45
f3_oos_fixed_a,1038,S,2026-05-13 05:18:00,sl,-104.3,10.38000000000011,1.9999999999999123,-1.0048169556839972,0.02312138728323675,-1.0,1.2447013487475855,0.9489402697495434,1.2447013487475855,1.019267822736013,230
f3_oos_fixed_a,1041,L,2026-05-13 07:54:00,sl,-110.16,6.1200000000008,1.9999999999997027,-0.9999999999998692,0.039215686274504676,-1.0,0.9297385620913163,0.607843137254864,0.9297385620913163,1.2908496732025347,36
f3_oos_fixed_a,1044,S,2026-05-13 10:42:00,tp,208.26,11.179999999999382,2.0000000000001625,2.06976744186058,0.02146690518783661,2.0000000000001625,1.8917710196781499,0.5438282647584396,2.4776386404295403,0.5438282647584396,288
f3_oos_fixed_a,1045,S,2026-05-13 13:30:00,tp,193.69,13.75,2.0,2.012363636363636,0.017454545454545455,2.0,1.962909090909075,0.43709090909092496,2.146181818181834,0.43709090909092496,198
f3_oos_fixed_a,1049,L,2026-05-13 14:43:00,sl,-101.34,16.68000000000029,1.9999999999999454,-1.0125899280575363,0.014388489208632843,-1.0,0.1714628297361884,0.9262589928057828,0.1714628297361884,1.056354916067176,39
f3_oos_fixed_a,1055,S,2026-05-13 18:04:00,sl,-111.43,10.080000000000837,1.9999999999998195,-1.004960317460234,0.02380952380952183,-1.0,0.27480158730151755,0.8908730158729888,0.27480158730151755,1.0962301587300858,30
f3_oos_fixed_a,1056,L,2026-05-13 19:03:00,sl,-111.53999999999999,25.48999999999978,2.0000000000000355,-1.0939584150647408,0.009415457041977326,-1.0,0.43271871322086464,0.9776382895253153,0.43271871322086464,1.1836014123185692,655
f3_oos_fixed_a,1060,S,2026-05-13 21:47:00,sl,-92.53999999999999,12.539999999999964,2.0,-0.922448165869221,0.0191387559808613,-1.0,0.2838915470494745,0.9728867623604349,0.35406698564597466,1.0534290271132436,147
f3_oos_fixed_a,1057,L,2026-05-13 22:17:00,sl,-133.48,9.730000000000473,1.9999999999999065,-1.247126973745618,0.024665981500512676,-1.0,1.9095580678313488,0.9383350462486809,1.9095580678313488,1.1212744090442173,442
f3_oos_fixed_a,1065,L,2026-05-14 01:19:00,sl,-112.35,7.199999999999818,2.000000000000126,-1.040277777777804,0.03333333333333417,-1.0,1.6819444444445677,0.8708333333332896,1.6819444444445677,1.0888888888888102,168
f3_oos_fixed_a,1072,S,2026-05-14 06:41:00,sl,-91.45,18.23999999999978,2.0000000000000497,-1.0027412280701875,0.013157894736842262,-1.0,0.6156798245614368,0.6853070175438678,0.6156798245614368,1.093201754385956,44
f3_oos_fixed_a,1076,S,2026-05-14 08:32:00,sl,-106.6,7.930000000000291,1.9999999999998852,-1.034047919293783,0.03026481715006194,-1.0,1.5056746532156458,0.9470365699873824,1.5056746532156458,1.1059268600251204,116
f3_oos_fixed_a,1079,L,2026-05-14 09:53:00,sl,-100.44,15.360000000000582,1.9999999999998817,-1.089843749999959,0.015624999999999407,-1.0,1.1412760416666068,0.8665364583333266,1.1412760416666068,1.171223958333334,397
f3_oos_fixed_a,1083,L,2026-05-14 15:34:00,sl,-94.45,18.80999999999949,2.0000000000000484,-1.004253056884663,0.012759170653907841,-1.0,0.11430090377462009,0.958532695374813,0.11430090377462009,1.0584795321637637,55
f3_oos_fixed_a,1085,S,2026-05-14 16:27:00,tp,190.68,15.789999999999964,2.0,2.0126662444585226,0.015199493350221693,2.0,1.981633945535151,0.40721975934137467,2.019632678910728,0.40721975934137467,363
f3_oos_fixed_a,1075,L,2026-05-14 16:54:00,sl,-103.6,19.699999999999818,2.000000000000046,-1.0517766497462024,0.012182741116751382,-1.0,0.7416243654822698,0.9857868020304696,0.7416243654822698,1.1730964467005018,335
f3_oos_fixed_a,1092,S,2026-05-14 19:17:00,tp,201.08,9.140000000000327,1.9999999999999005,1.9999999999999285,0.026258205689276958,1.9999999999999005,1.8840262582056497,0.35448577680521504,2.0076586433260073,0.35448577680521504,195
f3_oos_fixed_a,1102,L,2026-05-15 01:23:00,sl,-95.22,15.13000000000011,1.9999999999999398,-1.0489094514210102,0.015862524785194863,-1.0,0.399206873760735,0.8155981493721122,0.399206873760735,1.095175148711203,98
f3_oos_fixed_a,1105,S,2026-05-15 03:29:00,tp,199.95,33.31999999999971,2.000000000000027,2.0003001200480366,0.007202881152461047,2.000000000000027,1.9834933973589652,0.010804321728681744,2.008403361344585,0.039315726290501264,307
f3_oos_fixed_a,1109,L,2026-05-15 04:45:00,sl,-97.09,13.8100000000004,1.999999999999934,-1.004344677769703,0.01737871107892781,-1.0,0.08906589427947341,0.8957277335263962,0.08906589427947341,1.013034033309217,7
f3_oos_fixed_a,1110,L,2026-05-15 06:01:00,sl,-104.49,11.359999999999673,2.00000000000008,-1.0220070422535508,0.02112676056338089,-1.0,0.24823943661969985,0.8441901408451076,0.24823943661969985,1.0589788732394447,33
f3_oos_fixed_a,1113,S,2026-05-15 09:03:00,tp,112.82,54.26000000000022,2.0,2.079248064872826,0.004423147806855861,2.0,1.9767784740140026,0.5228529303354179,2.069848875783265,0.5228529303354179,11157
f3_oos_fixed_a,1118,S,2026-05-15 11:38:00,sl,-102.9,14.61999999999989,2.000000000000062,-1.0054719562243577,0.016415868673050737,-1.0,1.4555403556772102,0.9883720930232508,1.4555403556772102,1.070451436388492,134
f3_oos_fixed_a,1119,S,2026-05-15 12:14:00,sl,-106.89,14.640000000000327,1.9999999999999378,-1.0430327868852225,0.016393442622950453,-1.0,1.1823770491803287,0.978825136611995,1.1823770491803287,1.2581967213114522,97
f3_oos_fixed_a,1117,S,2026-05-15 14:07:00,tp,208.17,11.269999999999527,2.000000000000081,2.052351375332828,0.021295474711624674,2.000000000000081,1.8216503992902855,0.6264418811002473,2.0763087843834542,0.6264418811002473,114
f3_oos_fixed_a,1127,S,2026-05-15 15:35:00,tp,190.3,9.480000000000473,1.999999999999904,2.0073839662446256,0.02531645569620127,1.999999999999904,1.3607594936707799,0.8691983122362206,2.3575949367087814,0.8691983122362206,62
f3_oos_fixed_a,1131,L,2026-05-15 17:16:00,sl,-107.46000000000001,25.699999999999818,2.0000000000000355,-1.0453307392996183,0.009338521400778276,-1.0,0.8163424124513861,0.8750972762645891,0.8163424124513861,1.1038910505836612,545
f3_oos_fixed_a,1126,S,2026-05-15 18:29:00,tp,177.82,22.029999999999745,2.0,2.0179300953245805,0.010894235133908432,2.0,1.9745801180209035,0.9487063095778429,2.5406264185202407,0.9487063095778429,482
f3_oos_fixed_a,1144,S,2026-05-18 08:01:00,sl,-104.8,10.420000000000073,2.0,-1.0057581573896281,0.023032629558541105,-1.0,0.38099808061422524,0.8042226487524041,0.38099808061422524,1.1669865642994022,18
f3_oos_fixed_a,1136,S,2026-05-18 11:12:00,sl,-98.0,19.199999999999818,2.0000000000000475,-1.020833333333343,0.012500000000000119,-1.0,0.7156250000000428,0.84583333333333,0.7156250000000428,1.2046874999999697,209
f3_oos_fixed_a,1154,S,2026-05-18 13:13:00,sl,-103.65,6.769999999999527,2.0000000000001346,-1.0206794682423166,0.03545051698670853,-1.0,0.9290989660266474,0.9409158050222062,0.9290989660266474,1.2703101920236417,33
f3_oos_fixed_a,1116,S,2026-05-18 16:17:00,sl,-100.4,12.550000000000182,1.9999999999999276,-0.9999999999999855,0.01912350597609534,-1.0,0.19442231075693742,0.7848605577689419,0.19442231075693742,1.0286852589641169,16
f3_oos_fixed_a,1161,L,2026-05-18 16:57:00,sl,-105.15,20.25,2.0,-1.0385185185185186,0.011851851851851851,-1.0,-0.15456790123457329,0.9595061728395206,0.003950617283947024,1.1214814814814833,8
f3_oos_fixed_a,1163,S,2026-05-18 20:42:00,sl,-91.14,15.100000000000364,1.9999999999999398,-1.005960264900638,0.015894039735098953,-1.0,0.9331125827814442,0.5761589403973251,0.9331125827814442,1.1033112582781095,81
f3_oos_fixed_a,1177,S,2026-05-19 05:08:00,tp,204.82,14.460000000000036,1.9999999999999372,2.023513139695707,0.016597510373443942,1.9999999999999372,1.887275242047019,0.2724757952974066,2.215076071922522,0.2724757952974066,515
f3_oos_fixed_a,1180,S,2026-05-19 05:33:00,tp,195.6,12.180000000000291,1.9999999999999254,2.007389162561528,0.019704433497536474,1.9999999999999254,1.6412151067322909,0.23481116584561612,2.0073891625615135,0.23481116584561612,170
f3_oos_fixed_a,1184,S,2026-05-19 08:30:00,sl,-104.04,11.389999999999418,2.00000000000016,-1.0149253731343804,0.02107111501317052,-1.0,0.46093064091318503,0.6698858647936426,0.46093064091318503,1.0201931518876632,48
f3_oos_fixed_a,1193,L,2026-05-19 12:52:00,sl,-101.5,4.0,2.0,-1.015,0.06,-1.0,0.9474999999999909,0.8600000000001273,0.9474999999999909,1.1075000000000728,12
f3_oos_fixed_a,1201,L,2026-05-19 23:14:00,sl,-99.14999999999999,15.649999999999636,2.000000000000058,-1.055910543131015,0.015335463258786299,-1.0,1.47923322683713,0.8217252396166116,1.47923322683713,1.026198083067084,254
f3_oos_fixed_a,1211,S,2026-05-20 01:18:00,sl,-95.3,9.5,2.0,-1.003157894736842,0.02526315789473684,-1.0,0.16000000000004597,0.8157894736842105,0.16000000000004597,1.0252631578947138,61
f3_oos_fixed_a,1207,S,2026-05-20 03:04:00,sl,-97.6,9.739999999999782,2.0000000000000933,-1.0020533880903715,0.024640657084189464,-1.0,0.8521560574949043,0.3572895277207024,0.8521560574949043,1.007186858316192,21
f3_oos_fixed_a,1218,S,2026-05-20 08:58:00,sl,-88.62,14.489999999999782,2.0000000000000626,-1.0193236714976,0.016563146997929854,-1.0,0.7688060731539335,0.9592822636300791,0.7688060731539335,1.1614906832297633,152
f3_oos_fixed_a,1222,S,2026-05-20 09:10:00,sl,-97.9,9.720000000000255,1.9999999999999065,-1.0072016460905087,0.02469135802469071,-1.0,0.8209876543209212,0.9866255144032813,0.8209876543209212,1.455761316872446,59
f3_oos_fixed_a,1224,L,2026-05-20 11:26:00,sl,-95.34,13.61999999999989,2.0,-1.000000000000008,0.01762114537444948,-1.0,1.5712187958883852,0.9309838472834355,1.5712187958883852,1.2290748898678352,346
f3_oos_fixed_a,1223,L,2026-05-20 17:39:00,sl,-63.75,57.67000000000007,2.0,-1.1054274319403488,0.0041616091555401365,-1.0,1.0613837350442163,0.981099358418586,1.0613837350442163,1.220045084099178,6508
f3_oos_fixed_a,1227,L,2026-05-20 17:43:00,sl,-103.50999999999999,46.090000000000146,1.9999999999999802,-1.1229116945107362,0.005207203297895405,-1.0,1.3328270774571314,0.9681058798003851,1.3328270774571314,1.0032545020611965,6490
f3_oos_fixed_a,1409,S,2026-05-27 16:21:00,sl,-63.629999999999995,64.42999999999938,2.0000000000000284,-0.987583423870877,0.003724972838739753,-1.0,0.6121372031662407,0.985876144653114,0.6121372031662407,1.0490454757100711,1436
f3_oos_fixed_a,1414,S,2026-05-27 17:56:00,sl,-84.0,16.789999999999964,2.0,-1.0005955926146537,0.01429422275163791,-1.0,0.4288266825491265,0.9243597379392775,0.4288266825491265,1.0107206670637459,104
f3_oos_fixed_a,1423,S,2026-05-27 22:16:00,sl,-94.62,4.9299999999993815,2.000000000000369,-1.0101419878297413,0.04868154158215621,-1.0,0.49290060851939066,0.8073022312373352,0.49290060851939066,1.3651115618662084,59
f3_oos_fixed_a,1422,L,2026-05-28 01:26:00,sl,-95.13,13.590000000000146,2.0,-0.9999999999999892,0.017660044150110184,-1.0,0.09860191317145925,0.9941133186165684,0.09860191317145925,1.100073583517267,81
f3_oos_fixed_a,1428,S,2026-05-28 02:14:00,tp,179.0,8.900000000000546,1.9999999999997957,2.0112359550560566,0.026966292134829806,1.9999999999997957,1.8561797752807319,0.6494382022471226,2.356179775280783,0.6494382022471226,123
f3_oos_fixed_a,1433,S,2026-05-28 06:18:00,sl,-76.94,38.38999999999942,2.0000000000000235,-1.0020838760093926,0.00625162802813242,-1.0,0.5519666579838716,0.8825214899713393,0.5519666579838716,1.0252669966137085,577
f3_oos_fixed_a,1439,L,2026-05-28 10:05:00,tp,161.35,16.13000000000011,2.0,2.000619962802218,0.014879107253564686,2.0,1.9194048357098468,0.7668939863608064,2.00185988840668,0.7668939863608064,348
f3_oos_fixed_a,1449,L,2026-05-28 17:12:00,tp,193.62,15.909999999999854,2.0000000000000573,2.0282840980515586,0.015084852294154757,2.0000000000000573,1.8139534883721462,-1.0496543054682572,2.0282840980515857,0.0534255185417638,2
f3_oos_fixed_a,1452,L,2026-05-28 19:34:00,tp,150.03,37.86999999999989,2.0,1.9808555584895753,0.006337470293108019,2.0,1.8840771058885573,0.2799049379456138,2.025878003696846,0.2799049379456138,1287
f3_oos_fixed_a,1454,L,2026-05-28 20:38:00,sl,-96.48,8.0,2.0,-1.0050000000000001,0.03,-1.0,1.365000000000009,0.9875000000000682,1.365000000000009,1.0550000000000637,140
f3_oos_fixed_a,1457,S,2026-05-29 01:14:00,sl,-97.89,7.350000000000364,1.9999999999998763,-1.0244897959183166,0.032653061224488175,-1.0,0.6190476190476132,0.9469387755101621,0.6190476190476132,1.1047619047618353,166
f3_oos_fixed_a,1463,L,2026-05-29 04:04:00,tp,184.5,6.0600000000004,1.99999999999985,2.0297029702968956,0.03960396039603699,1.99999999999985,1.863036303630234,-0.15016501650161623,2.1699669966994666,0.03960396039600097,6
f3_oos_fixed_a,1462,L,2026-05-29 04:37:00,tp,180.0,17.979999999999563,2.0000000000000506,2.002224694104609,0.013348164627364061,2.0000000000000506,1.852614015572926,0.6685205784204571,2.021134593993383,0.6685205784204571,540
f3_oos_fixed_a,1467,S,2026-05-29 05:55:00,sl,-102.24,5.430000000000291,1.9999999999998326,-1.0460405156537191,0.04419889502762194,-1.0,1.4806629834253282,0.6942909760588075,1.4806629834253282,1.3756906077346123,88
f3_oos_fixed_a,1470,L,2026-05-29 08:58:00,tp,188.01,10.44000000000051,1.9999999999998257,2.0009578544060327,0.022988505747125316,1.9999999999998257,1.965517241379169,0.20210727969353248,2.094827586206784,0.20210727969353248,227
f3_oos_fixed_a,1480,S,2026-05-29 15:25:00,sl,-94.02,15.529999999999745,2.0000000000000586,-1.0090148100450906,0.015453960077270052,-1.0,0.6773985833870322,0.9368963296845088,0.6773985833870322,1.0212491951062417,89
f3_oos_fixed_a,1484,L,2026-05-29 16:53:00,tp,182.94,15.230000000000473,1.9999999999999403,2.001969796454304,0.015758371634930567,1.9999999999999403,1.6723571897570233,0.7124097176625099,2.147734734077414,0.7124097176625099,60
f3_oos_fixed_a,1494,S,2026-05-29 22:33:00,end,181.3,7.300000000000182,1.9999999999998754,1.7739726027396816,0.0328767123287663,1.7739726027396816,1.9712328767121998,0.04931506849322919,1.994520547945086,0.0534246575342901,82
f4_oos_fixed_a,721,L,2026-06-01 01:53:00,sl,-99.3,19.859999999999673,2.0000000000000457,-1.0000000000000164,0.012084592145015305,-1.0,0.4179254783484551,0.8549848942598567,0.4179254783484551,1.0130916414904443,253
f4_oos_fixed_a,709,L,2026-06-01 02:08:00,sl,-102.41,9.269999999999527,2.000000000000098,-1.004314994606308,0.025889967637541773,-1.0,0.6591154261058138,0.882416396979482,0.6591154261058138,1.346278317152125,120
f4_oos_fixed_a,722,L,2026-06-01 02:58:00,sl,-105.72,8.650000000000546,1.9999999999997897,-1.0184971098265254,0.02774566473988264,-1.0,0.3121387283236587,0.9317919075144383,0.3121387283236587,1.0254335260115885,62
f4_oos_fixed_a,724,S,2026-06-01 04:07:00,tp,200.88,10.900000000000546,1.999999999999833,2.047706422018246,0.02201834862385211,1.999999999999833,1.813761467889774,0.267889908256874,2.046788990825539,0.267889908256874,155
f4_oos_fixed_a,729,S,2026-06-01 05:34:00,tp,210.48,8.520000000000437,1.9999999999998932,2.0586854460092843,0.028169014084505596,1.9999999999998932,1.9248826291078398,0.5610328638498133,2.07276995305152,0.5610328638498133,135
f4_oos_fixed_a,733,S,2026-06-01 07:29:00,sl,-107.8,4.720000000000255,1.9999999999998073,-1.0381355932202831,0.0508474576271159,-1.0,1.3771186440677223,0.9915254237288217,1.3771186440677223,1.3813559322034077,49
f4_oos_fixed_a,693,L,2026-06-01 08:12:00,sl,-105.92,13.180000000000291,1.999999999999931,-1.0045523520485362,0.018209408194233286,-1.0,0.5068285280728485,0.7792109256449324,0.5068285280728485,1.0091047040971084,70
f4_oos_fixed_a,736,S,2026-06-01 09:16:00,tp,189.68,11.80999999999949,2.000000000000154,2.0076206604573263,0.02032176121930655,2.000000000000154,1.9398814563930358,0.10330228619808618,2.031329381879909,0.11769686706176781,197
f4_oos_fixed_a,740,S,2026-06-01 11:19:00,sl,-101.85,14.4399999999996,2.000000000000063,-1.0076177285318837,0.016620498614958908,-1.0,0.2984764542936648,0.966066481994474,0.2984764542936648,1.1662049861496269,148
f4_oos_fixed_a,743,L,2026-06-01 13:31:00,sl,-97.4,9.680000000000291,1.999999999999906,-1.0061983471074079,0.02479338842975132,-1.0,0.9307851239668428,0.9473140495867559,0.9307851239668428,2.2479338842974754,160
f4_oos_fixed_a,750,L,2026-06-01 18:10:00,tp,207.02,9.359999999999673,2.0000000000000973,2.010683760683831,0.02564102564102654,2.0000000000000973,1.927350427350491,0.1987179487179207,2.054487179487302,0.22970085470082388,105
f4_oos_fixed_a,756,L,2026-06-01 21:56:00,sl,-102.76,7.339999999999236,2.000000000000248,-1.0000000000001041,0.03269754768392711,-1.0,0.122615803814801,0.8351498637601958,0.122615803814801,1.0463215258855831,56
f4_oos_fixed_a,760,L,2026-06-02 01:03:00,sl,-104.72,4.730000000000473,1.9999999999998077,-1.006342494714487,0.05073995771669683,-1.0,0.17547568710356115,0.8097251585622716,0.18393234672300293,1.0084566596194418,33
f4_oos_fixed_a,762,S,2026-06-02 03:11:00,sl,-99.6,9.859999999999673,2.0000000000000924,-1.010141987829648,0.02434077079107586,-1.0,-0.03955375253543924,0.7535496957403274,-0.02434077079105372,1.1348884381338713,10
f4_oos_fixed_a,753,L,2026-06-02 05:20:00,tp,191.38,13.649999999999636,2.0000000000000666,2.002930402930456,0.01758241758241805,2.0000000000000666,1.9897435897436322,0.5589743589743819,2.120879120879164,0.5589743589743819,118
f4_oos_fixed_a,766,L,2026-06-02 05:31:00,tp,190.48,11.6899999999996,2.0000000000000777,2.036783575705801,0.02053036783575776,2.0000000000000777,1.8656971770745208,0.8742514970060398,2.0923866552609813,0.8742514970060398,105
f4_oos_fixed_a,771,L,2026-06-02 10:19:00,sl,-96.64,24.159999999999854,2.0,-1.000000000000006,0.009933774834437145,-1.0,-0.03104304635761608,0.9519867549668931,-0.009105960264911258,1.0,334
f4_oos_fixed_a,773,S,2026-06-02 11:57:00,tp,214.2,15.229999999999563,2.0000000000000595,2.009192383453767,0.015758371634931507,2.0000000000000595,1.9297439264610092,0.609323703217335,2.120814182534544,0.609323703217335,320
f4_oos_fixed_a,781,S,2026-06-02 17:13:00,tp,186.85999999999999,23.019999999999527,2.0000000000000395,2.0293223284101196,0.010425716768028016,2.0000000000000395,1.9674196350999915,0.179409209383114,2.0360556038228395,0.179409209383114,883
f4_oos_fixed_a,786,S,2026-06-02 21:20:00,sl,-101.58000000000001,7.220000000000255,2.0,-1.0049465769687023,0.03324099722991573,-1.0,0.8296398891967424,1.1440443213295037,0.8296398891967424,1.1440443213295037,159
f4_oos_fixed_a,791,S,2026-06-02 22:46:00,sl,-110.4,3.5599999999994907,2.0000000000002554,-1.0337078651686875,0.0674157303370883,-1.0,0.2949438202248124,0.8342696629212837,0.373595505618266,1.0337078651685134,29
f4_oos_fixed_a,790,L,2026-06-02 23:26:00,sl,-108.58000000000001,11.260000000000218,2.0,-1.0714426682454896,0.021314387211367258,-1.0,0.3063943161633882,0.8046181172291496,0.3063943161633882,1.2984014209591126,102
f4_oos_fixed_a,792,L,2026-06-03 01:03:00,sl,-106.78,5.339999999999236,2.0000000000003406,-1.0524344569289894,0.04494382022472553,-1.0,0.33707865168547557,0.7790262172285486,0.33707865168547557,1.3464419475656608,42
f4_oos_fixed_a,797,L,2026-06-03 05:13:00,sl,-92.89,13.269999999999527,2.0000000000000684,-1.0000000000000355,0.018085908063301324,-1.0,0.6571213262999672,0.9984928409947605,0.6571213262999672,1.3587038432554928,197
f4_oos_fixed_a,801,S,2026-06-03 09:34:00,tp,200.41,14.220000000000255,1.999999999999936,2.013361462728515,0.016877637130801385,1.999999999999936,1.8305203938114825,0.8881856540084306,2.2784810126581614,0.8881856540084306,430
f4_oos_fixed_a,802,S,2026-06-03 10:30:00,sl,-93.59,16.420000000000073,1.9999999999999447,-0.9499593991067762,0.014616321559074235,-1.0,1.9482338611449233,0.8349573690621179,1.9482338611449233,1.0133982947625002,1010
f4_oos_fixed_a,805,S,2026-06-03 12:41:00,sl,-101.28,12.590000000000146,1.9999999999999278,-1.0055599682287413,0.019062748212867135,-1.0,0.4400317712470135,0.49245432883238655,0.4400317712470135,1.0397140587768066,25
f4_oos_fixed_a,809,L,2026-06-03 14:07:00,sl,-99.09,11.010000000000218,2.0,-0.9999999999999802,0.02179836512261537,-1.0,0.35694822888285316,0.8646684831970335,0.35694822888285316,1.0045413260671454,80
f4_oos_fixed_a,813,L,2026-06-03 17:21:00,sl,-100.66,22.550000000000182,2.0,-1.1159645232815874,0.010643015521064215,-1.0,0.44700665188469385,0.9232815964523078,0.44700665188469385,1.1321507760531946,413
f4_oos_fixed_a,815,S,2026-06-03 18:12:00,tp,212.92,10.110000000000582,1.9999999999998201,2.106033630069117,0.023738872403559465,1.9999999999998201,1.99999999999991,0.2522255192878373,2.07616221562795,0.2522255192878373,361
f4_oos_fixed_a,821,S,2026-06-04 01:20:00,sl,-105.28,13.069999999999709,2.0000000000000697,-1.0068859984698006,0.018362662586075388,-1.0,0.19433817903603134,0.9663351185921562,0.19433817903603134,1.0068859984697893,15
f4_oos_fixed_a,825,L,2026-06-04 04:06:00,tp,190.61,13.510000000000218,1.9999999999999327,2.0155440414507444,0.017764618800887942,1.9999999999999327,1.7046632124351868,0.24500370096227586,2.019245003700911,0.27979274611396626,208
f4_oos_fixed_a,804,S,2026-06-04 04:44:00,sl,-91.7,12.989999999999782,2.0,-1.008468052347977,0.018475750577367514,-1.0,0.29253271747499965,0.8968437259430202,0.29253271747499965,1.1370284834487894,67
f4_oos_fixed_a,831,S,2026-06-04 08:15:00,tp,203.94,5.6599999999998545,2.0000000000001608,2.0017667844523483,0.04240282685512476,2.0000000000001608,1.9505300353358934,0.07067137809181033,2.4717314487634368,0.11837455830374213,92
f4_oos_fixed_a,834,S,2026-06-04 10:17:00,sl,-104.67,11.550000000000182,2.0,-1.006926406926391,0.02077922077922045,-1.0,0.5012987012986903,0.9792207792207197,0.5012987012986903,1.0086580086579613,230
f4_oos_fixed_a,833,S,2026-06-04 11:14:00,sl,-93.48,15.519999999999527,2.0000000000000586,-1.003865979381474,0.015463917525773667,-1.0,0.21585051546394754,0.9684278350515595,0.21585051546394754,1.0541237113402173,175
f4_oos_fixed_a,832,S,2026-06-04 11:21:00,sl,-96.05,19.0,2.0,-1.0110526315789474,0.01263157894736842,-1.0,0.09684210526316556,0.9942105263157588,0.09684210526316556,1.017894736842065,182
f4_oos_fixed_a,836,L,2026-06-04 15:54:00,sl,-96.92,24.020000000000437,1.999999999999962,-1.0087427144046444,0.00999167360532871,-1.0,0.2922564529558451,0.9970857618651245,0.2922564529558451,1.0149875104079795,95
f4_oos_fixed_a,841,L,2026-06-04 18:47:00,sl,-94.07,17.92999999999938,2.0000000000001013,-1.049302844394905,0.013385387618516913,-1.0,0.5627440044618234,0.8650306748466677,0.5627440044618234,1.145566090351404,443
f4_oos_fixed_a,842,L,2026-06-04 19:18:00,sl,-105.16000000000001,10.860000000000582,1.9999999999998326,-1.0759156947001676,0.02209944751381097,-1.0,0.30110497237563094,0.9843462246777105,0.30110497237563094,1.1169429097605394,334
f4_oos_fixed_a,846,L,2026-06-05 01:20:00,sl,-104.76,5.699999999999818,2.0,-1.02105263157898,0.04210526315789608,-1.0,0.5701754385965094,0.8754385964912177,0.5701754385965094,1.0350877192982149,29
f4_oos_fixed_a,850,S,2026-06-05 04:31:00,sl,-89.94,14.979999999999563,2.000000000000061,-1.0006675567423524,0.016021361815754805,-1.0,1.8958611481976886,0.805073431241645,1.8958611481976886,1.1715620827770823,620
f4_oos_fixed_a,856,L,2026-06-05 08:11:00,sl,-98.7,9.829999999999927,2.0,-1.0040691759918692,0.024415055951170068,-1.0,0.08138351983725206,0.965412004069161,0.08138351983725206,1.0406917599185799,46
f4_oos_fixed_a,823,L,2026-06-05 09:30:00,sl,-96.2,18.789999999999964,2.0,-1.0239489089941478,0.012772751463544462,-1.0,1.7663650878126484,0.8142629058009692,1.7663650878126484,1.1463544438531137,382
f4_oos_fixed_a,863,S,2026-06-05 13:01:00,sl,-99.75,5.130000000000109,2.0,-1.0233918128654753,0.04678362573099316,-1.0,1.0487329434697845,0.7270955165691002,1.0487329434697845,2.031189083820634,110
f4_oos_fixed_a,874,S,2026-06-05 18:37:00,tp,187.98,23.279999999999745,2.000000000000039,2.018685567010331,0.010309278350515576,2.000000000000039,1.586340206185597,0.27147766323023104,2.0154639175257985,0.27147766323023104,530
f4_oos_fixed_a,877,S,2026-06-05 19:36:00,sl,-88.48,12.389999999999418,2.000000000000147,-1.0201775625504919,0.01937046004842706,-1.0,0.044390637610993364,0.8635996771590251,0.044390637610993364,1.0371267150928214,18
f4_oos_fixed_a,891,L,2026-06-08 08:08:00,sl,-92.76,7.459999999999127,2.000000000000244,-1.036193029490738,0.03217158176944076,-1.0,-0.06702412868633492,0.9436997319035908,0.053619302949141086,1.0361930294906794,7
f4_oos_fixed_a,895,S,2026-06-08 11:01:00,sl,-93.2,18.56999999999971,2.000000000000049,-1.0037695207323798,0.012924071082391155,-1.0,1.0764674205708673,0.7151319332256303,1.0764674205708673,1.0753904146472621,189
f4_oos_fixed_a,901,L,2026-06-08 15:45:00,sl,-81.72,13.61999999999989,2.0,-1.0000000000000082,0.01762114537444948,-1.0,0.11160058737154543,0.932452276064605,0.14684287812041233,1.0227606461086265,30
f4_oos_fixed_a,904,L,2026-06-08 18:45:00,sl,-86.58,14.419999999999163,2.000000000000126,-1.0006934812760635,0.016643550624134112,-1.0,0.4757281553398738,0.9923717059639612,0.4757281553398738,1.0464632454923795,235
f4_oos_fixed_a,911,S,2026-06-09 05:18:00,sl,-91.63,5.289999999999964,2.0,-1.0189035916824267,0.04536862003780749,-1.0,0.26465028355398024,0.568998109640705,0.26465028355398024,1.2495274102078862,13
f4_oos_fixed_a,921,S,2026-06-09 07:14:00,sl,-92.7,8.730000000000473,1.9999999999998959,-1.0618556701030353,0.027491408934706415,-1.0,1.0767468499426263,0.47651775486822784,1.0767468499426263,1.1374570446735113,78
f4_oos_fixed_a,928,S,2026-06-09 11:58:00,sl,-91.28,12.800000000000182,2.0,-1.0187499999999856,0.018749999999999732,-1.0,0.269531250000053,0.8390624999999711,0.269531250000053,1.0210937499999628,121
f4_oos_fixed_a,932,S,2026-06-09 12:40:00,sl,-89.98,8.039999999999964,2.0,-1.0174129353233878,0.02985074626865685,-1.0,0.4813432835820782,0.9589552238806058,0.4813432835820782,1.0286069651741883,77
f4_oos_fixed_a,934,L,2026-06-09 13:18:00,tp,166.32,11.55999999999949,2.000000000000157,2.0553633217993985,0.0207612456747414,2.000000000000157,1.721453287197355,0.9749134948096906,2.3330449826990867,0.9749134948096906,211
f4_oos_fixed_a,935,L,2026-06-09 14:48:00,sl,-85.26,14.150000000000546,1.9999999999999358,-1.0042402826854737,0.016961130742048816,-1.0,1.7067137809186363,0.9957597173144596,1.7067137809186363,1.0106007067137548,138
f4_oos_fixed_a,927,S,2026-06-09 15:27:00,sl,-89.4,7.3200000000006185,1.9999999999997515,-1.0177595628414442,0.032786885245898865,-1.0,1.848360655737514,0.9207650273222967,1.848360655737514,2.4098360655736117,81
f4_oos_fixed_a,876,S,2026-06-09 17:16:00,tp,104.17,51.789999999999964,2.0,2.011392160648775,0.004634099246958875,2.0,1.966016605522315,0.10291562077621029,2.062174164896703,0.10291562077621029,507
f4_oos_fixed_a,961,S,2026-06-10 04:51:00,sl,-60.84,30.23999999999978,2.0,-1.0059523809523883,0.007936507936507993,-1.0,0.5982142857142948,0.9765211640211626,0.5982142857142948,1.0310846560846731,257
f4_oos_fixed_a,959,S,2026-06-10 06:08:00,tp,105.78,52.88999999999942,2.0000000000000258,2.000000000000022,0.004537719795802659,2.0000000000000258,1.9928152769900114,0.8774815655133364,2.006806579693732,0.8774815655133364,1023
f4_oos_fixed_a,964,S,2026-06-10 07:11:00,sl,-91.74,8.199999999999818,2.0,-1.0170731707317298,0.029268292682927476,-1.0,1.2207317073171269,0.9853658536585496,1.2207317073171269,1.3024390243901973,82
f4_oos_fixed_a,973,S,2026-06-10 14:32:00,sl,-88.0,16.949999999999818,2.0000000000000537,-1.0383480825958813,0.01415929203539838,-1.0,1.8194690265487543,0.9935103244837414,1.8194690265487543,1.3935103244837306,133
f4_oos_fixed_a,968,S,2026-06-10 17:36:00,tp,121.74,30.43000000000029,1.99999999999997,2.0003286230693202,0.007886953664147147,1.99999999999997,1.9881695695037602,0.12947748931973585,2.02464673020043,0.12947748931973585,268
f4_oos_fixed_a,987,S,2026-06-11 02:24:00,sl,-79.75,15.730000000000018,2.0,-1.0139860139860128,0.01525746980292433,-1.0,-0.0031786395422585567,0.53146853146851,0.035600762873515546,1.2352193261284052,2
f4_oos_fixed_a,990,S,2026-06-11 03:07:00,sl,-74.08,18.170000000000073,1.999999999999975,-1.019262520638411,0.013208585580627354,-1.0,0.5167859108420383,0.8178315905338507,0.5167859108420383,1.4986241056686795,10
f4_oos_fixed_a,996,L,2026-06-11 06:57:00,tp,172.98,14.370000000000346,1.9999999999999682,2.006263048016653,0.016701461377870163,1.9999999999999682,1.9951287404313798,0.2901878914404991,2.1621433542101194,0.2901878914404991,111
f4_oos_fixed_a,994,L,2026-06-11 07:02:00,tp,178.24,21.940000000000055,1.9999999999999793,2.0309936189607973,0.010938924339106627,1.9999999999999793,1.7474931631722697,0.9749316317228931,2.304010938924321,0.9749316317228931,808
f4_oos_fixed_a,998,L,2026-06-11 07:54:00,tp,170.45,11.819999999999709,2.0000000000000386,2.060067681895143,0.02030456852791928,2.0000000000000386,1.986463620981438,0.8874788494077868,2.091370558375669,0.8874788494077868,150
f4_oos_fixed_a,1003,L,2026-06-11 09:49:00,sl,-85.32,14.2199999999998,2.000000000000032,-1.000000000000014,0.016877637130801926,-1.0,1.3902953586498072,0.9817158931083145,1.3902953586498072,1.0773558368495024,161
f4_oos_fixed_a,1005,S,2026-06-11 13:13:00,tp,177.0,8.809999999999945,2.0,2.009080590238378,0.02724177071509665,2.0,1.749148694665199,0.5720771850170772,2.018161180476766,0.5720771850170772,119
f4_oos_fixed_a,1008,S,2026-06-11 15:36:00,sl,-64.86,32.2199999999998,2.000000000000014,-1.0065176908752391,0.0074487895716946455,-1.0,-0.028243327126004348,0.9816883923029128,0.002172563625082686,1.0310366232153945,71
f4_oos_fixed_a,1012,S,2026-06-11 18:05:00,sl,-78.16,19.520000000000437,1.9999999999999534,-1.001024590163912,0.012295081967212839,-1.0,0.05327868852458711,0.9451844262294777,0.05327868852458711,1.1306352459016225,46
f4_oos_fixed_a,1021,L,2026-06-12 04:52:00,tp,159.28,19.720000000000255,1.9999999999999538,2.0192697768762415,0.012170385395537367,1.9999999999999538,1.9731237322514885,0.9533468559837698,2.1009127789046067,0.9533468559837698,812
f4_oos_fixed_a,1032,S,2026-06-12 07:22:00,sl,-91.07,13.0,2.0,-1.0007692307692306,0.01846153846153846,-1.0,1.6576923076923218,0.9453846153846126,1.6576923076923218,1.010769230769186,231
f4_oos_fixed_a,1035,L,2026-06-12 11:17:00,tp,144.82999999999998,36.47999999999956,2.000000000000025,1.9850603070175674,0.006578947368421131,2.000000000000025,1.9635416666666932,0.8045504385964859,2.2393092105263563,0.8045504385964859,762
f4_oos_fixed_a,1039,S,2026-06-12 15:01:00,sl,-91.14,15.19000000000051,1.9999999999998803,-0.9999999999999665,0.015799868334430017,-1.0,1.7458854509544857,0.8637261356155004,1.7458854509544857,1.0098749177089947,197
f4_oos_fixed_a,1048,L,2026-06-12 18:59:00,tp,329.49,13.849999999999454,2.0000000000001315,3.96498194945864,0.01732851985559635,2.0000000000001315,4.639711191335938,0.8664259927798176,4.639711191335938,0.8664259927798176,299
f4_oos_fixed_a,1060,L,2026-06-15 05:27:00,sl,-99.9,47.5,2.0,-1.0515789473684212,0.0050526315789473685,-1.0,1.11136842105265,0.9503157894736719,1.11136842105265,1.0991578947368237,3702
f4_oos_fixed_a,1069,L,2026-06-15 13:32:00,sl,-109.08,5.239999999999782,2.0000000000001736,-1.156488549618369,0.04580152671755916,-1.0,1.5839694656489556,0.7385496183206206,1.5839694656489556,1.3835877862595996,74
f4_oos_fixed_a,1082,L,2026-06-15 21:42:00,sl,-93.84,7.779999999999745,2.000000000000117,-1.0051413881748401,0.030848329048844197,-1.0,0.19280205655527624,0.9691516709511838,0.19280205655527624,1.0231362467865537,66
f4_oos_fixed_a,1067,L,2026-06-15 22:59:00,sl,-90.09,8.0600000000004,1.9999999999998872,-1.016129032258014,0.029776674937963783,-1.0,0.20223325062035089,0.9838709677419227,0.20223325062035089,1.0397022332505823,25
f4_oos_fixed_a,1084,S,2026-06-15 23:20:00,sl,-85.34,6.4099999999998545,2.000000000000142,-0.9509694673501442,0.037441497659907244,-1.0,1.8143525741030224,0.5023400936036534,1.8143525741030224,1.23088923556936,218
f4_oos_fixed_a,1083,S,2026-06-16 04:42:00,sl,-91.98,12.970000000000255,1.9999999999999298,-1.013107170393195,0.018504240555126852,-1.0,0.5304548959136449,0.9876638396299267,0.5304548959136449,1.0331534309945547,116
f4_oos_fixed_a,1092,L,2026-06-16 09:37:00,tp,181.26,10.070000000000618,1.9999999999998193,1.999999999999877,0.023833167825221973,1.9999999999998193,1.945382323733758,0.39424031777557206,2.044687189672183,0.39424031777557206,93
f4_oos_fixed_a,1098,L,2026-06-16 11:02:00,sl,-93.28,11.55999999999949,2.0000000000000786,-1.0086505190311863,0.0207612456747414,-1.0,1.6626297577855624,0.9801038062284106,1.6626297577855624,1.1358131487889869,377
f4_oos_fixed_a,1100,L,2026-06-16 15:14:00,sl,-86.88,10.840000000000146,2.0,-1.001845018450171,0.022140221402213726,-1.0,1.0544280442804554,0.9870848708486785,1.0544280442804554,1.0894833948338867,103
f4_oos_fixed_a,1111,L,2026-06-16 19:18:00,sl,-65.71000000000001,31.82000000000062,1.999999999999943,-1.032526712759251,0.007542426147077163,-1.0,1.1759899434317833,0.8915776241357715,1.1759899434317833,1.3692646134506528,1485
f4_oos_fixed_a,1116,L,2026-06-16 22:12:00,sl,-91.52,5.720000000000255,1.999999999999841,-0.9999999999999555,0.041958041958040086,-1.0,-0.06468531468529272,0.9248251748251273,-0.0402097902098711,1.0559440559440025,40
f4_oos_fixed_a,1128,L,2026-06-17 08:35:00,sl,-92.7,9.160000000000764,1.9999999999998015,-1.0120087336243697,0.026200873362443228,-1.0,0.43886462882087246,0.875545851528359,0.43886462882087246,1.0513100436680465,47
f4_oos_fixed_a,1131,S,2026-06-17 09:29:00,sl,-83.16,9.170000000000073,2.0,-1.0076335877862517,0.026172300981461078,-1.0,0.8135223555070858,0.8822246455833339,0.8135223555070858,1.1374045801525954,181
f4_oos_fixed_a,1136,L,2026-06-17 13:56:00,sl,-84.6,7.029999999999745,2.0000000000001292,-1.0028449502134076,0.03413940256045643,-1.0,0.06827880512085076,0.9630156472262705,0.08677098150778018,1.0554765291607884,39
f4_oos_fixed_a,1134,L,2026-06-17 15:23:00,tp,178.32,7.420000000000073,2.0,2.0026954177897376,0.03234501347708863,2.0,1.866576819407039,0.17115902964953028,2.1374663072776854,0.17115902964953028,74
f4_oos_fixed_a,1138,L,2026-06-17 16:40:00,tp,168.72,14.049999999999272,2.0000000000001297,2.0014234875445878,0.01708185053380871,2.0000000000001297,1.9836298932385938,0.3814946619217046,2.0249110320286263,0.3814946619217046,162
f4_oos_fixed_a,1152,L,2026-06-18 02:44:00,tp,168.24,10.510000000000218,2.0,2.0009514747858765,0.02283539486203568,2.0,1.878211227402414,0.170313986679346,2.3196955280684683,0.170313986679346,22
f4_oos_fixed_a,1157,S,2026-06-18 05:35:00,tp,175.32,7.239999999999782,2.0000000000001257,2.017955801105033,0.03314917127071923,2.0000000000001257,1.914364640884116,0.2596685082871901,2.625690607734916,0.2596685082871901,191
f4_oos_fixed_a,1160,S,2026-06-18 07:43:00,sl,-88.06,6.279999999999745,2.0000000000001448,-1.0015923566879386,0.038216560509555686,-1.0,0.4028662420381923,0.9506369426752384,0.4028662420381923,1.4761146496815132,35
f4_oos_fixed_a,1165,L,2026-06-18 10:16:00,sl,-87.84,9.700000000000728,1.9999999999998124,-1.0061855670102338,0.024742268041235256,-1.0,0.024742268041212753,0.8474226804123338,0.024742268041212753,1.3443298969071118,17
f4_oos_fixed_a,1173,S,2026-06-18 17:01:00,tp,166.3,27.519999999999527,2.000000000000033,2.0142926356589497,0.008720930232558289,2.000000000000033,1.8670058139535244,0.23619186046512033,2.0069040697674936,0.23619186046512033,491
f4_oos_fixed_a,1057,L,2026-06-18 20:08:00,sl,-84.72,14.079999999999927,2.0,-1.0028409090909145,0.017045454545454634,-1.0,0.44815340909087525,0.8494318181818251,0.44815340909087525,1.0632102272727508,114
f4_oos_fixed_a,1188,S,2026-06-19 03:13:00,tp,162.0,13.5,2.0,2.0,0.017777777777777778,2.0,1.9659259259259232,0.7044444444444606,2.008148148148124,0.7044444444444606,210
f4_oos_fixed_a,1189,S,2026-06-19 04:40:00,tp,176.4,9.789999999999964,2.0,2.002042900919313,0.024514811031665053,2.0,1.9397344228804752,0.24208375893768128,2.0214504596527108,0.24208375893768128,96
f4_oos_fixed_a,1020,L,2026-06-19 06:24:00,sl,-94.0,9.360000000000582,1.9999999999999027,-1.0042735042734419,0.025641025641024044,-1.0,-0.028846153846198694,0.8963675213675006,0.01602564102560116,1.1805555555555016,18
f4_oos_fixed_a,1193,S,2026-06-19 11:54:00,tp,184.34,7.089999999999236,2.0000000000002567,2.0000000000002154,0.033850493653036086,2.0000000000002567,1.942172073343007,0.809590973201749,2.105782792665994,0.809590973201749,103
f4_oos_fixed_a,1202,S,2026-06-19 14:37:00,sl,-95.2,4.75,2.0,-1.0021052631578948,0.05052631578947368,-1.0,0.15789473684210525,0.8547368421053474,0.24631578947369953,1.263157894736842,3
f4_oos_fixed_a,1203,L,2026-06-19 15:09:00,sl,-97.37,13.539999999999964,2.0,-1.0273264401772553,0.017725258493353074,-1.0,1.940915805022143,0.9926144756277426,1.940915805022143,1.0339734121122628,157
f4_oos_fixed_a,1207,L,2026-06-19 18:29:00,sl,-95.89,9.720000000000255,2.0,-1.0961362597164779,0.02469135802469071,-1.0,1.2304526748970908,1.3724279835390736,1.2304526748970908,1.3724279835390736,186
f4_oos_fixed_a,1209,L,2026-06-22 01:47:00,sl,-89.73,9.850000000000364,1.9999999999999076,-1.012182741116714,0.02436548223350164,-1.0,1.0568527918781188,0.7340101522841925,1.0568527918781188,1.205076142131924,48
f4_oos_fixed_a,1211,S,2026-06-22 02:34:00,sl,-86.1,14.109999999999673,2.0000000000000644,-1.0170092133239073,0.017009213323884165,-1.0,0.9057406094968138,0.9404677533663951,0.9057406094968138,1.105598866052432,41
f4_oos_fixed_a,1199,L,2026-06-22 03:05:00,tp,176.52,14.680000000000291,1.999999999999938,2.004087193460451,0.01634877384196153,1.999999999999938,1.9754768392370181,0.25817438692097333,2.1920980926429663,0.25817438692097333,40
f4_oos_fixed_a,1184,S,2026-06-22 05:27:00,tp,131.27,32.090000000000146,1.9999999999999716,2.045341227796812,0.007478965409784945,1.9999999999999716,1.9233406045497032,0.8557182923028953,2.26924275475224,0.8557182923028953,1530
f4_oos_fixed_a,1221,S,2026-06-22 07:00:00,sl,-88.65,9.75,2.0,-1.0102564102564102,0.024615384615384615,-1.0,0.06974358974361959,0.9846153846153286,0.06974358974361959,1.11076923076913,59
f4_oos_fixed_a,1215,L,2026-06-22 07:13:00,tp,173.32,12.3100000000004,1.999999999999926,2.0113728675872617,0.019496344435417725,1.999999999999926,1.9967506092606928,0.2883834281072353,2.169780666125034,0.2883834281072353,152
f4_oos_fixed_a,1223,L,2026-06-22 08:27:00,tp,181.76,11.329999999999927,2.0,2.0052956751986004,0.021182700794351417,2.0,1.9073256840246966,0.07678729037951425,2.0379523389232386,0.07678729037951425,282
f4_oos_fixed_a,1216,S,2026-06-22 10:27:00,sl,-83.5,16.449999999999818,2.000000000000055,-1.015197568389069,0.014589665653495601,-1.0,0.5130699088146263,0.8808510638297837,0.5130699088146263,1.0352583586626098,164
f4_oos_fixed_a,1230,S,2026-06-22 14:28:00,tp,194.4,9.660000000000764,1.9999999999998117,2.012422360248288,0.024844720496892445,1.9999999999998117,1.8788819875774534,0.6293995859212678,2.0973084886126934,0.6293995859212678,120
f4_oos_fixed_a,1232,S,2026-06-22 17:20:00,tp,195.62,16.11999999999989,2.0,2.0225392886683347,0.014888337468982731,2.0,1.7934243176179256,0.6358560794044708,2.171215880893315,0.6358560794044708,615
f4_oos_fixed_a,1240,L,2026-06-22 21:23:00,sl,-100.06,13.430000000000291,1.9999999999999323,-1.064354855866374,0.017870439314966104,-1.0,0.7043931496649167,0.9873417721518936,0.7043931496649167,1.0625465376023244,353
f4_oos_fixed_a,1239,S,2026-06-23 05:06:00,tp,179.47,44.63000000000011,2.0,2.0106430652027734,0.005377548734035389,2.0,1.9607887071476586,0.20053775487339898,2.041003809097018,0.20053775487339898,1403
f4_oos_fixed_a,1256,S,2026-06-23 05:47:00,tp,191.07,10.489999999999782,2.0000000000000866,2.0238322211630546,0.02287893231649237,2.0000000000000866,1.9294566253575893,0.30695900857954356,2.0333651096283396,0.30695900857954356,34
f4_oos_fixed_a,1259,L,2026-06-23 06:51:00,sl,-95.7,9.570000000000618,1.99999999999981,-0.9999999999999354,0.02507836990595449,-1.0,0.7001044932078773,0.8777429467084642,0.7001044932078773,1.2403343782653211,65
f4_oos_fixed_a,1261,S,2026-06-23 11:05:00,sl,-99.9,32.88000000000011,1.9999999999999862,-1.012773722627734,0.007299270072992676,-1.0,0.038017031630170194,0.9175790754257899,0.038017031630170194,1.1590632603406188,115
f4_oos_fixed_a,1265,L,2026-06-23 12:32:00,sl,-92.38000000000001,22.299999999999727,2.000000000000041,-1.0356502242152594,0.010762331838565153,-1.0,1.3932735426009417,0.9919282511210835,1.3932735426009417,1.347085201793737,784
f4_oos_fixed_a,1270,S,2026-06-23 14:41:00,sl,-94.9,9.470000000000255,1.9999999999999039,-1.0021119324181358,0.025343189017950744,-1.0,1.8500527983104504,0.8384371700104949,1.8500527983104504,1.266103484688433,127
f4_oos_fixed_a,1275,L,2026-06-23 17:56:00,sl,-94.86,10.5,2.0,-1.0038095238095237,0.022857142857142857,-1.0,1.4523809523809523,0.9361904761904692,1.4523809523809523,1.0123809523809628,225
f4_oos_fixed_a,1283,S,2026-06-23 22:18:00,tp,194.1,6.760000000000218,2.0,2.050929839391311,0.035502958579880506,2.0,1.9023668639053501,0.7795857988164729,2.036982248520709,0.7795857988164729,122
f4_oos_fixed_a,1292,L,2026-06-24 03:04:00,sl,-91.0,22.699999999999818,2.00000000000004,-1.0022026431718143,0.010572687224669688,-1.0,0.38105726872249407,0.9264317180616702,0.38105726872249407,1.378414096916309,59
f4_oos_fixed_a,1295,L,2026-06-24 04:29:00,sl,-86.55,28.05999999999949,2.0000000000000324,-1.0281539558089994,0.008553100498931017,-1.0,0.1828225231646544,0.9191019244476114,0.1828225231646544,1.0730577334283755,61
f4_oos_fixed_a,1293,S,2026-06-24 05:10:00,tp,189.84,31.429999999999836,2.0000000000000147,2.01336302895324,0.007636016544702553,2.0000000000000147,1.5348393254852208,0.5329303213490179,2.305122494432092,0.5329303213490179,615
f4_oos_fixed_a,1013,L,2026-06-24 05:55:00,sl,-88.83,12.690000000000055,2.0,-0.9999999999999957,0.01891252955082734,-1.0,0.3270291568163966,0.9960598896769325,0.3270291568163966,1.092198581560289,22
f4_oos_fixed_a,1311,L,2026-06-24 13:49:00,sl,-94.64,7.269999999999982,2.0,-1.0013755158184343,0.03301237964236597,-1.0,0.01650618982116797,0.885832187070161,0.028885832187075227,1.04126547455292,6
f4_oos_fixed_a,1312,S,2026-06-24 14:13:00,tp,189.24,15.539999999999964,2.0,2.0296010296010345,0.015444015444015479,2.0,1.2200772200772252,0.2998712998712912,2.777992277992289,0.2998712998712912,72
f4_oos_fixed_a,1317,L,2026-06-24 18:33:00,sl,-92.82,13.210000000000036,2.0,-1.003785011355031,0.01816805450416346,-1.0,0.4882664647993793,0.9954579863739632,0.4882664647993793,1.1158213474640228,36
f4_oos_fixed_a,1314,L,2026-06-24 21:23:00,tp,183.98000000000002,24.170000000000073,2.0,1.9029788994621377,0.009929664873810478,2.0,1.8969797269342066,0.8100951592883686,2.1034340091021924,0.8100951592883686,1057
f4_oos_fixed_a,1320,L,2026-06-24 23:29:00,tp,157.11999999999998,40.86999999999989,2.000000000000011,1.9221923171030144,0.005872277954489862,2.000000000000011,1.9826278443846443,0.8876926841203778,2.0748715439197554,0.8876926841203778,2379
f4_oos_fixed_a,1327,L,2026-06-25 01:09:00,sl,-96.32,11.959999999999582,2.000000000000076,-1.0066889632107374,0.020066889632107725,-1.0,0.22575250836123473,0.9899665551839553,0.22575250836123473,1.0969899665552132,57
f4_oos_fixed_a,1319,S,2026-06-25 03:02:00,tp,198.88,12.400000000000091,1.9999999999999634,2.0048387096774047,0.019354838709677278,1.9999999999999634,1.7879032258064445,0.5169354838709522,2.083870967741932,0.5169354838709522,33
f4_oos_fixed_a,1336,S,2026-06-25 06:41:00,sl,-100.59,14.36999999999989,2.0000000000000315,-1.0000000000000075,0.01670146137787069,-1.0,-0.03827418232426801,0.7759220598468839,0.002783576896340896,1.016005567153794,6
f4_oos_fixed_a,1342,S,2026-06-25 08:53:00,sl,-92.47,13.059999999999945,2.0,-1.0114854517611067,0.01837672281776424,-1.0,1.1416539050536272,0.9402756508422508,1.1416539050536272,1.1485451761102652,149
f4_oos_fixed_a,1352,L,2026-06-25 15:37:00,tp,156.32,26.449999999999818,2.0000000000000173,1.9700063011972408,0.009073724007561498,2.0000000000000173,1.988279773156919,0.746313799621925,2.0465028355387704,0.746313799621925,1398
f4_oos_fixed_a,1316,S,2026-06-25 16:32:00,sl,-96.12,15.920000000000073,1.9999999999999714,-1.0062814070351713,0.01507537688442204,-1.0,1.2280150753768901,0.6212311557788837,1.2280150753768901,1.375628140703517,110
f4_oos_fixed_a,1360,S,2026-06-25 21:45:00,tp,188.19,11.570000000000164,1.9999999999999607,2.033167675021579,0.020743301642177754,1.9999999999999607,1.8262748487467424,0.9680207433016128,2.019014693171979,0.9680207433016128,392
f4_oos_fixed_a,1378,S,2026-06-26 05:22:00,sl,-98.56,14.039999999999964,2.0,-1.0028490028490054,0.017094017094017137,-1.0,1.846153846153856,0.8952991452991269,1.846153846153856,1.1253561253561088,240
f4_oos_fixed_a,1383,L,2026-06-26 10:00:00,tp,189.81,31.58999999999969,2.000000000000029,2.0028490028490227,0.007597340930674338,2.000000000000029,1.9987337765115698,0.2079772079772008,2.013928458372919,0.2079772079772008,529
f4_oos_fixed_a,1400,L,2026-06-26 16:33:00,tp,180.65,17.960000000000036,2.0,2.0116926503340715,0.013363028953229371,2.0,1.870824053452107,0.47884187082407276,2.197104677060131,0.47884187082407276,43
f4_oos_fixed_a,1403,S,2026-06-26 17:47:00,sl,-108.12,8.940000000000055,2.0,-1.0078299776286295,0.026845637583892454,-1.0,0.9541387024608666,0.8288590604026632,0.9541387024608666,1.077181208053646,52
f4_oos_fixed_a,1409,S,2026-06-26 20:34:00,sl,-97.92,10.86999999999989,2.0000000000000417,-1.000919963201482,0.022079116835326807,-1.0,1.1849126034958821,0.7414903403863451,1.1849126034958821,0.9972401103955657,202
f4_oos_fixed_a,1411,S,2026-06-26 22:17:00,sl,-107.3,10.61999999999989,2.0000000000000426,-1.0103578154425714,0.022598870056497408,-1.0,0.3578154425612261,0.8587570621468484,0.3578154425612261,1.0564971751412349,96
f4_oos_fixed_a,1416,L,2026-06-29 01:03:00,sl,-107.58,17.690000000000055,2.0,-1.013566986998301,0.013566986998304085,-1.0,-0.006783493499171579,0.7665347654042034,0.13284341435838903,1.0243075183719779,12
f4_oos_fixed_a,1420,S,2026-06-29 03:20:00,sl,-95.48,13.490000000000236,1.9999999999999662,-1.0111193476649192,0.01779095626389887,-1.0,0.664195700518894,0.9621942179391987,0.664195700518894,1.2008895478131605,36
f4_oos_fixed_a,1419,S,2026-06-29 04:17:00,tp,161.07,26.83999999999969,2.0000000000000338,2.000372578241454,0.008941877794336913,2.0000000000000338,1.8055141579732135,0.6963487332339723,2.098360655737752,0.6963487332339723,778
f4_oos_fixed_a,1402,L,2026-06-29 05:31:00,sl,-79.68,26.5,2.0,-1.0022641509433963,0.009056603773584906,-1.0,0.1675471698113228,0.9049056603773592,0.1675471698113228,1.1479245283018895,179
f4_oos_fixed_a,1427,L,2026-06-29 06:21:00,sl,-99.2,12.400000000000091,1.9999999999999634,-0.9999999999999927,0.019354838709677278,-1.0,0.2959677419354876,0.9653225806451381,0.2959677419354876,1.195161290322585,75
f4_oos_fixed_a,1430,S,2026-06-29 08:27:00,sl,-97.5,7.480000000000018,1.9999999999999392,-1.0026737967914414,0.03208556149732612,-1.0,1.4879679144385136,0.8596256684491739,1.4879679144385136,1.0160427807486485,34
f4_oos_fixed_a,1428,S,2026-06-29 08:33:00,tp,186.37,30.829999999999927,2.0000000000000147,2.0150286517461393,0.007784625364904332,2.0000000000000147,1.861498540382759,0.7590009730781606,2.1096334738890876,0.7590009730781606,1101
f4_oos_fixed_a,1453,S,2026-06-29 23:00:00,sl,-94.28,5.889999999999873,2.0,-0.941575951263378,0.040747028862479655,-1.0,0.4889643463497744,0.876061120543288,0.4889643463497744,1.0067911714770739,67
f4_oos_fixed_a,1458,L,2026-06-29 23:57:00,sl,-119.78999999999999,4.649999999999636,2.0000000000001954,-1.1709677419355755,0.05161290322581049,-1.0,1.04516129032269,0.8580645161290524,1.04516129032269,1.010752688172083,40
f4_oos_fixed_a,1456,L,2026-06-30 01:57:00,sl,-99.71,7.650000000000091,2.0,-1.0026143790849553,0.03137254901960747,-1.0,0.8901960784313548,0.9045751633986916,0.8901960784313548,1.0535947712418103,66
f4_oos_fixed_a,1463,S,2026-06-30 02:52:00,tp,197.1,6.570000000000164,1.9999999999999307,1.9999999999999505,0.03652968036529589,1.9999999999999307,1.9360730593607212,0.009132420091315667,2.0441400304413935,0.03805175038051656,39
f4_oos_fixed_a,1464,S,2026-06-30 04:05:00,sl,-84.54,42.26000000000022,1.9999999999999893,-1.000236630383336,0.005679129200189275,-1.0,0.8745858968291492,0.9299574065309874,0.8745858968291492,1.147657359204916,327
f4_oos_fixed_a,1467,S,2026-06-30 04:54:00,sl,-98.4,16.259999999999764,2.000000000000028,-1.0086100861008758,0.01476014760147623,-1.0,0.7533825338253772,0.9569495694956776,0.7533825338253772,1.1568265682656682,155
f4_oos_fixed_a,1472,S,2026-06-30 08:26:00,sl,-96.67,13.7199999999998,2.0000000000000333,-1.006559766763863,0.017492711370262645,-1.0,0.5714285714285904,0.8841107871719993,0.5714285714285904,1.1508746355685273,57
f4_oos_fixed_a,1473,S,2026-06-30 08:33:00,sl,-99.92,12.460000000000036,1.9999999999999636,-1.0024077046548927,0.019261637239165273,-1.0,0.10834670947029736,0.889245585874791,0.10834670947029736,1.0409309791332073,33
f4_oos_fixed_a,1479,L,2026-06-30 12:26:00,sl,-97.05,6.429999999999836,2.0000000000000706,-1.0062208398134005,0.03732503888024978,-1.0,-0.22550544323481417,0.6811819595645048,-0.0031104199066846533,1.1695178849144905,5
f4_oos_fixed_a,1480,L,2026-06-30 14:21:00,sl,-95.05,19.009999999999764,2.000000000000024,-1.0000000000000124,0.012624934245134296,-1.0,0.2930036822725004,0.886375591793799,0.2930036822725004,1.0010520778537602,75
f4_oos_fixed_a,1482,S,2026-06-30 16:32:00,sl,-91.77,13.010000000000218,1.9999999999999651,-1.00768639508069,0.018447348193696846,-1.0,0.6587240584166042,0.8316679477325121,0.6587240584166042,1.780937740199822,37
f4_oos_fixed_a,1483,L,2026-06-30 17:15:00,sl,-70.84,35.36000000000013,1.9999999999999871,-1.001696832579182,0.0067873303167420565,-1.0,0.5520361990950201,0.9558823529411782,0.5520361990950201,1.0113122171945728,400
f4_oos_fixed_a,1484,L,2026-06-30 18:49:00,sl,-96.6,8.0,2.0,-1.0062499999999999,0.03,-1.0,0.16124999999999545,0.9612500000000068,0.17875000000003638,1.0862500000000068,72
f4_oos_fixed_a,1487,S,2026-06-30 19:16:00,tp,184.32,7.629999999999654,2.000000000000119,2.013106159895242,0.031454783748363156,2.000000000000119,1.94364351245099,0.5543905635648434,2.0642201834863916,0.5543905635648434,224
f5_oos_fixed_a,782,S,2026-07-01 02:48:00,tp,191.88,10.599999999999909,2.000000000000043,2.0113207547169982,0.022641509433962457,2.000000000000043,1.663207547169836,0.17452830188678536,2.2103773584906126,0.17452830188678536,77
f5_oos_fixed_a,786,S,2026-07-01 05:08:00,sl,-88.2,14.659999999999854,2.000000000000031,-1.0027285129604466,0.016371077762619535,-1.0,0.042291950886790705,0.9918144611186667,0.07776261937246512,1.0443383356070697,68
f5_oos_fixed_a,788,L,2026-07-01 07:54:00,sl,-93.24,10.300000000000182,1.9999999999999558,-1.0058252427184289,0.023300970873785996,-1.0,0.24077669902912371,0.9048543689320387,0.24077669902912371,1.0087378640776397,18
f5_oos_fixed_a,797,L,2026-07-01 09:47:00,sl,-91.4,8.949999999999818,2.0000000000000506,-1.0212290502793504,0.026815642458101103,-1.0,0.18435754189945525,0.8837988826815659,0.18435754189945525,1.1720670391061447,20
f5_oos_fixed_a,750,L,2026-07-01 09:52:00,sl,-91.8,9.170000000000073,1.9999999999999505,-1.001090512540886,0.026172300981461078,-1.0,0.2562704471101298,0.7862595419847306,0.2562704471101298,1.0676117775354292,15
f5_oos_fixed_a,799,S,2026-07-01 10:33:00,sl,-93.76,11.409999999999854,2.00000000000004,-1.0271691498685496,0.021034180543383265,-1.0,0.08501314636286302,0.9228746713409185,0.14110429447858042,1.090271691498664,17
f5_oos_fixed_a,800,L,2026-07-01 10:53:00,tp,180.74,12.829999999999927,2.0000000000000355,2.0124707716290056,0.01870615744349192,2.0000000000000355,1.9750584567420335,0.3094310210444133,2.187061574434926,0.3094310210444133,187
f5_oos_fixed_a,790,S,2026-07-01 12:01:00,sl,-81.78,13.620000000000346,1.9999999999999332,-1.0007342143905766,0.01762114537444889,-1.0,0.04772393538913909,0.9449339207048139,0.04772393538913909,1.027165932452234,61
f5_oos_fixed_a,804,L,2026-07-01 12:48:00,tp,181.22,6.9699999999998,2.0000000000000653,2.0000000000000573,0.03443328550932667,2.0000000000000653,1.8780487804878796,0.3041606886657033,2.1922525107604933,0.3041606886657033,69
f5_oos_fixed_a,805,L,2026-07-01 14:22:00,tp,183.45,46.98000000000002,2.0,1.9524265644955292,0.0051085568326947614,2.0,1.905065985525755,0.28139633886759885,2.0214985100042617,0.28139633886759885,1446
f5_oos_fixed_a,806,L,2026-07-01 14:25:00,tp,165.68,41.409999999999854,2.0000000000000218,2.000482975126788,0.005795701521371669,2.0000000000000218,1.8157449891330784,0.28592127505432824,2.010383965225798,0.28592127505432824,140
f5_oos_fixed_a,815,S,2026-07-01 18:26:00,tp,180.24,15.019999999999982,2.0,2.0000000000000027,0.015978695073235703,2.0,1.930093209054612,0.5479360852196786,2.090545938748344,0.5479360852196786,264
f5_oos_fixed_a,568,S,2026-07-01 18:34:00,sl,-68.98,35.440000000000055,2.0,-0.9731941309255064,0.006772009029345362,-1.0,1.4113995485327286,0.27765237020315114,1.4113995485327286,1.1986455981941295,1194
f5_oos_fixed_a,818,S,2026-07-01 23:01:00,sl,-69.32,35.539999999999964,2.0,-0.9752391671356228,0.006752954417557688,-1.0,0.1921778277996605,0.9524479459763631,0.1921778277996605,1.01941474395048,409
f5_oos_fixed_a,832,L,2026-07-02 08:42:00,tp,204.18,16.259999999999764,2.000000000000056,2.092865928659317,0.01476014760147623,2.000000000000056,0.9926199261992686,0.3911439114391279,3.521525215252217,0.3911439114391279,408
f5_oos_fixed_a,853,L,2026-07-02 17:54:00,sl,-103.67,14.609999999999673,2.000000000000062,-1.0136892539356832,0.016427104722792976,-1.0,0.5119780971937468,0.6269678302532553,0.5119780971937468,1.1738535249828899,96
f5_oos_fixed_a,854,S,2026-07-02 19:10:00,sl,-96.15,13.949999999999818,2.0000000000000324,-0.9846390168970942,0.01720430107526904,-1.0,1.5770609318996622,0.9082437275985834,1.5770609318996622,1.0401433691756565,422
f5_oos_fixed_a,857,L,2026-07-03 01:08:01,tp,198.8,19.859999999999673,2.0000000000000457,2.0020140986908688,0.012084592145015305,2.0000000000000457,1.9108761329305817,0.2139979859013127,2.0765357502518316,0.2139979859013127,179
f5_oos_fixed_a,533,S,2026-07-03 04:54:00,sl,-88.08,17.899999999999636,2.0000000000000506,-0.9841340782123105,0.013407821229050551,-1.0,1.1575418994413786,0.8586592178771063,1.1575418994413786,1.4251396648044596,994
f5_oos_fixed_a,873,L,2026-07-03 11:05:00,sl,-101.2,12.649999999999636,2.000000000000072,-1.0000000000000289,0.018972332015810823,-1.0,0.254545454545482,0.9549407114624723,0.254545454545482,1.0055335968379218,85
f5_oos_fixed_a,878,S,2026-07-03 12:20:00,sl,-97.13,8.830000000000837,1.999999999999794,-0.9999999999999052,0.027180067950167298,-1.0,0.8267270668176093,0.9184597961494693,0.8267270668176093,0.999999999999897,115
f5_oos_fixed_a,880,L,2026-07-03 14:26:00,sl,-95.27,13.590000000000146,2.0,-1.0014716703458317,0.017660044150110184,-1.0,0.07284768211918846,0.9668874172185568,0.07284768211918846,1.1074319352465063,99
f5_oos_fixed_a,892,L,2026-07-06 02:32:00,sl,-87.35,17.269999999999527,2.000000000000053,-1.0115807759120137,0.013896931094383703,-1.0,-0.13317892298785436,0.9322524609148752,0.0023161551823951774,1.368847712796761,15
f5_oos_fixed_a,895,L,2026-07-06 04:37:00,sl,-75.78,25.079999999999927,2.0,-1.007177033492826,0.00956937799043065,-1.0,0.2735247208931297,0.9892344497607843,0.2735247208931297,1.0929027113237613,59
f5_oos_fixed_a,868,L,2026-07-06 08:31:00,sl,-94.2,7.799999999999272,2.000000000000233,-1.0064102564103503,0.030769230769233637,-1.0,0.7487179487180372,0.6974358974359112,0.7487179487180372,1.2487179487180373,28
f5_oos_fixed_a,867,L,2026-07-06 12:54:00,sl,-92.2,9.1899999999996,2.000000000000099,-1.003264417845528,0.02611534276387491,-1.0,1.7921653971709437,0.944504896626841,1.7921653971709437,1.1773667029379957,168
f5_oos_fixed_a,905,S,2026-07-06 14:08:00,sl,-96.14,4.180000000000291,1.9999999999997824,-0.9999999999999304,0.05741626794257973,-1.0,0.32535885167475775,0.588516746411451,0.32535885167475775,1.0,9
f5_oos_fixed_a,912,S,2026-07-06 19:06:00,sl,-95.28,7.920000000000073,2.0,-1.0025252525252433,0.030303030303030023,-1.0,0.4141414141413782,0.8535353535353732,0.4141414141413782,1.2398989898989417,44
f5_oos_fixed_a,903,S,2026-07-06 22:22:00,sl,-104.19,4.109999999999673,2.000000000000221,-1.1522893165229848,0.05839416058394625,-1.0,0.41849148418501014,1.2652068126521248,0.41849148418501014,1.4233576642335573,97
f5_oos_fixed_a,918,S,2026-07-06 22:44:00,sl,-94.38,4.25,2.0,-1.0094117647058822,0.05647058823529411,-1.0,-0.23999999999988872,0.9835294117647744,-0.04941176470589091,1.0164705882352256,8
f5_oos_fixed_a,924,S,2026-07-07 03:37:00,tp,178.11,9.890000000000327,1.999999999999908,2.0010111223457376,0.02426693629929141,1.999999999999908,1.971688574317427,-0.02527805864509522,2.03943377148629,0.02426693629926934,43
f5_oos_fixed_a,928,L,2026-07-07 06:14:00,sl,-88.76,12.270000000000437,1.9999999999999258,-1.0334148329257984,0.0195599022004883,-1.0,-0.01385493072535181,0.9959250203748834,-0.0024449877750402833,1.0961695191523504,34
f5_oos_fixed_a,936,S,2026-07-07 08:19:00,sl,-91.8,7.640000000000327,1.999999999999881,-1.0013089005235172,0.03141361256544368,-1.0,0.9489528795811112,0.7526178010470882,0.9489528795811112,1.1034031413612473,81
f5_oos_fixed_a,942,L,2026-07-07 13:22:00,tp,175.59,9.270000000000437,1.9999999999999019,2.104638619201627,0.025889967637539233,1.9999999999999019,1.9795037756202265,0.5037756202804587,2.3365695792879,0.5037756202804587,97
f5_oos_fixed_a,941,L,2026-07-07 13:23:00,tp,170.4,16.99000000000069,1.999999999999893,2.0058858151853216,0.014125956444967053,1.999999999999893,1.6303708063566034,0.28075338434374586,2.0270747498527486,0.28075338434374586,106
f5_oos_fixed_a,951,L,2026-07-07 19:22:00,sl,-92.12,6.550000000000182,2.0,-1.0045801526717277,0.03664122137404478,-1.0,0.6427480916030411,0.8793893129771081,0.6427480916030411,1.1847328244274813,131
f5_oos_fixed_a,950,S,2026-07-07 19:48:00,tp,184.86,7.110000000000582,1.999999999999872,1.9999999999998364,0.03375527426160061,1.999999999999872,1.3586497890294043,0.9479606188465864,2.033755274261442,0.9479606188465864,123
f5_oos_fixed_a,962,S,2026-07-08 02:49:00,sl,-88.02,9.730000000000473,1.99999999999986,-1.0051387461458914,0.024665981500512676,-1.0,0.2322713257965168,1.0,0.2322713257965168,1.1829393627954428,45
f5_oos_fixed_a,966,L,2026-07-08 05:18:00,sl,-92.2,18.11999999999989,2.0,-1.0176600441501165,0.013245033112582861,-1.0,1.0198675496688563,0.6037527593819302,1.0198675496688563,1.5397350993377625,359
f5_oos_fixed_a,965,S,2026-07-08 06:00:00,sl,-89.81,12.55999999999949,2.000000000000109,-1.0214968152866655,0.019108280254777843,-1.0,,,-0.014331210191034144,1.1863057324840955,1
f5_oos_fixed_a,978,S,2026-07-08 11:07:00,tp,184.6,9.149999999999636,2.0000000000000995,2.0174863387978945,0.026229508196722352,2.0000000000000995,1.500546448087543,0.3300546448087046,3.354098360655877,0.3300546448087046,10
f5_oos_fixed_a,986,S,2026-07-08 16:45:00,tp,190.82,13.620000000000346,1.9999999999999332,2.0014684287811533,0.01762114537444889,1.9999999999999332,1.756975036710663,0.4581497797356552,2.0550660792951194,0.4581497797356552,52
f5_oos_fixed_a,980,S,2026-07-08 16:49:00,tp,189.75,18.960000000000036,1.999999999999976,2.001582278481009,0.012658227848101241,1.999999999999976,1.822784810126576,0.010021097046416362,2.001582278480999,0.02742616033755173,55
f5_oos_fixed_a,813,L,2026-07-08 19:11:00,tp,169.51999999999998,29.390000000000327,1.9999999999999691,1.9226494272428047,0.008166042871724986,1.9999999999999691,1.9955767267777809,0.14664851990474148,2.037767948281686,0.14664851990474148,792
f5_oos_fixed_a,998,S,2026-07-09 01:31:00,sl,-97.44,6.0900000000001455,1.9999999999999254,-0.9999999999999759,0.03940886699507295,-1.0,0.3070607553366668,0.995073891625583,0.3070607553366668,1.067323481116559,89
f5_oos_fixed_a,995,S,2026-07-09 03:32:00,sl,-93.03,12.559999999999945,2.0000000000000364,-1.0581210191082846,0.019108280254777153,-1.0,1.8407643312102266,0.5453821656050545,1.8407643312102266,1.7730891719744923,328
f5_oos_fixed_a,1001,S,2026-07-09 03:49:00,tp,189.36,10.489999999999782,2.0000000000000435,2.005719733079165,0.02287893231649237,2.0000000000000435,1.8903717826502187,0.5147759771210437,2.0857959961868984,0.5147759771210437,144
f5_oos_fixed_a,1008,L,2026-07-09 08:45:00,tp,195.45,19.529999999999745,2.000000000000023,2.001536098310318,0.012288786482335029,2.000000000000023,1.900665642601169,0.10291858678954377,2.0230414746543923,0.10291858678954377,156
f5_oos_fixed_a,1007,L,2026-07-09 09:01:00,sl,-84.92,40.73999999999978,2.000000000000022,-1.04221894943545,0.005891016200294582,-1.0,0.957044673539541,0.9810996563573887,0.957044673539541,1.098183603338243,2585
f5_oos_fixed_a,979,S,2026-07-09 11:50:00,sl,-105.75,11.150000000000546,1.9999999999998777,-1.0538116591927735,0.02152466367712899,-1.0,1.4107623318384976,0.9452914798205783,1.4107623318384976,1.0905829596411891,228
f5_oos_fixed_a,1016,L,2026-07-09 15:01:00,sl,-96.45,15.25,2.0,-1.054098360655738,0.015737704918032787,-1.0,1.8583606557377144,0.9973770491803302,1.8583606557377144,1.36655737704919,1464
f5_oos_fixed_a,975,S,2026-07-09 17:18:00,sl,-87.8,17.5600000000004,1.9999999999999483,-0.999999999999977,0.013667425968109027,-1.0,0.2579726651480952,0.9481776765375431,0.2579726651480952,1.0888382687926796,134
f5_oos_fixed_a,1035,L,2026-07-10 02:14:01,sl,-99.6,4.130000000000109,1.9999999999997797,-1.00484261501208,0.05811138014527691,-1.0,0.15012106537527228,0.9757869249396001,0.15012106537527228,1.1380145278449623,48
f5_oos_fixed_a,1039,S,2026-07-10 04:37:00,sl,-99.84,8.170000000000073,1.9999999999998888,-1.018359853121166,0.029375764993879786,-1.0,1.3157894736841989,0.8408812729497955,1.3157894736841989,1.1542227662178957,34
f5_oos_fixed_a,1033,S,2026-07-10 06:18:00,tp,189.09,10.489999999999782,2.0000000000000866,2.002859866539603,0.02287893231649237,2.0000000000000866,1.8570066730220094,0.12869399428021758,2.0066730219257027,0.12869399428021758,266
f5_oos_fixed_a,1053,L,2026-07-10 16:13:00,sl,-95.29,7.289999999999509,2.000000000000125,-1.0054869684499992,0.032921810699590694,-1.0,0.47873799725664284,0.9533607681756223,0.47873799725664284,1.0288065843621468,13
f5_oos_fixed_a,1059,L,2026-07-10 19:02:00,sl,-94.78,13.539999999999964,2.0,-1.0000000000000024,0.017725258493353074,-1.0,0.11595273264399654,0.9896602658788531,0.11595273264399654,1.001477104874411,118
f5_oos_fixed_a,1057,L,2026-07-10 19:36:00,sl,-82.19,40.249999999999545,2.0000000000000226,-1.0209937888198872,0.005962732919254725,-1.0,0.1803726708074609,0.9237267080745405,0.1803726708074609,1.0765217391304338,309
f5_oos_fixed_a,1060,S,2026-07-10 21:57:00,sl,-97.65,4.630000000000109,2.0,-1.0043196544276223,0.05183585313174824,-1.0,0.6349892008640259,0.9827213822892366,0.6349892008640259,1.0064794816414135,55
f5_oos_fixed_a,1072,L,2026-07-13 04:45:00,sl,-78.08,19.5,2.0,-1.001025641025641,0.012307692307692308,-1.0,0.16871794871794685,0.9338461538461557,0.16871794871794685,1.0256410256410255,45
f5_oos_fixed_a,1070,S,2026-07-13 05:26:00,tp,170.88,20.970000000000255,1.9999999999999782,2.0371959942775146,0.011444921316165813,1.9999999999999782,1.8865045302813288,0.5369575584167681,2.7730090605626794,0.5369575584167681,710
f5_oos_fixed_a,1081,S,2026-07-13 08:49:00,sl,-89.11,12.730000000000018,2.0,-0.9999999999999986,0.018853102906520005,-1.0,1.180675569520831,0.9874312647289624,1.180675569520831,1.0282796543597543,141
f5_oos_fixed_a,1083,L,2026-07-13 10:11:00,sl,-89.04,10.950000000000273,1.999999999999917,-1.0164383561643584,0.021917808219177534,-1.0,1.9031963470318878,0.6365296803653042,1.9031963470318878,1.1963470319634737,211
f5_oos_fixed_a,1077,S,2026-07-13 11:37:00,sl,-91.96,4.8400000000001455,1.999999999999906,-0.9999999999999699,0.04958677685950264,-1.0,0.12603305785126218,0.9380165289255841,0.12603305785126218,1.0123966942147704,15
f5_oos_fixed_a,1088,S,2026-07-13 14:51:00,tp,176.8,6.710000000000036,1.9999999999999323,2.0268256333829995,0.03576751117734705,1.9999999999999323,1.9269746646795478,0.9061102831594477,2.782414307004467,0.9061102831594477,120
f5_oos_fixed_a,1089,S,2026-07-13 16:06:00,tp,178.5,5.2199999999998,2.000000000000087,2.01149425287364,0.045977011494254635,2.000000000000087,1.9118773946361791,0.6475095785440199,2.113026819923491,0.6475095785440199,37
f5_oos_fixed_a,1093,L,2026-07-13 20:13:00,sl,-102.76,12.010000000000218,1.999999999999962,-1.0695253955037274,0.01998334721065742,-1.0,0.684429641965,0.9691923397169122,0.684429641965,1.2364696086594205,352
f5_oos_fixed_a,809,L,2026-07-13 20:17:00,sl,-95.93,12.799999999999727,2.0000000000000355,-1.070647321428594,0.0187500000000004,-1.0,0.5843750000000139,0.9671875000000292,0.5843750000000139,1.2179687500000018,348
f5_oos_fixed_a,1095,L,2026-07-14 01:01:00,sl,-95.2,9.489999999999782,2.000000000000048,-1.0031612223393276,0.025289778714436828,-1.0,-0.03793466807162074,0.9726027397260517,-0.02528977871441383,1.1475237091675579,89
f5_oos_fixed_a,1103,S,2026-07-14 04:41:00,sl,-84.64,10.569999999999709,2.000000000000086,-1.0009460737937834,0.022705771050142536,-1.0,-0.33207190160831224,0.9422894985808756,-0.02081362346261173,1.1466414380321448,16
f5_oos_fixed_a,1110,L,2026-07-14 10:13:00,sl,-91.13,7.010000000000218,1.9999999999999352,-0.9999999999999688,0.03423680456490621,-1.0,0.32239657631949975,0.8730385164051576,0.32239657631949975,1.0328102710413711,45
f5_oos_fixed_a,1112,L,2026-07-14 11:31:00,sl,-87.48,9.7199999999998,2.0000000000000466,-1.0000000000000207,0.024691358024691867,-1.0,-0.12345679012344062,0.8405349794238931,-0.02263374485594696,1.040123456790158,29
f5_oos_fixed_a,1113,L,2026-07-14 13:40:00,tp,181.28,5.6599999999998545,2.0000000000000804,2.0017667844523483,0.04240282685512476,2.0000000000000804,1.9558303886926587,0.6607773851590694,2.0017667844523355,0.6607773851590694,68
f5_oos_fixed_a,1117,S,2026-07-14 17:18:00,sl,-83.95,16.699999999999818,2.000000000000027,-1.0053892215568971,0.014371257485030096,-1.0,-0.0029940119760315984,0.7808383233532725,0.07844311377247991,1.0850299401197385,16
f5_oos_fixed_a,1116,L,2026-07-14 17:58:00,sl,-85.92,14.220000000000255,1.999999999999936,-1.0070323488044828,0.016877637130801385,-1.0,1.0253164556961791,0.7672292545710347,1.0253164556961791,1.0478199718705925,43
f5_oos_fixed_a,1119,L,2026-07-14 20:55:00,sl,-88.33,8.0300000000002,1.9999999999999434,-0.999999999999975,0.02988792029887846,-1.0,0.06600249065999154,0.9962640099626153,0.06600249065999154,1.3798256537982698,42
f5_oos_fixed_a,1121,S,2026-07-14 21:37:00,tp,189.25,8.329999999999927,2.0,2.065371603186747,0.028811524609844187,2.0,1.8499399759904493,0.8175270108043223,2.022809123649521,0.8175270108043223,362
f5_oos_fixed_a,1124,L,2026-07-14 22:16:00,sl,-90.81,14.340000000000146,1.9999999999999682,-1.0554393305439225,0.016736401673639996,-1.0,0.35774058577406254,0.7977684797768437,0.35774058577406254,1.191771269177125,322
f5_oos_fixed_a,1125,L,2026-07-14 22:51:00,sl,-89.6,2.7799999999997453,2.0000000000001634,-1.0071942446044087,0.08633093525180646,-1.0,1.4568345323742995,0.978417266187068,1.4568345323742995,1.1546762589929247,53
f5_oos_fixed_a,1122,S,2026-07-15 04:48:00,sl,-91.6,22.73999999999978,2.00000000000002,-1.007036059806518,0.010554089709762633,-1.0,1.0189094107300243,0.9296394019348998,1.0189094107300243,1.0334212840809045,649
f5_oos_fixed_a,1134,S,2026-07-15 06:18:00,sl,-86.5,8.599999999999909,2.000000000000053,-1.0058139534883825,0.02790697674418634,-1.0,1.8697674418605292,0.9697674418604394,1.8697674418605292,1.0593023255813685,526
f5_oos_fixed_a,1138,S,2026-07-15 08:15:00,sl,-83.04,10.36999999999989,2.0,-1.000964320154302,0.023143683702989633,-1.0,0.3548698167792025,0.7020250723239944,0.3548698167792025,1.0289296046287546,27
f5_oos_fixed_a,1147,S,2026-07-15 16:32:00,tp,171.96,14.309999999999945,2.0,2.0027952480782747,0.01677148846960174,2.0,1.9336128581411725,0.5387840670859585,2.176799440950399,0.5387840670859585,183
f5_oos_fixed_a,1155,L,2026-07-15 20:46:00,sl,-73.05,34.13000000000011,2.0,-1.0701728684441805,0.007031936712569564,-1.0,0.5206563140931709,0.9425725168473474,0.5206563140931709,1.0099619103428112,448
f5_oos_fixed_a,1154,L,2026-07-15 20:52:00,sl,-80.33,37.76000000000022,1.999999999999976,-1.0636917372881294,0.006355932203389794,-1.0,0.4420021186440667,0.9631885593220254,0.4420021186440667,1.0164194915254208,465
f5_oos_fixed_a,1164,S,2026-07-16 03:11:00,tp,168.19,7.589999999999691,2.00000000000012,2.0144927536232706,0.03162055335968508,2.00000000000012,1.9749670619236952,0.8050065876152729,2.1093544137023543,0.8050065876152729,67
f5_oos_fixed_a,1156,L,2026-07-16 04:38:00,sl,-89.01,9.75,2.0,-1.0143589743589745,0.024615384615384615,-1.0,0.3333333333333333,0.9292307692307636,0.3333333333333333,1.0287179487179225,31
f5_oos_fixed_a,1169,L,2026-07-16 06:30:00,sl,-87.3,9.670000000000073,2.0,-1.0031023784901683,0.024819027921406223,-1.0,0.3867631851086048,0.921406411582191,0.3867631851086048,1.0775594622543945,185
f5_oos_fixed_a,1178,L,2026-07-16 12:03:00,sl,-84.36,13.86999999999989,2.000000000000033,-1.0136986301369943,0.01730353280461441,-1.0,0.07065609228551016,0.8579668348954383,0.07065609228551016,1.116077865897631,142
f5_oos_fixed_a,1181,S,2026-07-16 13:03:00,sl,-85.36,7.539999999999964,2.0,-1.029177718832896,0.031830238726790604,-1.0,1.1816976127321421,0.8912466843501103,1.1816976127321421,1.2612732095490464,103
f5_oos_fixed_a,1188,L,2026-07-16 17:04:00,sl,-80.4,13.400000000000091,2.0,-0.9999999999999934,0.017910447761193906,-1.0,1.6328358208955194,0.949999999999995,1.6328358208955194,1.0126865671641845,212
f5_oos_fixed_a,1186,L,2026-07-16 17:05:00,sl,-66.51,22.109999999999673,2.0000000000000413,-1.0027137042062564,0.01085481682496624,-1.0,0.8873812754410058,0.9678878335594733,0.8873812754410058,1.016734509271818,329
f5_oos_fixed_a,1185,S,2026-07-16 18:51:00,tp,155.65,15.559999999999945,2.0000000000000293,2.0006426735218574,0.015424164524421647,2.0000000000000293,1.9331619537275377,0.194087403598942,2.0006426735218943,0.194087403598942,163
f5_oos_fixed_a,1195,S,2026-07-16 21:57:00,sl,-81.06,7.9900000000002365,1.9999999999999432,-1.0145181476845757,0.030037546933666195,-1.0,1.448060075093845,0.8185231539423993,1.448060075093845,1.1489361702127114,258
f5_oos_fixed_a,1196,L,2026-07-16 22:05:00,sl,-81.63,8.980000000000018,2.0,-1.0100222717149199,0.026726057906458742,-1.0,0.08240534521155682,0.9487750556792833,0.08240534521155682,1.0512249443207167,27
f5_oos_fixed_a,1199,L,2026-07-17 02:02:00,tp,170.34,5.010000000000218,1.9999999999999092,1.9999999999999125,0.04790419161676438,1.9999999999999092,1.8622754491017008,0.48303393213572204,2.3892215568860835,0.48303393213572204,75
f5_oos_fixed_a,1198,L,2026-07-17 02:42:00,sl,-78.64,9.789999999999964,2.0000000000000466,-1.0040858018386145,0.024514811031665053,-1.0,1.5005107252298375,0.9601634320735108,1.5005107252298375,1.0919305413687532,176
f5_oos_fixed_a,1200,L,2026-07-17 03:20:00,sl,-77.1,12.820000000000164,1.9999999999999645,-1.0023400936037312,0.01872074882995296,-1.0,0.6170046801871882,0.9477379095163756,0.6170046801871882,1.0280811232449039,136
f5_oos_fixed_a,1201,L,2026-07-17 03:50:00,sl,-82.16,10.260000000000218,1.9999999999999556,-1.0009746588693744,0.02339181286549658,-1.0,0.92105263157891,0.9346978557504816,0.92105263157891,1.0341130604288402,104
f5_oos_fixed_a,1190,S,2026-07-17 06:51:00,tp,138.6,17.190000000000055,1.9999999999999736,2.015706806282716,0.013961605584642189,1.9999999999999736,1.907504363001737,0.7347294938918015,2.0279232111692855,0.7347294938918015,550
f5_oos_fixed_a,1208,L,2026-07-17 11:07:00,sl,-77.28,10.849999999999909,2.0,-1.0175115207373355,0.02211981566820295,-1.0,0.3465437788018244,0.9963133640553029,0.3465437788018244,1.097695852534558,253
f5_oos_fixed_a,1213,S,2026-07-17 12:51:00,tp,164.78,7.489999999999782,2.000000000000061,2.000000000000058,0.03204272363150961,2.000000000000061,1.8851802403205282,0.5487316421895584,2.0000000000001212,0.5487316421895584,166
f5_oos_fixed_a,1215,S,2026-07-17 15:31:00,tp,153.36,12.759999999999764,2.0000000000000355,2.003134796238282,0.018808777429467433,2.0000000000000355,1.9161442006270162,-0.05799373040754312,2.0783699059561855,0.04231974921626323,30
f5_oos_fixed_a,1220,S,2026-07-17 20:19:00,tp,188.68,6.7199999999998,2.0000000000000675,2.1597985347985986,0.035714285714286774,2.0000000000000675,1.9732142857143768,0.714285714285695,2.3913690476191434,0.714285714285695,219
f5_oos_fixed_a,1223,S,2026-07-17 20:55:00,sl,-86.84,6.639999999999873,2.0000000000000684,-1.0060240963855616,0.036144578313253704,-1.0,0.21686746987959893,0.6144578313252336,0.21686746987959893,1.0527108433734813,34
f5_oos_fixed_a,1227,S,2026-07-17 23:37:00,sl,-83.46,6.380000000000109,1.9999999999999287,-1.0062695924764717,0.037617554858933526,-1.0,-0.039184952978055757,0.9514106583071481,-0.03134796238241609,1.0282131661441745,9
f5_oos_fixed_a,1222,S,2026-07-20 02:18:00,sl,-83.04,27.420000000000073,2.0,-1.0094821298322367,0.008752735229759277,-1.0,0.3107221006564702,0.9380014587891952,0.3107221006564702,1.0113056163384204,112
f5_oos_fixed_a,1233,L,2026-07-20 05:07:00,tp,146.6,24.759999999999764,2.000000000000037,1.9736133548734707,0.009693053311793307,2.000000000000037,1.9862681744749904,0.36147011308561805,2.04604200323105,0.36147011308561805,1581
f5_oos_fixed_a,1237,L,2026-07-20 06:45:00,sl,-81.63,9.039999999999964,2.0,-1.0033185840708005,0.02654867256637179,-1.0,0.023230088495579337,0.9867256637168261,0.048672566371687646,1.0099557522123552,78
f5_oos_fixed_a,1240,S,2026-07-20 07:49:00,tp,163.68,6.809999999999945,2.0000000000000666,2.0029368575624247,0.03524229074889896,2.0000000000000666,1.7738619676946372,0.30102790014680525,2.1116005873716124,0.30102790014680525,60
f5_oos_fixed_a,1239,S,2026-07-20 08:04:00,sl,-78.24,9.769999999999982,2.0,-1.0010235414534308,0.024564994882292777,-1.0,1.6560900716479345,0.9938587512794324,1.6560900716479345,1.2630501535311887,200
f5_oos_fixed_a,1235,L,2026-07-20 09:49:00,tp,172.8,9.4699999999998,2.000000000000048,2.027455121436157,0.02534318901795196,2.000000000000048,1.948257655755086,0.5195353748680229,2.147835269271444,0.5195353748680229,87
f5_oos_fixed_a,1245,S,2026-07-20 11:58:00,sl,-85.19,11.930000000000291,1.9999999999999238,-1.0201173512153983,0.02011735121542281,-1.0,0.33780385582565814,0.7032690695724785,0.33780385582565814,1.4694048616931532,152
f5_oos_fixed_a,1247,L,2026-07-20 12:53:00,tp,170.1,6.0,2.0,2.0249999999999995,0.04,2.0,0.9916666666666364,0.5266666666667182,2.5149999999999486,0.5266666666667182,97
f5_oos_fixed_a,1184,S,2026-07-20 15:16:00,sl,-64.99000000000001,32.629999999999654,2.000000000000028,-0.9958627030340285,0.0073551946061907,-1.0,0.38553478394117424,0.7646337726019026,0.38553478394117424,1.043211768311366,798
f5_oos_fixed_a,1252,L,2026-07-20 20:03:00,sl,-84.48,7.0,2.0,-1.0057142857142858,0.03428571428571429,-1.0,0.1485714285714234,0.900000000000026,0.1485714285714234,1.1057142857143194,47
f5_oos_fixed_a,1261,L,2026-07-20 23:33:01,sl,-98.68,5.0,2.0,-1.1609411764705881,0.048,-1.0,0.32600000000002183,0.9799999999999273,0.32600000000002183,1.2479999999999563,67
f5_oos_fixed_a,1265,L,2026-07-21 03:00:00,tp,169.36,10.579999999999927,2.0,2.000945179584135,0.022684310018903746,2.0,1.8742911153119153,0.5964083175803392,2.0170132325141625,0.5964083175803392,76
f5_oos_fixed_a,1250,S,2026-07-21 04:54:00,sl,-84.26,7.589999999999691,2.00000000000012,-1.0092226613966155,0.03162055335968508,-1.0,0.5902503293808505,0.8695652173913277,0.5902503293808505,2.503293807641676,42
f5_oos_fixed_a,1271,S,2026-07-21 06:18:00,sl,-91.74,7.819999999999709,2.0000000000001164,-1.066496163682904,0.03069053708440012,-1.0,0.05754475703328511,0.680306905370832,0.05754475703328511,1.502557544757031,8
f5_oos_fixed_a,1274,S,2026-07-21 06:47:00,sl,-80.82,8.960000000000036,1.9999999999999492,-1.0022321428571388,0.026785714285714177,-1.0,-0.06473214285713447,0.8660714285713986,-0.024553571428548998,1.0323660714285672,19
f5_oos_fixed_a,1275,L,2026-07-21 07:48:00,tp,170.24,6.010000000000218,1.9999999999999243,2.0232945091513406,0.03993344425956594,1.9999999999999243,1.7121464226288836,0.35440931780366586,2.149750415973312,0.35440931780366586,45
f5_oos_fixed_a,1277,L,2026-07-21 08:33:00,tp,168.84,12.050000000000182,1.9999999999999623,2.001659751037314,0.01991701244813248,1.9999999999999623,1.9186721991700864,-0.05809128630703797,2.104564315352638,0.020746887966804666,75
f5_oos_fixed_a,1285,L,2026-07-21 13:17:00,sl,-92.55,6.099999999999909,2.0000000000000746,-1.0114754098360808,0.039344262295082554,-1.0,0.5360655737704968,0.9442622950819425,0.5360655737704968,1.1262295081967202,44
f5_oos_fixed_a,1291,L,2026-07-21 15:27:00,sl,-86.8,8.679999999999836,2.0000000000000524,-1.0000000000000189,0.02764976958525398,-1.0,0.029953917050664566,0.9228110599078767,0.029953917050664566,1.1152073732718917,10
f5_oos_fixed_a,1293,S,2026-07-21 16:21:00,sl,-85.04,10.610000000000127,1.9999999999999571,-1.0018850141375941,0.02262016965127211,-1.0,1.0197926484448665,0.9161168708765017,1.0197926484448665,1.0037700282751658,52
f5_oos_fixed_a,1289,S,2026-07-21 16:24:00,sl,-90.86,12.599999999999909,2.0,-1.0301587301587376,0.019047619047619185,-1.0,0.7476190476190588,0.9571428571428597,0.7476190476190588,1.090476190476181,54
f5_oos_fixed_a,1295,S,2026-07-21 16:46:00,sl,-76.0,15.099999999999909,2.0,-1.0066225165562974,0.01589403973509943,-1.0,0.04900662251657225,0.9523178807946848,0.04900662251657225,1.0119205298013136,25
f5_oos_fixed_a,1298,L,2026-07-21 18:35:00,tp,161.45999999999998,20.570000000000164,1.9999999999999778,1.9623237724841844,0.011667476908118526,1.9999999999999778,1.973748176956713,0.7122022362664061,2.009236752552263,0.7122022362664061,546
f5_oos_fixed_a,1118,S,2026-07-21 21:50:00,sl,-77.49,9.940000000000055,2.0,-0.9744718309859101,0.024144869215291617,-1.0,0.3893360160966121,0.9708249496981473,0.3893360160966121,1.011066398390309,258
f5_oos_fixed_a,1323,L,2026-07-22 14:21:00,sl,-85.15,6.329999999999927,2.0,-1.0347551342812127,0.037914691943128395,-1.0,0.08214849921003682,0.78041074249614,0.08214849921003682,1.0347551342812413,19
f5_oos_fixed_a,1333,S,2026-07-22 20:11:00,tp,193.64,11.680000000000291,1.999999999999922,2.368395303326751,0.02054794520547894,1.999999999999922,3.6729452054793295,0.3056506849314743,3.6729452054793295,0.3056506849314743,228
f5_oos_fixed_a,1332,S,2026-07-22 20:18:00,tp,135.1,21.960000000000036,2.0,2.050698239222826,0.01092896174863386,2.0,1.9526411657559215,0.18670309653913694,2.00500910746815,0.18670309653913694,799
f5_oos_fixed_a,1334,S,2026-07-22 21:29:00,tp,178.23999999999998,12.210000000000036,2.0,2.0854100854100786,0.019656019656019597,2.0,2.7895167895167394,0.48402948402947066,2.7895167895167394,0.48402948402947066,698
f5_oos_fixed_a,1328,L,2026-07-23 01:30:00,sl,-67.62,22.460000000000036,2.0,-1.0035618878005328,0.010685663401602832,-1.0,0.5360641139804071,0.9893143365984068,0.5360641139804071,1.0592163846838791,521
f5_oos_fixed_a,1349,S,2026-07-23 10:36:00,tp,148.68,24.779999999999745,2.000000000000018,2.0000000000000204,0.009685230024213174,2.000000000000018,1.964083938660233,0.06295399515736508,2.0500403551251294,0.06779661016946727,329
f5_oos_fixed_a,1352,L,2026-07-23 12:49:00,sl,-91.98,6.349999999999909,2.0000000000000715,-1.0346456692913533,0.03779527559055172,-1.0,0.1244094488188937,0.8220472440945401,0.1244094488188937,1.1133858267716952,32
f5_oos_fixed_a,1353,S,2026-07-23 13:01:00,tp,179.96,8.170000000000073,2.0,2.002447980416139,0.029375764993879786,2.0,1.9853121175030735,0.7564259485923844,2.298653610771118,0.7564259485923844,143
f5_oos_fixed_a,1357,L,2026-07-23 17:45:00,sl,-90.47,16.84999999999991,2.0,-1.07382789317508,0.014243323442136574,-1.0,0.26350148367952986,0.9792284866468896,0.26350148367952986,1.0267062314540223,557
f5_oos_fixed_a,1360,S,2026-07-23 18:26:00,tp,173.95,10.680000000000291,1.9999999999999574,2.035931647940019,0.022471910112358936,1.9999999999999574,1.9859550561797246,0.46441947565542147,2.1685393258426666,0.46441947565542147,621
f5_oos_fixed_a,1363,S,2026-07-23 22:36:00,tp,185.4,8.050000000000182,1.9999999999999436,2.0937323546018725,0.029813664596272618,1.9999999999999436,1.3962732919254637,0.5577639751552398,2.275776397515497,0.5577639751552398,370
f5_oos_fixed_a,1374,L,2026-07-24 05:27:00,sl,-93.4,4.639999999999873,2.000000000000098,-1.0064655172414068,0.0517241379310359,-1.0,0.362068965517216,0.9331896551724237,0.362068965517216,1.1034482758620758,12
f5_oos_fixed_a,1270,L,2026-07-24 06:22:00,tp,175.77,9.710000000000036,1.9999999999999531,2.0113285272914445,0.024716786817713603,1.9999999999999531,1.9845520082389196,0.9824922760041589,2.048403707518002,0.9824922760041589,249
f5_oos_fixed_a,1384,L,2026-07-24 11:49:00,tp,194.2,4.849999999999909,2.0,2.0020618556701404,0.049484536082475154,2.0,1.731958762886649,0.3649484536082505,2.072164948453685,0.3649484536082505,98
f5_oos_fixed_a,1386,S,2026-07-24 14:34:00,tp,200.56,4.339999999999691,2.0000000000002096,2.0092165898618943,0.05529953917051085,2.0000000000002096,1.8640552995394417,0.4631336405529739,2.142857142857442,0.4631336405529739,91
f5_oos_fixed_a,1383,L,2026-07-24 16:51:00,tp,226.35,14.0,2.0,2.30969387755102,0.017142857142857144,2.0,2.7478571428571286,0.6957142857142701,2.7478571428571286,0.6957142857142701,427
f5_oos_fixed_a,1392,L,2026-07-24 18:14:00,sl,-99.4,14.150000000000091,1.9999999999999678,-1.003533568904587,0.01696113074204936,-1.0,0.8643109540635999,0.931448763250898,0.8643109540635999,1.0098939929328532,191
f5_oos_fixed_a,1409,L,2026-07-27 07:00:00,sl,-101.14,7.769999999999982,2.0,-1.0012870012870034,0.030888030888030958,-1.0,1.8983268983269028,0.8700128700129002,1.8983268983269028,1.1402831402831592,499
f5_oos_fixed_a,1415,S,2026-07-27 07:25:00,sl,-105.4,5.889999999999873,2.0000000000000773,-1.0526315789473912,0.040747028862479655,-1.0,0.08828522920211337,0.7826825127334078,0.08828522920211337,1.0831918505941922,43
f5_oos_fixed_a,1414,S,2026-07-27 08:40:00,sl,-97.13,8.819999999999709,2.0000000000000515,-1.0011337868481056,0.027210884353742394,-1.0,0.42176870748303597,0.950113378684851,0.42176870748303597,1.0623582766440136,55
f5_oos_fixed_a,1420,L,2026-07-27 09:44:00,sl,-97.41,5.729999999999563,2.0000000000001585,-1.0000000000000762,0.04188481675392989,-1.0,1.4712041884818383,0.8813263525305606,1.4712041884818383,1.2757417102967719,74
f5_oos_fixed_a,1424,S,2026-07-27 12:34:00,sl,-113.58,5.4099999999998545,2.000000000000084,-1.1663585951941164,0.0443622920517572,-1.0,-0.03881700554521022,0.9168207024029889,0.0018484288355302306,1.282809611829905,14
f5_oos_fixed_a,1423,L,2026-07-27 12:46:00,sl,-98.7,7.019999999999982,2.000000000000065,-1.0042735042735067,0.034188034188034275,-1.0,0.8304843304843871,0.5384615384615684,0.8304843304843871,1.1396011396011425,25
f5_oos_fixed_a,1428,S,2026-07-27 14:52:00,tp,189.31,8.36999999999989,2.000000000000054,2.0561529271206958,0.0286738351254484,2.000000000000054,1.6774193548387815,0.3213859020310197,2.250896057347717,0.3213859020310197,96
f5_oos_fixed_a,1429,S,2026-07-27 19:53:00,tp,194.9,16.059999999999945,2.0000000000000284,2.022623495226242,0.014943960149439653,2.0000000000000284,1.856164383561675,0.46201743462015216,2.0006226650062686,0.46201743462015216,446
f5_oos_fixed_a,1436,L,2026-07-27 21:29:00,tp,196.35,4.660000000000309,1.9999999999998048,2.0064377682402106,0.05150214592274336,1.9999999999998048,1.7532188841199734,0.7875536480686329,2.5944206008581308,0.7875536480686329,51
f5_oos_fixed_a,1439,L,2026-07-27 22:25:00,sl,-104.08000000000001,10.529999999999745,2.000000000000086,-1.0982378389786065,0.02279202279202334,-1.0,0.36087369420705356,0.967711301044663,0.36087369420705356,1.0702754036087612,115
f5_oos_fixed_a,1445,L,2026-07-28 02:16:00,sl,-98.54,3.7599999999997635,2.000000000000121,-1.0079787234043187,0.06382978723404656,-1.0,0.026595744680949492,0.8643617021277139,0.026595744680949492,1.069148936170275,31
f5_oos_fixed_a,1447,L,2026-07-28 03:45:00,sl,-96.39,5.539999999999964,2.0,-1.023465703971126,0.04332129963898945,-1.0,-0.3826714801443871,0.8339350180505273,-0.036101083032458375,1.1859205776172839,3
f5_oos_fixed_a,1450,L,2026-07-28 07:22:00,sl,-102.76,7.079999999999927,2.0000000000000644,-1.0367231638418186,0.03389830508474611,-1.0,0.04378531073445602,0.8545197740112697,0.04378531073445602,1.073446327683614,38
f5_oos_fixed_a,1456,L,2026-07-28 10:21:00,sl,-97.2,12.099999999999909,2.0000000000000377,-1.0041322314049663,0.0198347107438018,-1.0,0.30661157024793917,0.9429752066115653,0.30661157024793917,1.0247933884297298,128
f5_oos_fixed_a,1449,S,2026-07-28 12:11:00,tp,198.2,16.259999999999764,2.000000000000028,2.0315703157031866,0.01476014760147623,2.000000000000028,1.962484624846296,0.33825338253380227,2.0295202952030094,0.33825338253380227,1577
f5_oos_fixed_a,1460,L,2026-07-28 14:27:00,sl,-91.9,9.11999999999989,2.0,-1.0076754385965034,0.026315789473684525,-1.0,1.0383771929824466,0.9342105263157987,1.0383771929824466,1.0899122807017734,173
f5_oos_fixed_a,1462,L,2026-07-28 15:48:00,sl,-88.88,11.079999999999927,2.000000000000041,-1.0027075812274433,0.021660649819494726,-1.0,-0.0315884476534216,0.817689530685921,0.15613718411552613,1.0027075812274138,48
f5_oos_fixed_a,1465,S,2026-07-28 16:50:00,sl,-94.71,13.5,2.0,-1.0022222222222221,0.017777777777777778,-1.0,0.9829629629629616,0.8540740740740552,0.9829629629629616,1.183703703703705,90
f5_oos_fixed_a,1469,S,2026-07-28 19:35:00,tp,185.6,4.630000000000109,1.9999999999999019,2.004319654427598,0.05183585313174824,1.9999999999999019,1.8920086393088578,0.2397408207342649,2.1382289416846345,0.2397408207342649,61
f5_oos_fixed_a,1475,S,2026-07-28 21:59:00,sl,-95.37,5.579999999999927,2.0,-1.0053763440860346,0.0430107526881726,-1.0,0.051971326164950205,0.9856630824372073,0.051971326164950205,1.0179211469533889,55
f5_oos_fixed_a,1478,L,2026-07-28 23:47:00,sl,-97.72999999999999,8.090000000000146,1.9999999999999438,-1.09821328239126,0.029666254635351753,-1.0,-0.013597033374551959,0.9950556242274459,-0.013597033374551959,1.0383189122373226,30
f5_oos_fixed_a,1483,S,2026-07-29 03:09:00,sl,-95.37,7.960000000000036,2.0,-1.0891959798994926,0.03015075376884408,-1.0,0.23869346733675087,0.8567839195979494,0.23869346733675087,1.248743718592909,12
f5_oos_fixed_a,1482,S,2026-07-29 03:49:00,sl,-91.56,6.539999999999964,2.0,-1.0000000000000056,0.03669724770642222,-1.0,1.9250764525994213,0.8027522935779862,1.9250764525994213,1.1590214067278242,50
f5_oos_fixed_a,1472,S,2026-07-29 05:55:00,sl,-91.8,10.180000000000291,1.9999999999999107,-1.0019646365422112,0.02357563850687555,-1.0,0.8939096267190225,0.9754420432219599,0.8939096267190225,1.0186640471512372,170
f5_oos_fixed_a,1490,S,2026-07-29 07:01:00,sl,-87.5,12.5,2.0,-0.9999999999999999,0.0192,-1.0,0.1856000000000131,0.9239999999999782,0.1856000000000131,1.0927999999999884,102
f5_oos_fixed_a,1493,L,2026-07-29 09:03:00,sl,-90.02,6.349999999999909,2.0,-1.0125984251968647,0.03779527559055172,-1.0,1.8645669291338363,0.903937007874066,1.8645669291338363,1.0157480314961205,275
f5_oos_fixed_a,1494,L,2026-07-29 10:13:00,sl,-90.16,6.440000000000055,2.0,-0.9999999999999913,0.0372670807453413,-1.0,0.16770186335402454,0.9394409937887696,0.16770186335402454,1.006211180124218,58
f5_oos_fixed_a,1457,S,2026-07-29 11:40:00,tp,164.04,13.63000000000011,2.0,2.0058694057226543,0.017608217168011597,2.0,1.84005869405724,0.1760821716800893,2.0909757887014107,0.1760821716800893,230
f5_oos_fixed_a,1500,S,2026-07-29 14:36:00,sl,-88.76,3.1099999999996726,2.0000000000002927,-1.019292604501715,0.07717041800643899,-1.0,0.016077170418212834,0.5337620578776767,0.12218649517704305,1.032154340835987,11
f5_oos_fixed_a,1502,S,2026-07-29 17:10:00,sl,-73.83,24.509999999999764,2.0000000000000187,-1.0040799673602707,0.009791921664626778,-1.0,0.1379028967768501,0.991024071807415,0.1379028967768501,1.0742554059567413,164
f5_oos_fixed_a,1504,L,2026-07-29 17:57:00,tp,180.5,8.960000000000036,2.0,2.0145089285714204,0.026785714285714177,2.0,1.7522321428571155,0.19754464285714002,2.071428571428557,0.25892857142858866,115
f5_oos_fixed_a,1503,S,2026-07-29 18:43:00,sl,-91.44,7.550000000000182,1.9999999999999398,-1.0092715231787837,0.031788079470197905,-1.0,0.13642384105962588,0.9258278145694852,0.2066225165562792,1.147019867549622,40
f5_oos_fixed_a,1510,L,2026-07-29 21:06:00,sl,-83.19,39.029999999999745,2.000000000000023,-1.0657186779400531,0.006149116064565759,-1.0,1.023315398411498,0.9951319497822174,1.023315398411498,1.0996669228798335,629
f5_oos_fixed_a,1512,S,2026-07-29 21:35:00,sl,-80.16,26.690000000000055,2.0,-1.001124016485573,0.008992131884600955,-1.0,0.18771075309105312,0.9880104908205259,0.21693518171599668,1.0221056575496323,9
f5_oos_fixed_a,1444,S,2026-07-29 21:36:00,sl,-81.84,27.139999999999873,2.000000000000017,-1.0051584377302922,0.008843036109064154,-1.0,-0.117170228445094,0.922991893883561,0.03205600589537029,1.1241709653647718,7
f5_oos_fixed_a,1511,L,2026-07-30 01:43:00,sl,-75.08,37.460000000000036,2.0,-1.002135611318739,0.0064068339562199615,-1.0,0.5776828617191753,0.9866524292578751,0.5776828617191753,1.096102509343297,395
f5_oos_fixed_a,1514,S,2026-07-30 02:43:00,tp,164.43,11.700000000000273,1.9999999999999611,2.007692307692261,0.020512820512820034,1.9999999999999611,1.9564102564102388,0.20256410256408852,2.1230769230768862,0.20256410256408852,60
f5_oos_fixed_a,1526,S,2026-07-30 08:22:00,sl,-89.05,6.8100000000004,1.9999999999998666,-1.0058737151247572,0.03524229074889661,-1.0,0.010279001468452217,0.80910425844345,0.0675477239353905,1.283406754772286,8
f5_oos_fixed_a,1534,L,2026-07-30 13:19:00,tp,162.15,16.179999999999836,2.0000000000000564,2.0043263288010094,0.014833127317676293,2.0000000000000564,1.7836835599506102,0.651421508034615,2.0265760197775213,0.651421508034615,219
f5_oos_fixed_a,1520,S,2026-07-30 15:59:00,sl,-77.48,19.210000000000036,2.0,-1.0083289953149384,0.012493492972410179,-1.0,0.32431025507550554,0.7053617907339772,0.32431025507550554,1.1650182196772312,38
f5_oos_fixed_a,1537,S,2026-07-30 18:24:00,sl,-77.08,19.26000000000022,1.9999999999999765,-1.0005192107995733,0.012461059190031012,-1.0,0.08722741433023219,0.9948078920041349,0.08722741433023219,1.0103842159916832,39
f5_oos_fixed_a,1350,S,2026-07-30 18:28:00,tp,168.01,27.820000000000164,1.9999999999999836,2.0130601485741555,0.008626887131559978,1.9999999999999836,1.9446441409058084,0.8817397555715333,2.098130841121479,0.8817397555715333,1230
f5_oos_fixed_a,1550,L,2026-07-30 22:32:00,sl,-87.01,12.430000000000291,1.9999999999999267,-0.9999999999999767,0.019308125502815316,-1.0,0.29203539823009045,0.9895414320192996,0.29203539823009045,1.0233306516492322,76
f5_oos_fixed_a,1544,S,2026-07-30 22:57:00,tp,179.85999999999999,9.739999999999782,2.0000000000000466,2.051791010723295,0.024640657084189464,2.0000000000000466,1.9661190965093402,0.7956878850102848,2.15195071868593,0.7956878850102848,255
f5_oos_fixed_a,1552,L,2026-07-31 01:16:00,sl,-84.51,9.389999999999418,2.0000000000001936,-1.000000000000062,0.02555910543131149,-1.0,0.3940362087326994,0.9882854100106838,0.3940362087326994,1.1959531416400702,132
f5_oos_fixed_a,1556,S,2026-07-31 03:32:00,tp,166.7,16.5,2.0,2.0206060606060605,0.014545454545454545,2.0,1.9557575757576022,0.4054545454545212,2.044242424242453,0.4054545454545212,460
f5_oos_fixed_a,1558,S,2026-07-31 04:53:00,tp,162.56,20.269999999999982,2.0,2.00493339911199,0.011840157868771593,2.0,1.9773063640848527,0.33152442032559476,2.0296003946719243,0.33152442032559476,649
f5_oos_fixed_a,1560,S,2026-07-31 11:49:00,end,51.72,28.289999999999964,2.0,0.6094026157652889,0.008483563096500541,0.6094026157652889,1.41392718275009,0.1159420289854984,1.41392718275009,0.1159420289854984,726
f5_oos_fixed_a,1581,L,2026-07-31 19:29:00,end,-40.92,7.420000000000073,2.0,-0.45956873315363433,0.03234501347708863,-0.45956873315363433,1.1212938005390334,0.8059299191374608,1.1212938005390334,0.8059299191374608,266
