pivot_id,type,peak_time,conf_time,level,replaced_by,outside_bar
1,H,1767575100,1767575340,4364.41,2,0
2,H,1767575700,1767575940,4372.67,,0
3,L,1767575940,1767576180,4361.07,,0
4,L,1767576360,1767576600,4363.47,3,0
5,H,1767576540,1767576780,4368.02,,0
6,L,1767576840,1767577080,4354.50,,0
7,H,1767578220,1767578460,4375.86,,0
8,L,1767578700,1767578940,4370.25,,0
9,L,1767579420,1767579660,4377.72,8,0
10,H,1767579660,1767579900,4385.67,11,0
11,H,1767580620,1767580860,4396.63,,0
12,L,1767581220,1767581460,4385.05,,0
13,L,1767581880,1767582120,4389.51,12,0
14,H,1767582300,1767582540,4421.32,,0
15,H,1767582600,1767582840,4416.80,14,0
16,L,1767582780,1767583020,4397.03,17,0
17,L,1767583200,1767583440,4394.50,,0
18,H,1767583560,1767583800,4405.29,,0
19,L,1767583860,1767584100,4393.28,,0
20,H,1767584400,1767584640,4405.15,,0
21,L,1767584580,1767584820,4397.98,,0
22,H,1767584700,1767584940,4406.81,,0
23,L,1767585120,1767585360,4391.37,,0
24,H,1767585600,1767585840,4404.97,,0
25,L,1767586080,1767586320,4388.76,,0
26,H,1767586620,1767586860,4398.30,,1
27,L,1767586620,1767586860,4392.62,,1
28,H,1767587520,1767587760,4406.91,,0
29,H,1767588180,1767588420,4405.00,28,0
30,L,1767588360,1767588600,4398.68,,0
31,H,1767588900,1767589140,4409.66,,0
32,L,1767589140,1767589380,4404.37,,0
33,H,1767589500,1767589740,4413.95,,0
34,L,1767589800,1767590040,4408.51,,0
35,H,1767590040,1767590280,4413.30,,0
36,L,1767590400,1767590640,4407.91,,0
37,H,1767590700,1767590940,4410.12,,0
38,L,1767591300,1767591540,4403.57,,0
39,H,1767591780,1767592020,4410.68,,0
40,L,1767592080,1767592320,4406.21,41,0
41,L,1767592980,1767593220,4397.31,,0
42,H,1767593160,1767593400,4404.36,,0
43,L,1767593640,1767593880,4398.66,,0
44,H,1767594240,1767594480,4406.36,,0
45,L,1767594540,1767594780,4404.28,,0
46,H,1767594660,1767594900,4405.94,47,0
47,H,1767594960,1767595200,4406.59,,0
48,L,1767595140,1767595380,4404.29,,0
49,H,1767595260,1767595500,4407.62,50,0
50,H,1767595800,1767596040,4408.33,,0
51,L,1767596100,1767596340,4403.57,,0
52,L,1767597060,1767597300,4404.90,51,0
53,H,1767597360,1767597600,4409.57,,0
54,L,1767597660,1767597900,4406.87,,0
55,H,1767598260,1767598500,4414.47,,0
56,L,1767598500,1767598740,4408.46,57,0
57,L,1767599100,1767599340,4401.03,,0
58,L,1767599820,1767600060,4407.78,57,0
59,H,1767600180,1767600420,4416.46,,0
60,L,1767600300,1767600540,4412.88,,0
61,H,1767600780,1767601020,4420.15,,0
62,L,1767600960,1767601200,4415.62,,0
63,H,1767601800,1767602040,4426.48,,0
64,L,1767602100,1767602340,4416.10,,0
65,H,1767602460,1767602700,4425.40,,0
66,L,1767602700,1767602940,4419.49,67,0
67,L,1767603120,1767603360,4418.17,,0
68,H,1767603900,1767604140,4423.97,,0
69,L,1767604020,1767604260,4416.69,,0
70,L,1767604320,1767604560,4417.13,69,0
71,H,1767604740,1767604980,4423.26,,0
72,L,1767605100,1767605340,4418.96,73,0
73,L,1767605400,1767605640,4418.57,,0
74,H,1767606240,1767606480,4425.13,,0
75,L,1767606660,1767606900,4419.98,,0
76,H,1767607200,1767607440,4423.57,,0
77,L,1767607260,1767607500,4419.44,,0
78,L,1767607860,1767608100,4419.53,77,0
79,H,1767608220,1767608460,4430.08,,0
80,L,1767608460,1767608700,4425.90,,0
81,H,1767608880,1767609120,4430.05,,0
82,L,1767609060,1767609300,4423.75,,0
83,L,1767609480,1767609720,4424.46,82,0
84,H,1767610260,1767610500,4433.74,,0
85,H,1767610620,1767610860,4432.40,84,0
86,H,1767611280,1767611520,4429.00,84,0
87,L,1767611520,1767611760,4426.21,,0
88,H,1767611640,1767611880,4431.03,89,0
89,H,1767612300,1767612540,4434.48,,0
90,L,1767612600,1767612840,4431.46,91,0
91,L,1767613020,1767613260,4431.01,,0
92,H,1767613500,1767613740,4438.25,,0
93,L,1767613620,1767613860,4434.40,,0
94,H,1767613920,1767614160,4437.25,,0
95,H,1767614280,1767614520,4436.93,94,0
96,L,1767614760,1767615000,4430.80,,0
97,H,1767614940,1767615180,4433.55,,0
98,L,1767615540,1767615780,4431.44,,0
99,H,1767616020,1767616260,4436.57,,0
100,L,1767616140,1767616380,4432.36,,0
101,L,1767616560,1767616800,4435.32,100,0
102,H,1767616680,1767616920,4438.87,,0
103,L,1767617160,1767617400,4434.21,,0
104,H,1767617640,1767617880,4439.84,,0
105,L,1767618300,1767618540,4430.10,,0
106,H,1767618900,1767619140,4433.77,,0
107,H,1767619260,1767619500,4430.73,106,0
108,L,1767619620,1767619860,4411.03,,0
109,H,1767620580,1767620820,4424.57,,0
110,L,1767620820,1767621060,4422.37,,0
111,H,1767621000,1767621240,4426.11,,0
112,L,1767621420,1767621660,4418.26,,0
113,H,1767621660,1767621900,4421.47,,0
114,L,1767621960,1767622200,4416.84,,0
115,H,1767622320,1767622560,4420.72,,0
116,L,1767622500,1767622740,4416.71,117,0
117,L,1767622860,1767623100,4414.00,,0
118,H,1767623520,1767623760,4417.38,,0
119,L,1767624240,1767624480,4406.23,120,0
120,L,1767624600,1767624840,4405.62,,0
121,H,1767624840,1767625080,4411.84,,0
122,L,1767625200,1767625440,4407.70,,0
123,H,1767625560,1767625800,4419.02,,0
124,L,1767625740,1767625980,4407.32,,0
125,L,1767626160,1767626400,4407.70,124,0
126,H,1767626400,1767626640,4413.28,,0
127,L,1767626580,1767626820,4402.72,128,0
128,L,1767627000,1767627240,4396.32,,0
129,H,1767627660,1767627900,4414.39,130,0
130,H,1767628140,1767628380,4415.13,,0
131,L,1767628500,1767628740,4411.41,,0
132,H,1767629580,1767629820,4428.40,,0
133,L,1767629760,1767630000,4423.45,,0
134,H,1767630060,1767630300,4429.68,,0
135,L,1767630600,1767630840,4417.96,,0
136,H,1767630840,1767631080,4427.39,,0
137,L,1767630960,1767631200,4418.00,,0
138,H,1767631740,1767631980,4438.62,139,0
139,H,1767632100,1767632340,4442.88,,0
140,L,1767632280,1767632520,4435.12,,0
141,H,1767632820,1767633060,4455.78,,0
142,L,1767633180,1767633420,4443.80,,0
143,H,1767633720,1767633960,4452.47,,0
144,L,1767634680,1767634920,4435.53,,0
145,H,1767635220,1767635460,4449.79,,0
146,L,1767635460,1767635700,4440.61,,0
147,H,1767636060,1767636300,4451.43,,0
148,L,1767636480,1767636720,4438.45,,0
149,L,1767637800,1767638040,4440.28,148,0
150,H,1767637860,1767638100,4446.02,,0
151,L,1767638220,1767638460,4443.37,,0
152,L,1767638880,1767639120,4444.20,151,0
153,H,1767639240,1767639480,4454.42,,0
154,L,1767639900,1767640140,4432.39,,0
155,H,1767640620,1767640860,4446.54,156,0
156,H,1767641160,1767641400,4449.09,,0
157,L,1767641700,1767641940,4442.60,,0
158,H,1767641820,1767642060,4447.49,,0
159,L,1767642240,1767642480,4437.80,,0
160,H,1767643020,1767643260,4445.76,,0
161,L,1767643260,1767643500,4441.85,,0
162,H,1767644160,1767644400,4448.55,,0
163,H,1767644640,1767644880,4446.80,162,0
164,L,1767644940,1767645180,4439.84,,0
165,H,1767645000,1767645240,4444.44,,0
166,L,1767645360,1767645600,4441.75,,0
167,H,1767645660,1767645900,4445.84,,0
168,L,1767645900,1767646140,4442.72,,0
169,H,1767646800,1767647040,4449.51,,0
170,L,1767647400,1767647640,4434.99,,0
171,H,1767647700,1767647940,4441.19,,0
172,L,1767647940,1767648180,4437.83,,0
173,H,1767648840,1767649080,4445.90,,0
174,L,1767650160,1767650400,4438.62,,0
175,H,1767650580,1767650820,4443.85,,0
176,L,1767650880,1767651120,4440.00,,0
177,H,1767651120,1767651360,4445.43,,0
178,L,1767651360,1767651600,4442.85,,0
179,H,1767651660,1767651900,4447.01,,0
180,L,1767651900,1767652140,4443.85,,0
181,H,1767652080,1767652320,4446.16,,0
182,L,1767653040,1767653280,4438.03,,0
183,L,1767653400,1767653640,4439.85,182,0
184,H,1767654240,1767654480,4447.61,,0
185,L,1767654420,1767654660,4445.17,,0
186,H,1767654600,1767654840,4448.20,,0
187,L,1767655140,1767655380,4443.42,,0
188,H,1767656040,1767656280,4448.32,,0
189,L,1767656820,1767657060,4445.02,,0
190,L,1767661200,1767661440,4447.11,189,0
191,H,1767661800,1767662040,4460.04,,0
192,L,1767662220,1767662460,4448.74,,0
193,H,1767662340,1767662580,4453.51,,0
194,L,1767663120,1767663360,4438.66,,0
195,H,1767663480,1767663720,4446.44,,0
196,H,1767664620,1767664860,4441.84,195,0
197,L,1767664860,1767665100,4436.64,,0
198,H,1767665340,1767665580,4441.69,199,0
199,H,1767665940,1767666180,4442.42,,0
200,L,1767666300,1767666540,4439.52,,0
201,H,1767666660,1767666900,4444.74,,0
202,L,1767666900,1767667140,4433.93,203,0
203,L,1767667200,1767667440,4430.41,,0
204,H,1767667680,1767667920,4438.17,,0
205,L,1767668040,1767668280,4434.61,,0
206,H,1767668400,1767668640,4440.22,,0
207,L,1767668580,1767668820,4427.84,,0
208,H,1767669300,1767669540,4444.21,,0
209,L,1767670440,1767670680,4432.73,,0
210,H,1767670920,1767671160,4443.32,,0
211,L,1767671100,1767671340,4438.37,,0
212,L,1767671400,1767671640,4439.71,211,0
213,H,1767672120,1767672360,4455.00,214,0
214,H,1767672780,1767673020,4460.26,,0
215,L,1767673140,1767673380,4456.44,,0
216,L,1767673620,1767673860,4457.65,215,0
217,H,1767673800,1767674040,4460.97,,0
218,L,1767674460,1767674700,4448.85,,0
219,H,1767674940,1767675180,4457.53,,0
220,L,1767675420,1767675660,4451.84,,0
221,H,1767675660,1767675900,4457.21,,0
222,L,1767676020,1767676260,4454.93,,0
223,H,1767676320,1767676560,4465.53,224,0
224,H,1767676680,1767676920,4467.29,,0
225,L,1767676860,1767677100,4462.40,,0
226,H,1767677040,1767677280,4468.02,,0
227,L,1767677400,1767677640,4463.13,,0
228,H,1767677940,1767678180,4467.66,,0
229,L,1767678180,1767678420,4464.93,,0
230,H,1767678360,1767678600,4467.79,,0
231,L,1767678600,1767678840,4464.66,,0
232,H,1767678900,1767679140,4468.09,,0
233,L,1767679620,1767679860,4464.69,,0
234,H,1767679920,1767680160,4468.50,,0
235,L,1767680100,1767680340,4463.23,,0
236,H,1767680520,1767680760,4466.73,,0
237,L,1767680880,1767681120,4463.47,,0
238,H,1767681240,1767681480,4466.38,,0
239,H,1767681600,1767681840,4466.27,238,0
240,L,1767681780,1767682020,4461.78,,0
241,H,1767682500,1767682740,4468.57,242,0
242,H,1767683220,1767683460,4469.51,,0
243,L,1767683700,1767683940,4466.85,,0
244,H,1767683820,1767684060,4469.91,,0
245,L,1767684360,1767684600,4467.70,,0
246,H,1767684660,1767684900,4474.10,,0
247,L,1767685200,1767685440,4461.79,248,0
248,L,1767686220,1767686460,4449.51,,0
249,H,1767686640,1767686880,4456.68,,0
250,L,1767686760,1767687000,4451.79,,0
251,H,1767687060,1767687300,4458.46,,0
252,L,1767687360,1767687600,4455.49,,0
253,H,1767687540,1767687780,4458.84,254,0
254,H,1767688620,1767688860,4465.77,,0
255,H,1767689040,1767689280,4464.89,254,0
256,L,1767689160,1767689400,4461.19,,0
257,L,1767689460,1767689700,4461.60,256,0
258,H,1767690060,1767690300,4468.31,,0
259,L,1767690300,1767690540,4464.30,,0
260,H,1767690540,1767690780,4470.44,,0
261,L,1767690840,1767691080,4467.58,,0
262,H,1767691080,1767691320,4469.78,,0
263,L,1767691560,1767691800,4461.62,,0
264,H,1767691980,1767692220,4467.21,,0
265,L,1767692160,1767692400,4463.48,,0
266,H,1767692340,1767692580,4466.08,,0
267,H,1767692640,1767692880,4466.04,266,0
268,L,1767692760,1767693000,4463.68,,0
269,H,1767693000,1767693240,4466.39,,0
270,L,1767693360,1767693600,4457.21,,0
271,H,1767694080,1767694320,4463.42,,0
272,L,1767694320,1767694560,4460.08,,0
273,H,1767695220,1767695460,4475.71,,0
274,L,1767695520,1767695760,4465.86,275,0
275,L,1767696060,1767696300,4464.51,,0
276,H,1767696420,1767696660,4468.39,,0
277,L,1767696780,1767697020,4465.16,,0
278,H,1767697080,1767697320,4469.44,,0
279,L,1767698160,1767698400,4452.09,,0
280,H,1767698640,1767698880,4457.29,,0
281,L,1767698820,1767699060,4454.29,,0
282,H,1767699300,1767699540,4457.10,,0
283,H,1767699900,1767700140,4456.24,282,0
284,L,1767700260,1767700500,4444.83,,0
285,H,1767700560,1767700800,4451.98,,0
286,L,1767700980,1767701220,4442.53,,0
287,H,1767701460,1767701700,4452.34,,0
288,L,1767701640,1767701880,4448.86,,0
289,H,1767701940,1767702180,4452.65,,0
290,L,1767702120,1767702360,4448.69,291,0
291,L,1767702600,1767702840,4448.50,,0
292,H,1767703080,1767703320,4456.05,,0
293,L,1767703380,1767703620,4449.36,,0
294,H,1767703680,1767703920,4451.95,295,0
295,H,1767704220,1767704460,4453.23,,0
296,L,1767704400,1767704640,4451.26,,0
297,H,1767704640,1767704880,4453.05,,0
298,L,1767704760,1767705000,4449.90,,0
299,H,1767705120,1767705360,4452.42,300,0
300,H,1767705840,1767706080,4453.83,301,0
301,H,1767706560,1767706800,4462.39,,0
302,L,1767706800,1767707040,4457.92,,0
303,H,1767707100,1767707340,4462.37,,0
304,L,1767707460,1767707700,4459.84,,0
305,H,1767708060,1767708300,4464.64,,0
306,L,1767708240,1767708480,4461.67,,0
307,H,1767708360,1767708600,4464.32,,0
308,L,1767709200,1767709440,4461.48,,0
309,H,1767709800,1767710040,4466.28,,0
310,L,1767710100,1767710340,4459.81,,0
311,H,1767710280,1767710520,4462.52,312,0
312,H,1767710940,1767711180,4462.97,,0
313,L,1767711000,1767711240,4459.66,,0
314,L,1767711720,1767711960,4459.70,313,0
315,H,1767711840,1767712080,4465.77,,0
316,L,1767712080,1767712320,4461.21,,0
317,H,1767712560,1767712800,4470.45,,0
318,L,1767713460,1767713700,4455.83,,0
319,H,1767713580,1767713820,4461.50,320,0
320,H,1767714360,1767714600,4463.88,,0
321,L,1767714600,1767714840,4454.28,,0
322,H,1767715320,1767715560,4471.38,,0
323,L,1767715500,1767715740,4466.42,,0
324,H,1767715740,1767715980,4472.64,325,0
325,H,1767716160,1767716400,4473.34,,0
326,L,1767716400,1767716640,4464.48,,0
327,L,1767717000,1767717240,4465.37,326,0
328,L,1767717780,1767718020,4476.33,326,0
329,H,1767717960,1767718200,4485.84,,0
330,L,1767718200,1767718440,4480.12,,0
331,H,1767718800,1767719040,4490.90,,0
332,L,1767719100,1767719340,4482.27,,0
333,H,1767719280,1767719520,4488.59,,0
334,L,1767719520,1767719760,4479.11,335,0
335,L,1767720000,1767720240,4473.97,,0
336,H,1767720600,1767720840,4481.95,,0
337,L,1767721020,1767721260,4463.21,,0
338,L,1767721560,1767721800,4471.66,337,0
339,H,1767721740,1767721980,4479.34,,0
340,L,1767722100,1767722340,4473.00,,0
341,H,1767722460,1767722700,4483.09,,0
342,L,1767722760,1767723000,4471.62,,0
343,H,1767723360,1767723600,4481.28,344,0
344,H,1767724860,1767725100,4488.91,,0
345,L,1767725400,1767725640,4484.36,,0
346,H,1767725580,1767725820,4487.74,,0
347,L,1767725700,1767725940,4484.63,348,0
348,L,1767726060,1767726300,4484.51,,0
349,H,1767726300,1767726540,4490.28,,0
350,L,1767726720,1767726960,4486.41,,0
351,H,1767727020,1767727260,4490.26,,0
352,L,1767727260,1767727500,4487.24,,0
353,H,1767727440,1767727680,4489.57,,0
354,L,1767727680,1767727920,4485.96,,0
355,H,1767728220,1767728460,4489.86,,0
356,L,1767728640,1767728880,4481.64,,0
357,H,1767729300,1767729540,4491.46,,0
358,L,1767729780,1767730020,4486.22,,0
359,H,1767730740,1767730980,4494.10,,0
360,L,1767731640,1767731880,4482.22,,0
361,H,1767732660,1767732900,4490.33,,0
362,L,1767732840,1767733080,4487.28,,0
363,H,1767733200,1767733440,4489.49,,0
364,L,1767734220,1767734460,4477.45,,0
365,H,1767734520,1767734760,4484.68,,0
366,L,1767735120,1767735360,4477.87,,0
367,L,1767735840,1767736080,4481.34,366,0
368,H,1767735960,1767736200,4483.76,,0
369,L,1767736440,1767736680,4479.20,,0
370,H,1767736620,1767736860,4482.59,371,0
371,H,1767737100,1767737340,4484.38,,0
372,L,1767737220,1767737460,4481.88,,0
373,H,1767738060,1767738300,4487.59,,0
374,H,1767738360,1767738600,4487.57,373,0
375,L,1767738660,1767738900,4483.83,,0
376,L,1767738960,1767739200,4484.02,375,0
377,H,1767739620,1767739860,4491.34,,0
378,L,1767739800,1767740040,4488.77,,0
379,H,1767740280,1767740520,4496.96,,0
380,H,1767740820,1767741060,4494.52,379,0
381,L,1767741180,1767741420,4491.80,,0
382,H,1767741360,1767741600,4493.52,,0
383,L,1767741600,1767741840,4492.15,,0
384,H,1767741720,1767741960,4493.75,385,0
385,H,1767742920,1767743160,4497.06,,0
386,L,1767743100,1767743340,4495.93,,0
387,H,1767743400,1767743640,4497.34,388,0
388,H,1767747960,1767748200,4499.37,,0
389,L,1767748320,1767748560,4494.74,,0
390,H,1767749220,1767749460,4500.49,,0
391,H,1767749760,1767750000,4499.32,390,0
392,L,1767750660,1767750900,4492.12,,0
393,H,1767750840,1767751080,4496.26,,0
394,L,1767751260,1767751500,4490.40,,0
395,H,1767751920,1767752160,4494.33,,0
396,L,1767752280,1767752520,4489.77,,0
397,H,1767752520,1767752760,4493.03,,0
398,L,1767753180,1767753420,4490.17,,0
399,H,1767753360,1767753600,4494.69,,0
400,L,1767753540,1767753780,4488.20,,0
401,H,1767753720,1767753960,4492.30,,0
402,L,1767753960,1767754200,4487.89,403,0
403,L,1767754380,1767754620,4482.61,,0
404,H,1767754800,1767755040,4495.81,,0
405,H,1767755520,1767755760,4478.73,404,0
406,L,1767755640,1767755880,4469.30,,0
407,H,1767756360,1767756600,4478.75,,0
408,L,1767756900,1767757140,4465.03,,0
409,H,1767757260,1767757500,4472.69,,0
410,H,1767758040,1767758280,4470.36,409,0
411,L,1767758460,1767758700,4459.75,,0
412,H,1767759120,1767759360,4475.64,,0
413,L,1767759900,1767760140,4468.50,,0
414,H,1767760500,1767760740,4478.12,415,0
415,H,1767760920,1767761160,4478.45,,0
416,L,1767761100,1767761340,4473.84,,0
417,L,1767761460,1767761700,4475.19,416,0
418,H,1767761700,1767761940,4478.75,,0
419,L,1767762180,1767762420,4473.35,,0
420,L,1767762480,1767762720,4473.39,419,0
421,H,1767762600,1767762840,4477.17,,0
422,L,1767762840,1767763080,4472.00,,0
423,H,1767763200,1767763440,4480.33,,0
424,H,1767763500,1767763740,4479.52,423,0
425,L,1767763980,1767764220,4475.75,,0
426,H,1767764460,1767764700,4478.90,,0
427,L,1767765120,1767765360,4474.01,,0
428,H,1767766320,1767766560,4472.67,,0
429,L,1767766860,1767767100,4466.69,,0
430,H,1767767100,1767767340,4471.11,,0
431,L,1767767520,1767767760,4463.92,,0
432,H,1767767700,1767767940,4468.71,,0
433,L,1767768000,1767768240,4463.63,,0
434,H,1767768120,1767768360,4468.51,,0
435,L,1767768420,1767768660,4464.07,,0
436,H,1767768660,1767768900,4467.19,,0
437,L,1767768840,1767769080,4464.13,438,0
438,L,1767769500,1767769740,4462.05,,0
439,H,1767769740,1767769980,4467.07,440,0
440,H,1767770220,1767770460,4469.52,441,0
441,H,1767770880,1767771120,4470.49,,0
442,L,1767772080,1767772320,4443.36,,0
443,H,1767773340,1767773580,4459.16,,0
444,L,1767773460,1767773700,4455.30,,0
445,H,1767774060,1767774300,4460.38,,0
446,L,1767774420,1767774660,4452.32,,0
447,H,1767774540,1767774780,4456.48,,0
448,L,1767775020,1767775260,4443.81,,0
449,H,1767775260,1767775500,4452.18,,0
450,L,1767775560,1767775800,4441.55,,0
451,H,1767775920,1767776160,4450.88,,0
452,L,1767776400,1767776640,4441.75,,0
453,L,1767777120,1767777360,4448.02,452,0
454,H,1767777240,1767777480,4450.94,,0
455,L,1767777420,1767777660,4448.37,,0
456,H,1767777660,1767777900,4452.98,457,0
457,H,1767778860,1767779100,4460.00,,0
458,L,1767778980,1767779220,4456.71,,0
459,H,1767779400,1767779640,4464.97,,0
460,L,1767779460,1767779700,4460.42,462,0
461,L,1767780000,1767780240,4460.53,460,0
462,L,1767780420,1767780660,4459.38,,0
463,H,1767780600,1767780840,4466.48,464,0
464,H,1767781260,1767781500,4468.55,,0
465,L,1767781500,1767781740,4463.79,,0
466,H,1767782520,1767782760,4474.80,,0
467,L,1767782700,1767782940,4465.60,,0
468,H,1767783180,1767783420,4470.64,,0
469,H,1767783480,1767783720,4469.43,468,0
470,L,1767784080,1767784320,4459.50,,0
471,H,1767784260,1767784500,4466.62,472,0
472,H,1767784740,1767784980,4467.31,,0
473,L,1767784980,1767785220,4462.45,,0
474,H,1767785220,1767785460,4465.53,,0
475,L,1767785400,1767785640,4461.50,,0
476,H,1767785760,1767786000,4464.52,,0
477,L,1767786360,1767786600,4460.05,,0
478,H,1767786540,1767786780,4465.21,479,0
479,H,1767786900,1767787140,4465.66,,0
480,L,1767787260,1767787500,4461.48,,0
481,H,1767787680,1767787920,4465.64,,0
482,L,1767787860,1767788100,4462.32,,0
483,H,1767788100,1767788340,4466.62,,0
484,L,1767788940,1767789180,4458.84,,0
485,H,1767789660,1767789900,4467.25,486,0
486,H,1767789960,1767790200,4467.73,,0
487,L,1767790920,1767791160,4461.88,,0
488,H,1767791040,1767791280,4464.92,,0
489,L,1767791220,1767791460,4461.23,490,0
490,L,1767791760,1767792000,4460.50,,0
491,H,1767791940,1767792180,4464.30,,0
492,L,1767792360,1767792600,4455.37,493,0
493,L,1767793140,1767793380,4450.82,494,0
494,L,1767793620,1767793860,4449.26,,0
495,L,1767793980,1767794220,4449.52,494,0
496,H,1767794040,1767794280,4454.72,,0
497,L,1767795600,1767795840,4439.32,,0
498,H,1767796620,1767796860,4455.10,,0
499,L,1767797100,1767797340,4449.46,,0
500,H,1767797280,1767797520,4453.84,,0
501,L,1767798000,1767798240,4443.64,,0
502,H,1767798180,1767798420,4449.87,,0
503,L,1767798600,1767798840,4427.91,,0
504,H,1767798960,1767799200,4439.06,,0
505,L,1767799080,1767799320,4430.22,,0
506,H,1767799680,1767799920,4447.18,,0
507,L,1767800280,1767800520,4438.20,,0
508,H,1767800580,1767800820,4450.71,,0
509,L,1767800820,1767801060,4444.82,,0
510,L,1767801300,1767801540,4447.12,509,0
511,H,1767801840,1767802080,4454.20,,0
512,L,1767802500,1767802740,4447.01,,0
513,H,1767802560,1767802800,4453.56,,0
514,L,1767803400,1767803640,4440.90,,0
515,H,1767803700,1767803940,4452.26,,0
516,L,1767803880,1767804120,4435.67,,0
517,H,1767804300,1767804540,4447.38,,0
518,L,1767804480,1767804720,4440.91,,0
519,H,1767804960,1767805200,4453.10,,0
520,L,1767805320,1767805560,4438.14,521,0
521,L,1767806280,1767806520,4423.51,,0
522,H,1767807420,1767807660,4452.26,,0
523,L,1767808020,1767808260,4440.67,,0
524,H,1767808200,1767808440,4447.98,,0
525,L,1767808500,1767808740,4441.77,,0
526,H,1767808860,1767809100,4449.47,,0
527,L,1767809160,1767809400,4443.90,,0
528,H,1767809460,1767809700,4450.29,,0
529,L,1767809760,1767810000,4444.66,,0
530,H,1767810180,1767810420,4461.20,,0
531,L,1767810540,1767810780,4455.93,,0
532,H,1767810900,1767811140,4465.30,,0
533,L,1767811080,1767811320,4459.07,,0
534,L,1767811620,1767811860,4463.89,533,0
535,H,1767812400,1767812640,4465.40,,0
536,L,1767812460,1767812700,4459.76,,0
537,H,1767812700,1767812940,4464.04,,0
538,L,1767813180,1767813420,4457.85,,0
539,H,1767813420,1767813660,4463.01,,0
540,L,1767813960,1767814200,4457.21,,0
541,H,1767814380,1767814620,4461.49,,0
542,L,1767814560,1767814800,4456.23,,0
543,H,1767814800,1767815040,4459.67,,0
544,L,1767814920,1767815160,4456.02,,0
545,H,1767815280,1767815520,4459.36,,0
546,L,1767815760,1767816000,4449.86,,0
547,H,1767816120,1767816360,4452.92,,0
548,L,1767816420,1767816660,4447.99,,0
549,H,1767816600,1767816840,4452.83,,0
550,L,1767817080,1767817320,4447.26,,0
551,H,1767817620,1767817860,4455.81,,0
552,L,1767817740,1767817980,4451.41,,0
553,H,1767818340,1767818580,4458.87,,0
554,H,1767818940,1767819180,4456.43,553,0
555,L,1767819060,1767819300,4450.47,,0
556,L,1767819420,1767819660,4450.67,555,0
557,L,1767819720,1767819960,4450.73,555,0
558,H,1767819840,1767820080,4455.36,,0
559,L,1767820620,1767820860,4445.45,,0
560,H,1767820800,1767821040,4449.11,,0
561,L,1767821100,1767821340,4446.69,,0
562,H,1767821520,1767821760,4457.31,,0
563,H,1767821820,1767822060,4457.09,562,0
564,L,1767822060,1767822300,4452.79,565,0
565,L,1767822480,1767822720,4452.12,,0
566,H,1767822900,1767823140,4457.98,,0
567,L,1767823140,1767823380,4456.58,,0
568,H,1767823500,1767823740,4459.46,,0
569,L,1767823800,1767824040,4455.42,,0
570,H,1767824280,1767824520,4461.64,,0
571,L,1767824880,1767825120,4456.00,,0
572,H,1767825180,1767825420,4460.41,,0
573,L,1767825480,1767825720,4456.56,,0
574,H,1767825720,1767825960,4460.15,,0
575,L,1767826080,1767826320,4456.55,,0
576,H,1767826320,1767826560,4459.77,,0
577,L,1767826800,1767827040,4449.89,,0
578,H,1767826980,1767827220,4454.64,,0
579,L,1767827340,1767827580,4452.10,,0
580,H,1767827580,1767827820,4454.52,581,0
581,H,1767828000,1767828240,4455.14,,0
582,L,1767828540,1767828780,4451.90,,0
583,H,1767829320,1767829560,4454.46,,0
584,L,1767829800,1767830040,4452.88,,0
585,H,1767829980,1767830220,4456.04,,0
586,L,1767830220,1767834180,4454.82,,0
587,H,1767834360,1767834600,4462.83,,0
588,L,1767834600,1767834840,4458.51,,0
589,L,1767834900,1767835140,4459.20,588,0
590,H,1767835620,1767835860,4463.96,,0
591,L,1767835860,1767836100,4459.84,,0
592,H,1767836100,1767836340,4462.84,,0
593,L,1767836340,1767836580,4460.53,,0
594,H,1767836760,1767837000,4462.98,,0
595,L,1767836820,1767837060,4459.94,,0
596,H,1767837780,1767838020,4465.92,,0
597,L,1767837960,1767838200,4462.50,,0
598,H,1767838560,1767838800,4466.40,,0
599,L,1767839160,1767839400,4454.16,,0
600,H,1767839460,1767839700,4459.03,,0
601,L,1767840600,1767840840,4446.79,602,0
602,L,1767841200,1767841440,4444.64,,0
603,H,1767841860,1767842100,4460.35,,0
604,L,1767842220,1767842460,4454.79,,0
605,H,1767842580,1767842820,4460.34,,0
606,L,1767842700,1767842940,4454.37,,0
607,H,1767843120,1767843360,4457.59,,0
608,L,1767843240,1767843480,4450.76,,0
609,H,1767843600,1767843840,4456.25,,0
610,L,1767843960,1767844200,4443.30,611,0
611,L,1767844500,1767844740,4441.94,,0
612,H,1767844860,1767845100,4449.64,,0
613,L,1767845100,1767845340,4440.38,,0
614,L,1767846060,1767846300,4441.11,613,0
615,H,1767846360,1767846600,4444.06,,0
616,L,1767847020,1767847260,4433.48,,0
617,H,1767847560,1767847800,4444.10,,0
618,L,1767847740,1767847980,4437.45,,0
619,L,1767848100,1767848340,4438.66,618,0
620,H,1767848340,1767848580,4443.86,,0
621,L,1767848760,1767849000,4438.92,,0
622,H,1767849120,1767849360,4445.69,,0
623,L,1767849480,1767849720,4437.35,,0
624,H,1767850260,1767850500,4446.46,,0
625,L,1767850740,1767850980,4440.09,,0
626,L,1767851160,1767851400,4440.96,625,0
627,H,1767851280,1767851520,4442.88,,0
628,L,1767851760,1767852000,4438.21,,0
629,H,1767851880,1767852120,4441.20,,0
630,L,1767852120,1767852360,4437.37,631,0
631,L,1767852420,1767852660,4436.84,,0
632,H,1767852840,1767853080,4440.36,633,0
633,H,1767853140,1767853380,4440.55,,0
634,H,1767853680,1767853920,4439.52,633,0
635,H,1767854040,1767854280,4438.82,633,0
636,L,1767855120,1767855360,4430.27,,0
637,H,1767855240,1767855480,4433.29,,0
638,L,1767855960,1767856200,4427.04,639,0
639,L,1767856560,1767856800,4423.15,,0
640,H,1767856980,1767857220,4429.73,,0
641,L,1767857640,1767857880,4419.30,,0
642,H,1767858060,1767858300,4426.44,,0
643,L,1767858240,1767858480,4415.76,,0
644,H,1767858540,1767858780,4422.93,,0
645,L,1767858840,1767859080,4417.98,,0
646,H,1767859200,1767859440,4429.37,,0
647,L,1767859560,1767859800,4416.08,,0
648,H,1767860100,1767860340,4424.37,,0
649,L,1767860220,1767860460,4418.47,,0
650,H,1767861540,1767861780,4437.82,,0
651,H,1767861840,1767862080,4436.48,650,0
652,L,1767862020,1767862260,4430.08,,0
653,H,1767862560,1767862800,4436.00,,0
654,L,1767862920,1767863160,4432.10,,0
655,H,1767863460,1767863700,4439.68,,0
656,H,1767864060,1767864300,4435.84,655,0
657,L,1767864360,1767864600,4430.84,,0
658,H,1767864540,1767864780,4437.07,,0
659,L,1767864720,1767864960,4432.22,,0
660,H,1767865080,1767865320,4435.43,,0
661,L,1767865200,1767865440,4431.04,662,0
662,L,1767865740,1767865980,4428.47,,0
663,H,1767866160,1767866400,4433.92,,0
664,L,1767866700,1767866940,4425.68,,0
665,H,1767867060,1767867300,4433.34,,0
666,L,1767867300,1767867540,4425.38,,0
667,H,1767867420,1767867660,4430.69,,0
668,H,1767868080,1767868320,4430.28,667,0
669,L,1767868980,1767869220,4419.96,,0
670,H,1767870060,1767870300,4435.47,,0
671,L,1767870300,1767870540,4430.93,,0
672,H,1767870720,1767870960,4435.01,,0
673,L,1767871140,1767871380,4426.01,,0
674,H,1767872040,1767872280,4434.86,,0
675,L,1767872160,1767872400,4431.86,,0
676,H,1767872460,1767872700,4434.72,,0
677,L,1767872880,1767873120,4429.11,,0
678,H,1767873360,1767873600,4433.43,,0
679,L,1767874260,1767874500,4427.66,,0
680,H,1767874500,1767874740,4430.55,,0
681,L,1767874860,1767875100,4423.08,,0
682,L,1767875400,1767875640,4423.69,681,0
683,H,1767876120,1767876360,4434.80,,0
684,L,1767876300,1767876540,4430.98,,0
685,H,1767876420,1767876660,4433.09,,0
686,L,1767876960,1767877200,4429.98,,0
687,H,1767877140,1767877380,4433.86,,0
688,H,1767877500,1767877740,4432.69,687,0
689,L,1767877800,1767878040,4427.61,690,0
690,L,1767878220,1767878460,4427.14,,0
691,H,1767878340,1767878580,4429.59,,0
692,L,1767878700,1767878940,4424.77,,0
693,H,1767878940,1767879180,4428.04,,0
694,L,1767879240,1767879480,4424.76,,0
695,H,1767879600,1767879840,4428.12,,0
696,L,1767880080,1767880320,4422.35,,0
697,H,1767880560,1767880800,4425.37,,0
698,L,1767881100,1767881340,4412.32,,0
699,H,1767881400,1767881640,4419.55,,0
700,L,1767881760,1767882000,4407.73,,0
701,L,1767882300,1767882540,4413.17,700,0
702,H,1767883440,1767883680,4431.40,,0
703,L,1767883560,1767883800,4426.73,,0
704,H,1767883740,1767883980,4430.39,,0
705,H,1767884400,1767884640,4429.75,704,0
706,L,1767885000,1767885240,4417.39,,0
707,H,1767885900,1767886140,4436.09,,0
708,L,1767886380,1767886620,4426.05,,0
709,L,1767886860,1767887100,4426.12,708,0
710,H,1767887040,1767887280,4435.58,,0
711,L,1767888000,1767888240,4420.99,,0
712,H,1767888240,1767888480,4427.98,,0
713,L,1767888480,1767888720,4419.14,,0
714,H,1767888720,1767888960,4428.01,,0
715,L,1767888960,1767889200,4419.49,,0
716,H,1767889140,1767889380,4427.87,,0
717,L,1767889320,1767889560,4420.69,,0
718,H,1767889500,1767889740,4430.21,,0
719,L,1767889860,1767890100,4421.93,,0
720,H,1767890220,1767890460,4435.51,,0
721,L,1767890580,1767890820,4425.05,,0
722,H,1767891000,1767891240,4439.36,,0
723,L,1767891060,1767891300,4431.20,,0
724,H,1767891480,1767891720,4437.27,,0
725,L,1767891660,1767891900,4427.91,,0
726,H,1767892260,1767892500,4449.13,,0
727,L,1767892440,1767892680,4443.81,,0
728,H,1767892620,1767892860,4454.05,,0
729,L,1767893160,1767893400,4443.47,,0
730,H,1767893640,1767893880,4453.21,,0
731,L,1767893880,1767894120,4446.96,,0
732,H,1767894180,1767894420,4455.48,,0
733,L,1767894480,1767894720,4449.92,,0
734,H,1767894600,1767894840,4456.33,,0
735,L,1767894900,1767895140,4447.64,,0
736,H,1767895320,1767895560,4457.93,,0
737,L,1767896100,1767896340,4446.99,,0
738,H,1767896460,1767896700,4453.91,,0
739,L,1767897000,1767897240,4451.98,,0
740,H,1767897720,1767897960,4464.61,,0
741,L,1767898080,1767898320,4457.79,,0
742,L,1767898800,1767899040,4460.27,741,0
743,H,1767898920,1767899160,4465.33,,0
744,L,1767899340,1767899580,4458.22,745,0
745,L,1767899820,1767900060,4457.70,,0
746,H,1767900660,1767900900,4463.54,,0
747,L,1767901080,1767901320,4459.00,,0
748,H,1767901260,1767901500,4462.68,,0
749,L,1767901740,1767901980,4459.20,,0
750,H,1767902040,1767902280,4463.74,751,0
751,H,1767902340,1767902580,4464.08,,0
752,L,1767903180,1767903420,4452.55,,0
753,H,1767903360,1767903600,4456.58,,0
754,L,1767903660,1767903900,4451.44,,0
755,H,1767903900,1767904140,4456.58,,0
756,L,1767904080,1767904320,4449.46,,0
757,H,1767904440,1767904680,4453.61,,0
758,L,1767904560,1767904800,4448.03,,0
759,H,1767905280,1767905520,4455.06,,0
760,L,1767906060,1767906300,4448.62,,0
761,H,1767906180,1767906420,4451.22,,0
762,L,1767906540,1767906780,4447.01,763,0
763,L,1767907020,1767907260,4444.79,,0
764,H,1767907500,1767907740,4449.87,,0
765,L,1767907740,1767907980,4446.94,,0
766,H,1767908160,1767908400,4452.82,,0
767,L,1767908520,1767908760,4449.86,,0
768,H,1767908820,1767909060,4452.92,,0
769,L,1767909060,1767909300,4449.72,,0
770,L,1767909480,1767909720,4449.77,769,0
771,L,1767910020,1767910260,4455.83,769,0
772,H,1767911760,1767912000,4478.16,,0
773,L,1767912360,1767912600,4472.05,,0
774,H,1767912660,1767912900,4477.98,,0
775,L,1767912900,1767913140,4473.70,,0
776,H,1767913200,1767913440,4479.35,,0
777,L,1767913680,1767913920,4477.19,,0
778,H,1767913800,1767914040,4479.49,,0
779,L,1767914520,1767914760,4472.75,,0
780,L,1767914880,1767915120,4473.12,779,0
781,L,1767915660,1767915900,4472.76,779,0
782,L,1767916500,1767920460,4476.08,779,0
783,H,1767920520,1767920760,4484.07,,0
784,L,1767920700,1767920940,4475.65,,0
785,H,1767920940,1767921180,4479.90,,0
786,L,1767921660,1767921900,4475.14,,0
787,H,1767921960,1767922200,4478.68,,0
788,L,1767922680,1767922920,4475.40,,0
789,H,1767922800,1767923040,4476.82,,0
790,L,1767923280,1767923520,4472.85,,0
791,H,1767923580,1767923820,4476.23,792,0
792,H,1767924000,1767924240,4476.62,,0
793,L,1767924060,1767924300,4473.96,,0
794,L,1767924420,1767924660,4474.01,793,0
795,H,1767924720,1767924960,4476.52,,0
796,L,1767925680,1767925920,4463.59,,0
797,L,1767925980,1767926220,4463.87,796,0
798,H,1767926040,1767926280,4468.76,,0
799,H,1767926520,1767926760,4468.00,798,0
800,L,1767927180,1767927420,4460.03,,0
801,H,1767927600,1767927840,4465.73,,0
802,L,1767928080,1767928320,4452.92,,0
803,H,1767928560,1767928800,4461.51,,0
804,H,1767929160,1767929400,4459.80,803,0
805,L,1767929340,1767929580,4456.11,,0
806,H,1767929700,1767929940,4460.11,,0
807,L,1767929820,1767930060,4456.25,,0
808,L,1767930600,1767930840,4462.67,807,0
809,H,1767931500,1767931740,4476.53,,0
810,L,1767932160,1767932400,4470.03,,0
811,H,1767932580,1767932820,4474.38,812,0
812,H,1767933000,1767933240,4475.45,,0
813,L,1767933120,1767933360,4468.38,,0
814,H,1767933360,1767933600,4472.70,,0
815,L,1767933540,1767933780,4468.30,,0
816,H,1767933840,1767934080,4473.70,,0
817,L,1767934440,1767934680,4465.69,,0
818,H,1767934740,1767934980,4470.43,,0
819,L,1767935100,1767935340,4464.14,820,0
820,L,1767935460,1767935700,4462.24,821,0
821,L,1767935880,1767936120,4462.18,,0
822,H,1767936060,1767936300,4466.41,,0
823,L,1767936240,1767936480,4461.07,824,0
824,L,1767936720,1767936960,4460.54,,0
825,H,1767937200,1767937440,4465.52,,0
826,L,1767937440,1767937680,4463.31,,0
827,H,1767937500,1767937740,4465.91,,0
828,L,1767937920,1767938160,4464.22,,0
829,H,1767938160,1767938400,4465.78,,0
830,L,1767938580,1767938820,4462.67,,0
831,H,1767939000,1767939240,4465.62,,0
832,L,1767939480,1767939720,4460.80,,0
833,H,1767939720,1767939960,4463.97,,0
834,L,1767940200,1767940440,4462.04,,0
835,H,1767940500,1767940740,4464.65,,0
836,L,1767940620,1767940860,4461.62,,0
837,H,1767940920,1767941160,4464.86,,0
838,L,1767941460,1767941700,4462.01,,0
839,H,1767941820,1767942060,4466.92,,0
840,L,1767942000,1767942240,4463.89,,0
841,H,1767942120,1767942360,4466.81,,0
842,H,1767942780,1767943020,4463.76,841,0
843,L,1767942960,1767943200,4460.19,,0
844,H,1767943200,1767943440,4463.95,,0
845,L,1767943440,1767943680,4458.32,,0
846,H,1767944100,1767944340,4471.79,,0
847,L,1767944220,1767944460,4468.54,848,0
848,L,1767944820,1767945060,4465.58,,0
849,L,1767945360,1767945600,4466.44,848,0
850,H,1767945660,1767945900,4471.01,,0
851,L,1767946080,1767946320,4466.27,852,0
852,L,1767946440,1767946680,4466.12,,0
853,H,1767946620,1767946860,4470.09,,0
854,L,1767946980,1767947220,4466.37,,0
855,H,1767947760,1767948000,4475.66,856,0
856,H,1767948480,1767948720,4477.44,,0
857,L,1767948900,1767949140,4472.75,858,0
858,L,1767949320,1767949560,4471.34,,0
859,H,1767949380,1767949620,4475.52,,0
860,L,1767950040,1767950280,4470.66,,0
861,H,1767950340,1767950580,4473.08,,0
862,L,1767950760,1767951000,4468.77,,0
863,H,1767951120,1767951360,4471.60,,0
864,L,1767951300,1767951540,4468.61,,0
865,L,1767951960,1767952200,4470.92,864,0
866,H,1767952020,1767952260,4473.20,,0
867,L,1767952260,1767952500,4469.82,,0
868,H,1767952380,1767952620,4473.55,,0
869,L,1767952920,1767953160,4466.40,,0
870,H,1767953280,1767953520,4476.61,871,0
871,H,1767953580,1767953820,4476.87,,0
872,L,1767953880,1767954120,4472.64,,0
873,H,1767954240,1767954480,4475.34,,0
874,L,1767955200,1767955440,4465.67,,0
875,H,1767955380,1767955620,4468.24,,0
876,L,1767955980,1767956220,4464.08,,0
877,L,1767957420,1767957660,4473.23,876,0
878,H,1767957600,1767957840,4477.63,,0
879,H,1767958320,1767958560,4475.15,878,0
880,L,1767958500,1767958740,4471.65,,0
881,H,1767958800,1767959040,4473.77,,0
882,L,1767959040,1767959280,4471.71,,0
883,H,1767959220,1767959460,4474.36,,0
884,L,1767959640,1767959880,4470.77,,0
885,H,1767959760,1767960000,4472.89,,0
886,L,1767960300,1767960540,4469.86,,0
887,H,1767960600,1767960840,4474.25,,0
888,L,1767960900,1767961140,4471.60,,0
889,H,1767961260,1767961500,4473.89,,0
890,L,1767961860,1767962100,4468.24,,0
891,H,1767962040,1767962280,4472.46,,0
892,H,1767962520,1767962760,4471.08,891,0
893,L,1767962940,1767963180,4467.13,,0
894,H,1767963780,1767964020,4474.74,,0
895,L,1767964140,1767964380,4470.01,,0
896,L,1767964800,1767965040,4471.58,895,0
897,H,1767964860,1767965100,4473.01,,0
898,L,1767965520,1767965760,4469.30,,0
899,H,1767965640,1767965880,4471.34,900,0
900,H,1767966000,1767966240,4471.92,,0
901,L,1767966360,1767966600,4468.78,,0
902,H,1767967560,1767967800,4480.48,,0
903,L,1767967980,1767968220,4472.13,904,0
904,L,1767969180,1767969420,4461.24,,0
905,L,1767969840,1767970080,4464.36,904,0
906,H,1767970080,1767970320,4468.28,,0
907,L,1767970440,1767970680,4463.77,,0
908,L,1767970860,1767971100,4463.85,907,0
909,H,1767971160,1767971400,4473.78,,0
910,L,1767972000,1767972240,4462.31,,0
911,H,1767972300,1767972540,4474.58,,0
912,L,1767972600,1767972840,4459.31,,0
913,H,1767973200,1767973440,4491.92,,0
914,L,1767973320,1767973560,4483.66,915,0
915,L,1767973920,1767974160,4479.06,,0
916,L,1767974340,1767974580,4480.14,915,0
917,H,1767974460,1767974700,4488.19,,0
918,L,1767974760,1767975000,4480.66,,0
919,H,1767975060,1767975300,4496.58,,0
920,L,1767975480,1767975720,4483.67,,0
921,H,1767975840,1767976080,4495.88,,0
922,L,1767976380,1767976620,4482.65,,0
923,H,1767976680,1767976920,4498.07,,0
924,L,1767977460,1767977700,4479.28,,0
925,H,1767978240,1767978480,4499.07,,0
926,L,1767978300,1767978540,4490.30,,0
927,H,1767978540,1767978780,4500.28,,0
928,L,1767978660,1767978900,4493.54,929,0
929,L,1767978960,1767979200,4493.51,,0
930,H,1767979440,1767979680,4511.00,,0
931,L,1767979740,1767979980,4504.27,,0
932,H,1767979860,1767980100,4511.85,933,0
933,H,1767980520,1767980760,4517.18,,0
934,L,1767980940,1767981180,4508.55,,0
935,H,1767981720,1767981960,4514.35,,0
936,L,1767982380,1767982620,4499.85,,0
937,H,1767982800,1767983040,4507.08,,0
938,L,1767983100,1767983340,4500.39,,0
939,H,1767983340,1767983580,4505.67,940,0
940,H,1767983880,1767984120,4506.96,,0
941,L,1767984180,1767984420,4501.45,,0
942,H,1767984840,1767985080,4508.04,943,0
943,H,1767985380,1767985620,4511.46,,0
944,L,1767985440,1767985680,4504.55,,0
945,H,1767985800,1767986040,4510.47,,0
946,L,1767986580,1767986820,4502.08,,0
947,H,1767987240,1767987480,4510.14,,0
948,L,1767988560,1767988800,4482.12,,0
949,H,1767989280,1767989520,4493.26,,0
950,L,1767989400,1767989640,4488.13,,0
951,H,1767989820,1767990060,4494.20,,0
952,L,1767990000,1767990240,4489.82,,0
953,H,1767990120,1767990360,4494.60,,0
954,L,1767990480,1767990720,4489.80,,0
955,H,1767991200,1767991440,4504.56,,0
956,L,1767992040,1767992280,4495.41,,0
957,H,1767992220,1767992460,4498.49,,0
958,L,1767992340,1767992580,4495.39,959,0
959,L,1767992760,1767993000,4492.81,,0
960,H,1767993480,1767993720,4499.53,,0
961,L,1767993660,1767993900,4497.44,,0
962,H,1767993840,1767994080,4501.67,,0
963,L,1767994200,1767994440,4496.00,,0
964,H,1767994740,1767994980,4500.31,,0
965,L,1767994860,1767995100,4496.35,,0
966,H,1767995580,1767995820,4501.89,,0
967,L,1767996000,1767996240,4497.88,,0
968,H,1767996240,1767996480,4502.01,,0
969,L,1767996360,1767996600,4499.70,,0
970,H,1767997080,1767997320,4509.46,,0
971,L,1767997200,1767997440,4503.44,972,0
972,L,1767997860,1767998100,4503.43,,0
973,H,1767998100,1767998340,4506.07,974,0
974,H,1767999540,1767999780,4510.15,,0
975,L,1767999660,1767999900,4505.88,,0
976,H,1767999900,1768000140,4507.50,,0
977,L,1768000140,1768000380,4505.05,,0
978,H,1768000920,1768001160,4510.46,,0
979,L,1768001040,1768001280,4509.37,980,0
980,L,1768001760,1768002000,4506.55,981,0
981,L,1768002120,1768002360,4506.12,,0
982,H,1768002240,1768002480,4511.23,,0
983,L,1768002660,1768002900,4508.27,,0
984,L,1768002960,1768179780,4508.67,983,0
985,L,1768180320,1768180560,4522.85,983,0
986,L,1768181280,1768181520,4533.83,983,0
987,H,1768181580,1768181820,4539.12,,0
988,L,1768181700,1768181940,4533.34,,0
989,H,1768182180,1768182420,4544.93,,0
990,L,1768182600,1768182840,4538.78,,0
991,H,1768182780,1768183020,4543.50,,0
992,L,1768183200,1768183440,4536.38,,0
993,H,1768184460,1768184700,4564.76,,0
994,L,1768184640,1768184880,4556.78,,0
995,H,1768186080,1768186320,4597.56,996,0
996,H,1768186500,1768186740,4601.22,,0
997,H,1768186860,1768187100,4595.03,996,0
998,H,1768187400,1768187640,4591.21,996,0
999,L,1768187940,1768188180,4573.98,,0
1000,H,1768188240,1768188480,4582.27,,0
1001,L,1768188480,1768188720,4575.80,,0
1002,H,1768188780,1768189020,4584.20,,0
1003,H,1768189200,1768189440,4583.05,1002,0
1004,L,1768189440,1768189680,4571.96,,0
1005,H,1768190040,1768190280,4579.01,,0
1006,L,1768190940,1768191180,4561.91,,0
1007,L,1768191300,1768191540,4564.51,1006,0
1008,H,1768191660,1768191900,4570.25,,0
1009,L,1768191780,1768192020,4566.46,1010,0
1010,L,1768192260,1768192500,4562.60,,0
1011,H,1768193220,1768193460,4582.15,,0
1012,L,1768193580,1768193820,4573.69,,0
1013,H,1768194000,1768194240,4579.40,,0
1014,L,1768194120,1768194360,4575.20,,0
1015,H,1768194300,1768194540,4580.50,,0
1016,L,1768194600,1768194840,4576.40,,0
1017,H,1768194900,1768195140,4580.41,,0
1018,L,1768195320,1768195560,4576.38,,0
1019,H,1768195800,1768196040,4581.39,,0
1020,L,1768196220,1768196460,4575.68,1021,0
1021,L,1768197000,1768197240,4567.83,,0
1022,H,1768197300,1768197540,4573.99,,0
1023,L,1768197720,1768197960,4565.81,1024,0
1024,L,1768198020,1768198260,4565.65,,0
1025,H,1768198980,1768199220,4572.16,,0
1026,L,1768199700,1768199940,4563.37,,0
1027,H,1768199880,1768200120,4568.29,1028,0
1028,H,1768200540,1768200780,4570.26,,0
1029,L,1768200960,1768201200,4566.23,1030,0
1030,L,1768201260,1768201500,4566.18,,0
1031,L,1768201560,1768201800,4567.37,1030,0
1032,H,1768201680,1768201920,4570.56,,0
1033,L,1768201920,1768202160,4568.17,,0
1034,H,1768202220,1768202460,4573.17,,0
1035,L,1768202460,1768202700,4571.02,1036,0
1036,L,1768203000,1768203240,4570.07,,0
1037,H,1768203240,1768203480,4578.38,,0
1038,L,1768203540,1768203780,4575.19,,0
1039,H,1768204140,1768204380,4585.02,,0
1040,L,1768205760,1768206000,4569.84,,0
1041,H,1768206480,1768206720,4575.98,,0
1042,L,1768206540,1768206780,4573.36,,0
1043,H,1768206900,1768207140,4576.18,,0
1044,L,1768207260,1768207500,4572.08,,0
1045,H,1768207440,1768207680,4576.41,1046,0
1046,H,1768207980,1768208220,4579.95,,0
1047,L,1768208460,1768208700,4574.82,,0
1048,H,1768209840,1768210080,4587.59,,0
1049,L,1768210080,1768210320,4579.03,,0
1050,H,1768210260,1768210500,4582.58,,0
1051,L,1768210500,1768210740,4578.72,,0
1052,H,1768210740,1768210980,4585.41,1053,0
1053,H,1768211880,1768212120,4589.66,,0
1054,L,1768212000,1768212240,4585.36,,0
1055,H,1768212180,1768212420,4589.49,,0
1056,L,1768212960,1768213200,4579.51,,0
1057,H,1768213200,1768213440,4584.12,1058,0
1058,H,1768213620,1768213860,4584.48,,0
1059,L,1768213680,1768213920,4581.38,,0
1060,H,1768214340,1768214580,4589.59,,0
1061,L,1768214700,1768214940,4585.21,,0
1062,H,1768215120,1768215360,4598.42,,0
1063,L,1768215360,1768215600,4594.46,1064,0
1064,L,1768215660,1768215900,4593.42,,0
1065,L,1768216020,1768216260,4593.53,1064,0
1066,L,1768216860,1768217100,4594.16,1064,0
1067,H,1768217100,1768217340,4599.36,,0
1068,L,1768217940,1768218180,4593.56,,0
1069,H,1768218060,1768218300,4596.91,,0
1070,L,1768218600,1768218840,4590.17,1071,0
1071,L,1768219140,1768219380,4587.73,,0
1072,H,1768219260,1768219500,4593.43,,0
1073,L,1768219800,1768220040,4586.10,,0
1074,H,1768220100,1768220340,4592.58,,0
1075,L,1768220520,1768220760,4588.90,,0
1076,H,1768221000,1768221240,4594.64,,0
1077,L,1768221240,1768221480,4586.74,,0
1078,H,1768221660,1768221900,4593.86,,0
1079,L,1768221900,1768222140,4589.65,,0
1080,H,1768222680,1768222920,4595.46,,0
1081,L,1768223040,1768223280,4591.90,,0
1082,H,1768223220,1768223460,4593.51,1083,0
1083,H,1768223820,1768224060,4593.98,,0
1084,L,1768224360,1768224600,4583.93,,0
1085,H,1768225500,1768225740,4592.12,,0
1086,L,1768226220,1768226460,4581.83,,0
1087,H,1768226520,1768226760,4586.76,,0
1088,L,1768226880,1768227120,4579.66,,0
1089,H,1768227060,1768227300,4585.35,,0
1090,L,1768227480,1768227720,4579.02,1091,0
1091,L,1768227780,1768228020,4578.53,,0
1092,H,1768227900,1768228140,4582.87,1093,0
1093,H,1768228620,1768228860,4586.11,,0
1094,L,1768229280,1768229520,4585.40,,0
1095,H,1768229520,1768229760,4589.75,,0
1096,L,1768229760,1768230000,4587.55,,0
1097,H,1768230960,1768231200,4610.68,1098,0
1098,H,1768231440,1768231680,4611.10,,0
1099,L,1768231620,1768231860,4604.49,,0
1100,H,1768232400,1768232640,4613.27,,0
1101,L,1768232460,1768232700,4606.42,,0
1102,H,1768233300,1768233540,4620.34,,0
1103,L,1768234200,1768234440,4592.69,1104,0
1104,L,1768234560,1768234800,4590.71,,0
1105,H,1768234860,1768235100,4599.58,,0
1106,L,1768235220,1768235460,4585.05,,0
1107,H,1768235580,1768235820,4601.15,,0
1108,L,1768235760,1768236000,4592.33,,0
1109,H,1768235940,1768236180,4611.44,,0
1110,L,1768236480,1768236720,4597.44,,0
1111,H,1768236780,1768237020,4608.08,,0
1112,L,1768237080,1768237320,4600.66,,0
1113,H,1768238040,1768238280,4619.33,,0
1114,L,1768238160,1768238400,4612.86,1115,0
1115,L,1768238520,1768238760,4610.47,,0
1116,H,1768238760,1768239000,4622.20,1117,0
1117,H,1768239420,1768239660,4627.47,,0
1118,L,1768239660,1768239900,4622.20,1119,0
1119,L,1768240020,1768240260,4619.13,1120,0
1120,L,1768240500,1768240740,4618.08,1121,0
1121,L,1768240980,1768241220,4617.57,,0
1122,L,1768241520,1768241760,4622.66,1121,0
1123,H,1768241880,1768242120,4630.21,,0
1124,H,1768242900,1768243140,4623.20,1123,0
1125,L,1768243200,1768243440,4607.91,,0
1126,L,1768244280,1768244520,4614.85,1125,0
1127,H,1768244580,1768244820,4618.51,,0
1128,L,1768244940,1768245180,4613.72,,0
1129,H,1768245480,1768245720,4618.43,,0
1130,L,1768245660,1768245900,4612.17,,0
1131,H,1768245900,1768246140,4617.74,,0
1132,L,1768246500,1768246740,4610.75,,0
1133,H,1768246740,1768246980,4615.51,1134,0
1134,H,1768247520,1768247760,4620.55,,0
1135,L,1768249200,1768249440,4601.83,,0
1136,H,1768249320,1768249560,4607.94,,0
1137,L,1768249560,1768249800,4600.59,,0
1138,H,1768250040,1768250280,4610.88,,0
1139,H,1768250400,1768250640,4610.73,1138,0
1140,L,1768250640,1768250880,4605.35,,0
1141,H,1768250760,1768251000,4609.74,,0
1142,L,1768251060,1768251300,4603.72,,0
1143,H,1768251600,1768251840,4611.31,,0
1144,L,1768251900,1768252140,4608.78,,0
1145,H,1768252560,1768252800,4615.09,,0
1146,L,1768252920,1768253160,4612.71,,0
1147,H,1768253460,1768253700,4618.91,,0
1148,L,1768253820,1768254060,4615.35,,0
1149,H,1768254120,1768254360,4617.08,,1
1150,L,1768254120,1768254360,4614.15,,1
1151,H,1768255200,1768255440,4611.71,,0
1152,L,1768255740,1768255980,4600.16,1153,0
1153,L,1768256160,1768256400,4599.72,,0
1154,H,1768256220,1768256460,4604.41,,0
1155,L,1768257000,1768257240,4601.24,,0
1156,H,1768257120,1768257360,4604.63,,0
1157,L,1768257300,1768257540,4601.34,,0
1158,H,1768257540,1768257780,4604.73,,0
1159,L,1768257960,1768258200,4591.81,,0
1160,H,1768258680,1768258920,4599.33,,0
1161,L,1768258980,1768259220,4591.21,,0
1162,H,1768259280,1768259520,4596.95,,0
1163,L,1768259520,1768259760,4591.78,1164,0
1164,L,1768259940,1768260180,4591.08,,0
1165,H,1768260060,1768260300,4594.28,1166,0
1166,H,1768260600,1768260840,4595.21,,0
1167,L,1768261620,1768261860,4589.36,,0
1168,H,1768261800,1768262040,4594.21,1169,0
1169,H,1768266000,1768266240,4608.15,,0
1170,L,1768266720,1768266960,4578.12,,0
1171,H,1768266960,1768267200,4587.58,,0
1172,L,1768267320,1768267560,4582.73,,0
1173,H,1768267560,1768267800,4588.61,,0
1174,L,1768267920,1768268160,4584.13,,0
1175,H,1768268040,1768268280,4590.16,,0
1176,H,1768268400,1768268640,4589.85,1175,0
1177,L,1768268640,1768268880,4585.97,,0
1178,H,1768268700,1768268940,4590.04,1179,0
1179,H,1768269540,1768269780,4599.58,,0
1180,L,1768270200,1768270440,4592.25,,0
1181,H,1768270320,1768270560,4594.71,,0
1182,L,1768270500,1768270740,4592.00,,0
1183,H,1768270680,1768270920,4595.96,,0
1184,L,1768270980,1768271220,4590.99,1185,0
1185,L,1768271400,1768271640,4587.30,1186,0
1186,L,1768271880,1768272120,4584.56,,0
1187,H,1768272360,1768272600,4590.83,1188,0
1188,H,1768273080,1768273320,4592.07,,0
1189,L,1768273440,1768273680,4581.73,,0
1190,H,1768273920,1768274160,4595.79,,0
1191,L,1768274280,1768274520,4584.81,1192,0
1192,L,1768275120,1768275360,4575.68,,0
1193,H,1768275660,1768275900,4587.24,,0
1194,L,1768276020,1768276260,4581.06,1195,0
1195,L,1768276800,1768277040,4576.76,,0
1196,H,1768277220,1768277460,4590.57,,0
1197,L,1768277760,1768278000,4584.09,,0
1198,H,1768278300,1768278540,4587.38,,0
1199,L,1768278600,1768278840,4582.14,,0
1200,H,1768278780,1768279020,4589.45,,0
1201,L,1768279020,1768279260,4585.64,,0
1202,L,1768279380,1768279620,4586.98,1201,0
1203,H,1768279860,1768280100,4595.13,,0
1204,H,1768280160,1768280400,4594.88,1203,0
1205,L,1768280220,1768280460,4592.37,,0
1206,H,1768281120,1768281360,4599.67,,0
1207,L,1768281540,1768281780,4596.18,,0
1208,H,1768281660,1768281900,4598.74,,0
1209,L,1768282260,1768282500,4594.83,,0
1210,H,1768282740,1768282980,4598.17,,0
1211,L,1768283520,1768283760,4592.55,,0
1212,H,1768283760,1768284000,4595.12,,0
1213,L,1768283940,1768284180,4593.01,,0
1214,H,1768284300,1768284540,4596.63,,0
1215,L,1768285140,1768285380,4597.17,,0
1216,H,1768285200,1768285440,4599.67,,0
1217,L,1768285680,1768285920,4596.53,,0
1218,H,1768285740,1768285980,4598.39,,0
1219,L,1768286340,1768286580,4594.68,,0
1220,H,1768286640,1768286880,4599.88,,0
1221,L,1768287060,1768287300,4596.17,,0
1222,L,1768287540,1768287780,4596.23,1221,0
1223,H,1768287600,1768287840,4598.41,,0
1224,L,1768287960,1768288200,4591.95,,0
1225,L,1768288260,1768288500,4592.10,1224,0
1226,H,1768288500,1768288740,4596.47,1227,0
1227,H,1768289400,1768289640,4602.21,,0
1228,L,1768289580,1768289820,4585.72,,0
1229,H,1768290300,1768290540,4596.19,,0
1230,L,1768290600,1768290840,4591.24,,0
1231,H,1768290780,1768291020,4595.36,,0
1232,H,1768291500,1768291740,4592.38,1231,0
1233,L,1768291800,1768292040,4588.05,,0
1234,H,1768291860,1768292100,4591.26,,0
1235,L,1768292160,1768292400,4587.37,,0
1236,H,1768292400,1768292640,4590.85,,0
1237,L,1768292580,1768292820,4584.75,,0
1238,H,1768293120,1768293360,4586.04,,0
1239,L,1768293660,1768293900,4573.76,,0
1240,H,1768294380,1768294620,4583.39,,0
1241,L,1768294500,1768294740,4578.85,,0
1242,H,1768294800,1768295040,4583.35,,0
1243,L,1768294920,1768295160,4579.09,,0
1244,H,1768295340,1768295580,4585.37,,0
1245,L,1768296120,1768296360,4578.92,,0
1246,H,1768296600,1768296840,4587.10,,0
1247,H,1768297200,1768297440,4585.40,1246,0
1248,L,1768297560,1768297800,4578.01,,0
1249,H,1768297920,1768298160,4580.51,,0
1250,L,1768298100,1768298340,4577.52,,0
1251,H,1768299060,1768299300,4591.70,,0
1252,L,1768299360,1768299600,4584.96,,0
1253,H,1768299600,1768299840,4589.74,,0
1254,L,1768299780,1768300020,4586.67,,0
1255,H,1768300500,1768300740,4597.06,,0
1256,L,1768301160,1768301400,4592.42,,0
1257,H,1768301280,1768301520,4595.45,,0
1258,L,1768301880,1768302120,4591.84,,0
1259,H,1768302060,1768302300,4594.28,,0
1260,L,1768302180,1768302420,4589.62,,0
1261,H,1768302480,1768302720,4595.66,,0
1262,H,1768302960,1768303200,4595.11,1261,0
1263,L,1768303140,1768303380,4591.56,1264,0
1264,L,1768303620,1768303860,4588.08,,0
1265,H,1768303860,1768304100,4590.15,,0
1266,L,1768304220,1768304460,4588.35,1267,0
1267,L,1768304520,1768304760,4586.69,,0
1268,H,1768304640,1768304880,4592.06,,0
1269,L,1768305300,1768305540,4585.74,1270,0
1270,L,1768306320,1768306560,4580.50,,0
1271,H,1768306440,1768306680,4584.20,,0
1272,L,1768306620,1768306860,4580.98,,0
1273,H,1768306920,1768307160,4586.28,,0
1274,L,1768307460,1768307700,4581.80,,0
1275,L,1768307760,1768308000,4581.87,1274,0
1276,H,1768308180,1768308420,4588.34,,0
1277,L,1768308600,1768308840,4584.80,,0
1278,H,1768308780,1768309020,4587.26,,0
1279,L,1768309020,1768309260,4585.49,,0
1280,H,1768309320,1768309560,4588.92,,0
1281,L,1768310160,1768310400,4582.19,,0
1282,H,1768310400,1768310640,4586.51,1283,0
1283,H,1768310820,1768311060,4589.11,,0
1284,L,1768311420,1768311660,4585.09,,0
1285,H,1768311900,1768312140,4591.30,,0
1286,L,1768312080,1768312320,4587.38,,0
1287,H,1768312380,1768312620,4592.06,,0
1288,L,1768312500,1768312740,4586.33,,0
1289,H,1768312800,1768313040,4589.23,,0
1290,L,1768313700,1768313940,4583.20,,0
1291,H,1768313880,1768314120,4584.77,,0
1292,L,1768314480,1768314720,4577.86,,0
1293,H,1768314540,1768314780,4581.03,1294,0
1294,H,1768315920,1768316160,4593.57,,0
1295,L,1768316460,1768316700,4590.84,,0
1296,H,1768317180,1768317420,4606.37,,0
1297,L,1768317600,1768317840,4599.65,,0
1298,H,1768317840,1768318080,4606.41,,0
1299,L,1768317960,1768318200,4599.73,,0
1300,H,1768318200,1768318440,4614.59,1301,0
1301,H,1768318500,1768318740,4616.22,,0
1302,L,1768318680,1768318920,4609.46,,0
1303,H,1768319160,1768319400,4620.91,,0
1304,H,1768319460,1768319700,4619.00,1303,0
1305,L,1768319760,1768320000,4607.16,,0
1306,H,1768320840,1768321080,4619.05,,0
1307,L,1768321200,1768321440,4614.54,,0
1308,H,1768321440,1768321680,4623.63,,0
1309,L,1768321980,1768322220,4611.66,,0
1310,H,1768322220,1768322460,4620.73,,0
1311,L,1768322280,1768322520,4613.22,,0
1312,H,1768323000,1768323240,4634.67,,0
1313,L,1768323240,1768323480,4623.01,,0
1314,H,1768323540,1768323780,4633.04,,0
1315,L,1768323840,1768324080,4614.40,,0
1316,H,1768323960,1768324200,4622.63,1317,0
1317,H,1768324380,1768324620,4624.46,,0
1318,H,1768324920,1768325160,4610.77,1317,0
1319,L,1768324980,1768325220,4600.92,,0
1320,H,1768325640,1768325880,4614.08,,0
1321,L,1768325880,1768326120,4605.21,,0
1322,H,1768326420,1768326660,4618.27,,0
1323,L,1768326660,1768326900,4613.03,,0
1324,H,1768327260,1768327500,4620.81,,0
1325,L,1768327740,1768327980,4606.74,,0
1326,H,1768327980,1768328220,4613.92,,0
1327,L,1768328880,1768329120,4593.12,,0
1328,L,1768329420,1768329660,4601.23,1327,0
1329,L,1768330380,1768330620,4610.16,1327,0
1330,H,1768331040,1768331280,4616.05,,0
1331,L,1768331760,1768332000,4606.44,,0
1332,H,1768332240,1768332480,4612.59,,0
1333,L,1768332360,1768332600,4606.63,1334,0
1334,L,1768332660,1768332900,4603.16,,0
1335,H,1768332960,1768333200,4612.04,,0
1336,L,1768334580,1768334820,4586.49,,0
1337,H,1768334940,1768335180,4594.45,1338,0
1338,H,1768335300,1768335540,4595.02,,0
1339,L,1768335660,1768335900,4581.22,,0
1340,H,1768337220,1768337460,4601.98,,0
1341,L,1768338180,1768338420,4584.32,,0
1342,H,1768338900,1768339140,4597.20,,0
1343,L,1768338960,1768339200,4584.75,,0
1344,L,1768339440,1768339680,4591.14,1343,0
1345,H,1768339560,1768339800,4595.11,,0
1346,L,1768339920,1768340160,4592.59,,0
1347,H,1768340400,1768340640,4598.84,,0
1348,L,1768340880,1768341120,4590.70,,0
1349,H,1768341420,1768341660,4598.94,,0
1350,L,1768341900,1768342140,4590.43,,0
1351,H,1768342320,1768342560,4594.58,,0
1352,L,1768342560,1768342800,4590.81,,0
1353,H,1768342620,1768342860,4595.30,,0
1354,L,1768342920,1768343160,4591.45,1355,0
1355,L,1768343700,1768343940,4569.69,,0
1356,H,1768344540,1768344780,4589.30,,0
1357,L,1768344960,1768345200,4582.45,,0
1358,H,1768345200,1768345440,4589.33,,0
1359,H,1768345500,1768345740,4588.43,1358,0
1360,H,1768345980,1768346220,4587.37,1358,0
1361,L,1768346100,1768346340,4582.81,,0
1362,H,1768346820,1768347060,4589.52,,0
1363,L,1768347060,1768347300,4585.97,,0
1364,H,1768347300,1768347540,4589.53,,0
1365,L,1768347420,1768347660,4585.66,,0
1366,H,1768347900,1768348140,4589.84,,0
1367,L,1768348620,1768352580,4586.24,,0
1368,H,1768352520,1768352760,4592.64,1369,0
1369,H,1768352880,1768353120,4595.29,1370,0
1370,H,1768353300,1768353540,4596.79,,0
1371,L,1768353420,1768353660,4593.01,,0
1372,L,1768353780,1768354020,4594.33,1371,0
1373,H,1768353900,1768354140,4597.81,,0
1374,L,1768354380,1768354620,4594.72,,0
1375,H,1768354800,1768355040,4596.77,,0
1376,L,1768354920,1768355160,4593.27,,0
1377,L,1768355460,1768355700,4594.52,1376,0
1378,L,1768355940,1768356180,4596.93,1376,0
1379,H,1768356480,1768356720,4607.83,,0
1380,L,1768356840,1768357080,4604.76,,0
1381,H,1768356960,1768357200,4607.50,,0
1382,L,1768357440,1768357680,4603.09,,0
1383,H,1768357620,1768357860,4610.62,,0
1384,L,1768358100,1768358340,4607.01,,0
1385,H,1768358520,1768358760,4610.73,,0
1386,L,1768359000,1768359240,4604.75,,0
1387,H,1768359060,1768359300,4607.36,1388,0
1388,H,1768359960,1768360200,4616.12,,0
1389,L,1768360200,1768360440,4610.62,,0
1390,L,1768360500,1768360740,4613.14,1389,0
1391,H,1768360800,1768361040,4618.39,,0
1392,L,1768361100,1768361340,4611.94,,0
1393,H,1768361220,1768361460,4616.46,,0
1394,L,1768361400,1768361640,4613.59,,0
1395,H,1768362000,1768362240,4618.73,,0
1396,L,1768362600,1768362840,4613.62,,0
1397,L,1768363200,1768363440,4617.00,1396,0
1398,H,1768363380,1768363620,4620.82,,0
1399,L,1768363740,1768363980,4614.28,,0
1400,L,1768364160,1768364400,4616.66,1399,0
1401,H,1768364640,1768364880,4621.30,,0
1402,L,1768365060,1768365300,4618.10,,0
1403,H,1768365120,1768365360,4622.70,,0
1404,H,1768365720,1768365960,4622.36,1403,0
1405,L,1768365900,1768366140,4618.28,,0
1406,H,1768366080,1768366320,4623.67,,0
1407,L,1768366380,1768366620,4619.27,,0
1408,H,1768366860,1768367100,4622.79,,0
1409,H,1768367160,1768367400,4622.49,1408,0
1410,L,1768367460,1768367700,4617.66,,0
1411,H,1768367940,1768368180,4621.61,,0
1412,L,1768368540,1768368780,4613.42,,0
1413,H,1768369140,1768369380,4625.68,,0
1414,L,1768369320,1768369560,4622.54,,0
1415,H,1768369560,1768369800,4625.01,1416,0
1416,H,1768370280,1768370520,4630.00,1417,0
1417,H,1768370580,1768370820,4630.08,,0
1418,L,1768371060,1768371300,4626.84,,0
1419,H,1768371420,1768371660,4630.01,,0
1420,L,1768372140,1768372380,4625.33,,0
1421,H,1768372620,1768372860,4629.89,,0
1422,L,1768373100,1768373340,4626.98,,0
1423,H,1768373700,1768373940,4630.44,,0
1424,L,1768373880,1768374120,4627.87,,0
1425,H,1768374180,1768374420,4639.65,,0
1426,L,1768374780,1768375020,4633.20,1427,0
1427,L,1768375320,1768375560,4631.01,,0
1428,L,1768375800,1768376040,4631.95,1427,0
1429,H,1768376040,1768376280,4639.60,,0
1430,H,1768376580,1768376820,4639.12,1429,0
1431,L,1768376760,1768377000,4634.85,,0
1432,H,1768376940,1768377180,4639.53,,0
1433,L,1768377480,1768377720,4618.02,,0
1434,H,1768377960,1768378200,4629.01,1435,0
1435,H,1768378440,1768378680,4635.12,,0
1436,L,1768378860,1768379100,4630.91,,0
1437,H,1768379100,1768379340,4635.33,,0
1438,L,1768379700,1768379940,4626.02,,0
1439,H,1768380360,1768380600,4634.76,,0
1440,L,1768380720,1768380960,4630.57,,0
1441,H,1768381200,1768381440,4638.38,,1
1442,L,1768381200,1768381440,4632.59,1443,1
1443,L,1768381920,1768382160,4631.61,,0
1444,L,1768382460,1768382700,4633.40,1443,0
1445,H,1768382820,1768383060,4639.59,,0
1446,L,1768383120,1768383360,4633.95,,0
1447,H,1768383300,1768383540,4638.28,,0
1448,L,1768383660,1768383900,4635.24,,0
1449,H,1768383780,1768384020,4638.45,,0
1450,L,1768383960,1768384200,4634.49,,0
1451,H,1768384200,1768384440,4637.01,,0
1452,L,1768384800,1768385040,4630.69,,0
1453,H,1768384980,1768385220,4634.13,,0
1454,L,1768385400,1768385640,4623.67,1455,0
1455,L,1768386060,1768386300,4622.89,,0
1456,H,1768386180,1768386420,4628.80,,0
1457,L,1768386480,1768386720,4622.03,,0
1458,H,1768387620,1768387860,4637.97,,0
1459,L,1768388280,1768388520,4632.79,,0
1460,L,1768389000,1768389240,4635.56,1459,0
1461,H,1768389540,1768389780,4639.55,,0
1462,L,1768389720,1768389960,4636.42,,0
1463,H,1768390020,1768390260,4638.04,,0
1464,L,1768391100,1768391340,4627.11,,0
1465,H,1768391400,1768391640,4631.80,,0
1466,L,1768391700,1768391940,4627.97,,0
1467,H,1768392000,1768392240,4631.10,,0
1468,L,1768392060,1768392300,4627.86,,0
1469,H,1768392360,1768392600,4632.44,,0
1470,L,1768392600,1768392840,4628.19,,0
1471,H,1768393320,1768393560,4636.08,,0
1472,L,1768393440,1768393680,4632.17,,0
1473,H,1768393680,1768393920,4636.98,,0
1474,L,1768393800,1768394040,4632.37,,0
1475,L,1768394160,1768394400,4633.54,1474,0
1476,H,1768394580,1768394820,4638.22,,0
1477,L,1768394940,1768395180,4633.27,,0
1478,H,1768395060,1768395300,4635.92,,0
1479,L,1768395720,1768395960,4630.37,,0
1480,H,1768395900,1768396140,4636.60,1481,0
1481,H,1768396620,1768396860,4637.49,,0
1482,L,1768396920,1768397160,4633.29,,0
1483,H,1768397100,1768397340,4636.56,,0
1484,L,1768397640,1768397880,4627.49,,0
1485,H,1768398060,1768398300,4631.61,,0
1486,L,1768398780,1768399020,4626.11,,0
1487,H,1768398900,1768399140,4631.52,,0
1488,L,1768399080,1768399320,4627.59,,0
1489,H,1768399320,1768399560,4637.64,1490,0
1490,H,1768399860,1768400100,4638.51,,0
1491,L,1768400160,1768400400,4634.03,,0
1492,H,1768400340,1768400580,4636.76,,0
1493,L,1768400520,1768400760,4634.39,,0
1494,H,1768400700,1768400940,4638.99,,0
1495,H,1768401120,1768401360,4638.23,1494,0
1496,H,1768401660,1768401900,4636.55,1494,0
1497,L,1768401900,1768402140,4633.78,,0
1498,H,1768402740,1768402980,4641.86,,0
1499,L,1768403640,1768403880,4627.47,,0
1500,L,1768404000,1768404240,4627.67,1499,0
1501,H,1768404240,1768404480,4635.30,,0
1502,L,1768404600,1768404840,4624.24,,0
1503,H,1768404720,1768404960,4633.68,,0
1504,L,1768404900,1768405140,4625.16,,0
1505,H,1768405380,1768405620,4637.23,,0
1506,L,1768405800,1768406040,4629.42,,0
1507,L,1768406400,1768406640,4633.09,1506,0
1508,H,1768406580,1768406820,4638.87,,0
1509,L,1768406880,1768407120,4629.76,,0
1510,H,1768407300,1768407540,4635.43,,0
1511,L,1768407360,1768407600,4631.16,,0
1512,H,1768407660,1768407900,4638.01,,0
1513,L,1768408980,1768409220,4614.10,1514,0
1514,L,1768409400,1768409640,4606.84,,0
1515,H,1768409940,1768410180,4619.17,,0
1516,L,1768410240,1768410480,4602.84,1517,0
1517,L,1768410540,1768410780,4599.36,,0
1518,H,1768411320,1768411560,4626.59,,0
1519,L,1768412040,1768412280,4610.06,,0
1520,H,1768412400,1768412640,4621.93,,0
1521,L,1768412640,1768412880,4611.63,1522,0
1522,L,1768413180,1768413420,4610.58,,0
1523,L,1768413660,1768413900,4615.59,1522,0
1524,H,1768414020,1768414260,4621.49,,0
1525,L,1768414200,1768414440,4615.03,,0
1526,H,1768415100,1768415340,4624.84,,0
1527,L,1768415220,1768415460,4619.25,,0
1528,H,1768415400,1768415640,4623.20,,0
1529,L,1768416060,1768416300,4613.90,,0
1530,H,1768416240,1768416480,4618.38,,0
1531,L,1768416600,1768416840,4610.10,1532,0
1532,L,1768416900,1768417140,4608.67,,0
1533,H,1768417320,1768417560,4619.06,,0
1534,L,1768417680,1768417920,4609.99,,0
1535,H,1768418040,1768418280,4617.34,,0
1536,L,1768418760,1768419000,4605.66,,0
1537,H,1768419060,1768419300,4612.06,,0
1538,L,1768419180,1768419420,4605.77,,0
1539,H,1768419480,1768419720,4611.73,,0
1540,L,1768419780,1768420020,4601.28,,0
1541,L,1768420440,1768420680,4608.90,1540,0
1542,L,1768420860,1768421100,4612.83,1540,0
1543,L,1768421400,1768421640,4620.33,1540,0
1544,H,1768421940,1768422180,4629.38,,0
1545,L,1768422240,1768422480,4624.79,,0
1546,H,1768422720,1768422960,4632.46,,0
1547,L,1768423140,1768423380,4628.14,,0
1548,H,1768423380,1768423620,4633.55,1549,0
1549,H,1768423980,1768424220,4636.63,1550,0
1550,H,1768424520,1768424760,4642.94,,0
1551,L,1768424700,1768424940,4634.09,1552,0
1552,L,1768425120,1768425360,4633.40,,0
1553,L,1768425660,1768425900,4636.13,1552,0
1554,H,1768425960,1768426200,4640.08,,0
1555,L,1768426200,1768426440,4634.68,,0
1556,H,1768426320,1768426560,4638.06,,0
1557,L,1768426620,1768426860,4634.60,,0
1558,H,1768426740,1768426980,4640.43,1559,0
1559,H,1768427100,1768427340,4640.92,,0
1560,L,1768427160,1768427400,4638.55,,0
1561,H,1768427460,1768427700,4641.47,,0
1562,L,1768427700,1768427940,4635.83,,0
1563,H,1768428060,1768428300,4641.07,,0
1564,L,1768428120,1768428360,4627.07,1565,0
1565,L,1768428420,1768428660,4626.15,,0
1566,H,1768428660,1768428900,4641.60,,0
1567,L,1768429080,1768429320,4630.88,,0
1568,H,1768429800,1768430040,4635.50,,0
1569,L,1768430220,1768430460,4626.41,,0
1570,H,1768430340,1768430580,4634.31,,0
1571,L,1768430700,1768430940,4625.78,,0
1572,H,1768431420,1768431660,4633.15,,0
1573,L,1768431660,1768431900,4629.52,1574,0
1574,L,1768432020,1768432260,4628.76,1575,0
1575,L,1768432620,1768432860,4622.60,,0
1576,H,1768432860,1768433100,4626.90,,0
1577,L,1768433160,1768433400,4621.01,,0
1578,H,1768433580,1768433820,4623.33,,0
1579,L,1768433820,1768434060,4619.74,1580,0
1580,L,1768434180,1768434420,4617.87,,0
1581,H,1768438860,1768439100,4632.59,,0
1582,L,1768439400,1768439640,4612.36,,0
1583,H,1768439760,1768440000,4618.61,,0
1584,L,1768440360,1768440600,4605.50,,0
1585,H,1768440960,1768441200,4612.97,,0
1586,L,1768441260,1768441500,4602.92,,0
1587,H,1768441680,1768441920,4614.50,,0
1588,L,1768441980,1768442220,4610.07,,0
1589,H,1768442280,1768442520,4616.22,,0
1590,L,1768442400,1768442640,4611.69,,0
1591,L,1768442880,1768443120,4614.21,1590,0
1592,H,1768443000,1768443240,4617.89,,0
1593,L,1768443300,1768443540,4614.62,,0
1594,H,1768443420,1768443660,4618.17,,0
1595,L,1768443600,1768443840,4614.08,,0
1596,H,1768443840,1768444080,4617.81,1597,0
1597,H,1768444200,1768444440,4618.03,,0
1598,H,1768444500,1768444740,4617.82,1597,0
1599,L,1768445400,1768445640,4610.15,,0
1600,H,1768445820,1768446060,4617.55,,0
1601,L,1768446300,1768446540,4606.69,,0
1602,H,1768446540,1768446780,4617.55,,0
1603,L,1768447500,1768447740,4597.10,1604,0
1604,L,1768447920,1768448160,4583.77,,0
1605,H,1768448700,1768448940,4604.81,,0
1606,L,1768448940,1768449180,4597.32,,0
1607,H,1768449420,1768449660,4607.09,,0
1608,L,1768449600,1768449840,4597.56,,0
1609,H,1768450440,1768450680,4614.54,,0
1610,L,1768450560,1768450800,4611.64,,0
1611,H,1768450800,1768451040,4614.69,,0
1612,L,1768451040,1768451280,4607.36,,0
1613,H,1768451400,1768451640,4614.73,,0
1614,L,1768451880,1768452120,4604.28,1615,0
1615,L,1768452720,1768452960,4595.46,,0
1616,H,1768453080,1768453320,4605.17,,0
1617,L,1768453500,1768453740,4595.80,,0
1618,H,1768453620,1768453860,4602.33,,0
1619,L,1768454040,1768454280,4589.72,1620,0
1620,L,1768454520,1768454760,4582.74,1621,0
1621,L,1768455000,1768455240,4581.18,,0
1622,H,1768455540,1768455780,4597.35,1623,0
1623,H,1768455840,1768456080,4597.50,,0
1624,L,1768456020,1768456260,4589.42,,0
1625,H,1768456320,1768456560,4595.10,,0
1626,H,1768456860,1768457100,4594.39,1625,0
1627,L,1768456980,1768457220,4587.71,1628,0
1628,L,1768457340,1768457580,4587.03,,0
1629,H,1768457700,1768457940,4594.92,,0
1630,L,1768458000,1768458240,4590.86,,0
1631,H,1768458300,1768458540,4597.42,,0
1632,L,1768458480,1768458720,4593.19,,0
1633,H,1768458660,1768458900,4595.36,,0
1634,L,1768458780,1768459020,4593.27,,0
1635,H,1768459080,1768459320,4595.88,,0
1636,L,1768459440,1768459680,4589.37,,0
1637,H,1768460040,1768460280,4595.64,,0
1638,L,1768460820,1768461060,4588.70,,0
1639,H,1768461060,1768461300,4592.46,,0
1640,L,1768461480,1768461720,4581.18,,0
1641,H,1768462200,1768462440,4593.81,,0
1642,L,1768462800,1768463040,4581.52,,0
1643,L,1768463940,1768464180,4593.52,1642,0
1644,H,1768464780,1768465020,4608.60,1645,0
1645,H,1768465200,1768465440,4609.90,,0
1646,L,1768466040,1768466280,4600.54,,0
1647,H,1768466460,1768466700,4608.03,,0
1648,L,1768466760,1768467000,4603.61,,0
1649,H,1768467360,1768467600,4612.00,,0
1650,L,1768468080,1768468320,4605.92,,0
1651,H,1768468740,1768468980,4613.58,,0
1652,L,1768468800,1768469040,4608.72,,0
1653,L,1768469100,1768469340,4608.75,1652,0
1654,H,1768469460,1768469700,4611.18,,0
1655,L,1768470120,1768470360,4601.69,1656,0
1656,L,1768470600,1768470840,4600.67,,0
1657,H,1768470900,1768471140,4602.78,1658,0
1658,H,1768471200,1768471440,4604.50,,0
1659,L,1768471380,1768471620,4597.86,,0
1660,H,1768471740,1768471980,4603.97,,0
1661,L,1768471860,1768472100,4600.37,,0
1662,H,1768472400,1768472640,4606.30,,0
1663,L,1768472820,1768473060,4600.36,1664,0
1664,L,1768473120,1768473360,4599.24,,0
1665,H,1768473840,1768474080,4607.09,,0
1666,L,1768474140,1768474380,4602.15,1667,0
1667,L,1768474500,1768474740,4601.22,,0
1668,H,1768474740,1768474980,4605.35,,0
1669,L,1768474980,1768475220,4601.29,1670,0
1670,L,1768475340,1768475580,4600.65,,0
1671,H,1768475640,1768475880,4604.40,,0
1672,L,1768475820,1768476060,4601.89,,0
1673,H,1768475940,1768476180,4604.40,,0
1674,L,1768476240,1768476480,4602.09,,0
1675,H,1768476600,1768476840,4606.09,,0
1676,L,1768476660,1768476900,4602.80,,0
1677,L,1768477560,1768477800,4607.99,1676,0
1678,H,1768478340,1768478580,4613.09,,0
1679,L,1768478700,1768478940,4609.40,,0
1680,H,1768479120,1768479360,4614.16,1681,0
1681,H,1768479480,1768479720,4614.63,1682,0
1682,H,1768479840,1768480080,4615.63,,0
1683,L,1768480320,1768480560,4610.64,,0
1684,H,1768480620,1768480860,4618.32,1685,0
1685,H,1768480920,1768481160,4619.38,1686,0
1686,H,1768481220,1768481460,4619.73,,0
1687,L,1768481460,1768481700,4617.36,,0
1688,H,1768482000,1768482240,4621.41,,0
1689,L,1768482240,1768482480,4619.25,,0
1690,H,1768482360,1768482600,4621.51,,0
1691,L,1768482600,1768482840,4618.63,,0
1692,H,1768482780,1768483020,4620.30,,0
1693,L,1768483140,1768483380,4617.29,,0
1694,H,1768483320,1768483560,4620.54,,0
1695,L,1768483800,1768484040,4617.77,,0
1696,H,1768484220,1768484460,4622.98,,0
1697,L,1768484760,1768485000,4615.63,,0
1698,H,1768485120,1768485360,4620.36,,0
1699,L,1768485360,1768485600,4616.34,,0
1700,H,1768485660,1768485900,4620.80,,0
1701,L,1768486740,1768486980,4614.04,,0
1702,H,1768487160,1768487400,4618.71,,0
1703,H,1768487520,1768487760,4617.07,1702,0
1704,H,1768488120,1768488360,4618.57,1702,0
1705,H,1768488780,1768489020,4615.69,1702,0
1706,L,1768488900,1768489140,4611.73,,0
1707,H,1768489380,1768489620,4616.19,,0
1708,L,1768489560,1768489800,4609.71,,0
1709,H,1768489680,1768489920,4614.90,,0
1710,L,1768490400,1768490640,4604.54,,0
1711,H,1768490700,1768490940,4609.74,,0
1712,H,1768491540,1768491780,4597.05,1711,0
1713,L,1768492020,1768492260,4582.32,,0
1714,H,1768492380,1768492620,4594.17,,0
1715,L,1768492920,1768493160,4583.52,,0
1716,L,1768493760,1768494000,4596.44,1715,0
1717,L,1768494600,1768494840,4601.62,1715,0
1718,H,1768494780,1768495020,4611.95,,0
1719,H,1768495200,1768495440,4610.63,1718,0
1720,L,1768495500,1768495740,4600.36,,0
1721,H,1768496100,1768496340,4615.08,,0
1722,L,1768496400,1768496640,4608.21,,1
1723,H,1768496400,1768496640,4615.17,,1
1724,L,1768496820,1768497060,4603.83,,0
1725,H,1768497360,1768497600,4618.05,,0
1726,L,1768497480,1768497720,4612.30,,0
1727,H,1768497660,1768497900,4617.65,,0
1728,H,1768498260,1768498500,4617.50,1727,0
1729,H,1768498620,1768498860,4617.36,1727,0
1730,L,1768498980,1768499220,4609.54,,0
1731,H,1768499280,1768499520,4616.94,,0
1732,L,1768499520,1768499760,4611.52,,0
1733,H,1768499640,1768499880,4616.97,,0
1734,L,1768500360,1768500600,4608.71,,0
1735,H,1768500660,1768500900,4623.19,1736,0
1736,H,1768501080,1768501320,4624.96,,0
1737,H,1768502640,1768502880,4607.79,1736,0
1738,H,1768503120,1768503360,4606.19,1736,0
1739,L,1768503240,1768503480,4601.34,,0
1740,H,1768504260,1768504500,4611.17,,0
1741,L,1768504500,1768504740,4607.80,,0
1742,H,1768505040,1768505280,4613.71,,0
1743,L,1768505400,1768505640,4610.33,,0
1744,H,1768505940,1768506180,4616.59,,0
1745,L,1768506180,1768506420,4613.41,,0
1746,H,1768506480,1768506720,4616.93,,0
1747,L,1768506900,1768507140,4613.67,,0
1748,H,1768507320,1768507560,4620.34,,0
1749,L,1768507620,1768507860,4616.42,,0
1750,H,1768507800,1768508040,4619.88,,0
1751,L,1768508160,1768508400,4617.34,,0
1752,H,1768508520,1768508760,4621.19,,0
1753,L,1768509000,1768509240,4613.66,,0
1754,H,1768509360,1768509600,4618.63,,0
1755,L,1768509840,1768510080,4614.17,,0
1756,H,1768510080,1768510320,4619.71,,0
1757,L,1768510440,1768510680,4615.99,,0
1758,H,1768511400,1768511640,4621.51,,0
1759,L,1768511700,1768511940,4617.62,,0
1760,H,1768512300,1768512540,4620.64,,0
1761,L,1768512600,1768512840,4617.00,,0
1762,H,1768512960,1768513200,4619.22,,0
1763,L,1768513140,1768513380,4615.25,,0
1764,H,1768513500,1768513740,4617.23,,0
1765,L,1768513680,1768513920,4615.34,,0
1766,H,1768514340,1768514580,4616.33,,0
1767,H,1768515360,1768515600,4608.71,1766,0
1768,L,1768515480,1768515720,4600.78,,0
1769,H,1768515780,1768516020,4605.92,,0
1770,L,1768516020,1768516260,4601.01,,0
1771,H,1768516500,1768516740,4609.32,,0
1772,L,1768516740,1768516980,4605.01,,0
1773,H,1768517100,1768517340,4609.10,,0
1774,L,1768517280,1768517520,4604.18,1775,0
1775,L,1768517760,1768518000,4603.48,,0
1776,H,1768518480,1768518720,4612.16,1777,0
1777,H,1768519200,1768519440,4614.34,1778,0
1778,H,1768519620,1768519860,4615.62,,0
1779,H,1768520160,1768520400,4615.55,1778,0
1780,L,1768520400,1768520640,4613.61,,0
1781,L,1768521120,1768521360,4613.62,1780,0
1782,H,1768525500,1768525740,4620.87,,0
1783,L,1768525620,1768525860,4616.79,1784,0
1784,L,1768526160,1768526400,4612.70,,0
1785,H,1768526580,1768526820,4614.75,,0
1786,L,1768527060,1768527300,4607.35,,0
1787,H,1768527420,1768527660,4611.09,,0
1788,L,1768528200,1768528440,4606.44,,0
1789,H,1768528620,1768528860,4610.85,,0
1790,L,1768529280,1768529520,4603.43,,0
1791,H,1768529520,1768529760,4606.75,,0
1792,L,1768529820,1768530060,4605.43,,0
1793,H,1768530120,1768530360,4611.36,,0
1794,L,1768530300,1768530540,4606.26,,0
1795,H,1768530600,1768530840,4608.14,,0
1796,L,1768530960,1768531200,4601.74,,0
1797,H,1768531200,1768531440,4603.85,,0
1798,L,1768531860,1768532100,4598.57,,0
1799,H,1768532160,1768532400,4602.13,,0
1800,L,1768532460,1768532700,4594.00,,0
1801,H,1768533000,1768533240,4605.01,,0
1802,L,1768533360,1768533600,4600.25,,0
1803,H,1768533540,1768533780,4605.10,1804,0
1804,H,1768534200,1768534440,4607.52,,0
1805,L,1768534440,1768534680,4601.57,,0
1806,H,1768534980,1768535220,4608.56,,0
1807,L,1768536000,1768536240,4598.84,,0
1808,H,1768536120,1768536360,4603.54,,0
1809,L,1768536420,1768536660,4599.86,,0
1810,H,1768536480,1768536720,4603.64,,0
1811,L,1768536900,1768537140,4596.93,,0
1812,H,1768537260,1768537500,4604.24,,0
1813,H,1768537620,1768537860,4603.68,1812,0
1814,L,1768538220,1768538460,4591.40,,0
1815,H,1768538940,1768539180,4598.64,,0
1816,L,1768539420,1768539660,4591.89,,0
1817,L,1768540500,1768540740,4597.63,1816,0
1818,H,1768540620,1768540860,4599.92,,0
1819,L,1768541640,1768541880,4592.83,,0
1820,H,1768542000,1768542240,4597.43,1821,0
1821,H,1768542300,1768542540,4597.57,,0
1822,L,1768542420,1768542660,4595.18,,0
1823,L,1768543020,1768543260,4595.81,1822,0
1824,H,1768543800,1768544040,4599.71,,0
1825,L,1768544040,1768544280,4598.31,,0
1826,H,1768544520,1768544760,4601.40,,0
1827,L,1768544700,1768544940,4598.29,1828,0
1828,L,1768545060,1768545300,4597.32,,0
1829,H,1768545600,1768545840,4601.02,,0
1830,L,1768545720,1768545960,4599.31,,0
1831,H,1768545900,1768546140,4601.14,,0
1832,L,1768546380,1768546620,4598.98,,0
1833,H,1768546620,1768546860,4602.10,,0
1834,L,1768547640,1768547880,4595.29,,0
1835,H,1768548600,1768548840,4603.65,,0
1836,L,1768548720,1768548960,4596.51,,0
1837,H,1768550160,1768550400,4616.06,,0
1838,L,1768550700,1768550940,4606.38,,0
1839,H,1768550940,1768551180,4609.23,,0
1840,L,1768551480,1768551720,4603.69,,0
1841,H,1768551840,1768552080,4609.28,,0
1842,L,1768552260,1768552500,4602.59,,0
1843,H,1768552440,1768552680,4608.18,,0
1844,L,1768553340,1768553580,4594.10,,0
1845,L,1768554000,1768554240,4596.87,1844,0
1846,H,1768554840,1768555080,4612.08,,0
1847,L,1768555380,1768555620,4604.96,1848,0
1848,L,1768555800,1768556040,4603.61,,0
1849,H,1768556160,1768556400,4611.96,,0
1850,L,1768556580,1768556820,4601.08,,0
1851,H,1768556880,1768557120,4609.67,,0
1852,L,1768557600,1768557840,4605.52,,0
1853,H,1768557660,1768557900,4610.53,,0
1854,H,1768558320,1768558560,4608.63,1853,0
1855,L,1768558500,1768558740,4604.77,,0
1856,L,1768558920,1768559160,4605.47,1855,0
1857,H,1768559160,1768559400,4610.59,,0
1858,L,1768559340,1768559580,4607.19,1859,0
1859,L,1768560420,1768560660,4601.33,,0
1860,H,1768560900,1768561140,4607.47,,0
1861,L,1768561320,1768561560,4602.35,,0
1862,H,1768561560,1768561800,4608.53,,0
1863,L,1768562220,1768562460,4602.13,,0
1864,H,1768562460,1768562700,4604.36,,0
1865,H,1768563000,1768563240,4601.69,1864,0
1866,L,1768563180,1768563420,4598.98,,0
1867,H,1768563840,1768564080,4603.63,,0
1868,L,1768564440,1768564680,4600.37,,0
1869,H,1768564500,1768564740,4602.26,,0
1870,L,1768564740,1768564980,4600.51,,0
1871,H,1768565100,1768565340,4605.92,,0
1872,L,1768565280,1768565520,4603.11,,0
1873,H,1768566420,1768566660,4611.18,,0
1874,L,1768566600,1768566840,4607.02,,0
1875,H,1768566840,1768567080,4609.37,,0
1876,L,1768567380,1768567620,4606.85,,0
1877,H,1768567620,1768567860,4608.64,,0
1878,L,1768568580,1768568820,4598.60,,0
1879,L,1768568880,1768569120,4598.90,1878,0
1880,L,1768570320,1768570560,4609.63,1878,0
1881,H,1768570860,1768571100,4615.80,1882,0
1882,H,1768571160,1768571400,4615.97,,0
1883,L,1768571280,1768571520,4612.64,,0
1884,H,1768571760,1768572000,4614.68,,0
1885,L,1768572360,1768572600,4609.31,,0
1886,H,1768572420,1768572660,4612.32,,0
1887,L,1768572840,1768573080,4609.82,,0
1888,H,1768573080,1768573320,4612.97,,0
1889,L,1768573500,1768573740,4604.72,1890,0
1890,L,1768574100,1768574340,4602.20,,0
1891,H,1768574460,1768574700,4605.27,,0
1892,L,1768574760,1768575000,4602.06,,0
1893,H,1768574880,1768575120,4605.23,,0
1894,L,1768575120,1768575360,4597.44,,0
1895,H,1768575720,1768575960,4605.61,,0
1896,H,1768576020,1768576260,4603.29,1895,0
1897,L,1768576260,1768576500,4594.60,1898,0
1898,L,1768576800,1768577040,4583.37,,0
1899,H,1768577220,1768577460,4593.47,,0
1900,L,1768577340,1768577580,4582.63,,0
1901,H,1768577760,1768578000,4598.87,,0
1902,L,1768578000,1768578240,4590.95,,0
1903,H,1768578600,1768578840,4602.71,,0
1904,L,1768578780,1768579020,4597.25,,0
1905,L,1768579380,1768579620,4598.50,1904,0
1906,L,1768579800,1768580040,4602.70,1904,0
1907,H,1768579920,1768580160,4608.67,1908,0
1908,H,1768580220,1768580460,4609.41,,0
1909,H,1768580760,1768581000,4605.37,1908,0
1910,L,1768581000,1768581240,4596.21,,0
1911,H,1768581420,1768581660,4611.69,,0
1912,L,1768581540,1768581780,4604.42,,0
1913,H,1768582260,1768582500,4614.68,,0
1914,L,1768582740,1768582980,4607.42,,0
1915,H,1768583220,1768583460,4620.34,,0
1916,H,1768583580,1768583820,4619.00,1915,0
1917,L,1768584840,1768585080,4536.70,,0
1918,H,1768585800,1768586040,4572.41,,0
1919,L,1768585920,1768586160,4560.42,,0
1920,L,1768587120,1768587360,4583.81,1919,0
1921,H,1768587300,1768587540,4594.56,,0
1922,L,1768587480,1768587720,4584.42,,0
1923,H,1768587720,1768587960,4594.90,,0
1924,L,1768587960,1768588200,4589.33,,0
1925,H,1768588020,1768588260,4596.51,,0
1926,L,1768588380,1768588620,4588.24,,0
1927,H,1768588980,1768589220,4599.04,,0
1928,L,1768589640,1768589880,4582.00,,0
1929,H,1768589940,1768590180,4593.66,,0
1930,L,1768590360,1768590600,4585.20,,0
1931,H,1768590480,1768590720,4593.15,,0
1932,H,1768590780,1768591020,4593.06,1931,0
1933,L,1768591320,1768591560,4578.63,1934,0
1934,L,1768591740,1768591980,4576.83,,0
1935,H,1768592280,1768592520,4586.70,,0
1936,L,1768592760,1768593000,4578.80,,0
1937,H,1768593240,1768593480,4583.56,,0
1938,L,1768593600,1768593840,4580.02,,0
1939,H,1768593840,1768594080,4589.05,,0
1940,L,1768594260,1768594500,4581.92,1941,0
1941,L,1768594620,1768594860,4581.78,,0
1942,L,1768595460,1768595700,4588.54,1941,0
1943,H,1768595580,1768595820,4596.12,,0
1944,L,1768595820,1768596060,4591.33,,0
1945,H,1768596240,1768596480,4596.04,,0
1946,L,1768596480,1768596720,4587.00,1947,0
1947,L,1768597200,1768597440,4580.92,,0
1948,H,1768597560,1768597800,4588.24,,0
1949,L,1768597920,1768598160,4582.34,,0
1950,H,1768598220,1768598460,4586.01,,0
1951,L,1768598280,1768598520,4580.96,,0
1952,H,1768598580,1768598820,4586.18,1953,0
1953,H,1768599720,1768599960,4591.73,,0
1954,L,1768599840,1768600080,4588.25,,0
1955,L,1768600260,1768600500,4588.45,1954,0
1956,H,1768600560,1768600800,4592.43,,0
1957,L,1768600800,1768601040,4588.86,,0
1958,H,1768601220,1768601460,4595.86,,0
1959,L,1768602000,1768602240,4588.65,1960,0
1960,L,1768602840,1768603080,4580.72,,0
1961,H,1768603380,1768603620,4587.07,,0
1962,L,1768603680,1768603920,4583.94,,0
1963,H,1768604040,1768604280,4589.07,,0
1964,L,1768604340,1768604580,4581.51,,0
1965,L,1768604940,1768605180,4582.40,1964,0
1966,H,1768605540,1768605780,4598.38,,0
1967,L,1768606080,1768606320,4591.38,,0
1968,H,1768606260,1768606500,4593.46,1969,0
1969,H,1768606860,1768607100,4595.82,,0
1970,L,1768607040,1768607280,4593.61,,0
1971,H,1768607220,1768607460,4595.92,,0
1972,L,1768607460,1768607700,4594.40,,0
1973,H,1768784880,1768785120,4662.53,,0
1974,L,1768785240,1768785480,4653.85,,0
1975,H,1768785360,1768785600,4669.20,1976,0
1976,H,1768786320,1768786560,4690.72,,0
1977,L,1768786500,1768786740,4672.92,1978,0
1978,L,1768786800,1768787040,4663.70,,0
1979,H,1768787100,1768787340,4675.05,,0
1980,L,1768787280,1768787520,4663.93,,0
1981,H,1768787760,1768788000,4677.49,,0
1982,L,1768788300,1768788540,4665.62,1983,0
1983,L,1768789140,1768789380,4661.15,,0
1984,H,1768789380,1768789620,4678.30,,0
1985,L,1768789800,1768790040,4673.58,,0
1986,H,1768790520,1768790760,4682.00,,0
1987,L,1768790820,1768791060,4674.54,,0
1988,H,1768790940,1768791180,4679.08,,0
1989,L,1768791300,1768791540,4672.03,,0
1990,H,1768791540,1768791780,4678.57,,0
1991,L,1768791900,1768792140,4667.34,,0
1992,H,1768792080,1768792320,4676.86,,0
1993,L,1768792620,1768792860,4656.55,,0
1994,H,1768792860,1768793100,4669.72,,0
1995,L,1768793220,1768793460,4657.22,,0
1996,H,1768793640,1768793880,4664.54,,0
1997,L,1768793940,1768794180,4656.16,,0
1998,H,1768794780,1768795020,4667.57,,0
1999,L,1768795260,1768795500,4653.28,,0
2000,H,1768795860,1768796100,4665.05,,0
2001,L,1768796100,1768796340,4657.92,,0
2002,H,1768796160,1768796400,4662.31,,0
2003,L,1768796460,1768796700,4657.11,2004,0
2004,L,1768796820,1768797060,4656.85,,0
2005,H,1768797120,1768797360,4663.85,,0
2006,L,1768797360,1768797600,4658.97,,0
2007,H,1768797540,1768797780,4662.37,,0
2008,H,1768797900,1768798140,4659.66,2007,0
2009,L,1768798080,1768798320,4654.97,,0
2010,H,1768798980,1768799220,4667.65,,0
2011,L,1768799220,1768799460,4664.28,,0
2012,H,1768799700,1768799940,4669.92,,0
2013,L,1768800300,1768800540,4663.94,,0
2014,H,1768800420,1768800660,4667.39,,0
2015,L,1768800660,1768800900,4661.93,,0
2016,L,1768801140,1768801380,4662.11,2015,0
2017,H,1768801380,1768801620,4665.97,,0
2018,L,1768801980,1768802220,4658.25,,0
2019,H,1768802040,1768802280,4660.82,,0
2020,L,1768802400,1768802640,4658.25,,0
2021,L,1768803180,1768803420,4659.61,2020,0
2022,H,1768803480,1768803720,4663.09,,0
2023,L,1768803720,1768803960,4660.60,,0
2024,H,1768804020,1768804260,4664.86,,0
2025,L,1768804560,1768804800,4659.22,,0
2026,H,1768804740,1768804980,4661.92,,0
2027,L,1768804920,1768805160,4659.69,,0
2028,H,1768805580,1768805820,4665.96,,0
2029,L,1768806000,1768806240,4663.13,,0
2030,H,1768806420,1768806660,4671.21,,0
2031,L,1768807260,1768807500,4669.04,,0
2032,H,1768807440,1768807680,4672.29,,0
2033,L,1768807740,1768807980,4668.79,,0
2034,H,1768807980,1768808220,4674.25,,0
2035,L,1768808640,1768808880,4663.73,,0
2036,H,1768808880,1768809120,4670.15,,0
2037,L,1768809120,1768809360,4665.69,,0
2038,H,1768809420,1768809660,4672.05,,0
2039,H,1768809840,1768810080,4670.38,2038,0
2040,L,1768810020,1768810260,4666.79,,0
2041,H,1768810440,1768810680,4670.54,,0
2042,L,1768810500,1768810740,4668.52,,0
2043,H,1768811040,1768811280,4672.63,,0
2044,L,1768811340,1768811580,4669.42,,0
2045,H,1768811820,1768812060,4676.47,,0
2046,L,1768812120,1768812360,4671.38,,0
2047,H,1768812360,1768812600,4675.39,2048,0
2048,H,1768813080,1768813320,4679.11,,0
2049,L,1768813380,1768813620,4674.49,,0
2050,H,1768813500,1768813740,4678.58,,0
2051,L,1768814580,1768814820,4663.78,,0
2052,H,1768815120,1768815360,4669.60,,0
2053,L,1768815300,1768815540,4665.41,2054,0
2054,L,1768815960,1768816200,4663.10,,0
2055,H,1768816140,1768816380,4666.34,,0
2056,L,1768816680,1768816920,4661.88,,0
2057,H,1768817460,1768817700,4673.90,,0
2058,L,1768817940,1768818180,4667.19,,0
2059,H,1768818180,1768818420,4670.91,,0
2060,L,1768818360,1768818600,4668.15,,0
2061,H,1768818540,1768818780,4671.07,,0
2062,L,1768818900,1768819140,4666.68,,0
2063,H,1768819200,1768819440,4669.46,,0
2064,H,1768819560,1768819800,4669.15,2063,0
2065,L,1768820220,1768820460,4661.73,,0
2066,H,1768821660,1768821900,4672.87,,0
2067,L,1768822260,1768822500,4664.98,,0
2068,H,1768822620,1768822860,4670.48,,0
2069,L,1768822920,1768823160,4667.24,2070,0
2070,L,1768824180,1768824420,4666.73,,0
2071,H,1768824420,1768824660,4669.22,,0
2072,L,1768824660,1768824900,4667.08,,0
2073,H,1768824900,1768825140,4671.16,,0
2074,L,1768825260,1768825500,4666.16,2075,0
2075,L,1768825860,1768826100,4664.05,,0
2076,H,1768826280,1768826520,4666.99,,0
2077,L,1768826640,1768826880,4661.28,,0
2078,H,1768827300,1768827540,4666.91,,0
2079,L,1768827780,1768828020,4661.87,,0
2080,H,1768828320,1768828560,4666.54,,0
2081,L,1768828740,1768828980,4661.74,,0
2082,H,1768829400,1768829640,4667.49,,0
2083,L,1768830060,1768830300,4660.09,,0
2084,H,1768830420,1768830660,4666.06,,0
2085,L,1768830960,1768831200,4659.71,,0
2086,H,1768831080,1768831320,4664.20,2087,0
2087,H,1768832340,1768832580,4672.05,,0
2088,L,1768833000,1768833240,4669.96,,0
2089,H,1768833180,1768833420,4673.38,,0
2090,L,1768833660,1768833900,4670.27,,1
2091,H,1768833660,1768833900,4673.71,,1
2092,H,1768834080,1768834320,4671.98,2091,0
2093,L,1768834440,1768834680,4668.06,,0
2094,H,1768834800,1768835040,4673.52,,0
2095,L,1768834980,1768835220,4668.51,,0
2096,H,1768835340,1768835580,4672.85,,0
2097,L,1768835640,1768835880,4668.62,,0
2098,H,1768836000,1768836240,4671.90,,0
2099,L,1768836060,1768836300,4668.63,,0
2100,L,1768836420,1768836660,4668.94,2099,0
2101,H,1768836780,1768837020,4673.70,,0
2102,L,1768837320,1768837560,4666.45,,0
2103,H,1768837620,1768837860,4669.39,,0
2104,L,1768838100,1768838340,4664.49,,0
2105,H,1768838400,1768838640,4666.82,,0
2106,H,1768838820,1768839060,4665.83,2105,0
2107,L,1768839000,1768839240,4661.55,,0
2108,H,1768839600,1768839840,4668.40,,0
2109,L,1768839900,1768840140,4666.89,,0
2110,H,1768840200,1768840440,4670.35,,0
2111,L,1768840680,1768840920,4663.94,,0
2112,H,1768841580,1768841820,4668.95,,0
2113,L,1768842000,1768842240,4664.60,,0
2114,H,1768842480,1768842720,4670.93,,0
2115,L,1768842600,1768842840,4666.70,,0
2116,H,1768843020,1768843260,4668.85,,0
2117,L,1768843500,1768843740,4664.21,,0
2118,H,1768843800,1768844040,4667.02,,0
2119,L,1768844160,1768844400,4665.94,,0
2120,L,1768844580,1768844820,4667.12,2119,0
2121,L,1768845120,1768845360,4671.08,2119,0
2122,H,1768845360,1768845600,4676.11,,0
2123,L,1768845780,1768846020,4671.71,2124,0
2124,L,1768846080,1768846320,4671.29,,0
2125,H,1768846200,1768846440,4674.29,,0
2126,L,1768846680,1768846920,4670.33,,0
2127,H,1768846860,1768847100,4672.82,,0
2128,L,1768847280,1768847520,4671.14,2129,0
2129,L,1768847640,1768847880,4670.57,,0
2130,H,1768848120,1768848360,4673.77,,0
2131,H,1768848540,1768848780,4673.44,2130,0
2132,L,1768848600,1768848840,4671.47,,0
2133,H,1768848960,1768849200,4673.69,,0
2134,L,1768849200,1768849440,4671.54,,0
2135,H,1768849440,1768849680,4673.02,,0
2136,L,1768850160,1768850400,4669.26,,0
2137,H,1768850340,1768850580,4671.41,,0
2138,L,1768850700,1768850940,4669.18,,0
2139,H,1768851060,1768851300,4673.32,2140,0
2140,H,1768851900,1768852140,4676.70,,0
2141,L,1768852020,1768852260,4674.16,,0
2142,H,1768852440,1768852680,4678.79,,0
2143,L,1768852980,1768853220,4673.78,,0
2144,L,1768853340,1768853580,4673.84,2143,0
2145,H,1768854240,1768854480,4680.28,,0
2146,L,1768855020,1768855260,4675.15,,0
2147,H,1768855380,1768855620,4678.71,,0
2148,L,1768855680,1768855920,4676.14,,0
2149,H,1768856160,1768856400,4676.90,,0
2150,L,1768856640,1768856880,4673.57,,0
2151,H,1768857540,1768857780,4672.52,,0
2152,L,1768858020,1768870860,4667.16,,0
2153,H,1768870860,1768871100,4677.13,,0
2154,L,1768871040,1768871280,4666.32,,0
2155,H,1768871280,1768871520,4671.70,2156,0
2156,H,1768871940,1768872180,4672.42,,0
2157,L,1768872480,1768872720,4664.96,,0
2158,H,1768872900,1768873140,4668.89,,0
2159,L,1768873320,1768873560,4664.35,,0
2160,H,1768873560,1768873800,4666.95,,0
2161,L,1768873980,1768874220,4664.90,,0
2162,H,1768874400,1768874640,4666.86,2163,0
2163,H,1768874880,1768875120,4667.35,,0
2164,L,1768876140,1768876380,4659.51,,0
2165,H,1768876560,1768876800,4666.30,,0
2166,L,1768876920,1768877160,4660.67,,0
2167,H,1768877280,1768877520,4664.17,,0
2168,L,1768877460,1768877700,4661.64,2169,0
2169,L,1768878000,1768878240,4659.97,,0
2170,H,1768878540,1768878780,4673.40,,0
2171,L,1768878780,1768879020,4667.49,,0
2172,H,1768879080,1768879320,4672.31,,0
2173,L,1768879380,1768879620,4666.15,,0
2174,H,1768880220,1768880460,4676.04,,0
2175,L,1768880640,1768880880,4672.41,,0
2176,H,1768880820,1768881060,4674.85,,0
2177,L,1768881420,1768881660,4665.67,,0
2178,H,1768881660,1768881900,4671.89,,0
2179,L,1768882380,1768882620,4665.52,,0
2180,H,1768883700,1768883940,4674.55,2181,0
2181,H,1768884180,1768884420,4674.82,,0
2182,L,1768884660,1768884900,4666.82,,0
2183,H,1768884900,1768885140,4669.91,,0
2184,L,1768885620,1768885860,4666.10,,0
2185,H,1768886460,1768886700,4674.19,,0
2186,L,1768886640,1768886880,4672.20,,0
2187,L,1768887000,1768887240,4672.73,2186,0
2188,H,1768887600,1768887840,4678.86,2189,0
2189,H,1768888380,1768888620,4681.42,,0
2190,L,1768888560,1768888800,4678.71,,0
2191,H,1768888800,1768889040,4681.74,,0
2192,L,1768889100,1768889340,4679.64,,0
2193,H,1768889160,1768889400,4682.48,,0
2194,L,1768889520,1768889760,4679.70,,0
2195,H,1768889880,1768890120,4683.06,,0
2196,L,1768890180,1768890420,4681.98,,0
2197,H,1768890480,1768890720,4687.16,,0
2198,L,1768890720,1768890960,4684.37,,0
2199,H,1768890960,1768891200,4691.68,2200,0
2200,H,1768891320,1768891560,4693.40,,0
2201,L,1768891500,1768891740,4688.91,,0
2202,H,1768891740,1768891980,4694.34,,0
2203,L,1768892700,1768892940,4694.71,,0
2204,H,1768892820,1768893060,4701.07,2205,0
2205,H,1768893120,1768893360,4701.48,,0
2206,L,1768893840,1768894080,4694.98,2207,0
2207,L,1768894200,1768894440,4694.14,,0
2208,H,1768894500,1768894740,4705.31,,0
2209,L,1768894920,1768895160,4701.09,,0
2210,H,1768895940,1768896180,4716.62,,0
2211,L,1768896060,1768896300,4707.49,,0
2212,H,1768896420,1768896660,4716.99,,0
2213,L,1768896660,1768896900,4711.98,,0
2214,H,1768896780,1768897020,4716.72,,0
2215,L,1768896960,1768897200,4709.89,,0
2216,H,1768897140,1768897380,4715.49,,0
2217,L,1768897500,1768897740,4709.53,,0
2218,H,1768897800,1768898040,4715.01,,0
2219,H,1768898160,1768898400,4710.96,2218,0
2220,L,1768898400,1768898640,4705.68,,0
2221,H,1768899240,1768899480,4715.22,,0
2222,L,1768899600,1768899840,4711.44,,0
2223,H,1768899840,1768900080,4715.86,2224,0
2224,H,1768900380,1768900620,4717.66,,0
2225,L,1768900860,1768901100,4714.74,,0
2226,H,1768901160,1768901400,4722.03,,0
2227,H,1768901700,1768901940,4721.64,2226,0
2228,L,1768902180,1768902420,4718.33,,0
2229,H,1768902360,1768902600,4722.70,,0
2230,L,1768903080,1768903320,4714.87,,0
2231,H,1768903920,1768904160,4725.65,,0
2232,H,1768904520,1768904760,4725.06,2231,0
2233,L,1768904940,1768905180,4718.03,,0
2234,H,1768905000,1768905240,4724.49,,0
2235,L,1768905360,1768905600,4716.07,,0
2236,H,1768906740,1768906980,4731.61,,0
2237,L,1768906980,1768907220,4727.48,,0
2238,H,1768907220,1768907460,4731.49,,0
2239,L,1768908000,1768908240,4721.27,,0
2240,H,1768908720,1768908960,4736.17,,0
2241,H,1768909200,1768909440,4736.16,2240,0
2242,L,1768909500,1768909740,4733.29,,0
2243,H,1768909740,1768909980,4737.43,,0
2244,H,1768910280,1768910520,4735.22,2243,0
2245,L,1768910400,1768910640,4730.63,,0
2246,H,1768910640,1768910880,4734.99,,0
2247,L,1768911180,1768911420,4730.29,,0
2248,H,1768911480,1768911720,4733.36,,0
2249,L,1768911720,1768911960,4730.47,,0
2250,H,1768911960,1768912200,4733.19,,0
2251,L,1768912380,1768912620,4723.39,,0
2252,H,1768912920,1768913160,4727.81,,0
2253,L,1768912980,1768913220,4723.58,2254,0
2254,L,1768913340,1768913580,4723.17,,0
2255,H,1768913700,1768913940,4728.14,,0
2256,L,1768913880,1768914120,4726.15,2257,0
2257,L,1768914420,1768914660,4721.57,,0
2258,L,1768914840,1768915080,4725.15,2257,0
2259,H,1768915200,1768915440,4729.20,,0
2260,L,1768915260,1768915500,4725.89,,0
2261,H,1768915560,1768915800,4728.49,,0
2262,L,1768916100,1768916340,4725.80,,0
2263,H,1768917120,1768917360,4735.23,,0
2264,L,1768917300,1768917540,4730.53,,0
2265,H,1768917540,1768917780,4733.09,,0
2266,L,1768917780,1768918020,4728.34,,0
2267,H,1768918080,1768918320,4732.69,,0
2268,L,1768918560,1768918800,4728.47,2269,0
2269,L,1768918860,1768919100,4728.31,,0
2270,H,1768918980,1768919220,4730.42,,0
2271,L,1768919460,1768919700,4724.01,,0
2272,H,1768919580,1768919820,4728.37,,0
2273,L,1768919820,1768920060,4724.49,,0
2274,H,1768920180,1768920420,4729.15,,0
2275,L,1768920240,1768920480,4724.71,,0
2276,H,1768921080,1768921320,4729.54,,0
2277,L,1768921500,1768921740,4722.18,,0
2278,L,1768921800,1768922040,4722.30,2277,0
2279,H,1768921920,1768922160,4726.25,,0
2280,L,1768922100,1768922340,4721.79,,0
2281,H,1768922400,1768922640,4726.09,,0
2282,L,1768922520,1768922760,4715.86,2283,0
2283,L,1768923180,1768923420,4714.96,,0
2284,H,1768923240,1768923480,4728.31,2285,0
2285,H,1768924320,1768924560,4734.12,,0
2286,L,1768924380,1768924620,4727.68,,0
2287,H,1768924980,1768925220,4748.62,,0
2288,L,1768925220,1768925460,4732.21,,0
2289,H,1768926120,1768926360,4746.49,,0
2290,L,1768926300,1768926540,4740.92,,0
2291,H,1768926600,1768926840,4751.11,,0
2292,L,1768926960,1768927200,4728.46,,0
2293,H,1768927620,1768927860,4742.36,,0
2294,H,1768927920,1768928160,4741.15,2293,0
2295,L,1768928040,1768928280,4733.20,,0
2296,H,1768928820,1768929060,4748.54,,0
2297,H,1768929660,1768929900,4742.42,2296,0
2298,L,1768930020,1768930260,4722.40,,0
2299,H,1768930260,1768930500,4735.60,,0
2300,L,1768930680,1768930920,4723.65,,0
2301,H,1768931400,1768931640,4739.22,,0
2302,L,1768931820,1768932060,4731.94,,0
2303,H,1768932000,1768932240,4739.32,,0
2304,L,1768932360,1768932600,4728.96,,0
2305,H,1768932660,1768932900,4743.49,2306,0
2306,H,1768932960,1768933200,4744.20,,0
2307,L,1768933500,1768933740,4735.43,,0
2308,L,1768934100,1768934340,4741.80,2307,0
2309,H,1768934400,1768934640,4745.64,,0
2310,L,1768935060,1768935300,4745.70,,0
2311,H,1768935420,1768935660,4757.69,,0
2312,L,1768935720,1768935960,4746.10,,0
2313,L,1768936200,1768936440,4746.99,2312,0
2314,H,1768936620,1768936860,4755.57,,0
2315,L,1768937100,1768937340,4751.82,,0
2316,H,1768937340,1768937580,4756.64,,0
2317,L,1768937640,1768937880,4752.15,,0
2318,H,1768937760,1768938000,4755.94,2319,0
2319,H,1768938240,1768938480,4757.87,,0
2320,L,1768938300,1768938540,4752.26,,0
2321,H,1768939320,1768939560,4763.29,,0
2322,L,1768939500,1768939740,4759.58,,0
2323,H,1768939860,1768940100,4765.30,,0
2324,L,1768939980,1768940220,4762.09,,0
2325,H,1768940460,1768940700,4766.26,,0
2326,L,1768940820,1768941060,4759.46,,0
2327,H,1768941120,1768941360,4762.84,,0
2328,L,1768941660,1768941900,4757.34,2329,0
2329,L,1768941960,1768942200,4757.20,,0
2330,H,1768942140,1768942380,4759.90,,0
2331,L,1768942380,1768942620,4752.86,,0
2332,H,1768942740,1768942980,4760.42,,0
2333,L,1768942920,1768943160,4756.62,,0
2334,H,1768943160,1768943400,4759.45,2335,0
2335,H,1768943940,1768944180,4766.25,,0
2336,L,1768944660,1768944900,4756.89,,0
2337,H,1768945260,1768945500,4763.97,,0
2338,H,1768945560,1768945800,4763.92,2337,0
2339,H,1768946280,1768946520,4761.22,2337,0
2340,L,1768946760,1768947000,4755.88,,0
2341,H,1768947180,1768947420,4761.21,,0
2342,L,1768947840,1768948080,4747.51,,0
2343,H,1768947900,1768948140,4754.96,2344,0
2344,H,1768948260,1768948500,4755.14,,0
2345,L,1768948980,1768949220,4748.84,,0
2346,H,1768949280,1768949520,4754.92,,0
2347,L,1768949580,1768949820,4752.17,,0
2348,H,1768950420,1768950660,4760.29,,0
2349,L,1768950540,1768950780,4758.68,,0
2350,H,1768951200,1768951440,4760.97,,0
2351,H,1768951500,1768951740,4760.83,2350,0
2352,L,1768952100,1768952340,4757.28,,0
2353,L,1768952520,1768952760,4757.56,2352,0
2354,H,1768952940,1768953180,4763.81,2355,0
2355,H,1768957200,1768957440,4766.05,,0
2356,L,1768957260,1768957500,4758.74,2357,0
2357,L,1768957860,1768958100,4757.78,,0
2358,H,1768958280,1768958520,4761.18,,0
2359,L,1768958700,1768958940,4758.02,,0
2360,H,1768958880,1768959120,4760.75,,0
2361,L,1768959060,1768959300,4758.59,,0
2362,L,1768960500,1768960740,4774.00,2361,0
2363,H,1768960680,1768960920,4777.94,,0
2364,L,1768960920,1768961160,4770.72,,0
2365,L,1768961580,1768961820,4774.76,2364,0
2366,H,1768961640,1768961880,4777.67,,0
2367,H,1768961940,1768962180,4777.35,2366,0
2368,L,1768962300,1768962540,4773.77,,0
2369,H,1768962840,1768963080,4783.78,2370,0
2370,H,1768963380,1768963620,4785.84,,0
2371,L,1768963680,1768963920,4782.09,,0
2372,L,1768964400,1768964640,4783.44,2371,0
2373,H,1768966200,1768966440,4836.36,,0
2374,L,1768966500,1768966740,4815.06,,0
2375,H,1768966680,1768966920,4825.75,,0
2376,L,1768966800,1768967040,4815.57,,0
2377,H,1768967700,1768967940,4844.10,,0
2378,H,1768968000,1768968240,4842.01,2377,0
2379,L,1768968720,1768968960,4822.81,2380,0
2380,L,1768969440,1768969680,4817.42,,0
2381,H,1768970340,1768970580,4839.41,,0
2382,L,1768970700,1768970940,4827.70,2383,0
2383,L,1768971240,1768971480,4827.58,,0
2384,H,1768971840,1768972080,4846.63,2385,0
2385,H,1768972260,1768972500,4849.69,,0
2386,L,1768972500,1768972740,4827.11,,0
2387,L,1768972980,1768973220,4827.25,2386,0
2388,H,1768973700,1768973940,4842.17,2389,0
2389,H,1768974060,1768974300,4846.18,,0
2390,L,1768974480,1768974720,4840.05,,0
2391,H,1768974960,1768975200,4846.99,,0
2392,L,1768975920,1768976160,4837.87,,0
2393,H,1768976580,1768976820,4854.12,,0
2394,L,1768976940,1768977180,4849.57,,0
2395,H,1768977900,1768978140,4866.05,,0
2396,L,1768978200,1768978440,4862.33,,0
2397,H,1768978500,1768978740,4870.81,,0
2398,L,1768979280,1768979520,4858.92,,0
2399,H,1768980000,1768980240,4874.08,,0
2400,L,1768980420,1768980660,4863.56,,0
2401,H,1768981080,1768981320,4878.18,,0
2402,L,1768981320,1768981560,4867.72,,0
2403,H,1768981620,1768981860,4876.37,2404,0
2404,H,1768981920,1768982160,4876.96,,0
2405,L,1768982160,1768982400,4869.12,,0
2406,H,1768982520,1768982760,4875.33,,0
2407,L,1768982940,1768983180,4864.46,,0
2408,L,1768983600,1768983840,4870.28,2407,0
2409,H,1768984020,1768984260,4888.28,,0
2410,H,1768984320,1768984560,4887.26,2409,0
2411,L,1768985220,1768985460,4853.94,,0
2412,H,1768985580,1768985820,4865.96,,0
2413,H,1768987080,1768987320,4840.84,2412,0
2414,L,1768987200,1768987440,4832.57,,0
2415,H,1768987800,1768988040,4851.81,,0
2416,L,1768988280,1768988520,4838.77,,0
2417,H,1768988580,1768988820,4851.02,2418,0
2418,H,1768989360,1768989600,4857.13,,0
2419,L,1768989600,1768989840,4853.63,,0
2420,H,1768989900,1768990140,4863.92,,0
2421,L,1768990260,1768990500,4856.11,,0
2422,L,1768991100,1768991340,4864.31,2421,0
2423,H,1768991280,1768991520,4869.52,,0
2424,L,1768991580,1768991820,4859.81,,0
2425,H,1768991940,1768992180,4865.16,,0
2426,L,1768993140,1768993380,4851.46,,0
2427,H,1768993860,1768994100,4862.42,,0
2428,L,1768994340,1768994580,4858.10,,0
2429,H,1768995060,1768995300,4877.14,,0
2430,H,1768995900,1768996140,4867.44,2429,0
2431,L,1768996740,1768996980,4859.20,,0
2432,H,1768997040,1768997280,4866.72,,0
2433,L,1768997520,1768997760,4859.55,,0
2434,L,1768997940,1768998180,4859.66,2433,0
2435,H,1768998000,1768998240,4864.42,,0
2436,L,1768998240,1768998480,4860.97,,0
2437,H,1768998540,1768998780,4864.32,,0
2438,L,1768998600,1768998840,4860.05,,0
2439,L,1768998900,1768999140,4860.38,2438,0
2440,H,1768999500,1768999740,4866.21,,0
2441,L,1768999680,1768999920,4863.76,,0
2442,H,1768999800,1769000040,4866.69,,0
2443,L,1769000040,1769000280,4863.11,,0
2444,H,1769000280,1769000520,4866.26,,0
2445,L,1769000520,1769000760,4860.78,,0
2446,H,1769001600,1769001840,4871.52,,0
2447,H,1769001960,1769002200,4871.34,2446,0
2448,L,1769002380,1769002620,4862.85,,0
2449,H,1769002680,1769002920,4866.03,,0
2450,L,1769003160,1769003400,4854.81,,0
2451,H,1769004060,1769004300,4867.37,,0
2452,L,1769004180,1769004420,4863.02,2453,0
2453,L,1769005140,1769005380,4855.65,,0
2454,H,1769006280,1769006520,4870.82,,0
2455,L,1769006940,1769007180,4856.72,,0
2456,H,1769007480,1769007720,4867.24,,0
2457,L,1769007780,1769008020,4858.35,,0
2458,H,1769008260,1769008500,4871.38,,0
2459,H,1769008680,1769008920,4871.32,2458,0
2460,L,1769009040,1769009280,4861.70,,0
2461,H,1769010180,1769010420,4879.04,,0
2462,L,1769010600,1769010840,4869.87,,0
2463,H,1769010900,1769011140,4880.30,2464,0
2464,H,1769011200,1769011440,4880.89,,0
2465,L,1769011500,1769011740,4841.43,,0
2466,H,1769011800,1769012040,4869.15,,0
2467,L,1769011920,1769012160,4839.42,,0
2468,H,1769012460,1769012700,4857.52,2469,0
2469,H,1769013060,1769013300,4868.70,,0
2470,L,1769013180,1769013420,4850.11,,0
2471,H,1769013600,1769013840,4872.59,,0
2472,L,1769014380,1769014620,4846.58,,0
2473,H,1769014500,1769014740,4859.16,,0
2474,L,1769014800,1769015040,4847.04,,0
2475,H,1769015220,1769015460,4868.76,,0
2476,L,1769016240,1769016480,4812.96,,0
2477,H,1769017140,1769017380,4845.50,,0
2478,L,1769017440,1769017680,4832.61,,0
2479,H,1769018220,1769018460,4854.47,,0
2480,L,1769018400,1769018640,4844.10,,0
2481,H,1769018880,1769019120,4855.72,,0
2482,L,1769019180,1769019420,4843.88,,0
2483,H,1769019360,1769019600,4852.64,,0
2484,L,1769019900,1769020140,4829.08,,0
2485,H,1769020800,1769021040,4849.79,,0
2486,L,1769021220,1769021460,4830.30,,0
2487,H,1769021340,1769021580,4837.66,,0
2488,L,1769021520,1769021760,4819.61,,0
2489,H,1769021880,1769022120,4836.74,,0
2490,L,1769022240,1769022480,4818.00,,0
2491,H,1769022540,1769022780,4829.79,,0
2492,L,1769022900,1769023140,4814.55,,0
2493,H,1769023440,1769023680,4826.38,,0
2494,L,1769023980,1769024220,4802.42,,0
2495,H,1769024400,1769024640,4818.90,,0
2496,L,1769024640,1769024880,4806.77,,0
2497,H,1769025720,1769025960,4828.35,,0
2498,L,1769025780,1769026020,4822.72,,0
2499,H,1769026020,1769026260,4830.59,2500,0
2500,H,1769026320,1769026560,4831.73,,0
2501,L,1769026800,1769027040,4819.65,,0
2502,H,1769027460,1769027700,4838.65,,0
2503,L,1769028060,1769028300,4830.33,,0
2504,H,1769028600,1769028840,4844.20,2505,0
2505,H,1769029200,1769029440,4850.67,,0
2506,L,1769029500,1769029740,4843.20,,0
2507,H,1769029860,1769030100,4850.87,,0
2508,L,1769030280,1769030520,4846.49,,0
2509,H,1769030760,1769031000,4854.08,,0
2510,L,1769031960,1769032200,4762.39,,0
2511,H,1769032140,1769032380,4778.71,,0
2512,L,1769032260,1769032500,4755.66,,0
2513,H,1769032860,1769033100,4787.20,,0
2514,L,1769033100,1769033340,4772.25,,0
2515,H,1769033220,1769033460,4784.47,2516,0
2516,H,1769034060,1769034300,4800.97,,0
2517,L,1769034180,1769034420,4788.20,,0
2518,H,1769034660,1769034900,4813.59,,0
2519,L,1769035020,1769035260,4802.97,,0
2520,H,1769035500,1769035740,4821.49,,0
2521,L,1769035680,1769035920,4816.32,,0
2522,H,1769035920,1769036160,4827.91,,0
2523,H,1769036280,1769036520,4827.71,2522,0
2524,L,1769036400,1769036640,4817.26,2525,0
2525,L,1769036760,1769037000,4813.30,,0
2526,H,1769037720,1769037960,4838.47,,0
2527,L,1769038140,1769038380,4832.04,,0
2528,H,1769038560,1769038800,4839.44,,0
2529,L,1769038920,1769039160,4833.97,,0
2530,H,1769039280,1769039520,4839.61,,0
2531,L,1769039520,1769039760,4828.30,,0
2532,H,1769043600,1769043840,4834.00,,0
2533,L,1769044140,1769044380,4802.34,,0
2534,H,1769044500,1769044740,4815.20,,0
2535,L,1769045220,1769045460,4785.03,,0
2536,H,1769045520,1769045760,4801.71,,0
2537,L,1769045760,1769046000,4792.31,2538,0
2538,L,1769046420,1769046660,4785.23,,0
2539,H,1769046720,1769046960,4797.40,,0
2540,L,1769047140,1769047380,4777.54,,0
2541,H,1769047920,1769048160,4794.15,,0
2542,L,1769048220,1769048460,4784.26,,0
2543,H,1769048460,1769048700,4789.01,,0
2544,L,1769048820,1769049060,4780.15,,0
2545,L,1769049120,1769049360,4780.23,2544,0
2546,H,1769049300,1769049540,4788.55,2547,0
2547,H,1769049780,1769050020,4795.59,,0
2548,L,1769050140,1769050380,4787.57,,0
2549,H,1769050680,1769050920,4798.80,,0
2550,L,1769051040,1769051280,4772.28,,0
2551,L,1769051520,1769051760,4781.38,2550,0
2552,H,1769052240,1769052480,4809.65,,0
2553,L,1769052480,1769052720,4792.35,,0
2554,L,1769053140,1769053380,4793.90,2553,0
2555,H,1769053320,1769053560,4804.68,,0
2556,L,1769053620,1769053860,4798.99,,0
2557,H,1769054100,1769054340,4804.60,,0
2558,L,1769054760,1769055000,4787.41,,0
2559,H,1769055120,1769055360,4795.66,2560,0
2560,H,1769055660,1769055900,4795.67,,0
2561,L,1769056740,1769056980,4774.52,,0
2562,L,1769057820,1769058060,4785.22,2561,0
2563,H,1769057940,1769058180,4792.45,,0
2564,L,1769058120,1769058360,4785.07,,0
2565,H,1769058420,1769058660,4791.39,,0
2566,L,1769058480,1769058720,4784.32,,0
2567,L,1769059200,1769059440,4785.81,2566,0
2568,H,1769059620,1769059860,4795.92,,0
2569,L,1769059800,1769060040,4791.07,,0
2570,H,1769060280,1769060520,4793.67,,0
2571,L,1769060700,1769060940,4790.11,,0
2572,H,1769061120,1769061360,4796.70,2573,0
2573,H,1769061600,1769061840,4797.12,,0
2574,L,1769061780,1769062020,4795.33,,0
2575,H,1769062260,1769062500,4800.48,,0
2576,L,1769062380,1769062620,4796.49,,0
2577,H,1769062800,1769063040,4799.74,,0
2578,H,1769063460,1769063700,4797.65,2577,0
2579,L,1769063640,1769063880,4793.81,,0
2580,H,1769063760,1769064000,4798.32,,0
2581,H,1769064240,1769064480,4796.87,2580,0
2582,L,1769064360,1769064600,4793.90,,0
2583,H,1769065020,1769065260,4797.95,,0
2584,L,1769065260,1769065500,4793.64,,0
2585,H,1769065500,1769065740,4801.48,,0
2586,L,1769065860,1769066100,4796.64,,0
2587,H,1769066040,1769066280,4800.61,,0
2588,L,1769066520,1769066760,4795.31,2589,0
2589,L,1769066820,1769067060,4795.18,,0
2590,H,1769067060,1769067300,4799.88,,0
2591,L,1769067300,1769067540,4795.46,,0
2592,H,1769068440,1769068680,4819.44,2593,0
2593,H,1769068920,1769069160,4824.90,,0
2594,L,1769069640,1769069880,4816.19,,0
2595,H,1769070360,1769070600,4829.19,,0
2596,L,1769070840,1769071080,4823.99,,0
2597,H,1769071140,1769071380,4828.10,,0
2598,L,1769071320,1769071560,4823.69,,0
2599,H,1769071620,1769071860,4825.46,,0
2600,L,1769071920,1769072160,4821.40,,0
2601,H,1769072820,1769073060,4834.82,2602,0
2602,H,1769073540,1769073780,4837.45,,0
2603,L,1769073840,1769074080,4830.19,,0
2604,H,1769074080,1769074320,4838.07,,0
2605,L,1769074560,1769074800,4834.28,,0
2606,H,1769074980,1769075220,4838.50,,0
2607,L,1769075220,1769075460,4830.82,2608,0
2608,L,1769075700,1769075940,4830.63,,0
2609,H,1769075880,1769076120,4835.61,,0
2610,L,1769076000,1769076240,4831.08,2611,0
2611,L,1769076660,1769076900,4824.42,,0
2612,L,1769077080,1769077320,4825.78,2611,0
2613,H,1769077560,1769077800,4830.54,,0
2614,L,1769077920,1769078160,4822.62,2615,0
2615,L,1769078280,1769078520,4822.30,,0
2616,H,1769078640,1769078880,4828.57,2617,0
2617,H,1769079300,1769079540,4831.89,,0
2618,L,1769079600,1769079840,4829.63,,0
2619,H,1769079840,1769080080,4835.39,2620,0
2620,H,1769080320,1769080560,4838.00,,0
2621,L,1769081220,1769081460,4828.09,,0
2622,H,1769081460,1769081700,4831.07,,0
2623,L,1769081520,1769081760,4816.28,,0
2624,H,1769081820,1769082060,4826.01,,0
2625,L,1769082120,1769082360,4813.87,,0
2626,H,1769083200,1769083440,4825.05,,0
2627,L,1769083680,1769083920,4819.34,,0
2628,H,1769084280,1769084520,4827.32,,0
2629,L,1769084460,1769084700,4821.30,,0
2630,H,1769084940,1769085180,4827.58,2631,0
2631,H,1769085540,1769085780,4829.25,,0
2632,L,1769085660,1769085900,4826.57,,0
2633,H,1769086260,1769086500,4831.77,,0
2634,L,1769086680,1769086920,4827.77,,0
2635,H,1769087100,1769087340,4831.78,,0
2636,L,1769087760,1769088000,4824.40,,0
2637,H,1769088180,1769088420,4829.58,,0
2638,L,1769088600,1769088840,4827.07,,0
2639,H,1769088780,1769089020,4830.19,,0
2640,L,1769088900,1769089140,4825.19,,0
2641,H,1769089740,1769089980,4834.73,2642,0
2642,H,1769090220,1769090460,4836.36,,0
2643,L,1769090580,1769090820,4823.49,,0
2644,H,1769090760,1769091000,4827.06,,0
2645,L,1769090940,1769091180,4823.87,,0
2646,H,1769091120,1769091360,4827.70,,0
2647,L,1769091240,1769091480,4823.90,,0
2648,H,1769092020,1769092260,4832.55,,0
2649,L,1769092500,1769092740,4830.15,,0
2650,H,1769093580,1769093820,4828.73,,0
2651,L,1769094180,1769094420,4815.99,,0
2652,H,1769094360,1769094600,4824.57,,0
2653,L,1769095260,1769095500,4826.95,,0
2654,H,1769095500,1769095740,4835.25,,0
2655,L,1769095860,1769096100,4817.67,,0
2656,H,1769096100,1769096340,4825.15,,0
2657,L,1769096760,1769097000,4810.64,,0
2658,H,1769097120,1769097360,4822.43,,0
2659,L,1769097300,1769097540,4816.95,,0
2660,H,1769097600,1769097840,4825.63,2661,0
2661,H,1769097900,1769098140,4825.99,,0
2662,L,1769097960,1769098200,4820.45,,0
2663,H,1769098500,1769098740,4827.30,,0
2664,L,1769098740,1769098980,4822.47,,0
2665,H,1769099640,1769099880,4847.83,,0
2666,H,1769099940,1769100180,4845.72,2665,0
2667,L,1769100180,1769100420,4839.42,,0
2668,H,1769100240,1769100480,4846.90,,0
2669,L,1769100540,1769100780,4836.82,,0
2670,H,1769100840,1769101080,4845.71,,0
2671,L,1769101200,1769101440,4827.30,,0
2672,L,1769101680,1769101920,4830.24,2671,0
2673,H,1769103360,1769103600,4865.95,,0
2674,L,1769103660,1769103900,4859.04,,0
2675,H,1769104380,1769104620,4873.75,,0
2676,L,1769104560,1769104800,4867.97,,0
2677,H,1769104800,1769105040,4874.27,,0
2678,L,1769105220,1769105460,4868.01,,0
2679,H,1769105460,1769105700,4876.34,,0
2680,L,1769105760,1769106000,4870.69,,0
2681,H,1769106060,1769106300,4879.70,2682,0
2682,H,1769106360,1769106600,4880.65,,0
2683,L,1769106720,1769106960,4873.30,,0
2684,H,1769107080,1769107320,4884.97,,0
2685,L,1769107440,1769107680,4879.10,,0
2686,H,1769107860,1769108100,4885.36,,0
2687,L,1769108400,1769108640,4873.94,,0
2688,H,1769108820,1769109060,4884.70,,0
2689,L,1769108880,1769109120,4869.77,,0
2690,H,1769110080,1769110320,4893.85,2691,0
2691,H,1769110500,1769110740,4897.18,,0
2692,L,1769110860,1769111100,4891.36,,0
2693,L,1769112000,1769112240,4901.45,2692,0
2694,H,1769112180,1769112420,4911.47,2695,0
2695,H,1769112720,1769112960,4915.04,,0
2696,L,1769112900,1769113140,4908.04,,0
2697,H,1769113200,1769113440,4913.55,,0
2698,L,1769113500,1769113740,4906.85,,0
2699,H,1769113740,1769113980,4912.09,,0
2700,L,1769113920,1769114160,4907.39,,0
2701,H,1769114280,1769114520,4915.57,,0
2702,L,1769114820,1769115060,4910.91,,0
2703,H,1769115300,1769115540,4919.55,,0
2704,L,1769115420,1769115660,4915.32,,0
2705,H,1769116020,1769116260,4923.91,2706,0
2706,H,1769116440,1769116680,4924.42,,0
2707,L,1769117280,1769117520,4909.73,,0
2708,H,1769117580,1769117820,4918.09,,0
2709,L,1769118540,1769118780,4906.00,,0
2710,H,1769118900,1769119140,4912.88,,0
2711,L,1769119140,1769119380,4910.17,,0
2712,H,1769119560,1769119800,4923.21,,0
2713,L,1769119860,1769120100,4921.61,,0
2714,H,1769120220,1769120460,4928.45,,0
2715,H,1769120640,1769120880,4928.29,2714,0
2716,L,1769120880,1769121120,4924.61,,0
2717,H,1769121060,1769121300,4927.19,,0
2718,L,1769121300,1769121540,4918.59,,0
2719,L,1769121660,1769121900,4918.84,2718,0
2720,H,1769122080,1769122320,4924.90,,0
2721,H,1769122500,1769122740,4923.60,2720,0
2722,L,1769122740,1769122980,4914.17,,0
2723,H,1769123760,1769124000,4924.46,,0
2724,L,1769124240,1769124480,4920.49,,0
2725,H,1769124900,1769125140,4936.86,2726,0
2726,H,1769125500,1769125740,4940.67,,0
2727,L,1769125740,1769125980,4935.96,2728,0
2728,L,1769126100,1769130060,4935.46,,0
2729,H,1769130660,1769130900,4959.88,,0
2730,L,1769131140,1769131380,4939.51,,0
2731,H,1769131380,1769131620,4945.93,,0
2732,L,1769131860,1769132100,4930.71,,0
2733,H,1769132280,1769132520,4937.42,2734,0
2734,H,1769133360,1769133600,4960.49,2735,0
2735,H,1769133840,1769134080,4963.33,,0
2736,L,1769134500,1769134740,4950.20,,0
2737,H,1769134560,1769134800,4958.49,,0
2738,L,1769135100,1769135340,4948.19,,0
2739,H,1769135400,1769135640,4955.14,,0
2740,L,1769135580,1769135820,4947.97,,0
2741,H,1769135880,1769136120,4956.07,,0
2742,L,1769136060,1769136300,4947.44,,0
2743,H,1769137200,1769137440,4967.15,,0
2744,L,1769137320,1769137560,4936.28,,0
2745,L,1769137620,1769137860,4936.67,2744,0
2746,H,1769138100,1769138340,4954.38,,0
2747,L,1769138340,1769138580,4942.69,,0
2748,H,1769138760,1769139000,4952.24,,0
2749,L,1769138880,1769139120,4945.60,,0
2750,H,1769139240,1769139480,4956.14,,0
2751,L,1769139780,1769140020,4949.86,,0
2752,H,1769140260,1769140500,4962.94,,0
2753,L,1769140740,1769140980,4951.60,,0
2754,H,1769141160,1769141400,4955.37,,0
2755,L,1769141400,1769141640,4947.13,,0
2756,H,1769142180,1769142420,4953.47,,0
2757,L,1769142360,1769142600,4946.76,,0
2758,H,1769142600,1769142840,4957.39,,0
2759,L,1769143260,1769143500,4954.04,,0
2760,H,1769143740,1769143980,4962.19,,0
2761,L,1769144640,1769144880,4954.75,,0
2762,H,1769145000,1769145240,4958.93,,0
2763,L,1769145540,1769145780,4939.28,,0
2764,H,1769145900,1769146140,4945.89,,0
2765,L,1769145960,1769146200,4937.94,,0
2766,H,1769146680,1769146920,4953.34,,0
2767,L,1769146980,1769147220,4945.57,,0
2768,H,1769147400,1769147640,4954.44,,0
2769,L,1769147580,1769147820,4950.82,,0
2770,L,1769148060,1769148300,4951.31,2769,0
2771,H,1769148360,1769148600,4953.58,,0
2772,L,1769148420,1769148660,4950.69,,0
2773,H,1769148660,1769148900,4953.17,,0
2774,L,1769148960,1769149200,4951.34,,0
2775,H,1769149080,1769149320,4953.21,,0
2776,L,1769149260,1769149500,4950.11,,0
2777,L,1769149680,1769149920,4950.72,2776,0
2778,H,1769150400,1769150640,4957.99,,0
2779,L,1769150760,1769151000,4955.07,,0
2780,H,1769151240,1769151480,4958.29,,0
2781,L,1769151300,1769151540,4955.68,2782,0
2782,L,1769151600,1769151840,4954.49,,0
2783,H,1769151660,1769151900,4957.24,2784,0
2784,H,1769152140,1769152380,4957.51,,0
2785,L,1769152200,1769152440,4955.41,,0
2786,L,1769152500,1769152740,4955.50,2785,0
2787,H,1769152920,1769153160,4960.04,,0
2788,L,1769153160,1769153400,4956.43,,0
2789,H,1769153400,1769153640,4960.49,,0
2790,L,1769153700,1769153940,4956.43,,0
2791,H,1769154600,1769154840,4967.17,,0
2792,H,1769155380,1769155620,4963.07,2791,0
2793,L,1769155920,1769156160,4945.49,,0
2794,H,1769156160,1769156400,4955.71,2795,0
2795,H,1769156640,1769156880,4958.90,,0
2796,L,1769157120,1769157360,4950.64,,0
2797,H,1769157540,1769157780,4954.99,,0
2798,L,1769157720,1769157960,4950.23,,0
2799,H,1769157900,1769158140,4955.31,,0
2800,L,1769158200,1769158440,4950.83,,0
2801,H,1769158440,1769158680,4955.88,2802,0
2802,H,1769158740,1769158980,4956.19,,0
2803,L,1769158800,1769159040,4952.21,,0
2804,H,1769159280,1769159520,4957.95,,0
2805,L,1769159520,1769159760,4953.95,,0
2806,H,1769160060,1769160300,4959.53,,0
2807,L,1769160300,1769160540,4951.67,,0
2808,H,1769160600,1769160840,4958.44,,0
2809,H,1769160900,1769161140,4956.94,2808,0
2810,L,1769161740,1769161980,4943.29,,0
2811,H,1769162100,1769162340,4951.11,,0
2812,L,1769162400,1769162640,4941.79,,0
2813,L,1769162760,1769163000,4943.52,2812,0
2814,H,1769162880,1769163120,4947.59,,0
2815,L,1769164080,1769164320,4901.18,,0
2816,H,1769165040,1769165280,4926.26,,0
2817,L,1769165580,1769165820,4908.82,,0
2818,H,1769166000,1769166240,4920.04,,0
2819,L,1769166300,1769166540,4911.35,2820,0
2820,L,1769166720,1769166960,4909.33,,0
2821,H,1769166960,1769167200,4914.83,,0
2822,L,1769167140,1769167380,4905.49,,0
2823,H,1769167320,1769167560,4914.75,,0
2824,L,1769167740,1769167980,4899.62,,0
2825,H,1769167980,1769168220,4912.48,,0
2826,L,1769168160,1769168400,4906.56,,0
2827,H,1769168640,1769168880,4917.74,2828,0
2828,H,1769169000,1769169240,4921.53,,0
2829,L,1769169480,1769169720,4917.29,,0
2830,H,1769169720,1769169960,4922.69,,0
2831,L,1769170020,1769170260,4915.68,,0
2832,L,1769170920,1769171160,4923.31,2831,0
2833,H,1769171220,1769171460,4932.43,,0
2834,L,1769171700,1769171940,4925.29,,0
2835,H,1769172120,1769172360,4928.99,,0
2836,L,1769172420,1769172660,4924.57,,0
2837,H,1769172840,1769173080,4930.70,,1
2838,L,1769172840,1769173080,4926.62,,1
2839,H,1769173140,1769173380,4930.37,,0
2840,L,1769173620,1769173860,4916.17,,0
2841,H,1769173980,1769174220,4921.39,,0
2842,L,1769174280,1769174520,4911.97,,0
2843,L,1769175060,1769175300,4919.65,2842,0
2844,H,1769175300,1769175540,4925.05,,0
2845,L,1769175540,1769175780,4922.52,,0
2846,H,1769175720,1769175960,4924.99,,0
2847,L,1769175960,1769176200,4922.31,,0
2848,H,1769176260,1769176500,4926.29,,0
2849,L,1769176800,1769177040,4918.36,,0
2850,H,1769177400,1769177640,4934.26,2851,0
2851,H,1769177700,1769177940,4937.03,,0
2852,L,1769177940,1769178180,4930.48,,0
2853,H,1769178420,1769178660,4936.07,,0
2854,L,1769178540,1769178780,4932.42,,0
2855,H,1769179200,1769179440,4939.03,,0
2856,L,1769179320,1769179560,4932.27,,0
2857,H,1769179980,1769180220,4942.50,,0
2858,L,1769180520,1769180760,4933.64,,0
2859,H,1769180820,1769181060,4947.84,,0
2860,H,1769181420,1769181660,4940.66,2859,0
2861,L,1769181780,1769182020,4923.74,,0
2862,H,1769182500,1769182740,4939.27,,0
2863,L,1769182620,1769182860,4927.49,,0
2864,L,1769183040,1769183280,4928.51,2863,0
2865,H,1769183640,1769183880,4940.80,,0
2866,L,1769183820,1769184060,4935.12,,0
2867,H,1769184000,1769184240,4942.07,,0
2868,L,1769184240,1769184480,4934.74,,0
2869,H,1769184720,1769184960,4947.76,,0
2870,L,1769185080,1769185320,4939.83,,0
2871,H,1769185260,1769185500,4945.49,,0
2872,L,1769185440,1769185680,4940.16,2873,0
2873,L,1769185860,1769186100,4932.89,,0
2874,H,1769187120,1769187360,4956.43,,0
2875,L,1769187600,1769187840,4938.30,,0
2876,H,1769188140,1769188380,4955.86,,0
2877,L,1769188860,1769189100,4942.47,,0
2878,L,1769189340,1769189580,4943.13,2877,0
2879,L,1769189820,1769190060,4947.27,2877,0
2880,H,1769190420,1769190660,4963.25,,0
2881,L,1769190660,1769190900,4951.46,,0
2882,H,1769191440,1769191680,4966.31,2883,0
2883,H,1769191860,1769192100,4976.66,,0
2884,L,1769192040,1769192280,4969.60,,0
2885,H,1769193060,1769193300,4988.22,,0
2886,L,1769193240,1769193480,4978.92,,0
2887,L,1769193540,1769193780,4980.08,2886,0
2888,H,1769194260,1769194500,4982.28,2889,0
2889,H,1769194620,1769194860,4983.03,,0
2890,L,1769194800,1769195040,4977.54,,0
2891,H,1769195520,1769195760,4987.11,2892,0
2892,H,1769195880,1769196120,4987.73,,0
2893,L,1769196360,1769196600,4980.89,,0
2894,L,1769196900,1769197140,4983.35,2893,0
2895,H,1769197200,1769197440,4988.14,,0
2896,L,1769197500,1769197740,4981.40,2897,0
2897,L,1769198280,1769198520,4962.14,,0
2898,H,1769198700,1769198940,4979.40,,0
2899,L,1769198940,1769199180,4975.10,,0
2900,H,1769199180,1769199420,4982.78,2901,0
2901,H,1769199660,1769199900,4984.13,,0
2902,H,1769199960,1769200200,4984.13,2901,0
2903,L,1769201340,1769201580,4958.31,,0
2904,H,1769201700,1769201940,4969.78,2905,0
2905,H,1769202300,1769202540,4978.91,,0
2906,L,1769202480,1769202720,4971.55,,0
2907,H,1769203260,1769203500,4978.69,,0
2908,L,1769203560,1769203800,4974.81,,0
2909,H,1769203980,1769204220,4980.49,,0
2910,L,1769204100,1769204340,4974.59,,0
2911,H,1769205240,1769205480,4989.69,,0
2912,L,1769206080,1769206320,4970.63,,0
2913,H,1769206620,1769206860,4985.48,,0
2914,H,1769207040,1769207280,4982.84,2913,0
2915,L,1769207400,1769207640,4975.89,,0
2916,H,1769208000,1769208240,4983.50,,0
2917,L,1769208180,1769208420,4980.17,2918,0
2918,L,1769208720,1769208960,4978.99,2919,0
2919,L,1769209260,1769209500,4978.79,,0
2920,H,1769209560,1769209800,4986.21,,0
2921,H,1769209980,1769210220,4983.82,2920,0
2922,L,1769210400,1769210640,4978.09,,0
2923,H,1769210820,1769211060,4983.67,,0
2924,L,1769211000,1769211240,4980.68,,0
2925,H,1769211180,1769211420,4983.25,,0
2926,L,1769211360,1769211600,4980.59,,0
2927,H,1769211720,1769211960,4983.06,,0
2928,L,1769211960,1769212200,4980.97,,0
2929,H,1769389380,1769389620,5027.59,,0
2930,L,1769389560,1769389800,5003.51,,0
2931,H,1769389800,1769390040,5026.01,2932,0
2932,H,1769390460,1769390700,5031.01,,0
2933,L,1769390940,1769391180,5012.19,,0
2934,H,1769391120,1769391360,5027.15,,0
2935,L,1769391360,1769391600,5018.32,,0
2936,H,1769391540,1769391780,5032.19,2937,0
2937,H,1769392020,1769392260,5036.34,2938,0
2938,H,1769392440,1769392680,5040.05,2939,0
2939,H,1769392800,1769393040,5041.13,,0
2940,L,1769392860,1769393100,5034.43,,0
2941,H,1769393340,1769393580,5043.79,,0
2942,L,1769393520,1769393760,5034.85,2943,0
2943,L,1769394060,1769394300,5030.65,,0
2944,H,1769395260,1769395500,5052.05,,0
2945,H,1769395620,1769395860,5051.86,2944,0
2946,L,1769396460,1769396700,5028.90,,0
2947,H,1769398560,1769398800,5085.59,,0
2948,L,1769398740,1769398980,5070.80,,0
2949,H,1769399100,1769399340,5084.88,,0
2950,L,1769399460,1769399700,5067.68,,0
2951,H,1769399760,1769400000,5082.53,,0
2952,L,1769400240,1769400480,5068.42,2953,0
2953,L,1769400600,1769400840,5066.86,,0
2954,H,1769400720,1769400960,5079.24,,0
2955,L,1769401020,1769401260,5072.87,,0
2956,H,1769401860,1769402100,5093.07,,0
2957,L,1769402280,1769402520,5079.13,,0
2958,H,1769402520,1769402760,5091.57,,0
2959,L,1769403000,1769403240,5083.83,,0
2960,H,1769403060,1769403300,5088.89,,0
2961,L,1769403720,1769403960,5071.57,,0
2962,H,1769404020,1769404260,5084.99,2963,0
2963,H,1769404560,1769404800,5087.81,,0
2964,L,1769404800,1769405040,5074.88,,0
2965,H,1769405100,1769405340,5084.64,,0
2966,L,1769405520,1769405760,5077.76,,0
2967,H,1769405700,1769405940,5083.71,,0
2968,L,1769406720,1769406960,5069.97,,0
2969,H,1769407200,1769407440,5076.99,,0
2970,L,1769407440,1769407680,5072.19,,0
2971,H,1769407740,1769407980,5077.95,,0
2972,L,1769407860,1769408100,5073.18,,0
2973,H,1769408100,1769408340,5076.46,,0
2974,L,1769408220,1769408460,5072.45,,0
2975,H,1769408400,1769408640,5076.54,,0
2976,L,1769408580,1769408820,5071.39,2977,0
2977,L,1769409120,1769409360,5064.57,,0
2978,H,1769409900,1769410140,5067.33,,0
2979,L,1769409960,1769410200,5058.45,,0
2980,H,1769410920,1769411160,5072.81,,0
2981,L,1769411220,1769411460,5059.38,2982,0
2982,L,1769411520,1769411760,5055.17,,0
2983,H,1769411820,1769412060,5061.92,,0
2984,L,1769411940,1769412180,5052.32,,0
2985,H,1769412480,1769412720,5066.96,,0
2986,L,1769412720,1769412960,5055.07,,0
2987,H,1769412900,1769413140,5067.87,,0
2988,L,1769413380,1769413620,5053.13,,0
2989,H,1769413980,1769414220,5076.38,,0
2990,L,1769414220,1769414460,5071.33,,0
2991,H,1769414460,1769414700,5082.28,,0
2992,L,1769415300,1769415540,5065.42,,0
2993,H,1769417460,1769417700,5111.08,,0
2994,L,1769418060,1769418300,5073.96,,0
2995,H,1769419200,1769419440,5095.67,,0
2996,L,1769419320,1769419560,5090.59,,0
2997,H,1769419740,1769419980,5095.66,,0
2998,L,1769420640,1769420880,5085.88,,0
2999,H,1769421240,1769421480,5094.02,,0
3000,L,1769421600,1769421840,5087.38,,0
3001,H,1769421780,1769422020,5096.61,,0
3002,L,1769422200,1769422440,5089.70,,0
3003,H,1769422620,1769422860,5097.51,,0
3004,L,1769422860,1769423100,5095.38,,0
3005,L,1769423340,1769423580,5096.11,3004,0
3006,L,1769423640,1769423880,5096.02,3004,0
3007,H,1769423880,1769424120,5098.28,,0
3008,L,1769424840,1769425080,5080.13,,0
3009,H,1769425500,1769425740,5093.02,,0
3010,L,1769425920,1769426160,5087.11,,0
3011,H,1769426400,1769426640,5094.32,,0
3012,L,1769426640,1769426880,5088.16,,0
3013,H,1769427120,1769427360,5098.34,,0
3014,L,1769427720,1769427960,5087.41,,0
3015,H,1769427960,1769428200,5093.06,,0
3016,L,1769428560,1769428800,5075.43,,0
3017,H,1769428800,1769429040,5086.04,,0
3018,L,1769429040,1769429280,5078.58,,0
3019,H,1769429640,1769429880,5090.29,3020,0
3020,H,1769430000,1769430240,5091.21,,0
3021,L,1769430600,1769430840,5085.89,,0
3022,L,1769431020,1769431260,5090.42,3021,0
3023,H,1769431200,1769431440,5094.99,,0
3024,L,1769431920,1769432160,5090.40,,0
3025,H,1769432100,1769432340,5093.06,,0
3026,L,1769432520,1769432760,5089.32,,0
3027,H,1769432640,1769432880,5092.74,,0
3028,L,1769433540,1769433780,5078.46,,0
3029,H,1769434200,1769434440,5087.58,,0
3030,L,1769434440,1769434680,5083.81,,0
3031,L,1769435160,1769435400,5087.24,3030,0
3032,H,1769435460,1769435700,5092.52,,0
3033,L,1769436060,1769436300,5087.16,,0
3034,H,1769436300,1769436540,5093.73,,0
3035,L,1769436720,1769436960,5089.31,3036,0
3036,L,1769437140,1769437380,5086.17,,0
3037,H,1769437440,1769437680,5096.90,,0
3038,L,1769437980,1769438220,5084.34,,0
3039,H,1769438220,1769438460,5089.86,,0
3040,L,1769438580,1769438820,5079.21,,0
3041,H,1769438820,1769439060,5085.48,3042,0
3042,H,1769439300,1769439540,5085.83,,0
3043,L,1769439780,1769440020,5066.15,,0
3044,H,1769440500,1769440740,5083.14,,0
3045,L,1769441100,1769441340,5067.18,,0
3046,H,1769441280,1769441520,5075.85,,0
3047,L,1769441580,1769441820,5054.63,,0
3048,H,1769442120,1769442360,5072.44,,0
3049,L,1769442420,1769442660,5066.99,,0
3050,H,1769442720,1769442960,5076.05,,0
3051,L,1769443320,1769443560,5058.31,,0
3052,H,1769444040,1769444280,5073.15,,0
3053,L,1769444160,1769444400,5063.64,,0
3054,L,1769444760,1769445000,5074.12,3053,0
3055,L,1769445060,1769445300,5074.70,3053,0
3056,H,1769445600,1769445840,5090.75,,0
3057,L,1769445780,1769446020,5079.52,,0
3058,L,1769446260,1769446500,5084.76,3057,0
3059,H,1769446800,1769447040,5096.92,,0
3060,L,1769446860,1769447100,5085.62,,0
3061,L,1769447400,1769447640,5089.52,3060,0
3062,H,1769447580,1769447820,5097.26,,0
3063,L,1769448000,1769448240,5084.27,,0
3064,H,1769448180,1769448420,5094.51,,0
3065,L,1769448480,1769448720,5085.89,,0
3066,H,1769448600,1769448840,5092.63,,0
3067,L,1769448900,1769449140,5074.83,3068,0
3068,L,1769449260,1769449500,5074.12,,0
3069,H,1769450220,1769450460,5095.13,,0
3070,L,1769450400,1769450640,5089.63,,0
3071,H,1769450760,1769451000,5105.06,,0
3072,L,1769451060,1769451300,5096.39,,0
3073,H,1769451360,1769451600,5104.10,,0
3074,L,1769451660,1769451900,5090.07,3075,0
3075,L,1769452320,1769452560,5069.94,3076,0
3076,L,1769452740,1769452980,5065.24,,0
3077,H,1769452920,1769453160,5083.41,3078,0
3078,H,1769453340,1769453580,5087.94,3079,0
3079,H,1769453880,1769454120,5094.02,3080,0
3080,H,1769454300,1769454540,5097.34,,0
3081,L,1769454660,1769454900,5085.70,,0
3082,H,1769454840,1769455080,5095.54,,0
3083,L,1769455500,1769455740,5080.92,,0
3084,L,1769455800,1769456040,5082.24,3083,0
3085,H,1769456100,1769456340,5093.44,3086,0
3086,H,1769456880,1769457120,5104.97,,0
3087,L,1769457360,1769457600,5097.41,,0
3088,H,1769457660,1769457900,5103.26,,0
3089,L,1769458440,1769458680,5076.49,,0
3090,H,1769459040,1769459280,5090.62,,0
3091,L,1769460120,1769460360,5058.04,,0
3092,H,1769460840,1769461080,5083.12,,0
3093,L,1769461440,1769461680,5036.04,,0
3094,H,1769461680,1769461920,5062.56,3095,0
3095,H,1769462040,1769462280,5063.01,,0
3096,L,1769462640,1769462880,5020.67,,0
3097,H,1769462760,1769463000,5036.70,3098,0
3098,H,1769463240,1769463480,5043.60,,0
3099,L,1769463360,1769463600,5030.70,3100,0
3100,L,1769463720,1769463960,5026.69,,0
3101,H,1769463900,1769464140,5037.43,,0
3102,L,1769464080,1769464320,5008.47,,0
3103,H,1769465520,1769465760,5054.12,,0
3104,L,1769465760,1769466000,5040.74,,0
3105,H,1769466720,1769466960,5062.19,,0
3106,L,1769467080,1769467320,5035.68,,0
3107,L,1769467560,1769467800,5043.07,3106,0
3108,H,1769468100,1769468340,5060.63,,0
3109,L,1769468460,1769468700,5051.89,,0
3110,H,1769468640,1769468880,5059.22,,0
3111,L,1769469720,1769469960,5011.32,,0
3112,H,1769469960,1769470200,5026.77,,0
3113,L,1769470560,1769470800,4990.04,,0
3114,H,1769470920,1769471160,5016.16,,0
3115,L,1769471100,1769471340,5004.29,,0
3116,H,1769471280,1769471520,5016.92,,0
3117,L,1769471520,1769471760,5006.56,3118,0
3118,L,1769471820,1769475780,5006.17,,0
3119,L,1769476260,1769476500,5030.05,3118,0
3120,H,1769476860,1769477100,5049.82,,0
3121,L,1769477220,1769477460,5042.15,3122,0
3122,L,1769477520,1769477760,5040.68,,0
3123,H,1769478360,1769478600,5061.61,,0
3124,L,1769479200,1769479440,5038.47,,0
3125,H,1769479560,1769479800,5053.48,,0
3126,L,1769479800,1769480040,5047.07,,0
3127,H,1769479980,1769480220,5053.00,3128,0
3128,H,1769480280,1769480520,5054.02,,0
3129,L,1769480580,1769480820,5046.29,,0
3130,H,1769480760,1769481000,5050.28,,0
3131,L,1769481000,1769481240,5043.96,3132,0
3132,L,1769482320,1769482560,5013.77,,0
3133,H,1769482680,1769482920,5035.50,,0
3134,L,1769482920,1769483160,5019.03,,0
3135,H,1769483700,1769483940,5076.05,,0
3136,L,1769483940,1769484180,5063.13,,0
3137,L,1769484300,1769484540,5063.97,3136,0
3138,H,1769484660,1769484900,5070.39,,0
3139,L,1769484780,1769485020,5060.50,,0
3140,H,1769485020,1769485260,5069.84,,0
3141,L,1769485260,1769485500,5054.34,,0
3142,H,1769485500,1769485740,5064.53,3143,0
3143,H,1769485920,1769486160,5066.92,,0
3144,L,1769486580,1769486820,5049.58,,0
3145,L,1769487240,1769487480,5061.21,3144,0
3146,H,1769487300,1769487540,5070.35,,0
3147,L,1769487660,1769487900,5060.31,,0
3148,H,1769487900,1769488140,5069.48,,0
3149,L,1769488500,1769488740,5067.73,,0
3150,H,1769489040,1769489280,5079.77,,0
3151,L,1769489640,1769489880,5065.42,,0
3152,H,1769490000,1769490240,5073.84,,0
3153,L,1769490360,1769490600,5063.72,,0
3154,H,1769490540,1769490780,5071.17,,0
3155,L,1769490960,1769491200,5060.39,,0
3156,H,1769491380,1769491620,5072.83,,0
3157,L,1769491740,1769491980,5063.90,,0
3158,H,1769491860,1769492100,5070.22,,0
3159,L,1769492100,1769492340,5066.22,,0
3160,H,1769493000,1769493240,5076.64,3161,0
3161,H,1769493480,1769493720,5079.19,,0
3162,L,1769494440,1769494680,5068.58,,0
3163,H,1769494680,1769494920,5076.06,,0
3164,L,1769495100,1769495340,5072.02,,0
3165,H,1769495160,1769495400,5075.80,,0
3166,L,1769496240,1769496480,5061.61,,0
3167,H,1769496300,1769496540,5067.21,,0
3168,L,1769496660,1769496900,5062.33,,0
3169,H,1769497020,1769497260,5071.03,,0
3170,H,1769497620,1769497860,5063.47,3169,0
3171,L,1769497860,1769498100,5057.33,,0
3172,H,1769498160,1769498400,5064.44,,0
3173,L,1769498340,1769498580,5058.32,,0
3174,H,1769498760,1769499000,5066.93,,0
3175,L,1769499000,1769499240,5060.05,,0
3176,L,1769499600,1769499840,5068.97,3175,0
3177,H,1769500260,1769500500,5085.28,,0
3178,L,1769500440,1769500680,5078.23,,0
3179,H,1769500980,1769501220,5086.91,,0
3180,L,1769501520,1769501760,5076.66,,0
3181,H,1769501640,1769501880,5084.13,,0
3182,L,1769502000,1769502240,5079.74,,0
3183,H,1769502300,1769502540,5087.66,,0
3184,L,1769502660,1769502900,5079.00,,0
3185,L,1769503020,1769503260,5080.82,3184,0
3186,H,1769503860,1769504100,5093.87,,0
3187,L,1769504100,1769504340,5081.97,,0
3188,H,1769504940,1769505180,5094.56,,0
3189,L,1769505420,1769505660,5084.35,,0
3190,H,1769505480,1769505720,5090.71,,0
3191,H,1769505780,1769506020,5090.26,3190,0
3192,L,1769505960,1769506200,5081.58,,0
3193,H,1769506320,1769506560,5097.33,,0
3194,L,1769506560,1769506800,5091.20,,0
3195,H,1769506920,1769507160,5100.79,,0
3196,L,1769507460,1769507700,5089.30,,0
3197,H,1769507640,1769507880,5092.79,,0
3198,L,1769508480,1769508720,5079.32,,0
3199,L,1769509020,1769509260,5083.69,3198,0
3200,H,1769509080,1769509320,5087.66,,0
3201,L,1769510040,1769510280,5073.32,,0
3202,H,1769510160,1769510400,5082.32,,0
3203,L,1769510400,1769510640,5077.25,,0
3204,H,1769510820,1769511060,5085.40,,0
3205,L,1769511180,1769511420,5077.57,,0
3206,H,1769511360,1769511600,5083.75,,0
3207,L,1769511600,1769511840,5077.92,,0
3208,H,1769511900,1769512140,5083.13,,0
3209,L,1769512020,1769512260,5079.36,,0
3210,L,1769513100,1769513340,5084.90,3209,0
3211,H,1769513940,1769514180,5094.35,,0
3212,L,1769514360,1769514600,5083.00,,0
3213,H,1769514780,1769515020,5097.47,3214,0
3214,H,1769515140,1769515380,5099.52,,0
3215,L,1769515920,1769516160,5091.25,,0
3216,H,1769516100,1769516340,5098.08,,0
3217,L,1769517180,1769517420,5082.03,,0
3218,H,1769517600,1769517840,5089.16,,0
3219,L,1769517960,1769518200,5081.92,,0
3220,L,1769518440,1769518680,5082.80,3219,0
3221,H,1769518800,1769519040,5088.10,,0
3222,L,1769518980,1769519220,5083.72,,0
3223,H,1769519760,1769520000,5090.82,,0
3224,L,1769520060,1769520300,5084.95,,0
3225,H,1769520600,1769520840,5088.17,,0
3226,L,1769520720,1769520960,5083.35,,0
3227,H,1769520960,1769521200,5088.08,,0
3228,L,1769521920,1769522160,5067.00,,0
3229,L,1769522640,1769522880,5075.40,3228,0
3230,H,1769522820,1769523060,5082.69,,0
3231,H,1769523240,1769523480,5081.73,3230,0
3232,L,1769523600,1769523840,5073.57,,0
3233,L,1769524020,1769524260,5074.48,3232,0
3234,H,1769524620,1769524860,5089.71,3235,0
3235,H,1769525220,1769525460,5091.14,,0
3236,L,1769525760,1769526000,5081.24,,0
3237,H,1769526120,1769526360,5092.18,,0
3238,L,1769526600,1769526840,5078.24,,0
3239,H,1769526960,1769527200,5092.79,,0
3240,L,1769527740,1769527980,5076.31,,0
3241,H,1769527920,1769528160,5085.80,,0
3242,H,1769528340,1769528580,5080.33,3241,0
3243,L,1769528580,1769528820,5069.65,,0
3244,L,1769529000,1769529240,5071.46,3243,0
3245,H,1769529240,1769529480,5082.09,,0
3246,L,1769529960,1769530200,5058.96,,0
3247,H,1769530260,1769530500,5071.83,,0
3248,L,1769530620,1769530860,5046.63,,0
3249,L,1769531400,1769531640,5059.23,3248,0
3250,H,1769531760,1769532000,5077.26,3251,0
3251,H,1769532180,1769532420,5082.15,,0
3252,L,1769533200,1769533440,5047.74,,0
3253,H,1769533560,1769533800,5069.72,3254,0
3254,H,1769533860,1769534100,5069.95,,0
3255,L,1769534040,1769534280,5051.42,,0
3256,H,1769534340,1769534580,5074.48,3257,0
3257,H,1769534700,1769534940,5076.88,,0
3258,L,1769534940,1769535180,5067.78,,0
3259,H,1769535480,1769535720,5086.89,,0
3260,L,1769535780,1769536020,5078.89,,0
3261,H,1769536440,1769536680,5087.68,,0
3262,L,1769536740,1769536980,5082.07,,0
3263,H,1769536800,1769537040,5091.91,,0
3264,L,1769537100,1769537340,5083.89,,0
3265,H,1769537580,1769537820,5098.64,,0
3266,L,1769537760,1769538000,5093.75,,0
3267,H,1769538000,1769538240,5103.14,,0
3268,L,1769538240,1769538480,5093.68,,0
3269,H,1769538540,1769538780,5099.59,,0
3270,L,1769538900,1769539140,5089.50,,0
3271,H,1769539320,1769539560,5098.05,,0
3272,L,1769539380,1769539620,5085.92,,0
3273,H,1769539860,1769540100,5091.98,,0
3274,L,1769540220,1769540460,5083.33,,0
3275,H,1769540340,1769540580,5089.71,,0
3276,L,1769540940,1769541180,5080.54,,0
3277,H,1769541300,1769541540,5094.15,,0
3278,L,1769541420,1769541660,5079.22,,0
3279,L,1769541780,1769542020,5081.74,3278,0
3280,H,1769542260,1769542500,5089.74,,0
3281,H,1769543280,1769543520,5085.42,3280,0
3282,L,1769543340,1769543580,5076.86,,0
3283,H,1769543760,1769544000,5085.76,,0
3284,L,1769543940,1769544180,5080.49,,0
3285,H,1769544180,1769544420,5087.15,,0
3286,L,1769544540,1769544780,5076.36,,0
3287,H,1769544660,1769544900,5085.09,,0
3288,L,1769544840,1769545080,5079.91,,0
3289,H,1769545020,1769545260,5087.01,,0
3290,L,1769545500,1769545740,5078.77,,0
3291,H,1769545920,1769546160,5091.83,,0
3292,H,1769546280,1769546520,5091.76,3291,0
3293,L,1769546640,1769546880,5085.97,,0
3294,H,1769547360,1769547600,5095.46,,0
3295,L,1769547960,1769548200,5081.14,,0
3296,H,1769548380,1769548620,5089.00,,0
3297,L,1769548680,1769548920,5085.64,,0
3298,H,1769549100,1769549340,5090.79,,0
3299,L,1769549160,1769549400,5086.55,,0
3300,H,1769549460,1769549700,5091.24,,0
3301,L,1769549640,1769549880,5087.66,,0
3302,H,1769550180,1769550420,5093.30,,0
3303,L,1769550600,1769550840,5090.66,,0
3304,H,1769552040,1769552280,5143.17,,0
3305,L,1769552220,1769552460,5131.87,,0
3306,H,1769552460,1769552700,5151.65,,0
3307,L,1769552700,1769552940,5133.63,,0
3308,H,1769553000,1769553240,5148.71,,0
3309,L,1769553180,1769553420,5132.82,,0
3310,H,1769553360,1769553600,5147.62,,0
3311,L,1769553840,1769554080,5136.48,,0
3312,H,1769554080,1769554320,5168.94,3313,0
3313,H,1769554800,1769555040,5187.88,,0
3314,H,1769555100,1769555340,5185.42,3313,0
3315,L,1769555220,1769555460,5174.26,,0
3316,H,1769555460,1769555700,5186.66,,0
3317,L,1769555580,1769555820,5172.89,3318,0
3318,L,1769556300,1769556540,5169.43,,0
3319,H,1769556420,1769556660,5178.06,,0
3320,L,1769556660,1769556900,5171.66,,0
3321,H,1769557740,1769557980,5190.38,,0
3322,L,1769562060,1769562300,5169.18,,0
3323,H,1769562300,1769562540,5184.73,,0
3324,H,1769563260,1769563500,5168.91,3323,0
3325,L,1769563440,1769563680,5159.06,,0
3326,H,1769563740,1769563980,5173.27,,0
3327,L,1769564220,1769564460,5164.50,,0
3328,H,1769564520,1769564760,5169.67,,0
3329,L,1769564700,1769564940,5163.94,,0
3330,H,1769565300,1769565540,5176.93,,0
3331,L,1769565900,1769566140,5157.36,,0
3332,H,1769566140,1769566380,5168.19,,0
3333,H,1769566500,1769566740,5166.91,3332,0
3334,L,1769566920,1769567160,5160.50,,0
3335,L,1769567340,1769567580,5161.39,3334,0
3336,H,1769567400,1769567640,5166.63,3337,0
3337,H,1769567940,1769568180,5170.64,,0
3338,L,1769568180,1769568420,5166.07,,0
3339,H,1769568360,1769568600,5172.65,,0
3340,L,1769568600,1769568840,5170.10,,0
3341,H,1769568900,1769569140,5180.08,,0
3342,L,1769569260,1769569500,5168.66,,0
3343,H,1769569620,1769569860,5202.41,,0
3344,L,1769569920,1769570160,5175.15,,0
3345,H,1769570160,1769570400,5193.35,,0
3346,L,1769570400,1769570640,5181.77,,0
3347,H,1769570520,1769570760,5191.84,,0
3348,L,1769570760,1769571000,5182.72,,0
3349,H,1769570940,1769571180,5196.39,,0
3350,L,1769571240,1769571480,5186.45,,0
3351,H,1769572200,1769572440,5225.16,,0
3352,H,1769572860,1769573100,5217.50,3351,0
3353,L,1769572980,1769573220,5203.30,,0
3354,H,1769573340,1769573580,5213.90,,0
3355,L,1769573460,1769573700,5201.60,,0
3356,H,1769574720,1769574960,5229.65,,0
3357,H,1769575260,1769575500,5227.14,3356,0
3358,L,1769575440,1769575680,5219.13,,0
3359,H,1769576040,1769576280,5234.57,3360,0
3360,H,1769577000,1769577240,5247.53,,0
3361,L,1769577120,1769577360,5241.21,,0
3362,H,1769577360,1769577600,5246.51,,0
3363,L,1769577540,1769577780,5238.36,,0
3364,H,1769577660,1769577900,5244.72,,0
3365,L,1769578200,1769578440,5235.63,3366,0
3366,L,1769578860,1769579100,5224.50,,0
3367,H,1769579520,1769579760,5244.69,,0
3368,L,1769579820,1769580060,5230.86,,0
3369,H,1769580240,1769580480,5240.87,,0
3370,L,1769580960,1769581200,5232.26,,0
3371,H,1769581620,1769581860,5241.18,,0
3372,L,1769581740,1769581980,5237.22,3373,0
3373,L,1769582280,1769582520,5234.37,,0
3374,H,1769582580,1769582820,5241.39,,0
3375,L,1769582760,1769583000,5233.71,,0
3376,H,1769583480,1769583720,5248.88,,0
3377,L,1769583720,1769583960,5241.61,,0
3378,H,1769584260,1769584500,5257.46,,0
3379,L,1769584320,1769584560,5250.71,,0
3380,L,1769585100,1769585340,5251.98,3379,0
3381,H,1769585400,1769585640,5262.31,,0
3382,L,1769585640,1769585880,5251.21,,0
3383,H,1769586120,1769586360,5266.27,,0
3384,L,1769586360,1769586600,5260.73,,0
3385,H,1769586540,1769586780,5266.37,,0
3386,L,1769586900,1769587140,5257.29,,0
3387,H,1769587020,1769587260,5263.63,,0
3388,L,1769587620,1769587860,5252.46,,0
3389,H,1769588400,1769588640,5265.69,,0
3390,L,1769588760,1769589000,5252.01,,0
3391,H,1769589420,1769589660,5264.64,,0
3392,H,1769589780,1769590020,5263.68,3391,0
3393,L,1769589960,1769590200,5257.21,,0
3394,H,1769590380,1769590620,5271.42,,0
3395,L,1769590560,1769590800,5262.83,,0
3396,H,1769590800,1769591040,5270.01,,0
3397,L,1769590860,1769591100,5262.95,,0
3398,H,1769591460,1769591700,5275.44,,0
3399,L,1769592180,1769592420,5274.63,,0
3400,H,1769592300,1769592540,5284.07,,0
3401,L,1769592600,1769592840,5278.61,,0
3402,H,1769592720,1769592960,5285.60,,0
3403,L,1769592960,1769593200,5272.07,,0
3404,H,1769593080,1769593320,5281.73,,0
3405,L,1769593320,1769593560,5277.66,,0
3406,L,1769593620,1769593860,5277.99,3405,0
3407,H,1769594040,1769594280,5292.81,,0
3408,L,1769594400,1769594640,5286.48,,0
3409,H,1769594700,1769594940,5299.65,,0
3410,L,1769595360,1769595600,5288.95,,0
3411,H,1769596380,1769596620,5311.48,,0
3412,L,1769597220,1769597460,5280.73,,0
3413,H,1769598000,1769598240,5297.45,,0
3414,L,1769598120,1769598360,5291.61,3415,0
3415,L,1769598420,1769598660,5287.98,,0
3416,H,1769598600,1769598840,5295.48,,0
3417,L,1769599440,1769599680,5268.51,,0
3418,H,1769599680,1769599920,5279.55,,0
3419,L,1769599860,1769600100,5269.58,,0
3420,H,1769600100,1769600340,5280.28,,0
3421,L,1769600640,1769600880,5263.13,,0
3422,H,1769601120,1769601360,5277.68,,0
3423,L,1769601240,1769601480,5274.10,,0
3424,H,1769601720,1769601960,5280.87,,0
3425,L,1769601900,1769602140,5272.91,,0
3426,H,1769602260,1769602500,5285.68,,0
3427,L,1769602620,1769602860,5276.84,,0
3428,H,1769603040,1769603280,5281.09,,0
3429,L,1769603100,1769603340,5275.98,3430,0
3430,L,1769603820,1769604060,5269.37,,0
3431,H,1769604300,1769604540,5277.56,3432,0
3432,H,1769604840,1769605080,5280.64,,0
3433,L,1769605560,1769605800,5238.64,,0
3434,H,1769605800,1769606040,5261.13,3435,0
3435,H,1769606100,1769606340,5261.88,,0
3436,L,1769606520,1769606760,5246.76,,0
3437,H,1769607000,1769607240,5261.92,,0
3438,L,1769607420,1769607660,5252.06,,0
3439,H,1769607660,1769607900,5262.44,3440,0
3440,H,1769608320,1769608560,5267.68,,0
3441,L,1769608440,1769608680,5260.31,,0
3442,H,1769608860,1769609100,5263.92,,0
3443,L,1769609220,1769609460,5251.64,,0
3444,L,1769609940,1769610180,5258.33,3443,0
3445,H,1769610180,1769610420,5268.86,,0
3446,L,1769610540,1769610780,5259.75,,0
3447,H,1769611380,1769611620,5272.95,,0
3448,L,1769611740,1769611980,5265.47,,0
3449,H,1769612640,1769612880,5289.39,,0
3450,L,1769613120,1769613360,5268.88,,0
3451,L,1769613600,1769613840,5273.43,3450,0
3452,H,1769613900,1769614140,5285.44,,0
3453,L,1769614020,1769614260,5278.76,,0
3454,H,1769614200,1769614440,5285.41,,0
3455,L,1769615100,1769615340,5256.94,,0
3456,H,1769615400,1769615640,5268.16,,0
3457,L,1769615700,1769615940,5261.23,,0
3458,H,1769616000,1769616240,5270.18,,0
3459,L,1769616360,1769616600,5248.69,,0
3460,H,1769617320,1769617560,5270.59,,0
3461,L,1769617980,1769618220,5250.30,,0
3462,H,1769618520,1769618760,5284.29,,0
3463,H,1769619060,1769619300,5281.41,3462,0
3464,L,1769619240,1769619480,5270.13,,0
3465,H,1769619780,1769620020,5298.24,,0
3466,L,1769620080,1769620320,5235.79,,0
3467,H,1769620560,1769620800,5268.10,,0
3468,L,1769620680,1769620920,5244.95,,0
3469,H,1769621040,1769621280,5274.67,,0
3470,L,1769621280,1769621520,5257.15,,0
3471,H,1769621400,1769621640,5276.23,3472,0
3472,H,1769622060,1769622300,5284.02,,0
3473,L,1769622660,1769622900,5267.00,,0
3474,L,1769623380,1769623620,5274.52,3473,0
3475,H,1769623740,1769623980,5289.10,3476,0
3476,H,1769624220,1769624460,5293.06,,0
3477,L,1769624760,1769625000,5282.17,,0
3478,H,1769625060,1769625300,5289.10,,0
3479,L,1769625240,1769625480,5276.28,,0
3480,H,1769625480,1769625720,5286.81,,0
3481,L,1769625780,1769626020,5280.77,,0
3482,H,1769626080,1769626320,5297.42,,0
3483,L,1769626260,1769626500,5287.29,,0
3484,H,1769626920,1769627160,5307.02,,0
3485,L,1769627280,1769627520,5292.60,,0
3486,H,1769627580,1769627820,5298.05,,0
3487,L,1769627940,1769628180,5288.82,,0
3488,H,1769628540,1769628780,5304.03,,0
3489,L,1769629140,1769629380,5283.18,,0
3490,H,1769629380,1769629620,5294.59,,0
3491,L,1769629740,1769629980,5284.94,,0
3492,H,1769630220,1769630460,5304.74,,0
3493,L,1769630520,1769630760,5292.44,,0
3494,H,1769631000,1769631240,5305.52,,0
3495,L,1769631120,1769631360,5295.13,,0
3496,H,1769631840,1769632080,5325.95,,0
3497,L,1769632320,1769632560,5275.98,3498,0
3498,L,1769632740,1769632980,5268.65,,0
3499,H,1769632980,1769633220,5281.62,,0
3500,L,1769633040,1769633280,5270.32,,0
3501,L,1769633340,1769633580,5271.44,3500,0
3502,H,1769633460,1769633700,5283.31,,0
3503,L,1769633700,1769633940,5273.72,,0
3504,H,1769634060,1769634300,5292.91,,0
3505,L,1769634120,1769634360,5269.58,,0
3506,H,1769634960,1769635200,5301.89,,0
3507,L,1769635920,1769636160,5281.30,,0
3508,L,1769636460,1769636700,5293.46,3507,0
3509,L,1769636820,1769637060,5304.74,3507,0
3510,H,1769637060,1769637300,5319.65,,0
3511,L,1769637240,1769637480,5310.85,,0
3512,H,1769637660,1769637900,5336.52,3513,0
3513,H,1769637960,1769638200,5338.78,,0
3514,L,1769638500,1769638740,5321.39,,0
3515,H,1769638800,1769639040,5341.97,3516,0
3516,H,1769640180,1769640420,5391.22,3517,0
3517,H,1769640540,1769640780,5391.30,,0
3518,L,1769640840,1769641080,5367.23,,0
3519,H,1769641200,1769641440,5390.64,3520,0
3520,H,1769641620,1769641860,5396.12,,0
3521,L,1769641860,1769642100,5378.26,,0
3522,L,1769642160,1769642400,5380.05,3521,0
3523,H,1769642280,1769642520,5390.51,,0
3524,H,1769642700,1769642940,5390.10,3523,0
3525,L,1769643000,1769643240,5380.69,,0
3526,H,1769643180,1769643420,5389.77,,0
3527,L,1769643660,1769643900,5383.12,3528,0
3528,L,1769644020,1769644260,5383.10,,0
3529,H,1769648460,1769648700,5452.43,3530,0
3530,H,1769649540,1769649780,5496.09,,0
3531,L,1769649660,1769649900,5472.17,,0
3532,L,1769650020,1769650260,5480.57,3531,0
3533,H,1769650200,1769650440,5501.68,3534,0
3534,H,1769650740,1769650980,5598.23,,0
3535,L,1769651340,1769651580,5494.73,3536,0
3536,L,1769651700,1769651940,5484.02,,0
3537,H,1769651820,1769652060,5530.33,,0
3538,L,1769652060,1769652300,5454.57,,0
3539,H,1769652720,1769652960,5511.37,,0
3540,L,1769653260,1769653500,5463.33,,0
3541,H,1769654160,1769654400,5527.11,,0
3542,L,1769654580,1769654820,5493.01,,0
3543,H,1769654820,1769655060,5520.65,,0
3544,L,1769654940,1769655180,5501.00,,0
3545,H,1769655120,1769655360,5523.20,3546,0
3546,H,1769655600,1769655840,5526.67,,0
3547,L,1769655840,1769656080,5467.70,3548,0
3548,L,1769656140,1769656380,5445.52,,0
3549,L,1769656920,1769657160,5486.84,3548,0
3550,H,1769657040,1769657280,5513.64,,0
3551,L,1769657340,1769657580,5501.58,,0
3552,L,1769657880,1769658120,5515.01,3551,0
3553,H,1769658180,1769658420,5551.38,,0
3554,L,1769658360,1769658600,5527.32,,0
3555,H,1769658780,1769659020,5549.65,,0
3556,L,1769658960,1769659200,5526.76,,0
3557,H,1769659140,1769659380,5547.91,,0
3558,L,1769659320,1769659560,5504.31,,0
3559,L,1769659740,1769659980,5507.80,3558,0
3560,H,1769659980,1769660220,5536.42,,0
3561,L,1769660520,1769660760,5510.07,,0
3562,H,1769661420,1769661660,5550.29,,0
3563,L,1769661720,1769661960,5518.36,,0
3564,H,1769662260,1769662500,5543.39,,0
3565,L,1769662440,1769662680,5530.96,,0
3566,H,1769662920,1769663160,5548.73,,0
3567,L,1769663040,1769663280,5508.28,,0
3568,H,1769663640,1769663880,5540.59,,0
3569,L,1769664120,1769664360,5522.26,,0
3570,H,1769664360,1769664600,5535.56,,0
3571,L,1769664540,1769664780,5521.82,,0
3572,H,1769664960,1769665200,5538.02,,0
3573,L,1769665080,1769665320,5520.23,,0
3574,H,1769666460,1769666700,5550.93,,0
3575,L,1769666520,1769666760,5536.31,,0
3576,H,1769666880,1769667120,5552.45,,0
3577,L,1769667300,1769667540,5533.55,,0
3578,H,1769668020,1769668260,5550.44,,0
3579,L,1769668200,1769668440,5545.22,,0
3580,H,1769668680,1769668920,5564.52,,0
3581,L,1769668920,1769669160,5552.00,,0
3582,L,1769669220,1769669460,5553.63,3581,0
3583,H,1769669340,1769669580,5559.85,,0
3584,L,1769669520,1769669760,5551.11,,0
3585,H,1769669940,1769670180,5561.73,,0
3586,L,1769670060,1769670300,5550.26,,0
3587,H,1769670300,1769670540,5560.81,,0
3588,L,1769670720,1769670960,5550.25,,0
3589,H,1769670840,1769671080,5560.49,,0
3590,L,1769671440,1769671680,5516.34,,0
3591,H,1769671920,1769672160,5553.41,3592,0
3592,H,1769672400,1769672640,5555.00,,0
3593,L,1769672460,1769672700,5543.62,,0
3594,H,1769672940,1769673180,5563.13,,0
3595,L,1769673300,1769673540,5552.02,,0
3596,L,1769674320,1769674560,5578.69,3595,0
3597,H,1769674440,1769674680,5588.46,,0
3598,L,1769674620,1769674860,5574.29,,0
3599,H,1769674980,1769675220,5595.41,,0
3600,L,1769675760,1769676000,5577.81,,1
3601,H,1769675760,1769676000,5586.71,3602,1
3602,H,1769676180,1769676420,5586.91,,0
3603,L,1769676480,1769676720,5559.60,,0
3604,H,1769676720,1769676960,5576.70,,0
3605,L,1769677080,1769677320,5554.67,,0
3606,H,1769677380,1769677620,5575.01,,0
3607,L,1769677500,1769677740,5564.86,3608,0
3608,L,1769678220,1769678460,5553.96,,0
3609,H,1769678400,1769678640,5565.16,,0
3610,L,1769678940,1769679180,5536.92,,0
3611,H,1769679360,1769679600,5557.79,,0
3612,L,1769679600,1769679840,5542.68,,0
3613,L,1769679900,1769680140,5545.63,3612,0
3614,H,1769680380,1769680620,5552.27,,0
3615,L,1769680560,1769680800,5544.00,,0
3616,H,1769680860,1769681100,5554.83,,0
3617,L,1769681160,1769681400,5523.05,,0
3618,H,1769681700,1769681940,5542.89,,0
3619,L,1769681940,1769682180,5523.42,,0
3620,H,1769682120,1769682360,5541.80,,0
3621,L,1769682720,1769682960,5517.43,,0
3622,H,1769682900,1769683140,5528.46,,0
3623,L,1769683500,1769683740,5474.35,,0
3624,H,1769684220,1769684460,5517.33,,0
3625,L,1769684580,1769684820,5497.96,,0
3626,H,1769684820,1769685060,5515.63,,0
3627,L,1769685600,1769685840,5500.50,,0
3628,H,1769685900,1769686140,5518.80,,0
3629,L,1769686140,1769686380,5512.13,,0
3630,H,1769686500,1769686740,5523.30,3631,0
3631,H,1769686920,1769687160,5529.45,,0
3632,L,1769687220,1769687460,5515.79,3633,0
3633,L,1769688360,1769688600,5501.98,,0
3634,H,1769688900,1769689140,5525.31,,0
3635,L,1769689260,1769689500,5505.65,,0
3636,H,1769689440,1769689680,5515.39,,0
3637,L,1769689920,1769690160,5497.32,,0
3638,H,1769690340,1769690580,5510.15,,0
3639,L,1769690820,1769691060,5502.22,,0
3640,H,1769691000,1769691240,5508.77,,0
3641,L,1769691840,1769692080,5470.97,,0
3642,H,1769692560,1769692800,5513.16,3643,0
3643,H,1769692920,1769693160,5514.95,3644,0
3644,H,1769693700,1769693940,5519.42,,0
3645,L,1769694000,1769694240,5508.45,,0
3646,H,1769694480,1769694720,5528.90,,0
3647,H,1769694780,1769695020,5528.74,3646,0
3648,L,1769695440,1769695680,5518.47,,0
3649,H,1769695500,1769695740,5526.28,,0
3650,L,1769695800,1769696040,5521.41,,0
3651,H,1769696160,1769696400,5539.66,,0
3652,L,1769696400,1769696640,5528.32,,0
3653,H,1769696880,1769697120,5543.00,,0
3654,L,1769697120,1769697360,5537.33,,0
3655,H,1769697300,1769697540,5542.33,,0
3656,L,1769697480,1769697720,5529.31,,0
3657,H,1769697720,1769697960,5535.13,,0
3658,L,1769697840,1769698080,5526.37,,0
3659,H,1769698440,1769698680,5542.28,,0
3660,L,1769698500,1769698740,5529.73,,0
3661,H,1769698860,1769699100,5541.16,,0
3662,L,1769699040,1769699280,5528.16,3663,0
3663,L,1769699700,1769699940,5511.19,3664,0
3664,L,1769700000,1769700240,5508.35,,0
3665,H,1769700360,1769700600,5525.88,,0
3666,L,1769700900,1769701140,5500.44,,0
3667,H,1769701440,1769701680,5530.86,,0
3668,L,1769701800,1769702040,5510.99,,0
3669,H,1769702040,1769702280,5523.87,,0
3670,L,1769702280,1769702520,5506.25,,0
3671,H,1769702400,1769702640,5519.73,,0
3672,L,1769702700,1769702940,5510.82,,0
3673,H,1769703000,1769703240,5539.31,,0
3674,L,1769703720,1769703960,5517.14,,0
3675,H,1769704080,1769704320,5549.70,,0
3676,L,1769704560,1769704800,5501.55,,0
3677,H,1769704740,1769704980,5537.62,,0
3678,L,1769705220,1769705460,5491.09,,0
3679,H,1769705880,1769706120,5516.92,,0
3680,L,1769707020,1769707260,5280.84,,0
3681,H,1769707260,1769707500,5367.67,,0
3682,L,1769707680,1769707920,5102.66,,0
3683,L,1769708160,1769708400,5105.31,3682,0
3684,H,1769708340,1769708580,5232.61,,0
3685,L,1769708640,1769708880,5107.90,,0
3686,H,1769709180,1769709420,5211.00,,0
3687,L,1769709420,1769709660,5167.41,,0
3688,H,1769709960,1769710200,5258.13,3689,0
3689,H,1769710440,1769710680,5276.87,,0
3690,L,1769710620,1769710860,5245.59,3691,0
3691,L,1769710980,1769711220,5238.32,,0
3692,H,1769711580,1769711820,5311.18,,0
3693,L,1769712000,1769712240,5245.28,,0
3694,H,1769712120,1769712360,5280.81,,0
3695,L,1769712420,1769712660,5253.65,3696,0
3696,L,1769712840,1769713080,5228.36,,0
3697,H,1769713500,1769713740,5299.01,,0
3698,H,1769713800,1769714040,5298.86,3697,0
3699,L,1769713860,1769714100,5280.01,,0
3700,H,1769714940,1769715180,5367.78,,0
3701,L,1769715180,1769715420,5339.75,,0
3702,H,1769715420,1769715660,5375.07,3703,0
3703,H,1769715840,1769716080,5375.40,,0
3704,L,1769716560,1769716800,5314.65,,0
3705,H,1769716920,1769717160,5349.80,,0
3706,L,1769717100,1769717340,5330.37,,0
3707,H,1769717820,1769718060,5359.08,,0
3708,L,1769718480,1769718720,5307.87,,0
3709,H,1769718720,1769718960,5360.60,,0
3710,H,1769719080,1769719320,5360.52,3709,0
3711,L,1769719380,1769719620,5335.26,,0
3712,H,1769719860,1769720100,5362.03,,0
3713,L,1769720460,1769720700,5321.79,,0
3714,H,1769720820,1769721060,5345.38,,0
3715,L,1769721240,1769721480,5305.52,,0
3716,H,1769721480,1769721720,5332.51,,0
3717,L,1769721720,1769721960,5308.22,,0
3718,H,1769722020,1769722260,5324.34,,0
3719,L,1769722500,1769722740,5290.33,,0
3720,H,1769722620,1769722860,5325.11,3721,0
3721,H,1769722920,1769723160,5327.53,,0
3722,L,1769723640,1769723880,5299.14,,0
3723,H,1769723760,1769724000,5313.84,,0
3724,L,1769724240,1769724480,5282.74,,0
3725,H,1769724660,1769724900,5311.11,,0
3726,L,1769724900,1769725140,5290.35,,0
3727,H,1769725500,1769725740,5325.94,,0
3728,L,1769725980,1769726220,5309.97,,0
3729,H,1769727420,1769727660,5407.30,,0
3730,L,1769727960,1769728200,5383.82,3731,0
3731,L,1769728320,1769728560,5383.40,,0
3732,H,1769728500,1769728740,5399.72,3733,0
3733,H,1769729220,1769729460,5426.14,,0
3734,L,1769729460,1769729700,5402.23,3735,0
3735,L,1769730240,1769730480,5378.73,,0
3736,H,1769730360,1769730600,5398.58,,0
3737,L,1769731020,1769734980,5374.95,,0
3738,H,1769735280,1769735520,5448.65,,0
3739,L,1769735820,1769736060,5387.93,,0
3740,L,1769736240,1769736480,5394.98,3739,0
3741,L,1769736660,1769736900,5406.83,3739,0
3742,H,1769736960,1769737200,5429.91,,0
3743,L,1769737140,1769737380,5420.35,,0
3744,H,1769737800,1769738040,5448.01,,0
3745,L,1769738100,1769738340,5428.48,,0
3746,H,1769739060,1769739300,5450.90,,0
3747,L,1769739300,1769739540,5438.47,,0
3748,H,1769739600,1769739840,5450.63,,0
3749,L,1769740200,1769740440,5413.38,,0
3750,H,1769740560,1769740800,5436.39,,0
3751,L,1769740860,1769741100,5405.75,3752,0
3752,L,1769741220,1769741460,5390.06,,0
3753,H,1769741700,1769741940,5421.08,,0
3754,L,1769742840,1769743080,5301.97,,0
3755,H,1769743620,1769743860,5363.52,,0
3756,L,1769743800,1769744040,5345.15,,0
3757,H,1769744100,1769744340,5373.03,,0
3758,L,1769744340,1769744580,5345.29,,0
3759,H,1769744520,1769744760,5365.59,,0
3760,L,1769744880,1769745120,5317.81,,0
3761,H,1769745060,1769745300,5345.01,,0
3762,L,1769745600,1769745840,5279.57,3763,0
3763,L,1769746980,1769747220,5112.43,,0
3764,H,1769747220,1769747460,5192.03,,0
3765,L,1769747520,1769747760,5139.61,,0
3766,H,1769748600,1769748840,5246.29,,0
3767,L,1769749080,1769749320,5202.27,,0
3768,H,1769749200,1769749440,5229.71,,0
3769,L,1769749560,1769749800,5182.18,,0
3770,H,1769749800,1769750040,5207.89,,0
3771,L,1769750040,1769750280,5167.35,,0
3772,H,1769750220,1769750460,5197.23,,0
3773,L,1769750520,1769750760,5172.67,,0
3774,H,1769750700,1769750940,5206.51,3775,0
3775,H,1769751060,1769751300,5221.99,,0
3776,L,1769751840,1769752080,5152.68,,0
3777,H,1769752020,1769752260,5174.98,,0
3778,L,1769752200,1769752440,5150.65,,0
3779,L,1769753340,1769753580,5205.19,3778,0
3780,H,1769753460,1769753700,5225.08,,0
3781,L,1769753700,1769753940,5210.41,,0
3782,H,1769754000,1769754240,5230.59,,0
3783,L,1769754420,1769754660,5198.74,,0
3784,L,1769754840,1769755080,5206.15,3783,0
3785,H,1769755080,1769755320,5226.48,,0
3786,L,1769755500,1769755740,5201.40,,0
3787,H,1769755680,1769755920,5212.88,,0
3788,L,1769756040,1769756280,5200.65,,0
3789,H,1769756580,1769756820,5217.07,,0
3790,L,1769756700,1769756940,5203.86,3791,0
3791,L,1769757000,1769757240,5203.78,,0
3792,H,1769757720,1769757960,5241.35,,0
3793,L,1769757900,1769758140,5227.12,3794,0
3794,L,1769758440,1769758680,5213.09,,0
3795,H,1769758680,1769758920,5239.82,,0
3796,H,1769758980,1769759220,5235.96,3795,0
3797,L,1769759940,1769760180,5179.99,,0
3798,H,1769760240,1769760480,5203.78,,0
3799,L,1769760420,1769760660,5174.50,,0
3800,H,1769760600,1769760840,5205.32,,0
3801,L,1769761080,1769761320,5160.83,,0
3802,H,1769761500,1769761740,5197.88,,0
3803,L,1769761980,1769762220,5152.61,,0
3804,H,1769762280,1769762520,5179.82,,0
3805,L,1769762700,1769762940,5150.93,,0
3806,H,1769762940,1769763180,5172.07,,0
3807,L,1769763060,1769763300,5149.84,,0
3808,H,1769763240,1769763480,5168.81,,0
3809,L,1769763600,1769763840,5125.66,,1
3810,H,1769763600,1769763840,5158.56,3811,1
3811,H,1769764380,1769764620,5186.41,,0
3812,L,1769764560,1769764800,5165.42,,0
3813,H,1769764920,1769765160,5185.51,,0
3814,H,1769765340,1769765580,5181.51,3813,0
3815,L,1769765760,1769766000,5118.00,,0
3816,H,1769766000,1769766240,5156.56,,0
3817,L,1769766240,1769766480,5136.99,,0
3818,H,1769766360,1769766600,5161.47,,0
3819,L,1769766600,1769766840,5144.09,,0
3820,H,1769767140,1769767380,5184.92,,0
3821,L,1769767260,1769767500,5159.63,,0
3822,H,1769767920,1769768160,5161.71,,0
3823,L,1769768160,1769768400,5132.89,,0
3824,H,1769768520,1769768760,5170.76,,0
3825,H,1769768880,1769769120,5169.98,3824,0
3826,L,1769769300,1769769540,5057.55,,0
3827,H,1769769660,1769769900,5106.10,,0
3828,L,1769769720,1769769960,5075.50,,0
3829,H,1769770200,1769770440,5128.76,,0
3830,L,1769770620,1769770860,5104.18,,0
3831,H,1769770980,1769771220,5131.83,,0
3832,L,1769771640,1769771880,5014.42,,0
3833,H,1769771940,1769772180,5070.28,,0
3834,L,1769772540,1769772780,5020.72,,0
3835,H,1769772780,1769773020,5068.67,,0
3836,L,1769773500,1769773740,4949.15,3837,0
3837,L,1769773860,1769774100,4942.75,,0
3838,H,1769774580,1769774820,5052.96,,0
3839,L,1769774880,1769775120,5000.96,,0
3840,H,1769775600,1769775840,5070.43,3841,0
3841,H,1769776020,1769776260,5075.99,,0
3842,L,1769776140,1769776380,5051.93,,0
3843,H,1769777220,1769777460,5094.12,3844,0
3844,H,1769777940,1769778180,5122.35,,0
3845,L,1769778240,1769778480,5090.59,,0
3846,H,1769778960,1769779200,5127.77,,0
3847,L,1769779080,1769779320,5110.28,,0
3848,H,1769779440,1769779680,5130.13,,0
3849,L,1769779620,1769779860,5105.88,,0
3850,H,1769780160,1769780400,5131.06,3851,0
3851,H,1769780580,1769780820,5137.75,,0
3852,L,1769780940,1769781180,5089.57,,0
3853,H,1769781660,1769781900,5145.76,,0
3854,L,1769782020,1769782260,5121.54,,0
3855,H,1769782560,1769782800,5140.01,,0
3856,L,1769782740,1769782980,5115.14,,0
3857,H,1769782920,1769783160,5135.03,,0
3858,L,1769783220,1769783460,5109.98,,0
3859,H,1769783460,1769783700,5136.25,,0
3860,L,1769783820,1769784060,5103.46,,0
3861,H,1769784180,1769784420,5117.33,,0
3862,L,1769784540,1769784780,5056.70,,0
3863,H,1769784840,1769785080,5096.21,,0
3864,L,1769785200,1769785440,5054.52,,0
3865,H,1769785440,1769785680,5099.96,,0
3866,L,1769785620,1769785860,5071.15,,0
3867,H,1769786040,1769786280,5094.01,,0
3868,L,1769786280,1769786520,5054.29,,0
3869,H,1769786340,1769786580,5076.70,,0
3870,L,1769786700,1769786940,5014.31,3871,0
3871,L,1769787060,1769787300,5011.35,,0
3872,H,1769787300,1769787540,5048.33,,0
3873,L,1769787540,1769787780,5026.45,,0
3874,H,1769787780,1769788020,5047.88,,0
3875,L,1769788200,1769788440,4992.56,,0
3876,H,1769789100,1769789340,5073.42,,0
3877,L,1769789520,1769789760,5041.79,3878,0
3878,L,1769789880,1769790120,5041.29,,0
3879,H,1769790180,1769790420,5087.25,,0
3880,L,1769790600,1769790840,5056.66,,0
3881,H,1769790840,1769791080,5113.31,,0
3882,L,1769791020,1769791260,5078.48,3883,0
3883,L,1769791380,1769791620,5067.90,,0
3884,L,1769791680,1769791920,5071.25,3883,0
3885,H,1769791800,1769792040,5097.37,,0
3886,L,1769792700,1769792940,4980.73,,0
3887,H,1769793480,1769793720,5059.97,,0
3888,H,1769793780,1769794020,5057.98,3887,0
3889,L,1769793960,1769794200,5031.19,,0
3890,L,1769794380,1769794620,5040.26,3889,0
3891,H,1769794560,1769794800,5069.26,3892,0
3892,H,1769794920,1769795160,5073.42,,0
3893,L,1769795160,1769795400,5050.09,,0
3894,H,1769795460,1769795700,5074.01,,0
3895,L,1769795640,1769795880,5038.56,,0
3896,H,1769795940,1769796180,5057.13,,0
3897,L,1769796300,1769796540,5022.48,,0
3898,H,1769796420,1769796660,5037.03,,0
3899,L,1769796720,1769796960,5017.21,,0
3900,H,1769796900,1769797140,5035.20,,0
3901,L,1769797500,1769797740,4989.34,,0
3902,H,1769797920,1769798160,5016.90,,0
3903,L,1769798160,1769798400,4959.79,,0
3904,H,1769798640,1769798880,5015.99,,0
3905,L,1769799120,1769799360,4944.56,,0
3906,H,1769799480,1769799720,4987.19,,0
3907,L,1769800380,1769800620,4900.09,,0
3908,H,1769800560,1769800800,4938.36,,0
3909,L,1769800860,1769801100,4899.59,,0
3910,H,1769801100,1769801340,4940.68,,0
3911,L,1769801580,1769801820,4892.43,3912,0
3912,L,1769802240,1769802480,4839.40,,0
3913,H,1769802480,1769802720,4878.75,,0
3914,L,1769802900,1769803140,4800.89,,0
3915,H,1769803500,1769803740,4889.74,,0
3916,L,1769804520,1769804760,4705.11,,0
3917,H,1769804760,1769805000,4756.18,,0
3918,L,1769804940,1769805180,4695.61,,0
3919,H,1769805180,1769805420,4773.13,,0
3920,L,1769805480,1769805720,4691.32,,0
3921,H,1769806860,1769807100,4912.73,3922,0
3922,H,1769807400,1769807640,4918.27,,0
3923,L,1769807640,1769807880,4871.83,,0
3924,H,1769807880,1769808120,4894.99,,0
3925,L,1769808180,1769808420,4843.09,,0
3926,H,1769808780,1769809020,4914.72,3927,0
3927,H,1769809080,1769809320,4926.16,3928,0
3928,H,1769809500,1769809740,4934.43,3929,0
3929,H,1769810220,1769810460,4947.84,,0
3930,L,1769810520,1769810760,4882.05,,0
3931,H,1769810700,1769810940,4921.57,,0
3932,L,1769811120,1769811360,4879.46,,0
3933,L,1769811840,1769812080,4893.02,3932,0
3934,H,1769811960,1769812200,4913.66,,0
3935,L,1769812680,1769812920,4844.07,,0
3936,H,1769812920,1769813160,4873.99,3937,0
3937,H,1769813220,1769813460,4879.66,,0
3938,L,1769813760,1769814000,4809.45,,0
3939,H,1769814180,1769814420,4863.38,,0
3940,L,1769814480,1769814720,4831.83,,0
3941,H,1769815500,1769815740,4890.24,,0
3942,L,1769815620,1769815860,4862.84,,0
3943,H,1769815980,1769816220,4881.70,,0
3944,L,1769816280,1769816520,4850.24,,0
3945,H,1769817120,1769817360,4892.60,,0
3946,L,1769994000,1769994240,4766.81,3947,0
3947,L,1769994720,1769994960,4716.34,3948,0
3948,L,1769995080,1769995320,4697.62,,0
3949,H,1769995380,1769995620,4743.10,,0
3950,L,1769995500,1769995740,4717.76,3951,0
3951,L,1769995860,1769996100,4713.93,,0
3952,H,1769996400,1769996640,4789.26,,0
3953,L,1769996820,1769997060,4722.67,,0
3954,H,1769997000,1769997240,4768.32,,0
3955,L,1769997540,1769997780,4739.83,,0
3956,H,1769998920,1769999160,4884.43,,0
3957,L,1769999100,1769999340,4827.58,3958,0
3958,L,1769999580,1769999820,4812.61,,0
3959,H,1769999760,1770000000,4844.61,,0
3960,L,1770000480,1770000720,4777.73,,0
3961,H,1770000720,1770000960,4799.27,,0
3962,L,1770001200,1770001440,4731.71,,0
3963,H,1770001380,1770001620,4784.54,,0
3964,L,1770001980,1770002220,4591.73,,0
3965,H,1770002400,1770002640,4710.02,,0
3966,L,1770002580,1770002820,4646.14,,0
3967,H,1770002880,1770003120,4706.96,3968,0
3968,H,1770003360,1770003600,4739.67,,0
3969,L,1770003720,1770003960,4691.27,,0
3970,H,1770004260,1770004500,4750.02,,0
3971,L,1770004560,1770004800,4722.36,,0
3972,H,1770004800,1770005040,4749.28,,0
3973,L,1770005400,1770005640,4699.13,,0
3974,H,1770005760,1770006000,4745.25,,0
3975,L,1770006240,1770006480,4715.43,,0
3976,H,1770006780,1770007020,4771.47,,0
3977,L,1770007260,1770007500,4745.58,,0
3978,H,1770007380,1770007620,4772.95,,0
3979,L,1770007860,1770008100,4720.04,,0
3980,H,1770008160,1770008400,4739.29,,0
3981,L,1770008280,1770008520,4698.87,,0
3982,L,1770008700,1770008940,4704.68,3981,0
3983,H,1770008820,1770009060,4724.25,,0
3984,L,1770009300,1770009540,4664.63,,0
3985,H,1770009720,1770009960,4729.36,,0
3986,L,1770010860,1770011100,4630.35,,0
3987,H,1770011340,1770011580,4694.61,,0
3988,L,1770012300,1770012540,4603.35,,0
3989,L,1770012720,1770012960,4633.34,3988,0
3990,H,1770013200,1770013440,4704.99,,0
3991,L,1770013740,1770013980,4669.10,,0
3992,H,1770013920,1770014160,4699.62,,0
3993,L,1770014400,1770014640,4658.28,,0
3994,H,1770014820,1770015060,4713.40,,0
3995,L,1770015000,1770015240,4674.96,3996,0
3996,L,1770015600,1770015840,4670.96,,0
3997,H,1770015900,1770016140,4696.08,,0
3998,L,1770016020,1770016260,4661.37,3999,0
3999,L,1770016380,1770016620,4649.84,,0
4000,H,1770016620,1770016860,4674.54,,0
4001,L,1770016920,1770017160,4649.73,,0
4002,H,1770017160,1770017400,4670.13,,0
4003,L,1770017460,1770017700,4619.67,,0
4004,H,1770017700,1770017940,4642.72,,0
4005,L,1770018780,1770019020,4498.50,,0
4006,H,1770019200,1770019440,4573.83,,0
4007,L,1770019680,1770019920,4520.95,,0
4008,H,1770019740,1770019980,4564.22,,0
4009,L,1770020820,1770021060,4433.62,,0
4010,H,1770021000,1770021240,4500.41,,0
4011,L,1770021480,1770021720,4402.93,,0
4012,L,1770022140,1770022380,4430.52,4011,0
4013,H,1770022620,1770022860,4523.19,,0
4014,L,1770022800,1770023040,4486.37,,0
4015,H,1770023400,1770023640,4554.53,4016,0
4016,H,1770023700,1770023940,4560.90,,0
4017,L,1770023820,1770024060,4524.07,,0
4018,H,1770024360,1770024600,4574.71,,0
4019,L,1770024720,1770024960,4524.89,,0
4020,H,1770025740,1770025980,4619.01,,0
4021,L,1770025980,1770026220,4582.06,,0
4022,H,1770026160,1770026400,4611.48,,0
4023,L,1770026520,1770026760,4563.65,,0
4024,H,1770027000,1770027240,4628.24,,0
4025,L,1770027420,1770027660,4601.26,,0
4026,H,1770027720,1770027960,4649.05,,0
4027,L,1770028020,1770028260,4619.96,,0
4028,H,1770028200,1770028440,4649.80,,0
4029,L,1770028680,1770028920,4607.68,,0
4030,H,1770029040,1770029280,4649.88,,0
4031,L,1770029520,1770029760,4628.50,,0
4032,H,1770029640,1770029880,4651.22,,0
4033,H,1770030000,1770030240,4645.45,4032,0
4034,L,1770030180,1770030420,4603.67,,0
4035,L,1770030540,1770030780,4616.45,4034,0
4036,H,1770030720,1770030960,4657.52,,0
4037,L,1770031260,1770031500,4626.21,,0
4038,H,1770031920,1770032160,4704.51,,0
4039,L,1770032100,1770032340,4679.22,,0
4040,H,1770032460,1770032700,4713.01,,0
4041,L,1770032700,1770032940,4684.65,,0
4042,H,1770033000,1770033240,4721.24,4043,0
4043,H,1770033300,1770033540,4731.15,,0
4044,L,1770033540,1770033780,4706.70,,0
4045,H,1770033720,1770033960,4733.78,,0
4046,L,1770034080,1770034320,4703.85,,0
4047,H,1770034500,1770034740,4730.77,,0
4048,L,1770035280,1770035520,4670.73,,0
4049,H,1770035640,1770035880,4691.55,,0
4050,L,1770035820,1770036060,4661.64,,0
4051,H,1770036000,1770036240,4698.27,,0
4052,L,1770036300,1770036540,4657.23,,0
4053,H,1770036900,1770037140,4711.98,,0
4054,L,1770037620,1770037860,4711.06,,0
4055,H,1770038580,1770038820,4759.33,,0
4056,L,1770038820,1770039060,4740.91,,0
4057,H,1770039060,1770039300,4763.84,,0
4058,L,1770039240,1770039480,4747.93,,0
4059,H,1770039600,1770039840,4779.02,4060,0
4060,H,1770039960,1770040200,4779.24,,0
4061,L,1770040380,1770040620,4757.09,,0
4062,H,1770040800,1770041040,4776.45,,0
4063,L,1770041220,1770041460,4743.61,,0
4064,H,1770041460,1770041700,4775.86,4065,0
4065,H,1770042180,1770042420,4789.80,,0
4066,L,1770042600,1770042840,4772.41,,0
4067,H,1770042720,1770042960,4788.51,,0
4068,L,1770042960,1770043200,4770.23,,0
4069,H,1770043560,1770043800,4812.34,,0
4070,L,1770043860,1770044100,4775.73,,0
4071,H,1770044340,1770044580,4795.40,,0
4072,L,1770044520,1770044760,4720.84,,0
4073,H,1770045060,1770045300,4803.62,,0
4074,L,1770045600,1770045840,4732.06,4075,0
4075,L,1770046920,1770047160,4669.71,,0
4076,H,1770047160,1770047400,4708.11,4077,0
4077,H,1770047580,1770047820,4722.06,4078,0
4078,H,1770048000,1770048240,4728.65,,0
4079,L,1770048180,1770048420,4699.76,,0
4080,L,1770048600,1770048840,4708.06,4079,0
4081,H,1770048780,1770049020,4738.67,,0
4082,L,1770049380,1770049620,4680.05,,0
4083,H,1770050460,1770050700,4793.48,,0
4084,L,1770051660,1770051900,4690.62,,0
4085,H,1770051960,1770052200,4745.33,,0
4086,L,1770052440,1770052680,4694.91,,0
4087,H,1770052620,1770052860,4727.51,,0
4088,H,1770053160,1770053400,4715.81,4087,0
4089,L,1770053520,1770053760,4649.15,,0
4090,H,1770054000,1770054240,4704.69,,0
4091,H,1770054660,1770054900,4663.15,4090,0
4092,L,1770055320,1770055560,4596.82,,0
4093,H,1770056040,1770056280,4704.46,,0
4094,L,1770056220,1770056460,4673.43,,0
4095,H,1770056460,1770056700,4708.69,,0
4096,L,1770057180,1770057420,4645.35,,0
4097,H,1770057780,1770058020,4688.77,,0
4098,L,1770058260,1770058500,4649.85,,0
4099,H,1770058860,1770059100,4682.56,4100,0
4100,H,1770059340,1770059580,4713.94,,0
4101,H,1770059700,1770059940,4713.45,4100,0
4102,L,1770060600,1770060840,4656.66,,0
4103,H,1770060780,1770061020,4688.02,,0
4104,L,1770061080,1770061320,4661.12,,0
4105,H,1770061260,1770061500,4677.47,,0
4106,L,1770061380,1770061620,4662.99,,0
4107,H,1770062220,1770062460,4688.16,,0
4108,L,1770062640,1770062880,4648.30,,0
4109,H,1770063060,1770063300,4671.59,,0
4110,L,1770063540,1770063780,4618.66,,0
4111,H,1770063780,1770064020,4646.90,,0
4112,L,1770064140,1770064380,4624.92,,0
4113,H,1770064620,1770064860,4674.00,,0
4114,L,1770064740,1770064980,4655.64,,0
4115,H,1770064980,1770065220,4671.13,,0
4116,L,1770065100,1770065340,4648.82,,0
4117,H,1770065400,1770065640,4671.93,,0
4118,L,1770065760,1770066000,4644.74,,0
4119,H,1770065940,1770066180,4660.89,,0
4120,L,1770066060,1770066300,4640.72,4121,0
4121,L,1770066540,1770066780,4637.22,,0
4122,H,1770066720,1770066960,4662.16,,0
4123,L,1770067260,1770067500,4631.48,,0
4124,H,1770067500,1770067740,4654.32,,0
4125,L,1770067860,1770068100,4637.22,,0
4126,H,1770069060,1770069300,4712.73,,0
4127,L,1770069600,1770069840,4674.28,,0
4128,H,1770069720,1770069960,4692.81,,0
4129,L,1770070020,1770070260,4669.02,,0
4130,H,1770070260,1770070500,4700.66,,0
4131,L,1770070980,1770071220,4651.39,,0
4132,H,1770071340,1770071580,4672.66,,0
4133,L,1770071640,1770071880,4656.92,,0
4134,H,1770072180,1770072420,4692.52,,0
4135,L,1770072780,1770073020,4661.54,,0
4136,H,1770072900,1770073140,4682.23,,0
4137,L,1770073320,1770073560,4644.01,,0
4138,H,1770073440,1770073680,4665.90,4139,0
4139,H,1770074100,1770074340,4680.20,,0
4140,L,1770074520,1770074760,4660.06,,0
4141,H,1770074940,1770075180,4686.92,,0
4142,L,1770075240,1770075480,4669.51,,0
4143,H,1770075600,1770075840,4681.96,,0
4144,L,1770075900,1770076140,4665.06,4145,0
4145,L,1770076260,1770076500,4648.66,,0
4146,L,1770076560,1770080520,4653.44,4145,0
4147,H,1770080880,1770081120,4723.43,,0
4148,L,1770081180,1770081420,4707.66,,0
4149,H,1770081960,1770082200,4763.53,,0
4150,L,1770082380,1770082620,4717.07,,0
4151,H,1770082740,1770082980,4751.12,,0
4152,L,1770083100,1770083340,4729.24,,0
4153,H,1770084240,1770084480,4796.74,,0
4154,L,1770084780,1770085020,4766.22,,0
4155,L,1770085800,1770086040,4813.64,4154,0
4156,H,1770086100,1770086340,4830.25,,0
4157,L,1770086580,1770086820,4814.74,,0
4158,H,1770086820,1770087060,4827.63,,0
4159,L,1770086940,1770087180,4796.67,4160,0
4160,L,1770087660,1770087900,4766.49,,0
4161,H,1770087840,1770088080,4817.18,4162,0
4162,H,1770088500,1770088740,4848.37,,0
4163,L,1770089520,1770089760,4838.60,,1
4164,H,1770089520,1770089760,4855.84,,1
4165,L,1770089880,1770090120,4830.48,,0
4166,H,1770090360,1770090600,4850.55,,0
4167,L,1770090600,1770090840,4820.35,,0
4168,H,1770091020,1770091260,4847.62,,0
4169,L,1770092280,1770092520,4771.33,,0
4170,H,1770092520,1770092760,4795.89,,0
4171,L,1770093000,1770093240,4759.16,,0
4172,H,1770093300,1770093540,4787.59,,0
4173,L,1770093480,1770093720,4764.11,4174,0
4174,L,1770094020,1770094260,4745.68,,0
4175,H,1770094440,1770094680,4775.77,,0
4176,L,1770094680,1770094920,4764.74,,0
4177,H,1770095100,1770095340,4794.31,,0
4178,H,1770095700,1770095940,4773.68,4177,0
4179,L,1770095820,1770096060,4758.77,,0
4180,H,1770096120,1770096360,4780.51,,0
4181,L,1770096360,1770096600,4751.99,,0
4182,H,1770097380,1770097620,4812.33,,0
4183,L,1770097980,1770098220,4786.87,,0
4184,H,1770098700,1770098940,4825.08,,0
4185,H,1770099180,1770099420,4823.91,4184,0
4186,L,1770099360,1770099600,4807.38,,0
4187,H,1770099720,1770099960,4819.01,,0
4188,L,1770099840,1770100080,4800.92,,0
4189,L,1770100500,1770100740,4806.06,4188,0
4190,H,1770100680,1770100920,4825.04,,0
4191,L,1770100920,1770101160,4815.34,,0
4192,H,1770101220,1770101460,4824.78,,0
4193,L,1770101940,1770102180,4808.19,,0
4194,H,1770102240,1770102480,4821.57,,0
4195,L,1770102360,1770102600,4810.87,,0
4196,H,1770102600,1770102840,4821.15,,0
4197,L,1770102780,1770103020,4809.53,,0
4198,H,1770103740,1770103980,4841.82,,0
4199,H,1770104100,1770104340,4834.42,4198,0
4200,L,1770104220,1770104460,4818.60,,0
4201,H,1770104400,1770104640,4836.53,,0
4202,L,1770104760,1770105000,4813.45,,0
4203,H,1770105240,1770105480,4830.39,,0
4204,L,1770105660,1770105900,4816.55,,0
4205,H,1770106800,1770107040,4862.42,4206,0
4206,H,1770107700,1770107940,4878.82,4207,0
4207,H,1770108300,1770108540,4893.85,,0
4208,L,1770108600,1770108840,4865.08,,0
4209,H,1770109140,1770109380,4884.15,,0
4210,L,1770109200,1770109440,4872.14,,0
4211,H,1770109500,1770109740,4889.37,4212,0
4212,H,1770110100,1770110340,4893.47,,0
4213,L,1770110340,1770110580,4879.80,,0
4214,H,1770110760,1770111000,4901.68,4215,0
4215,H,1770111600,1770111840,4933.53,,0
4216,L,1770111900,1770112140,4913.16,,0
4217,H,1770112080,1770112320,4925.54,,0
4218,L,1770112380,1770112620,4913.21,,0
4219,H,1770112500,1770112740,4927.29,,0
4220,L,1770113160,1770113400,4898.46,,0
4221,H,1770113940,1770114180,4941.95,,0
4222,L,1770114120,1770114360,4930.36,,0
4223,H,1770114420,1770114660,4940.20,,0
4224,L,1770114720,1770114960,4930.90,,0
4225,H,1770115320,1770115560,4948.85,,0
4226,L,1770115740,1770115980,4930.42,,0
4227,H,1770115800,1770116040,4936.38,,0
4228,L,1770116640,1770116880,4908.22,,0
4229,H,1770116940,1770117180,4923.78,,0
4230,L,1770117000,1770117240,4909.16,4231,0
4231,L,1770117360,1770117600,4900.82,4232,0
4232,L,1770118200,1770118440,4884.70,,0
4233,H,1770119340,1770119580,4926.07,,0
4234,H,1770120000,1770120240,4921.02,4233,0
4235,L,1770120120,1770120360,4914.36,,0
4236,L,1770120420,1770120660,4914.60,4235,0
4237,H,1770120780,1770121020,4929.73,,0
4238,L,1770121020,1770121260,4914.72,4239,0
4239,L,1770121380,1770121620,4914.59,4240,0
4240,L,1770121740,1770121980,4914.45,,0
4241,H,1770121920,1770122160,4923.74,,0
4242,L,1770122580,1770122820,4914.64,,0
4243,H,1770122880,1770123120,4923.99,,0
4244,L,1770123780,1770124020,4889.70,,0
4245,H,1770123960,1770124200,4912.48,,0
4246,L,1770125040,1770125280,4883.95,,0
4247,L,1770125520,1770125760,4898.42,4246,0
4248,H,1770125820,1770126060,4919.32,,0
4249,H,1770126360,1770126600,4915.14,4248,0
4250,L,1770126780,1770127020,4898.87,,0
4251,H,1770127440,1770127680,4935.68,,0
4252,L,1770127620,1770127860,4925.54,4253,0
4253,L,1770128700,1770128940,4892.45,,0
4254,H,1770129300,1770129540,4918.16,,0
4255,L,1770129660,1770129900,4910.47,,0
4256,H,1770129840,1770130080,4918.95,,0
4257,H,1770130200,1770130440,4918.35,4256,0
4258,L,1770130320,1770130560,4908.46,4259,0
4259,L,1770130980,1770131220,4902.76,,0
4260,H,1770131280,1770131520,4930.54,,0
4261,L,1770131520,1770131760,4917.09,,0
4262,H,1770131700,1770131940,4929.88,,0
4263,L,1770131940,1770132180,4917.12,,0
4264,H,1770132540,1770132780,4939.14,,0
4265,H,1770132960,1770133200,4938.89,4264,0
4266,L,1770133140,1770133380,4928.67,,0
4267,H,1770133560,1770133800,4950.99,,0
4268,L,1770134100,1770134340,4921.32,,0
4269,H,1770134400,1770134640,4936.18,,1
4270,L,1770134400,1770134640,4917.47,,1
4271,H,1770135000,1770135240,4929.45,,0
4272,L,1770135420,1770135660,4896.41,,0
4273,L,1770135780,1770136020,4899.92,4272,0
4274,H,1770136200,1770136440,4928.87,,0
4275,L,1770136500,1770136740,4894.01,,0
4276,H,1770136860,1770137100,4925.65,,0
4277,L,1770137160,1770137400,4909.92,,0
4278,H,1770137640,1770137880,4930.11,,0
4279,L,1770138120,1770138360,4904.76,,0
4280,H,1770138660,1770138900,4948.60,,0
4281,L,1770139500,1770139740,4908.35,,0
4282,H,1770139800,1770140040,4928.73,,0
4283,L,1770140100,1770140340,4907.98,,0
4284,L,1770141180,1770141420,4922.96,4283,0
4285,H,1770141720,1770141960,4945.08,,0
4286,L,1770142080,1770142320,4929.81,,0
4287,H,1770143220,1770143460,4980.56,,0
4288,L,1770143520,1770143760,4964.86,,0
4289,H,1770143940,1770144180,4993.82,,0
4290,L,1770144900,1770145140,4952.01,4291,0
4291,L,1770145200,1770145440,4947.10,4292,0
4292,L,1770145860,1770146100,4923.50,,0
4293,H,1770146400,1770146640,4969.77,,0
4294,L,1770146940,1770147180,4945.99,,0
4295,H,1770147180,1770147420,4964.76,,0
4296,L,1770148020,1770148260,4907.59,,0
4297,H,1770148380,1770148620,4948.18,,0
4298,L,1770148800,1770149040,4926.41,,0
4299,L,1770149100,1770149340,4929.49,4298,0
4300,H,1770149220,1770149460,4949.71,4301,0
4301,H,1770149580,1770149820,4953.97,,0
4302,L,1770150780,1770151020,4885.36,,0
4303,H,1770151500,1770151740,4915.06,,0
4304,L,1770151860,1770152100,4891.61,,0
4305,H,1770152160,1770152400,4914.72,,0
4306,L,1770152940,1770153180,4880.92,,0
4307,H,1770153480,1770153720,4929.78,4308,0
4308,H,1770153780,1770154020,4930.14,,0
4309,L,1770153960,1770154200,4916.60,,0
4310,H,1770154140,1770154380,4933.60,,0
4311,L,1770154320,1770154560,4922.34,,0
4312,H,1770154920,1770155160,4948.84,,0
4313,L,1770155640,1770155880,4916.39,,0
4314,H,1770155880,1770156120,4928.98,,0
4315,L,1770156360,1770156600,4903.46,4316,0
4316,L,1770156660,1770156900,4902.72,,0
4317,L,1770157380,1770157620,4923.66,4316,0
4318,H,1770158220,1770158460,4956.80,,0
4319,H,1770158520,1770158760,4956.77,4318,0
4320,L,1770159000,1770159240,4932.81,,0
4321,L,1770159660,1770159900,4938.30,4320,0
4322,H,1770160320,1770160560,4964.10,,0
4323,L,1770160800,1770161040,4943.39,,0
4324,L,1770161340,1770161580,4949.65,4323,0
4325,H,1770161520,1770161760,4958.15,,0
4326,L,1770162120,1770162360,4935.69,4327,0
4327,L,1770162600,1770162840,4933.80,,0
4328,H,1770166980,1770167220,4972.18,,0
4329,L,1770167280,1770167520,4910.72,,0
4330,H,1770167940,1770168180,4944.92,,0
4331,H,1770168300,1770168540,4940.46,4330,0
4332,L,1770168540,1770168780,4920.47,,0
4333,H,1770168660,1770168900,4940.65,4334,0
4334,H,1770169560,1770169800,4955.31,,0
4335,H,1770169980,1770170220,4954.74,4334,0
4336,L,1770170040,1770170280,4939.82,,0
4337,L,1770170460,1770170700,4946.36,4336,0
4338,H,1770171840,1770172080,4999.60,,0
4339,L,1770172320,1770172560,4968.70,,0
4340,H,1770172620,1770172860,4994.53,,0
4341,L,1770172800,1770173040,4980.86,,0
4342,L,1770173580,1770173820,4993.78,4341,0
4343,H,1770174000,1770174240,5017.40,,1
4344,L,1770174000,1770174240,4985.28,,1
4345,H,1770174900,1770175140,5053.38,,0
4346,L,1770175320,1770175560,5033.41,,0
4347,H,1770176100,1770176340,5035.54,,0
4348,L,1770176340,1770176580,5010.68,,0
4349,H,1770177000,1770177240,5050.21,,0
4350,L,1770177300,1770177540,5035.43,,0
4351,H,1770178080,1770178320,5065.40,,0
4352,H,1770178500,1770178740,5064.61,4351,0
4353,L,1770178620,1770178860,5055.46,,0
4354,H,1770178920,1770179160,5064.86,,0
4355,L,1770179040,1770179280,5052.98,,0
4356,H,1770179220,1770179460,5062.94,,0
4357,L,1770179880,1770180120,5039.29,,0
4358,H,1770180180,1770180420,5062.09,,0
4359,L,1770181020,1770181260,5035.55,,0
4360,H,1770181080,1770181320,5047.62,4361,0
4361,H,1770181920,1770182160,5056.62,,0
4362,L,1770182460,1770182700,5039.30,,0
4363,H,1770183720,1770183960,5072.21,,0
4364,L,1770183960,1770184200,5061.47,,0
4365,H,1770184440,1770184680,5073.57,,0
4366,L,1770185100,1770185340,5062.90,,0
4367,H,1770185400,1770185640,5073.94,,1
4368,L,1770185400,1770185640,5064.46,,1
4369,H,1770185700,1770185940,5074.12,,0
4370,L,1770186240,1770186480,5056.50,,0
4371,L,1770187440,1770187680,5068.71,4370,0
4372,H,1770187860,1770188100,5079.68,,0
4373,L,1770188160,1770188400,5076.36,,0
4374,H,1770188340,1770188580,5081.12,,0
4375,L,1770188520,1770188760,5076.80,,0
4376,L,1770188880,1770189120,5077.30,4375,0
4377,H,1770189480,1770189720,5085.29,,0
4378,H,1770190260,1770190500,5085.17,4377,0
4379,L,1770190620,1770190860,5069.37,,0
4380,H,1770191460,1770191700,5090.29,,0
4381,H,1770192060,1770192300,5082.74,4380,0
4382,L,1770192540,1770192780,5056.09,4383,0
4383,L,1770192900,1770193140,5051.22,,0
4384,H,1770193140,1770193380,5068.36,,0
4385,L,1770193620,1770193860,5053.17,,0
4386,H,1770194820,1770195060,5079.76,,0
4387,L,1770195240,1770195480,5072.07,,1
4388,H,1770195240,1770195480,5078.54,4389,1
4389,H,1770195600,1770195840,5082.41,,0
4390,L,1770195960,1770196200,5064.03,4391,0
4391,L,1770196500,1770196740,5062.23,,0
4392,H,1770197400,1770197640,5090.39,,0
4393,L,1770197760,1770198000,5067.05,,0
4394,H,1770198420,1770198660,5087.13,,0
4395,L,1770198660,1770198900,5080.60,,0
4396,H,1770198960,1770199200,5091.39,4397,0
4397,H,1770199260,1770199500,5091.80,,0
4398,L,1770199440,1770199680,5074.90,,0
4399,H,1770199680,1770199920,5088.57,,0
4400,L,1770200040,1770200280,5076.32,,0
4401,H,1770200400,1770200640,5087.56,,0
4402,L,1770200460,1770200700,5081.00,,0
4403,H,1770200880,1770201120,5085.89,,0
4404,L,1770201420,1770201660,5069.01,,0
4405,H,1770201780,1770202020,5081.78,,0
4406,L,1770202080,1770202320,5073.23,,0
4407,H,1770202200,1770202440,5082.99,,0
4408,L,1770202380,1770202620,5071.68,,0
4409,H,1770202800,1770203040,5086.83,,0
4410,L,1770202860,1770203100,5075.48,4411,0
4411,L,1770204180,1770204420,5053.65,4412,0
4412,L,1770204720,1770204960,5043.05,,0
4413,H,1770205380,1770205620,5065.87,,0
4414,L,1770205680,1770205920,5047.31,,0
4415,H,1770205860,1770206100,5064.32,,0
4416,L,1770206220,1770206460,5058.34,,0
4417,H,1770206400,1770206640,5064.32,,0
4418,L,1770206760,1770207000,5048.10,,0
4419,H,1770207180,1770207420,5057.88,,0
4420,L,1770207480,1770207720,5047.32,,0
4421,H,1770207720,1770207960,5055.53,,0
4422,L,1770208080,1770208320,5041.70,,0
4423,H,1770208440,1770208680,5057.49,,0
4424,L,1770208620,1770208860,5047.66,,0
4425,H,1770208980,1770209220,5061.46,,0
4426,H,1770209700,1770209940,5055.01,4425,0
4427,L,1770209760,1770210000,5046.36,,0
4428,H,1770210060,1770210300,5053.47,,0
4429,L,1770210300,1770210540,5046.25,4430,0
4430,L,1770211080,1770211320,5013.69,,0
4431,H,1770211500,1770211740,5032.35,,0
4432,L,1770211560,1770211800,5019.73,,0
4433,H,1770212280,1770212520,5039.98,,0
4434,L,1770212640,1770212880,5030.13,,0
4435,H,1770213660,1770213900,5055.28,,0
4436,L,1770214200,1770214440,5037.44,,0
4437,H,1770214500,1770214740,5049.77,,0
4438,L,1770214860,1770215100,5040.08,,0
4439,H,1770215700,1770215940,5063.14,,0
4440,L,1770216000,1770216240,5050.39,,0
4441,H,1770216360,1770216600,5058.07,,0
4442,L,1770216420,1770216660,5049.48,4443,0
4443,L,1770217200,1770217440,5031.50,,0
4444,H,1770217380,1770217620,5045.62,,0
4445,L,1770217800,1770218040,5023.57,,0
4446,H,1770218100,1770218340,5042.75,4447,0
4447,H,1770218760,1770219000,5054.27,4448,0
4448,H,1770219240,1770219480,5058.82,,0
4449,L,1770219840,1770220080,5033.19,,0
4450,H,1770220560,1770220800,5063.39,,0
4451,L,1770221340,1770221580,5034.60,,0
4452,H,1770221820,1770222060,5051.13,,0
4453,L,1770221880,1770222120,5034.73,4454,0
4454,L,1770222720,1770222960,5004.28,4455,0
4455,L,1770223260,1770223500,4967.37,,0
4456,H,1770223440,1770223680,4998.22,4457,0
4457,H,1770224040,1770224280,5017.74,,0
4458,L,1770224520,1770224760,4973.21,,0
4459,H,1770224820,1770225060,5007.76,,0
4460,L,1770225780,1770226020,4951.60,4461,0
4461,L,1770226560,1770226800,4887.73,,0
4462,H,1770227280,1770227520,4949.89,4463,0
4463,H,1770227700,1770227940,4949.98,,0
4464,L,1770228180,1770228420,4895.48,,0
4465,H,1770228360,1770228600,4925.18,4466,0
4466,H,1770228780,1770229020,4940.27,,0
4467,L,1770229380,1770229620,4890.43,,0
4468,H,1770230040,1770230280,4934.63,,0
4469,L,1770230880,1770231120,4854.24,,0
4470,H,1770231240,1770231480,4907.18,4471,0
4471,H,1770231540,1770231780,4909.31,,0
4472,L,1770231780,1770232020,4892.42,,0
4473,H,1770231900,1770232140,4915.90,4474,0
4474,H,1770232620,1770232860,4925.62,,0
4475,L,1770233220,1770233460,4888.36,,0
4476,H,1770233460,1770233700,4930.70,,0
4477,L,1770233880,1770234120,4904.29,4478,0
4478,L,1770234600,1770234840,4896.45,4479,0
4479,L,1770234900,1770235140,4895.55,,0
4480,H,1770235020,1770235260,4909.51,,0
4481,L,1770235260,1770235500,4873.06,,0
4482,H,1770235680,1770235920,4921.04,,0
4483,L,1770235920,1770236160,4906.57,,0
4484,H,1770236160,1770236400,4918.91,,0
4485,L,1770236460,1770236700,4896.16,,0
4486,H,1770236880,1770237120,4935.24,,0
4487,L,1770237540,1770237780,4903.89,,0
4488,H,1770237780,1770238020,4923.16,,0
4489,L,1770237960,1770238200,4910.74,,0
4490,H,1770238140,1770238380,4921.36,,0
4491,L,1770238260,1770238500,4911.34,,0
4492,H,1770238680,1770238920,4932.34,,0
4493,L,1770239100,1770239340,4914.62,,0
4494,H,1770239700,1770239940,4950.41,,0
4495,L,1770240120,1770240360,4920.75,,0
4496,H,1770240480,1770240720,4939.88,,0
4497,L,1770240660,1770240900,4928.57,,0
4498,H,1770241620,1770241860,4950.64,,0
4499,L,1770241680,1770241920,4932.32,,0
4500,H,1770241980,1770242220,4957.75,,0
4501,L,1770242100,1770242340,4931.48,,0
4502,H,1770242580,1770242820,4945.73,,0
4503,L,1770242760,1770243000,4933.24,,0
4504,H,1770243000,1770243240,4941.30,,0
4505,L,1770243060,1770243300,4922.84,4506,0
4506,L,1770243600,1770243840,4919.33,,0
4507,H,1770243780,1770244020,4932.90,,0
4508,L,1770244200,1770244440,4915.37,,0
4509,H,1770244860,1770245100,4951.19,,0
4510,L,1770245280,1770245520,4937.68,,0
4511,H,1770245700,1770245940,4951.25,,0
4512,L,1770245940,1770246180,4934.24,,0
4513,H,1770246360,1770246600,4950.39,4514,0
4514,H,1770246900,1770247140,4958.38,,0
4515,L,1770247260,1770247500,4949.45,,0
4516,H,1770247740,1770247980,4959.41,,0
4517,L,1770247920,1770248160,4952.60,,0
4518,H,1770248280,1770248520,4970.17,,0
4519,L,1770248760,1770249000,4958.76,,0
4520,H,1770249180,1770249420,4970.92,,0
4521,L,1770249300,1770253260,4961.41,,0
4522,H,1770253500,1770253740,4999.11,4523,0
4523,H,1770254220,1770254460,5016.07,,0
4524,L,1770254460,1770254700,5000.59,,0
4525,L,1770254820,1770255060,5009.20,4524,0
4526,H,1770254940,1770255180,5021.05,4527,0
4527,H,1770255360,1770255600,5022.02,4528,0
4528,H,1770255900,1770256140,5023.77,,0
4529,L,1770256080,1770256320,5015.04,4530,0
4530,L,1770256920,1770257160,5004.62,,0
4531,H,1770257220,1770257460,5018.09,,0
4532,L,1770257340,1770257580,5001.80,,0
4533,H,1770257520,1770257760,5015.01,,0
4534,L,1770257640,1770257880,4997.19,,0
4535,H,1770258000,1770258240,5018.37,,0
4536,L,1770258240,1770258480,5006.52,,0
4537,H,1770258420,1770258660,5019.36,,0
4538,L,1770258900,1770259140,5009.56,,0
4539,H,1770259140,1770259380,5017.87,,0
4540,L,1770259380,1770259620,5014.19,,0
4541,H,1770259560,1770259800,5020.49,,0
4542,H,1770260040,1770260280,5017.50,4541,0
4543,L,1770260520,1770260760,4990.92,,0
4544,H,1770260820,1770261060,5005.78,,0
4545,H,1770261780,1770262020,4960.68,4544,0
4546,L,1770261960,1770262200,4936.05,,0
4547,H,1770262680,1770262920,4984.94,,0
4548,L,1770262860,1770263100,4965.95,,0
4549,H,1770262980,1770263220,4983.41,,0
4550,L,1770263220,1770263460,4968.57,,0
4551,H,1770263580,1770263820,4986.50,,0
4552,H,1770264660,1770264900,4945.24,4551,0
4553,L,1770264900,1770265140,4895.30,,0
4554,H,1770265740,1770265980,4942.18,,0
4555,L,1770266040,1770266280,4911.66,4556,0
4556,L,1770267120,1770267360,4805.34,,0
4557,H,1770267360,1770267600,4854.16,,0
4558,L,1770267600,1770267840,4789.84,,0
4559,H,1770268380,1770268620,4858.21,,0
4560,L,1770268560,1770268800,4833.31,,0
4561,H,1770268860,1770269100,4887.85,,0
4562,H,1770269160,1770269400,4883.10,4561,0
4563,L,1770269460,1770269700,4847.82,,0
4564,H,1770269580,1770269820,4870.29,,0
4565,L,1770269760,1770270000,4839.55,,0
4566,H,1770270120,1770270360,4879.43,,0
4567,H,1770270480,1770270720,4874.92,4566,0
4568,L,1770270600,1770270840,4852.76,,0
4569,H,1770270960,1770271200,4885.89,,0
4570,L,1770271860,1770272100,4863.49,,0
4571,H,1770272580,1770272820,4891.16,,0
4572,L,1770272820,1770273060,4876.38,,0
4573,H,1770272940,1770273180,4888.01,,0
4574,L,1770273600,1770273840,4869.99,,0
4575,H,1770273900,1770274140,4887.96,,0
4576,L,1770274200,1770274440,4877.75,,0
4577,H,1770274440,1770274680,4887.40,,0
4578,L,1770274800,1770275040,4862.87,,1
4579,H,1770274800,1770275040,4876.04,,1
4580,L,1770275640,1770275880,4848.93,4581,0
4581,L,1770276120,1770276360,4840.30,,0
4582,H,1770276540,1770276780,4870.18,,0
4583,L,1770276720,1770276960,4826.79,,0
4584,H,1770277500,1770277740,4905.61,4585,0
4585,H,1770278100,1770278340,4906.48,,0
4586,L,1770278520,1770278760,4878.29,,0
4587,H,1770279180,1770279420,4920.60,,0
4588,L,1770279300,1770279540,4901.46,,0
4589,H,1770279540,1770279780,4923.54,,0
4590,L,1770279900,1770280140,4910.97,,0
4591,H,1770280080,1770280320,4930.24,,0
4592,L,1770280560,1770280800,4909.65,,0
4593,H,1770281160,1770281400,4933.96,,0
4594,L,1770281700,1770281940,4898.72,,0
4595,H,1770282180,1770282420,4929.50,,0
4596,L,1770282420,1770282660,4922.48,,0
4597,H,1770282720,1770282960,4931.20,,0
4598,L,1770283320,1770283560,4911.30,,0
4599,H,1770283560,1770283800,4940.69,,0
4600,L,1770284520,1770284760,4895.94,,0
4601,H,1770285180,1770285420,4920.10,,0
4602,L,1770285300,1770285540,4913.51,,0
4603,H,1770285840,1770286080,4928.75,,0
4604,L,1770286080,1770286320,4912.81,,0
4605,H,1770286500,1770286740,4943.47,,0
4606,L,1770286800,1770287040,4931.56,,0
4607,H,1770286920,1770287160,4941.31,,0
4608,L,1770287400,1770287640,4917.35,,0
4609,H,1770287640,1770287880,4929.75,,0
4610,L,1770287940,1770288180,4917.84,,0
4611,H,1770288780,1770289020,4917.69,,0
4612,L,1770288840,1770289080,4901.24,,0
4613,H,1770289080,1770289320,4918.39,,0
4614,L,1770290100,1770290340,4862.69,4615,0
4615,L,1770290460,1770290700,4853.89,,0
4616,H,1770290760,1770291000,4886.02,,0
4617,L,1770290940,1770291180,4870.73,,0
4618,L,1770291420,1770291660,4876.67,4617,0
4619,H,1770291540,1770291780,4890.28,4620,0
4620,H,1770291960,1770292200,4894.26,,0
4621,L,1770292560,1770292800,4849.71,,0
4622,H,1770292800,1770293040,4867.17,,0
4623,L,1770293160,1770293400,4852.01,,0
4624,H,1770293700,1770293940,4877.93,,0
4625,L,1770294480,1770294720,4848.19,,0
4626,L,1770295140,1770295380,4861.03,4625,0
4627,H,1770295620,1770295860,4886.62,,0
4628,L,1770296160,1770296400,4868.18,,0
4629,H,1770296520,1770296760,4886.34,4630,0
4630,H,1770297300,1770297540,4890.18,,0
4631,L,1770297540,1770297780,4879.21,,0
4632,H,1770297780,1770298020,4894.42,,0
4633,L,1770298260,1770298500,4881.45,4634,0
4634,L,1770299040,1770299280,4870.07,,0
4635,H,1770299160,1770299400,4885.99,,0
4636,L,1770299520,1770299760,4864.46,,0
4637,H,1770299700,1770299940,4873.23,4638,0
4638,H,1770300180,1770300420,4878.12,,0
4639,H,1770300960,1770301200,4845.54,4638,0
4640,L,1770301500,1770301740,4810.68,,0
4641,H,1770302100,1770302340,4870.59,,0
4642,L,1770302160,1770302400,4845.85,4643,0
4643,L,1770302640,1770302880,4844.22,,0
4644,H,1770302820,1770303060,4868.08,,0
4645,L,1770303960,1770304200,4802.06,,0
4646,L,1770304440,1770304680,4820.00,4645,0
4647,H,1770305220,1770305460,4865.31,,0
4648,L,1770305400,1770305640,4841.75,,0
4649,H,1770305520,1770305760,4867.75,,0
4650,L,1770306300,1770306540,4820.72,,0
4651,H,1770306840,1770307080,4846.63,,0
4652,L,1770307260,1770307500,4816.22,,0
4653,H,1770307620,1770307860,4849.88,,0
4654,L,1770308340,1770308580,4810.32,,0
4655,H,1770308880,1770309120,4838.11,,0
4656,L,1770309180,1770309420,4805.99,,0
4657,H,1770309600,1770309840,4865.43,4658,0
4658,H,1770309960,1770310200,4866.75,,0
4659,L,1770310140,1770310380,4840.69,,0
4660,H,1770310260,1770310500,4869.90,,0
4661,H,1770310800,1770311040,4864.17,4660,0
4662,L,1770311160,1770311400,4822.13,,0
4663,H,1770311340,1770311580,4858.02,,0
4664,L,1770311700,1770311940,4823.56,,0
4665,H,1770311880,1770312120,4845.64,,0
4666,L,1770312120,1770312360,4826.01,4667,0
4667,L,1770312840,1770313080,4810.39,,0
4668,H,1770313140,1770313380,4838.26,,0
4669,L,1770313680,1770313920,4800.48,,0
4670,H,1770313920,1770314160,4825.19,,0
4671,L,1770314220,1770314460,4807.72,,0
4672,H,1770315000,1770315240,4840.54,,0
4673,L,1770315300,1770315540,4818.60,,0
4674,H,1770316320,1770316560,4856.98,,1
4675,L,1770316320,1770316560,4847.17,4676,1
4676,L,1770316620,1770316860,4844.96,,0
4677,H,1770317640,1770317880,4906.79,,0
4678,L,1770318240,1770318480,4870.03,,0
4679,H,1770318600,1770318840,4883.04,,0
4680,L,1770318720,1770318960,4866.05,,0
4681,H,1770319080,1770319320,4880.33,,0
4682,L,1770319380,1770319620,4859.21,,0
4683,L,1770319980,1770320220,4859.41,4682,0
4684,H,1770320460,1770320700,4878.28,,0
4685,L,1770320580,1770320820,4859.99,,0
4686,H,1770320820,1770321060,4884.81,,0
4687,H,1770321180,1770321420,4883.13,4686,0
4688,L,1770321660,1770321900,4863.63,,0
4689,H,1770321840,1770322080,4875.17,,0
4690,L,1770322260,1770322500,4855.09,4691,0
4691,L,1770322620,1770322860,4851.50,,0
4692,H,1770323220,1770323460,4875.18,,0
4693,L,1770323400,1770323640,4858.37,,0
4694,H,1770323640,1770323880,4872.10,,0
4695,L,1770324000,1770324240,4854.27,,0
4696,H,1770324300,1770324540,4873.16,,0
4697,L,1770325080,1770325320,4851.28,,0
4698,H,1770325320,1770325560,4862.19,,0
4699,L,1770325500,1770325740,4843.62,,0
4700,H,1770325620,1770325860,4865.18,,0
4701,L,1770326160,1770326400,4846.75,,0
4702,H,1770326460,1770326700,4854.86,,0
4703,L,1770326520,1770326760,4847.62,,0
4704,H,1770326760,1770327000,4859.67,,0
4705,L,1770327240,1770327480,4829.17,4706,0
4706,L,1770327720,1770327960,4828.40,,0
4707,H,1770327780,1770328020,4841.66,4708,0
4708,H,1770328140,1770328380,4843.77,,0
4709,L,1770328380,1770328620,4823.66,,0
4710,H,1770328620,1770328860,4833.99,,0
4711,L,1770328800,1770329040,4813.71,,0
4712,L,1770329100,1770329340,4815.65,4711,0
4713,H,1770329400,1770329640,4843.25,,0
4714,L,1770329580,1770329820,4827.74,4715,0
4715,L,1770330180,1770330420,4810.75,,0
4716,H,1770330660,1770330900,4831.90,,0
4717,H,1770331500,1770331740,4816.70,4716,0
4718,L,1770332100,1770332340,4792.78,,0
4719,H,1770332640,1770332880,4826.05,,0
4720,H,1770333300,1770333540,4813.49,4719,0
4721,L,1770333420,1770333660,4797.13,,0
4722,H,1770333660,1770333900,4808.76,,0
4723,H,1770334080,1770334320,4808.06,4722,0
4724,L,1770334440,1770334680,4762.43,4725,0
4725,L,1770334800,1770335040,4759.74,,0
4726,L,1770335520,1770335760,4760.07,4725,0
4727,H,1770339600,1770339840,4793.99,,0
4728,L,1770339660,1770339900,4759.44,,0
4729,H,1770340200,1770340440,4781.71,,0
4730,L,1770341880,1770342120,4733.13,,0
4731,H,1770342120,1770342360,4755.43,,0
4732,H,1770342900,1770343140,4721.61,4731,0
4733,L,1770343620,1770343860,4684.82,,0
4734,H,1770343860,1770344100,4705.83,,0
4735,L,1770344220,1770344460,4655.06,,0
4736,L,1770345120,1770345360,4708.01,4735,0
4737,L,1770345540,1770345780,4730.21,4735,0
4738,H,1770345840,1770346080,4760.42,,0
4739,L,1770346080,1770346320,4740.31,,0
4740,H,1770346260,1770346500,4760.30,,0
4741,L,1770346440,1770346680,4739.40,,0
4742,H,1770346680,1770346920,4764.49,,0
4743,L,1770346920,1770347160,4693.74,,0
4744,H,1770347280,1770347520,4759.57,,0
4745,L,1770347340,1770347580,4730.68,,0
4746,H,1770347760,1770348000,4762.74,,0
4747,L,1770348240,1770348480,4704.84,,0
4748,H,1770348420,1770348660,4730.18,,0
4749,L,1770348600,1770348840,4705.49,,0
4750,H,1770348960,1770349200,4747.04,,0
4751,L,1770349380,1770349620,4727.51,,0
4752,H,1770350160,1770350400,4784.69,,0
4753,H,1770350460,1770350700,4780.41,4752,0
4754,L,1770350640,1770350880,4761.28,,0
4755,H,1770351120,1770351360,4796.59,,0
4756,L,1770351360,1770351600,4782.81,,0
4757,H,1770351600,1770351840,4799.93,,0
4758,L,1770351840,1770352080,4789.41,,0
4759,H,1770352920,1770353160,4846.45,,0
4760,L,1770352980,1770353220,4819.38,4761,0
4761,L,1770353520,1770353760,4809.60,,0
4762,H,1770353820,1770354060,4828.61,,0
4763,L,1770354060,1770354300,4809.01,,0
4764,H,1770354360,1770354600,4839.38,,0
4765,L,1770354840,1770355080,4813.97,,0
4766,H,1770355140,1770355380,4827.79,,0
4767,L,1770355440,1770355680,4801.78,,0
4768,H,1770356040,1770356280,4825.11,,0
4769,L,1770356520,1770356760,4801.15,,0
4770,H,1770357000,1770357240,4826.72,4771,0
4771,H,1770357660,1770357900,4827.85,,0
4772,L,1770357720,1770357960,4815.20,,0
4773,H,1770358320,1770358560,4826.84,,0
4774,L,1770358440,1770358680,4818.86,4775,0
4775,L,1770358980,1770359220,4807.20,,0
4776,H,1770359460,1770359700,4831.81,,0
4777,L,1770359820,1770360060,4820.20,,0
4778,H,1770360000,1770360240,4826.40,,0
4779,L,1770360300,1770360540,4817.12,,0
4780,H,1770360720,1770360960,4824.40,,0
4781,L,1770360900,1770361140,4810.78,4782,0
4782,L,1770361260,1770361500,4807.78,,0
4783,H,1770361380,1770361620,4823.85,4784,0
4784,H,1770361920,1770362160,4825.82,,0
4785,L,1770362160,1770362400,4819.33,,0
4786,L,1770363120,1770363360,4837.25,4785,0
4787,L,1770363480,1770363720,4849.52,4785,0
4788,H,1770363660,1770363900,4871.36,4789,0
4789,H,1770364800,1770365040,4903.10,,0
4790,H,1770366180,1770366420,4868.70,4789,0
4791,L,1770366420,1770366660,4848.65,,0
4792,H,1770366660,1770366900,4866.71,,0
4793,L,1770367140,1770367380,4836.73,4794,0
4794,L,1770368160,1770368400,4825.78,,0
4795,H,1770368520,1770368760,4854.44,4796,0
4796,H,1770369060,1770369300,4854.59,,0
4797,L,1770369540,1770369780,4843.09,,0
4798,H,1770369960,1770370200,4861.78,,0
4799,L,1770370440,1770370680,4847.72,,0
4800,H,1770370980,1770371220,4859.58,,0
4801,L,1770371220,1770371460,4847.99,,0
4802,H,1770371700,1770371940,4854.29,,0
4803,L,1770372180,1770372420,4829.70,,0
4804,L,1770373080,1770373320,4848.20,4803,0
4805,L,1770373740,1770373980,4865.89,4803,0
4806,H,1770374100,1770374340,4882.26,,0
4807,L,1770374760,1770375000,4852.80,,0
4808,H,1770375120,1770375360,4864.67,4809,0
4809,H,1770375600,1770375840,4871.63,,0
4810,L,1770376020,1770376260,4840.16,4811,0
4811,L,1770376500,1770376740,4839.08,,0
4812,H,1770377040,1770377280,4867.01,4814,0
4813,H,1770377400,1770377640,4866.38,4812,0
4814,H,1770377700,1770377940,4872.55,,0
4815,L,1770378300,1770378540,4856.32,,0
4816,H,1770378600,1770378840,4870.68,,0
4817,L,1770378900,1770379140,4860.06,,0
4818,H,1770379320,1770379560,4876.35,4819,0
4819,H,1770379800,1770380040,4877.83,,0
4820,L,1770380880,1770381120,4851.77,,0
4821,H,1770381840,1770382080,4878.11,,0
4822,L,1770382080,1770382320,4867.34,,0
4823,H,1770382440,1770382680,4880.00,,0
4824,L,1770382680,1770382920,4872.19,,0
4825,H,1770382860,1770383100,4887.79,,0
4826,L,1770383100,1770383340,4863.94,,0
4827,L,1770383820,1770384060,4878.77,4826,0
4828,H,1770384360,1770384600,4893.97,,0
4829,L,1770384900,1770385140,4880.33,,0
4830,H,1770385320,1770385560,4893.70,,0
4831,L,1770385800,1770386040,4882.97,,0
4832,H,1770386160,1770386400,4895.76,,0
4833,L,1770386400,1770386640,4883.66,,0
4834,H,1770386940,1770387180,4903.52,,0
4835,L,1770387060,1770387300,4891.04,4836,0
4836,L,1770387720,1770387960,4876.72,4837,0
4837,L,1770388140,1770388380,4871.86,,0
4838,H,1770388380,1770388620,4885.90,,0
4839,L,1770389460,1770389700,4896.63,,1
4840,H,1770389460,1770389700,4903.11,,1
4841,L,1770389880,1770390120,4896.61,,0
4842,H,1770390300,1770390540,4926.90,,0
4843,L,1770390600,1770390840,4906.02,,0
4844,L,1770391020,1770391260,4907.13,4843,0
4845,H,1770391500,1770391740,4928.43,,0
4846,L,1770391560,1770391800,4905.13,,0
4847,H,1770391920,1770392160,4928.53,4848,0
4848,H,1770392520,1770392760,4938.44,,0
4849,L,1770393420,1770393660,4922.09,,0
4850,H,1770393600,1770393840,4932.83,,0
4851,L,1770393720,1770393960,4921.88,4852,0
4852,L,1770394260,1770394500,4909.91,,0
4853,H,1770394560,1770394800,4926.43,,0
4854,L,1770395100,1770395340,4894.64,,0
4855,L,1770395400,1770395640,4897.86,4854,0
4856,H,1770395880,1770396120,4947.19,,0
4857,L,1770396180,1770396420,4923.33,,0
4858,L,1770396900,1770397140,4935.04,4857,0
4859,H,1770397200,1770397440,4959.62,,0
4860,L,1770397320,1770397560,4939.21,,0
4861,H,1770397560,1770397800,4964.86,,0
4862,L,1770398400,1770398640,4936.12,,0
4863,H,1770398820,1770399060,4960.08,4864,0
4864,H,1770399240,1770399480,4960.65,,0
4865,H,1770399660,1770399900,4952.76,4864,0
4866,L,1770399900,1770400140,4928.63,,0
4867,H,1770400380,1770400620,4950.80,,0
4868,L,1770400500,1770400740,4936.08,,0
4869,L,1770400800,1770401040,4937.20,4868,0
4870,H,1770400980,1770401220,4950.41,,0
4871,L,1770401340,1770401580,4942.69,,0
4872,H,1770401520,1770401760,4950.03,,0
4873,L,1770401760,1770402000,4931.09,,0
4874,H,1770401940,1770402180,4945.88,,0
4875,L,1770402360,1770402600,4921.66,,0
4876,H,1770402600,1770402840,4940.75,,0
4877,L,1770403020,1770403260,4929.89,,0
4878,H,1770403200,1770403440,4948.22,,0
4879,L,1770403440,1770403680,4933.80,,0
4880,L,1770404100,1770404340,4942.36,4879,0
4881,L,1770404820,1770405060,4952.30,4879,0
4882,H,1770405180,1770405420,4960.86,,0
4883,L,1770405420,1770405660,4952.71,,0
4884,H,1770405840,1770406080,4959.49,,0
4885,L,1770406140,1770406380,4953.39,,0
4886,H,1770406200,1770406440,4968.49,,0
4887,L,1770406620,1770406860,4948.36,,0
4888,L,1770407700,1770407940,4954.43,4887,0
4889,H,1770408000,1770408240,4964.21,,0
4890,L,1770408060,1770408300,4958.91,,0
4891,H,1770408300,1770408540,4967.91,,0
4892,L,1770408540,1770408780,4962.24,,0
4893,H,1770408720,1770408960,4971.43,,0
4894,L,1770409440,1770409680,4943.91,,0
4895,H,1770410280,1770410520,4965.64,,0
4896,L,1770410700,1770410940,4962.49,,0
4897,H,1770411000,1770411240,4968.36,,0
4898,H,1770411360,1770411600,4966.36,4897,0
4899,L,1770411960,1770412200,4956.63,4900,0
4900,L,1770412260,1770412500,4953.84,,0
4901,H,1770412680,1770412920,4962.10,,1
4902,L,1770412680,1770412920,4957.13,,1
4903,H,1770413220,1770413460,4961.08,,0
4904,L,1770413880,1770414120,4948.75,,0
4905,H,1770414600,1770414840,4962.72,,0
4906,L,1770415320,1770415560,4951.25,,0
4907,H,1770415560,1770415800,4959.03,,0
4908,L,1770416220,1770416460,4946.64,,0
4909,H,1770416400,1770416640,4957.07,,0
4910,L,1770416580,1770416820,4950.59,,0
4911,H,1770416760,1770417000,4956.32,,0
4912,L,1770417360,1770417600,4936.71,,0
4913,H,1770417720,1770417960,4950.70,,0
4914,L,1770418140,1770418380,4940.30,,0
4915,H,1770418380,1770418620,4953.41,,0
4916,L,1770418500,1770418740,4947.63,,0
4917,H,1770418800,1770419040,4954.67,,1
4918,L,1770418800,1770419040,4949.07,,1
4919,H,1770419220,1770419460,4958.39,,0
4920,L,1770419520,1770419760,4946.48,,0
4921,L,1770419940,1770420180,4947.60,4920,0
4922,L,1770420240,1770420480,4948.09,4920,0
4923,H,1770420660,1770420900,4957.53,4924,0
4924,H,1770421140,1770421380,4964.25,,0
4925,L,1770421560,1770421800,4957.94,,0
