time,ticket,position_id,type,entry,volume,price,profit,commission,swap,magic,comment
2025.12.01 00:00:00,1,0,2,0,0.00,0.00,10000.00,0.00,0.00,0,
2025.12.01 01:38:41,2,2,0,0,0.07,4220.20,0.00,0.00,0.00,770101,OBR#L#1764357900
2025.12.01 03:35:01,3,3,0,0,0.05,4236.21,0.00,0.00,0.00,770101,OBR#L#1764555600
2025.12.01 03:55:38,4,2,1,1,0.07,4248.71,199.57,0.00,0.00,770101,tp 4248.71
2025.12.01 07:02:29,5,6,0,0,0.15,4240.67,0.00,0.00,0.00,770101,OBR#L#1764566700
2025.12.01 07:13:05,6,6,1,1,0.15,4233.90,-101.55,0.00,0.00,770101,sl 4233.90
2025.12.01 07:26:32,7,3,1,1,0.05,4218.15,-90.30,0.00,0.00,770101,sl 4218.22
2025.12.01 08:37:22,8,9,0,0,0.12,4231.60,0.00,0.00,0.00,770101,OBR#L#1764574800
2025.12.01 09:05:03,9,10,0,0,0.11,4235.15,0.00,0.00,0.00,770101,OBR#L#1764577200
2025.12.01 09:08:27,10,11,1,0,0.17,4238.05,0.00,0.00,0.00,770101,OBR#S#1764572700
2025.12.01 09:56:38,11,11,0,1,0.17,4243.88,-99.11,0.00,0.00,770101,sl 4243.86
2025.12.01 10:03:25,12,9,1,1,0.12,4247.91,195.72,0.00,0.00,770101,tp 4247.91
2025.12.01 10:17:35,13,10,1,1,0.11,4253.01,196.46,0.00,0.00,770101,tp 4253.00
2025.12.01 11:54:41,14,15,0,0,0.19,4244.72,0.00,0.00,0.00,770101,OBR#L#1764582600
2025.12.01 12:04:19,15,15,1,1,0.19,4255.16,198.36,0.00,0.00,770101,tp 4255.13
2025.12.01 13:47:41,16,17,0,0,0.09,4255.80,0.00,0.00,0.00,770101,OBR#L#1764589800
2025.12.01 14:16:42,17,18,1,0,0.11,4251.17,0.00,0.00,0.00,770101,OBR#S#1764590700
2025.12.01 14:55:42,18,17,1,1,0.09,4244.55,-101.25,0.00,0.00,770101,sl 4244.55
2025.12.01 15:38:29,19,18,0,1,0.11,4260.67,-104.50,0.00,0.00,770101,sl 4260.65
2025.12.01 18:13:05,20,21,1,0,0.11,4239.70,0.00,0.00,0.00,770101,OBR#S#1764606300
2025.12.01 18:16:31,21,22,0,0,0.08,4231.66,0.00,0.00,0.00,770101,OBR#L#1764607200
2025.12.01 19:08:38,22,23,1,0,0.07,4230.86,0.00,0.00,0.00,770101,OBR#S#1764608400
2025.12.02 02:20:41,23,21,0,1,0.11,4222.46,189.64,0.00,3.79,770101,tp 4222.48
2025.12.02 03:02:41,24,22,1,1,0.08,4219.55,-96.88,0.00,-6.36,770101,sl 4219.55
2025.12.02 03:09:39,25,23,0,1,0.07,4202.34,199.64,0.00,2.41,770101,tp 4202.34
2025.12.02 04:01:30,26,27,0,0,0.06,4217.52,0.00,0.00,0.00,770101,OBR#L#1764645000
2025.12.02 11:15:38,27,30,1,0,0.09,4208.46,0.00,0.00,0.00,770101,OBR#S#1764667200
2025.12.02 11:23:02,28,27,1,1,0.06,4200.30,-103.32,0.00,0.00,770101,sl 4200.33
2025.12.02 11:36:29,29,30,0,1,0.09,4186.48,197.82,0.00,0.00,770101,tp 4186.48
2025.12.02 14:26:00,30,33,1,0,0.33,4205.36,0.00,0.00,0.00,770101,OBR#S#1764673800
2025.12.02 14:55:01,31,33,0,1,0.33,4208.56,-105.60,0.00,0.00,770101,sl 4208.56
2025.12.02 15:08:26,32,35,0,0,0.19,4207.87,0.00,0.00,0.00,770101,OBR#L#1764685800
2025.12.02 15:12:38,33,35,1,1,0.19,4202.53,-101.46,0.00,0.00,770101,sl 4202.54
2025.12.02 15:23:41,34,37,1,0,0.18,4207.55,0.00,0.00,0.00,770101,OBR#S#1764673200
2025.12.02 16:00:29,35,37,0,1,0.18,4213.28,-103.14,0.00,0.00,770101,sl 4213.26
2025.12.02 19:55:04,36,40,0,0,0.10,4194.54,0.00,0.00,0.00,770101,OBR#L#1764702600
2025.12.02 20:36:29,37,40,1,1,0.10,4184.89,-96.50,0.00,0.00,770101,sl 4184.90
2025.12.03 02:50:40,38,43,1,0,0.24,4207.63,0.00,0.00,0.00,770101,OBR#S#1764728100
2025.12.03 02:59:40,39,43,0,1,0.24,4211.78,-99.60,0.00,0.00,770101,sl 4211.78
2025.12.03 05:31:38,40,45,0,0,0.21,4224.00,0.00,0.00,0.00,770101,OBR#L#1764735600
2025.12.03 06:03:28,41,45,1,1,0.21,4219.23,-100.17,0.00,0.00,770101,sl 4219.25
2025.12.03 10:50:03,42,47,0,0,0.18,4207.59,0.00,0.00,0.00,770101,OBR#L#1764753900
2025.12.03 11:07:44,43,47,1,1,0.18,4202.26,-95.94,0.00,0.00,770101,sl 4202.27
2025.12.03 17:41:13,44,49,0,0,0.05,4225.71,0.00,0.00,0.00,770101,OBR#L#1764771900
2025.12.03 18:31:42,45,50,1,0,0.05,4222.67,0.00,0.00,0.00,770101,OBR#S#1764779400
2025.12.03 18:54:38,46,49,1,1,0.05,4207.38,-91.65,0.00,0.00,770101,sl 4207.41
2025.12.03 23:22:39,47,52,0,0,0.39,4207.26,0.00,0.00,0.00,770101,OBR#L#1764797400
2025.12.03 23:31:33,48,53,1,0,0.31,4207.66,0.00,0.00,0.00,770101,OBR#S#1764801300
2025.12.03 23:53:02,49,52,1,1,0.39,4204.79,-96.33,0.00,0.00,770101,sl 4204.79
2025.12.04 01:04:03,50,55,1,0,0.34,4207.29,0.00,0.00,0.00,770101,OBR#S#1764803400
2025.12.04 02:09:40,51,55,0,1,0.34,4210.11,-95.88,0.00,0.00,770101,sl 4210.11
2025.12.04 02:23:03,52,53,0,1,0.31,4210.80,-97.34,0.00,32.00,770101,sl 4210.80
2025.12.04 02:30:14,53,58,0,0,0.13,4211.40,0.00,0.00,0.00,770101,OBR#L#1764813600
2025.12.04 03:21:03,54,59,0,0,0.24,4211.69,0.00,0.00,0.00,770101,OBR#L#1764814200
2025.12.04 04:00:16,55,59,1,1,0.24,4207.67,-96.48,0.00,0.00,770101,sl 4207.68
2025.12.04 04:01:40,56,58,1,1,0.13,4204.44,-90.48,0.00,0.00,770101,sl 4204.44
2025.12.04 05:02:41,57,50,0,1,0.05,4188.44,171.15,0.00,5.16,770101,tp 4188.48
2025.12.04 06:35:38,58,63,0,0,0.12,4197.60,0.00,0.00,0.00,770101,OBR#L#1764826200
2025.12.04 07:22:04,59,63,1,1,0.12,4190.17,-89.16,0.00,0.00,770101,sl 4190.19
2025.12.04 08:38:28,60,65,1,0,0.08,4187.00,0.00,0.00,0.00,770101,OBR#S#1764831900
2025.12.04 11:47:24,61,65,0,1,0.08,4197.89,-87.12,0.00,0.00,770101,sl 4197.89
2025.12.04 13:01:38,62,69,1,0,0.16,4198.89,0.00,0.00,0.00,770101,OBR#S#1764823800
2025.12.04 13:09:30,63,69,0,1,0.16,4204.59,-91.20,0.00,0.00,770101,sl 4204.56
2025.12.04 15:29:39,64,71,1,0,0.12,4196.66,0.00,0.00,0.00,770101,OBR#S#1764854100
2025.12.04 15:30:26,65,72,0,0,0.27,4190.78,0.00,0.00,0.00,770101,OBR#L#1764846900
2025.12.04 15:30:40,66,72,1,1,0.27,4187.42,-90.72,0.00,0.00,770101,sl 4187.46
2025.12.04 16:08:30,67,71,0,1,0.12,4204.15,-89.88,0.00,0.00,770101,sl 4204.14
2025.12.04 16:41:43,68,74,0,0,0.07,4198.26,0.00,0.00,0.00,770101,OBR#L#1764861000
2025.12.04 17:10:28,69,76,1,0,0.06,4199.82,0.00,0.00,0.00,770101,OBR#S#1764865800
2025.12.04 17:26:40,70,77,0,0,0.07,4201.16,0.00,0.00,0.00,770101,OBR#L#1764863400
2025.12.04 18:09:38,71,76,0,1,0.06,4213.46,-81.84,0.00,0.00,770101,sl 4213.45
2025.12.04 19:36:04,72,79,1,0,0.16,4213.73,0.00,0.00,0.00,770101,OBR#S#1764872400
2025.12.04 21:08:29,73,79,0,1,0.16,4202.72,176.16,0.00,0.00,770101,tp 4202.73
2025.12.04 22:45:26,74,81,1,0,0.45,4207.86,0.00,0.00,0.00,770101,OBR#S#1764882000
2025.12.04 22:59:24,75,81,0,1,0.45,4209.90,-91.80,0.00,0.00,770101,sl 4209.90
2025.12.05 02:40:38,76,83,1,0,0.18,4204.46,0.00,0.00,0.00,770101,OBR#S#1764897900
2025.12.05 05:45:01,77,83,0,1,0.18,4209.53,-91.26,0.00,0.00,770101,sl 4209.52
2025.12.05 08:08:31,78,74,1,1,0.07,4223.80,178.78,0.00,-5.56,770101,tp 4223.75
2025.12.05 08:09:39,79,77,1,1,0.07,4227.00,180.88,0.00,-5.56,770101,tp 4227.00
2025.12.05 11:00:40,80,87,1,0,0.16,4222.17,0.00,0.00,0.00,770101,OBR#S#1764927300
2025.12.05 11:49:40,81,88,0,0,0.12,4223.41,0.00,0.00,0.00,770101,OBR#L#1764918900
2025.12.05 14:05:39,82,87,0,1,0.16,4227.98,-92.96,0.00,0.00,770101,sl 4227.97
2025.12.05 15:37:42,83,88,1,1,0.12,4238.15,176.88,0.00,0.00,770101,tp 4238.13
2025.12.05 17:07:38,84,91,0,0,0.10,4235.16,0.00,0.00,0.00,770101,OBR#L#1764947700
2025.12.05 17:36:27,85,91,1,1,0.10,4254.11,189.50,0.00,0.00,770101,tp 4254.11
2025.12.05 20:22:31,86,93,0,0,0.25,4212.84,0.00,0.00,0.00,770101,OBR#L#1764960000
2025.12.05 20:56:03,87,93,1,1,0.25,4209.04,-95.00,0.00,0.00,770101,sl 4209.04
2025.12.05 21:03:37,88,95,1,0,0.11,4210.60,0.00,0.00,0.00,770101,OBR#S#1764965100
2025.12.05 22:12:02,89,96,1,0,0.18,4204.66,0.00,0.00,0.00,770101,OBR#S#1764969900
2025.12.05 23:19:39,90,95,0,1,0.11,4194.10,181.50,0.00,0.00,770101,tp 4194.14
2025.12.05 23:19:39,91,96,0,1,0.18,4194.10,190.08,0.00,0.00,770101,tp 4194.10
2025.12.08 02:16:46,92,99,0,0,0.10,4205.57,0.00,0.00,0.00,770101,OBR#L#1764978600
2025.12.08 03:15:41,93,100,1,0,0.15,4206.96,0.00,0.00,0.00,770101,OBR#S#1764967500
2025.12.08 04:28:41,94,101,1,0,0.11,4202.75,0.00,0.00,0.00,770101,OBR#S#1765162500
2025.12.08 04:55:41,95,101,0,1,0.11,4211.80,-99.55,0.00,0.00,770101,sl 4211.79
2025.12.08 06:04:39,96,103,0,0,0.53,4208.93,0.00,0.00,0.00,770101,OBR#L#1765170000
2025.12.08 06:34:36,97,103,1,1,0.53,4212.62,195.57,0.00,0.00,770101,tp 4212.59
2025.12.08 06:42:30,98,105,0,0,0.31,4210.64,0.00,0.00,0.00,770101,OBR#L#1765172400
2025.12.08 06:57:27,99,105,1,1,0.31,4207.46,-98.58,0.00,0.00,770101,sl 4207.46
2025.12.08 07:33:24,100,100,0,1,0.15,4213.59,-99.45,0.00,0.00,770101,sl 4213.59
2025.12.08 07:40:38,101,108,0,0,0.07,4213.43,0.00,0.00,0.00,770101,OBR#L#1765168200
2025.12.08 10:20:32,102,109,1,0,0.19,4213.22,0.00,0.00,0.00,770101,OBR#S#1765184100
2025.12.08 12:31:16,103,109,0,1,0.19,4203.29,188.67,0.00,0.00,770101,tp 4203.30
2025.12.08 13:10:41,104,111,1,0,0.18,4202.88,0.00,0.00,0.00,770101,OBR#S#1765197300
2025.12.08 13:29:19,105,111,0,1,0.18,4208.36,-98.64,0.00,0.00,770101,sl 4208.35
2025.12.08 15:51:39,106,108,1,1,0.07,4199.48,-97.65,0.00,0.00,770101,sl 4199.51
2025.12.08 16:58:42,107,99,1,1,0.10,4195.93,-96.40,0.00,0.00,770101,sl 4195.96
2025.12.08 18:52:41,108,115,0,0,0.08,4188.61,0.00,0.00,0.00,770101,OBR#L#1765213800
2025.12.08 21:19:38,109,116,1,0,0.20,4188.55,0.00,0.00,0.00,770101,OBR#S#1765224300
2025.12.08 22:37:29,110,116,0,1,0.20,4193.37,-96.40,0.00,0.00,770101,sl 4193.36
2025.12.08 22:59:01,111,118,0,0,0.16,4191.30,0.00,0.00,0.00,770101,OBR#L#1765231200
2025.12.09 01:01:00,112,119,1,0,0.39,4191.61,0.00,0.00,0.00,770101,OBR#S#1765234800
2025.12.09 01:05:38,113,119,0,1,0.39,4193.41,-70.20,0.00,0.00,770101,sl 4193.36
2025.12.09 06:55:00,114,118,1,1,0.16,4185.49,-92.96,0.00,-12.72,770101,sl 4185.50
2025.12.09 08:04:31,115,115,1,1,0.08,4177.65,-87.68,0.00,-6.36,770101,sl 4177.66
2025.12.09 09:56:04,116,124,1,0,0.24,4183.32,0.00,0.00,0.00,770101,OBR#S#1765265100
2025.12.09 10:09:15,117,124,0,1,0.24,4187.18,-92.64,0.00,0.00,770101,sl 4187.17
2025.12.09 14:56:41,118,126,0,0,0.14,4205.01,0.00,0.00,0.00,770101,OBR#L#1765289700
2025.12.09 15:27:41,119,126,1,1,0.14,4198.75,-87.64,0.00,0.00,770101,sl 4198.75
2025.12.09 17:32:40,120,128,0,0,0.06,4203.79,0.00,0.00,0.00,770101,OBR#L#1765297200
2025.12.09 20:20:40,121,129,0,0,0.13,4205.45,0.00,0.00,0.00,770101,OBR#L#1765302300
2025.12.09 20:43:05,122,130,1,0,0.38,4206.34,0.00,0.00,0.00,770101,OBR#S#1765309200
2025.12.09 20:56:21,123,130,0,1,0.38,4208.73,-90.82,0.00,0.00,770101,sl 4208.73
2025.12.09 22:47:43,124,132,1,0,0.22,4212.44,0.00,0.00,0.00,770101,OBR#S#1765307100
2025.12.10 03:17:16,125,132,0,1,0.22,4216.46,-88.44,0.00,7.57,770101,sl 4216.39
2025.12.10 06:45:37,126,134,0,0,0.30,4207.34,0.00,0.00,0.00,770101,OBR#L#1765345800
2025.12.10 07:12:27,127,134,1,1,0.30,4204.35,-89.70,0.00,0.00,770101,sl 4204.35
2025.12.10 07:30:20,128,136,1,0,0.22,4205.89,0.00,0.00,0.00,770101,OBR#S#1765348800
2025.12.10 07:37:59,129,136,0,1,0.22,4209.86,-87.34,0.00,0.00,770101,sl 4209.82
2025.12.10 08:53:40,130,138,0,0,0.24,4205.41,0.00,0.00,0.00,770101,OBR#L#1765350900
2025.12.10 10:10:27,131,138,1,1,0.24,4201.72,-88.56,0.00,0.00,770101,sl 4201.72
2025.12.10 10:52:58,132,129,1,1,0.13,4198.68,-88.01,0.00,-10.33,770101,sl 4198.68
2025.12.10 12:31:37,133,128,1,1,0.06,4190.41,-80.28,0.00,-4.77,770101,sl 4190.41
2025.12.10 16:52:42,134,143,1,0,0.13,4201.77,0.00,0.00,0.00,770101,OBR#S#1765359300
2025.12.10 17:38:28,135,144,0,0,0.17,4196.24,0.00,0.00,0.00,770101,OBR#L#1765384500
2025.12.10 17:52:02,136,144,1,1,0.17,4191.42,-81.94,0.00,0.00,770101,sl 4191.42
2025.12.10 18:00:38,137,145,1,0,0.13,4194.79,0.00,0.00,0.00,770101,OBR#S#1765386000
2025.12.10 18:30:41,138,145,0,1,0.13,4201.36,-85.41,0.00,0.00,770101,sl 4201.36
2025.12.10 21:00:39,139,143,0,1,0.13,4208.29,-84.76,0.00,0.00,770101,sl 4208.20
2025.12.11 04:08:32,140,150,0,0,0.32,4237.40,0.00,0.00,0.00,770101,OBR#L#1765421700
2025.12.11 04:09:42,141,150,1,1,0.32,4234.80,-83.20,0.00,0.00,770101,sl 4234.80
2025.12.11 13:13:31,142,153,0,0,0.14,4216.68,0.00,0.00,0.00,770101,OBR#L#1765451100
2025.12.11 13:53:04,143,153,1,1,0.14,4210.84,-81.76,0.00,0.00,770101,sl 4210.84
2025.12.11 15:28:38,144,156,1,0,0.06,4213.08,0.00,0.00,0.00,770101,OBR#S#1765454700
2025.12.11 16:08:42,145,156,0,1,0.06,4226.08,-78.00,0.00,0.00,770101,sl 4226.08
2025.12.12 02:32:03,146,160,0,0,0.17,4277.45,0.00,0.00,0.00,770101,OBR#L#1765494600
2025.12.12 02:53:27,147,160,1,1,0.17,4272.72,-80.41,0.00,0.00,770101,sl 4272.73
2025.12.12 03:20:30,148,163,0,0,0.14,4270.82,0.00,0.00,0.00,770101,OBR#L#1765491600
2025.12.12 03:28:38,149,163,1,1,0.14,4265.45,-75.18,0.00,0.00,770101,sl 4265.46
2025.12.12 03:42:27,150,165,1,0,0.10,4269.02,0.00,0.00,0.00,770101,OBR#S#1765507200
2025.12.12 04:12:04,151,165,0,1,0.10,4276.27,-72.50,0.00,0.00,770101,sl 4276.27
2025.12.12 14:06:20,152,169,0,0,0.12,4334.36,0.00,0.00,0.00,770101,OBR#L#1765543800
2025.12.12 14:44:40,153,169,1,1,0.12,4328.07,-75.48,0.00,0.00,770101,sl 4328.07
2025.12.12 15:09:40,154,170,1,0,0.22,4335.83,0.00,0.00,0.00,770101,OBR#S#1765545300
2025.12.12 15:20:41,155,172,0,0,0.04,4335.10,0.00,0.00,0.00,770101,OBR#L#1765542300
2025.12.12 15:26:14,156,170,0,1,0.22,4339.37,-77.88,0.00,0.00,770101,sl 4339.37
2025.12.12 16:30:28,157,174,0,0,0.19,4338.58,0.00,0.00,0.00,770101,OBR#L#1765552800
2025.12.12 16:33:40,158,174,1,1,0.19,4334.52,-77.14,0.00,0.00,770101,sl 4334.52
2025.12.12 17:00:02,159,176,0,0,0.05,4346.72,0.00,0.00,0.00,770101,OBR#L#1765554300
2025.12.12 17:18:20,160,176,1,1,0.05,4333.37,-66.75,0.00,0.00,770101,sl 4333.39
2025.12.12 17:21:42,161,172,1,1,0.04,4316.80,-73.20,0.00,0.00,770101,sl 4316.80
2025.12.12 19:15:38,162,179,1,0,0.04,4276.73,0.00,0.00,0.00,770101,OBR#S#1765563900
2025.12.12 19:41:29,163,179,0,1,0.04,4293.30,-66.28,0.00,0.00,770101,sl 4293.29
2025.12.12 20:45:02,164,181,0,0,0.03,4291.78,0.00,0.00,0.00,770101,OBR#L#1765566300
2025.12.12 22:37:01,165,182,1,0,0.07,4294.35,0.00,0.00,0.00,770101,OBR#S#1765570500
2025.12.12 23:22:40,166,182,0,1,0.07,4303.72,-65.59,0.00,0.00,770101,sl 4303.72
2025.12.12 23:44:29,167,184,0,0,0.06,4301.71,0.00,0.00,0.00,770101,OBR#L#1765578300
2025.12.15 01:11:54,168,185,0,0,0.14,4303.47,0.00,0.00,0.00,770101,OBR#L#1765581000
2025.12.15 03:03:42,169,185,1,1,0.14,4313.99,147.28,0.00,0.00,770101,tp 4313.98
2025.12.15 03:40:16,170,184,1,1,0.06,4322.96,127.50,0.00,-4.77,770101,tp 4322.96
2025.12.15 06:51:43,171,188,1,0,0.44,4328.10,0.00,0.00,0.00,770101,OBR#S#1765774800
2025.12.15 07:28:20,172,188,0,1,0.44,4329.82,-75.68,0.00,0.00,770101,sl 4329.81
2025.12.15 07:31:05,173,181,1,1,0.03,4333.30,124.56,0.00,-2.38,770101,tp 4333.30
2025.12.15 12:29:27,174,192,0,0,0.25,4344.26,0.00,0.00,0.00,770101,OBR#L#1765793700
2025.12.15 12:30:40,175,192,1,1,0.25,4341.20,-76.50,0.00,0.00,770101,sl 4341.21
2025.12.15 12:47:26,176,194,1,0,0.08,4340.87,0.00,0.00,0.00,770101,OBR#S#1765798200
2025.12.15 16:25:05,177,194,0,1,0.08,4322.22,149.20,0.00,0.00,770101,tp 4322.25
2025.12.15 22:59:41,178,197,0,0,0.22,4304.18,0.00,0.00,0.00,770101,OBR#L#1765830000
2025.12.15 23:45:29,179,198,1,0,0.16,4302.85,0.00,0.00,0.00,770101,OBR#S#1765838700
2025.12.16 01:01:00,180,198,0,1,0.16,4307.90,-80.80,0.00,5.51,770101,sl 4307.64
2025.12.16 02:15:19,181,200,0,0,0.14,4307.18,0.00,0.00,0.00,770101,OBR#L#1765842000
2025.12.16 02:37:27,182,197,1,1,0.22,4311.13,152.90,0.00,-17.49,770101,tp 4311.12
2025.12.16 02:54:14,183,201,0,0,0.14,4307.88,0.00,0.00,0.00,770101,OBR#L#1765850400
2025.12.16 03:05:37,184,201,1,1,0.14,4302.74,-71.96,0.00,0.00,770101,sl 4302.75
2025.12.16 03:06:21,185,200,1,1,0.14,4301.99,-72.66,0.00,0.00,770101,sl 4302.00
2025.12.16 03:26:26,186,203,1,0,0.19,4310.21,0.00,0.00,0.00,770101,OBR#S#1765836300
2025.12.16 03:31:37,187,203,0,1,0.19,4314.26,-76.95,0.00,0.00,770101,sl 4314.26
2025.12.16 06:25:19,188,208,1,0,0.17,4289.78,0.00,0.00,0.00,770101,OBR#S#1765861200
2025.12.16 07:29:31,189,208,0,1,0.17,4281.28,144.50,0.00,0.00,770101,tp 4281.30
2025.12.16 07:54:38,190,209,1,0,0.14,4286.45,0.00,0.00,0.00,770101,OBR#S#1765864500
2025.12.16 08:39:39,191,209,0,1,0.14,4291.86,-75.74,0.00,0.00,770101,sl 4291.86
2025.12.16 12:19:01,192,212,1,0,0.15,4278.78,0.00,0.00,0.00,770101,OBR#S#1765885200
2025.12.16 12:39:39,193,213,1,0,0.13,4277.87,0.00,0.00,0.00,770101,OBR#S#1765886400
2025.12.16 13:01:30,194,214,1,0,0.19,4278.03,0.00,0.00,0.00,770101,OBR#S#1765887600
2025.12.16 14:06:56,195,214,0,1,0.19,4281.96,-74.67,0.00,0.00,770101,sl 4281.95
2025.12.16 14:07:04,196,213,0,1,0.13,4283.52,-73.45,0.00,0.00,770101,sl 4283.51
2025.12.16 14:07:13,197,212,0,1,0.15,4283.88,-76.50,0.00,0.00,770101,sl 4283.87
2025.12.16 15:15:30,198,218,0,0,0.09,4295.35,0.00,0.00,0.00,770101,OBR#L#1765895700
2025.12.16 15:31:42,199,218,1,1,0.09,4310.64,137.61,0.00,0.00,770101,tp 4310.62
2025.12.16 15:46:58,200,219,0,0,0.07,4300.21,0.00,0.00,0.00,770101,OBR#L#1765897200
2025.12.16 16:03:38,201,219,1,1,0.07,4318.99,131.46,0.00,0.00,770101,tp 4318.97
2025.12.16 21:55:19,202,225,0,0,0.06,4313.12,0.00,0.00,0.00,770101,OBR#L#1765916700
2025.12.16 21:59:05,203,224,0,0,0.13,4309.62,0.00,0.00,0.00,770101,OBR#L#1765919400
2025.12.16 22:52:41,204,224,1,1,0.13,4303.88,-74.62,0.00,0.00,770101,sl 4303.91
2025.12.16 23:08:38,205,225,1,1,0.06,4301.42,-70.20,0.00,0.00,770101,sl 4301.45
2025.12.17 09:51:54,206,229,1,0,0.08,4318.61,0.00,0.00,0.00,770101,OBR#S#1765962300
2025.12.17 11:20:31,207,230,0,0,0.06,4319.78,0.00,0.00,0.00,770101,OBR#L#1765936500
2025.12.17 12:13:29,208,231,1,0,0.12,4318.43,0.00,0.00,0.00,770101,OBR#S#1765963800
2025.12.17 12:38:14,209,230,1,1,0.06,4307.24,-75.24,0.00,0.00,770101,sl 4307.25
2025.12.17 15:07:42,210,231,0,1,0.12,4324.27,-70.08,0.00,0.00,770101,sl 4324.27
2025.12.17 15:12:31,211,229,0,1,0.08,4327.05,-67.52,0.00,0.00,770101,sl 4327.04
2025.12.17 16:13:42,212,236,0,0,0.08,4331.40,0.00,0.00,0.00,770101,OBR#L#1765984200
2025.12.17 18:25:05,213,236,1,1,0.08,4322.60,-70.40,0.00,0.00,770101,sl 4322.61
2025.12.17 20:15:16,214,238,0,0,0.04,4342.41,0.00,0.00,0.00,770101,OBR#L#1765996500
2025.12.17 20:30:40,215,239,1,0,0.12,4343.20,0.00,0.00,0.00,770101,OBR#S#1765992600
2025.12.17 20:42:41,216,239,0,1,0.12,4331.32,142.56,0.00,0.00,770101,tp 4331.34
2025.12.17 21:04:42,217,241,1,0,0.07,4336.72,0.00,0.00,0.00,770101,OBR#S#1766001600
2025.12.17 23:13:15,218,242,0,0,0.21,4343.20,0.00,0.00,0.00,770101,OBR#L#1766010900
2025.12.17 23:34:15,219,242,1,1,0.21,4339.82,-70.98,0.00,0.00,770101,sl 4339.82
2025.12.18 01:58:18,220,244,0,0,0.13,4340.70,0.00,0.00,0.00,770101,OBR#L#1766008800
2025.12.18 02:49:29,221,244,1,1,0.13,4335.17,-71.89,0.00,0.00,770101,sl 4335.17
2025.12.18 05:30:28,222,246,1,0,0.17,4333.78,0.00,0.00,0.00,770101,OBR#S#1766032500
2025.12.18 10:05:13,223,246,0,1,0.17,4325.57,139.57,0.00,0.00,770101,tp 4325.60
2025.12.18 10:55:26,224,238,1,1,0.04,4324.23,-72.72,0.00,-9.54,770101,sl 4324.23
2025.12.18 14:10:28,225,249,1,0,0.17,4324.37,0.00,0.00,0.00,770101,OBR#S#1766063700
2025.12.18 15:06:24,226,241,0,1,0.07,4317.25,136.29,0.00,7.23,770101,tp 4317.25
2025.12.18 15:06:36,227,249,0,1,0.17,4316.06,141.27,0.00,0.00,770101,tp 4316.07
2025.12.18 15:16:28,228,252,1,0,0.12,4318.90,0.00,0.00,0.00,770101,OBR#S#1766067000
2025.12.18 15:30:20,229,252,0,1,0.12,4324.87,-71.64,0.00,0.00,770101,sl 4324.87
2025.12.18 17:44:16,230,254,0,0,0.02,4337.57,0.00,0.00,0.00,770101,OBR#L#1766076000
2025.12.18 20:19:21,231,255,0,0,0.06,4336.73,0.00,0.00,0.00,770101,OBR#L#1766085600
2025.12.18 20:25:38,232,256,1,0,0.11,4335.23,0.00,0.00,0.00,770101,OBR#S#1766086800
2025.12.18 21:52:43,233,255,1,1,0.06,4325.31,-68.52,0.00,0.00,770101,sl 4325.32
2025.12.18 22:47:59,234,258,0,0,0.06,4334.81,0.00,0.00,0.00,770101,OBR#L#1766094600
2025.12.19 03:00:41,235,258,1,1,0.06,4323.01,-70.80,0.00,-4.77,770101,sl 4323.02
2025.12.19 03:01:31,236,256,0,1,0.11,4322.27,142.56,0.00,3.79,770101,tp 4322.28
2025.12.19 03:28:39,237,254,1,1,0.02,4311.38,-52.38,0.00,-1.59,770101,sl 4311.42
2025.12.19 05:31:28,238,262,1,0,0.11,4321.89,0.00,0.00,0.00,770101,OBR#S#1766114100
2025.12.19 05:37:26,239,263,0,0,0.07,4319.34,0.00,0.00,0.00,770101,OBR#L#1766115000
2025.12.19 07:52:02,240,262,0,1,0.11,4328.49,-72.60,0.00,0.00,770101,sl 4328.49
2025.12.19 08:54:39,241,266,1,0,0.16,4325.96,0.00,0.00,0.00,770101,OBR#S#1766112600
2025.12.19 09:39:28,242,267,0,0,0.12,4327.51,0.00,0.00,0.00,770101,OBR#L#1766133600
2025.12.19 10:00:40,243,267,1,1,0.12,4321.61,-70.80,0.00,0.00,770101,sl 4321.62
2025.12.19 10:42:31,244,266,0,1,0.16,4330.51,-72.80,0.00,0.00,770101,sl 4330.51
2025.12.19 11:08:40,245,270,1,0,0.21,4326.41,0.00,0.00,0.00,770101,OBR#S#1766136600
2025.12.19 11:42:29,246,270,0,1,0.21,4329.76,-70.35,0.00,0.00,770101,sl 4329.76
2025.12.19 13:53:41,247,272,0,0,0.19,4327.30,0.00,0.00,0.00,770101,OBR#L#1766147700
2025.12.19 14:08:16,248,272,1,1,0.19,4323.64,-69.54,0.00,0.00,770101,sl 4323.64
2025.12.19 16:45:44,249,274,0,0,0.08,4331.49,0.00,0.00,0.00,770101,OBR#L#1766155800
2025.12.19 16:47:27,250,274,1,1,0.08,4323.26,-65.84,0.00,0.00,770101,sl 4323.26
2025.12.19 17:04:42,251,263,1,1,0.07,4339.53,141.33,0.00,0.00,770101,tp 4339.52
2025.12.22 03:13:42,252,279,0,0,0.08,4364.96,0.00,0.00,0.00,770101,OBR#L#1766369100
2025.12.22 03:40:36,253,279,1,1,0.08,4382.07,136.88,0.00,0.00,770101,tp 4382.06
2025.12.22 05:58:41,254,281,0,0,0.06,4393.75,0.00,0.00,0.00,770101,OBR#L#1766378700
2025.12.22 08:55:38,255,281,1,1,0.06,4416.94,139.14,0.00,0.00,770101,tp 4416.93
2025.12.22 21:33:39,256,283,1,0,0.19,4433.59,0.00,0.00,0.00,770101,OBR#S#1766435400
2025.12.22 21:37:39,257,284,0,0,0.32,4431.74,0.00,0.00,0.00,770101,OBR#L#1766436300
2025.12.22 22:04:31,258,284,1,1,0.32,4436.42,149.76,0.00,0.00,770101,tp 4436.42
2025.12.22 22:08:53,259,283,0,1,0.19,4437.48,-73.91,0.00,0.00,770101,sl 4437.47
2025.12.23 03:47:42,260,287,0,0,0.05,4482.37,0.00,0.00,0.00,770101,OBR#L#1766458200
2025.12.23 07:41:38,261,289,0,0,0.06,4481.88,0.00,0.00,0.00,770101,OBR#L#1766460000
2025.12.23 08:13:40,262,289,1,1,0.06,4469.67,-73.26,0.00,0.00,770101,sl 4469.67
2025.12.23 08:51:31,263,290,1,0,0.15,4479.98,0.00,0.00,0.00,770101,OBR#S#1766473500
2025.12.23 09:19:37,264,290,0,1,0.15,4484.96,-74.70,0.00,0.00,770101,sl 4484.96
2025.12.23 11:31:16,265,293,1,0,0.09,4485.01,0.00,0.00,0.00,770101,OBR#S#1766486400
2025.12.23 13:31:04,266,294,1,0,0.34,4484.32,0.00,0.00,0.00,770101,OBR#S#1766492400
2025.12.23 13:39:29,267,294,0,1,0.34,4486.49,-73.78,0.00,0.00,770101,sl 4486.48
2025.12.23 13:54:39,268,293,0,1,0.09,4492.48,-67.23,0.00,0.00,770101,sl 4492.47
2025.12.23 15:23:39,269,297,0,0,0.14,4488.10,0.00,0.00,0.00,770101,OBR#L#1766496600
2025.12.23 15:51:31,270,297,1,1,0.14,4483.19,-68.74,0.00,0.00,770101,sl 4483.21
2025.12.23 16:05:21,271,287,1,1,0.05,4467.24,-75.65,0.00,0.00,770101,sl 4467.26
2025.12.23 17:47:39,272,300,0,0,0.03,4451.81,0.00,0.00,0.00,770101,OBR#L#1766509200
2025.12.23 20:02:41,273,301,1,0,0.14,4475.64,0.00,0.00,0.00,770101,OBR#S#1766505300
2025.12.23 20:12:40,274,301,0,1,0.14,4480.51,-68.18,0.00,0.00,770101,sl 4480.51
2025.12.23 20:41:01,275,303,1,0,0.19,4475.91,0.00,0.00,0.00,770101,OBR#S#1766518800
2025.12.23 20:50:37,276,303,0,1,0.19,4479.63,-70.68,0.00,0.00,770101,sl 4479.62
2025.12.23 21:04:40,277,300,1,1,0.03,4494.57,128.28,0.00,0.00,770101,tp 4494.57
2025.12.23 21:26:30,278,308,1,0,0.10,4490.59,0.00,0.00,0.00,770101,OBR#S#1766502900
2025.12.23 22:58:38,279,308,0,1,0.10,4497.49,-69.00,0.00,0.00,770101,sl 4497.47
2025.12.24 01:31:37,280,310,1,0,0.12,4494.15,0.00,0.00,0.00,770101,OBR#S#1766530500
2025.12.24 01:36:27,281,310,0,1,0.12,4499.97,-69.84,0.00,0.00,770101,sl 4499.97
2025.12.24 07:03:34,282,312,0,0,0.13,4495.31,0.00,0.00,0.00,770101,OBR#L#1766553600
2025.12.24 07:10:29,283,312,1,1,0.13,4490.01,-68.90,0.00,0.00,770101,sl 4490.03
2025.12.24 08:10:41,284,314,1,0,0.07,4489.94,0.00,0.00,0.00,770101,OBR#S#1766559300
2025.12.24 09:01:05,285,315,0,0,0.09,4492.20,0.00,0.00,0.00,770101,OBR#L#1766560200
2025.12.24 09:47:37,286,315,1,1,0.09,4485.14,-63.54,0.00,0.00,770101,sl 4485.16
2025.12.24 11:13:37,287,318,1,0,0.09,4487.35,0.00,0.00,0.00,770101,OBR#S#1766568000
2025.12.24 11:50:28,288,318,0,1,0.09,4494.71,-66.24,0.00,0.00,770101,sl 4494.71
2025.12.24 12:04:39,289,314,0,1,0.07,4499.56,-67.34,0.00,0.00,770101,sl 4499.56
2025.12.24 12:30:19,290,321,0,0,0.09,4494.12,0.00,0.00,0.00,770101,OBR#L#1766575800
2025.12.24 12:33:30,291,321,1,1,0.09,4486.74,-66.42,0.00,0.00,770101,sl 4486.74
2025.12.24 12:41:04,292,323,1,0,0.04,4485.90,0.00,0.00,0.00,770101,OBR#S#1766577600
2025.12.24 17:03:02,293,325,1,0,0.03,4470.79,0.00,0.00,0.00,770101,OBR#S#1766592300
2025.12.24 17:37:40,294,323,0,1,0.04,4458.11,111.16,0.00,0.00,770101,tp 4458.14
2025.12.24 18:02:03,295,327,1,0,0.03,4461.56,0.00,0.00,0.00,770101,OBR#S#1766594400
2025.12.24 19:06:45,296,327,0,1,0.03,4481.89,-60.99,0.00,0.00,770101,sl 4481.88
2025.12.26 01:01:00,297,325,0,1,0.03,4499.65,-86.58,0.00,4.13,770101,sl 4488.76
2025.12.26 04:13:03,298,331,1,0,0.03,4507.43,0.00,0.00,0.00,770101,OBR#S#1766718000
2025.12.26 05:07:03,299,332,0,0,0.06,4502.32,0.00,0.00,0.00,770101,OBR#L#1766714100
2025.12.26 06:11:42,300,333,1,0,0.13,4509.50,0.00,0.00,0.00,770101,OBR#S#1766719800
2025.12.26 07:36:38,301,333,0,1,0.13,4514.31,-62.53,0.00,0.00,770101,sl 4514.31
2025.12.26 09:19:31,302,335,0,0,0.08,4513.68,0.00,0.00,0.00,770101,OBR#L#1766733900
2025.12.26 12:25:56,303,332,1,1,0.06,4523.39,126.42,0.00,0.00,770101,tp 4523.39
2025.12.26 13:10:31,304,335,1,1,0.08,4506.36,-58.56,0.00,0.00,770101,sl 4506.40
2025.12.26 14:50:42,305,338,0,0,0.07,4511.84,0.00,0.00,0.00,770101,OBR#L#1766756700
2025.12.26 15:41:00,306,331,0,1,0.03,4526.47,-57.12,0.00,0.00,770101,sl 4526.46
2025.12.26 16:27:37,307,338,1,1,0.07,4529.46,123.34,0.00,0.00,770101,tp 4529.46
2025.12.26 18:55:31,308,341,1,0,0.06,4538.63,0.00,0.00,0.00,770101,OBR#S#1766772000
2025.12.26 19:30:41,309,341,0,1,0.06,4517.08,129.30,0.00,0.00,770101,tp 4517.08
2025.12.26 22:13:42,310,344,1,0,0.14,4532.77,0.00,0.00,0.00,770101,OBR#S#1766775900
2025.12.26 22:18:41,311,345,0,0,0.06,4529.90,0.00,0.00,0.00,770101,OBR#L#1766780700
2025.12.26 22:26:26,312,344,0,1,0.14,4523.13,134.96,0.00,0.00,770101,tp 4523.13
2025.12.26 22:31:41,313,347,1,0,0.07,4526.31,0.00,0.00,0.00,770101,OBR#S#1766783700
2025.12.26 22:50:30,314,348,0,0,0.08,4529.26,0.00,0.00,0.00,770101,OBR#L#1766785800
2025.12.29 01:01:00,315,347,0,1,0.07,4549.23,-160.44,0.00,2.41,770101,sl 4535.84
2025.12.29 01:01:00,316,348,1,1,0.08,4549.12,158.88,0.00,-6.36,770101,tp 4545.57
2025.12.29 02:02:27,317,345,1,1,0.06,4518.72,-67.08,0.00,-4.77,770101,sl 4518.75
2025.12.29 04:10:41,318,352,0,0,0.07,4505.71,0.00,0.00,0.00,770101,OBR#L#1766976900
2025.12.29 08:28:01,319,352,1,1,0.07,4496.42,-65.03,0.00,0.00,770101,sl 4496.43
2025.12.29 10:21:03,320,354,0,0,0.01,4481.42,0.00,0.00,0.00,770101,OBR#L#1766998800
2025.12.29 13:40:19,321,354,1,1,0.01,4444.73,-36.69,0.00,0.00,770101,sl 4444.75
2025.12.29 19:00:31,322,358,0,0,0.03,4341.20,0.00,0.00,0.00,770101,OBR#L#1767030900
2025.12.29 19:38:20,323,358,1,1,0.03,4322.43,-56.31,0.00,0.00,770101,sl 4322.44
2025.12.29 21:23:38,324,360,0,0,0.06,4332.19,0.00,0.00,0.00,770101,OBR#L#1767037800
2025.12.29 22:35:28,325,361,0,0,0.10,4336.53,0.00,0.00,0.00,770101,OBR#L#1767043200
2025.12.29 22:36:42,326,361,1,1,0.10,4330.05,-64.80,0.00,0.00,770101,sl 4330.07
2025.12.29 23:50:28,327,363,1,0,0.07,4332.56,0.00,0.00,0.00,770101,OBR#S#1767047100
2025.12.30 01:04:40,328,363,0,1,0.07,4341.37,-61.67,0.00,2.41,770101,sl 4341.37
2025.12.30 01:15:18,329,366,0,0,0.05,4339.94,0.00,0.00,0.00,770101,OBR#L#1767051300
2025.12.30 01:18:21,330,364,0,0,0.27,4330.84,0.00,0.00,0.00,770101,OBR#L#1767049200
2025.12.30 01:18:29,331,366,1,1,0.05,4328.57,-56.85,0.00,0.00,770101,sl 4328.66
2025.12.30 01:18:29,332,364,1,1,0.27,4328.46,-64.26,0.00,0.00,770101,sl 4328.51
2025.12.30 03:50:39,333,360,1,1,0.06,4354.41,133.32,0.00,-4.77,770101,tp 4354.39
2025.12.30 06:00:30,334,370,1,0,0.07,4359.88,0.00,0.00,0.00,770101,OBR#S#1767072300
2025.12.30 06:31:36,335,372,0,0,0.07,4362.79,0.00,0.00,0.00,770101,OBR#L#1767069600
2025.12.30 06:40:38,336,370,0,1,0.07,4369.30,-65.94,0.00,0.00,770101,sl 4369.28
2025.12.30 07:01:37,337,371,0,0,0.14,4361.73,0.00,0.00,0.00,770101,OBR#L#1767071100
2025.12.30 07:23:27,338,371,1,1,0.14,4370.79,126.84,0.00,0.00,770101,tp 4370.75
2025.12.30 08:17:38,339,375,0,0,0.04,4371.31,0.00,0.00,0.00,770101,OBR#L#1767074700
2025.12.30 09:49:40,340,372,1,1,0.07,4381.11,128.24,0.00,0.00,770101,tp 4381.10
2025.12.30 10:27:40,341,375,1,1,0.04,4357.40,-55.64,0.00,0.00,770101,sl 4357.41
2025.12.30 13:44:26,342,379,0,0,0.07,4384.89,0.00,0.00,0.00,770101,OBR#L#1767097200
2025.12.30 14:03:15,343,380,1,0,0.13,4386.57,0.00,0.00,0.00,770101,OBR#S#1767097800
2025.12.30 14:11:37,344,380,0,1,0.13,4391.70,-66.69,0.00,0.00,770101,sl 4391.70
2025.12.30 14:41:28,345,379,1,1,0.07,4401.84,118.65,0.00,0.00,770101,tp 4401.83
2025.12.30 18:17:27,346,385,1,0,0.05,4363.55,0.00,0.00,0.00,770101,OBR#S#1767114900
2025.12.30 18:57:15,347,385,0,1,0.05,4376.38,-64.15,0.00,0.00,770101,sl 4376.37
2025.12.30 19:21:39,348,387,0,0,0.04,4370.09,0.00,0.00,0.00,770101,OBR#L#1767117900
2025.12.30 20:45:14,349,388,1,0,0.07,4366.45,0.00,0.00,0.00,770101,OBR#S#1767124800
2025.12.30 21:47:29,350,387,1,1,0.04,4355.51,-58.32,0.00,0.00,770101,sl 4355.53
2025.12.30 21:49:15,351,388,0,1,0.07,4347.40,133.35,0.00,0.00,770101,tp 4347.41
2025.12.30 22:40:31,352,391,0,0,0.05,4353.29,0.00,0.00,0.00,770101,OBR#L#1767132000
2025.12.30 22:59:00,353,391,1,1,0.05,4340.68,-63.05,0.00,0.00,770101,sl 4340.69
2025.12.31 01:37:17,354,393,1,0,0.06,4338.85,0.00,0.00,0.00,770101,OBR#S#1767138000
2025.12.31 01:55:27,355,394,1,0,0.12,4338.08,0.00,0.00,0.00,770101,OBR#S#1767144000
2025.12.31 02:03:29,356,394,0,1,0.12,4343.63,-66.60,0.00,0.00,770101,sl 4343.57
2025.12.31 02:17:02,357,396,0,0,0.08,4339.01,0.00,0.00,0.00,770101,OBR#L#1767144600
2025.12.31 02:36:20,358,397,1,0,0.10,4336.84,0.00,0.00,0.00,770101,OBR#S#1767144900
2025.12.31 02:38:38,359,397,0,1,0.10,4342.98,-61.40,0.00,0.00,770101,sl 4342.95
2025.12.31 02:45:20,360,399,0,0,0.08,4342.70,0.00,0.00,0.00,770101,OBR#L#1767145500
2025.12.31 03:04:31,361,393,0,1,0.06,4349.11,-61.56,0.00,0.00,770101,sl 4349.09
2025.12.31 03:13:30,362,396,1,1,0.08,4354.16,121.20,0.00,0.00,770101,tp 4354.12
2025.12.31 03:25:30,363,399,1,1,0.08,4359.19,131.92,0.00,0.00,770101,tp 4359.14
2025.12.31 04:46:40,364,404,0,0,0.05,4365.38,0.00,0.00,0.00,770101,OBR#L#1767151500
2025.12.31 04:50:40,365,404,1,1,0.05,4353.01,-61.85,0.00,0.00,770101,sl 4353.03
2025.12.31 05:11:42,366,406,1,0,0.05,4357.83,0.00,0.00,0.00,770101,OBR#S#1767153600
2025.12.31 06:57:39,367,406,0,1,0.05,4332.67,125.80,0.00,0.00,770101,tp 4332.68
2025.12.31 08:41:37,368,409,0,0,0.02,4310.48,0.00,0.00,0.00,770101,OBR#L#1767167700
2025.12.31 11:06:40,369,410,1,0,0.04,4317.94,0.00,0.00,0.00,770101,OBR#S#1767174900
2025.12.31 11:42:12,370,410,0,1,0.04,4331.82,-55.52,0.00,0.00,770101,sl 4331.79
2025.12.31 12:02:30,371,413,1,0,0.04,4329.32,0.00,0.00,0.00,770101,OBR#S#1767165900
2025.12.31 12:28:25,372,411,0,0,0.03,4321.38,0.00,0.00,0.00,770101,OBR#L#1767169200
2025.12.31 15:53:40,373,413,0,1,0.04,4343.21,-55.56,0.00,0.00,770101,sl 4343.20
2025.12.31 16:30:29,374,415,1,0,0.06,4337.91,0.00,0.00,0.00,770101,OBR#S#1767196500
2025.12.31 16:35:14,375,415,0,1,0.06,4348.46,-63.30,0.00,0.00,770101,sl 4348.45
2025.12.31 20:21:30,376,418,0,0,0.10,4326.92,0.00,0.00,0.00,770101,OBR#L#1767209100
2025.12.31 20:32:38,377,418,1,1,0.10,4320.32,-66.00,0.00,0.00,770101,sl 4320.36
2025.12.31 21:16:27,378,420,1,0,0.09,4318.59,0.00,0.00,0.00,770101,OBR#S#1767213300
2025.12.31 22:02:14,379,420,0,1,0.09,4305.00,122.31,0.00,0.00,770101,tp 4305.03
2026.01.02 03:04:17,380,423,0,0,0.07,4350.78,0.00,0.00,0.00,770101,OBR#L#1767318300
2026.01.02 05:07:37,381,411,1,1,0.03,4366.39,135.03,0.00,-9.53,770101,tp 4366.39
2026.01.02 05:12:20,382,423,1,1,0.07,4367.91,119.91,0.00,0.00,770101,tp 4367.91
2026.01.02 06:10:31,383,426,0,0,0.10,4375.76,0.00,0.00,0.00,770101,OBR#L#1767332100
2026.01.02 07:11:20,384,409,1,1,0.02,4379.22,137.48,0.00,-6.36,770101,tp 4379.20
2026.01.02 09:14:30,385,428,1,0,0.14,4376.81,0.00,0.00,0.00,770101,OBR#S#1767340200
2026.01.02 09:40:28,386,429,0,0,0.09,4378.51,0.00,0.00,0.00,770101,OBR#L#1767337200
2026.01.02 09:56:28,387,428,0,1,0.14,4381.77,-69.44,0.00,0.00,770101,sl 4381.77
2026.01.02 10:34:38,388,426,1,1,0.10,4388.67,129.10,0.00,0.00,770101,tp 4388.67
2026.01.02 10:46:29,389,429,1,1,0.09,4393.45,134.46,0.00,0.00,770101,tp 4393.45
2026.01.02 14:59:36,390,434,1,0,0.19,4394.55,0.00,0.00,0.00,770101,OBR#S#1767360000
2026.01.02 15:12:28,391,434,0,1,0.19,4398.34,-72.01,0.00,0.00,770101,sl 4398.34
2026.01.02 15:21:32,392,435,0,0,0.16,4389.99,0.00,0.00,0.00,770101,OBR#L#1767356700
2026.01.02 15:24:16,393,435,1,1,0.16,4385.43,-72.96,0.00,0.00,770101,sl 4385.47
2026.01.05 04:15:28,394,439,1,0,0.03,4394.63,0.00,0.00,0.00,770101,OBR#S#1767582000
2026.01.05 06:05:16,395,440,1,0,0.10,4403.07,0.00,0.00,0.00,770101,OBR#S#1767590400
2026.01.05 07:26:39,396,440,0,1,0.10,4410.16,-70.90,0.00,0.00,770101,sl 4410.12
2026.01.05 08:11:29,397,439,0,1,0.03,4417.03,-67.20,0.00,0.00,770101,sl 4417.01
2026.01.05 10:30:40,398,444,0,0,0.09,4424.24,0.00,0.00,0.00,770101,OBR#L#1767603900
2026.01.05 12:54:05,399,444,1,1,0.09,4439.56,137.88,0.00,0.00,770101,tp 4439.54
2026.01.05 12:58:03,400,447,0,0,0.12,4436.54,0.00,0.00,0.00,770101,OBR#L#1767612900
2026.01.05 13:05:30,401,447,1,1,0.12,4430.90,-67.68,0.00,0.00,770101,sl 4430.91
2026.01.05 18:06:04,402,449,0,0,0.06,4445.45,0.00,0.00,0.00,770101,OBR#L#1767632100
2026.01.05 18:30:39,403,450,1,0,0.09,4444.03,0.00,0.00,0.00,770101,OBR#S#1767633300
2026.01.05 18:50:33,404,450,0,1,0.09,4451.81,-70.02,0.00,0.00,770101,sl 4451.81
2026.01.05 19:03:42,405,449,1,1,0.06,4435.00,-62.70,0.00,0.00,770101,sl 4435.02
2026.01.05 20:19:28,406,453,0,0,0.05,4445.17,0.00,0.00,0.00,770101,OBR#L#1767639600
2026.01.06 01:31:27,407,454,0,0,0.16,4447.57,0.00,0.00,0.00,770101,OBR#L#1767654900
2026.01.06 01:32:20,408,454,1,1,0.16,4443.24,-69.28,0.00,0.00,770101,sl 4443.32
2026.01.06 02:40:27,409,453,1,1,0.05,4433.01,-60.80,0.00,-3.97,770101,sl 4433.06
2026.01.06 02:45:28,410,456,1,0,0.07,4437.43,0.00,0.00,0.00,770101,OBR#S#1767663300
2026.01.06 03:45:02,411,458,0,0,0.06,4439.02,0.00,0.00,0.00,770101,OBR#L#1767668400
2026.01.06 03:53:39,412,456,0,1,0.07,4446.54,-63.77,0.00,0.00,770101,sl 4446.54
2026.01.06 05:12:27,413,458,1,1,0.06,4461.74,136.32,0.00,0.00,770101,tp 4461.67
2026.01.06 09:31:05,414,461,1,0,0.07,4465.28,0.00,0.00,0.00,770101,OBR#S#1767684600
2026.01.06 10:27:16,415,461,0,1,0.07,4474.20,-62.44,0.00,0.00,770101,sl 4474.20
2026.01.06 12:42:40,416,464,0,0,0.07,4451.27,0.00,0.00,0.00,770101,OBR#L#1767700800
2026.01.06 15:16:15,417,464,1,1,0.07,4468.97,123.90,0.00,0.00,770101,tp 4468.95
2026.01.06 15:33:06,418,467,1,0,0.08,4461.50,0.00,0.00,0.00,770101,OBR#S#1767696900
2026.01.06 16:00:04,419,467,0,1,0.08,4469.67,-65.36,0.00,0.00,770101,sl 4469.54
2026.01.06 20:22:07,420,471,0,0,0.07,4490.40,0.00,0.00,0.00,770101,OBR#L#1767728400
2026.01.06 21:15:30,421,471,1,1,0.07,4481.28,-63.84,0.00,0.00,770101,sl 4481.54
2026.01.06 22:36:49,422,474,1,0,0.17,4485.72,0.00,0.00,0.00,770101,OBR#S#1767732900
2026.01.06 22:42:30,423,474,0,1,0.17,4489.55,-65.11,0.00,0.00,770101,sl 4489.51
2026.01.07 05:03:02,424,477,0,0,0.05,4473.54,0.00,0.00,0.00,770101,OBR#L#1767758100
2026.01.07 07:32:43,425,477,1,1,0.05,4461.10,-62.20,0.00,0.00,770101,sl 4461.15
2026.01.07 15:15:26,426,479,1,0,0.03,4436.54,0.00,0.00,0.00,770101,OBR#S#1767797100
2026.01.07 16:03:58,427,479,0,1,0.03,4454.20,-52.98,0.00,0.00,770101,sl 4453.94
2026.01.07 17:31:04,428,481,1,0,0.07,4444.80,0.00,0.00,0.00,770101,OBR#S#1767802500
2026.01.07 18:22:03,429,481,0,1,0.07,4454.28,-66.36,0.00,0.00,770101,sl 4453.66
2026.01.07 20:50:57,430,483,0,0,0.11,4451.23,0.00,0.00,0.00,770101,OBR#L#1767809400
2026.01.07 21:04:20,431,484,1,0,0.13,4454.42,0.00,0.00,0.00,770101,OBR#S#1767815100
2026.01.07 21:17:04,432,483,1,1,0.11,4445.88,-58.85,0.00,0.00,770101,sl 4445.89
2026.01.07 21:51:26,433,486,1,0,0.12,4454.03,0.00,0.00,0.00,770101,OBR#S#1767818100
2026.01.07 22:00:40,434,486,0,1,0.12,4458.97,-59.28,0.00,0.00,770101,sl 4458.97
2026.01.07 22:01:32,435,484,0,1,0.13,4459.47,-65.65,0.00,0.00,770101,sl 4459.46
2026.01.08 02:05:58,436,489,0,0,0.14,4462.77,0.00,0.00,0.00,770101,OBR#L#1767834600
2026.01.08 02:25:02,437,489,1,1,0.14,4458.29,-62.72,0.00,0.00,770101,sl 4458.41
2026.01.08 03:15:30,438,491,0,0,0.06,4455.64,0.00,0.00,0.00,770101,OBR#L#1767820500
2026.01.08 03:46:02,439,491,1,1,0.06,4445.34,-61.80,0.00,0.00,770101,sl 4445.35
2026.01.08 04:40:46,440,493,1,0,0.07,4440.36,0.00,0.00,0.00,770101,OBR#S#1767845100
2026.01.08 06:22:00,441,494,0,0,0.30,4438.92,0.00,0.00,0.00,770101,OBR#L#1767849300
2026.01.08 06:24:11,442,494,1,1,0.30,4437.07,-55.50,0.00,0.00,770101,sl 4437.25
2026.01.08 07:30:01,443,493,0,1,0.07,4422.81,122.85,0.00,0.00,770101,tp 4423.28
2026.01.08 11:55:06,444,497,1,0,0.27,4432.31,0.00,0.00,0.00,770101,OBR#S#1767870300
2026.01.08 12:15:52,445,498,1,0,0.13,4430.34,0.00,0.00,0.00,770101,OBR#S#1767872400
2026.01.08 12:17:06,446,497,0,1,0.27,4427.61,126.90,0.00,0.00,770101,tp 4427.65
2026.01.08 12:42:00,447,498,0,1,0.13,4434.90,-59.28,0.00,0.00,770101,sl 4434.82
2026.01.08 14:10:10,448,502,1,0,0.07,4419.42,0.00,0.00,0.00,770101,OBR#S#1767879300
2026.01.08 14:39:01,449,502,0,1,0.07,4427.45,-56.21,0.00,0.00,770101,sl 4427.42
2026.01.08 15:16:33,450,504,1,0,0.06,4423.95,0.00,0.00,0.00,770101,OBR#S#1767876900
2026.01.08 15:25:01,451,504,0,1,0.06,4434.37,-62.52,0.00,0.00,770101,sl 4433.96
2026.01.09 07:19:58,452,507,1,0,0.09,4463.77,0.00,0.00,0.00,770101,OBR#S#1767934500
2026.01.09 07:32:20,453,507,0,1,0.09,4470.53,-60.84,0.00,0.00,770101,sl 4470.53
2026.01.09 10:15:54,454,510,0,0,0.08,4473.56,0.00,0.00,0.00,770101,OBR#L#1767946800
2026.01.09 10:40:46,455,510,1,1,0.08,4466.27,-58.32,0.00,0.00,770101,sl 4466.27
2026.01.09 11:02:21,456,511,1,0,0.12,4470.47,0.00,0.00,0.00,770101,OBR#S#1767949500
2026.01.09 11:18:32,457,511,0,1,0.12,4475.79,-63.84,0.00,0.00,770101,sl 4475.47
2026.01.09 13:39:49,458,515,1,0,0.17,4471.38,0.00,0.00,0.00,770101,OBR#S#1767963600
2026.01.09 13:56:35,459,515,0,1,0.17,4474.90,-59.84,0.00,0.00,770101,sl 4474.84
2026.01.09 14:12:49,460,517,0,0,0.09,4472.84,0.00,0.00,0.00,770101,OBR#L#1767962700
2026.01.09 14:30:23,461,517,1,1,0.09,4466.93,-53.19,0.00,0.00,770101,sl 4467.03
2026.01.09 15:10:13,462,519,0,0,0.05,4469.32,0.00,0.00,0.00,770101,OBR#L#1767943200
2026.01.09 15:40:23,463,519,1,1,0.05,4491.78,112.30,0.00,0.00,770101,tp 4491.73
2026.01.09 19:31:05,464,521,1,0,0.08,4506.95,0.00,0.00,0.00,770101,OBR#S#1767981300
2026.01.09 19:53:37,465,521,0,1,0.08,4492.09,118.88,0.00,0.00,770101,tp 4492.25
2026.01.09 20:37:16,466,522,1,0,0.08,4503.27,0.00,0.00,0.00,770101,OBR#S#1767985800
2026.01.09 20:45:19,467,524,0,0,0.03,4500.25,0.00,0.00,0.00,770101,OBR#L#1767977100
2026.01.09 21:16:04,468,525,1,0,0.05,4498.66,0.00,0.00,0.00,770101,OBR#S#1767987000
2026.01.09 22:59:17,469,525,0,1,0.05,4510.26,-58.00,0.00,0.00,770101,sl 4510.24
2026.01.09 23:22:27,470,522,0,1,0.08,4510.59,-58.56,0.00,0.00,770101,sl 4510.57
2026.01.09 23:51:27,471,528,0,0,0.17,4508.41,0.00,0.00,0.00,770101,OBR#L#1767999900
2026.01.12 01:01:00,472,528,1,1,0.17,4522.81,244.80,0.00,-13.51,770101,tp 4515.33
2026.01.12 01:29:48,473,524,1,1,0.03,4538.01,113.28,0.00,-2.38,770101,tp 4538.00
2026.01.12 05:43:32,474,532,0,0,0.03,4573.27,0.00,0.00,0.00,770101,OBR#L#1768184400
2026.01.12 08:37:34,475,533,0,0,0.33,4573.35,0.00,0.00,0.00,770101,OBR#L#1768202700
2026.01.12 08:52:03,476,533,1,1,0.33,4577.39,133.32,0.00,0.00,770101,tp 4577.22
2026.01.12 09:00:40,477,535,0,0,0.08,4577.71,0.00,0.00,0.00,770101,OBR#L#1768205700
2026.01.12 10:48:04,478,535,1,1,0.08,4593.71,128.00,0.00,0.00,770101,tp 4593.65
2026.01.12 13:39:59,479,537,1,0,0.09,4590.13,0.00,0.00,0.00,770101,OBR#S#1768218000
2026.01.12 15:05:07,480,537,0,1,0.09,4597.01,-61.92,0.00,0.00,770101,sl 4597.01
2026.01.12 15:12:37,481,532,1,1,0.03,4606.84,100.71,0.00,0.00,770101,tp 4606.75
2026.01.12 17:16:17,482,540,0,0,0.02,4614.44,0.00,0.00,0.00,770101,OBR#L#1768235100
2026.01.12 18:45:18,483,541,1,0,0.04,4613.72,0.00,0.00,0.00,770101,OBR#S#1768241400
2026.01.12 19:59:29,484,542,0,0,0.07,4616.77,0.00,0.00,0.00,770101,OBR#L#1768243200
2026.01.12 20:15:00,485,542,1,1,0.07,4607.63,-63.98,0.00,0.00,770101,sl 4607.81
2026.01.12 20:33:58,486,544,1,0,0.04,4608.59,0.00,0.00,0.00,770101,OBR#S#1768242600
2026.01.13 01:12:10,487,540,1,1,0.02,4584.80,-59.28,0.00,-1.59,770101,sl 4584.95
2026.01.13 01:12:14,488,541,0,1,0.04,4581.39,129.32,0.00,1.38,770101,tp 4581.40
2026.01.13 01:12:22,489,544,0,1,0.04,4579.34,117.00,0.00,1.38,770101,tp 4579.49
2026.01.13 01:51:56,490,548,1,0,0.06,4594.11,0.00,0.00,0.00,770101,OBR#S#1768257000
2026.01.13 03:39:12,491,549,1,0,0.05,4582.75,0.00,0.00,0.00,770101,OBR#S#1768270500
2026.01.13 05:02:15,492,549,0,1,0.05,4596.20,-67.25,0.00,0.00,770101,sl 4596.06
2026.01.13 06:26:49,493,552,0,0,0.15,4597.16,0.00,0.00,0.00,770101,OBR#L#1768283100
2026.01.13 07:06:17,494,552,1,1,0.15,4592.77,-65.85,0.00,0.00,770101,sl 4592.78
2026.01.13 12:30:03,495,556,0,0,0.10,4583.83,0.00,0.00,0.00,770101,OBR#L#1768297800
2026.01.13 12:42:40,496,555,1,0,0.08,4587.49,0.00,0.00,0.00,770101,OBR#S#1768302300
2026.01.13 15:02:06,497,555,0,1,0.08,4595.94,-67.60,0.00,0.00,770101,sl 4595.76
2026.01.13 15:03:27,498,556,1,1,0.10,4596.61,127.80,0.00,0.00,770101,tp 4596.61
2026.01.13 15:13:28,499,548,0,1,0.06,4604.74,-63.78,0.00,0.00,770101,sl 4604.73
2026.01.13 17:29:02,500,560,1,0,0.03,4610.82,0.00,0.00,0.00,770101,OBR#S#1768323300
2026.01.13 17:51:30,501,561,0,0,0.04,4613.63,0.00,0.00,0.00,770101,OBR#L#1768317900
2026.01.13 18:27:13,502,561,1,1,0.04,4599.59,-56.16,0.00,0.00,770101,sl 4599.63
2026.01.13 19:00:11,503,562,1,0,0.06,4614.49,0.00,0.00,0.00,770101,OBR#S#1768324200
2026.01.13 19:24:09,504,564,1,0,0.34,4612.10,0.00,0.00,0.00,770101,OBR#S#1768327800
2026.01.13 19:25:55,505,564,0,1,0.34,4607.86,144.16,0.00,0.00,770101,tp 4608.26
2026.01.13 19:56:21,506,562,0,1,0.06,4594.25,121.44,0.00,0.00,770101,tp 4594.29
2026.01.13 22:12:42,507,568,1,0,0.10,4594.58,0.00,0.00,0.00,770101,OBR#S#1768336800
2026.01.13 22:32:31,508,568,0,1,0.10,4581.59,129.90,0.00,0.00,770101,tp 4581.74
2026.01.14 02:57:15,509,570,1,0,0.18,4607.37,0.00,0.00,0.00,770101,OBR#S#1768332600
2026.01.14 03:00:52,510,570,0,1,0.18,4611.28,-70.38,0.00,0.00,770101,sl 4611.20
2026.01.14 03:10:00,511,572,0,0,0.08,4611.45,0.00,0.00,0.00,770101,OBR#L#1768357200
2026.01.14 04:30:18,512,573,0,0,0.11,4619.70,0.00,0.00,0.00,770101,OBR#L#1768362300
2026.01.14 05:29:32,513,573,1,1,0.11,4613.50,-68.20,0.00,0.00,770101,sl 4613.53
2026.01.14 05:57:47,514,572,1,1,0.08,4628.46,136.08,0.00,0.00,770101,tp 4628.43
2026.01.14 07:01:39,515,560,0,1,0.03,4633.16,-67.02,0.00,1.03,770101,sl 4633.14
2026.01.14 07:10:15,516,577,0,0,0.07,4634.54,0.00,0.00,0.00,770101,OBR#L#1768371900
2026.01.14 07:57:23,517,577,1,1,0.07,4625.13,-65.87,0.00,0.00,770101,sl 4625.23
2026.01.14 08:21:53,518,579,0,0,0.03,4631.80,0.00,0.00,0.00,770101,OBR#L#1768368300
2026.01.14 08:41:15,519,580,1,0,0.08,4631.01,0.00,0.00,0.00,770101,OBR#S#1768376700
2026.01.14 09:27:04,520,580,0,1,0.08,4639.64,-69.04,0.00,0.00,770101,sl 4639.63
2026.01.14 09:30:17,521,582,0,0,0.05,4636.59,0.00,0.00,0.00,770101,OBR#L#1768377900
2026.01.14 10:21:19,522,582,1,1,0.05,4623.23,-66.80,0.00,0.00,770101,sl 4623.29
2026.01.14 12:58:11,523,584,0,0,0.06,4632.14,0.00,0.00,0.00,770101,OBR#L#1768386300
2026.01.14 16:38:10,524,584,1,1,0.06,4621.88,-61.56,0.00,0.00,770101,sl 4621.93
2026.01.14 16:48:24,525,579,1,1,0.03,4613.21,-55.77,0.00,0.00,770101,sl 4613.32
2026.01.14 18:10:50,526,587,0,0,0.04,4615.43,0.00,0.00,0.00,770101,OBR#L#1768410300
2026.01.14 23:00:35,527,588,0,0,0.10,4631.12,0.00,0.00,0.00,770101,OBR#L#1768422000
2026.01.14 23:14:59,528,588,1,1,0.10,4624.69,-64.30,0.00,0.00,770101,sl 4624.69
2026.01.15 01:03:22,529,590,0,0,0.16,4624.22,0.00,0.00,0.00,770101,OBR#L#1768421100
2026.01.15 01:06:56,530,590,1,1,0.16,4619.98,-67.84,0.00,0.00,770101,sl 4620.36
2026.01.15 03:24:37,531,587,1,1,0.04,4599.17,-65.04,0.00,-9.54,770101,sl 4599.26
2026.01.15 06:20:10,532,595,0,0,0.05,4592.26,0.00,0.00,0.00,770101,OBR#L#1768454700
2026.01.15 07:11:46,533,596,1,0,0.17,4592.40,0.00,0.00,0.00,770101,OBR#S#1768458900
2026.01.15 07:15:37,534,596,0,1,0.17,4584.97,126.31,0.00,0.00,770101,tp 4585.06
2026.01.15 07:18:01,535,595,1,1,0.05,4581.18,-55.40,0.00,0.00,770101,sl 4581.20
2026.01.15 08:36:22,536,599,1,0,0.08,4604.62,0.00,0.00,0.00,770101,OBR#S#1768451100
2026.01.15 08:56:38,537,599,0,1,0.08,4612.02,-59.20,0.00,0.00,770101,sl 4611.96
2026.01.15 10:46:13,538,601,0,0,0.06,4604.11,0.00,0.00,0.00,770101,OBR#L#1768463700
2026.01.15 15:03:14,539,603,1,0,0.15,4615.75,0.00,0.00,0.00,770101,OBR#S#1768485300
2026.01.15 15:18:53,540,603,0,1,0.15,4607.34,126.15,0.00,0.00,770101,tp 4607.41
2026.01.15 15:25:03,541,605,1,0,0.08,4609.51,0.00,0.00,0.00,770101,OBR#S#1768487700
2026.01.15 15:35:02,542,601,1,1,0.06,4593.42,-64.14,0.00,0.00,770101,sl 4593.42
2026.01.15 15:35:20,543,605,0,1,0.08,4593.27,129.92,0.00,0.00,770101,tp 4593.29
2026.01.15 16:10:07,544,608,1,0,0.03,4597.15,0.00,0.00,0.00,770101,OBR#S#1768489500
2026.01.15 16:55:16,545,608,0,1,0.03,4615.10,-53.85,0.00,0.00,770101,sl 4615.00
2026.01.15 17:40:21,546,611,0,0,0.04,4612.30,0.00,0.00,0.00,770101,OBR#L#1768493700
2026.01.15 18:20:09,547,612,0,0,0.03,4620.38,0.00,0.00,0.00,770101,OBR#L#1768496700
2026.01.15 18:46:09,548,612,1,1,0.03,4603.50,-50.64,0.00,0.00,770101,sl 4603.73
2026.01.15 21:15:23,549,615,0,0,0.14,4617.97,0.00,0.00,0.00,770101,OBR#L#1768506600
2026.01.15 21:57:58,550,615,1,1,0.14,4613.68,-60.06,0.00,0.00,770101,sl 4613.68
2026.01.15 22:16:45,551,617,1,0,0.05,4608.65,0.00,0.00,0.00,770101,OBR#S#1768512000
2026.01.16 01:05:34,552,617,0,1,0.05,4620.10,-57.25,0.00,1.72,770101,sl 4620.06
2026.01.16 03:00:34,553,611,1,1,0.04,4596.30,-64.00,0.00,-3.18,770101,sl 4596.34
2026.01.16 04:40:28,554,622,1,0,0.05,4595.43,0.00,0.00,0.00,770101,OBR#S#1768534500
2026.01.16 07:20:04,555,624,1,0,0.10,4598.37,0.00,0.00,0.00,770101,OBR#S#1768537200
2026.01.16 07:31:46,556,625,0,0,0.14,4600.26,0.00,0.00,0.00,770101,OBR#L#1768542900
2026.01.16 07:40:49,557,624,0,1,0.10,4604.36,-59.90,0.00,0.00,770101,sl 4604.34
2026.01.16 07:45:01,558,622,0,1,0.05,4607.56,-60.65,0.00,0.00,770101,sl 4607.51
2026.01.16 07:47:25,559,625,1,1,0.14,4609.45,128.66,0.00,0.00,770101,tp 4609.42
2026.01.16 08:05:00,560,629,0,0,0.05,4606.67,0.00,0.00,0.00,770101,OBR#L#1768547400
2026.01.16 08:49:18,561,629,1,1,0.05,4595.12,-57.75,0.00,0.00,770101,sl 4595.19
2026.01.16 09:31:26,562,631,1,0,0.09,4607.27,0.00,0.00,0.00,770101,OBR#S#1768549800
2026.01.16 12:04:08,563,632,1,0,0.11,4604.41,0.00,0.00,0.00,770101,OBR#S#1768558800
2026.01.16 12:19:25,564,632,0,1,0.11,4609.84,-59.73,0.00,0.00,770101,sl 4609.81
2026.01.16 12:54:52,565,633,0,0,0.15,4603.10,0.00,0.00,0.00,770101,OBR#L#1768563000
2026.01.16 13:02:05,566,633,1,1,0.15,4598.87,-63.45,0.00,0.00,770101,sl 4598.88
2026.01.16 13:36:08,567,631,0,1,0.09,4613.78,-58.59,0.00,0.00,770101,sl 4613.68
2026.01.16 15:27:09,568,638,1,0,0.04,4593.29,0.00,0.00,0.00,770101,OBR#S#1768573500
2026.01.16 16:11:57,569,638,0,1,0.04,4607.78,-57.96,0.00,0.00,770101,sl 4607.76
2026.01.16 17:15:48,570,640,0,0,0.03,4614.99,0.00,0.00,0.00,770101,OBR#L#1768578600
2026.01.16 17:23:28,571,640,1,1,0.03,4596.98,-54.03,0.00,0.00,770101,sl 4597.15
2026.01.16 21:41:39,572,642,1,0,0.06,4590.43,0.00,0.00,0.00,770101,OBR#S#1768588800
2026.01.16 22:30:02,573,643,0,0,0.10,4587.48,0.00,0.00,0.00,770101,OBR#L#1768594200
2026.01.16 22:31:18,574,643,1,1,0.10,4581.75,-57.30,0.00,0.00,770101,sl 4581.82
2026.01.16 23:17:18,575,644,1,0,0.11,4590.78,0.00,0.00,0.00,770101,OBR#S#1768596000
2026.01.16 23:18:37,576,644,0,1,0.11,4596.26,-60.28,0.00,0.00,770101,sl 4596.14
2026.01.19 01:01:00,577,642,0,1,0.06,4636.53,-276.60,0.00,2.06,770101,sl 4599.14
2026.01.19 02:22:07,578,648,1,0,0.04,4670.33,0.00,0.00,0.00,770101,OBR#S#1768785900
2026.01.19 04:15:16,579,649,0,0,0.10,4658.13,0.00,0.00,0.00,770101,OBR#L#1768785000
2026.01.19 05:13:43,580,649,1,1,0.10,4669.52,113.90,0.00,0.00,770101,tp 4669.50
2026.01.19 05:47:36,581,650,0,0,0.08,4660.08,0.00,0.00,0.00,770101,OBR#L#1768795200
2026.01.19 07:33:24,582,650,1,1,0.08,4674.25,113.36,0.00,0.00,770101,tp 4674.12
2026.01.19 08:40:34,583,653,0,0,0.05,4673.33,0.00,0.00,0.00,770101,OBR#L#1768805700
2026.01.19 09:00:18,584,654,0,0,0.08,4676.45,0.00,0.00,0.00,770101,OBR#L#1768811100
2026.01.19 09:12:08,585,654,1,1,0.08,4669.31,-57.12,0.00,0.00,770101,sl 4669.32
2026.01.19 09:46:11,586,653,1,1,0.05,4663.10,-51.15,0.00,0.00,770101,sl 4663.13
2026.01.19 10:17:48,587,657,0,0,0.12,4668.35,0.00,0.00,0.00,770101,OBR#L#1768814100
2026.01.19 10:54:51,588,657,1,1,0.12,4663.78,-54.84,0.00,0.00,770101,sl 4663.81
2026.01.19 13:07:43,589,660,1,0,0.06,4664.67,0.00,0.00,0.00,770101,OBR#S#1768821300
2026.01.19 13:26:01,590,661,1,0,0.20,4663.98,0.00,0.00,0.00,770101,OBR#S#1768827000
2026.01.19 13:29:25,591,661,0,1,0.20,4666.88,-58.00,0.00,0.00,770101,sl 4666.74
2026.01.19 14:31:35,592,660,0,1,0.06,4672.98,-49.86,0.00,0.00,770101,sl 4672.85
2026.01.19 16:36:32,593,664,0,0,0.07,4666.82,0.00,0.00,0.00,770101,OBR#L#1768830900
2026.01.20 01:01:00,594,665,1,0,0.10,4675.18,0.00,0.00,0.00,770101,OBR#S#1768854000
2026.01.20 02:02:58,595,665,0,1,0.10,4664.50,106.80,0.00,0.00,770101,tp 4664.51
2026.01.20 02:29:59,596,664,1,1,0.07,4659.58,-50.68,0.00,-5.56,770101,sl 4659.61
2026.01.20 06:24:43,597,648,0,1,0.04,4684.33,-56.00,0.00,1.38,770101,sl 4684.09
2026.01.20 10:29:36,598,669,0,0,0.08,4718.82,0.00,0.00,0.00,770101,OBR#L#1768899900
2026.01.20 10:59:12,599,669,1,1,0.08,4731.60,102.24,0.00,0.00,770101,tp 4731.47
2026.01.20 11:16:34,600,670,0,0,0.07,4722.56,0.00,0.00,0.00,770101,OBR#L#1768902900
2026.01.20 13:04:56,601,672,0,0,0.14,4726.12,0.00,0.00,0.00,770101,OBR#L#1768907700
2026.01.20 13:07:02,602,672,1,1,0.14,4722.27,-53.90,0.00,0.00,770101,sl 4722.27
2026.01.20 14:03:23,603,674,0,0,0.09,4729.46,0.00,0.00,0.00,770101,OBR#L#1768912800
2026.01.20 15:03:51,604,674,1,1,0.09,4723.42,-54.36,0.00,0.00,770101,sl 4723.48
2026.01.20 16:00:31,605,670,1,1,0.07,4738.65,112.63,0.00,0.00,770101,tp 4738.50
2026.01.20 17:30:39,606,678,1,0,0.02,4729.81,0.00,0.00,0.00,770101,OBR#S#1768926300
2026.01.20 17:55:01,607,679,0,0,0.03,4736.10,0.00,0.00,0.00,770101,OBR#L#1768923300
2026.01.20 18:22:12,608,680,0,0,0.03,4740.13,0.00,0.00,0.00,770101,OBR#L#1768930500
2026.01.20 18:53:33,609,678,0,1,0.02,4751.29,-42.96,0.00,0.00,770101,sl 4750.93
2026.01.20 21:50:49,610,682,0,0,0.15,4761.09,0.00,0.00,0.00,770101,OBR#L#1768943100
2026.01.20 22:05:43,611,682,1,1,0.15,4757.29,-57.00,0.00,0.00,770101,sl 4757.40
2026.01.20 22:55:23,612,684,1,0,0.07,4756.49,0.00,0.00,0.00,770101,OBR#S#1768945200
2026.01.20 23:49:47,613,684,0,1,0.07,4764.12,-53.41,0.00,0.00,770101,sl 4764.07
2026.01.21 01:44:13,614,679,1,1,0.03,4770.35,102.75,0.00,-2.38,770101,tp 4770.31
2026.01.21 01:45:00,615,680,1,1,0.03,4773.82,101.07,0.00,-2.38,770101,tp 4773.77
2026.01.21 04:44:19,616,689,0,0,0.03,4831.62,0.00,0.00,0.00,770101,OBR#L#1768966800
2026.01.21 06:11:09,617,691,1,0,0.17,4842.97,0.00,0.00,0.00,770101,OBR#S#1768971900
2026.01.21 06:17:20,618,691,0,1,0.17,4846.28,-56.27,0.00,0.00,770101,sl 4846.28
2026.01.21 06:43:28,619,689,1,1,0.03,4864.96,100.02,0.00,0.00,770101,tp 4864.91
2026.01.21 07:40:05,620,694,0,0,0.04,4873.46,0.00,0.00,0.00,770101,OBR#L#1768978800
2026.01.21 08:20:25,621,695,0,0,0.07,4871.36,0.00,0.00,0.00,770101,OBR#L#1768980300
2026.01.21 08:27:33,622,695,1,1,0.07,4887.47,112.77,0.00,0.00,770101,tp 4887.25
2026.01.21 08:43:21,623,694,1,1,0.04,4859.40,-56.24,0.00,0.00,770101,sl 4859.47
2026.01.21 09:35:59,624,698,0,0,0.03,4845.65,0.00,0.00,0.00,770101,OBR#L#1768972800
2026.01.21 10:32:51,625,699,0,0,0.05,4863.86,0.00,0.00,0.00,770101,OBR#L#1768989300
2026.01.21 10:58:03,626,699,1,1,0.05,4853.71,-50.75,0.00,0.00,770101,sl 4853.90
2026.01.21 12:00:32,627,701,1,0,0.04,4862.41,0.00,0.00,0.00,770101,OBR#S#1768994700
2026.01.21 12:59:58,628,702,0,0,0.15,4862.71,0.00,0.00,0.00,770101,OBR#L#1768996500
2026.01.21 13:20:06,629,702,1,1,0.15,4870.55,117.60,0.00,0.00,770101,tp 4870.41
2026.01.21 14:45:47,630,704,0,0,0.04,4863.52,0.00,0.00,0.00,770101,OBR#L#1768992900
2026.01.21 15:37:55,631,701,0,1,0.04,4877.06,-58.60,0.00,0.00,770101,sl 4876.73
2026.01.21 15:50:39,632,706,0,0,0.04,4870.99,0.00,0.00,0.00,770101,OBR#L#1769007600
2026.01.21 16:04:48,633,706,1,1,0.04,4857.70,-53.16,0.00,0.00,770101,sl 4858.25
2026.01.21 16:05:00,634,704,1,1,0.04,4850.76,-51.04,0.00,0.00,770101,sl 4851.36
2026.01.21 16:10:05,635,709,1,0,0.02,4865.87,0.00,0.00,0.00,770101,OBR#S#1768983900
2026.01.21 17:21:12,636,698,1,1,0.03,4826.82,-56.49,0.00,0.00,770101,sl 4827.15
2026.01.21 17:23:04,637,709,0,1,0.02,4819.15,93.44,0.00,0.00,770101,tp 4820.31
2026.01.21 17:30:03,638,712,1,0,0.01,4833.57,0.00,0.00,0.00,770101,OBR#S#1769013300
2026.01.21 18:00:06,639,713,0,0,0.01,4846.62,0.00,0.00,0.00,770101,OBR#L#1769016000
2026.01.21 19:31:16,640,713,1,1,0.01,4812.21,-34.41,0.00,0.00,770101,sl 4812.86
2026.01.22 01:03:21,641,716,0,0,0.07,4823.65,0.00,0.00,0.00,770101,OBR#L#1769035500
2026.01.22 01:04:35,642,716,1,1,0.07,4816.14,-52.57,0.00,0.00,770101,sl 4816.22
2026.01.22 02:07:27,643,718,1,0,0.04,4786.69,0.00,0.00,0.00,770101,OBR#S#1769045700
2026.01.22 02:15:16,644,719,0,0,0.04,4788.77,0.00,0.00,0.00,770101,OBR#L#1769032800
2026.01.22 03:03:47,645,719,1,1,0.04,4775.10,-54.68,0.00,0.00,770101,sl 4775.10
2026.01.22 03:19:52,646,718,0,1,0.04,4799.81,-52.48,0.00,0.00,770101,sl 4799.10
2026.01.22 03:35:14,647,722,1,0,0.03,4798.07,0.00,0.00,0.00,770101,OBR#S#1769044200
2026.01.22 03:59:57,648,723,0,0,0.02,4798.08,0.00,0.00,0.00,770101,OBR#L#1769050800
2026.01.22 07:51:51,649,722,0,1,0.03,4815.14,-51.21,0.00,0.00,770101,sl 4815.14
2026.01.22 11:20:47,650,726,0,0,0.06,4829.78,0.00,0.00,0.00,770101,OBR#L#1769071800
2026.01.22 11:32:26,651,726,1,1,0.06,4821.12,-51.96,0.00,0.00,770101,sl 4821.30
2026.01.22 12:21:10,652,728,0,0,0.05,4821.69,0.00,0.00,0.00,770101,OBR#L#1769082000
2026.01.22 15:42:49,653,728,1,1,0.05,4812.27,-47.10,0.00,0.00,770101,sl 4813.77
2026.01.22 17:00:02,654,730,0,0,0.02,4833.08,0.00,0.00,0.00,770101,OBR#L#1769096400
2026.01.22 17:26:50,655,723,1,1,0.02,4851.62,107.08,0.00,0.00,770101,tp 4851.62
2026.01.22 17:53:05,656,712,0,1,0.01,4872.47,-38.90,0.00,1.03,770101,sl 4872.37
2026.01.22 18:19:03,657,730,1,1,0.02,4878.66,91.16,0.00,0.00,770101,tp 4878.64
2026.01.23 03:55:14,658,735,0,0,0.02,4957.87,0.00,0.00,0.00,770101,OBR#L#1769131800
2026.01.23 04:30:38,659,736,1,0,0.06,4956.85,0.00,0.00,0.00,770101,OBR#S#1769136900
2026.01.23 05:26:15,660,736,0,1,0.06,4938.33,111.12,0.00,0.00,770101,tp 4938.34
2026.01.23 07:58:46,661,738,0,0,0.10,4960.63,0.00,0.00,0.00,770101,OBR#L#1769152200
2026.01.23 08:10:04,662,738,1,1,0.10,4955.25,-53.80,0.00,0.00,770101,sl 4955.31
2026.01.23 10:20:45,663,735,1,1,0.02,4930.33,-55.08,0.00,0.00,770101,sl 4930.61
2026.01.23 14:18:11,664,741,0,0,0.02,4932.29,0.00,0.00,0.00,770101,OBR#L#1769174100
2026.01.23 15:54:54,665,742,1,0,0.08,4940.80,0.00,0.00,0.00,770101,OBR#S#1769162700
2026.01.23 15:57:08,666,743,0,0,0.03,4935.46,0.00,0.00,0.00,770101,OBR#L#1769176500
2026.01.23 16:12:30,667,742,0,1,0.08,4947.91,-56.88,0.00,0.00,770101,sl 4947.69
2026.01.23 16:15:31,668,745,0,0,0.03,4942.50,0.00,0.00,0.00,770101,OBR#L#1769182500
2026.01.23 18:02:26,669,743,1,1,0.03,4965.08,88.86,0.00,0.00,770101,tp 4964.65
2026.01.23 18:09:49,670,741,1,1,0.02,4973.47,82.36,0.00,0.00,770101,tp 4973.46
2026.01.23 18:09:49,671,745,1,1,0.03,4973.47,92.91,0.00,0.00,770101,tp 4972.90
2026.01.23 21:05:00,672,749,1,0,0.06,4976.34,0.00,0.00,0.00,770101,OBR#S#1769197500
2026.01.23 21:52:59,673,749,0,1,0.06,4985.43,-54.54,0.00,0.00,770101,sl 4985.33
2026.01.23 22:03:13,674,751,0,0,0.10,4978.15,0.00,0.00,0.00,770101,OBR#L#1769202600
2026.01.23 22:08:09,675,751,1,1,0.10,4972.31,-58.40,0.00,0.00,770101,sl 4972.31
2026.01.23 22:08:14,676,750,0,0,0.02,4971.52,0.00,0.00,0.00,770101,OBR#L#1769190600
2026.01.23 23:25:57,677,754,1,0,0.07,4982.32,0.00,0.00,0.00,770101,OBR#S#1769205000
2026.01.26 01:01:00,678,754,0,1,0.07,5011.27,-202.65,0.00,2.41,770101,sl 4989.79
2026.01.26 01:01:41,679,750,1,1,0.02,5013.51,83.98,0.00,-1.59,770101,tp 5011.93
2026.01.26 09:45:28,680,759,1,0,0.02,5091.06,0.00,0.00,0.00,770101,OBR#S#1769417100
2026.01.26 11:39:01,681,760,0,0,0.03,5095.15,0.00,0.00,0.00,770101,OBR#L#1769424600
2026.01.26 11:51:35,682,760,1,1,0.03,5079.99,-45.48,0.00,0.00,770101,sl 5080.03
2026.01.26 15:10:26,683,762,1,0,0.03,5080.79,0.00,0.00,0.00,770101,OBR#S#1769427000
2026.01.26 16:22:58,684,763,1,0,0.06,5076.85,0.00,0.00,0.00,770101,OBR#S#1769439000
2026.01.26 16:37:05,685,763,0,1,0.06,5086.13,-55.68,0.00,0.00,770101,sl 5085.72
2026.01.26 18:03:25,686,762,0,1,0.03,5098.44,-52.95,0.00,0.00,770101,sl 5098.44
2026.01.26 21:02:12,687,759,0,1,0.02,5049.84,82.44,0.00,0.00,770101,tp 5052.20
2026.01.26 22:45:12,688,768,1,0,0.04,5049.24,0.00,0.00,0.00,770101,OBR#S#1769461800
2026.01.26 23:00:22,689,769,0,0,0.04,5053.63,0.00,0.00,0.00,770101,OBR#L#1769465700
2026.01.26 23:11:18,690,769,1,1,0.04,5040.56,-52.28,0.00,0.00,770101,sl 5040.64
2026.01.26 23:21:02,691,768,0,1,0.04,5017.28,127.84,0.00,0.00,770101,tp 5021.47
2026.01.27 02:05:48,692,772,1,0,0.07,5051.49,0.00,0.00,0.00,770101,OBR#S#1769468400
2026.01.27 02:42:27,693,772,0,1,0.07,5035.57,111.44,0.00,0.00,770101,tp 5035.77
2026.01.27 03:05:50,694,774,1,0,0.05,5042.88,0.00,0.00,0.00,770101,OBR#S#1769479800
2026.01.27 03:10:09,695,774,0,1,0.05,5053.64,-53.80,0.00,0.00,770101,sl 5053.10
2026.01.27 04:05:53,696,776,1,0,0.02,5061.03,0.00,0.00,0.00,770101,OBR#S#1769460600
2026.01.27 04:53:09,697,777,0,0,0.02,5073.64,0.00,0.00,0.00,770101,OBR#L#1769486400
2026.01.27 06:55:28,698,778,1,0,0.05,5068.87,0.00,0.00,0.00,770101,OBR#S#1769493300
2026.01.27 07:47:11,699,778,0,1,0.05,5079.30,-52.15,0.00,0.00,770101,sl 5079.29
2026.01.27 07:50:25,700,776,0,1,0.02,5083.22,-44.38,0.00,0.00,770101,sl 5083.22
2026.01.27 09:48:46,701,781,0,0,0.04,5091.13,0.00,0.00,0.00,770101,OBR#L#1769502600
2026.01.27 10:29:04,702,781,1,1,0.04,5078.38,-51.00,0.00,0.00,770101,sl 5078.90
2026.01.27 12:08:05,703,783,0,0,0.07,5092.13,0.00,0.00,0.00,770101,OBR#L#1769512800
2026.01.27 12:30:48,704,783,1,1,0.07,5084.77,-51.52,0.00,0.00,770101,sl 5084.91
2026.01.27 14:49:38,705,785,0,0,0.03,5085.77,0.00,0.00,0.00,770101,OBR#L#1769499300
2026.01.27 16:03:01,706,785,1,1,0.03,5068.51,-51.78,0.00,0.00,770101,sl 5069.27
2026.01.27 16:10:10,707,788,1,0,0.02,5070.78,0.00,0.00,0.00,770101,OBR#S#1769526600
2026.01.27 16:16:36,708,777,1,1,0.02,5049.38,-48.52,0.00,0.00,770101,sl 5049.48
2026.01.27 18:00:02,709,788,0,1,0.02,5091.82,-42.08,0.00,0.00,770101,sl 5091.82
2026.01.27 18:31:22,710,791,0,0,0.03,5093.57,0.00,0.00,0.00,770101,OBR#L#1769535600
2026.01.27 19:43:25,711,791,1,1,0.03,5078.68,-44.67,0.00,0.00,770101,sl 5078.79
2026.01.28 02:37:28,712,793,1,0,0.03,5168.21,0.00,0.00,0.00,770101,OBR#S#1769562000
2026.01.28 03:03:34,713,793,0,1,0.03,5183.58,-46.11,0.00,0.00,770101,sl 5183.52
2026.01.28 03:55:12,714,796,0,0,0.01,5215.16,0.00,0.00,0.00,770101,OBR#L#1769568000
2026.01.28 05:55:21,715,797,0,0,0.05,5237.76,0.00,0.00,0.00,770101,OBR#L#1769576100
2026.01.28 06:35:37,716,798,0,0,0.06,5237.22,0.00,0.00,0.00,770101,OBR#L#1769578500
2026.01.28 07:10:12,717,798,1,1,0.06,5254.21,101.94,0.00,0.00,770101,tp 5254.20
2026.01.28 07:20:31,718,797,1,1,0.05,5258.69,104.65,0.00,0.00,770101,tp 5258.56
2026.01.28 08:25:18,719,801,0,0,0.06,5258.74,0.00,0.00,0.00,770101,OBR#L#1769585400
2026.01.28 09:10:27,720,801,1,1,0.06,5274.91,97.02,0.00,0.00,770101,tp 5274.81
2026.01.28 11:07:11,721,804,0,0,0.02,5290.82,0.00,0.00,0.00,770101,OBR#L#1769592900
2026.01.28 11:18:43,722,804,1,1,0.02,5271.93,-37.78,0.00,0.00,770101,sl 5271.97
2026.01.28 12:05:03,723,806,0,0,0.04,5274.74,0.00,0.00,0.00,770101,OBR#L#1769590800
2026.01.28 13:04:38,724,806,1,1,0.04,5258.39,-65.40,0.00,0.00,770101,sl 5262.85
2026.01.28 13:54:17,725,809,0,0,0.02,5260.57,0.00,0.00,0.00,770101,OBR#L#1769582700
2026.01.28 15:21:32,726,811,1,0,0.03,5279.67,0.00,0.00,0.00,770101,OBR#S#1769598300
2026.01.28 16:06:29,727,811,0,1,0.03,5249.37,90.90,0.00,0.00,770101,tp 5249.40
2026.01.28 16:50:12,728,813,0,0,0.02,5273.06,0.00,0.00,0.00,770101,OBR#L#1769609100
2026.01.28 17:08:08,729,813,1,1,0.02,5250.97,-44.18,0.00,0.00,770101,sl 5251.54
2026.01.28 19:31:40,730,815,0,0,0.05,5297.64,0.00,0.00,0.00,770101,OBR#L#1769626200
2026.01.28 19:39:32,731,815,1,1,0.05,5287.07,-52.85,0.00,0.00,770101,sl 5287.19
2026.01.28 20:20:22,732,796,1,1,0.01,5314.45,99.29,0.00,0.00,770101,tp 5314.23
2026.01.28 20:20:30,733,809,1,1,0.02,5314.90,108.66,0.00,0.00,770101,tp 5314.88
2026.01.29 02:42:55,734,821,0,0,0.02,5494.79,0.00,0.00,0.00,770101,OBR#L#1769649600
2026.01.29 03:04:57,735,821,1,1,0.02,5470.52,-48.54,0.00,0.00,770101,sl 5472.07
2026.01.29 06:30:36,736,823,0,0,0.02,5545.47,0.00,0.00,0.00,770101,OBR#L#1769664900
2026.01.29 07:23:58,737,823,1,1,0.02,5520.05,-50.84,0.00,0.00,770101,sl 5520.13
2026.01.29 08:48:01,738,825,0,0,0.01,5561.68,0.00,0.00,0.00,770101,OBR#L#1769671200
2026.01.29 10:13:03,739,826,1,0,0.01,5539.74,0.00,0.00,0.00,770101,OBR#S#1769677500
2026.01.29 10:39:58,740,825,1,1,0.01,5515.25,-46.43,0.00,0.00,770101,sl 5516.24
2026.01.29 11:58:00,741,828,0,0,0.01,5512.13,0.00,0.00,0.00,770101,OBR#L#1769683200
2026.01.29 12:20:16,742,829,0,0,0.04,5513.41,0.00,0.00,0.00,770101,OBR#L#1769685300
2026.01.29 12:31:05,743,829,1,1,0.04,5501.59,-47.28,0.00,0.00,770101,sl 5501.76
2026.01.29 13:03:56,744,828,1,1,0.01,5475.63,-36.50,0.00,0.00,770101,sl 5475.63
2026.01.29 13:04:07,745,826,0,1,0.01,5471.25,68.49,0.00,0.00,770101,tp 5471.28
2026.01.29 13:07:21,746,833,1,0,0.02,5488.65,0.00,0.00,0.00,770101,OBR#S#1769689200
2026.01.29 13:29:55,747,833,0,1,0.02,5516.00,-54.70,0.00,0.00,770101,sl 5515.49
2026.01.29 14:20:03,748,835,0,0,0.02,5531.71,0.00,0.00,0.00,770101,OBR#L#1769693700
2026.01.29 15:20:10,749,835,1,1,0.02,5509.62,-44.18,0.00,0.00,770101,sl 5509.63
2026.01.29 15:23:08,750,836,1,0,0.02,5521.57,0.00,0.00,0.00,770101,OBR#S#1769697000
2026.01.29 16:27:19,751,836,0,1,0.02,5542.32,-41.50,0.00,0.00,770101,sl 5542.29
2026.01.29 19:11:39,752,839,0,0,0.01,5284.01,0.00,0.00,0.00,770101,OBR#L#1769710500
2026.01.29 19:26:08,753,839,1,1,0.01,5362.42,78.41,0.00,0.00,770101,tp 5361.95
2026.01.29 20:31:40,754,841,1,0,0.01,5339.30,0.00,0.00,0.00,770101,OBR#S#1769715600
2026.01.29 21:07:33,755,842,1,0,0.03,5344.77,0.00,0.00,0.00,770101,OBR#S#1769717400
2026.01.29 21:11:17,756,842,0,1,0.03,5314.30,91.41,0.00,0.00,770101,tp 5314.96
2026.01.29 22:50:01,757,841,0,1,0.01,5375.58,-36.28,0.00,0.00,770101,sl 5375.50
2026.01.30 09:40:01,758,848,1,0,0.01,5152.12,0.00,0.00,0.00,770101,OBR#S#1769761200
2026.01.30 10:35:14,759,848,0,1,0.01,5064.28,87.84,0.00,0.00,770101,tp 5064.52
2026.02.02 01:45:52,760,852,0,0,0.01,4743.66,0.00,0.00,0.00,770101,OBR#L#1769805300
2026.02.02 02:15:40,761,852,1,1,0.01,4848.68,105.02,0.00,0.00,770101,tp 4848.57
2026.02.02 10:52:00,762,855,0,0,0.01,4632.05,0.00,0.00,0.00,770101,OBR#L#1770027000
2026.02.02 11:28:26,763,855,1,1,0.01,4693.69,61.64,0.00,0.00,770101,tp 4693.21
2026.02.02 14:50:29,764,857,0,0,0.01,4784.59,0.00,0.00,0.00,770101,OBR#L#1770039000
2026.02.02 15:00:54,765,857,1,1,0.01,4747.29,-37.30,0.00,0.00,770101,sl 4747.83
2026.02.02 16:20:03,766,859,0,0,0.02,4693.39,0.00,0.00,0.00,770101,OBR#L#1770036000
2026.02.02 16:25:00,767,860,1,0,0.01,4701.77,0.00,0.00,0.00,770101,OBR#S#1770045900
2026.02.02 16:33:06,768,859,1,1,0.02,4737.27,87.76,0.00,0.00,770101,tp 4736.90
2026.02.02 16:34:12,769,860,0,1,0.01,4753.59,-51.82,0.00,0.00,770101,sl 4753.28
2026.02.02 16:55:07,770,863,0,0,0.01,4709.82,0.00,0.00,0.00,770101,OBR#L#1770046800
2026.02.02 17:30:08,771,863,1,1,0.01,4669.44,-40.38,0.00,0.00,770101,sl 4669.61
2026.02.02 18:40:03,772,865,1,0,0.02,4681.15,0.00,0.00,0.00,770101,OBR#S#1770053700
2026.02.02 18:55:04,773,866,1,0,0.01,4668.87,0.00,0.00,0.00,770101,OBR#S#1770056400
2026.02.02 19:08:06,774,865,0,1,0.02,4703.99,-45.68,0.00,0.00,770101,sl 4703.94
2026.02.02 19:09:05,775,866,0,1,0.01,4709.07,-40.20,0.00,0.00,770101,sl 4708.79
2026.02.02 20:10:49,776,869,1,0,0.01,4665.86,0.00,0.00,0.00,770101,OBR#S#1770059100
2026.02.02 20:45:29,777,870,0,0,0.01,4655.56,0.00,0.00,0.00,770101,OBR#L#1770054900
2026.02.02 22:21:49,778,871,0,0,0.01,4660.25,0.00,0.00,0.00,770101,OBR#L#1770063900
2026.02.03 01:08:19,779,869,0,1,0.01,4714.15,-48.29,0.00,0.34,770101,sl 4714.04
2026.02.03 01:18:30,780,870,1,1,0.01,4732.70,77.14,0.00,-0.79,770101,tp 4732.56
2026.02.03 01:18:30,781,871,1,1,0.01,4732.70,72.45,0.00,-0.79,770101,tp 4732.22
2026.02.03 03:50:31,782,875,0,0,0.01,4823.51,0.00,0.00,0.00,770101,OBR#L#1770084300
2026.02.03 04:18:38,783,875,1,1,0.01,4772.93,-50.58,0.00,0.00,770101,sl 4773.14
2026.02.03 05:11:29,784,877,0,0,0.01,4763.90,0.00,0.00,0.00,770101,OBR#L#1770082800
2026.02.03 07:28:59,785,877,1,1,0.01,4833.80,69.90,0.00,0.00,770101,tp 4833.80
2026.02.03 10:06:40,786,880,0,0,0.02,4898.66,0.00,0.00,0.00,770101,OBR#L#1770109200
2026.02.03 13:16:59,787,882,0,0,0.03,4906.04,0.00,0.00,0.00,770101,OBR#L#1770117900
2026.02.03 13:23:37,788,882,1,1,0.03,4890.30,-47.22,0.00,0.00,770101,sl 4890.35
2026.02.03 14:20:31,789,884,0,0,0.02,4910.69,0.00,0.00,0.00,770101,OBR#L#1770124800
2026.02.03 14:40:30,790,885,0,0,0.04,4910.93,0.00,0.00,0.00,770101,OBR#L#1770126600
2026.02.03 15:28:51,791,885,1,1,0.04,4935.38,97.80,0.00,0.00,770101,tp 4935.34
2026.02.03 15:35:30,792,887,0,0,0.02,4930.13,0.00,0.00,0.00,770101,OBR#L#1770130200
2026.02.03 16:17:02,793,887,1,1,0.02,4907.95,-44.36,0.00,0.00,770101,sl 4908.36
2026.02.03 17:30:03,794,889,1,0,0.02,4928.02,0.00,0.00,0.00,770101,OBR#S#1770133500
2026.02.03 18:16:14,795,889,0,1,0.02,4951.51,-46.98,0.00,0.00,770101,sl 4951.09
2026.02.03 18:16:15,796,880,1,1,0.02,4952.58,107.84,0.00,0.00,770101,tp 4952.05
2026.02.03 18:16:46,797,884,1,1,0.02,4965.63,109.88,0.00,0.00,770101,tp 4965.42
2026.02.03 19:27:21,798,893,0,0,0.02,4951.51,0.00,0.00,0.00,770101,OBR#L#1770141900
2026.02.03 19:42:08,799,893,1,1,0.02,4929.36,-44.30,0.00,0.00,770101,sl 4929.71
2026.02.03 21:29:21,800,895,1,0,0.01,4931.11,0.00,0.00,0.00,770101,OBR#S#1770147000
2026.02.03 22:27:28,801,896,1,0,0.03,4938.55,0.00,0.00,0.00,770101,OBR#S#1770149400
2026.02.03 22:34:38,802,896,0,1,0.03,4954.20,-46.95,0.00,0.00,770101,sl 4954.07
2026.02.04 01:01:00,803,895,0,1,0.01,4966.05,-34.94,0.00,0.34,770101,sl 4964.86
2026.02.04 01:15:06,804,899,1,0,0.02,4936.58,0.00,0.00,0.00,770101,OBR#S#1770161400
2026.02.04 02:03:14,805,899,0,1,0.02,4958.27,-43.38,0.00,0.00,770101,sl 4958.25
2026.02.04 05:04:55,806,901,1,0,0.03,5048.89,0.00,0.00,0.00,770101,OBR#S#1770179100
2026.02.04 05:35:05,807,901,0,1,0.03,5063.32,-43.29,0.00,0.00,770101,sl 5063.04
2026.02.04 09:21:20,808,904,1,0,0.04,5070.90,0.00,0.00,0.00,770101,OBR#S#1770192000
2026.02.04 09:25:10,809,904,0,1,0.04,5083.13,-48.92,0.00,0.00,770101,sl 5082.84
2026.02.04 10:04:28,810,906,0,0,0.03,5078.25,0.00,0.00,0.00,770101,OBR#L#1770196200
2026.02.04 11:16:04,811,906,1,1,0.03,5062.98,-45.81,0.00,0.00,770101,sl 5063.03
2026.02.04 14:09:05,812,909,0,0,0.02,5044.83,0.00,0.00,0.00,770101,OBR#L#1770211500
2026.02.04 14:15:02,813,910,1,0,0.07,5046.91,0.00,0.00,0.00,770101,OBR#S#1770210000
2026.02.04 14:32:14,814,910,0,1,0.07,5053.63,-47.04,0.00,0.00,770101,sl 5053.57
2026.02.04 14:47:38,815,912,0,0,0.02,5050.39,0.00,0.00,0.00,770101,OBR#L#1770212400
2026.02.04 15:09:59,816,912,1,1,0.02,5029.91,-40.96,0.00,0.00,770101,sl 5030.03
2026.02.04 16:01:12,817,914,0,0,0.01,5052.13,0.00,0.00,0.00,770101,OBR#L#1770217800
2026.02.04 16:31:31,818,914,1,1,0.01,5023.24,-28.89,0.00,0.00,770101,sl 5023.47
2026.02.04 16:32:21,819,909,1,1,0.02,5019.61,-50.44,0.00,0.00,770101,sl 5019.63
2026.02.04 18:27:06,820,917,1,0,0.01,4914.54,0.00,0.00,0.00,770101,OBR#S#1770227400
2026.02.04 19:04:49,821,918,1,0,0.01,4910.15,0.00,0.00,0.00,770101,OBR#S#1770228600
2026.02.04 20:36:24,822,919,0,0,0.01,4919.80,0.00,0.00,0.00,770101,OBR#L#1770235200
2026.02.04 21:08:35,823,918,0,1,0.01,4940.43,-30.28,0.00,0.00,770101,sl 4940.37
2026.02.04 21:13:09,824,917,0,1,0.01,4946.32,-31.78,0.00,0.00,770101,sl 4946.31
2026.02.04 21:18:21,825,922,0,0,0.01,4937.51,0.00,0.00,0.00,770101,OBR#L#1770236100
2026.02.05 01:15:00,826,922,1,1,0.01,5009.73,72.22,0.00,-2.38,770101,tp 5009.72
2026.02.05 01:16:31,827,919,1,1,0.01,5013.56,93.76,0.00,-2.38,770101,tp 5013.54
2026.02.05 10:25:58,828,926,0,0,0.01,4931.57,0.00,0.00,0.00,770101,OBR#L#1770278400
2026.02.05 11:05:50,829,926,1,1,0.01,4877.39,-54.18,0.00,0.00,770101,sl 4878.19
2026.02.05 15:23:18,830,930,1,0,0.02,4855.15,0.00,0.00,0.00,770101,OBR#S#1770299700
2026.02.05 15:30:00,831,931,0,0,0.01,4851.43,0.00,0.00,0.00,770101,OBR#L#1770300900
2026.02.05 15:50:23,832,932,1,0,0.01,4836.80,0.00,0.00,0.00,770101,OBR#S#1770302700
2026.02.05 16:01:34,833,931,1,1,0.01,4820.05,-31.38,0.00,0.00,770101,sl 4820.14
2026.02.05 16:14:39,834,930,0,1,0.02,4816.16,77.98,0.00,0.00,770101,tp 4816.18
2026.02.05 16:47:50,835,935,0,0,0.01,4849.65,0.00,0.00,0.00,770101,OBR#L#1770307800
2026.02.05 16:51:28,836,932,0,1,0.01,4868.30,-31.50,0.00,0.00,770101,sl 4868.18
2026.02.05 17:34:21,837,935,1,1,0.01,4811.43,-38.22,0.00,0.00,770101,sl 4811.68
2026.02.05 19:10:01,838,938,1,0,0.01,4882.38,0.00,0.00,0.00,770101,OBR#S#1770288900
2026.02.05 21:43:51,839,939,1,0,0.01,4841.40,0.00,0.00,0.00,770101,OBR#S#1770324000
2026.02.05 22:27:49,840,940,1,0,0.02,4824.87,0.00,0.00,0.00,770101,OBR#S#1770327900
2026.02.05 22:38:56,841,938,0,1,0.01,4809.80,72.58,0.00,0.00,770101,tp 4809.89
2026.02.05 23:34:04,842,940,0,1,0.02,4786.57,76.60,0.00,0.00,770101,tp 4786.69
2026.02.05 23:34:26,843,939,0,1,0.01,4771.68,69.72,0.00,0.00,770101,tp 4778.23
2026.02.06 06:35:33,844,945,0,0,0.02,4821.83,0.00,0.00,0.00,770101,OBR#L#1770356400
2026.02.06 07:40:23,845,945,1,1,0.02,4864.20,84.74,0.00,0.00,770101,tp 4863.66
2026.02.06 12:23:23,846,948,0,0,0.02,4856.24,0.00,0.00,0.00,770101,OBR#L#1770372000
2026.02.06 13:05:17,847,949,0,0,0.02,4865.56,0.00,0.00,0.00,770101,OBR#L#1770376200
2026.02.06 15:00:20,848,948,1,1,0.02,4910.87,109.26,0.00,0.00,770101,tp 4910.33
2026.02.06 15:01:36,849,949,1,1,0.02,4919.51,107.90,0.00,0.00,770101,tp 4918.31
2026.02.06 19:36:41,850,953,0,0,0.01,4949.19,0.00,0.00,0.00,770101,OBR#L#1770394800
2026.02.06 21:06:28,851,954,0,0,0.03,4958.49,0.00,0.00,0.00,770101,OBR#L#1770403800
2026.02.06 22:06:06,852,956,1,0,0.06,4958.23,0.00,0.00,0.00,770101,OBR#S#1770410700
2026.02.06 22:33:12,853,954,1,1,0.03,4940.66,-53.49,0.00,0.00,770101,sl 4942.55
2026.02.06 22:36:21,854,956,0,1,0.06,4938.94,115.74,0.00,0.00,770101,tp 4939.51
2026.02.06 22:40:19,855,959,1,0,0.03,4943.61,0.00,0.00,0.00,770101,OBR#S#1770415500
2026.02.06 23:20:58,856,960,1,0,0.11,4950.97,0.00,0.00,0.00,770101,OBR#S#1770416700
2026.02.06 23:31:27,857,960,0,1,0.11,4956.42,-59.95,0.00,0.00,770101,sl 4956.42
2026.02.06 23:37:02,858,959,0,1,0.03,4959.15,-46.62,0.00,0.00,770101,sl 4959.13
2026.02.09 01:33:46,859,953,1,1,0.01,5043.85,94.66,0.00,-0.79,770101,tp 5042.96
2026.02.09 04:47:18,860,964,0,0,0.02,4987.95,0.00,0.00,0.00,770101,OBR#L#1770599100
2026.02.09 07:41:54,861,964,1,1,0.02,5037.31,98.72,0.00,0.00,770101,tp 5037.22
2026.02.09 17:16:22,862,968,0,0,0.01,5025.88,0.00,0.00,0.00,770101,OBR#L#1770642600
2026.02.09 19:26:02,863,969,0,0,0.09,5068.60,0.00,0.00,0.00,770101,OBR#L#1770660600
2026.02.09 19:43:33,864,969,1,1,0.09,5062.26,-57.06,0.00,0.00,770101,sl 5062.45
2026.02.09 23:57:20,865,972,0,0,0.06,5060.42,0.00,0.00,0.00,770101,OBR#L#1770669900
2026.02.10 01:08:56,866,972,1,1,0.06,5049.88,-63.24,0.00,-4.77,770101,sl 5051.39
2026.02.10 01:12:19,867,968,1,1,0.01,4990.06,-35.82,0.00,-0.79,770101,sl 4990.16
2026.02.10 01:43:45,868,975,1,0,0.02,5038.66,0.00,0.00,0.00,770101,OBR#S#1770679200
2026.02.10 03:00:09,869,976,1,0,0.02,5026.75,0.00,0.00,0.00,770101,OBR#S#1770689100
2026.02.10 03:34:27,870,977,1,0,0.03,5024.24,0.00,0.00,0.00,770101,OBR#S#1770690600
2026.02.10 04:06:23,871,977,0,1,0.03,5041.06,-50.46,0.00,0.00,770101,sl 5040.97
2026.02.10 04:09:14,872,976,0,1,0.02,5046.19,-38.88,0.00,0.00,770101,sl 5046.14
2026.02.10 04:51:21,873,980,0,0,0.03,5035.59,0.00,0.00,0.00,770101,OBR#L#1770694500
2026.02.10 05:19:03,874,980,1,1,0.03,5017.23,-55.08,0.00,0.00,770101,sl 5017.74
2026.02.10 11:17:17,875,982,0,0,0.04,5048.47,0.00,0.00,0.00,770101,OBR#L#1770719100
2026.02.10 12:10:38,876,983,0,0,0.06,5047.73,0.00,0.00,0.00,770101,OBR#L#1770720900
2026.02.10 12:15:11,877,983,1,1,0.06,5038.55,-55.08,0.00,0.00,770101,sl 5038.59
2026.02.10 12:21:17,878,985,1,0,0.04,5042.07,0.00,0.00,0.00,770101,OBR#S#1770722400
2026.02.10 12:39:31,879,985,0,1,0.04,5055.75,-54.72,0.00,0.00,770101,sl 5055.74
2026.02.10 13:18:10,880,987,0,0,0.06,5048.85,0.00,0.00,0.00,770101,OBR#L#1770725400
2026.02.10 14:42:42,881,987,1,1,0.06,5039.94,-53.46,0.00,0.00,770101,sl 5040.74
2026.02.10 14:44:29,882,982,1,1,0.04,5034.45,-56.08,0.00,0.00,770101,sl 5034.80
2026.02.10 15:30:01,883,990,1,0,0.07,5039.62,0.00,0.00,0.00,770101,OBR#S#1770734100
2026.02.10 15:30:32,884,990,0,1,0.07,5047.40,-54.46,0.00,0.00,770101,sl 5046.75
2026.02.10 16:16:36,885,975,0,1,0.02,5066.80,-56.28,0.00,0.00,770101,sl 5066.40
2026.02.10 19:49:27,886,994,0,0,0.02,5029.88,0.00,0.00,0.00,770101,OBR#L#1770747900
2026.02.10 20:24:45,887,994,1,1,0.02,5005.49,-48.78,0.00,0.00,770101,sl 5005.55
2026.02.11 02:44:29,888,996,0,0,0.07,5039.82,0.00,0.00,0.00,770101,OBR#L#1770772200
2026.02.11 03:00:03,889,996,1,1,0.07,5032.69,-49.91,0.00,0.00,770101,sl 5033.09
2026.02.11 05:16:55,890,998,0,0,0.05,5045.43,0.00,0.00,0.00,770101,OBR#L#1770780000
2026.02.11 06:25:08,891,999,0,0,0.17,5056.82,0.00,0.00,0.00,770101,OBR#L#1770787800
2026.02.11 06:41:34,892,999,1,1,0.17,5053.71,-52.87,0.00,0.00,770101,sl 5053.77
2026.02.11 07:50:29,893,1001,0,0,0.04,5052.58,0.00,0.00,0.00,770101,OBR#L#1770783900
2026.02.11 09:01:10,894,998,1,1,0.05,5065.50,100.35,0.00,0.00,770101,tp 5065.50
2026.02.11 11:41:08,895,1003,0,0,0.04,5057.52,0.00,0.00,0.00,770101,OBR#L#1770805800
2026.02.11 12:24:38,896,1001,1,1,0.04,5076.00,93.68,0.00,0.00,770101,tp 5075.95
2026.02.11 12:40:52,897,1003,1,1,0.04,5081.76,96.96,0.00,0.00,770101,tp 5081.18
2026.02.11 15:49:37,898,1006,1,0,0.01,5067.49,0.00,0.00,0.00,770101,OBR#S#1770819600
2026.02.11 16:45:43,899,1007,1,0,0.01,5049.05,0.00,0.00,0.00,770101,OBR#S#1770823500
2026.02.11 18:00:00,900,1008,0,0,0.02,5058.94,0.00,0.00,0.00,770101,OBR#L#1770828000
2026.02.11 19:17:21,901,1007,0,1,0.01,5090.58,-41.53,0.00,0.00,770101,sl 5089.92
2026.02.11 19:43:49,902,1006,0,1,0.01,5097.90,-30.41,0.00,0.00,770101,sl 5097.82
2026.02.11 20:58:50,903,1011,0,0,0.04,5080.42,0.00,0.00,0.00,770101,OBR#L#1770836400
2026.02.11 21:48:55,904,1012,1,0,0.09,5088.00,0.00,0.00,0.00,770101,OBR#S#1770839400
2026.02.11 23:32:16,905,1012,0,1,0.09,5075.85,109.35,0.00,0.00,770101,tp 5076.82
2026.02.11 23:53:01,906,1014,1,0,0.05,5084.30,0.00,0.00,0.00,770101,OBR#S#1770844800
2026.02.12 01:01:00,907,1014,0,1,0.05,5097.03,-63.65,0.00,5.16,770101,sl 5094.42
2026.02.12 01:11:26,908,1011,1,1,0.04,5068.64,-47.12,0.00,-9.54,770101,sl 5068.74
2026.02.12 05:00:37,909,1017,0,0,0.05,5063.63,0.00,0.00,0.00,770101,OBR#L#1770867900
2026.02.12 06:01:29,910,1017,1,1,0.05,5052.74,-54.45,0.00,0.00,770101,sl 5054.24
2026.02.12 08:15:01,911,1020,1,0,0.07,5069.50,0.00,0.00,0.00,770101,OBR#S#1770880500
2026.02.12 08:31:38,912,1020,0,1,0.07,5054.03,108.29,0.00,0.00,770101,tp 5054.05
2026.02.12 09:18:54,913,1022,0,0,0.07,5061.13,0.00,0.00,0.00,770101,OBR#L#1770885900
2026.02.12 10:25:22,914,1023,0,0,0.04,5063.80,0.00,0.00,0.00,770101,OBR#L#1770886800
2026.02.12 10:32:55,915,1022,1,1,0.07,5053.46,-53.69,0.00,0.00,770101,sl 5053.91
2026.02.12 10:36:25,916,1025,1,0,0.03,5060.82,0.00,0.00,0.00,770101,OBR#S#1770882900
2026.02.12 11:16:07,917,1025,0,1,0.03,5076.38,-46.68,0.00,0.00,770101,sl 5076.27
2026.02.12 14:52:18,918,1023,1,1,0.04,5051.67,-48.52,0.00,0.00,770101,sl 5051.77
2026.02.12 15:06:51,919,1027,1,0,0.06,5058.58,0.00,0.00,0.00,770101,OBR#S#1770904800
2026.02.12 15:16:18,920,1027,0,1,0.06,5066.82,-49.44,0.00,0.00,770101,sl 5066.79
2026.02.12 18:10:56,921,1008,1,1,0.02,5034.74,-48.40,0.00,-4.77,770101,sl 5035.79
2026.02.12 21:55:37,922,1031,0,0,0.02,4953.42,0.00,0.00,0.00,770101,OBR#L#1770931500
2026.02.12 22:23:58,923,1031,1,1,0.02,4931.24,-44.36,0.00,0.00,770101,sl 4931.28
2026.02.13 01:14:36,924,1033,1,0,0.03,4911.36,0.00,0.00,0.00,770101,OBR#S#1770939000
2026.02.13 01:18:27,925,1033,0,1,0.03,4926.54,-45.54,0.00,0.00,770101,sl 4926.50
2026.02.13 06:28:36,926,1035,0,0,0.04,4985.63,0.00,0.00,0.00,770101,OBR#L#1770961200
2026.02.13 06:49:33,927,1035,1,1,0.04,4974.83,-43.20,0.00,0.00,770101,sl 4974.95
2026.02.13 07:41:44,928,1037,1,0,0.02,4974.69,0.00,0.00,0.00,770101,OBR#S#1770963300
2026.02.13 08:02:46,929,1038,1,0,0.01,4956.33,0.00,0.00,0.00,770101,OBR#S#1770967200
2026.02.13 09:42:33,930,1039,0,0,0.03,4972.69,0.00,0.00,0.00,770101,OBR#L#1770973500
2026.02.13 10:06:14,931,1038,0,1,0.01,4984.12,-27.79,0.00,0.00,770101,sl 4983.86
2026.02.13 10:15:31,932,1041,0,0,0.03,4978.81,0.00,0.00,0.00,770101,OBR#L#1770974400
2026.02.13 11:29:41,933,1041,1,1,0.03,4965.42,-40.17,0.00,0.00,770101,sl 4965.43
2026.02.13 12:48:30,934,1039,1,1,0.03,4958.07,-43.86,0.00,0.00,770101,sl 4958.18
2026.02.13 15:30:22,935,1037,0,1,0.02,4998.88,-48.38,0.00,0.00,770101,sl 4997.31
2026.02.13 15:40:31,936,1045,0,0,0.01,4984.18,0.00,0.00,0.00,770101,OBR#L#1770991500
2026.02.13 17:40:18,937,1046,0,0,0.01,5006.53,0.00,0.00,0.00,770101,OBR#L#1770996300
2026.02.13 21:06:36,938,1045,1,1,0.01,5039.98,55.80,0.00,0.00,770101,tp 5039.56
2026.02.16 02:48:59,939,1048,1,0,0.08,5015.51,0.00,0.00,0.00,770101,OBR#S#1771206900
2026.02.16 02:52:15,940,1048,0,1,0.08,5022.86,-58.80,0.00,0.00,770101,sl 5021.37
2026.02.16 04:16:45,941,1050,1,0,0.07,5024.61,0.00,0.00,0.00,770101,OBR#S#1771205400
2026.02.16 04:35:49,942,1050,0,1,0.07,5011.57,91.28,0.00,0.00,770101,tp 5011.63
2026.02.16 10:14:16,943,1053,0,0,0.08,4996.60,0.00,0.00,0.00,770101,OBR#L#1771230600
2026.02.16 10:58:25,944,1053,1,1,0.08,5009.59,103.92,0.00,0.00,770101,tp 5009.48
2026.02.16 18:47:09,945,1056,0,0,0.04,4985.90,0.00,0.00,0.00,770101,OBR#L#1771261800
2026.02.16 20:30:05,946,1057,0,0,0.09,4992.52,0.00,0.00,0.00,770101,OBR#L#1771268100
2026.02.17 01:12:18,947,1057,1,1,0.09,4986.86,-50.94,0.00,-7.15,770101,sl 4987.24
2026.02.17 01:49:02,948,1059,1,0,0.09,4993.06,0.00,0.00,0.00,770101,OBR#S#1771290000
2026.02.17 02:06:44,949,1059,0,1,0.09,4981.73,101.97,0.00,0.00,770101,tp 4981.87
2026.02.17 02:25:06,950,1056,1,1,0.04,4974.27,-46.52,0.00,-3.18,770101,sl 4975.02
2026.02.17 02:52:16,951,1046,1,1,0.01,4957.56,-48.97,0.00,-1.58,770101,sl 4964.04
2026.02.17 04:06:26,952,1065,0,0,0.01,4954.94,0.00,0.00,0.00,770101,OBR#L#1771297200
2026.02.17 05:59:30,953,1066,0,0,0.04,4956.56,0.00,0.00,0.00,770101,OBR#L#1771298100
2026.02.17 07:06:52,954,1066,1,1,0.04,4944.90,-46.64,0.00,0.00,770101,sl 4945.14
2026.02.17 07:15:38,955,1065,1,1,0.01,4918.22,-36.72,0.00,0.00,770101,sl 4922.82
2026.02.17 08:47:40,956,1069,0,0,0.03,4901.20,0.00,0.00,0.00,770101,OBR#L#1771315800
2026.02.17 12:00:00,957,1070,0,0,0.05,4925.75,0.00,0.00,0.00,770101,OBR#L#1771324800
2026.02.17 12:11:28,958,1069,1,1,0.03,4934.40,99.60,0.00,0.00,770101,tp 4934.39
2026.02.17 12:49:11,959,1070,1,1,0.05,4916.23,-47.60,0.00,0.00,770101,sl 4916.45
2026.02.17 15:50:45,960,1074,0,0,0.04,4916.42,0.00,0.00,0.00,770101,OBR#L#1771332600
2026.02.17 15:56:24,961,1074,1,1,0.04,4904.94,-45.92,0.00,0.00,770101,sl 4907.52
2026.02.17 18:31:03,962,1076,0,0,0.02,4876.67,0.00,0.00,0.00,770101,OBR#L#1771349400
2026.02.17 19:11:01,963,1076,1,1,0.02,4850.72,-51.90,0.00,0.00,770101,sl 4852.84
2026.02.17 21:12:01,964,1078,0,0,0.03,4893.67,0.00,0.00,0.00,770101,OBR#L#1771360200
2026.02.17 21:31:05,965,1078,1,1,0.03,4879.75,-41.76,0.00,0.00,770101,sl 4879.79
2026.02.17 21:37:16,966,1080,1,0,0.02,4884.20,0.00,0.00,0.00,770101,OBR#S#1771345500
2026.02.17 22:10:54,967,1081,1,0,0.03,4879.24,0.00,0.00,0.00,770101,OBR#S#1771363200
2026.02.18 04:04:44,968,1081,0,1,0.03,4894.44,-45.60,0.00,1.03,770101,sl 4894.44
2026.02.18 04:09:28,969,1080,0,1,0.02,4900.99,-33.58,0.00,0.69,770101,sl 4900.98
2026.02.18 08:32:19,970,1084,0,0,0.08,4929.62,0.00,0.00,0.00,770101,OBR#L#1771395300
2026.02.18 08:59:48,971,1085,0,0,0.09,4930.88,0.00,0.00,0.00,770101,OBR#L#1771402200
2026.02.18 09:14:34,972,1084,1,1,0.08,4941.97,98.80,0.00,0.00,770101,tp 4941.39
2026.02.18 09:14:34,973,1085,1,1,0.09,4941.97,99.81,0.00,0.00,770101,tp 4941.13
2026.02.18 09:19:29,974,1088,0,0,0.06,4935.34,0.00,0.00,0.00,770101,OBR#L#1771403400
2026.02.18 09:40:16,975,1089,0,0,0.08,4936.65,0.00,0.00,0.00,770101,OBR#L#1771404900
2026.02.18 09:52:06,976,1089,1,1,0.08,4930.55,-48.80,0.00,0.00,770101,sl 4930.56
2026.02.18 10:09:14,977,1088,1,1,0.06,4926.81,-51.18,0.00,0.00,770101,sl 4926.82
2026.02.18 11:32:52,978,1092,0,0,0.05,4920.04,0.00,0.00,0.00,770101,OBR#L#1771391400
2026.02.18 11:50:24,979,1093,0,0,0.08,4918.15,0.00,0.00,0.00,770101,OBR#L#1771413300
2026.02.18 12:38:07,980,1093,1,1,0.08,4912.09,-48.48,0.00,0.00,770101,sl 4912.91
2026.02.18 12:38:08,981,1092,1,1,0.05,4911.26,-43.90,0.00,0.00,770101,sl 4911.43
2026.02.18 13:20:36,982,1096,1,0,0.08,4917.52,0.00,0.00,0.00,770101,OBR#S#1771413600
2026.02.18 14:07:11,983,1096,0,1,0.08,4923.25,-45.84,0.00,0.00,770101,sl 4923.06
2026.02.18 19:01:35,984,1098,0,0,0.05,4999.43,0.00,0.00,0.00,770101,OBR#L#1771433700
2026.02.18 20:25:17,985,1098,1,1,0.05,4989.59,-49.20,0.00,0.00,770101,sl 4990.29
2026.02.19 01:25:13,986,1100,1,0,0.12,4982.38,0.00,0.00,0.00,770101,OBR#S#1771455300
2026.02.19 01:30:10,987,1100,0,1,0.12,4986.52,-49.68,0.00,0.00,770101,sl 4986.13
2026.02.19 10:42:59,988,1104,1,0,0.12,5017.68,0.00,0.00,0.00,770101,OBR#S#1771491900
2026.02.19 10:45:49,989,1104,0,1,0.12,5021.90,-50.64,0.00,0.00,770101,sl 5021.50
2026.02.19 11:00:10,990,1106,1,0,0.19,5017.90,0.00,0.00,0.00,770101,OBR#S#1771493400
2026.02.19 11:16:41,991,1106,0,1,0.19,5020.44,-48.26,0.00,0.00,770101,sl 5020.41
2026.02.19 11:51:42,992,1109,0,0,0.09,5002.06,0.00,0.00,0.00,770101,OBR#L#1771489200
2026.02.19 11:56:47,993,1109,1,1,0.09,4997.18,-43.92,0.00,0.00,770101,sl 4997.18
2026.02.19 14:45:25,994,1111,1,0,0.06,4987.40,0.00,0.00,0.00,770101,OBR#S#1771506300
2026.02.19 15:39:30,995,1111,0,1,0.06,4994.79,-44.34,0.00,0.00,770101,sl 4994.74
2026.02.19 21:38:45,996,1114,0,0,0.02,4983.75,0.00,0.00,0.00,770101,OBR#L#1771518600
2026.02.20 01:13:17,997,1116,0,0,0.04,4999.49,0.00,0.00,0.00,770101,OBR#L#1771539000
2026.02.20 01:56:05,998,1116,1,1,0.04,4989.72,-39.08,0.00,0.00,770101,sl 4989.88
2026.02.20 05:18:59,999,1118,1,0,0.05,4998.02,0.00,0.00,0.00,770101,OBR#S#1771560000
2026.02.20 07:03:58,1000,1118,0,1,0.05,5005.97,-39.75,0.00,0.00,770101,sl 5005.95
2026.02.20 08:25:32,1001,1114,1,1,0.02,5028.17,88.84,0.00,-1.59,770101,tp 5023.79
2026.02.20 12:42:43,1002,1123,0,0,0.03,5033.29,0.00,0.00,0.00,770101,OBR#L#1771584000
2026.02.20 13:47:50,1003,1123,1,1,0.03,5021.50,-35.37,0.00,0.00,770101,sl 5021.52
2026.02.20 16:03:20,1004,1126,0,0,0.01,5040.69,0.00,0.00,0.00,770101,OBR#L#1771597500
2026.02.20 17:06:14,1005,1126,1,1,0.01,5010.47,-30.22,0.00,0.00,770101,sl 5011.58
2026.02.20 17:50:43,1006,1128,0,0,0.01,5044.62,0.00,0.00,0.00,770101,OBR#L#1771601400
2026.02.20 20:26:55,1007,1129,0,0,0.03,5061.79,0.00,0.00,0.00,770101,OBR#L#1771611300
2026.02.20 22:55:34,1008,1129,1,1,0.03,5088.90,81.33,0.00,0.00,770101,tp 5088.77
2026.02.20 22:59:01,1009,1128,1,1,0.01,5097.90,53.28,0.00,0.00,770101,tp 5097.85
2026.02.23 02:12:13,1010,1132,0,0,0.01,5134.89,0.00,0.00,0.00,770101,OBR#L#1771630800
2026.02.23 03:00:09,1011,1133,0,0,0.04,5142.15,0.00,0.00,0.00,770101,OBR#L#1771812900
2026.02.23 03:42:01,1012,1133,1,1,0.04,5164.69,90.16,0.00,0.00,770101,tp 5164.22
2026.02.23 05:09:32,1013,1135,0,0,0.06,5163.59,0.00,0.00,0.00,770101,OBR#L#1771818600
2026.02.23 05:12:28,1014,1135,1,1,0.06,5155.88,-46.26,0.00,0.00,770101,sl 5156.33
2026.02.23 10:32:48,1015,1137,1,0,0.02,5130.96,0.00,0.00,0.00,770101,OBR#S#1771837500
2026.02.23 12:24:51,1016,1137,0,1,0.02,5154.45,-46.98,0.00,0.00,770101,sl 5154.43
2026.02.23 12:30:50,1017,1139,0,0,0.08,5150.74,0.00,0.00,0.00,770101,OBR#L#1771847400
2026.02.23 12:35:17,1018,1139,1,1,0.08,5145.26,-43.84,0.00,0.00,770101,sl 5145.36
2026.02.23 13:06:29,1019,1141,0,0,0.03,5159.81,0.00,0.00,0.00,770101,OBR#L#1771848300
2026.02.23 14:28:48,1020,1141,1,1,0.03,5146.12,-41.07,0.00,0.00,770101,sl 5146.39
2026.02.23 18:17:44,1021,1132,1,1,0.01,5209.73,74.84,0.00,0.00,770101,tp 5209.73
2026.02.23 19:59:43,1022,1144,1,0,0.05,5208.02,0.00,0.00,0.00,770101,OBR#S#1771870800
2026.02.23 20:25:29,1023,1145,0,0,0.01,5204.08,0.00,0.00,0.00,770101,OBR#L#1771869600
2026.02.23 21:44:58,1024,1144,0,1,0.05,5217.52,-47.50,0.00,0.00,770101,sl 5217.23
2026.02.24 01:29:00,1025,1148,0,0,0.05,5234.60,0.00,0.00,0.00,770101,OBR#L#1771886400
2026.02.24 02:01:34,1026,1148,1,1,0.05,5223.71,-54.45,0.00,0.00,770101,sl 5227.36
2026.02.24 03:15:17,1027,1145,1,1,0.01,5172.52,-31.56,0.00,-0.79,770101,sl 5175.81
2026.02.24 10:57:52,1028,1155,1,0,0.07,5175.30,0.00,0.00,0.00,770101,OBR#S#1771926600
2026.02.24 12:02:55,1029,1156,1,0,0.06,5174.89,0.00,0.00,0.00,770101,OBR#S#1771929000
2026.02.24 12:23:05,1030,1155,0,1,0.07,5181.47,-43.19,0.00,0.00,770101,sl 5181.27
2026.02.24 12:23:05,1031,1156,0,1,0.06,5181.47,-39.48,0.00,0.00,770101,sl 5181.45
2026.02.24 14:29:25,1032,1159,1,0,0.02,5162.18,0.00,0.00,0.00,770101,OBR#S#1771940400
2026.02.24 15:48:05,1033,1159,0,1,0.02,5129.25,65.86,0.00,0.00,770101,tp 5130.20
2026.02.24 18:37:42,1034,1163,1,0,0.06,5144.49,0.00,0.00,0.00,770101,OBR#S#1771955700
2026.02.24 18:55:10,1035,1164,1,0,0.03,5138.93,0.00,0.00,0.00,770101,OBR#S#1771956900
2026.02.24 19:05:30,1036,1164,0,1,0.03,5150.88,-35.85,0.00,0.00,770101,sl 5150.84
2026.02.24 19:05:46,1037,1163,0,1,0.06,5151.48,-41.94,0.00,0.00,770101,sl 5151.46
2026.02.24 23:23:59,1038,1168,0,0,0.05,5154.90,0.00,0.00,0.00,770101,OBR#L#1771968000
2026.02.24 23:37:42,1039,1168,1,1,0.05,5146.43,-42.35,0.00,0.00,770101,sl 5146.43
2026.02.25 02:07:22,1040,1170,0,0,0.02,5137.32,0.00,0.00,0.00,770101,OBR#L#1771952400
2026.02.25 03:15:01,1041,1170,1,1,0.02,5176.92,79.20,0.00,0.00,770101,tp 5176.83
2026.02.25 05:00:09,1042,1173,1,0,0.05,5182.94,0.00,0.00,0.00,770101,OBR#S#1771993500
2026.02.25 07:06:27,1043,1173,0,1,0.05,5190.72,-38.90,0.00,0.00,770101,sl 5190.55
2026.02.25 11:45:16,1044,1175,0,0,0.06,5190.71,0.00,0.00,0.00,770101,OBR#L#1772017800
2026.02.25 12:14:04,1045,1175,1,1,0.06,5183.43,-43.68,0.00,0.00,770101,sl 5183.45
2026.02.25 13:30:17,1046,1178,1,0,0.04,5170.10,0.00,0.00,0.00,770101,OBR#S#1772022900
2026.02.25 13:57:56,1047,1178,0,1,0.04,5179.22,-36.48,0.00,0.00,770101,sl 5179.17
2026.02.25 15:41:59,1048,1180,0,0,0.06,5184.74,0.00,0.00,0.00,770101,OBR#L#1772028000
2026.02.25 16:25:24,1049,1180,1,1,0.06,5178.03,-40.26,0.00,0.00,770101,sl 5178.17
2026.02.25 17:27:41,1050,1182,0,0,0.01,5179.88,0.00,0.00,0.00,770101,OBR#L#1772025300
2026.02.25 21:14:47,1051,1185,1,0,0.06,5206.91,0.00,0.00,0.00,770101,OBR#S#1772048100
2026.02.25 22:15:14,1052,1185,0,1,0.06,5192.15,88.56,0.00,0.00,770101,tp 5193.48
2026.02.25 22:58:19,1053,1182,1,1,0.01,5154.64,-25.24,0.00,0.00,770101,sl 5155.01
2026.02.26 07:55:06,1054,1188,1,0,0.04,5196.31,0.00,0.00,0.00,770101,OBR#S#1772057100
2026.02.26 10:29:33,1055,1188,0,1,0.04,5176.64,78.68,0.00,0.00,770101,tp 5176.68
2026.02.26 12:29:54,1056,1190,0,0,0.05,5179.29,0.00,0.00,0.00,770101,OBR#L#1772102400
2026.02.26 12:45:01,1057,1190,1,1,0.05,5171.48,-39.05,0.00,0.00,770101,sl 5171.60
2026.02.26 15:15:08,1058,1192,1,0,0.03,5174.68,0.00,0.00,0.00,770101,OBR#S#1772116800
2026.02.26 16:30:41,1059,1192,0,1,0.03,5147.44,81.72,0.00,0.00,770101,tp 5148.08
2026.02.26 21:31:45,1060,1194,0,0,0.02,5184.08,0.00,0.00,0.00,770101,OBR#L#1772137800
2026.02.26 22:17:13,1061,1195,0,0,0.04,5193.81,0.00,0.00,0.00,770101,OBR#L#1772141700
2026.02.26 23:10:44,1062,1196,0,0,0.03,5198.49,0.00,0.00,0.00,770101,OBR#L#1772142900
2026.02.26 23:26:26,1063,1196,1,1,0.03,5186.45,-36.12,0.00,0.00,770101,sl 5186.47
2026.02.26 23:53:28,1064,1195,1,1,0.04,5183.54,-41.08,0.00,0.00,770101,sl 5183.54
2026.02.27 05:06:12,1065,1200,0,0,0.06,5181.87,0.00,0.00,0.00,770101,OBR#L#1772162700
2026.02.27 07:12:05,1066,1201,1,0,0.09,5186.56,0.00,0.00,0.00,770101,OBR#S#1772171100
2026.02.27 07:25:35,1067,1201,0,1,0.09,5190.77,-37.89,0.00,0.00,770101,sl 5190.57
2026.02.27 07:30:08,1068,1200,1,1,0.06,5196.64,88.62,0.00,0.00,770101,tp 5196.61
2026.02.27 13:05:58,1069,1204,0,0,0.06,5175.43,0.00,0.00,0.00,770101,OBR#L#1772194200
2026.02.27 13:21:13,1070,1205,1,0,0.06,5174.90,0.00,0.00,0.00,770101,OBR#S#1772192400
2026.02.27 13:50:50,1071,1205,0,1,0.06,5181.79,-41.34,0.00,0.00,770101,sl 5181.77
2026.02.27 14:06:41,1072,1204,1,1,0.06,5189.12,82.14,0.00,0.00,770101,tp 5189.12
2026.02.27 15:20:45,1073,1194,1,1,0.02,5220.93,73.70,0.00,-1.59,770101,tp 5220.91
2026.02.27 23:31:50,1074,1212,0,0,0.07,5261.07,0.00,0.00,0.00,770101,OBR#L#1772231700
2026.02.27 23:40:23,1075,1212,1,1,0.07,5274.18,91.77,0.00,0.00,770101,tp 5274.13
2026.03.02 03:36:37,1076,1215,1,0,0.01,5330.72,0.00,0.00,0.00,770101,OBR#S#1772420100
2026.03.02 05:04:15,1077,1215,0,1,0.01,5355.41,-24.69,0.00,0.00,770101,sl 5355.26
2026.03.02 14:05:08,1078,1218,1,0,0.04,5389.89,0.00,0.00,0.00,770101,OBR#S#1772455200
2026.03.02 14:16:17,1079,1219,0,0,0.03,5386.58,0.00,0.00,0.00,770101,OBR#L#1772440800
2026.03.02 15:04:03,1080,1218,0,1,0.04,5401.29,-45.60,0.00,0.00,770101,sl 5400.99
2026.03.02 15:31:33,1081,1219,1,1,0.03,5412.59,78.03,0.00,0.00,770101,tp 5412.44
2026.03.02 15:39:22,1082,1221,0,0,0.02,5397.36,0.00,0.00,0.00,770101,OBR#L#1772459400
2026.03.02 16:04:56,1083,1221,1,1,0.02,5378.24,-38.24,0.00,0.00,770101,sl 5378.39
2026.03.03 03:46:20,1084,1226,0,0,0.01,5361.81,0.00,0.00,0.00,770101,OBR#L#1772503200
2026.03.03 04:00:20,1085,1226,1,1,0.01,5335.40,-26.41,0.00,0.00,770101,sl 5336.88
2026.03.03 04:40:21,1086,1228,0,0,0.01,5355.93,0.00,0.00,0.00,770101,OBR#L#1772502000
2026.03.03 07:48:40,1087,1228,1,1,0.01,5329.95,-25.98,0.00,0.00,770101,sl 5330.39
2026.03.03 09:10:19,1088,1231,0,0,0.01,5312.97,0.00,0.00,0.00,770101,OBR#L#1772525400
2026.03.03 11:01:53,1089,1232,1,0,0.01,5302.55,0.00,0.00,0.00,770101,OBR#S#1772523600
2026.03.03 11:25:14,1090,1231,1,1,0.01,5279.26,-33.71,0.00,0.00,770101,sl 5279.46
2026.03.03 13:07:51,1091,1232,0,1,0.01,5208.96,93.59,0.00,0.00,770101,tp 5214.51
2026.03.03 16:29:17,1092,1235,1,0,0.01,5143.77,0.00,0.00,0.00,770101,OBR#S#1772551800
2026.03.03 16:45:08,1093,1235,0,1,0.01,5059.02,84.75,0.00,0.00,770101,tp 5059.21
2026.03.03 20:00:43,1094,1237,1,0,0.01,5086.03,0.00,0.00,0.00,770101,OBR#S#1772563800
2026.03.03 20:29:13,1095,1237,0,1,0.01,5113.92,-27.89,0.00,0.00,770101,sl 5113.87
2026.03.03 21:53:30,1096,1239,0,0,0.02,5116.92,0.00,0.00,0.00,770101,OBR#L#1772569200
2026.03.03 22:32:01,1097,1240,0,0,0.02,5122.26,0.00,0.00,0.00,770101,OBR#L#1772573400
2026.03.03 22:51:21,1098,1240,1,1,0.02,5100.38,-43.76,0.00,0.00,770101,sl 5100.61
2026.03.03 22:51:39,1099,1239,1,1,0.02,5092.12,-49.60,0.00,0.00,770101,sl 5093.49
2026.03.04 02:53:41,1100,1243,0,0,0.01,5131.67,0.00,0.00,0.00,770101,OBR#L#1772586300
2026.03.04 04:09:53,1101,1243,1,1,0.01,5184.92,53.25,0.00,0.00,770101,tp 5184.86
2026.03.04 08:10:16,1102,1245,1,0,0.02,5143.97,0.00,0.00,0.00,770101,OBR#S#1772608200
2026.03.04 09:01:49,1103,1245,0,1,0.02,5166.60,-45.26,0.00,0.00,770101,sl 5166.52
2026.03.04 10:04:20,1104,1247,0,0,0.01,5158.48,0.00,0.00,0.00,770101,OBR#L#1772591700
2026.03.04 11:27:04,1105,1248,0,0,0.02,5173.33,0.00,0.00,0.00,770101,OBR#L#1772619900
2026.03.04 11:55:30,1106,1249,0,0,0.02,5178.85,0.00,0.00,0.00,770101,OBR#L#1772622600
2026.03.04 14:40:15,1107,1249,1,1,0.02,5162.61,-32.48,0.00,0.00,770101,sl 5162.93
2026.03.04 14:41:45,1108,1248,1,1,0.02,5157.03,-32.60,0.00,0.00,770101,sl 5157.08
2026.03.04 15:56:31,1109,1252,0,0,0.02,5175.23,0.00,0.00,0.00,770101,OBR#L#1772635200
2026.03.04 16:32:10,1110,1253,1,0,0.01,5182.52,0.00,0.00,0.00,770101,OBR#S#1772632800
2026.03.04 16:48:02,1111,1252,1,1,0.02,5154.30,-41.86,0.00,0.00,770101,sl 5156.27
2026.03.04 17:14:27,1112,1253,0,1,0.01,5133.50,49.02,0.00,0.00,770101,tp 5134.90
2026.03.04 18:11:10,1113,1256,0,0,0.02,5146.57,0.00,0.00,0.00,770101,OBR#L#1772644200
2026.03.04 19:23:35,1114,1256,1,1,0.02,5130.87,-31.40,0.00,0.00,770101,sl 5131.22
2026.03.04 19:23:55,1115,1247,1,1,0.01,5122.04,-36.44,0.00,0.00,770101,sl 5122.46
2026.03.04 22:10:06,1116,1259,0,0,0.03,5128.26,0.00,0.00,0.00,770101,OBR#L#1772656500
2026.03.04 22:22:34,1117,1260,1,0,0.03,5131.81,0.00,0.00,0.00,770101,OBR#S#1772653800
2026.03.04 22:42:43,1118,1260,0,1,0.03,5145.84,-42.09,0.00,0.00,770101,sl 5145.72
2026.03.05 01:04:24,1119,1259,1,1,0.03,5154.91,79.95,0.00,-7.15,770101,tp 5154.40
2026.03.05 06:15:17,1120,1265,1,0,0.06,5186.59,0.00,0.00,0.00,770101,OBR#S#1772686800
2026.03.05 06:48:09,1121,1265,0,1,0.06,5171.31,91.68,0.00,0.00,770101,tp 5171.60
2026.03.05 12:21:48,1122,1269,0,0,0.04,5153.44,0.00,0.00,0.00,770101,OBR#L#1772706300
2026.03.05 13:36:33,1123,1270,0,0,0.04,5159.90,0.00,0.00,0.00,770101,OBR#L#1772712000
2026.03.05 14:17:00,1124,1271,0,0,0.05,5165.34,0.00,0.00,0.00,770101,OBR#L#1772717700
2026.03.05 15:00:25,1125,1271,1,1,0.05,5157.16,-40.90,0.00,0.00,770101,sl 5157.20
2026.03.05 15:10:00,1126,1270,1,1,0.04,5148.91,-43.96,0.00,0.00,770101,sl 5149.24
2026.03.05 15:16:57,1127,1269,1,1,0.04,5141.10,-49.36,0.00,0.00,770101,sl 5142.03
2026.03.05 17:15:38,1128,1275,1,0,0.01,5088.03,0.00,0.00,0.00,770101,OBR#S#1772726400
2026.03.05 22:11:39,1129,1276,1,0,0.03,5073.78,0.00,0.00,0.00,770101,OBR#S#1772743200
2026.03.05 22:16:20,1130,1276,0,1,0.03,5085.60,-35.46,0.00,0.00,770101,sl 5085.60
2026.03.05 22:24:15,1131,1278,0,0,0.01,5078.68,0.00,0.00,0.00,770101,OBR#L#1772746500
2026.03.06 01:51:35,1132,1279,0,0,0.03,5095.14,0.00,0.00,0.00,770101,OBR#L#1772759100
2026.03.06 02:00:09,1133,1279,1,1,0.03,5081.73,-40.23,0.00,0.00,770101,sl 5082.46
2026.03.06 03:50:04,1134,1278,1,1,0.01,5125.22,46.54,0.00,-0.79,770101,tp 5125.05
2026.03.06 03:50:50,1135,1275,0,1,0.01,5129.64,-41.61,0.00,0.34,770101,sl 5129.54
2026.03.06 07:29:51,1136,1284,1,0,0.07,5129.94,0.00,0.00,0.00,770101,OBR#S#1772777400
2026.03.06 07:49:25,1137,1284,0,1,0.07,5117.46,87.36,0.00,0.00,770101,tp 5117.49
2026.03.06 15:57:37,1138,1286,0,0,0.02,5080.31,0.00,0.00,0.00,770101,OBR#L#1772805300
2026.03.06 16:30:02,1139,1287,0,0,0.02,5102.46,0.00,0.00,0.00,770101,OBR#L#1772810700
2026.03.06 16:56:27,1140,1286,1,1,0.02,5115.47,70.32,0.00,0.00,770101,tp 5115.44
2026.03.06 17:02:04,1141,1287,1,1,0.02,5147.54,90.16,0.00,0.00,770101,tp 5147.09
2026.03.09 01:05:09,1142,1290,0,0,0.04,5152.91,0.00,0.00,0.00,770101,OBR#L#1772836200
2026.03.09 01:05:09,1143,1290,1,1,0.04,5150.12,-11.16,0.00,0.00,770101,sl 5151.04
2026.03.09 06:35:37,1144,1292,1,0,0.03,5092.43,0.00,0.00,0.00,770101,OBR#S#1773023100
2026.03.09 06:55:48,1145,1293,0,0,0.07,5090.36,0.00,0.00,0.00,770101,OBR#L#1773036600
2026.03.09 08:01:34,1146,1293,1,1,0.07,5084.06,-44.10,0.00,0.00,770101,sl 5084.09
2026.03.09 08:33:29,1147,1292,0,1,0.03,5104.83,-37.20,0.00,0.00,770101,sl 5104.80
2026.03.09 16:34:35,1148,1298,1,0,0.10,5107.13,0.00,0.00,0.00,770101,OBR#S#1773061800
2026.03.09 16:35:51,1149,1298,0,1,0.10,5111.27,-41.40,0.00,0.00,770101,sl 5111.19
2026.03.09 17:03:14,1150,1300,1,0,0.01,5084.62,0.00,0.00,0.00,770101,OBR#S#1773070500
2026.03.09 17:44:11,1151,1300,0,1,0.01,5110.52,-25.90,0.00,0.00,770101,sl 5110.52
2026.03.09 19:00:00,1152,1302,0,0,0.02,5099.61,0.00,0.00,0.00,770101,OBR#L#1773080100
2026.03.09 22:20:00,1153,1302,1,1,0.02,5134.76,70.30,0.00,0.00,770101,tp 5134.76
2026.03.09 22:30:33,1154,1304,0,0,0.02,5133.91,0.00,0.00,0.00,770101,OBR#L#1773092700
2026.03.09 23:13:54,1155,1305,0,0,0.02,5138.24,0.00,0.00,0.00,770101,OBR#L#1773093900
2026.03.10 01:24:32,1156,1305,1,1,0.02,5118.02,-40.44,0.00,-1.59,770101,sl 5118.44
2026.03.10 04:52:51,1157,1304,1,1,0.02,5172.23,76.64,0.00,-1.59,770101,tp 5171.89
2026.03.10 14:50:01,1158,1310,1,0,0.02,5175.10,0.00,0.00,0.00,770101,OBR#S#1773143100
2026.03.10 15:11:00,1159,1311,1,0,0.02,5169.68,0.00,0.00,0.00,770101,OBR#S#1773153300
2026.03.10 15:44:45,1160,1311,0,1,0.02,5185.17,-30.98,0.00,0.00,770101,sl 5185.17
2026.03.10 16:00:51,1161,1310,0,1,0.02,5195.79,-41.38,0.00,0.00,770101,sl 5195.27
2026.03.10 17:15:08,1162,1315,1,0,0.01,5196.82,0.00,0.00,0.00,770101,OBR#S#1773159600
2026.03.10 17:25:22,1163,1316,0,0,0.01,5209.28,0.00,0.00,0.00,770101,OBR#L#1773157800
2026.03.10 18:13:30,1164,1315,0,1,0.01,5223.19,-26.37,0.00,0.00,770101,sl 5223.15
2026.03.10 20:16:07,1165,1319,0,0,0.05,5230.46,0.00,0.00,0.00,770101,OBR#L#1773169800
2026.03.10 21:02:09,1166,1319,1,1,0.05,5222.56,-39.50,0.00,0.00,770101,sl 5222.60
2026.03.10 21:18:40,1167,1316,1,1,0.01,5180.02,-29.26,0.00,0.00,770101,sl 5180.35
2026.03.10 21:35:30,1168,1323,0,0,0.01,5196.58,0.00,0.00,0.00,770101,OBR#L#1773155100
2026.03.10 21:56:38,1169,1324,0,0,0.01,5198.77,0.00,0.00,0.00,770101,OBR#L#1773177300
2026.03.10 22:26:11,1170,1325,0,0,0.03,5202.30,0.00,0.00,0.00,770101,OBR#L#1773178500
2026.03.10 22:32:24,1171,1325,1,1,0.03,5189.85,-37.35,0.00,0.00,770101,sl 5189.88
2026.03.11 06:27:12,1172,1328,0,0,0.04,5207.51,0.00,0.00,0.00,770101,OBR#L#1773205500
2026.03.11 08:30:27,1173,1328,1,1,0.04,5195.41,-48.40,0.00,0.00,770101,sl 5196.84
2026.03.11 08:35:19,1174,1330,1,0,0.05,5200.50,0.00,0.00,0.00,770101,OBR#S#1773214500
2026.03.11 09:13:39,1175,1330,0,1,0.05,5208.52,-40.10,0.00,0.00,770101,sl 5208.52
2026.03.11 09:34:59,1176,1332,0,0,0.02,5202.43,0.00,0.00,0.00,770101,OBR#L#1773198300
2026.03.11 10:37:14,1177,1332,1,1,0.02,5186.72,-31.42,0.00,0.00,770101,sl 5186.79
2026.03.11 10:48:47,1178,1334,1,0,0.04,5194.20,0.00,0.00,0.00,770101,OBR#S#1773221700
2026.03.11 15:36:50,1179,1334,0,1,0.04,5173.99,80.84,0.00,0.00,770101,tp 5174.11
2026.03.11 16:01:07,1180,1323,1,1,0.01,5162.36,-34.22,0.00,-0.79,770101,sl 5162.36
2026.03.11 16:45:47,1181,1324,1,1,0.01,5160.89,-37.88,0.00,-0.79,770101,sl 5160.96
2026.03.11 20:18:03,1182,1338,0,0,0.04,5174.69,0.00,0.00,0.00,770101,OBR#L#1773257100
2026.03.11 20:36:54,1183,1338,1,1,0.04,5164.25,-41.76,0.00,0.00,770101,sl 5164.25
2026.03.11 21:53:31,1184,1340,0,0,0.02,5175.01,0.00,0.00,0.00,770101,OBR#L#1773261300
2026.03.11 22:19:32,1185,1341,1,0,0.07,5175.10,0.00,0.00,0.00,770101,OBR#S#1773259500
2026.03.11 22:53:12,1186,1341,0,1,0.07,5181.11,-42.07,0.00,0.00,770101,sl 5181.11
2026.03.12 01:38:55,1187,1340,1,1,0.02,5158.48,-33.06,0.00,-4.77,770101,sl 5158.49
2026.03.12 15:32:23,1188,1344,1,0,0.05,5174.97,0.00,0.00,0.00,770101,OBR#S#1773324300
2026.03.12 15:50:12,1189,1344,0,1,0.05,5182.43,-37.30,0.00,0.00,770101,sl 5182.31
2026.03.12 15:57:49,1190,1346,0,0,0.03,5181.41,0.00,0.00,0.00,770101,OBR#L#1773311700
2026.03.12 16:22:51,1191,1346,1,1,0.03,5167.60,-41.43,0.00,0.00,770101,sl 5168.18
2026.03.12 17:10:58,1192,1348,0,0,0.07,5155.81,0.00,0.00,0.00,770101,OBR#L#1773306900
2026.03.12 17:24:19,1193,1348,1,1,0.07,5150.20,-39.27,0.00,0.00,770101,sl 5150.40
2026.03.12 23:07:16,1194,1351,1,0,0.04,5090.23,0.00,0.00,0.00,770101,OBR#S#1773352200
2026.03.12 23:30:01,1195,1351,0,1,0.04,5071.49,74.96,0.00,0.00,770101,tp 5071.56
2026.03.13 01:05:01,1196,1352,1,0,0.03,5085.19,0.00,0.00,0.00,770101,OBR#S#1773355500
2026.03.13 01:59:59,1197,1352,0,1,0.03,5095.79,-31.80,0.00,0.00,770101,sl 5095.77
2026.03.13 05:05:37,1198,1355,0,0,0.02,5123.78,0.00,0.00,0.00,770101,OBR#L#1773373200
2026.03.13 06:37:17,1199,1355,1,1,0.02,5106.62,-34.32,0.00,0.00,770101,sl 5106.86
2026.03.13 11:51:17,1200,1358,1,0,0.06,5086.92,0.00,0.00,0.00,770101,OBR#S#1773396300
2026.03.13 12:04:28,1201,1358,0,1,0.06,5093.62,-40.20,0.00,0.00,770101,sl 5093.35
2026.03.13 13:00:01,1202,1360,0,0,0.05,5089.45,0.00,0.00,0.00,770101,OBR#L#1773402600
2026.03.13 13:21:15,1203,1361,0,0,0.04,5091.65,0.00,0.00,0.00,770101,OBR#L#1773405600
2026.03.13 13:33:26,1204,1361,1,1,0.04,5082.50,-36.60,0.00,0.00,770101,sl 5083.21
2026.03.13 13:33:27,1205,1360,1,1,0.05,5081.61,-39.20,0.00,0.00,770101,sl 5081.96
2026.03.13 14:30:59,1206,1364,0,0,0.06,5092.72,0.00,0.00,0.00,770101,OBR#L#1773409200
2026.03.13 14:58:58,1207,1364,1,1,0.06,5105.57,77.10,0.00,0.00,770101,tp 5105.17
2026.03.13 15:15:52,1208,1366,0,0,0.02,5107.28,0.00,0.00,0.00,770101,OBR#L#1773410700
2026.03.13 16:50:19,1209,1367,0,0,0.02,5109.73,0.00,0.00,0.00,770101,OBR#L#1773413100
2026.03.13 17:14:47,1210,1367,1,1,0.02,5092.15,-35.16,0.00,0.00,770101,sl 5092.16
2026.03.13 17:16:56,1211,1366,1,1,0.02,5087.73,-39.10,0.00,0.00,770101,sl 5087.73
2026.03.13 22:05:48,1212,1373,0,0,0.02,5046.25,0.00,0.00,0.00,770101,OBR#L#1773429300
2026.03.13 22:35:27,1213,1373,1,1,0.02,5030.14,-32.22,0.00,0.00,770101,sl 5030.39
2026.03.16 03:01:22,1214,1376,1,0,0.02,5012.17,0.00,0.00,0.00,770101,OBR#S#1773623100
2026.03.16 03:34:58,1215,1376,0,1,0.02,5030.88,-37.42,0.00,0.00,770101,sl 5030.60
2026.03.16 08:50:04,1216,1379,0,0,0.02,5015.88,0.00,0.00,0.00,770101,OBR#L#1773641400
2026.03.16 10:37:15,1217,1379,1,1,0.02,4997.52,-36.72,0.00,0.00,770101,sl 4998.00
2026.03.16 11:33:07,1218,1381,0,0,0.04,4994.94,0.00,0.00,0.00,770101,OBR#L#1773635100
2026.03.16 11:39:47,1219,1381,1,1,0.04,4985.85,-36.36,0.00,0.00,770101,sl 4986.02
2026.03.16 11:48:12,1220,1383,1,0,0.02,4990.46,0.00,0.00,0.00,770101,OBR#S#1773657000
2026.03.16 13:05:43,1221,1384,1,0,0.01,4976.30,0.00,0.00,0.00,770101,OBR#S#1773661800
2026.03.16 13:52:43,1222,1384,0,1,0.01,4997.95,-21.65,0.00,0.00,770101,sl 4997.95
2026.03.16 14:18:38,1223,1383,0,1,0.02,5007.41,-33.90,0.00,0.00,770101,sl 5007.39
2026.03.16 15:51:48,1224,1387,0,0,0.02,5012.39,0.00,0.00,0.00,770101,OBR#L#1773669600
2026.03.16 15:57:58,1225,1388,1,0,0.04,5019.28,0.00,0.00,0.00,770101,OBR#S#1773653700
2026.03.16 16:15:49,1226,1388,0,1,0.04,5026.95,-30.68,0.00,0.00,770101,sl 5026.82
2026.03.16 17:47:44,1227,1387,1,1,0.02,4995.25,-34.28,0.00,0.00,770101,sl 4995.80
2026.03.16 18:45:00,1228,1391,0,0,0.02,4996.61,0.00,0.00,0.00,770101,OBR#L#1773668100
2026.03.16 19:07:47,1229,1392,1,0,0.03,4995.41,0.00,0.00,0.00,770101,OBR#S#1773684900
2026.03.16 19:20:26,1230,1393,0,0,0.04,4992.61,0.00,0.00,0.00,770101,OBR#L#1773685500
2026.03.16 19:26:30,1231,1393,1,1,0.04,4984.66,-31.80,0.00,0.00,770101,sl 4984.68
2026.03.16 19:26:40,1232,1391,1,1,0.02,4980.70,-31.82,0.00,0.00,770101,sl 4980.85
2026.03.16 19:35:16,1233,1392,0,1,0.03,4975.58,59.49,0.00,0.00,770101,tp 4975.91
2026.03.16 19:43:10,1234,1396,1,0,0.02,4987.96,0.00,0.00,0.00,770101,OBR#S#1773686100
2026.03.16 19:46:05,1235,1398,0,0,0.04,4983.41,0.00,0.00,0.00,770101,OBR#L#1773666600
2026.03.16 20:12:47,1236,1398,1,1,0.04,4999.71,65.20,0.00,0.00,770101,tp 4999.67
2026.03.16 20:13:56,1237,1396,0,1,0.02,5002.61,-29.30,0.00,0.00,770101,sl 5002.32
2026.03.16 23:15:24,1238,1402,0,0,0.05,5016.78,0.00,0.00,0.00,770101,OBR#L#1773700800
2026.03.16 23:33:15,1239,1402,1,1,0.05,5009.54,-36.20,0.00,0.00,770101,sl 5009.57
2026.03.17 01:01:00,1240,1404,1,0,0.03,5011.08,0.00,0.00,0.00,770101,OBR#S#1773702300
2026.03.17 01:31:23,1241,1405,1,0,0.02,5002.27,0.00,0.00,0.00,770101,OBR#S#1773703200
2026.03.17 01:56:02,1242,1406,0,0,0.05,5003.62,0.00,0.00,0.00,770101,OBR#L#1773695700
2026.03.17 04:03:46,1243,1406,1,1,0.05,4996.81,-34.05,0.00,0.00,770101,sl 4997.25
2026.03.17 04:36:37,1244,1405,0,1,0.02,5016.65,-28.76,0.00,0.00,770101,sl 5016.54
2026.03.17 04:49:21,1245,1404,0,1,0.03,5020.92,-29.52,0.00,0.00,770101,sl 5020.70
2026.03.17 05:21:00,1246,1410,0,0,0.03,5020.40,0.00,0.00,0.00,770101,OBR#L#1773720900
2026.03.17 06:46:06,1247,1411,0,0,0.05,5027.06,0.00,0.00,0.00,770101,OBR#L#1773724500
2026.03.17 07:44:46,1248,1411,1,1,0.05,5041.33,71.35,0.00,0.00,770101,tp 5040.42
2026.03.17 08:17:14,1249,1410,1,1,0.03,5044.28,71.64,0.00,0.00,770101,tp 5044.28
2026.03.17 14:50:20,1250,1416,0,0,0.03,5009.10,0.00,0.00,0.00,770101,OBR#L#1773755700
2026.03.17 16:17:47,1251,1417,1,0,0.05,5018.35,0.00,0.00,0.00,770101,OBR#S#1773748500
2026.03.17 16:32:52,1252,1417,0,1,0.05,5025.66,-36.55,0.00,0.00,770101,sl 5025.47
2026.03.17 16:41:13,1253,1416,1,1,0.03,5030.12,63.06,0.00,0.00,770101,tp 5029.77
2026.03.17 18:01:20,1254,1420,1,0,0.04,5011.71,0.00,0.00,0.00,770101,OBR#S#1773767400
2026.03.17 18:34:35,1255,1420,0,1,0.04,4993.52,72.76,0.00,0.00,770101,tp 4993.67
2026.03.17 19:18:12,1256,1422,1,0,0.02,5000.48,0.00,0.00,0.00,770101,OBR#S#1773769500
2026.03.17 21:55:38,1257,1423,0,0,0.04,5005.97,0.00,0.00,0.00,770101,OBR#L#1773780000
2026.03.17 22:34:04,1258,1423,1,1,0.04,4997.38,-34.36,0.00,0.00,770101,sl 4997.42
2026.03.18 03:55:32,1259,1425,0,0,0.07,5004.39,0.00,0.00,0.00,770101,OBR#L#1773800700
2026.03.18 04:01:52,1260,1425,1,1,0.07,4999.02,-37.59,0.00,0.00,770101,sl 4999.15
2026.03.18 04:26:01,1261,1427,0,0,0.03,5010.15,0.00,0.00,0.00,770101,OBR#L#1773804900
2026.03.18 04:45:12,1262,1427,1,1,0.03,5000.27,-29.64,0.00,0.00,770101,sl 5000.27
2026.03.18 10:10:00,1263,1430,0,0,0.11,5011.39,0.00,0.00,0.00,770101,OBR#L#1773825900
2026.03.18 10:17:10,1264,1430,1,1,0.11,5008.03,-36.96,0.00,0.00,770101,sl 5008.03
2026.03.18 12:20:10,1265,1434,1,0,0.06,4989.15,0.00,0.00,0.00,770101,OBR#S#1773832200
2026.03.18 12:35:41,1266,1434,0,1,0.06,4994.95,-34.80,0.00,0.00,770101,sl 4994.95
2026.03.18 13:35:38,1267,1422,0,1,0.02,4960.86,79.24,0.00,0.69,770101,tp 4962.97
2026.03.18 17:20:16,1268,1438,0,0,0.01,4872.14,0.00,0.00,0.00,770101,OBR#L#1773851400
2026.03.18 20:30:20,1269,1439,0,0,0.03,4890.75,0.00,0.00,0.00,770101,OBR#L#1773863100
2026.03.18 21:13:15,1270,1440,1,0,0.02,4889.59,0.00,0.00,0.00,770101,OBR#S#1773847500
2026.03.18 21:15:33,1271,1439,1,1,0.03,4880.53,-30.66,0.00,0.00,770101,sl 4880.59
2026.03.18 21:58:17,1272,1440,0,1,0.02,4858.53,62.12,0.00,0.00,770101,tp 4858.58
2026.03.18 22:00:16,1273,1438,1,1,0.01,4849.67,-22.47,0.00,0.00,770101,sl 4850.27
2026.03.18 23:21:04,1274,1445,1,0,0.01,4825.87,0.00,0.00,0.00,770101,OBR#S#1773873000
2026.03.19 01:13:24,1275,1446,0,0,0.03,4820.34,0.00,0.00,0.00,770101,OBR#L#1773876300
2026.03.19 01:21:14,1276,1446,1,1,0.03,4808.86,-34.44,0.00,0.00,770101,sl 4808.87
2026.03.19 04:37:03,1277,1445,0,1,0.01,4857.09,-31.22,0.00,1.03,770101,sl 4857.08
2026.03.19 05:06:26,1278,1448,0,0,0.02,4842.90,0.00,0.00,0.00,770101,OBR#L#1773888600
2026.03.19 07:25:08,1279,1451,1,0,0.04,4852.99,0.00,0.00,0.00,770101,OBR#S#1773901500
2026.03.19 08:38:24,1280,1451,0,1,0.04,4837.44,62.20,0.00,0.00,770101,tp 4837.56
2026.03.19 08:45:26,1281,1448,1,1,0.02,4829.81,-26.18,0.00,0.00,770101,sl 4830.00
2026.03.19 10:54:08,1282,1454,1,0,0.01,4752.70,0.00,0.00,0.00,770101,OBR#S#1773914700
2026.03.19 11:42:26,1283,1454,0,1,0.01,4691.66,61.04,0.00,0.00,770101,tp 4691.82
2026.03.19 12:23:02,1284,1455,1,0,0.02,4722.13,0.00,0.00,0.00,770101,OBR#S#1773918000
2026.03.19 13:20:25,1285,1455,0,1,0.02,4682.27,79.72,0.00,0.00,770101,tp 4685.22
2026.03.19 16:25:04,1286,1460,0,0,0.01,4560.24,0.00,0.00,0.00,770101,OBR#L#1773935100
2026.03.19 16:58:16,1287,1460,1,1,0.01,4619.00,58.76,0.00,0.00,770101,tp 4618.70
2026.03.19 19:40:59,1288,1462,1,0,0.01,4602.62,0.00,0.00,0.00,770101,OBR#S#1773947100
2026.03.19 20:52:46,1289,1462,0,1,0.01,4627.28,-24.66,0.00,0.00,770101,sl 4626.54
2026.03.19 21:50:56,1290,1465,0,0,0.08,4607.12,0.00,0.00,0.00,770101,OBR#L#1773952800
2026.03.19 21:58:40,1291,1465,1,1,0.08,4616.63,76.08,0.00,0.00,770101,tp 4616.57
2026.03.20 02:58:46,1292,1468,0,0,0.04,4643.05,0.00,0.00,0.00,770101,OBR#L#1773960300
2026.03.20 03:14:13,1293,1468,1,1,0.04,4662.03,75.92,0.00,0.00,770101,tp 4661.55
2026.03.20 03:30:07,1294,1470,1,0,0.01,4650.78,0.00,0.00,0.00,770101,OBR#S#1773969900
2026.03.20 03:55:33,1295,1471,0,0,0.03,4653.01,0.00,0.00,0.00,770101,OBR#L#1773975300
2026.03.20 04:00:17,1296,1471,1,1,0.03,4641.34,-35.01,0.00,0.00,770101,sl 4641.59
2026.03.20 04:05:02,1297,1470,0,1,0.01,4670.70,-19.92,0.00,0.00,770101,sl 4670.63
2026.03.20 04:10:34,1298,1474,0,0,0.01,4664.70,0.00,0.00,0.00,770101,OBR#L#1773977400
2026.03.20 05:05:03,1299,1476,0,0,0.01,4671.66,0.00,0.00,0.00,770101,OBR#L#1773974400
2026.03.20 06:02:24,1300,1477,0,0,0.01,4694.19,0.00,0.00,0.00,770101,OBR#L#1773982800
2026.03.20 06:05:31,1301,1474,1,1,0.01,4709.25,44.55,0.00,0.00,770101,tp 4709.14
2026.03.20 07:53:28,1302,1479,1,0,0.04,4720.23,0.00,0.00,0.00,770101,OBR#S#1773989700
2026.03.20 08:33:22,1303,1479,0,1,0.04,4703.62,66.44,0.00,0.00,770101,tp 4703.65
2026.03.20 08:40:24,1304,1481,1,0,0.04,4714.40,0.00,0.00,0.00,770101,OBR#S#1773993000
2026.03.20 08:53:22,1305,1481,0,1,0.04,4697.24,68.64,0.00,0.00,770101,tp 4697.27
2026.03.20 09:38:18,1306,1477,1,1,0.01,4672.09,-22.10,0.00,0.00,770101,sl 4672.33
2026.03.20 14:03:11,1307,1484,1,0,0.01,4657.18,0.00,0.00,0.00,770101,OBR#S#1774010100
2026.03.20 14:56:17,1308,1485,1,0,0.11,4666.01,0.00,0.00,0.00,770101,OBR#S#1774013700
2026.03.20 14:57:53,1309,1485,0,1,0.11,4669.67,-40.26,0.00,0.00,770101,sl 4669.58
2026.03.20 15:07:06,1310,1484,0,1,0.01,4684.11,-26.93,0.00,0.00,770101,sl 4683.76
2026.03.20 15:51:23,1311,1488,1,0,0.02,4677.96,0.00,0.00,0.00,770101,OBR#S#1774009500
2026.03.20 16:04:43,1312,1489,0,0,0.03,4670.75,0.00,0.00,0.00,770101,OBR#L#1774018200
2026.03.20 16:10:35,1313,1489,1,1,0.03,4657.57,-39.54,0.00,0.00,770101,sl 4657.61
2026.03.20 16:31:31,1314,1488,0,1,0.02,4647.08,61.76,0.00,0.00,770101,tp 4647.11
2026.03.20 16:51:43,1315,1476,1,1,0.01,4634.11,-37.55,0.00,0.00,770101,sl 4634.12
2026.03.20 20:42:04,1316,1494,1,0,0.01,4565.79,0.00,0.00,0.00,770101,OBR#S#1774037100
2026.03.20 21:03:22,1317,1495,0,0,0.02,4571.37,0.00,0.00,0.00,770101,OBR#L#1774032900
2026.03.20 21:22:16,1318,1495,1,1,0.02,4551.45,-39.84,0.00,0.00,770101,sl 4551.62
2026.03.20 21:55:13,1319,1494,0,1,0.01,4495.26,70.53,0.00,0.00,770101,tp 4495.52
2026.03.23 01:05:53,1320,1498,1,0,0.01,4489.32,0.00,0.00,0.00,770101,OBR#S#1774048500
2026.03.23 01:07:41,1321,1498,0,1,0.01,4514.64,-25.32,0.00,0.00,770101,sl 4513.47
2026.03.23 06:46:22,1322,1500,1,0,0.01,4348.11,0.00,0.00,0.00,770101,OBR#S#1774245600
2026.03.23 07:36:07,1323,1500,0,1,0.01,4378.80,-30.69,0.00,0.00,770101,sl 4377.98
2026.03.23 08:13:46,1324,1503,0,0,0.01,4371.42,0.00,0.00,0.00,770101,OBR#L#1774248600
2026.03.23 08:30:06,1325,1503,1,1,0.01,4347.30,-24.12,0.00,0.00,770101,sl 4347.98
2026.03.23 11:00:01,1326,1506,1,0,0.01,4205.76,0.00,0.00,0.00,770101,OBR#S#1774259700
2026.03.23 11:01:12,1327,1506,0,1,0.01,4228.53,-22.77,0.00,0.00,770101,sl 4228.53
2026.03.23 20:53:28,1328,1509,1,0,0.01,4422.23,0.00,0.00,0.00,770101,OBR#S#1774290000
2026.03.23 21:07:39,1329,1508,0,0,0.01,4404.01,0.00,0.00,0.00,770101,OBR#L#1774295700
2026.03.23 21:25:13,1330,1510,1,0,0.01,4417.11,0.00,0.00,0.00,770101,OBR#S#1774298100
2026.03.23 21:34:28,1331,1510,0,1,0.01,4438.92,-21.81,0.00,0.00,770101,sl 4438.91
2026.03.23 21:42:26,1332,1509,0,1,0.01,4459.72,-37.49,0.00,0.00,770101,sl 4459.62
2026.03.23 23:50:36,1333,1513,0,0,0.01,4410.17,0.00,0.00,0.00,770101,OBR#L#1774306800
2026.03.24 01:04:59,1334,1513,1,1,0.01,4382.75,-27.42,0.00,-0.79,770101,sl 4382.86
2026.03.24 01:06:13,1335,1508,1,1,0.01,4370.96,-33.05,0.00,-0.79,770101,sl 4371.38
2026.03.24 02:55:46,1336,1517,0,0,0.02,4437.93,0.00,0.00,0.00,770101,OBR#L#1774317600
2026.03.24 03:14:49,1337,1517,1,1,0.02,4423.48,-28.90,0.00,0.00,770101,sl 4423.48
2026.03.24 07:28:04,1338,1520,1,0,0.01,4335.39,0.00,0.00,0.00,770101,OBR#S#1774333500
2026.03.24 08:28:59,1339,1521,0,0,0.01,4334.71,0.00,0.00,0.00,770101,OBR#L#1774329000
2026.03.24 08:35:50,1340,1522,1,0,0.03,4336.54,0.00,0.00,0.00,770101,OBR#S#1774338600
2026.03.24 08:40:34,1341,1522,0,1,0.03,4348.61,-36.21,0.00,0.00,770101,sl 4348.57
2026.03.24 08:41:14,1342,1520,0,1,0.01,4368.16,-32.77,0.00,0.00,770101,sl 4367.23
2026.03.24 09:25:46,1343,1521,1,1,0.01,4392.55,57.84,0.00,0.00,770101,tp 4392.37
2026.03.24 11:06:29,1344,1528,1,0,0.04,4418.04,0.00,0.00,0.00,770101,OBR#S#1774347000
2026.03.24 11:20:34,1345,1528,0,1,0.04,4401.06,67.92,0.00,0.00,770101,tp 4401.30
2026.03.24 11:30:51,1346,1531,1,0,0.01,4398.22,0.00,0.00,0.00,770101,OBR#S#1774321500
2026.03.24 11:47:29,1347,1530,1,0,0.02,4407.00,0.00,0.00,0.00,770101,OBR#S#1774349100
2026.03.24 12:56:59,1348,1530,0,1,0.02,4425.60,-37.20,0.00,0.00,770101,sl 4425.17
2026.03.24 13:56:07,1349,1531,0,1,0.01,4436.47,-38.25,0.00,0.00,770101,sl 4436.44
2026.03.24 14:41:13,1350,1534,0,0,0.02,4422.91,0.00,0.00,0.00,770101,OBR#L#1774355100
2026.03.24 14:52:56,1351,1534,1,1,0.02,4406.18,-33.46,0.00,0.00,770101,sl 4406.27
2026.03.24 15:00:02,1352,1536,1,0,0.01,4409.45,0.00,0.00,0.00,770101,OBR#S#1774360500
2026.03.24 21:52:41,1353,1540,1,0,0.01,4401.47,0.00,0.00,0.00,770101,OBR#S#1774382100
2026.03.24 22:16:01,1354,1541,0,0,0.02,4402.84,0.00,0.00,0.00,770101,OBR#L#1774386300
2026.03.24 23:22:18,1355,1540,0,1,0.01,4424.58,-23.11,0.00,0.00,770101,sl 4424.45
2026.03.24 23:24:00,1356,1541,1,1,0.02,4437.16,68.64,0.00,0.00,770101,tp 4436.85
2026.03.24 23:24:08,1357,1536,0,1,0.01,4441.89,-32.44,0.00,0.00,770101,sl 4441.76
2026.03.25 10:23:20,1358,1548,0,0,0.01,4556.54,0.00,0.00,0.00,770101,OBR#L#1774429800
2026.03.25 11:10:38,1359,1549,1,0,0.03,4555.08,0.00,0.00,0.00,770101,OBR#S#1774428000
2026.03.25 11:21:00,1360,1549,0,1,0.03,4567.02,-35.82,0.00,0.00,770101,sl 4566.99
2026.03.25 12:48:14,1361,1548,1,1,0.01,4533.03,-23.51,0.00,0.00,770101,sl 4533.10
2026.03.25 13:01:30,1362,1551,1,0,0.05,4560.72,0.00,0.00,0.00,770101,OBR#S#1774438800
2026.03.25 14:00:10,1363,1554,0,0,0.01,4557.84,0.00,0.00,0.00,770101,OBR#L#1774442700
2026.03.25 14:05:27,1364,1551,0,1,0.05,4567.52,-34.00,0.00,0.00,770101,sl 4567.44
2026.03.25 14:47:42,1365,1556,0,0,0.01,4576.74,0.00,0.00,0.00,770101,OBR#L#1774446000
2026.03.25 15:28:23,1366,1556,1,1,0.01,4550.22,-26.52,0.00,0.00,770101,sl 4551.51
2026.03.25 15:31:43,1367,1554,1,1,0.01,4524.35,-33.49,0.00,0.00,770101,sl 4527.60
2026.03.25 16:04:41,1368,1557,1,0,0.02,4568.21,0.00,0.00,0.00,770101,OBR#S#1774449600
2026.03.25 16:36:09,1369,1560,0,0,0.01,4562.13,0.00,0.00,0.00,770101,OBR#L#1774454100
2026.03.25 16:50:57,1370,1560,1,1,0.01,4543.63,-18.50,0.00,0.00,770101,sl 4543.79
2026.03.25 16:57:17,1371,1562,1,0,0.01,4552.11,0.00,0.00,0.00,770101,OBR#S#1774451100
2026.03.25 17:00:43,1372,1557,0,1,0.02,4534.55,67.32,0.00,0.00,770101,tp 4534.80
2026.03.25 22:11:55,1373,1562,0,1,0.01,4488.35,63.76,0.00,0.00,770101,tp 4488.76
2026.03.26 01:05:09,1374,1565,1,0,0.02,4527.13,0.00,0.00,0.00,770101,OBR#S#1774479600
2026.03.26 01:48:18,1375,1566,0,0,0.01,4522.31,0.00,0.00,0.00,770101,OBR#L#1774482600
2026.03.26 02:05:02,1376,1566,1,1,0.01,4501.26,-21.05,0.00,0.00,770101,sl 4501.59
2026.03.26 02:37:23,1377,1565,0,1,0.02,4493.20,67.86,0.00,0.00,770101,tp 4494.48
2026.03.26 02:46:05,1378,1569,1,0,0.02,4498.15,0.00,0.00,0.00,770101,OBR#S#1774491000
2026.03.26 03:05:34,1379,1569,0,1,0.02,4514.54,-32.78,0.00,0.00,770101,sl 4514.54
2026.03.26 15:10:25,1380,1571,1,0,0.02,4443.08,0.00,0.00,0.00,770101,OBR#S#1774522800
2026.03.26 16:15:17,1381,1572,0,0,0.02,4435.50,0.00,0.00,0.00,770101,OBR#L#1774536900
2026.03.26 16:45:22,1382,1571,0,1,0.02,4459.31,-32.46,0.00,0.00,770101,sl 4459.29
2026.03.26 16:51:18,1383,1574,0,0,0.01,4450.15,0.00,0.00,0.00,770101,OBR#L#1774540500
2026.03.26 17:22:56,1384,1572,1,1,0.02,4469.00,67.00,0.00,0.00,770101,tp 4468.96
2026.03.26 17:25:16,1385,1576,0,0,0.02,4452.07,0.00,0.00,0.00,770101,OBR#L#1774542900
2026.03.26 18:57:31,1386,1576,1,1,0.02,4434.10,-35.94,0.00,0.00,770101,sl 4434.12
2026.03.26 19:01:53,1387,1574,1,1,0.01,4428.05,-22.10,0.00,0.00,770101,sl 4428.31
2026.03.26 22:35:54,1388,1580,1,0,0.03,4384.80,0.00,0.00,0.00,770101,OBR#S#1774562100
2026.03.26 22:58:02,1389,1580,0,1,0.03,4361.11,71.07,0.00,0.00,770101,tp 4361.28
2026.03.26 23:11:47,1390,1581,1,0,0.02,4377.18,0.00,0.00,0.00,770101,OBR#S#1774563300
2026.03.26 23:12:49,1391,1581,0,1,0.02,4392.23,-30.10,0.00,0.00,770101,sl 4392.14
2026.03.27 01:31:45,1392,1584,1,0,0.01,4400.48,0.00,0.00,0.00,770101,OBR#S#1774568100
2026.03.27 01:45:16,1393,1585,0,0,0.01,4405.05,0.00,0.00,0.00,770101,OBR#L#1774569000
2026.03.27 04:10:41,1394,1586,1,0,0.02,4397.59,0.00,0.00,0.00,770101,OBR#S#1774576500
2026.03.27 04:31:33,1395,1586,0,1,0.02,4413.56,-31.94,0.00,0.00,770101,sl 4413.27
2026.03.27 05:00:08,1396,1584,0,1,0.01,4421.11,-20.63,0.00,0.00,770101,sl 4420.88
2026.03.27 08:37:39,1397,1585,1,1,0.01,4471.15,66.10,0.00,0.00,770101,tp 4470.18
2026.03.27 09:56:15,1398,1590,1,0,0.03,4464.32,0.00,0.00,0.00,770101,OBR#S#1774600500
2026.03.27 10:10:29,1399,1591,1,0,0.03,4456.72,0.00,0.00,0.00,770101,OBR#S#1774604100
2026.03.27 10:35:21,1400,1592,1,0,0.03,4452.27,0.00,0.00,0.00,770101,OBR#S#1774605000
2026.03.27 10:54:56,1401,1590,0,1,0.03,4443.22,63.30,0.00,0.00,770101,tp 4443.26
2026.03.27 11:27:28,1402,1591,0,1,0.03,4432.54,72.54,0.00,0.00,770101,tp 4432.57
2026.03.27 11:54:28,1403,1592,0,1,0.03,4428.07,72.60,0.00,0.00,770101,tp 4428.14
2026.03.27 15:20:00,1404,1597,0,0,0.02,4424.40,0.00,0.00,0.00,770101,OBR#L#1774620900
2026.03.27 16:03:26,1405,1598,0,0,0.02,4432.50,0.00,0.00,0.00,770101,OBR#L#1774623900
2026.03.27 16:16:31,1406,1599,1,0,0.03,4436.00,0.00,0.00,0.00,770101,OBR#S#1774609800
2026.03.27 17:03:16,1407,1599,0,1,0.03,4448.34,-37.02,0.00,0.00,770101,sl 4447.92
2026.03.27 17:05:01,1408,1597,1,1,0.02,4459.20,69.60,0.00,0.00,770101,tp 4458.95
2026.03.27 17:10:02,1409,1602,0,0,0.01,4448.68,0.00,0.00,0.00,770101,OBR#L#1774629000
2026.03.27 17:47:39,1410,1598,1,1,0.02,4473.41,81.82,0.00,0.00,770101,tp 4472.74
2026.03.27 18:12:24,1411,1602,1,1,0.01,4519.57,70.89,0.00,0.00,770101,tp 4519.16
2026.03.27 22:12:22,1412,1605,1,0,0.01,4512.15,0.00,0.00,0.00,770101,OBR#S#1774639200
2026.03.27 22:25:18,1413,1606,0,0,0.02,4519.86,0.00,0.00,0.00,770101,OBR#L#1774646400
2026.03.27 22:42:21,1414,1606,1,1,0.02,4502.73,-34.26,0.00,0.00,770101,sl 4502.73
2026.03.27 23:40:33,1415,1608,1,0,0.03,4512.34,0.00,0.00,0.00,770101,OBR#S#1774650300
2026.03.30 01:01:00,1416,1608,0,1,0.03,4486.97,76.11,0.00,1.03,770101,tp 4490.84
2026.03.30 02:06:40,1417,1605,0,1,0.01,4468.19,43.96,0.00,0.34,770101,tp 4468.20
2026.03.30 03:21:22,1418,1611,1,0,0.01,4460.41,0.00,0.00,0.00,770101,OBR#S#1774836000
2026.03.30 05:42:52,1419,1611,0,1,0.01,4492.92,-32.51,0.00,0.00,770101,sl 4492.72
2026.03.30 07:57:46,1420,1614,1,0,0.02,4498.71,0.00,0.00,0.00,770101,OBR#S#1774851600
2026.03.30 08:49:29,1421,1614,0,1,0.02,4517.71,-38.00,0.00,0.00,770101,sl 4517.66
2026.03.30 12:21:12,1422,1616,1,0,0.02,4534.52,0.00,0.00,0.00,770101,OBR#S#1774863900
2026.03.30 14:42:37,1423,1616,0,1,0.02,4550.72,-32.40,0.00,0.00,770101,sl 4550.68
2026.03.30 15:25:02,1424,1618,0,0,0.01,4563.02,0.00,0.00,0.00,770101,OBR#L#1774881300
2026.03.30 15:46:33,1425,1619,0,0,0.03,4568.80,0.00,0.00,0.00,770101,OBR#L#1774883400
2026.03.30 16:35:15,1426,1619,1,1,0.03,4555.80,-39.00,0.00,0.00,770101,sl 4555.99
2026.03.30 16:45:26,1427,1618,1,1,0.01,4538.56,-24.46,0.00,0.00,770101,sl 4538.63
2026.03.30 19:10:54,1428,1623,1,0,0.02,4544.40,0.00,0.00,0.00,770101,OBR#S#1774888500
2026.03.30 19:37:28,1429,1624,1,0,0.03,4542.02,0.00,0.00,0.00,770101,OBR#S#1774896600
2026.03.30 20:10:04,1430,1625,1,0,0.03,4535.48,0.00,0.00,0.00,770101,OBR#S#1774898100
2026.03.30 20:50:14,1431,1624,0,1,0.03,4514.79,81.69,0.00,0.00,770101,tp 4514.86
2026.03.30 21:54:16,1432,1623,0,1,0.02,4510.53,67.74,0.00,0.00,770101,tp 4511.00
2026.03.30 21:54:16,1433,1625,0,1,0.03,4508.30,81.54,0.00,0.00,770101,tp 4508.38
2026.03.30 23:30:00,1434,1629,1,0,0.03,4506.67,0.00,0.00,0.00,770101,OBR#S#1774907100
2026.03.31 01:03:02,1435,1629,0,1,0.03,4519.70,-39.09,0.00,1.03,770101,sl 4518.88
2026.03.31 02:55:29,1436,1631,0,0,0.02,4509.62,0.00,0.00,0.00,770101,OBR#L#1774922700
2026.03.31 03:20:08,1437,1631,1,1,0.02,4494.62,-30.00,0.00,0.00,770101,sl 4494.65
2026.03.31 08:21:37,1438,1633,1,0,0.03,4562.36,0.00,0.00,0.00,770101,OBR#S#1774937400
2026.03.31 08:34:27,1439,1633,0,1,0.03,4574.48,-36.36,0.00,0.00,770101,sl 4574.20
2026.03.31 13:13:22,1440,1635,0,0,0.05,4558.53,0.00,0.00,0.00,770101,OBR#L#1774960500
2026.03.31 13:36:29,1441,1635,1,1,0.05,4550.98,-37.75,0.00,0.00,770101,sl 4551.02
2026.03.31 15:10:29,1442,1637,0,0,0.04,4584.32,0.00,0.00,0.00,770101,OBR#L#1774967100
2026.03.31 15:14:47,1443,1637,1,1,0.04,4574.79,-38.12,0.00,0.00,770101,sl 4574.82
2026.03.31 16:09:59,1444,1639,1,0,0.02,4581.31,0.00,0.00,0.00,770101,OBR#S#1774969500
2026.03.31 16:39:23,1445,1640,1,0,0.04,4580.22,0.00,0.00,0.00,770101,OBR#S#1774971300
2026.03.31 16:45:19,1446,1640,0,1,0.04,4589.93,-38.84,0.00,0.00,770101,sl 4589.92
2026.03.31 16:51:26,1447,1639,0,1,0.02,4597.64,-32.66,0.00,0.00,770101,sl 4597.64
2026.03.31 19:48:02,1448,1643,0,0,0.01,4631.84,0.00,0.00,0.00,770101,OBR#L#1774981500
2026.03.31 22:21:29,1449,1643,1,1,0.01,4680.98,49.14,0.00,0.00,770101,tp 4680.95
2026.04.01 01:45:02,1450,1645,0,0,0.02,4682.88,0.00,0.00,0.00,770101,OBR#L#1775001000
2026.04.01 01:47:56,1451,1645,1,1,0.02,4665.01,-35.74,0.00,0.00,770101,sl 4665.19
2026.04.01 04:26:28,1452,1647,1,0,0.02,4701.44,0.00,0.00,0.00,770101,OBR#S#1775013900
2026.04.01 04:45:08,1453,1648,1,0,0.01,4688.31,0.00,0.00,0.00,770101,OBR#S#1775016600
2026.04.01 05:30:45,1454,1649,1,0,0.02,4688.06,0.00,0.00,0.00,770101,OBR#S#1775017500
2026.04.01 09:24:51,1455,1649,0,1,0.02,4708.38,-40.64,0.00,0.00,770101,sl 4708.35
2026.04.01 09:25:01,1456,1648,0,1,0.01,4710.19,-21.88,0.00,0.00,770101,sl 4710.16
2026.04.01 09:47:47,1457,1647,0,1,0.02,4722.17,-41.46,0.00,0.00,770101,sl 4722.03
2026.04.01 12:00:28,1458,1653,0,0,0.02,4725.25,0.00,0.00,0.00,770101,OBR#L#1775040900
2026.04.01 12:25:31,1459,1654,1,0,0.01,4721.97,0.00,0.00,0.00,770101,OBR#S#1775039700
2026.04.01 14:11:35,1460,1655,0,0,0.03,4736.11,0.00,0.00,0.00,770101,OBR#L#1775050200
2026.04.01 14:30:49,1461,1654,0,1,0.01,4748.99,-27.02,0.00,0.00,770101,sl 4747.80
2026.04.01 14:39:32,1462,1653,1,1,0.02,4757.12,63.74,0.00,0.00,770101,tp 4756.89
2026.04.01 14:39:32,1463,1655,1,1,0.03,4757.12,63.03,0.00,0.00,770101,tp 4756.73
2026.04.01 17:00:44,1464,1659,0,0,0.03,4728.40,0.00,0.00,0.00,770101,OBR#L#1775049000
2026.04.01 17:22:32,1465,1659,1,1,0.03,4754.27,77.61,0.00,0.00,770101,tp 4754.26
2026.04.01 20:34:38,1466,1662,0,0,0.03,4780.46,0.00,0.00,0.00,770101,OBR#L#1775067600
2026.04.01 21:03:22,1467,1662,1,1,0.03,4767.80,-37.98,0.00,0.00,770101,sl 4768.07
2026.04.01 22:50:25,1468,1666,0,0,0.03,4762.71,0.00,0.00,0.00,770101,OBR#L#1775080500
2026.04.02 01:23:05,1469,1667,1,0,0.04,4765.28,0.00,0.00,0.00,770101,OBR#S#1775082900
2026.04.02 01:34:21,1470,1667,0,1,0.04,4775.53,-41.00,0.00,0.00,770101,sl 4775.49
2026.04.02 02:06:41,1471,1666,1,1,0.03,4786.40,71.07,0.00,-7.15,770101,tp 4785.73
2026.04.02 03:27:31,1472,1670,0,0,0.02,4789.11,0.00,0.00,0.00,770101,OBR#L#1775094900
2026.04.02 04:00:45,1473,1670,1,1,0.02,4775.12,-27.98,0.00,0.00,770101,sl 4775.12
2026.04.02 07:00:20,1474,1672,1,0,0.02,4681.08,0.00,0.00,0.00,770101,OBR#S#1775107200
2026.04.02 07:55:36,1475,1673,0,0,0.04,4665.28,0.00,0.00,0.00,770101,OBR#L#1775108100
2026.04.02 08:33:31,1476,1673,1,1,0.04,4655.16,-40.48,0.00,0.00,770101,sl 4655.41
2026.04.02 08:34:11,1477,1672,0,1,0.02,4642.83,76.50,0.00,0.00,770101,tp 4642.84
2026.04.02 09:55:07,1478,1677,0,0,0.01,4597.73,0.00,0.00,0.00,770101,OBR#L#1775120700
2026.04.02 14:38:08,1479,1680,1,0,0.02,4617.55,0.00,0.00,0.00,770101,OBR#S#1775135100
2026.04.02 16:00:47,1480,1680,0,1,0.02,4581.05,73.00,0.00,0.00,770101,tp 4581.32
2026.04.02 16:05:37,1481,1682,1,0,0.01,4603.35,0.00,0.00,0.00,770101,OBR#S#1775139600
2026.04.02 16:48:58,1482,1682,0,1,0.01,4628.86,-25.51,0.00,0.00,770101,sl 4628.85
2026.04.02 17:23:46,1483,1677,1,1,0.01,4671.95,74.22,0.00,0.00,770101,tp 4671.93
2026.04.02 19:32:24,1484,1685,1,0,0.02,4658.90,0.00,0.00,0.00,770101,OBR#S#1775154600
2026.04.02 20:40:02,1485,1686,1,0,0.03,4654.17,0.00,0.00,0.00,770101,OBR#S#1775156400
2026.04.02 21:48:21,1486,1686,0,1,0.03,4668.55,-43.14,0.00,0.00,770101,sl 4668.53
2026.04.02 22:02:03,1487,1685,0,1,0.02,4675.40,-33.00,0.00,0.00,770101,sl 4675.37
2026.04.02 23:18:50,1488,1690,0,0,0.07,4668.75,0.00,0.00,0.00,770101,OBR#L#1775166600
2026.04.06 01:01:00,1489,1690,1,1,0.07,4636.27,-227.36,0.00,-11.12,770101,sl 4663.26
2026.04.06 03:03:48,1490,1692,1,0,0.01,4620.36,0.00,0.00,0.00,770101,OBR#S#1775440500
2026.04.06 03:36:54,1491,1693,1,0,0.01,4610.70,0.00,0.00,0.00,770101,OBR#S#1775441400
2026.04.06 04:06:01,1492,1693,0,1,0.01,4634.34,-23.64,0.00,0.00,770101,sl 4634.34
2026.04.06 05:17:50,1493,1692,0,1,0.01,4655.24,-34.88,0.00,0.00,770101,sl 4654.47
2026.04.06 05:48:50,1494,1697,1,0,0.01,4654.79,0.00,0.00,0.00,770101,OBR#S#1775174100
2026.04.06 06:03:17,1495,1696,0,0,0.02,4635.93,0.00,0.00,0.00,770101,OBR#L#1775447100
2026.04.06 08:10:55,1496,1696,1,1,0.02,4675.03,78.20,0.00,0.00,770101,tp 4675.03
2026.04.06 08:11:33,1497,1697,0,1,0.01,4677.05,-22.26,0.00,0.00,770101,sl 4676.74
2026.04.06 09:05:00,1498,1700,1,0,0.02,4653.32,0.00,0.00,0.00,770101,OBR#S#1775464200
2026.04.06 09:22:29,1499,1701,0,0,0.04,4656.84,0.00,0.00,0.00,770101,OBR#L#1775460900
2026.04.06 09:31:33,1500,1702,1,0,0.04,4658.24,0.00,0.00,0.00,770101,OBR#S#1775465400
2026.04.06 09:52:42,1501,1702,0,1,0.04,4667.15,-35.64,0.00,0.00,770101,sl 4667.15
2026.04.06 10:04:56,1502,1704,0,0,0.05,4658.63,0.00,0.00,0.00,770101,OBR#L#1775465700
2026.04.06 10:12:04,1503,1704,1,1,0.05,4651.33,-36.50,0.00,0.00,770101,sl 4651.35
2026.04.06 10:14:36,1504,1701,1,1,0.04,4648.20,-34.56,0.00,0.00,770101,sl 4648.20
2026.04.06 10:49:29,1505,1700,0,1,0.02,4669.13,-31.62,0.00,0.00,770101,sl 4668.99
2026.04.06 14:20:09,1506,1708,1,0,0.06,4691.94,0.00,0.00,0.00,770101,OBR#S#1775480400
2026.04.06 14:51:22,1507,1708,0,1,0.06,4680.44,69.00,0.00,0.00,770101,tp 4680.44
2026.04.06 14:55:01,1508,1710,1,0,0.03,4683.88,0.00,0.00,0.00,770101,OBR#S#1775484000
2026.04.06 15:33:29,1509,1711,1,0,0.02,4674.09,0.00,0.00,0.00,770101,OBR#S#1775486100
2026.04.06 16:24:22,1510,1712,1,0,0.03,4672.50,0.00,0.00,0.00,770101,OBR#S#1775487600
2026.04.06 17:00:15,1511,1712,0,1,0.03,4683.76,-33.78,0.00,0.00,770101,sl 4683.76
2026.04.06 17:35:07,1512,1711,0,1,0.02,4692.84,-37.50,0.00,0.00,770101,sl 4692.83
2026.04.06 17:35:30,1513,1710,0,1,0.03,4696.17,-36.87,0.00,0.00,770101,sl 4696.06
2026.04.06 21:54:41,1514,1716,1,0,0.02,4652.36,0.00,0.00,0.00,770101,OBR#S#1775504700
2026.04.06 23:02:40,1515,1717,0,0,0.05,4653.76,0.00,0.00,0.00,770101,OBR#L#1775514000
2026.04.06 23:22:21,1516,1718,0,0,0.06,4655.94,0.00,0.00,0.00,770101,OBR#L#1775514900
2026.04.06 23:49:14,1517,1718,1,1,0.06,4650.45,-32.94,0.00,0.00,770101,sl 4650.50
2026.04.07 01:02:28,1518,1716,0,1,0.02,4665.33,-25.94,0.00,0.69,770101,sl 4665.27
2026.04.07 03:00:06,1519,1721,0,0,0.04,4657.27,0.00,0.00,0.00,770101,OBR#L#1775519700
2026.04.07 03:02:27,1520,1721,1,1,0.04,4649.12,-32.60,0.00,0.00,770101,sl 4649.16
2026.04.07 03:10:48,1521,1723,1,0,0.06,4655.72,0.00,0.00,0.00,770101,OBR#S#1775527500
2026.04.07 03:39:57,1522,1723,0,1,0.06,4661.28,-33.36,0.00,0.00,770101,sl 4661.25
2026.04.07 04:00:03,1523,1717,1,1,0.05,4641.70,-60.30,0.00,-3.97,770101,sl 4646.44
2026.04.07 08:04:05,1524,1726,0,0,0.02,4657.37,0.00,0.00,0.00,770101,OBR#L#1775543700
2026.04.07 08:26:07,1525,1726,1,1,0.02,4642.66,-29.42,0.00,0.00,770101,sl 4642.99
2026.04.07 09:00:31,1526,1728,0,0,0.03,4638.29,0.00,0.00,0.00,770101,OBR#L#1775539200
2026.04.07 10:23:12,1527,1729,0,0,0.01,4648.43,0.00,0.00,0.00,770101,OBR#L#1775551200
2026.04.07 10:35:05,1528,1730,1,0,0.02,4644.02,0.00,0.00,0.00,770101,OBR#S#1775549400
2026.04.07 11:02:22,1529,1730,0,1,0.02,4656.78,-25.52,0.00,0.00,770101,sl 4656.64
2026.04.07 11:14:18,1530,1728,1,1,0.03,4662.12,71.49,0.00,0.00,770101,tp 4662.03
2026.04.07 11:22:12,1531,1729,1,1,0.01,4685.54,37.11,0.00,0.00,770101,tp 4685.14
2026.04.07 13:00:48,1532,1734,0,0,0.02,4669.31,0.00,0.00,0.00,770101,OBR#L#1775560500
2026.04.07 13:43:56,1533,1734,1,1,0.02,4655.32,-27.98,0.00,0.00,770101,sl 4657.01
2026.04.07 15:07:02,1534,1736,0,0,0.01,4652.69,0.00,0.00,0.00,770101,OBR#L#1775571000
2026.04.07 16:54:17,1535,1737,1,0,0.02,4651.89,0.00,0.00,0.00,770101,OBR#S#1775576100
2026.04.07 17:03:08,1536,1736,1,1,0.01,4628.80,-23.89,0.00,0.00,770101,sl 4628.84
2026.04.07 17:04:47,1537,1737,0,1,0.02,4625.83,52.12,0.00,0.00,770101,tp 4625.83
2026.04.07 17:21:32,1538,1740,1,0,0.01,4628.11,0.00,0.00,0.00,770101,OBR#S#1775578800
2026.04.07 17:37:17,1539,1740,0,1,0.01,4660.41,-32.30,0.00,0.00,770101,sl 4659.72
2026.04.07 22:30:25,1540,1743,0,0,0.01,4685.46,0.00,0.00,0.00,770101,OBR#L#1775592900
2026.04.08 01:01:00,1541,1743,1,1,0.01,4747.48,62.02,0.00,-0.79,770101,tp 4746.05
2026.04.08 01:32:52,1542,1745,0,0,0.02,4719.53,0.00,0.00,0.00,770101,OBR#L#1775604000
2026.04.08 01:34:04,1543,1745,1,1,0.02,4751.10,63.14,0.00,0.00,770101,tp 4751.02
2026.04.08 05:33:00,1544,1747,1,0,0.04,4814.24,0.00,0.00,0.00,770101,OBR#S#1775621400
2026.04.08 05:50:51,1545,1748,1,0,0.02,4808.80,0.00,0.00,0.00,770101,OBR#S#1775624400
2026.04.08 06:32:48,1546,1747,0,1,0.04,4795.97,73.08,0.00,0.00,770101,tp 4796.59
2026.04.08 08:43:40,1547,1748,0,1,0.02,4825.35,-33.10,0.00,0.00,770101,sl 4825.28
2026.04.08 09:50:52,1548,1751,0,0,0.03,4828.43,0.00,0.00,0.00,770101,OBR#L#1775637300
2026.04.08 10:00:26,1549,1751,1,1,0.03,4816.85,-34.74,0.00,0.00,770101,sl 4817.09
2026.04.08 15:20:16,1550,1754,0,0,0.03,4789.25,0.00,0.00,0.00,770101,OBR#L#1775656800
2026.04.08 15:21:25,1551,1754,1,1,0.03,4778.94,-30.93,0.00,0.00,770101,sl 4779.78
2026.04.08 16:24:26,1552,1756,1,0,0.04,4798.12,0.00,0.00,0.00,770101,OBR#S#1775661000
2026.04.08 16:31:56,1553,1756,0,1,0.04,4779.52,74.40,0.00,0.00,770101,tp 4779.64
2026.04.08 16:49:21,1554,1758,1,0,0.02,4787.96,0.00,0.00,0.00,770101,OBR#S#1775664000
2026.04.08 17:41:12,1555,1759,1,0,0.01,4768.46,0.00,0.00,0.00,770101,OBR#S#1775665200
2026.04.08 17:48:12,1556,1758,0,1,0.02,4750.03,75.86,0.00,0.00,770101,tp 4750.03
2026.04.08 19:57:54,1557,1761,0,0,0.02,4760.23,0.00,0.00,0.00,770101,OBR#L#1775671500
2026.04.08 20:35:56,1558,1761,1,1,0.02,4741.42,-37.62,0.00,0.00,770101,sl 4741.56
2026.04.08 21:43:53,1559,1759,0,1,0.01,4708.60,59.86,0.00,0.00,770101,tp 4708.64
2026.04.09 01:01:00,1560,1765,1,0,0.03,4728.64,0.00,0.00,0.00,770101,OBR#S#1775689200
2026.04.09 01:02:29,1561,1765,0,1,0.03,4732.74,-12.30,0.00,0.00,770101,sl 4732.32
2026.04.09 01:35:27,1562,1767,1,0,0.03,4717.64,0.00,0.00,0.00,770101,OBR#S#1775689800
2026.04.09 04:34:07,1563,1768,1,0,0.01,4711.99,0.00,0.00,0.00,770101,OBR#S#1775696400
2026.04.09 05:00:03,1564,1767,0,1,0.03,4728.55,-32.73,0.00,0.00,770101,sl 4728.53
2026.04.09 05:26:30,1565,1770,0,0,0.04,4724.40,0.00,0.00,0.00,770101,OBR#L#1775709600
2026.04.09 05:45:05,1566,1768,0,1,0.01,4733.10,-21.11,0.00,0.00,770101,sl 4733.08
2026.04.09 06:06:38,1567,1770,1,1,0.04,4715.53,-35.48,0.00,0.00,770101,sl 4715.53
2026.04.09 06:37:35,1568,1773,0,0,0.04,4712.26,0.00,0.00,0.00,770101,OBR#L#1775708700
2026.04.09 07:31:45,1569,1774,0,0,0.04,4714.95,0.00,0.00,0.00,770101,OBR#L#1775715300
2026.04.09 09:53:55,1570,1774,1,1,0.04,4705.60,-37.40,0.00,0.00,770101,sl 4705.79
2026.04.09 10:20:41,1571,1776,0,0,0.04,4714.63,0.00,0.00,0.00,770101,OBR#L#1775724600
2026.04.09 10:33:41,1572,1777,1,0,0.02,4716.17,0.00,0.00,0.00,770101,OBR#S#1775713200
2026.04.09 10:39:19,1573,1773,1,1,0.04,4731.25,75.96,0.00,0.00,770101,tp 4731.14
2026.04.09 10:46:54,1574,1779,0,0,0.02,4718.07,0.00,0.00,0.00,770101,OBR#L#1775728200
2026.04.09 11:44:33,1575,1777,0,1,0.02,4732.97,-33.60,0.00,0.00,770101,sl 4732.70
2026.04.09 11:44:33,1576,1776,1,1,0.04,4732.73,72.40,0.00,0.00,770101,tp 4732.56
2026.04.09 14:39:36,1577,1779,1,1,0.02,4748.37,60.60,0.00,0.00,770101,tp 4748.19
2026.04.09 19:11:34,1578,1785,0,0,0.02,4791.37,0.00,0.00,0.00,770101,OBR#L#1775759100
2026.04.09 21:30:53,1579,1785,1,1,0.02,4777.66,-27.42,0.00,0.00,770101,sl 4777.66
2026.04.09 22:42:18,1580,1787,1,0,0.04,4773.20,0.00,0.00,0.00,770101,OBR#S#1775772300
2026.04.10 01:01:00,1581,1788,1,0,0.05,4776.35,0.00,0.00,0.00,770101,OBR#S#1775773200
2026.04.10 01:01:00,1582,1788,0,1,0.05,4776.39,-0.20,0.00,0.00,770101,sl 4776.36
2026.04.10 03:01:08,1583,1787,0,1,0.04,4755.11,72.36,0.00,1.38,770101,tp 4755.60
2026.04.10 04:05:08,1584,1791,0,0,0.04,4760.37,0.00,0.00,0.00,770101,OBR#L#1775791500
2026.04.10 05:13:56,1585,1791,1,1,0.04,4750.75,-38.48,0.00,0.00,770101,sl 4750.81
2026.04.10 10:14:12,1586,1795,0,0,0.03,4748.84,0.00,0.00,0.00,770101,OBR#L#1775799000
2026.04.10 11:27:35,1587,1796,1,0,0.03,4746.95,0.00,0.00,0.00,770101,OBR#S#1775813400
2026.04.10 11:47:30,1588,1795,1,1,0.03,4736.54,-36.90,0.00,0.00,770101,sl 4737.98
2026.04.10 12:02:07,1589,1798,1,0,0.05,4744.00,0.00,0.00,0.00,770101,OBR#S#1775819100
2026.04.10 12:18:57,1590,1798,0,1,0.05,4751.69,-38.45,0.00,0.00,770101,sl 4750.91
2026.04.10 12:19:43,1591,1796,0,1,0.03,4758.81,-35.58,0.00,0.00,770101,sl 4758.61
2026.04.10 12:25:24,1592,1801,0,0,0.01,4752.75,0.00,0.00,0.00,770101,OBR#L#1775821500
2026.04.10 13:16:02,1593,1802,1,0,0.02,4747.65,0.00,0.00,0.00,770101,OBR#S#1775823300
2026.04.10 13:25:43,1594,1802,0,1,0.02,4760.81,-26.32,0.00,0.00,770101,sl 4760.80
2026.04.10 15:30:02,1595,1805,1,0,0.06,4764.59,0.00,0.00,0.00,770101,OBR#S#1775811000
2026.04.10 15:30:02,1596,1805,0,1,0.06,4772.52,-47.58,0.00,0.00,770101,sl 4769.25
2026.04.10 15:42:19,1597,1807,0,0,0.03,4769.92,0.00,0.00,0.00,770101,OBR#L#1775831400
2026.04.10 16:30:11,1598,1808,0,0,0.02,4774.25,0.00,0.00,0.00,770101,OBR#L#1775834400
2026.04.10 17:25:12,1599,1801,1,1,0.01,4792.55,39.80,0.00,0.00,770101,tp 4792.55
2026.04.10 18:36:44,1600,1808,1,1,0.02,4759.82,-28.86,0.00,0.00,770101,sl 4759.85
2026.04.10 18:36:46,1601,1807,1,1,0.03,4758.30,-34.86,0.00,0.00,770101,sl 4758.48
2026.04.10 19:20:15,1602,1812,0,0,0.04,4760.96,0.00,0.00,0.00,770101,OBR#L#1775830200
2026.04.10 20:00:13,1603,1813,0,0,0.04,4762.24,0.00,0.00,0.00,770101,OBR#L#1775847600
2026.04.10 20:21:54,1604,1814,0,0,0.05,4762.95,0.00,0.00,0.00,770101,OBR#L#1775850000
2026.04.10 21:03:23,1605,1814,1,1,0.05,4756.23,-33.60,0.00,0.00,770101,sl 4756.30
2026.04.10 21:04:59,1606,1812,1,1,0.04,4753.20,-31.04,0.00,0.00,770101,sl 4753.21
2026.04.10 21:04:59,1607,1813,1,1,0.04,4753.20,-36.16,0.00,0.00,770101,sl 4753.30
2026.04.13 06:01:34,1608,1819,0,0,0.05,4718.41,0.00,0.00,0.00,770101,OBR#L#1776055200
2026.04.13 06:36:49,1609,1820,0,0,0.05,4718.30,0.00,0.00,0.00,770101,OBR#L#1776059100
2026.04.13 07:07:47,1610,1819,1,1,0.05,4708.67,-48.70,0.00,0.00,770101,sl 4712.25
2026.04.13 07:07:47,1611,1820,1,1,0.05,4708.67,-48.15,0.00,0.00,770101,sl 4711.11
2026.04.13 10:55:12,1612,1823,0,0,0.02,4734.30,0.00,0.00,0.00,770101,OBR#L#1776073500
2026.04.13 11:45:05,1613,1823,1,1,0.02,4720.59,-27.42,0.00,0.00,770101,sl 4720.73
2026.04.13 13:42:04,1614,1825,0,0,0.07,4715.00,0.00,0.00,0.00,770101,OBR#L#1776065700
2026.04.13 14:00:02,1615,1825,1,1,0.07,4724.89,69.23,0.00,0.00,770101,tp 4724.54
2026.04.13 15:05:31,1616,1827,1,0,0.02,4712.89,0.00,0.00,0.00,770101,OBR#S#1776081600
2026.04.13 15:30:02,1617,1828,1,0,0.03,4711.31,0.00,0.00,0.00,770101,OBR#S#1776090300
2026.04.13 15:47:19,1618,1828,0,1,0.03,4721.49,-30.54,0.00,0.00,770101,sl 4721.37
2026.04.13 16:01:39,1619,1827,0,1,0.02,4729.34,-32.90,0.00,0.00,770101,sl 4728.69
2026.04.13 16:48:44,1620,1832,1,0,0.05,4730.46,0.00,0.00,0.00,770101,OBR#S#1776079800
2026.04.13 16:49:51,1621,1832,0,1,0.05,4736.70,-31.20,0.00,0.00,770101,sl 4736.44
2026.04.13 18:11:58,1622,1834,1,0,0.02,4708.81,0.00,0.00,0.00,770101,OBR#S#1776102000
2026.04.13 19:16:52,1623,1834,0,1,0.02,4722.77,-27.92,0.00,0.00,770101,sl 4722.77
2026.04.13 22:50:02,1624,1837,1,0,0.07,4742.76,0.00,0.00,0.00,770101,OBR#S#1776112500
2026.04.13 23:45:23,1625,1838,1,0,0.05,4740.83,0.00,0.00,0.00,770101,OBR#S#1776119400
2026.04.14 01:01:00,1626,1837,0,1,0.07,4752.02,-64.82,0.00,2.41,770101,sl 4746.98
2026.04.14 01:01:00,1627,1838,0,1,0.05,4752.02,-55.95,0.00,1.72,770101,sl 4747.56
2026.04.14 06:01:32,1628,1842,0,0,0.03,4772.35,0.00,0.00,0.00,770101,OBR#L#1776142500
2026.04.14 06:58:36,1629,1843,0,0,0.04,4770.24,0.00,0.00,0.00,770101,OBR#L#1776144600
2026.04.14 08:09:54,1630,1844,0,0,0.15,4768.25,0.00,0.00,0.00,770101,OBR#L#1776148500
2026.04.14 08:10:33,1631,1844,1,1,0.15,4766.00,-33.75,0.00,0.00,770101,sl 4766.38
2026.04.14 08:27:06,1632,1842,1,1,0.03,4761.74,-31.83,0.00,0.00,770101,sl 4761.75
2026.04.14 08:27:06,1633,1843,1,1,0.04,4761.74,-34.00,0.00,0.00,770101,sl 4762.04
2026.04.14 09:19:05,1634,1848,0,0,0.02,4764.25,0.00,0.00,0.00,770101,OBR#L#1776135600
2026.04.14 10:02:41,1635,1848,1,1,0.02,4789.81,51.12,0.00,0.00,770101,tp 4789.78
2026.04.14 13:59:57,1636,1850,0,0,0.03,4768.95,0.00,0.00,0.00,770101,OBR#L#1776156900
2026.04.14 14:32:16,1637,1851,0,0,0.01,4775.35,0.00,0.00,0.00,770101,OBR#L#1776173700
2026.04.14 14:58:00,1638,1852,1,0,0.03,4775.94,0.00,0.00,0.00,770101,OBR#S#1776173400
2026.04.14 16:16:35,1639,1852,0,1,0.03,4784.72,-26.34,0.00,0.00,770101,sl 4784.67
2026.04.14 16:19:57,1640,1850,1,1,0.03,4787.57,55.86,0.00,0.00,770101,tp 4787.53
2026.04.14 18:18:14,1641,1855,1,0,0.01,4798.33,0.00,0.00,0.00,770101,OBR#S#1776187800
2026.04.14 18:52:05,1642,1855,0,1,0.01,4816.34,-18.01,0.00,0.00,770101,sl 4816.30
2026.04.14 20:05:47,1643,1851,1,1,0.01,4822.72,47.37,0.00,0.00,770101,tp 4820.75
2026.04.15 02:13:13,1644,1859,0,0,0.08,4836.92,0.00,0.00,0.00,770101,OBR#L#1776203100
2026.04.15 02:41:44,1645,1860,0,0,0.06,4838.54,0.00,0.00,0.00,770101,OBR#L#1776218100
2026.04.15 03:01:22,1646,1860,1,1,0.06,4833.27,-31.62,0.00,0.00,770101,sl 4833.27
2026.04.15 03:01:22,1647,1859,1,1,0.08,4832.91,-32.08,0.00,0.00,770101,sl 4832.91
2026.04.15 10:13:29,1648,1863,1,0,0.02,4814.82,0.00,0.00,0.00,770101,OBR#S#1776241800
2026.04.15 10:54:19,1649,1864,1,0,0.02,4810.38,0.00,0.00,0.00,770101,OBR#S#1776246300
2026.04.15 12:47:16,1650,1863,0,1,0.02,4787.51,54.62,0.00,0.00,770101,tp 4788.03
2026.04.15 12:47:16,1651,1864,0,1,0.02,4786.57,47.62,0.00,0.00,770101,tp 4786.63
2026.04.15 14:32:54,1652,1867,0,0,0.02,4804.73,0.00,0.00,0.00,770101,OBR#L#1776259800
2026.04.15 16:57:28,1653,1867,1,1,0.02,4828.56,47.66,0.00,0.00,770101,tp 4828.50
2026.04.16 01:01:00,1654,1869,1,0,0.05,4798.00,0.00,0.00,0.00,770101,OBR#S#1776291900
2026.04.16 01:32:44,1655,1869,0,1,0.05,4803.21,-26.05,0.00,0.00,770101,sl 4803.20
2026.04.16 04:16:13,1656,1871,0,0,0.05,4827.51,0.00,0.00,0.00,770101,OBR#L#1776308100
2026.04.16 04:33:16,1657,1871,1,1,0.05,4821.53,-29.90,0.00,0.00,770101,sl 4821.90
2026.04.16 06:45:02,1658,1873,1,0,0.05,4821.14,0.00,0.00,0.00,770101,OBR#S#1776319800
2026.04.16 07:14:33,1659,1873,0,1,0.05,4827.23,-30.45,0.00,0.00,770101,sl 4827.19
2026.04.16 08:25:37,1660,1876,0,0,0.02,4832.73,0.00,0.00,0.00,770101,OBR#L#1776321300
2026.04.16 08:32:15,1661,1875,0,0,0.05,4829.38,0.00,0.00,0.00,770101,OBR#L#1776323100
2026.04.16 08:58:50,1662,1875,1,1,0.05,4823.19,-30.95,0.00,0.00,770101,sl 4823.22
2026.04.16 09:21:52,1663,1876,1,1,0.02,4818.68,-28.10,0.00,0.00,770101,sl 4818.99
2026.04.16 17:45:53,1664,1879,1,0,0.02,4790.73,0.00,0.00,0.00,770101,OBR#S#1776359400
2026.04.16 18:06:10,1665,1879,0,1,0.02,4805.49,-29.52,0.00,0.00,770101,sl 4805.43
2026.04.16 20:59:14,1666,1881,1,0,0.04,4790.94,0.00,0.00,0.00,770101,OBR#S#1776368100
2026.04.16 22:42:25,1667,1881,0,1,0.04,4797.41,-25.88,0.00,0.00,770101,sl 4797.40
2026.04.16 22:50:12,1668,1883,0,0,0.05,4793.68,0.00,0.00,0.00,770101,OBR#L#1776376500
2026.04.16 23:34:15,1669,1883,1,1,0.05,4788.01,-28.35,0.00,0.00,770101,sl 4788.10
2026.04.17 04:01:18,1670,1885,0,0,0.06,4792.24,0.00,0.00,0.00,770101,OBR#L#1776383400
2026.04.17 04:04:31,1671,1885,1,1,0.06,4787.66,-27.48,0.00,0.00,770101,sl 4787.75
2026.04.17 10:08:24,1672,1887,1,0,0.03,4789.96,0.00,0.00,0.00,770101,OBR#S#1776415500
2026.04.17 10:36:13,1673,1888,0,0,0.04,4790.30,0.00,0.00,0.00,770101,OBR#L#1776419400
2026.04.17 10:42:07,1674,1888,1,1,0.04,4783.83,-25.88,0.00,0.00,770101,sl 4783.85
2026.04.17 12:01:50,1675,1887,0,1,0.03,4798.50,-25.62,0.00,0.00,770101,sl 4798.42
2026.04.17 17:05:07,1676,1892,0,0,0.01,4875.05,0.00,0.00,0.00,770101,OBR#L#1776443100
2026.04.17 20:00:21,1677,1893,1,0,0.06,4868.95,0.00,0.00,0.00,770101,OBR#S#1776450600
2026.04.17 20:08:58,1678,1893,0,1,0.06,4858.47,62.88,0.00,0.00,770101,tp 4858.59
2026.04.17 22:38:25,1679,1895,1,0,0.04,4859.73,0.00,0.00,0.00,770101,OBR#S#1776455700
2026.04.17 23:03:47,1680,1892,1,1,0.01,4850.07,-24.98,0.00,0.00,770101,sl 4850.26
2026.04.17 23:25:11,1681,1897,0,0,0.02,4848.24,0.00,0.00,0.00,770101,OBR#L#1776441600
2026.04.17 23:36:24,1682,1895,0,1,0.04,4843.88,63.40,0.00,0.00,770101,tp 4843.88
2026.04.17 23:44:07,1683,1897,1,1,0.02,4834.72,-27.04,0.00,0.00,770101,sl 4834.92
2026.04.20 06:33:00,1684,1901,0,0,0.06,4793.03,0.00,0.00,0.00,770101,OBR#L#1776658500
2026.04.20 07:15:17,1685,1902,0,0,0.15,4792.44,0.00,0.00,0.00,770101,OBR#L#1776665400
2026.04.20 07:32:10,1686,1902,1,1,0.15,4790.32,-31.80,0.00,0.00,770101,sl 4790.33
2026.04.20 07:32:57,1687,1901,1,1,0.06,4788.57,-26.76,0.00,0.00,770101,sl 4788.61
2026.04.20 09:30:31,1688,1905,1,0,0.04,4788.41,0.00,0.00,0.00,770101,OBR#S#1776673800
2026.04.20 10:00:00,1689,1905,0,1,0.04,4796.82,-33.64,0.00,0.00,770101,sl 4796.11
2026.04.20 10:06:34,1690,1907,0,0,0.02,4794.64,0.00,0.00,0.00,770101,OBR#L#1776674400
2026.04.20 11:46:42,1691,1908,1,0,0.03,4793.99,0.00,0.00,0.00,770101,OBR#S#1776680100
2026.04.20 12:28:36,1692,1909,0,0,0.04,4792.11,0.00,0.00,0.00,770101,OBR#L#1776678600
2026.04.20 12:32:04,1693,1909,1,1,0.04,4785.04,-28.28,0.00,0.00,770101,sl 4785.34
2026.04.20 12:41:03,1694,1911,1,0,0.03,4789.33,0.00,0.00,0.00,770101,OBR#S#1776681600
2026.04.20 13:09:11,1695,1911,0,1,0.03,4799.07,-29.22,0.00,0.00,770101,sl 4798.85
2026.04.20 13:47:06,1696,1913,0,0,0.02,4795.05,0.00,0.00,0.00,770101,OBR#L#1776688200
2026.04.20 14:51:07,1697,1908,0,1,0.03,4804.14,-30.45,0.00,0.00,770101,sl 4804.11
2026.04.20 15:20:25,1698,1913,1,1,0.02,4818.75,47.40,0.00,0.00,770101,tp 4818.59
2026.04.20 16:29:50,1699,1907,1,1,0.02,4825.63,61.98,0.00,0.00,770101,tp 4825.33
2026.04.20 17:10:47,1700,1916,0,0,0.04,4809.82,0.00,0.00,0.00,770101,OBR#L#1776697500
2026.04.20 17:24:23,1701,1916,1,1,0.04,4824.09,57.08,0.00,0.00,770101,tp 4823.93
2026.04.20 19:35:18,1702,1919,0,0,0.05,4800.00,0.00,0.00,0.00,770101,OBR#L#1776708900
2026.04.20 21:05:17,1703,1919,1,1,0.05,4812.80,64.00,0.00,0.00,770101,tp 4812.31
2026.04.20 23:00:20,1704,1922,1,0,0.02,4815.03,0.00,0.00,0.00,770101,OBR#S#1776705600
2026.04.20 23:34:19,1705,1923,0,0,0.08,4814.96,0.00,0.00,0.00,770101,OBR#L#1776725400
2026.04.21 01:01:00,1706,1923,1,1,0.08,4824.15,73.52,0.00,-6.36,770101,tp 4822.46
2026.04.21 01:01:04,1707,1922,0,1,0.02,4826.07,-22.08,0.00,0.69,770101,sl 4825.91
2026.04.21 02:59:30,1708,1927,1,0,0.07,4821.89,0.00,0.00,0.00,770101,OBR#S#1776738000
2026.04.21 03:05:38,1709,1927,0,1,0.07,4826.43,-31.78,0.00,0.00,770101,sl 4826.41
2026.04.21 07:16:32,1710,1929,1,0,0.09,4795.67,0.00,0.00,0.00,770101,OBR#S#1776752700
2026.04.21 08:00:03,1711,1929,0,1,0.09,4788.38,65.61,0.00,0.00,770101,tp 4788.45
2026.04.21 09:12:01,1712,1931,1,0,0.04,4790.75,0.00,0.00,0.00,770101,OBR#S#1776754800
2026.04.21 09:29:06,1713,1931,0,1,0.04,4776.03,58.88,0.00,0.00,770101,tp 4776.24
2026.04.21 12:03:43,1714,1933,0,0,0.03,4782.84,0.00,0.00,0.00,770101,OBR#L#1776765600
2026.04.21 15:30:34,1715,1933,1,1,0.03,4769.10,-41.22,0.00,0.00,770101,sl 4772.53
2026.04.21 15:34:03,1716,1934,1,0,0.02,4785.37,0.00,0.00,0.00,770101,OBR#S#1776760800
2026.04.21 16:15:09,1717,1934,0,1,0.02,4761.46,47.82,0.00,0.00,770101,tp 4761.63
2026.04.21 17:05:47,1718,1937,1,0,0.02,4781.35,0.00,0.00,0.00,770101,OBR#S#1776783900
2026.04.21 17:40:19,1719,1937,0,1,0.02,4751.85,59.00,0.00,0.00,770101,tp 4751.89
2026.04.21 19:00:00,1720,1939,1,0,0.02,4742.31,0.00,0.00,0.00,770101,OBR#S#1776795300
2026.04.21 19:53:24,1721,1939,0,1,0.02,4711.91,60.80,0.00,0.00,770101,tp 4712.12
2026.04.21 21:54:51,1722,1942,1,0,0.02,4708.48,0.00,0.00,0.00,770101,OBR#S#1776800700
2026.04.21 22:42:51,1723,1942,0,1,0.02,4679.19,58.58,0.00,0.00,770101,tp 4679.51
2026.04.22 07:45:58,1724,1945,1,0,0.06,4757.83,0.00,0.00,0.00,770101,OBR#S#1776839100
2026.04.22 08:08:02,1725,1946,1,0,0.08,4755.40,0.00,0.00,0.00,770101,OBR#S#1776841200
2026.04.22 08:16:10,1726,1946,0,1,0.08,4760.50,-40.80,0.00,0.00,770101,sl 4759.71
2026.04.22 08:16:18,1727,1945,0,1,0.06,4763.49,-33.96,0.00,0.00,770101,sl 4763.48
2026.04.22 09:15:23,1728,1949,1,0,0.04,4763.22,0.00,0.00,0.00,770101,OBR#S#1776846000
2026.04.22 10:08:22,1729,1949,0,1,0.04,4771.77,-34.20,0.00,0.00,770101,sl 4771.69
2026.04.22 12:29:51,1730,1951,0,0,0.07,4756.67,0.00,0.00,0.00,770101,OBR#L#1776844800
2026.04.22 12:45:51,1731,1952,0,0,0.08,4757.99,0.00,0.00,0.00,770101,OBR#L#1776858300
2026.04.22 12:54:18,1732,1952,1,1,0.08,4753.93,-32.48,0.00,0.00,770101,sl 4753.98
2026.04.22 13:02:48,1733,1951,1,1,0.07,4751.93,-33.18,0.00,0.00,770101,sl 4752.01
2026.04.22 13:16:44,1734,1955,1,0,0.03,4752.12,0.00,0.00,0.00,770101,OBR#S#1776860400
2026.04.22 13:40:52,1735,1956,0,0,0.03,4756.32,0.00,0.00,0.00,770101,OBR#L#1776863100
2026.04.22 15:20:00,1736,1956,1,1,0.03,4747.24,-27.24,0.00,0.00,770101,sl 4747.32
2026.04.22 16:50:59,1737,1958,0,0,0.02,4755.21,0.00,0.00,0.00,770101,OBR#L#1776874200
2026.04.22 17:30:39,1738,1958,1,1,0.02,4740.35,-29.72,0.00,0.00,770101,sl 4740.37
2026.04.22 17:35:39,1739,1955,0,1,0.03,4732.29,59.49,0.00,0.00,770101,tp 4732.40
2026.04.22 17:40:10,1740,1961,1,0,0.01,4738.46,0.00,0.00,0.00,770101,OBR#S#1776876300
2026.04.22 18:56:08,1741,1962,1,0,0.03,4730.84,0.00,0.00,0.00,770101,OBR#S#1776881400
2026.04.22 19:39:49,1742,1963,1,0,0.05,4730.50,0.00,0.00,0.00,770101,OBR#S#1776882300
2026.04.22 20:05:15,1743,1963,0,1,0.05,4736.50,-30.00,0.00,0.00,770101,sl 4736.35
2026.04.22 21:45:40,1744,1962,0,1,0.03,4740.40,-28.68,0.00,0.00,770101,sl 4740.27
2026.04.23 02:45:10,1745,1967,1,0,0.05,4725.85,0.00,0.00,0.00,770101,OBR#S#1776909000
2026.04.23 03:10:17,1746,1967,0,1,0.05,4712.26,67.95,0.00,0.00,770101,tp 4712.56
2026.04.23 03:19:53,1747,1968,1,0,0.05,4722.43,0.00,0.00,0.00,770101,OBR#S#1776911100
2026.04.23 03:20:47,1748,1968,0,1,0.05,4728.62,-30.95,0.00,0.00,770101,sl 4728.33
2026.04.23 05:30:03,1749,1971,0,0,0.02,4713.57,0.00,0.00,0.00,770101,OBR#L#1776913800
2026.04.23 05:56:05,1750,1971,1,1,0.02,4698.53,-30.08,0.00,0.00,770101,sl 4698.68
2026.04.23 07:52:41,1751,1973,1,0,0.09,4703.76,0.00,0.00,0.00,770101,OBR#S#1776926700
2026.04.23 08:01:02,1752,1973,0,1,0.09,4707.43,-33.03,0.00,0.00,770101,sl 4707.40
2026.04.23 08:30:46,1753,1961,0,1,0.01,4693.44,45.02,0.00,1.03,770101,tp 4693.54
2026.04.23 11:31:59,1754,1976,0,0,0.02,4713.24,0.00,0.00,0.00,770101,OBR#L#1776933600
2026.04.23 12:02:08,1755,1976,1,1,0.02,4700.67,-25.14,0.00,0.00,770101,sl 4700.69
2026.04.23 13:33:51,1756,1978,1,0,0.02,4693.20,0.00,0.00,0.00,770101,OBR#S#1776944700
2026.04.23 14:46:05,1757,1978,0,1,0.02,4706.56,-26.72,0.00,0.00,770101,sl 4706.55
2026.04.23 17:05:10,1758,1981,1,0,0.01,4725.53,0.00,0.00,0.00,770101,OBR#S#1776959700
2026.04.23 18:28:09,1759,1982,0,0,0.02,4735.90,0.00,0.00,0.00,770101,OBR#L#1776964500
2026.04.23 18:45:29,1760,1982,1,1,0.02,4723.58,-24.64,0.00,0.00,770101,sl 4723.60
2026.04.23 19:34:49,1761,1984,1,0,0.02,4728.84,0.00,0.00,0.00,770101,OBR#S#1776968100
2026.04.23 20:31:33,1762,1984,0,1,0.02,4702.87,51.94,0.00,0.00,770101,tp 4703.17
2026.04.23 20:41:46,1763,1981,0,1,0.01,4690.00,35.53,0.00,0.00,770101,tp 4690.13
2026.04.23 23:20:15,1764,1987,1,0,0.03,4692.00,0.00,0.00,0.00,770101,OBR#S#1776982800
2026.04.24 02:57:52,1765,1988,0,0,0.06,4693.24,0.00,0.00,0.00,770101,OBR#L#1776988200
2026.04.24 03:27:11,1766,1987,0,1,0.03,4702.32,-30.96,0.00,1.03,770101,sl 4702.32
2026.04.24 03:27:56,1767,1988,1,1,0.06,4704.18,65.64,0.00,0.00,770101,tp 4703.84
2026.04.24 03:55:00,1768,1991,1,0,0.04,4703.64,0.00,0.00,0.00,770101,OBR#S#1776981000
2026.04.24 04:20:09,1769,1992,0,0,0.04,4704.80,0.00,0.00,0.00,770101,OBR#L#1777000500
2026.04.24 04:31:58,1770,1992,1,1,0.04,4696.82,-31.92,0.00,0.00,770101,sl 4696.88
2026.04.24 05:24:42,1771,1991,0,1,0.04,4685.99,70.60,0.00,0.00,770101,tp 4686.02
2026.04.24 05:30:09,1772,1995,1,0,0.02,4686.93,0.00,0.00,0.00,770101,OBR#S#1777006500
2026.04.24 07:30:17,1773,1995,0,1,0.02,4658.98,55.90,0.00,0.00,770101,tp 4658.98
2026.04.24 13:40:51,1774,1997,1,0,0.03,4678.85,0.00,0.00,0.00,770101,OBR#S#1777034400
2026.04.24 14:04:52,1775,1997,0,1,0.03,4688.97,-30.36,0.00,0.00,770101,sl 4688.64
2026.04.24 15:58:09,1776,2000,1,0,0.01,4699.42,0.00,0.00,0.00,770101,OBR#S#1777040700
2026.04.24 16:48:38,1777,2000,0,1,0.01,4717.20,-17.78,0.00,0.00,770101,sl 4717.15
2026.04.24 19:42:13,1778,2003,0,0,0.07,4722.53,0.00,0.00,0.00,770101,OBR#L#1777055400
2026.04.24 20:06:11,1779,2004,0,0,0.05,4726.82,0.00,0.00,0.00,770101,OBR#L#1777057800
2026.04.24 20:31:02,1780,2004,1,1,0.05,4720.13,-33.45,0.00,0.00,770101,sl 4720.15
2026.04.24 21:00:17,1781,2006,0,0,0.11,4723.19,0.00,0.00,0.00,770101,OBR#L#1777059900
2026.04.24 21:05:52,1782,2006,1,1,0.11,4720.22,-32.67,0.00,0.00,770101,sl 4720.25
2026.04.24 21:28:26,1783,2003,1,1,0.07,4718.02,-31.57,0.00,0.00,770101,sl 4718.03
2026.04.27 04:20:06,1784,2011,1,0,0.02,4696.69,0.00,0.00,0.00,770101,OBR#S#1777074600
2026.04.27 05:15:49,1785,2012,1,0,0.03,4700.29,0.00,0.00,0.00,770101,OBR#S#1777262400
2026.04.27 05:37:15,1786,2011,0,1,0.02,4709.80,-26.22,0.00,0.00,770101,sl 4709.64
2026.04.27 05:37:15,1787,2012,0,1,0.03,4709.87,-28.74,0.00,0.00,770101,sl 4709.87
2026.04.27 06:31:06,1788,2016,1,0,0.07,4718.80,0.00,0.00,0.00,770101,OBR#S#1777068600
2026.04.27 06:35:42,1789,2016,0,1,0.07,4722.92,-28.84,0.00,0.00,770101,sl 4722.91
2026.04.27 10:11:33,1790,2019,0,0,0.07,4714.50,0.00,0.00,0.00,770101,OBR#L#1777282800
2026.04.27 10:54:34,1791,2019,1,1,0.07,4710.18,-30.24,0.00,0.00,770101,sl 4710.22
2026.04.27 11:50:18,1792,2021,0,0,0.04,4711.35,0.00,0.00,0.00,770101,OBR#L#1777267800
2026.04.27 12:10:11,1793,2021,1,1,0.04,4704.19,-28.64,0.00,0.00,770101,sl 4704.26
2026.04.27 12:57:06,1794,2023,1,0,0.09,4702.64,0.00,0.00,0.00,770101,OBR#S#1777292400
2026.04.27 13:04:38,1795,2023,0,1,0.09,4706.26,-32.58,0.00,0.00,770101,sl 4706.20
2026.04.27 13:14:05,1796,2025,0,0,0.05,4702.61,0.00,0.00,0.00,770101,OBR#L#1777266300
2026.04.27 13:20:34,1797,2026,1,0,0.13,4703.07,0.00,0.00,0.00,770101,OBR#S#1777293600
2026.04.27 13:23:42,1798,2026,0,1,0.13,4705.66,-33.67,0.00,0.00,770101,sl 4705.47
2026.04.27 14:15:59,1799,2028,0,0,0.09,4703.33,0.00,0.00,0.00,770101,OBR#L#1777293900
2026.04.27 14:45:21,1800,2029,1,0,0.08,4704.28,0.00,0.00,0.00,770101,OBR#S#1777298700
2026.04.27 15:10:12,1801,2029,0,1,0.08,4707.94,-29.28,0.00,0.00,770101,sl 4707.93
2026.04.27 15:15:22,1802,2028,1,1,0.09,4710.17,61.56,0.00,0.00,770101,tp 4710.02
2026.04.27 16:01:31,1803,2025,1,1,0.05,4696.28,-31.65,0.00,0.00,770101,sl 4696.40
2026.04.27 16:48:07,1804,2034,1,0,0.03,4695.68,0.00,0.00,0.00,770101,OBR#S#1777304700
2026.04.27 17:55:08,1805,2034,0,1,0.03,4678.91,50.31,0.00,0.00,770101,tp 4679.17
2026.04.27 18:29:59,1806,2036,1,0,0.02,4681.11,0.00,0.00,0.00,770101,OBR#S#1777310100
2026.04.27 20:23:15,1807,2037,1,0,0.07,4675.59,0.00,0.00,0.00,770101,OBR#S#1777314900
2026.04.27 20:29:13,1808,2037,0,1,0.07,4679.70,-28.77,0.00,0.00,770101,sl 4679.65
2026.04.27 21:06:00,1809,2039,0,0,0.02,4679.21,0.00,0.00,0.00,770101,OBR#L#1777316100
2026.04.27 22:44:08,1810,2040,1,0,0.06,4679.08,0.00,0.00,0.00,770101,OBR#S#1777326300
2026.04.28 01:01:00,1811,2040,0,1,0.06,4684.39,-31.86,0.00,2.06,770101,sl 4684.13
2026.04.28 01:27:25,1812,2042,1,0,0.04,4688.47,0.00,0.00,0.00,770101,OBR#S#1777311600
2026.04.28 02:49:26,1813,2042,0,1,0.04,4695.03,-26.24,0.00,0.00,770101,sl 4695.00
2026.04.28 03:02:36,1814,2036,0,1,0.02,4696.73,-31.24,0.00,0.69,770101,sl 4696.67
2026.04.28 04:11:52,1815,2045,1,0,0.02,4690.90,0.00,0.00,0.00,770101,OBR#S#1777345500
2026.04.28 05:00:01,1816,2045,0,1,0.02,4669.48,42.84,0.00,0.00,770101,tp 4669.58
2026.04.28 05:00:06,1817,2039,1,1,0.02,4667.91,-22.60,0.00,-1.59,770101,sl 4667.92
2026.04.28 05:30:09,1818,2048,0,0,0.05,4674.06,0.00,0.00,0.00,770101,OBR#L#1777320900
2026.04.28 05:56:29,1819,2048,1,1,0.05,4668.13,-29.65,0.00,0.00,770101,sl 4668.15
2026.04.28 07:12:54,1820,2050,1,0,0.03,4669.08,0.00,0.00,0.00,770101,OBR#S#1777353900
2026.04.28 07:31:41,1821,2051,1,0,0.07,4667.93,0.00,0.00,0.00,770101,OBR#S#1777359300
2026.04.28 08:06:16,1822,2051,0,1,0.07,4659.47,59.22,0.00,0.00,770101,tp 4659.58
2026.04.28 08:06:19,1823,2050,0,1,0.03,4649.29,59.37,0.00,0.00,770101,tp 4651.85
2026.04.28 09:15:49,1824,2054,0,0,0.02,4637.77,0.00,0.00,0.00,770101,OBR#L#1777365600
2026.04.28 09:23:28,1825,2054,1,1,0.02,4623.68,-28.18,0.00,0.00,770101,sl 4624.28
2026.04.28 15:20:36,1826,2056,1,0,0.01,4592.10,0.00,0.00,0.00,770101,OBR#S#1777384800
2026.04.28 16:29:53,1827,2057,1,0,0.01,4584.45,0.00,0.00,0.00,770101,OBR#S#1777386000
2026.04.28 19:17:08,1828,2058,0,0,0.01,4581.34,0.00,0.00,0.00,770101,OBR#L#1777398300
2026.04.29 03:01:07,1829,2057,0,1,0.01,4604.57,-20.12,0.00,0.34,770101,sl 4604.25
2026.04.29 03:10:03,1830,2056,0,1,0.01,4608.87,-16.77,0.00,0.34,770101,sl 4608.85
2026.04.29 06:01:11,1831,2061,1,0,0.04,4594.75,0.00,0.00,0.00,770101,OBR#S#1777434900
2026.04.29 06:13:19,1832,2061,0,1,0.04,4602.26,-30.04,0.00,0.00,770101,sl 4602.08
2026.04.29 08:41:17,1833,2063,1,0,0.02,4596.91,0.00,0.00,0.00,770101,OBR#S#1777431900
2026.04.29 09:01:18,1834,2064,1,0,0.08,4597.64,0.00,0.00,0.00,770101,OBR#S#1777451100
2026.04.29 09:11:15,1835,2064,0,1,0.08,4590.39,58.00,0.00,0.00,770101,tp 4590.39
2026.04.29 10:25:43,1836,2063,0,1,0.02,4573.57,46.68,0.00,0.00,770101,tp 4573.64
2026.04.29 11:35:50,1837,2058,1,1,0.01,4560.50,-20.84,0.00,-0.79,770101,sl 4560.76
2026.04.29 13:50:58,1838,2069,1,0,0.03,4570.60,0.00,0.00,0.00,770101,OBR#S#1777464900
2026.04.29 15:06:31,1839,2070,1,0,0.03,4567.10,0.00,0.00,0.00,770101,OBR#S#1777469400
2026.04.29 15:44:25,1840,2071,1,0,0.03,4559.67,0.00,0.00,0.00,770101,OBR#S#1777473000
2026.04.29 15:51:55,1841,2069,0,1,0.03,4549.82,62.34,0.00,0.00,770101,tp 4550.32
2026.04.29 15:53:03,1842,2070,0,1,0.03,4547.28,59.46,0.00,0.00,770101,tp 4547.37
2026.04.29 15:55:36,1843,2071,0,1,0.03,4543.20,49.41,0.00,0.00,770101,tp 4543.25
2026.04.29 18:52:30,1844,2075,0,0,0.01,4550.38,0.00,0.00,0.00,770101,OBR#L#1777483500
2026.04.29 19:00:13,1845,2076,1,0,0.02,4548.49,0.00,0.00,0.00,770101,OBR#S#1777477200
2026.04.29 19:02:58,1846,2076,0,1,0.02,4559.93,-22.88,0.00,0.00,770101,sl 4559.82
2026.04.29 19:12:12,1847,2078,0,0,0.01,4559.34,0.00,0.00,0.00,770101,OBR#L#1777487100
2026.04.29 20:23:29,1848,2079,1,0,0.02,4552.73,0.00,0.00,0.00,770101,OBR#S#1777475700
2026.04.29 21:00:19,1849,2078,1,1,0.01,4540.72,-18.62,0.00,0.00,770101,sl 4541.41
2026.04.29 21:09:41,1850,2075,1,1,0.01,4531.85,-18.53,0.00,0.00,770101,sl 4531.85
2026.04.29 21:16:38,1851,2082,1,0,0.01,4535.34,0.00,0.00,0.00,770101,OBR#S#1777494000
2026.04.29 21:45:08,1852,2079,0,1,0.02,4519.80,65.86,0.00,0.00,770101,tp 4519.80
2026.04.29 22:57:52,1853,2085,0,0,0.03,4546.44,0.00,0.00,0.00,770101,OBR#L#1777500000
2026.04.30 02:16:48,1854,2082,0,1,0.01,4554.56,-19.22,0.00,1.03,770101,sl 4554.56
2026.04.30 03:00:13,1855,2085,1,1,0.03,4565.55,57.33,0.00,-7.15,770101,tp 4565.03
2026.04.30 17:41:25,1856,2090,1,0,0.03,4617.37,0.00,0.00,0.00,770101,OBR#S#1777567200
2026.04.30 18:36:24,1857,2091,0,0,0.03,4621.56,0.00,0.00,0.00,770101,OBR#L#1777568100
2026.04.30 19:01:50,1858,2091,1,1,0.03,4610.30,-33.78,0.00,0.00,770101,sl 4610.48
2026.04.30 22:06:42,1859,2090,0,1,0.03,4627.10,-29.19,0.00,0.00,770101,sl 4626.76
2026.04.30 22:50:02,1860,2095,0,0,0.07,4619.59,0.00,0.00,0.00,770101,OBR#L#1777582200
2026.04.30 22:52:00,1861,2095,1,1,0.07,4615.06,-31.71,0.00,0.00,770101,sl 4615.17
2026.05.01 03:45:25,1862,2097,1,0,0.03,4622.41,0.00,0.00,0.00,770101,OBR#S#1777603800
2026.05.01 04:36:48,1863,2098,1,0,0.06,4620.92,0.00,0.00,0.00,770101,OBR#S#1777605900
2026.05.01 05:09:07,1864,2098,0,1,0.06,4625.77,-29.10,0.00,0.00,770101,sl 4625.69
2026.05.01 05:11:35,1865,2097,0,1,0.03,4632.38,-29.91,0.00,0.00,770101,sl 4632.37
2026.05.01 08:47:27,1866,2101,1,0,0.05,4611.86,0.00,0.00,0.00,770101,OBR#S#1777620900
2026.05.01 09:17:33,1867,2101,0,1,0.05,4600.46,57.00,0.00,0.00,770101,tp 4600.52
2026.05.01 14:05:03,1868,2104,1,0,0.08,4568.87,0.00,0.00,0.00,770101,OBR#S#1777641900
2026.05.01 14:20:20,1869,2104,0,1,0.08,4572.80,-31.44,0.00,0.00,770101,sl 4572.79
2026.05.01 16:02:08,1870,2107,1,0,0.02,4595.51,0.00,0.00,0.00,770101,OBR#S#1777626000
2026.05.01 16:41:25,1871,2107,0,1,0.02,4608.00,-24.98,0.00,0.00,770101,sl 4607.91
2026.05.01 22:20:28,1872,2109,0,0,0.03,4625.85,0.00,0.00,0.00,770101,OBR#L#1777671000
2026.05.01 22:33:53,1873,2109,1,1,0.03,4617.36,-25.47,0.00,0.00,770101,sl 4617.45
2026.05.01 23:37:38,1874,2112,0,0,0.02,4612.33,0.00,0.00,0.00,770101,OBR#L#1777653900
2026.05.04 01:22:05,1875,2113,0,0,0.06,4614.37,0.00,0.00,0.00,770101,OBR#L#1777677300
2026.05.04 01:36:19,1876,2113,1,1,0.06,4624.98,63.66,0.00,0.00,770101,tp 4624.85
2026.05.04 01:52:08,1877,2116,0,0,0.02,4625.37,0.00,0.00,0.00,770101,OBR#L#1777679100
2026.05.04 01:53:17,1878,2115,0,0,0.04,4622.52,0.00,0.00,0.00,770101,OBR#L#1777679700
2026.05.04 02:08:25,1879,2115,1,1,0.04,4614.30,-32.88,0.00,0.00,770101,sl 4614.81
2026.05.04 02:12:44,1880,2116,1,1,0.02,4612.41,-25.92,0.00,0.00,770101,sl 4612.44
2026.05.04 03:33:18,1881,2119,1,0,0.03,4609.52,0.00,0.00,0.00,770101,OBR#S#1777861800
2026.05.04 04:07:26,1882,2112,1,1,0.02,4598.70,-27.26,0.00,-1.59,770101,sl 4598.74
2026.05.04 04:17:39,1883,2121,1,0,0.02,4603.50,0.00,0.00,0.00,770101,OBR#S#1777863900
2026.05.04 05:00:18,1884,2121,0,1,0.02,4616.59,-26.18,0.00,0.00,770101,sl 4616.58
2026.05.04 05:00:47,1885,2119,0,1,0.03,4618.45,-26.79,0.00,0.00,770101,sl 4618.43
2026.05.04 05:54:55,1886,2124,1,0,0.09,4610.24,0.00,0.00,0.00,770101,OBR#S#1777866900
2026.05.04 06:39:12,1887,2124,0,1,0.09,4603.31,62.37,0.00,0.00,770101,tp 4603.37
2026.05.04 07:04:04,1888,2126,0,0,0.01,4609.29,0.00,0.00,0.00,770101,OBR#L#1777872300
2026.05.04 07:17:29,1889,2127,1,0,0.05,4612.20,0.00,0.00,0.00,770101,OBR#S#1777870800
2026.05.04 07:51:25,1890,2128,1,0,0.04,4609.58,0.00,0.00,0.00,770101,OBR#S#1777877700
2026.05.04 08:27:20,1891,2127,0,1,0.05,4598.98,66.10,0.00,0.00,770101,tp 4599.33
2026.05.04 08:32:47,1892,2128,0,1,0.04,4593.94,62.56,0.00,0.00,770101,tp 4594.00
2026.05.04 09:05:12,1893,2126,1,1,0.01,4591.42,-17.87,0.00,0.00,770101,sl 4591.43
2026.05.04 16:06:26,1894,2133,1,0,0.05,4568.65,0.00,0.00,0.00,770101,OBR#S#1777907700
2026.05.04 16:10:01,1895,2133,0,1,0.05,4576.07,-37.10,0.00,0.00,770101,sl 4574.78
2026.05.04 17:55:11,1896,2135,1,0,0.03,4571.60,0.00,0.00,0.00,770101,OBR#S#1777898700
2026.05.04 18:14:28,1897,2135,0,1,0.03,4549.15,67.35,0.00,0.00,770101,tp 4549.30
2026.05.04 20:02:03,1898,2138,1,0,0.05,4518.79,0.00,0.00,0.00,770101,OBR#S#1777921200
2026.05.04 20:06:28,1899,2138,0,1,0.05,4525.60,-34.05,0.00,0.00,770101,sl 4525.51
2026.05.04 21:07:39,1900,2140,0,0,0.01,4520.41,0.00,0.00,0.00,770101,OBR#L#1777921800
2026.05.05 01:05:56,1901,2141,0,0,0.04,4519.68,0.00,0.00,0.00,770101,OBR#L#1777936500
2026.05.05 02:06:00,1902,2142,1,0,0.08,4519.44,0.00,0.00,0.00,770101,OBR#S#1777934700
2026.05.05 03:02:29,1903,2142,0,1,0.08,4523.47,-32.24,0.00,0.00,770101,sl 4523.46
2026.05.05 03:20:33,1904,2144,0,0,0.04,4522.34,0.00,0.00,0.00,770101,OBR#L#1777945800
2026.05.05 03:27:08,1905,2144,1,1,0.04,4515.51,-27.32,0.00,0.00,770101,sl 4515.54
2026.05.05 04:05:01,1906,2141,1,1,0.04,4535.00,61.28,0.00,0.00,770101,tp 4534.95
2026.05.05 08:18:12,1907,2148,0,0,0.06,4536.12,0.00,0.00,0.00,770101,OBR#L#1777966800
2026.05.05 08:34:56,1908,2148,1,1,0.06,4546.40,61.68,0.00,0.00,770101,tp 4546.30
2026.05.05 10:44:58,1909,2151,0,0,0.06,4551.53,0.00,0.00,0.00,770101,OBR#L#1777974900
2026.05.05 10:46:58,1910,2151,1,1,0.06,4546.99,-27.24,0.00,0.00,770101,sl 4546.99
2026.05.05 11:03:55,1911,2153,1,0,0.04,4548.01,0.00,0.00,0.00,770101,OBR#S#1777976100
2026.05.05 11:53:07,1912,2153,0,1,0.04,4555.74,-30.92,0.00,0.00,770101,sl 4555.72
2026.05.05 12:08:30,1913,2140,1,1,0.01,4560.14,39.73,0.00,-0.79,770101,tp 4560.10
2026.05.05 16:36:34,1914,2156,0,0,0.02,4574.05,0.00,0.00,0.00,770101,OBR#L#1777994100
2026.05.05 17:55:16,1915,2157,1,0,0.06,4579.36,0.00,0.00,0.00,770101,OBR#S#1778000700
2026.05.05 18:56:56,1916,2157,0,1,0.06,4569.03,61.98,0.00,0.00,770101,tp 4569.09
2026.05.05 19:25:11,1917,2156,1,1,0.02,4561.05,-26.00,0.00,0.00,770101,sl 4561.07
2026.05.05 20:18:39,1918,2162,1,0,0.05,4559.82,0.00,0.00,0.00,770101,OBR#S#1778008200
2026.05.05 21:20:36,1919,2163,0,0,0.03,4562.49,0.00,0.00,0.00,770101,OBR#L#1778011500
2026.05.05 21:53:18,1920,2164,0,0,0.11,4561.50,0.00,0.00,0.00,770101,OBR#L#1778014800
2026.05.05 22:04:40,1921,2164,1,1,0.11,4558.50,-33.00,0.00,0.00,770101,sl 4558.59
2026.05.05 22:56:23,1922,2163,1,1,0.03,4553.24,-27.75,0.00,0.00,770101,sl 4553.25
2026.05.06 01:52:16,1923,2167,1,0,0.04,4552.80,0.00,0.00,0.00,770101,OBR#S#1778023500
2026.05.06 01:55:00,1924,2167,0,1,0.04,4559.97,-28.68,0.00,0.00,770101,sl 4559.87
2026.05.06 01:55:29,1925,2162,0,1,0.05,4566.64,-34.10,0.00,1.72,770101,sl 4566.61
2026.05.06 06:33:09,1926,2172,0,0,0.01,4643.11,0.00,0.00,0.00,770101,OBR#L#1778043000
2026.05.06 09:05:03,1927,2173,0,0,0.02,4658.33,0.00,0.00,0.00,770101,OBR#L#1778056200
2026.05.06 10:11:24,1928,2174,0,0,0.04,4665.46,0.00,0.00,0.00,770101,OBR#L#1778058900
2026.05.06 10:15:04,1929,2174,1,1,0.04,4658.19,-29.08,0.00,0.00,770101,sl 4658.19
2026.05.06 11:00:12,1930,2172,1,1,0.01,4681.93,38.82,0.00,0.00,770101,tp 4681.83
2026.05.06 11:50:17,1931,2173,1,1,0.02,4685.75,54.84,0.00,0.00,770101,tp 4685.56
2026.05.06 15:30:30,1932,2179,0,0,0.01,4682.10,0.00,0.00,0.00,770101,OBR#L#1778063700
2026.05.06 16:45:42,1933,2180,0,0,0.01,4693.25,0.00,0.00,0.00,770101,OBR#L#1778080500
2026.05.06 19:05:28,1934,2181,1,0,0.02,4687.91,0.00,0.00,0.00,770101,OBR#S#1778091300
2026.05.07 03:23:55,1935,2181,0,1,0.02,4701.39,-26.96,0.00,2.06,770101,sl 4701.29
2026.05.07 04:53:22,1936,2179,1,1,0.01,4721.10,39.00,0.00,-2.38,770101,tp 4721.08
2026.05.07 08:30:07,1937,2184,1,0,0.10,4697.67,0.00,0.00,0.00,770101,OBR#S#1778137500
2026.05.07 08:31:02,1938,2184,0,1,0.10,4700.81,-31.40,0.00,0.00,770101,sl 4700.79
2026.05.07 11:10:46,1939,2186,0,0,0.02,4746.05,0.00,0.00,0.00,770101,OBR#L#1778148000
2026.05.07 11:59:36,1940,2186,1,1,0.02,4731.51,-29.08,0.00,0.00,770101,sl 4731.53
2026.05.07 13:19:49,1941,2188,0,0,0.03,4732.49,0.00,0.00,0.00,770101,OBR#L#1778155200
2026.05.07 13:49:51,1942,2189,0,0,0.03,4736.04,0.00,0.00,0.00,770101,OBR#L#1778158500
2026.05.07 16:32:56,1943,2188,1,1,0.03,4754.09,64.80,0.00,0.00,770101,tp 4753.92
2026.05.07 16:33:47,1944,2189,1,1,0.03,4757.04,63.00,0.00,0.00,770101,tp 4756.92
2026.05.07 17:25:16,1945,2180,1,1,0.01,4759.35,66.10,0.00,-2.38,770101,tp 4759.07
2026.05.07 17:31:21,1946,2193,0,0,0.01,4756.07,0.00,0.00,0.00,770101,OBR#L#1778170200
2026.05.07 17:41:31,1947,2194,1,0,0.08,4754.07,0.00,0.00,0.00,770101,OBR#S#1778171400
2026.05.07 17:46:41,1948,2194,0,1,0.08,4758.36,-34.32,0.00,0.00,770101,sl 4758.29
2026.05.07 18:02:41,1949,2196,0,0,0.01,4759.92,0.00,0.00,0.00,770101,OBR#L#1778174100
2026.05.07 18:26:41,1950,2196,1,1,0.01,4740.54,-19.38,0.00,0.00,770101,sl 4740.91
2026.05.07 18:52:20,1951,2193,1,1,0.01,4730.97,-25.10,0.00,0.00,770101,sl 4731.14
2026.05.07 22:17:59,1952,2200,0,0,0.04,4705.07,0.00,0.00,0.00,770101,OBR#L#1778186700
2026.05.07 22:25:15,1953,2200,1,1,0.04,4698.07,-28.00,0.00,0.00,770101,sl 4698.09
2026.05.07 22:47:56,1954,2202,0,0,0.03,4707.00,0.00,0.00,0.00,770101,OBR#L#1778190300
2026.05.07 23:15:13,1955,2203,0,0,0.02,4710.78,0.00,0.00,0.00,770101,OBR#L#1778192400
2026.05.07 23:39:11,1956,2203,1,1,0.02,4699.05,-23.46,0.00,0.00,770101,sl 4699.06
2026.05.07 23:39:11,1957,2202,1,1,0.03,4698.41,-25.77,0.00,0.00,770101,sl 4698.42
2026.05.08 01:40:03,1958,2206,1,0,0.02,4690.53,0.00,0.00,0.00,770101,OBR#S#1778197200
2026.05.08 03:06:36,1959,2206,0,1,0.02,4706.81,-32.56,0.00,0.00,770101,sl 4706.80
2026.05.08 04:14:07,1960,2208,0,0,0.02,4712.90,0.00,0.00,0.00,770101,OBR#L#1778210700
2026.05.08 05:49:55,1961,2209,1,0,0.01,4715.36,0.00,0.00,0.00,770101,OBR#S#1778216400
2026.05.08 06:22:03,1962,2210,0,0,0.02,4717.74,0.00,0.00,0.00,770101,OBR#L#1778214900
2026.05.08 09:28:56,1963,2209,0,1,0.01,4732.98,-17.62,0.00,0.00,770101,sl 4732.81
2026.05.08 10:23:11,1964,2210,1,1,0.02,4704.98,-25.52,0.00,0.00,770101,sl 4705.07
2026.05.08 10:40:35,1965,2213,0,0,0.03,4708.01,0.00,0.00,0.00,770101,OBR#L#1778212200
2026.05.08 14:00:13,1966,2215,1,0,0.03,4721.77,0.00,0.00,0.00,770101,OBR#S#1778233200
2026.05.08 15:43:52,1967,2213,1,1,0.03,4728.93,62.76,0.00,0.00,770101,tp 4728.77
2026.05.08 16:30:31,1968,2215,0,1,0.03,4732.49,-32.16,0.00,0.00,770101,sl 4732.47
2026.05.08 16:40:01,1969,2218,0,0,0.01,4738.31,0.00,0.00,0.00,770101,OBR#L#1778256300
2026.05.08 16:57:36,1970,2208,1,1,0.02,4746.32,66.84,0.00,0.00,770101,tp 4746.16
2026.05.08 17:30:00,1971,2218,1,1,0.01,4717.71,-20.60,0.00,0.00,770101,sl 4718.22
2026.05.08 18:20:58,1972,2221,1,0,0.02,4709.07,0.00,0.00,0.00,770101,OBR#S#1778261700
2026.05.08 21:00:34,1973,2221,0,1,0.02,4725.28,-32.42,0.00,0.00,770101,sl 4725.12
2026.05.11 04:30:02,1974,2223,0,0,0.01,4698.83,0.00,0.00,0.00,770101,OBR#L#1778471400
2026.05.11 05:00:22,1975,2224,1,0,0.01,4687.43,0.00,0.00,0.00,770101,OBR#S#1778473200
2026.05.11 07:30:42,1976,2223,1,1,0.01,4669.58,-29.25,0.00,0.00,770101,sl 4670.19
2026.05.11 08:55:29,1977,2224,0,1,0.01,4651.12,36.31,0.00,0.00,770101,tp 4651.12
2026.05.11 10:15:16,1978,2227,1,0,0.13,4676.72,0.00,0.00,0.00,770101,OBR#S#1778488200
2026.05.11 10:47:01,1979,2227,0,1,0.13,4670.94,75.14,0.00,0.00,770101,tp 4671.72
2026.05.11 11:11:55,1980,2229,1,0,0.04,4672.95,0.00,0.00,0.00,770101,OBR#S#1778493600
2026.05.11 12:29:07,1981,2229,0,1,0.04,4657.93,60.08,0.00,0.00,770101,tp 4657.96
2026.05.11 12:51:29,1982,2232,0,0,0.02,4660.74,0.00,0.00,0.00,770101,OBR#L#1778489700
2026.05.11 13:30:05,1983,2233,0,0,0.02,4663.06,0.00,0.00,0.00,770101,OBR#L#1778502600
2026.05.11 14:12:34,1984,2234,0,0,0.04,4667.22,0.00,0.00,0.00,770101,OBR#L#1778506500
2026.05.11 15:21:53,1985,2234,1,1,0.04,4681.50,57.12,0.00,0.00,770101,tp 4681.40
2026.05.11 15:23:06,1986,2232,1,1,0.02,4687.14,52.80,0.00,0.00,770101,tp 4687.08
2026.05.11 15:23:18,1987,2233,1,1,0.02,4688.71,51.30,0.00,0.00,770101,tp 4688.28
2026.05.11 18:53:57,1988,2239,1,0,0.03,4731.49,0.00,0.00,0.00,770101,OBR#S#1778518200
2026.05.11 19:43:08,1989,2239,0,1,0.03,4709.43,66.18,0.00,0.00,770101,tp 4709.55
2026.05.11 21:40:38,1990,2241,0,0,0.07,4726.39,0.00,0.00,0.00,770101,OBR#L#1778532600
2026.05.11 23:00:56,1991,2241,1,1,0.07,4736.27,69.16,0.00,0.00,770101,tp 4736.25
2026.05.12 01:13:43,1992,2244,0,0,0.06,4738.95,0.00,0.00,0.00,770101,OBR#L#1778541600
2026.05.12 01:46:26,1993,2244,1,1,0.06,4752.16,79.26,0.00,0.00,770101,tp 4750.91
2026.05.12 07:29:07,1994,2246,0,0,0.07,4724.37,0.00,0.00,0.00,770101,OBR#L#1778568600
2026.05.12 07:36:12,1995,2247,1,0,0.10,4724.35,0.00,0.00,0.00,770101,OBR#S#1778567700
2026.05.12 07:48:26,1996,2246,1,1,0.07,4718.92,-38.15,0.00,0.00,770101,sl 4719.01
2026.05.12 07:52:49,1997,2247,0,1,0.10,4716.49,78.60,0.00,0.00,770101,tp 4716.59
2026.05.12 08:31:00,1998,2250,1,0,0.03,4720.62,0.00,0.00,0.00,770101,OBR#S#1778570100
2026.05.12 09:16:47,1999,2250,0,1,0.03,4700.75,59.61,0.00,0.00,770101,tp 4700.76
2026.05.12 11:45:23,2000,2252,1,0,0.06,4701.36,0.00,0.00,0.00,770101,OBR#S#1778583600
2026.05.12 11:56:41,2001,2253,0,0,0.06,4702.75,0.00,0.00,0.00,770101,OBR#L#1778584500
2026.05.12 12:24:26,2002,2254,1,0,0.15,4701.68,0.00,0.00,0.00,770101,OBR#S#1778585100
2026.05.12 12:30:44,2003,2254,0,1,0.15,4704.19,-37.65,0.00,0.00,770101,sl 4704.17
2026.05.12 12:44:28,2004,2253,1,1,0.06,4696.69,-36.36,0.00,0.00,770101,sl 4697.00
2026.05.12 13:07:23,2005,2252,0,1,0.06,4707.00,-33.84,0.00,0.00,770101,sl 4706.87
2026.05.12 14:10:06,2006,2258,1,0,0.03,4695.83,0.00,0.00,0.00,770101,OBR#S#1778591100
2026.05.12 14:56:20,2007,2258,0,1,0.03,4708.22,-37.17,0.00,0.00,770101,sl 4708.21
2026.05.12 15:30:06,2008,2260,1,0,0.04,4699.14,0.00,0.00,0.00,770101,OBR#S#1778597400
2026.05.12 15:43:22,2009,2260,0,1,0.04,4708.09,-35.80,0.00,0.00,770101,sl 4708.02
2026.05.12 16:39:44,2010,2262,1,0,0.01,4697.49,0.00,0.00,0.00,770101,OBR#S#1778576100
2026.05.12 16:46:18,2011,2263,0,0,0.02,4695.70,0.00,0.00,0.00,770101,OBR#L#1778602500
2026.05.12 16:58:29,2012,2263,1,1,0.02,4679.15,-33.10,0.00,0.00,770101,sl 4679.44
2026.05.12 18:22:45,2013,2262,0,1,0.01,4652.14,45.35,0.00,0.00,770101,tp 4652.28
2026.05.12 19:36:45,2014,2266,1,0,0.07,4669.63,0.00,0.00,0.00,770101,OBR#S#1778609100
2026.05.12 19:57:34,2015,2266,0,1,0.07,4674.47,-33.88,0.00,0.00,770101,sl 4674.44
2026.05.13 06:29:14,2016,2269,1,0,0.03,4700.53,0.00,0.00,0.00,770101,OBR#S#1778647500
2026.05.13 08:17:05,2017,2270,0,0,0.04,4703.24,0.00,0.00,0.00,770101,OBR#L#1778655900
2026.05.13 08:30:06,2018,2270,1,1,0.04,4695.48,-31.04,0.00,0.00,770101,sl 4695.58
2026.05.13 09:08:06,2019,2269,0,1,0.03,4710.87,-31.02,0.00,0.00,770101,sl 4710.83
2026.05.13 12:49:16,2020,2274,1,0,0.04,4695.22,0.00,0.00,0.00,770101,OBR#S#1778669700
2026.05.13 13:08:23,2021,2274,0,1,0.04,4704.37,-36.60,0.00,0.00,770101,sl 4704.19
2026.05.13 14:16:54,2022,2276,1,0,0.02,4699.87,0.00,0.00,0.00,770101,OBR#S#1778664900
2026.05.13 15:01:28,2023,2277,0,0,0.03,4695.84,0.00,0.00,0.00,770101,OBR#L#1778675400
2026.05.13 15:07:34,2024,2278,1,0,0.07,4701.19,0.00,0.00,0.00,770101,OBR#S#1778678400
2026.05.13 15:16:09,2025,2278,0,1,0.07,4691.33,69.02,0.00,0.00,770101,tp 4691.35
2026.05.13 15:22:41,2026,2277,1,1,0.03,4685.91,-29.79,0.00,0.00,770101,sl 4685.94
2026.05.13 16:39:53,2027,2276,0,1,0.02,4673.50,52.74,0.00,0.00,770101,tp 4673.57
2026.05.13 17:57:30,2028,2282,1,0,0.03,4682.41,0.00,0.00,0.00,770101,OBR#S#1778689200
2026.05.13 18:16:26,2029,2283,0,0,0.02,4686.07,0.00,0.00,0.00,770101,OBR#L#1778692500
2026.05.13 18:34:07,2030,2282,0,1,0.03,4694.80,-37.17,0.00,0.00,770101,sl 4694.72
2026.05.13 22:29:14,2031,2285,0,0,0.04,4687.01,0.00,0.00,0.00,770101,OBR#L#1778694900
2026.05.13 23:48:10,2032,2286,0,0,0.06,4688.97,0.00,0.00,0.00,770101,OBR#L#1778709600
2026.05.14 01:43:41,2033,2286,1,1,0.06,4699.74,64.62,0.00,-14.31,770101,tp 4699.66
2026.05.14 03:17:07,2034,2285,1,1,0.04,4703.54,66.12,0.00,-9.54,770101,tp 4703.54
2026.05.14 03:34:52,2035,2289,0,0,0.04,4697.51,0.00,0.00,0.00,770101,OBR#L#1778720700
2026.05.14 03:44:07,2036,2290,1,0,0.08,4697.58,0.00,0.00,0.00,770101,OBR#S#1778724600
2026.05.14 03:46:00,2037,2290,0,1,0.08,4702.25,-37.36,0.00,0.00,770101,sl 4702.24
2026.05.14 03:53:53,2038,2292,0,0,0.03,4700.03,0.00,0.00,0.00,770101,OBR#L#1778727600
2026.05.14 04:06:42,2039,2289,1,1,0.04,4689.06,-33.80,0.00,0.00,770101,sl 4689.62
2026.05.14 04:06:42,2040,2292,1,1,0.03,4689.06,-32.91,0.00,0.00,770101,sl 4689.42
2026.05.14 07:00:15,2041,2283,1,1,0.02,4673.37,-25.40,0.00,-4.77,770101,sl 4673.48
2026.05.14 07:21:29,2042,2295,1,0,0.03,4686.67,0.00,0.00,0.00,770101,OBR#S#1778736600
2026.05.14 07:25:38,2043,2295,0,1,0.03,4698.46,-35.37,0.00,0.00,770101,sl 4698.08
2026.05.14 08:30:30,2044,2298,1,0,0.06,4700.37,0.00,0.00,0.00,770101,OBR#S#1778745000
2026.05.14 09:00:00,2045,2298,0,1,0.06,4688.93,68.64,0.00,0.00,770101,tp 4689.10
2026.05.14 09:05:31,2046,2300,1,0,0.03,4693.33,0.00,0.00,0.00,770101,OBR#S#1778745900
2026.05.14 10:27:19,2047,2300,0,1,0.03,4704.39,-33.18,0.00,0.00,770101,sl 4704.35
2026.05.14 10:50:16,2048,2302,0,0,0.02,4702.95,0.00,0.00,0.00,770101,OBR#L#1778749800
2026.05.14 14:00:55,2049,2303,0,0,0.05,4695.41,0.00,0.00,0.00,770101,OBR#L#1778762100
2026.05.14 15:35:42,2050,2303,1,1,0.05,4709.73,71.60,0.00,0.00,770101,tp 4709.61
2026.05.14 15:44:55,2051,2304,0,0,0.03,4698.71,0.00,0.00,0.00,770101,OBR#L#1778768700
2026.05.14 16:25:17,2052,2306,1,0,0.02,4695.27,0.00,0.00,0.00,770101,OBR#S#1778772900
2026.05.14 16:29:33,2053,2304,1,1,0.03,4689.14,-28.71,0.00,0.00,770101,sl 4689.20
2026.05.14 16:30:06,2054,2302,1,1,0.02,4684.57,-36.76,0.00,0.00,770101,sl 4686.05
2026.05.14 17:41:35,2055,2309,1,0,0.11,4692.12,0.00,0.00,0.00,770101,OBR#S#1778775600
2026.05.14 17:46:46,2056,2309,0,1,0.11,4685.71,70.51,0.00,0.00,770101,tp 4685.72
2026.05.14 19:15:52,2057,2311,1,0,0.03,4679.45,0.00,0.00,0.00,770101,OBR#S#1778783400
2026.05.14 22:29:57,2058,2306,0,1,0.02,4665.27,60.00,0.00,0.00,770101,tp 4665.34
2026.05.14 22:38:47,2059,2311,0,1,0.03,4659.81,58.92,0.00,0.00,770101,tp 4660.54
2026.05.15 02:26:29,2060,2316,1,0,0.08,4660.48,0.00,0.00,0.00,770101,OBR#S#1778797800
2026.05.15 02:30:13,2061,2316,0,1,0.08,4665.10,-36.96,0.00,0.00,770101,sl 4665.10
2026.05.15 04:03:08,2062,2319,1,0,0.01,4631.04,0.00,0.00,0.00,770101,OBR#S#1778811900
2026.05.15 07:50:06,2063,2320,1,0,0.03,4609.96,0.00,0.00,0.00,770101,OBR#S#1778828700
2026.05.15 08:18:41,2064,2320,0,1,0.03,4586.19,71.31,0.00,0.00,770101,tp 4586.38
2026.05.15 08:46:34,2065,2319,0,1,0.01,4562.97,68.07,0.00,0.00,770101,tp 4563.21
2026.05.15 12:04:32,2066,2325,1,0,0.04,4557.89,0.00,0.00,0.00,770101,OBR#S#1778843100
2026.05.15 12:21:50,2067,2326,1,0,0.02,4549.32,0.00,0.00,0.00,770101,OBR#S#1778845200
2026.05.15 12:49:17,2068,2325,0,1,0.04,4538.02,79.48,0.00,0.00,770101,tp 4538.08
2026.05.15 13:05:13,2069,2327,1,0,0.04,4549.47,0.00,0.00,0.00,770101,OBR#S#1778846400
2026.05.15 13:09:28,2070,2327,0,1,0.04,4558.75,-37.12,0.00,0.00,770101,sl 4558.67
2026.05.15 13:13:23,2071,2326,0,1,0.02,4562.67,-26.70,0.00,0.00,770101,sl 4562.62
2026.05.15 16:28:17,2072,2332,0,0,0.03,4549.59,0.00,0.00,0.00,770101,OBR#L#1778849100
2026.05.15 16:35:54,2073,2332,1,1,0.03,4537.66,-35.79,0.00,0.00,770101,sl 4537.67
2026.05.18 01:19:59,2074,2335,0,0,0.04,4544.70,0.00,0.00,0.00,770101,OBR#L#1778886900
2026.05.18 01:30:29,2075,2336,1,0,0.04,4546.98,0.00,0.00,0.00,770101,OBR#S#1778884500
2026.05.18 02:30:13,2076,2335,1,1,0.04,4535.25,-37.80,0.00,0.00,770101,sl 4535.35
2026.05.18 03:05:04,2077,2336,0,1,0.04,4528.89,72.36,0.00,0.00,770101,tp 4529.10
2026.05.18 08:32:57,2078,2339,0,0,0.02,4541.37,0.00,0.00,0.00,770101,OBR#L#1779085800
2026.05.18 10:41:33,2079,2340,0,0,0.03,4550.50,0.00,0.00,0.00,770101,OBR#L#1779096900
2026.05.18 11:31:09,2080,2341,0,0,0.04,4546.76,0.00,0.00,0.00,770101,OBR#L#1779099600
2026.05.18 13:05:18,2081,2341,1,1,0.04,4538.11,-34.60,0.00,0.00,770101,sl 4538.17
2026.05.18 13:05:38,2082,2340,1,1,0.03,4537.71,-38.37,0.00,0.00,770101,sl 4537.74
2026.05.18 13:19:39,2083,2344,1,0,0.08,4542.22,0.00,0.00,0.00,770101,OBR#S#1779107700
2026.05.18 13:34:31,2084,2344,0,1,0.08,4533.05,73.36,0.00,0.00,770101,tp 4533.38
2026.05.18 15:45:44,2085,2339,1,1,0.02,4572.05,61.36,0.00,0.00,770101,tp 4571.85
2026.05.18 16:30:00,2086,2347,0,0,0.03,4570.90,0.00,0.00,0.00,770101,OBR#L#1779118500
2026.05.18 17:21:48,2087,2347,1,1,0.03,4557.85,-39.15,0.00,0.00,770101,sl 4558.09
2026.05.18 20:40:45,2088,2349,1,0,0.03,4550.40,0.00,0.00,0.00,770101,OBR#S#1779125100
2026.05.18 22:03:36,2089,2349,0,1,0.03,4563.42,-39.06,0.00,0.00,770101,sl 4563.38
2026.05.19 04:02:33,2090,2351,1,0,0.02,4566.89,0.00,0.00,0.00,770101,OBR#S#1779158400
2026.05.19 05:00:21,2091,2352,0,0,0.03,4561.26,0.00,0.00,0.00,770101,OBR#L#1779142800
2026.05.19 05:27:31,2092,2353,1,0,0.03,4561.55,0.00,0.00,0.00,770101,OBR#S#1779162300
2026.05.19 05:52:55,2093,2352,1,1,0.03,4549.52,-35.22,0.00,0.00,770101,sl 4549.71
2026.05.19 07:28:12,2094,2353,0,1,0.03,4538.50,69.15,0.00,0.00,770101,tp 4538.50
2026.05.19 08:40:20,2095,2356,1,0,0.05,4542.53,0.00,0.00,0.00,770101,OBR#S#1779173400
2026.05.19 09:18:52,2096,2356,0,1,0.05,4549.69,-35.80,0.00,0.00,770101,sl 4549.52
2026.05.19 09:55:02,2097,2358,1,0,0.05,4547.41,0.00,0.00,0.00,770101,OBR#S#1779172500
2026.05.19 10:09:13,2098,2358,0,1,0.05,4555.26,-39.25,0.00,0.00,770101,sl 4555.11
2026.05.19 11:52:33,2099,2360,0,0,0.06,4542.23,0.00,0.00,0.00,770101,OBR#L#1779181500
2026.05.19 12:20:33,2100,2361,1,0,0.05,4541.46,0.00,0.00,0.00,770101,OBR#S#1779189000
2026.05.19 13:38:44,2101,2360,1,1,0.06,4535.45,-40.68,0.00,0.00,770101,sl 4536.01
2026.05.19 13:43:55,2102,2361,0,1,0.05,4528.03,67.15,0.00,0.00,770101,tp 4528.12
2026.05.19 13:43:56,2103,2351,0,1,0.02,4526.44,80.90,0.00,0.00,770101,tp 4527.34
2026.05.19 15:03:04,2104,2365,1,0,0.04,4534.99,0.00,0.00,0.00,770101,OBR#S#1779198900
2026.05.19 15:11:59,2105,2365,0,1,0.04,4545.07,-40.32,0.00,0.00,770101,sl 4544.77
2026.05.19 21:26:38,2106,2367,1,0,0.05,4499.84,0.00,0.00,0.00,770101,OBR#S#1779222900
2026.05.19 22:00:02,2107,2368,1,0,0.04,4494.86,0.00,0.00,0.00,770101,OBR#S#1779224700
2026.05.19 22:51:30,2108,2367,0,1,0.05,4485.37,72.35,0.00,0.00,770101,tp 4485.47
2026.05.19 23:17:23,2109,2370,0,0,0.02,4484.25,0.00,0.00,0.00,770101,OBR#L#1779208800
2026.05.19 23:30:33,2110,2371,0,0,0.08,4485.63,0.00,0.00,0.00,770101,OBR#L#1779231600
2026.05.20 01:15:31,2111,2371,1,1,0.08,4480.86,-38.16,0.00,-6.36,770101,sl 4480.86
2026.05.20 01:33:18,2112,2373,1,0,0.05,4481.37,0.00,0.00,0.00,770101,OBR#S#1779232800
2026.05.20 02:19:36,2113,2373,0,1,0.05,4488.61,-36.20,0.00,0.00,770101,sl 4488.27
2026.05.20 03:12:42,2114,2375,1,0,0.05,4489.95,0.00,0.00,0.00,770101,OBR#S#1779228600
2026.05.20 03:25:42,2115,2375,0,1,0.05,4497.98,-40.15,0.00,0.00,770101,sl 4497.63
2026.05.20 03:30:05,2116,2368,0,1,0.04,4503.78,-35.68,0.00,1.38,770101,sl 4503.74
2026.05.20 04:30:13,2117,2370,1,1,0.02,4470.06,-28.38,0.00,-1.59,770101,sl 4470.11
2026.05.20 08:10:22,2118,2379,0,0,0.04,4467.64,0.00,0.00,0.00,770101,OBR#L#1779259500
2026.05.20 08:42:54,2119,2380,0,0,0.05,4475.00,0.00,0.00,0.00,770101,OBR#L#1779264300
2026.05.20 08:47:09,2120,2380,1,1,0.05,4467.40,-38.00,0.00,0.00,770101,sl 4467.55
2026.05.20 08:55:27,2121,2382,1,0,0.02,4472.47,0.00,0.00,0.00,770101,OBR#S#1779254400
2026.05.20 11:30:00,2122,2382,0,1,0.02,4487.12,-29.30,0.00,0.00,770101,sl 4486.97
2026.05.20 11:30:00,2123,2379,1,1,0.04,4486.89,77.00,0.00,0.00,770101,tp 4486.77
2026.05.20 14:37:54,2124,2385,0,0,0.04,4496.50,0.00,0.00,0.00,770101,OBR#L#1779283500
2026.05.20 15:54:46,2125,2386,0,0,0.05,4499.12,0.00,0.00,0.00,770101,OBR#L#1779286500
2026.05.20 16:26:24,2126,2386,1,1,0.05,4491.55,-37.85,0.00,0.00,770101,sl 4491.56
2026.05.20 16:30:00,2127,2385,1,1,0.04,4488.38,-32.48,0.00,0.00,770101,sl 4488.71
2026.05.20 17:16:37,2128,2388,1,0,0.03,4495.00,0.00,0.00,0.00,770101,OBR#S#1779291900
2026.05.20 17:21:35,2129,2388,0,1,0.03,4505.79,-32.37,0.00,0.00,770101,sl 4505.52
2026.05.20 18:25:02,2130,2392,0,0,0.02,4535.73,0.00,0.00,0.00,770101,OBR#L#1779298800
2026.05.20 19:07:00,2131,2393,1,0,0.02,4534.31,0.00,0.00,0.00,770101,OBR#S#1779300900
2026.05.20 20:33:52,2132,2394,0,0,0.05,4530.17,0.00,0.00,0.00,770101,OBR#L#1779300600
2026.05.20 21:55:46,2133,2394,1,1,0.05,4544.45,71.40,0.00,0.00,770101,tp 4544.38
2026.05.21 01:38:14,2134,2396,1,0,0.09,4542.56,0.00,0.00,0.00,770101,OBR#S#1779319500
2026.05.21 02:47:39,2135,2396,0,1,0.09,4547.30,-42.66,0.00,0.00,770101,sl 4546.68
2026.05.21 03:15:35,2136,2393,0,1,0.02,4552.96,-37.30,0.00,2.06,770101,sl 4552.80
2026.05.21 04:00:17,2137,2399,0,0,0.04,4544.63,0.00,0.00,0.00,770101,OBR#L#1779330000
2026.05.21 04:23:06,2138,2399,1,1,0.04,4562.97,73.36,0.00,0.00,770101,tp 4562.24
2026.05.21 10:25:06,2139,2392,1,1,0.02,4516.64,-38.18,0.00,-4.77,770101,sl 4517.01
2026.05.21 16:02:21,2140,2403,1,0,0.04,4509.66,0.00,0.00,0.00,770101,OBR#S#1779375900
2026.05.21 16:34:00,2141,2403,0,1,0.04,4491.92,70.96,0.00,0.00,770101,tp 4492.13
2026.05.21 18:12:57,2142,2405,1,0,0.02,4505.60,0.00,0.00,0.00,770101,OBR#S#1779382200
2026.05.21 18:21:48,2143,2406,0,0,0.04,4507.05,0.00,0.00,0.00,770101,OBR#L#1779383700
2026.05.21 20:00:24,2144,2405,0,1,0.02,4521.71,-32.22,0.00,0.00,770101,sl 4521.17
2026.05.21 20:10:21,2145,2406,1,1,0.04,4524.54,69.96,0.00,0.00,770101,tp 4524.41
2026.05.21 22:20:03,2146,2410,1,0,0.04,4541.90,0.00,0.00,0.00,770101,OBR#S#1779398400
2026.05.22 01:52:23,2147,2411,0,0,0.24,4541.68,0.00,0.00,0.00,770101,OBR#L#1779407100
2026.05.22 02:00:03,2148,2411,1,1,0.24,4545.09,81.84,0.00,0.00,770101,tp 4545.09
2026.05.22 02:08:20,2149,2413,0,0,0.11,4543.02,0.00,0.00,0.00,770101,OBR#L#1779413700
2026.05.22 02:21:16,2150,2413,1,1,0.11,4539.63,-37.29,0.00,0.00,770101,sl 4539.63
2026.05.22 04:01:14,2151,2415,1,0,0.07,4536.09,0.00,0.00,0.00,770101,OBR#S#1779416700
2026.05.22 04:05:25,2152,2415,0,1,0.07,4525.49,74.20,0.00,0.00,770101,tp 4525.51
2026.05.22 04:35:13,2153,2410,0,1,0.04,4523.42,73.92,0.00,1.38,770101,tp 4523.42
2026.05.22 16:31:14,2154,2419,1,0,0.03,4524.31,0.00,0.00,0.00,770101,OBR#S#1779462900
2026.05.22 17:13:40,2155,2419,0,1,0.03,4500.83,70.44,0.00,0.00,770101,tp 4500.83
2026.05.22 18:04:05,2156,2421,1,0,0.06,4504.12,0.00,0.00,0.00,770101,OBR#S#1779469500
2026.05.22 18:05:52,2157,2421,0,1,0.06,4510.92,-40.80,0.00,0.00,770101,sl 4510.81
2026.05.22 19:38:37,2158,2424,0,0,0.06,4520.15,0.00,0.00,0.00,770101,OBR#L#1779474000
2026.05.22 19:44:42,2159,2424,1,1,0.06,4513.44,-40.26,0.00,0.00,770101,sl 4513.49
2026.05.22 20:25:36,2160,2426,1,0,0.05,4516.81,0.00,0.00,0.00,770101,OBR#S#1779477900
2026.05.22 20:29:49,2161,2426,0,1,0.05,4524.29,-37.40,0.00,0.00,770101,sl 4524.26
2026.05.22 20:35:15,2162,2428,0,0,0.06,4519.97,0.00,0.00,0.00,770101,OBR#L#1779479100
2026.05.22 21:04:17,2163,2428,1,1,0.06,4512.65,-43.92,0.00,0.00,770101,sl 4513.31
2026.05.22 21:22:52,2164,2430,1,0,0.05,4517.49,0.00,0.00,0.00,770101,OBR#S#1779482100
2026.05.25 01:01:00,2165,2430,0,1,0.05,4544.08,-132.95,0.00,1.72,770101,sl 4524.10
2026.05.25 07:31:05,2166,2432,0,0,0.06,4563.81,0.00,0.00,0.00,770101,OBR#L#1779691200
2026.05.25 08:00:57,2167,2433,0,0,0.11,4563.25,0.00,0.00,0.00,770101,OBR#L#1779693000
2026.05.25 08:21:01,2168,2433,1,1,0.11,4559.45,-41.80,0.00,0.00,770101,sl 4559.80
2026.05.25 08:22:40,2169,2432,1,1,0.06,4558.06,-34.50,0.00,0.00,770101,sl 4558.11
2026.05.25 08:41:26,2170,2437,0,0,0.05,4557.50,0.00,0.00,0.00,770101,OBR#L#1779672300
2026.05.25 09:05:14,2171,2437,1,1,0.05,4550.94,-32.80,0.00,0.00,770101,sl 4551.07
2026.05.25 10:33:07,2172,2439,1,0,0.07,4561.34,0.00,0.00,0.00,770101,OBR#S#1779696000
2026.05.25 12:09:39,2173,2440,0,0,0.24,4555.54,0.00,0.00,0.00,770101,OBR#L#1779704700
2026.05.25 12:29:40,2174,2440,1,1,0.24,4558.66,74.88,0.00,0.00,770101,tp 4558.66
2026.05.25 12:44:37,2175,2439,0,1,0.07,4566.05,-32.97,0.00,0.00,770101,sl 4566.05
2026.05.25 18:51:51,2176,2444,1,0,0.07,4571.13,0.00,0.00,0.00,770101,OBR#S#1779719700
2026.05.25 19:10:56,2177,2445,1,0,0.08,4570.09,0.00,0.00,0.00,770101,OBR#S#1779733500
2026.05.25 19:51:06,2178,2445,0,1,0.08,4574.78,-37.52,0.00,0.00,770101,sl 4574.73
2026.05.25 20:02:58,2179,2444,0,1,0.07,4576.36,-36.61,0.00,0.00,770101,sl 4576.26
2026.05.25 20:33:06,2180,2446,0,0,0.10,4570.38,0.00,0.00,0.00,770101,OBR#L#1779734100
2026.05.25 20:41:25,2181,2446,1,1,0.10,4566.56,-38.20,0.00,0.00,770101,sl 4566.64
2026.05.25 21:24:28,2182,2450,0,0,0.07,4568.01,0.00,0.00,0.00,770101,OBR#L#1779728100
2026.05.26 02:10:38,2183,2450,1,1,0.07,4578.38,72.59,0.00,-5.56,770101,tp 4578.33
2026.05.26 10:30:30,2184,2453,0,0,0.07,4528.84,0.00,0.00,0.00,770101,OBR#L#1779785400
2026.05.26 10:33:18,2185,2453,1,1,0.07,4523.35,-38.43,0.00,0.00,770101,sl 4523.44
2026.05.26 11:13:13,2186,2455,0,0,0.03,4531.08,0.00,0.00,0.00,770101,OBR#L#1779790500
2026.05.26 11:29:25,2187,2455,1,1,0.03,4521.90,-27.54,0.00,0.00,770101,sl 4521.99
2026.05.26 17:55:40,2188,2458,0,0,0.02,4514.85,0.00,0.00,0.00,770101,OBR#L#1779809700
2026.05.26 19:14:43,2189,2458,1,1,0.02,4501.38,-26.94,0.00,0.00,770101,sl 4501.41
2026.05.27 01:40:32,2190,2462,1,0,0.04,4502.10,0.00,0.00,0.00,770101,OBR#S#1779838800
2026.05.27 01:56:43,2191,2462,0,1,0.04,4510.05,-31.80,0.00,0.00,770101,sl 4509.85
2026.05.27 08:32:11,2192,2464,0,0,0.06,4502.48,0.00,0.00,0.00,770101,OBR#L#1779864900
2026.05.27 08:33:06,2193,2464,1,1,0.06,4496.42,-36.36,0.00,0.00,770101,sl 4496.59
2026.05.27 11:01:13,2194,2467,1,0,0.09,4484.58,0.00,0.00,0.00,770101,OBR#S#1779876000
2026.05.27 11:02:15,2195,2467,0,1,0.09,4488.58,-36.00,0.00,0.00,770101,sl 4488.56
2026.05.27 12:02:45,2196,2469,0,0,0.04,4492.60,0.00,0.00,0.00,770101,OBR#L#1779879900
2026.05.27 12:14:32,2197,2470,1,0,0.05,4492.64,0.00,0.00,0.00,770101,OBR#S#1779872700
2026.05.27 12:50:10,2198,2471,1,0,0.06,4490.11,0.00,0.00,0.00,770101,OBR#S#1779884100
2026.05.27 13:14:07,2199,2469,1,1,0.04,4484.89,-30.84,0.00,0.00,770101,sl 4484.90
2026.05.27 13:20:35,2200,2470,0,1,0.05,4479.31,66.65,0.00,0.00,770101,tp 4479.38
2026.05.27 13:21:11,2201,2471,0,1,0.06,4478.72,68.34,0.00,0.00,770101,tp 4478.76
2026.05.27 15:01:38,2202,2475,1,0,0.02,4434.71,0.00,0.00,0.00,770101,OBR#S#1779891000
2026.05.27 15:19:14,2203,2475,0,1,0.02,4452.52,-35.62,0.00,0.00,770101,sl 4451.76
2026.05.27 21:32:38,2204,2480,0,0,0.03,4454.32,0.00,0.00,0.00,770101,OBR#L#1779912300
2026.05.27 21:36:02,2205,2479,0,0,0.05,4452.38,0.00,0.00,0.00,770101,OBR#L#1779913200
2026.05.27 23:01:53,2206,2481,1,0,0.11,4452.90,0.00,0.00,0.00,770101,OBR#S#1779917100
2026.05.27 23:15:10,2207,2481,0,1,0.11,4456.06,-34.76,0.00,0.00,770101,sl 4456.03
2026.05.28 01:02:02,2208,2479,1,1,0.05,4465.77,66.95,0.00,-11.92,770101,tp 4465.69
2026.05.28 02:17:35,2209,2484,1,0,0.04,4454.26,0.00,0.00,0.00,770101,OBR#S#1779932100
2026.05.28 04:12:13,2210,2480,1,1,0.03,4442.54,-35.34,0.00,-7.15,770101,sl 4442.63
2026.05.28 04:13:16,2211,2484,0,1,0.04,4438.91,61.40,0.00,0.00,770101,tp 4438.92
2026.05.28 08:59:06,2212,2489,0,0,0.02,4389.14,0.00,0.00,0.00,770101,OBR#L#1779956100
2026.05.28 13:19:29,2213,2491,0,0,0.03,4398.46,0.00,0.00,0.00,770101,OBR#L#1779970200
2026.05.28 13:46:39,2214,2491,1,1,0.03,4386.51,-35.85,0.00,0.00,770101,sl 4386.51
2026.05.28 14:05:03,2215,2493,1,0,0.01,4389.11,0.00,0.00,0.00,770101,OBR#S#1779946200
2026.05.28 15:49:14,2216,2493,0,1,0.01,4410.48,-21.37,0.00,0.00,770101,sl 4410.48
2026.05.28 15:55:47,2217,2489,1,1,0.02,4424.67,71.06,0.00,0.00,770101,tp 4424.42
2026.05.28 18:10:47,2218,2497,0,0,0.02,4472.41,0.00,0.00,0.00,770101,OBR#L#1779989400
2026.05.28 19:42:11,2219,2497,1,1,0.02,4505.24,65.66,0.00,0.00,770101,tp 4505.21
2026.05.28 21:10:34,2220,2500,0,0,0.03,4508.44,0.00,0.00,0.00,770101,OBR#L#1779996600
2026.05.28 22:55:03,2221,2500,1,1,0.03,4497.69,-32.25,0.00,0.00,770101,sl 4497.69
2026.05.29 01:27:35,2222,2502,1,0,0.06,4495.21,0.00,0.00,0.00,770101,OBR#S#1780011000
2026.05.29 02:04:09,2223,2503,1,0,0.06,4494.44,0.00,0.00,0.00,770101,OBR#S#1780016400
2026.05.29 02:38:14,2224,2504,1,0,0.18,4494.64,0.00,0.00,0.00,770101,OBR#S#1780018800
2026.05.29 02:40:46,2225,2504,0,1,0.18,4490.44,75.60,0.00,0.00,770101,tp 4490.53
2026.05.29 03:19:52,2226,2503,0,1,0.06,4500.07,-33.78,0.00,0.00,770101,sl 4499.79
2026.05.29 03:22:31,2227,2507,0,0,0.05,4496.56,0.00,0.00,0.00,770101,OBR#L#1780022400
2026.05.29 04:00:39,2228,2502,0,1,0.06,4501.05,-35.04,0.00,0.00,770101,sl 4500.80
2026.05.29 04:13:17,2229,2507,1,1,0.05,4511.68,75.60,0.00,0.00,770101,tp 4511.62
2026.05.29 07:00:12,2230,2511,1,0,0.06,4502.27,0.00,0.00,0.00,770101,OBR#S#1780031400
2026.05.29 07:23:21,2231,2511,0,1,0.06,4508.19,-35.52,0.00,0.00,770101,sl 4508.08
2026.05.29 08:45:27,2232,2514,1,0,0.03,4508.48,0.00,0.00,0.00,770101,OBR#S#1780028100
2026.05.29 09:00:09,2233,2514,0,1,0.03,4521.14,-37.98,0.00,0.00,770101,sl 4520.74
2026.05.29 09:17:57,2234,2515,0,0,0.04,4510.56,0.00,0.00,0.00,770101,OBR#L#1780038600
2026.05.29 10:14:17,2235,2517,0,0,0.05,4517.10,0.00,0.00,0.00,770101,OBR#L#1780046100
2026.05.29 11:50:59,2236,2517,1,1,0.05,4510.00,-35.50,0.00,0.00,770101,sl 4510.00
2026.05.29 12:13:31,2237,2515,1,1,0.04,4528.65,72.36,0.00,0.00,770101,tp 4528.43
2026.05.29 14:17:31,2238,2520,0,0,0.06,4530.23,0.00,0.00,0.00,770101,OBR#L#1780057800
2026.05.29 14:52:42,2239,2521,0,0,0.10,4529.12,0.00,0.00,0.00,770101,OBR#L#1780060500
2026.05.29 14:58:40,2240,2521,1,1,0.10,4536.47,73.50,0.00,0.00,770101,tp 4536.44
2026.05.29 15:10:09,2241,2523,1,0,0.04,4530.56,0.00,0.00,0.00,770101,OBR#S#1780062900
2026.05.29 15:20:20,2242,2520,1,1,0.06,4524.74,-32.94,0.00,0.00,770101,sl 4524.74
2026.05.29 15:42:39,2243,2523,0,1,0.04,4514.11,65.80,0.00,0.00,770101,tp 4514.19
2026.05.29 17:13:39,2244,2526,0,0,0.01,4546.31,0.00,0.00,0.00,770101,OBR#L#1780071300
2026.05.29 21:06:10,2245,2527,1,0,0.02,4557.62,0.00,0.00,0.00,770101,OBR#S#1780083300
2026.05.29 22:17:44,2246,2528,0,0,0.06,4557.74,0.00,0.00,0.00,770101,OBR#L#1780088100
2026.05.29 22:43:21,2247,2528,1,1,0.06,4551.53,-37.26,0.00,0.00,770101,sl 4551.54
2026.06.01 01:01:00,2248,2527,0,1,0.02,4522.68,69.88,0.00,0.69,770101,tp 4525.89
2026.06.01 01:01:08,2249,2526,1,1,0.01,4520.88,-25.43,0.00,-0.79,770101,sl 4521.17
2026.06.01 03:00:05,2250,2532,0,0,0.01,4538.29,0.00,0.00,0.00,770101,OBR#L#1780275600
2026.06.01 03:46:01,2251,2533,1,0,0.06,4538.89,0.00,0.00,0.00,770101,OBR#S#1780280700
2026.06.01 04:21:24,2252,2534,1,0,0.04,4535.54,0.00,0.00,0.00,770101,OBR#S#1780284300
2026.06.01 04:56:49,2253,2533,0,1,0.06,4526.26,75.78,0.00,0.00,770101,tp 4526.31
2026.06.01 06:03:29,2254,2536,1,0,0.04,4525.04,0.00,0.00,0.00,770101,OBR#S#1780290600
2026.06.01 06:06:35,2255,2532,1,1,0.01,4517.85,-20.44,0.00,0.00,770101,sl 4517.95
2026.06.01 06:10:10,2256,2534,0,1,0.04,4517.15,73.56,0.00,0.00,770101,tp 4517.15
2026.06.01 06:59:33,2257,2539,1,0,0.04,4515.75,0.00,0.00,0.00,770101,OBR#S#1780293600
2026.06.01 09:22:11,2258,2536,0,1,0.04,4506.68,73.44,0.00,0.00,770101,tp 4506.89
2026.06.01 09:25:16,2259,2541,1,0,0.02,4511.14,0.00,0.00,0.00,770101,OBR#S#1780303500
2026.06.01 10:46:05,2260,2539,0,1,0.04,4495.76,79.96,0.00,0.00,770101,tp 4495.80
2026.06.01 11:00:00,2261,2542,1,0,0.03,4503.97,0.00,0.00,0.00,770101,OBR#S#1780305900
2026.06.01 14:04:58,2262,2544,0,0,0.06,4500.43,0.00,0.00,0.00,770101,OBR#L#1780318500
2026.06.01 16:11:02,2263,2544,1,1,0.06,4494.15,-37.68,0.00,0.00,770101,sl 4494.31
2026.06.01 16:11:57,2264,2541,0,1,0.02,4482.59,57.10,0.00,0.00,770101,tp 4482.61
2026.06.01 16:12:28,2265,2542,0,1,0.03,4481.91,66.18,0.00,0.00,770101,tp 4482.01
2026.06.01 18:05:03,2266,2548,0,0,0.04,4455.99,0.00,0.00,0.00,770101,OBR#L#1780332900
2026.06.01 18:30:31,2267,2548,1,1,0.04,4475.23,76.96,0.00,0.00,770101,tp 4475.10
2026.06.01 19:10:22,2268,2550,0,0,0.02,4467.95,0.00,0.00,0.00,770101,OBR#L#1780335900
2026.06.01 21:54:57,2269,2551,0,0,0.06,4487.46,0.00,0.00,0.00,770101,OBR#L#1780345800
2026.06.01 22:52:51,2270,2551,1,1,0.06,4480.41,-42.30,0.00,0.00,770101,sl 4480.41
2026.06.02 05:40:00,2271,2553,0,0,0.03,4478.50,0.00,0.00,0.00,770101,OBR#L#1780342800
2026.06.02 06:31:02,2272,2550,1,1,0.02,4497.51,59.12,0.00,-1.59,770101,tp 4497.38
2026.06.02 07:01:37,2273,2553,1,1,0.03,4501.02,67.56,0.00,0.00,770101,tp 4500.93
2026.06.02 12:07:11,2274,2558,1,0,0.04,4530.59,0.00,0.00,0.00,770101,OBR#S#1780395000
2026.06.02 13:21:56,2275,2559,0,0,0.05,4526.12,0.00,0.00,0.00,770101,OBR#L#1780391400
2026.06.02 14:15:12,2276,2560,0,0,0.08,4528.46,0.00,0.00,0.00,770101,OBR#L#1780403700
2026.06.02 15:30:27,2277,2560,1,1,0.08,4523.13,-42.64,0.00,0.00,770101,sl 4523.38
2026.06.02 15:52:05,2278,2559,1,1,0.05,4518.28,-39.20,0.00,0.00,770101,sl 4518.70
2026.06.02 16:30:08,2279,2558,0,1,0.04,4508.35,88.96,0.00,0.00,770101,tp 4508.53
2026.06.02 17:11:17,2280,2564,1,0,0.02,4506.05,0.00,0.00,0.00,770101,OBR#S#1780414800
2026.06.02 17:32:35,2281,2565,1,0,0.03,4498.24,0.00,0.00,0.00,770101,OBR#S#1780418700
2026.06.02 21:31:21,2282,2566,0,0,0.11,4487.07,0.00,0.00,0.00,770101,OBR#L#1780433400
2026.06.02 21:41:01,2283,2566,1,1,0.11,4483.32,-41.25,0.00,0.00,770101,sl 4483.40
2026.06.02 21:48:27,2284,2568,1,0,0.06,4485.68,0.00,0.00,0.00,770101,OBR#S#1780431900
2026.06.03 01:01:00,2285,2568,0,1,0.06,4492.52,-41.04,0.00,2.06,770101,sl 4491.81
2026.06.03 01:05:06,2286,2570,0,0,0.13,4489.23,0.00,0.00,0.00,770101,OBR#L#1780441200
2026.06.03 01:45:36,2287,2570,1,1,0.13,4485.78,-44.85,0.00,0.00,770101,sl 4486.16
2026.06.03 02:19:31,2288,2565,0,1,0.03,4472.38,77.58,0.00,1.03,770101,tp 4472.51
2026.06.03 02:28:46,2289,2564,0,1,0.02,4463.01,86.08,0.00,0.69,770101,tp 4463.57
2026.06.03 04:57:16,2290,2574,0,0,0.04,4473.45,0.00,0.00,0.00,770101,OBR#L#1780454100
2026.06.03 08:30:36,2291,2574,1,1,0.04,4462.29,-44.64,0.00,0.00,770101,sl 4463.56
2026.06.03 09:30:26,2292,2576,1,0,0.04,4463.14,0.00,0.00,0.00,770101,OBR#S#1780474200
2026.06.03 11:58:08,2293,2576,0,1,0.04,4441.76,85.52,0.00,0.00,770101,tp 4442.08
2026.06.03 12:37:32,2294,2579,1,0,0.03,4444.61,0.00,0.00,0.00,770101,OBR#S#1780486800
2026.06.03 13:06:12,2295,2579,0,1,0.03,4459.35,-44.22,0.00,0.00,770101,sl 4458.95
2026.06.03 18:03:19,2296,2581,0,0,0.01,4455.31,0.00,0.00,0.00,770101,OBR#L#1780504800
2026.06.04 01:16:13,2297,2581,1,1,0.01,4426.71,-28.60,0.00,-2.38,770101,sl 4427.04
2026.06.04 01:25:19,2298,2585,1,0,0.05,4432.05,0.00,0.00,0.00,770101,OBR#S#1780528800
2026.06.04 01:35:04,2299,2585,0,1,0.05,4440.12,-40.35,0.00,0.00,770101,sl 4440.12
2026.06.04 08:30:01,2300,2589,1,0,0.06,4474.35,0.00,0.00,0.00,770101,OBR#S#1780559700
2026.06.04 09:27:29,2301,2590,1,0,0.05,4470.46,0.00,0.00,0.00,770101,OBR#S#1780560600
2026.06.04 09:50:01,2302,2591,1,0,0.05,4469.94,0.00,0.00,0.00,770101,OBR#S#1780563900
2026.06.04 11:21:11,2303,2589,0,1,0.06,4459.94,86.46,0.00,0.00,770101,tp 4459.94
2026.06.04 14:09:10,2304,2591,0,1,0.05,4477.31,-36.85,0.00,0.00,770101,sl 4477.28
2026.06.04 14:17:31,2305,2590,0,1,0.05,4479.37,-44.55,0.00,0.00,770101,sl 4479.25
2026.06.04 19:00:55,2306,2596,0,0,0.02,4476.41,0.00,0.00,0.00,770101,OBR#L#1780595400
2026.06.04 20:11:34,2307,2597,0,0,0.05,4479.09,0.00,0.00,0.00,770101,OBR#L#1780598400
2026.06.05 01:43:08,2308,2598,0,0,0.09,4477.26,0.00,0.00,0.00,770101,OBR#L#1780608900
2026.06.05 01:49:46,2309,2598,1,1,0.09,4472.43,-43.47,0.00,0.00,770101,sl 4472.65
2026.06.05 01:54:08,2310,2597,1,1,0.05,4471.01,-40.40,0.00,-3.97,770101,sl 4471.05
2026.06.05 03:12:16,2311,2596,1,1,0.02,4456.97,-38.88,0.00,-1.59,770101,sl 4457.16
2026.06.05 05:45:58,2312,2602,1,0,0.03,4446.68,0.00,0.00,0.00,770101,OBR#S#1780633500
2026.06.05 06:15:19,2313,2603,1,0,0.03,4441.25,0.00,0.00,0.00,770101,OBR#S#1780636800
2026.06.05 09:24:02,2314,2604,1,0,0.05,4442.85,0.00,0.00,0.00,770101,OBR#S#1780647000
2026.06.05 09:36:20,2315,2604,0,1,0.05,4449.88,-35.15,0.00,0.00,770101,sl 4449.81
2026.06.05 09:47:01,2316,2603,0,1,0.03,4453.36,-36.33,0.00,0.00,770101,sl 4453.30
2026.06.05 10:12:16,2317,2602,0,1,0.03,4459.73,-39.15,0.00,0.00,770101,sl 4459.65
2026.06.05 12:28:53,2318,2608,0,0,0.08,4464.19,0.00,0.00,0.00,770101,OBR#L#1780657500
2026.06.05 12:31:58,2319,2608,1,1,0.08,4459.43,-38.08,0.00,0.00,770101,sl 4459.43
2026.06.05 13:28:04,2320,2610,0,0,0.07,4465.34,0.00,0.00,0.00,770101,OBR#L#1780661100
2026.06.05 13:44:31,2321,2611,1,0,0.07,4464.10,0.00,0.00,0.00,770101,OBR#S#1780661700
2026.06.05 14:24:15,2322,2610,1,1,0.07,4458.97,-44.59,0.00,0.00,770101,sl 4459.66
2026.06.05 14:51:27,2323,2611,0,1,0.07,4469.42,-37.24,0.00,0.00,770101,sl 4469.38
2026.06.05 15:04:02,2324,2614,0,0,0.05,4466.60,0.00,0.00,0.00,770101,OBR#L#1780669200
2026.06.05 15:23:25,2325,2615,0,0,0.07,4468.26,0.00,0.00,0.00,770101,OBR#L#1780670100
2026.06.05 15:27:28,2326,2615,1,1,0.07,4463.00,-36.82,0.00,0.00,770101,sl 4463.25
2026.06.05 15:30:02,2327,2614,1,1,0.05,4458.56,-40.20,0.00,0.00,770101,sl 4458.87
2026.06.08 01:22:17,2328,2619,0,0,0.03,4323.90,0.00,0.00,0.00,770101,OBR#L#1780701300
2026.06.08 01:45:41,2329,2620,0,0,0.02,4324.32,0.00,0.00,0.00,770101,OBR#L#1780880700
2026.06.08 02:21:01,2330,2621,0,0,0.02,4329.59,0.00,0.00,0.00,770101,OBR#L#1780881900
2026.06.08 02:55:16,2331,2619,1,1,0.03,4344.13,60.69,0.00,0.00,770101,tp 4344.07
2026.06.08 04:19:03,2332,2621,1,1,0.02,4316.17,-26.84,0.00,0.00,770101,sl 4316.20
2026.06.08 04:30:19,2333,2620,1,1,0.02,4309.67,-29.30,0.00,0.00,770101,sl 4310.02
2026.06.08 08:40:01,2334,2625,1,0,0.01,4291.56,0.00,0.00,0.00,770101,OBR#S#1780905600
2026.06.08 09:47:58,2335,2626,1,0,0.03,4300.15,0.00,0.00,0.00,770101,OBR#S#1780907100
2026.06.08 10:24:36,2336,2626,0,1,0.03,4313.43,-39.84,0.00,0.00,770101,sl 4313.28
2026.06.08 10:25:45,2337,2625,0,1,0.01,4316.29,-24.73,0.00,0.00,770101,sl 4316.21
2026.06.08 16:50:37,2338,2629,0,0,0.05,4329.27,0.00,0.00,0.00,770101,OBR#L#1780931400
2026.06.08 17:04:31,2339,2629,1,1,0.05,4322.42,-34.25,0.00,0.00,770101,sl 4322.43
2026.06.08 18:26:45,2340,2631,0,0,0.03,4329.26,0.00,0.00,0.00,770101,OBR#L#1780940700
2026.06.08 18:48:02,2341,2632,0,0,0.03,4335.27,0.00,0.00,0.00,770101,OBR#L#1780942200
2026.06.08 19:00:30,2342,2633,0,0,0.03,4341.03,0.00,0.00,0.00,770101,OBR#L#1780943100
2026.06.08 22:15:28,2343,2633,1,1,0.03,4328.79,-36.72,0.00,0.00,770101,sl 4328.85
2026.06.08 22:40:18,2344,2632,1,1,0.03,4325.08,-30.57,0.00,0.00,770101,sl 4325.12
2026.06.09 01:02:07,2345,2636,0,0,0.07,4328.93,0.00,0.00,0.00,770101,OBR#L#1780958400
2026.06.09 01:15:19,2346,2636,1,1,0.07,4324.05,-34.16,0.00,0.00,770101,sl 4324.12
2026.06.09 02:34:22,2347,2631,1,1,0.03,4317.25,-36.03,0.00,-2.38,770101,sl 4317.26
2026.06.09 05:13:36,2348,2639,1,0,0.06,4332.98,0.00,0.00,0.00,770101,OBR#S#1780956000
2026.06.09 05:31:25,2349,2639,0,1,0.06,4338.22,-31.44,0.00,0.00,770101,sl 4338.22
2026.06.09 06:30:01,2350,2641,1,0,0.04,4337.37,0.00,0.00,0.00,770101,OBR#S#1780953600
2026.06.09 06:52:20,2351,2642,0,0,0.05,4337.61,0.00,0.00,0.00,770101,OBR#L#1780983300
2026.06.09 07:08:37,2352,2643,1,0,0.06,4336.67,0.00,0.00,0.00,770101,OBR#S#1780985700
2026.06.09 07:16:35,2353,2642,1,1,0.05,4330.95,-33.30,0.00,0.00,770101,sl 4330.96
2026.06.09 07:33:28,2354,2643,0,1,0.06,4325.44,67.38,0.00,0.00,770101,tp 4325.46
2026.06.09 07:59:49,2355,2645,1,0,0.04,4332.91,0.00,0.00,0.00,770101,OBR#S#1780987800
2026.06.09 08:32:27,2356,2645,0,1,0.04,4340.49,-30.32,0.00,0.00,770101,sl 4340.48
2026.06.09 08:40:05,2357,2641,0,1,0.04,4345.22,-31.40,0.00,0.00,770101,sl 4344.98
2026.06.09 09:28:49,2358,2648,0,0,0.02,4339.84,0.00,0.00,0.00,770101,OBR#L#1780991400
2026.06.09 10:15:00,2359,2648,1,1,0.02,4326.78,-26.12,0.00,0.00,770101,sl 4327.21
2026.06.09 10:41:27,2360,2651,1,0,0.05,4326.72,0.00,0.00,0.00,770101,OBR#S#1780999500
2026.06.09 11:12:34,2361,2651,0,1,0.05,4334.31,-37.95,0.00,0.00,770101,sl 4333.79
2026.06.09 12:36:41,2362,2653,1,0,0.04,4329.55,0.00,0.00,0.00,770101,OBR#S#1781005200
2026.06.09 13:20:23,2363,2654,0,0,0.03,4334.08,0.00,0.00,0.00,770101,OBR#L#1781008800
2026.06.09 13:26:52,2364,2653,0,1,0.04,4336.89,-29.36,0.00,0.00,770101,sl 4336.89
2026.06.09 16:48:47,2365,2654,1,1,0.03,4352.48,55.20,0.00,0.00,770101,tp 4352.34
2026.06.09 22:09:32,2366,2658,0,0,0.12,4265.51,0.00,0.00,0.00,770101,OBR#L#1781039400
2026.06.09 22:11:25,2367,2658,1,1,0.12,4262.60,-34.92,0.00,0.00,770101,sl 4262.63
2026.06.09 23:02:14,2368,2660,0,0,0.02,4256.38,0.00,0.00,0.00,770101,OBR#L#1781034600
2026.06.10 01:49:56,2369,2660,1,1,0.02,4238.35,-36.06,0.00,-1.59,770101,sl 4238.84
2026.06.10 03:59:00,2370,2662,1,0,0.03,4219.88,0.00,0.00,0.00,770101,OBR#S#1781058600
2026.06.10 04:04:35,2371,2662,0,1,0.03,4197.09,68.37,0.00,0.00,770101,tp 4197.11
2026.06.10 04:11:21,2372,2664,1,0,0.01,4199.75,0.00,0.00,0.00,770101,OBR#S#1781061300
2026.06.10 04:50:03,2373,2665,1,0,0.01,4193.70,0.00,0.00,0.00,770101,OBR#S#1781063700
2026.06.10 07:38:54,2374,2666,1,0,0.02,4175.31,0.00,0.00,0.00,770101,OBR#S#1781070300
2026.06.10 08:32:21,2375,2666,0,1,0.02,4190.76,-30.90,0.00,0.00,770101,sl 4190.66
2026.06.10 09:08:04,2376,2665,0,1,0.01,4220.81,-27.11,0.00,0.00,770101,sl 4220.78
2026.06.10 14:03:40,2377,2669,0,0,0.02,4169.24,0.00,0.00,0.00,770101,OBR#L#1781096700
2026.06.10 14:05:16,2378,2669,1,1,0.02,4155.49,-27.50,0.00,0.00,770101,sl 4155.54
2026.06.10 14:51:19,2379,2671,1,0,0.01,4160.08,0.00,0.00,0.00,770101,OBR#S#1781099700
2026.06.10 15:10:54,2380,2664,0,1,0.01,4141.72,58.03,0.00,0.00,770101,tp 4142.57
2026.06.10 15:30:05,2381,2672,1,0,0.02,4153.45,0.00,0.00,0.00,770101,OBR#S#1781101500
2026.06.10 15:30:34,2382,2672,0,1,0.02,4167.10,-27.30,0.00,0.00,770101,sl 4166.70
2026.06.10 16:44:59,2383,2671,0,1,0.01,4178.65,-18.57,0.00,0.00,770101,sl 4178.38
2026.06.10 17:21:24,2384,2676,0,0,0.01,4163.41,0.00,0.00,0.00,770101,OBR#L#1781104800
2026.06.10 17:56:02,2385,2676,1,1,0.01,4133.79,-29.62,0.00,0.00,770101,sl 4133.80
2026.06.11 07:01:41,2386,2680,0,0,0.02,4072.08,0.00,0.00,0.00,770101,OBR#L#1781158800
2026.06.11 07:50:16,2387,2681,0,0,0.03,4081.97,0.00,0.00,0.00,770101,OBR#L#1781161200
2026.06.11 08:37:32,2388,2680,1,1,0.02,4096.20,48.24,0.00,0.00,770101,tp 4096.20
2026.06.11 08:48:39,2389,2681,1,1,0.03,4103.40,64.29,0.00,0.00,770101,tp 4103.37
2026.06.11 09:29:16,2390,2684,0,0,0.02,4086.62,0.00,0.00,0.00,770101,OBR#L#1781166300
2026.06.11 10:36:29,2391,2685,0,0,0.01,4102.70,0.00,0.00,0.00,770101,OBR#L#1781168700
2026.06.11 12:30:15,2392,2685,1,1,0.01,4078.70,-24.00,0.00,0.00,770101,sl 4078.73
2026.06.11 15:20:02,2393,2684,1,1,0.02,4072.39,-28.46,0.00,0.00,770101,sl 4072.55
2026.06.11 15:30:53,2394,2688,1,0,0.01,4072.86,0.00,0.00,0.00,770101,OBR#S#1781187900
2026.06.11 16:47:53,2395,2688,0,1,0.01,4091.32,-18.46,0.00,0.00,770101,sl 4091.31
2026.06.11 16:59:33,2396,2690,0,0,0.01,4083.64,0.00,0.00,0.00,770101,OBR#L#1781191800
2026.06.11 17:10:22,2397,2690,1,1,0.01,4057.21,-26.43,0.00,0.00,770101,sl 4057.48
2026.06.11 17:23:23,2398,2691,1,0,0.04,4078.09,0.00,0.00,0.00,770101,OBR#S#1781193900
2026.06.11 18:08:08,2399,2691,0,1,0.04,4086.50,-33.64,0.00,0.00,770101,sl 4086.23
2026.06.11 19:25:21,2400,2694,0,0,0.02,4085.82,0.00,0.00,0.00,770101,OBR#L#1781200500
2026.06.11 20:03:31,2401,2694,1,1,0.02,4072.01,-27.62,0.00,0.00,770101,sl 4072.06
2026.06.12 04:55:05,2402,2696,0,0,0.02,4186.00,0.00,0.00,0.00,770101,OBR#L#1781215500
2026.06.12 06:54:24,2403,2697,1,0,0.03,4199.26,0.00,0.00,0.00,770101,OBR#S#1781236500
2026.06.12 07:55:24,2404,2698,1,0,0.02,4192.88,0.00,0.00,0.00,770101,OBR#S#1781245800
2026.06.12 08:34:10,2405,2697,0,1,0.03,4180.94,54.96,0.00,0.00,770101,tp 4181.00
2026.06.12 09:32:00,2406,2700,0,0,0.04,4178.77,0.00,0.00,0.00,770101,OBR#L#1781238900
2026.06.12 10:33:00,2407,2700,1,1,0.04,4171.04,-30.92,0.00,0.00,770101,sl 4171.31
2026.06.12 11:13:22,2408,2698,0,1,0.02,4204.69,-23.62,0.00,0.00,770101,sl 4204.67
2026.06.12 11:19:04,2409,2696,1,1,0.02,4219.78,67.56,0.00,0.00,770101,tp 4219.70
2026.06.12 16:21:11,2410,2705,1,0,0.02,4203.73,0.00,0.00,0.00,770101,OBR#S#1781271900
2026.06.12 16:52:43,2411,2706,1,0,0.01,4193.66,0.00,0.00,0.00,770101,OBR#S#1781277000
2026.06.12 17:50:47,2412,2707,1,0,0.01,4184.93,0.00,0.00,0.00,770101,OBR#S#1781282100
2026.06.12 18:05:49,2413,2707,0,1,0.01,4210.26,-25.33,0.00,0.00,770101,sl 4210.24
2026.06.12 18:14:24,2414,2706,0,1,0.01,4214.46,-20.80,0.00,0.00,770101,sl 4214.24
2026.06.12 18:18:56,2415,2705,0,1,0.02,4218.75,-30.04,0.00,0.00,770101,sl 4218.75
2026.06.12 19:23:31,2416,2711,0,0,0.01,4220.66,0.00,0.00,0.00,770101,OBR#L#1781287200
2026.06.12 20:12:37,2417,2712,0,0,0.03,4218.74,0.00,0.00,0.00,770101,OBR#L#1781290800
2026.06.12 20:20:16,2418,2713,1,0,0.02,4218.81,0.00,0.00,0.00,770101,OBR#S#1781291700
2026.06.12 21:21:10,2419,2713,0,1,0.02,4233.11,-28.60,0.00,0.00,770101,sl 4233.01
2026.06.12 22:29:49,2420,2712,1,1,0.03,4207.97,-32.31,0.00,0.00,770101,sl 4207.97
2026.06.15 01:01:00,2421,2711,1,1,0.01,4269.57,48.91,0.00,-0.79,770101,tp 4262.63
2026.06.15 08:06:35,2422,2719,0,0,0.08,4325.31,0.00,0.00,0.00,770101,OBR#L#1781505600
2026.06.15 08:37:15,2423,2719,1,1,0.08,4321.11,-33.60,0.00,0.00,770101,sl 4321.13
2026.06.15 17:57:33,2424,2721,0,0,0.05,4358.99,0.00,0.00,0.00,770101,OBR#L#1781540700
2026.06.15 18:01:27,2425,2721,1,1,0.05,4352.45,-32.70,0.00,0.00,770101,sl 4352.72
2026.06.16 01:22:51,2426,2724,1,0,0.04,4311.61,0.00,0.00,0.00,770101,OBR#S#1781565300
2026.06.16 02:35:46,2427,2724,0,1,0.04,4318.62,-28.04,0.00,0.00,770101,sl 4318.61
2026.06.16 13:00:12,2428,2729,0,0,0.04,4345.08,0.00,0.00,0.00,770101,OBR#L#1781612700
2026.06.16 14:04:28,2429,2730,0,0,0.07,4346.32,0.00,0.00,0.00,770101,OBR#L#1781613600
2026.06.16 14:08:50,2430,2730,1,1,0.07,4341.63,-32.83,0.00,0.00,770101,sl 4341.67
2026.06.16 14:32:39,2431,2729,1,1,0.04,4338.22,-27.44,0.00,0.00,770101,sl 4338.29
2026.06.16 17:45:53,2432,2733,0,0,0.04,4323.65,0.00,0.00,0.00,770101,OBR#L#1781602800
2026.06.16 18:56:50,2433,2733,1,1,0.04,4340.11,65.84,0.00,0.00,770101,tp 4340.10
2026.06.16 19:00:01,2434,2735,0,0,0.01,4335.20,0.00,0.00,0.00,770101,OBR#L#1781631000
2026.06.16 22:10:39,2435,2737,0,0,0.06,4340.77,0.00,0.00,0.00,770101,OBR#L#1781642700
2026.06.16 22:52:30,2436,2737,1,1,0.06,4335.84,-29.58,0.00,0.00,770101,sl 4335.85
2026.06.17 04:20:10,2437,2739,0,0,0.02,4340.61,0.00,0.00,0.00,770101,OBR#L#1781664900
2026.06.17 06:15:04,2438,2739,1,1,0.02,4329.41,-22.40,0.00,0.00,770101,sl 4329.42
2026.06.17 08:25:11,2439,2741,0,0,0.10,4324.81,0.00,0.00,0.00,770101,OBR#L#1781682000
2026.06.17 08:30:03,2440,2741,1,1,0.10,4331.29,64.80,0.00,0.00,770101,tp 4331.19
2026.06.17 08:55:12,2441,2743,0,0,0.03,4330.07,0.00,0.00,0.00,770101,OBR#L#1781683800
2026.06.17 09:22:23,2442,2743,1,1,0.03,4321.21,-26.58,0.00,0.00,770101,sl 4321.26
2026.06.17 09:27:00,2443,2745,1,0,0.03,4325.64,0.00,0.00,0.00,770101,OBR#S#1781685900
2026.06.17 12:30:17,2444,2745,0,1,0.03,4334.46,-26.46,0.00,0.00,770101,sl 4334.22
2026.06.17 14:02:02,2445,2747,0,0,0.06,4330.78,0.00,0.00,0.00,770101,OBR#L#1781700600
2026.06.17 14:35:03,2446,2747,1,1,0.06,4325.53,-31.50,0.00,0.00,770101,sl 4325.53
2026.06.17 16:01:38,2447,2750,0,0,0.02,4332.22,0.00,0.00,0.00,770101,OBR#L#1781696700
2026.06.17 16:05:45,2448,2749,0,0,0.05,4328.18,0.00,0.00,0.00,770101,OBR#L#1781697900
2026.06.17 16:43:53,2449,2749,1,1,0.05,4341.18,65.00,0.00,0.00,770101,tp 4341.16
2026.06.17 17:24:32,2450,2750,1,1,0.02,4361.57,58.70,0.00,0.00,770101,tp 4361.53
2026.06.17 20:33:54,2451,2735,1,1,0.01,4379.42,44.22,0.00,-0.79,770101,tp 4379.34
2026.06.18 02:40:36,2452,2755,0,0,0.03,4273.18,0.00,0.00,0.00,770101,OBR#L#1781746800
2026.06.18 03:05:34,2453,2755,1,1,0.03,4293.11,59.79,0.00,0.00,770101,tp 4292.79
2026.06.18 06:06:37,2454,2757,1,0,0.02,4315.77,0.00,0.00,0.00,770101,OBR#S#1781759400
2026.06.18 06:43:43,2455,2758,0,0,0.03,4318.25,0.00,0.00,0.00,770101,OBR#L#1781754900
2026.06.18 08:46:23,2456,2758,1,1,0.03,4308.16,-30.27,0.00,0.00,770101,sl 4308.41
2026.06.18 10:24:52,2457,2761,0,0,0.05,4305.74,0.00,0.00,0.00,770101,OBR#L#1781775300
2026.06.18 10:33:18,2458,2761,1,1,0.05,4299.09,-33.25,0.00,0.00,770101,sl 4299.25
2026.06.18 11:00:03,2459,2757,0,1,0.02,4287.34,56.86,0.00,0.00,770101,tp 4287.41
2026.06.18 16:13:53,2460,2765,1,0,0.04,4258.50,0.00,0.00,0.00,770101,OBR#S#1781789700
2026.06.18 16:30:31,2461,2765,0,1,0.04,4267.37,-35.48,0.00,0.00,770101,sl 4267.25
2026.06.18 17:19:02,2462,2767,1,0,0.01,4247.84,0.00,0.00,0.00,770101,OBR#S#1781800200
2026.06.18 18:17:01,2463,2768,0,0,0.05,4246.19,0.00,0.00,0.00,770101,OBR#L#1781802600
2026.06.18 18:18:43,2464,2768,1,1,0.05,4240.05,-30.70,0.00,0.00,770101,sl 4240.06
2026.06.18 19:59:21,2465,2770,1,0,0.02,4218.57,0.00,0.00,0.00,770101,OBR#S#1781809500
2026.06.18 20:54:02,2466,2770,0,1,0.02,4233.18,-29.22,0.00,0.00,770101,sl 4233.17
2026.06.19 01:59:12,2467,2772,0,0,0.05,4207.47,0.00,0.00,0.00,770101,OBR#L#1781821800
2026.06.19 02:02:44,2468,2772,1,1,0.05,4201.41,-30.30,0.00,0.00,770101,sl 4201.44
2026.06.19 02:45:24,2469,2767,0,1,0.01,4189.04,58.80,0.00,0.34,770101,tp 4189.09
2026.06.19 04:46:28,2470,2775,1,0,0.04,4186.77,0.00,0.00,0.00,770101,OBR#S#1781841600
2026.06.19 06:04:22,2471,2775,0,1,0.04,4170.59,64.72,0.00,0.00,770101,tp 4170.77
2026.06.19 09:47:55,2472,2777,1,0,0.03,4139.04,0.00,0.00,0.00,770101,OBR#S#1781853600
2026.06.19 09:57:46,2473,2777,0,1,0.03,4149.96,-32.76,0.00,0.00,770101,sl 4149.90
2026.06.19 16:03:06,2474,2780,0,0,0.01,4169.36,0.00,0.00,0.00,770101,OBR#L#1781879100
2026.06.19 17:44:04,2475,2780,1,1,0.01,4143.18,-26.18,0.00,0.00,770101,sl 4143.18
2026.06.22 02:15:47,2476,2782,0,0,0.03,4155.49,0.00,0.00,0.00,770101,OBR#L#1781896500
2026.06.22 02:35:42,2477,2782,1,1,0.03,4144.50,-32.97,0.00,0.00,770101,sl 4144.50
2026.06.22 03:00:31,2478,2784,1,0,0.02,4148.09,0.00,0.00,0.00,770101,OBR#S#1782093900
2026.06.22 03:15:04,2479,2784,0,1,0.02,4163.30,-30.42,0.00,0.00,770101,sl 4163.28
2026.06.22 07:15:26,2480,2786,0,0,0.03,4176.08,0.00,0.00,0.00,770101,OBR#L#1782099000
2026.06.22 08:05:44,2481,2787,0,0,0.03,4180.28,0.00,0.00,0.00,770101,OBR#L#1782111300
2026.06.22 08:36:33,2482,2786,1,1,0.03,4197.04,62.88,0.00,0.00,770101,tp 4197.01
2026.06.22 09:18:04,2483,2787,1,1,0.03,4199.75,58.41,0.00,0.00,770101,tp 4199.73
2026.06.22 10:06:12,2484,2791,1,0,0.02,4201.11,0.00,0.00,0.00,770101,OBR#S#1782102000
2026.06.22 13:11:48,2485,2791,0,1,0.02,4213.47,-24.72,0.00,0.00,770101,sl 4213.45
2026.06.22 15:10:50,2486,2793,0,0,0.15,4205.76,0.00,0.00,0.00,770101,OBR#L#1782136500
2026.06.22 15:20:07,2487,2793,1,1,0.15,4210.52,71.40,0.00,0.00,770101,tp 4210.43
2026.06.22 17:17:42,2488,2795,0,0,0.02,4200.55,0.00,0.00,0.00,770101,OBR#L#1782146400
2026.06.22 17:27:50,2489,2796,1,0,0.02,4196.63,0.00,0.00,0.00,770101,OBR#S#1782141600
2026.06.22 17:35:05,2490,2795,1,1,0.02,4187.45,-26.20,0.00,0.00,770101,sl 4187.47
2026.06.23 04:37:09,2491,2796,0,1,0.02,4166.04,61.18,0.00,0.69,770101,tp 4166.18
2026.06.23 05:34:21,2492,2801,0,0,0.04,4157.63,0.00,0.00,0.00,770101,OBR#L#1782189900
2026.06.23 05:58:02,2493,2801,1,1,0.04,4150.10,-30.12,0.00,0.00,770101,sl 4150.10
2026.06.23 07:05:48,2494,2804,0,0,0.03,4143.83,0.00,0.00,0.00,770101,OBR#L#1782195300
2026.06.23 07:55:54,2495,2804,1,1,0.03,4132.31,-34.56,0.00,0.00,770101,sl 4132.31
2026.06.23 13:51:13,2496,2808,0,0,0.03,4122.15,0.00,0.00,0.00,770101,OBR#L#1782217500
2026.06.23 14:20:46,2497,2809,0,0,0.03,4124.98,0.00,0.00,0.00,770101,OBR#L#1782219000
2026.06.23 15:13:20,2498,2809,1,1,0.03,4115.20,-29.34,0.00,0.00,770101,sl 4115.35
2026.06.23 15:15:19,2499,2808,1,1,0.03,4111.82,-30.99,0.00,0.00,770101,sl 4111.83
2026.06.23 15:39:06,2500,2811,1,0,0.03,4122.29,0.00,0.00,0.00,770101,OBR#S#1782221400
2026.06.23 16:05:24,2501,2813,1,0,0.02,4114.37,0.00,0.00,0.00,770101,OBR#S#1782226500
2026.06.23 16:30:04,2502,2814,0,0,0.02,4114.09,0.00,0.00,0.00,770101,OBR#L#1782215700
2026.06.23 16:40:40,2503,2813,0,1,0.02,4126.39,-24.04,0.00,0.00,770101,sl 4126.31
2026.06.23 16:48:46,2504,2811,0,1,0.03,4132.41,-30.36,0.00,0.00,770101,sl 4132.26
2026.06.23 16:52:29,2505,2814,1,1,0.02,4137.56,46.94,0.00,0.00,770101,tp 4137.43
2026.06.23 17:38:39,2506,2817,0,0,0.01,4124.54,0.00,0.00,0.00,770101,OBR#L#1782231300
2026.06.23 21:00:49,2507,2820,1,0,0.03,4129.59,0.00,0.00,0.00,770101,OBR#S#1782245400
2026.06.23 23:00:34,2508,2820,0,1,0.03,4108.96,61.89,0.00,0.00,770101,tp 4108.99
2026.06.24 01:21:18,2509,2817,1,1,0.01,4106.33,-18.21,0.00,-0.79,770101,sl 4106.36
2026.06.24 04:38:12,2510,2825,0,0,0.01,4093.42,0.00,0.00,0.00,770101,OBR#L#1782273600
2026.06.24 04:56:52,2511,2826,1,0,0.03,4088.12,0.00,0.00,0.00,770101,OBR#S#1782273300
2026.06.24 05:30:45,2512,2825,1,1,0.01,4069.07,-24.35,0.00,0.00,770101,sl 4069.15
2026.06.24 05:31:11,2513,2826,0,1,0.03,4065.72,67.20,0.00,0.00,770101,tp 4065.77
2026.06.24 11:39:12,2514,2830,0,0,0.04,4079.96,0.00,0.00,0.00,770101,OBR#L#1782291000
2026.06.24 12:09:45,2515,2830,1,1,0.04,4071.16,-35.20,0.00,0.00,770101,sl 4071.32
2026.06.24 13:35:13,2516,2833,0,0,0.05,4060.80,0.00,0.00,0.00,770101,OBR#L#1782285300
2026.06.24 13:59:00,2517,2833,1,1,0.05,4054.87,-29.65,0.00,0.00,770101,sl 4054.97
2026.06.24 14:25:08,2518,2836,1,0,0.01,4046.79,0.00,0.00,0.00,770101,OBR#S#1782308400
2026.06.24 15:49:34,2519,2836,0,1,0.01,4006.42,40.37,0.00,0.00,770101,tp 4006.45
2026.06.24 17:22:13,2520,2838,1,0,0.01,4021.34,0.00,0.00,0.00,770101,OBR#S#1782314100
2026.06.24 19:44:02,2521,2839,0,0,0.02,4009.84,0.00,0.00,0.00,770101,OBR#L#1782324300
2026.06.24 20:20:58,2522,2839,1,1,0.02,3997.17,-25.34,0.00,0.00,770101,sl 3997.18
2026.06.24 20:50:26,2523,2838,0,1,0.01,3979.44,41.90,0.00,0.00,770101,tp 3979.56
2026.06.24 21:21:39,2524,2842,0,0,0.02,3981.03,0.00,0.00,0.00,770101,OBR#L#1782318000
2026.06.24 22:45:49,2525,2844,1,0,0.04,3983.63,0.00,0.00,0.00,770101,OBR#S#1782336300
2026.06.24 23:01:46,2526,2844,0,1,0.04,3992.03,-33.60,0.00,0.00,770101,sl 3992.01
2026.06.25 01:06:47,2527,2846,0,0,0.03,4002.68,0.00,0.00,0.00,770101,OBR#L#1782342900
2026.06.25 02:06:33,2528,2846,1,1,0.03,3991.95,-32.19,0.00,0.00,770101,sl 3992.13
2026.06.25 02:35:35,2529,2842,1,1,0.02,4014.25,66.44,0.00,-4.77,770101,tp 4014.21
2026.06.25 04:29:01,2530,2850,0,0,0.02,3993.79,0.00,0.00,0.00,770101,OBR#L#1782359100
2026.06.25 04:37:01,2531,2850,1,1,0.02,3978.26,-31.06,0.00,0.00,770101,sl 3978.46
2026.06.25 07:44:43,2532,2852,1,0,0.05,3991.07,0.00,0.00,0.00,770101,OBR#S#1782371100
2026.06.25 07:54:29,2533,2852,0,1,0.05,3996.93,-29.30,0.00,0.00,770101,sl 3996.93
2026.06.25 08:50:24,2534,2854,1,0,0.02,3984.46,0.00,0.00,0.00,770101,OBR#S#1782374700
2026.06.25 09:20:36,2535,2855,1,0,0.02,3980.47,0.00,0.00,0.00,770101,OBR#S#1782376200
2026.06.25 11:21:00,2536,2855,0,1,0.02,3997.66,-34.38,0.00,0.00,770101,sl 3997.66
2026.06.25 11:22:30,2537,2854,0,1,0.02,3999.39,-29.86,0.00,0.00,770101,sl 3999.30
2026.06.25 12:10:20,2538,2858,0,0,0.04,3991.29,0.00,0.00,0.00,770101,OBR#L#1782385800
2026.06.25 12:51:42,2539,2859,1,0,0.03,3992.13,0.00,0.00,0.00,770101,OBR#S#1782387300
2026.06.25 13:11:35,2540,2858,1,1,0.04,3984.09,-28.80,0.00,0.00,770101,sl 3984.17
2026.06.25 14:55:03,2541,2861,0,0,0.04,3982.24,0.00,0.00,0.00,770101,OBR#L#1782384600
2026.06.25 15:00:27,2542,2862,1,0,0.05,3982.77,0.00,0.00,0.00,770101,OBR#S#1782394500
2026.06.25 15:30:09,2543,2862,0,1,0.05,3989.05,-31.40,0.00,0.00,770101,sl 3988.64
2026.06.25 15:30:14,2544,2861,1,1,0.04,3997.62,61.52,0.00,0.00,770101,tp 3997.42
2026.06.25 15:30:22,2545,2859,0,1,0.03,4002.34,-30.63,0.00,0.00,770101,sl 4001.96
2026.06.25 18:30:13,2546,2867,0,0,0.01,4025.89,0.00,0.00,0.00,770101,OBR#L#1782406500
2026.06.25 22:02:57,2547,2868,0,0,0.09,4033.79,0.00,0.00,0.00,770101,OBR#L#1782421800
2026.06.25 22:15:11,2548,2868,1,1,0.09,4040.69,62.10,0.00,0.00,770101,tp 4040.67
2026.06.25 22:19:12,2549,2869,0,0,0.03,4038.31,0.00,0.00,0.00,770101,OBR#L#1782423900
2026.06.25 22:40:09,2550,2871,1,0,0.04,4036.81,0.00,0.00,0.00,770101,OBR#S#1782422700
2026.06.25 22:45:44,2551,2869,1,1,0.03,4029.65,-25.98,0.00,0.00,770101,sl 4029.67
2026.06.25 23:00:23,2552,2873,1,0,0.02,4027.49,0.00,0.00,0.00,770101,OBR#S#1782426000
2026.06.26 01:21:27,2553,2871,0,1,0.04,4021.49,61.28,0.00,1.38,770101,tp 4021.51
2026.06.26 02:34:04,2554,2875,0,0,0.06,4025.20,0.00,0.00,0.00,770101,OBR#L#1782436800
2026.06.26 02:48:38,2555,2875,1,1,0.06,4019.71,-32.94,0.00,0.00,770101,sl 4019.71
2026.06.26 03:22:36,2556,2877,0,0,0.02,4018.64,0.00,0.00,0.00,770101,OBR#L#1782411000
2026.06.26 05:25:08,2557,2877,1,1,0.02,4004.79,-27.70,0.00,0.00,770101,sl 4004.88
2026.06.26 05:33:24,2558,2873,0,1,0.02,4002.15,50.68,0.00,0.69,770101,tp 4002.23
2026.06.26 05:36:57,2559,2867,1,1,0.01,4000.88,-25.01,0.00,-0.79,770101,sl 4000.93
2026.06.26 07:26:50,2560,2881,0,0,0.03,4006.53,0.00,0.00,0.00,770101,OBR#L#1782456300
2026.06.26 08:05:45,2561,2882,0,0,0.05,4007.19,0.00,0.00,0.00,770101,OBR#L#1782457200
2026.06.26 08:30:03,2562,2882,1,1,0.05,4019.93,63.70,0.00,0.00,770101,tp 4019.85
2026.06.26 09:05:34,2563,2884,1,0,0.03,4010.78,0.00,0.00,0.00,770101,OBR#S#1782449700
2026.06.26 09:22:20,2564,2884,0,1,0.03,4021.86,-33.24,0.00,0.00,770101,sl 4021.85
2026.06.26 09:32:43,2565,2881,1,1,0.03,4025.78,57.75,0.00,0.00,770101,tp 4025.69
2026.06.26 15:18:25,2566,2888,0,0,0.06,4047.68,0.00,0.00,0.00,770101,OBR#L#1782480000
2026.06.26 15:21:34,2567,2888,1,1,0.06,4042.19,-32.94,0.00,0.00,770101,sl 4042.21
2026.06.26 18:17:15,2568,2891,1,0,0.03,4083.28,0.00,0.00,0.00,770101,OBR#S#1782494100
2026.06.26 18:39:25,2569,2891,0,1,0.03,4093.21,-29.79,0.00,0.00,770101,sl 4093.15
2026.06.26 18:51:04,2570,2893,0,0,0.02,4091.11,0.00,0.00,0.00,770101,OBR#L#1782495300
2026.06.26 19:45:21,2571,2894,1,0,0.05,4086.06,0.00,0.00,0.00,770101,OBR#S#1782501000
2026.06.26 20:24:13,2572,2895,1,0,0.03,4084.07,0.00,0.00,0.00,770101,OBR#S#1782502200
2026.06.26 20:36:28,2573,2893,1,1,0.02,4076.28,-29.66,0.00,0.00,770101,sl 4076.32
2026.06.26 21:01:45,2574,2894,0,1,0.05,4073.20,64.30,0.00,0.00,770101,tp 4073.24
2026.06.26 22:03:15,2575,2895,0,1,0.03,4065.91,54.48,0.00,0.00,770101,tp 4065.91
2026.06.26 23:00:14,2576,2901,0,0,0.05,4071.47,0.00,0.00,0.00,770101,OBR#L#1782512400
2026.06.26 23:16:07,2577,2902,1,0,0.04,4068.39,0.00,0.00,0.00,770101,OBR#S#1782509400
2026.06.26 23:49:22,2578,2902,0,1,0.04,4075.54,-28.60,0.00,0.00,770101,sl 4075.54
2026.06.26 23:56:07,2579,2901,1,1,0.05,4085.64,70.85,0.00,0.00,770101,tp 4085.57
2026.06.29 01:02:06,2580,2904,0,0,0.04,4073.53,0.00,0.00,0.00,770101,OBR#L#1782515700
2026.06.29 01:15:49,2581,2904,1,1,0.04,4065.83,-30.80,0.00,0.00,770101,sl 4066.17
2026.06.29 03:33:02,2582,2908,1,0,0.02,4052.89,0.00,0.00,0.00,770101,OBR#S#1782701400
2026.06.29 03:40:19,2583,2907,1,0,0.04,4062.50,0.00,0.00,0.00,770101,OBR#S#1782698700
2026.06.29 03:42:59,2584,2908,0,1,0.02,4066.61,-27.44,0.00,0.00,770101,sl 4066.35
2026.06.29 03:56:01,2585,2907,0,1,0.04,4070.73,-32.92,0.00,0.00,770101,sl 4070.62
2026.06.29 08:48:50,2586,2912,1,0,0.06,4052.73,0.00,0.00,0.00,770101,OBR#S#1782719100
2026.06.29 09:01:31,2587,2912,0,1,0.06,4057.92,-31.14,0.00,0.00,770101,sl 4057.86
2026.06.29 10:10:45,2588,2914,1,0,0.06,4060.86,0.00,0.00,0.00,770101,OBR#S#1782717900
2026.06.29 10:51:41,2589,2914,0,1,0.06,4066.63,-34.62,0.00,0.00,770101,sl 4066.62
2026.06.29 14:11:51,2590,2917,0,0,0.04,4035.24,0.00,0.00,0.00,770101,OBR#L#1782738000
2026.06.29 15:11:21,2591,2917,1,1,0.04,4051.20,63.84,0.00,0.00,770101,tp 4051.20
2026.06.29 18:35:01,2592,2919,0,0,0.06,4023.01,0.00,0.00,0.00,770101,OBR#L#1782755100
2026.06.29 18:38:03,2593,2919,1,1,0.06,4017.85,-30.96,0.00,0.00,770101,sl 4017.87
2026.06.29 19:05:35,2594,2921,0,0,0.03,4025.55,0.00,0.00,0.00,770101,OBR#L#1782757200
2026.06.29 21:48:34,2595,2921,1,1,0.03,4016.59,-26.88,0.00,0.00,770101,sl 4016.60
2026.06.29 22:58:36,2596,2923,1,0,0.12,4015.31,0.00,0.00,0.00,770101,OBR#S#1782769800
2026.06.29 23:29:08,2597,2923,0,1,0.12,4018.11,-33.60,0.00,0.00,770101,sl 4018.06
2026.06.30 01:29:12,2598,2925,0,0,0.10,4015.87,0.00,0.00,0.00,770101,OBR#L#1782774300
2026.06.30 01:39:32,2599,2925,1,1,0.10,4012.53,-33.40,0.00,0.00,770101,sl 4012.63
2026.06.30 02:25:52,2600,2927,0,0,0.03,4017.73,0.00,0.00,0.00,770101,OBR#L#1782771000
2026.06.30 02:50:03,2601,2928,1,0,0.06,4017.06,0.00,0.00,0.00,770101,OBR#S#1782785700
2026.06.30 03:03:33,2602,2927,1,1,0.03,4007.98,-29.25,0.00,0.00,770101,sl 4007.99
2026.06.30 03:06:17,2603,2928,0,1,0.06,4005.98,66.48,0.00,0.00,770101,tp 4006.28
2026.06.30 03:11:10,2604,2931,1,0,0.02,4008.51,0.00,0.00,0.00,770101,OBR#S#1782786600
2026.06.30 03:56:58,2605,2931,0,1,0.02,3981.49,54.04,0.00,0.00,770101,tp 3981.74
2026.06.30 05:16:45,2606,2933,1,0,0.01,3960.29,0.00,0.00,0.00,770101,OBR#S#1782793500
2026.06.30 07:29:34,2607,2933,0,1,0.01,3981.13,-20.84,0.00,0.00,770101,sl 3980.83
2026.06.30 08:24:55,2608,2935,1,0,0.03,3985.70,0.00,0.00,0.00,770101,OBR#S#1782804600
2026.06.30 09:23:42,2609,2935,0,1,0.03,3996.71,-33.03,0.00,0.00,770101,sl 3996.61
2026.06.30 13:06:53,2610,2937,0,0,0.03,4023.20,0.00,0.00,0.00,770101,OBR#L#1782822600
2026.06.30 15:36:40,2611,2937,1,1,0.03,4012.78,-31.26,0.00,0.00,770101,sl 4012.81
2026.06.30 18:01:26,2612,2939,0,0,0.01,4036.81,0.00,0.00,0.00,770101,OBR#L#1782834900
2026.06.30 18:57:15,2613,2941,0,0,0.05,4031.18,0.00,0.00,0.00,770101,OBR#L#1782838800
2026.06.30 19:15:06,2614,2942,1,0,0.04,4030.38,0.00,0.00,0.00,770101,OBR#S#1782843000
2026.06.30 20:01:07,2615,2941,1,1,0.05,4025.27,-29.55,0.00,0.00,770101,sl 4025.28
2026.06.30 20:18:05,2616,2944,1,0,0.05,4027.92,0.00,0.00,0.00,770101,OBR#S#1782845400
2026.06.30 22:53:11,2617,2942,0,1,0.04,4016.47,55.64,0.00,0.00,770101,tp 4016.61
2026.06.30 22:59:35,2618,2944,0,1,0.05,4015.20,63.60,0.00,0.00,770101,tp 4015.27
2026.06.30 23:55:40,2619,2939,1,1,0.01,4008.40,-28.41,0.00,0.00,770101,sl 4008.56
2026.07.01 03:11:02,2620,2948,1,0,0.03,4008.75,0.00,0.00,0.00,770101,OBR#S#1782871500
2026.07.01 04:05:02,2621,2948,0,1,0.03,3988.87,59.64,0.00,0.00,770101,tp 3989.00
2026.07.01 05:13:06,2622,2950,1,0,0.03,3975.13,0.00,0.00,0.00,770101,OBR#S#1782879900
2026.07.01 05:36:40,2623,2950,0,1,0.03,3986.10,-32.91,0.00,0.00,770101,sl 3986.08
2026.07.01 07:36:01,2624,2952,0,0,0.04,3977.41,0.00,0.00,0.00,770101,OBR#L#1782882300
2026.07.01 08:12:03,2625,2952,1,1,0.04,3969.99,-29.68,0.00,0.00,770101,sl 3970.07
2026.07.01 08:32:16,2626,2953,1,0,0.09,3977.30,0.00,0.00,0.00,770101,OBR#S#1782891000
2026.07.01 09:07:02,2627,2953,0,1,0.09,3969.61,69.21,0.00,0.00,770101,tp 3969.67
2026.07.01 10:02:26,2628,2956,0,0,0.06,3968.98,0.00,0.00,0.00,770101,OBR#L#1782897000
2026.07.01 10:07:23,2629,2956,1,1,0.06,3963.46,-33.12,0.00,0.00,770101,sl 3963.51
2026.07.01 10:18:58,2630,2958,1,0,0.03,3966.53,0.00,0.00,0.00,770101,OBR#S#1782896400
2026.07.01 10:35:59,2631,2959,1,0,0.04,3965.00,0.00,0.00,0.00,770101,OBR#S#1782899400
2026.07.01 10:50:52,2632,2959,0,1,0.04,3973.73,-34.92,0.00,0.00,770101,sl 3973.65
2026.07.01 10:57:12,2633,2958,0,1,0.03,3977.56,-33.09,0.00,0.00,770101,sl 3977.55
2026.07.01 11:42:36,2634,2963,1,0,0.03,3977.83,0.00,0.00,0.00,770101,OBR#S#1782886500
2026.07.01 12:43:35,2635,2964,0,0,0.03,3979.87,0.00,0.00,0.00,770101,OBR#L#1782903900
2026.07.01 13:02:13,2636,2963,0,1,0.03,3987.19,-28.08,0.00,0.00,770101,sl 3987.02
2026.07.01 13:18:19,2637,2965,0,0,0.05,3983.07,0.00,0.00,0.00,770101,OBR#L#1782908400
2026.07.01 13:43:36,2638,2967,0,0,0.04,3987.07,0.00,0.00,0.00,770101,OBR#L#1782909600
2026.07.01 13:56:47,2639,2965,1,1,0.05,3996.18,65.55,0.00,0.00,770101,tp 3996.15
2026.07.01 14:00:13,2640,2964,1,1,0.03,3999.72,59.55,0.00,0.00,770101,tp 3999.71
2026.07.01 14:01:04,2641,2967,1,1,0.04,4003.10,64.12,0.00,0.00,770101,tp 4002.81
2026.07.01 18:45:28,2642,2971,1,0,0.03,4084.94,0.00,0.00,0.00,770101,OBR#S#1782928500
2026.07.01 21:21:16,2643,2971,0,1,0.03,4064.42,61.56,0.00,0.00,770101,tp 4064.44
2026.07.02 02:13:42,2644,2975,0,0,0.08,4039.05,0.00,0.00,0.00,770101,OBR#L#1782954900
2026.07.02 02:27:27,2645,2975,1,1,0.08,4034.70,-34.80,0.00,0.00,770101,sl 4034.79
2026.07.02 03:42:54,2646,2977,0,0,0.04,4038.61,0.00,0.00,0.00,770101,OBR#L#1782950100
2026.07.02 04:00:13,2647,2977,1,1,0.04,4055.92,69.24,0.00,0.00,770101,tp 4055.79
2026.07.02 10:10:17,2648,2982,1,0,0.07,4072.26,0.00,0.00,0.00,770101,OBR#S#1782984600
2026.07.02 10:23:23,2649,2982,0,1,0.07,4062.80,66.22,0.00,0.00,770101,tp 4062.83
2026.07.02 10:37:58,2650,2984,1,0,0.03,4067.16,0.00,0.00,0.00,770101,OBR#S#1782986100
2026.07.02 10:46:33,2651,2985,0,0,0.03,4070.15,0.00,0.00,0.00,770101,OBR#L#1782981900
2026.07.02 11:22:17,2652,2984,0,1,0.03,4076.65,-28.47,0.00,0.00,770101,sl 4076.55
2026.07.02 12:30:00,2653,2987,1,0,0.03,4067.99,0.00,0.00,0.00,770101,OBR#S#1782993000
2026.07.02 12:52:11,2654,2988,0,0,0.07,4068.32,0.00,0.00,0.00,770101,OBR#L#1782989700
2026.07.02 13:03:57,2655,2988,1,1,0.07,4063.48,-33.88,0.00,0.00,770101,sl 4063.50
2026.07.02 14:05:01,2656,2985,1,1,0.03,4059.80,-31.05,0.00,0.00,770101,sl 4059.81
2026.07.02 15:20:07,2657,2991,1,0,0.04,4064.83,0.00,0.00,0.00,770101,OBR#S#1783003500
2026.07.02 15:30:01,2658,2991,0,1,0.04,4072.65,-31.28,0.00,0.00,770101,sl 4072.36
2026.07.02 15:30:02,2659,2987,0,1,0.03,4080.75,-38.28,0.00,0.00,770101,sl 4078.76
2026.07.02 18:05:50,2660,2994,0,0,0.02,4123.84,0.00,0.00,0.00,770101,OBR#L#1783009500
2026.07.02 19:30:30,2661,2994,1,1,0.02,4109.02,-29.64,0.00,0.00,770101,sl 4109.32
2026.07.02 21:25:03,2662,2996,1,0,0.06,4118.24,0.00,0.00,0.00,770101,OBR#S#1783019700
2026.07.02 21:30:22,2663,2996,0,1,0.06,4123.97,-34.38,0.00,0.00,770101,sl 4123.95
2026.07.02 22:52:19,2664,2998,1,0,0.04,4119.71,0.00,0.00,0.00,770101,OBR#S#1783027800
2026.07.03 01:09:18,2665,2998,0,1,0.04,4127.17,-29.84,0.00,1.38,770101,sl 4127.09
2026.07.03 03:30:09,2666,3001,0,0,0.02,4136.79,0.00,0.00,0.00,770101,OBR#L#1783043400
2026.07.03 04:07:53,2667,3001,1,1,0.02,4165.01,56.44,0.00,0.00,770101,tp 4164.90
2026.07.03 08:16:33,2668,3003,0,0,0.09,4176.98,0.00,0.00,0.00,770101,OBR#L#1783062000
2026.07.03 08:22:46,2669,3003,1,1,0.09,4173.14,-34.56,0.00,0.00,770101,sl 4173.14
2026.07.03 11:00:01,2670,3006,1,0,0.18,4178.74,0.00,0.00,0.00,770101,OBR#S#1783073100
2026.07.03 11:00:11,2671,3006,0,1,0.18,4181.00,-40.68,0.00,0.00,770101,sl 4180.56
2026.07.03 12:53:39,2672,3008,1,0,0.03,4174.25,0.00,0.00,0.00,770101,OBR#S#1783078800
2026.07.03 14:04:52,2673,3009,1,0,0.23,4179.04,0.00,0.00,0.00,770101,OBR#S#1783080600
2026.07.03 14:12:22,2674,3009,0,1,0.23,4180.46,-32.66,0.00,0.00,770101,sl 4180.46
2026.07.03 14:15:08,2675,3008,0,1,0.03,4184.47,-30.66,0.00,0.00,770101,sl 4184.43
2026.07.03 14:57:25,2676,3011,0,0,0.04,4179.31,0.00,0.00,0.00,770101,OBR#L#1783083300
2026.07.03 16:05:26,2677,3011,1,1,0.04,4171.80,-30.04,0.00,0.00,770101,sl 4171.80
2026.07.03 16:16:03,2678,3014,1,0,0.02,4169.03,0.00,0.00,0.00,770101,OBR#S#1783091100
2026.07.03 18:37:39,2679,3016,1,0,0.03,4168.57,0.00,0.00,0.00,770101,OBR#S#1783094100
2026.07.06 01:01:00,2680,3016,0,1,0.03,4178.43,-29.58,0.00,1.03,770101,sl 4177.42
2026.07.06 01:06:46,2681,3014,0,1,0.02,4183.27,-28.48,0.00,0.69,770101,sl 4183.26
2026.07.06 02:46:50,2682,3019,0,0,0.03,4193.52,0.00,0.00,0.00,770101,OBR#L#1783302300
2026.07.06 02:47:17,2683,3019,1,1,0.03,4183.69,-29.49,0.00,0.00,770101,sl 4183.99
2026.07.06 03:58:36,2684,3021,0,0,0.06,4178.48,0.00,0.00,0.00,770101,OBR#L#1783108500
2026.07.06 04:00:09,2685,3021,1,1,0.06,4173.48,-30.00,0.00,0.00,770101,sl 4173.55
2026.07.06 04:50:40,2686,3023,0,0,0.01,4191.78,0.00,0.00,0.00,770101,OBR#L#1783308300
2026.07.06 05:36:00,2687,3023,1,1,0.01,4170.93,-20.85,0.00,0.00,770101,sl 4170.98
2026.07.06 07:48:51,2688,3026,1,0,0.04,4160.96,0.00,0.00,0.00,770101,OBR#S#1783319400
2026.07.06 08:59:30,2689,3026,0,1,0.04,4147.41,54.20,0.00,0.00,770101,tp 4147.61
2026.07.06 09:09:39,2690,3028,1,0,0.03,4150.87,0.00,0.00,0.00,770101,OBR#S#1783324500
2026.07.06 10:30:30,2691,3029,0,0,0.08,4151.54,0.00,0.00,0.00,770101,OBR#L#1783329300
2026.07.06 10:40:06,2692,3029,1,1,0.08,4159.48,63.52,0.00,0.00,770101,tp 4159.33
2026.07.06 10:41:13,2693,3028,0,1,0.03,4161.13,-30.78,0.00,0.00,770101,sl 4161.11
2026.07.06 11:16:43,2694,3030,0,0,0.04,4155.69,0.00,0.00,0.00,770101,OBR#L#1783332300
2026.07.06 11:46:18,2695,3030,1,1,0.04,4147.83,-31.44,0.00,0.00,770101,sl 4147.88
2026.07.06 22:55:11,2696,3035,0,0,0.08,4162.87,0.00,0.00,0.00,770101,OBR#L#1783375800
2026.07.07 02:57:37,2697,3035,1,1,0.08,4158.78,-32.72,0.00,-6.36,770101,sl 4158.91
2026.07.07 03:48:50,2698,3038,1,0,0.02,4151.33,0.00,0.00,0.00,770101,OBR#S#1783392300
2026.07.07 06:12:24,2699,3039,0,0,0.02,4137.32,0.00,0.00,0.00,770101,OBR#L#1783398300
2026.07.07 06:34:53,2700,3040,1,0,0.03,4134.08,0.00,0.00,0.00,770101,OBR#S#1783402500
2026.07.07 06:47:45,2701,3039,1,1,0.02,4125.67,-23.30,0.00,0.00,770101,sl 4125.67
2026.07.07 06:48:55,2702,3038,0,1,0.02,4125.40,51.86,0.00,0.00,770101,tp 4125.73
2026.07.07 07:40:45,2703,3043,1,0,0.03,4131.05,0.00,0.00,0.00,770101,OBR#S#1783407900
2026.07.07 08:04:57,2704,3044,1,0,0.05,4128.13,0.00,0.00,0.00,770101,OBR#S#1783408800
2026.07.07 11:11:47,2705,3044,0,1,0.05,4134.56,-32.15,0.00,0.00,770101,sl 4134.50
2026.07.07 14:18:35,2706,3043,0,1,0.03,4140.25,-27.60,0.00,0.00,770101,sl 4140.23
2026.07.07 14:24:56,2707,3040,0,1,0.03,4144.37,-30.87,0.00,0.00,770101,sl 4144.32
2026.07.07 18:00:01,2708,3049,0,0,0.02,4153.29,0.00,0.00,0.00,770101,OBR#L#1783434300
2026.07.07 18:18:25,2709,3049,1,1,0.02,4142.57,-21.44,0.00,0.00,770101,sl 4142.58
2026.07.07 19:45:37,2710,3051,0,0,0.06,4142.57,0.00,0.00,0.00,770101,OBR#L#1783450200
2026.07.07 20:20:07,2711,3052,1,0,0.06,4143.26,0.00,0.00,0.00,770101,OBR#S#1783449600
2026.07.07 21:33:19,2712,3051,1,1,0.06,4137.45,-30.72,0.00,0.00,770101,sl 4137.50
2026.07.07 21:49:22,2713,3052,0,1,0.06,4132.82,62.64,0.00,0.00,770101,tp 4132.84
2026.07.08 02:50:59,2714,3056,1,0,0.03,4099.42,0.00,0.00,0.00,770101,OBR#S#1783476600
2026.07.08 03:27:06,2715,3056,0,1,0.03,4108.13,-26.13,0.00,0.00,770101,sl 4107.96
2026.07.08 06:00:14,2716,3059,1,0,0.03,4117.73,0.00,0.00,0.00,770101,OBR#S#1783482000
2026.07.08 06:01:52,2717,3059,0,1,0.03,4127.43,-29.10,0.00,0.00,770101,sl 4126.82
2026.07.08 07:02:23,2718,3061,0,0,0.03,4122.32,0.00,0.00,0.00,770101,OBR#L#1783487400
2026.07.08 08:10:05,2719,3062,0,0,0.04,4127.85,0.00,0.00,0.00,770101,OBR#L#1783494900
2026.07.08 10:05:00,2720,3062,1,1,0.04,4120.49,-29.44,0.00,0.00,770101,sl 4120.49
2026.07.08 10:36:33,2721,3064,0,0,0.04,4120.03,0.00,0.00,0.00,770101,OBR#L#1783490100
2026.07.08 11:16:37,2722,3064,1,1,0.04,4113.19,-27.36,0.00,0.00,770101,sl 4113.32
2026.07.08 11:16:38,2723,3061,1,1,0.03,4111.83,-31.47,0.00,0.00,770101,sl 4111.90
2026.07.08 14:50:15,2724,3068,0,0,0.01,4060.64,0.00,0.00,0.00,770101,OBR#L#1783515900
2026.07.08 16:05:28,2725,3069,1,0,0.02,4079.91,0.00,0.00,0.00,770101,OBR#S#1783509900
2026.07.08 17:15:41,2726,3069,0,1,0.02,4055.34,49.14,0.00,0.00,770101,tp 4055.39
2026.07.08 17:43:29,2727,3068,1,1,0.01,4040.41,-20.23,0.00,0.00,770101,sl 4040.51
2026.07.09 01:31:36,2728,3073,1,0,0.04,4076.22,0.00,0.00,0.00,770101,OBR#S#1783551900
2026.07.09 02:09:24,2729,3074,1,0,0.11,4077.05,0.00,0.00,0.00,770101,OBR#S#1783559100
2026.07.09 03:00:35,2730,3074,0,1,0.11,4079.84,-30.69,0.00,0.00,770101,sl 4079.82
2026.07.09 03:11:54,2731,3073,0,1,0.04,4083.59,-29.48,0.00,0.00,770101,sl 4083.59
2026.07.09 03:30:00,2732,3077,1,0,0.02,4078.37,0.00,0.00,0.00,770101,OBR#S#1783550100
2026.07.09 06:13:18,2733,3077,0,1,0.02,4055.55,45.64,0.00,0.00,770101,tp 4055.69
2026.07.09 07:22:25,2734,3079,1,0,0.04,4060.65,0.00,0.00,0.00,770101,OBR#S#1783576800
2026.07.09 08:01:11,2735,3079,0,1,0.04,4067.76,-28.44,0.00,0.00,770101,sl 4067.69
2026.07.09 15:43:54,2736,3083,0,0,0.03,4114.78,0.00,0.00,0.00,770101,OBR#L#1783609200
2026.07.09 17:03:59,2737,3083,1,1,0.03,4132.69,53.73,0.00,0.00,770101,tp 4132.50
2026.07.09 18:53:53,2738,3086,0,0,0.03,4128.54,0.00,0.00,0.00,770101,OBR#L#1783619100
2026.07.09 19:39:20,2739,3087,0,0,0.04,4132.04,0.00,0.00,0.00,770101,OBR#L#1783623600
2026.07.09 20:16:35,2740,3087,1,1,0.04,4125.69,-25.40,0.00,0.00,770101,sl 4125.70
2026.07.09 22:43:11,2741,3086,1,1,0.03,4119.47,-27.21,0.00,0.00,770101,sl 4119.49
2026.07.10 03:38:33,2742,3090,1,0,0.06,4120.02,0.00,0.00,0.00,770101,OBR#S#1783649700
2026.07.10 03:45:12,2743,3090,0,1,0.06,4124.51,-26.94,0.00,0.00,770101,sl 4124.50
2026.07.10 04:47:38,2744,3092,1,0,0.02,4113.94,0.00,0.00,0.00,770101,OBR#S#1783656900
2026.07.10 05:11:39,2745,3092,0,1,0.02,4127.53,-27.18,0.00,0.00,770101,sl 4127.52
2026.07.10 07:55:40,2746,3095,1,0,0.08,4117.54,0.00,0.00,0.00,770101,OBR#S#1783667400
2026.07.10 08:38:07,2747,3095,0,1,0.08,4109.97,60.56,0.00,0.00,770101,tp 4110.14
2026.07.10 15:13:43,2748,3097,1,0,0.12,4105.88,0.00,0.00,0.00,770101,OBR#S#1783693200
2026.07.10 15:13:43,2749,3097,0,1,0.12,4108.23,-28.20,0.00,0.00,770101,sl 4107.88
2026.07.10 16:40:58,2750,3099,1,0,0.01,4098.18,0.00,0.00,0.00,770101,OBR#S#1783696200
2026.07.10 18:06:55,2751,3100,1,0,0.03,4099.19,0.00,0.00,0.00,770101,OBR#S#1783704300
2026.07.10 18:48:52,2752,3100,0,1,0.03,4109.19,-30.00,0.00,0.00,770101,sl 4108.97
2026.07.10 19:36:20,2753,3102,0,0,0.02,4112.64,0.00,0.00,0.00,770101,OBR#L#1783707900
2026.07.10 21:00:04,2754,3102,1,1,0.02,4100.36,-24.56,0.00,0.00,770101,sl 4100.39
2026.07.10 21:51:15,2755,3104,1,0,0.06,4100.67,0.00,0.00,0.00,770101,OBR#S#1783716600
2026.07.10 22:49:00,2756,3104,0,1,0.06,4105.23,-27.36,0.00,0.00,770101,sl 4105.23
2026.07.10 23:53:12,2757,3099,0,1,0.01,4117.98,-19.80,0.00,0.00,770101,sl 4117.36
2026.07.13 02:39:53,2758,3107,1,0,0.03,4076.86,0.00,0.00,0.00,770101,OBR#S#1783905900
2026.07.13 03:00:01,2759,3107,0,1,0.03,4085.57,-26.13,0.00,0.00,770101,sl 4085.57
2026.07.13 04:25:16,2760,3109,1,0,0.03,4076.20,0.00,0.00,0.00,770101,OBR#S#1783912800
2026.07.13 04:31:02,2761,3109,0,1,0.03,4083.62,-22.26,0.00,0.00,770101,sl 4083.49
2026.07.13 04:54:24,2762,3111,0,0,0.02,4077.51,0.00,0.00,0.00,770101,OBR#L#1783915200
2026.07.13 05:30:36,2763,3111,1,1,0.02,4065.31,-24.40,0.00,0.00,770101,sl 4065.36
2026.07.13 05:35:03,2764,3112,1,0,0.01,4075.59,0.00,0.00,0.00,770101,OBR#S#1783911900
2026.07.13 09:06:21,2765,3112,0,1,0.01,4046.18,29.41,0.00,0.00,770101,tp 4046.21
2026.07.13 09:25:59,2766,3115,1,0,0.02,4058.84,0.00,0.00,0.00,770101,OBR#S#1783929900
2026.07.13 10:08:28,2767,3117,1,0,0.03,4057.53,0.00,0.00,0.00,770101,OBR#S#1783932000
2026.07.13 10:44:13,2768,3118,0,0,0.02,4059.30,0.00,0.00,0.00,770101,OBR#L#1783933800
2026.07.13 11:00:00,2769,3117,0,1,0.03,4065.49,-23.88,0.00,0.00,770101,sl 4065.42
2026.07.13 11:09:33,2770,3115,0,1,0.02,4071.57,-25.46,0.00,0.00,770101,sl 4071.48
2026.07.13 11:23:19,2771,3118,1,1,0.02,4080.04,41.48,0.00,0.00,770101,tp 4080.03
2026.07.13 14:26:11,2772,3122,1,0,0.04,4062.29,0.00,0.00,0.00,770101,OBR#S#1783949700
2026.07.13 14:35:00,2773,3122,0,1,0.04,4068.65,-25.44,0.00,0.00,770101,sl 4068.33
2026.07.13 15:25:28,2774,3124,1,0,0.06,4063.54,0.00,0.00,0.00,770101,OBR#S#1783951500
2026.07.13 16:39:58,2775,3124,0,1,0.06,4054.34,55.20,0.00,0.00,770101,tp 4054.38
2026.07.14 01:30:55,2776,3127,0,0,0.05,4003.87,0.00,0.00,0.00,770101,OBR#L#1783986300
2026.07.14 02:20:29,2777,3127,1,1,0.05,3998.53,-26.70,0.00,0.00,770101,sl 3998.53
2026.07.14 03:10:00,2778,3129,1,0,0.03,3995.14,0.00,0.00,0.00,770101,OBR#S#1783994700
2026.07.14 03:26:31,2779,3130,1,0,0.02,3990.90,0.00,0.00,0.00,770101,OBR#S#1783997700
2026.07.14 03:33:24,2780,3130,0,1,0.02,4002.13,-22.46,0.00,0.00,770101,sl 4002.06
2026.07.14 03:34:06,2781,3129,0,1,0.03,4003.53,-25.17,0.00,0.00,770101,sl 4002.96
2026.07.14 06:21:04,2782,3134,0,0,0.04,4012.21,0.00,0.00,0.00,770101,OBR#L#1784005200
2026.07.14 08:30:01,2783,3134,1,1,0.04,4024.98,51.08,0.00,0.00,770101,tp 4024.89
2026.07.14 10:13:40,2784,3136,0,0,0.05,4025.40,0.00,0.00,0.00,770101,OBR#L#1784017200
2026.07.14 10:53:02,2785,3137,1,0,0.03,4024.25,0.00,0.00,0.00,770101,OBR#S#1784019900
2026.07.14 10:58:50,2786,3136,1,1,0.05,4020.39,-25.05,0.00,0.00,770101,sl 4020.43
2026.07.14 15:01:45,2787,3137,0,1,0.03,4032.10,-23.55,0.00,0.00,770101,sl 4032.08
2026.07.14 17:01:13,2788,3140,1,0,0.01,4078.79,0.00,0.00,0.00,770101,OBR#S#1784043600
2026.07.14 18:07:21,2789,3140,0,1,0.01,4094.56,-15.77,0.00,0.00,770101,sl 4094.56
2026.07.14 21:00:07,2790,3142,0,0,0.04,4062.34,0.00,0.00,0.00,770101,OBR#L#1784059800
2026.07.14 21:30:06,2791,3143,1,0,0.06,4059.07,0.00,0.00,0.00,770101,OBR#S#1784062200
2026.07.14 21:32:14,2792,3142,1,1,0.04,4055.35,-27.96,0.00,0.00,770101,sl 4055.37
2026.07.14 21:41:24,2793,3143,0,1,0.06,4049.90,55.02,0.00,0.00,770101,tp 4050.10
2026.07.14 22:21:07,2794,3146,0,0,0.02,4055.25,0.00,0.00,0.00,770101,OBR#L#1784065200
2026.07.14 22:45:42,2795,3147,1,0,0.04,4053.41,0.00,0.00,0.00,770101,OBR#S#1784064300
2026.07.14 23:53:09,2796,3148,1,0,0.05,4052.16,0.00,0.00,0.00,770101,OBR#S#1784067000
2026.07.15 03:27:54,2797,3148,0,1,0.05,4057.41,-26.25,0.00,1.72,770101,sl 4057.32
2026.07.15 03:55:22,2798,3147,0,1,0.04,4059.18,-23.08,0.00,1.38,770101,sl 4059.14
2026.07.15 04:40:25,2799,3146,1,1,0.02,4042.62,-25.26,0.00,-1.59,770101,sl 4042.72
2026.07.15 05:50:16,2800,3153,0,0,0.02,4038.96,0.00,0.00,0.00,770101,OBR#L#1784092500
2026.07.15 06:30:50,2801,3153,1,1,0.02,4029.42,-19.08,0.00,0.00,770101,sl 4029.45
2026.07.15 06:36:33,2802,3154,1,0,0.04,4035.36,0.00,0.00,0.00,770101,OBR#S#1784091900
2026.07.15 08:39:54,2803,3156,1,0,0.07,4031.54,0.00,0.00,0.00,770101,OBR#S#1784100300
2026.07.15 08:42:09,2804,3156,0,1,0.07,4035.27,-26.11,0.00,0.00,770101,sl 4035.21
2026.07.15 09:05:06,2805,3158,0,0,0.04,4030.74,0.00,0.00,0.00,770101,OBR#L#1784103900
2026.07.15 09:18:38,2806,3158,1,1,0.04,4024.64,-24.40,0.00,0.00,770101,sl 4024.65
2026.07.15 09:22:21,2807,3154,0,1,0.04,4021.98,53.52,0.00,0.00,770101,tp 4021.98
2026.07.15 10:32:49,2808,3161,1,0,0.03,4026.32,0.00,0.00,0.00,770101,OBR#S#1784105700
2026.07.15 13:14:27,2809,3161,0,1,0.03,4035.10,-26.34,0.00,0.00,770101,sl 4034.99
2026.07.15 13:25:50,2810,3162,0,0,0.06,4028.72,0.00,0.00,0.00,770101,OBR#L#1784115300
2026.07.15 14:41:23,2811,3162,1,1,0.06,4037.19,50.82,0.00,0.00,770101,tp 4037.16
2026.07.15 17:57:18,2812,3165,1,0,0.05,4060.40,0.00,0.00,0.00,770101,OBR#S#1784135400
2026.07.15 18:13:02,2813,3165,0,1,0.05,4049.80,53.00,0.00,0.00,770101,tp 4049.86
2026.07.15 20:10:08,2814,3168,0,0,0.02,4036.66,0.00,0.00,0.00,770101,OBR#L#1784144400
2026.07.15 20:35:26,2815,3168,1,1,0.02,4056.45,39.58,0.00,0.00,770101,tp 4056.41
2026.07.16 04:46:06,2816,3171,0,0,0.03,4040.49,0.00,0.00,0.00,770101,OBR#L#1784146500
2026.07.16 05:09:54,2817,3171,1,1,0.03,4032.83,-22.98,0.00,0.00,770101,sl 4033.07
2026.07.16 07:09:57,2818,3173,0,0,0.03,4032.37,0.00,0.00,0.00,770101,OBR#L#1784181000
2026.07.16 09:35:05,2819,3173,1,1,0.03,4024.46,-23.73,0.00,0.00,770101,sl 4024.59
2026.07.16 09:40:34,2820,3175,1,0,0.03,4027.06,0.00,0.00,0.00,770101,OBR#S#1784188200
2026.07.16 10:01:25,2821,3176,0,0,0.11,4027.76,0.00,0.00,0.00,770101,OBR#L#1784191800
2026.07.16 10:15:42,2822,3176,1,1,0.11,4025.41,-25.85,0.00,0.00,770101,sl 4025.42
2026.07.16 10:47:10,2823,3177,1,0,0.13,4029.77,0.00,0.00,0.00,770101,OBR#S#1784193600
2026.07.16 10:48:49,2824,3177,0,1,0.13,4031.82,-26.65,0.00,0.00,770101,sl 4031.82
2026.07.16 11:10:52,2825,3180,0,0,0.09,4025.90,0.00,0.00,0.00,770101,OBR#L#1784194500
2026.07.16 11:19:44,2826,3181,1,0,0.11,4029.16,0.00,0.00,0.00,770101,OBR#S#1784195700
2026.07.16 11:20:18,2827,3181,0,1,0.11,4031.51,-25.85,0.00,0.00,770101,sl 4031.50
2026.07.16 11:22:52,2828,3180,1,1,0.09,4031.88,53.82,0.00,0.00,770101,tp 4031.88
2026.07.16 11:32:00,2829,3175,0,1,0.03,4035.15,-24.27,0.00,0.00,770101,sl 4035.12
2026.07.16 12:27:24,2830,3184,0,0,0.03,4031.19,0.00,0.00,0.00,770101,OBR#L#1784197800
2026.07.16 14:25:43,2831,3184,1,1,0.03,4022.62,-25.71,0.00,0.00,770101,sl 4022.91
2026.07.16 16:55:17,2832,3187,0,0,0.01,3991.74,0.00,0.00,0.00,770101,OBR#L#1784217600
2026.07.16 22:34:20,2833,3187,1,1,0.01,3975.23,-16.51,0.00,0.00,770101,sl 3975.23
2026.07.16 22:52:48,2834,3191,1,0,0.02,3979.73,0.00,0.00,0.00,770101,OBR#S#1784236500
2026.07.17 01:01:00,2835,3192,1,0,0.04,3977.85,0.00,0.00,0.00,770101,OBR#S#1784240100
2026.07.17 02:57:42,2836,3192,0,1,0.04,3982.76,-19.64,0.00,0.00,770101,sl 3982.76
2026.07.17 03:14:55,2837,3195,0,0,0.03,3983.31,0.00,0.00,0.00,770101,OBR#L#1784255400
2026.07.17 03:17:57,2838,3191,0,1,0.02,3988.71,-17.96,0.00,0.69,770101,sl 3988.70
2026.07.17 04:49:18,2839,3197,0,0,0.02,3985.59,0.00,0.00,0.00,770101,OBR#L#1784256300
2026.07.17 05:00:46,2840,3198,1,0,0.02,3985.05,0.00,0.00,0.00,770101,OBR#S#1784231400
2026.07.17 05:34:15,2841,3197,1,1,0.02,3976.50,-18.18,0.00,0.00,770101,sl 3976.51
2026.07.17 05:36:56,2842,3195,1,1,0.03,3975.43,-23.64,0.00,0.00,770101,sl 3975.49
2026.07.17 06:18:09,2843,3198,0,1,0.02,3995.82,-21.54,0.00,0.00,770101,sl 3995.78
2026.07.17 09:56:14,2844,3202,1,0,0.03,4000.14,0.00,0.00,0.00,770101,OBR#S#1784269200
2026.07.17 11:10:24,2845,3203,0,0,0.03,3996.21,0.00,0.00,0.00,770101,OBR#L#1784279100
2026.07.17 11:39:08,2846,3203,1,1,0.03,3987.88,-24.99,0.00,0.00,770101,sl 3987.92
2026.07.17 15:30:30,2847,3205,1,0,0.02,3987.85,0.00,0.00,0.00,770101,OBR#S#1784299800
2026.07.17 15:32:55,2848,3202,0,1,0.03,3982.55,52.77,0.00,0.00,770101,tp 3982.60
2026.07.17 15:43:59,2849,3205,0,1,0.02,3965.71,44.28,0.00,0.00,770101,tp 3965.74
2026.07.17 20:23:51,2850,3208,1,0,0.05,4015.48,0.00,0.00,0.00,770101,OBR#S#1784317500
2026.07.17 21:53:12,2851,3209,1,0,0.04,4008.94,0.00,0.00,0.00,770101,OBR#S#1784319600
2026.07.17 22:06:45,2852,3208,0,1,0.05,4005.65,49.15,0.00,0.00,770101,tp 4005.68
2026.07.17 22:54:50,2853,3209,0,1,0.04,4015.66,-26.88,0.00,0.00,770101,sl 4015.66
2026.07.17 23:19:00,2854,3212,0,0,0.03,4010.45,0.00,0.00,0.00,770101,OBR#L#1784326800
2026.07.17 23:29:43,2855,3214,1,0,0.05,4010.88,0.00,0.00,0.00,770101,OBR#S#1784328600
2026.07.17 23:45:36,2856,3213,1,0,0.05,4014.07,0.00,0.00,0.00,770101,OBR#S#1784318700
2026.07.17 23:45:41,2857,3214,0,1,0.05,4015.93,-25.25,0.00,0.00,770101,sl 4015.89
2026.07.17 23:52:44,2858,3213,0,1,0.05,4018.64,-22.85,0.00,0.00,770101,sl 4018.53
2026.07.20 01:01:00,2859,3212,1,1,0.03,4001.68,-26.31,0.00,-2.38,770101,sl 4002.19
2026.07.20 03:11:40,2860,3218,1,0,0.03,3991.71,0.00,0.00,0.00,770101,OBR#S#1784511900
2026.07.20 03:13:37,2861,3218,0,1,0.03,3998.49,-20.34,0.00,0.00,770101,sl 3998.49
2026.07.20 04:30:05,2862,3220,1,0,0.01,4005.01,0.00,0.00,0.00,770101,OBR#S#1784332500
2026.07.20 05:15:34,2863,3221,0,0,0.01,4004.72,0.00,0.00,0.00,770101,OBR#L#1784516400
2026.07.20 05:46:28,2864,3220,0,1,0.01,4018.43,-13.42,0.00,0.00,770101,sl 4018.42
2026.07.20 06:52:45,2865,3223,0,0,0.03,4025.93,0.00,0.00,0.00,770101,OBR#L#1784527500
2026.07.20 07:20:46,2866,3224,1,0,0.05,4023.50,0.00,0.00,0.00,770101,OBR#S#1784529600
2026.07.20 08:03:22,2867,3223,1,1,0.03,4018.41,-22.56,0.00,0.00,770101,sl 4018.45
2026.07.20 08:11:01,2868,3224,0,1,0.05,4014.37,45.65,0.00,0.00,770101,tp 4014.50
2026.07.20 10:22:21,2869,3227,1,0,0.05,4004.67,0.00,0.00,0.00,770101,OBR#S#1784538900
2026.07.20 10:30:12,2870,3227,0,1,0.05,4009.60,-24.65,0.00,0.00,770101,sl 4009.60
2026.07.20 12:35:10,2871,3229,1,0,0.02,4018.77,0.00,0.00,0.00,770101,OBR#S#1784546400
2026.07.20 14:30:33,2872,3229,0,1,0.02,4030.91,-24.28,0.00,0.00,770101,sl 4030.76
2026.07.20 19:13:31,2873,3231,0,0,0.05,4015.09,0.00,0.00,0.00,770101,OBR#L#1784572500
2026.07.20 19:30:57,2874,3231,1,1,0.05,4010.17,-24.60,0.00,0.00,770101,sl 4010.20
2026.07.20 20:15:21,2875,3233,0,0,0.05,4009.67,0.00,0.00,0.00,770101,OBR#L#1784570100
2026.07.20 20:50:45,2876,3233,1,1,0.05,4004.94,-23.65,0.00,0.00,770101,sl 4005.00
2026.07.20 21:47:23,2877,3235,1,0,0.05,4008.29,0.00,0.00,0.00,770101,OBR#S#1784579400
2026.07.20 22:25:00,2878,3236,0,0,0.06,4007.88,0.00,0.00,0.00,770101,OBR#L#1784580600
2026.07.20 22:29:59,2879,3235,0,1,0.05,4013.02,-23.65,0.00,0.00,770101,sl 4013.02
2026.07.20 22:30:10,2880,3236,1,1,0.06,4016.57,52.14,0.00,0.00,770101,tp 4016.20
2026.07.21 04:38:03,2881,3240,0,0,0.02,4026.45,0.00,0.00,0.00,770101,OBR#L#1784604300
2026.07.21 05:05:52,2882,3241,1,0,0.03,4024.29,0.00,0.00,0.00,770101,OBR#S#1784608200
2026.07.21 05:30:22,2883,3241,0,1,0.03,4030.96,-20.01,0.00,0.00,770101,sl 4030.89
2026.07.21 06:27:33,2884,3221,1,1,0.01,4049.19,44.47,0.00,-0.79,770101,tp 4049.18
2026.07.21 06:27:45,2885,3240,1,1,0.02,4050.73,48.56,0.00,0.00,770101,tp 4050.73
2026.07.21 07:20:35,2886,3245,1,0,0.05,4046.40,0.00,0.00,0.00,770101,OBR#S#1784615100
2026.07.21 08:05:12,2887,3246,0,0,0.03,4048.44,0.00,0.00,0.00,770101,OBR#L#1784616000
2026.07.21 08:13:49,2888,3245,0,1,0.05,4051.32,-24.60,0.00,0.00,770101,sl 4051.30
2026.07.21 08:40:42,2889,3246,1,1,0.03,4061.94,40.50,0.00,0.00,770101,tp 4061.92
2026.07.21 13:47:32,2890,3252,0,0,0.06,4064.95,0.00,0.00,0.00,770101,OBR#L#1784637600
2026.07.21 14:01:00,2891,3252,1,1,0.06,4060.95,-24.00,0.00,0.00,770101,sl 4061.00
2026.07.21 14:12:49,2892,3255,1,0,0.02,4058.98,0.00,0.00,0.00,770101,OBR#S#1784631300
2026.07.21 15:34:17,2893,3256,0,0,0.04,4060.61,0.00,0.00,0.00,770101,OBR#L#1784645700
2026.07.21 15:37:13,2894,3256,1,1,0.04,4054.86,-23.00,0.00,0.00,770101,sl 4054.88
2026.07.21 15:48:14,2895,3258,1,0,0.03,4059.97,0.00,0.00,0.00,770101,OBR#S#1784641800
2026.07.21 16:17:06,2896,3259,0,0,0.03,4056.90,0.00,0.00,0.00,770101,OBR#L#1784621700
2026.07.21 16:31:36,2897,3259,1,1,0.03,4048.80,-24.30,0.00,0.00,770101,sl 4048.87
2026.07.21 16:44:05,2898,3258,0,1,0.03,4045.56,43.23,0.00,0.00,770101,tp 4045.66
2026.07.21 17:30:41,2899,3255,0,1,0.02,4071.91,-25.86,0.00,0.00,770101,sl 4071.86
2026.07.21 18:49:49,2900,3263,0,0,0.02,4073.13,0.00,0.00,0.00,770101,OBR#L#1784654100
2026.07.21 22:35:21,2901,3264,0,0,0.12,4082.38,0.00,0.00,0.00,770101,OBR#L#1784670300
2026.07.21 22:41:03,2902,3265,1,0,0.14,4083.55,0.00,0.00,0.00,770101,OBR#S#1784671200
2026.07.21 22:47:37,2903,3265,0,1,0.14,4085.48,-27.02,0.00,0.00,770101,sl 4085.39
2026.07.21 23:45:01,2904,3264,1,1,0.12,4080.16,-26.64,0.00,0.00,770101,sl 4080.21
2026.07.22 01:21:20,2905,3267,1,0,0.07,4082.00,0.00,0.00,0.00,770101,OBR#S#1784672700
2026.07.22 02:18:41,2906,3269,1,0,0.07,4082.02,0.00,0.00,0.00,770101,OBR#S#1784676600
2026.07.22 03:06:54,2907,3267,0,1,0.07,4085.43,-24.01,0.00,0.00,770101,sl 4085.37
2026.07.22 03:06:54,2908,3269,0,1,0.07,4085.43,-23.87,0.00,0.00,770101,sl 4085.42
2026.07.22 03:17:46,2909,3263,1,1,0.02,4097.94,49.62,0.00,-1.59,770101,tp 4097.90
2026.07.22 08:26:07,2910,3273,1,0,0.05,4124.75,0.00,0.00,0.00,770101,OBR#S#1784704800
2026.07.22 08:35:25,2911,3273,0,1,0.05,4129.78,-25.15,0.00,0.00,770101,sl 4129.48
2026.07.22 11:53:07,2912,3275,1,0,0.06,4116.34,0.00,0.00,0.00,770101,OBR#S#1784715900
2026.07.22 11:56:15,2913,3275,0,1,0.06,4120.27,-23.58,0.00,0.00,770101,sl 4120.15
2026.07.22 18:17:59,2914,3277,0,0,0.02,4153.73,0.00,0.00,0.00,770101,OBR#L#1784739000
2026.07.22 19:20:38,2915,3278,1,0,0.02,4155.41,0.00,0.00,0.00,770101,OBR#S#1784745900
2026.07.22 20:08:30,2916,3277,1,1,0.02,4143.70,-20.06,0.00,0.00,770101,sl 4143.80
2026.07.22 20:45:19,2917,3280,1,0,0.01,4141.39,0.00,0.00,0.00,770101,OBR#S#1784747700
2026.07.22 21:22:31,2918,3278,0,1,0.02,4135.65,39.52,0.00,0.00,770101,tp 4135.71
2026.07.22 21:55:03,2919,3282,0,0,0.04,4137.45,0.00,0.00,0.00,770101,OBR#L#1784737500
2026.07.22 22:54:04,2920,3282,1,1,0.04,4131.15,-25.20,0.00,0.00,770101,sl 4131.16
2026.07.22 23:01:58,2921,3284,1,0,0.04,4132.99,0.00,0.00,0.00,770101,OBR#S#1784756700
2026.07.23 01:01:00,2922,3284,0,1,0.04,4117.53,61.84,0.00,4.13,770101,tp 4121.97
2026.07.23 02:13:00,2923,3286,1,0,0.02,4119.45,0.00,0.00,0.00,770101,OBR#S#1784764500
2026.07.23 02:47:02,2924,3286,0,1,0.02,4130.47,-22.04,0.00,0.00,770101,sl 4130.46
2026.07.23 03:02:32,2925,3288,0,0,0.02,4128.67,0.00,0.00,0.00,770101,OBR#L#1784772300
2026.07.23 04:56:22,2926,3288,1,1,0.02,4115.83,-25.68,0.00,0.00,770101,sl 4116.50
2026.07.23 05:05:08,2927,3280,0,1,0.01,4112.86,28.53,0.00,1.03,770101,tp 4112.94
2026.07.23 08:55:39,2928,3292,0,0,0.06,4123.51,0.00,0.00,0.00,770101,OBR#L#1784793600
2026.07.23 09:35:31,2929,3293,1,0,0.05,4123.07,0.00,0.00,0.00,770101,OBR#S#1784796000
2026.07.23 09:40:23,2930,3292,1,1,0.06,4119.21,-25.80,0.00,0.00,770101,sl 4119.36
2026.07.23 10:06:45,2931,3293,0,1,0.05,4113.40,48.35,0.00,0.00,770101,tp 4113.44
2026.07.23 18:10:04,2932,3297,0,0,0.02,4051.24,0.00,0.00,0.00,770101,OBR#L#1784823000
2026.07.23 18:45:01,2933,3298,0,0,0.04,4047.95,0.00,0.00,0.00,770101,OBR#L#1784826900
2026.07.23 20:40:46,2934,3298,1,1,0.04,4042.20,-23.00,0.00,0.00,770101,sl 4042.23
2026.07.23 22:15:33,2935,3300,1,0,0.05,4044.43,0.00,0.00,0.00,770101,OBR#S#1784838600
2026.07.23 22:25:20,2936,3300,0,1,0.05,4049.29,-24.30,0.00,0.00,770101,sl 4049.28
2026.07.23 22:50:02,2937,3303,1,0,0.03,4046.80,0.00,0.00,0.00,770101,OBR#S#1784836800
2026.07.23 23:42:38,2938,3304,0,0,0.07,4049.12,0.00,0.00,0.00,770101,OBR#L#1784846400
2026.07.24 03:06:08,2939,3304,1,1,0.07,4045.74,-23.66,0.00,-5.56,770101,sl 4045.75
2026.07.24 03:23:20,2940,3306,1,0,0.06,4046.50,0.00,0.00,0.00,770101,OBR#S#1784860200
2026.07.24 03:58:06,2941,3306,0,1,0.06,4050.69,-25.14,0.00,0.00,770101,sl 4050.64
2026.07.24 04:04:18,2942,3297,1,1,0.02,4039.97,-22.54,0.00,-1.59,770101,sl 4040.52
2026.07.24 04:16:14,2943,3309,1,0,0.04,4044.77,0.00,0.00,0.00,770101,OBR#S#1784862000
2026.07.24 04:44:11,2944,3309,0,1,0.04,4050.13,-21.44,0.00,0.00,770101,sl 4050.12
2026.07.24 05:25:01,2945,3311,1,0,0.05,4046.44,0.00,0.00,0.00,770101,OBR#S#1784865300
2026.07.24 05:47:58,2946,3311,0,1,0.05,4037.03,47.05,0.00,0.00,770101,tp 4037.55
2026.07.24 05:48:47,2947,3303,0,1,0.03,4030.97,47.49,0.00,1.03,770101,tp 4031.00
2026.07.24 09:00:29,2948,3315,1,0,0.02,4023.95,0.00,0.00,0.00,770101,OBR#S#1784875200
2026.07.24 09:19:45,2949,3315,0,1,0.02,4032.90,-17.90,0.00,0.00,770101,sl 4032.89
2026.07.24 11:35:29,2950,3317,0,0,0.04,4049.70,0.00,0.00,0.00,770101,OBR#L#1784887800
2026.07.24 12:02:46,2951,3317,1,1,0.04,4060.10,41.60,0.00,0.00,770101,tp 4060.04
2026.07.24 12:05:58,2952,3318,0,0,0.03,4055.94,0.00,0.00,0.00,770101,OBR#L#1784892600
2026.07.24 14:58:54,2953,3320,1,0,0.04,4058.03,0.00,0.00,0.00,770101,OBR#S#1784899500
2026.07.24 15:45:29,2954,3321,1,0,0.05,4056.19,0.00,0.00,0.00,770101,OBR#S#1784903400
2026.07.24 16:06:05,2955,3318,1,1,0.03,4049.80,-18.42,0.00,0.00,770101,sl 4049.80
2026.07.24 16:07:50,2956,3321,0,1,0.05,4047.43,43.80,0.00,0.00,770101,tp 4047.59
2026.07.24 16:09:23,2957,3320,0,1,0.04,4046.13,47.60,0.00,0.00,770101,tp 4046.13
2026.07.24 16:31:30,2958,3325,1,0,0.02,4049.63,0.00,0.00,0.00,770101,OBR#S#1784906700
2026.07.24 16:45:00,2959,3326,0,0,0.06,4049.29,0.00,0.00,0.00,770101,OBR#L#1784891700
2026.07.24 16:48:28,2960,3326,1,1,0.06,4057.96,52.02,0.00,0.00,770101,tp 4057.93
2026.07.24 16:49:01,2961,3325,0,1,0.02,4060.30,-21.34,0.00,0.00,770101,sl 4060.29
2026.07.24 18:45:01,2962,3329,0,0,0.01,4071.96,0.00,0.00,0.00,770101,OBR#L#1784913300
2026.07.24 20:05:23,2963,3330,0,0,0.05,4066.65,0.00,0.00,0.00,770101,OBR#L#1784916300
2026.07.24 21:03:06,2964,3330,1,1,0.05,4061.66,-24.95,0.00,0.00,770101,sl 4061.74
2026.07.24 21:25:37,2965,3329,1,1,0.01,4055.79,-16.17,0.00,0.00,770101,sl 4055.81
2026.07.27 03:55:59,2966,3333,0,0,0.02,4104.65,0.00,0.00,0.00,770101,OBR#L#1785120600
2026.07.27 04:31:35,2967,3334,1,0,0.01,4103.10,0.00,0.00,0.00,770101,OBR#S#1785121800
2026.07.27 06:03:25,2968,3333,1,1,0.02,4092.97,-23.36,0.00,0.00,770101,sl 4092.97
2026.07.27 07:06:03,2969,3336,0,0,0.03,4090.81,0.00,0.00,0.00,770101,OBR#L#1785118800
2026.07.27 07:31:41,2970,3337,1,0,0.08,4090.50,0.00,0.00,0.00,770101,OBR#S#1785132900
2026.07.27 08:08:27,2971,3337,0,1,0.08,4093.95,-27.60,0.00,0.00,770101,sl 4093.64
2026.07.27 08:58:20,2972,3339,1,0,0.05,4091.97,0.00,0.00,0.00,770101,OBR#S#1785131400
2026.07.27 09:35:44,2973,3339,0,1,0.05,4096.93,-24.80,0.00,0.00,770101,sl 4096.90
2026.07.27 10:23:13,2974,3336,1,1,0.03,4105.41,43.80,0.00,0.00,770101,tp 4105.35
2026.07.27 10:30:17,2975,3342,0,0,0.02,4102.97,0.00,0.00,0.00,770101,OBR#L#1785143700
2026.07.27 10:58:20,2976,3342,1,1,0.02,4091.87,-22.20,0.00,0.00,770101,sl 4091.90
2026.07.27 12:21:32,2977,3345,1,0,0.05,4094.62,0.00,0.00,0.00,770101,OBR#S#1785149100
2026.07.27 12:31:04,2978,3344,0,0,0.03,4090.83,0.00,0.00,0.00,770101,OBR#L#1785141900
2026.07.27 12:51:20,2979,3345,0,1,0.05,4099.28,-23.30,0.00,0.00,770101,sl 4099.26
2026.07.27 14:03:11,2980,3347,0,0,0.02,4097.50,0.00,0.00,0.00,770101,OBR#L#1785157800
2026.07.27 14:10:38,2981,3344,1,1,0.03,4103.95,39.36,0.00,0.00,770101,tp 4103.88
2026.07.27 15:13:40,2982,3347,1,1,0.02,4086.39,-22.22,0.00,0.00,770101,sl 4086.40
2026.07.27 15:45:45,2983,3350,1,0,0.01,4089.02,0.00,0.00,0.00,770101,OBR#S#1785161100
2026.07.27 16:28:51,2984,3334,0,1,0.01,4076.77,26.33,0.00,0.00,770101,tp 4076.80
2026.07.27 22:01:35,2985,3354,0,0,0.04,4077.22,0.00,0.00,0.00,770101,OBR#L#1785184500
2026.07.27 22:20:39,2986,3354,1,1,0.04,4087.89,42.68,0.00,0.00,770101,tp 4087.88
2026.07.27 22:26:14,2987,3356,0,0,0.02,4084.44,0.00,0.00,0.00,770101,OBR#L#1785188700
2026.07.28 01:22:07,2988,3356,1,1,0.02,4074.98,-18.92,0.00,-1.59,770101,sl 4074.98
2026.07.28 03:26:54,2989,3350,0,1,0.01,4060.35,28.67,0.00,0.34,770101,tp 4060.35
2026.07.28 08:40:26,2990,3361,1,0,0.03,4038.18,0.00,0.00,0.00,770101,OBR#S#1785225000
2026.07.28 08:55:32,2991,3361,0,1,0.03,4044.52,-19.02,0.00,0.00,770101,sl 4044.52
2026.07.28 09:45:01,2992,3363,0,0,0.02,4049.67,0.00,0.00,0.00,770101,OBR#L#1785228300
2026.07.28 12:29:11,2993,3363,1,1,0.02,4039.43,-20.48,0.00,0.00,770101,sl 4039.49
2026.07.28 14:25:00,2994,3366,0,0,0.02,4028.39,0.00,0.00,0.00,770101,OBR#L#1785245700
2026.07.28 15:31:27,2995,3367,0,0,0.03,4029.68,0.00,0.00,0.00,770101,OBR#L#1785247800
2026.07.28 15:51:02,2996,3368,0,0,0.03,4033.52,0.00,0.00,0.00,770101,OBR#L#1785251100
2026.07.28 16:36:44,2997,3368,1,1,0.03,4025.40,-24.36,0.00,0.00,770101,sl 4025.41
2026.07.28 16:38:45,2998,3367,1,1,0.03,4022.99,-20.07,0.00,0.00,770101,sl 4022.99
2026.07.28 16:45:00,2999,3371,1,0,0.01,4025.44,0.00,0.00,0.00,770101,OBR#S#1785253500
2026.07.28 17:20:08,3000,3366,1,1,0.02,4019.46,-17.86,0.00,0.00,770101,sl 4019.63
2026.07.28 17:29:27,3001,3373,1,0,0.02,4020.77,0.00,0.00,0.00,770101,OBR#S#1785256200
2026.07.28 18:10:03,3002,3373,0,1,0.02,4033.08,-24.62,0.00,0.00,770101,sl 4032.91
2026.07.28 18:20:17,3003,3371,0,1,0.01,4038.27,-12.83,0.00,0.00,770101,sl 4038.22
2026.07.28 20:20:56,3004,3376,1,0,0.04,4041.17,0.00,0.00,0.00,770101,OBR#S#1785264600
2026.07.28 20:43:10,3005,3376,0,1,0.04,4028.93,48.96,0.00,0.00,770101,tp 4028.94
2026.07.28 22:30:00,3006,3380,1,0,0.17,4023.80,0.00,0.00,0.00,770101,OBR#S#1785274800
2026.07.28 22:30:49,3007,3380,0,1,0.17,4025.14,-22.78,0.00,0.00,770101,sl 4025.11
2026.07.28 23:03:30,3008,3382,0,0,0.12,4024.24,0.00,0.00,0.00,770101,OBR#L#1785275400
2026.07.28 23:13:13,3009,3383,1,0,0.04,4024.24,0.00,0.00,0.00,770101,OBR#S#1785273300
2026.07.28 23:33:59,3010,3382,1,1,0.12,4028.31,48.84,0.00,0.00,770101,tp 4028.31
2026.07.28 23:37:10,3011,3383,0,1,0.04,4030.05,-23.24,0.00,0.00,770101,sl 4030.05
2026.07.29 01:14:30,3012,3384,0,0,0.08,4025.49,0.00,0.00,0.00,770101,OBR#L#1785277200
2026.07.29 01:18:55,3013,3384,1,1,0.08,4022.70,-22.32,0.00,0.00,770101,sl 4022.70
2026.07.29 04:10:03,3014,3388,1,0,0.01,4015.56,0.00,0.00,0.00,770101,OBR#S#1785282900
2026.07.29 04:39:27,3015,3388,0,1,0.01,4029.44,-13.88,0.00,0.00,770101,sl 4029.30
2026.07.29 07:00:01,3016,3391,1,0,0.02,4024.50,0.00,0.00,0.00,770101,OBR#S#1785303300
2026.07.29 08:43:05,3017,3391,0,1,0.02,4035.34,-21.68,0.00,0.00,770101,sl 4035.30
2026.07.29 09:49:41,3018,3393,0,0,0.02,4040.32,0.00,0.00,0.00,770101,OBR#L#1785314100
2026.07.29 12:38:47,3019,3394,1,0,0.03,4034.77,0.00,0.00,0.00,770101,OBR#S#1785323700
2026.07.29 13:05:45,3020,3395,1,0,0.06,4033.97,0.00,0.00,0.00,770101,OBR#S#1785327300
2026.07.29 13:38:50,3021,3393,1,1,0.02,4029.62,-21.40,0.00,0.00,770101,sl 4029.63
2026.07.29 14:07:44,3022,3395,0,1,0.06,4026.00,47.82,0.00,0.00,770101,tp 4026.03
2026.07.29 14:14:53,3023,3397,1,0,0.03,4029.51,0.00,0.00,0.00,770101,OBR#S#1785329100
2026.07.29 14:48:48,3024,3397,0,1,0.03,4035.85,-19.02,0.00,0.00,770101,sl 4035.84
2026.07.29 15:17:18,3025,3394,0,1,0.03,4019.67,45.30,0.00,0.00,770101,tp 4019.67
2026.07.29 17:22:12,3026,3401,1,0,0.01,4009.12,0.00,0.00,0.00,770101,OBR#S#1785340500
2026.07.29 18:11:03,3027,3402,0,0,0.02,4006.51,0.00,0.00,0.00,770101,OBR#L#1785345000
2026.07.29 18:55:39,3028,3403,0,0,0.02,4010.75,0.00,0.00,0.00,770101,OBR#L#1785347700
2026.07.29 19:53:04,3029,3401,0,1,0.01,4023.74,-14.62,0.00,0.00,770101,sl 4023.74
2026.07.29 19:55:23,3030,3402,1,1,0.02,4027.93,42.84,0.00,0.00,770101,tp 4027.83
2026.07.29 19:55:23,3031,3403,1,1,0.02,4027.93,34.36,0.00,0.00,770101,tp 4027.79
2026.07.30 04:22:53,3032,3410,1,0,0.01,4078.53,0.00,0.00,0.00,770101,OBR#S#1785379500
2026.07.30 05:20:18,3033,3411,1,0,0.03,4082.81,0.00,0.00,0.00,770101,OBR#S#1785384000
2026.07.30 05:57:42,3034,3411,0,1,0.03,4068.56,42.75,0.00,0.00,770101,tp 4068.63
2026.07.30 07:40:15,3035,3410,0,1,0.01,4048.91,29.62,0.00,0.00,770101,tp 4049.17
2026.07.30 08:46:25,3036,3414,1,0,0.02,4036.99,0.00,0.00,0.00,770101,OBR#S#1785397800
2026.07.30 10:15:30,3037,3414,0,1,0.02,4048.48,-22.98,0.00,0.00,770101,sl 4048.46
2026.07.30 10:40:33,3038,3416,1,0,0.02,4042.20,0.00,0.00,0.00,770101,OBR#S#1785400200
2026.07.30 11:06:51,3039,3416,0,1,0.02,4051.39,-18.38,0.00,0.00,770101,sl 4051.37
2026.07.30 12:00:19,3040,3419,1,0,0.03,4062.05,0.00,0.00,0.00,770101,OBR#S#1785391200
2026.07.30 12:21:17,3041,3419,0,1,0.03,4069.85,-23.40,0.00,0.00,770101,sl 4069.82
2026.07.30 12:55:05,3042,3421,0,0,0.03,4066.84,0.00,0.00,0.00,770101,OBR#L#1785412200
2026.07.30 13:41:32,3043,3421,1,1,0.03,4081.40,43.68,0.00,0.00,770101,tp 4081.39
2026.07.30 18:40:57,3044,3423,1,0,0.02,4100.84,0.00,0.00,0.00,770101,OBR#S#1785430500
2026.07.30 19:01:20,3045,3423,0,1,0.02,4112.92,-24.16,0.00,0.00,770101,sl 4112.89
2026.07.30 20:55:14,3046,3425,0,0,0.05,4102.58,0.00,0.00,0.00,770101,OBR#L#1785436500
2026.07.30 21:00:07,3047,3426,1,0,0.05,4103.66,0.00,0.00,0.00,770101,OBR#S#1785442800
2026.07.30 21:16:06,3048,3427,0,0,0.06,4104.45,0.00,0.00,0.00,770101,OBR#L#1785443400
2026.07.30 21:51:29,3049,3427,1,1,0.06,4100.15,-25.80,0.00,0.00,770101,sl 4100.15
2026.07.30 22:02:29,3050,3429,1,0,0.04,4101.42,0.00,0.00,0.00,770101,OBR#S#1785445800
2026.07.30 22:16:39,3051,3429,0,1,0.04,4107.01,-22.36,0.00,0.00,770101,sl 4106.87
2026.07.30 22:16:41,3052,3426,0,1,0.05,4108.39,-23.65,0.00,0.00,770101,sl 4108.28
2026.07.30 22:17:56,3053,3425,1,1,0.05,4112.37,48.95,0.00,0.00,770101,tp 4112.32
2026.07.31 02:17:20,3054,3433,0,0,0.03,4106.33,0.00,0.00,0.00,770101,OBR#L#1785448200
2026.07.31 02:59:02,3055,3434,0,0,0.06,4106.02,0.00,0.00,0.00,770101,OBR#L#1785459600
2026.07.31 03:00:40,3056,3434,1,1,0.06,4101.81,-25.26,0.00,0.00,770101,sl 4101.86
2026.07.31 03:28:11,3057,3433,1,1,0.03,4098.67,-22.98,0.00,0.00,770101,sl 4098.70
2026.07.31 04:20:00,3058,3438,1,0,0.02,4094.38,0.00,0.00,0.00,770101,OBR#S#1785468000
2026.07.31 05:45:27,3059,3438,0,1,0.02,4075.03,38.70,0.00,0.00,770101,tp 4075.10
2026.07.31 07:20:31,3060,3440,0,0,0.07,4075.62,0.00,0.00,0.00,770101,OBR#L#1785478800
2026.07.31 07:45:46,3061,3441,0,0,0.04,4079.27,0.00,0.00,0.00,770101,OBR#L#1785481200
2026.07.31 07:59:05,3062,3442,1,0,0.08,4079.64,0.00,0.00,0.00,770101,OBR#S#1785476100
2026.07.31 08:04:38,3063,3442,0,1,0.08,4082.65,-24.08,0.00,0.00,770101,sl 4082.65
2026.07.31 08:04:59,3064,3440,1,1,0.07,4082.52,48.30,0.00,0.00,770101,tp 4082.50
2026.07.31 08:47:31,3065,3441,1,1,0.04,4073.82,-21.80,0.00,0.00,770101,sl 4073.91
2026.07.31 09:46:40,3066,3446,1,0,0.02,4080.05,0.00,0.00,0.00,770101,OBR#S#1785474300
2026.07.31 11:12:45,3067,3446,0,1,0.02,4061.52,37.06,0.00,0.00,770101,tp 4061.55
2026.07.31 13:30:39,3068,3448,1,0,0.02,4054.97,0.00,0.00,0.00,770101,OBR#S#1785498900
2026.07.31 16:05:31,3069,3448,0,1,0.02,4035.92,38.10,0.00,0.00,770101,tp 4035.92
2026.07.31 17:22:23,3070,3451,1,0,0.02,4037.12,0.00,0.00,0.00,770101,OBR#S#1785513000
2026.07.31 17:52:24,3071,3451,0,1,0.02,4046.41,-18.58,0.00,0.00,770101,sl 4046.41
2026.07.31 23:36:09,3072,3453,1,0,0.03,4052.57,0.00,0.00,0.00,770101,OBR#S#1785510600
2026.07.31 23:56:59,3073,3453,0,1,0.03,4044.07,25.50,0.00,0.00,0,end of test
