setup_id,dir,variant,ob_time,ob_high,ob_low,idfvg_c1_time,idfvg_c3_time,idfvg_low,idfvg_high,identified_in_warmup,touch_msc,touch_bar_time,ob_age_bars_touch,ob_age_min_touch,breaks,returns,sc_bar_time,origin_time,ref_pivot_id,hl_pivot_id,fvg_c1_time,fvg_low,fvg_high,reaction_bar_time,entry_request_msc,request_price,attempts,sl,sl_anchor,sl_anchor_price,buffer_pts,tp,volume,fill_msc,fill_price,position_id,ob_age_bars_entry,ob_age_min_entry,exit_msc,exit_price,exit_kind,reason,reason_msc
1,S,0,1767576300,4368.02,4363.47,1767576300,1767576900,4362.34,4363.47,1,,1767577200,0,0,0,0,,,,,,,,,,,0,,,,,,,,,,,,,,,warmup_dropped,1767577200000
3,S,0,1767582000,4416.91,4394.39,1767582300,1767582900,4404.61,4404.88,1,,1767583200,0,0,0,0,,,,,,,,,,,0,,,,,,,,,,,,,,,warmup_dropped,1767583200000
4,S,0,1767585300,4402.10,4397.25,1767585600,1767586200,4394.63,4395.71,1,,1767586620,0,2,0,0,,,,,,,,,,,0,,,,,,,,,,,,,,,warmup_dropped,1767586620000
5,S,0,1767590400,4410.02,4407.91,1767590400,1767591000,4407.39,4407.91,1,,1767591480,0,3,0,0,,,,,,,,,,,0,,,,,,,,,,,,,,,warmup_dropped,1767591480000
6,L,0,1767591000,4407.39,4403.59,1767591000,1767591600,4407.39,4407.95,1,,1767592080,0,3,0,0,,,,,,,,,,,0,,,,,,,,,,,,,,,warmup_dropped,1767592080000
8,L,0,1767596700,4407.21,4405.08,1767596700,1767597300,4407.21,4407.64,1,,1767597660,0,1,0,0,,,,,,,,,,,0,,,,,,,,,,,,,,,warmup_dropped,1767597660000
7,L,0,1767593400,4401.22,4398.66,1767593400,1767594000,4401.22,4402.95,1,,1767599100,16,80,0,0,,,,,,,,,,,0,,,,,,,,,,,,,,,warmup_dropped,1767599100000
10,L,0,1767603900,4423.97,4416.69,1767604200,1767604800,4419.91,4420.45,1,,1767605100,0,0,0,0,,,,,,,,,,,0,,,,,,,,,,,,,,,warmup_dropped,1767605100000
12,S,0,1767608400,4428.53,4425.90,1767608700,1767609300,4426.17,4426.58,1,,1767609600,0,0,0,0,,,,,,,,,,,0,,,,,,,,,,,,,,,warmup_dropped,1767609600000
13,L,0,1767609000,4427.32,4423.75,1767609300,1767609900,4426.17,4429.87,1,,1767611100,3,15,0,0,,,,,,,,,,,0,,,,,,,,,,,,,,,warmup_dropped,1767611100000
15,L,0,1767612900,4433.24,4431.01,1767612900,1767613500,4433.24,4434.40,1,,1767614520,2,12,0,0,,,,,,,,,,,0,,,,,,,,,,,,,,,warmup_dropped,1767614520000
16,S,0,1767613800,4437.25,4434.60,1767614100,1767614700,4433.55,4433.96,1,,1767615900,3,15,0,0,,,,,,,,,,,0,,,,,,,,,,,,,,,warmup_dropped,1767615900000
17,L,0,1767616800,4436.27,4434.77,1767616800,1767617400,4436.27,4436.55,1,,1767617880,0,3,0,0,,,,,,,,,,,0,,,,,,,,,,,,,,,warmup_dropped,1767617880000
14,L,0,1767611100,4429.00,4426.43,1767611100,1767611700,4429.00,4429.76,1,,1767618960,23,116,0,0,,,,,,,,,,,0,,,,,,,,,,,,,,,warmup_dropped,1767618960000
11,L,0,1767607500,4422.58,4419.82,1767607500,1767608100,4422.58,4424.24,1,,1767619560,37,186,0,0,,,,,,,,,,,0,,,,,,,,,,,,,,,warmup_dropped,1767619560000
9,L,0,1767598800,4411.02,4401.77,1767599100,1767599700,4407.45,4407.78,1,,1767624120,80,402,0,0,,,,,,,,,,,0,,,,,,,,,,,,,,,warmup_dropped,1767624120000
21,S,0,1767620700,4425.91,4422.37,1767620700,1767621300,4421.42,4422.37,1,,1767628920,24,122,0,0,,,,,,,,,,,0,,,,,,,,,,,,,,,warmup_dropped,1767628920000
20,S,0,1767619200,4430.73,4426.83,1767619200,1767619800,4421.67,4426.83,1,,1767629400,31,155,0,0,,,,,,,,,,,0,,,,,,,,,,,,,,,warmup_dropped,1767629400000
19,S,0,1767618600,4433.72,4430.78,1767618600,1767619200,4430.73,4430.78,1,,1767631500,40,200,0,0,,,,,,,,,,,0,,,,,,,,,,,,,,,warmup_dropped,1767631500000
18,S,0,1767617400,4439.84,4436.55,1767617700,1767618300,4433.52,4435.22,1,,1767631680,43,218,0,0,,,,,,,,,,,0,,,,,,,,,,,,,,,warmup_dropped,1767631680000
24,L,0,1767632100,4442.88,4435.12,1767632100,1767632700,4442.88,4449.73,1,,1767634140,3,19,0,0,,,,,,,,,,,0,,,,,,,,,,,,,,,warmup_dropped,1767634140000
25,S,0,1767633300,4451.71,4447.10,1767633600,1767634200,4445.39,4448.15,1,,1767635040,1,9,0,0,,,,,,,,,,,0,,,,,,,,,,,,,,,warmup_dropped,1767635040000
26,L,0,1767635100,4449.79,4442.55,1767635400,1767636000,4445.33,4445.48,1,,1767636300,0,0,0,0,,,,,,,,,,,0,,,,,,,,,,,,,,,warmup_dropped,1767636300000
27,S,0,1767636900,4448.71,4444.87,1767636900,1767637500,4444.03,4444.87,1,,1767637860,0,1,0,0,,,,,,,,,,,0,,,,,,,,,,,,,,,warmup_dropped,1767637860000
28,L,0,1767638100,4445.93,4443.37,1767638400,1767639000,4445.75,4450.83,1,,1767639480,0,3,0,0,,,,,,,,,,,0,,,,,,,,,,,,,,,warmup_dropped,1767639480000
30,L,0,1767639600,4442.22,4433.16,1767639900,1767640500,4439.84,4442.33,1,,1767642060,4,21,0,0,,,,,,,,,,,0,,,,,,,,,,,,,,,warmup_dropped,1767642060000
31,L,0,1767643200,4444.49,4441.85,1767643200,1767643800,4444.49,4445.20,1,,1767644340,0,4,0,0,,,,,,,,,,,0,,,,,,,,,,,,,,,warmup_dropped,1767644340000
32,S,0,1767651900,4446.16,4443.85,1767651900,1767652500,4443.34,4443.85,1,,1767653820,3,17,0,0,,,,,,,,,,,0,,,,,,,,,,,,,,,warmup_dropped,1767653820000
33,S,0,1767654300,4447.37,4445.17,1767654600,1767655200,4444.78,4446.66,1,,1767655620,0,2,0,0,,,,,,,,,,,0,,,,,,,,,,,,,,,warmup_dropped,1767655620000
34,L,0,1767654900,4447.23,4443.42,1767655200,1767655800,4444.78,4445.54,1,,1767656100,0,0,0,0,,,,,,,,,,,0,,,,,,,,,,,,,,,warmup_dropped,1767656100000
29,S,0,1767639000,4454.42,4450.83,1767639000,1767639600,4442.22,4450.83,1,,1767661260,59,356,0,0,,,,,,,,,,,0,,,,,,,,,,,,,,,warmup_dropped,1767661260000
36,L,0,1767657000,4448.64,4447.57,1767657300,1767661500,4448.83,4453.13,1,,1767662940,3,19,0,0,,,,,,,,,,,0,,,,,,,,,,,,,,,warmup_dropped,1767662940000
35,L,0,1767656400,4446.71,4445.50,1767656400,1767657000,4446.71,4447.57,1,,1767663060,7,96,0,0,,,,,,,,,,,0,,,,,,,,,,,,,,,warmup_dropped,1767663060000
38,S,0,1767663300,4446.44,4441.37,1767663600,1767664200,4441.38,4441.53,1,,1767664620,0,2,0,0,,,,,,,,,,,0,,,,,,,,,,,,,,,warmup_dropped,1767664620000
39,L,0,1767668400,4440.22,4427.84,1767668700,1767669300,4439.51,4439.52,1,,1767669600,0,0,0,0,,,,,,,,,,,0,,,,,,,,,,,,,,,warmup_dropped,1767669600000
40,S,0,1767669000,4442.34,4436.32,1767669300,1767669900,4436.68,4439.52,1,,1767670200,0,0,0,0,,,,,,,,,,,0,,,,,,,,,,,,,,,warmup_dropped,1767670200000
37,S,0,1767662100,4453.51,4448.74,1767662400,1767663000,4450.37,4450.74,1,,1767671760,28,141,0,0,,,,,,,,,,,0,,,,,,,,,,,,,,,warmup_dropped,1767671760000
43,S,0,1767673500,4460.68,4457.65,1767673800,1767674400,4453.86,4456.79,1,,1767676140,4,24,0,0,,,,,,,,,,,0,,,,,,,,,,,,,,,warmup_dropped,1767676140000
44,L,0,1767681600,4466.27,4461.78,1767681900,1767682500,4466.25,4466.64,1,,1767685140,7,39,0,0,,,,,,,,,,,0,,,,,,,,,,,,,,,warmup_dropped,1767685140000
45,S,0,1767684600,4474.10,4469.38,1767684600,1767685200,4466.05,4469.38,1,,1767690480,16,83,0,0,,,,,,,,,,,0,,,,,,,,,,,,,,,warmup_dropped,1767690480000
46,L,0,1767689100,4463.68,4461.19,1767689100,1767689700,4463.68,4464.33,1,,1767691320,4,22,0,0,,,,,,,,,,,0,,,,,,,,,,,,,,,warmup_dropped,1767691320000
47,S,0,1767692700,4465.82,4463.68,1767692700,1767693300,4461.15,4463.68,1,,1767694560,3,16,0,0,,,,,,,,,,,0,,,,,,,,,,,,,,,warmup_dropped,1767694560000
49,S,0,1767695100,4475.71,4469.18,1767695100,1767695700,4469.01,4469.18,1,,1767697080,3,18,0,0,,,,,,,,,,,0,,,,,,,,,,,,,,,warmup_dropped,1767697080000
48,L,0,1767694200,4463.12,4460.08,1767694200,1767694800,4463.12,4465.74,1,,1767697500,8,40,0,0,,,,,,,,,,,0,,,,,,,,,,,,,,,warmup_dropped,1767697500000
42,L,0,1767670800,4443.32,4439.05,1767671100,1767671700,4442.68,4447.35,1,,1767700980,96,483,0,0,,,,,,,,,,,0,,,,,,,,,,,,,,,warmup_dropped,1767700980000
51,L,0,1767700800,4448.86,4442.53,1767701100,1767701700,4449.90,4449.94,1,,1767702120,0,2,0,0,,,,,,,,,,,0,,,,,,,,,,,,,,,warmup_dropped,1767702120000
52,L,0,1767702000,4452.31,4448.69,1767702300,1767702900,4450.52,4451.27,1,,1767703320,0,2,0,0,,,,,,,,,,,0,,,,,,,,,,,,,,,warmup_dropped,1767703320000
54,L,0,1767707100,4462.37,4459.87,1767707100,1767707700,4462.37,4462.42,1,,1767708180,0,3,0,0,,,,,,,,,,,0,,,,,,,,,,,,,,,warmup_dropped,1767708180000
55,S,0,1767709200,4465.70,4461.48,1767709500,1767710100,4462.52,4463.29,1,,1767710640,0,4,0,0,,,,,,,,,,,0,,,,,,,,,,,,,,,warmup_dropped,1767710640000
50,S,0,1767696900,4469.44,4466.63,1767696900,1767697500,4464.29,4466.63,1,,1767712260,48,241,0,0,,,,,,,,,,,0,,,,,,,,,,,,,,,warmup_dropped,1767712260000
56,S,0,1767712500,4470.45,4465.24,1767712500,1767713100,4461.47,4465.24,1,,1767714900,5,25,0,0,,,,,,,,,,,0,,,,,,,,,,,,,,,warmup_dropped,1767714900000
58,S,0,1767715800,4472.50,4469.71,1767715800,1767716400,4468.84,4469.71,1,,1767717000,1,5,0,0,,,,,,,,,,,0,,,,,,,,,,,,,,,warmup_dropped,1767717000000
59,L,0,1767716400,4468.84,4464.48,1767716700,1767717300,4468.49,4476.85,1,,1767720780,10,53,0,0,,,,,,,,,,,0,,,,,,,,,,,,,,,warmup_dropped,1767720780000
57,L,0,1767714300,4463.88,4456.81,1767714300,1767714900,4463.88,4465.05,1,,1767721020,19,97,0,0,,,,,,,,,,,0,,,,,,,,,,,,,,,warmup_dropped,1767721020000
61,S,0,1767720300,4481.91,4476.20,1767720300,1767720900,4472.55,4476.20,1,,1767721560,1,6,0,0,,,,,,,,,,,0,,,,,,,,,,,,,,,warmup_dropped,1767721560000
60,S,0,1767719100,4488.59,4482.27,1767719400,1767720000,4479.05,4479.11,1,,1767722460,7,36,0,0,,,,,,,,,,,0,,,,,,,,,,,,,,,warmup_dropped,1767722460000
63,L,0,1767728400,4487.16,4481.64,1767728700,1767729300,4486.22,4488.56,1,,1767729600,0,0,0,0,,,,,,,,,,,0,,,,,,,,,,,,,,,warmup_dropped,1767729600000
64,L,0,1767729600,4489.91,4486.22,1767729900,1767730500,4489.51,4490.40,1,,1767730980,0,3,0,0,,,,,,,,,,,0,,,,,,,,,,,,,,,warmup_dropped,1767730980000
65,S,0,1767730200,4491.65,4489.36,1767730500,1767731100,4490.03,4490.40,1,,1767732600,4,20,0,0,,,,,,,,,,,0,,,,,,,,,,,,,,,warmup_dropped,1767732600000
66,L,0,1767731400,4487.90,4482.22,1767731700,1767732300,4486.21,4486.22,1,,1767732780,0,3,0,0,,,,,,,,,,,0,,,,,,,,,,,,,,,warmup_dropped,1767732780000
67,S,0,1767732900,4489.41,4487.47,1767732900,1767733500,4486.46,4487.47,1,,1767738060,14,71,0,0,,,,,,,,,,,0,,,,,,,,,,,,,,,warmup_dropped,1767738060000
68,L,0,1767737100,4484.38,4481.88,1767737100,1767737700,4484.38,4485.28,1,,1767738600,2,10,0,0,,,,,,,,,,,0,,,,,,,,,,,,,,,warmup_dropped,1767738600000
69,S,0,1767737700,4487.37,4485.28,1767738000,1767738600,4485.69,4486.17,1,,1767738900,0,0,0,0,,,,,,,,,,,0,,,,,,,,,,,,,,,warmup_dropped,1767738900000
71,S,0,1767743100,4497.33,4495.93,1767743100,1767743700,4495.46,4495.93,1,,1767747660,0,61,0,0,,,,,,,,,,,0,,,,,,,,,,,,,,,warmup_dropped,1767747660000
72,L,0,1767743700,4495.46,4494.00,1767743700,1767747900,4495.46,4498.16,1,,1767748320,0,2,0,0,,,,,,,,,,,0,,,,,,,,,,,,,,,warmup_dropped,1767748320000
70,L,0,1767738600,4485.69,4483.83,1767738600,1767739200,4485.69,4486.67,1,,1767754320,37,247,0,0,,,,,,,,,,,0,,,,,,,,,,,,,,,warmup_dropped,1767754320000
62,L,0,1767722700,4477.38,4471.62,1767722700,1767723300,4477.38,4477.69,1,,1767755160,93,526,0,0,,,,,,,,,,,0,,,,,,,,,,,,,,,warmup_dropped,1767755160000
75,S,0,1767756300,4478.75,4473.69,1767756300,1767756900,4470.96,4473.69,1,,1767759060,6,31,0,0,,,,,,,,,,,0,,,,,,,,,,,,,,,warmup_dropped,1767759060000
76,L,0,1767758100,4470.11,4461.25,1767758400,1767759000,4467.44,4470.38,1,,1767759660,1,6,0,0,,,,,,,,,,,0,,,,,,,,,,,,,,,warmup_dropped,1767759660000
77,L,0,1767759600,4471.95,4469.40,1767759600,1767760200,4471.95,4473.56,1,,1767765900,18,90,0,0,,,,,,,,,,,0,,,,,,,,,,,,,,,warmup_dropped,1767765900000
78,L,0,1767769800,4466.97,4465.20,1767769800,1767770400,4466.97,4467.34,1,,1767771000,1,5,0,0,,,,,,,,,,,0,,,,,,,,,,,,,,,warmup_dropped,1767771000000
53,L,0,1767705300,4451.21,4448.71,1767705300,1767705900,4451.21,4452.31,1,,1767771780,206,1093,0,0,,,,,,,,,,,0,,,,,,,,,,,,,,,warmup_dropped,1767771780000
80,L,0,1767772200,4449.90,4446.26,1767772200,1767772800,4449.90,4453.01,1,,1767774780,5,28,0,0,,,,,,,,,,,0,,,,,,,,,,,,,,,warmup_dropped,1767774780000
82,L,0,1767778800,4460.00,4456.71,1767778800,1767779400,4460.00,4460.42,1,,1767780420,2,12,0,0,,,,,,,,,,,0,,,,,,,,,,,,,,,warmup_dropped,1767780420000
79,S,0,1767770400,4469.81,4467.34,1767770700,1767771300,4457.07,4467.49,1,,1767781020,31,157,0,0,,,,,,,,,,,0,,,,,,,,,,,,,,,warmup_dropped,1767781020000
83,L,0,1767788700,4464.82,4458.84,1767789000,1767789600,4464.62,4464.65,1,,1767790500,2,10,0,0,,,,,,,,,,,0,,,,,,,,,,,,,,,warmup_dropped,1767790500000
81,L,0,1767776100,4446.49,4442.74,1767776100,1767776700,4446.49,4447.30,1,,1767794580,58,293,0,0,,,,,,,,,,,0,,,,,,,,,,,,,,,warmup_dropped,1767794580000
86,L,0,1767795300,4448.17,4440.43,1767795600,1767796200,4447.81,4449.49,1,,1767797700,4,20,0,0,,,,,,,,,,,0,,,,,,,,,,,,,,,warmup_dropped,1767797700000
87,S,0,1767797100,4453.84,4449.46,1767797100,1767797700,4448.87,4449.46,1,,1767798180,0,3,0,0,,,,,,,,,,,0,,,,,,,,,,,,,,,warmup_dropped,1767798180000
41,L,0,1767669900,4436.68,4433.82,1767670200,1767670800,4436.72,4439.05,1,,1767798480,412,2123,0,0,,,,,,,,,,,0,,,,,,,,,,,,,,,warmup_dropped,1767798480000
88,S,0,1767798000,4449.87,4443.64,1767798000,1767798600,4436.18,4443.64,1,,1767799500,2,10,0,0,,,,,,,,,,,0,,,,,,,,,,,,,,,warmup_dropped,1767799500000
89,S,0,1767802500,4453.56,4447.01,1767802500,1767803100,4446.40,4447.01,1,,1767803400,0,0,0,0,,,,,,,,,,,0,,,,,,,,,,,,,,,warmup_dropped,1767803400000
90,S,0,1767804600,4450.18,4440.93,1767804900,1767805500,4444.60,4444.79,1,,1767805800,0,0,0,0,,,,,,,,,,,0,,,,,,,,,,,,,,,warmup_dropped,1767805800000
91,S,0,1767805500,4444.60,4439.96,1767805500,1767806100,4429.97,4439.96,1,,1767806940,1,9,0,0,,,,,,,,,,,0,,,,,,,,,,,,,,,warmup_dropped,1767806940000
85,S,0,1767791700,4464.30,4460.50,1767791700,1767792300,4460.23,4460.50,1,,1767810120,58,292,0,0,,,,,,,,,,,0,,,,,,,,,,,,,,,warmup_dropped,1767810120000
84,S,0,1767789900,4467.73,4465.71,1767789900,1767790500,4465.15,4465.71,1,,1767811380,68,343,0,0,,,,,,,,,,,0,,,,,,,,,,,,,,,warmup_dropped,1767811380000
93,L,0,1767809400,4450.29,4445.99,1767809700,1767810300,4448.15,4455.93,1,,1767815760,17,86,0,0,,,,,,,,,,,0,,,,,,,,,,,,,,,warmup_dropped,1767815760000
95,L,0,1767816600,4452.83,4448.73,1767816900,1767817500,4451.00,4451.41,1,,1767817800,0,0,0,0,,,,,,,,,,,0,,,,,,,,,,,,,,,warmup_dropped,1767817800000
94,S,0,1767815100,4459.36,4456.70,1767815100,1767815700,4454.75,4456.70,1,,1767818220,7,37,0,0,,,,,,,,,,,0,,,,,,,,,,,,,,,warmup_dropped,1767818220000
96,S,0,1767818100,4458.87,4454.31,1767818400,1767819000,4454.41,4455.68,1,,1767819840,1,9,0,0,,,,,,,,,,,0,,,,,,,,,,,,,,,warmup_dropped,1767819840000
98,S,0,1767821400,4457.31,4450.51,1767821700,1767822300,4453.84,4454.41,1,,1767822600,0,0,0,0,,,,,,,,,,,0,,,,,,,,,,,,,,,warmup_dropped,1767822600000
99,L,0,1767822300,4453.84,4452.12,1767822300,1767822900,4453.84,4456.58,1,,1767826560,11,56,0,0,,,,,,,,,,,0,,,,,,,,,,,,,,,warmup_dropped,1767826560000
100,S,0,1767826200,4459.77,4458.01,1767826200,1767826800,4454.64,4458.01,1,,1767834000,10,115,0,0,,,,,,,,,,,0,,,,,,,,,,,,,,,warmup_dropped,1767834000000
103,L,0,1767834600,4460.48,4458.51,1767834600,1767835200,4460.48,4460.58,1,,1767835860,1,6,0,0,,,,,,,,,,,0,,,,,,,,,,,,,,,warmup_dropped,1767835860000
104,L,0,1767836700,4462.98,4459.94,1767837000,1767837600,4462.57,4462.77,1,,1767837900,0,0,0,0,,,,,,,,,,,0,,,,,,,,,,,,,,,warmup_dropped,1767837900000
102,L,0,1767830100,4455.94,4454.82,1767830100,1767834300,4455.94,4459.93,1,,1767839160,15,76,0,0,,,,,,,,,,,0,,,,,,,,,,,,,,,warmup_dropped,1767839160000
101,L,0,1767829500,4454.02,4452.91,1767829500,1767830100,4454.02,4454.82,1,,1767839760,19,156,0,0,,,,,,,,,,,0,,,,,,,,,,,,,,,warmup_dropped,1767839760000
97,L,0,1767820500,4449.73,4445.45,1767820800,1767821400,4449.11,4450.51,1,,1767840300,50,310,0,0,,,,,,,,,,,0,,,,,,,,,,,,,,,warmup_dropped,1767840300000
106,S,0,1767839400,4459.03,4455.82,1767839400,1767840000,4454.85,4455.82,1,,1767841560,4,21,0,0,,,,,,,,,,,0,,,,,,,,,,,,,,,warmup_dropped,1767841560000
107,L,0,1767840900,4452.43,4450.19,1767841200,1767841800,4454.97,4455.68,1,,1767843180,3,18,0,0,,,,,,,,,,,0,,,,,,,,,,,,,,,warmup_dropped,1767843180000
109,S,0,1767845100,4448.62,4440.38,1767845400,1767846000,4443.61,4445.98,1,,1767846300,0,0,0,0,,,,,,,,,,,0,,,,,,,,,,,,,,,warmup_dropped,1767846300000
110,L,0,1767849300,4442.69,4437.35,1767849300,1767849900,4442.69,4443.32,1,,1767850500,1,5,0,0,,,,,,,,,,,0,,,,,,,,,,,,,,,warmup_dropped,1767850500000
112,L,0,1767852000,4440.36,4437.37,1767852300,1767852900,4439.03,4439.30,1,,1767853200,0,0,0,0,,,,,,,,,,,0,,,,,,,,,,,,,,,warmup_dropped,1767853200000
92,L,0,1767806100,4429.97,4423.51,1767806100,1767806700,4429.97,4430.73,1,,1767855900,151,815,0,0,,,,,,,,,,,0,,,,,,,,,,,,,,,warmup_dropped,1767855900000
114,S,0,1767855000,4433.29,4430.27,1767855300,1767855900,4430.38,4430.66,1,,1767861060,16,81,0,0,,,,,,,,,,,0,,,,,,,,,,,,,,,warmup_dropped,1767861060000
113,S,0,1767853800,4438.82,4435.56,1767853800,1767854400,4435.48,4435.56,1,,1767861360,22,111,0,0,,,,,,,,,,,0,,,,,,,,,,,,,,,warmup_dropped,1767861360000
115,S,0,1767870300,4434.54,4430.93,1767870600,1767871200,4429.24,4430.54,1,,1767871680,0,3,0,0,,,,,,,,,,,0,,,,,,,,,,,,,,,warmup_dropped,1767871680000
116,L,0,1767870900,4431.29,4426.01,1767871200,1767871800,4429.24,4429.84,1,,1767872760,2,11,0,0,,,,,,,,,,,0,,,,,,,,,,,,,,,warmup_dropped,1767872760000
117,S,0,1767872400,4434.72,4432.56,1767872400,1767873000,4432.31,4432.56,1,,1767873300,0,0,0,0,,,,,,,,,,,0,,,,,,,,,,,,,,,warmup_dropped,1767873300000
119,S,0,1767874200,4430.00,4427.66,1767874200,1767874800,4426.65,4427.66,1,,1767875460,1,6,0,0,,,,,,,,,,,0,,,,,,,,,,,,,,,warmup_dropped,1767875460000
118,S,0,1767873300,4433.43,4431.71,1767873300,1767873900,4430.21,4431.71,1,,1767875640,4,24,0,0,,,,,,,,,,,0,,,,,,,,,,,,,,,warmup_dropped,1767875640000
120,L,0,1767875100,4427.48,4423.87,1767875100,1767875700,4427.48,4430.59,1,,1767878160,7,36,0,0,,,,,,,,,,,0,,,,,,,,,,,,,,,warmup_dropped,1767878160000
122,S,0,1767879300,4427.32,4424.87,1767879600,1767880200,4425.60,4426.24,1,,1767880560,0,1,0,0,,,,,,,,,,,0,,,,,,,,,,,,,,,warmup_dropped,1767880560000
23,L,0,1767628200,4415.05,4412.67,1767628200,1767628800,4415.05,4416.88,1,,1767881100,804,4200,0,0,,,,,,,,,,,0,,,,,,,,,,,,,,,warmup_dropped,1767881100000
22,L,0,1767626700,4407.74,4396.86,1767627000,1767627600,4408.78,4410.95,1,,1767881760,810,4231,0,0,,,,,,,,,,,0,,,,,,,,,,,,,,,warmup_dropped,1767881760000
121,S,0,1767876900,4433.86,4429.98,1767877200,1767877800,4430.38,4430.99,1,,1767883260,17,86,0,0,,,,,,,,,,,0,,,,,,,,,,,,,,,warmup_dropped,1767883260000
123,S,0,1767884100,4428.81,4426.45,1767884100,1767884700,4423.92,4426.45,1,,1767885540,1,9,0,0,,,,,,,,,,,0,,,,,,,,,,,,,,,warmup_dropped,1767885540000
124,L,0,1767884700,4423.92,4418.23,1767885000,1767885600,4420.89,4425.86,1,,1767887700,6,30,0,0,,,,,,,,,,,0,,,,,,,,,,,,,,,warmup_dropped,1767887700000
125,S,0,1767886800,4435.58,4426.12,1767887100,1767887700,4425.72,4429.69,1,,1767888180,0,3,0,0,,,,,,,,,,,0,,,,,,,,,,,,,,,warmup_dropped,1767888180000
111,S,0,1767849900,4445.79,4443.32,1767850200,1767850800,4442.31,4443.50,1,,1767892140,136,684,0,0,,,,,,,,,,,0,,,,,,,,,,,,,,,warmup_dropped,1767892140000
108,S,0,1767843300,4455.92,4450.91,1767843300,1767843900,4448.42,4450.91,1,,1767892560,161,806,0,0,,,,,,,,,,,0,,,,,,,,,,,,,,,warmup_dropped,1767892560000
105,S,0,1767838200,4465.84,4464.57,1767838200,1767838800,4464.12,4464.57,1,,1767897720,195,977,0,0,,,,,,,,,,,0,,,,,,,,,,,,,,,warmup_dropped,1767897720000
128,S,0,1767905100,4455.06,4452.01,1767905400,1767906000,4451.22,4451.68,1,,1767908100,6,30,0,0,,,,,,,,,,,0,,,,,,,,,,,,,,,warmup_dropped,1767908100000
129,L,0,1767907500,4449.87,4446.94,1767907500,1767908100,4449.87,4450.25,1,,1767908520,0,2,0,0,,,,,,,,,,,0,,,,,,,,,,,,,,,warmup_dropped,1767908520000
127,S,0,1767902100,4464.08,4461.83,1767902100,1767902700,4458.04,4461.83,1,,1767910860,26,131,0,0,,,,,,,,,,,0,,,,,,,,,,,,,,,warmup_dropped,1767910860000
130,S,0,1767913500,4479.27,4477.19,1767913800,1767914400,4475.57,4477.29,1,,1767916320,5,27,0,0,,,,,,,,,,,0,,,,,,,,,,,,,,,warmup_dropped,1767916320000
131,L,0,1767915300,4474.82,4472.91,1767915600,1767916200,4475.26,4475.70,1,,1767923280,10,113,0,0,,,,,,,,,,,0,,,,,,,,,,,,,,,warmup_dropped,1767923280000
134,S,0,1767926400,4468.00,4466.66,1767926400,1767927000,4464.61,4466.66,1,,1767930720,11,57,0,0,,,,,,,,,,,0,,,,,,,,,,,,,,,warmup_dropped,1767930720000
133,S,0,1767924900,4472.77,4470.52,1767924900,1767925500,4468.51,4470.52,1,,1767931200,18,90,0,0,,,,,,,,,,,0,,,,,,,,,,,,,,,warmup_dropped,1767931200000
132,S,0,1767924300,4476.09,4474.01,1767924300,1767924900,4472.77,4474.01,1,,1767931260,20,101,0,0,,,,,,,,,,,0,,,,,,,,,,,,,,,warmup_dropped,1767931260000
136,S,0,1767934500,4470.43,4466.54,1767934800,1767935400,4465.45,4466.38,1,,1767941820,20,102,0,0,,,,,,,,,,,0,,,,,,,,,,,,,,,warmup_dropped,1767941820000
137,L,0,1767941100,4463.37,4462.28,1767941100,1767941700,4463.37,4464.17,1,,1767942480,1,8,0,0,,,,,,,,,,,0,,,,,,,,,,,,,,,warmup_dropped,1767942480000
138,S,0,1767942000,4466.81,4463.89,1767942000,1767942600,4463.76,4463.89,1,,1767943200,1,5,0,0,,,,,,,,,,,0,,,,,,,,,,,,,,,warmup_dropped,1767943200000
135,L,0,1767929700,4460.11,4456.25,1767929700,1767930300,4460.11,4462.53,1,,1767943380,42,213,0,0,,,,,,,,,,,0,,,,,,,,,,,,,,,warmup_dropped,1767943380000
140,L,0,1767946800,4469.27,4466.37,1767946800,1767947400,4469.27,4473.14,1,,1767950700,10,50,0,0,,,,,,,,,,,0,,,,,,,,,,,,,,,warmup_dropped,1767950700000
141,S,0,1767949500,4475.37,4473.62,1767949500,1767950100,4473.08,4473.62,1,,1767953100,9,45,0,0,,,,,,,,,,,0,,,,,,,,,,,,,,,warmup_dropped,1767953100000
142,L,0,1767952800,4471.77,4466.40,1767952800,1767953400,4471.77,4473.59,1,,1767954600,3,15,0,0,,,,,,,,,,,0,,,,,,,,,,,,,,,warmup_dropped,1767954600000
143,S,0,1767954000,4475.34,4473.37,1767954300,1767954900,4470.40,4472.93,1,,1767957060,6,31,0,0,,,,,,,,,,,0,,,,,,,,,,,,,,,warmup_dropped,1767957060000
145,S,0,1767963600,4474.74,4472.60,1767963600,1767964200,4472.14,4472.60,1,,1767964620,0,2,0,0,,,,,,,,,,,0,,,,,,,,,,,,,,,warmup_dropped,1767964620000
146,S,0,1767964800,4473.01,4471.58,1767964800,1767965400,4471.34,4471.58,1,,1767965940,0,4,0,0,,,,,,,,,,,0,,,,,,,,,,,,,,,warmup_dropped,1767965940000
144,L,0,1767962700,4469.27,4467.13,1767962700,1767963300,4469.27,4470.51,1,,1767966360,9,46,0,0,,,,,,,,,,,0,,,,,,,,,,,,,,,warmup_dropped,1767966360000
147,L,0,1767966000,4471.92,4469.35,1767966300,1767966900,4472.41,4473.24,1,,1767968400,4,20,0,0,,,,,,,,,,,0,,,,,,,,,,,,,,,warmup_dropped,1767968400000
139,L,0,1767943200,4463.95,4458.32,1767943200,1767943800,4463.95,4464.47,1,,1767969180,83,418,0,0,,,,,,,,,,,0,,,,,,,,,,,,,,,warmup_dropped,1767969180000
149,L,0,1767970200,4467.67,4463.77,1767970500,1767971100,4467.84,4469.39,1,,1767971640,0,4,0,0,,,,,,,,,,,0,,,,,,,,,,,,,,,warmup_dropped,1767971640000
150,S,0,1767971100,4473.78,4469.39,1767971100,1767971700,4468.87,4469.39,1,,1767972060,0,1,0,0,,,,,,,,,,,0,,,,,,,,,,,,,,,warmup_dropped,1767972060000
151,L,0,1767971700,4468.87,4463.43,1767971700,1767972300,4468.87,4470.56,1,,1767972600,0,0,0,0,,,,,,,,,,,0,,,,,,,,,,,,,,,warmup_dropped,1767972600000
148,S,0,1767967500,4480.48,4477.17,1767967500,1767968100,4474.89,4477.17,1,,1767972660,14,71,0,0,,,,,,,,,,,0,,,,,,,,,,,,,,,warmup_dropped,1767972660000
74,S,0,1767754500,4492.10,4485.25,1767754500,1767755100,4483.57,4485.25,1,,1767972720,700,3622,0,0,,,,,,,,,,,0,,,,,,,,,,,,,,,warmup_dropped,1767972720000
73,S,0,1767749400,4499.54,4497.86,1767749400,1767750000,4496.42,4497.86,1,,1767976560,730,3771,0,0,,,,,,,,,,,0,,,,,,,,,,,,,,,warmup_dropped,1767976560000
152,S,0,1767976500,4498.07,4489.36,1767976500,1767977100,4489.08,4489.36,1,,1767977580,0,3,0,0,,,,,,,,,,,0,,,,,,,,,,,,,,,warmup_dropped,1767977580000
155,L,0,1767979500,4510.82,4504.27,1767979800,1767980400,4511.85,4513.20,1,,1767980820,0,2,0,0,,,,,,,,,,,0,,,,,,,,,,,,,,,warmup_dropped,1767980820000
154,L,0,1767978600,4499.91,4493.54,1767978900,1767979500,4499.48,4504.27,1,,1767982380,8,43,0,0,,,,,,,,,,,0,,,,,,,,,,,,,,,warmup_dropped,1767982380000
156,S,0,1767981300,4514.08,4510.12,1767981600,1767982200,4508.14,4511.19,1,,1767985260,9,46,0,0,,,,,,,,,,,0,,,,,,,,,,,,,,,warmup_dropped,1767985260000
157,S,0,1767985800,4510.47,4507.71,1767985800,1767986400,4506.87,4507.71,1,,1767987120,1,7,0,0,,,,,,,,,,,0,,,,,,,,,,,,,,,warmup_dropped,1767987120000
153,L,0,1767977100,4489.08,4482.39,1767977100,1767977700,4489.08,4490.75,1,,1767988380,34,173,0,0,,,,,,,,,,,0,,,,,,,,,,,,,,,warmup_dropped,1767988380000
158,S,0,1767987000,4510.14,4503.42,1767987300,1767987900,4503.26,4505.28,1,,1767991020,9,47,0,0,,,,,,,,,,,0,,,,,,,,,,,,,,,warmup_dropped,1767991020000
159,L,0,1767990300,4493.65,4489.80,1767990300,1767990900,4493.65,4500.86,1,,1767992760,5,26,0,0,,,,,,,,,,,0,,,,,,,,,,,,,,,warmup_dropped,1767992760000
161,L,0,1767992400,4498.09,4494.21,1767992700,1767993300,4495.43,4496.68,1,,1767993600,0,0,0,0,,,,,,,,,,,0,,,,,,,,,,,,,,,warmup_dropped,1767993600000
160,S,0,1767990900,4504.08,4500.86,1767991200,1767991800,4498.63,4501.48,1,,1767993840,5,29,0,0,,,,,,,,,,,0,,,,,,,,,,,,,,,warmup_dropped,1767993840000
164,L,0,1767999900,4507.50,4505.05,1768000200,1768000800,4508.51,4509.37,1,,1768001700,2,10,0,0,,,,,,,,,,,0,,,,,,,,,,,,,,,warmup_dropped,1768001700000
168,L,0,1768181700,4537.38,4533.34,1768181700,1768182300,4537.38,4540.48,1,,1768183200,2,10,0,0,,,,,,,,,,,0,,,,,,,,,,,,,,,warmup_dropped,1768183200000
170,L,0,1768184400,4564.76,4556.78,1768184700,1768185300,4565.94,4572.55,1,,1768190880,17,88,0,0,,,,,,,,,,,0,,,,,,,,,,,,,,,warmup_dropped,1768190880000
171,S,0,1768189800,4579.01,4573.64,1768190100,1768190700,4569.96,4570.26,1,,1768192740,5,29,0,0,,,,,,,,,,,0,,,,,,,,,,,,,,,warmup_dropped,1768192740000
172,L,0,1768191900,4569.52,4566.20,1768192200,1768192800,4570.57,4573.37,1,,1768196880,12,63,0,0,,,,,,,,,,,0,,,,,,,,,,,,,,,warmup_dropped,1768196880000
175,S,0,1768197000,4573.97,4567.83,1768197300,1768197900,4568.71,4569.41,1,,1768198200,0,0,0,0,,,,,,,,,,,0,,,,,,,,,,,,,,,warmup_dropped,1768198200000
174,S,0,1768196100,4577.68,4575.68,1768196100,1768196700,4574.61,4575.68,1,,1768203000,20,100,0,0,,,,,,,,,,,0,,,,,,,,,,,,,,,warmup_dropped,1768203000000
173,S,0,1768195500,4581.27,4577.78,1768195500,1768196100,4577.68,4577.78,1,,1768203180,22,113,0,0,,,,,,,,,,,0,,,,,,,,,,,,,,,warmup_dropped,1768203180000
176,L,0,1768202700,4573.95,4571.53,1768202700,1768203300,4573.95,4575.19,1,,1768205220,5,27,0,0,,,,,,,,,,,0,,,,,,,,,,,,,,,warmup_dropped,1768205220000
178,L,0,1768205700,4572.89,4569.84,1768205700,1768206300,4572.89,4573.36,1,,1768207140,1,9,0,0,,,,,,,,,,,0,,,,,,,,,,,,,,,warmup_dropped,1768207140000
177,S,0,1768204500,4581.67,4578.86,1768204500,1768205100,4577.31,4578.86,1,,1768207980,8,43,0,0,,,,,,,,,,,0,,,,,,,,,,,,,,,warmup_dropped,1768207980000
179,L,0,1768208400,4579.29,4574.82,1768208400,1768209000,4579.29,4581.27,1,,1768210080,2,13,0,0,,,,,,,,,,,0,,,,,,,,,,,,,,,warmup_dropped,1768210080000
180,S,0,1768209300,4586.01,4582.98,1768209600,1768210200,4582.58,4584.05,1,,1768210620,0,2,0,0,,,,,,,,,,,0,,,,,,,,,,,,,,,warmup_dropped,1768210620000
182,L,0,1768215600,4597.43,4593.42,1768215900,1768216500,4596.02,4596.27,1,,1768216800,0,0,0,0,,,,,,,,,,,0,,,,,,,,,,,,,,,warmup_dropped,1768216800000
181,L,0,1768214400,4588.50,4585.58,1768214400,1768215000,4588.50,4593.56,1,,1768219140,12,64,0,0,,,,,,,,,,,0,,,,,,,,,,,,,,,warmup_dropped,1768219140000
183,S,0,1768218000,4596.91,4593.63,1768218000,1768218600,4592.05,4593.63,1,,1768220760,6,31,0,0,,,,,,,,,,,0,,,,,,,,,,,,,,,warmup_dropped,1768220760000
184,L,0,1768224300,4588.21,4583.93,1768224600,1768225200,4587.48,4589.50,1,,1768225680,0,3,0,0,,,,,,,,,,,0,,,,,,,,,,,,,,,warmup_dropped,1768225680000
185,S,0,1768225200,4592.05,4589.50,1768225200,1768225800,4586.96,4589.50,1,,1768229520,11,57,0,0,,,,,,,,,,,0,,,,,,,,,,,,,,,warmup_dropped,1768229520000
186,L,0,1768232400,4613.27,4606.42,1768232400,1768233000,4613.27,4613.99,1,,1768233600,1,5,0,0,,,,,,,,,,,0,,,,,,,,,,,,,,,warmup_dropped,1768233600000
188,L,0,1768235100,4597.77,4585.05,1768235400,1768236000,4601.15,4601.83,1,,1768236480,0,3,0,0,,,,,,,,,,,0,,,,,,,,,,,,,,,warmup_dropped,1768236480000
187,S,0,1768233000,4619.93,4613.99,1768233300,1768233900,4604.38,4615.80,1,,1768237560,11,56,0,0,,,,,,,,,,,0,,,,,,,,,,,,,,,warmup_dropped,1768237560000
190,S,0,1768241400,4629.78,4622.66,1768241700,1768242300,4624.77,4626.79,1,,1768242780,0,3,0,0,,,,,,,,,,,0,,,,,,,,,,,,,,,warmup_dropped,1768242780000
192,L,0,1768243200,4613.72,4607.91,1768243200,1768243800,4613.72,4615.70,1,,1768244940,2,14,0,0,,,,,,,,,,,0,,,,,,,,,,,,,,,warmup_dropped,1768244940000
191,S,0,1768242600,4622.95,4619.43,1768242600,1768243200,4613.72,4619.43,1,,1768247520,13,67,0,0,,,,,,,,,,,0,,,,,,,,,,,,,,,warmup_dropped,1768247520000
193,L,0,1768246800,4614.88,4612.00,1768246800,1768247400,4614.88,4616.78,1,,1768248300,2,10,0,0,,,,,,,,,,,0,,,,,,,,,,,,,,,warmup_dropped,1768248300000
189,L,0,1768236900,4606.29,4600.66,1768237200,1768237800,4613.22,4614.48,1,,1768248960,36,181,0,0,,,,,,,,,,,0,,,,,,,,,,,,,,,warmup_dropped,1768248960000
194,L,0,1768251600,4611.31,4608.93,1768251600,1768252200,4611.31,4612.07,1,,1768254660,7,36,0,0,,,,,,,,,,,0,,,,,,,,,,,,,,,warmup_dropped,1768254660000
197,S,0,1768260600,4595.21,4593.74,1768260600,1768261200,4593.10,4593.74,1,,1768261740,0,4,0,0,,,,,,,,,,,0,,,,,,,,,,,,,,,warmup_dropped,1768261740000
196,S,0,1768257000,4604.63,4601.24,1768257300,1768257900,4594.87,4601.34,1,,1768266000,13,130,0,0,,,,,,,,,,,0,,,,,,,,,,,,,,,warmup_dropped,1768266000000
198,L,0,1768261800,4594.21,4591.92,1768261800,1768266000,4594.21,4596.81,1,,1768266300,0,0,0,0,,,,,,,,,,,0,,,,,,,,,,,,,,,warmup_dropped,1768266300000
199,S,0,1768262100,4597.09,4592.37,1768266000,1768266600,4594.07,4596.81,1,,1768269060,7,36,0,0,,,,,,,,,,,0,,,,,,,,,,,,,,,warmup_dropped,1768269060000
200,L,0,1768268400,4589.85,4585.97,1768268700,1768269300,4590.04,4590.82,1,,1768271280,5,28,0,0,,,,,,,,,,,0,,,,,,,,,,,,,,,warmup_dropped,1768271280000
201,S,0,1768270500,4595.96,4592.00,1768270800,1768271400,4590.86,4590.99,1,,1768273020,4,22,0,0,,,,,,,,,,,0,,,,,,,,,,,,,,,warmup_dropped,1768273020000
202,L,0,1768271700,4588.79,4584.56,1768272000,1768272600,4586.54,4587.90,1,,1768273140,0,4,0,0,,,,,,,,,,,0,,,,,,,,,,,,,,,warmup_dropped,1768273140000
203,S,0,1768274400,4589.40,4585.22,1768274400,1768275000,4582.56,4585.22,1,,1768275600,1,5,0,0,,,,,,,,,,,0,,,,,,,,,,,,,,,warmup_dropped,1768275600000
204,L,0,1768276500,4582.38,4577.63,1768276500,1768277100,4582.38,4584.79,1,,1768278600,4,20,0,0,,,,,,,,,,,0,,,,,,,,,,,,,,,warmup_dropped,1768278600000
205,L,0,1768283100,4595.36,4592.88,1768283400,1768284000,4593.97,4594.01,1,,1768284300,0,0,0,0,,,,,,,,,,,0,,,,,,,,,,,,,,,warmup_dropped,1768284300000
206,L,0,1768286100,4596.22,4594.68,1768286100,1768286700,4596.22,4597.60,1,,1768287060,0,1,0,0,,,,,,,,,,,0,,,,,,,,,,,,,,,warmup_dropped,1768287060000
207,S,0,1768287600,4598.41,4596.25,1768287600,1768288200,4595.42,4596.25,1,,1768288500,0,0,0,0,,,,,,,,,,,0,,,,,,,,,,,,,,,warmup_dropped,1768288500000
209,L,0,1768289700,4591.82,4586.35,1768289700,1768290300,4591.82,4592.39,1,,1768290600,0,0,0,0,,,,,,,,,,,0,,,,,,,,,,,,,,,warmup_dropped,1768290600000
212,S,0,1768295400,4585.26,4584.17,1768295400,1768296000,4582.39,4584.17,1,,1768296360,0,1,0,0,,,,,,,,,,,0,,,,,,,,,,,,,,,warmup_dropped,1768296360000
213,L,0,1768296000,4582.39,4578.92,1768296000,1768296600,4582.39,4583.75,1,,1768297200,1,5,0,0,,,,,,,,,,,0,,,,,,,,,,,,,,,warmup_dropped,1768297200000
211,L,0,1768293600,4577.95,4573.76,1768293600,1768294200,4577.95,4579.78,1,,1768298040,11,59,0,0,,,,,,,,,,,0,,,,,,,,,,,,,,,warmup_dropped,1768298040000
214,S,0,1768296600,4587.10,4583.75,1768296900,1768297500,4580.81,4583.47,1,,1768298580,2,13,0,0,,,,,,,,,,,0,,,,,,,,,,,,,,,warmup_dropped,1768298580000
210,S,0,1768291800,4591.26,4588.05,1768292100,1768292700,4587.02,4587.37,1,,1768299000,20,100,0,0,,,,,,,,,,,0,,,,,,,,,,,,,,,warmup_dropped,1768299000000
217,S,0,1768302300,4595.66,4590.75,1768302600,1768303200,4592.92,4593.77,1,,1768304400,3,15,0,0,,,,,,,,,,,0,,,,,,,,,,,,,,,warmup_dropped,1768304400000
216,L,0,1768299300,4587.91,4584.96,1768299300,1768299900,4587.91,4588.78,1,,1768304520,14,72,0,0,,,,,,,,,,,0,,,,,,,,,,,,,,,warmup_dropped,1768304520000
218,S,0,1768304400,4592.06,4586.69,1768304700,1768305300,4587.49,4587.59,1,,1768305660,0,1,0,0,,,,,,,,,,,0,,,,,,,,,,,,,,,warmup_dropped,1768305660000
215,L,0,1768297800,4580.51,4577.60,1768298100,1768298700,4582.49,4585.06,1,,1768306320,24,122,0,0,,,,,,,,,,,0,,,,,,,,,,,,,,,warmup_dropped,1768306320000
219,S,0,1768305300,4587.49,4585.74,1768305300,1768305900,4584.26,4585.74,1,,1768306920,2,12,0,0,,,,,,,,,,,0,,,,,,,,,,,,,,,warmup_dropped,1768306920000
220,L,0,1768306500,4583.65,4580.98,1768306500,1768307100,4583.65,4583.87,1,,1768307400,0,0,0,0,,,,,,,,,,,0,,,,,,,,,,,,,,,warmup_dropped,1768307400000
221,L,0,1768307400,4584.74,4581.80,1768307400,1768308000,4584.74,4584.96,1,,1768310100,6,30,0,0,,,,,,,,,,,0,,,,,,,,,,,,,,,warmup_dropped,1768310100000
222,L,0,1768311300,4586.81,4585.09,1768311300,1768311900,4586.81,4587.38,1,,1768312440,0,4,0,0,,,,,,,,,,,0,,,,,,,,,,,,,,,warmup_dropped,1768312440000
224,S,0,1768313700,4584.77,4583.20,1768313700,1768314300,4581.03,4583.20,1,,1768314960,1,6,0,0,,,,,,,,,,,0,,,,,,,,,,,,,,,warmup_dropped,1768314960000
223,S,0,1768312500,4589.02,4586.33,1768312800,1768313400,4586.25,4587.33,1,,1768315500,6,30,0,0,,,,,,,,,,,0,,,,,,,,,,,,,,,warmup_dropped,1768315500000
208,S,0,1768289100,4601.57,4598.05,1768289100,1768289700,4591.82,4598.05,1,,1768316940,89,449,0,0,,,,,,,,,,,0,,,,,,,,,,,,,,,warmup_dropped,1768316940000
195,S,0,1768254000,4617.08,4614.15,1768254300,1768254900,4612.93,4613.07,1,,1768318200,198,1050,0,0,,,,,,,,,,,0,,,,,,,,,,,,,,,warmup_dropped,1768318200000
227,S,0,1768318800,4620.40,4612.77,1768319100,1768319700,4613.35,4614.98,1,,1768320060,0,1,0,0,,,,,,,,,,,0,,,,,,,,,,,,,,,warmup_dropped,1768320060000
228,L,0,1768321800,4621.18,4611.66,1768322100,1768322700,4620.73,4624.83,1,,1768323720,2,12,0,0,,,,,,,,,,,0,,,,,,,,,,,,,,,warmup_dropped,1768323720000
229,S,0,1768323300,4633.04,4623.07,1768323300,1768323900,4622.63,4623.07,1,,1768324260,0,1,0,0,,,,,,,,,,,0,,,,,,,,,,,,,,,warmup_dropped,1768324260000
226,L,0,1768317900,4605.40,4599.73,1768317900,1768318500,4605.40,4609.46,1,,1768324680,19,98,0,0,,,,,,,,,,,0,,,,,,,,,,,,,,,warmup_dropped,1768324680000
230,S,0,1768324200,4624.46,4617.87,1768324200,1768324800,4610.77,4617.87,1,,1768326420,4,22,0,0,,,,,,,,,,,0,,,,,,,,,,,,,,,warmup_dropped,1768326420000
231,L,0,1768325700,4613.32,4605.21,1768325700,1768326300,4613.32,4614.09,1,,1768326660,0,1,0,0,,,,,,,,,,,0,,,,,,,,,,,,,,,warmup_dropped,1768326660000
233,S,0,1768327800,4613.92,4606.99,1768328100,1768328700,4606.49,4606.97,1,,1768329540,1,9,0,0,,,,,,,,,,,0,,,,,,,,,,,,,,,warmup_dropped,1768329540000
232,S,0,1768326900,4620.71,4614.75,1768326900,1768327500,4614.47,4614.75,1,,1768330800,10,50,0,0,,,,,,,,,,,0,,,,,,,,,,,,,,,warmup_dropped,1768330800000
234,S,0,1768330500,4613.94,4611.02,1768330800,1768331400,4612.10,4613.39,1,,1768332000,1,5,0,0,,,,,,,,,,,0,,,,,,,,,,,,,,,warmup_dropped,1768332000000
236,S,0,1768335000,4594.38,4591.14,1768335000,1768335600,4589.28,4591.14,1,,1768335960,0,1,0,0,,,,,,,,,,,0,,,,,,,,,,,,,,,warmup_dropped,1768335960000
237,L,0,1768335300,4595.02,4583.99,1768335600,1768336200,4589.28,4589.89,1,,1768336500,0,0,0,0,,,,,,,,,,,0,,,,,,,,,,,,,,,warmup_dropped,1768336500000
238,S,0,1768336800,4600.75,4598.32,1768337100,1768337700,4599.62,4599.64,1,,1768340340,7,39,0,0,,,,,,,,,,,0,,,,,,,,,,,,,,,warmup_dropped,1768340340000
225,L,0,1768314600,4581.02,4579.40,1768314600,1768315200,4581.02,4583.87,1,,1768343520,93,467,0,0,,,,,,,,,,,0,,,,,,,,,,,,,,,warmup_dropped,1768343520000
241,L,0,1768343400,4589.25,4571.11,1768343700,1768344300,4579.56,4583.55,1,,1768344600,0,0,0,0,,,,,,,,,,,0,,,,,,,,,,,,,,,warmup_dropped,1768344600000
240,S,0,1768342500,4595.30,4590.81,1768342800,1768343400,4589.25,4591.45,1,,1768352400,16,145,0,0,,,,,,,,,,,0,,,,,,,,,,,,,,,warmup_dropped,1768352400000
239,S,0,1768341300,4598.94,4595.84,1768341300,1768341900,4594.48,4595.84,1,,1768353240,24,184,0,0,,,,,,,,,,,0,,,,,,,,,,,,,,,warmup_dropped,1768353240000
235,S,0,1768332600,4611.10,4603.16,1768332900,1768333500,4607.10,4607.89,1,,1768356240,62,374,0,0,,,,,,,,,,,0,,,,,,,,,,,,,,,warmup_dropped,1768356240000
245,L,0,1768357200,4605.99,4603.09,1768357200,1768357800,4605.99,4607.76,1,,1768358700,2,10,0,0,,,,,,,,,,,0,,,,,,,,,,,,,,,warmup_dropped,1768358700000
246,S,0,1768358400,4610.73,4607.64,1768358400,1768359000,4607.36,4607.64,1,,1768359420,0,2,0,0,,,,,,,,,,,0,,,,,,,,,,,,,,,warmup_dropped,1768359420000
247,L,0,1768362300,4618.16,4613.63,1768362300,1768362900,4618.16,4618.76,1,,1768363200,0,0,0,0,,,,,,,,,,,0,,,,,,,,,,,,,,,warmup_dropped,1768363200000
248,L,0,1768364100,4619.13,4616.66,1768364100,1768364700,4619.13,4619.75,1,,1768365000,0,0,0,0,,,,,,,,,,,0,,,,,,,,,,,,,,,warmup_dropped,1768365000000
251,L,0,1768371900,4627.46,4625.33,1768371900,1768372500,4627.46,4627.86,1,,1768373100,1,5,0,0,,,,,,,,,,,0,,,,,,,,,,,,,,,warmup_dropped,1768373100000
252,L,0,1768373700,4630.44,4627.87,1768373700,1768374300,4630.44,4634.54,1,,1768377300,9,45,0,0,,,,,,,,,,,0,,,,,,,,,,,,,,,warmup_dropped,1768377300000
249,L,0,1768368300,4619.72,4613.42,1768368300,1768368900,4619.72,4620.40,1,,1768377420,27,137,0,0,,,,,,,,,,,0,,,,,,,,,,,,,,,warmup_dropped,1768377420000
250,L,0,1768369500,4625.01,4623.33,1768369500,1768370100,4625.01,4625.50,1,,1768377420,23,117,0,0,,,,,,,,,,,0,,,,,,,,,,,,,,,warmup_dropped,1768377420000
253,S,0,1768376700,4639.53,4634.85,1768376700,1768377300,4634.34,4634.85,1,,1768378440,2,14,0,0,,,,,,,,,,,0,,,,,,,,,,,,,,,warmup_dropped,1768378440000
254,L,0,1768377900,4629.01,4623.39,1768377900,1768378500,4629.01,4631.83,1,,1768379460,2,11,0,0,,,,,,,,,,,0,,,,,,,,,,,,,,,warmup_dropped,1768379460000
255,S,0,1768378800,4634.89,4630.91,1768379100,1768379700,4631.00,4632.53,1,,1768380060,0,1,0,0,,,,,,,,,,,0,,,,,,,,,,,,,,,warmup_dropped,1768380060000
257,L,0,1768388400,4635.01,4633.31,1768388400,1768389000,4635.01,4635.56,1,,1768390380,3,18,0,0,,,,,,,,,,,0,,,,,,,,,,,,,,,warmup_dropped,1768390380000
256,L,0,1768386300,4627.99,4622.03,1768386300,1768386900,4627.99,4628.57,1,,1768390860,12,61,0,0,,,,,,,,,,,0,,,,,,,,,,,,,,,warmup_dropped,1768390860000
258,S,0,1768389900,4638.04,4636.55,1768389900,1768390500,4633.90,4636.55,1,,1768393620,9,47,0,0,,,,,,,,,,,0,,,,,,,,,,,,,,,warmup_dropped,1768393620000
259,L,0,1768392300,4632.44,4629.19,1768392600,1768393200,4632.02,4632.17,1,,1768393800,1,5,0,0,,,,,,,,,,,0,,,,,,,,,,,,,,,warmup_dropped,1768393800000
260,L,0,1768395300,4633.39,4631.26,1768395300,1768395900,4633.39,4633.82,1,,1768396920,2,12,0,0,,,,,,,,,,,0,,,,,,,,,,,,,,,warmup_dropped,1768396920000
261,S,0,1768396800,4635.82,4633.29,1768396800,1768397400,4632.82,4633.29,1,,1768399200,5,25,0,0,,,,,,,,,,,0,,,,,,,,,,,,,,,warmup_dropped,1768399200000
262,L,0,1768398600,4630.91,4626.11,1768398900,1768399500,4631.52,4634.79,1,,1768403340,11,59,0,0,,,,,,,,,,,0,,,,,,,,,,,,,,,warmup_dropped,1768403340000
263,L,0,1768404600,4633.68,4624.24,1768404900,1768405500,4633.11,4634.11,1,,1768405800,0,0,0,0,,,,,,,,,,,0,,,,,,,,,,,,,,,warmup_dropped,1768405800000
265,S,0,1768409700,4619.17,4613.70,1768409700,1768410300,4610.95,4613.70,1,,1768410720,0,2,0,0,,,,,,,,,,,0,,,,,,,,,,,,,,,warmup_dropped,1768410720000
266,L,0,1768410300,4610.95,4599.36,1768410300,1768410900,4610.95,4614.38,1,,1768412040,2,14,0,0,,,,,,,,,,,0,,,,,,,,,,,,,,,warmup_dropped,1768412040000
267,S,0,1768411200,4626.59,4619.36,1768411200,1768411800,4619.30,4619.36,1,,1768412340,0,4,0,0,,,,,,,,,,,0,,,,,,,,,,,,,,,warmup_dropped,1768412340000
264,S,0,1768407600,4638.01,4635.04,1768407900,1768408500,4629.99,4632.89,1,,1768423860,50,251,0,0,,,,,,,,,,,0,,,,,,,,,,,,,,,warmup_dropped,1768423860000
271,L,0,1768425900,4640.08,4634.69,1768426200,1768426800,4638.06,4639.03,1,,1768427100,0,0,0,0,,,,,,,,,,,0,,,,,,,,,,,,,,,warmup_dropped,1768427100000
270,L,0,1768422000,4628.09,4624.79,1768422000,1768422600,4628.09,4628.17,1,,1768428120,17,87,0,0,,,,,,,,,,,0,,,,,,,,,,,,,,,warmup_dropped,1768428120000
272,L,0,1768430400,4634.29,4625.94,1768430700,1768431300,4631.07,4631.24,1,,1768431600,0,0,0,0,,,,,,,,,,,0,,,,,,,,,,,,,,,warmup_dropped,1768431600000
269,L,0,1768421100,4622.59,4620.46,1768421400,1768422000,4623.67,4624.79,1,,1768433100,36,180,0,0,,,,,,,,,,,0,,,,,,,,,,,,,,,warmup_dropped,1768433100000
273,S,0,1768432500,4626.57,4622.60,1768432800,1768433400,4623.33,4624.13,1,,1768434420,2,12,0,0,,,,,,,,,,,0,,,,,,,,,,,,,,,warmup_dropped,1768434420000
274,L,0,1768434300,4622.87,4619.94,1768434300,1768434900,4622.87,4624.51,1,,1768438980,0,63,0,0,,,,,,,,,,,0,,,,,,,,,,,,,,,warmup_dropped,1768438980000
268,L,0,1768419600,4608.57,4601.28,1768419600,1768420200,4608.57,4608.90,1,,1768440180,53,328,0,0,,,,,,,,,,,0,,,,,,,,,,,,,,,warmup_dropped,1768440180000
276,S,0,1768439400,4618.01,4612.36,1768439400,1768440000,4612.26,4612.36,1,,1768440960,2,11,0,0,,,,,,,,,,,0,,,,,,,,,,,,,,,warmup_dropped,1768440960000
277,S,0,1768440600,4612.18,4608.07,1768440600,1768441200,4607.23,4608.07,1,,1768441500,0,0,0,0,,,,,,,,,,,0,,,,,,,,,,,,,,,warmup_dropped,1768441500000
278,L,0,1768441200,4607.23,4602.92,1768441200,1768441800,4607.23,4610.07,1,,1768446240,13,69,0,0,,,,,,,,,,,0,,,,,,,,,,,,,,,warmup_dropped,1768446240000
244,L,0,1768355700,4598.82,4596.93,1768355700,1768356300,4598.82,4602.23,1,,1768447440,290,1514,0,0,,,,,,,,,,,0,,,,,,,,,,,,,,,warmup_dropped,1768447440000
243,L,0,1768354800,4596.77,4593.27,1768355100,1768355700,4596.27,4596.93,1,,1768447800,294,1530,0,0,,,,,,,,,,,0,,,,,,,,,,,,,,,warmup_dropped,1768447800000
242,L,0,1768348500,4587.52,4586.24,1768348500,1768352700,4587.52,4591.42,1,,1768447860,304,1581,0,0,,,,,,,,,,,0,,,,,,,,,,,,,,,warmup_dropped,1768447860000
279,S,0,1768446300,4617.55,4606.69,1768446600,1768447200,4605.78,4607.85,1,,1768449240,5,29,0,0,,,,,,,,,,,0,,,,,,,,,,,,,,,warmup_dropped,1768449240000
280,L,0,1768449300,4607.09,4600.03,1768449600,1768450200,4604.75,4609.69,1,,1768451820,4,22,0,0,,,,,,,,,,,0,,,,,,,,,,,,,,,warmup_dropped,1768451820000
283,L,0,1768454700,4588.02,4581.30,1768454700,1768455300,4588.02,4588.60,1,,1768456980,4,23,0,0,,,,,,,,,,,0,,,,,,,,,,,,,,,warmup_dropped,1768456980000
284,L,0,1768457100,4591.16,4587.03,1768457100,1768457700,4591.16,4592.38,1,,1768458000,0,0,0,0,,,,,,,,,,,0,,,,,,,,,,,,,,,warmup_dropped,1768458000000
285,S,0,1768458900,4595.88,4593.57,1768458900,1768459500,4593.49,4593.57,1,,1768459800,0,0,0,0,,,,,,,,,,,0,,,,,,,,,,,,,,,warmup_dropped,1768459800000
286,S,0,1768459800,4595.64,4592.36,1768459800,1768460400,4592.34,4592.36,1,,1768461060,1,6,0,0,,,,,,,,,,,0,,,,,,,,,,,,,,,warmup_dropped,1768461060000
282,S,0,1768452000,4608.84,4605.22,1768452000,1768452600,4604.08,4605.22,1,,1768464600,39,195,0,0,,,,,,,,,,,0,,,,,,,,,,,,,,,warmup_dropped,1768464600000
281,S,0,1768451100,4611.86,4608.32,1768451400,1768452000,4608.84,4609.20,1,,1768464780,41,208,0,0,,,,,,,,,,,0,,,,,,,,,,,,,,,warmup_dropped,1768464780000
289,S,0,1768464900,4609.34,4604.95,1768465200,1768465800,4604.61,4605.62,1,,1768466160,0,1,0,0,,,,,,,,,,,0,,,,,,,,,,,,,,,warmup_dropped,1768466160000
290,L,0,1768465800,4604.61,4600.54,1768465800,1768466400,4604.61,4604.67,1,,1768466700,0,0,0,0,,,,,,,,,,,0,,,,,,,,,,,,,,,warmup_dropped,1768466700000
288,L,0,1768463700,4598.95,4593.52,1768464000,1768464600,4600.85,4602.77,1,,1768471320,21,107,0,0,,,,,,,,,,,0,,,,,,,,,,,,,,,warmup_dropped,1768471320000
292,S,0,1768472100,4605.94,4603.80,1768472100,1768472700,4603.65,4603.80,1,,1768473240,0,4,0,0,,,,,,,,,,,0,,,,,,,,,,,,,,,warmup_dropped,1768473240000
293,L,0,1768472700,4603.65,4600.36,1768473000,1768473600,4603.91,4604.15,1,,1768473960,0,1,0,0,,,,,,,,,,,0,,,,,,,,,,,,,,,warmup_dropped,1768473960000
291,S,0,1768469100,4610.99,4608.75,1768469400,1768470000,4605.42,4608.52,1,,1768477080,22,113,0,0,,,,,,,,,,,0,,,,,,,,,,,,,,,warmup_dropped,1768477080000
275,S,0,1768434600,4627.63,4620.77,1768434900,1768439100,4623.67,4624.51,1,,1768482000,142,710,0,0,,,,,,,,,,,0,,,,,,,,,,,,,,,warmup_dropped,1768482000000
294,L,0,1768479900,4615.28,4611.35,1768480200,1768480800,4613.79,4616.56,1,,1768486200,17,85,0,0,,,,,,,,,,,0,,,,,,,,,,,,,,,warmup_dropped,1768486200000
296,S,0,1768485300,4619.73,4616.34,1768485600,1768486200,4617.40,4618.26,1,,1768486860,1,6,0,0,,,,,,,,,,,0,,,,,,,,,,,,,,,warmup_dropped,1768486860000
297,S,0,1768487700,4617.46,4615.52,1768488000,1768488600,4615.69,4616.42,1,,1768489380,1,8,0,0,,,,,,,,,,,0,,,,,,,,,,,,,,,warmup_dropped,1768489380000
298,S,0,1768489500,4614.90,4609.71,1768489800,1768490400,4609.47,4610.86,1,,1768490700,0,0,0,0,,,,,,,,,,,0,,,,,,,,,,,,,,,warmup_dropped,1768490700000
287,L,0,1768462500,4587.09,4581.55,1768462500,1768463100,4587.09,4587.52,1,,1768491900,95,475,0,0,,,,,,,,,,,0,,,,,,,,,,,,,,,warmup_dropped,1768491900000
299,S,0,1768490400,4609.47,4604.54,1768490700,1768491300,4597.05,4602.69,1,,1768494240,8,44,0,0,,,,,,,,,,,0,,,,,,,,,,,,,,,warmup_dropped,1768494240000
301,L,0,1768493700,4600.80,4596.44,1768493700,1768494300,4600.80,4602.46,1,,1768495500,3,15,0,0,,,,,,,,,,,0,,,,,,,,,,,,,,,warmup_dropped,1768495500000
302,L,0,1768496700,4612.06,4603.83,1768496700,1768497300,4612.06,4612.30,1,,1768498800,4,20,0,0,,,,,,,,,,,0,,,,,,,,,,,,,,,warmup_dropped,1768498800000
295,S,0,1768484100,4622.98,4621.13,1768484100,1768484700,4617.95,4621.13,1,,1768500660,52,261,0,0,,,,,,,,,,,0,,,,,,,,,,,,,,,warmup_dropped,1768500660000
303,L,0,1768500000,4616.17,4609.68,1768500300,1768500900,4616.39,4620.54,1,,1768501380,0,3,0,0,,,,,,,,,,,0,,,,,,,,,,,,,,,warmup_dropped,1768501380000
304,S,0,1768500600,4623.19,4615.34,1768500900,1768501500,4616.85,4620.54,1,,1768505760,13,66,0,0,,,,,,,,,,,0,,,,,,,,,,,,,,,warmup_dropped,1768505760000
307,L,0,1768506600,4616.00,4613.78,1768506600,1768507200,4616.00,4616.46,1,,1768509000,5,25,0,0,,,,,,,,,,,0,,,,,,,,,,,,,,,warmup_dropped,1768509000000
308,L,0,1768510200,4619.09,4615.99,1768510500,1768511100,4617.63,4618.09,1,,1768511580,0,3,0,0,,,,,,,,,,,0,,,,,,,,,,,,,,,warmup_dropped,1768511580000
309,S,0,1768512000,4619.96,4618.86,1768512000,1768512600,4618.83,4618.86,1,,1768512960,0,1,0,0,,,,,,,,,,,0,,,,,,,,,,,,,,,warmup_dropped,1768512960000
306,L,0,1768505100,4613.28,4610.59,1768505100,1768505700,4613.28,4613.67,1,,1768514280,27,138,0,0,,,,,,,,,,,0,,,,,,,,,,,,,,,warmup_dropped,1768514280000
305,L,0,1768503000,4606.19,4601.34,1768503300,1768503900,4607.06,4608.17,1,,1768514940,35,179,0,0,,,,,,,,,,,0,,,,,,,,,,,,,,,warmup_dropped,1768514940000
311,L,0,1768520700,4616.39,4614.59,1768521000,1768525200,4615.63,4616.35,1,,1768526040,1,9,0,0,,,,,,,,,,,0,,,,,,,,,,,,,,,warmup_dropped,1768526040000
310,L,0,1768517400,4607.24,4604.46,1768517700,1768518300,4607.01,4608.34,1,,1768527840,18,154,0,0,,,,,,,,,,,0,,,,,,,,,,,,,,,warmup_dropped,1768527840000
313,S,0,1768530300,4607.96,4606.26,1768530300,1768530900,4604.19,4606.26,1,,1768533900,9,45,0,0,,,,,,,,,,,0,,,,,,,,,,,,,,,warmup_dropped,1768533900000
315,S,0,1768534500,4607.41,4601.85,1768534800,1768535400,4604.36,4604.86,1,,1768535700,0,0,0,0,,,,,,,,,,,0,,,,,,,,,,,,,,,warmup_dropped,1768535700000
314,L,0,1768532400,4600.24,4594.00,1768532400,1768533000,4600.24,4600.80,1,,1768535760,8,41,0,0,,,,,,,,,,,0,,,,,,,,,,,,,,,warmup_dropped,1768535760000
300,L,0,1768492500,4591.97,4584.07,1768492800,1768493400,4594.82,4595.94,1,,1768538220,136,742,0,0,,,,,,,,,,,0,,,,,,,,,,,,,,,warmup_dropped,1768538220000
317,L,0,1768539000,4598.38,4592.53,1768539300,1768539900,4595.18,4596.06,1,,1768540200,0,0,0,0,,,,,,,,,,,0,,,,,,,,,,,,,,,warmup_dropped,1768540200000
316,S,0,1768537200,4604.24,4601.03,1768537500,1768538100,4595.43,4599.07,1,,1768544460,20,101,0,0,,,,,,,,,,,0,,,,,,,,,,,,,,,warmup_dropped,1768544460000
319,L,0,1768545000,4598.87,4597.32,1768545000,1768545600,4598.87,4599.31,1,,1768547460,5,26,0,0,,,,,,,,,,,0,,,,,,,,,,,,,,,warmup_dropped,1768547460000
318,L,0,1768542900,4597.27,4595.81,1768542900,1768543500,4597.27,4597.40,1,,1768547520,12,62,0,0,,,,,,,,,,,0,,,,,,,,,,,,,,,warmup_dropped,1768547520000
320,L,0,1768547400,4599.86,4595.29,1768547700,1768548300,4598.33,4600.28,1,,1768548660,0,1,0,0,,,,,,,,,,,0,,,,,,,,,,,,,,,warmup_dropped,1768548660000
321,L,0,1768548600,4603.65,4596.51,1768548900,1768549500,4604.05,4606.73,1,,1768552260,8,41,0,0,,,,,,,,,,,0,,,,,,,,,,,,,,,warmup_dropped,1768552260000
323,S,0,1768552200,4608.18,4602.59,1768552500,1768553100,4598.93,4604.25,1,,1768554360,3,16,0,0,,,,,,,,,,,0,,,,,,,,,,,,,,,warmup_dropped,1768554360000
322,S,0,1768549800,4613.58,4611.03,1768550100,1768550700,4609.23,4611.35,1,,1768554840,12,64,0,0,,,,,,,,,,,0,,,,,,,,,,,,,,,warmup_dropped,1768554840000
324,S,0,1768554600,4612.08,4606.16,1768554900,1768555500,4606.96,4607.41,1,,1768555860,0,1,0,0,,,,,,,,,,,0,,,,,,,,,,,,,,,warmup_dropped,1768555860000
325,S,0,1768558800,4609.71,4605.47,1768559100,1768559700,4606.56,4607.19,1,,1768560060,0,1,0,0,,,,,,,,,,,0,,,,,,,,,,,,,,,warmup_dropped,1768560060000
327,L,0,1768563000,4601.69,4598.98,1768563300,1768563900,4600.78,4601.42,1,,1768564200,0,0,0,0,,,,,,,,,,,0,,,,,,,,,,,,,,,warmup_dropped,1768564200000
326,S,0,1768561500,4608.53,4604.70,1768561800,1768562400,4604.36,4604.44,1,,1768565040,7,39,0,0,,,,,,,,,,,0,,,,,,,,,,,,,,,warmup_dropped,1768565040000
329,L,0,1768565100,4605.92,4603.11,1768565100,1768565700,4605.92,4606.88,1,,1768567920,6,32,0,0,,,,,,,,,,,0,,,,,,,,,,,,,,,warmup_dropped,1768567920000
328,L,0,1768564500,4602.26,4600.51,1768564500,1768565100,4602.26,4603.11,1,,1768568220,9,47,0,0,,,,,,,,,,,0,,,,,,,,,,,,,,,warmup_dropped,1768568220000
330,S,0,1768567500,4608.64,4607.34,1768567500,1768568100,4604.72,4607.34,1,,1768569420,3,17,0,0,,,,,,,,,,,0,,,,,,,,,,,,,,,warmup_dropped,1768569420000
331,S,0,1768571400,4614.67,4612.92,1768571400,1768572000,4612.73,4612.92,1,,1768573020,2,12,0,0,,,,,,,,,,,0,,,,,,,,,,,,,,,warmup_dropped,1768573020000
333,S,0,1768573500,4607.66,4604.72,1768573500,1768574100,4604.08,4604.72,1,,1768574460,0,1,0,0,,,,,,,,,,,0,,,,,,,,,,,,,,,warmup_dropped,1768574460000
334,L,0,1768578600,4602.71,4597.25,1768578900,1768579500,4603.02,4603.33,1,,1768579800,0,0,0,0,,,,,,,,,,,0,,,,,,,,,,,,,,,warmup_dropped,1768579800000
332,S,0,1768572900,4612.97,4610.46,1768572900,1768573500,4607.66,4610.46,1,,1768581360,25,126,0,0,,,,,,,,,,,0,,,,,,,,,,,,,,,warmup_dropped,1768581360000
312,S,0,1768525500,4620.87,4616.79,1768525500,1768526100,4615.10,4616.79,1,,1768583100,189,945,0,0,,,,,,,,,,,0,,,,,,,,,,,,,,,warmup_dropped,1768583100000
335,L,0,1768582500,4613.80,4607.42,1768582500,1768583100,4613.80,4614.99,1,,1768583880,1,8,0,0,,,,,,,,,,,0,,,,,,,,,,,,,,,warmup_dropped,1768583880000
169,L,0,1768182900,4542.13,4538.46,1768182900,1768183500,4542.13,4544.13,1,,1768584780,1288,6683,0,0,,,,,,,,,,,0,,,,,,,,,,,,,,,warmup_dropped,1768584780000
339,S,0,1768590600,4593.06,4588.84,1768590600,1768591200,4586.53,4588.84,1,,1768593840,7,39,0,0,,,,,,,,,,,0,,,,,,,,,,,,,,,warmup_dropped,1768593840000
338,S,0,1768588800,4599.04,4594.07,1768588800,1768589400,4589.32,4594.07,1,,1768595520,19,97,0,0,,,,,,,,,,,0,,,,,,,,,,,,,,,warmup_dropped,1768595520000
340,L,0,1768594200,4586.11,4581.92,1768594500,1768595100,4586.53,4587.98,1,,1768596960,5,26,0,0,,,,,,,,,,,0,,,,,,,,,,,,,,,warmup_dropped,1768596960000
341,S,0,1768596000,4596.04,4592.67,1768596000,1768596600,4590.29,4592.67,1,,1768600980,13,68,0,0,,,,,,,,,,,0,,,,,,,,,,,,,,,warmup_dropped,1768600980000
343,L,0,1768600500,4592.43,4589.91,1768600500,1768601100,4592.43,4592.97,1,,1768601520,0,2,0,0,,,,,,,,,,,0,,,,,,,,,,,,,,,warmup_dropped,1768601520000
342,L,0,1768598700,4585.35,4583.38,1768598700,1768599300,4585.35,4587.54,1,,1768602600,10,50,0,0,,,,,,,,,,,0,,,,,,,,,,,,,,,warmup_dropped,1768602600000
345,S,0,1768603800,4589.07,4585.08,1768603800,1768604400,4584.94,4585.08,1,,1768605180,1,8,0,0,,,,,,,,,,,0,,,,,,,,,,,,,,,warmup_dropped,1768605180000
344,S,0,1768601100,4595.86,4592.97,1768601400,1768602000,4590.78,4591.63,1,,1768605420,10,52,0,0,,,,,,,,,,,0,,,,,,,,,,,,,,,warmup_dropped,1768605420000
336,S,0,1768583100,4620.34,4614.99,1768583400,1768584000,4611.12,4615.12,1,,1768784400,78,3335,0,0,,,,,,,,,,,0,,,,,,,,,,,,,,,warmup_dropped,1768784400000
348,S,0,1768785900,4683.99,4672.07,1768786200,1768786800,4675.09,4676.22,1,,1768787100,0,0,0,0,,,,,,,,,,,0,,,,,,,,,,,,,,,warmup_dropped,1768787100000
349,S,0,1768787700,4677.49,4670.77,1768787700,1768788300,4670.28,4670.77,1,,1768789320,2,12,0,0,,,,,,,,,,,0,,,,,,,,,,,,,,,warmup_dropped,1768789320000
350,L,0,1768788900,4668.92,4661.15,1768788900,1768789500,4668.92,4674.07,1,,1768791900,7,35,0,0,,,,,,,,,,,0,,,,,,,,,,,,,,,warmup_dropped,1768791900000
347,L,0,1768785000,4658.74,4653.85,1768785000,1768785600,4658.74,4661.06,1,,1768792620,22,112,0,0,,,,,,,,,,,0,,,,,,,,,,,,,,,warmup_dropped,1768792620000
351,S,0,1768794300,4664.38,4659.87,1768794600,1768795200,4658.75,4661.91,1,,1768795500,0,0,0,0,,,,,,,,,,,0,,,,,,,,,,,,,,,warmup_dropped,1768795500000
352,L,0,1768795200,4658.75,4653.28,1768795200,1768795800,4658.75,4659.00,1,,1768796100,0,0,0,0,,,,,,,,,,,0,,,,,,,,,,,,,,,warmup_dropped,1768796100000
353,L,0,1768797900,4659.66,4654.97,1768797900,1768798500,4659.66,4660.16,1,,1768801680,9,48,0,0,,,,,,,,,,,0,,,,,,,,,,,,,,,warmup_dropped,1768801680000
354,S,0,1768803900,4664.86,4662.01,1768803900,1768804500,4661.92,4662.01,1,,1768805040,0,4,0,0,,,,,,,,,,,0,,,,,,,,,,,,,,,warmup_dropped,1768805040000
356,L,0,1768805700,4665.28,4663.23,1768805700,1768806300,4665.28,4667.17,1,,1768808580,6,33,0,0,,,,,,,,,,,0,,,,,,,,,,,,,,,warmup_dropped,1768808580000
357,S,0,1768807800,4674.25,4669.02,1768807800,1768808400,4668.32,4669.02,1,,1768808820,0,2,0,0,,,,,,,,,,,0,,,,,,,,,,,,,,,warmup_dropped,1768808820000
358,L,0,1768811100,4671.87,4669.42,1768811100,1768811700,4671.87,4673.34,1,,1768812120,0,2,0,0,,,,,,,,,,,0,,,,,,,,,,,,,,,warmup_dropped,1768812120000
359,L,0,1768812000,4674.51,4671.38,1768812300,1768812900,4675.39,4676.47,1,,1768813380,0,3,0,0,,,,,,,,,,,0,,,,,,,,,,,,,,,warmup_dropped,1768813380000
360,L,0,1768814100,4670.14,4663.91,1768814400,1768815000,4665.87,4666.17,1,,1768815300,0,0,0,0,,,,,,,,,,,0,,,,,,,,,,,,,,,warmup_dropped,1768815300000
355,L,0,1768804500,4661.92,4659.22,1768804800,1768805400,4662.04,4663.54,1,,1768816680,36,183,0,0,,,,,,,,,,,0,,,,,,,,,,,,,,,warmup_dropped,1768816680000
361,L,0,1768816200,4665.49,4663.07,1768816500,1768817100,4666.10,4668.40,1,,1768819800,8,40,0,0,,,,,,,,,,,0,,,,,,,,,,,,,,,warmup_dropped,1768819800000
363,S,0,1768821300,4672.75,4670.55,1768821300,1768821900,4668.84,4670.55,1,,1768824900,9,45,0,0,,,,,,,,,,,0,,,,,,,,,,,,,,,warmup_dropped,1768824900000
362,L,0,1768820100,4664.16,4661.73,1768820100,1768820700,4664.16,4664.42,1,,1768825800,16,80,0,0,,,,,,,,,,,0,,,,,,,,,,,,,,,warmup_dropped,1768825800000
364,S,0,1768827000,4666.64,4664.46,1768827000,1768827600,4664.36,4664.46,1,,1768828020,0,2,0,0,,,,,,,,,,,0,,,,,,,,,,,,,,,warmup_dropped,1768828020000
365,S,0,1768827900,4665.23,4662.69,1768828200,1768828800,4663.92,4664.23,1,,1768829100,0,0,0,0,,,,,,,,,,,0,,,,,,,,,,,,,,,warmup_dropped,1768829100000
366,L,0,1768828500,4664.67,4661.74,1768828800,1768829400,4663.92,4664.83,1,,1768829700,0,0,0,0,,,,,,,,,,,0,,,,,,,,,,,,,,,warmup_dropped,1768829700000
367,L,0,1768830900,4664.20,4659.71,1768831200,1768831800,4663.50,4663.51,1,,1768838580,21,108,0,0,,,,,,,,,,,0,,,,,,,,,,,,,,,warmup_dropped,1768838580000
368,S,0,1768837500,4669.39,4667.35,1768837500,1768838100,4666.98,4667.35,1,,1768839600,4,20,0,0,,,,,,,,,,,0,,,,,,,,,,,,,,,warmup_dropped,1768839600000
369,L,0,1768838700,4665.83,4662.33,1768839000,1768839600,4665.07,4666.99,1,,1768840560,2,11,0,0,,,,,,,,,,,0,,,,,,,,,,,,,,,warmup_dropped,1768840560000
371,L,0,1768847400,4672.38,4670.57,1768847400,1768848000,4672.38,4672.46,1,,1768848360,0,1,0,0,,,,,,,,,,,0,,,,,,,,,,,,,,,warmup_dropped,1768848360000
373,S,0,1768852200,4678.79,4676.00,1768852500,1768853100,4675.40,4675.74,1,,1768853640,0,4,0,0,,,,,,,,,,,0,,,,,,,,,,,,,,,warmup_dropped,1768853640000
374,S,0,1768854000,4680.28,4675.91,1768854300,1768854900,4677.43,4678.10,1,,1768855200,0,0,0,0,,,,,,,,,,,0,,,,,,,,,,,,,,,warmup_dropped,1768855200000
372,L,0,1768850400,4670.83,4669.90,1768850400,1768851000,4670.83,4670.86,1,,1768857600,21,105,0,0,,,,,,,,,,,0,,,,,,,,,,,,,,,warmup_dropped,1768857600000
375,S,0,1768856100,4676.90,4675.29,1768856100,1768856700,4675.09,4675.29,1,,1768870800,4,230,0,0,,,,,,,,,,,0,,,,,,,,,,,,,,,warmup_dropped,1768870800000
370,L,0,1768843800,4667.02,4665.98,1768843800,1768844400,4667.02,4667.12,1,,1768871040,45,439,0,0,,,,,,,,,,,0,,,,,,,,,,,,,,,warmup_dropped,1768871040000
377,S,0,1768875000,4667.95,4665.96,1768875000,1768875600,4665.86,4665.96,1,,1768876560,2,11,0,0,,,,,,,,,,,0,,,,,,,,,,,,,,,warmup_dropped,1768876560000
376,S,0,1768871700,4672.42,4669.63,1768871700,1768872300,4669.03,4669.63,1,,1768878300,19,95,0,0,,,,,,,,,,,0,,,,,,,,,,,,,,,warmup_dropped,1768878300000
379,L,0,1768879200,4670.08,4666.15,1768879200,1768879800,4670.08,4670.89,1,,1768881360,4,21,0,0,,,,,,,,,,,0,,,,,,,,,,,,,,,warmup_dropped,1768881360000
380,S,0,1768881600,4671.89,4669.25,1768881600,1768882200,4668.43,4669.25,1,,1768883100,2,10,0,0,,,,,,,,,,,0,,,,,,,,,,,,,,,warmup_dropped,1768883100000
381,S,0,1768884000,4674.82,4672.22,1768884000,1768884600,4669.17,4672.22,1,,1768886100,4,20,0,0,,,,,,,,,,,0,,,,,,,,,,,,,,,warmup_dropped,1768886100000
387,L,0,1768899900,4714.89,4712.61,1768899900,1768900500,4714.89,4714.91,1,,1768900860,0,1,0,0,,,,,,,,,,,0,,,,,,,,,,,,,,,warmup_dropped,1768900860000
388,S,0,1768902300,4722.70,4719.83,1768902300,1768902900,4717.79,4719.83,1,,1768903440,0,4,0,0,,,,,,,,,,,0,,,,,,,,,,,,,,,warmup_dropped,1768903440000
389,L,0,1768902900,4717.79,4714.87,1768902900,1768903500,4717.79,4718.83,1,,1768905360,5,26,0,0,,,,,,,,,,,0,,,,,,,,,,,,,,,warmup_dropped,1768905360000
391,L,0,1768907700,4726.28,4722.37,1768907700,1768908300,4726.28,4727.41,1,,1768912260,12,61,0,0,,,,,,,,,,,0,,,,,,,,,,,,,,,warmup_dropped,1768912260000
393,L,0,1768912800,4727.81,4723.58,1768913100,1768913700,4725.72,4726.15,1,,1768914000,0,0,0,0,,,,,,,,,,,0,,,,,,,,,,,,,,,warmup_dropped,1768914000000
392,S,0,1768911600,4732.95,4730.47,1768911600,1768912200,4729.25,4730.47,1,,1768916340,12,64,0,0,,,,,,,,,,,0,,,,,,,,,,,,,,,warmup_dropped,1768916340000
394,L,0,1768915800,4727.62,4725.89,1768915800,1768916400,4727.62,4729.52,1,,1768919160,8,41,0,0,,,,,,,,,,,0,,,,,,,,,,,,,,,warmup_dropped,1768919160000
390,L,0,1768905300,4721.02,4716.07,1768905300,1768905900,4721.02,4722.68,1,,1768922460,54,271,0,0,,,,,,,,,,,0,,,,,,,,,,,,,,,warmup_dropped,1768922460000
395,S,0,1768920600,4728.70,4726.68,1768920900,1768921500,4726.14,4727.45,1,,1768923240,4,24,0,0,,,,,,,,,,,0,,,,,,,,,,,,,,,warmup_dropped,1768923240000
397,S,0,1768926300,4750.83,4740.92,1768926300,1768926900,4740.22,4740.92,1,,1768927620,1,7,0,0,,,,,,,,,,,0,,,,,,,,,,,,,,,warmup_dropped,1768927620000
396,L,0,1768923300,4726.70,4719.35,1768923300,1768923900,4726.70,4727.45,1,,1768929900,19,95,0,0,,,,,,,,,,,0,,,,,,,,,,,,,,,warmup_dropped,1768929900000
398,L,0,1768930500,4733.47,4723.65,1768930800,1768931400,4733.98,4736.27,1,,1768931760,0,1,0,0,,,,,,,,,,,0,,,,,,,,,,,,,,,warmup_dropped,1768931760000
399,L,0,1768932000,4739.32,4730.80,1768932300,1768932900,4736.05,4740.29,1,,1768933320,0,2,0,0,,,,,,,,,,,0,,,,,,,,,,,,,,,warmup_dropped,1768933320000
400,S,0,1768935300,4757.69,4750.69,1768935300,1768935900,4750.58,4750.69,1,,1768936260,0,1,0,0,,,,,,,,,,,0,,,,,,,,,,,,,,,warmup_dropped,1768936260000
402,S,0,1768941000,4762.84,4760.37,1768941000,1768941600,4759.69,4760.37,1,,1768942740,2,14,0,0,,,,,,,,,,,0,,,,,,,,,,,,,,,warmup_dropped,1768942740000
403,L,0,1768943100,4759.45,4757.50,1768943400,1768944000,4760.41,4762.43,1,,1768944540,0,4,0,0,,,,,,,,,,,0,,,,,,,,,,,,,,,warmup_dropped,1768944540000
404,S,0,1768943700,4766.25,4758.35,1768944000,1768944600,4760.21,4762.43,1,,1768944900,0,0,0,0,,,,,,,,,,,0,,,,,,,,,,,,,,,warmup_dropped,1768944900000
405,L,0,1768944600,4760.21,4756.89,1768944600,1768945200,4760.21,4761.19,1,,1768946100,2,10,0,0,,,,,,,,,,,0,,,,,,,,,,,,,,,warmup_dropped,1768946100000
406,S,0,1768945200,4763.97,4761.19,1768945500,1768946100,4761.22,4761.59,1,,1768947180,2,13,0,0,,,,,,,,,,,0,,,,,,,,,,,,,,,warmup_dropped,1768947180000
401,L,0,1768935900,4750.58,4747.86,1768935900,1768936500,4750.58,4752.07,1,,1768947720,36,182,0,0,,,,,,,,,,,0,,,,,,,,,,,,,,,warmup_dropped,1768947720000
407,S,0,1768947000,4761.21,4757.53,1768947000,1768947600,4756.46,4757.53,1,,1768949880,6,33,0,0,,,,,,,,,,,0,,,,,,,,,,,,,,,warmup_dropped,1768949880000
408,L,0,1768951800,4759.83,4757.39,1768952100,1768952700,4758.56,4758.76,1,,1768957260,2,71,0,0,,,,,,,,,,,0,,,,,,,,,,,,,,,warmup_dropped,1768957260000
412,L,0,1768966800,4820.64,4815.57,1768966800,1768967400,4820.64,4826.22,1,,1768969260,5,26,0,0,,,,,,,,,,,0,,,,,,,,,,,,,,,warmup_dropped,1768969260000
414,L,0,1768970700,4832.74,4827.70,1768971000,1768971600,4832.91,4836.19,1,,1768972500,2,10,0,0,,,,,,,,,,,0,,,,,,,,,,,,,,,warmup_dropped,1768972500000
415,S,0,1768971900,4846.18,4841.62,1768971900,1768972500,4836.95,4841.62,1,,1768973700,3,15,0,0,,,,,,,,,,,0,,,,,,,,,,,,,,,warmup_dropped,1768973700000
417,S,0,1768974900,4846.99,4843.04,1768974900,1768975500,4842.92,4843.04,1,,1768975860,0,1,0,0,,,,,,,,,,,0,,,,,,,,,,,,,,,warmup_dropped,1768975860000
420,S,0,1768978200,4866.99,4862.33,1768978500,1768979100,4863.18,4864.01,1,,1768979400,0,0,0,0,,,,,,,,,,,0,,,,,,,,,,,,,,,warmup_dropped,1768979400000
421,L,0,1768978800,4866.38,4859.57,1768979100,1768979700,4863.18,4866.03,1,,1768980360,1,6,0,0,,,,,,,,,,,0,,,,,,,,,,,,,,,warmup_dropped,1768980360000
422,L,0,1768980300,4871.35,4863.56,1768980300,1768980900,4871.35,4873.49,1,,1768981200,0,0,0,0,,,,,,,,,,,0,,,,,,,,,,,,,,,warmup_dropped,1768981200000
423,L,0,1768982400,4875.33,4867.34,1768982700,1768983300,4870.16,4871.39,1,,1768983600,0,0,0,0,,,,,,,,,,,0,,,,,,,,,,,,,,,warmup_dropped,1768983600000
419,L,0,1768976700,4853.64,4849.57,1768977000,1768977600,4855.34,4859.32,1,,1768985760,26,131,0,0,,,,,,,,,,,0,,,,,,,,,,,,,,,warmup_dropped,1768985760000
418,L,0,1768975500,4842.92,4839.81,1768975500,1768976100,4842.92,4843.93,1,,1768986180,32,163,0,0,,,,,,,,,,,0,,,,,,,,,,,,,,,warmup_dropped,1768986180000
416,L,0,1768972800,4835.30,4827.25,1768973100,1768973700,4833.65,4837.18,1,,1768986480,41,208,0,0,,,,,,,,,,,0,,,,,,,,,,,,,,,warmup_dropped,1768986480000
425,S,0,1768985100,4862.67,4853.94,1768985400,1768986000,4849.38,4860.42,1,,1768989060,9,46,0,0,,,,,,,,,,,0,,,,,,,,,,,,,,,warmup_dropped,1768989060000
426,L,0,1768989300,4857.13,4854.00,1768989300,1768989900,4857.13,4859.23,1,,1768990200,0,0,0,0,,,,,,,,,,,0,,,,,,,,,,,,,,,warmup_dropped,1768990200000
427,L,0,1768990200,4859.90,4856.11,1768990200,1768990800,4859.90,4863.97,1,,1768991580,1,8,0,0,,,,,,,,,,,0,,,,,,,,,,,,,,,warmup_dropped,1768991580000
428,S,0,1768991700,4865.16,4861.34,1768992000,1768992600,4858.61,4859.12,1,,1768993620,2,12,0,0,,,,,,,,,,,0,,,,,,,,,,,,,,,warmup_dropped,1768993620000
430,S,0,1768994700,4876.63,4866.11,1768995000,1768995600,4867.32,4869.01,1,,1768995900,0,0,0,0,,,,,,,,,,,0,,,,,,,,,,,,,,,warmup_dropped,1768995900000
431,L,0,1768996500,4862.14,4859.20,1768996500,1768997100,4862.14,4863.45,1,,1768997400,0,0,0,0,,,,,,,,,,,0,,,,,,,,,,,,,,,warmup_dropped,1768997400000
432,L,0,1768998300,4864.32,4860.14,1768998600,1768999200,4862.81,4862.87,1,,1768999620,0,2,0,0,,,,,,,,,,,0,,,,,,,,,,,,,,,warmup_dropped,1768999620000
433,L,0,1769000400,4862.92,4860.78,1769000400,1769001000,4862.92,4863.52,1,,1769002380,3,18,0,0,,,,,,,,,,,0,,,,,,,,,,,,,,,warmup_dropped,1769002380000
429,L,0,1768992900,4857.61,4851.46,1768992900,1768993500,4857.61,4857.85,1,,1769003160,31,156,0,0,,,,,,,,,,,0,,,,,,,,,,,,,,,warmup_dropped,1769003160000
434,S,0,1769001600,4871.52,4868.80,1769001600,1769002200,4867.27,4868.80,1,,1769006160,12,61,0,0,,,,,,,,,,,0,,,,,,,,,,,,,,,warmup_dropped,1769006160000
435,L,0,1769004900,4862.38,4855.65,1769005200,1769005800,4862.00,4863.56,1,,1769006760,2,11,0,0,,,,,,,,,,,0,,,,,,,,,,,,,,,warmup_dropped,1769006760000
436,S,0,1769005800,4867.01,4863.56,1769006100,1769006700,4865.68,4866.16,1,,1769007300,1,5,0,0,,,,,,,,,,,0,,,,,,,,,,,,,,,warmup_dropped,1769007300000
437,L,0,1769007600,4865.59,4858.35,1769007600,1769008200,4865.59,4866.71,1,,1769008800,1,5,0,0,,,,,,,,,,,0,,,,,,,,,,,,,,,warmup_dropped,1769008800000
424,S,0,1768983900,4888.28,4879.44,1768984200,1768984800,4868.76,4880.15,1,,1769010900,86,430,0,0,,,,,,,,,,,0,,,,,,,,,,,,,,,warmup_dropped,1769010900000
438,L,0,1769008800,4868.46,4861.70,1769009100,1769009700,4868.33,4871.03,1,,1769011440,4,24,0,0,,,,,,,,,,,0,,,,,,,,,,,,,,,warmup_dropped,1769011440000
440,S,0,1769013300,4872.27,4851.60,1769013600,1769014200,4857.08,4859.74,1,,1769014500,0,0,0,0,,,,,,,,,,,0,,,,,,,,,,,,,,,warmup_dropped,1769014500000
441,L,0,1769014500,4859.16,4850.63,1769014500,1769015100,4859.16,4860.69,1,,1769015460,0,1,0,0,,,,,,,,,,,0,,,,,,,,,,,,,,,warmup_dropped,1769015460000
413,L,0,1768969200,4826.76,4817.42,1768969500,1768970100,4825.58,4831.95,1,,1769016060,152,761,0,0,,,,,,,,,,,0,,,,,,,,,,,,,,,warmup_dropped,1769016060000
443,L,0,1769016000,4832.73,4812.96,1769016300,1769016900,4831.79,4835.26,1,,1769017440,0,4,0,0,,,,,,,,,,,0,,,,,,,,,,,,,,,warmup_dropped,1769017440000
444,L,0,1769017200,4842.96,4832.61,1769017500,1769018100,4844.47,4847.03,1,,1769019480,3,18,0,0,,,,,,,,,,,0,,,,,,,,,,,,,,,warmup_dropped,1769019480000
445,S,0,1769018700,4855.72,4846.66,1769019000,1769019600,4839.06,4843.88,1,,1769020500,2,10,0,0,,,,,,,,,,,0,,,,,,,,,,,,,,,warmup_dropped,1769020500000
446,L,0,1769019600,4839.06,4831.58,1769019900,1769020500,4840.89,4841.40,1,,1769020920,0,2,0,0,,,,,,,,,,,0,,,,,,,,,,,,,,,warmup_dropped,1769020920000
447,S,0,1769020500,4847.27,4841.40,1769020500,1769021100,4837.66,4841.40,1,,1769028480,23,118,0,0,,,,,,,,,,,0,,,,,,,,,,,,,,,warmup_dropped,1769028480000
451,L,0,1769028600,4844.20,4840.84,1769028600,1769029200,4844.20,4844.81,1,,1769029500,0,0,0,0,,,,,,,,,,,0,,,,,,,,,,,,,,,warmup_dropped,1769029500000
448,L,0,1769024400,4818.90,4806.77,1769024700,1769025300,4816.44,4819.15,1,,1769030820,17,87,0,0,,,,,,,,,,,0,,,,,,,,,,,,,,,warmup_dropped,1769030820000
449,L,0,1769026500,4826.88,4820.95,1769026500,1769027100,4826.88,4828.47,1,,1769030820,11,57,0,0,,,,,,,,,,,0,,,,,,,,,,,,,,,warmup_dropped,1769030820000
450,L,0,1769027700,4835.61,4830.84,1769027700,1769028300,4835.61,4836.16,1,,1769030820,7,37,0,0,,,,,,,,,,,0,,,,,,,,,,,,,,,warmup_dropped,1769030820000
411,L,0,1768964100,4787.56,4784.13,1768964100,1768964700,4787.56,4791.70,1,,1769031300,221,1105,0,0,,,,,,,,,,,0,,,,,,,,,,,,,,,warmup_dropped,1769031300000
410,L,0,1768962000,4776.99,4774.56,1768962300,1768962900,4779.85,4779.91,1,,1769031420,227,1137,0,0,,,,,,,,,,,0,,,,,,,,,,,,,,,warmup_dropped,1769031420000
409,L,0,1768958400,4760.43,4758.57,1768958700,1768959300,4760.75,4761.23,1,,1769032260,242,1211,0,0,,,,,,,,,,,0,,,,,,,,,,,,,,,warmup_dropped,1769032260000
455,L,0,1769035500,4821.49,4816.32,1769035500,1769036100,4821.49,4823.15,1,,1769036400,0,0,0,0,,,,,,,,,,,0,,,,,,,,,,,,,,,warmup_dropped,1769036400000
456,S,0,1769036100,4827.71,4823.15,1769036100,1769036700,4819.93,4823.15,1,,1769037120,0,2,0,0,,,,,,,,,,,0,,,,,,,,,,,,,,,warmup_dropped,1769037120000
457,L,0,1769036700,4819.93,4813.30,1769036700,1769037300,4819.93,4823.69,1,,1769043840,8,104,0,0,,,,,,,,,,,0,,,,,,,,,,,,,,,warmup_dropped,1769043840000
454,L,0,1769034000,4800.97,4788.20,1769034300,1769034900,4799.72,4802.97,1,,1769044980,20,163,0,0,,,,,,,,,,,0,,,,,,,,,,,,,,,warmup_dropped,1769044980000
453,L,0,1769032800,4787.20,4775.20,1769033100,1769033700,4784.47,4784.67,1,,1769045220,25,187,0,0,,,,,,,,,,,0,,,,,,,,,,,,,,,warmup_dropped,1769045220000
460,S,0,1769045700,4799.00,4792.31,1769045700,1769046300,4792.07,4792.31,1,,1769046600,0,0,0,0,,,,,,,,,,,0,,,,,,,,,,,,,,,warmup_dropped,1769046600000
461,S,0,1769046600,4797.40,4788.11,1769046600,1769047200,4786.62,4788.11,1,,1769047680,0,3,0,0,,,,,,,,,,,0,,,,,,,,,,,,,,,warmup_dropped,1769047680000
462,L,0,1769046900,4793.18,4777.54,1769047200,1769047800,4786.62,4788.77,1,,1769048100,0,0,0,0,,,,,,,,,,,0,,,,,,,,,,,,,,,warmup_dropped,1769048100000
463,L,0,1769049900,4794.13,4787.57,1769049900,1769050500,4794.13,4794.69,1,,1769050800,0,0,0,0,,,,,,,,,,,0,,,,,,,,,,,,,,,warmup_dropped,1769050800000
464,S,0,1769050500,4798.80,4794.69,1769050500,1769051100,4786.89,4794.69,1,,1769051820,1,7,0,0,,,,,,,,,,,0,,,,,,,,,,,,,,,warmup_dropped,1769051820000
459,S,0,1769044200,4815.04,4803.04,1769044500,1769045100,4795.83,4803.20,1,,1769052000,22,110,0,0,,,,,,,,,,,0,,,,,,,,,,,,,,,warmup_dropped,1769052000000
465,L,0,1769050800,4798.09,4772.28,1769051100,1769051700,4786.89,4788.40,1,,1769052480,1,8,0,0,,,,,,,,,,,0,,,,,,,,,,,,,,,warmup_dropped,1769052480000
466,S,0,1769052000,4809.65,4799.69,1769052000,1769052600,4797.66,4799.69,1,,1769052900,0,0,0,0,,,,,,,,,,,0,,,,,,,,,,,,,,,warmup_dropped,1769052900000
467,L,0,1769052600,4797.66,4793.34,1769052600,1769053200,4797.66,4798.66,1,,1769054400,3,15,0,0,,,,,,,,,,,0,,,,,,,,,,,,,,,warmup_dropped,1769054400000
469,L,0,1769056500,4785.80,4774.52,1769056800,1769057400,4782.72,4784.13,1,,1769057820,0,2,0,0,,,,,,,,,,,0,,,,,,,,,,,,,,,warmup_dropped,1769057820000
470,L,0,1769058900,4790.35,4786.39,1769058900,1769059500,4790.35,4791.07,1,,1769060640,2,14,0,0,,,,,,,,,,,0,,,,,,,,,,,,,,,warmup_dropped,1769060640000
468,S,0,1769053800,4804.56,4799.33,1769053800,1769054400,4798.33,4799.33,1,,1769061960,24,121,0,0,,,,,,,,,,,0,,,,,,,,,,,,,,,warmup_dropped,1769061960000
472,L,0,1769069400,4822.14,4816.19,1769069700,1769070300,4822.97,4825.38,1,,1769071920,4,22,0,0,,,,,,,,,,,0,,,,,,,,,,,,,,,warmup_dropped,1769071920000
458,S,0,1769039100,4839.61,4834.93,1769039100,1769039700,4830.56,4834.93,1,,1769073360,99,556,0,0,,,,,,,,,,,0,,,,,,,,,,,,,,,warmup_dropped,1769073360000
473,L,0,1769071800,4825.07,4821.40,1769071800,1769072400,4825.07,4825.73,1,,1769076600,13,65,0,0,,,,,,,,,,,0,,,,,,,,,,,,,,,warmup_dropped,1769076600000
474,S,0,1769076000,4835.54,4831.08,1769076000,1769076600,4829.99,4831.08,1,,1769079300,8,40,0,0,,,,,,,,,,,0,,,,,,,,,,,,,,,warmup_dropped,1769079300000
476,L,0,1769082000,4822.28,4813.87,1769082300,1769082900,4819.93,4820.05,1,,1769083380,0,3,0,0,,,,,,,,,,,0,,,,,,,,,,,,,,,warmup_dropped,1769083380000
477,L,0,1769083200,4825.05,4821.44,1769083500,1769084100,4822.55,4823.39,1,,1769084400,0,0,0,0,,,,,,,,,,,0,,,,,,,,,,,,,,,warmup_dropped,1769084400000
475,S,0,1769081100,4830.43,4828.09,1769081100,1769081700,4826.01,4828.09,1,,1769085300,11,55,0,0,,,,,,,,,,,0,,,,,,,,,,,,,,,warmup_dropped,1769085300000
478,L,0,1769085600,4828.83,4826.57,1769085600,1769086200,4828.83,4829.50,1,,1769086500,0,0,0,0,,,,,,,,,,,0,,,,,,,,,,,,,,,warmup_dropped,1769086500000
479,S,0,1769086800,4831.04,4828.17,1769087100,1769087700,4828.87,4828.91,1,,1769088000,0,0,0,0,,,,,,,,,,,0,,,,,,,,,,,,,,,warmup_dropped,1769088000000
480,S,0,1769089800,4835.73,4833.21,1769089800,1769090400,4831.15,4833.21,1,,1769095380,15,78,0,0,,,,,,,,,,,0,,,,,,,,,,,,,,,warmup_dropped,1769095380000
481,L,0,1769094300,4824.57,4820.22,1769094300,1769094900,4824.57,4826.01,1,,1769095800,2,10,0,0,,,,,,,,,,,0,,,,,,,,,,,,,,,warmup_dropped,1769095800000
483,L,0,1769096400,4822.04,4811.00,1769096700,1769097300,4815.98,4816.95,1,,1769097600,0,0,0,0,,,,,,,,,,,0,,,,,,,,,,,,,,,warmup_dropped,1769097600000
482,S,0,1769095200,4834.25,4826.95,1769095500,1769096100,4825.15,4826.99,1,,1769098500,7,35,0,0,,,,,,,,,,,0,,,,,,,,,,,,,,,warmup_dropped,1769098500000
484,S,0,1769100600,4845.71,4839.13,1769100600,1769101200,4838.61,4839.13,1,,1769101980,1,8,0,0,,,,,,,,,,,0,,,,,,,,,,,,,,,warmup_dropped,1769101980000
452,S,0,1769030400,4853.51,4847.84,1769030400,1769031000,4821.18,4847.84,1,,1769102760,226,1191,0,0,,,,,,,,,,,0,,,,,,,,,,,,,,,warmup_dropped,1769102760000
442,S,0,1769015100,4868.76,4860.69,1769015400,1769016000,4832.73,4854.58,1,,1769103240,277,1449,0,0,,,,,,,,,,,0,,,,,,,,,,,,,,,warmup_dropped,1769103240000
439,S,0,1769010900,4880.30,4874.96,1769010900,1769011500,4865.69,4874.96,1,,1769105400,300,1560,0,0,,,,,,,,,,,0,,,,,,,,,,,,,,,warmup_dropped,1769105400000
487,L,0,1769106300,4880.65,4876.02,1769106600,1769107200,4878.64,4879.10,1,,1769107500,0,0,0,0,,,,,,,,,,,0,,,,,,,,,,,,,,,warmup_dropped,1769107500000
490,S,0,1769117700,4917.79,4915.52,1769117700,1769118300,4913.65,4915.52,1,,1769119260,2,11,0,0,,,,,,,,,,,0,,,,,,,,,,,,,,,warmup_dropped,1769119260000
489,S,0,1769116200,4924.42,4920.40,1769116500,1769117100,4919.16,4920.60,1,,1769119380,6,33,0,0,,,,,,,,,,,0,,,,,,,,,,,,,,,warmup_dropped,1769119380000
492,S,0,1769120400,4928.29,4925.02,1769120700,1769121300,4923.91,4924.61,1,,1769124540,9,49,0,0,,,,,,,,,,,0,,,,,,,,,,,,,,,warmup_dropped,1769124540000
495,L,0,1769125800,4937.92,4935.48,1769125800,1769130000,4937.92,4939.07,1,,1769131800,5,25,0,0,,,,,,,,,,,0,,,,,,,,,,,,,,,warmup_dropped,1769131800000
497,S,0,1769131200,4945.93,4940.32,1769131200,1769131800,4940.24,4940.32,1,,1769132700,2,10,0,0,,,,,,,,,,,0,,,,,,,,,,,,,,,warmup_dropped,1769132700000
496,S,0,1769130300,4958.89,4950.11,1769130300,1769130900,4946.61,4950.11,1,,1769132820,5,27,0,0,,,,,,,,,,,0,,,,,,,,,,,,,,,warmup_dropped,1769132820000
499,S,0,1769133600,4963.33,4957.80,1769133600,1769134200,4956.33,4957.80,1,,1769134560,0,1,0,0,,,,,,,,,,,0,,,,,,,,,,,,,,,warmup_dropped,1769134560000
500,L,0,1769136000,4952.74,4947.44,1769136000,1769136600,4952.74,4954.18,1,,1769137260,1,6,0,0,,,,,,,,,,,0,,,,,,,,,,,,,,,warmup_dropped,1769137260000
498,L,0,1769131800,4940.24,4930.71,1769132100,1769132700,4937.42,4938.61,1,,1769137320,14,72,0,0,,,,,,,,,,,0,,,,,,,,,,,,,,,warmup_dropped,1769137320000
501,S,0,1769136900,4965.81,4957.58,1769136900,1769137500,4946.35,4957.58,1,,1769140020,7,37,0,0,,,,,,,,,,,0,,,,,,,,,,,,,,,warmup_dropped,1769140020000
502,L,0,1769139600,4954.40,4949.86,1769139600,1769140200,4954.40,4958.06,1,,1769140740,0,4,0,0,,,,,,,,,,,0,,,,,,,,,,,,,,,warmup_dropped,1769140740000
503,S,0,1769139900,4960.84,4951.21,1769140200,1769140800,4956.72,4958.06,1,,1769141100,0,0,0,0,,,,,,,,,,,0,,,,,,,,,,,,,,,warmup_dropped,1769141100000
504,L,0,1769142000,4953.47,4948.75,1769142300,1769142900,4953.18,4954.25,1,,1769145240,6,34,0,0,,,,,,,,,,,0,,,,,,,,,,,,,,,warmup_dropped,1769145240000
505,S,0,1769144700,4958.89,4955.70,1769144700,1769145300,4955.38,4955.70,1,,1769150160,15,76,0,0,,,,,,,,,,,0,,,,,,,,,,,,,,,warmup_dropped,1769150160000
507,L,0,1769152200,4956.91,4955.41,1769152200,1769152800,4956.91,4957.06,1,,1769153160,0,1,0,0,,,,,,,,,,,0,,,,,,,,,,,,,,,warmup_dropped,1769153160000
508,L,0,1769153400,4960.49,4956.87,1769153700,1769154300,4959.45,4960.68,1,,1769155080,1,8,0,0,,,,,,,,,,,0,,,,,,,,,,,,,,,warmup_dropped,1769155080000
506,L,0,1769149200,4952.85,4950.11,1769149500,1769150100,4952.92,4953.37,1,,1769155860,18,91,0,0,,,,,,,,,,,0,,,,,,,,,,,,,,,warmup_dropped,1769155860000
494,L,0,1769124000,4922.76,4920.49,1769124000,1769124600,4922.76,4924.08,1,,1769163780,117,648,0,0,,,,,,,,,,,0,,,,,,,,,,,,,,,warmup_dropped,1769163780000
493,L,0,1769122800,4918.60,4914.64,1769122800,1769123400,4918.60,4919.46,1,,1769163900,122,670,0,0,,,,,,,,,,,0,,,,,,,,,,,,,,,warmup_dropped,1769163900000
491,L,0,1769118900,4912.88,4910.17,1769118900,1769119500,4912.88,4921.05,1,,1769163960,135,736,0,0,,,,,,,,,,,0,,,,,,,,,,,,,,,warmup_dropped,1769163960000
512,S,0,1769164800,4926.26,4919.71,1769164800,1769165400,4919.41,4919.71,1,,1769166000,1,5,0,0,,,,,,,,,,,0,,,,,,,,,,,,,,,warmup_dropped,1769166000000
514,L,0,1769174100,4919.51,4911.97,1769174400,1769175000,4919.59,4919.65,1,,1769176800,5,25,0,0,,,,,,,,,,,0,,,,,,,,,,,,,,,warmup_dropped,1769176800000
513,S,0,1769172900,4930.37,4927.49,1769172900,1769173500,4920.73,4927.49,1,,1769176920,10,52,0,0,,,,,,,,,,,0,,,,,,,,,,,,,,,warmup_dropped,1769176920000
511,S,0,1769162700,4947.59,4943.52,1769162700,1769163300,4942.90,4943.52,1,,1769180640,56,284,0,0,,,,,,,,,,,0,,,,,,,,,,,,,,,warmup_dropped,1769180640000
516,S,0,1769180400,4944.67,4933.64,1769180700,1769181300,4940.66,4940.79,1,,1769181600,0,0,0,0,,,,,,,,,,,0,,,,,,,,,,,,,,,warmup_dropped,1769181600000
515,L,0,1769176500,4926.19,4921.01,1769176500,1769177100,4926.19,4929.45,1,,1769181780,14,73,0,0,,,,,,,,,,,0,,,,,,,,,,,,,,,warmup_dropped,1769181780000
517,L,0,1769182500,4939.27,4927.49,1769182800,1769183400,4933.59,4935.49,1,,1769183700,0,0,0,0,,,,,,,,,,,0,,,,,,,,,,,,,,,warmup_dropped,1769183700000
518,L,0,1769183700,4940.36,4935.12,1769184000,1769184600,4942.07,4942.56,1,,1769185080,0,3,0,0,,,,,,,,,,,0,,,,,,,,,,,,,,,warmup_dropped,1769185080000
510,S,0,1769160300,4956.86,4951.67,1769160600,1769161200,4953.64,4953.80,1,,1769186760,84,421,0,0,,,,,,,,,,,0,,,,,,,,,,,,,,,warmup_dropped,1769186760000
519,S,0,1769187900,4955.86,4948.85,1769188200,1769188800,4949.52,4951.08,1,,1769189400,1,5,0,0,,,,,,,,,,,0,,,,,,,,,,,,,,,warmup_dropped,1769189400000
509,S,0,1769154300,4966.61,4960.68,1769154600,1769155200,4963.07,4963.36,1,,1769190180,115,578,0,0,,,,,,,,,,,0,,,,,,,,,,,,,,,warmup_dropped,1769190180000
522,L,0,1769191800,4976.66,4969.60,1769191800,1769192400,4976.66,4977.77,1,,1769193900,4,20,0,0,,,,,,,,,,,0,,,,,,,,,,,,,,,warmup_dropped,1769193900000
523,S,0,1769197500,4985.23,4981.40,1769197500,1769198100,4970.87,4981.40,1,,1769199120,2,12,0,0,,,,,,,,,,,0,,,,,,,,,,,,,,,warmup_dropped,1769199120000
525,L,0,1769198700,4979.40,4975.10,1769198700,1769199300,4979.40,4979.54,1,,1769199780,0,3,0,0,,,,,,,,,,,0,,,,,,,,,,,,,,,warmup_dropped,1769199780000
524,L,0,1769198100,4970.87,4962.14,1769198100,1769198700,4970.87,4975.10,1,,1769200740,5,29,0,0,,,,,,,,,,,0,,,,,,,,,,,,,,,warmup_dropped,1769200740000
521,L,0,1769190600,4960.48,4951.46,1769190900,1769191500,4960.59,4961.08,1,,1769201340,31,159,0,0,,,,,,,,,,,0,,,,,,,,,,,,,,,warmup_dropped,1769201340000
526,S,0,1769199600,4984.13,4978.79,1769199900,1769200500,4976.24,4977.63,1,,1769202300,5,25,0,0,,,,,,,,,,,0,,,,,,,,,,,,,,,warmup_dropped,1769202300000
528,L,0,1769202600,4975.47,4972.41,1769202600,1769203200,4975.47,4975.87,1,,1769203560,0,1,0,0,,,,,,,,,,,0,,,,,,,,,,,,,,,warmup_dropped,1769203560000
529,L,0,1769204100,4977.86,4974.59,1769204100,1769204700,4977.86,4978.15,1,,1769205780,2,13,0,0,,,,,,,,,,,0,,,,,,,,,,,,,,,warmup_dropped,1769205780000
530,S,0,1769205000,4989.69,4982.30,1769205300,1769205900,4981.07,4983.39,1,,1769206500,1,5,0,0,,,,,,,,,,,0,,,,,,,,,,,,,,,warmup_dropped,1769206500000
531,S,0,1769209200,4984.69,4978.79,1769209500,1769210100,4982.32,4982.44,1,,1769210400,0,0,0,0,,,,,,,,,,,0,,,,,,,,,,,,,,,warmup_dropped,1769210400000
534,L,0,1769393700,5039.89,5033.06,1769394000,1769394600,5035.29,5042.12,1,,1769396280,4,23,0,0,,,,,,,,,,,0,,,,,,,,,,,,,,,warmup_dropped,1769396280000
533,L,0,1769391600,5030.28,5024.71,1769391600,1769392200,5030.28,5031.99,1,,1769396460,13,66,0,0,,,,,,,,,,,0,,,,,,,,,,,,,,,warmup_dropped,1769396460000
535,S,0,1769395200,5052.05,5049.27,1769395500,1769396100,5046.29,5047.28,1,,1769396940,1,9,0,0,,,,,,,,,,,0,,,,,,,,,,,,,,,warmup_dropped,1769396940000
537,S,0,1769405400,5083.13,5077.76,1769405700,1769406300,5079.33,5079.86,1,,1769407740,3,19,0,0,,,,,,,,,,,0,,,,,,,,,,,,,,,warmup_dropped,1769407740000
538,L,0,1769409900,5067.33,5058.45,1769410200,1769410800,5067.47,5068.27,1,,1769411100,0,0,0,0,,,,,,,,,,,0,,,,,,,,,,,,,,,warmup_dropped,1769411100000
539,S,0,1769410500,5072.15,5065.11,1769410800,1769411400,5064.89,5068.27,1,,1769412360,2,11,0,0,,,,,,,,,,,0,,,,,,,,,,,,,,,warmup_dropped,1769412360000
541,S,0,1769417100,5110.18,5092.04,1769417400,1769418000,5082.65,5099.13,1,,1769418840,1,9,0,0,,,,,,,,,,,0,,,,,,,,,,,,,,,warmup_dropped,1769418840000
542,L,0,1769417700,5099.34,5076.35,1769418000,1769418600,5082.65,5087.05,1,,1769418900,0,0,0,0,,,,,,,,,,,0,,,,,,,,,,,,,,,warmup_dropped,1769418900000
543,S,0,1769419500,5095.66,5090.78,1769419800,1769420400,5090.92,5091.24,1,,1769420700,0,0,0,0,,,,,,,,,,,0,,,,,,,,,,,,,,,warmup_dropped,1769420700000
544,L,0,1769424600,5089.55,5080.13,1769424900,1769425500,5084.54,5088.47,1,,1769425800,0,0,0,0,,,,,,,,,,,0,,,,,,,,,,,,,,,warmup_dropped,1769425800000
545,L,0,1769426400,5094.32,5088.16,1769426400,1769427000,5094.32,5095.21,1,,1769427540,0,4,0,0,,,,,,,,,,,0,,,,,,,,,,,,,,,warmup_dropped,1769427540000
547,L,0,1769428800,5086.04,5078.58,1769429100,1769429700,5085.17,5087.26,1,,1769430600,2,10,0,0,,,,,,,,,,,0,,,,,,,,,,,,,,,warmup_dropped,1769430600000
548,L,0,1769430300,5089.87,5086.32,1769430300,1769430900,5089.87,5090.42,1,,1769432400,4,20,0,0,,,,,,,,,,,0,,,,,,,,,,,,,,,warmup_dropped,1769432400000
549,S,0,1769432400,5092.74,5089.32,1769432700,1769433300,5088.59,5090.04,1,,1769434620,3,17,0,0,,,,,,,,,,,0,,,,,,,,,,,,,,,warmup_dropped,1769434620000
550,L,0,1769434200,5087.58,5083.81,1769434200,1769434800,5087.58,5089.33,1,,1769435160,0,1,0,0,,,,,,,,,,,0,,,,,,,,,,,,,,,warmup_dropped,1769435160000
546,S,0,1769427000,5098.34,5095.21,1769427000,1769427600,5093.43,5095.21,1,,1769437320,31,157,0,0,,,,,,,,,,,0,,,,,,,,,,,,,,,warmup_dropped,1769437320000
551,S,0,1769439000,5085.62,5081.96,1769439000,1769439600,5080.67,5081.96,1,,1769440320,1,7,0,0,,,,,,,,,,,0,,,,,,,,,,,,,,,warmup_dropped,1769440320000
540,L,0,1769413200,5063.44,5053.13,1769413200,1769413800,5063.44,5070.53,1,,1769441400,91,455,0,0,,,,,,,,,,,0,,,,,,,,,,,,,,,warmup_dropped,1769441400000
553,S,0,1769441100,5075.85,5067.18,1769441100,1769441700,5065.50,5067.18,1,,1769442000,0,0,0,0,,,,,,,,,,,0,,,,,,,,,,,,,,,warmup_dropped,1769442000000
554,L,0,1769441400,5073.15,5054.63,1769441700,1769442300,5065.50,5066.99,1,,1769442600,0,0,0,0,,,,,,,,,,,0,,,,,,,,,,,,,,,warmup_dropped,1769442600000
552,S,0,1769440200,5082.21,5077.21,1769440200,1769440800,5076.85,5077.21,1,,1769444580,11,58,0,0,,,,,,,,,,,0,,,,,,,,,,,,,,,warmup_dropped,1769444580000
555,L,0,1769445600,5090.75,5079.52,1769445900,1769446500,5089.69,5090.79,1,,1769446860,0,1,0,0,,,,,,,,,,,0,,,,,,,,,,,,,,,warmup_dropped,1769446860000
556,L,0,1769449200,5083.05,5074.12,1769449200,1769449800,5083.05,5083.54,1,,1769452080,6,33,0,0,,,,,,,,,,,0,,,,,,,,,,,,,,,warmup_dropped,1769452080000
557,S,0,1769454600,5095.54,5085.70,1769454900,1769455500,5090.87,5091.13,1,,1769455800,0,0,0,0,,,,,,,,,,,0,,,,,,,,,,,,,,,warmup_dropped,1769455800000
558,L,0,1769456100,5093.44,5088.82,1769456100,1769456700,5093.44,5098.70,1,,1769457900,3,15,0,0,,,,,,,,,,,0,,,,,,,,,,,,,,,warmup_dropped,1769457900000
560,S,0,1769458800,5090.62,5082.80,1769459100,1769459700,5077.87,5083.94,1,,1769460600,2,10,0,0,,,,,,,,,,,0,,,,,,,,,,,,,,,warmup_dropped,1769460600000
561,L,0,1769460000,5069.15,5058.04,1769460000,1769460600,5069.15,5075.53,1,,1769461140,0,4,0,0,,,,,,,,,,,0,,,,,,,,,,,,,,,warmup_dropped,1769461140000
536,L,0,1769396100,5046.29,5038.04,1769396400,1769397000,5044.34,5046.67,1,,1769461380,213,1068,0,0,,,,,,,,,,,0,,,,,,,,,,,,,,,warmup_dropped,1769461380000
563,S,0,1769461800,5063.01,5051.31,1769461800,1769462400,5044.39,5051.31,1,,1769465460,9,46,0,0,,,,,,,,,,,0,,,,,,,,,,,,,,,warmup_dropped,1769465460000
565,L,0,1769465700,5052.24,5040.74,1769466000,1769466600,5051.71,5054.21,1,,1769466960,0,1,0,0,,,,,,,,,,,0,,,,,,,,,,,,,,,warmup_dropped,1769466960000
566,S,0,1769466300,5056.74,5046.91,1769466600,1769467200,5049.23,5054.21,1,,1769467500,0,0,0,0,,,,,,,,,,,0,,,,,,,,,,,,,,,warmup_dropped,1769467500000
564,L,0,1769464200,5025.00,5010.45,1769464200,1769464800,5025.00,5026.37,1,,1769469420,14,72,0,0,,,,,,,,,,,0,,,,,,,,,,,,,,,warmup_dropped,1769469420000
568,S,0,1769469900,5026.77,5018.83,1769469900,1769470500,5011.37,5018.83,1,,1769475600,3,80,0,0,,,,,,,,,,,0,,,,,,,,,,,,,,,warmup_dropped,1769475600000
567,S,0,1769468400,5059.22,5051.89,1769468400,1769469000,5049.24,5051.89,1,,1769477940,16,144,0,0,,,,,,,,,,,0,,,,,,,,,,,,,,,warmup_dropped,1769477940000
570,L,0,1769477400,5047.02,5040.68,1769477400,1769478000,5047.02,5050.64,1,,1769479140,2,14,0,0,,,,,,,,,,,0,,,,,,,,,,,,,,,warmup_dropped,1769479140000
572,S,0,1769479800,5053.00,5047.07,1769480100,1769480700,5050.28,5050.46,1,,1769481060,0,1,0,0,,,,,,,,,,,0,,,,,,,,,,,,,,,warmup_dropped,1769481060000
573,S,0,1769481000,5049.62,5043.96,1769481000,1769481600,5042.77,5043.96,1,,1769483160,4,21,0,0,,,,,,,,,,,0,,,,,,,,,,,,,,,warmup_dropped,1769483160000
571,S,0,1769478300,5061.61,5056.65,1769478300,1769478900,5051.47,5056.65,1,,1769483460,14,71,0,0,,,,,,,,,,,0,,,,,,,,,,,,,,,warmup_dropped,1769483460000
562,S,0,1769460600,5083.12,5075.53,1769460600,1769461200,5069.62,5075.53,1,,1769483700,62,370,0,0,,,,,,,,,,,0,,,,,,,,,,,,,,,warmup_dropped,1769483700000
574,S,0,1769485800,5066.92,5061.94,1769485800,1769486400,5060.96,5061.94,1,,1769486760,0,1,0,0,,,,,,,,,,,0,,,,,,,,,,,,,,,warmup_dropped,1769486760000
575,L,0,1769486400,5060.96,5049.58,1769486400,1769487000,5060.96,5061.21,1,,1769487660,1,6,0,0,,,,,,,,,,,0,,,,,,,,,,,,,,,warmup_dropped,1769487660000
576,S,0,1769488800,5079.77,5073.73,1769489100,1769489700,5073.57,5074.46,1,,1769490000,0,0,0,0,,,,,,,,,,,0,,,,,,,,,,,,,,,warmup_dropped,1769490000000
577,L,0,1769491500,5072.13,5063.90,1769491800,1769492400,5070.22,5073.67,1,,1769493060,1,6,0,0,,,,,,,,,,,0,,,,,,,,,,,,,,,warmup_dropped,1769493060000
578,S,0,1769493300,5079.19,5071.97,1769493600,1769494200,5074.20,5075.73,1,,1769494500,0,0,0,0,,,,,,,,,,,0,,,,,,,,,,,,,,,warmup_dropped,1769494500000
580,S,0,1769496900,5071.03,5066.36,1769496900,1769497500,5063.47,5066.36,1,,1769498640,2,14,0,0,,,,,,,,,,,0,,,,,,,,,,,,,,,warmup_dropped,1769498640000
579,S,0,1769495100,5075.80,5072.02,1769495400,1769496000,5068.69,5072.27,1,,1769499240,9,49,0,0,,,,,,,,,,,0,,,,,,,,,,,,,,,warmup_dropped,1769499240000
583,L,0,1769502600,5084.35,5079.00,1769502900,1769503500,5085.06,5085.45,1,,1769504100,1,5,0,0,,,,,,,,,,,0,,,,,,,,,,,,,,,warmup_dropped,1769504100000
584,S,0,1769503500,5093.38,5085.45,1769503800,1769504400,5087.71,5088.84,1,,1769504700,0,0,0,0,,,,,,,,,,,0,,,,,,,,,,,,,,,warmup_dropped,1769504700000
559,S,0,1769457300,5102.57,5097.41,1769457600,1769458200,5088.26,5097.87,1,,1769506680,148,803,0,0,,,,,,,,,,,0,,,,,,,,,,,,,,,warmup_dropped,1769506680000
585,L,0,1769512800,5087.56,5085.01,1769513100,1769513700,5088.57,5089.01,1,,1769514300,1,5,0,0,,,,,,,,,,,0,,,,,,,,,,,,,,,warmup_dropped,1769514300000
586,L,0,1769514000,5093.07,5087.96,1769514300,1769514900,5089.42,5092.38,1,,1769515560,1,6,0,0,,,,,,,,,,,0,,,,,,,,,,,,,,,warmup_dropped,1769515560000
582,L,0,1769499300,5072.66,5069.37,1769499300,1769499900,5072.66,5074.63,1,,1769521860,72,361,0,0,,,,,,,,,,,0,,,,,,,,,,,,,,,warmup_dropped,1769521860000
588,S,0,1769520900,5088.08,5085.45,1769521200,1769521800,5077.29,5085.17,1,,1769524320,7,37,0,0,,,,,,,,,,,0,,,,,,,,,,,,,,,warmup_dropped,1769524320000
587,S,0,1769515800,5097.86,5091.25,1769516100,1769516700,5090.92,5093.08,1,,1769526120,30,152,0,0,,,,,,,,,,,0,,,,,,,,,,,,,,,warmup_dropped,1769526120000
589,L,0,1769523600,5078.64,5073.57,1769523900,1769524500,5079.46,5085.78,1,,1769526600,6,30,0,0,,,,,,,,,,,0,,,,,,,,,,,,,,,warmup_dropped,1769526600000
590,S,0,1769526600,5091.72,5078.24,1769526900,1769527500,5085.89,5085.96,1,,1769527800,0,0,0,0,,,,,,,,,,,0,,,,,,,,,,,,,,,warmup_dropped,1769527800000
581,L,0,1769498700,5066.93,5063.34,1769498700,1769499300,5066.93,5069.37,1,,1769529900,101,505,0,0,,,,,,,,,,,0,,,,,,,,,,,,,,,warmup_dropped,1769529900000
591,S,0,1769529000,5082.09,5071.46,1769529300,1769529900,5070.77,5077.19,1,,1769530200,0,0,0,0,,,,,,,,,,,0,,,,,,,,,,,,,,,warmup_dropped,1769530200000
593,L,0,1769535600,5083.17,5078.89,1769535600,1769536200,5083.17,5083.48,1,,1769536680,0,3,0,0,,,,,,,,,,,0,,,,,,,,,,,,,,,warmup_dropped,1769536680000
594,L,0,1769536800,5091.91,5085.07,1769537100,1769537700,5092.33,5093.75,1,,1769538720,2,12,0,0,,,,,,,,,,,0,,,,,,,,,,,,,,,warmup_dropped,1769538720000
595,S,0,1769541900,5088.32,5083.81,1769542200,1769542800,5084.90,5085.12,1,,1769543280,0,3,0,0,,,,,,,,,,,0,,,,,,,,,,,,,,,warmup_dropped,1769543280000
592,L,0,1769534700,5076.88,5067.78,1769534700,1769535300,5076.88,5077.28,1,,1769543340,25,129,0,0,,,,,,,,,,,0,,,,,,,,,,,,,,,warmup_dropped,1769543340000
596,L,0,1769546400,5089.90,5085.97,1769546400,1769547000,5089.90,5092.29,1,,1769547480,0,3,0,0,,,,,,,,,,,0,,,,,,,,,,,,,,,warmup_dropped,1769547480000
597,S,0,1769547000,5095.19,5092.29,1769547000,1769547600,5087.96,5092.29,1,,1769550060,7,36,0,0,,,,,,,,,,,0,,,,,,,,,,,,,,,warmup_dropped,1769550060000
600,L,0,1769556300,5178.06,5169.43,1769556600,1769557200,5175.99,5179.52,1,,1769557860,1,6,0,0,,,,,,,,,,,0,,,,,,,,,,,,,,,warmup_dropped,1769557860000
601,S,0,1769562000,5183.42,5169.18,1769562300,1769562900,5172.19,5177.85,1,,1769563620,1,7,0,0,,,,,,,,,,,0,,,,,,,,,,,,,,,warmup_dropped,1769563620000
602,S,0,1769565000,5174.79,5168.34,1769565300,1769565900,5168.19,5170.42,1,,1769567820,5,27,0,0,,,,,,,,,,,0,,,,,,,,,,,,,,,warmup_dropped,1769567820000
604,L,0,1769568000,5169.68,5166.07,1769568000,1769568600,5169.68,5170.10,1,,1769569200,1,5,0,0,,,,,,,,,,,0,,,,,,,,,,,,,,,warmup_dropped,1769569200000
605,L,0,1769568900,5180.08,5171.75,1769568900,1769569500,5180.08,5181.92,1,,1769569860,0,1,0,0,,,,,,,,,,,0,,,,,,,,,,,,,,,warmup_dropped,1769569860000
608,L,0,1769576100,5234.56,5227.49,1769576100,1769576700,5234.56,5236.58,1,,1769578500,5,25,0,0,,,,,,,,,,,0,,,,,,,,,,,,,,,warmup_dropped,1769578500000
609,L,0,1769578500,5236.95,5228.83,1769578800,1769579400,5233.61,5237.78,1,,1769579760,0,1,0,0,,,,,,,,,,,0,,,,,,,,,,,,,,,warmup_dropped,1769579760000
610,S,0,1769580000,5240.87,5233.92,1769580300,1769580900,5235.53,5235.55,1,,1769581200,0,0,0,0,,,,,,,,,,,0,,,,,,,,,,,,,,,warmup_dropped,1769581200000
611,L,0,1769580900,5235.53,5232.26,1769580900,1769581500,5235.53,5237.22,1,,1769582100,1,5,0,0,,,,,,,,,,,0,,,,,,,,,,,,,,,warmup_dropped,1769582100000
613,L,0,1769585400,5262.31,5251.21,1769585700,1769586300,5259.84,5260.73,1,,1769586600,0,0,0,0,,,,,,,,,,,0,,,,,,,,,,,,,,,warmup_dropped,1769586600000
614,L,0,1769587500,5258.44,5252.46,1769587500,1769588100,5258.44,5259.01,1,,1769588700,1,5,0,0,,,,,,,,,,,0,,,,,,,,,,,,,,,warmup_dropped,1769588700000
617,L,0,1769595300,5294.28,5288.95,1769595600,1769596200,5294.62,5298.29,1,,1769596980,1,8,0,0,,,,,,,,,,,0,,,,,,,,,,,,,,,warmup_dropped,1769596980000
616,L,0,1769592900,5281.73,5272.07,1769593200,1769593800,5281.91,5284.49,1,,1769597160,10,51,0,0,,,,,,,,,,,0,,,,,,,,,,,,,,,warmup_dropped,1769597160000
619,L,0,1769597100,5290.18,5280.73,1769597100,1769597700,5290.18,5290.86,1,,1769598420,1,7,0,0,,,,,,,,,,,0,,,,,,,,,,,,,,,warmup_dropped,1769598420000
615,L,0,1769590800,5270.01,5262.95,1769590800,1769591400,5270.01,5270.16,1,,1769599320,25,127,0,0,,,,,,,,,,,0,,,,,,,,,,,,,,,warmup_dropped,1769599320000
621,S,0,1769599800,5280.25,5269.58,1769600100,1769600700,5274.61,5274.70,1,,1769601000,0,0,0,0,,,,,,,,,,,0,,,,,,,,,,,,,,,warmup_dropped,1769601000000
622,L,0,1769600400,5278.64,5263.13,1769600700,1769601300,5274.61,5275.08,1,,1769601600,0,0,0,0,,,,,,,,,,,0,,,,,,,,,,,,,,,warmup_dropped,1769601600000
623,S,0,1769602800,5281.09,5276.88,1769603100,1769603700,5274.30,5275.98,1,,1769604300,1,5,0,0,,,,,,,,,,,0,,,,,,,,,,,,,,,warmup_dropped,1769604300000
612,L,0,1769582700,5240.50,5233.71,1769582700,1769583300,5240.50,5242.36,1,,1769605560,73,366,0,0,,,,,,,,,,,0,,,,,,,,,,,,,,,warmup_dropped,1769605560000
625,L,0,1769607000,5261.92,5253.43,1769607300,1769607900,5259.47,5260.70,1,,1769608440,0,4,0,0,,,,,,,,,,,0,,,,,,,,,,,,,,,warmup_dropped,1769608440000
626,S,0,1769608500,5263.73,5259.69,1769608500,1769609100,5256.55,5259.69,1,,1769609520,0,2,0,0,,,,,,,,,,,0,,,,,,,,,,,,,,,warmup_dropped,1769609520000
628,L,0,1769610300,5268.28,5259.75,1769610600,1769611200,5264.99,5267.08,1,,1769611680,0,3,0,0,,,,,,,,,,,0,,,,,,,,,,,,,,,warmup_dropped,1769611680000
624,S,0,1769604600,5280.64,5274.26,1769604600,1769605200,5270.80,5274.26,1,,1769612040,21,109,0,0,,,,,,,,,,,0,,,,,,,,,,,,,,,warmup_dropped,1769612040000
620,S,0,1769598300,5294.48,5287.98,1769598300,1769598900,5281.95,5287.98,1,,1769612640,44,224,0,0,,,,,,,,,,,0,,,,,,,,,,,,,,,warmup_dropped,1769612640000
629,L,0,1769611500,5271.72,5265.47,1769611500,1769612100,5271.72,5272.95,1,,1769613120,2,12,0,0,,,,,,,,,,,0,,,,,,,,,,,,,,,warmup_dropped,1769613120000
630,S,0,1769612400,5289.39,5275.95,1769612700,1769613300,5279.52,5280.90,1,,1769613600,0,0,0,0,,,,,,,,,,,0,,,,,,,,,,,,,,,warmup_dropped,1769613600000
627,L,0,1769609100,5256.55,5251.64,1769609100,1769609700,5256.55,5258.33,1,,1769616360,21,106,0,0,,,,,,,,,,,0,,,,,,,,,,,,,,,warmup_dropped,1769616360000
631,S,0,1769613600,5283.99,5273.43,1769613900,1769614500,5274.33,5278.76,1,,1769618100,11,55,0,0,,,,,,,,,,,0,,,,,,,,,,,,,,,warmup_dropped,1769618100000
632,L,0,1769617500,5269.74,5259.19,1769617800,1769618400,5264.71,5273.22,1,,1769620020,4,22,0,0,,,,,,,,,,,0,,,,,,,,,,,,,,,warmup_dropped,1769620020000
633,L,0,1769619000,5281.41,5270.13,1769619000,1769619600,5281.41,5285.79,1,,1769620020,0,2,0,0,,,,,,,,,,,0,,,,,,,,,,,,,,,warmup_dropped,1769620020000
634,S,0,1769619600,5298.24,5285.79,1769619600,1769620200,5262.13,5285.79,1,,1769623620,10,52,0,0,,,,,,,,,,,0,,,,,,,,,,,,,,,warmup_dropped,1769623620000
618,S,0,1769596200,5311.48,5298.29,1769596500,1769597100,5290.18,5296.06,1,,1769626620,97,487,0,0,,,,,,,,,,,0,,,,,,,,,,,,,,,warmup_dropped,1769626620000
635,L,0,1769626200,5295.68,5287.29,1769626200,1769626800,5295.68,5299.74,1,,1769627280,0,3,0,0,,,,,,,,,,,0,,,,,,,,,,,,,,,warmup_dropped,1769627280000
636,S,0,1769626800,5307.02,5299.74,1769626800,1769627400,5298.05,5299.74,1,,1769628120,1,7,0,0,,,,,,,,,,,0,,,,,,,,,,,,,,,warmup_dropped,1769628120000
637,L,0,1769627700,5297.45,5288.82,1769627700,1769628300,5297.45,5297.64,1,,1769628660,0,1,0,0,,,,,,,,,,,0,,,,,,,,,,,,,,,warmup_dropped,1769628660000
638,L,0,1769631000,5305.52,5295.13,1769631000,1769631600,5305.52,5310.32,1,,1769632140,0,4,0,0,,,,,,,,,,,0,,,,,,,,,,,,,,,warmup_dropped,1769632140000
640,L,0,1769634000,5292.91,5269.58,1769634300,1769634900,5283.05,5292.91,1,,1769635260,0,1,0,0,,,,,,,,,,,0,,,,,,,,,,,,,,,warmup_dropped,1769635260000
639,S,0,1769631600,5325.95,5310.32,1769631600,1769632200,5307.68,5310.32,1,,1769636580,13,68,0,0,,,,,,,,,,,0,,,,,,,,,,,,,,,warmup_dropped,1769636580000
645,L,0,1769640600,5391.04,5367.23,1769640900,1769641500,5383.42,5386.21,1,,1769641800,0,0,0,0,,,,,,,,,,,0,,,,,,,,,,,,,,,warmup_dropped,1769641800000
647,L,0,1769649600,5493.82,5472.17,1769649900,1769650500,5491.70,5500.08,1,,1769651640,2,14,0,0,,,,,,,,,,,0,,,,,,,,,,,,,,,warmup_dropped,1769651640000
648,S,0,1769650500,5598.23,5500.08,1769650800,1769651400,5508.43,5525.68,1,,1769651760,0,1,0,0,,,,,,,,,,,0,,,,,,,,,,,,,,,warmup_dropped,1769651760000
649,S,0,1769652300,5510.86,5478.05,1769652600,1769653200,5486.63,5488.74,1,,1769653500,0,0,0,0,,,,,,,,,,,0,,,,,,,,,,,,,,,warmup_dropped,1769653500000
650,L,0,1769653200,5486.63,5463.33,1769653200,1769653800,5486.63,5494.87,1,,1769655600,5,25,0,0,,,,,,,,,,,0,,,,,,,,,,,,,,,warmup_dropped,1769655600000
651,S,0,1769655300,5522.83,5509.18,1769655300,1769655900,5480.84,5509.18,1,,1769657040,2,14,0,0,,,,,,,,,,,0,,,,,,,,,,,,,,,warmup_dropped,1769657040000
653,L,0,1769660100,5522.31,5511.34,1769660400,1769661000,5522.78,5525.79,1,,1769661720,1,7,0,0,,,,,,,,,,,0,,,,,,,,,,,,,,,warmup_dropped,1769661720000
654,S,0,1769662500,5540.29,5532.76,1769662500,1769663100,5525.74,5532.76,1,,1769663580,0,3,0,0,,,,,,,,,,,0,,,,,,,,,,,,,,,warmup_dropped,1769663580000
655,L,0,1769664900,5538.02,5520.23,1769665200,1769665800,5529.58,5532.47,1,,1769666520,1,7,0,0,,,,,,,,,,,0,,,,,,,,,,,,,,,warmup_dropped,1769666520000
656,L,0,1769667000,5547.19,5534.27,1769667300,1769667900,5542.09,5545.61,1,,1769668200,0,0,0,0,,,,,,,,,,,0,,,,,,,,,,,,,,,warmup_dropped,1769668200000
657,S,0,1769668500,5564.52,5560.61,1769668500,1769669100,5559.85,5560.61,1,,1769669880,1,8,0,0,,,,,,,,,,,0,,,,,,,,,,,,,,,warmup_dropped,1769669880000
658,S,0,1769670600,5560.49,5550.25,1769670900,1769671500,5541.36,5555.22,1,,1769671860,0,1,0,0,,,,,,,,,,,0,,,,,,,,,,,,,,,warmup_dropped,1769671860000
659,L,0,1769671200,5554.61,5516.34,1769671500,1769672100,5541.36,5544.28,1,,1769672400,0,0,0,0,,,,,,,,,,,0,,,,,,,,,,,,,,,warmup_dropped,1769672400000
660,L,0,1769673000,5559.68,5552.36,1769673000,1769673600,5559.68,5562.30,1,,1769676480,8,43,0,0,,,,,,,,,,,0,,,,,,,,,,,,,,,warmup_dropped,1769676480000
662,S,0,1769677500,5573.48,5564.86,1769677500,1769678100,5564.69,5564.86,1,,1769678400,0,0,0,0,,,,,,,,,,,0,,,,,,,,,,,,,,,warmup_dropped,1769678400000
652,L,0,1769655900,5480.84,5445.52,1769656200,1769656800,5481.97,5486.84,1,,1769683440,87,439,0,0,,,,,,,,,,,0,,,,,,,,,,,,,,,warmup_dropped,1769683440000
664,L,0,1769683200,5517.60,5475.73,1769683500,1769684100,5507.05,5507.22,1,,1769684400,0,0,0,0,,,,,,,,,,,0,,,,,,,,,,,,,,,warmup_dropped,1769684400000
665,L,0,1769685300,5507.44,5501.86,1769685300,1769685900,5507.44,5512.13,1,,1769688360,7,36,0,0,,,,,,,,,,,0,,,,,,,,,,,,,,,warmup_dropped,1769688360000
666,L,0,1769688000,5514.27,5508.23,1769688300,1769688900,5512.84,5513.51,1,,1769689200,0,0,0,0,,,,,,,,,,,0,,,,,,,,,,,,,,,warmup_dropped,1769689200000
667,S,0,1769689200,5515.39,5505.65,1769689500,1769690100,5510.15,5510.50,1,,1769690400,0,0,0,0,,,,,,,,,,,0,,,,,,,,,,,,,,,warmup_dropped,1769690400000
669,L,0,1769693700,5519.42,5509.73,1769694000,1769694600,5515.85,5522.17,1,,1769695200,1,5,0,0,,,,,,,,,,,0,,,,,,,,,,,,,,,warmup_dropped,1769695200000
671,S,0,1769697000,5542.19,5537.33,1769697000,1769697600,5535.13,5537.33,1,,1769698020,0,2,0,0,,,,,,,,,,,0,,,,,,,,,,,,,,,warmup_dropped,1769698020000
670,L,0,1769695200,5522.70,5518.47,1769695500,1769696100,5526.28,5531.77,1,,1769699460,10,51,0,0,,,,,,,,,,,0,,,,,,,,,,,,,,,warmup_dropped,1769699460000
672,S,0,1769698800,5541.16,5528.16,1769699100,1769699700,5521.57,5529.58,1,,1769701380,4,23,0,0,,,,,,,,,,,0,,,,,,,,,,,,,,,warmup_dropped,1769701380000
673,L,0,1769702100,5520.55,5506.25,1769702400,1769703000,5519.73,5526.67,1,,1769703660,1,6,0,0,,,,,,,,,,,0,,,,,,,,,,,,,,,warmup_dropped,1769703660000
663,S,0,1769680200,5552.27,5546.70,1769680500,1769681100,5539.48,5544.00,1,,1769704020,75,377,0,0,,,,,,,,,,,0,,,,,,,,,,,,,,,warmup_dropped,1769704020000
668,L,0,1769691600,5488.47,5470.97,1769691600,1769692200,5488.47,5494.53,1,,1769706000,45,225,0,0,,,,,,,,,,,0,,,,,,,,,,,,,,,warmup_dropped,1769706000000
646,L,0,1769643300,5387.74,5383.38,1769643600,1769644200,5386.49,5391.60,1,,1769706840,195,1039,0,0,,,,,,,,,,,0,,,,,,,,,,,,,,,warmup_dropped,1769706840000
642,L,0,1769637000,5319.65,5310.85,1769637000,1769637600,5319.65,5325.21,1,,1769706960,218,1151,0,0,,,,,,,,,,,0,,,,,,,,,,,,,,,warmup_dropped,1769706960000
643,L,0,1769638200,5332.37,5322.91,1769638200,1769638800,5332.37,5332.88,1,,1769706960,214,1131,0,0,,,,,,,,,,,0,,,,,,,,,,,,,,,warmup_dropped,1769706960000
644,L,0,1769638800,5341.97,5332.88,1769638800,1769639400,5341.97,5353.14,1,,1769706960,212,1121,0,0,,,,,,,,,,,0,,,,,,,,,,,,,,,warmup_dropped,1769706960000
641,L,0,1769635500,5295.84,5282.75,1769635800,1769636400,5292.93,5293.46,1,,1769707020,222,1172,0,0,,,,,,,,,,,0,,,,,,,,,,,,,,,warmup_dropped,1769707020000
599,L,0,1769553600,5148.76,5136.48,1769553600,1769554200,5148.76,5153.20,1,,1769707620,486,2552,0,0,,,,,,,,,,,0,,,,,,,,,,,,,,,warmup_dropped,1769707620000
603,L,0,1769567100,5163.53,5161.39,1769567100,1769567700,5163.53,5165.80,1,,1769707620,453,2327,0,0,,,,,,,,,,,0,,,,,,,,,,,,,,,warmup_dropped,1769707620000
606,L,0,1769571000,5195.78,5186.45,1769571000,1769571600,5195.78,5198.92,1,,1769707620,440,2262,0,0,,,,,,,,,,,0,,,,,,,,,,,,,,,warmup_dropped,1769707620000
607,L,0,1769573400,5213.46,5201.60,1769573700,1769574300,5213.28,5214.50,1,,1769707620,431,2217,0,0,,,,,,,,,,,0,,,,,,,,,,,,,,,warmup_dropped,1769707620000
675,L,0,1769710500,5275.44,5245.59,1769710800,1769711400,5270.87,5280.31,1,,1769711700,0,0,0,0,,,,,,,,,,,0,,,,,,,,,,,,,,,warmup_dropped,1769711700000
677,S,0,1769715600,5375.40,5357.65,1769715900,1769716500,5342.57,5346.64,1,,1769717520,2,12,0,0,,,,,,,,,,,0,,,,,,,,,,,,,,,warmup_dropped,1769717520000
678,S,0,1769717400,5358.96,5340.65,1769717700,1769718300,5338.51,5348.55,1,,1769718660,0,1,0,0,,,,,,,,,,,0,,,,,,,,,,,,,,,warmup_dropped,1769718660000
679,L,0,1769718300,5338.51,5307.87,1769718300,1769718900,5338.51,5342.27,1,,1769719320,0,2,0,0,,,,,,,,,,,0,,,,,,,,,,,,,,,warmup_dropped,1769719320000
680,S,0,1769719500,5360.15,5339.13,1769719800,1769720400,5344.36,5349.72,1,,1769720820,0,2,0,0,,,,,,,,,,,0,,,,,,,,,,,,,,,warmup_dropped,1769720820000
681,L,0,1769724600,5311.11,5294.08,1769724900,1769725500,5311.80,5313.46,1,,1769725920,0,2,0,0,,,,,,,,,,,0,,,,,,,,,,,,,,,warmup_dropped,1769725920000
683,L,0,1769728500,5399.72,5388.84,1769728500,1769729100,5399.72,5403.86,1,,1769729880,1,8,0,0,,,,,,,,,,,0,,,,,,,,,,,,,,,warmup_dropped,1769729880000
685,S,0,1769735100,5448.65,5419.20,1769735400,1769736000,5411.22,5422.06,1,,1769736540,0,4,0,0,,,,,,,,,,,0,,,,,,,,,,,,,,,warmup_dropped,1769736540000
686,L,0,1769736900,5429.91,5420.35,1769736900,1769737500,5429.91,5438.01,1,,1769738100,1,5,0,0,,,,,,,,,,,0,,,,,,,,,,,,,,,warmup_dropped,1769738100000
688,S,0,1769740200,5429.72,5413.38,1769740500,1769741100,5415.58,5419.93,1,,1769741580,0,3,0,0,,,,,,,,,,,0,,,,,,,,,,,,,,,warmup_dropped,1769741580000
684,L,0,1769730900,5383.18,5374.95,1769730900,1769735100,5383.18,5419.20,1,,1769742060,22,111,0,0,,,,,,,,,,,0,,,,,,,,,,,,,,,warmup_dropped,1769742060000
682,L,0,1769725500,5325.94,5313.46,1769725800,1769726400,5322.65,5344.17,1,,1769742660,41,266,0,0,,,,,,,,,,,0,,,,,,,,,,,,,,,warmup_dropped,1769742660000
690,L,0,1769742600,5377.28,5301.97,1769742900,1769743500,5335.96,5344.68,1,,1769743800,0,0,0,0,,,,,,,,,,,0,,,,,,,,,,,,,,,warmup_dropped,1769743800000
676,L,0,1769712600,5274.95,5228.36,1769712900,1769713500,5264.18,5284.31,1,,1769746140,95,539,0,0,,,,,,,,,,,0,,,,,,,,,,,,,,,warmup_dropped,1769746140000
674,L,0,1769709300,5198.04,5167.41,1769709300,1769709900,5198.04,5225.18,1,,1769746440,108,604,0,0,,,,,,,,,,,0,,,,,,,,,,,,,,,warmup_dropped,1769746440000
692,L,0,1769747400,5184.81,5139.61,1769747400,1769748000,5184.81,5205.34,1,,1769749560,4,21,0,0,,,,,,,,,,,0,,,,,,,,,,,,,,,warmup_dropped,1769749560000
693,S,0,1769750700,5206.51,5191.16,1769750700,1769751300,5189.37,5191.16,1,,1769752560,3,16,0,0,,,,,,,,,,,0,,,,,,,,,,,,,,,warmup_dropped,1769752560000
695,L,0,1769756700,5212.44,5203.86,1769756700,1769757300,5212.44,5223.53,1,,1769759460,6,31,0,0,,,,,,,,,,,0,,,,,,,,,,,,,,,warmup_dropped,1769759460000
694,L,0,1769751600,5175.01,5152.68,1769751900,1769752500,5174.98,5179.76,1,,1769760420,25,127,0,0,,,,,,,,,,,0,,,,,,,,,,,,,,,warmup_dropped,1769760420000
697,S,0,1769761200,5195.28,5171.89,1769761200,1769761800,5169.03,5171.89,1,,1769762160,0,1,0,0,,,,,,,,,,,0,,,,,,,,,,,,,,,warmup_dropped,1769762160000
698,L,0,1769763600,5158.56,5125.66,1769763600,1769764200,5158.56,5166.06,1,,1769765640,3,19,0,0,,,,,,,,,,,0,,,,,,,,,,,,,,,warmup_dropped,1769765640000
699,S,0,1769764800,5185.51,5173.76,1769765100,1769765700,5151.76,5172.80,1,,1769767020,3,17,0,0,,,,,,,,,,,0,,,,,,,,,,,,,,,warmup_dropped,1769767020000
598,L,0,1769550300,5093.28,5090.90,1769550300,1769550900,5093.28,5094.35,1,,1769769180,690,3633,0,0,,,,,,,,,,,0,,,,,,,,,,,,,,,warmup_dropped,1769769180000
569,L,0,1769471700,5011.92,5006.17,1769471700,1769475900,5011.92,5028.47,1,,1769773320,954,4952,0,0,,,,,,,,,,,0,,,,,,,,,,,,,,,warmup_dropped,1769773320000
532,L,0,1769211600,4983.06,4981.23,1769211900,1769212500,4982.59,4985.12,1,,1769773440,1232,9344,0,0,,,,,,,,,,,0,,,,,,,,,,,,,,,warmup_dropped,1769773440000
527,L,0,1769201700,4969.78,4965.96,1769201700,1769202300,4969.78,4971.55,1,,1769773500,1267,9515,0,0,,,,,,,,,,,0,,,,,,,,,,,,,,,warmup_dropped,1769773500000
520,L,0,1769189100,4948.42,4943.13,1769189400,1769190000,4950.70,4952.94,1,,1769773860,1309,9726,0,0,,,,,,,,,,,0,,,,,,,,,,,,,,,warmup_dropped,1769773860000
702,S,0,1769772600,5068.67,5025.99,1769772900,1769773500,4997.68,5030.94,1,,1769774220,1,7,0,0,,,,,,,,,,,0,,,,,,,,,,,,,,,warmup_dropped,1769774220000
701,S,0,1769770500,5119.60,5104.18,1769770800,1769771400,5069.91,5110.11,1,,1769777880,20,103,0,0,,,,,,,,,,,0,,,,,,,,,,,,,,,warmup_dropped,1769777880000
704,S,0,1769780100,5131.06,5124.32,1769780100,1769780700,5121.60,5124.32,1,,1769781300,1,5,0,0,,,,,,,,,,,0,,,,,,,,,,,,,,,warmup_dropped,1769781300000
705,L,0,1769780700,5121.60,5089.57,1769781000,1769781600,5120.25,5126.36,1,,1769782020,0,2,0,0,,,,,,,,,,,0,,,,,,,,,,,,,,,warmup_dropped,1769782020000
703,L,0,1769774700,5037.36,5000.96,1769775000,1769775600,5043.51,5047.92,1,,1769786580,35,178,0,0,,,,,,,,,,,0,,,,,,,,,,,,,,,warmup_dropped,1769786580000
707,S,0,1769787600,5047.88,5028.93,1769787600,1769788200,5011.21,5028.93,1,,1769788800,1,5,0,0,,,,,,,,,,,0,,,,,,,,,,,,,,,warmup_dropped,1769788800000
709,L,0,1769789400,5060.36,5041.79,1769789700,1769790300,5060.14,5062.48,1,,1769790600,0,0,0,0,,,,,,,,,,,0,,,,,,,,,,,,,,,warmup_dropped,1769790600000
706,S,0,1769784000,5117.33,5109.13,1769784000,1769784600,5096.21,5109.13,1,,1769790840,19,99,0,0,,,,,,,,,,,0,,,,,,,,,,,,,,,warmup_dropped,1769790840000
708,L,0,1769787900,5038.30,4994.58,1769788200,1769788800,5011.21,5017.71,1,,1769792100,10,50,0,0,,,,,,,,,,,0,,,,,,,,,,,,,,,warmup_dropped,1769792100000
711,L,0,1769792400,5034.93,4981.99,1769792700,1769793300,5014.45,5027.06,1,,1769793900,1,5,0,0,,,,,,,,,,,0,,,,,,,,,,,,,,,warmup_dropped,1769793900000
710,S,0,1769791500,5090.62,5071.25,1769791500,1769792100,5054.70,5071.25,1,,1769794920,8,42,0,0,,,,,,,,,,,0,,,,,,,,,,,,,,,warmup_dropped,1769794920000
713,S,0,1769797500,5011.48,4989.34,1769797500,1769798100,4986.92,4989.34,1,,1769798400,0,0,0,0,,,,,,,,,,,0,,,,,,,,,,,,,,,warmup_dropped,1769798400000
488,L,0,1769110500,4897.18,4891.72,1769110800,1769111400,4899.39,4901.04,1,,1769801580,1651,11498,0,0,,,,,,,,,,,0,,,,,,,,,,,,,,,warmup_dropped,1769801580000
486,L,0,1769103900,4866.30,4860.77,1769103900,1769104500,4866.30,4867.97,1,,1769802180,1676,11623,0,0,,,,,,,,,,,0,,,,,,,,,,,,,,,warmup_dropped,1769802180000
485,L,0,1769101500,4838.07,4830.24,1769101800,1769102400,4840.69,4841.29,1,,1769802660,1685,11666,0,0,,,,,,,,,,,0,,,,,,,,,,,,,,,warmup_dropped,1769802660000
471,L,0,1769060400,4793.45,4790.33,1769060400,1769061000,4793.45,4793.66,1,,1769803920,1827,12377,0,0,,,,,,,,,,,0,,,,,,,,,,,,,,,warmup_dropped,1769803920000
385,L,0,1768894500,4705.31,4701.18,1768894800,1768895400,4706.14,4707.48,1,,1769804460,2357,15146,0,0,,,,,,,,,,,0,,,,,,,,,,,,,,,warmup_dropped,1769804460000
386,L,0,1768898100,4710.96,4706.63,1768898400,1768899000,4711.21,4712.76,1,,1769804460,2345,15086,0,0,,,,,,,,,,,0,,,,,,,,,,,,,,,warmup_dropped,1769804460000
384,L,0,1768893600,4699.38,4694.98,1768893900,1768894500,4699.38,4701.18,1,,1769804940,2361,15169,0,0,,,,,,,,,,,0,,,,,,,,,,,,,,,warmup_dropped,1769804940000
716,S,0,1769803200,4883.92,4848.62,1769803200,1769803800,4828.00,4848.62,1,,1769806260,7,36,0,0,,,,,,,,,,,0,,,,,,,,,,,,,,,warmup_dropped,1769806260000
715,S,0,1769801100,4940.68,4915.30,1769801100,1769801700,4914.49,4915.30,1,,1769807400,18,90,0,0,,,,,,,,,,,0,,,,,,,,,,,,,,,warmup_dropped,1769807400000
720,S,0,1769815800,4881.70,4868.88,1769815800,1769816400,4861.06,4868.88,1,,1769816940,0,4,0,0,,,,,,,,,,,0,,,,,,,,,,,,,,,warmup_dropped,1769816940000
721,L,0,1769816100,4877.14,4850.24,1769816400,1769817000,4861.06,4863.63,1,1769994002241,1769994000,1,2945,2,1,,,,,,,,,,,0,,,,,,,,,,,,,,,cancelled_second_break,1769994240000
719,L,0,1769814600,4848.61,4835.31,1769814600,1769815200,4848.61,4858.41,1,1769994002241,1769994000,7,2975,2,1,,,,,,,,,,,0,,,,,,,,,,,,,,,cancelled_second_break,1769994300000
723,S,0,1769994000,4867.80,4766.81,1769994300,1769994900,4759.11,4813.57,0,1769996265756,1769996220,3,17,0,0,,,,,,,,,,,0,,,,,,,,,,,,,,,cancelled_opposing_structure,1769997840000
724,S,0,1769996100,4782.00,4743.67,1769996400,1769997000,4768.32,4769.09,0,1769997300079,1769997300,0,0,0,0,,,,,,,,,,,0,,,,,,,,,,,,,,,cancelled_opposing_structure,1769997840000
717,L,0,1769805300,4762.52,4691.32,1769805300,1769805900,4762.52,4773.82,1,1769994688900,1769994660,40,3141,0,0,1769996040,1769995860,5127,,1769995980,4735.40,4743.67,1769996760,1769996820092,4750.04,1,4691.22,ob,4691.32,10,4867.68,0.01,1769996820092,4750.04,2,47,3177,1769998734086,4867.86,tp,filled,1769996820092
725,L,0,1769997300,4761.27,4739.83,1769997300,1769997900,4761.27,4777.99,0,1770001011715,1770000960,9,46,1,1,,,,,,,,,,,0,,,,,,,,,,,,,,,cancelled_opposing_structure,1770001500000
722,S,0,1769817300,4889.21,4880.69,1769817300,1769994300,4830.32,4880.69,0,1769998913651,1769998860,14,71,0,0,1769999520,1769999100,5137,5139,1769999340,4835.07,4843.69,1770000000,1770000060002,4829.19,1,4889.58,ob,4889.21,10,4708.41,0.01,1770000060002,4829.19,4,18,91,1770001673617,4708.04,tp,filled,1770000060002
383,L,0,1768886700,4673.88,4672.65,1768886700,1768887300,4673.88,4674.76,1,1770001791624,1770001740,2453,18569,2,1,,,,,,,,,,,0,,,,,,,,,,,,,,,cancelled_second_break,1770002160000
378,L,0,1768877700,4664.00,4660.35,1768877700,1768878300,4664.00,4667.46,1,1770001792614,1770001740,2483,18719,2,1,,,,,,,,,,,0,,,,,,,,,,,,,,,cancelled_second_break,1770002640000
382,L,0,1768885500,4668.99,4666.10,1768885500,1768886100,4668.99,4671.17,1,1770001792614,1770001740,2457,18589,2,1,,,,,,,,,,,0,,,,,,,,,,,,,,,cancelled_second_break,1770002640000
726,S,0,1769998500,4875.26,4841.71,1769998800,1769999400,4847.10,4850.06,0,1769999780107,1769999760,0,1,0,0,1770001620,1770001380,5146,5149,1770001560,4714.22,4729.70,,,,0,,,,,,,,,,,,,,,cancelled_opposing_structure,1770003360000
346,L,0,1768606200,4593.46,4591.70,1768606200,1768606800,4593.46,4593.61,1,1770001978357,1770001920,2759,23247,0,0,1770004260,1770004200,5155,5158,1770004200,4730.62,4734.83,1770004800,1770004860039,4738.55,0,4591.60,ob,4591.70,10,,0.00,,,,,,,,,cancelled_opposing_structure,1770005160000
728,L,0,1770006000,4739.43,4715.43,1770006300,1770006900,4745.94,4750.51,0,1770007692199,1770007680,1,8,1,1,,,,,,,,,,,0,,,,,,,,,,,,,,,cancelled_opposing_structure,1770008520000
731,L,0,1770012000,4658.96,4608.01,1770012300,1770012900,4659.86,4660.75,0,1770014435676,1770014400,4,20,0,0,1770014760,1770014400,5187,,1770014700,4699.34,4701.15,,,,0,,,,,,,,,,,,,,,cancelled_opposing_structure,1770016320000
337,L,0,1768585800,4572.41,4560.42,1768586100,1768586700,4575.56,4578.40,1,1770018319726,1770018300,2881,23855,2,1,,,,,,,,,,,0,,,,,,,,,,,,,,,cancelled_second_break,1770018660000
166,L,0,1768002600,4510.68,4508.27,1768002600,1768179600,4510.68,4512.92,1,1770018784101,1770018780,4191,30648,1,0,,,,,,,,,,,0,,,,,,,,,,,,,,,cancelled_opposing_structure,1770020460000
167,L,0,1768002900,4510.24,4508.67,1768002900,1768179900,4510.24,4521.24,1,1770018787735,1770018780,4190,30643,1,0,,,,,,,,,,,0,,,,,,,,,,,,,,,cancelled_opposing_structure,1770020460000
165,L,0,1768001700,4507.97,4506.55,1768001700,1768002300,4507.97,4508.41,1,1770018793923,1770018780,4194,33603,0,0,,,,,,,,,,,0,,,,,,,,,,,,,,,cancelled_opposing_structure,1770020460000
163,L,0,1767998400,4504.70,4502.60,1767998700,1767999300,4505.66,4506.46,1,1770018802246,1770018780,4204,33653,0,0,,,,,,,,,,,0,,,,,,,,,,,,,,,cancelled_opposing_structure,1770020460000
162,L,0,1767996300,4501.99,4499.70,1767996300,1767996900,4501.99,4506.78,1,1770018812780,1770018780,4212,33693,0,0,,,,,,,,,,,0,,,,,,,,,,,,,,,cancelled_opposing_structure,1770020460000
730,S,0,1770009300,4718.31,4664.63,1770009600,1770010200,4700.38,4713.99,0,1770010500010,1770010500,0,0,0,0,1770010500,1770009720,5176,,1770010440,4662.93,4672.77,1770010680,1770010740007,4649.53,1,4729.68,pivot,4729.36,10,4489.23,0.01,1770010740007,4649.53,6,0,4,1770020500692,4489.09,tp,filled,1770010740007
126,L,0,1767891300,4437.27,4432.62,1767891600,1767892200,4434.61,4443.81,1,1770020849070,1770020820,4556,35472,1,0,,,,,,,,,,,0,,,,,,,,,,,,,,,cancelled_opposing_structure,1770021480000
733,S,0,1770020700,4494.99,4433.62,1770021000,1770021600,4456.42,4464.98,0,1770021900082,1770021900,0,0,0,0,,,,,,,,,,,0,,,,,,,,,,,,,,,cancelled_opposing_structure,1770022440000
735,L,0,1770024600,4566.36,4524.89,1770024600,1770025200,4566.36,4567.80,0,1770026530553,1770026520,3,17,0,0,1770027540,1770027420,5227,5230,1770027480,4622.74,4629.78,1770028080,1770028140081,4639.45,0,4524.79,ob,4524.89,10,,0.00,,,,,,,,,cancelled_opposing_structure,1770030480000
737,L,0,1770027000,4628.24,4603.70,1770027000,1770027600,4628.24,4629.78,0,1770027958490,1770027900,0,0,0,0,,,,,,,,,,,0,,,,,,,,,,,,,,,cancelled_opposing_structure,1770030480000
738,L,0,1770028500,4633.11,4607.68,1770028500,1770029100,4633.11,4633.47,0,1770029520936,1770029520,0,2,0,0,,,,,,,,,,,0,,,,,,,,,,,,,,,cancelled_opposing_structure,1770030480000
732,S,0,1770016800,4669.14,4649.73,1770017100,1770017700,4642.72,4654.65,0,1770028230295,1770028200,34,170,0,0,1770030120,1770030000,5237,,1770030060,4620.86,4628.64,,,,0,,,,,,,,,,,,,,,cancelled_opposing_structure,1770030840000
740,S,0,1770034200,4730.70,4712.33,1770034500,1770035100,4691.65,4712.42,0,1770037204806,1770037200,6,30,0,0,,,,,,,,,,,0,,,,,,,,,,,,,,,cancelled_opposing_structure,1770037560000
729,S,0,1770007200,4772.95,4745.58,1770007200,1770007800,4735.11,4745.58,0,1770038073595,1770038040,99,499,0,0,,,,,,,,,,,0,,,,,,,,,,,,,,,cancelled_opposing_structure,1770039360000
742,L,0,1770039000,4763.84,4747.93,1770039000,1770039600,4763.84,4770.05,0,1770040362048,1770040320,1,7,0,0,1770040800,1770040800,5272,,,,,,,,0,,,,,,,,,,,,,,,cancelled_opposing_structure,1770041100000
743,S,0,1770044700,4788.13,4735.87,1770045000,1770045600,4760.72,4776.19,0,1770045900088,1770045900,0,0,0,0,1770046200,1770045720,5290,5294,1770046140,4733.46,4734.12,,,,0,,,,,,,,,,,,,,,cancelled_opposing_structure,1770048660000
744,S,0,1770045900,4753.18,4728.36,1770045900,1770046500,4714.76,4728.36,0,1770048050694,1770048000,4,20,0,0,1770049140,1770048780,5300,,1770049080,4698.52,4716.22,1770049260,1770049320129,4694.74,1,4753.48,ob,4753.18,10,4577.26,0.01,1770049320129,4694.74,9,8,42,1770050052626,4753.59,sl,filled,1770049320129
741,L,0,1770036000,4698.27,4672.50,1770036300,1770036900,4676.74,4693.95,0,1770046593281,1770046560,31,156,0,0,1770047580,1770047220,5294,,1770047520,4701.99,4709.05,1770047820,1770047880018,4709.83,1,4669.61,pivot,4669.71,10,4790.27,0.02,1770047880018,4709.83,8,35,178,1770050319600,4790.49,tp,filled,1770047880018
746,S,0,1770048600,4738.67,4708.06,1770048600,1770049200,4701.58,4708.06,0,1770049638242,1770049620,0,2,2,1,,,,,,,,,,,0,,,,,,,,,,,,,,,cancelled_second_break,1770050760000
747,L,0,1770048900,4729.96,4694.80,1770049200,1770049800,4701.58,4710.29,0,1770050961020,1770050940,2,14,0,0,1770051840,1770051660,5306,,1770051780,4728.91,4731.21,1770051960,1770052020003,4736.22,1,4690.52,pivot,4690.62,10,4827.62,0.02,1770052020003,4736.22,13,6,32,1770053051297,4690.25,sl,filled,1770052020003
745,L,0,1770046800,4693.77,4669.71,1770046800,1770047400,4693.77,4693.90,0,1770049203249,1770049200,5,25,0,0,1770049980,1770049380,5301,,1770049920,4732.59,4746.83,1770050760,1770050820009,4754.16,1,4669.61,ob,4669.71,10,4923.26,0.01,1770050820009,4754.16,12,10,52,1770053408305,4669.44,sl,filled,1770050820009
739,L,0,1770030900,4649.26,4631.36,1770031200,1770031800,4650.78,4684.55,0,1770053532801,1770053520,71,357,0,0,,,,,,,,,,,0,,,,,,,,,,,,,,,cancelled_opposing_structure,1770054840000
749,S,0,1770053700,4703.84,4675.65,1770054000,1770054600,4663.15,4667.76,0,1770055759709,1770055740,2,14,1,0,,,,,,,,,,,0,,,,,,,,,,,,,,,cancelled_opposing_structure,1770056520000
751,S,0,1770056400,4708.69,4683.27,1770056400,1770057000,4680.96,4683.27,0,1770057611398,1770057600,1,5,0,0,,,,,,,,,,,0,,,,,,,,,,,,,,,cancelled_opposing_structure,1770059220000
752,S,0,1770057300,4678.63,4656.36,1770057600,1770058200,4668.13,4669.49,0,1770058500092,1770058500,0,0,2,1,,,,,,,,,,,0,,,,,,,,,,,,,,,cancelled_second_break,1770059220000
754,S,0,1770059100,4713.94,4668.33,1770059400,1770060000,4683.43,4697.28,0,1770060300010,1770060300,0,0,0,0,1770060300,1770060060,5329,,,,,,,,0,,,,,,,,,,,,,,,cancelled_opposing_structure,1770061800000
753,L,0,1770058500,4676.93,4658.51,1770058800,1770059400,4682.56,4697.28,0,1770059909163,1770059880,0,3,0,0,1770061740,1770061380,5333,,1770061680,4673.99,4674.80,1770061860,1770061920031,4676.59,1,4658.41,ob,4658.51,10,4712.95,0.05,1770061920031,4676.59,16,7,37,1770062464504,4658.34,sl,filled,1770061920031
756,S,0,1770062700,4664.32,4648.95,1770062700,1770063300,4639.24,4648.95,0,1770064266494,1770064260,2,11,2,1,,,,,,,,,,,0,,,,,,,,,,,,,,,cancelled_second_break,1770064980000
755,S,0,1770062100,4688.16,4672.75,1770062100,1770062700,4664.32,4672.75,0,1770064656230,1770064620,5,27,0,0,1770066060,1770065940,5348,,1770066000,4646.35,4647.54,1770066180,1770066240114,4642.96,1,4688.46,ob,4688.16,10,4551.96,0.02,1770066240114,4642.96,19,10,54,1770068557162,4688.64,sl,filled,1770066240114
750,L,0,1770054900,4644.47,4617.28,1770055200,1770055800,4646.10,4667.97,0,1770063241507,1770063240,23,119,0,0,1770064260,1770064140,5341,,1770064140,4636.60,4645.55,1770064380,1770064440108,4648.50,1,4617.18,ob,4617.28,10,4711.14,0.03,1770064440108,4648.50,18,27,139,1770069039099,4711.14,tp,filled,1770064440108
757,L,0,1770063900,4643.47,4624.92,1770063900,1770064500,4643.47,4655.64,0,1770066064448,1770066060,4,21,0,0,1770068100,1770067860,5355,5359,1770068040,4652.71,4653.40,,,,0,,,,,,,,,,,,,,,cancelled_opposing_structure,1770070080000
760,S,0,1770069900,4696.83,4669.02,1770070200,1770070800,4678.57,4685.94,0,1770071203168,1770071160,0,1,0,0,,,,,,,,,,,0,,,,,,,,,,,,,,,cancelled_opposing_structure,1770072120000
758,L,0,1770067500,4654.32,4640.02,1770067800,1770068400,4657.21,4660.62,0,1770070982315,1770070980,7,38,0,0,1770072060,1770071640,5365,,1770072000,4670.54,4681.07,,,,0,,,,,,,,,,,,,,,cancelled_opposing_structure,1770073200000
759,S,0,1770068700,4709.87,4694.51,1770068700,1770069300,4692.41,4694.51,0,1770070149411,1770070140,1,9,0,0,1770070860,1770070260,5362,,1770070800,4663.95,4672.27,1770071400,1770071460003,4661.55,1,4710.17,ob,4709.87,10,4564.31,0.02,1770071460003,4661.55,22,6,31,1770080628120,4710.17,sl,filled,1770071460003
761,S,0,1770075300,4681.45,4669.57,1770075600,1770076200,4668.25,4668.84,0,1770080401918,1770080400,1,65,1,0,,,,,,,,,,,0,,,,,,,,,,,,,,,cancelled_opposing_structure,1770081060000
748,S,0,1770050100,4792.55,4750.11,1770050400,1770051000,4747.71,4752.23,0,1770081819082,1770081780,89,508,0,0,,,,,,,,,,,0,,,,,,,,,,,,,,,cancelled_opposing_structure,1770083400000
727,S,0,1769999700,4844.61,4815.51,1769999700,1770000300,4807.77,4815.51,0,1770085473524,1770085440,270,1414,0,0,,,,,,,,,,,0,,,,,,,,,,,,,,,cancelled_opposing_structure,1770086280000
765,S,0,1770086400,4827.69,4814.74,1770086400,1770087000,4811.67,4814.74,0,1770087849422,1770087840,1,9,0,0,,,,,,,,,,,0,,,,,,,,,,,,,,,cancelled_opposing_structure,1770088320000
766,L,0,1770087900,4812.29,4790.13,1770087900,1770088500,4812.29,4823.54,0,1770091480667,1770091440,8,44,2,1,,,,,,,,,,,0,,,,,,,,,,,,,,,cancelled_second_break,1770092280000
764,L,0,1770084300,4795.60,4773.24,1770084600,1770085200,4787.11,4801.91,0,1770087307401,1770087300,6,30,0,0,1770087840,1770087660,5401,,1770087660,4784.33,4800.72,1770088080,1770088140109,4803.20,1,4766.39,pivot,4766.49,10,4876.82,0.02,1770088140109,4803.20,24,8,44,1770092816588,4764.60,sl,filled,1770088140109
768,S,0,1770093300,4787.59,4764.11,1770093300,1770093900,4761.16,4764.11,0,1770094342370,1770094320,0,2,1,1,,,,,,,,,,,0,,,,,,,,,,,,,,,cancelled_opposing_structure,1770094980000
763,L,0,1770082800,4750.09,4730.31,1770082800,1770083400,4750.09,4750.72,0,1770093908523,1770093900,34,170,0,0,1770094740,1770094680,5424,,1770094680,4774.26,4781.17,1770094920,,,0,,,,,,,,,,,,,,,cancelled_opposing_structure,1770096060000
769,L,0,1770093600,4782.15,4757.75,1770093900,1770094500,4761.16,4764.74,0,1770094802370,1770094800,0,0,0,0,1770094800,1770094680,5424,,1770094680,4774.26,4781.17,1770094920,1770094980029,4787.46,1,4757.65,ob,4757.75,10,4847.08,0.03,1770094980029,4787.46,26,0,3,1770096354292,4757.37,sl,filled,1770094980029
770,S,0,1770094800,4793.25,4780.78,1770094800,1770095400,4776.83,4780.78,0,1770096635548,1770096600,3,15,2,1,1770097980,1770097920,5435,,,,,,,,0,,,,,,,,,,,,,,,cancelled_second_break,1770098100000
767,S,0,1770090900,4847.62,4827.88,1770090900,1770091500,4823.29,4827.88,0,1770103398265,1770103380,38,193,0,0,1770104700,1770104400,5457,,1770104400,4828.70,4829.75,1770104880,1770104940037,4826.20,1,4847.94,ob,4847.62,10,4782.72,0.04,1770104940037,4826.20,29,43,219,1770106457336,4848.16,sl,filled,1770104940037
772,L,0,1770097500,4806.31,4793.55,1770097800,1770098400,4800.55,4808.21,0,1770099858388,1770099840,3,19,0,0,1770100620,1770099840,5441,,1770100560,4812.95,4820.13,1770101040,1770101100096,4820.87,1,4793.45,ob,4793.55,10,4875.71,0.03,1770101100096,4820.87,28,8,40,1770107647114,4875.78,tp,filled,1770101100096
718,S,0,1769810100,4947.84,4928.67,1769810100,1769810700,4921.57,4928.67,1,1770111468410,1770111420,401,5007,0,0,1770113040,1770112800,5482,,1770112980,4909.62,4911.38,,,,0,,,,,,,,,,,,,,,cancelled_opposing_structure,1770115380000
776,L,0,1770112800,4920.67,4905.88,1770113100,1770113700,4920.40,4927.54,0,1770116297615,1770116280,7,38,0,0,,,,,,,,,,,0,,,,,,,,,,,,,,,cancelled_opposing_structure,1770117540000
777,L,0,1770117900,4905.16,4890.45,1770118200,1770118800,4903.12,4911.54,0,1770123560995,1770123540,14,74,2,1,,,,,,,,,,,0,,,,,,,,,,,,,,,cancelled_second_break,1770125040000
778,L,0,1770123300,4918.19,4901.76,1770123600,1770124200,4903.40,4906.05,0,1770124500044,1770124500,0,0,2,1,,,,,,,,,,,0,,,,,,,,,,,,,,,cancelled_second_break,1770125400000
779,S,0,1770123900,4912.48,4902.23,1770124200,1770124800,4899.37,4906.05,0,1770125188495,1770125160,0,1,2,1,,,,,,,,,,,0,,,,,,,,,,,,,,,cancelled_second_break,1770125700000
781,L,0,1770126600,4909.71,4898.87,1770126600,1770127200,4909.71,4911.04,0,1770128491616,1770128460,3,16,2,1,,,,,,,,,,,0,,,,,,,,,,,,,,,cancelled_second_break,1770128940000
785,L,0,1770132900,4938.89,4928.67,1770132900,1770133500,4938.89,4941.69,0,1770133859893,1770133800,0,0,2,1,,,,,,,,,,,0,,,,,,,,,,,,,,,cancelled_second_break,1770134460000
780,L,0,1770124800,4899.37,4883.95,1770125100,1770125700,4905.49,4910.79,0,1770126802365,1770126780,2,13,0,0,1770133320,1770133140,5541,,1770133200,4936.50,4938.00,1770132420,,,0,,,,,,,,,,,,,,,cancelled_opposing_structure,1770135360000
783,L,0,1770130200,4918.35,4908.46,1770130500,1770131100,4918.01,4921.18,0,1770131487799,1770131460,0,1,0,0,1770133320,1770133140,5541,,1770133200,4936.50,4938.00,1770132420,,,0,,,,,,,,,,,,,,,cancelled_opposing_structure,1770135360000
784,L,0,1770131700,4929.88,4917.12,1770132000,1770132600,4925.40,4930.18,0,1770132931186,1770132900,0,0,1,0,1770133320,1770133140,5541,,1770133200,4936.50,4938.00,,,,0,,,,,,,,,,,,,,,cancelled_opposing_structure,1770135360000
782,L,0,1770128400,4913.18,4899.22,1770128700,1770129300,4906.70,4910.96,0,1770129600069,1770129600,0,0,0,0,1770131040,1770130980,5533,,1770130980,4915.69,4921.18,1770131580,1770131640040,4924.80,1,4899.12,ob,4899.22,10,4976.16,0.03,1770131640040,4924.80,34,6,34,1770135428005,4899.09,sl,filled,1770131640040
787,S,0,1770134700,4929.25,4919.35,1770135000,1770135600,4917.17,4921.42,0,1770136114876,1770136080,0,3,0,0,,,,,,,,,,,0,,,,,,,,,,,,,,,cancelled_opposing_structure,1770137580000
788,L,0,1770137700,4929.04,4913.23,1770138000,1770138600,4925.03,4933.83,0,1770139189835,1770139140,0,4,2,1,,,,,,,,,,,0,,,,,,,,,,,,,,,cancelled_second_break,1770140160000
786,S,0,1770133500,4950.99,4941.69,1770133500,1770134100,4935.01,4941.69,0,1770138623981,1770138600,14,70,0,0,1770140100,1770139800,5560,,,,,1770139800,,,0,,,,,,,,,,,,,,,cancelled_opposing_structure,1770142380000
789,S,0,1770138300,4938.68,4918.79,1770138600,1770139200,4927.97,4933.83,0,1770139637475,1770139620,0,2,0,0,1770139620,1770138960,5559,,1770139140,4923.84,4927.49,1770139800,1770139860026,4920.73,1,4948.90,pivot,4948.60,10,4864.39,0.03,1770139860026,4920.73,36,1,6,1770142573858,4948.91,sl,filled,1770139860026
774,L,0,1770109200,4882.01,4872.14,1770109200,1770109800,4882.01,4882.90,0,1770110217997,1770110160,0,1,0,0,1770110700,1770110340,5473,,1770110640,4892.90,4897.58,1770110940,1770111000107,4900.33,1,4872.04,ob,4872.14,10,4956.91,0.03,1770111000107,4900.33,32,3,15,1770142582278,4958.30,tp,filled,1770111000107
714,S,0,1769799300,4987.19,4970.78,1769799600,1769800200,4948.02,4968.37,1,1770142645271,1770142620,540,5702,0,0,,,,,,,,,,,0,,,,,,,,,,,,,,,cancelled_opposing_structure,1770143820000
790,L,0,1770141900,4942.23,4929.81,1770142200,1770142800,4945.74,4966.15,0,1770145702989,1770145680,8,43,1,1,1770146280,1770145860,5576,,1770146220,4957.91,4961.72,,,,0,,,,,,,,,,,,,,,cancelled_opposing_structure,1770147660000
792,L,0,1770145500,4957.65,4938.00,1770145800,1770146400,4947.56,4952.51,0,1770146700077,1770146700,0,0,1,0,,,,,,,,,,,0,,,,,,,,,,,,,,,cancelled_opposing_structure,1770147660000
795,S,0,1770151800,4911.22,4891.61,1770152100,1770152700,4893.51,4901.97,0,1770153066428,1770153060,0,1,1,0,1770153960,1770153780,5600,,,,,,,,0,,,,,,,,,,,,,,,cancelled_opposing_structure,1770154620000
797,L,0,1770154200,4931.14,4922.34,1770154200,1770154800,4931.14,4937.97,0,1770155295212,1770155280,0,3,2,1,,,,,,,,,,,0,,,,,,,,,,,,,,,cancelled_second_break,1770156060000
799,S,0,1770155700,4928.98,4919.66,1770155700,1770156300,4917.92,4919.66,0,1770156851234,1770156840,0,4,2,1,,,,,,,,,,,0,,,,,,,,,,,,,,,cancelled_second_break,1770157380000
794,S,0,1770149400,4953.97,4938.89,1770149700,1770150300,4931.03,4936.38,0,1770154681969,1770154680,13,68,0,0,1770156180,1770155880,5607,,1770156120,4911.89,4913.11,,,,0,,,,,,,,,,,,,,,cancelled_opposing_structure,1770157680000
798,S,0,1770154800,4948.84,4937.97,1770154800,1770155400,4937.93,4937.97,0,1770157648464,1770157620,6,32,2,1,,,,,,,,,,,0,,,,,,,,,,,,,,,cancelled_second_break,1770158700000
793,S,0,1770147000,4964.76,4948.26,1770147300,1770147900,4935.07,4945.97,0,1770149250920,1770149220,3,17,0,0,1770150540,1770150420,5590,,1770150480,4917.01,4924.80,1770150660,1770150720056,4911.11,1,4965.06,ob,4964.76,10,4803.21,0.01,1770150720056,4911.11,39,8,42,1770166860226,4966.05,sl,filled,1770150720056
800,S,0,1770161400,4958.15,4951.00,1770161400,1770162000,4945.45,4951.00,0,1770166818938,1770166800,3,75,2,1,,,,,,,,,,,0,,,,,,,,,,,,,,,cancelled_second_break,1770166920000
801,L,0,1770162300,4940.87,4935.01,1770162300,1770162900,4940.87,4941.06,0,1770167229590,1770167220,1,67,2,1,,,,,,,,,,,0,,,,,,,,,,,,,,,cancelled_second_break,1770167580000
802,S,0,1770166800,4972.18,4945.77,1770166800,1770167400,4936.04,4945.77,0,1770169279577,1770169260,5,26,0,0,,,,,,,,,,,0,,,,,,,,,,,,,,,cancelled_opposing_structure,1770170580000
791,S,0,1770143700,4993.82,4973.86,1770144000,1770144600,4976.64,4980.46,0,1770171196605,1770171180,75,438,2,1,,,,,,,,,,,0,,,,,,,,,,,,,,,cancelled_second_break,1770171600000
803,S,0,1770171300,4997.66,4984.74,1770171600,1770172200,4987.23,4988.99,0,1770172512934,1770172500,0,0,1,0,,,,,,,,,,,0,,,,,,,,,,,,,,,cancelled_opposing_structure,1770173280000
775,L,0,1770110100,4893.47,4879.80,1770110400,1770111000,4892.90,4898.71,0,1770118054441,1770118020,22,112,0,0,1770120540,1770120420,5506,,1770120480,4915.21,4922.02,1770120660,1770120720127,4927.38,1,4879.70,ob,4879.80,10,5022.74,0.02,1770120720127,4927.38,33,31,157,1770174366566,5022.85,tp,filled,1770120720127
712,S,0,1769795700,5057.13,5040.55,1769795700,1769796300,5037.03,5040.55,1,1770174608166,1770174600,648,6300,0,0,1770175800,1770175380,5652,,1770175740,5031.14,5031.30,1770175980,1770176040052,5030.94,1,5057.43,ob,5057.13,10,4977.96,0.03,1770176040052,5030.94,42,652,6324,1770177730429,5057.88,sl,filled,1770176040052
804,L,0,1770174000,5017.40,4985.28,1770174000,1770174600,5017.40,5031.42,0,1770176282836,1770176280,4,23,0,0,1770178020,1770177960,5659,,,,,,,,0,,,,,,,,,,,,,,,cancelled_opposing_structure,1770179520000
805,L,0,1770177000,5050.21,5035.54,1770177300,1770177900,5047.47,5055.15,0,1770179508448,1770179460,4,21,0,0,,,,,,,,,,,0,,,,,,,,,,,,,,,cancelled_opposing_structure,1770181020000
807,S,0,1770180000,5062.09,5042.22,1770180300,1770180900,5047.62,5050.02,0,1770181226427,1770181200,0,0,0,0,,,,,,,,,,,0,,,,,,,,,,,,,,,cancelled_opposing_structure,1770181920000
806,S,0,1770179100,5062.94,5055.51,1770179100,1770179700,5050.80,5055.51,0,1770180173107,1770180120,0,2,0,0,1770180960,1770180180,5668,,1770180660,5043.48,5048.21,1770181080,1770181140100,5039.58,1,5063.24,ob,5062.94,10,4992.26,0.04,1770181140100,5039.58,44,3,19,1770183305355,5063.32,sl,filled,1770181140100
809,S,0,1770185400,5073.94,5064.46,1770185700,1770186300,5065.06,5065.59,0,1770186704145,1770186660,0,1,2,1,,,,,,,,,,,0,,,,,,,,,,,,,,,cancelled_second_break,1770187740000
811,L,0,1770188400,5080.87,5076.80,1770188400,1770189000,5080.87,5081.04,0,1770189636645,1770189600,1,5,2,1,,,,,,,,,,,0,,,,,,,,,,,,,,,cancelled_second_break,1770190500000
812,S,0,1770189900,5081.68,5078.83,1770189900,1770190500,5078.30,5078.83,0,1770190812482,1770190800,0,0,2,1,,,,,,,,,,,0,,,,,,,,,,,,,,,cancelled_second_break,1770191160000
813,L,0,1770190200,5085.17,5074.44,1770190500,1770191100,5078.30,5081.09,0,1770191635099,1770191580,0,3,0,0,1770191580,1770190620,5700,,1770191040,5084.63,5084.87,1770191640,1770191700052,5087.26,1,5069.27,pivot,5069.37,10,5123.24,0.05,1770191700052,5087.26,46,1,5,1770192406669,5069.26,sl,filled,1770191700052
810,L,0,1770186300,5065.06,5058.95,1770186600,1770187200,5068.17,5068.71,0,1770192413296,1770192360,16,81,2,1,,,,,,,,,,,0,,,,,,,,,,,,,,,cancelled_second_break,1770192960000
816,S,0,1770195300,5078.01,5073.46,1770195300,1770195900,5070.78,5073.46,0,1770196909750,1770196860,2,11,2,1,,,,,,,,,,,0,,,,,,,,,,,,,,,cancelled_second_break,1770198180000
815,S,0,1770192000,5082.74,5074.99,1770192000,1770192600,5064.99,5074.99,0,1770194829631,1770194820,6,32,2,1,1770196440,1770195960,5716,,,,,,,,0,,,,,,,,,,,,,,,cancelled_second_break,1770198360000
814,S,0,1770191100,5089.33,5081.09,1770191400,1770192000,5082.74,5084.30,0,1770195612938,1770195600,11,55,2,1,1770196440,1770195960,5716,,,,,,,,0,,,,,,,,,,,,,,,cancelled_second_break,1770198840000
818,S,0,1770197100,5089.54,5080.35,1770197100,1770197700,5074.40,5080.35,0,1770198155080,1770198120,0,2,2,1,,,,,,,,,,,0,,,,,,,,,,,,,,,cancelled_second_break,1770198960000
820,S,0,1770200700,5085.89,5081.71,1770200700,1770201300,5078.53,5081.71,0,1770201797920,1770201780,0,3,0,0,,,,,,,,,,,0,,,,,,,,,,,,,,,cancelled_opposing_structure,1770202680000
819,L,0,1770197700,5074.40,5067.05,1770197700,1770198300,5074.40,5080.35,0,1770201064198,1770201060,8,41,0,0,1770202620,1770202380,5734,,1770202560,5081.12,5083.83,1770202800,1770202860035,5085.00,1,5066.95,ob,5067.05,10,5121.10,0.05,1770202860035,5085.00,49,14,71,1770203742130,5066.50,sl,filled,1770202860035
817,L,0,1770196200,5067.92,5063.13,1770196200,1770196800,5067.92,5068.27,0,1770197806774,1770197760,2,11,0,0,1770198780,1770198660,5721,,1770198720,5086.85,5087.37,1770199080,1770199140159,5088.78,1,5063.03,ob,5063.13,10,5140.28,0.03,1770199140159,5088.78,48,6,34,1770203764214,5062.98,sl,filled,1770199140159
808,L,0,1770182400,5048.37,5039.30,1770182400,1770183000,5048.37,5051.60,0,1770204759288,1770204720,71,357,0,0,,,,,,,,,,,0,,,,,,,,,,,,,,,cancelled_opposing_structure,1770207900000
822,S,0,1770210000,5053.47,5047.38,1770210300,1770210900,5044.17,5046.25,0,1770213377260,1770213360,7,36,0,0,1770214080,1770213960,5768,,1770214020,5046.41,5047.48,,,,0,,,,,,,,,,,,,,,cancelled_opposing_structure,1770215520000
825,S,0,1770213600,5055.28,5047.00,1770213600,1770214200,5045.79,5047.00,0,1770214502297,1770214500,0,0,0,0,,,,,,,,,,,0,,,,,,,,,,,,,,,cancelled_opposing_structure,1770215520000
826,L,0,1770215100,5049.99,5045.85,1770215100,1770215700,5049.99,5050.51,0,1770216459750,1770216420,1,7,2,1,,,,,,,,,,,0,,,,,,,,,,,,,,,cancelled_second_break,1770216960000
824,L,0,1770212400,5039.27,5030.13,1770212700,1770213300,5038.97,5044.88,0,1770214213369,1770214200,2,10,0,0,1770215460,1770214860,5770,,1770215400,5049.26,5051.87,1770216000,1770216060128,5052.33,1,5030.03,ob,5030.13,10,5096.93,0.04,1770216060128,5052.33,53,8,41,1770217799710,5029.91,sl,filled,1770216060128
827,S,0,1770216000,5056.33,5050.39,1770216300,1770216900,5047.70,5049.48,0,1770218760315,1770218760,5,26,1,0,,,,,,,,,,,0,,,,,,,,,,,,,,,cancelled_opposing_structure,1770219300000
828,L,0,1770217800,5034.38,5023.57,1770217800,1770218400,5034.38,5036.76,0,1770219848774,1770219840,3,19,0,0,1770220440,1770219840,5782,,1770220380,5055.96,5059.02,,,,0,,,,,,,,,,,,,,,cancelled_opposing_structure,1770222600000
829,L,0,1770219600,5050.93,5033.19,1770219900,1770220500,5050.56,5052.68,0,1770220874690,1770220860,0,1,1,0,,,,,,,,,,,0,,,,,,,,,,,,,,,cancelled_opposing_structure,1770222600000
823,L,0,1770211500,5032.35,5019.73,1770211500,1770212100,5032.35,5032.50,0,1770212623580,1770212580,0,3,0,0,1770215460,1770214860,5770,,1770215400,5049.26,5051.87,1770216060,1770216120162,5052.48,1,5019.63,ob,5019.73,10,5118.18,0.02,1770216120162,5052.48,54,12,62,1770222741382,5019.61,sl,filled,1770216120162
821,S,0,1770205800,5064.32,5055.40,1770206100,1770206700,5054.14,5058.34,0,1770207025983,1770207000,0,0,0,0,1770207840,1770207720,5748,,1770207780,5046.52,5048.66,1770208020,1770208080038,5044.76,1,5064.62,ob,5064.32,10,5005.04,0.04,1770208080038,5044.76,52,3,18,1770222770881,5004.69,tp,filled,1770208080038
796,L,0,1770152700,4893.51,4880.92,1770152700,1770153300,4893.51,4914.85,0,1770226571871,1770226560,231,1216,0,0,1770228660,1770228480,5804,,1770228600,4923.22,4924.28,,,,0,,,,,,,,,,,,,,,cancelled_opposing_structure,1770229320000
830,L,0,1770226500,4927.51,4887.73,1770226500,1770227100,4927.51,4932.13,0,1770227823956,1770227820,1,7,0,0,1770228660,1770228480,5804,,1770228600,4923.22,4924.28,,,,0,,,,,,,,,,,,,,,cancelled_opposing_structure,1770229320000
832,S,0,1770228600,4940.27,4915.82,1770228600,1770229200,4914.46,4915.82,0,1770229629514,1770229620,0,2,0,0,1770230760,1770230040,5806,,1770230700,4888.89,4892.67,,,,0,,,,,,,,,,,,,,,cancelled_opposing_structure,1770232320000
833,S,0,1770229800,4934.63,4914.09,1770229800,1770230400,4910.09,4914.09,0,1770231896414,1770231840,3,19,0,0,1770234300,1770234000,5818,,1770234240,4901.85,4904.04,1770234480,1770234540158,4896.72,1,4934.93,ob,4934.63,10,4820.30,0.02,1770234540158,4896.72,59,12,64,1770236938745,4934.98,sl,filled,1770234540158
831,S,0,1770227400,4946.21,4930.48,1770227400,1770228000,4922.76,4930.48,0,1770228692399,1770228660,1,6,0,0,1770229260,1770228780,5803,,1770229200,4902.38,4907.69,1770229380,1770229440119,4893.48,1,4946.51,ob,4946.21,10,4787.42,0.01,1770229440119,4893.48,58,3,19,1770239688786,4946.69,sl,filled,1770229440119
835,L,0,1770236100,4918.91,4901.52,1770236400,1770237000,4911.96,4919.82,0,1770237384930,1770237360,0,1,0,0,1770241920,1770241680,5843,,1770241860,4945.76,4949.50,,,,0,,,,,,,,,,,,,,,cancelled_opposing_structure,1770243120000
836,L,0,1770238800,4933.43,4915.26,1770238800,1770239400,4933.43,4937.52,0,1770240070058,1770240060,1,6,0,0,1770241920,1770241680,5843,,1770241860,4945.76,4949.50,,,,0,,,,,,,,,,,,,,,cancelled_opposing_structure,1770243120000
834,L,0,1770235200,4900.89,4873.06,1770235200,1770235800,4900.89,4906.57,0,1770236443108,1770236400,1,5,0,0,1770236700,1770236460,5826,5829,1770236640,4908.04,4918.43,1770237420,1770237480048,4920.72,1,4872.96,ob,4873.06,10,5016.24,0.02,1770237480048,4920.72,61,4,23,1770254595318,5016.32,tp,filled,1770237480048
838,L,0,1770247800,4958.98,4952.60,1770247800,1770248400,4958.98,4960.09,0,1770248764513,1770248760,0,1,0,0,1770254580,1770254460,5873,,1770254520,5011.84,5012.43,1770254820,1770254880142,5012.95,1,4952.50,ob,4952.60,10,5133.85,0.01,1770254880142,5012.95,64,8,103,1770261343933,4952.34,sl,filled,1770254880142
839,L,0,1770249000,4970.92,4962.73,1770249300,1770253500,4966.33,4987.79,0,1770261294979,1770261240,24,124,2,1,1770263460,1770263220,5904,,,,,,,,0,,,,,,,,,,,,,,,cancelled_second_break,1770263940000
837,L,0,1770243900,4930.35,4921.74,1770244200,1770244800,4928.15,4941.89,0,1770264682162,1770264660,53,326,2,1,,,,,,,,,,,0,,,,,,,,,,,,,,,cancelled_second_break,1770265980000
773,L,0,1770105600,4829.60,4816.55,1770105900,1770106500,4828.75,4841.78,0,1770267084137,1770267060,510,2671,2,1,,,,,,,,,,,0,,,,,,,,,,,,,,,cancelled_second_break,1770267180000
842,L,0,1770264900,4921.62,4895.30,1770264900,1770265500,4921.62,4926.56,0,1770265972124,1770265920,0,2,1,0,,,,,,,,,,,0,,,,,,,,,,,,,,,cancelled_opposing_structure,1770267660000
846,L,0,1770281400,4926.18,4905.32,1770281700,1770282300,4921.68,4922.48,0,1770282617826,1770282600,0,0,0,0,,,,,,,,,,,0,,,,,,,,,,,,,,,cancelled_opposing_structure,1770283320000
845,L,0,1770278400,4896.82,4878.29,1770278400,1770279000,4896.82,4907.76,0,1770284558930,1770284520,17,87,0,0,1770285780,1770285300,5974,,1770285720,4919.29,4920.01,1770285900,1770285960050,4920.23,1,4878.19,ob,4878.29,10,5004.31,0.02,1770285960050,4920.23,67,22,111,1770289550988,4877.39,sl,filled,1770285960050
847,S,0,1770283500,4940.69,4924.78,1770283500,1770284100,4920.99,4924.78,0,1770285813202,1770285780,4,23,0,0,1770290400,1770290160,5991,,1770290340,4862.57,4864.56,,,,0,,,,,,,,,,,,,,,cancelled_opposing_structure,1770291600000
851,S,0,1770291600,4891.31,4878.61,1770291900,1770292500,4870.19,4882.04,0,1770295418290,1770295380,8,43,0,0,,,,,,,,,,,0,,,,,,,,,,,,,,,cancelled_opposing_structure,1770297300000
853,L,0,1770294300,4866.28,4848.19,1770294600,1770295200,4864.07,4865.67,0,1770299469619,1770299460,13,66,0,0,,,,,,,,,,,0,,,,,,,,,,,,,,,cancelled_opposing_structure,1770300300000
852,L,0,1770293100,4862.59,4852.01,1770293100,1770293700,4862.59,4864.55,0,1770294028593,1770294000,0,0,0,0,1770294840,1770294660,6007,,1770294780,4859.83,4861.20,1770295140,1770295200145,4865.87,1,4848.09,pivot,4848.19,10,4901.43,0.05,1770295200145,4865.87,70,4,20,1770300623480,4847.17,sl,filled,1770295200145
844,L,0,1770276600,4868.88,4826.79,1770276900,1770277500,4859.91,4885.60,0,1770289884181,1770289860,40,201,0,0,1770291540,1770291060,5995,,1770291360,4879.85,4881.18,1770291660,1770291720034,4882.12,1,4826.69,ob,4826.79,10,4992.98,0.01,1770291720034,4882.12,69,46,232,1770301176299,4826.21,sl,filled,1770291720034
856,L,0,1770300900,4845.54,4820.24,1770301200,1770301800,4831.76,4843.00,0,1770302678692,1770302640,1,9,0,0,,,,,,,,,,,0,,,,,,,,,,,,,,,cancelled_opposing_structure,1770303720000
843,L,0,1770267300,4854.16,4807.46,1770267600,1770268200,4842.96,4843.80,0,1770268500028,1770268500,0,0,0,0,1770270120,1770269760,5922,,1770270000,4862.21,4865.34,1770270360,1770270420207,4869.19,1,4807.36,ob,4807.46,10,4992.85,0.01,1770270420207,4869.19,66,6,32,1770303995974,4806.93,sl,filled,1770270420207
855,S,0,1770299700,4873.23,4866.18,1770299700,1770300300,4864.60,4866.18,0,1770302125804,1770302100,5,25,0,0,1770303660,1770302820,6036,6040,1770303480,4854.28,4855.85,,,,0,,,,,,,,,,,,,,,cancelled_opposing_structure,1770304740000
858,S,0,1770305400,4867.75,4841.75,1770305700,1770306300,4836.78,4839.01,0,1770306762760,1770306720,0,2,0,0,1770307260,1770306840,6047,,1770306960,4835.77,4838.82,1770307380,1770307440112,4825.95,1,4868.05,ob,4867.75,10,4741.75,0.02,1770307440112,4825.95,75,2,14,1770310288278,4868.09,sl,filled,1770307440112
857,S,0,1770302700,4868.08,4847.59,1770303000,1770303600,4854.28,4854.45,0,1770304909964,1770304860,3,16,0,0,1770305940,1770305520,6044,6049,1770305880,4846.15,4847.41,1770307020,1770307080037,4835.76,1,4868.38,ob,4868.08,10,4770.52,0.02,1770307080037,4835.76,74,10,53,1770310288615,4868.42,sl,filled,1770307080037
860,L,0,1770309000,4835.52,4805.99,1770309000,1770309600,4835.52,4849.97,0,1770310915777,1770310860,3,16,0,0,,,,,,,,,,,0,,,,,,,,,,,,,,,cancelled_opposing_structure,1770312480000
859,L,0,1770307800,4843.34,4811.78,1770308100,1770308700,4824.15,4828.83,0,1770309000088,1770309000,0,0,0,0,1770309480,1770309180,6054,,1770309420,4833.75,4840.78,1770310140,1770310200069,4850.37,1,4805.89,pivot,4805.99,10,4939.33,0.02,1770310200069,4850.37,76,4,20,1770313563233,4805.82,sl,filled,1770310200069
861,S,0,1770311700,4845.64,4823.56,1770312000,1770312600,4825.12,4826.01,0,1770312986880,1770312960,0,1,0,0,1770313560,1770313140,6068,,1770313500,4807.17,4810.10,,,,0,,,,,,,,,,,,,,,cancelled_opposing_structure,1770314520000
854,S,0,1770297900,4893.31,4887.64,1770298200,1770298800,4879.81,4881.45,0,1770317401898,1770317400,61,305,1,1,1770319260,1770319080,6088,,1770319140,4870.16,4871.35,1770319320,,,0,,,,,,,,,,,,,,,cancelled_opposing_structure,1770320460000
864,S,0,1770324000,4872.72,4854.27,1770324300,1770324900,4858.80,4860.96,0,1770325200112,1770325200,0,0,0,0,1770325500,1770325320,6109,,,,,,,,0,,,,,,,,,,,,,,,cancelled_opposing_structure,1770326820000
862,L,0,1770315000,4840.54,4820.21,1770315300,1770315900,4838.07,4844.86,0,1770327009813,1770327000,36,180,1,1,1770328140,1770327780,6121,,,,,,,,0,,,,,,,,,,,,,,,cancelled_opposing_structure,1770328980000
863,S,0,1770317400,4906.79,4884.05,1770317700,1770318300,4882.29,4884.36,0,1770320811141,1770320760,7,36,0,0,1770321360,1770321180,6097,,1770321300,4870.38,4873.72,1770321660,1770321720024,4869.40,1,4907.09,ob,4906.79,10,4794.02,0.02,1770321720024,4869.40,81,10,52,1770332104338,4793.88,tp,filled,1770321720024
867,L,0,1770331800,4807.46,4800.18,1770331800,1770332400,4807.46,4808.46,0,1770333040631,1770333000,1,5,0,0,,,,,,,,,,,0,,,,,,,,,,,,,,,cancelled_opposing_structure,1770333600000
865,S,0,1770327900,4843.77,4836.67,1770327900,1770328500,4833.99,4836.67,0,1770329374660,1770329340,1,9,0,0,1770335400,1770335160,6147,,1770335340,4763.07,4768.12,1770332040,,,0,,,,,,,,,,,,,,,cancelled_opposing_structure,1770335820000
771,L,0,1770096000,4780.51,4759.64,1770096300,1770096900,4773.68,4780.05,0,1770334466406,1770334440,766,3954,1,0,1770340140,1770339960,6151,,1770340080,4777.30,4777.79,,,,0,,,,,,,,,,,,,,,cancelled_opposing_structure,1770341100000
869,L,0,1770334800,4777.29,4759.74,1770335100,1770335700,4773.26,4774.67,0,1770339643367,1770339600,0,60,2,1,1770340140,1770339960,6151,,1770340080,4777.30,4777.79,,,,0,,,,,,,,,,,,,,,cancelled_second_break,1770341100000
866,S,0,1770329100,4836.99,4815.65,1770329400,1770330000,4824.81,4827.74,0,1770330300056,1770330300,0,0,0,0,1770331020,1770330900,6131,,1770330960,4813.82,4818.65,1770331320,1770331380020,4809.67,1,4837.29,ob,4836.99,10,4754.43,0.03,1770331380020,4809.67,82,3,18,1770341189847,4754.37,tp,filled,1770331380020
850,S,0,1770288900,4918.39,4903.56,1770288900,1770289500,4888.47,4903.56,0,1770317666886,1770317640,92,464,0,0,1770319260,1770319080,6088,,1770319140,4870.16,4871.35,1770319320,1770319380017,4863.47,1,4918.69,ob,4918.39,10,4753.03,0.01,1770319380017,4863.47,80,98,493,1770341207648,4751.36,tp,filled,1770319380017
872,S,0,1770343500,4701.23,4684.82,1770343500,1770344100,4683.04,4684.82,0,1770344603410,1770344580,0,3,2,1,,,,,,,,,,,0,,,,,,,,,,,,,,,cancelled_second_break,1770344820000
871,S,0,1770342000,4755.43,4738.53,1770342000,1770342600,4722.78,4738.53,0,1770345327774,1770345300,8,40,2,1,,,,,,,,,,,0,,,,,,,,,,,,,,,cancelled_second_break,1770345840000
874,S,0,1770347400,4753.67,4735.81,1770347400,1770348000,4728.29,4735.81,0,1770348800624,1770348780,1,8,0,0,,,,,,,,,,,0,,,,,,,,,,,,,,,cancelled_opposing_structure,1770349680000
870,S,0,1770339900,4781.44,4767.65,1770340200,1770340800,4765.50,4765.95,0,1770350058024,1770350040,29,149,2,1,,,,,,,,,,,0,,,,,,,,,,,,,,,cancelled_second_break,1770350820000
868,S,0,1770333900,4808.06,4795.42,1770333900,1770334500,4787.22,4795.42,0,1770351018719,1770351000,42,270,0,0,,,,,,,,,,,0,,,,,,,,,,,,,,,cancelled_opposing_structure,1770351660000
880,L,0,1770358800,4819.92,4807.20,1770358800,1770359400,4819.92,4821.92,0,1770360336152,1770360300,2,10,0,0,,,,,,,,,,,0,,,,,,,,,,,,,,,cancelled_opposing_structure,1770361020000
762,L,0,1770076500,4664.81,4653.44,1770076500,1770080700,4664.81,4695.49,0,1770344235287,1770344220,841,4387,0,0,1770344760,1770344220,6159,,1770344700,4703.80,4710.44,1770344940,1770345000112,4724.06,1,4653.34,ob,4653.44,10,4865.50,0.01,1770345000112,4724.06,86,844,4400,1770363626248,4865.60,tp,filled,1770345000112
879,L,0,1770356400,4813.89,4801.15,1770356400,1770357000,4813.89,4820.00,0,1770358938580,1770358920,5,27,0,0,1770359220,1770358980,6209,,1770359160,4822.70,4825.56,1770359400,1770359460175,4831.44,1,4801.05,ob,4801.15,10,4892.22,0.03,1770359460175,4831.44,88,7,36,1770364650372,4892.30,tp,filled,1770359460175
883,S,0,1770366300,4862.05,4848.65,1770366300,1770366900,4847.53,4848.65,0,1770367626450,1770367620,1,7,0,0,1770368160,1770367860,6232,,1770368100,4833.18,4839.17,,,,0,,,,,,,,,,,,,,,cancelled_opposing_structure,1770369960000
881,L,0,1770361800,4825.82,4822.01,1770361800,1770362400,4825.82,4828.32,0,1770368182123,1770368160,18,91,0,0,1770370980,1770370920,6241,,,,,,,,0,,,,,,,,,,,,,,,cancelled_opposing_structure,1770372000000
885,S,0,1770373800,4880.98,4867.11,1770373800,1770374400,4863.25,4867.11,0,1770375648828,1770375600,3,15,0,0,1770375660,1770375600,6255,6259,1770375600,4857.22,4860.44,,,,0,,,,,,,,,,,,,,,cancelled_opposing_structure,1770377040000
886,S,0,1770375300,4862.72,4854.79,1770375300,1770375900,4854.38,4854.79,0,1770376951498,1770376920,2,12,2,1,,,,,,,,,,,0,,,,,,,,,,,,,,,cancelled_second_break,1770377640000
888,L,0,1770378600,4870.68,4863.01,1770378900,1770379500,4870.02,4870.43,0,1770380100369,1770380100,1,5,2,1,,,,,,,,,,,0,,,,,,,,,,,,,,,cancelled_second_break,1770380580000
889,S,0,1770379500,4877.80,4870.43,1770379800,1770380400,4866.54,4871.06,0,1770381351056,1770381300,2,10,0,0,,,,,,,,,,,0,,,,,,,,,,,,,,,cancelled_opposing_structure,1770381720000
882,S,0,1770364500,4897.96,4883.70,1770364800,1770365400,4879.34,4882.62,0,1770382907817,1770382860,57,286,0,0,1770383100,1770382860,6280,,1770383040,4871.51,4872.93,,,,0,,,,,,,,,,,,,,,cancelled_opposing_structure,1770384360000
892,S,0,1770386700,4903.52,4889.46,1770387000,1770387600,4888.53,4891.04,0,1770388731685,1770388680,2,13,0,0,,,,,,,,,,,0,,,,,,,,,,,,,,,cancelled_opposing_structure,1770389760000
849,S,0,1770288000,4924.65,4918.96,1770288000,1770288600,4917.69,4918.96,0,1770390096969,1770390060,325,1686,2,1,,,,,,,,,,,0,,,,,,,,,,,,,,,cancelled_second_break,1770391440000
884,L,0,1770372000,4845.01,4829.70,1770372300,1770372900,4843.40,4848.20,0,1770375805373,1770375780,8,43,0,0,1770377700,1770377160,6263,,1770377220,4859.76,4861.54,1770378180,1770378240152,4863.27,1,4829.60,ob,4829.70,10,4930.61,0.02,1770378240152,4863.27,91,16,84,1770392319797,4931.26,tp,filled,1770378240152
891,L,0,1770383100,4874.67,4863.94,1770383100,1770383700,4874.67,4878.77,0,1770388148220,1770388140,13,69,0,0,1770392280,1770392040,6309,,1770392220,4926.24,4929.63,1770388920,,,0,,,,,,,,,,,,,,,cancelled_opposing_structure,1770394080000
894,L,0,1770391500,4928.43,4905.13,1770391800,1770392400,4928.53,4930.11,0,1770392718727,1770392700,0,0,0,0,,,,,,,,,,,0,,,,,,,,,,,,,,,cancelled_opposing_structure,1770394080000
848,S,0,1770286800,4941.31,4931.56,1770286800,1770287400,4929.75,4931.56,0,1770392320067,1770392280,336,1743,0,0,1770394020,1770393900,6314,,1770393960,4919.37,4924.28,1770394200,1770394260073,4916.02,1,4941.61,ob,4941.31,10,4864.84,0.03,1770394260073,4916.02,94,343,1776,1770395844851,4941.78,sl,filled,1770394260073
887,L,0,1770376200,4852.43,4839.99,1770376500,1770377100,4852.49,4856.51,0,1770380900244,1770380880,11,58,0,0,1770381540,1770381420,6275,,1770381480,4869.19,4872.98,1770381660,1770381720119,4874.63,1,4839.89,ob,4839.99,10,4944.11,0.02,1770381720119,4874.63,92,14,72,1770395848426,4944.11,tp,filled,1770381720119
875,L,0,1770348300,4730.18,4709.88,1770348300,1770348900,4730.18,4731.10,0,1770349362439,1770349320,0,2,0,0,1770351540,1770351360,6183,,1770351360,4790.40,4793.96,1770351840,1770351900076,4795.29,1,4709.78,ob,4709.88,10,4966.31,0.01,1770351900076,4795.29,87,9,45,1770406236218,4966.56,tp,filled,1770351900076
897,L,0,1770406500,4960.89,4948.36,1770406800,1770407400,4955.49,4956.26,0,1770407700107,1770407700,0,0,0,0,1770408300,1770408060,6362,,1770408180,4961.72,4962.59,1770408540,1770408600163,4964.77,1,4948.26,ob,4948.36,10,4997.79,0.06,1770408600163,4964.77,99,3,15,1770409473601,4948.25,sl,filled,1770408600163
841,S,0,1770263100,4980.99,4968.57,1770263400,1770264000,4961.86,4976.56,0,1770408676987,1770408660,469,2406,0,0,1770409320,1770408720,6365,,1770409260,4959.44,4961.15,,,,0,,,,,,,,,,,,,,,cancelled_opposing_structure,1770411000000
898,S,0,1770408600,4971.43,4963.54,1770408900,1770409500,4957.70,4962.09,0,1770410281412,1770410280,1,8,0,0,,,,,,,,,,,0,,,,,,,,,,,,,,,cancelled_opposing_structure,1770411000000
896,L,0,1770403800,4948.04,4942.65,1770403800,1770404400,4948.04,4949.32,0,1770409474029,1770409440,15,79,0,0,1770410940,1770410400,6368,6372,1770410640,4964.56,4964.71,1770411180,,,0,,,,,,,,,,,,,,,cancelled_opposing_structure,1770411660000
901,S,0,1770412800,4961.02,4958.04,1770413100,1770413700,4955.93,4957.43,0,1770414468558,1770414420,1,7,2,1,,,,,,,,,,,0,,,,,,,,,,,,,,,cancelled_second_break,1770414840000
902,L,0,1770414000,4952.84,4949.21,1770414000,1770414600,4952.84,4959.22,0,1770415299053,1770415260,1,6,1,0,,,,,,,,,,,0,,,,,,,,,,,,,,,cancelled_opposing_structure,1770416220000
899,L,0,1770409200,4963.87,4943.91,1770409500,1770410100,4957.70,4958.76,0,1770410413680,1770410400,0,0,0,0,1770410940,1770410400,6368,,1770410640,4964.56,4964.71,1770411180,1770411240062,4965.58,1,4943.81,ob,4943.91,10,5009.12,0.04,1770411240062,4965.58,101,2,14,1770417192309,4940.66,sl,filled,1770411240062
900,S,0,1770410700,4967.34,4962.49,1770411000,1770411600,4963.21,4963.58,0,1770414632548,1770414600,9,45,0,0,1770417000,1770416760,6390,6393,1770416940,4950.13,4953.57,,,,0,,,,,,,,,,,,,,,cancelled_opposing_structure,1770418440000
903,S,0,1770414300,4961.83,4951.79,1770414600,1770415200,4958.13,4959.22,0,1770415500173,1770415500,0,0,0,0,1770417000,1770416760,6390,6393,1770416940,4950.13,4953.57,,,,0,,,,,,,,,,,,,,,cancelled_opposing_structure,1770418440000
904,S,0,1770415500,4959.03,4954.94,1770415500,1770416100,4953.37,4954.94,0,1770416426722,1770416400,0,0,0,0,1770417000,1770416760,6390,6393,1770416940,4950.13,4953.57,,,,0,,,,,,,,,,,,,,,cancelled_opposing_structure,1770418440000
905,S,0,1770416700,4956.32,4952.57,1770416700,1770417300,4943.50,4952.57,0,1770418340549,1770418320,2,12,0,0,,,,,,,,,,,0,,,,,,,,,,,,,,,cancelled_opposing_structure,1770419160000
907,S,0,1770419100,4958.39,4951.60,1770419100,1770419700,4950.96,4951.60,0,1770420307920,1770420300,1,5,1,0,,,,,,,,,,,0,,,,,,,,,,,,,,,cancelled_opposing_structure,1770421200000
895,L,0,1770394800,4922.64,4902.60,1770395100,1770395700,4908.02,4925.14,0,1770402368463,1770402360,21,106,0,0,1770404940,1770404820,6351,,1770404880,4956.50,4958.65,1770405180,1770405240038,4959.49,1,4902.50,ob,4902.60,10,5073.47,0.01,1770405240038,4959.49,97,30,154,1770422219954,4965.96,end,filled,1770405240038
2,L,0,1767578400,4375.27,4370.58,1767578700,1767579300,4375.24,4377.72,1,,,,,0,0,,,,,,,,,,,0,,,,,,,,,,,,,,,run_end_untouched,1770422219954
661,S,0,1769675700,5586.71,5577.81,1769676000,1769676600,5576.70,5581.59,1,,,,,0,0,,,,,,,,,,,0,,,,,,,,,,,,,,,run_end_untouched,1770422219954
687,S,0,1769739300,5450.58,5438.47,1769739600,1769740200,5429.72,5435.26,1,,,,,0,0,,,,,,,,,,,0,,,,,,,,,,,,,,,run_end_untouched,1770422219954
689,S,0,1769741400,5419.47,5400.75,1769741700,1769742300,5392.84,5401.73,1,,,,,0,0,,,,,,,,,,,0,,,,,,,,,,,,,,,run_end_untouched,1770422219954
691,S,0,1769745000,5345.01,5328.65,1769745000,1769745600,5312.78,5328.65,1,,,,,0,0,,,,,,,,,,,0,,,,,,,,,,,,,,,run_end_untouched,1770422219954
696,S,0,1769758800,5235.96,5225.22,1769758800,1769759400,5219.68,5225.22,1,,,,,0,0,,,,,,,,,,,0,,,,,,,,,,,,,,,run_end_untouched,1770422219954
700,S,0,1769768400,5170.76,5148.98,1769768700,1769769300,5098.36,5151.88,1,,,,,0,0,,,,,,,,,,,0,,,,,,,,,,,,,,,run_end_untouched,1770422219954
734,L,0,1770021900,4461.73,4430.52,1770021900,1770022500,4461.73,4481.70,0,,,,,0,0,,,,,,,,,,,0,,,,,,,,,,,,,,,run_end_untouched,1770422219954
736,L,0,1770026400,4596.73,4563.65,1770026400,1770027000,4596.73,4603.70,0,,,,,0,0,,,,,,,,,,,0,,,,,,,,,,,,,,,run_end_untouched,1770422219954
840,S,0,1770259200,5018.57,5014.19,1770259500,1770260100,5015.38,5016.09,0,,,,,0,0,,,,,,,,,,,0,,,,,,,,,,,,,,,run_end_untouched,1770422219954
873,L,0,1770344100,4683.04,4655.06,1770344100,1770344700,4683.04,4697.29,0,,,,,0,0,,,,,,,,,,,0,,,,,,,,,,,,,,,run_end_untouched,1770422219954
876,L,0,1770348900,4747.04,4731.10,1770349200,1770349800,4744.97,4751.72,0,,,,,0,0,,,,,,,,,,,0,,,,,,,,,,,,,,,run_end_untouched,1770422219954
877,L,0,1770350400,4780.41,4761.28,1770350400,1770351000,4780.41,4783.58,0,,,,,0,0,,,,,,,,,,,0,,,,,,,,,,,,,,,run_end_untouched,1770422219954
878,L,0,1770351600,4799.93,4789.41,1770351600,1770352200,4799.93,4809.84,0,,,,,0,0,,,,,,,,,,,0,,,,,,,,,,,,,,,run_end_untouched,1770422219954
890,L,0,1770380700,4860.19,4851.77,1770380700,1770381300,4860.19,4866.03,0,,,,,0,0,,,,,,,,,,,0,,,,,,,,,,,,,,,run_end_untouched,1770422219954
893,L,0,1770387900,4879.96,4871.86,1770387900,1770388500,4879.96,4881.96,0,,,,,0,0,,,,,,,,,,,0,,,,,,,,,,,,,,,run_end_untouched,1770422219954
906,L,0,1770417900,4945.61,4940.30,1770417900,1770418500,4945.61,4947.63,0,,,,,0,0,,,,,,,,,,,0,,,,,,,,,,,,,,,run_end_untouched,1770422219954
