time,open,high,low,close,tick_volume,spread,warmup
1775005200,4671.47,4682.11,4670.98,4674.56,1410,20,1
1775005500,4674.57,4677.80,4664.58,4669.57,1225,20,1
1775005800,4669.57,4673.95,4663.03,4668.87,1516,20,1
1775006100,4669.20,4673.52,4666.22,4666.82,1390,20,1
1775006400,4666.84,4681.74,4663.11,4681.39,1504,20,1
1775006700,4681.35,4686.58,4670.79,4674.60,1541,20,1
1775007000,4674.60,4676.40,4671.05,4672.89,1156,20,1
1775007300,4672.89,4695.29,4672.00,4694.75,1807,20,1
1775007600,4694.63,4695.84,4683.58,4684.58,1858,20,1
1775007900,4684.61,4686.84,4661.74,4671.03,2008,20,1
1775008200,4671.06,4679.01,4668.19,4671.49,1613,20,1
1775008500,4671.41,4683.93,4664.94,4680.74,1753,20,1
1775008800,4681.03,4682.54,4675.87,4677.03,1568,20,1
1775009100,4676.88,4677.82,4674.11,4674.69,1178,20,1
1775009400,4674.70,4680.48,4672.80,4676.15,1288,20,1
1775009700,4676.15,4679.61,4673.83,4673.86,1237,20,1
1775010000,4673.85,4677.43,4672.10,4677.27,1374,20,1
1775010300,4677.27,4684.43,4677.14,4682.47,1560,20,1
1775010600,4682.47,4688.44,4681.89,4687.23,1503,20,1
1775010900,4687.23,4692.41,4686.86,4692.11,1490,20,1
1775011200,4692.13,4695.10,4689.28,4690.98,1581,20,1
1775011500,4690.98,4693.28,4688.53,4689.18,1606,20,1
1775011800,4689.17,4692.69,4689.14,4691.76,1449,20,1
1775012100,4691.58,4699.85,4691.55,4696.41,1791,20,1
1775012400,4696.37,4700.11,4693.51,4698.90,2163,20,1
1775012700,4698.92,4704.81,4697.59,4700.83,2025,20,1
1775013000,4700.83,4704.87,4694.28,4703.17,1896,20,1
1775013300,4703.21,4712.57,4702.50,4707.35,2218,20,1
1775013600,4707.34,4714.60,4705.88,4714.57,1951,20,1
1775013900,4714.52,4721.93,4713.76,4721.80,2217,20,1
1775014200,4721.81,4722.49,4704.34,4705.40,2033,20,1
1775014500,4705.53,4706.82,4700.10,4704.27,1892,20,1
1775014800,4704.25,4706.96,4703.65,4706.50,1642,20,1
1775015100,4706.46,4710.63,4704.73,4706.93,1730,20,1
1775015400,4706.94,4719.08,4706.94,4711.47,1880,20,1
1775015700,4711.39,4714.50,4704.53,4710.92,1885,20,1
1775016000,4710.93,4724.17,4701.49,4703.84,2632,20,1
1775016300,4703.84,4707.28,4689.63,4705.90,2556,20,1
1775016600,4705.89,4710.06,4701.67,4708.16,2341,20,1
1775016900,4708.00,4708.39,4696.41,4698.01,2413,20,1
1775017200,4698.01,4701.32,4692.56,4695.21,2288,20,1
1775017500,4695.21,4708.25,4693.53,4708.20,2117,20,1
1775017800,4708.20,4708.36,4690.80,4693.09,2263,20,1
1775018100,4693.09,4698.58,4685.75,4686.46,2291,20,1
1775018400,4686.33,4688.09,4681.46,4687.76,2212,20,1
1775018700,4687.81,4693.99,4686.88,4691.43,2108,20,1
1775019000,4691.44,4696.98,4686.33,4695.23,2156,20,1
1775019300,4695.23,4697.04,4687.16,4692.73,2111,20,1
1775019600,4692.68,4695.95,4686.91,4695.26,2164,20,1
1775019900,4695.26,4700.55,4690.38,4695.69,2081,20,1
1775020200,4695.70,4696.93,4690.23,4694.00,2030,20,1
1775020500,4694.00,4697.67,4692.79,4695.89,1459,20,1
1775020800,4695.89,4696.85,4683.93,4686.90,1563,20,1
1775021100,4686.90,4688.03,4683.46,4687.68,1498,20,1
1775021400,4687.28,4690.42,4682.75,4685.37,2057,20,1
1775021700,4685.37,4685.61,4678.69,4680.40,1966,20,1
1775022000,4680.32,4682.75,4678.13,4681.66,1721,20,1
1775022300,4681.66,4683.60,4678.45,4679.73,1717,20,1
1775022600,4679.72,4687.50,4679.67,4687.16,1834,20,1
1775022900,4687.10,4689.71,4683.65,4684.58,1885,20,1
1775023200,4684.51,4690.05,4682.73,4684.84,1747,20,1
1775023500,4684.84,4688.53,4684.25,4687.12,1594,20,1
1775023800,4687.12,4692.71,4685.97,4689.44,1593,20,1
1775024100,4689.44,4694.23,4687.08,4690.25,1638,20,1
1775024400,4690.23,4691.24,4688.49,4689.77,1318,20,1
1775024700,4689.77,4691.55,4684.39,4687.23,1588,20,1
1775025000,4687.30,4688.32,4684.59,4687.50,1312,20,1
1775025300,4687.49,4688.76,4685.60,4688.15,1227,20,1
1775025600,4688.13,4688.13,4683.31,4686.95,1189,20,1
1775025900,4686.94,4688.68,4684.16,4684.20,1296,20,1
1775026200,4684.19,4684.99,4681.42,4683.09,1264,20,1
1775026500,4683.09,4686.47,4679.67,4681.92,1261,20,1
1775026800,4681.92,4682.05,4675.51,4676.65,1151,20,1
1775027100,4676.66,4680.29,4674.63,4674.93,1103,20,1
1775027400,4674.93,4675.71,4673.08,4673.84,1110,20,1
1775027700,4673.85,4674.00,4667.06,4668.86,1528,20,1
1775028000,4668.86,4672.96,4668.61,4672.50,1577,20,1
1775028300,4672.50,4673.44,4671.29,4672.40,1081,20,1
1775028600,4672.38,4674.69,4671.46,4671.95,1300,20,1
1775028900,4671.93,4675.68,4669.10,4675.47,1275,20,1
1775029200,4675.43,4677.00,4674.81,4676.81,1113,20,1
1775029500,4676.84,4678.70,4676.09,4677.87,988,20,1
1775029800,4677.87,4681.59,4676.83,4676.83,1110,20,1
1775030100,4676.86,4677.16,4672.85,4676.41,1213,20,1
1775030400,4676.48,4678.59,4674.88,4676.03,1131,20,1
1775030700,4676.04,4680.74,4675.67,4680.74,1212,20,1
1775031000,4680.92,4684.83,4680.03,4682.82,1284,20,1
1775031300,4682.82,4688.04,4682.24,4685.67,1450,20,1
1775031600,4685.66,4686.52,4680.49,4684.32,1503,20,1
1775031900,4684.31,4689.96,4682.26,4686.18,1667,20,1
1775032200,4686.18,4695.35,4686.18,4693.17,2088,20,1
1775032500,4693.23,4700.40,4691.84,4700.38,1938,20,1
1775032800,4700.36,4703.46,4699.09,4702.12,1762,20,1
1775033100,4702.22,4703.40,4695.75,4699.53,1635,20,1
1775033400,4699.52,4699.52,4694.59,4695.49,1594,20,1
1775033700,4695.51,4695.59,4683.93,4684.22,2058,20,1
1775034000,4684.23,4689.40,4682.76,4685.12,1981,20,1
1775034300,4685.12,4687.80,4683.95,4686.58,1874,20,1
1775034600,4686.58,4697.48,4686.55,4697.48,1934,20,1
1775034900,4697.63,4699.30,4692.67,4696.07,1991,20,1
1775035200,4696.04,4709.41,4695.70,4709.15,1940,20,1
1775035500,4709.13,4711.45,4705.23,4709.34,1978,20,1
1775035800,4709.34,4712.74,4707.79,4709.24,2173,20,1
1775036100,4708.91,4709.00,4702.36,4702.55,1985,20,1
1775036400,4702.54,4708.82,4702.28,4708.57,1912,20,1
1775036700,4708.66,4727.70,4708.66,4724.09,2292,20,1
1775037000,4724.12,4728.03,4720.39,4727.00,2164,20,1
1775037300,4727.01,4733.15,4726.46,4730.57,2253,20,1
1775037600,4730.56,4732.58,4720.45,4722.65,2365,20,1
1775037900,4722.64,4723.35,4714.30,4721.03,2138,20,1
1775038200,4721.04,4721.63,4714.49,4715.32,1852,20,1
1775038500,4715.32,4717.04,4713.13,4716.40,1842,20,1
1775038800,4716.40,4725.81,4715.47,4719.74,1921,20,1
1775039100,4719.69,4723.96,4718.26,4723.10,1717,20,1
1775039400,4723.09,4736.10,4722.19,4731.46,2016,20,1
1775039700,4731.53,4747.70,4730.89,4741.94,2272,20,1
1775040000,4741.90,4741.90,4730.51,4730.61,2137,20,1
1775040300,4730.66,4732.82,4719.98,4722.52,2215,20,1
1775040600,4722.51,4724.78,4710.64,4713.60,2379,20,1
1775040900,4713.64,4716.32,4709.68,4713.03,2310,20,1
1775041200,4713.03,4726.38,4710.47,4721.68,2286,20,1
1775041500,4721.66,4725.52,4717.17,4719.96,2062,20,1
1775041800,4719.97,4720.85,4715.72,4719.10,2053,20,1
1775042100,4719.15,4727.95,4717.13,4727.31,1879,20,1
1775042400,4727.21,4731.06,4725.35,4728.69,1914,20,1
1775042700,4728.68,4735.73,4727.96,4730.72,1841,20,1
1775043000,4730.72,4734.61,4726.28,4732.65,1866,20,1
1775043300,4732.65,4740.33,4730.86,4737.96,1964,20,1
1775043600,4737.96,4738.32,4730.94,4732.00,1861,20,1
1775043900,4732.00,4732.17,4729.00,4731.25,1683,20,1
1775044200,4731.25,4732.50,4727.94,4730.16,1604,20,1
1775044500,4730.16,4730.72,4726.47,4728.55,1755,20,1
1775044800,4728.59,4730.18,4725.03,4726.17,1631,20,1
1775045100,4726.10,4727.39,4720.27,4720.50,1788,20,1
1775045400,4720.51,4721.92,4717.92,4718.21,1805,20,1
1775045700,4718.21,4719.40,4715.20,4717.16,1712,20,1
1775046000,4717.17,4721.16,4713.96,4721.04,1748,20,1
1775046300,4721.04,4723.90,4718.41,4719.49,1698,20,1
1775046600,4719.48,4722.23,4713.12,4714.20,1809,20,1
1775046900,4714.20,4722.89,4714.01,4718.69,1646,20,1
1775047200,4718.70,4722.62,4718.09,4719.17,1542,20,1
1775047500,4719.22,4727.38,4719.20,4726.60,1594,20,1
1775047800,4726.56,4727.79,4722.42,4723.25,1671,20,1
1775048100,4723.27,4725.15,4719.26,4723.16,1877,20,1
1775048400,4723.20,4724.44,4718.58,4719.01,1616,20,1
1775048700,4719.01,4721.56,4717.71,4718.28,1548,20,1
1775049000,4718.26,4719.50,4715.57,4715.71,1547,20,1
1775049300,4715.76,4721.21,4715.32,4720.04,1484,20,1
1775049600,4720.03,4729.31,4719.67,4725.31,1667,20,1
1775049900,4725.23,4728.82,4722.41,4728.41,1473,20,1
1775050200,4728.44,4732.03,4726.17,4727.04,1534,20,1
1775050500,4727.05,4731.85,4726.40,4730.20,1403,20,1
1775050800,4730.22,4736.14,4730.15,4734.84,1492,20,1
1775051100,4734.84,4738.76,4734.77,4736.96,1607,20,1
1775051400,4736.99,4737.09,4728.30,4731.96,1660,20,1
1775051700,4731.97,4732.25,4728.08,4731.35,1552,20,1
1775052000,4731.34,4738.06,4728.20,4737.43,1684,20,1
1775052300,4737.44,4740.16,4736.29,4739.70,1520,20,1
1775052600,4739.75,4740.38,4734.37,4736.86,1604,20,1
1775052900,4736.86,4744.11,4736.44,4743.59,1683,20,1
1775053200,4743.59,4744.34,4736.58,4740.05,1550,20,1
1775053500,4740.05,4746.27,4740.05,4745.14,1693,20,1
1775053800,4745.14,4750.57,4744.83,4746.04,2011,20,1
1775054100,4746.06,4758.73,4745.86,4756.84,1905,20,1
1775054400,4756.83,4762.89,4755.28,4760.46,1870,20,1
1775054700,4760.44,4760.66,4753.05,4758.73,1920,20,1
1775055000,4758.73,4761.46,4756.61,4759.67,1819,20,1
1775055300,4759.83,4760.17,4752.60,4752.60,1771,20,1
1775055600,4752.49,4753.67,4747.26,4748.03,1823,20,1
1775055900,4748.02,4749.21,4739.47,4743.06,1984,20,1
1775056200,4743.06,4745.44,4741.72,4743.61,1665,20,1
1775056500,4743.61,4745.49,4736.09,4739.26,1978,20,1
1775056800,4739.30,4741.91,4730.81,4732.63,2107,20,1
1775057100,4732.64,4736.52,4724.54,4736.52,2198,20,1
1775057400,4735.93,4745.35,4732.14,4744.61,2215,20,1
1775057700,4744.60,4749.08,4733.91,4735.05,2160,20,1
1775058000,4735.77,4752.85,4733.38,4748.03,1831,20,1
1775058300,4748.07,4753.72,4731.61,4733.84,2764,20,1
1775058600,4733.84,4737.05,4726.53,4731.32,2582,20,1
1775058900,4731.31,4733.27,4724.40,4724.78,2411,20,1
1775059200,4724.85,4726.30,4716.27,4720.53,2608,20,1
1775059500,4720.51,4729.45,4718.09,4729.13,2375,20,1
1775059800,4729.08,4733.58,4728.40,4731.71,2437,20,1
1775060100,4731.68,4740.39,4730.79,4739.33,2260,20,1
1775060400,4739.28,4739.55,4730.85,4738.13,2235,20,1
1775060700,4738.17,4742.26,4735.61,4736.08,2214,20,1
1775061000,4736.15,4741.58,4730.80,4738.92,2740,20,1
1775061300,4738.81,4749.54,4737.55,4745.96,2609,20,1
1775061600,4746.01,4749.20,4735.46,4743.42,2605,20,1
1775061900,4743.40,4747.44,4738.10,4743.37,2620,20,1
1775062200,4743.36,4748.56,4733.88,4741.44,2674,20,1
1775062500,4741.34,4741.44,4734.23,4738.43,2344,20,1
1775062800,4738.27,4744.28,4724.22,4744.14,2619,20,1
1775063100,4744.27,4746.85,4736.53,4742.61,2659,20,1
1775063400,4742.79,4746.93,4737.24,4744.48,2613,20,1
1775063700,4744.44,4748.39,4740.81,4746.96,2457,20,1
1775064000,4746.97,4754.86,4736.59,4739.55,2643,20,1
1775064300,4739.63,4742.52,4730.58,4742.22,2481,20,1
1775064600,4742.08,4745.27,4739.46,4743.62,2326,20,1
1775064900,4743.58,4752.47,4734.95,4750.10,2587,20,1
1775065200,4750.13,4756.45,4743.69,4753.98,2649,20,1
1775065500,4753.98,4759.82,4752.65,4758.81,2427,20,1
1775065800,4758.81,4768.34,4756.21,4767.79,2432,20,1
1775066100,4767.87,4768.71,4759.44,4760.74,2365,20,1
1775066400,4760.72,4770.76,4758.49,4766.92,2342,20,1
1775066700,4766.92,4773.77,4765.87,4773.20,2264,20,1
1775067000,4773.16,4774.85,4762.22,4764.76,2393,20,1
1775067300,4764.74,4770.59,4762.45,4770.47,2161,20,1
1775067600,4770.51,4776.39,4768.17,4770.04,2202,20,1
1775067900,4770.04,4773.74,4768.29,4772.96,2261,20,1
1775068200,4772.96,4780.05,4769.90,4779.71,2443,20,1
1775068500,4779.78,4783.68,4779.05,4781.78,2264,20,1
1775068800,4781.80,4786.74,4779.68,4785.52,2106,20,1
1775069100,4785.61,4787.06,4783.19,4784.77,2014,20,1
1775069400,4784.75,4788.13,4784.07,4785.49,2080,20,1
1775069700,4785.48,4787.51,4782.43,4786.49,2138,20,1
1775070000,4786.50,4790.61,4782.97,4785.80,2245,20,1
1775070300,4785.84,4787.93,4781.89,4785.35,2100,20,1
1775070600,4785.35,4785.37,4774.30,4774.95,2301,20,1
1775070900,4774.89,4782.03,4774.58,4782.03,2294,20,1
1775071200,4782.36,4783.36,4779.62,4779.83,2021,20,1
1775071500,4779.84,4779.84,4774.79,4776.55,1931,20,1
1775071800,4776.47,4783.28,4775.20,4782.40,2040,20,1
1775072100,4782.38,4784.82,4780.52,4780.91,1838,20,1
1775072400,4780.79,4784.30,4780.50,4784.20,1795,20,1
1775072700,4784.20,4784.93,4783.15,4783.92,1535,20,1
1775073000,4783.91,4784.79,4781.81,4783.56,1450,20,1
1775073300,4783.60,4788.59,4782.88,4787.30,1649,20,1
1775073600,4787.30,4791.97,4786.64,4789.06,1898,20,1
1775073900,4789.05,4792.92,4788.64,4790.95,1974,20,1
1775074200,4790.93,4791.40,4788.14,4788.49,1752,20,1
1775074500,4788.50,4789.24,4782.47,4785.71,1883,20,1
1775074800,4785.71,4788.30,4784.19,4787.44,1953,20,1
1775075100,4787.44,4789.70,4784.38,4785.12,1976,20,1
1775075400,4785.13,4786.08,4779.28,4779.54,1804,20,1
1775075700,4779.61,4782.85,4775.81,4782.50,2051,20,1
1775076000,4782.52,4784.71,4781.57,4782.00,1698,20,1
1775076300,4782.00,4783.29,4779.27,4780.23,1515,20,1
1775076600,4780.23,4781.45,4778.15,4779.49,1808,20,1
1775076900,4779.53,4780.10,4773.86,4774.39,1831,20,1
1775077200,4774.39,4775.25,4759.53,4764.36,2442,20,1
1775077500,4764.36,4773.15,4763.83,4767.10,2324,20,1
1775077800,4767.10,4772.81,4767.10,4771.14,2086,20,1
1775078100,4771.14,4771.60,4759.43,4762.26,2245,20,1
1775078400,4762.30,4764.44,4753.29,4755.59,2473,20,1
1775078700,4755.55,4759.88,4753.72,4753.99,2491,20,1
1775079000,4753.99,4761.28,4753.98,4755.76,2397,20,1
1775079300,4755.78,4756.26,4742.23,4749.20,2604,20,1
1775079600,4749.15,4766.08,4748.37,4756.45,2407,20,1
1775079900,4756.57,4758.50,4752.17,4756.30,2272,20,1
1775080200,4756.14,4757.41,4751.58,4755.10,2256,20,1
1775080500,4755.17,4756.12,4751.93,4753.04,2330,20,1
1775080800,4753.07,4758.28,4751.19,4757.87,2393,20,1
1775081100,4757.88,4765.28,4757.82,4758.21,2131,20,1
1775081400,4758.09,4760.54,4755.96,4759.71,2076,20,1
1775081700,4759.69,4762.14,4758.71,4761.02,1851,20,1
1775082000,4761.02,4762.93,4758.66,4761.03,1845,20,1
1775082300,4761.01,4769.20,4760.48,4765.58,1998,20,1
1775082600,4765.55,4767.42,4763.13,4767.28,1900,20,1
1775082900,4767.28,4775.39,4766.98,4774.94,1831,20,1
1775083200,4774.92,4778.18,4768.93,4769.34,1879,20,1
1775083500,4769.46,4770.14,4765.84,4767.89,2029,20,1
1775083800,4767.88,4768.62,4758.20,4765.33,2313,20,1
1775084100,4765.36,4771.45,4764.53,4766.11,2409,20,1
1775084400,4766.10,4769.72,4762.70,4765.33,1702,20,1
1775084700,4765.34,4767.93,4763.96,4767.77,1072,20,1
1775085000,4767.78,4769.55,4767.37,4768.78,968,20,1
1775085300,4768.80,4771.19,4768.74,4770.90,992,20,1
1775085600,4770.90,4771.11,4763.19,4763.24,993,20,1
1775085900,4762.88,4765.18,4761.01,4762.15,1234,20,1
1775086200,4762.15,4763.66,4757.91,4760.10,1251,20,1
1775086500,4760.08,4762.60,4757.70,4758.63,1243,20,1
1775086800,4758.33,4760.84,4754.40,4759.99,1176,20,1
1775087100,4759.98,4763.55,4759.01,4762.82,799,20,1
1775087400,4762.80,4763.04,4757.11,4757.54,1023,20,1
1775087700,4757.55,4758.88,4756.64,4756.76,626,20,1
1775091600,4757.29,4760.76,4756.86,4759.36,513,20,1
1775091900,4759.36,4761.14,4752.23,4757.58,1041,20,1
1775092200,4757.53,4759.86,4756.63,4759.07,602,20,1
1775092500,4759.06,4763.09,4758.86,4762.35,670,20,1
1775092800,4762.29,4768.47,4759.77,4765.61,1294,20,1
1775093100,4765.61,4774.99,4765.60,4772.85,1365,20,1
1775093400,4772.84,4777.92,4771.49,4776.94,1409,20,1
1775093700,4776.78,4781.33,4773.84,4774.33,1442,20,1
1775094000,4774.33,4779.55,4770.77,4776.35,1275,20,1
1775094300,4776.34,4780.77,4775.89,4780.31,1317,20,1
1775094600,4780.31,4782.79,4775.11,4779.19,1264,20,1
1775094900,4779.19,4779.60,4775.22,4776.44,892,20,1
1775095200,4776.44,4778.70,4773.64,4778.53,1237,20,1
1775095500,4778.52,4789.09,4778.48,4787.52,1566,20,1
1775095800,4787.51,4791.52,4787.44,4791.21,1354,20,1
1775096100,4791.21,4798.91,4788.63,4796.03,1737,20,1
1775096400,4796.02,4798.11,4791.91,4792.98,1519,20,1
1775096700,4792.98,4796.50,4792.45,4794.94,1175,20,1
1775097000,4794.91,4800.33,4791.65,4793.31,1511,20,1
1775097300,4793.30,4793.58,4788.41,4791.98,1369,20,1
1775097600,4791.99,4793.73,4789.60,4789.71,1180,20,1
1775097900,4789.72,4789.91,4780.54,4784.12,1594,20,1
1775098200,4784.12,4785.84,4778.20,4785.51,1569,20,1
1775098500,4785.52,4786.14,4782.43,4784.11,1323,20,1
1775098800,4784.08,4784.12,4775.20,4781.76,2127,20,1
1775099100,4781.72,4791.25,4780.87,4790.23,2051,20,1
1775099400,4790.23,4793.45,4789.20,4792.58,1849,20,1
1775099700,4792.55,4798.67,4790.97,4795.70,1898,20,1
1775100000,4795.70,4797.56,4791.33,4794.19,1709,20,1
1775100300,4794.16,4794.34,4788.43,4789.75,1602,20,1
1775100600,4789.72,4791.21,4785.48,4790.38,1655,20,1
1775100900,4790.39,4791.45,4784.54,4791.41,1791,20,1
1775101200,4791.43,4796.07,4786.57,4787.55,1944,20,1
1775101500,4787.55,4791.83,4783.91,4787.97,1983,20,1
1775101800,4787.73,4789.60,4785.55,4787.89,1775,20,1
1775102100,4787.89,4788.86,4783.68,4784.58,1841,20,1
1775102400,4784.58,4786.48,4734.72,4744.17,2653,20,1
1775102700,4743.57,4748.73,4724.58,4746.91,2795,20,1
1775103000,4746.87,4764.70,4745.42,4750.81,2784,20,1
1775103300,4750.80,4752.78,4723.96,4727.18,2841,20,1
1775103600,4727.48,4734.60,4711.01,4714.38,2853,20,1
1775103900,4714.15,4715.82,4687.08,4696.95,2841,20,1
1775104200,4697.02,4699.46,4650.67,4682.05,2857,20,1
1775104500,4681.56,4697.80,4674.54,4697.45,2768,20,1
1775104800,4697.46,4708.35,4689.39,4689.97,2741,20,1
1775105100,4689.97,4699.79,4685.11,4696.96,2663,20,1
1775105400,4696.98,4711.83,4693.14,4700.74,2647,20,1
1775105700,4700.74,4705.01,4690.27,4696.65,2566,20,1
1775106000,4696.73,4698.90,4688.91,4698.02,2628,20,1
1775106300,4697.92,4704.23,4689.13,4690.85,2651,20,1
1775106600,4690.78,4696.05,4678.68,4689.01,2572,20,1
1775106900,4689.03,4703.09,4688.36,4690.79,2245,20,1
1775107200,4690.79,4700.07,4688.76,4697.98,2175,20,1
1775107500,4697.97,4699.31,4688.38,4689.88,1949,20,1
1775107800,4689.89,4691.12,4666.59,4670.17,2693,20,1
1775108100,4670.17,4670.52,4655.51,4659.62,2620,20,1
1775108400,4659.62,4682.06,4659.60,4676.01,2461,20,1
1775108700,4676.00,4685.52,4675.20,4676.49,2311,20,1
1775109000,4676.50,4680.82,4673.13,4680.14,2345,20,1
1775109300,4680.08,4689.40,4677.48,4686.89,2249,20,1
1775109600,4686.90,4686.90,4678.92,4679.74,2196,20,1
1775109900,4679.67,4685.25,4677.83,4682.04,2118,20,1
1775110200,4682.04,4691.61,4680.28,4690.01,2137,20,1
1775110500,4690.02,4694.64,4688.05,4690.88,1903,20,1
1775110800,4690.88,4698.22,4688.21,4697.68,2046,20,1
1775111100,4697.64,4699.33,4691.52,4691.53,2064,20,1
1775111400,4691.50,4692.64,4686.67,4691.67,2002,20,1
1775111700,4691.67,4692.51,4685.05,4686.83,1603,20,1
1775112000,4686.79,4689.98,4683.45,4685.73,1681,20,1
1775112300,4685.73,4687.50,4678.00,4678.03,1610,20,1
1775112600,4678.02,4681.06,4675.86,4677.61,1493,20,1
1775112900,4677.60,4680.12,4675.71,4676.24,1253,20,1
1775113200,4676.21,4681.50,4675.43,4677.03,1721,20,1
1775113500,4677.02,4677.02,4664.58,4670.72,1982,20,1
1775113800,4670.72,4672.16,4666.10,4668.71,1827,20,1
1775114100,4668.32,4672.38,4667.56,4668.05,1585,20,1
1775114400,4668.05,4668.07,4662.32,4666.12,1667,20,1
1775114700,4666.14,4672.06,4664.43,4666.24,1629,20,1
1775115000,4666.23,4669.71,4663.91,4666.80,1493,20,1
1775115300,4666.80,4669.31,4664.14,4664.96,1482,20,1
1775115600,4664.96,4665.08,4658.37,4661.85,1872,20,1
1775115900,4661.87,4665.51,4657.27,4665.31,1730,20,1
1775116200,4665.31,4670.02,4665.28,4666.52,1454,20,1
1775116500,4666.54,4673.28,4665.05,4672.58,1381,20,1
1775116800,4672.59,4675.16,4671.58,4672.64,1519,20,1
1775117100,4672.63,4673.12,4666.38,4668.69,1471,20,1
1775117400,4668.70,4673.63,4668.13,4670.22,1557,20,1
1775117700,4670.22,4673.70,4669.67,4672.47,1572,20,1
1775118000,4672.29,4675.13,4669.32,4674.06,1621,20,1
1775118300,4674.07,4680.54,4673.42,4677.27,1724,20,1
1775118600,4677.25,4679.12,4638.75,4651.73,2557,20,1
1775118900,4651.71,4652.94,4642.82,4646.55,2493,20,1
1775119200,4646.50,4647.76,4629.12,4634.13,2587,20,1
1775119500,4634.12,4635.39,4591.81,4591.81,2776,20,1
1775119800,4591.52,4608.65,4586.14,4604.15,2694,20,1
1775120100,4604.13,4608.01,4591.09,4594.07,2543,20,1
1775120400,4594.14,4596.65,4577.20,4585.15,2681,20,1
1775120700,4585.14,4589.41,4561.54,4567.93,2697,20,1
1775121000,4568.00,4580.98,4554.08,4580.80,2654,20,1
1775121300,4580.86,4591.63,4574.22,4590.47,2454,20,1
1775121600,4590.48,4598.72,4585.01,4586.96,2467,20,1
1775121900,4586.88,4591.89,4580.91,4591.38,2350,20,1
1775122200,4591.38,4598.43,4586.14,4591.82,2370,20,1
1775122500,4591.75,4597.04,4583.49,4594.41,2410,20,1
1775122800,4594.46,4595.83,4581.73,4588.37,2245,20,1
1775123100,4588.37,4600.10,4584.17,4599.19,2301,20,1
1775123400,4599.30,4608.62,4598.27,4598.56,2318,20,1
1775123700,4598.45,4600.14,4592.08,4599.17,2325,20,1
1775124000,4599.24,4606.39,4597.22,4602.90,2163,20,1
1775124300,4602.91,4612.01,4598.29,4608.02,2135,20,1
1775124600,4608.02,4622.18,4608.01,4621.15,2190,20,1
1775124900,4621.14,4625.52,4617.71,4623.80,2319,20,1
1775125200,4623.80,4627.38,4618.40,4619.39,2038,20,1
1775125500,4619.38,4623.88,4617.88,4620.68,1710,20,1
1775125800,4620.68,4633.88,4619.32,4632.04,2054,20,1
1775126100,4631.97,4636.95,4627.03,4634.63,1915,20,1
1775126400,4634.64,4641.41,4633.24,4637.42,2006,20,1
1775126700,4637.26,4651.04,4636.13,4648.47,1926,20,1
1775127000,4648.49,4648.62,4642.57,4644.78,1978,20,1
1775127300,4644.78,4645.35,4640.90,4642.67,1628,20,1
1775127600,4642.68,4648.73,4637.64,4641.73,1872,20,1
1775127900,4641.73,4641.74,4630.55,4632.89,2240,20,1
1775128200,4632.89,4641.77,4628.94,4641.14,2134,20,1
1775128500,4641.13,4644.89,4637.55,4641.93,2130,20,1
1775128800,4641.86,4642.38,4631.64,4636.21,1955,20,1
1775129100,4636.29,4636.99,4631.50,4634.35,1669,20,1
1775129400,4634.35,4638.74,4631.74,4638.18,1762,20,1
1775129700,4638.13,4643.72,4636.39,4639.46,2102,20,1
1775130000,4639.46,4641.52,4630.56,4630.62,1687,20,1
1775130300,4630.60,4634.48,4625.49,4627.60,1991,20,1
1775130600,4627.58,4629.43,4624.82,4627.14,1747,20,1
1775130900,4627.13,4628.72,4617.78,4620.88,1984,20,1
1775131200,4620.85,4624.56,4613.28,4618.76,1896,20,1
1775131500,4618.65,4621.22,4613.32,4616.60,1653,20,1
1775131800,4616.72,4625.35,4614.95,4623.91,1647,20,1
1775132100,4623.86,4631.92,4622.19,4625.56,1877,20,1
1775132400,4625.56,4631.67,4625.00,4626.64,1689,20,1
1775132700,4626.64,4629.68,4617.25,4620.99,1816,20,1
1775133000,4620.94,4625.42,4615.54,4622.17,1837,20,1
1775133300,4622.17,4624.71,4615.76,4622.48,1623,20,1
1775133600,4622.48,4624.72,4619.91,4621.48,1413,20,1
1775133900,4621.48,4622.98,4617.76,4620.20,1681,20,1
1775134200,4620.20,4626.95,4618.77,4625.70,1684,20,1
1775134500,4625.70,4628.33,4620.75,4621.72,1635,20,1
1775134800,4621.72,4628.09,4618.44,4626.49,1659,20,1
1775135100,4626.56,4635.07,4626.54,4630.87,1892,20,1
1775135400,4630.82,4632.49,4624.51,4625.20,1785,20,1
1775135700,4625.11,4626.86,4612.91,4614.87,1939,20,1
1775136000,4614.87,4617.38,4604.08,4615.85,2002,20,1
1775136300,4615.90,4620.81,4615.76,4618.54,1632,20,1
1775136600,4618.49,4619.98,4613.52,4614.34,1628,20,1
1775136900,4614.37,4618.68,4613.87,4614.31,1666,20,1
1775137200,4614.31,4631.33,4614.23,4624.29,2015,20,1
1775137500,4624.29,4629.53,4622.07,4628.73,1807,20,1
1775137800,4628.49,4628.63,4619.69,4620.73,1765,20,1
1775138100,4620.71,4625.91,4620.04,4620.50,1651,20,1
1775138400,4620.48,4626.95,4616.77,4626.49,1942,20,1
1775138700,4626.49,4627.70,4622.89,4625.75,1711,20,1
1775139000,4625.72,4629.99,4624.62,4627.54,1708,20,1
1775139300,4627.55,4628.66,4623.37,4624.61,1617,20,1
1775139600,4624.60,4628.75,4623.58,4625.49,1568,20,1
1775139900,4625.49,4630.71,4614.15,4614.85,1863,20,1
1775140200,4614.85,4617.22,4608.45,4613.56,2156,20,1
1775140500,4613.51,4617.69,4608.70,4608.70,1758,20,1
1775140800,4608.74,4608.75,4592.71,4600.02,2249,20,1
1775141100,4600.02,4604.88,4596.39,4604.20,1918,20,1
1775141400,4604.21,4612.00,4600.34,4601.52,2028,20,1
1775141700,4601.39,4603.64,4598.66,4600.11,2005,20,1
1775142000,4600.19,4607.35,4594.62,4607.08,2367,20,1
1775142300,4607.08,4610.60,4602.20,4603.84,2110,20,1
1775142600,4603.41,4612.75,4598.71,4612.41,2194,20,1
1775142900,4612.42,4616.48,4609.61,4613.79,2041,20,1
1775143200,4613.77,4629.01,4611.92,4628.24,2265,20,1
1775143500,4628.28,4630.19,4623.67,4626.17,1775,20,1
1775143800,4626.15,4626.90,4619.25,4622.01,2008,20,1
1775144100,4622.01,4624.63,4620.01,4621.39,1975,20,1
1775144400,4621.38,4622.13,4615.76,4618.19,1949,20,1
1775144700,4618.19,4624.48,4613.81,4619.40,1982,20,1
1775145000,4619.39,4626.49,4618.40,4620.04,1934,30,1
1775145300,4620.11,4621.51,4600.39,4601.65,2330,30,1
1775145600,4601.83,4602.60,4580.71,4595.00,2729,30,1
1775145900,4594.92,4614.04,4592.83,4600.22,2543,30,1
1775146200,4600.05,4601.59,4585.40,4587.46,2593,30,1
1775146500,4587.46,4594.74,4584.79,4591.07,2545,30,1
1775146800,4591.08,4597.60,4580.88,4583.06,2470,30,1
1775147100,4583.04,4600.30,4583.03,4597.57,2493,20,1
1775147400,4597.63,4607.63,4594.00,4599.48,2823,20,1
1775147700,4599.86,4601.36,4589.86,4589.92,2786,20,1
1775148000,4590.03,4602.43,4586.06,4602.14,2764,20,1
1775148300,4602.05,4636.67,4600.60,4634.37,2748,20,1
1775148600,4634.47,4643.62,4629.40,4635.42,2718,20,1
1775148900,4635.53,4651.40,4632.38,4645.94,2720,20,1
1775149200,4646.20,4650.19,4631.74,4642.36,2695,20,1
1775149500,4642.16,4651.09,4637.44,4648.01,2750,20,1
1775149800,4648.01,4659.59,4646.44,4647.76,2707,20,1
1775150100,4647.76,4663.72,4645.86,4660.65,2736,20,1
1775150400,4660.66,4675.97,4659.11,4675.00,2697,20,1
1775150700,4675.06,4675.65,4660.47,4665.41,2692,20,1
1775151000,4665.32,4673.37,4658.88,4670.11,2726,20,1
1775151300,4669.98,4695.72,4668.63,4688.05,2845,20,1
1775151600,4687.74,4699.57,4679.89,4693.65,2862,20,1
1775151900,4693.61,4693.61,4679.77,4681.02,2816,20,1
1775152200,4681.06,4684.91,4672.46,4683.89,2739,20,1
1775152500,4683.99,4689.98,4680.47,4681.46,2710,20,1
1775152800,4681.56,4684.06,4669.81,4680.84,2764,20,1
1775153100,4680.97,4682.26,4667.59,4670.79,2708,20,1
1775153400,4670.91,4680.47,4669.08,4672.31,2646,20,1
1775153700,4672.30,4681.93,4671.69,4672.50,2597,20,1
1775154000,4672.57,4672.60,4659.76,4662.17,2690,20,1
1775154300,4662.13,4676.46,4658.34,4672.38,2592,20,1
1775154600,4672.49,4675.27,4668.30,4675.21,2605,20,1
1775154900,4675.21,4675.97,4667.93,4670.18,2581,20,1
1775155200,4670.18,4670.37,4662.27,4666.02,2499,20,1
1775155500,4666.09,4666.68,4658.74,4659.10,2469,20,1
1775155800,4659.11,4662.63,4652.68,4662.14,2573,20,1
1775156100,4662.09,4664.30,4653.23,4661.03,2446,20,1
1775156400,4661.03,4668.43,4659.70,4661.69,2461,20,1
1775156700,4661.69,4665.26,4648.18,4658.13,2452,20,1
1775157000,4658.13,4658.88,4651.38,4654.92,2355,20,1
1775157300,4654.91,4656.96,4646.13,4646.40,2448,20,1
1775157600,4646.41,4655.99,4643.00,4651.33,2462,20,1
1775157900,4651.34,4656.10,4650.48,4650.77,2424,20,1
1775158200,4650.67,4663.67,4650.52,4658.17,2448,20,1
1775158500,4658.17,4668.16,4658.17,4663.91,2427,20,1
1775158800,4663.90,4670.11,4658.59,4658.88,2424,20,1
1775159100,4658.88,4662.30,4656.83,4660.33,2363,20,1
1775159400,4660.45,4670.63,4659.31,4664.26,2280,20,1
1775159700,4664.26,4664.55,4659.14,4659.14,2100,20,1
1775160000,4659.12,4664.89,4656.30,4663.64,2325,20,1
1775160300,4663.54,4668.45,4660.44,4662.89,2225,20,1
1775160600,4662.89,4664.19,4658.01,4664.01,2222,20,1
1775160900,4664.01,4665.80,4659.87,4662.25,2144,20,1
1775161200,4662.25,4665.72,4659.36,4663.83,2177,20,1
1775161500,4663.96,4664.24,4651.12,4651.85,2259,20,1
1775161800,4651.93,4654.11,4646.23,4651.67,2261,20,1
1775162100,4651.64,4653.64,4648.24,4653.52,2123,20,1
1775162400,4653.52,4658.07,4652.57,4657.86,1981,20,1
1775162700,4657.77,4658.64,4646.46,4646.79,2343,20,1
1775163000,4647.12,4651.95,4645.78,4650.25,2151,20,1
1775163300,4650.23,4652.29,4647.05,4648.68,1985,20,1
1775163600,4648.70,4653.28,4647.46,4653.28,2140,20,1
1775163900,4653.35,4658.55,4652.90,4656.05,1844,20,1
1775164200,4656.05,4658.83,4653.09,4653.59,1818,20,1
1775164500,4653.59,4656.21,4652.10,4653.89,1810,20,1
1775164800,4653.84,4656.68,4651.63,4651.63,1696,20,1
1775165100,4651.54,4653.26,4649.97,4651.58,2124,20,1
1775165400,4651.57,4659.28,4651.57,4658.84,1821,20,1
1775165700,4658.83,4659.97,4654.49,4655.82,1770,20,1
1775166000,4655.35,4663.53,4655.18,4662.67,1869,20,1
1775166300,4662.68,4669.21,4662.01,4669.21,1862,20,1
1775166600,4669.12,4670.43,4663.36,4668.21,1983,20,1
1775166900,4668.23,4672.08,4666.88,4668.54,1830,20,1
1775167200,4668.55,4675.74,4668.55,4672.33,2073,20,1
1775167500,4672.38,4679.86,4672.20,4679.64,1874,20,1
1775167800,4679.65,4681.78,4673.77,4674.52,1876,20,1
1775168100,4674.52,4674.83,4669.02,4670.04,1955,20,1
1775168400,4670.04,4678.02,4666.84,4672.96,2110,20,1
1775168700,4672.95,4673.87,4664.31,4665.18,2307,20,1
1775169000,4665.18,4667.19,4661.97,4663.73,1997,20,1
1775169300,4663.73,4666.33,4661.54,4664.39,1921,20,1
1775169600,4664.37,4668.25,4663.93,4665.92,1917,20,1
1775169900,4665.93,4670.06,4665.77,4668.82,1969,20,1
1775170200,4668.81,4675.55,4668.81,4675.30,2099,20,1
1775170500,4675.30,4676.50,4671.73,4672.18,2041,20,1
1775170800,4672.10,4676.45,4671.83,4675.11,1413,20,1
1775171100,4675.11,4675.98,4673.57,4674.10,902,20,1
1775171400,4674.10,4676.78,4672.27,4673.92,924,20,1
1775171700,4673.91,4674.43,4667.38,4668.02,1078,20,1
1775172000,4667.89,4667.92,4664.41,4666.53,1113,20,1
1775172300,4666.53,4670.43,4666.38,4667.81,1071,20,1
1775172600,4667.81,4672.36,4667.79,4672.32,1130,20,1
1775172900,4672.32,4673.32,4670.95,4671.46,892,20,1
1775173200,4671.46,4671.65,4668.02,4668.94,842,20,1
1775173500,4668.94,4673.40,4667.69,4670.88,1127,20,1
1775173800,4670.87,4672.88,4666.57,4672.13,1225,20,1
1775174100,4672.13,4676.64,4671.48,4675.67,913,20,1
1775437200,4671.91,4675.43,4631.26,4637.71,2379,20,1
1775437500,4637.87,4639.32,4630.16,4634.09,1914,23,1
1775437800,4634.08,4635.21,4614.12,4630.46,2302,23,1
1775438100,4630.46,4640.64,4629.71,4635.89,2073,23,1
1775438400,4635.96,4642.15,4632.98,4641.50,1709,23,1
1775438700,4641.48,4642.26,4634.24,4636.26,1510,23,1
1775439000,4636.31,4641.67,4632.14,4635.03,1676,20,1
1775439300,4635.36,4642.04,4634.16,4641.97,1607,20,1
1775439600,4641.97,4646.04,4637.95,4642.65,1469,20,1
1775439900,4642.65,4650.65,4608.30,4642.59,2163,20,1
1775440200,4642.60,4648.82,4617.35,4628.79,2164,20,1
1775440500,4629.02,4654.37,4629.02,4645.81,2180,20,1
1775440800,4645.94,4651.14,4634.56,4636.60,2085,20,1
1775441100,4636.60,4640.76,4629.74,4630.60,1820,20,1
1775441400,4630.62,4634.24,4627.01,4632.51,1749,20,1
1775441700,4632.48,4634.08,4624.75,4624.75,1548,20,1
1775442000,4624.75,4625.93,4618.87,4619.65,1445,20,1
1775442300,4619.65,4620.36,4609.53,4609.78,1927,20,1
1775442600,4609.81,4616.27,4605.34,4615.34,1793,20,1
1775442900,4615.30,4617.30,4611.94,4614.15,1679,20,1
1775443200,4614.15,4614.18,4605.35,4607.04,1814,20,1
1775443500,4607.05,4615.48,4607.04,4613.40,1883,20,1
1775443800,4613.30,4619.45,4612.77,4616.74,1606,20,1
1775444100,4616.98,4617.07,4610.12,4610.46,1788,20,1
1775444400,4610.47,4623.51,4607.48,4623.19,2357,20,1
1775444700,4623.16,4626.45,4617.66,4623.12,2278,20,1
1775445000,4623.13,4626.71,4620.42,4626.13,1948,20,1
1775445300,4626.13,4629.29,4614.23,4614.87,1958,20,1
1775445600,4614.84,4621.37,4613.33,4616.85,2123,20,1
1775445900,4616.85,4617.74,4600.76,4603.34,2287,20,1
1775446200,4603.34,4610.61,4602.96,4609.17,1954,20,1
1775446500,4609.23,4612.80,4605.73,4610.20,1793,20,1
1775446800,4610.20,4621.50,4610.08,4619.11,1950,20,1
1775447100,4619.10,4621.69,4616.90,4617.65,1573,20,1
1775447400,4617.64,4621.30,4615.79,4621.30,1491,20,1
1775447700,4621.32,4626.22,4619.40,4622.21,1675,20,1
1775448000,4622.21,4631.77,4622.21,4631.08,1909,20,1
1775448300,4631.08,4640.67,4627.46,4637.57,2065,20,1
1775448600,4637.56,4642.80,4637.56,4641.81,1600,20,1
1775448900,4641.81,4643.16,4624.92,4624.96,1796,20,1
1775449200,4624.95,4635.05,4620.48,4632.90,1739,20,1
1775449500,4632.91,4641.34,4632.90,4641.21,1566,20,1
1775449800,4641.21,4641.39,4627.06,4628.87,1759,20,1
1775450100,4628.86,4635.57,4626.24,4635.21,1684,20,1
1775450400,4635.22,4635.23,4623.52,4627.77,1700,20,1
1775450700,4627.75,4628.68,4623.05,4623.47,1611,20,1
1775451000,4623.46,4626.57,4621.50,4626.14,1793,20,1
1775451300,4626.55,4627.62,4622.38,4625.90,1547,20,1
1775451600,4625.90,4631.33,4623.64,4629.34,2045,20,1
1775451900,4629.38,4633.17,4626.67,4632.28,1650,20,1
1775452200,4632.12,4640.18,4630.95,4636.21,1860,20,1
1775452500,4636.21,4665.22,4636.21,4663.23,1997,20,1
1775452800,4663.28,4671.67,4662.78,4665.24,2332,20,1
1775453100,4665.24,4667.78,4659.30,4661.08,1943,20,1
1775453400,4661.08,4666.45,4653.98,4654.48,2084,20,1
1775453700,4654.48,4654.69,4644.27,4651.28,1777,20,1
1775454000,4651.28,4654.50,4648.88,4651.11,1790,20,1
1775454300,4651.11,4654.79,4650.76,4652.24,1624,20,1
1775454600,4652.25,4656.17,4647.67,4650.54,1607,20,1
1775454900,4650.50,4652.00,4647.24,4647.96,1690,20,1
1775455200,4647.95,4647.97,4631.05,4634.59,2047,20,1
1775455500,4634.48,4635.44,4629.53,4630.89,1831,20,1
1775455800,4630.87,4637.06,4628.79,4632.54,1703,20,1
1775456100,4633.12,4636.39,4627.14,4627.15,1704,20,1
1775456400,4626.98,4631.98,4625.42,4631.12,2014,20,1
1775456700,4631.16,4633.88,4629.88,4630.36,1430,20,1
1775457000,4630.36,4632.33,4625.83,4631.40,1775,20,1
1775457300,4631.46,4633.45,4629.07,4629.08,1471,20,1
1775457600,4629.07,4632.89,4625.68,4632.62,1544,20,1
1775457900,4632.58,4634.76,4630.52,4634.66,1410,20,1
1775458200,4634.67,4638.29,4633.59,4635.42,1403,20,1
1775458500,4635.42,4642.07,4635.30,4640.48,1269,20,1
1775458800,4640.48,4648.12,4639.95,4648.01,1573,20,1
1775459100,4648.00,4648.22,4642.86,4646.61,1431,20,1
1775459400,4646.61,4648.56,4642.89,4643.45,1310,20,1
1775459700,4643.45,4645.31,4642.91,4643.51,1302,20,1
1775460000,4643.53,4644.54,4641.27,4642.00,1098,20,1
1775460300,4642.01,4646.72,4641.74,4646.65,969,20,1
1775460600,4646.65,4648.46,4642.96,4648.36,1251,20,1
1775460900,4648.35,4651.13,4648.30,4648.33,1177,20,1
1775461200,4648.33,4650.31,4647.36,4648.92,1043,20,1
1775461500,4648.93,4651.91,4646.94,4651.91,1024,20,1
1775461800,4651.90,4656.24,4651.90,4656.13,1109,20,1
1775462100,4656.12,4659.87,4654.74,4659.06,1133,20,1
1775462400,4659.06,4663.73,4657.95,4663.01,1365,20,1
1775462700,4662.97,4670.98,4662.30,4670.81,1300,20,1
1775463000,4670.82,4676.82,4669.85,4673.63,1608,20,1
1775463300,4673.63,4678.03,4673.39,4677.29,1216,20,1
1775463600,4677.30,4678.72,4668.34,4673.55,1428,20,1
1775463900,4673.53,4673.77,4666.94,4667.34,1330,20,1
1775464200,4667.34,4668.89,4664.62,4667.39,1382,20,1
1775464500,4667.39,4668.09,4665.51,4665.82,762,20,1
1775464800,4665.82,4666.97,4661.38,4661.56,1232,20,1
1775465100,4661.52,4663.12,4659.47,4660.08,1301,20,1
1775465400,4660.08,4667.05,4658.80,4667.02,1258,20,1
1775465700,4667.02,4667.49,4651.45,4652.63,1563,20,1
1775466000,4652.62,4653.22,4643.61,4652.73,1740,20,1
1775466300,4652.73,4659.44,4652.73,4658.05,1561,20,1
1775466600,4658.05,4661.88,4656.85,4660.94,1426,20,1
1775466900,4660.95,4662.22,4658.12,4658.83,1267,20,1
1775467200,4658.83,4660.42,4653.49,4655.15,1400,20,1
1775467500,4655.15,4658.05,4652.64,4657.32,1450,20,1
1775467800,4657.32,4660.05,4655.58,4658.17,1318,20,1
1775468100,4658.20,4658.95,4651.82,4654.83,1342,20,1
1775468400,4654.83,4658.34,4653.29,4655.54,1179,20,1
1775468700,4655.61,4657.03,4653.71,4656.43,1260,20,1
1775469000,4656.47,4667.63,4655.62,4662.29,2116,20,1
1775469300,4662.28,4666.15,4658.66,4665.98,1723,20,1
1775469600,4665.96,4666.71,4658.34,4658.84,1736,20,1
1775469900,4658.84,4660.04,4655.56,4656.24,1617,20,1
1775470200,4656.60,4656.87,4648.04,4651.89,1755,20,1
1775470500,4651.93,4655.62,4646.44,4649.48,1808,20,1
1775470800,4649.48,4650.12,4645.05,4645.34,1472,20,1
1775471100,4645.34,4650.78,4644.98,4650.68,1633,20,1
1775471400,4650.69,4653.75,4650.25,4653.29,1482,20,1
1775471700,4653.30,4657.69,4653.18,4656.89,1577,20,1
1775472000,4656.89,4665.62,4656.54,4664.35,1646,20,1
1775472300,4664.35,4672.06,4662.59,4672.06,1769,20,1
1775472600,4672.05,4685.85,4672.04,4680.77,2208,20,1
1775472900,4680.93,4688.28,4680.63,4684.76,1942,20,1
1775473200,4684.75,4694.47,4681.39,4693.64,2073,20,1
1775473500,4693.43,4693.48,4682.53,4684.61,1855,20,1
1775473800,4684.61,4692.05,4683.76,4689.58,1674,20,1
1775474100,4689.69,4692.52,4685.46,4686.61,1774,20,1
1775474400,4686.60,4693.32,4684.48,4692.90,1595,20,1
1775474700,4692.90,4695.77,4690.01,4691.34,1533,20,1
1775475000,4691.36,4694.70,4690.13,4694.57,1346,20,1
1775475300,4694.57,4695.65,4690.15,4690.33,1504,20,1
1775475600,4690.33,4693.66,4689.91,4693.06,1467,20,1
1775475900,4693.05,4697.04,4692.72,4696.62,1546,20,1
1775476200,4696.66,4697.24,4691.60,4694.20,1466,20,1
1775476500,4694.20,4698.14,4693.43,4695.83,1415,20,1
1775476800,4695.85,4702.44,4695.85,4699.00,1858,20,1
1775477100,4699.00,4703.31,4698.31,4699.18,1548,20,1
1775477400,4699.18,4701.43,4697.43,4701.20,1383,20,1
1775477700,4701.20,4703.72,4698.48,4700.26,1481,20,1
1775478000,4700.25,4702.77,4697.29,4701.39,1477,20,1
1775478300,4701.38,4703.03,4699.80,4702.54,1391,20,1
1775478600,4702.37,4704.72,4700.88,4703.73,1478,20,1
1775478900,4703.72,4704.29,4701.98,4702.68,1194,20,1
1775479200,4702.70,4706.55,4702.12,4703.40,1174,20,1
1775479500,4703.42,4705.13,4700.33,4700.54,1431,20,1
1775479800,4700.53,4700.76,4691.52,4693.81,1847,20,1
1775480100,4693.79,4695.33,4690.92,4693.59,1900,20,1
1775480400,4693.60,4697.50,4692.99,4697.44,1743,20,1
1775480700,4697.46,4697.60,4691.59,4693.47,1672,20,1
1775481000,4693.47,4696.72,4686.04,4686.73,1590,20,1
1775481300,4686.73,4690.83,4686.22,4690.45,1332,20,1
1775481600,4690.48,4693.12,4689.31,4689.37,1226,20,1
1775481900,4689.36,4689.79,4686.50,4689.79,1361,20,1
1775482200,4689.79,4693.86,4689.08,4689.90,1324,20,1
1775482500,4689.90,4692.06,4687.72,4691.88,1267,20,1
1775482800,4691.92,4696.77,4691.92,4695.40,1247,20,1
1775483100,4695.40,4695.80,4685.12,4692.37,1873,20,1
1775483400,4692.66,4694.57,4690.98,4691.06,1677,20,1
1775483700,4691.07,4692.68,4688.82,4689.75,1442,20,1
1775484000,4689.76,4695.96,4689.12,4693.00,1663,20,1
1775484300,4693.00,4696.79,4691.89,4692.61,1510,20,1
1775484600,4692.59,4693.56,4688.83,4689.46,1406,20,1
1775484900,4689.51,4691.88,4688.09,4691.67,1238,20,1
1775485200,4691.68,4692.35,4685.32,4688.03,1456,20,1
1775485500,4688.04,4690.55,4686.27,4688.52,1282,20,1
1775485800,4688.52,4691.09,4687.24,4689.36,1177,20,1
1775486100,4689.36,4692.73,4685.38,4689.56,1352,20,1
1775486400,4689.57,4694.51,4685.30,4685.30,1476,20,1
1775486700,4685.29,4685.78,4681.26,4682.74,1582,20,1
1775487000,4682.74,4683.63,4678.76,4683.41,1344,20,1
1775487300,4683.41,4684.57,4677.05,4677.97,1411,20,1
1775487600,4677.95,4683.66,4677.93,4681.97,1501,20,1
1775487900,4681.97,4686.76,4678.22,4679.37,1626,20,1
1775488200,4679.40,4679.77,4671.44,4672.52,1627,20,1
1775488500,4672.53,4674.08,4669.32,4673.07,1574,20,1
1775488800,4673.07,4673.16,4661.59,4664.02,2004,20,1
1775489100,4664.02,4667.84,4659.68,4666.03,1866,20,1
1775489400,4666.04,4675.70,4665.70,4673.56,1830,20,1
1775489700,4673.56,4677.58,4670.20,4676.43,1800,20,1
1775490000,4676.43,4678.73,4673.53,4676.94,1516,20,1
1775490300,4676.88,4681.17,4676.13,4678.67,1618,20,1
1775490600,4678.65,4678.86,4674.21,4677.13,1598,20,1
1775490900,4677.08,4678.47,4674.26,4675.89,1541,20,1
1775491200,4675.88,4677.45,4671.18,4671.83,1980,20,1
1775491500,4671.83,4672.42,4662.15,4670.33,2095,20,1
1775491800,4670.31,4671.19,4667.26,4668.61,1821,20,1
1775492100,4668.59,4669.70,4663.88,4664.01,1675,20,1
1775492400,4664.00,4672.91,4660.05,4672.68,1875,20,1
1775492700,4672.67,4673.36,4667.45,4668.63,1692,20,1
1775493000,4668.64,4676.34,4661.09,4671.43,2640,20,1
1775493300,4671.38,4675.14,4663.60,4673.84,2640,20,1
1775493600,4673.84,4679.03,4665.06,4665.61,2584,20,1
1775493900,4665.62,4676.72,4661.63,4664.15,2656,20,1
1775494200,4664.08,4680.14,4663.43,4678.93,2560,20,1
1775494500,4678.94,4681.75,4675.13,4679.97,2261,20,1
1775494800,4679.97,4690.79,4668.90,4669.67,2639,20,1
1775495100,4669.64,4673.94,4666.08,4670.89,2594,20,1
1775495400,4671.12,4672.71,4660.31,4672.71,2594,20,1
1775495700,4672.74,4683.18,4670.73,4683.18,2533,20,1
1775496000,4683.18,4686.15,4678.10,4685.76,2399,20,1
1775496300,4685.74,4688.17,4683.82,4686.18,2357,20,1
1775496600,4686.14,4691.73,4683.03,4691.69,2316,20,1
1775496900,4691.68,4697.61,4678.54,4684.43,2655,20,1
1775497200,4684.37,4691.82,4682.51,4684.61,2629,20,1
1775497500,4684.68,4684.68,4677.50,4678.58,2500,20,1
1775497800,4678.60,4686.38,4675.06,4684.78,2284,20,1
1775498100,4684.75,4688.35,4680.00,4682.84,2403,20,1
1775498400,4682.83,4683.96,4669.15,4672.06,2304,20,1
1775498700,4672.12,4672.54,4663.85,4667.47,2351,20,1
1775499000,4667.47,4669.00,4661.44,4662.23,2365,20,1
1775499300,4662.29,4666.92,4655.42,4666.44,2286,20,1
1775499600,4666.52,4669.90,4664.52,4665.90,2067,20,1
1775499900,4665.90,4668.62,4661.75,4667.30,2146,20,1
1775500200,4667.27,4670.94,4666.73,4667.52,1950,20,1
1775500500,4667.52,4667.87,4652.09,4655.15,2137,20,1
1775500800,4655.14,4661.28,4653.59,4660.75,2074,20,1
1775501100,4660.80,4666.25,4659.69,4664.13,1886,20,1
1775501400,4664.11,4667.97,4662.67,4665.71,1876,20,1
1775501700,4665.71,4669.21,4663.00,4668.13,1736,20,1
1775502000,4668.13,4670.49,4664.91,4666.68,1992,20,1
1775502300,4666.72,4667.23,4662.94,4663.31,1771,20,1
1775502600,4663.21,4671.27,4662.42,4670.41,1699,20,1
1775502900,4670.40,4672.61,4665.39,4668.63,1624,20,1
1775503200,4668.60,4670.78,4666.07,4668.72,1593,20,1
1775503500,4668.72,4670.22,4665.60,4665.67,1617,20,1
1775503800,4665.67,4667.49,4664.95,4666.82,1466,20,1
1775504100,4666.82,4671.20,4664.48,4664.48,1520,20,1
1775504400,4664.48,4666.21,4663.09,4663.26,1658,20,1
1775504700,4663.26,4665.17,4661.38,4664.71,1638,20,1
1775505000,4664.71,4666.69,4662.02,4662.83,1733,20,1
1775505300,4662.85,4663.21,4658.02,4660.41,2082,20,1
1775505600,4660.45,4661.04,4655.04,4659.08,2095,20,1
1775505900,4659.08,4659.88,4655.93,4658.31,1770,20,1
1775506200,4658.31,4659.65,4645.78,4654.00,2423,20,1
1775506500,4654.01,4659.76,4650.36,4659.63,2274,20,1
1775506800,4659.64,4660.09,4657.96,4659.70,2010,20,1
1775507100,4659.70,4660.32,4655.05,4656.22,1726,20,1
1775507400,4656.15,4660.37,4652.51,4659.03,1880,20,1
1775507700,4659.04,4659.87,4658.24,4659.60,1606,20,1
1775508000,4659.57,4659.80,4654.90,4656.23,1727,20,1
1775508300,4656.23,4657.29,4651.76,4652.43,1678,20,1
1775508600,4652.43,4656.45,4651.89,4655.74,1814,20,1
1775508900,4655.74,4656.17,4653.39,4653.60,1647,20,1
1775509200,4653.60,4655.11,4650.99,4652.96,1890,20,1
1775509500,4652.75,4658.91,4652.02,4658.25,1813,20,1
1775509800,4658.26,4666.46,4657.38,4659.26,2190,20,1
1775510100,4659.40,4663.75,4659.16,4662.85,2028,20,1
1775510400,4662.85,4663.67,4660.72,4662.16,1915,20,1
1775510700,4662.16,4664.37,4659.96,4660.16,1919,20,1
1775511000,4660.15,4663.32,4657.23,4659.10,1851,20,1
1775511300,4659.10,4660.44,4649.47,4649.67,1826,20,1
1775511600,4649.72,4652.35,4649.11,4650.44,1883,20,1
1775511900,4650.38,4651.99,4649.25,4650.79,1656,20,1
1775512200,4650.77,4652.42,4649.19,4651.32,1432,20,1
1775512500,4651.36,4659.05,4648.85,4658.27,1705,20,1
1775512800,4658.27,4659.34,4655.90,4658.38,1541,20,1
1775513100,4658.38,4659.32,4650.19,4651.43,1492,20,1
1775513400,4651.37,4653.59,4650.29,4650.75,1533,20,1
1775513700,4650.75,4651.35,4645.53,4647.91,1613,20,1
1775514000,4647.91,4649.17,4646.54,4647.34,1411,20,1
1775514300,4647.34,4650.43,4646.26,4650.17,1218,20,1
1775514600,4650.17,4653.88,4649.96,4651.43,1290,20,1
1775514900,4651.43,4653.17,4650.60,4650.90,1112,20,1
1775515200,4650.96,4652.31,4648.56,4651.75,1327,20,1
1775515500,4651.76,4655.53,4651.57,4655.49,1444,20,1
1775515800,4655.49,4656.35,4653.77,4654.22,1483,20,1
1775516100,4654.21,4658.07,4653.79,4655.44,1534,20,1
1775516400,4655.45,4657.21,4652.84,4655.38,992,20,1
1775516700,4655.37,4655.39,4652.27,4653.16,606,20,1
1775517000,4653.17,4657.30,4653.17,4657.06,730,20,1
1775517300,4657.05,4657.64,4656.14,4656.64,708,20,1
1775517600,4656.64,4658.09,4655.40,4656.31,628,20,1
1775517900,4656.32,4657.48,4655.61,4655.88,646,20,1
1775518200,4655.88,4658.33,4655.88,4656.83,624,20,1
1775518500,4656.83,4656.98,4652.03,4652.39,846,20,1
1775518800,4652.39,4653.79,4651.11,4653.21,989,20,1
1775519100,4653.21,4654.53,4650.14,4650.37,784,20,1
1775519400,4650.37,4652.23,4649.57,4652.13,704,20,1
1775519700,4652.14,4652.16,4649.26,4649.80,370,20,1
1775523600,4651.22,4666.33,4650.00,4661.61,1807,20,1
1775523900,4661.61,4667.89,4661.46,4667.36,1162,20,1
1775524200,4667.33,4667.73,4663.80,4663.89,1142,20,1
1775524500,4663.89,4666.43,4662.05,4664.66,1058,23,1
1775524800,4664.68,4665.56,4659.18,4660.81,1109,23,1
1775525100,4661.09,4662.95,4660.63,4662.18,819,20,1
1775525400,4662.23,4663.07,4659.09,4660.11,877,20,1
1775525700,4660.11,4661.73,4659.02,4660.54,725,20,1
1775526000,4660.53,4661.66,4659.26,4659.28,656,20,1
1775526300,4659.28,4662.21,4658.33,4661.21,709,20,1
1775526600,4661.23,4661.85,4657.38,4657.69,842,20,1
1775526900,4657.74,4658.41,4656.77,4658.40,750,20,1
1775527200,4658.41,4659.45,4657.09,4659.45,780,20,1
1775527500,4659.48,4661.15,4658.39,4660.22,932,20,1
1775527800,4660.22,4660.75,4659.24,4660.12,681,20,1
1775528100,4660.12,4660.66,4657.90,4658.28,724,20,1
1775528400,4658.31,4658.59,4653.30,4653.69,851,20,1
1775528700,4653.71,4655.57,4653.41,4654.50,727,23,1
1775529000,4654.50,4655.17,4653.74,4653.78,602,20,1
1775529300,4653.78,4655.36,4651.48,4655.02,823,20,1
1775529600,4655.02,4656.17,4652.45,4655.10,784,20,1
1775529900,4655.10,4657.25,4654.25,4656.29,1002,20,1
1775530200,4656.27,4659.83,4655.07,4659.73,1086,20,1
1775530500,4659.73,4660.18,4657.64,4658.85,992,20,1
1775530800,4658.84,4658.84,4649.12,4655.03,1997,20,1
1775531100,4655.03,4655.70,4650.63,4653.78,1608,20,1
1775531400,4653.78,4660.54,4652.80,4657.52,1747,20,1
1775531700,4657.50,4660.96,4657.41,4658.50,1771,20,1
1775532000,4658.50,4659.67,4656.42,4659.02,1483,20,1
1775532300,4659.04,4660.48,4657.67,4659.12,1240,20,1
1775532600,4659.13,4660.83,4657.50,4660.59,1314,20,1
1775532900,4660.59,4661.04,4659.65,4660.15,1138,20,1
1775533200,4660.15,4660.94,4659.02,4660.67,1081,20,1
1775533500,4660.65,4661.30,4658.05,4658.60,1273,20,1
1775533800,4658.60,4659.24,4655.44,4657.09,1407,20,1
1775534100,4657.31,4657.71,4654.43,4654.89,1483,20,1
1775534400,4654.89,4661.89,4627.82,4661.46,2662,20,1
1775534700,4661.47,4664.44,4638.12,4644.36,2492,20,1
1775535000,4644.37,4645.64,4629.19,4640.65,2619,20,1
1775535300,4640.70,4651.30,4637.74,4651.16,2390,20,1
1775535600,4651.16,4657.56,4649.09,4649.78,2416,20,1
1775535900,4650.08,4655.08,4645.90,4654.77,2168,20,1
1775536200,4654.76,4662.47,4650.66,4657.61,2262,20,1
1775536500,4657.63,4659.49,4628.90,4639.24,2546,20,1
1775536800,4639.22,4647.41,4635.08,4641.52,2463,20,1
1775537100,4641.52,4647.27,4633.89,4634.28,2367,20,1
1775537400,4634.31,4636.51,4620.25,4627.36,2614,20,1
1775537700,4627.27,4627.51,4616.37,4627.02,2453,20,1
1775538000,4626.91,4632.26,4623.75,4628.08,2223,20,1
1775538300,4628.10,4631.90,4619.80,4631.26,2251,20,1
1775538600,4631.30,4634.26,4623.78,4626.52,2160,20,1
1775538900,4626.51,4631.71,4622.80,4630.77,1629,20,1
1775539200,4630.78,4631.80,4626.64,4630.26,1512,20,1
1775539500,4630.26,4635.14,4629.05,4634.77,1345,20,1
1775539800,4634.50,4640.29,4633.76,4637.82,1950,20,1
1775540100,4637.82,4642.97,4635.41,4642.26,1773,20,1
1775540400,4642.23,4646.86,4641.11,4646.28,1847,20,1
1775540700,4646.28,4653.89,4645.30,4651.36,1975,20,1
1775541000,4651.35,4653.56,4649.73,4650.66,1981,20,1
1775541300,4650.66,4650.84,4647.31,4650.51,1876,20,1
1775541600,4650.51,4654.06,4647.86,4648.32,2005,20,1
1775541900,4648.36,4648.36,4641.54,4646.20,1860,20,1
1775542200,4646.14,4647.87,4642.91,4645.04,1830,20,1
1775542500,4645.05,4647.74,4641.16,4641.69,1951,20,1
1775542800,4641.63,4644.58,4639.56,4642.19,1872,20,1
1775543100,4642.17,4644.41,4639.66,4642.58,1821,20,1
1775543400,4642.58,4648.10,4642.02,4645.91,1306,20,1
1775543700,4645.91,4646.35,4643.09,4645.46,1022,20,1
1775544000,4645.47,4648.27,4643.94,4648.05,939,20,1
1775544300,4648.05,4649.54,4647.40,4647.75,1029,20,1
1775544600,4647.75,4649.62,4647.28,4648.01,869,20,1
1775544900,4647.99,4651.12,4647.71,4649.68,1068,20,1
1775545200,4649.63,4651.25,4648.48,4649.51,1306,20,1
1775545500,4649.48,4649.56,4647.70,4648.65,1186,20,1
1775545800,4648.64,4649.51,4645.60,4646.09,1141,20,1
1775546100,4646.09,4649.45,4645.72,4649.25,1258,20,1
1775546400,4649.25,4649.66,4647.81,4649.66,983,20,1
1775546700,4649.66,4651.28,4649.14,4650.22,1085,20,1
1775547000,4650.18,4658.75,4649.66,4658.75,1531,20,1
1775547300,4658.74,4660.77,4657.37,4658.51,1317,20,1
1775547600,4658.51,4663.80,4658.44,4662.28,1436,20,1
1775547900,4662.28,4663.54,4660.36,4661.35,1295,20,1
1775548200,4661.34,4663.77,4661.05,4662.16,1142,20,1
1775548500,4662.16,4662.98,4659.20,4659.60,1204,20,1
1775548800,4659.63,4661.47,4655.79,4656.94,1288,20,1
1775549100,4656.94,4658.31,4654.72,4655.60,1006,20,1
1775549400,4655.57,4656.54,4654.23,4655.75,1080,20,1
1775549700,4655.75,4657.92,4653.89,4654.62,1079,20,1
1775550000,4654.60,4654.65,4647.30,4647.30,1286,20,1
1775550300,4647.30,4647.63,4630.57,4632.67,2228,20,1
1775550600,4632.37,4638.77,4623.31,4631.78,2592,20,1
1775550900,4631.78,4641.54,4629.94,4639.41,2160,20,1
1775551200,4639.41,4640.59,4630.37,4631.32,2244,20,1
1775551500,4631.32,4638.21,4629.39,4635.56,2052,20,1
1775551800,4635.56,4640.89,4635.55,4639.01,1960,20,1
1775552100,4639.02,4646.43,4638.37,4642.90,1957,20,1
1775552400,4642.90,4646.08,4638.04,4645.66,2149,20,1
1775552700,4645.61,4646.44,4642.28,4644.15,1953,20,1
1775553000,4644.06,4647.99,4642.20,4647.09,1977,20,1
1775553300,4647.12,4649.15,4641.82,4643.01,1914,20,1
1775553600,4643.03,4643.76,4637.91,4642.44,2030,20,1
1775553900,4642.44,4644.81,4639.38,4641.10,2008,20,1
1775554200,4641.12,4646.21,4640.96,4644.03,2116,20,1
1775554500,4643.82,4647.51,4642.64,4645.94,1890,20,1
1775554800,4645.94,4653.78,4643.48,4652.48,1875,20,1
1775555100,4652.47,4652.77,4648.56,4650.91,1936,20,1
1775555400,4650.92,4655.56,4650.40,4653.65,1737,20,1
1775555700,4653.65,4656.51,4652.85,4653.41,1864,20,1
1775556000,4653.46,4655.24,4650.18,4652.05,2032,20,1
1775556300,4652.07,4655.99,4649.40,4654.14,1794,20,1
1775556600,4654.16,4656.95,4649.11,4651.61,1742,20,1
1775556900,4651.60,4653.88,4648.82,4651.83,1781,20,1
1775557200,4651.83,4653.79,4645.75,4648.58,1812,20,1
1775557500,4648.44,4649.06,4638.89,4639.60,1973,20,1
1775557800,4639.60,4644.02,4636.59,4642.97,1856,20,1
1775558100,4642.89,4646.52,4642.82,4646.11,1394,20,1
1775558400,4646.11,4646.11,4640.30,4643.69,1430,20,1
1775558700,4643.69,4643.99,4641.60,4643.22,1353,20,1
1775559000,4643.22,4644.86,4639.02,4639.63,1515,20,1
1775559300,4639.50,4647.15,4638.85,4646.08,1383,20,1
1775559600,4646.06,4659.81,4644.25,4650.33,2388,20,1
1775559900,4650.33,4653.56,4648.53,4651.46,2156,20,1
1775560200,4651.45,4665.31,4650.65,4663.41,2305,20,1
1775560500,4663.48,4664.43,4657.11,4661.60,2384,20,1
1775560800,4661.61,4690.84,4660.11,4684.32,2585,20,1
1775561100,4684.34,4687.35,4677.61,4678.27,2338,20,1
1775561400,4678.48,4686.79,4676.87,4684.97,2253,20,1
1775561700,4684.97,4687.53,4681.16,4681.80,2086,20,1
1775562000,4681.79,4683.91,4679.23,4683.07,1881,20,1
1775562300,4683.07,4687.55,4679.21,4682.06,1950,20,1
1775562600,4682.11,4685.30,4680.26,4684.58,1806,20,1
1775562900,4684.58,4686.83,4680.86,4682.96,1881,20,1
1775563200,4682.96,4688.14,4682.32,4683.09,1770,20,1
1775563500,4683.02,4686.57,4680.95,4686.07,1777,20,1
1775563800,4686.09,4693.59,4684.85,4685.37,1905,20,1
1775564100,4685.39,4693.81,4682.77,4690.27,1896,20,1
1775564400,4690.27,4694.32,4689.52,4693.91,1781,20,1
1775564700,4693.91,4694.45,4685.66,4686.70,1985,20,1
1775565000,4686.70,4686.85,4680.07,4683.01,2033,20,1
1775565300,4683.01,4684.20,4674.80,4676.79,2020,20,1
1775565600,4676.82,4676.82,4665.81,4667.11,2074,20,1
1775565900,4667.10,4667.51,4658.91,4666.75,2257,20,1
1775566200,4666.74,4671.46,4663.03,4670.33,1765,20,1
1775566500,4670.27,4675.86,4670.26,4670.93,1455,20,1
1775566800,4670.92,4675.78,4667.14,4674.87,1591,20,1
1775567100,4674.86,4679.97,4663.13,4674.80,1669,20,1
1775567400,4674.90,4679.09,4672.34,4676.90,2408,20,1
1775567700,4676.91,4680.58,4674.19,4677.26,1917,20,1
1775568000,4677.26,4678.58,4669.84,4672.26,1967,20,1
1775568300,4672.24,4674.49,4658.00,4668.16,2463,20,1
1775568600,4668.18,4671.93,4666.31,4667.25,1983,20,1
1775568900,4667.25,4670.34,4662.08,4663.45,2011,20,1
1775569200,4663.45,4666.58,4655.32,4662.32,2120,20,1
1775569500,4662.33,4662.49,4649.54,4650.45,2315,20,1
1775569800,4650.44,4658.70,4650.28,4655.95,2237,20,1
1775570100,4655.95,4657.75,4649.28,4652.06,2108,20,1
1775570400,4652.05,4655.42,4646.22,4654.38,2132,20,1
1775570700,4654.40,4656.26,4646.73,4651.30,2086,20,1
1775571000,4651.30,4651.30,4628.94,4635.71,2234,20,1
1775571300,4635.71,4642.18,4633.17,4639.80,2078,20,1
1775571600,4639.80,4646.83,4638.07,4644.99,1890,20,1
1775571900,4644.97,4652.08,4644.68,4647.95,1867,20,1
1775572200,4647.97,4652.39,4647.19,4649.61,1873,20,1
1775572500,4649.63,4657.85,4647.31,4654.68,1984,20,1
1775572800,4654.67,4663.18,4652.85,4663.07,2026,20,1
1775573100,4663.08,4664.13,4656.21,4660.50,1769,20,1
1775573400,4660.47,4661.41,4657.77,4658.54,1649,20,1
1775573700,4658.55,4661.81,4658.03,4659.70,1391,20,1
1775574000,4659.70,4661.70,4655.50,4657.86,1701,20,1
1775574300,4657.87,4664.54,4651.51,4656.14,2287,20,1
1775574600,4656.14,4656.95,4652.06,4654.83,2147,20,1
1775574900,4654.82,4663.16,4651.30,4658.49,2262,20,1
1775575200,4658.19,4670.98,4657.20,4666.84,2154,20,1
1775575500,4666.80,4668.45,4664.47,4665.85,1645,20,1
1775575800,4665.85,4667.62,4660.24,4661.09,1763,20,1
1775576100,4661.09,4664.64,4658.29,4663.26,1886,20,1
1775576400,4663.26,4665.02,4656.16,4656.70,1909,20,1
1775576700,4656.69,4656.94,4647.55,4648.72,1929,20,1
1775577000,4648.74,4656.14,4646.92,4654.45,2078,20,1
1775577300,4654.49,4662.37,4651.18,4651.55,2229,20,1
1775577600,4651.58,4657.71,4648.31,4655.63,2457,20,1
1775577900,4655.63,4659.90,4652.72,4655.71,2229,20,1
1775578200,4655.70,4657.05,4651.10,4656.75,2349,20,1
1775578500,4656.72,4657.42,4650.40,4650.92,2248,20,1
1775578800,4650.91,4659.62,4650.58,4659.32,2133,20,1
1775579100,4659.32,4662.95,4657.01,4658.12,2177,20,1
1775579400,4658.12,4663.10,4647.22,4647.97,2608,20,1
1775579700,4647.97,4651.77,4644.60,4647.61,2653,20,1
1775580000,4647.51,4651.71,4635.64,4639.73,2662,20,1
1775580300,4639.72,4647.85,4637.25,4647.23,2544,20,1
1775580600,4647.22,4652.75,4644.06,4652.39,2554,20,1
1775580900,4652.34,4653.97,4643.12,4644.08,2582,20,1
1775581200,4644.07,4645.43,4622.67,4624.46,2696,20,1
1775581500,4624.45,4627.42,4607.50,4611.87,2773,20,1
1775581800,4612.29,4625.79,4612.09,4622.06,2606,20,1
1775582100,4622.06,4624.29,4609.96,4615.75,2712,20,1
1775582400,4615.74,4645.28,4615.73,4642.12,2691,20,1
1775582700,4642.12,4649.46,4640.31,4645.34,2639,20,1
1775583000,4645.41,4655.26,4642.63,4653.37,2580,20,1
1775583300,4653.24,4661.37,4651.92,4654.86,2572,20,1
1775583600,4654.87,4655.89,4646.78,4647.19,2460,20,1
1775583900,4647.13,4656.97,4646.66,4648.94,2554,20,1
1775584200,4649.00,4649.40,4639.75,4639.75,2438,20,1
1775584500,4639.83,4641.23,4630.00,4633.23,2454,20,1
1775584800,4633.24,4636.52,4627.80,4628.11,2575,20,1
1775585100,4628.11,4632.08,4624.94,4630.67,2471,20,1
1775585400,4634.12,4643.20,4631.61,4643.19,2472,20,1
1775585700,4643.19,4652.28,4640.72,4650.20,2603,20,1
1775586000,4650.22,4652.84,4645.35,4645.81,2410,20,1
1775586300,4645.81,4653.31,4645.68,4653.04,2438,20,1
1775586600,4653.04,4656.69,4643.54,4646.52,2355,20,1
1775586900,4646.47,4650.76,4643.27,4644.22,2254,20,1
1775587200,4644.23,4648.64,4640.74,4645.76,2272,20,1
1775587500,4645.72,4652.33,4645.29,4651.45,2177,20,1
1775587800,4651.45,4654.07,4648.59,4653.79,2186,20,1
1775588100,4653.74,4659.49,4650.94,4655.50,2338,20,1
1775588400,4655.51,4668.61,4652.94,4662.53,2547,20,1
1775588700,4662.49,4662.73,4653.38,4653.87,2469,20,1
1775589000,4653.86,4660.40,4652.61,4658.78,2313,20,1
1775589300,4658.79,4659.99,4655.82,4657.67,2222,20,1
1775589600,4657.68,4667.62,4654.42,4657.26,2322,20,1
1775589900,4657.60,4663.56,4656.51,4663.04,2370,20,1
1775590200,4662.86,4664.08,4656.07,4659.76,2294,20,1
1775590500,4659.69,4661.27,4656.62,4657.83,2105,20,1
1775590800,4657.82,4661.10,4656.04,4660.98,2106,20,1
1775591100,4660.99,4662.93,4658.31,4658.34,2087,20,1
1775591400,4658.34,4662.34,4657.31,4660.20,2043,20,1
1775591700,4660.19,4660.19,4656.41,4657.06,1767,20,1
1775592000,4657.06,4666.25,4656.53,4665.77,2091,20,1
1775592300,4665.80,4673.10,4664.32,4667.41,2257,20,1
1775592600,4667.38,4668.40,4665.24,4668.07,2015,20,1
1775592900,4668.05,4668.05,4655.31,4656.51,2144,20,1
1775593200,4656.51,4659.03,4653.94,4658.51,2090,20,1
1775593500,4658.50,4660.84,4655.86,4660.26,1836,20,1
1775593800,4660.26,4672.59,4660.26,4672.14,2133,20,1
1775594100,4672.14,4686.57,4671.94,4679.26,2549,20,1
1775594400,4679.21,4681.51,4671.56,4672.32,2192,20,1
1775594700,4672.33,4678.32,4671.23,4678.05,1981,20,1
1775595000,4678.07,4680.14,4676.42,4676.70,1906,20,1
1775595300,4676.64,4678.80,4675.02,4675.86,1928,20,1
1775595600,4675.83,4680.87,4675.68,4678.10,1910,20,1
1775595900,4678.10,4679.77,4676.12,4678.62,1837,20,1
1775596200,4678.62,4684.63,4677.39,4684.03,1810,20,1
1775596500,4684.03,4685.99,4680.47,4684.77,1991,20,1
1775596800,4684.78,4685.98,4677.04,4678.09,2007,20,1
1775597100,4678.09,4681.50,4677.17,4680.42,1837,20,1
1775597400,4680.42,4686.23,4680.42,4683.21,1790,20,1
1775597700,4683.20,4684.01,4679.34,4679.92,1694,20,1
1775598000,4679.88,4681.01,4677.52,4679.79,1801,20,1
1775598300,4679.79,4680.14,4672.18,4674.37,1855,20,1
1775598600,4674.37,4674.39,4664.56,4664.99,2022,20,1
1775598900,4664.99,4665.01,4657.51,4662.17,2195,20,1
1775599200,4662.17,4666.80,4660.91,4665.33,2230,20,1
1775599500,4665.35,4668.44,4660.64,4662.16,2285,20,1
1775599800,4662.17,4668.66,4662.09,4667.78,2251,20,1
1775600100,4667.79,4691.73,4667.03,4690.18,2523,20,1
1775600400,4690.01,4702.64,4685.49,4689.55,2716,20,1
1775600700,4689.47,4691.65,4686.23,4687.67,2455,20,1
1775601000,4687.62,4688.58,4682.94,4686.30,2339,20,1
1775601300,4686.14,4691.33,4682.63,4685.76,2199,20,1
1775601600,4685.88,4690.76,4681.89,4687.33,2227,20,1
1775601900,4687.25,4718.65,4685.86,4705.63,2806,20,1
1775602200,4705.94,4712.10,4695.18,4700.04,2677,20,1
1775602500,4699.90,4702.12,4696.75,4700.73,2390,20,1
1775602800,4700.76,4710.90,4697.29,4705.98,2239,20,1
1775603100,4705.87,4708.73,4697.46,4707.38,1976,20,1
1775603400,4707.39,4710.15,4705.17,4708.46,1620,20,1
1775603700,4708.40,4712.82,4705.48,4708.25,1823,20,1
1775604000,4708.15,4708.74,4703.99,4707.59,1359,20,1
1775604300,4707.59,4712.72,4704.19,4710.23,1622,20,1
1775604600,4710.21,4715.45,4709.16,4710.48,1580,20,1
1775604900,4710.46,4715.26,4703.46,4708.12,1807,20,1
1775605200,4708.08,4717.09,4707.19,4708.03,1951,20,1
1775605500,4708.11,4712.94,4707.59,4712.31,1449,20,1
1775605800,4712.31,4712.31,4707.75,4708.68,1507,20,1
1775606100,4708.70,4713.72,4706.28,4706.30,876,20,1
1775610000,4719.60,4747.54,4719.60,4744.40,2398,20,1
1775610300,4744.49,4751.95,4741.84,4744.40,2198,20,1
1775610600,4744.39,4744.91,4731.22,4731.90,1950,20,1
1775610900,4731.93,4734.04,4725.73,4730.42,1856,20,1
1775611200,4730.48,4731.44,4726.26,4728.05,1527,20,1
1775611500,4728.12,4736.18,4727.14,4735.49,1438,20,1
1775611800,4735.47,4763.85,4713.09,4760.88,2393,20,1
1775612100,4760.79,4779.63,4752.36,4775.23,2750,20,1
1775612400,4775.26,4779.65,4770.03,4770.07,2589,20,1
1775612700,4770.01,4773.95,4761.79,4772.26,2438,20,1
1775613000,4772.26,4801.32,4770.57,4793.98,2543,20,1
1775613300,4793.90,4819.57,4793.41,4818.31,2725,20,1
1775613600,4818.24,4824.77,4801.61,4811.11,2707,20,1
1775613900,4811.39,4817.97,4805.95,4814.97,2528,20,1
1775614200,4814.82,4822.01,4806.62,4818.13,2526,20,1
1775614500,4818.25,4824.65,4810.27,4824.32,2288,20,1
1775614800,4824.34,4828.87,4817.85,4818.44,2390,20,1
1775615100,4818.43,4819.55,4807.54,4814.66,2336,20,1
1775615400,4814.74,4817.42,4807.91,4808.68,2265,20,1
1775615700,4808.68,4815.10,4804.13,4810.13,2361,20,1
1775616000,4810.33,4813.14,4808.16,4813.01,2052,20,1
1775616300,4813.00,4816.72,4810.75,4812.12,2045,20,1
1775616600,4812.11,4824.26,4810.17,4818.70,2096,20,1
1775616900,4818.73,4836.20,4814.91,4833.48,2192,20,1
1775617200,4833.48,4852.34,4830.59,4846.10,2725,20,1
1775617500,4846.10,4857.63,4837.04,4839.41,2687,20,1
1775617800,4839.39,4843.71,4830.97,4834.97,2506,20,1
1775618100,4834.94,4838.84,4829.66,4833.07,2418,20,1
1775618400,4833.07,4834.17,4827.03,4827.93,2323,20,1
1775618700,4827.97,4828.75,4818.92,4822.74,2316,20,1
1775619000,4822.74,4824.77,4814.49,4816.09,2256,20,1
1775619300,4815.91,4822.80,4812.07,4820.93,2234,20,1
1775619600,4820.93,4822.63,4811.91,4813.71,1986,20,1
1775619900,4813.71,4816.28,4808.69,4815.31,2080,20,1
1775620200,4815.31,4826.48,4815.31,4821.91,2004,20,1
1775620500,4821.90,4823.68,4810.32,4817.82,2224,20,1
1775620800,4817.70,4825.22,4806.25,4806.86,2728,20,1
1775621100,4806.88,4819.63,4806.87,4818.82,2420,20,1
1775621400,4818.83,4822.68,4815.52,4819.99,2284,20,1
1775621700,4820.03,4822.05,4800.61,4802.97,2401,20,1
1775622000,4802.95,4807.96,4793.85,4801.46,2641,20,1
1775622300,4801.45,4804.78,4792.13,4794.18,2359,20,1
1775622600,4794.20,4799.55,4788.21,4799.28,2564,20,1
1775622900,4799.28,4804.30,4798.10,4798.88,2292,20,1
1775623200,4798.90,4803.11,4796.56,4800.13,2221,20,1
1775623500,4800.12,4807.98,4798.48,4807.98,2132,20,1
1775623800,4807.99,4814.24,4807.66,4809.56,2123,20,1
1775624100,4809.56,4812.08,4807.24,4810.24,1821,20,1
1775624400,4810.17,4825.18,4810.17,4817.26,2268,20,1
1775624700,4817.26,4818.98,4815.54,4816.48,1835,20,1
1775625000,4816.48,4819.42,4813.68,4814.05,1846,20,1
1775625300,4814.04,4814.05,4811.44,4812.45,1324,20,1
1775625600,4812.45,4813.76,4809.91,4809.98,1363,20,1
1775625900,4809.99,4813.37,4807.90,4811.60,1437,20,1
1775626200,4811.60,4815.98,4809.87,4814.92,1971,20,1
1775626500,4814.91,4820.62,4812.41,4813.89,1830,20,1
1775626800,4813.84,4814.46,4806.13,4806.83,1681,20,1
1775627100,4806.82,4808.77,4804.58,4806.24,1566,20,1
1775627400,4806.17,4809.29,4802.86,4804.05,1833,20,1
1775627700,4804.06,4804.22,4798.66,4803.99,1916,20,1
1775628000,4804.04,4805.90,4803.13,4803.60,1873,20,1
1775628300,4803.60,4803.82,4800.46,4802.38,1780,20,1
1775628600,4802.38,4802.99,4797.89,4798.87,1746,20,1
1775628900,4798.85,4799.78,4796.48,4797.85,1587,20,1
1775629200,4797.85,4801.75,4796.86,4800.27,1703,20,1
1775629500,4800.20,4805.30,4799.16,4803.13,1890,20,1
1775629800,4803.12,4803.76,4795.14,4800.40,1514,20,1
1775630100,4800.38,4801.68,4796.93,4797.55,1209,20,1
1775630400,4797.55,4804.96,4797.49,4800.46,1385,20,1
1775630700,4800.46,4801.26,4798.47,4798.78,1274,20,1
1775631000,4798.80,4804.36,4798.35,4800.28,1297,20,1
1775631300,4800.28,4801.84,4796.46,4797.50,1311,20,1
1775631600,4797.48,4801.41,4796.92,4797.62,1410,20,1
1775631900,4797.58,4798.91,4793.61,4794.44,1292,20,1
1775632200,4794.43,4798.00,4794.24,4797.31,1388,20,1
1775632500,4797.33,4797.96,4791.83,4794.63,1515,20,1
1775632800,4794.63,4794.79,4790.21,4791.13,1442,20,1
1775633100,4791.12,4803.95,4790.69,4802.30,1534,20,1
1775633400,4802.30,4804.73,4800.77,4801.11,1398,20,1
1775633700,4801.11,4805.31,4800.73,4804.24,1213,20,1
1775634000,4804.29,4806.54,4802.33,4802.68,1209,20,1
1775634300,4802.69,4803.87,4797.79,4798.61,1173,20,1
1775634600,4798.66,4802.20,4797.89,4800.31,1161,20,1
1775634900,4800.32,4803.87,4799.05,4803.66,1264,20,1
1775635200,4803.63,4806.73,4800.40,4805.91,1558,20,1
1775635500,4805.97,4810.16,4805.59,4808.27,1439,20,1
1775635800,4808.25,4810.54,4805.60,4809.34,1481,20,1
1775636100,4809.34,4810.32,4806.60,4809.55,1260,20,1
1775636400,4809.62,4812.19,4808.34,4811.14,1376,20,1
1775636700,4811.14,4816.42,4810.44,4815.75,1732,20,1
1775637000,4815.77,4823.19,4813.71,4821.67,2183,20,1
1775637300,4821.84,4822.56,4817.19,4820.25,1900,20,1
1775637600,4820.23,4825.14,4820.12,4822.51,1780,20,1
1775637900,4822.43,4831.65,4820.88,4831.55,1894,20,1
1775638200,4831.53,4843.66,4830.97,4836.62,2182,20,1
1775638500,4836.62,4836.71,4825.14,4827.61,2043,20,1
1775638800,4827.53,4834.85,4827.17,4830.51,2187,20,1
1775639100,4830.46,4831.67,4821.33,4824.42,2029,20,1
1775639400,4824.38,4827.63,4824.20,4826.41,1899,20,1
1775639700,4826.41,4830.70,4824.68,4830.16,2071,20,1
1775640000,4830.16,4835.53,4829.04,4833.73,2083,20,1
1775640300,4833.74,4836.62,4831.16,4836.62,1969,20,1
1775640600,4836.60,4836.78,4829.07,4832.76,2083,20,1
1775640900,4832.74,4839.65,4830.28,4831.47,1984,20,1
1775641200,4831.41,4837.19,4830.98,4835.73,1760,20,1
1775641500,4835.73,4839.46,4832.34,4832.35,1796,20,1
1775641800,4832.34,4833.00,4821.17,4823.27,2138,20,1
1775642100,4823.30,4823.75,4819.98,4820.39,2139,20,1
1775642400,4819.94,4820.82,4810.08,4812.89,2282,20,1
1775642700,4812.89,4817.45,4812.23,4815.29,1733,20,1
1775643000,4815.21,4815.58,4809.53,4812.43,1754,20,1
1775643300,4812.43,4815.17,4810.77,4812.50,1639,20,1
1775643600,4812.49,4816.30,4809.26,4815.99,1649,20,1
1775643900,4815.99,4821.25,4815.35,4818.44,1763,20,1
1775644200,4818.42,4818.52,4808.00,4810.00,1678,20,1
1775644500,4809.95,4814.19,4806.80,4810.52,1789,20,1
1775644800,4810.47,4811.14,4805.24,4808.98,1505,20,1
1775645100,4809.00,4814.69,4808.54,4814.56,1685,20,1
1775645400,4814.57,4819.94,4813.71,4819.02,1688,20,1
1775645700,4819.01,4820.44,4813.21,4813.42,1569,20,1
1775646000,4813.39,4816.63,4808.11,4816.63,1769,20,1
1775646300,4816.66,4819.45,4815.06,4816.19,1691,20,1
1775646600,4816.19,4816.78,4811.60,4815.15,1577,20,1
1775646900,4815.15,4819.85,4814.92,4819.00,1600,20,1
1775647200,4819.01,4819.25,4807.27,4808.12,1533,20,1
1775647500,4808.12,4809.62,4798.59,4808.62,1906,20,1
1775647800,4808.61,4808.61,4802.76,4802.86,1608,20,1
1775648100,4802.90,4807.44,4801.71,4802.60,1730,20,1
1775648400,4802.79,4804.79,4790.49,4793.51,2091,20,1
1775648700,4793.51,4798.90,4790.77,4795.07,1957,20,1
1775649000,4795.03,4803.40,4793.54,4796.47,1884,20,1
1775649300,4796.47,4798.48,4793.71,4793.81,1465,20,1
1775649600,4793.77,4798.51,4793.21,4796.48,1527,20,1
1775649900,4796.47,4799.24,4795.33,4797.19,1347,20,1
1775650200,4797.16,4801.22,4795.22,4800.60,1333,20,1
1775650500,4800.60,4800.62,4795.44,4797.26,1328,20,1
1775650800,4797.30,4803.43,4795.13,4802.23,1606,20,1
1775651100,4802.12,4806.72,4796.49,4798.47,1708,20,1
1775651400,4798.41,4803.63,4796.09,4797.51,1600,20,1
1775651700,4797.42,4801.44,4793.54,4794.79,1569,20,1
1775652000,4794.69,4795.44,4776.85,4782.34,1951,20,1
1775652300,4782.36,4786.49,4776.47,4785.37,2043,20,1
1775652600,4785.37,4788.55,4783.67,4784.55,1701,20,1
1775652900,4784.57,4785.58,4778.98,4783.26,1711,20,1
1775653200,4783.24,4790.30,4781.80,4788.71,1490,20,1
1775653500,4788.71,4789.45,4785.85,4787.98,1600,20,1
1775653800,4787.97,4788.47,4782.74,4782.83,1647,20,1
1775654100,4782.85,4783.16,4771.25,4776.25,1739,20,1
1775654400,4776.21,4781.11,4771.92,4778.88,1630,20,1
1775654700,4778.87,4783.34,4778.63,4782.59,1439,20,1
1775655000,4782.63,4785.27,4780.24,4783.20,1515,20,1
1775655300,4783.19,4789.53,4781.94,4787.67,1323,20,1
1775655600,4787.67,4792.14,4785.21,4791.66,1347,20,1
1775655900,4791.66,4795.16,4791.40,4793.18,1549,20,1
1775656200,4793.18,4796.06,4790.70,4790.74,1602,20,1
1775656500,4790.75,4791.32,4782.50,4782.61,1684,20,1
1775656800,4782.56,4786.09,4779.88,4782.33,1588,20,1
1775657100,4782.33,4790.90,4779.91,4790.70,1304,20,1
1775657400,4790.61,4790.61,4786.55,4787.25,1306,20,1
1775657700,4787.25,4787.75,4782.93,4784.65,1249,20,1
1775658000,4784.66,4787.35,4782.90,4785.80,1706,20,1
1775658300,4785.83,4796.94,4784.86,4789.89,2218,20,1
1775658600,4789.88,4792.43,4785.19,4788.00,2046,20,1
1775658900,4788.11,4788.25,4778.17,4783.16,1856,20,1
1775659200,4783.15,4791.25,4780.70,4790.32,1745,20,1
1775659500,4790.29,4796.43,4789.40,4795.82,1880,20,1
1775659800,4795.97,4800.82,4794.56,4796.63,1756,20,1
1775660100,4796.66,4802.82,4796.42,4798.35,1885,20,1
1775660400,4798.49,4804.18,4798.20,4803.75,1829,20,1
1775660700,4803.76,4805.78,4800.13,4800.20,1981,20,1
1775661000,4800.58,4807.26,4797.93,4805.27,2047,20,1
1775661300,4805.30,4805.41,4792.39,4792.61,1864,20,1
1775661600,4792.64,4794.52,4768.37,4769.27,2782,20,1
1775661900,4769.23,4784.61,4769.23,4784.09,2534,20,1
1775662200,4784.13,4793.77,4783.53,4793.30,2263,20,1
1775662500,4793.33,4798.07,4791.57,4796.64,2137,20,1
1775662800,4796.64,4797.80,4794.04,4795.04,1965,20,1
1775663100,4794.85,4801.47,4794.85,4797.36,2069,20,1
1775663400,4797.41,4801.98,4794.52,4801.37,1958,20,1
1775663700,4801.37,4802.53,4798.58,4799.59,1897,20,1
1775664000,4799.59,4806.66,4799.09,4802.25,2358,20,1
1775664300,4802.24,4802.50,4795.93,4797.73,2210,20,1
1775664600,4797.74,4798.12,4790.97,4793.18,2119,20,1
1775664900,4793.18,4797.24,4791.30,4793.03,2126,20,1
1775665200,4793.04,4798.12,4789.63,4797.74,2083,20,1
1775665500,4797.73,4799.26,4789.25,4790.43,1983,20,1
1775665800,4790.38,4794.81,4774.39,4782.78,2736,20,1
1775666100,4782.79,4787.85,4774.03,4776.89,2686,20,1
1775666400,4777.14,4780.59,4773.76,4774.48,2689,20,1
1775666700,4774.37,4788.30,4773.91,4788.22,2628,20,1
1775667000,4788.11,4788.77,4771.45,4771.90,2642,20,1
1775667300,4771.92,4780.58,4768.28,4777.90,2613,20,1
1775667600,4777.66,4791.60,4776.48,4785.71,2623,20,1
1775667900,4785.86,4792.05,4776.62,4786.29,2581,20,1
1775668200,4786.44,4787.04,4778.90,4780.20,2563,20,1
1775668500,4780.19,4785.39,4772.69,4773.18,2556,20,1
1775668800,4773.19,4780.34,4772.02,4774.36,2563,20,1
1775669100,4774.39,4774.67,4761.56,4767.60,2620,20,1
1775669400,4767.71,4768.36,4751.05,4754.15,2739,20,1
1775669700,4754.17,4766.59,4751.45,4760.96,2619,20,1
1775670000,4760.97,4770.13,4758.26,4760.30,2495,20,1
1775670300,4760.34,4765.08,4749.70,4755.61,2589,20,1
1775670600,4755.95,4756.62,4745.27,4753.01,2580,20,1
1775670900,4752.98,4753.23,4732.24,4736.20,2724,20,1
1775671200,4736.08,4748.36,4735.81,4747.10,2587,20,1
1775671500,4746.91,4749.54,4741.66,4742.55,2485,20,1
1775671800,4742.63,4747.70,4734.25,4743.48,2577,20,1
1775672100,4743.62,4754.47,4742.89,4754.30,2421,20,1
1775672400,4754.19,4757.61,4753.02,4754.91,2313,20,1
1775672700,4754.96,4757.38,4749.93,4750.83,2374,20,1
1775673000,4750.83,4757.12,4750.36,4756.97,2253,20,1
1775673300,4756.94,4761.08,4756.41,4760.22,2336,20,1
1775673600,4760.24,4761.52,4754.19,4755.70,2143,20,1
1775673900,4755.74,4759.59,4754.67,4758.83,2078,20,1
1775674200,4758.83,4763.12,4757.51,4757.53,1972,20,1
1775674500,4757.49,4759.16,4755.06,4756.46,1847,20,1
1775674800,4756.46,4762.55,4755.97,4757.52,1851,20,1
1775675100,4757.53,4758.83,4755.13,4757.80,1959,20,1
1775675400,4757.80,4760.67,4753.90,4754.06,1927,20,1
1775675700,4754.05,4755.03,4745.50,4748.10,2327,20,1
1775676000,4748.10,4753.08,4747.23,4752.46,2017,20,1
1775676300,4752.46,4753.94,4748.67,4750.08,2061,20,1
1775676600,4750.09,4757.41,4748.03,4755.99,2106,20,1
1775676900,4755.99,4759.20,4753.63,4759.10,1944,20,1
1775677200,4759.12,4760.29,4757.22,4758.56,1855,20,1
1775677500,4758.55,4762.17,4756.63,4761.05,1826,20,1
1775677800,4761.05,4765.56,4760.31,4760.94,1857,20,1
1775678100,4760.94,4762.68,4759.76,4760.50,1719,20,1
1775678400,4760.49,4764.35,4759.26,4760.28,1831,20,1
1775678700,4760.27,4760.52,4756.38,4757.89,1698,20,1
1775679000,4757.89,4762.08,4757.58,4760.78,1737,20,1
1775679300,4760.78,4762.57,4754.73,4755.39,1840,20,1
1775679600,4755.39,4757.00,4746.59,4748.20,2183,20,1
1775679900,4748.76,4753.76,4745.69,4751.05,2293,20,1
1775680200,4751.07,4754.42,4742.97,4744.74,2084,20,1
1775680500,4744.70,4744.99,4736.85,4736.85,2303,20,1
1775680800,4736.89,4742.51,4736.22,4740.60,2220,20,1
1775681100,4740.68,4741.29,4736.05,4738.30,2135,20,1
1775681400,4738.31,4741.65,4736.02,4736.49,1969,20,1
1775681700,4736.49,4737.75,4731.55,4734.03,1809,20,1
1775682000,4734.01,4740.29,4728.28,4740.19,2110,20,1
1775682300,4740.20,4743.72,4739.26,4743.18,2008,20,1
1775682600,4743.18,4744.39,4740.63,4743.55,1982,20,1
1775682900,4743.55,4744.46,4717.10,4729.58,2244,20,1
1775683200,4729.58,4731.77,4721.55,4723.57,2742,20,1
1775683500,4723.56,4726.88,4717.99,4722.53,2559,20,1
1775683800,4722.50,4724.99,4720.59,4722.96,2121,20,1
1775684100,4722.95,4723.41,4713.57,4714.86,2318,20,1
1775684400,4714.82,4716.69,4708.37,4709.45,2353,20,1
1775684700,4709.36,4716.86,4708.34,4710.29,2226,20,1
1775685000,4710.24,4711.71,4704.32,4707.60,2248,20,1
1775685300,4707.63,4707.85,4703.79,4705.39,2170,20,1
1775685600,4705.38,4708.56,4701.48,4701.98,2368,20,1
1775685900,4701.98,4709.03,4699.54,4707.83,2351,20,1
1775686200,4707.83,4716.45,4706.68,4715.54,2196,20,1
1775686500,4715.55,4718.50,4710.19,4711.16,1991,20,1
1775686800,4711.20,4712.14,4708.52,4710.72,1897,20,1
1775687100,4710.72,4714.59,4707.47,4708.63,1934,20,1
1775687400,4708.63,4718.99,4708.13,4716.92,2020,20,1
1775687700,4716.91,4724.80,4716.22,4724.24,2242,20,1
1775688000,4723.91,4724.89,4720.74,4721.97,1876,20,1
1775688300,4722.01,4726.66,4721.72,4725.91,1990,20,1
1775688600,4725.93,4730.57,4725.86,4729.98,2147,20,1
1775688900,4729.98,4731.83,4727.87,4730.71,2067,20,1
1775689200,4730.62,4732.22,4728.97,4731.74,1526,20,1
1775689500,4731.74,4732.10,4727.53,4727.68,1310,20,1
1775689800,4727.65,4728.43,4726.48,4727.91,1109,20,1
1775690100,4727.87,4730.01,4724.08,4724.49,1002,20,1
1775690400,4724.49,4724.97,4722.58,4724.88,943,20,1
1775690700,4724.87,4724.92,4721.83,4723.13,959,20,1
1775691000,4723.13,4724.08,4720.97,4723.80,986,20,1
1775691300,4723.81,4723.94,4721.15,4722.67,792,20,1
1775691600,4722.68,4723.80,4722.03,4722.37,609,20,1
1775691900,4722.37,4724.50,4719.95,4720.13,987,20,1
1775692200,4720.09,4720.98,4717.22,4719.01,1300,20,1
1775692500,4719.01,4720.93,4718.77,4719.55,557,20,1
1775696400,4720.14,4732.98,4720.14,4727.56,1440,23,1
1775696700,4727.56,4729.45,4720.77,4722.25,923,23,1
1775697000,4722.38,4723.75,4709.58,4712.53,1606,23,1
1775697300,4712.55,4717.57,4708.41,4711.98,1474,23,1
1775697600,4712.04,4713.79,4704.76,4712.79,1614,23,1
1775697900,4712.76,4713.77,4709.07,4713.77,1002,23,1
1775698200,4713.77,4717.09,4705.89,4716.35,1556,23,1
1775698500,4716.38,4719.51,4712.85,4713.42,1508,23,1
1775698800,4713.41,4717.57,4710.97,4712.69,1214,23,1
1775699100,4712.77,4716.13,4711.61,4715.16,902,23,1
1775699400,4715.16,4718.62,4714.05,4716.60,1204,23,1
1775699700,4716.60,4720.09,4715.18,4717.67,1070,23,1
1775700000,4717.66,4717.66,4709.31,4714.86,1274,23,1
1775700300,4714.52,4717.50,4707.24,4707.43,1371,23,1
1775700600,4707.41,4711.46,4705.44,4708.60,1488,23,1
1775700900,4708.61,4713.43,4705.90,4713.17,1224,23,1
1775701200,4713.10,4716.06,4710.73,4713.42,1138,23,1
1775701500,4713.39,4713.41,4709.89,4709.96,1089,23,1
1775701800,4710.02,4711.13,4707.09,4710.53,1088,23,1
1775702100,4710.48,4713.51,4709.92,4712.59,1090,23,1
1775702400,4712.50,4715.72,4712.17,4713.34,1057,23,1
1775702700,4713.35,4717.78,4712.66,4717.42,1040,23,1
1775703000,4717.42,4720.00,4714.79,4714.81,1195,23,1
1775703300,4714.87,4716.66,4712.62,4715.58,1339,23,1
1775703600,4715.69,4715.77,4703.32,4705.32,1945,23,1
1775703900,4705.39,4705.46,4698.56,4700.49,2096,23,1
1775704200,4700.49,4703.71,4699.02,4702.45,1650,23,1
1775704500,4702.45,4705.06,4701.05,4704.16,1550,23,1
1775704800,4704.14,4712.22,4701.79,4710.74,1734,23,1
1775705100,4710.74,4712.29,4706.46,4706.46,1540,23,1
1775705400,4706.43,4714.18,4705.71,4712.29,1775,23,1
1775705700,4712.29,4715.17,4711.74,4713.16,1629,23,1
1775706000,4713.16,4718.40,4713.16,4718.34,1517,23,1
1775706300,4718.31,4719.09,4713.57,4715.91,1541,23,1
1775706600,4715.87,4717.09,4708.28,4709.60,1495,23,1
1775706900,4709.60,4710.65,4705.97,4706.81,1590,23,1
1775707200,4706.81,4716.31,4699.64,4712.80,2565,23,1
1775707500,4712.80,4717.12,4708.78,4715.91,2376,23,1
1775707800,4716.02,4721.90,4711.22,4720.56,2247,23,1
1775708100,4720.56,4723.49,4716.72,4720.97,2212,23,1
1775708400,4720.98,4720.98,4709.12,4711.61,2157,23,1
1775708700,4711.60,4711.99,4702.95,4704.96,2208,23,1
1775709000,4704.96,4719.45,4704.05,4718.65,2116,23,1
1775709300,4718.65,4719.24,4715.18,4718.95,2005,23,1
1775709600,4718.95,4721.47,4715.63,4717.50,1916,23,1
1775709900,4717.49,4723.11,4717.49,4722.31,1816,23,1
1775710200,4722.31,4724.56,4721.67,4723.51,1663,23,1
1775710500,4723.51,4728.21,4721.56,4727.32,1666,23,1
1775710800,4727.31,4728.77,4721.09,4722.00,1989,23,1
1775711100,4722.02,4725.88,4721.94,4722.25,1827,23,1
1775711400,4722.25,4724.05,4721.11,4722.95,1697,23,1
1775711700,4722.94,4727.80,4722.59,4726.74,1334,23,1
1775712000,4726.65,4727.78,4724.93,4726.40,1236,23,1
1775712300,4726.40,4726.58,4723.68,4725.35,1197,23,1
1775712600,4725.34,4729.92,4725.30,4725.92,1677,23,1
1775712900,4725.92,4732.68,4725.72,4730.90,1620,23,1
1775713200,4730.90,4732.60,4729.26,4732.39,1355,23,1
1775713500,4732.39,4732.91,4725.61,4726.10,1519,23,1
1775713800,4726.10,4728.49,4723.23,4723.33,1569,23,1
1775714100,4723.32,4724.22,4717.50,4719.15,1825,23,1
1775714400,4719.10,4720.22,4715.66,4719.15,1705,23,1
1775714700,4719.18,4719.88,4715.46,4718.05,1308,23,1
1775715000,4718.03,4718.04,4711.53,4712.55,1635,23,1
1775715300,4712.54,4713.25,4705.89,4707.75,1762,23,1
1775715600,4707.75,4710.35,4705.28,4708.74,1857,23,1
1775715900,4708.75,4712.84,4708.49,4712.57,1556,23,1
1775716200,4712.57,4714.85,4712.28,4713.77,1210,23,1
1775716500,4713.76,4714.38,4711.83,4714.37,1080,23,1
1775716800,4714.38,4714.89,4713.24,4714.71,878,23,1
1775717100,4714.74,4714.79,4706.56,4710.97,1500,23,1
1775717400,4710.98,4713.96,4708.11,4711.42,1436,23,1
1775717700,4711.43,4713.92,4710.84,4711.49,1179,23,1
1775718000,4711.48,4715.72,4709.76,4715.10,1105,23,1
1775718300,4715.17,4721.02,4714.99,4720.58,1268,23,1
1775718600,4720.59,4722.38,4720.48,4721.70,1091,23,1
1775718900,4721.70,4723.34,4720.02,4720.36,1039,23,1
1775719200,4720.33,4720.51,4718.06,4718.44,903,23,1
1775719500,4718.43,4719.74,4716.95,4716.97,687,23,1
1775719800,4716.95,4717.85,4714.35,4715.88,1079,23,1
1775720100,4715.89,4721.16,4715.41,4718.29,1063,23,1
1775720400,4718.31,4723.46,4718.17,4720.77,1141,23,1
1775720700,4720.77,4722.47,4720.07,4721.32,741,23,1
1775721000,4721.32,4725.42,4721.00,4724.35,1078,23,1
1775721300,4724.35,4724.37,4720.79,4720.82,1032,23,1
1775721600,4720.82,4723.55,4719.63,4719.66,1119,23,1
1775721900,4719.65,4719.97,4715.21,4716.37,1295,23,1
1775722200,4716.39,4716.39,4710.76,4713.91,1501,23,1
1775722500,4713.92,4720.47,4713.30,4720.42,1560,23,1
1775722800,4720.42,4723.89,4720.04,4720.98,1372,23,1
1775723100,4720.98,4726.54,4720.54,4726.26,1208,23,1
1775723400,4726.26,4726.48,4716.95,4719.93,2039,23,1
1775723700,4719.92,4722.30,4716.26,4719.78,1696,23,1
1775724000,4719.78,4724.40,4719.29,4723.79,1760,23,1
1775724300,4723.78,4724.23,4714.71,4714.71,1577,23,1
1775724600,4714.61,4714.86,4705.81,4708.63,2022,23,1
1775724900,4708.61,4715.61,4707.36,4713.20,1723,23,1
1775725200,4713.17,4722.75,4711.46,4721.81,1956,23,1
1775725500,4721.88,4725.38,4720.49,4720.51,1894,23,1
1775725800,4720.51,4723.97,4717.83,4719.34,1725,23,1
1775726100,4719.39,4721.92,4716.47,4716.70,1683,23,1
1775726400,4716.68,4721.05,4714.39,4715.16,1707,23,1
1775726700,4715.16,4718.50,4712.61,4718.35,1775,23,1
1775727000,4718.35,4723.07,4716.86,4719.15,1890,23,1
1775727300,4719.16,4719.17,4711.75,4714.90,1761,23,1
1775727600,4714.94,4718.93,4712.77,4713.75,1786,23,1
1775727900,4713.68,4715.15,4711.42,4711.81,1823,23,1
1775728200,4711.81,4713.37,4703.56,4708.14,2058,23,1
1775728500,4708.14,4714.11,4708.10,4712.43,1934,23,1
1775728800,4712.50,4716.71,4708.59,4715.57,1929,23,1
1775729100,4715.41,4728.66,4714.66,4725.28,1936,23,1
1775729400,4725.26,4730.44,4721.96,4724.41,1917,23,1
1775729700,4724.43,4724.53,4715.05,4715.80,1845,23,1
1775730000,4715.76,4716.11,4710.01,4713.68,1859,23,1
1775730300,4713.62,4714.54,4705.78,4708.46,1963,23,1
1775730600,4708.48,4722.45,4708.48,4718.97,2066,23,1
1775730900,4718.98,4731.40,4718.37,4729.29,2158,23,1
1775731200,4729.29,4729.32,4722.35,4722.65,1775,23,1
1775731500,4722.65,4723.73,4716.76,4718.31,1918,23,1
1775731800,4718.26,4718.26,4711.57,4717.68,2013,23,1
1775732100,4717.69,4724.80,4716.75,4724.37,1471,23,1
1775732400,4724.43,4726.41,4720.69,4721.75,1874,23,1
1775732700,4721.75,4723.75,4719.86,4722.85,1601,23,1
1775733000,4722.90,4725.52,4721.61,4723.96,1552,23,1
1775733300,4723.96,4725.21,4721.46,4723.29,1344,23,1
1775733600,4723.29,4727.69,4722.99,4726.32,1527,23,1
1775733900,4726.32,4726.44,4720.98,4721.37,1461,23,1
1775734200,4721.33,4727.63,4720.21,4725.93,1511,23,1
1775734500,4725.92,4730.28,4724.07,4728.79,1501,23,1
1775734800,4728.83,4732.90,4726.83,4729.74,1455,23,1
1775735100,4729.74,4733.08,4729.31,4730.99,1547,23,1
1775735400,4731.01,4731.25,4727.06,4729.12,1492,23,1
1775735700,4729.17,4729.50,4725.94,4726.30,1446,23,1
1775736000,4726.22,4727.99,4723.80,4725.92,1610,23,1
1775736300,4725.85,4731.95,4722.97,4731.36,1662,23,1
1775736600,4731.37,4733.13,4729.70,4730.90,1320,23,1
1775736900,4730.89,4732.95,4729.20,4730.57,1298,23,1
1775737200,4730.57,4732.50,4729.49,4730.95,1333,23,1
1775737500,4731.24,4733.30,4728.81,4729.71,1386,23,1
1775737800,4729.69,4730.86,4727.43,4729.74,1446,23,1
1775738100,4729.73,4732.56,4727.95,4732.47,1357,23,1
1775738400,4732.47,4732.47,4726.72,4726.83,1176,23,1
1775738700,4726.83,4729.36,4723.63,4728.81,1363,23,1
1775739000,4728.80,4730.53,4726.70,4728.39,1275,23,1
1775739300,4728.36,4730.46,4726.72,4729.24,1324,23,1
1775739600,4729.27,4732.89,4728.21,4728.81,1387,23,1
1775739900,4728.82,4729.53,4725.72,4728.75,1282,23,1
1775740200,4728.77,4730.09,4725.94,4727.29,1131,23,1
1775740500,4727.31,4729.75,4723.76,4729.09,1476,23,1
1775740800,4729.09,4738.77,4728.77,4738.23,1511,23,1
1775741100,4738.21,4739.85,4736.21,4738.12,1600,23,1
1775741400,4738.12,4741.37,4737.98,4738.65,1563,23,1
1775741700,4738.62,4740.25,4737.39,4739.93,1261,23,1
1775742000,4739.93,4741.14,4736.42,4740.79,1285,23,1
1775742300,4740.79,4744.30,4739.22,4744.03,1498,23,1
1775742600,4744.03,4746.37,4741.94,4744.71,1634,23,1
1775742900,4744.69,4746.71,4739.89,4741.11,1626,23,1
1775743200,4741.10,4744.12,4738.44,4740.50,1688,23,1
1775743500,4740.50,4741.76,4738.44,4740.11,1351,23,1
1775743800,4740.11,4741.37,4739.00,4739.19,1147,23,1
1775744100,4739.20,4743.29,4738.73,4743.28,1239,23,1
1775744400,4743.28,4746.13,4742.86,4743.58,1334,23,1
1775744700,4743.59,4747.34,4742.18,4745.77,1236,23,1
1775745000,4745.77,4747.76,4743.10,4745.04,1373,23,1
1775745300,4745.04,4748.90,4743.22,4748.89,1417,23,1
1775745600,4748.88,4751.35,4748.34,4751.12,1578,23,1
1775745900,4751.15,4757.01,4750.76,4756.28,1755,23,1
1775746200,4756.28,4757.06,4755.41,4756.16,1470,23,1
1775746500,4756.16,4757.37,4753.42,4756.55,1234,23,1
1775746800,4756.55,4759.58,4749.01,4750.90,1737,23,1
1775747100,4750.88,4750.97,4744.58,4744.94,1778,23,1
1775747400,4744.92,4747.40,4741.90,4742.50,1607,23,1
1775747700,4742.48,4744.20,4739.19,4739.27,1797,23,1
1775748000,4739.27,4741.75,4736.47,4739.65,1803,23,1
1775748300,4739.58,4741.70,4735.06,4737.94,1825,23,1
1775748600,4737.97,4743.75,4735.31,4742.33,2030,23,1
1775748900,4742.32,4745.04,4739.81,4742.09,1870,23,1
1775749200,4742.08,4748.01,4740.52,4743.78,1967,23,1
1775749500,4743.78,4744.57,4737.39,4742.66,2001,23,1
1775749800,4742.66,4746.17,4740.64,4741.67,1762,23,1
1775750100,4741.69,4747.37,4741.45,4745.78,1711,23,1
1775750400,4745.96,4747.03,4738.74,4743.06,2455,23,1
1775750700,4743.04,4749.82,4742.69,4749.53,2191,23,1
1775751000,4749.45,4756.70,4748.66,4754.71,2136,23,1
1775751300,4754.73,4758.59,4752.83,4753.33,2067,23,1
1775751600,4753.33,4758.36,4752.59,4754.14,1915,23,1
1775751900,4754.15,4756.45,4751.65,4752.60,1974,23,1
1775752200,4752.65,4757.56,4750.55,4756.98,2465,23,1
1775752500,4756.96,4771.52,4756.90,4770.31,2615,23,1
1775752800,4770.36,4777.09,4769.83,4775.83,2564,23,1
1775753100,4775.82,4776.68,4768.76,4771.66,2477,23,1
1775753400,4771.63,4771.86,4759.72,4763.53,2477,23,1
1775753700,4763.55,4769.01,4762.60,4764.44,2464,23,1
1775754000,4764.41,4776.11,4761.86,4772.72,2578,23,1
1775754300,4772.68,4773.33,4765.70,4767.25,2591,23,1
1775754600,4767.24,4776.31,4765.81,4770.87,2360,23,1
1775754900,4770.89,4773.19,4760.22,4761.42,2432,23,1
1775755200,4761.41,4771.02,4761.08,4770.48,2379,23,1
1775755500,4770.51,4772.84,4763.49,4765.60,2324,23,1
1775755800,4765.58,4767.58,4755.42,4755.88,2436,23,1
1775756100,4755.91,4759.13,4747.26,4759.06,2466,23,1
1775756400,4759.02,4761.61,4751.30,4755.81,2372,23,1
1775756700,4756.08,4763.24,4755.20,4761.56,2242,23,1
1775757000,4761.55,4765.99,4761.55,4763.70,2167,23,1
1775757300,4763.68,4769.03,4763.02,4768.61,2259,23,1
1775757600,4768.61,4769.23,4761.12,4763.84,2307,23,1
1775757900,4763.78,4766.48,4761.47,4762.35,2082,23,1
1775758200,4762.34,4770.41,4762.08,4769.22,2150,23,1
1775758500,4769.10,4783.52,4769.10,4783.04,2537,23,1
1775758800,4783.37,4786.31,4779.65,4784.67,2413,23,1
1775759100,4784.64,4784.75,4777.76,4778.95,2293,23,1
1775759400,4779.00,4792.29,4778.29,4791.92,2477,23,1
1775759700,4792.21,4797.92,4788.19,4791.62,2641,23,1
1775760000,4791.57,4796.17,4790.21,4790.27,2418,23,1
1775760300,4790.28,4794.28,4785.76,4786.09,2431,23,1
1775760600,4784.96,4790.75,4784.32,4787.86,2274,23,1
1775760900,4787.86,4794.16,4784.62,4792.84,2240,23,1
1775761200,4792.79,4800.97,4791.40,4796.88,2323,23,1
1775761500,4796.88,4797.64,4792.27,4792.31,2307,23,1
1775761800,4792.32,4794.25,4787.88,4788.23,2167,23,1
1775762100,4788.23,4797.70,4787.76,4795.53,2150,23,1
1775762400,4795.55,4797.03,4791.92,4794.86,2056,23,1
1775762700,4794.85,4794.85,4791.08,4792.75,1926,23,1
1775763000,4792.76,4795.51,4790.83,4794.52,2043,23,1
1775763300,4794.51,4794.85,4788.27,4792.47,1942,23,1
1775763600,4792.49,4792.49,4786.02,4787.32,1933,23,1
1775763900,4787.35,4789.24,4784.47,4784.47,2025,23,1
1775764200,4784.54,4791.12,4784.54,4788.44,1919,23,1
1775764500,4788.44,4789.42,4786.65,4788.83,1873,23,1
1775764800,4788.86,4790.94,4786.74,4788.80,1802,23,1
1775765100,4788.81,4794.04,4788.52,4792.75,1742,23,1
1775765400,4792.75,4793.85,4790.02,4793.19,1710,23,1
1775765700,4793.21,4798.32,4792.65,4797.54,1857,23,1
1775766000,4797.57,4797.81,4792.09,4792.56,1864,23,1
1775766300,4792.54,4795.81,4790.16,4792.70,1907,23,1
1775766600,4792.82,4794.34,4787.63,4793.25,2002,23,1
1775766900,4793.26,4800.74,4792.60,4798.87,2034,23,1
1775767200,4798.87,4801.15,4794.44,4795.27,1946,23,1
1775767500,4795.29,4800.96,4795.23,4800.52,1722,23,1
1775767800,4800.45,4800.61,4796.20,4798.02,1725,23,1
1775768100,4798.02,4799.69,4797.31,4797.80,1544,23,1
1775768400,4797.82,4798.15,4782.14,4785.49,2295,23,1
1775768700,4785.51,4790.32,4781.42,4785.91,2310,23,1
1775769000,4785.85,4788.39,4780.66,4783.84,2227,23,1
1775769300,4783.84,4788.26,4782.42,4785.76,2030,23,1
1775769600,4785.76,4787.16,4777.82,4780.20,2086,23,1
1775769900,4780.20,4783.35,4778.67,4782.12,2147,23,1
1775770200,4782.10,4782.29,4772.38,4777.07,2177,23,1
1775770500,4777.09,4779.71,4773.87,4776.67,2001,23,1
1775770800,4776.58,4776.67,4768.62,4770.44,2159,23,1
1775771100,4770.62,4773.14,4767.90,4772.66,1955,23,1
1775771400,4772.69,4772.96,4769.29,4769.87,1999,23,1
1775771700,4769.86,4774.48,4769.41,4772.11,1775,23,1
1775772000,4772.10,4776.48,4769.01,4776.27,2209,23,1
1775772300,4776.28,4781.87,4774.70,4781.71,1768,23,1
1775772600,4781.72,4782.62,4778.62,4779.60,1568,23,1
1775772900,4779.61,4780.73,4773.23,4774.00,1759,23,1
1775773200,4774.00,4776.26,4772.47,4776.04,1752,23,1
1775773500,4776.03,4778.30,4773.37,4773.57,1655,23,1
1775773800,4773.59,4778.01,4769.67,4771.86,1865,23,1
1775774100,4771.67,4773.18,4770.44,4771.35,1636,23,1
1775774400,4771.30,4775.63,4769.50,4772.22,1543,23,1
1775774700,4772.22,4772.81,4769.08,4769.84,1682,23,1
1775775000,4769.84,4773.97,4769.81,4772.07,1726,23,1
1775775300,4772.07,4772.10,4767.04,4768.81,2056,23,1
1775775600,4768.82,4771.48,4767.04,4770.59,1176,23,1
1775775900,4770.60,4771.04,4768.89,4770.66,990,23,1
1775776200,4770.67,4771.41,4769.48,4769.85,958,23,1
1775776500,4769.83,4770.96,4766.22,4770.72,878,23,1
1775776800,4770.70,4773.37,4770.56,4772.53,599,23,1
1775777100,4772.48,4772.99,4769.69,4769.99,798,23,1
1775777400,4769.99,4771.60,4769.30,4769.33,761,23,1
1775777700,4769.33,4769.49,4763.29,4764.47,954,23,1
1775778000,4764.47,4764.78,4760.92,4764.45,1165,23,1
1775778300,4764.32,4766.92,4763.76,4765.09,975,23,1
1775778600,4765.11,4768.91,4764.62,4767.92,897,23,1
1775778900,4767.91,4767.97,4764.85,4764.95,486,23,1
1775782800,4766.76,4780.18,4765.93,4772.30,1518,23,1
1775783100,4772.30,4772.43,4767.00,4770.60,1013,23,1
1775783400,4770.60,4771.75,4767.69,4770.15,764,23,1
1775783700,4770.15,4771.05,4765.47,4766.14,836,23,1
1775784000,4766.16,4769.84,4764.91,4767.26,1037,23,1
1775784300,4767.25,4769.23,4763.85,4764.48,839,23,1
1775784600,4764.50,4767.39,4762.54,4765.29,1162,23,1
1775784900,4765.08,4765.57,4759.25,4759.71,1045,23,1
1775785200,4759.67,4762.59,4759.28,4761.28,835,23,1
1775785500,4761.28,4762.22,4758.99,4760.48,749,23,1
1775785800,4760.48,4762.74,4758.77,4761.84,868,23,1
1775786100,4761.85,4764.56,4760.49,4764.17,944,23,1
1775786400,4764.20,4764.28,4759.15,4762.68,978,23,1
1775786700,4762.68,4763.12,4757.75,4762.03,885,23,1
1775787000,4762.01,4762.10,4757.31,4759.51,837,23,1
1775787300,4759.51,4761.56,4759.48,4760.37,766,23,1
1775787600,4760.36,4760.58,4757.12,4757.94,765,23,1
1775787900,4757.93,4758.34,4756.91,4758.33,609,23,1
1775788200,4758.32,4761.79,4758.30,4761.44,881,23,1
1775788500,4761.53,4763.06,4760.39,4760.65,843,23,1
1775788800,4760.63,4760.91,4758.39,4760.03,784,23,1
1775789100,4760.02,4764.28,4758.55,4762.38,993,23,1
1775789400,4762.38,4762.96,4760.26,4762.07,766,23,1
1775789700,4762.08,4763.96,4761.43,4763.73,755,23,1
1775790000,4763.73,4763.80,4753.77,4757.36,1641,23,1
1775790300,4757.37,4757.71,4750.72,4754.35,1660,23,1
1775790600,4754.32,4754.91,4750.97,4753.94,1451,23,1
1775790900,4753.91,4757.47,4751.32,4755.36,1591,23,1
1775791200,4755.36,4758.39,4753.20,4753.92,1444,23,1
1775791500,4753.92,4755.07,4750.91,4753.66,1318,23,1
1775791800,4753.66,4759.04,4753.66,4758.94,1331,23,1
1775792100,4758.95,4761.15,4757.70,4759.48,1299,23,1
1775792400,4759.48,4760.28,4754.71,4755.57,996,23,1
1775792700,4755.57,4756.20,4754.65,4755.71,1011,23,1
1775793000,4755.71,4758.66,4755.71,4755.98,1184,23,1
1775793300,4756.01,4763.07,4755.73,4762.87,1216,23,1
1775793600,4762.89,4767.11,4760.50,4760.71,2221,23,1
1775793900,4760.71,4764.75,4758.49,4759.17,1951,23,1
1775794200,4759.15,4762.31,4757.93,4760.70,1808,23,1
1775794500,4760.70,4765.28,4758.11,4763.59,1853,23,1
1775794800,4763.59,4764.33,4758.66,4758.81,1571,23,1
1775795100,4758.81,4763.45,4758.55,4762.47,1362,23,1
1775795400,4762.48,4771.49,4760.23,4771.38,1851,23,1
1775795700,4771.39,4777.06,4769.96,4773.31,1895,23,1
1775796000,4773.31,4775.41,4769.62,4771.83,1676,23,1
1775796300,4771.84,4773.44,4765.03,4766.51,1814,23,1
1775796600,4766.52,4766.52,4760.34,4765.49,1915,23,1
1775796900,4765.49,4767.35,4761.82,4764.43,1789,23,1
1775797200,4764.52,4765.39,4754.75,4755.19,1980,23,1
1775797500,4755.19,4760.20,4754.87,4759.34,1921,23,1
1775797800,4759.34,4759.45,4748.43,4752.39,1941,23,1
1775798100,4752.36,4754.08,4746.31,4747.99,1632,23,1
1775798400,4747.82,4749.98,4742.33,4745.24,1806,23,1
1775798700,4745.19,4749.21,4743.90,4744.54,1607,23,1
1775799000,4744.55,4745.75,4738.08,4743.93,2145,23,1
1775799300,4743.95,4749.01,4743.04,4747.84,1842,23,1
1775799600,4747.82,4749.98,4746.59,4749.60,1458,23,1
1775799900,4749.60,4751.34,4747.61,4749.60,1558,23,1
1775800200,4749.51,4752.03,4747.68,4749.32,1453,23,1
1775800500,4749.32,4753.60,4748.15,4753.06,1560,23,1
1775800800,4753.09,4756.64,4752.84,4755.09,1697,23,1
1775801100,4755.02,4758.18,4753.88,4758.02,1376,23,1
1775801400,4758.02,4761.83,4757.40,4760.13,1580,23,1
1775801700,4760.11,4762.05,4758.83,4761.68,1540,23,1
1775802000,4761.68,4762.06,4757.56,4758.37,1648,23,1
1775802300,4758.36,4758.50,4755.10,4756.08,1634,23,1
1775802600,4756.07,4762.42,4755.86,4762.35,1257,23,1
1775802900,4762.35,4768.40,4762.23,4765.11,1317,23,1
1775803200,4765.07,4766.11,4763.07,4765.32,1143,23,1
1775803500,4765.32,4769.56,4764.82,4766.92,1106,23,1
1775803800,4766.89,4767.24,4764.16,4764.67,1025,23,1
1775804100,4764.66,4767.03,4764.05,4766.56,1136,23,1
1775804400,4766.56,4768.03,4766.21,4767.27,916,23,1
1775804700,4767.24,4767.65,4765.24,4765.95,829,23,1
1775805000,4765.91,4767.32,4764.62,4767.15,779,23,1
1775805300,4767.15,4770.77,4766.01,4770.67,1031,23,1
1775805600,4770.67,4770.69,4766.58,4766.92,791,23,1
1775805900,4766.91,4767.68,4765.44,4765.52,646,23,1
1775806200,4765.53,4765.67,4763.60,4763.71,892,23,1
1775806500,4763.71,4764.59,4762.49,4763.17,1096,23,1
1775806800,4763.16,4763.79,4761.63,4762.49,971,23,1
1775807100,4762.48,4763.38,4761.56,4763.36,642,23,1
1775807400,4763.35,4765.49,4761.01,4762.65,1096,23,1
1775807700,4762.65,4762.77,4757.89,4758.55,1025,23,1
1775808000,4758.55,4762.32,4757.41,4762.23,1247,23,1
1775808300,4762.22,4763.20,4760.14,4761.72,1009,23,1
1775808600,4761.72,4761.96,4758.89,4759.92,1056,23,1
1775808900,4759.92,4760.47,4758.56,4760.00,844,23,1
1775809200,4760.00,4763.86,4760.00,4760.98,975,23,1
1775809500,4760.98,4763.88,4759.40,4759.41,1006,23,1
1775809800,4759.54,4765.45,4759.39,4764.93,1629,23,1
1775810100,4764.92,4768.29,4763.74,4765.03,1469,23,1
1775810400,4765.03,4766.74,4761.50,4764.77,1435,23,1
1775810700,4764.77,4767.25,4764.74,4766.21,1349,23,1
1775811000,4766.22,4769.15,4765.80,4767.14,1461,23,1
1775811300,4767.14,4767.83,4765.58,4765.87,1224,23,1
1775811600,4765.89,4765.91,4760.30,4761.64,1863,23,1
1775811900,4761.68,4763.92,4759.11,4759.24,1715,23,1
1775812200,4759.23,4761.23,4755.56,4756.23,1501,23,1
1775812500,4756.24,4757.53,4752.11,4752.77,1736,23,1
1775812800,4752.77,4754.80,4751.67,4753.81,1755,23,1
1775813100,4753.81,4755.97,4752.73,4755.46,1751,23,1
1775813400,4755.46,4758.51,4754.28,4758.13,1777,23,1
1775813700,4758.14,4758.50,4749.61,4752.38,1832,23,1
1775814000,4752.35,4754.07,4749.98,4751.00,1640,23,1
1775814300,4750.99,4754.27,4743.90,4743.93,1767,23,1
1775814600,4743.86,4747.20,4742.88,4744.78,1896,23,1
1775814900,4744.78,4748.12,4744.28,4746.39,1689,23,1
1775815200,4746.12,4750.78,4741.24,4750.49,1855,23,1
1775815500,4750.51,4752.16,4748.84,4751.75,1533,23,1
1775815800,4751.76,4752.64,4745.75,4747.01,1520,23,1
1775816100,4747.01,4753.32,4746.16,4752.59,1551,23,1
1775816400,4752.59,4754.87,4751.30,4754.02,1388,23,1
1775816700,4754.20,4756.04,4752.90,4753.60,1390,23,1
1775817000,4753.64,4756.08,4751.54,4755.77,1247,23,1
1775817300,4755.77,4757.20,4754.55,4755.66,1184,23,1
1775817600,4755.69,4757.51,4752.68,4754.09,1429,23,1
1775817900,4754.08,4755.06,4751.87,4754.00,1197,23,1
1775818200,4753.98,4753.98,4749.92,4750.75,1418,23,1
1775818500,4750.73,4752.06,4748.18,4749.57,1398,23,1
1775818800,4749.57,4753.27,4747.49,4747.49,1669,23,1
1775819100,4747.50,4750.81,4747.10,4749.91,1441,23,1
1775819400,4749.94,4752.09,4748.86,4749.88,1400,23,1
1775819700,4749.87,4750.07,4742.33,4745.45,1527,23,1
1775820000,4745.45,4746.95,4744.17,4746.31,1450,23,1
1775820300,4746.01,4748.02,4745.06,4746.98,1419,23,1
1775820600,4746.83,4752.22,4746.25,4750.05,1438,23,1
1775820900,4750.04,4752.19,4748.08,4749.37,1131,23,1
1775821200,4749.37,4749.88,4740.99,4741.91,1340,23,1
1775821500,4742.30,4743.93,4733.01,4735.68,1981,23,1
1775821800,4735.48,4736.59,4730.87,4736.45,2006,23,1
1775822100,4736.45,4742.29,4734.66,4740.66,1655,23,1
1775822400,4740.66,4745.34,4740.54,4744.58,1479,23,1
1775822700,4744.57,4746.17,4741.50,4742.22,1579,23,1
1775823000,4742.20,4746.80,4741.74,4746.80,1188,23,1
1775823300,4746.75,4760.70,4744.53,4759.32,1659,23,1
1775823600,4759.33,4759.33,4752.79,4753.01,2357,23,1
1775823900,4752.96,4753.55,4748.84,4748.84,1669,23,1
1775824200,4748.84,4750.34,4746.38,4747.62,1823,23,1
1775824500,4747.63,4750.41,4747.43,4748.66,1562,23,1
1775824800,4748.67,4751.14,4747.87,4750.51,1349,23,1
1775825100,4750.52,4750.53,4748.05,4749.88,1190,23,1
1775825400,4749.89,4752.77,4748.80,4751.69,1425,23,1
1775825700,4751.69,4753.18,4750.42,4751.63,1445,23,1
1775826000,4751.54,4753.33,4747.24,4747.63,1534,23,1
1775826300,4747.64,4747.64,4742.36,4745.96,1489,23,1
1775826600,4745.95,4747.59,4743.20,4747.15,1264,23,1
1775826900,4747.16,4752.28,4746.50,4752.16,1302,23,1
1775827200,4752.19,4758.88,4751.86,4758.55,1578,23,1
1775827500,4758.55,4760.68,4757.73,4758.20,1552,23,1
1775827800,4758.19,4759.74,4756.84,4759.64,1423,23,1
1775828100,4759.65,4759.65,4753.82,4754.47,1250,23,1
1775828400,4754.48,4756.39,4754.15,4755.56,1274,23,1
1775828700,4755.57,4757.93,4754.10,4757.92,1212,23,1
1775829000,4757.92,4759.75,4756.38,4757.12,1325,23,1
1775829300,4757.12,4758.46,4755.63,4757.30,1141,23,1
1775829600,4757.16,4759.63,4756.63,4759.59,1274,23,1
1775829900,4759.59,4759.63,4755.07,4755.83,1307,23,1
1775830200,4755.73,4756.72,4753.31,4755.66,1261,23,1
1775830500,4755.66,4758.57,4754.32,4758.45,1121,23,1
1775830800,4758.45,4762.49,4757.83,4761.09,1319,23,1
1775831100,4761.09,4762.37,4758.13,4761.65,1251,23,1
1775831400,4761.65,4763.14,4758.58,4759.22,1447,23,1
1775831700,4759.22,4762.68,4759.05,4761.50,1147,23,1
1775832000,4761.52,4767.16,4760.26,4767.16,1293,23,1
1775832300,4767.13,4767.13,4763.28,4763.37,1394,23,1
1775832600,4763.37,4766.29,4762.94,4764.40,1388,23,1
1775832900,4764.50,4768.78,4763.46,4768.16,1595,23,1
1775833200,4768.18,4769.99,4764.02,4766.63,1724,23,1
1775833500,4766.63,4768.05,4763.68,4764.83,1583,23,1
1775833800,4764.83,4767.36,4764.29,4766.80,1660,23,1
1775834100,4766.85,4771.21,4765.67,4768.49,1823,23,1
1775834400,4768.42,4768.48,4759.95,4760.20,1871,23,1
1775834700,4760.20,4763.13,4759.84,4762.62,1503,23,1
1775835000,4762.56,4782.18,4761.83,4780.32,2577,23,1
1775835300,4780.32,4782.40,4771.05,4776.01,2394,23,1
1775835600,4776.02,4778.48,4768.96,4772.59,2146,23,1
1775835900,4772.59,4774.21,4763.79,4767.37,2175,23,1
1775836200,4767.37,4771.25,4764.88,4764.92,2060,23,1
1775836500,4764.93,4772.48,4764.74,4771.88,1819,23,1
1775836800,4771.89,4773.55,4768.01,4770.95,2386,23,1
1775837100,4770.94,4777.68,4769.42,4774.19,2156,23,1
1775837400,4774.20,4774.38,4770.27,4772.52,2041,23,1
1775837700,4772.54,4773.59,4766.08,4772.41,1989,23,1
1775838000,4772.39,4779.90,4770.60,4775.91,2017,23,1
1775838300,4775.90,4780.25,4774.25,4775.70,2012,23,1
1775838600,4775.68,4778.68,4769.30,4770.20,2536,23,1
1775838900,4770.15,4777.49,4765.41,4775.77,2542,23,1
1775839200,4775.72,4775.93,4766.76,4769.08,2438,23,1
1775839500,4769.17,4773.91,4766.02,4773.43,2363,23,1
1775839800,4773.42,4777.47,4769.04,4777.20,2384,23,1
1775840100,4777.28,4777.80,4774.07,4775.00,2105,23,1
1775840400,4775.00,4780.49,4771.05,4776.66,2415,23,1
1775840700,4776.62,4780.55,4774.92,4775.73,2337,23,1
1775841000,4775.77,4780.29,4767.37,4780.17,2403,23,1
1775841300,4780.12,4788.60,4779.11,4788.09,2453,23,1
1775841600,4788.15,4790.86,4785.87,4790.22,2234,23,1
1775841900,4790.31,4792.85,4787.45,4790.62,2321,23,1
1775842200,4790.56,4794.99,4787.78,4787.87,2223,23,1
1775842500,4787.92,4791.00,4786.79,4786.85,2035,23,1
1775842800,4786.84,4788.71,4774.05,4780.68,2244,23,1
1775843100,4780.68,4783.25,4771.84,4772.41,2569,23,1
1775843400,4772.32,4781.85,4770.93,4774.49,2522,23,1
1775843700,4774.48,4779.56,4770.94,4774.80,2424,23,1
1775844000,4774.77,4778.91,4773.58,4774.34,2315,23,1
1775844300,4774.34,4779.98,4769.55,4779.64,2303,23,1
1775844600,4779.65,4783.87,4779.21,4781.82,2126,23,1
1775844900,4781.82,4786.57,4781.75,4782.10,2034,23,1
1775845200,4782.06,4787.32,4781.81,4786.27,1992,23,1
1775845500,4786.27,4786.27,4775.99,4776.05,2063,23,1
1775845800,4776.05,4778.39,4772.71,4774.76,2400,23,1
1775846100,4774.76,4775.21,4755.30,4760.43,2550,23,1
1775846400,4760.48,4767.23,4760.06,4766.03,2352,23,1
1775846700,4766.03,4769.79,4763.09,4766.43,2271,23,1
1775847000,4766.41,4769.93,4765.16,4766.43,2133,23,1
1775847300,4766.46,4766.51,4758.72,4762.24,2156,23,1
1775847600,4762.28,4763.36,4753.40,4753.84,2288,23,1
1775847900,4753.93,4756.78,4747.48,4756.53,2389,23,1
1775848200,4756.55,4763.39,4756.26,4763.19,2126,23,1
1775848500,4763.20,4765.15,4760.96,4761.85,2052,23,1
1775848800,4761.84,4762.14,4754.25,4760.91,2074,23,1
1775849100,4760.91,4762.23,4756.97,4758.17,2035,23,1
1775849400,4758.34,4763.29,4756.76,4761.10,2195,23,1
1775849700,4761.10,4765.31,4760.70,4762.39,1970,23,1
1775850000,4762.39,4762.90,4756.40,4756.88,2126,23,1
1775850300,4756.88,4762.24,4756.10,4761.38,1949,23,1
1775850600,4761.43,4766.09,4760.92,4765.47,2026,23,1
1775850900,4765.46,4765.65,4762.30,4763.78,1662,23,1
1775851200,4763.79,4764.67,4759.18,4760.08,1847,23,1
1775851500,4760.07,4763.36,4758.14,4762.02,1846,23,1
1775851800,4762.03,4766.27,4760.22,4764.64,1695,23,1
1775852100,4764.65,4768.56,4763.52,4766.92,1624,23,1
1775852400,4766.95,4768.50,4761.46,4764.48,1830,23,1
1775852700,4764.49,4768.58,4761.33,4762.81,1781,23,1
1775853000,4762.73,4765.70,4759.06,4760.83,1912,23,1
1775853300,4760.78,4762.91,4758.39,4761.54,1769,23,1
1775853600,4761.55,4762.29,4758.99,4759.09,1761,23,1
1775853900,4759.08,4764.34,4758.73,4763.76,1698,23,1
1775854200,4763.77,4765.05,4760.42,4761.23,1550,23,1
1775854500,4761.23,4762.04,4759.06,4760.33,1605,23,1
1775854800,4760.28,4760.87,4753.20,4753.29,1782,23,1
1775855100,4753.31,4757.98,4751.00,4756.21,1853,23,1
1775855400,4756.22,4763.88,4756.10,4763.51,1813,23,1
1775855700,4763.50,4768.10,4762.85,4767.96,1635,23,1
1775856000,4767.94,4769.48,4764.15,4764.63,1889,23,1
1775856300,4764.64,4766.88,4763.69,4765.93,1738,23,1
1775856600,4765.99,4771.79,4765.97,4771.27,1650,23,1
1775856900,4771.23,4773.17,4768.51,4771.73,1622,23,1
1775857200,4771.74,4772.83,4768.00,4768.17,1620,23,1
1775857500,4768.17,4768.17,4763.12,4763.88,1513,23,1
1775857800,4763.87,4767.90,4763.86,4767.90,1447,23,1
1775858100,4767.90,4768.07,4764.51,4765.25,1425,23,1
1775858400,4765.26,4767.33,4764.42,4766.95,1555,23,1
1775858700,4766.95,4768.01,4765.16,4765.41,1484,23,1
1775859000,4765.41,4767.20,4764.99,4766.84,1487,23,1
1775859300,4766.84,4769.89,4765.72,4769.15,1216,23,1
1775859600,4769.24,4770.39,4766.71,4767.50,1564,23,1
1775859900,4767.47,4768.49,4763.02,4763.49,1647,23,1
1775860200,4763.51,4765.40,4761.31,4764.35,1679,23,1
1775860500,4764.52,4764.97,4761.79,4762.51,1435,23,1
1775860800,4762.58,4764.17,4760.76,4763.80,1552,23,1
1775861100,4763.79,4764.57,4758.84,4759.77,1758,23,1
1775861400,4759.81,4762.11,4758.25,4759.28,1902,23,1
1775861700,4759.22,4760.52,4758.48,4759.61,1747,23,1
1775862000,4759.72,4759.93,4752.85,4752.85,1237,23,1
1775862300,4752.85,4754.50,4751.33,4753.81,1166,23,1
1775862600,4753.82,4755.44,4752.86,4753.47,851,23,1
1775862900,4753.48,4753.53,4750.71,4751.42,961,23,1
1775863200,4751.42,4751.42,4748.21,4748.53,1026,23,1
1775863500,4748.53,4748.98,4741.26,4745.52,1593,23,1
1775863800,4745.52,4749.46,4745.08,4747.08,1243,23,1
1775864100,4747.08,4750.03,4746.50,4750.03,752,23,1
1775864400,4750.03,4752.41,4749.71,4751.17,966,23,1
1775864700,4751.20,4751.76,4749.42,4750.64,1025,23,1
1775865000,4750.64,4751.88,4748.39,4749.32,1110,23,1
1775865300,4749.30,4750.44,4746.81,4749.41,440,23,1
1776042000,4633.43,4692.81,4633.43,4670.80,1952,23,1
1776042300,4670.86,4683.60,4666.71,4666.71,2238,23,1
1776042600,4666.91,4684.70,4666.38,4676.44,2007,23,1
1776042900,4676.45,4682.86,4669.01,4669.01,1839,23,1
1776043200,4668.82,4672.65,4654.54,4657.62,2156,23,1
1776043500,4657.62,4658.72,4644.64,4647.30,2289,23,1
1776043800,4647.32,4655.38,4645.28,4653.91,2187,23,1
1776044100,4653.84,4657.04,4650.65,4657.04,1977,23,1
1776044400,4657.07,4659.24,4651.05,4657.87,1801,23,1
1776044700,4657.85,4659.36,4651.73,4659.35,1832,23,1
1776045000,4659.34,4659.95,4654.64,4655.76,1555,23,1
1776045300,4655.76,4660.49,4654.63,4659.08,1461,23,1
1776045600,4659.10,4660.69,4653.48,4659.10,1784,23,1
1776045900,4659.12,4659.44,4651.88,4656.77,1556,23,1
1776046200,4656.77,4659.72,4654.87,4659.48,1436,23,1
1776046500,4659.47,4659.75,4648.63,4652.05,1561,23,1
1776046800,4652.05,4652.16,4644.41,4647.23,1788,23,1
1776047100,4647.11,4654.24,4647.09,4653.46,1499,23,1
1776047400,4653.46,4656.38,4650.19,4655.14,1420,23,1
1776047700,4655.17,4660.37,4654.58,4658.00,1293,23,1
1776048000,4657.99,4659.67,4654.20,4655.68,1237,23,1
1776048300,4655.68,4661.01,4655.64,4659.90,1437,23,1
1776048600,4660.11,4671.33,4660.11,4667.02,1846,23,1
1776048900,4666.85,4671.61,4666.25,4671.41,1550,23,1
1776049200,4671.41,4672.45,4664.64,4668.52,2011,23,1
1776049500,4668.49,4672.03,4667.26,4671.43,1924,23,1
1776049800,4671.44,4673.24,4669.34,4672.34,1781,23,1
1776050100,4672.34,4676.03,4672.00,4673.33,1863,23,1
1776050400,4673.32,4674.82,4669.06,4672.91,1625,23,1
1776050700,4672.91,4675.77,4670.39,4673.09,1526,23,1
1776051000,4673.05,4680.74,4670.93,4680.13,1716,23,1
1776051300,4680.17,4682.95,4675.79,4677.38,1641,23,1
1776051600,4677.37,4682.00,4676.93,4678.49,1446,23,1
1776051900,4678.48,4687.13,4678.07,4687.11,1544,23,1
1776052200,4687.11,4691.22,4685.05,4689.58,1685,23,1
1776052500,4689.60,4698.67,4686.83,4695.61,1818,23,1
1776052800,4695.58,4709.10,4693.76,4704.40,2643,23,1
1776053100,4704.40,4708.57,4700.03,4708.18,2475,23,1
1776053400,4708.15,4719.50,4705.97,4714.91,2366,23,1
1776053700,4715.17,4717.99,4711.58,4716.60,2210,23,1
1776054000,4716.64,4721.54,4714.34,4715.67,2164,23,1
1776054300,4715.78,4720.43,4714.13,4717.39,1900,23,1
1776054600,4717.38,4721.32,4710.83,4721.30,2176,23,1
1776054900,4721.29,4721.44,4713.28,4716.99,2092,23,1
1776055200,4716.99,4718.85,4712.35,4714.26,2057,23,1
1776055500,4714.26,4718.04,4709.97,4714.93,2067,23,1
1776055800,4714.89,4723.57,4714.52,4722.31,2138,23,1
1776056100,4722.30,4728.07,4720.89,4721.26,2005,23,1
1776056400,4721.30,4725.64,4719.08,4722.75,1930,23,1
1776056700,4722.77,4725.85,4719.25,4723.07,1862,23,1
1776057000,4723.10,4724.15,4720.81,4722.49,1977,23,1
1776057300,4722.48,4724.34,4719.68,4722.05,1463,23,1
1776057600,4722.06,4722.14,4719.36,4720.67,1350,23,1
1776057900,4720.67,4724.67,4719.25,4720.00,1414,23,1
1776058200,4720.01,4727.80,4719.49,4725.35,2067,23,1
1776058500,4725.34,4725.34,4716.40,4716.40,1728,23,1
1776058800,4716.07,4719.60,4715.21,4715.40,1759,23,1
1776059100,4715.45,4718.12,4711.21,4712.52,1845,23,1
1776059400,4712.50,4718.96,4711.42,4718.39,1642,23,1
1776059700,4718.41,4721.53,4718.41,4720.50,1558,23,1
1776060000,4720.50,4721.69,4715.00,4715.57,1486,23,1
1776060300,4715.56,4715.58,4712.55,4714.60,1430,23,1
1776060600,4714.62,4715.40,4712.30,4713.82,1500,23,1
1776060900,4713.82,4717.31,4712.91,4715.47,1461,23,1
1776061200,4715.47,4717.58,4713.75,4717.12,1403,23,1
1776061500,4717.12,4721.07,4716.40,4718.92,1594,23,1
1776061800,4718.91,4721.96,4718.36,4721.21,1187,23,1
1776062100,4721.24,4721.76,4717.40,4718.82,1158,23,1
1776062400,4718.80,4723.93,4718.60,4722.17,1174,23,1
1776062700,4722.18,4722.44,4718.76,4720.76,1145,23,1
1776063000,4720.77,4720.84,4717.87,4718.49,858,23,1
1776063300,4718.49,4720.24,4717.30,4718.18,724,23,1
1776063600,4718.17,4718.45,4713.10,4714.88,1270,23,1
1776063900,4714.88,4715.51,4708.67,4712.61,1141,23,1
1776064200,4712.61,4714.87,4710.98,4714.65,1062,23,1
1776064500,4714.66,4715.75,4710.81,4712.27,1119,23,1
1776064800,4712.24,4712.41,4709.71,4712.36,1013,23,1
1776065100,4712.36,4715.56,4712.29,4712.68,1023,23,1
1776065400,4712.67,4713.76,4708.94,4712.93,1154,23,1
1776065700,4712.94,4713.01,4710.33,4712.22,968,23,1
1776066000,4712.22,4719.42,4712.22,4718.80,1162,23,1
1776066300,4718.80,4719.21,4716.14,4718.87,821,23,1
1776066600,4718.87,4723.90,4718.09,4723.20,1218,23,1
1776066900,4723.20,4724.93,4721.65,4723.12,1416,23,1
1776067200,4723.11,4726.22,4720.85,4721.52,1497,23,1
1776067500,4721.52,4723.43,4720.13,4720.90,1107,23,1
1776067800,4721.05,4722.92,4718.46,4719.30,1021,23,1
1776068100,4719.30,4721.30,4717.11,4717.11,1217,23,1
1776068400,4717.06,4719.12,4716.34,4716.60,1245,23,1
1776068700,4716.60,4721.53,4716.60,4720.67,1115,23,1
1776069000,4720.57,4722.29,4718.09,4722.29,1695,23,1
1776069300,4722.29,4724.75,4719.96,4722.92,1913,23,1
1776069600,4722.93,4723.63,4720.20,4721.19,1763,23,1
1776069900,4721.21,4725.76,4720.71,4723.04,1752,23,1
1776070200,4723.04,4724.72,4720.60,4720.73,1493,23,1
1776070500,4720.73,4730.72,4720.50,4729.42,1785,23,1
1776070800,4729.41,4729.66,4723.47,4726.20,2014,23,1
1776071100,4726.20,4729.33,4724.55,4728.01,1851,23,1
1776071400,4728.02,4729.34,4724.49,4725.98,1770,23,1
1776071700,4726.03,4731.78,4725.99,4728.63,1921,23,1
1776072000,4728.62,4728.88,4725.37,4727.29,1738,23,1
1776072300,4727.21,4731.93,4725.85,4731.63,1720,23,1
1776072600,4731.62,4732.71,4728.63,4729.50,1824,23,1
1776072900,4729.47,4731.09,4725.51,4726.89,1672,23,1
1776073200,4726.89,4728.20,4725.39,4726.34,1617,23,1
1776073500,4726.34,4726.41,4720.83,4721.53,1730,23,1
1776073800,4721.54,4725.53,4721.25,4725.08,1695,23,1
1776074100,4725.08,4725.64,4722.95,4725.64,1472,23,1
1776074400,4725.63,4738.58,4725.59,4737.28,2020,23,1
1776074700,4737.24,4737.66,4726.63,4726.68,1902,23,1
1776075000,4726.68,4730.36,4724.82,4728.21,1611,23,1
1776075300,4728.21,4732.74,4726.58,4731.32,1631,23,1
1776075600,4731.32,4732.17,4729.23,4730.02,1490,23,1
1776075900,4730.02,4731.74,4727.17,4730.82,1567,23,1
1776076200,4730.79,4733.74,4730.37,4731.60,1442,23,1
1776076500,4731.59,4732.28,4727.41,4729.80,1518,23,1
1776076800,4729.81,4732.66,4728.51,4732.28,1449,23,1
1776077100,4732.28,4738.94,4732.15,4738.89,1632,23,1
1776077400,4738.89,4739.91,4734.31,4734.72,1697,23,1
1776077700,4734.63,4736.38,4728.29,4733.72,1721,23,1
1776078000,4733.72,4738.62,4733.42,4736.36,1859,23,1
1776078300,4736.36,4737.15,4732.29,4734.08,1739,23,1
1776078600,4734.09,4735.83,4732.59,4732.80,1554,23,1
1776078900,4732.80,4733.35,4730.13,4732.90,1489,23,1
1776079200,4732.88,4733.94,4730.22,4733.16,1365,23,1
1776079500,4733.18,4734.36,4731.99,4732.05,1361,23,1
1776079800,4732.06,4736.34,4730.60,4732.74,1495,23,1
1776080100,4732.74,4734.64,4729.21,4730.10,1329,23,1
1776080400,4730.03,4730.14,4720.99,4721.45,1743,23,1
1776080700,4721.45,4729.80,4720.28,4728.64,1637,23,1
1776081000,4728.64,4728.68,4724.08,4725.20,1368,23,1
1776081300,4725.11,4726.67,4723.32,4723.48,1446,23,1
1776081600,4723.43,4728.59,4722.77,4726.86,1731,23,1
1776081900,4726.88,4727.29,4717.64,4717.71,1698,23,1
1776082200,4717.66,4721.84,4715.94,4719.08,1772,23,1
1776082500,4719.08,4720.51,4716.38,4720.01,1582,23,1
1776082800,4720.02,4721.38,4716.83,4720.68,1383,23,1
1776083100,4720.69,4720.73,4714.33,4715.17,1336,23,1
1776083400,4715.11,4719.92,4714.00,4714.20,1477,23,1
1776083700,4714.23,4715.90,4710.88,4715.90,1665,23,1
1776084000,4715.90,4716.10,4710.51,4714.31,1367,23,1
1776084300,4714.31,4716.41,4710.93,4713.63,1451,23,1
1776084600,4713.69,4716.54,4712.12,4715.28,1204,23,1
1776084900,4715.28,4716.67,4714.11,4714.66,1182,23,1
1776085200,4714.66,4716.90,4714.56,4715.68,1356,23,1
1776085500,4715.68,4718.65,4713.69,4718.24,1259,23,1
1776085800,4718.24,4718.92,4714.59,4717.87,1436,23,1
1776086100,4717.87,4718.06,4712.55,4713.24,1455,23,1
1776086400,4713.23,4714.61,4711.15,4711.79,1308,23,1
1776086700,4711.79,4712.44,4708.44,4712.44,1396,23,1
1776087000,4712.48,4716.22,4711.71,4716.02,1320,23,1
1776087300,4716.06,4717.40,4715.00,4717.39,1321,23,1
1776087600,4717.39,4718.58,4714.63,4718.06,1232,23,1
1776087900,4718.06,4721.99,4717.49,4721.55,1504,23,1
1776088200,4721.55,4723.94,4719.98,4720.08,1478,23,1
1776088500,4720.08,4722.17,4719.26,4721.96,1498,23,1
1776088800,4722.15,4726.28,4721.03,4725.12,1862,23,1
1776089100,4725.13,4729.05,4722.73,4722.83,1615,23,1
1776089400,4722.83,4723.87,4720.10,4721.47,1465,23,1
1776089700,4721.49,4722.94,4720.05,4720.12,1208,23,1
1776090000,4720.11,4723.47,4719.02,4720.06,1352,23,1
1776090300,4720.06,4721.27,4718.57,4720.98,1345,23,1
1776090600,4720.98,4722.36,4719.61,4719.92,1202,23,1
1776090900,4719.91,4720.00,4710.56,4712.32,1816,23,1
1776091200,4712.20,4712.86,4704.22,4707.68,1968,23,1
1776091500,4707.74,4711.32,4703.72,4708.67,1810,23,1
1776091800,4708.68,4712.03,4705.63,4707.77,1911,23,1
1776092100,4707.76,4711.07,4704.94,4706.63,1914,23,1
1776092400,4706.66,4712.31,4703.70,4709.17,2137,23,1
1776092700,4709.38,4715.17,4709.36,4714.23,1949,23,1
1776093000,4714.16,4720.23,4714.08,4717.26,1692,23,1
1776093300,4717.26,4717.88,4713.44,4714.07,1638,23,1
1776093600,4714.05,4714.65,4705.92,4707.46,1851,23,1
1776093900,4707.32,4711.27,4703.76,4710.56,1920,23,1
1776094200,4710.56,4715.78,4709.91,4713.92,1968,23,1
1776094500,4713.87,4715.92,4708.99,4711.29,2033,23,1
1776094800,4711.30,4716.42,4710.62,4715.83,1826,23,1
1776095100,4715.83,4722.31,4715.47,4721.27,1742,23,1
1776095400,4721.23,4724.91,4719.46,4723.64,1801,23,1
1776095700,4723.68,4725.18,4720.63,4723.59,1848,23,1
1776096000,4723.58,4729.32,4722.80,4727.03,2328,23,1
1776096300,4727.04,4730.50,4726.76,4728.38,2267,23,1
1776096600,4728.39,4736.12,4726.08,4734.24,2325,23,1
1776096900,4734.27,4737.47,4732.04,4735.34,2091,23,1
1776097200,4735.34,4735.81,4728.86,4730.95,1980,23,1
1776097500,4730.95,4734.28,4729.99,4733.18,1931,23,1
1776097800,4733.20,4737.33,4730.83,4733.64,2460,23,1
1776098100,4733.65,4734.78,4727.00,4727.26,2352,23,1
1776098400,4727.20,4730.42,4724.57,4726.88,2381,23,1
1776098700,4726.91,4740.17,4722.58,4738.91,2553,23,1
1776099000,4739.57,4744.56,4721.29,4726.55,2789,23,1
1776099300,4726.61,4731.95,4722.70,4730.64,2557,23,1
1776099600,4730.65,4731.22,4720.55,4724.16,2535,23,1
1776099900,4724.20,4727.73,4721.12,4725.30,2567,23,1
1776100200,4725.25,4728.66,4723.89,4727.22,2502,23,1
1776100500,4727.29,4728.04,4716.92,4718.62,2493,23,1
1776100800,4718.47,4721.39,4709.71,4717.25,2648,23,1
1776101100,4717.19,4717.64,4713.07,4715.43,2555,23,1
1776101400,4715.38,4720.21,4708.79,4719.93,2453,23,1
1776101700,4719.90,4720.39,4715.11,4719.07,2322,23,1
1776102000,4719.06,4722.67,4717.30,4721.68,2102,23,1
1776102300,4721.73,4723.35,4714.81,4715.20,2277,23,1
1776102600,4715.24,4715.75,4710.30,4714.19,2324,23,1
1776102900,4714.17,4720.32,4711.70,4719.02,2299,23,1
1776103200,4719.02,4719.77,4705.83,4707.57,2489,23,1
1776103500,4707.56,4708.71,4700.44,4705.49,2517,23,1
1776103800,4705.48,4710.22,4703.40,4707.62,2302,23,1
1776104100,4707.61,4711.44,4706.27,4706.45,2245,23,1
1776104400,4706.75,4710.25,4704.49,4704.60,2211,23,1
1776104700,4704.56,4706.09,4703.00,4703.76,2224,23,1
1776105000,4703.76,4709.30,4702.36,4709.00,2095,23,1
1776105300,4709.10,4718.11,4709.09,4716.02,2264,23,1
1776105600,4716.02,4716.45,4711.08,4712.49,2001,23,1
1776105900,4712.47,4715.44,4710.77,4715.19,1855,23,1
1776106200,4715.19,4715.74,4712.32,4712.32,1885,23,1
1776106500,4712.31,4714.89,4712.00,4714.45,1810,23,1
1776106800,4714.44,4715.96,4710.19,4711.61,1885,23,1
1776107100,4711.61,4719.52,4709.26,4716.82,2429,23,1
1776107400,4716.82,4720.83,4715.43,4719.78,2050,23,1
1776107700,4719.79,4729.56,4718.84,4725.84,2189,23,1
1776108000,4725.87,4731.37,4722.43,4726.44,2166,23,1
1776108300,4726.44,4734.07,4726.36,4730.33,2271,23,1
1776108600,4730.34,4736.50,4728.63,4734.10,2476,23,1
1776108900,4734.10,4737.12,4732.29,4736.24,2416,23,1
1776109200,4735.81,4740.56,4730.13,4740.27,2550,23,1
1776109500,4740.32,4746.30,4736.46,4737.64,2499,23,1
1776109800,4737.63,4743.43,4735.09,4737.25,2424,23,1
1776110100,4737.25,4737.92,4732.18,4733.05,2090,23,1
1776110400,4733.06,4738.55,4733.06,4738.55,1937,23,1
1776110700,4738.54,4738.58,4725.50,4728.96,2000,23,1
1776111000,4728.95,4731.93,4728.70,4730.93,1880,23,1
1776111300,4730.91,4744.72,4729.70,4744.46,1942,23,1
1776111600,4744.44,4747.83,4741.51,4744.60,2232,23,1
1776111900,4744.61,4750.04,4742.81,4743.07,2150,23,1
1776112200,4743.04,4747.38,4742.76,4743.42,1968,23,1
1776112500,4743.41,4746.88,4743.20,4746.19,1774,23,1
1776112800,4746.17,4746.88,4742.67,4744.01,1685,23,1
1776113100,4744.02,4744.12,4737.12,4738.58,1647,23,1
1776113400,4738.58,4740.32,4727.42,4730.36,1971,23,1
1776113700,4730.35,4731.67,4728.81,4729.96,1761,23,1
1776114000,4729.96,4733.00,4729.30,4731.93,1744,23,1
1776114300,4731.90,4732.54,4728.92,4729.58,1606,23,1
1776114600,4729.58,4732.34,4729.28,4730.15,1691,23,1
1776114900,4730.15,4731.17,4724.67,4724.72,1852,23,1
1776115200,4724.73,4730.10,4724.60,4729.00,1709,23,1
1776115500,4728.99,4728.99,4723.34,4727.35,1648,23,1
1776115800,4727.36,4733.97,4726.82,4733.41,1902,23,1
1776116100,4733.29,4735.30,4731.28,4731.78,1704,23,1
1776116400,4731.79,4733.56,4730.90,4733.55,1615,23,1
1776116700,4733.54,4736.54,4733.50,4735.73,1782,23,1
1776117000,4735.72,4740.41,4734.10,4739.40,1787,23,1
1776117300,4739.40,4740.70,4737.31,4738.52,1808,23,1
1776117600,4738.47,4739.55,4735.36,4735.61,1892,23,1
1776117900,4735.56,4735.87,4730.66,4734.55,1762,23,1
1776118200,4734.53,4735.07,4732.44,4734.85,1617,23,1
1776118500,4734.86,4738.24,4734.80,4737.35,1449,23,1
1776118800,4737.36,4741.38,4737.12,4741.29,1309,23,1
1776119100,4741.29,4744.04,4741.27,4743.21,1365,23,1
1776119400,4743.22,4747.46,4742.74,4743.59,1661,23,1
1776119700,4743.59,4745.75,4741.66,4741.66,1600,23,1
1776120000,4741.59,4742.60,4739.05,4741.79,1537,23,1
1776120300,4741.79,4741.99,4739.40,4741.12,1414,23,1
1776120600,4741.11,4745.76,4741.11,4744.46,1937,23,1
1776120900,4744.48,4745.57,4739.61,4741.12,1919,23,1
1776121200,4741.09,4743.26,4739.74,4742.29,1322,23,1
1776121500,4742.29,4743.62,4741.78,4742.53,819,23,1
1776121800,4742.53,4744.07,4741.95,4742.35,694,23,1
1776122100,4742.35,4742.80,4741.45,4741.81,610,23,1
1776122400,4741.85,4743.79,4740.37,4740.75,812,23,1
1776122700,4740.75,4740.82,4738.50,4739.35,736,23,1
1776123000,4739.35,4740.65,4738.52,4739.58,732,23,1
1776123300,4739.57,4740.15,4738.44,4738.44,700,23,1
1776123600,4738.45,4740.04,4738.43,4739.93,509,23,1
1776123900,4739.91,4741.08,4738.63,4739.20,798,23,1
1776124200,4739.20,4741.43,4738.17,4740.87,652,23,1
1776124500,4740.86,4741.59,4740.25,4741.05,509,23,1
1776128400,4744.70,4755.93,4744.33,4746.80,2145,23,1
1776128700,4746.80,4751.00,4746.62,4748.34,935,23,1
1776129000,4748.35,4752.01,4747.65,4748.52,971,23,1
1776129300,4748.46,4749.70,4746.69,4748.60,873,23,1
1776129600,4748.68,4748.84,4746.09,4747.20,589,23,1
1776129900,4747.20,4748.90,4745.75,4748.76,490,23,1
1776130200,4748.75,4749.73,4746.88,4747.61,725,23,1
1776130500,4747.61,4749.33,4746.37,4747.91,748,23,1
1776130800,4747.91,4750.43,4747.81,4750.41,737,23,1
1776131100,4750.40,4753.19,4749.16,4751.03,1014,23,1
1776131400,4751.03,4755.81,4751.03,4755.57,1118,23,1
1776131700,4755.53,4759.54,4755.38,4758.02,1218,23,1
1776132000,4758.03,4765.10,4757.96,4764.43,1441,23,1
1776132300,4764.43,4765.54,4762.90,4764.97,1323,23,1
1776132600,4764.96,4765.67,4762.52,4763.01,1190,23,1
1776132900,4763.01,4763.51,4759.76,4760.50,924,23,1
1776133200,4760.49,4760.60,4757.73,4758.62,986,23,1
1776133500,4758.63,4758.80,4754.74,4755.36,1092,23,1
1776133800,4755.36,4757.79,4754.49,4755.25,1116,23,1
1776134100,4755.25,4759.97,4754.53,4759.69,1041,23,1
1776134400,4759.69,4761.58,4759.19,4759.46,1097,23,1
1776134700,4759.46,4761.69,4758.44,4758.46,971,23,1
1776135000,4758.46,4760.55,4756.59,4758.79,911,23,1
1776135300,4758.79,4758.87,4756.86,4757.56,1046,23,1
1776135600,4757.56,4758.08,4751.60,4754.73,1854,23,1
1776135900,4754.76,4757.90,4753.63,4756.16,1656,23,1
1776136200,4756.13,4760.45,4755.64,4759.64,1501,23,1
1776136500,4759.64,4764.62,4759.61,4763.72,1758,23,1
1776136800,4763.72,4764.94,4761.47,4762.90,1564,23,1
1776137100,4762.90,4767.33,4759.69,4762.43,1675,23,1
1776137400,4762.43,4768.22,4761.43,4765.97,1731,23,1
1776137700,4766.00,4771.58,4765.41,4771.38,1418,23,1
1776138000,4771.40,4775.63,4769.81,4770.40,1679,23,1
1776138300,4770.40,4771.95,4768.50,4770.83,1363,23,1
1776138600,4770.83,4771.83,4769.01,4770.21,1295,23,1
1776138900,4770.04,4771.97,4768.83,4769.84,1201,23,1
1776139200,4769.84,4771.00,4762.52,4767.96,2371,23,1
1776139500,4767.95,4776.74,4767.67,4775.38,2189,23,1
1776139800,4775.38,4776.86,4770.73,4775.92,2064,23,1
1776140100,4775.91,4776.41,4771.06,4771.90,2093,23,1
1776140400,4771.90,4773.72,4769.73,4770.55,2020,23,1
1776140700,4770.55,4774.66,4770.22,4770.37,1815,23,1
1776141000,4770.37,4771.17,4764.44,4766.01,2058,23,1
1776141300,4766.01,4769.89,4765.08,4768.26,1890,23,1
1776141600,4768.27,4773.19,4768.05,4772.94,1734,23,1
1776141900,4772.91,4773.78,4767.29,4768.01,1768,23,1
1776142200,4768.01,4768.77,4764.20,4765.06,1711,23,1
1776142500,4765.07,4767.08,4761.85,4764.86,1857,23,1
1776142800,4764.93,4766.80,4762.87,4765.85,1760,23,1
1776143100,4765.73,4771.19,4765.70,4769.07,1848,23,1
1776143400,4769.13,4770.42,4767.54,4767.96,1581,23,1
1776143700,4767.95,4772.44,4767.58,4771.38,1230,23,1
1776144000,4771.41,4771.46,4768.39,4769.56,917,23,1
1776144300,4769.56,4769.90,4768.65,4768.86,806,23,1
1776144600,4768.83,4768.86,4762.14,4767.29,1889,23,1
1776144900,4767.30,4769.49,4765.89,4768.03,1519,23,1
1776145200,4768.03,4772.80,4766.81,4772.35,1646,23,1
1776145500,4772.35,4776.80,4772.35,4775.80,1634,23,1
1776145800,4775.81,4777.01,4774.66,4774.69,1348,23,1
1776146100,4774.70,4776.04,4773.17,4775.22,1369,23,1
1776146400,4775.22,4775.57,4771.60,4772.41,1516,23,1
1776146700,4772.40,4773.20,4769.01,4769.07,1617,23,1
1776147000,4769.07,4771.05,4768.73,4769.02,1572,23,1
1776147300,4769.11,4770.03,4766.57,4769.90,1688,23,1
1776147600,4769.89,4771.43,4768.51,4768.60,1192,23,1
1776147900,4768.60,4768.82,4765.95,4768.47,1344,23,1
1776148200,4768.41,4769.69,4765.86,4767.61,1029,23,1
1776148500,4767.61,4767.69,4766.48,4766.92,956,23,1
1776148800,4766.92,4768.55,4765.78,4767.60,1041,23,1
1776149100,4767.60,4771.36,4767.46,4771.36,813,23,1
1776149400,4771.35,4772.01,4770.25,4771.47,982,23,1
1776149700,4771.47,4771.75,4767.46,4767.80,747,23,1
1776150000,4767.94,4770.41,4767.00,4768.23,923,23,1
1776150300,4768.23,4768.44,4767.63,4767.94,694,23,1
1776150600,4767.95,4769.05,4767.91,4768.76,609,23,1
1776150900,4768.76,4773.68,4768.57,4773.67,858,23,1
1776151200,4773.66,4775.28,4773.59,4774.13,1015,23,1
1776151500,4774.42,4776.84,4774.16,4775.90,915,23,1
1776151800,4775.91,4776.19,4773.97,4774.12,839,23,1
1776152100,4774.11,4775.26,4771.42,4773.05,800,23,1
1776152400,4773.05,4773.52,4772.02,4773.49,730,23,1
1776152700,4773.46,4775.66,4772.63,4775.50,858,23,1
1776153000,4775.52,4775.93,4773.68,4774.55,763,23,1
1776153300,4774.54,4774.73,4773.64,4774.10,540,23,1
1776153600,4774.07,4774.19,4770.62,4772.49,942,23,1
1776153900,4772.50,4772.61,4767.16,4767.41,1100,23,1
1776154200,4767.41,4768.20,4763.32,4765.45,1508,23,1
1776154500,4765.45,4767.41,4764.90,4766.69,1129,23,1
1776154800,4766.66,4768.08,4764.69,4764.74,989,23,1
1776155100,4764.74,4764.88,4761.61,4764.69,1320,23,1
1776155400,4764.71,4767.28,4760.44,4761.84,2092,23,1
1776155700,4761.84,4763.25,4758.34,4759.15,1809,23,1
1776156000,4759.17,4762.58,4758.05,4761.25,1761,23,1
1776156300,4761.16,4766.45,4759.29,4764.08,1653,23,1
1776156600,4764.08,4766.77,4761.51,4761.73,1718,23,1
1776156900,4761.66,4763.16,4759.79,4759.97,1592,23,1
1776157200,4759.99,4766.99,4759.99,4764.57,1961,23,1
1776157500,4764.57,4769.75,4764.26,4769.37,1733,23,1
1776157800,4769.37,4769.47,4765.03,4765.86,1558,23,1
1776158100,4765.88,4765.88,4763.39,4763.77,1468,23,1
1776158400,4763.78,4767.17,4763.78,4765.00,1413,23,1
1776158700,4765.02,4767.96,4764.47,4767.74,1654,23,1
1776159000,4767.72,4768.11,4764.66,4765.22,1400,23,1
1776159300,4765.22,4767.82,4764.35,4767.63,1471,23,1
1776159600,4767.64,4770.42,4767.33,4769.72,1534,23,1
1776159900,4769.55,4774.26,4768.96,4772.92,1760,23,1
1776160200,4772.96,4781.56,4771.01,4778.88,1851,23,1
1776160500,4778.87,4782.99,4778.62,4781.95,2123,23,1
1776160800,4781.98,4789.81,4781.06,4786.87,2225,23,1
1776161100,4786.84,4796.37,4786.80,4793.64,2302,23,1
1776161400,4793.66,4793.66,4786.08,4790.05,2208,23,1
1776161700,4790.02,4791.72,4784.42,4784.97,1963,23,1
1776162000,4784.96,4786.99,4771.97,4772.66,2117,23,1
1776162300,4772.66,4774.97,4767.78,4772.61,2126,23,1
1776162600,4772.77,4775.93,4772.36,4772.75,1778,23,1
1776162900,4772.55,4777.87,4771.86,4777.86,1559,23,1
1776163200,4777.86,4779.76,4774.18,4777.93,1653,23,1
1776163500,4777.88,4780.73,4777.36,4777.53,1817,23,1
1776163800,4777.88,4778.37,4774.15,4775.43,1904,23,1
1776164100,4775.44,4779.52,4773.90,4777.23,1599,23,1
1776164400,4777.23,4778.11,4774.31,4777.94,1755,23,1
1776164700,4777.94,4782.48,4777.76,4780.36,1756,23,1
1776165000,4780.36,4782.40,4777.88,4780.43,1719,23,1
1776165300,4780.44,4780.99,4777.78,4779.90,1563,23,1
1776165600,4779.88,4781.87,4775.60,4777.48,1694,23,1
1776165900,4777.44,4786.57,4777.44,4785.99,1751,23,1
1776166200,4785.99,4789.36,4785.12,4788.65,1809,23,1
1776166500,4788.65,4789.93,4785.88,4787.92,1693,23,1
1776166800,4787.88,4787.89,4782.60,4784.80,1530,23,1
1776167100,4784.87,4785.88,4783.57,4784.57,1568,23,1
1776167400,4784.61,4785.34,4781.84,4784.52,1357,23,1
1776167700,4784.52,4786.73,4781.50,4786.73,1269,23,1
1776168000,4786.74,4787.94,4784.46,4785.72,1501,23,1
1776168300,4785.72,4786.00,4780.30,4785.52,1498,23,1
1776168600,4785.52,4786.08,4783.75,4785.72,1441,23,1
1776168900,4785.73,4787.28,4784.58,4785.16,1382,23,1
1776169200,4785.17,4789.27,4783.41,4786.95,1420,23,1
1776169500,4786.95,4786.95,4778.66,4778.66,1518,23,1
1776169800,4778.68,4779.15,4771.80,4774.43,1958,23,1
1776170100,4774.43,4779.62,4773.80,4779.00,1628,23,1
1776170400,4779.03,4779.47,4775.86,4778.35,1463,23,1
1776170700,4778.35,4778.94,4772.93,4775.97,1405,23,1
1776171000,4775.96,4778.69,4775.93,4777.34,1393,23,1
1776171300,4777.34,4782.37,4777.32,4778.21,1490,23,1
1776171600,4778.22,4782.21,4778.22,4779.87,1416,23,1
1776171900,4779.87,4784.71,4779.87,4784.49,1349,23,1
1776172200,4784.49,4784.78,4780.23,4782.25,1312,23,1
1776172500,4782.25,4787.17,4781.49,4787.17,1314,23,1
1776172800,4787.19,4788.10,4783.09,4784.12,1319,23,1
1776173100,4784.12,4785.09,4780.44,4783.93,1244,23,1
1776173400,4783.94,4784.57,4782.03,4784.31,1482,23,1
1776173700,4784.33,4784.34,4752.78,4763.13,1934,23,1
1776174000,4763.13,4767.81,4756.83,4767.61,2029,23,1
1776174300,4767.67,4769.94,4767.00,4769.73,1646,23,1
1776174600,4769.73,4772.37,4768.97,4770.58,1562,23,1
1776174900,4770.59,4772.28,4768.40,4768.40,1477,23,1
1776175200,4768.32,4771.64,4766.90,4771.46,1754,23,1
1776175500,4771.43,4776.97,4770.40,4776.12,1635,23,1
1776175800,4776.12,4776.95,4775.37,4776.61,1310,23,1
1776176100,4776.60,4778.02,4775.26,4777.07,1339,23,1
1776176400,4777.07,4779.26,4776.68,4778.57,1177,23,1
1776176700,4778.47,4782.98,4778.00,4778.17,1351,23,1
1776177000,4778.19,4778.43,4773.24,4773.89,1514,23,1
1776177300,4773.89,4778.02,4773.41,4777.70,1358,23,1
1776177600,4777.76,4779.89,4776.76,4778.18,1384,23,1
1776177900,4778.19,4779.03,4775.26,4775.43,1180,23,1
1776178200,4775.44,4775.88,4771.76,4773.62,1539,23,1
1776178500,4773.53,4782.94,4770.66,4775.02,1876,23,1
1776178800,4774.97,4777.39,4773.80,4774.67,2103,23,1
1776179100,4774.70,4777.61,4774.32,4774.81,1735,23,1
1776179400,4774.89,4775.19,4768.94,4769.81,1817,23,1
1776179700,4769.82,4772.67,4766.01,4770.76,1833,23,1
1776180000,4770.76,4770.79,4762.70,4766.20,2009,23,1
1776180300,4766.19,4770.58,4765.29,4769.08,1954,23,1
1776180600,4769.01,4776.23,4768.34,4775.35,2193,23,1
1776180900,4775.40,4776.24,4769.35,4773.45,2064,23,1
1776181200,4773.43,4776.31,4768.55,4768.72,1994,23,1
1776181500,4768.73,4773.66,4766.05,4772.72,1858,23,1
1776181800,4772.71,4773.29,4762.26,4764.51,2177,23,1
1776182100,4764.52,4771.64,4764.02,4771.34,1894,23,1
1776182400,4771.29,4778.12,4771.15,4777.61,2297,23,1
1776182700,4777.61,4778.00,4773.73,4776.78,2104,23,1
1776183000,4776.91,4782.00,4776.86,4781.91,1962,23,1
1776183300,4781.93,4787.65,4781.09,4787.45,2120,23,1
1776183600,4787.48,4792.52,4786.66,4791.55,2176,23,1
1776183900,4791.55,4791.59,4782.00,4782.93,2147,23,1
1776184200,4782.94,4794.12,4780.23,4794.07,2621,23,1
1776184500,4794.07,4803.40,4788.69,4789.27,2642,23,1
1776184800,4789.25,4793.27,4786.67,4793.11,2553,23,1
1776185100,4793.13,4794.83,4790.51,4794.09,2501,23,1
1776185400,4794.10,4795.78,4788.99,4792.99,2334,23,1
1776185700,4793.02,4796.35,4790.29,4794.50,2304,23,1
1776186000,4794.51,4803.62,4794.51,4795.53,2645,23,1
1776186300,4795.53,4802.56,4793.09,4801.99,2534,23,1
1776186600,4802.03,4802.54,4794.14,4794.93,2421,23,1
1776186900,4794.97,4806.12,4794.97,4804.64,2470,23,1
1776187200,4804.63,4805.16,4798.76,4801.04,2345,23,1
1776187500,4801.03,4810.64,4799.84,4809.23,2258,23,1
1776187800,4809.23,4816.20,4806.56,4813.41,2359,23,1
1776188100,4813.56,4817.85,4801.70,4804.16,2291,23,1
1776188400,4804.13,4804.52,4798.50,4798.58,2428,23,1
1776188700,4798.72,4800.96,4795.41,4799.63,2251,23,1
1776189000,4799.64,4801.79,4796.52,4801.66,2099,23,1
1776189300,4801.68,4806.61,4801.36,4803.85,2114,23,1
1776189600,4803.86,4803.98,4795.97,4796.24,2312,23,1
1776189900,4796.23,4798.26,4791.87,4792.83,2388,23,1
1776190200,4792.82,4797.79,4791.20,4794.62,2225,23,1
1776190500,4794.60,4800.79,4793.15,4800.58,2106,23,1
1776190800,4800.58,4805.71,4799.34,4803.48,2361,23,1
1776191100,4803.52,4804.78,4800.77,4802.40,2217,23,1
1776191400,4802.40,4810.23,4802.40,4807.20,2114,23,1
1776191700,4807.21,4813.63,4807.21,4811.99,2041,23,1
1776192000,4811.99,4812.03,4807.23,4809.13,2109,23,1
1776192300,4809.14,4811.49,4807.43,4808.65,2088,23,1
1776192600,4808.64,4816.10,4808.04,4810.32,2147,23,1
1776192900,4810.31,4811.26,4806.64,4808.07,1965,23,1
1776193200,4808.07,4812.87,4805.05,4811.68,2111,23,1
1776193500,4811.68,4814.00,4808.88,4810.95,1940,23,1
1776193800,4810.92,4811.04,4807.32,4809.52,1792,23,1
1776194100,4809.51,4816.76,4807.20,4816.03,1801,23,1
1776194400,4816.02,4817.42,4810.25,4816.55,2112,23,1
1776194700,4816.55,4819.31,4815.30,4816.43,1944,23,1
1776195000,4816.40,4820.21,4814.91,4815.74,2023,23,1
1776195300,4815.72,4816.97,4813.61,4816.18,1761,23,1
1776195600,4816.15,4817.80,4814.28,4815.29,1378,23,1
1776195900,4815.19,4815.39,4811.02,4814.27,1684,23,1
1776196200,4814.40,4818.62,4812.70,4813.68,1837,23,1
1776196500,4813.68,4813.92,4809.13,4810.11,1883,23,1
1776196800,4810.11,4817.37,4809.45,4815.28,1941,23,1
1776197100,4815.28,4832.95,4815.09,4829.25,2317,23,1
1776197400,4829.34,4833.52,4827.02,4827.06,1959,23,1
1776197700,4827.07,4828.15,4825.15,4827.43,1666,23,1
1776198000,4827.44,4831.16,4826.25,4830.84,1914,23,1
1776198300,4830.92,4831.86,4824.76,4825.55,1930,23,1
1776198600,4825.56,4834.02,4825.11,4831.64,1883,23,1
1776198900,4831.64,4839.73,4830.53,4838.02,1931,23,1
1776199200,4837.91,4841.36,4836.65,4837.08,1850,23,1
1776199500,4837.08,4839.20,4836.14,4837.94,1622,23,1
1776199800,4837.94,4839.76,4836.06,4836.67,1631,23,1
1776200100,4836.53,4837.33,4834.33,4835.00,1688,23,1
1776200400,4835.05,4837.30,4834.50,4837.04,1701,23,1
1776200700,4837.04,4843.02,4836.13,4842.94,1678,23,1
1776201000,4842.94,4843.40,4835.97,4838.89,1754,23,1
1776201300,4838.91,4840.01,4835.15,4835.74,1687,23,1
1776201600,4835.74,4837.18,4833.19,4835.25,2150,23,1
1776201900,4835.25,4839.74,4834.45,4837.75,2011,23,1
1776202200,4837.75,4838.67,4836.26,4836.55,1783,23,1
1776202500,4836.53,4839.16,4836.52,4837.65,1660,23,1
1776202800,4837.64,4838.41,4834.10,4834.40,1586,23,1
1776203100,4834.42,4835.54,4833.01,4833.52,1562,23,1
1776203400,4833.48,4834.17,4830.99,4833.94,1456,23,1
1776203700,4833.92,4836.39,4833.92,4835.67,1234,23,1
1776204000,4835.67,4841.55,4835.67,4841.14,1625,23,1
1776204300,4841.12,4841.49,4839.56,4841.46,1351,23,1
1776204600,4841.46,4842.50,4840.68,4841.05,1359,23,1
1776204900,4841.02,4842.29,4838.66,4839.37,1404,23,1
1776205200,4839.36,4841.89,4839.36,4839.91,1368,23,1
1776205500,4839.91,4841.13,4838.56,4840.70,1210,23,1
1776205800,4840.70,4843.61,4839.35,4839.80,1447,23,1
1776206100,4839.79,4842.40,4838.64,4842.00,1599,23,1
1776206400,4842.00,4842.62,4840.10,4841.05,1432,23,1
1776206700,4840.99,4843.13,4839.95,4843.03,1481,23,1
1776207000,4843.00,4843.99,4841.04,4841.08,1865,23,1
1776207300,4841.10,4846.23,4840.82,4844.96,2113,23,1
1776207600,4844.95,4846.25,4842.64,4843.29,1274,23,1
1776207900,4843.30,4844.52,4842.22,4843.75,863,23,1
1776208200,4843.74,4843.89,4842.01,4842.79,826,23,1
1776208500,4842.82,4843.38,4839.57,4840.86,610,23,1
1776208800,4840.94,4841.64,4839.73,4841.58,657,23,1
1776209100,4841.58,4841.58,4839.67,4840.42,564,23,1
1776209400,4840.43,4841.12,4840.06,4840.23,482,23,1
1776209700,4840.21,4841.23,4840.04,4840.05,533,23,1
1776210000,4840.04,4843.12,4839.83,4842.20,689,23,1
1776210300,4842.20,4843.32,4841.21,4841.60,791,23,1
1776210600,4841.59,4842.04,4840.30,4841.77,767,23,1
1776210900,4841.79,4842.12,4840.53,4840.58,438,23,1
1776214800,4840.47,4850.49,4837.91,4849.36,1907,23,1
1776215100,4849.29,4850.80,4846.02,4847.74,1357,23,1
1776215400,4847.73,4847.96,4843.29,4844.76,1153,23,1
1776215700,4844.77,4847.00,4837.59,4837.82,1231,23,1
1776216000,4837.82,4842.63,4836.55,4842.45,1080,23,1
1776216300,4842.45,4842.99,4839.98,4840.07,856,23,1
1776216600,4840.07,4843.14,4837.80,4839.08,1126,23,1
1776216900,4839.05,4841.24,4838.58,4839.98,921,23,1
1776217200,4839.98,4841.55,4839.14,4840.29,724,23,1
1776217500,4840.32,4840.43,4837.75,4837.89,722,23,1
1776217800,4837.86,4838.72,4835.08,4836.13,951,23,1
1776218100,4836.17,4836.54,4833.37,4835.07,1215,23,1
1776218400,4835.08,4838.18,4833.75,4837.25,1039,23,1
1776218700,4837.24,4843.77,4837.08,4839.56,1055,23,1
1776219000,4839.55,4840.09,4835.82,4837.26,1115,23,1
1776219300,4837.26,4839.30,4835.26,4838.05,1139,23,1
1776219600,4838.05,4838.95,4836.73,4838.28,990,23,1
1776219900,4838.28,4838.37,4835.13,4836.01,1094,23,1
1776220200,4836.00,4841.66,4835.14,4841.07,990,23,1
1776220500,4841.00,4842.72,4838.56,4842.46,1716,23,1
1776220800,4842.38,4842.41,4837.85,4842.32,1359,23,1
1776221100,4842.31,4844.03,4841.09,4841.53,1261,23,1
1776221400,4841.48,4842.02,4837.91,4838.78,1121,23,1
1776221700,4838.78,4839.74,4836.36,4837.31,1171,23,1
1776222000,4837.24,4838.92,4832.91,4838.22,1730,23,1
1776222300,4838.21,4840.00,4834.09,4834.65,1535,23,1
1776222600,4834.65,4835.57,4831.68,4833.89,1447,23,1
1776222900,4833.89,4833.89,4828.82,4832.88,1583,23,1
1776223200,4832.92,4835.87,4832.54,4835.69,1228,23,1
1776223500,4835.69,4836.42,4828.99,4833.52,1538,23,1
1776223800,4833.57,4833.70,4828.38,4830.63,1268,23,1
1776224100,4830.62,4831.28,4827.13,4829.21,1081,23,1
1776224400,4829.21,4830.36,4828.24,4830.13,1168,23,1
1776224700,4830.13,4832.21,4829.20,4830.22,1104,23,1
1776225000,4830.16,4831.71,4829.13,4830.88,1256,23,1
1776225300,4830.87,4837.46,4830.82,4835.52,1324,23,1
1776225600,4835.51,4837.84,4828.18,4834.25,2329,23,1
1776225900,4834.25,4840.78,4831.67,4840.58,2086,23,1
1776226200,4840.58,4852.22,4839.41,4850.19,2336,23,1
1776226500,4850.16,4871.34,4848.19,4864.08,2333,23,1
1776226800,4864.17,4865.50,4842.38,4843.53,2442,23,1
1776227100,4843.51,4854.31,4843.51,4850.87,2204,23,1
1776227400,4850.87,4850.87,4845.18,4848.09,2169,23,1
1776227700,4848.09,4849.34,4843.88,4845.72,2024,23,1
1776228000,4845.70,4851.45,4842.51,4843.57,2002,23,1
1776228300,4843.51,4846.26,4839.80,4844.33,2047,23,1
1776228600,4844.38,4847.89,4843.67,4844.65,1740,23,1
1776228900,4844.64,4848.92,4842.95,4847.12,1771,23,1
1776229200,4847.12,4849.22,4845.39,4848.18,1819,23,1
1776229500,4848.18,4853.42,4847.53,4851.05,1883,23,1
1776229800,4851.06,4851.33,4844.73,4845.14,2049,23,1
1776230100,4845.15,4846.03,4841.75,4842.61,1506,23,1
1776230400,4842.64,4843.37,4835.70,4837.10,1487,23,1
1776230700,4837.12,4837.23,4832.43,4834.53,1256,23,1
1776231000,4834.58,4835.30,4824.51,4827.30,2348,23,1
1776231300,4827.30,4829.87,4821.42,4829.38,2214,23,1
1776231600,4829.39,4830.78,4825.40,4828.21,2038,23,1
1776231900,4828.21,4830.36,4825.34,4827.53,1992,23,1
1776232200,4827.54,4829.98,4822.33,4824.20,2071,23,1
1776232500,4824.19,4826.04,4820.70,4823.90,2029,23,1
1776232800,4823.89,4825.10,4817.03,4817.33,1924,23,1
1776233100,4817.40,4820.91,4816.98,4819.25,2033,23,1
1776233400,4819.25,4823.16,4818.32,4820.87,1748,23,1
1776233700,4820.88,4826.34,4820.46,4825.89,1499,23,1
1776234000,4825.89,4825.96,4822.14,4822.79,1492,23,1
1776234300,4822.80,4827.98,4822.53,4826.48,1401,23,1
1776234600,4826.48,4828.47,4826.07,4826.16,1098,23,1
1776234900,4826.16,4828.72,4826.04,4827.85,897,23,1
1776235200,4827.85,4828.71,4825.51,4828.51,831,23,1
1776235500,4828.51,4829.56,4826.38,4826.87,1021,23,1
1776235800,4826.92,4828.65,4825.90,4826.68,958,23,1
1776236100,4826.69,4827.92,4823.86,4824.07,904,23,1
1776236400,4824.04,4824.04,4820.47,4821.30,1161,23,1
1776236700,4821.30,4823.75,4820.53,4823.38,925,23,1
1776237000,4823.38,4826.29,4823.37,4825.44,868,23,1
1776237300,4825.44,4826.52,4822.55,4823.01,1000,23,1
1776237600,4823.02,4824.73,4821.30,4824.22,840,23,1
1776237900,4824.14,4825.49,4822.75,4824.69,685,23,1
1776238200,4824.60,4826.98,4824.37,4826.84,713,23,1
1776238500,4826.84,4827.73,4824.42,4825.54,785,23,1
1776238800,4825.53,4825.58,4823.23,4823.41,833,23,1
1776239100,4823.41,4825.74,4821.43,4825.74,954,23,1
1776239400,4825.72,4825.98,4824.11,4825.24,826,23,1
1776239700,4825.24,4826.09,4823.71,4824.90,812,23,1
1776240000,4824.87,4828.58,4824.11,4824.97,1572,23,1
1776240300,4824.95,4827.66,4822.62,4825.35,1473,23,1
1776240600,4825.36,4827.80,4824.63,4826.82,1285,23,1
1776240900,4826.82,4830.49,4826.25,4830.11,1136,23,1
1776241200,4830.11,4830.11,4824.38,4825.24,1409,23,1
1776241500,4825.24,4828.61,4824.48,4826.18,1266,23,1
1776241800,4826.18,4827.86,4822.25,4827.17,1969,23,1
1776242100,4827.05,4827.05,4813.67,4820.16,2231,23,1
1776242400,4820.05,4821.14,4812.66,4816.79,2066,23,1
1776242700,4816.79,4819.82,4814.38,4817.32,1803,23,1
1776243000,4817.34,4822.08,4815.23,4821.37,1680,23,1
1776243300,4821.37,4823.53,4819.42,4819.59,1895,23,1
1776243600,4819.62,4824.93,4819.58,4821.08,1699,23,1
1776243900,4821.08,4821.40,4816.63,4817.64,1700,23,1
1776244200,4817.66,4820.72,4816.74,4819.09,1756,23,1
1776244500,4819.06,4819.61,4816.08,4817.01,1751,23,1
1776244800,4817.02,4817.46,4813.59,4814.91,1696,23,1
1776245100,4814.91,4817.06,4813.66,4814.74,1723,23,1
1776245400,4814.73,4817.42,4811.25,4813.99,1913,23,1
1776245700,4814.00,4817.68,4812.23,4815.95,1724,23,1
1776246000,4815.99,4816.42,4813.61,4816.06,1528,23,1
1776246300,4816.06,4822.08,4815.36,4819.91,1628,23,1
1776246600,4819.99,4820.41,4813.53,4814.65,1773,23,1
1776246900,4814.65,4814.65,4811.17,4811.81,1754,23,1
1776247200,4811.69,4813.63,4804.01,4808.76,1968,23,1
1776247500,4808.75,4812.26,4806.66,4809.31,1724,23,1
1776247800,4809.31,4816.96,4808.27,4815.81,1716,23,1
1776248100,4815.81,4816.07,4809.94,4812.38,1685,23,1
1776248400,4812.36,4814.18,4809.88,4810.00,1649,23,1
1776248700,4809.99,4812.90,4805.67,4812.90,1771,23,1
1776249000,4812.89,4814.55,4808.66,4811.69,1505,23,1
1776249300,4811.69,4815.85,4811.64,4813.31,1503,23,1
1776249600,4813.31,4814.22,4809.21,4810.30,1447,23,1
1776249900,4810.33,4810.33,4805.99,4807.87,1668,23,1
1776250200,4807.92,4810.54,4807.04,4810.13,1528,23,1
1776250500,4810.12,4812.84,4808.81,4811.11,1677,23,1
1776250800,4811.05,4811.62,4806.57,4811.60,1797,23,1
1776251100,4811.60,4812.69,4808.09,4808.60,1393,23,1
1776251400,4808.58,4811.67,4804.63,4811.50,1577,23,1
1776251700,4811.50,4813.15,4810.48,4811.89,1553,23,1
1776252000,4811.89,4812.11,4808.30,4810.17,1405,23,1
1776252300,4810.17,4814.36,4806.02,4809.96,1647,23,1
1776252600,4809.92,4811.97,4805.45,4809.71,1735,23,1
1776252900,4809.69,4811.43,4807.38,4809.83,1512,23,1
1776253200,4809.83,4812.98,4808.82,4810.49,1303,23,1
1776253500,4810.49,4812.04,4809.79,4811.38,1332,23,1
1776253800,4811.38,4815.16,4810.60,4814.55,1282,23,1
1776254100,4814.56,4821.38,4814.03,4818.38,1430,23,1
1776254400,4818.39,4819.53,4812.28,4815.04,2036,23,1
1776254700,4815.10,4815.19,4805.20,4806.14,2087,23,1
1776255000,4806.12,4808.57,4792.75,4804.99,2284,23,1
1776255300,4804.99,4806.58,4801.52,4806.35,1840,23,1
1776255600,4806.31,4807.22,4803.23,4804.41,1610,23,1
1776255900,4804.40,4804.49,4797.44,4798.11,1705,23,1
1776256200,4798.11,4803.82,4796.86,4798.40,1792,23,1
1776256500,4798.39,4800.88,4795.38,4796.53,1546,23,1
1776256800,4796.52,4800.27,4796.16,4796.17,1615,23,1
1776257100,4796.17,4796.61,4786.32,4795.24,2012,23,1
1776257400,4795.24,4798.72,4792.45,4798.46,1647,23,1
1776257700,4798.47,4800.34,4794.51,4798.13,1485,23,1
1776258000,4798.11,4798.94,4795.44,4795.54,1636,23,1
1776258300,4795.62,4802.53,4795.59,4801.65,1667,23,1
1776258600,4801.64,4803.02,4800.79,4801.23,1425,23,1
1776258900,4801.25,4801.36,4793.71,4794.96,2087,23,1
1776259200,4794.99,4798.11,4792.25,4794.31,2061,23,1
1776259500,4794.28,4795.37,4790.53,4795.08,1957,23,1
1776259800,4795.09,4798.91,4793.05,4794.33,1867,23,1
1776260100,4794.33,4796.69,4793.46,4796.22,1560,23,1
1776260400,4796.23,4800.72,4795.49,4800.07,1944,23,1
1776260700,4800.10,4805.23,4799.64,4800.99,1802,23,1
1776261000,4800.99,4804.44,4800.22,4803.30,1501,23,1
1776261300,4803.39,4804.11,4799.89,4799.91,1377,23,1
1776261600,4799.94,4800.01,4795.52,4798.27,1526,23,1
1776261900,4798.29,4800.71,4798.04,4799.12,1454,23,1
1776262200,4799.10,4804.36,4798.86,4802.38,1595,23,1
1776262500,4802.37,4804.55,4799.69,4804.09,1617,23,1
1776262800,4804.09,4806.69,4803.50,4806.35,1673,23,1
1776263100,4806.35,4807.08,4804.80,4804.91,1460,23,1
1776263400,4804.94,4808.55,4802.68,4803.00,1730,23,1
1776263700,4803.00,4806.41,4802.89,4804.12,1343,23,1
1776264000,4804.12,4806.11,4802.78,4805.89,1085,23,1
1776264300,4805.89,4811.96,4804.14,4809.15,1951,23,1
1776264600,4809.16,4814.23,4808.90,4814.00,1950,23,1
1776264900,4814.02,4814.92,4810.51,4812.58,1781,23,1
1776265200,4812.58,4814.20,4807.86,4809.52,1864,23,1
1776265500,4809.52,4813.24,4807.03,4813.07,1809,23,1
1776265800,4813.07,4814.08,4810.70,4813.84,1690,23,1
1776266100,4813.88,4816.19,4812.56,4814.04,1538,23,1
1776266400,4814.05,4814.12,4810.19,4813.05,1772,23,1
1776266700,4813.09,4815.07,4810.62,4812.86,1559,23,1
1776267000,4812.64,4816.13,4811.28,4813.24,1683,23,1
1776267300,4813.52,4814.56,4810.56,4813.23,1399,23,1
1776267600,4813.22,4814.43,4810.38,4811.65,1403,23,1
1776267900,4811.65,4812.38,4808.37,4811.01,1362,23,1
1776268200,4811.02,4813.90,4810.08,4812.64,1472,23,1
1776268500,4812.64,4815.47,4811.09,4811.63,1597,23,1
1776268800,4811.63,4816.32,4808.58,4812.07,2436,23,1
1776269100,4812.02,4816.11,4809.83,4814.16,2289,23,1
1776269400,4814.10,4815.28,4811.23,4814.11,2180,23,1
1776269700,4814.11,4814.80,4810.20,4813.55,2022,23,1
1776270000,4813.66,4819.62,4812.89,4816.83,2053,23,1
1776270300,4816.87,4821.97,4816.87,4821.76,1936,23,1
1776270600,4821.76,4822.13,4816.36,4818.83,2596,23,1
1776270900,4818.85,4825.37,4815.73,4823.70,2539,23,1
1776271200,4823.67,4825.02,4817.76,4820.51,2393,23,1
1776271500,4820.53,4825.68,4819.92,4825.09,2366,23,1
1776271800,4825.26,4827.49,4821.72,4825.61,2349,23,1
1776272100,4825.60,4830.17,4824.25,4828.89,2170,23,1
1776272400,4828.90,4829.78,4820.63,4826.15,2299,23,1
1776272700,4826.08,4827.59,4824.13,4824.69,2203,23,1
1776273000,4824.69,4828.98,4824.18,4828.52,2154,23,1
1776273300,4828.60,4830.45,4824.55,4824.62,2118,23,1
1776273600,4824.61,4827.37,4823.08,4825.84,2245,23,1
1776273900,4825.85,4827.22,4822.22,4825.24,2247,23,1
1776274200,4825.20,4825.70,4817.35,4818.99,2272,23,1
1776274500,4819.00,4822.09,4815.54,4816.25,2189,23,1
1776274800,4816.25,4821.41,4816.25,4819.26,2085,23,1
1776275100,4819.26,4819.45,4815.43,4816.26,2068,23,1
1776275400,4816.27,4818.90,4813.46,4814.79,2230,23,1
1776275700,4814.79,4818.44,4814.50,4815.54,2001,23,1
1776276000,4815.53,4816.14,4809.65,4810.20,2144,23,1
1776276300,4810.20,4810.76,4800.24,4807.08,2269,23,1
1776276600,4807.10,4812.33,4804.68,4810.20,2280,23,1
1776276900,4810.22,4810.77,4803.70,4809.09,2212,23,1
1776277200,4809.10,4809.63,4802.72,4805.15,2077,23,1
1776277500,4805.15,4806.28,4797.68,4798.25,1979,23,1
1776277800,4798.28,4799.84,4786.95,4795.38,2457,23,1
1776278100,4795.36,4803.59,4795.25,4800.96,2306,23,1
1776278400,4800.95,4806.42,4800.95,4803.55,2065,23,1
1776278700,4803.52,4807.60,4802.32,4802.54,2011,23,1
1776279000,4802.55,4806.56,4802.55,4805.26,1785,23,1
1776279300,4805.25,4805.68,4799.43,4801.66,1981,23,1
1776279600,4801.64,4807.54,4800.41,4804.38,2003,23,1
1776279900,4804.37,4808.04,4803.50,4807.26,1862,23,1
1776280200,4807.24,4810.51,4806.04,4808.36,1598,23,1
1776280500,4808.35,4810.51,4805.22,4806.75,1778,23,1
1776280800,4806.73,4810.47,4806.73,4807.99,1840,23,1
1776281100,4808.03,4812.59,4807.17,4811.20,1738,23,1
1776281400,4811.20,4811.82,4807.55,4809.42,1834,23,1
1776281700,4809.44,4811.89,4806.73,4807.03,1518,23,1
1776282000,4807.01,4809.43,4802.84,4804.54,2170,23,1
1776282300,4804.49,4807.13,4803.09,4805.62,2034,23,1
1776282600,4805.62,4807.27,4800.13,4801.93,2097,23,1
1776282900,4801.98,4805.73,4801.51,4803.90,1960,23,1
1776283200,4803.88,4804.97,4800.69,4800.73,1940,23,1
1776283500,4800.79,4802.91,4799.64,4802.66,1641,23,1
1776283800,4802.61,4803.16,4797.94,4798.15,1654,23,1
1776284100,4798.14,4802.46,4798.08,4801.09,1431,23,1
1776284400,4801.09,4807.27,4801.09,4806.27,1716,23,1
1776284700,4806.28,4808.75,4800.10,4801.84,1911,23,1
1776285000,4801.83,4802.64,4797.40,4800.46,1778,23,1
1776285300,4800.44,4802.29,4797.22,4797.24,1829,23,1
1776285600,4797.26,4797.74,4792.14,4793.51,2011,23,1
1776285900,4793.50,4795.77,4793.42,4794.87,1665,23,1
1776286200,4794.91,4795.34,4790.87,4793.33,1629,23,1
1776286500,4793.31,4795.65,4791.61,4792.60,1462,23,1
1776286800,4792.61,4800.82,4790.20,4796.21,2332,23,1
1776287100,4796.20,4798.05,4792.14,4793.86,2138,23,1
1776287400,4793.90,4797.40,4792.36,4797.01,1706,23,1
1776287700,4797.06,4798.67,4794.48,4795.37,1814,23,1
1776288000,4795.37,4796.65,4794.01,4794.57,1616,23,1
1776288300,4794.59,4795.24,4792.82,4794.65,1727,23,1
1776288600,4794.65,4798.35,4794.65,4797.74,1479,23,1
1776288900,4797.73,4797.84,4795.07,4796.65,1427,23,1
1776289200,4796.65,4797.09,4794.55,4797.01,1506,23,1
1776289500,4797.02,4799.15,4796.93,4798.75,1258,23,1
1776289800,4798.75,4802.09,4796.87,4797.25,1436,23,1
1776290100,4797.25,4801.56,4796.93,4799.76,1557,23,1
1776290400,4799.60,4801.53,4797.99,4801.35,1591,23,1
1776290700,4801.33,4803.43,4799.71,4802.14,1492,23,1
1776291000,4802.11,4803.10,4798.73,4798.73,1554,23,1
1776291300,4798.73,4801.29,4797.71,4801.26,1415,23,1
1776291600,4801.28,4802.43,4799.99,4801.43,1188,23,1
1776291900,4801.43,4803.10,4801.01,4802.99,1229,23,1
1776292200,4802.96,4802.96,4800.79,4801.31,1255,23,1
1776292500,4801.31,4801.70,4798.22,4798.28,1415,23,1
1776292800,4798.28,4798.89,4795.32,4796.95,1664,23,1
1776293100,4797.05,4799.59,4796.29,4798.93,1659,23,1
1776293400,4798.98,4801.53,4797.89,4798.84,1935,23,1
1776293700,4798.84,4799.80,4794.51,4795.82,2142,23,1
1776294000,4795.79,4796.61,4793.57,4794.10,1218,23,1
1776294300,4794.10,4794.93,4792.70,4794.14,957,23,1
1776294600,4794.14,4795.25,4792.75,4793.85,809,23,1
1776294900,4793.85,4794.57,4793.37,4794.19,679,23,1
1776295200,4794.21,4795.93,4794.08,4794.29,782,23,1
1776295500,4794.29,4794.71,4793.67,4793.86,714,23,1
1776295800,4793.86,4793.86,4790.91,4792.16,656,23,1
1776296100,4792.17,4792.19,4790.16,4791.42,727,23,1
1776296400,4791.42,4791.55,4790.52,4790.84,642,23,1
1776296700,4790.84,4793.07,4788.19,4789.75,1109,23,1
1776297000,4789.75,4790.44,4787.84,4788.37,1039,23,1
1776297300,4788.37,4791.16,4787.95,4791.15,538,23,1
1776301200,4794.47,4799.39,4793.84,4798.44,1453,23,1
1776301500,4798.43,4798.82,4794.67,4795.75,890,23,1
1776301800,4795.74,4795.92,4790.88,4792.11,1050,23,1
1776302100,4792.11,4798.23,4791.97,4797.07,1217,23,1
1776302400,4797.06,4802.07,4796.45,4800.60,1279,23,1
1776302700,4800.60,4801.17,4798.39,4801.17,924,23,1
1776303000,4801.16,4803.37,4800.57,4800.86,924,23,1
1776303300,4800.86,4801.99,4799.12,4801.77,939,23,1
1776303600,4801.92,4802.03,4800.59,4801.39,625,23,1
1776303900,4801.40,4805.53,4801.25,4804.00,1023,23,1
1776304200,4804.00,4810.60,4803.44,4810.41,1152,23,1
1776304500,4810.40,4811.90,4807.49,4807.58,989,23,1
1776304800,4807.55,4810.05,4807.46,4809.54,1000,23,1
1776305100,4809.53,4810.89,4808.40,4810.07,841,23,1
1776305400,4810.08,4813.16,4808.98,4812.55,953,23,1
1776305700,4812.54,4813.91,4812.37,4812.69,703,23,1
1776306000,4812.68,4815.71,4812.61,4815.37,799,23,1
1776306300,4815.37,4815.82,4814.07,4815.04,703,23,1
1776306600,4815.03,4820.90,4814.47,4820.14,1330,23,1
1776306900,4820.16,4822.85,4819.68,4821.47,1230,23,1
1776307200,4821.47,4824.30,4821.06,4823.20,1220,23,1
1776307500,4823.20,4826.54,4823.04,4824.83,1290,23,1
1776307800,4824.83,4826.66,4823.26,4823.50,1143,23,1
1776308100,4823.50,4824.15,4822.00,4823.46,969,23,1
1776308400,4823.46,4831.02,4823.38,4828.82,1631,23,1
1776308700,4828.84,4831.18,4828.84,4830.56,981,23,1
1776309000,4830.57,4830.95,4829.29,4829.81,1087,23,1
1776309300,4829.82,4830.92,4828.49,4829.65,1413,23,1
1776309600,4829.66,4829.95,4824.99,4827.29,1424,23,1
1776309900,4827.29,4828.97,4822.56,4824.75,1304,23,1
1776310200,4824.75,4827.28,4820.91,4822.36,1217,23,1
1776310500,4822.37,4828.88,4821.05,4827.85,1214,23,1
1776310800,4827.82,4837.66,4827.67,4832.59,1615,23,1
1776311100,4832.63,4836.13,4830.81,4835.86,1225,23,1
1776311400,4835.85,4837.42,4832.83,4833.33,1588,23,1
1776311700,4833.35,4834.69,4832.49,4833.14,1226,23,1
1776312000,4833.16,4836.37,4829.23,4829.55,2270,23,1
1776312300,4829.37,4831.82,4828.71,4830.70,1980,23,1
1776312600,4830.68,4832.40,4829.53,4829.79,1856,23,1
1776312900,4829.79,4830.32,4825.07,4826.15,1799,23,1
1776313200,4826.15,4829.00,4825.32,4825.33,1691,23,1
1776313500,4825.29,4826.36,4822.72,4823.62,1483,23,1
1776313800,4823.65,4825.54,4821.35,4821.74,1653,23,1
1776314100,4821.73,4821.79,4812.87,4812.91,2062,23,1
1776314400,4812.88,4818.40,4811.26,4815.90,1978,23,1
1776314700,4815.91,4820.57,4815.40,4820.01,1779,23,1
1776315000,4820.04,4822.15,4818.59,4820.68,1646,23,1
1776315300,4820.65,4820.65,4817.41,4817.99,1639,23,1
1776315600,4817.96,4822.04,4817.33,4821.10,1861,23,1
1776315900,4821.10,4823.27,4820.23,4822.40,1497,23,1
1776316200,4822.43,4824.97,4821.32,4821.38,1524,23,1
1776316500,4821.38,4822.83,4820.23,4822.54,1257,23,1
1776316800,4822.57,4823.48,4820.96,4822.19,1067,23,1
1776317100,4822.17,4822.21,4819.04,4819.07,889,23,1
1776317400,4819.07,4821.41,4814.02,4814.15,1742,23,1
1776317700,4814.13,4817.04,4812.44,4817.04,1872,23,1
1776318000,4817.09,4819.60,4816.42,4817.21,1614,23,1
1776318300,4817.21,4820.81,4815.44,4817.20,1796,23,1
1776318600,4817.20,4820.96,4816.98,4818.31,1516,23,1
1776318900,4818.32,4820.54,4818.32,4819.72,1293,23,1
1776319200,4819.72,4823.39,4819.12,4822.31,1466,23,1
1776319500,4822.31,4826.40,4822.30,4825.85,1558,23,1
1776319800,4825.88,4827.09,4825.22,4826.57,1443,23,1
1776320100,4826.54,4826.70,4823.16,4823.74,1319,23,1
1776320400,4823.72,4824.80,4822.57,4824.37,1076,23,1
1776320700,4824.37,4824.72,4822.71,4823.88,1086,23,1
1776321000,4823.91,4825.92,4822.68,4822.95,1218,23,1
1776321300,4822.96,4823.20,4819.09,4819.42,965,23,1
1776321600,4819.40,4821.05,4819.05,4820.50,1081,23,1
1776321900,4820.50,4825.19,4820.49,4824.70,959,23,1
1776322200,4824.70,4826.42,4823.92,4826.35,700,23,1
1776322500,4826.35,4826.63,4824.07,4824.08,733,23,1
1776322800,4824.10,4825.31,4823.50,4825.00,1034,23,1
1776323100,4825.00,4826.21,4823.32,4824.28,1060,23,1
1776323400,4824.29,4827.25,4822.76,4826.90,899,23,1
1776323700,4826.91,4830.11,4826.90,4827.22,1000,23,1
1776324000,4827.23,4827.81,4826.30,4826.62,841,23,1
1776324300,4826.62,4827.86,4825.81,4826.42,807,23,1
1776324600,4826.42,4827.79,4824.90,4827.59,701,23,1
1776324900,4827.60,4831.35,4827.46,4829.52,1035,23,1
1776325200,4829.53,4830.96,4829.39,4830.58,755,23,1
1776325500,4830.58,4831.17,4829.89,4830.47,578,23,1
1776325800,4830.50,4830.96,4829.60,4830.73,682,23,1
1776326100,4830.73,4833.43,4830.73,4833.09,766,23,1
1776326400,4833.09,4836.49,4832.81,4836.49,1226,23,1
1776326700,4836.47,4838.28,4834.02,4835.47,1354,23,1
1776327000,4835.45,4836.48,4833.92,4834.46,1006,23,1
1776327300,4834.46,4836.24,4834.08,4835.69,849,23,1
1776327600,4835.68,4835.68,4832.68,4832.71,964,23,1
1776327900,4832.70,4834.06,4831.69,4833.21,1152,23,1
1776328200,4833.27,4833.81,4826.56,4826.62,2050,23,1
1776328500,4826.62,4828.36,4825.33,4828.02,1834,23,1
1776328800,4828.00,4829.57,4824.58,4825.23,1592,23,1
1776329100,4825.22,4828.73,4824.91,4827.53,1646,23,1
1776329400,4827.56,4829.27,4824.29,4826.18,1770,23,1
1776329700,4826.17,4826.18,4821.07,4821.32,1613,23,1
1776330000,4821.33,4827.81,4821.16,4823.95,1872,23,1
1776330300,4823.97,4825.86,4822.43,4824.13,1647,23,1
1776330600,4824.13,4826.51,4822.32,4822.80,1719,23,1
1776330900,4822.79,4825.33,4820.81,4824.38,1549,23,1
1776331200,4824.50,4824.86,4817.49,4820.02,1828,23,1
1776331500,4820.01,4822.67,4814.53,4816.19,1910,23,1
1776331800,4816.18,4820.32,4814.90,4816.64,1872,23,1
1776332100,4816.76,4820.17,4816.62,4819.92,1564,23,1
1776332400,4819.93,4824.90,4818.29,4824.14,2123,23,1
1776332700,4824.13,4829.63,4822.38,4828.70,1737,23,1
1776333000,4828.67,4830.54,4825.00,4828.46,2036,23,1
1776333300,4828.46,4829.69,4825.97,4826.05,2103,23,1
1776333600,4826.02,4829.82,4823.20,4828.92,2014,23,1
1776333900,4828.92,4830.28,4825.15,4830.18,1727,23,1
1776334200,4830.19,4830.90,4823.38,4824.98,1849,23,1
1776334500,4824.99,4829.59,4820.89,4821.28,2035,23,1
1776334800,4821.23,4824.71,4817.20,4824.34,1713,23,1
1776335100,4824.34,4828.86,4824.26,4828.17,1522,23,1
1776335400,4828.18,4828.60,4824.36,4827.34,1501,23,1
1776335700,4827.34,4830.11,4826.80,4829.15,1352,23,1
1776336000,4829.10,4830.06,4826.41,4827.49,1277,23,1
1776336300,4827.51,4828.13,4823.14,4824.15,1303,23,1
1776336600,4824.17,4826.03,4823.11,4824.11,1386,23,1
1776336900,4824.11,4824.15,4819.30,4820.97,1568,23,1
1776337200,4820.98,4821.91,4813.14,4814.21,1803,23,1
1776337500,4814.21,4814.21,4807.31,4810.90,2165,23,1
1776337800,4810.90,4814.44,4809.42,4811.78,1699,23,1
1776338100,4811.74,4814.78,4811.36,4811.62,1712,23,1
1776338400,4811.61,4813.86,4810.69,4811.20,1478,23,1
1776338700,4811.20,4812.72,4809.61,4811.45,1622,23,1
1776339000,4811.44,4811.62,4806.57,4808.09,1693,23,1
1776339300,4808.08,4811.08,4807.53,4810.33,1492,23,1
1776339600,4810.33,4813.53,4808.11,4812.05,1227,23,1
1776339900,4812.02,4813.47,4810.31,4810.97,1237,23,1
1776340200,4810.99,4811.56,4808.36,4811.38,1444,23,1
1776340500,4811.35,4814.72,4809.28,4813.73,1187,23,1
1776340800,4813.74,4815.50,4811.79,4815.20,1326,23,1
1776341100,4815.22,4817.99,4815.03,4817.91,1205,23,1
1776341400,4817.91,4817.92,4815.28,4816.15,996,23,1
1776341700,4816.15,4816.30,4813.48,4815.79,1157,23,1
1776342000,4815.80,4816.99,4815.36,4815.47,1029,23,1
1776342300,4815.47,4816.33,4811.28,4813.17,1363,23,1
1776342600,4813.17,4813.17,4806.89,4811.19,1726,23,1
1776342900,4811.20,4813.08,4809.44,4812.28,1328,23,1
1776343200,4812.28,4814.90,4810.57,4814.71,1338,23,1
1776343500,4814.73,4815.33,4812.32,4813.79,1452,23,1
1776343800,4813.77,4814.40,4810.18,4812.08,1478,23,1
1776344100,4812.08,4813.30,4810.11,4812.85,1479,23,1
1776344400,4812.86,4815.50,4810.18,4812.36,1579,23,1
1776344700,4812.44,4814.28,4811.20,4811.79,1097,23,1
1776345000,4811.79,4811.91,4806.93,4807.02,1242,23,1
1776345300,4807.01,4808.31,4805.16,4807.74,1320,23,1
1776345600,4807.76,4809.52,4807.66,4808.43,1126,23,1
1776345900,4808.43,4810.17,4806.73,4807.04,1197,23,1
1776346200,4807.04,4808.34,4805.18,4808.08,1325,23,1
1776346500,4808.09,4810.44,4807.67,4810.03,1187,23,1
1776346800,4810.03,4812.19,4808.17,4808.31,1317,23,1
1776347100,4808.32,4810.07,4806.66,4809.39,1452,23,1
1776347400,4809.40,4811.20,4808.64,4811.12,1283,23,1
1776347700,4811.20,4817.22,4811.13,4817.18,1543,23,1
1776348000,4817.19,4820.16,4816.38,4819.95,1544,23,1
1776348300,4819.95,4820.59,4816.47,4818.20,1529,23,1
1776348600,4818.20,4819.66,4817.01,4817.53,1183,23,1
1776348900,4817.53,4819.98,4816.95,4817.79,1214,23,1
1776349200,4817.79,4819.25,4816.74,4817.48,1278,23,1
1776349500,4817.49,4817.68,4815.56,4816.12,1126,23,1
1776349800,4816.12,4819.88,4816.12,4818.89,1262,23,1
1776350100,4818.87,4819.86,4817.33,4818.43,1215,23,1
1776350400,4818.42,4818.42,4815.87,4817.83,1183,23,1
1776350700,4817.82,4819.04,4816.08,4816.33,1301,23,1
1776351000,4816.41,4819.76,4816.41,4818.24,1356,23,1
1776351300,4818.23,4822.44,4817.09,4822.15,1460,23,1
1776351600,4822.12,4823.10,4819.13,4819.54,1611,23,1
1776351900,4819.54,4821.09,4815.63,4816.46,1471,23,1
1776352200,4816.47,4817.40,4811.63,4817.32,1852,23,1
1776352500,4817.34,4818.32,4815.76,4817.98,1527,23,1
1776352800,4817.98,4818.66,4814.22,4816.62,1611,23,1
1776353100,4816.64,4818.22,4813.95,4815.09,1372,23,1
1776353400,4815.14,4820.29,4811.83,4819.32,1777,23,1
1776353700,4819.29,4820.78,4813.35,4815.22,1956,23,1
1776354000,4815.23,4817.14,4813.71,4817.13,1615,23,1
1776354300,4817.08,4817.84,4813.86,4814.83,1439,23,1
1776354600,4814.83,4817.45,4814.66,4816.44,1385,23,1
1776354900,4816.43,4819.07,4816.13,4816.16,1313,23,1
1776355200,4816.19,4822.95,4816.19,4819.55,2199,23,1
1776355500,4819.55,4821.95,4814.76,4815.81,1988,23,1
1776355800,4815.81,4819.08,4814.13,4817.37,1643,23,1
1776356100,4817.32,4819.88,4816.56,4818.16,1637,23,1
1776356400,4818.19,4821.26,4816.04,4816.60,1818,23,1
1776356700,4816.61,4818.93,4815.12,4815.59,1785,23,1
1776357000,4815.60,4822.18,4812.60,4821.66,2541,23,1
1776357300,4821.70,4823.93,4817.36,4821.69,2557,23,1
1776357600,4821.69,4823.75,4813.34,4816.21,2440,23,1
1776357900,4816.22,4819.64,4809.65,4814.05,2456,23,1
1776358200,4814.08,4815.63,4790.20,4794.42,2639,23,1
1776358500,4794.35,4798.45,4784.65,4794.95,2741,23,1
1776358800,4794.80,4798.17,4787.99,4792.31,2709,23,1
1776359100,4792.33,4800.24,4785.22,4799.49,2667,23,1
1776359400,4799.58,4805.33,4798.87,4800.70,2429,23,1
1776359700,4800.80,4802.91,4793.83,4794.62,2499,23,1
1776360000,4794.63,4797.39,4790.95,4795.83,2471,23,1
1776360300,4795.79,4799.44,4793.65,4799.10,2321,23,1
1776360600,4799.12,4800.75,4793.63,4796.57,2435,23,1
1776360900,4796.48,4797.31,4790.14,4790.14,2373,23,1
1776361200,4790.11,4790.36,4773.10,4787.56,2594,23,1
1776361500,4787.79,4792.04,4785.49,4790.87,2525,23,1
1776361800,4790.87,4793.49,4787.00,4791.48,2450,23,1
1776362100,4791.56,4791.56,4785.60,4788.71,2434,23,1
1776362400,4788.70,4802.06,4788.22,4800.75,2383,23,1
1776362700,4800.74,4811.58,4799.17,4808.45,2381,23,1
1776363000,4808.44,4813.01,4805.82,4806.62,2215,23,1
1776363300,4806.62,4809.56,4802.83,4803.47,2182,23,1
1776363600,4803.47,4806.66,4803.05,4804.45,1991,23,1
1776363900,4804.39,4807.29,4801.81,4801.83,2061,23,1
1776364200,4801.52,4805.78,4800.06,4801.15,2306,23,1
1776364500,4801.10,4811.02,4798.11,4806.71,2548,23,1
1776364800,4806.65,4807.47,4800.17,4802.86,2318,23,1
1776365100,4802.84,4806.96,4800.86,4803.41,2109,23,1
1776365400,4803.38,4807.18,4803.32,4804.92,1930,23,1
1776365700,4804.98,4808.42,4803.92,4807.03,1831,23,1
1776366000,4807.04,4809.99,4805.96,4808.50,1861,23,1
1776366300,4808.46,4808.69,4805.91,4805.98,1778,23,1
1776366600,4805.97,4807.30,4803.38,4804.93,1784,23,1
1776366900,4804.93,4805.87,4802.42,4804.19,1751,23,1
1776367200,4804.24,4804.44,4797.87,4798.41,1770,23,1
1776367500,4798.42,4800.64,4796.74,4799.20,1750,23,1
1776367800,4799.20,4799.90,4786.51,4792.15,2143,23,1
1776368100,4792.33,4797.30,4791.36,4795.98,2344,23,1
1776368400,4796.05,4796.35,4788.31,4790.23,2281,23,1
1776368700,4790.22,4790.70,4785.17,4787.73,2271,23,1
1776369000,4787.73,4793.36,4787.19,4789.92,2211,23,1
1776369300,4789.93,4793.67,4789.82,4791.98,1906,23,1
1776369600,4792.01,4795.03,4789.94,4792.18,2134,23,1
1776369900,4792.18,4794.92,4790.89,4794.53,2070,23,1
1776370200,4794.52,4795.34,4789.79,4791.39,2061,23,1
1776370500,4791.39,4792.09,4788.73,4790.75,2151,23,1
1776370800,4790.75,4793.48,4789.61,4792.84,2055,23,1
1776371100,4792.78,4794.03,4784.76,4785.04,2141,23,1
1776371400,4785.13,4789.44,4783.76,4783.78,2034,23,1
1776371700,4784.15,4786.46,4781.33,4782.31,2129,23,1
1776372000,4782.30,4787.50,4781.94,4787.06,1833,23,1
1776372300,4787.04,4788.99,4784.74,4788.73,1867,23,1
1776372600,4788.72,4789.06,4786.51,4787.01,1822,23,1
1776372900,4787.02,4790.94,4782.61,4789.28,2347,23,1
1776373200,4789.30,4794.16,4785.80,4790.40,2489,23,1
1776373500,4790.37,4793.67,4789.21,4789.76,2234,23,1
1776373800,4789.75,4790.42,4787.62,4790.15,2141,23,1
1776374100,4790.16,4791.20,4788.48,4790.10,2056,23,1
1776374400,4790.12,4792.99,4789.45,4790.25,1916,23,1
1776374700,4790.25,4791.42,4786.79,4787.06,2116,23,1
1776375000,4787.01,4790.04,4786.68,4788.87,1957,23,1
1776375300,4788.84,4790.02,4787.76,4789.49,1794,23,1
1776375600,4789.50,4791.38,4788.58,4790.37,1593,23,1
1776375900,4790.38,4791.39,4788.96,4790.09,1546,23,1
1776376200,4790.14,4792.67,4788.67,4790.24,1624,23,1
1776376500,4790.24,4790.75,4788.20,4789.66,1693,23,1
1776376800,4789.67,4795.12,4789.67,4792.53,1802,23,1
1776377100,4792.60,4794.31,4791.56,4793.41,1737,23,1
1776377400,4793.46,4793.79,4789.59,4790.11,1664,23,1
1776377700,4790.11,4793.64,4790.10,4793.09,1706,23,1
1776378000,4793.09,4793.92,4791.41,4792.70,1495,23,1
1776378300,4792.70,4792.82,4790.68,4790.73,1506,23,1
1776378600,4790.73,4793.82,4790.73,4791.91,1666,23,1
1776378900,4791.91,4793.61,4790.71,4793.59,1543,23,1
1776379200,4793.59,4797.89,4793.28,4797.57,1611,23,1
1776379500,4797.59,4798.63,4793.74,4793.99,1615,23,1
1776379800,4794.08,4795.07,4792.47,4794.47,1797,23,1
1776380100,4794.52,4795.88,4792.58,4793.72,1821,23,1
1776380400,4793.70,4793.80,4791.94,4792.38,1135,23,1
1776380700,4792.42,4792.42,4790.01,4790.85,969,23,1
1776381000,4790.85,4791.43,4790.16,4790.52,708,23,1
1776381300,4790.47,4791.69,4790.20,4791.43,583,23,1
1776381600,4791.43,4791.49,4788.50,4788.70,721,23,1
1776381900,4788.70,4789.55,4788.37,4788.95,638,23,1
1776382200,4788.96,4789.69,4786.41,4786.79,628,23,1
1776382500,4786.80,4790.41,4786.80,4789.52,683,23,1
1776382800,4789.51,4789.56,4788.23,4788.68,595,23,1
1776383100,4788.68,4790.65,4788.68,4790.33,769,23,1
1776383400,4790.34,4790.37,4787.85,4789.39,717,23,1
1776383700,4789.39,4790.08,4788.88,4790.03,261,23,1
1776387600,4791.91,4796.16,4791.47,4794.56,1549,23,1
1776387900,4794.81,4797.90,4794.34,4796.42,1073,23,1
1776388200,4796.44,4796.87,4794.88,4795.27,984,23,1
1776388500,4795.27,4796.11,4792.61,4792.78,1060,23,1
1776388800,4792.78,4793.73,4792.54,4793.66,542,23,1
1776389100,4793.61,4795.37,4793.60,4793.98,739,23,1
1776389400,4793.99,4795.23,4790.86,4794.91,979,23,1
1776389700,4794.89,4796.23,4793.83,4793.91,1013,23,1
1776390000,4793.94,4796.09,4793.54,4795.41,805,23,1
1776390300,4795.42,4796.85,4794.69,4795.42,736,23,1
1776390600,4795.42,4796.75,4794.92,4796.07,720,23,1
1776390900,4796.06,4796.83,4795.27,4795.32,777,23,1
1776391200,4795.32,4795.32,4792.75,4794.00,921,23,1
1776391500,4793.99,4795.54,4793.46,4793.91,957,23,1
1776391800,4793.90,4794.48,4792.31,4793.08,779,23,1
1776392100,4793.09,4796.67,4792.49,4796.55,754,23,1
1776392400,4796.54,4797.89,4795.51,4796.53,968,23,1
1776392700,4796.53,4796.90,4793.96,4794.40,812,23,1
1776393000,4794.41,4795.77,4792.38,4794.91,973,23,1
1776393300,4794.91,4795.94,4794.62,4794.97,667,23,1
1776393600,4794.98,4796.19,4794.76,4795.69,634,23,1
1776393900,4795.73,4796.68,4793.19,4794.01,1051,23,1
1776394200,4794.00,4795.82,4793.46,4793.85,895,23,1
1776394500,4793.85,4794.55,4791.76,4792.12,1126,23,1
1776394800,4791.71,4791.71,4787.81,4788.40,1430,23,1
1776395100,4788.40,4791.05,4785.96,4790.48,1510,23,1
1776395400,4790.47,4791.77,4787.69,4790.31,1387,23,1
1776395700,4790.31,4792.20,4787.55,4791.30,1311,23,1
1776396000,4791.30,4791.81,4789.53,4789.63,1341,23,1
1776396300,4789.63,4792.88,4789.37,4792.84,1266,23,1
1776396600,4792.84,4798.21,4792.47,4796.37,1423,23,1
1776396900,4796.34,4797.20,4794.95,4796.27,1207,23,1
1776397200,4796.26,4798.52,4794.71,4798.52,1076,23,1
1776397500,4798.51,4801.15,4798.12,4799.26,1054,23,1
1776397800,4799.24,4799.26,4794.66,4795.10,1142,23,1
1776398100,4795.09,4795.90,4793.85,4794.82,1240,23,1
1776398400,4794.82,4795.42,4786.89,4789.52,2175,23,1
1776398700,4789.43,4790.93,4783.18,4783.34,1918,23,1
1776399000,4783.37,4784.88,4769.32,4779.02,2334,23,1
1776399300,4778.82,4785.09,4778.52,4782.60,2007,23,1
1776399600,4782.59,4783.57,4771.74,4774.26,2043,23,1
1776399900,4774.35,4776.99,4767.83,4768.82,2126,23,1
1776400200,4768.81,4776.28,4767.76,4774.20,2107,23,1
1776400500,4774.20,4777.79,4773.78,4773.83,1829,23,1
1776400800,4773.84,4777.79,4772.10,4777.75,1907,23,1
1776401100,4777.73,4779.47,4775.38,4778.60,1640,23,1
1776401400,4778.59,4786.96,4777.96,4786.49,1827,23,1
1776401700,4786.50,4791.36,4786.32,4789.47,1724,23,1
1776402000,4789.46,4792.55,4788.43,4792.05,1712,23,1
1776402300,4792.05,4794.30,4789.44,4789.86,1731,23,1
1776402600,4789.89,4791.43,4788.31,4791.35,1481,23,1
1776402900,4791.36,4791.94,4788.34,4789.39,929,23,1
1776403200,4789.39,4791.82,4788.33,4789.77,1032,23,1
1776403500,4789.77,4791.30,4788.87,4788.96,1074,23,1
1776403800,4789.01,4793.23,4788.44,4791.61,1497,23,1
1776404100,4791.61,4794.65,4790.54,4793.00,1571,23,1
1776404400,4793.00,4794.65,4791.31,4791.39,1398,23,1
1776404700,4791.40,4793.35,4789.59,4789.61,1411,23,1
1776405000,4789.59,4789.91,4788.21,4788.23,1010,23,1
1776405300,4788.22,4788.90,4784.50,4784.70,1473,23,1
1776405600,4784.70,4791.99,4784.61,4791.83,1671,23,1
1776405900,4791.83,4797.59,4791.81,4795.72,1780,23,1
1776406200,4795.70,4796.63,4792.61,4795.94,1522,23,1
1776406500,4795.94,4797.98,4794.40,4797.13,1560,23,1
1776406800,4797.11,4797.50,4794.68,4795.80,1405,23,1
1776407100,4795.77,4795.93,4792.86,4794.06,1343,23,1
1776407400,4794.05,4795.10,4792.90,4794.04,891,23,1
1776407700,4794.03,4794.30,4791.93,4792.91,780,23,1
1776408000,4792.91,4795.03,4792.34,4794.26,910,23,1
1776408300,4794.26,4796.30,4794.18,4796.12,846,23,1
1776408600,4796.12,4796.68,4794.12,4794.19,818,23,1
1776408900,4794.20,4794.30,4792.78,4793.30,657,23,1
1776409200,4793.29,4794.37,4792.58,4794.26,707,23,1
1776409500,4794.26,4795.31,4793.33,4793.89,929,23,1
1776409800,4793.89,4796.24,4793.73,4795.30,740,23,1
1776410100,4795.32,4796.11,4793.61,4795.69,934,23,1
1776410400,4795.68,4795.85,4793.85,4795.25,810,23,1
1776410700,4795.25,4796.06,4794.31,4795.95,600,23,1
1776411000,4795.92,4797.41,4795.26,4797.01,772,23,1
1776411300,4797.01,4799.45,4797.01,4799.36,822,23,1
1776411600,4799.38,4801.36,4798.94,4800.99,814,23,1
1776411900,4801.01,4801.26,4798.56,4798.75,766,23,1
1776412200,4798.75,4800.96,4798.56,4799.33,854,23,1
1776412500,4799.28,4804.50,4798.76,4803.20,952,23,1
1776412800,4803.19,4805.42,4800.34,4801.13,1494,23,1
1776413100,4801.13,4805.47,4799.76,4804.55,1361,23,1
1776413400,4804.55,4806.21,4804.00,4804.88,1127,23,1
1776413700,4804.88,4805.03,4801.45,4803.51,1004,23,1
1776414000,4803.51,4805.19,4802.50,4804.74,944,23,1
1776414300,4804.75,4805.10,4802.86,4803.58,829,23,1
1776414600,4803.60,4805.35,4797.89,4798.38,1800,23,1
1776414900,4798.38,4802.94,4798.06,4799.41,1588,23,1
1776415200,4799.42,4801.14,4795.69,4796.39,1530,23,1
1776415500,4796.39,4798.32,4794.75,4797.43,1657,23,1
1776415800,4797.42,4800.51,4796.59,4797.04,1507,23,1
1776416100,4797.07,4798.14,4793.75,4794.29,1683,23,1
1776416400,4794.26,4794.49,4789.89,4793.57,1887,23,1
1776416700,4793.56,4795.26,4789.96,4790.45,1683,23,1
1776417000,4790.46,4791.25,4786.81,4787.66,1878,23,1
1776417300,4787.65,4789.81,4784.97,4785.73,1636,23,1
1776417600,4785.71,4788.21,4784.31,4787.52,1606,23,1
1776417900,4787.53,4788.51,4783.38,4783.80,1520,23,1
1776418200,4783.80,4785.79,4781.40,4782.75,1731,23,1
1776418500,4782.77,4786.50,4779.30,4785.84,1884,23,1
1776418800,4785.78,4787.12,4784.60,4785.51,1399,23,1
1776419100,4785.52,4786.48,4783.92,4785.61,1267,23,1
1776419400,4785.62,4787.16,4783.95,4784.82,1460,23,1
1776419700,4784.82,4787.13,4784.24,4784.98,1425,23,1
1776420000,4784.97,4788.95,4784.18,4788.95,1392,23,1
1776420300,4788.93,4791.02,4787.43,4789.53,1493,23,1
1776420600,4789.53,4789.75,4786.77,4787.15,1233,23,1
1776420900,4787.15,4789.70,4784.75,4789.08,1177,23,1
1776421200,4789.17,4789.97,4785.28,4788.89,1294,23,1
1776421500,4788.88,4792.98,4788.86,4791.58,1276,23,1
1776421800,4791.58,4794.73,4790.40,4794.50,1292,23,1
1776422100,4794.47,4794.49,4785.97,4786.69,1317,23,1
1776422400,4786.69,4787.68,4782.47,4785.91,1351,23,1
1776422700,4785.91,4786.23,4780.10,4780.10,1438,23,1
1776423000,4780.10,4785.80,4778.78,4785.34,1592,23,1
1776423300,4785.33,4785.43,4783.20,4784.32,1353,23,1
1776423600,4784.28,4790.49,4784.28,4790.46,1511,23,1
1776423900,4790.46,4791.04,4783.29,4784.31,1344,23,1
1776424200,4784.32,4785.34,4780.85,4783.66,1332,23,1
1776424500,4783.65,4785.44,4782.65,4785.37,1202,23,1
1776424800,4785.39,4787.17,4783.07,4784.32,1241,23,1
1776425100,4784.32,4785.88,4783.21,4784.50,1139,23,1
1776425400,4784.50,4788.27,4784.37,4786.17,1072,23,1
1776425700,4786.31,4789.58,4785.68,4789.43,1037,23,1
1776426000,4789.43,4796.82,4788.31,4796.82,1617,23,1
1776426300,4796.84,4796.96,4791.49,4793.64,1439,23,1
1776426600,4793.64,4795.02,4791.08,4793.51,1394,23,1
1776426900,4793.51,4796.43,4792.14,4795.92,1360,23,1
1776427200,4795.93,4800.93,4795.89,4799.19,1536,23,1
1776427500,4799.18,4799.21,4794.63,4796.08,1452,23,1
1776427800,4796.08,4796.14,4792.70,4793.07,1134,23,1
1776428100,4793.07,4795.69,4792.03,4795.68,1173,23,1
1776428400,4795.68,4798.31,4794.53,4794.53,1264,23,1
1776428700,4794.53,4798.39,4794.51,4795.81,1350,23,1
1776429000,4795.80,4797.12,4794.43,4797.05,1348,23,1
1776429300,4797.05,4799.16,4794.78,4795.36,1206,23,1
1776429600,4795.36,4796.51,4794.10,4794.58,1136,23,1
1776429900,4794.58,4795.21,4790.62,4792.00,1283,23,1
1776430200,4792.00,4792.97,4790.87,4791.80,1193,23,1
1776430500,4791.81,4792.61,4789.97,4790.37,1057,23,1
1776430800,4790.37,4792.04,4788.99,4791.15,1390,23,1
1776431100,4791.17,4791.50,4788.84,4788.98,1133,23,1
1776431400,4789.03,4791.93,4787.11,4791.36,1224,23,1
1776431700,4791.36,4793.96,4790.72,4791.47,1097,23,1
1776432000,4791.43,4793.73,4790.98,4792.64,1008,23,1
1776432300,4792.64,4792.82,4788.66,4789.59,1054,23,1
1776432600,4789.59,4789.85,4786.29,4788.11,1143,23,1
1776432900,4788.11,4789.20,4785.44,4785.65,1040,23,1
1776433200,4785.65,4785.77,4782.40,4784.98,1229,23,1
1776433500,4784.98,4787.92,4784.28,4787.81,1264,23,1
1776433800,4787.79,4788.31,4782.31,4786.18,1382,23,1
1776434100,4786.18,4787.79,4784.11,4787.37,1157,23,1
1776434400,4787.38,4789.74,4783.53,4785.15,1476,23,1
1776434700,4785.15,4787.24,4783.87,4787.24,1140,23,1
1776435000,4787.24,4788.13,4785.48,4786.34,926,23,1
1776435300,4786.31,4787.12,4784.58,4785.82,977,23,1
1776435600,4785.82,4791.03,4785.02,4790.78,1136,23,1
1776435900,4790.76,4793.36,4790.15,4792.89,1238,23,1
1776436200,4792.87,4793.84,4789.64,4793.31,1343,23,1
1776436500,4793.29,4794.43,4790.46,4792.59,1224,23,1
1776436800,4792.60,4798.74,4792.34,4798.58,1231,23,1
1776437100,4798.57,4811.69,4798.57,4805.73,2039,23,1
1776437400,4805.73,4806.83,4801.36,4801.41,1601,23,1
1776437700,4801.41,4801.74,4798.67,4799.16,1621,23,1
1776438000,4799.15,4805.76,4797.70,4804.08,1683,23,1
1776438300,4804.08,4805.37,4802.28,4804.02,1402,23,1
1776438600,4804.09,4804.72,4800.81,4803.91,1397,23,1
1776438900,4803.90,4805.87,4803.12,4805.79,1283,23,1
1776439200,4805.79,4812.32,4804.46,4812.19,1751,23,1
1776439500,4812.21,4819.59,4811.63,4816.83,2438,23,1
1776439800,4816.85,4822.03,4815.29,4817.79,2177,23,1
1776440100,4817.80,4823.43,4817.44,4822.56,2120,23,1
1776440400,4822.66,4825.05,4821.47,4823.39,1989,23,1
1776440700,4823.39,4842.63,4821.65,4836.27,2606,23,1
1776441000,4836.44,4845.17,4833.38,4843.00,2762,23,1
1776441300,4843.15,4847.66,4839.61,4846.41,2551,23,1
1776441600,4846.33,4847.28,4835.02,4844.31,2676,23,1
1776441900,4844.33,4863.36,4840.54,4862.76,2677,23,1
1776442200,4862.81,4889.31,4861.95,4883.26,2731,23,1
1776442500,4883.22,4883.88,4862.64,4864.16,2678,23,1
1776442800,4864.21,4864.35,4851.26,4861.56,2637,23,1
1776443100,4861.53,4864.04,4850.36,4851.55,2686,23,1
1776443400,4851.55,4857.10,4848.46,4855.62,2750,23,1
1776443700,4855.63,4869.13,4855.31,4867.65,2651,23,1
1776444000,4867.54,4873.45,4863.16,4864.45,2726,23,1
1776444300,4864.42,4867.64,4851.96,4865.25,2792,23,1
1776444600,4865.17,4878.87,4862.67,4877.28,2593,23,1
1776444900,4877.30,4882.08,4875.06,4880.29,2604,23,1
1776445200,4880.31,4885.47,4875.08,4875.72,2547,23,1
1776445500,4875.72,4877.65,4868.88,4872.14,2495,23,1
1776445800,4872.14,4872.50,4860.75,4866.94,2506,23,1
1776446100,4867.01,4873.84,4867.01,4870.63,2366,23,1
1776446400,4870.63,4879.53,4865.95,4878.62,2483,23,1
1776446700,4878.61,4880.39,4871.29,4871.42,2444,23,1
1776447000,4871.52,4878.00,4869.37,4877.64,2289,23,1
1776447300,4877.63,4880.34,4871.21,4875.62,2262,23,1
1776447600,4875.62,4883.09,4874.74,4877.36,2508,23,1
1776447900,4877.34,4881.22,4873.74,4880.26,2341,23,1
1776448200,4880.28,4880.28,4869.73,4876.41,2368,23,1
1776448500,4876.46,4877.72,4872.59,4873.08,2278,23,1
1776448800,4873.07,4873.62,4862.39,4868.08,2496,23,1
1776449100,4868.07,4880.42,4868.04,4872.73,2486,23,1
1776449400,4872.73,4873.27,4865.97,4867.08,2291,23,1
1776449700,4867.90,4874.60,4863.77,4865.13,2358,23,1
1776450000,4865.13,4873.16,4863.09,4870.33,2331,23,1
1776450300,4870.18,4871.17,4865.30,4865.94,2350,23,1
1776450600,4866.07,4874.03,4864.73,4873.94,2350,23,1
1776450900,4873.93,4873.93,4868.31,4869.72,2116,23,1
1776451200,4869.74,4870.41,4854.90,4858.64,2326,23,1
1776451500,4858.61,4864.38,4858.18,4863.84,2198,23,1
1776451800,4863.81,4870.08,4863.53,4869.20,2045,23,1
1776452100,4869.18,4871.84,4866.71,4867.34,2005,23,1
1776452400,4867.43,4870.51,4863.64,4867.23,2138,23,1
1776452700,4866.86,4873.36,4865.53,4871.38,2113,23,1
1776453000,4871.39,4873.20,4870.34,4871.49,1941,23,1
1776453300,4871.44,4873.29,4870.00,4870.77,1970,23,1
1776453600,4870.77,4872.98,4869.85,4870.44,1853,23,1
1776453900,4870.45,4871.31,4867.63,4867.78,1792,23,1
1776454200,4867.67,4871.78,4867.67,4871.34,1940,23,1
1776454500,4871.34,4872.92,4870.07,4871.50,1713,23,1
1776454800,4871.51,4872.49,4867.49,4868.33,1597,23,1
1776455100,4868.34,4868.95,4865.29,4866.17,1695,23,1
1776455400,4866.17,4867.63,4865.03,4866.30,1550,23,1
1776455700,4866.30,4867.54,4865.28,4866.97,1437,23,1
1776456000,4866.95,4869.48,4865.13,4866.67,1771,23,1
1776456300,4866.67,4868.45,4858.18,4861.34,1935,23,1
1776456600,4861.45,4864.16,4857.78,4862.74,2201,23,1
1776456900,4862.70,4864.98,4862.47,4863.17,1714,23,1
1776457200,4863.18,4863.72,4853.80,4854.16,2096,23,1
1776457500,4854.20,4859.16,4854.00,4858.54,2427,23,1
1776457800,4858.54,4863.03,4857.23,4861.69,2111,23,1
1776458100,4861.70,4862.17,4855.47,4857.23,1998,23,1
1776458400,4857.28,4858.56,4854.17,4855.02,1769,23,1
1776458700,4855.06,4861.10,4854.90,4860.33,1806,23,1
1776459000,4860.31,4862.76,4859.84,4861.72,1501,23,1
1776459300,4861.70,4863.42,4860.98,4862.49,1650,23,1
1776459600,4862.53,4864.70,4861.78,4862.31,1830,23,1
1776459900,4862.31,4866.37,4862.00,4863.56,1829,23,1
1776460200,4863.49,4863.83,4860.32,4861.13,1881,23,1
1776460500,4861.13,4864.32,4860.93,4861.77,1629,23,1
1776460800,4861.72,4865.99,4858.85,4865.05,1956,23,1
1776461100,4865.04,4867.99,4860.65,4860.69,2120,23,1
1776461400,4860.68,4866.72,4860.42,4865.80,1822,23,1
1776461700,4865.80,4866.09,4862.06,4863.08,1640,23,1
1776462000,4863.08,4863.51,4860.42,4862.42,1865,23,1
1776462300,4862.36,4863.14,4860.08,4860.70,1827,23,1
1776462600,4860.70,4861.26,4855.96,4856.81,1889,23,1
1776462900,4856.77,4859.72,4856.15,4858.24,1587,23,1
1776463200,4858.20,4858.83,4855.66,4858.20,1631,23,1
1776463500,4858.23,4858.23,4854.55,4854.84,1567,23,1
1776463800,4854.83,4857.32,4853.80,4856.56,1558,23,1
1776464100,4856.54,4858.04,4855.53,4855.70,1644,23,1
1776464400,4855.69,4857.62,4854.21,4855.35,1666,23,1
1776464700,4855.37,4856.88,4854.58,4856.86,1453,23,1
1776465000,4856.87,4858.61,4855.92,4857.77,1621,23,1
1776465300,4857.79,4860.78,4856.09,4859.90,1892,23,1
1776465600,4859.91,4861.24,4858.24,4860.34,1696,23,1
1776465900,4860.34,4860.34,4857.58,4858.58,1865,23,1
1776466200,4858.66,4859.31,4854.60,4855.04,1905,23,1
1776466500,4855.03,4855.33,4852.78,4854.59,2106,23,1
1776466800,4854.51,4855.23,4849.90,4850.21,1675,23,1
1776467100,4850.15,4851.04,4846.05,4847.31,1569,23,1
1776467400,4847.38,4847.84,4844.67,4845.94,1364,23,1
1776467700,4845.94,4851.95,4845.09,4851.51,1348,23,1
1776468000,4851.51,4851.59,4848.34,4848.54,1359,23,1
1776468300,4848.54,4848.60,4844.68,4845.94,1264,23,1
1776468600,4845.94,4847.03,4844.72,4846.42,1197,23,1
1776468900,4846.42,4846.48,4840.55,4841.97,1591,23,1
1776469200,4842.01,4842.28,4834.18,4835.70,1686,23,1
1776469500,4835.73,4837.51,4833.19,4833.36,1524,23,1
1776469800,4833.56,4835.70,4831.48,4834.46,1694,23,1
1776470100,4834.45,4834.65,4830.64,4832.47,571,23,1
1776646800,4767.04,4790.33,4759.36,4774.29,2449,23,1
1776647100,4774.24,4788.26,4771.14,4786.13,2247,23,1
1776647400,4793.08,4794.85,4782.32,4790.36,1981,23,1
1776647700,4790.36,4795.15,4788.66,4791.70,1544,23,1
1776648000,4791.70,4793.79,4783.98,4784.40,1768,23,1
1776648300,4784.43,4788.95,4783.98,4785.12,1516,23,1
1776648600,4785.14,4790.75,4784.50,4785.60,1574,23,1
1776648900,4785.60,4787.09,4782.97,4784.28,1457,23,1
1776649200,4784.19,4784.57,4779.36,4780.50,1337,23,1
1776649500,4780.50,4785.64,4780.27,4785.39,1221,23,1
1776649800,4785.42,4786.73,4782.18,4782.18,1234,23,1
1776650100,4782.18,4783.15,4777.98,4779.24,1263,23,1
1776650400,4779.24,4779.41,4772.77,4775.89,1589,23,1
1776650700,4776.06,4777.04,4771.97,4775.67,1398,23,1
1776651000,4775.67,4778.95,4772.18,4772.43,1469,23,1
1776651300,4772.46,4775.86,4770.77,4772.91,1441,23,1
1776651600,4772.96,4772.96,4768.74,4770.66,1309,23,1
1776651900,4770.65,4772.00,4768.05,4769.03,1233,23,1
1776652200,4769.05,4773.40,4768.00,4771.41,1516,23,1
1776652500,4771.37,4771.49,4759.41,4764.02,1887,23,1
1776652800,4764.01,4764.17,4745.81,4751.57,2087,23,1
1776653100,4751.72,4751.94,4737.06,4743.87,2437,23,1
1776653400,4743.85,4752.63,4743.73,4752.52,1921,23,1
1776653700,4752.52,4755.37,4749.96,4755.11,1522,23,1
1776654000,4755.15,4755.25,4744.98,4749.62,2208,20,1
1776654300,4749.63,4754.14,4746.86,4752.36,2012,23,1
1776654600,4752.36,4755.24,4749.41,4752.19,1832,23,1
1776654900,4752.17,4759.08,4751.81,4758.24,2040,23,1
1776655200,4758.24,4762.83,4756.77,4762.57,1898,23,1
1776655500,4762.57,4765.80,4761.93,4765.31,1587,23,1
1776655800,4765.31,4768.05,4761.86,4766.00,1622,23,1
1776656100,4766.00,4766.25,4761.05,4764.89,1619,23,1
1776656400,4764.98,4765.75,4763.63,4764.25,1212,23,1
1776656700,4764.25,4768.08,4762.70,4764.18,1302,23,1
1776657000,4764.36,4765.07,4759.54,4763.55,1619,23,1
1776657300,4763.55,4774.38,4761.53,4772.49,1731,23,1
1776657600,4772.44,4788.62,4771.80,4787.73,2600,23,1
1776657900,4787.71,4789.31,4781.36,4788.32,2153,23,1
1776658200,4788.33,4794.50,4786.33,4793.79,2275,23,1
1776658500,4793.81,4794.94,4788.71,4792.65,2113,23,1
1776658800,4792.66,4798.45,4791.96,4797.35,2028,23,1
1776659100,4797.36,4803.76,4796.02,4802.62,1879,23,1
1776659400,4802.61,4812.16,4801.40,4807.84,2182,23,1
1776659700,4807.84,4809.97,4803.21,4808.30,1948,23,1
1776660000,4808.11,4810.22,4805.82,4807.17,1873,23,1
1776660300,4806.96,4813.22,4805.95,4810.42,1751,23,1
1776660600,4810.42,4814.32,4808.30,4812.98,1606,23,1
1776660900,4812.98,4813.56,4807.49,4807.82,1715,23,1
1776661200,4807.80,4809.06,4803.99,4804.31,1904,23,1
1776661500,4804.35,4805.78,4802.90,4803.08,1805,23,1
1776661800,4803.08,4804.77,4800.75,4801.00,1861,23,1
1776662100,4801.00,4802.41,4799.78,4800.96,1261,23,1
1776662400,4800.96,4803.89,4798.43,4803.22,1393,23,1
1776662700,4803.22,4803.48,4798.81,4800.31,1237,23,1
1776663000,4800.31,4801.97,4798.37,4801.38,1753,23,1
1776663300,4801.60,4801.99,4795.87,4796.90,1775,23,1
1776663600,4796.90,4798.09,4794.88,4796.23,1753,23,1
1776663900,4796.23,4797.38,4793.19,4795.26,1630,23,1
1776664200,4795.26,4797.35,4793.41,4795.75,1405,23,1
1776664500,4795.75,4797.43,4793.14,4797.24,1598,23,1
1776664800,4797.24,4798.29,4794.27,4795.09,1679,23,1
1776665100,4795.09,4797.75,4793.74,4793.74,1525,23,1
1776665400,4793.74,4793.75,4790.43,4791.55,1673,23,1
1776665700,4791.55,4792.80,4788.75,4791.85,1513,23,1
1776666000,4791.83,4795.15,4791.82,4794.98,1370,23,1
1776666300,4794.98,4795.86,4793.28,4795.11,1376,23,1
1776666600,4795.10,4796.65,4789.97,4792.27,1223,23,1
1776666900,4792.27,4794.57,4790.71,4794.00,979,23,1
1776667200,4794.00,4795.14,4792.05,4793.41,820,23,1
1776667500,4793.41,4793.56,4791.51,4792.19,900,23,1
1776667800,4792.19,4794.65,4790.84,4791.41,895,23,1
1776668100,4791.41,4792.00,4789.09,4790.87,928,23,1
1776668400,4790.85,4793.75,4790.85,4793.48,831,23,1
1776668700,4793.40,4795.72,4792.48,4794.52,1006,23,1
1776669000,4794.52,4795.12,4792.33,4792.84,820,23,1
1776669300,4792.84,4794.68,4791.78,4793.19,975,23,1
1776669600,4793.19,4794.06,4791.67,4793.95,851,23,1
1776669900,4793.96,4795.74,4792.91,4794.67,706,23,1
1776670200,4794.67,4794.76,4788.23,4789.15,1104,23,1
1776670500,4789.15,4790.84,4788.29,4790.66,974,23,1
1776670800,4790.66,4791.43,4787.25,4787.46,978,23,1
1776671100,4787.46,4793.29,4787.35,4792.99,1184,23,1
1776671400,4792.94,4793.13,4788.64,4788.79,1170,23,1
1776671700,4788.79,4789.81,4787.63,4788.92,813,23,1
1776672000,4788.92,4792.91,4787.38,4790.03,1235,23,1
1776672300,4790.03,4791.28,4786.46,4787.06,1248,23,1
1776672600,4787.06,4788.65,4784.39,4786.48,1322,23,1
1776672900,4786.48,4789.49,4786.44,4787.76,1057,23,1
1776673200,4787.76,4788.68,4786.32,4787.35,1104,23,1
1776673500,4787.35,4788.91,4785.17,4787.89,1409,23,1
1776673800,4787.90,4796.01,4787.56,4794.50,2208,23,1
1776674100,4794.48,4795.75,4792.09,4792.58,1827,23,1
1776674400,4792.59,4794.19,4779.56,4780.79,2027,23,1
1776674700,4780.81,4785.96,4780.80,4785.80,1875,23,1
1776675000,4785.80,4791.56,4782.83,4790.76,1870,23,1
1776675300,4790.71,4793.24,4789.57,4790.83,1715,23,1
1776675600,4790.83,4794.04,4785.51,4790.54,1993,23,1
1776675900,4790.49,4792.01,4788.53,4791.67,1708,23,1
1776676200,4791.66,4793.87,4789.57,4790.72,1720,23,1
1776676500,4790.78,4790.78,4787.07,4787.43,1632,23,1
1776676800,4787.42,4788.39,4783.85,4787.29,1805,23,1
1776677100,4787.28,4788.04,4784.00,4786.14,1528,23,1
1776677400,4786.15,4792.01,4785.55,4787.24,1846,23,1
1776677700,4787.24,4790.48,4786.25,4790.43,1598,23,1
1776678000,4790.40,4791.00,4787.24,4790.12,1551,23,1
1776678300,4790.12,4790.16,4785.92,4787.46,1583,23,1
1776678600,4787.46,4788.92,4785.44,4786.99,1611,23,1
1776678900,4787.04,4795.41,4786.50,4795.40,2123,23,1
1776679200,4795.40,4801.50,4794.75,4798.01,2078,23,1
1776679500,4797.75,4798.77,4794.06,4795.88,1797,23,1
1776679800,4795.94,4797.69,4793.94,4797.50,1543,23,1
1776680100,4797.50,4804.01,4794.20,4802.69,1696,23,1
1776680400,4802.74,4805.75,4801.35,4801.81,1722,23,1
1776680700,4801.78,4801.98,4796.71,4797.85,1726,23,1
1776681000,4797.85,4798.67,4790.60,4794.47,1965,23,1
1776681300,4794.47,4796.37,4790.11,4796.35,1793,23,1
1776681600,4796.35,4798.75,4794.84,4797.60,1432,23,1
1776681900,4797.59,4797.60,4792.51,4792.64,1539,23,1
1776682200,4792.65,4793.96,4788.20,4788.33,1673,23,1
1776682500,4788.33,4791.10,4786.97,4789.66,1791,23,1
1776682800,4789.66,4791.02,4786.06,4788.70,1782,23,1
1776683100,4788.70,4791.28,4786.89,4788.26,1749,23,1
1776683400,4788.30,4791.77,4787.81,4789.17,1630,23,1
1776683700,4788.99,4789.30,4786.41,4788.66,1556,23,1
1776684000,4788.66,4791.38,4787.09,4788.99,1648,23,1
1776684300,4788.82,4792.46,4788.46,4791.99,1461,23,1
1776684600,4792.01,4792.51,4788.90,4790.14,1501,23,1
1776684900,4790.14,4790.78,4788.66,4789.63,1286,23,1
1776685200,4789.63,4792.52,4788.93,4792.39,1243,23,1
1776685500,4792.39,4795.13,4792.11,4794.44,1364,23,1
1776685800,4794.44,4796.18,4793.18,4793.76,1343,23,1
1776686100,4793.76,4796.21,4792.53,4796.21,1629,23,1
1776686400,4796.22,4797.69,4793.52,4795.72,1688,23,1
1776686700,4795.55,4797.92,4793.49,4795.05,1541,23,1
1776687000,4795.01,4797.45,4794.05,4795.80,1188,23,1
1776687300,4795.77,4795.83,4791.97,4794.37,1375,23,1
1776687600,4794.37,4795.72,4793.36,4793.50,1373,23,1
1776687900,4793.49,4793.80,4791.67,4792.31,1206,23,1
1776688200,4792.30,4794.27,4783.44,4785.98,1794,23,1
1776688500,4785.98,4789.33,4784.75,4788.06,1525,23,1
1776688800,4788.06,4792.47,4787.77,4791.94,1184,23,1
1776689100,4791.95,4796.24,4791.28,4795.21,1387,23,1
1776689400,4795.20,4797.07,4791.44,4791.99,1567,23,1
1776689700,4791.99,4793.93,4789.24,4791.54,1593,23,1
1776690000,4791.54,4793.60,4789.84,4791.28,1568,23,1
1776690300,4791.28,4799.27,4790.98,4797.75,1548,23,1
1776690600,4797.80,4799.47,4795.09,4795.67,1506,23,1
1776690900,4795.74,4800.35,4795.19,4800.11,1408,23,1
1776691200,4800.11,4800.79,4797.65,4797.96,1297,23,1
1776691500,4797.96,4799.06,4796.79,4798.22,1180,23,1
1776691800,4798.18,4800.06,4796.86,4797.03,1141,23,1
1776692100,4797.03,4797.60,4795.96,4796.54,953,23,1
1776692400,4796.54,4797.20,4795.00,4795.02,1021,23,1
1776692700,4795.02,4796.78,4794.78,4796.41,1095,23,1
1776693000,4796.41,4796.57,4794.45,4796.07,1175,23,1
1776693300,4796.07,4797.20,4795.31,4795.89,1317,23,1
1776693600,4795.89,4796.14,4790.38,4790.88,1665,23,1
1776693900,4790.88,4794.03,4790.51,4792.59,1452,23,1
1776694200,4792.59,4793.10,4786.98,4789.80,1641,23,1
1776694500,4789.80,4791.02,4786.71,4787.95,1454,23,1
1776694800,4787.95,4789.47,4786.57,4789.27,1247,23,1
1776695100,4789.26,4790.39,4787.71,4788.32,1205,23,1
1776695400,4788.33,4792.00,4787.69,4790.21,1553,23,1
1776695700,4790.18,4791.90,4789.20,4791.18,1259,23,1
1776696000,4791.18,4794.52,4790.04,4794.44,1318,23,1
1776696300,4794.67,4802.15,4794.67,4801.76,1829,23,1
1776696600,4801.76,4808.98,4801.50,4806.51,1945,23,1
1776696900,4806.53,4810.79,4806.41,4810.36,1818,23,1
1776697200,4810.57,4811.77,4806.14,4809.37,2000,23,1
1776697500,4809.32,4812.40,4802.97,4807.63,2001,23,1
1776697800,4807.64,4813.00,4807.63,4811.06,1744,23,1
1776698100,4811.06,4815.75,4807.82,4814.65,1863,23,1
1776698400,4814.64,4822.25,4813.71,4813.86,2176,23,1
1776698700,4813.87,4814.11,4803.92,4805.55,1849,23,1
1776699000,4805.55,4809.52,4804.32,4806.19,1739,23,1
1776699300,4806.20,4806.33,4799.08,4803.85,1939,23,1
1776699600,4803.85,4807.66,4803.13,4806.10,1463,23,1
1776699900,4806.09,4808.52,4804.12,4806.27,1575,23,1
1776700200,4806.27,4807.58,4801.63,4803.45,1557,23,1
1776700500,4803.47,4804.28,4801.05,4803.39,1554,23,1
1776700800,4803.39,4805.08,4799.77,4803.48,2274,23,1
1776701100,4803.48,4814.74,4802.76,4811.33,2310,23,1
1776701400,4811.23,4816.84,4809.89,4815.41,2353,23,1
1776701700,4815.41,4817.23,4812.01,4815.91,2080,23,1
1776702000,4815.98,4819.82,4815.15,4816.45,2027,23,1
1776702300,4816.42,4825.82,4814.92,4824.36,2098,23,1
1776702600,4824.35,4826.29,4816.27,4821.90,2575,23,1
1776702900,4821.89,4825.48,4815.84,4817.97,2527,23,1
1776703200,4818.11,4823.96,4816.67,4822.40,2467,23,1
1776703500,4822.40,4824.43,4818.78,4820.28,2338,23,1
1776703800,4820.28,4822.14,4817.54,4821.24,2364,23,1
1776704100,4821.23,4823.00,4816.97,4817.84,2202,23,1
1776704400,4817.83,4818.39,4811.03,4817.87,2432,23,1
1776704700,4817.89,4817.94,4811.69,4812.69,2418,23,1
1776705000,4812.69,4816.95,4806.90,4816.33,2408,23,1
1776705300,4816.15,4818.38,4814.41,4816.38,2340,23,1
1776705600,4816.68,4825.81,4815.95,4825.70,2335,23,1
1776705900,4825.64,4826.79,4821.79,4823.29,2204,23,1
1776706200,4823.38,4827.56,4817.19,4818.25,2274,23,1
1776706500,4818.25,4818.70,4813.27,4814.13,2275,23,1
1776706800,4814.20,4815.07,4810.35,4814.10,2412,23,1
1776707100,4814.10,4814.93,4810.24,4813.25,2262,23,1
1776707400,4813.25,4814.15,4792.80,4809.16,2659,23,1
1776707700,4809.12,4809.32,4799.74,4805.38,2587,23,1
1776708000,4805.35,4807.50,4796.57,4797.99,2473,23,1
1776708300,4798.00,4801.11,4795.45,4797.62,2492,23,1
1776708600,4797.55,4802.57,4792.83,4798.33,2410,23,1
1776708900,4798.28,4800.18,4794.20,4798.03,2375,23,1
1776709200,4798.00,4804.75,4796.21,4803.78,2426,23,1
1776709500,4803.83,4809.41,4802.85,4808.28,2269,23,1
1776709800,4808.14,4809.17,4803.58,4804.26,2255,23,1
1776710100,4804.36,4804.67,4800.68,4802.08,2232,23,1
1776710400,4802.09,4804.49,4799.54,4800.25,1939,23,1
1776710700,4800.30,4801.68,4797.74,4799.99,1995,23,1
1776711000,4799.99,4800.31,4795.56,4795.65,2009,23,1
1776711300,4795.66,4801.10,4795.49,4799.74,1897,23,1
1776711600,4799.74,4801.58,4794.54,4794.98,1859,23,1
1776711900,4794.98,4798.28,4794.38,4797.68,1804,23,1
1776712200,4797.79,4799.68,4797.79,4798.52,1446,23,1
1776712500,4798.52,4799.97,4792.79,4796.84,1906,23,1
1776712800,4796.85,4799.62,4796.68,4797.94,1785,23,1
1776713100,4797.94,4801.91,4797.53,4801.18,1576,23,1
1776713400,4801.20,4804.36,4800.17,4800.38,1761,23,1
1776713700,4800.38,4800.79,4798.87,4800.01,1659,23,1
1776714000,4800.02,4804.52,4798.94,4802.02,1711,23,1
1776714300,4802.01,4804.73,4801.73,4803.82,1798,23,1
1776714600,4803.82,4806.40,4803.31,4805.02,1842,23,1
1776714900,4804.93,4805.89,4803.63,4805.57,1539,23,1
1776715200,4805.57,4808.70,4803.86,4807.53,1806,23,1
1776715500,4807.52,4809.74,4806.84,4809.39,1675,23,1
1776715800,4809.31,4810.51,4808.42,4808.76,1647,23,1
1776716100,4808.76,4810.36,4807.54,4809.05,1504,23,1
1776716400,4809.05,4811.23,4807.17,4807.92,1559,23,1
1776716700,4807.81,4810.15,4806.23,4810.08,1580,23,1
1776717000,4810.06,4812.03,4805.09,4805.22,1634,23,1
1776717300,4805.18,4810.67,4805.10,4809.78,1843,23,1
1776717600,4809.80,4811.95,4808.07,4809.43,1746,23,1
1776717900,4809.43,4809.53,4807.80,4808.98,1503,23,1
1776718200,4808.98,4809.76,4807.46,4809.34,1274,23,1
1776718500,4809.42,4809.49,4805.67,4806.82,1428,23,1
1776718800,4806.81,4811.89,4806.81,4811.32,1516,23,1
1776719100,4811.31,4815.04,4810.88,4814.01,1534,23,1
1776719400,4814.01,4815.88,4810.59,4815.47,1610,23,1
1776719700,4815.49,4815.49,4812.82,4813.59,1528,23,1
1776720000,4813.60,4815.29,4812.47,4813.52,1565,23,1
1776720300,4813.52,4814.55,4811.97,4813.48,1594,23,1
1776720600,4813.48,4815.47,4812.05,4814.86,1516,23,1
1776720900,4814.85,4815.33,4811.02,4812.13,1484,23,1
1776721200,4812.11,4815.40,4812.11,4814.47,1218,23,1
1776721500,4814.45,4815.97,4814.04,4814.91,1237,23,1
1776721800,4814.91,4816.52,4814.73,4815.04,1154,23,1
1776722100,4815.04,4816.27,4813.13,4814.15,1188,23,1
1776722400,4814.14,4818.83,4813.93,4817.57,1382,23,1
1776722700,4817.57,4820.12,4817.43,4819.98,1173,23,1
1776723000,4819.98,4821.46,4818.71,4820.36,1263,23,1
1776723300,4820.36,4820.53,4817.90,4818.59,1030,23,1
1776723600,4818.59,4819.20,4816.93,4818.56,1125,23,1
1776723900,4818.56,4818.69,4816.15,4817.09,1206,23,1
1776724200,4817.09,4817.28,4813.86,4814.65,1234,23,1
1776724500,4814.65,4814.90,4810.55,4811.02,1714,23,1
1776724800,4811.02,4812.94,4810.40,4811.57,1388,23,1
1776725100,4811.52,4813.27,4811.52,4812.53,1261,23,1
1776725400,4812.52,4813.31,4811.31,4811.31,1413,23,1
1776725700,4811.31,4814.28,4811.20,4814.25,1621,23,1
1776726000,4814.26,4816.85,4814.03,4815.08,1057,23,1
1776726300,4815.08,4815.99,4814.21,4814.32,698,23,1
1776726600,4814.32,4814.74,4812.84,4813.27,542,23,1
1776726900,4813.29,4814.31,4812.20,4813.22,554,23,1
1776727200,4813.22,4815.66,4812.85,4815.57,556,23,1
1776727500,4815.56,4816.99,4814.96,4815.87,535,23,1
1776727800,4815.87,4816.83,4813.22,4814.14,1009,23,1
1776728100,4814.14,4815.90,4813.02,4815.48,969,23,1
1776728400,4815.48,4817.31,4814.82,4816.69,680,23,1
1776728700,4816.66,4817.67,4816.35,4817.17,910,23,1
1776729000,4817.18,4820.98,4817.18,4819.97,895,23,1
1776729300,4819.98,4821.91,4819.80,4820.57,537,23,1
1776733200,4822.25,4830.89,4820.67,4824.99,2152,23,1
1776733500,4824.99,4831.59,4823.74,4829.90,1516,23,1
1776733800,4829.90,4832.35,4827.80,4829.07,1181,23,1
1776734100,4828.98,4832.89,4828.96,4831.65,1180,23,1
1776734400,4831.62,4832.97,4830.10,4831.19,992,23,1
1776734700,4831.19,4832.42,4828.65,4828.99,973,23,1
1776735000,4828.99,4829.13,4825.23,4827.89,1200,23,1
1776735300,4827.89,4830.69,4827.85,4828.97,883,23,1
1776735600,4828.92,4830.89,4828.87,4830.64,1192,23,1
1776735900,4830.64,4831.82,4829.23,4829.55,955,23,1
1776736200,4829.55,4829.81,4826.91,4827.39,898,23,1
1776736500,4827.39,4827.73,4825.28,4827.70,926,23,1
1776736800,4827.70,4831.75,4825.68,4826.27,1171,23,1
1776737100,4826.26,4827.34,4824.07,4824.86,860,23,1
1776737400,4824.86,4826.71,4824.74,4825.83,918,23,1
1776737700,4825.82,4825.83,4823.88,4824.72,705,23,1
1776738000,4824.72,4826.31,4824.57,4825.89,712,23,1
1776738300,4825.89,4826.83,4825.13,4825.68,680,23,1
1776738600,4825.68,4825.68,4823.03,4823.79,800,23,1
1776738900,4823.79,4824.99,4822.85,4824.82,690,23,1
1776739200,4824.82,4824.85,4823.18,4824.07,626,23,1
1776739500,4824.07,4824.60,4820.22,4821.17,798,23,1
1776739800,4821.17,4821.88,4820.16,4820.69,826,23,1
1776740100,4820.69,4821.93,4819.85,4821.82,726,23,1
1776740400,4821.84,4825.73,4820.28,4824.47,1461,21,1
1776740700,4824.47,4828.45,4824.19,4828.34,1487,23,1
1776741000,4828.34,4830.77,4827.78,4828.68,1359,23,1
1776741300,4828.47,4829.26,4826.26,4828.01,1216,23,1
1776741600,4827.98,4828.71,4825.29,4825.53,1143,23,1
1776741900,4825.47,4825.65,4819.57,4819.84,1670,23,1
1776742200,4819.84,4820.85,4817.12,4818.05,1543,23,1
1776742500,4818.05,4820.28,4816.93,4819.69,1218,23,1
1776742800,4819.70,4824.74,4819.50,4822.72,1255,23,1
1776743100,4822.71,4826.07,4821.61,4825.16,1682,23,1
1776743400,4825.13,4825.47,4822.64,4824.08,1486,23,1
1776743700,4824.20,4826.20,4823.50,4824.08,1414,23,1
1776744000,4824.08,4824.59,4816.61,4818.42,2204,23,1
1776744300,4818.45,4820.38,4816.79,4818.48,1722,23,1
1776744600,4818.50,4818.73,4813.16,4814.77,1723,23,1
1776744900,4814.79,4817.91,4814.52,4817.58,1455,23,1
1776745200,4817.58,4818.10,4815.06,4817.05,1502,23,1
1776745500,4817.05,4818.66,4814.84,4818.62,1326,23,1
1776745800,4818.55,4818.82,4815.93,4817.98,1521,23,1
1776746100,4817.98,4818.91,4812.90,4813.37,1407,23,1
1776746400,4813.36,4813.70,4809.20,4813.46,1695,23,1
1776746700,4813.47,4814.08,4810.25,4812.69,1443,23,1
1776747000,4812.35,4813.03,4808.87,4809.65,1541,23,1
1776747300,4809.61,4810.57,4805.83,4810.18,1454,23,1
1776747600,4810.18,4810.39,4806.72,4807.07,1521,23,1
1776747900,4807.07,4810.37,4806.67,4808.22,1375,23,1
1776748200,4808.22,4809.57,4805.96,4807.21,1403,23,1
1776748500,4807.21,4808.55,4806.45,4807.05,855,23,1
1776748800,4807.05,4807.26,4803.56,4805.99,1112,23,1
1776749100,4805.99,4808.40,4805.40,4807.62,958,23,1
1776749400,4807.61,4807.76,4802.64,4803.63,1719,23,1
1776749700,4803.70,4806.27,4802.83,4806.13,1508,23,1
1776750000,4806.13,4807.15,4805.36,4806.49,1256,23,1
1776750300,4806.49,4807.29,4802.57,4803.90,1351,23,1
1776750600,4803.90,4807.05,4803.65,4806.49,1265,23,1
1776750900,4806.49,4808.07,4806.15,4806.79,1265,23,1
1776751200,4806.79,4807.60,4805.05,4807.42,1410,23,1
1776751500,4807.42,4807.56,4802.23,4803.43,1407,23,1
1776751800,4803.43,4804.17,4800.41,4800.53,1574,23,1
1776752100,4800.58,4802.30,4796.57,4797.70,1526,23,1
1776752400,4797.70,4799.49,4794.31,4794.31,1568,23,1
1776752700,4794.33,4799.12,4793.67,4798.67,1517,23,1
1776753000,4798.66,4799.94,4797.81,4798.62,1215,23,1
1776753300,4798.62,4799.11,4794.11,4794.72,1248,23,1
1776753600,4794.72,4795.03,4792.64,4794.99,1107,23,1
1776753900,4794.99,4795.58,4793.83,4795.42,986,23,1
1776754200,4795.42,4797.07,4794.64,4795.33,798,23,1
1776754500,4795.33,4797.73,4794.90,4797.14,889,23,1
1776754800,4797.10,4797.86,4796.60,4797.58,656,23,1
1776755100,4797.58,4797.81,4794.02,4794.35,997,23,1
1776755400,4794.35,4795.63,4793.64,4794.17,843,23,1
1776755700,4794.17,4796.58,4792.30,4793.03,1149,23,1
1776756000,4793.03,4795.17,4791.26,4792.26,805,23,1
1776756300,4792.28,4795.29,4791.74,4792.14,1178,23,1
1776756600,4792.15,4792.97,4789.61,4792.10,949,23,1
1776756900,4792.09,4793.36,4791.93,4793.05,658,23,1
1776757200,4793.05,4794.28,4791.30,4791.76,793,23,1
1776757500,4791.76,4793.42,4789.64,4789.84,783,23,1
1776757800,4789.86,4790.95,4789.23,4789.89,840,23,1
1776758100,4789.89,4791.69,4788.74,4789.10,887,23,1
1776758400,4788.99,4790.90,4785.83,4790.87,1487,23,1
1776758700,4790.92,4793.08,4789.67,4789.96,1309,23,1
1776759000,4789.93,4790.50,4787.63,4789.52,929,23,1
1776759300,4789.52,4791.34,4788.79,4789.06,992,23,1
1776759600,4789.06,4790.01,4786.64,4789.46,954,23,1
1776759900,4789.46,4790.76,4785.90,4787.54,1091,23,1
1776760200,4787.47,4792.99,4786.60,4792.09,1951,23,1
1776760500,4792.09,4796.57,4791.10,4795.87,1611,23,1
1776760800,4795.87,4796.93,4794.97,4796.34,1351,23,1
1776761100,4796.36,4796.56,4790.55,4790.69,1469,23,1
1776761400,4790.69,4790.72,4783.19,4787.74,1947,23,1
1776761700,4787.77,4788.26,4783.77,4784.09,1695,23,1
1776762000,4784.08,4785.46,4775.61,4782.69,2195,23,1
1776762300,4782.69,4787.66,4779.77,4787.55,1784,23,1
1776762600,4787.55,4790.75,4784.23,4785.00,1870,23,1
1776762900,4785.00,4785.95,4779.31,4780.50,1838,23,1
1776763200,4780.50,4783.46,4777.15,4781.46,1886,23,1
1776763500,4781.46,4781.47,4775.70,4778.82,1680,23,1
1776763800,4778.84,4782.37,4777.16,4778.57,1639,23,1
1776764100,4778.58,4780.07,4776.00,4778.38,1632,23,1
1776764400,4778.31,4781.17,4776.80,4780.37,1403,23,1
1776764700,4780.37,4783.41,4776.66,4777.77,1503,23,1
1776765000,4777.77,4778.60,4774.66,4776.54,1701,23,1
1776765300,4776.54,4779.84,4776.13,4778.83,1531,23,1
1776765600,4778.75,4779.75,4772.63,4774.67,1864,23,1
1776765900,4774.67,4781.37,4774.57,4781.32,1606,23,1
1776766200,4781.32,4785.74,4780.70,4782.80,1703,23,1
1776766500,4782.80,4787.48,4782.79,4784.34,1550,23,1
1776766800,4784.33,4784.41,4780.33,4783.66,1478,23,1
1776767100,4783.66,4785.48,4782.36,4783.34,1363,23,1
1776767400,4783.33,4784.72,4781.26,4781.65,1403,23,1
1776767700,4781.65,4784.49,4781.60,4781.85,1277,23,1
1776768000,4781.85,4787.18,4780.84,4786.68,1370,23,1
1776768300,4786.64,4790.78,4786.14,4790.42,1450,23,1
1776768600,4790.42,4792.64,4787.97,4788.64,1648,23,1
1776768900,4788.65,4789.87,4784.38,4785.91,1573,23,1
1776769200,4785.89,4787.59,4784.34,4785.64,1524,23,1
1776769500,4785.64,4786.09,4778.01,4780.31,1996,23,1
1776769800,4780.32,4781.57,4774.78,4775.98,1930,23,1
1776770100,4775.95,4783.68,4775.24,4783.20,1597,23,1
1776770400,4783.20,4789.17,4782.85,4786.76,1651,23,1
1776770700,4786.74,4788.38,4784.56,4787.20,1413,23,1
1776771000,4787.22,4789.17,4784.71,4788.10,1534,23,1
1776771300,4788.07,4788.73,4785.97,4788.46,1339,23,1
1776771600,4788.46,4792.91,4787.01,4791.66,1423,23,1
1776771900,4791.65,4792.85,4789.60,4789.66,1308,23,1
1776772200,4789.66,4789.91,4786.32,4788.49,1165,23,1
1776772500,4788.49,4788.57,4785.94,4785.94,1150,23,1
1776772800,4785.94,4786.29,4781.35,4785.34,1594,23,1
1776773100,4785.35,4786.88,4783.96,4786.02,1334,23,1
1776773400,4786.02,4786.95,4784.10,4784.24,1157,23,1
1776773700,4784.20,4787.47,4783.54,4786.99,1299,23,1
1776774000,4787.00,4787.99,4784.65,4785.47,1260,23,1
1776774300,4785.47,4786.34,4781.18,4782.14,1202,23,1
1776774600,4782.17,4784.99,4781.94,4784.83,1280,23,1
1776774900,4784.77,4785.81,4782.18,4783.42,1248,23,1
1776775200,4783.42,4787.52,4783.04,4787.24,1239,23,1
1776775500,4787.24,4787.95,4783.43,4785.15,1302,23,1
1776775800,4785.15,4788.30,4784.63,4787.48,1076,23,1
1776776100,4787.47,4789.57,4783.51,4783.70,1542,23,1
1776776400,4783.67,4785.73,4782.49,4783.17,1301,23,1
1776776700,4783.17,4785.91,4783.13,4785.32,1017,23,1
1776777000,4785.32,4785.53,4782.24,4782.92,1133,23,1
1776777300,4782.92,4783.91,4780.82,4782.93,1170,23,1
1776777600,4782.89,4784.89,4782.20,4782.49,1146,23,1
1776777900,4782.48,4784.38,4781.92,4782.95,979,23,1
1776778200,4782.95,4785.93,4782.62,4784.62,1075,23,1
1776778500,4784.60,4787.85,4784.36,4786.95,927,23,1
1776778800,4786.97,4787.27,4785.43,4786.25,1017,23,1
1776779100,4786.25,4787.77,4786.08,4786.67,1079,23,1
1776779400,4786.67,4790.26,4786.67,4790.08,1041,23,1
1776779700,4790.07,4790.40,4788.80,4789.74,993,23,1
1776780000,4789.74,4790.19,4786.91,4787.27,1161,23,1
1776780300,4787.27,4788.92,4775.28,4780.08,1281,23,1
1776780600,4780.06,4782.78,4779.14,4781.71,1960,23,1
1776780900,4781.81,4782.96,4780.90,4781.76,1350,23,1
1776781200,4781.76,4784.36,4781.50,4781.74,1278,23,1
1776781500,4781.70,4784.04,4779.24,4783.52,1276,23,1
1776781800,4783.52,4790.31,4783.18,4787.32,1574,23,1
1776782100,4787.32,4790.65,4787.32,4789.85,1279,23,1
1776782400,4789.82,4794.97,4789.24,4792.95,1383,23,1
1776782700,4792.95,4797.95,4791.85,4795.81,1327,23,1
1776783000,4795.80,4796.90,4792.73,4793.88,1394,23,1
1776783300,4793.90,4796.24,4793.49,4794.65,1403,23,1
1776783600,4794.65,4796.90,4793.43,4793.43,1506,23,1
1776783900,4793.41,4795.95,4791.40,4795.65,1459,23,1
1776784200,4795.65,4795.85,4791.07,4791.19,1581,23,1
1776784500,4791.19,4791.76,4783.54,4783.61,1848,23,1
1776784800,4783.66,4785.23,4779.18,4782.61,2053,23,1
1776785100,4782.60,4784.43,4780.23,4780.72,1561,23,1
1776785400,4780.62,4787.62,4766.74,4787.15,2259,23,1
1776785700,4787.15,4790.44,4780.07,4780.54,2244,23,1
1776786000,4780.54,4782.85,4776.03,4778.97,2197,23,1
1776786300,4778.87,4783.02,4777.58,4777.70,1954,23,1
1776786600,4777.86,4781.58,4777.05,4780.19,1939,23,1
1776786900,4780.13,4782.46,4776.24,4778.79,1936,23,1
1776787200,4778.80,4783.79,4778.16,4779.28,2211,23,1
1776787500,4779.32,4779.65,4767.66,4768.07,2429,23,1
1776787800,4768.03,4771.07,4764.79,4765.25,2281,23,1
1776788100,4765.23,4772.23,4761.23,4768.38,2302,23,1
1776788400,4768.35,4772.26,4767.22,4769.88,2108,23,1
1776788700,4769.88,4775.42,4769.22,4774.83,2142,23,1
1776789000,4774.83,4781.12,4774.04,4775.80,2620,23,1
1776789300,4775.81,4785.74,4770.17,4784.40,2567,23,1
1776789600,4784.39,4792.61,4784.26,4789.05,2516,23,1
1776789900,4789.07,4794.32,4785.82,4788.88,2378,23,1
1776790200,4788.87,4793.36,4786.76,4789.20,2337,23,1
1776790500,4789.21,4789.39,4777.26,4779.08,2201,23,1
1776790800,4779.08,4781.33,4773.20,4780.45,2338,23,1
1776791100,4780.48,4782.54,4779.22,4780.77,2158,23,1
1776791400,4780.74,4780.74,4776.12,4778.52,2161,23,1
1776791700,4778.52,4780.61,4776.93,4777.56,2146,23,1
1776792000,4777.74,4778.32,4772.03,4772.64,2313,23,1
1776792300,4772.64,4775.05,4769.80,4774.19,2144,23,1
1776792600,4774.19,4774.99,4762.10,4768.06,2417,23,1
1776792900,4768.05,4769.49,4761.34,4761.78,2392,23,1
1776793200,4761.41,4763.30,4743.85,4744.93,2733,23,1
1776793500,4745.06,4745.62,4723.73,4727.71,2843,23,1
1776793800,4727.71,4739.19,4723.58,4738.84,2770,23,1
1776794100,4738.71,4741.93,4733.70,4739.04,2738,23,1
1776794400,4739.01,4740.91,4730.74,4734.50,2811,23,1
1776794700,4734.40,4740.63,4727.74,4740.63,2711,23,1
1776795000,4740.63,4750.80,4740.09,4748.02,2566,23,1
1776795300,4748.03,4756.60,4745.02,4755.69,2591,23,1
1776795600,4755.22,4757.50,4748.38,4750.41,2520,23,1
1776795900,4750.29,4750.29,4741.96,4742.54,2574,23,1
1776796200,4742.54,4745.76,4741.41,4744.24,2474,23,1
1776796500,4744.22,4744.84,4736.75,4743.06,2525,23,1
1776796800,4743.04,4747.75,4739.08,4745.80,2323,23,1
1776797100,4745.79,4750.23,4743.95,4746.36,2372,23,1
1776797400,4746.35,4746.44,4739.68,4741.10,2214,23,1
1776797700,4741.11,4741.84,4738.86,4741.62,2124,23,1
1776798000,4741.61,4746.66,4740.15,4740.25,2341,23,1
1776798300,4740.27,4741.46,4734.70,4735.24,2117,23,1
1776798600,4735.20,4735.21,4726.88,4730.28,2222,23,1
1776798900,4730.35,4734.18,4728.54,4732.48,2105,23,1
1776799200,4732.41,4732.46,4727.87,4730.63,2032,23,1
1776799500,4730.63,4730.63,4719.96,4720.78,2142,23,1
1776799800,4720.77,4726.06,4719.65,4724.28,2141,23,1
1776800100,4724.28,4727.60,4720.07,4723.79,2118,23,1
1776800400,4723.76,4725.49,4720.71,4720.97,2041,23,1
1776800700,4720.97,4722.82,4718.66,4721.60,2104,23,1
1776801000,4721.60,4721.60,4708.26,4709.37,2287,23,1
1776801300,4709.38,4712.73,4708.80,4711.06,2128,23,1
1776801600,4711.11,4718.18,4710.38,4712.52,2172,23,1
1776801900,4712.52,4712.52,4707.69,4710.32,2502,23,1
1776802200,4710.32,4711.49,4701.12,4706.41,2507,23,1
1776802500,4706.39,4708.47,4699.86,4700.97,2360,23,1
1776802800,4700.95,4705.73,4700.11,4703.33,2277,23,1
1776803100,4703.35,4705.47,4697.68,4700.16,2246,23,1
1776803400,4700.18,4706.26,4696.98,4705.37,2086,23,1
1776803700,4705.40,4710.82,4703.91,4709.07,2188,23,1
1776804000,4709.10,4722.09,4706.94,4717.83,2654,23,1
1776804300,4717.84,4718.69,4711.35,4711.89,2246,23,1
1776804600,4711.87,4712.54,4706.82,4706.99,2023,23,1
1776804900,4706.98,4711.45,4706.00,4711.11,1963,23,1
1776805200,4711.14,4714.74,4710.32,4710.69,1981,23,1
1776805500,4710.69,4713.31,4708.19,4708.38,1981,23,1
1776805800,4708.32,4708.45,4703.92,4704.56,1989,23,1
1776806100,4704.60,4704.89,4694.99,4696.24,2307,23,1
1776806400,4696.15,4697.63,4693.06,4695.16,2205,23,1
1776806700,4695.18,4696.37,4692.40,4696.23,2093,23,1
1776807000,4696.27,4702.98,4696.27,4702.15,1972,23,1
1776807300,4702.06,4703.50,4700.06,4701.26,1857,23,1
1776807600,4701.26,4703.49,4699.42,4702.93,1662,23,1
1776807900,4702.97,4704.17,4701.08,4701.97,1752,23,1
1776808200,4701.97,4710.64,4699.00,4709.24,1810,23,1
1776808500,4709.25,4713.94,4704.42,4709.25,2559,23,1
1776808800,4709.33,4712.27,4707.39,4709.45,2328,23,1
1776809100,4709.51,4711.22,4707.87,4709.61,2058,23,1
1776809400,4709.62,4712.85,4704.55,4707.30,2044,23,1
1776809700,4707.21,4710.34,4705.28,4706.62,2108,23,1
1776810000,4706.61,4713.75,4705.64,4713.75,2127,23,1
1776810300,4714.26,4715.09,4710.19,4713.90,1983,23,1
1776810600,4713.91,4714.76,4710.23,4710.62,1931,23,1
1776810900,4710.55,4710.56,4699.01,4701.05,2334,23,1
1776811200,4701.06,4701.27,4668.45,4671.50,2710,23,1
1776811500,4671.63,4684.65,4671.04,4682.26,2706,23,1
1776811800,4682.02,4685.65,4676.60,4680.17,2516,23,1
1776812100,4680.21,4684.39,4676.83,4679.31,2596,23,1
1776812400,4679.33,4679.60,4674.41,4676.62,1879,23,1
1776812700,4676.66,4681.98,4668.95,4679.55,1596,23,1
1776813000,4679.93,4702.22,4679.18,4696.98,2690,23,1
1776813300,4696.99,4710.07,4694.68,4703.19,2458,23,1
1776813600,4703.20,4711.21,4702.33,4709.72,2142,23,1
1776813900,4709.83,4710.55,4705.14,4705.62,1831,23,1
1776814200,4705.61,4710.36,4705.34,4710.03,1636,23,1
1776814500,4710.21,4713.83,4709.71,4712.52,1433,23,1
1776814800,4712.52,4712.91,4710.35,4711.42,1356,23,1
1776815100,4711.42,4714.17,4709.41,4713.36,1582,23,1
1776815400,4713.36,4718.76,4711.64,4717.07,1488,23,1
1776815700,4717.07,4719.33,4716.55,4718.76,823,23,1
1776819600,4721.06,4729.53,4716.87,4725.58,2177,23,1
1776819900,4725.58,4726.16,4718.04,4720.68,1532,23,1
1776820200,4720.70,4723.36,4718.53,4721.77,1046,23,1
1776820500,4721.77,4721.80,4719.29,4720.63,1105,23,1
1776820800,4720.63,4720.73,4716.56,4718.24,896,23,1
1776821100,4718.24,4720.12,4716.88,4719.02,721,23,1
1776821400,4719.02,4719.38,4716.53,4717.51,920,23,1
1776821700,4717.51,4719.65,4717.40,4718.52,718,23,1
1776822000,4718.52,4718.92,4716.13,4716.92,931,23,1
1776822300,4716.90,4718.85,4716.28,4716.84,712,23,1
1776822600,4716.84,4719.45,4715.60,4718.78,978,23,1
1776822900,4718.78,4720.00,4717.56,4719.52,813,23,1
1776823200,4719.53,4722.56,4718.07,4721.87,1166,23,1
1776823500,4721.87,4725.90,4721.71,4725.16,1111,23,1
1776823800,4725.12,4729.78,4724.81,4727.47,1011,23,1
1776824100,4727.47,4733.08,4726.28,4731.70,1303,23,1
1776824400,4731.70,4732.93,4730.55,4732.66,1094,23,1
1776824700,4732.65,4733.07,4729.96,4729.99,963,23,1
1776825000,4729.99,4733.45,4729.37,4732.43,891,23,1
1776825300,4732.43,4733.72,4728.90,4730.47,1000,23,1
1776825600,4730.45,4732.83,4729.25,4731.73,984,23,1
1776825900,4731.62,4738.34,4731.40,4738.18,1318,23,1
1776826200,4738.18,4740.52,4736.71,4739.12,1269,23,1
1776826500,4739.12,4739.48,4737.17,4738.02,1276,23,1
1776826800,4738.02,4745.33,4738.02,4743.03,1611,20,1
1776827100,4743.05,4747.35,4740.85,4744.54,1527,23,1
1776827400,4744.44,4746.33,4742.74,4742.89,1475,23,1
1776827700,4742.89,4745.46,4741.28,4743.40,1555,23,1
1776828000,4743.46,4745.77,4741.35,4741.73,1273,23,1
1776828300,4741.67,4744.89,4740.46,4742.44,1393,23,1
1776828600,4742.44,4747.06,4742.18,4745.10,1346,23,1
1776828900,4745.10,4745.44,4743.35,4744.83,1221,23,1
1776829200,4744.82,4745.22,4741.42,4742.18,1132,23,1
1776829500,4742.14,4746.80,4741.37,4743.59,1367,23,1
1776829800,4743.66,4744.33,4739.72,4740.06,1468,23,1
1776830100,4740.07,4741.86,4738.56,4739.91,1423,23,1
1776830400,4739.91,4745.17,4737.69,4740.33,2337,23,1
1776830700,4740.65,4741.70,4735.93,4739.06,2029,23,1
1776831000,4739.06,4740.16,4736.09,4738.29,1713,23,1
1776831300,4738.29,4743.45,4737.79,4740.38,1707,23,1
1776831600,4740.35,4748.99,4740.35,4746.04,1658,23,1
1776831900,4746.04,4747.67,4743.72,4746.48,1680,23,1
1776832200,4746.48,4750.15,4746.30,4748.28,1795,23,1
1776832500,4748.22,4753.08,4747.83,4751.61,1855,23,1
1776832800,4751.56,4753.89,4749.05,4749.53,1816,23,1
1776833100,4749.56,4754.26,4747.92,4752.79,1710,23,1
1776833400,4752.79,4754.65,4750.98,4753.99,1641,23,1
1776833700,4753.99,4754.58,4752.00,4752.20,1643,23,1
1776834000,4752.20,4753.36,4750.10,4752.67,1588,23,1
1776834300,4752.67,4753.80,4751.18,4753.31,1469,23,1
1776834600,4753.32,4756.05,4753.30,4755.64,1404,23,1
1776834900,4755.65,4757.66,4753.53,4757.59,1066,23,1
1776835200,4757.59,4758.10,4755.29,4755.44,913,23,1
1776835500,4755.44,4756.32,4754.85,4755.61,924,23,1
1776835800,4755.61,4758.70,4755.57,4756.60,1452,23,1
1776836100,4756.60,4756.93,4753.25,4753.31,1513,23,1
1776836400,4753.31,4753.40,4751.40,4751.45,1220,23,1
1776836700,4751.45,4754.43,4750.98,4751.68,1134,23,1
1776837000,4751.63,4755.52,4751.45,4755.35,1201,23,1
1776837300,4755.35,4757.10,4753.32,4755.72,1293,23,1
1776837600,4755.72,4759.14,4752.96,4758.94,1371,23,1
1776837900,4758.93,4761.07,4758.33,4759.40,1454,23,1
1776838200,4759.40,4759.96,4756.77,4757.59,1438,23,1
1776838500,4757.58,4759.80,4757.08,4758.67,1328,23,1
1776838800,4758.67,4760.47,4756.73,4759.56,1398,23,1
1776839100,4759.55,4763.38,4759.12,4763.13,1215,23,1
1776839400,4763.12,4764.97,4760.71,4761.13,1151,23,1
1776839700,4761.13,4761.46,4756.87,4758.25,1112,23,1
1776840000,4758.25,4759.81,4757.19,4759.25,987,23,1
1776840300,4759.24,4760.20,4758.36,4758.93,832,23,1
1776840600,4758.93,4760.72,4757.80,4757.91,912,23,1
1776840900,4757.91,4759.81,4757.15,4758.16,1074,23,1
1776841200,4758.16,4759.61,4757.54,4759.05,769,23,1
1776841500,4759.05,4759.45,4758.29,4758.29,535,23,1
1776841800,4758.32,4758.71,4756.89,4757.45,834,23,1
1776842100,4757.45,4757.83,4755.49,4756.47,1043,23,1
1776842400,4756.47,4757.31,4755.88,4756.15,837,23,1
1776842700,4756.11,4756.43,4754.45,4755.86,1018,23,1
1776843000,4755.86,4757.37,4755.03,4755.06,868,23,1
1776843300,4755.03,4755.78,4753.46,4753.72,793,23,1
1776843600,4753.72,4756.72,4752.76,4756.39,899,23,1
1776843900,4756.39,4759.50,4756.16,4757.85,1005,23,1
1776844200,4757.88,4757.89,4753.56,4754.89,1179,23,1
1776844500,4754.89,4755.32,4752.23,4754.59,1012,23,1
1776844800,4754.59,4754.95,4752.11,4753.06,1009,23,1
1776845100,4753.06,4755.97,4752.43,4755.75,851,23,1
1776845400,4755.75,4757.01,4754.27,4756.91,958,23,1
1776845700,4756.91,4769.46,4756.27,4768.52,2120,23,1
1776846000,4768.53,4771.59,4768.53,4768.76,1908,23,1
1776846300,4768.76,4771.08,4764.75,4766.10,1672,23,1
1776846600,4766.10,4767.02,4763.87,4765.61,1767,23,1
1776846900,4765.67,4768.37,4765.34,4766.64,1530,23,1
1776847200,4766.60,4769.33,4764.80,4767.40,1581,23,1
1776847500,4767.38,4770.88,4765.98,4769.17,1568,23,1
1776847800,4769.17,4772.02,4767.68,4768.14,1502,23,1
1776848100,4768.01,4768.81,4764.23,4767.72,1583,23,1
1776848400,4767.72,4767.78,4759.24,4759.27,1906,23,1
1776848700,4759.27,4763.15,4758.81,4760.58,1561,23,1
1776849000,4760.58,4763.12,4760.52,4762.65,1285,23,1
1776849300,4762.65,4763.92,4760.50,4763.58,1423,23,1
1776849600,4763.58,4765.03,4762.80,4763.37,1157,23,1
1776849900,4763.37,4767.27,4762.65,4767.07,1267,23,1
1776850200,4767.07,4767.76,4765.04,4765.96,1522,23,1
1776850500,4765.97,4766.26,4764.29,4764.90,1287,23,1
1776850800,4764.90,4766.28,4763.70,4763.70,1181,23,1
1776851100,4763.70,4766.38,4763.30,4766.11,1399,23,1
1776851400,4766.08,4767.66,4765.59,4766.54,1139,23,1
1776851700,4766.56,4767.79,4766.11,4767.69,1247,23,1
1776852000,4767.71,4770.36,4766.82,4768.88,1567,23,1
1776852300,4768.88,4772.29,4767.17,4770.00,1433,23,1
1776852600,4769.99,4769.99,4765.33,4765.68,1281,23,1
1776852900,4765.67,4765.67,4762.55,4763.82,1458,23,1
1776853200,4763.81,4767.89,4763.56,4766.32,1416,23,1
1776853500,4766.32,4767.87,4763.36,4766.03,1366,23,1
1776853800,4766.03,4766.53,4763.78,4764.38,1233,23,1
1776854100,4764.35,4766.61,4764.35,4764.81,1036,23,1
1776854400,4764.82,4764.83,4762.03,4763.79,1403,23,1
1776854700,4763.78,4764.36,4760.98,4761.15,1331,23,1
1776855000,4761.18,4762.36,4759.57,4760.29,1326,23,1
1776855300,4760.29,4763.38,4760.25,4760.56,1301,23,1
1776855600,4760.55,4761.66,4758.72,4759.29,1529,23,1
1776855900,4759.41,4761.60,4758.98,4760.02,1445,23,1
1776856200,4760.02,4762.26,4757.73,4758.01,1507,23,1
1776856500,4758.00,4759.89,4756.20,4758.76,1592,23,1
1776856800,4758.77,4759.03,4754.22,4754.55,1627,23,1
1776857100,4754.64,4756.36,4754.15,4754.31,1518,23,1
1776857400,4754.30,4757.00,4752.54,4752.96,1640,23,1
1776857700,4752.96,4754.11,4751.90,4753.28,1466,23,1
1776858000,4753.31,4756.29,4751.98,4756.13,1294,23,1
1776858300,4756.06,4756.72,4754.08,4755.40,1230,23,1
1776858600,4755.40,4757.55,4753.83,4757.34,1115,23,1
1776858900,4757.34,4758.40,4756.73,4757.09,1158,23,1
1776859200,4757.09,4760.78,4756.68,4759.85,1665,23,1
1776859500,4759.81,4761.74,4759.46,4760.87,1328,23,1
1776859800,4760.87,4761.11,4759.54,4760.62,1111,23,1
1776860100,4760.63,4761.67,4760.01,4760.12,1292,23,1
1776860400,4760.11,4761.85,4759.39,4760.89,1265,23,1
1776860700,4760.89,4760.97,4756.30,4756.46,1190,23,1
1776861000,4756.45,4757.15,4755.02,4755.99,1456,23,1
1776861300,4756.03,4758.72,4755.76,4758.66,1254,23,1
1776861600,4758.63,4762.43,4758.03,4758.41,1235,23,1
1776861900,4758.41,4759.09,4755.99,4757.83,1164,23,1
1776862200,4757.80,4758.13,4753.72,4754.62,1296,23,1
1776862500,4754.62,4756.78,4752.47,4755.24,1543,23,1
1776862800,4755.24,4757.68,4748.09,4748.81,1677,23,1
1776863100,4748.90,4752.10,4747.42,4748.55,1574,23,1
1776863400,4748.55,4749.67,4745.80,4748.60,1707,23,1
1776863700,4748.60,4754.26,4748.40,4753.61,1289,23,1
1776864000,4753.58,4756.09,4749.83,4750.59,1361,23,1
1776864300,4750.59,4754.88,4750.06,4754.65,1289,23,1
1776864600,4754.65,4758.45,4753.69,4758.04,1183,23,1
1776864900,4758.03,4759.48,4756.32,4757.46,1284,23,1
1776865200,4757.46,4757.46,4754.30,4756.41,1199,23,1
1776865500,4756.45,4757.82,4755.09,4757.02,1020,23,1
1776865800,4757.02,4758.40,4756.37,4757.33,1074,23,1
1776866100,4757.35,4760.06,4756.12,4759.19,1094,23,1
1776866400,4759.20,4760.39,4756.53,4757.58,1278,23,1
1776866700,4757.59,4759.02,4756.58,4756.61,1274,23,1
1776867000,4756.60,4758.85,4756.56,4757.17,1160,23,1
1776867300,4757.19,4760.72,4757.14,4759.75,1296,23,1
1776867600,4759.75,4760.73,4757.14,4757.26,1240,23,1
1776867900,4757.26,4758.90,4756.46,4757.34,1119,23,1
1776868200,4757.35,4759.82,4756.79,4757.38,1315,23,1
1776868500,4757.38,4758.37,4754.77,4754.77,1169,23,1
1776868800,4754.74,4755.28,4748.43,4748.60,1642,23,1
1776869100,4748.60,4753.28,4747.87,4751.97,1690,23,1
1776869400,4751.97,4753.21,4750.23,4750.82,1248,23,1
1776869700,4750.80,4751.32,4749.40,4750.35,1433,23,1
1776870000,4750.36,4757.44,4750.36,4756.62,1505,23,1
1776870300,4756.63,4756.97,4751.18,4752.82,1439,23,1
1776870600,4752.79,4752.79,4749.70,4752.31,1510,23,1
1776870900,4752.31,4752.66,4747.69,4747.78,1434,23,1
1776871200,4747.78,4752.58,4747.24,4751.65,1426,23,1
1776871500,4751.65,4759.76,4751.65,4753.19,1915,23,1
1776871800,4753.13,4754.30,4749.03,4753.44,2101,23,1
1776872100,4753.34,4753.35,4747.10,4750.51,1785,23,1
1776872400,4750.51,4750.51,4745.65,4746.68,1783,23,1
1776872700,4746.72,4748.35,4742.90,4744.36,1747,23,1
1776873000,4744.23,4746.99,4743.03,4746.46,1750,23,1
1776873300,4746.50,4746.73,4743.58,4744.22,1630,23,1
1776873600,4744.23,4747.30,4740.43,4741.51,2222,23,1
1776873900,4741.52,4750.76,4739.18,4744.90,2066,23,1
1776874200,4744.87,4744.87,4740.47,4742.28,2138,23,1
1776874500,4742.27,4744.31,4736.43,4743.41,2179,23,1
1776874800,4743.54,4748.95,4740.38,4747.02,2343,23,1
1776875100,4747.13,4750.04,4745.57,4750.02,1979,23,1
1776875400,4750.07,4750.69,4742.10,4745.01,2681,23,1
1776875700,4745.01,4752.62,4743.16,4748.28,2537,23,1
1776876000,4748.52,4756.57,4747.11,4755.33,2509,23,1
1776876300,4755.32,4760.82,4755.21,4756.79,2525,23,1
1776876600,4756.75,4758.26,4750.78,4755.07,2400,23,1
1776876900,4755.08,4755.18,4751.36,4752.96,2157,23,1
1776877200,4752.95,4757.42,4745.25,4745.39,2423,23,1
1776877500,4745.39,4747.37,4742.40,4746.10,2422,23,1
1776877800,4746.11,4747.83,4742.63,4745.51,2239,23,1
1776878100,4745.49,4749.58,4745.30,4746.71,2262,23,1
1776878400,4746.71,4750.71,4743.44,4745.56,2307,23,1
1776878700,4745.56,4748.65,4743.24,4743.94,2228,23,1
1776879000,4743.91,4744.65,4733.28,4736.15,2516,23,1
1776879300,4736.09,4738.46,4730.05,4737.21,2568,23,1
1776879600,4737.17,4740.75,4732.45,4733.05,2353,23,1
1776879900,4733.11,4739.65,4732.54,4737.92,2235,23,1
1776880200,4737.94,4738.22,4732.71,4738.02,2260,23,1
1776880500,4738.04,4738.29,4733.28,4735.85,2222,23,1
1776880800,4735.99,4738.17,4734.31,4735.51,2324,23,1
1776881100,4735.51,4739.55,4734.90,4736.16,2354,23,1
1776881400,4736.11,4740.17,4736.07,4737.59,2190,23,1
1776881700,4737.66,4737.66,4729.88,4733.61,2227,23,1
1776882000,4733.62,4734.23,4730.78,4733.93,2133,23,1
1776882300,4733.93,4736.25,4730.98,4735.18,2119,23,1
1776882600,4735.21,4735.45,4731.27,4732.74,2180,23,1
1776882900,4732.76,4733.45,4726.80,4727.89,2062,23,1
1776883200,4727.89,4730.51,4725.93,4727.15,2135,23,1
1776883500,4727.21,4730.28,4726.75,4728.34,1959,23,1
1776883800,4728.32,4728.37,4725.00,4727.55,1939,23,1
1776884100,4727.49,4731.35,4727.43,4727.63,1909,23,1
1776884400,4727.63,4731.10,4725.79,4730.64,1968,23,1
1776884700,4730.65,4734.91,4730.53,4733.46,1890,23,1
1776885000,4733.53,4733.60,4729.50,4730.21,1764,23,1
1776885300,4730.22,4730.41,4724.78,4724.81,1678,23,1
1776885600,4724.84,4727.98,4724.36,4725.22,1749,23,1
1776885900,4725.25,4728.10,4724.23,4727.09,1673,23,1
1776886200,4727.03,4728.85,4723.95,4728.42,1766,23,1
1776886500,4728.42,4731.33,4728.37,4730.98,1726,23,1
1776886800,4730.92,4732.09,4728.19,4728.19,1805,23,1
1776887100,4728.09,4730.32,4726.34,4730.07,1645,23,1
1776887400,4730.07,4730.89,4727.45,4730.01,1677,23,1
1776887700,4730.02,4730.16,4726.61,4728.70,1758,23,1
1776888000,4728.70,4736.09,4728.56,4735.54,2077,23,1
1776888300,4735.54,4736.83,4733.85,4736.51,1837,23,1
1776888600,4736.51,4739.54,4735.06,4735.27,1987,23,1
1776888900,4735.27,4737.05,4733.09,4733.70,1595,23,1
1776889200,4733.72,4737.64,4733.21,4735.62,1556,23,1
1776889500,4735.62,4736.73,4732.95,4735.16,1612,23,1
1776889800,4735.16,4737.95,4735.05,4737.01,1368,23,1
1776890100,4736.92,4738.19,4735.19,4735.19,1362,23,1
1776890400,4735.18,4736.82,4734.38,4736.12,1518,23,1
1776890700,4736.12,4738.40,4733.51,4736.55,1746,23,1
1776891000,4736.58,4738.37,4735.16,4736.86,1503,23,1
1776891300,4736.86,4738.01,4735.91,4737.16,1548,23,1
1776891600,4737.15,4737.66,4735.00,4736.81,1364,23,1
1776891900,4736.80,4738.62,4736.59,4737.43,1233,23,1
1776892200,4737.43,4737.43,4735.64,4736.06,1224,23,1
1776892500,4735.66,4735.99,4732.22,4732.91,1353,23,1
1776892800,4732.87,4732.87,4729.91,4732.45,1632,23,1
1776893100,4732.42,4733.72,4730.13,4730.38,1439,23,1
1776893400,4730.29,4734.79,4730.17,4733.24,1303,23,1
1776893700,4733.24,4738.11,4732.39,4738.01,1344,23,1
1776894000,4738.04,4739.55,4735.42,4739.43,1466,23,1
1776894300,4739.42,4749.35,4738.69,4746.74,1713,23,1
1776894600,4746.74,4747.48,4741.92,4741.99,1706,23,1
1776894900,4741.99,4742.39,4739.56,4741.69,1577,23,1
1776895200,4741.68,4743.42,4739.30,4741.73,2068,23,1
1776895500,4741.73,4743.47,4739.74,4740.29,1789,23,1
1776895800,4740.30,4740.30,4736.87,4738.59,1324,23,1
1776896100,4738.59,4741.95,4738.21,4741.27,1350,23,1
1776896400,4741.28,4742.59,4740.60,4741.83,1483,23,1
1776896700,4741.83,4745.41,4741.79,4744.36,1329,23,1
1776897000,4744.39,4744.71,4740.78,4741.91,1321,23,1
1776897300,4741.90,4741.92,4739.24,4739.52,1399,23,1
1776897600,4739.52,4740.78,4738.50,4739.35,1294,23,1
1776897900,4739.31,4740.08,4737.33,4738.56,1572,23,1
1776898200,4738.56,4741.70,4737.07,4740.44,1760,23,1
1776898500,4740.49,4741.89,4739.36,4740.15,1953,23,1
1776898800,4740.17,4740.42,4737.46,4738.79,1404,23,1
1776899100,4738.79,4740.16,4737.71,4738.05,1124,23,1
1776899400,4738.05,4738.05,4734.77,4736.09,1076,23,1
1776899700,4736.01,4737.73,4735.88,4736.69,1024,23,1
1776900000,4736.69,4737.25,4734.96,4735.63,872,23,1
1776900300,4735.63,4737.34,4734.42,4736.89,745,23,1
1776900600,4736.89,4739.49,4736.87,4738.76,778,23,1
1776900900,4738.76,4738.78,4736.64,4737.76,989,23,1
1776901200,4737.73,4738.06,4736.19,4737.46,714,23,1
1776901500,4737.46,4739.81,4737.13,4738.78,776,23,1
1776901800,4738.75,4739.60,4737.96,4738.83,620,23,1
1776902100,4738.81,4739.80,4738.39,4739.40,443,23,1
1776906000,4742.07,4746.01,4739.33,4741.75,1387,23,1
1776906300,4741.75,4742.02,4736.61,4738.85,974,23,1
1776906600,4738.85,4739.10,4736.15,4736.39,817,23,1
1776906900,4736.42,4738.28,4735.39,4736.32,793,23,1
1776907200,4736.32,4737.83,4735.21,4735.27,829,23,1
1776907500,4735.27,4736.11,4732.56,4732.89,893,23,1
1776907800,4732.89,4735.23,4732.52,4734.29,890,23,1
1776908100,4734.29,4734.29,4730.25,4730.93,953,23,1
1776908400,4730.90,4731.62,4729.78,4729.88,906,23,1
1776908700,4729.88,4731.91,4728.93,4730.14,954,23,1
1776909000,4730.14,4731.96,4729.90,4730.91,775,23,1
1776909300,4730.90,4730.93,4725.61,4725.93,1056,23,1
1776909600,4725.93,4726.78,4723.52,4724.51,1236,23,1
1776909900,4724.52,4726.19,4723.87,4726.14,834,23,1
1776910200,4726.14,4728.29,4725.54,4725.94,1035,23,1
1776910500,4725.94,4729.10,4725.94,4728.94,746,23,1
1776910800,4728.94,4729.92,4726.21,4726.64,776,23,1
1776911100,4726.64,4728.23,4725.35,4728.23,693,23,1
1776911400,4728.23,4728.23,4726.13,4727.40,598,23,1
1776911700,4727.40,4727.70,4724.63,4724.88,785,23,1
1776912000,4724.86,4725.56,4723.84,4724.35,827,23,1
1776912300,4724.35,4728.49,4724.35,4728.08,849,23,1
1776912600,4728.08,4728.08,4725.65,4727.55,891,23,1
1776912900,4727.55,4729.21,4726.64,4727.78,1057,23,1
1776913200,4727.79,4728.24,4720.42,4721.54,1730,20,1
1776913500,4721.60,4722.41,4714.30,4715.35,1787,23,1
1776913800,4715.43,4715.83,4698.78,4699.29,2444,23,1
1776914100,4699.31,4723.89,4694.27,4722.74,2773,23,1
1776914400,4722.59,4733.90,4722.42,4727.23,2590,23,1
1776914700,4727.33,4742.38,4727.19,4741.49,2320,23,1
1776915000,4741.49,4751.72,4741.20,4746.81,2397,23,1
1776915300,4746.80,4748.17,4742.93,4745.84,2157,23,1
1776915600,4745.86,4747.43,4742.42,4744.87,1955,23,1
1776915900,4744.80,4750.05,4743.50,4747.33,2003,23,1
1776916200,4747.34,4753.53,4747.16,4748.14,2021,23,1
1776916500,4748.12,4748.29,4744.78,4748.07,1711,23,1
1776916800,4747.81,4749.80,4742.86,4744.29,2307,23,1
1776917100,4744.25,4746.09,4742.29,4744.03,2019,23,1
1776917400,4744.00,4744.04,4735.89,4736.87,2020,23,1
1776917700,4736.86,4738.44,4733.03,4734.22,1958,23,1
1776918000,4734.23,4735.21,4728.42,4733.63,1852,23,1
1776918300,4733.63,4735.38,4727.23,4728.18,1986,23,1
1776918600,4728.17,4732.98,4725.94,4729.17,2193,23,1
1776918900,4729.20,4732.92,4728.93,4732.70,1842,23,1
1776919200,4732.67,4735.67,4731.87,4733.77,1828,23,1
1776919500,4733.77,4736.85,4733.37,4734.09,1920,23,1
1776919800,4734.12,4736.30,4724.27,4724.76,2075,23,1
1776920100,4724.77,4728.15,4722.53,4723.28,2042,23,1
1776920400,4723.34,4724.75,4720.15,4720.64,1996,23,1
1776920700,4720.62,4722.10,4711.94,4714.41,2104,23,1
1776921000,4714.45,4714.65,4706.57,4707.33,2155,23,1
1776921300,4707.34,4711.53,4704.77,4710.59,2132,23,1
1776921600,4710.56,4718.12,4710.54,4715.62,2071,23,1
1776921900,4715.59,4717.93,4713.66,4713.92,1908,23,1
1776922200,4713.92,4714.96,4708.36,4712.69,2136,23,1
1776922500,4712.69,4715.66,4707.11,4711.54,2258,23,1
1776922800,4711.56,4713.03,4700.31,4701.30,2172,23,1
1776923100,4701.24,4706.46,4699.06,4706.43,2250,23,1
1776923400,4706.43,4707.36,4702.56,4703.28,2056,23,1
1776923700,4703.33,4703.80,4698.27,4698.86,2202,23,1
1776924000,4698.88,4708.46,4698.88,4708.46,2198,23,1
1776924300,4708.51,4708.67,4701.66,4703.66,1982,23,1
1776924600,4703.70,4703.74,4698.26,4702.01,2104,23,1
1776924900,4702.01,4704.84,4698.23,4700.53,2081,23,1
1776925200,4700.53,4705.63,4699.23,4704.24,1826,23,1
1776925500,4704.24,4705.92,4701.56,4703.29,1901,23,1
1776925800,4703.29,4705.36,4701.46,4703.38,1727,23,1
1776926100,4703.38,4704.33,4701.74,4702.63,1478,23,1
1776926400,4702.58,4707.06,4701.05,4704.77,1762,23,1
1776926700,4704.77,4707.30,4703.62,4706.67,1546,23,1
1776927000,4706.67,4707.38,4704.76,4705.45,1391,23,1
1776927300,4705.57,4706.02,4702.47,4703.96,1296,23,1
1776927600,4703.96,4704.20,4701.33,4702.71,1190,23,1
1776927900,4702.71,4706.24,4700.79,4704.28,1246,23,1
1776928200,4704.27,4706.42,4704.06,4706.26,1158,23,1
1776928500,4706.26,4706.33,4703.84,4704.54,1173,23,1
1776928800,4704.54,4706.99,4703.68,4703.89,1054,23,1
1776929100,4703.89,4706.11,4702.78,4705.46,1172,23,1
1776929400,4705.46,4706.85,4704.59,4706.01,1003,23,1
1776929700,4706.00,4707.01,4702.17,4703.20,983,23,1
1776930000,4703.22,4703.76,4701.59,4701.75,1055,23,1
1776930300,4701.73,4702.90,4698.76,4702.35,1229,23,1
1776930600,4702.22,4703.87,4701.97,4702.62,1027,23,1
1776930900,4702.62,4704.53,4701.19,4704.38,1022,23,1
1776931200,4704.36,4708.62,4703.32,4707.18,1314,23,1
1776931500,4707.18,4709.89,4706.29,4709.71,1194,23,1
1776931800,4709.77,4710.18,4707.47,4707.73,1137,23,1
1776932100,4707.73,4707.95,4705.75,4706.98,1536,23,1
1776932400,4706.97,4709.31,4706.05,4706.46,1256,23,1
1776932700,4706.47,4707.47,4705.35,4705.88,1237,23,1
1776933000,4705.88,4707.17,4692.42,4706.05,2136,23,1
1776933300,4706.04,4706.40,4702.03,4702.87,1796,23,1
1776933600,4702.87,4703.75,4700.79,4701.58,1743,23,1
1776933900,4701.60,4710.46,4701.57,4710.45,1703,23,1
1776934200,4710.45,4715.17,4710.44,4711.94,1812,23,1
1776934500,4711.94,4714.96,4710.95,4713.65,1732,23,1
1776934800,4713.59,4718.16,4713.24,4714.57,1790,23,1
1776935100,4714.55,4717.13,4711.37,4713.09,1937,23,1
1776935400,4713.09,4715.66,4710.66,4711.85,1745,23,1
1776935700,4711.85,4712.45,4709.43,4710.30,1680,23,1
1776936000,4710.30,4712.59,4708.53,4712.38,1665,23,1
1776936300,4712.38,4714.38,4711.09,4712.18,1436,23,1
1776936600,4712.16,4713.38,4710.55,4712.19,1450,23,1
1776936900,4712.19,4714.34,4709.25,4713.42,1602,23,1
1776937200,4713.42,4717.24,4713.15,4715.06,1628,23,1
1776937500,4715.08,4720.16,4713.74,4716.24,1872,23,1
1776937800,4716.25,4721.23,4714.35,4714.40,1786,23,1
1776938100,4714.40,4717.01,4711.98,4712.87,1589,23,1
1776938400,4712.91,4713.36,4707.47,4712.63,2042,23,1
1776938700,4712.66,4715.32,4709.49,4709.93,1848,23,1
1776939000,4709.96,4716.55,4709.01,4712.29,1734,23,1
1776939300,4712.29,4713.95,4709.08,4712.66,1920,23,1
1776939600,4712.64,4713.02,4703.02,4705.66,1998,23,1
1776939900,4705.66,4709.94,4704.79,4706.08,1661,23,1
1776940200,4706.08,4711.57,4703.49,4710.88,1727,23,1
1776940500,4710.85,4713.38,4709.18,4709.42,1684,23,1
1776940800,4709.34,4713.73,4708.40,4713.73,1522,23,1
1776941100,4713.74,4720.45,4713.39,4720.30,1679,23,1
1776941400,4720.32,4720.50,4715.57,4716.00,1556,23,1
1776941700,4716.01,4720.05,4715.94,4719.11,1460,23,1
1776942000,4719.10,4724.85,4718.93,4721.45,1749,23,1
1776942300,4721.41,4723.12,4718.12,4718.69,1586,23,1
1776942600,4718.69,4720.74,4717.51,4718.17,1517,23,1
1776942900,4718.17,4721.19,4717.46,4720.37,1402,23,1
1776943200,4720.37,4721.85,4716.86,4718.26,1407,23,1
1776943500,4718.25,4720.96,4714.95,4715.27,1479,23,1
1776943800,4715.27,4716.11,4708.37,4709.75,1774,23,1
1776944100,4709.75,4710.87,4704.81,4707.75,1749,23,1
1776944400,4707.73,4709.13,4703.46,4703.77,1701,23,1
1776944700,4703.77,4706.45,4701.67,4705.93,1613,23,1
1776945000,4705.93,4707.48,4703.95,4704.62,1411,23,1
1776945300,4704.62,4706.43,4703.11,4703.29,1406,23,1
1776945600,4703.29,4703.67,4695.21,4696.78,1868,23,1
1776945900,4696.82,4700.46,4694.67,4695.43,1924,23,1
1776946200,4695.43,4700.89,4695.34,4696.98,1712,23,1
1776946500,4696.96,4702.61,4695.59,4699.91,1873,23,1
1776946800,4699.91,4702.64,4699.09,4702.11,1575,23,1
1776947100,4702.08,4703.07,4699.77,4700.93,1416,23,1
1776947400,4700.90,4703.05,4700.58,4701.39,1590,23,1
1776947700,4701.37,4703.07,4699.44,4700.68,1470,23,1
1776948000,4700.68,4701.70,4699.00,4700.93,1554,23,1
1776948300,4700.94,4702.14,4698.37,4698.97,1447,23,1
1776948600,4698.98,4701.44,4694.75,4697.23,1689,23,1
1776948900,4697.23,4699.81,4695.58,4697.60,1483,23,1
1776949200,4697.60,4701.35,4696.45,4700.71,1645,23,1
1776949500,4700.70,4701.67,4691.39,4691.43,1530,23,1
1776949800,4691.42,4692.65,4685.09,4689.06,1857,23,1
1776950100,4689.04,4692.59,4688.32,4688.36,1641,23,1
1776950400,4688.27,4690.58,4684.41,4687.23,1792,23,1
1776950700,4687.23,4692.18,4686.47,4686.61,1580,23,1
1776951000,4686.62,4693.20,4684.28,4692.39,1803,23,1
1776951300,4692.43,4694.00,4689.92,4693.86,1619,23,1
1776951600,4693.83,4696.90,4689.85,4690.68,1738,23,1
1776951900,4690.69,4693.73,4689.42,4690.17,1405,23,1
1776952200,4690.17,4691.94,4689.84,4691.33,1353,23,1
1776952500,4691.33,4697.23,4691.21,4696.63,1541,23,1
1776952800,4696.58,4699.96,4695.82,4698.59,1880,23,1
1776953100,4698.59,4700.04,4695.55,4697.78,1515,23,1
1776953400,4697.76,4700.21,4696.78,4697.91,1381,23,1
1776953700,4697.89,4702.44,4696.40,4702.32,1427,23,1
1776954000,4702.34,4703.34,4700.27,4701.20,1327,23,1
1776954300,4701.20,4701.99,4697.24,4699.24,1290,23,1
1776954600,4699.24,4701.40,4696.54,4697.64,1638,23,1
1776954900,4697.64,4703.44,4697.27,4702.40,1731,23,1
1776955200,4702.40,4705.99,4702.00,4705.36,1794,23,1
1776955500,4705.36,4710.76,4704.83,4706.09,1893,23,1
1776955800,4706.09,4715.28,4705.27,4714.92,2020,23,1
1776956100,4714.92,4720.89,4713.92,4720.60,1925,23,1
1776956400,4720.59,4732.49,4719.73,4730.63,2342,23,1
1776956700,4730.63,4738.78,4729.20,4729.66,2334,23,1
1776957000,4729.66,4735.66,4727.70,4729.14,2253,23,1
1776957300,4729.12,4734.59,4725.89,4731.54,2076,23,1
1776957600,4731.54,4733.82,4728.28,4732.71,2031,23,1
1776957900,4732.71,4735.04,4730.81,4733.32,1618,23,1
1776958200,4733.47,4741.50,4733.26,4738.73,2099,23,1
1776958500,4738.72,4739.68,4735.65,4736.61,2007,23,1
1776958800,4736.61,4742.42,4736.22,4739.43,1788,23,1
1776959100,4739.43,4742.26,4731.48,4735.30,2351,23,1
1776959400,4735.33,4738.56,4733.66,4737.36,2123,23,1
1776959700,4737.46,4743.10,4736.55,4740.13,2029,23,1
1776960000,4740.06,4740.64,4729.97,4733.54,2360,23,1
1776960300,4733.51,4734.02,4727.07,4727.31,1980,23,1
1776960600,4727.26,4729.29,4723.97,4725.58,1916,23,1
1776960900,4725.63,4730.43,4725.49,4726.43,1856,23,1
1776961200,4726.43,4730.82,4726.23,4729.71,1838,23,1
1776961500,4729.71,4729.80,4726.02,4727.49,1799,23,1
1776961800,4727.46,4732.71,4724.50,4724.96,2475,23,1
1776962100,4724.96,4730.95,4724.96,4730.82,2437,23,1
1776962400,4730.84,4735.50,4729.81,4734.61,2175,23,1
1776962700,4734.58,4738.38,4730.50,4737.59,2194,23,1
1776963000,4737.59,4741.18,4734.36,4735.41,2297,23,1
1776963300,4735.40,4735.61,4724.31,4724.41,2404,23,1
1776963600,4724.39,4725.51,4717.05,4723.75,2629,23,1
1776963900,4723.72,4728.72,4719.22,4721.38,2490,23,1
1776964200,4721.37,4724.73,4719.20,4724.30,2392,23,1
1776964500,4724.21,4728.21,4723.70,4724.14,2314,23,1
1776964800,4724.11,4731.15,4723.39,4730.46,2286,23,1
1776965100,4730.52,4735.94,4729.86,4731.35,2217,23,1
1776965400,4731.40,4734.41,4729.31,4729.35,2154,23,1
1776965700,4729.36,4734.58,4726.09,4728.32,2264,23,1
1776966000,4728.31,4731.73,4727.29,4731.00,2188,23,1
1776966300,4730.95,4733.76,4728.08,4730.49,2112,23,1
1776966600,4730.54,4736.04,4728.62,4735.04,2133,23,1
1776966900,4735.13,4736.60,4733.25,4733.62,2098,23,1
1776967200,4733.54,4734.78,4731.32,4733.37,2044,23,1
1776967500,4733.37,4733.63,4726.74,4728.64,2033,23,1
1776967800,4728.64,4732.78,4728.64,4730.74,1875,23,1
1776968100,4730.74,4740.99,4729.87,4738.43,2198,23,1
1776968400,4738.41,4739.95,4736.08,4736.97,2098,23,1
1776968700,4736.97,4738.01,4733.18,4733.52,1954,23,1
1776969000,4733.51,4734.78,4729.89,4733.13,2021,23,1
1776969300,4733.13,4733.40,4730.55,4731.54,1665,23,1
1776969600,4731.55,4733.60,4728.02,4728.02,1767,23,1
1776969900,4728.04,4728.45,4719.97,4724.90,2420,23,1
1776970200,4724.93,4725.02,4717.03,4717.16,2219,23,1
1776970500,4717.18,4722.17,4716.54,4720.48,2182,23,1
1776970800,4720.49,4721.72,4717.15,4717.68,2032,23,1
1776971100,4717.71,4720.42,4715.64,4720.31,2134,23,1
1776971400,4720.33,4722.53,4718.01,4719.39,1922,23,1
1776971700,4719.42,4722.96,4718.99,4722.79,1847,23,1
1776972000,4722.82,4724.64,4720.95,4723.19,1743,23,1
1776972300,4723.15,4725.06,4722.33,4723.24,1727,23,1
1776972600,4723.24,4729.12,4722.59,4728.46,1583,23,1
1776972900,4728.39,4730.28,4726.56,4727.90,1720,23,1
1776973200,4727.91,4734.57,4727.57,4734.04,1797,23,1
1776973500,4734.03,4736.22,4732.99,4734.99,1719,23,1
1776973800,4734.99,4737.12,4733.67,4733.69,1679,23,1
1776974100,4733.67,4735.71,4730.65,4732.96,1784,23,1
1776974400,4732.96,4734.47,4722.63,4725.36,2340,23,1
1776974700,4725.39,4725.58,4709.08,4710.54,2615,23,1
1776975000,4710.61,4716.59,4705.99,4716.04,2690,23,1
1776975300,4716.09,4717.71,4704.54,4708.89,2660,23,1
1776975600,4708.89,4712.53,4704.59,4707.43,2599,23,1
1776975900,4707.43,4718.02,4705.26,4706.51,2595,23,1
1776976200,4706.53,4712.47,4702.64,4711.83,2577,23,1
1776976500,4711.81,4714.01,4698.19,4698.67,2589,23,1
1776976800,4698.67,4699.16,4673.25,4677.44,2753,23,1
1776977100,4677.59,4685.59,4664.20,4683.34,2796,23,1
1776977400,4683.34,4709.36,4678.68,4696.21,2758,23,1
1776977700,4696.27,4710.94,4694.35,4709.38,2795,23,1
1776978000,4709.40,4721.98,4707.84,4714.26,2677,23,1
1776978300,4714.25,4717.58,4710.35,4710.44,2510,23,1
1776978600,4710.43,4719.55,4709.85,4713.79,2509,23,1
1776978900,4713.77,4716.55,4711.28,4713.73,2361,23,1
1776979200,4713.71,4716.45,4710.91,4712.86,2309,23,1
1776979500,4712.84,4716.72,4711.63,4716.68,2167,23,1
1776979800,4716.70,4720.17,4716.03,4718.60,2008,23,1
1776980100,4718.64,4720.39,4713.59,4714.03,2140,23,1
1776980400,4714.03,4714.87,4707.28,4711.26,2079,23,1
1776980700,4711.26,4711.93,4705.98,4706.52,2028,23,1
1776981000,4706.57,4711.78,4705.41,4709.69,2072,23,1
1776981300,4709.71,4709.76,4699.38,4701.08,2005,23,1
1776981600,4701.10,4704.47,4693.46,4695.60,2457,23,1
1776981900,4695.60,4699.57,4695.59,4696.03,2188,23,1
1776982200,4695.90,4697.32,4692.68,4696.21,2070,23,1
1776982500,4696.21,4699.25,4695.41,4699.08,1877,23,1
1776982800,4699.07,4702.22,4696.99,4701.49,1830,23,1
1776983100,4701.49,4702.57,4697.83,4700.09,1690,23,1
1776983400,4700.09,4701.22,4693.43,4694.21,1900,23,1
1776983700,4694.21,4695.84,4689.42,4692.70,2280,23,1
1776984000,4692.70,4695.67,4691.34,4692.38,2042,23,1
1776984300,4692.38,4697.49,4692.17,4696.77,1938,23,1
1776984600,4696.77,4700.06,4693.81,4699.20,2170,23,1
1776984900,4699.13,4699.92,4695.41,4696.00,2227,23,1
1776985200,4696.06,4697.46,4693.88,4697.25,1752,23,1
1776985500,4697.30,4698.24,4695.08,4696.63,1543,23,1
1776985800,4696.62,4697.09,4690.50,4690.66,1323,23,1
1776986100,4690.63,4691.99,4686.49,4691.19,1528,23,1
1776986400,4691.20,4692.60,4689.91,4692.38,1183,23,1
1776986700,4692.39,4692.63,4688.94,4689.41,983,23,1
1776987000,4689.41,4691.23,4689.31,4690.08,915,23,1
1776987300,4690.10,4690.52,4688.16,4690.21,845,23,1
1776987600,4690.21,4691.60,4689.10,4691.30,725,23,1
1776987900,4691.32,4692.12,4690.56,4690.70,934,23,1
1776988200,4690.70,4691.07,4688.43,4690.46,1022,23,1
1776988500,4690.38,4693.23,4690.38,4692.89,667,23,1
1776992400,4700.96,4703.12,4694.81,4695.39,1310,23,1
1776992700,4695.38,4699.20,4695.01,4697.31,977,23,1
1776993000,4697.31,4699.22,4695.24,4697.31,820,23,1
1776993300,4697.31,4697.31,4693.26,4693.93,699,23,1
1776993600,4693.93,4696.19,4692.15,4694.31,937,23,1
1776993900,4694.31,4695.22,4692.76,4692.78,791,23,1
1776994200,4692.78,4695.25,4692.74,4693.57,922,23,1
1776994500,4693.57,4696.83,4691.96,4692.02,1023,23,1
1776994800,4691.91,4693.84,4690.81,4693.66,1057,23,1
1776995100,4693.66,4694.54,4692.14,4692.23,870,23,1
1776995400,4692.28,4693.05,4690.06,4690.91,758,23,1
1776995700,4690.87,4693.31,4690.41,4693.22,828,23,1
1776996000,4693.22,4695.55,4691.94,4694.01,1135,23,1
1776996300,4694.01,4694.48,4690.36,4690.39,837,23,1
1776996600,4690.39,4692.54,4689.66,4689.66,834,23,1
1776996900,4689.70,4690.39,4686.94,4688.48,1211,23,1
1776997200,4688.41,4691.80,4688.38,4688.98,1014,23,1
1776997500,4688.98,4694.59,4688.76,4694.41,1038,23,1
1776997800,4694.41,4699.31,4693.50,4699.09,1280,23,1
1776998100,4699.09,4700.77,4696.80,4696.81,1215,23,1
1776998400,4696.81,4698.49,4696.80,4697.36,881,23,1
1776998700,4697.36,4699.52,4696.17,4696.74,1295,23,1
1776999000,4696.74,4697.49,4695.39,4697.36,1296,23,1
1776999300,4697.36,4697.70,4692.19,4695.41,1150,23,1
1776999600,4695.43,4700.12,4691.00,4691.72,1958,20,1
1776999900,4691.74,4698.04,4691.74,4696.35,1828,23,1
1777000200,4696.34,4698.79,4693.70,4698.11,1735,23,1
1777000500,4698.11,4700.47,4696.98,4697.10,1712,23,1
1777000800,4697.11,4701.04,4696.50,4700.71,1774,23,1
1777001100,4700.71,4705.66,4699.47,4705.46,1669,23,1
1777001400,4705.47,4707.91,4702.87,4704.44,1771,23,1
1777001700,4704.46,4707.50,4703.62,4704.16,1584,23,1
1777002000,4704.13,4704.39,4701.33,4701.60,1720,23,1
1777002300,4701.60,4703.26,4697.34,4699.38,1881,23,1
1777002600,4699.38,4703.20,4697.83,4703.20,1744,23,1
1777002900,4703.24,4705.90,4700.65,4704.62,1590,23,1
1777003200,4704.62,4707.99,4697.56,4698.90,2253,23,1
1777003500,4698.90,4704.36,4695.90,4703.99,2166,23,1
1777003800,4703.99,4710.03,4703.19,4709.36,1942,23,1
1777004100,4709.36,4711.07,4704.98,4705.38,1861,23,1
1777004400,4705.38,4705.51,4701.70,4704.06,1772,23,1
1777004700,4704.06,4704.09,4698.30,4698.41,1756,23,1
1777005000,4698.44,4702.35,4690.85,4693.52,2135,23,1
1777005300,4693.69,4697.68,4692.78,4695.75,2021,23,1
1777005600,4695.94,4697.85,4690.43,4690.92,2042,23,1
1777005900,4690.94,4697.12,4690.32,4697.01,2013,23,1
1777006200,4697.01,4697.07,4693.35,4695.58,1733,23,1
1777006500,4695.58,4700.67,4693.88,4699.54,1840,23,1
1777006800,4699.54,4700.63,4695.00,4696.99,1975,23,1
1777007100,4696.99,4698.99,4694.80,4694.82,1722,23,1
1777007400,4694.91,4694.91,4690.17,4693.09,2050,23,1
1777007700,4693.10,4696.17,4690.14,4691.81,1708,23,1
1777008000,4691.81,4692.33,4684.84,4684.92,1754,23,1
1777008300,4684.89,4686.84,4682.06,4683.68,1850,23,1
1777008600,4683.68,4690.92,4683.67,4689.07,2032,23,1
1777008900,4689.12,4689.39,4682.94,4683.53,1926,23,1
1777009200,4683.54,4683.72,4680.18,4683.40,1920,23,1
1777009500,4683.40,4684.03,4675.27,4675.93,1983,23,1
1777009800,4675.93,4678.73,4675.12,4678.33,1925,23,1
1777010100,4678.35,4679.01,4673.17,4676.77,2009,23,1
1777010400,4676.77,4678.33,4671.49,4672.67,1969,23,1
1777010700,4672.67,4674.71,4669.60,4670.45,1876,23,1
1777011000,4670.43,4671.86,4668.69,4670.39,1722,23,1
1777011300,4670.36,4674.23,4670.26,4673.60,1659,23,1
1777011600,4673.63,4677.27,4673.52,4674.77,1749,23,1
1777011900,4674.76,4678.10,4673.21,4674.46,1837,23,1
1777012200,4674.44,4677.15,4672.89,4676.57,1790,23,1
1777012500,4676.55,4677.72,4674.38,4676.95,1504,23,1
1777012800,4676.92,4678.22,4674.96,4675.28,1205,23,1
1777013100,4675.28,4676.82,4674.01,4675.24,1151,23,1
1777013400,4675.24,4675.91,4673.88,4673.93,1080,23,1
1777013700,4673.93,4673.97,4671.43,4672.14,1267,23,1
1777014000,4672.14,4672.14,4667.42,4670.79,1608,23,1
1777014300,4670.86,4674.46,4669.34,4674.16,1333,23,1
1777014600,4674.16,4674.67,4669.88,4669.96,1265,23,1
1777014900,4669.96,4670.70,4668.10,4669.20,1343,23,1
1777015200,4669.20,4669.20,4661.57,4661.72,1640,23,1
1777015500,4661.55,4662.65,4659.25,4659.43,1522,23,1
1777015800,4659.43,4661.73,4657.77,4661.59,1558,23,1
1777016100,4661.64,4666.18,4660.68,4666.04,1423,23,1
1777016400,4666.04,4668.50,4664.77,4668.16,1397,23,1
1777016700,4668.16,4676.89,4668.04,4675.98,1645,23,1
1777017000,4675.98,4676.10,4673.47,4674.20,1268,23,1
1777017300,4674.20,4675.68,4673.48,4674.43,1062,23,1
1777017600,4674.43,4676.83,4673.41,4673.54,1290,23,1
1777017900,4673.54,4674.30,4670.24,4670.62,1291,23,1
1777018200,4670.62,4673.87,4669.61,4673.35,1230,23,1
1777018500,4673.38,4675.80,4672.05,4674.82,1347,23,1
1777018800,4674.82,4676.51,4673.38,4676.29,1290,23,1
1777019100,4676.29,4678.51,4676.14,4676.46,1113,23,1
1777019400,4676.46,4684.61,4676.46,4684.47,1706,23,1
1777019700,4684.55,4685.09,4681.98,4684.49,1720,23,1
1777020000,4684.49,4687.31,4681.23,4682.65,1801,23,1
1777020300,4682.65,4684.26,4680.33,4680.80,1883,23,1
1777020600,4680.80,4684.56,4680.37,4684.31,1690,23,1
1777020900,4684.31,4686.78,4682.91,4686.38,1549,23,1
1777021200,4686.38,4688.01,4683.14,4683.32,1698,23,1
1777021500,4683.31,4685.13,4682.17,4683.16,1633,23,1
1777021800,4683.16,4684.01,4680.84,4681.87,1708,23,1
1777022100,4681.86,4682.04,4676.71,4678.14,1654,23,1
1777022400,4678.14,4678.29,4673.49,4673.78,1742,23,1
1777022700,4673.77,4674.36,4670.05,4671.46,1796,23,1
1777023000,4671.46,4675.55,4671.39,4672.04,1757,23,1
1777023300,4671.99,4675.15,4671.93,4675.15,1729,23,1
1777023600,4675.10,4676.15,4669.93,4673.71,1613,23,1
1777023900,4673.69,4673.91,4668.78,4669.64,1904,23,1
1777024200,4669.66,4675.05,4666.80,4675.04,1792,23,1
1777024500,4674.92,4676.37,4671.56,4671.89,1756,23,1
1777024800,4671.89,4676.56,4671.01,4674.56,1675,23,1
1777025100,4674.40,4678.58,4674.05,4677.49,1517,23,1
1777025400,4677.49,4681.30,4676.78,4680.54,1253,23,1
1777025700,4680.54,4682.26,4678.21,4681.39,1393,23,1
1777026000,4681.39,4684.24,4679.96,4681.78,1496,23,1
1777026300,4681.76,4684.76,4681.76,4684.38,1338,23,1
1777026600,4684.33,4684.35,4682.24,4684.04,1427,23,1
1777026900,4684.04,4685.74,4683.29,4683.53,1247,23,1
1777027200,4683.40,4685.97,4682.88,4685.50,1359,23,1
1777027500,4685.51,4691.91,4685.26,4690.99,1601,23,1
1777027800,4690.94,4692.80,4690.37,4690.74,1360,23,1
1777028100,4690.71,4695.21,4690.00,4694.42,1440,23,1
1777028400,4694.42,4694.58,4686.54,4688.42,1787,23,1
1777028700,4688.42,4690.01,4686.48,4688.09,1667,23,1
1777029000,4688.07,4690.06,4686.72,4687.43,1498,23,1
1777029300,4687.44,4694.25,4687.41,4693.20,1835,23,1
1777029600,4693.18,4697.42,4691.85,4692.22,1697,23,1
1777029900,4692.22,4692.27,4686.69,4687.91,1726,23,1
1777030200,4687.75,4688.60,4685.84,4685.99,1634,23,1
1777030500,4686.11,4689.12,4685.03,4688.23,1541,23,1
1777030800,4688.24,4690.14,4687.41,4688.12,1295,23,1
1777031100,4688.12,4693.04,4687.67,4691.86,1429,23,1
1777031400,4691.86,4691.94,4689.50,4690.31,1279,23,1
1777031700,4690.31,4691.19,4688.74,4690.74,1353,23,1
1777032000,4690.75,4693.12,4689.67,4691.68,1671,23,1
1777032300,4691.68,4694.12,4690.55,4691.35,1425,23,1
1777032600,4691.32,4695.32,4691.00,4695.31,1478,23,1
1777032900,4695.31,4696.70,4692.82,4694.63,1549,23,1
1777033200,4694.65,4694.83,4686.24,4686.49,1658,23,1
1777033500,4686.49,4687.67,4682.31,4683.31,1808,23,1
1777033800,4683.28,4684.54,4679.37,4682.84,1663,23,1
1777034100,4682.86,4684.07,4680.98,4682.86,1474,23,1
1777034400,4682.89,4688.54,4682.26,4685.96,1564,23,1
1777034700,4685.96,4686.77,4684.39,4685.12,1191,23,1
1777035000,4685.16,4685.24,4679.32,4682.20,1464,23,1
1777035300,4682.20,4684.29,4680.02,4682.03,1469,23,1
1777035600,4682.03,4684.48,4681.44,4683.83,1466,23,1
1777035900,4683.83,4684.68,4680.88,4683.48,1219,23,1
1777036200,4683.50,4683.64,4681.07,4682.32,1192,23,1
1777036500,4682.29,4683.68,4681.37,4682.95,1218,23,1
1777036800,4682.95,4684.35,4680.27,4683.56,1383,23,1
1777037100,4683.59,4686.23,4682.21,4682.22,1447,23,1
1777037400,4682.22,4682.36,4675.22,4675.22,1561,23,1
1777037700,4675.34,4678.84,4674.63,4677.35,1372,23,1
1777038000,4677.35,4680.95,4677.09,4678.90,1193,23,1
1777038300,4678.90,4679.83,4677.69,4679.59,1190,23,1
1777038600,4679.58,4680.67,4676.62,4677.18,1060,23,1
1777038900,4677.18,4680.38,4676.80,4677.82,1284,23,1
1777039200,4677.83,4690.86,4677.79,4689.40,1818,23,1
1777039500,4689.54,4703.32,4687.35,4695.95,2646,23,1
1777039800,4695.97,4701.80,4695.58,4697.17,2349,23,1
1777040100,4697.17,4700.47,4692.51,4695.08,2098,23,1
1777040400,4695.08,4711.79,4692.58,4708.85,2485,23,1
1777040700,4709.17,4717.05,4706.60,4715.42,2409,23,1
1777041000,4715.38,4717.15,4710.25,4713.15,2283,23,1
1777041300,4712.92,4713.26,4706.29,4707.18,1992,23,1
1777041600,4707.15,4709.74,4705.09,4705.41,1761,23,1
1777041900,4705.41,4705.74,4702.87,4704.39,1791,23,1
1777042200,4704.39,4707.28,4703.16,4706.48,1662,23,1
1777042500,4706.48,4708.29,4705.18,4706.84,1691,23,1
1777042800,4706.85,4709.96,4705.04,4707.39,2179,23,1
1777043100,4707.32,4707.85,4703.34,4705.47,1879,23,1
1777043400,4705.52,4710.16,4705.31,4708.65,1783,23,1
1777043700,4708.64,4711.82,4701.51,4705.94,1915,23,1
1777044000,4706.03,4711.52,4703.79,4709.09,2108,23,1
1777044300,4709.09,4710.75,4707.28,4710.58,1760,23,1
1777044600,4710.48,4711.57,4705.81,4705.94,1791,23,1
1777044900,4705.94,4707.45,4703.53,4705.82,2024,23,1
1777045200,4705.82,4706.92,4698.70,4698.75,1957,23,1
1777045500,4698.75,4699.35,4690.40,4692.32,1982,23,1
1777045800,4692.32,4695.37,4690.51,4693.56,2092,23,1
1777046100,4693.57,4701.08,4693.47,4700.73,2021,23,1
1777046400,4700.73,4703.13,4696.29,4697.81,2343,23,1
1777046700,4697.80,4702.94,4696.11,4700.36,2026,23,1
1777047000,4700.36,4705.65,4699.27,4702.94,2080,23,1
1777047300,4702.93,4705.13,4699.68,4702.28,1951,23,1
1777047600,4702.26,4704.21,4695.54,4696.25,2133,23,1
1777047900,4696.26,4697.35,4693.58,4697.02,2239,23,1
1777048200,4697.01,4699.62,4689.78,4692.15,2619,23,1
1777048500,4692.14,4704.45,4691.56,4703.90,2464,23,1
1777048800,4703.92,4709.70,4702.35,4708.22,2500,23,1
1777049100,4708.22,4717.37,4706.20,4712.01,2528,23,1
1777049400,4712.03,4712.63,4705.04,4706.13,2426,23,1
1777049700,4706.13,4712.93,4704.75,4711.76,2269,23,1
1777050000,4711.80,4715.37,4706.94,4713.11,2635,23,1
1777050300,4713.15,4731.03,4712.86,4728.11,2710,23,1
1777050600,4728.11,4740.25,4725.65,4731.53,2570,23,1
1777050900,4731.19,4733.57,4727.00,4731.39,2517,23,1
1777051200,4731.43,4734.02,4726.51,4728.29,2538,23,1
1777051500,4728.27,4728.55,4721.55,4725.53,2481,23,1
1777051800,4725.58,4731.57,4723.71,4728.88,2419,23,1
1777052100,4728.89,4732.11,4726.15,4729.84,2476,23,1
1777052400,4729.84,4732.91,4727.72,4730.29,2333,23,1
1777052700,4730.30,4731.22,4725.29,4727.73,2258,23,1
1777053000,4727.72,4729.34,4724.80,4725.64,2239,23,1
1777053300,4725.67,4727.27,4724.09,4726.40,2022,23,1
1777053600,4726.40,4727.23,4721.84,4722.23,2202,23,1
1777053900,4722.24,4724.63,4718.82,4724.32,2263,23,1
1777054200,4724.32,4725.11,4719.97,4721.92,2140,23,1
1777054500,4721.85,4723.14,4719.81,4721.40,2043,23,1
1777054800,4721.55,4726.35,4720.80,4721.55,1997,23,1
1777055100,4721.57,4722.72,4718.68,4721.93,2090,23,1
1777055400,4721.90,4724.81,4718.13,4718.24,2007,23,1
1777055700,4718.29,4720.22,4717.42,4718.84,2134,23,1
1777056000,4718.81,4729.54,4714.95,4727.76,2108,23,1
1777056300,4727.97,4733.41,4724.03,4724.03,2735,23,1
1777056600,4724.03,4730.71,4724.01,4729.22,2538,23,1
1777056900,4729.21,4729.99,4725.39,4727.19,2314,23,1
1777057200,4727.21,4729.70,4723.92,4725.81,2274,23,1
1777057500,4725.83,4726.61,4720.66,4721.75,2055,23,1
1777057800,4721.73,4723.80,4720.25,4720.51,2041,23,1
1777058100,4720.55,4720.98,4719.15,4720.59,1980,23,1
1777058400,4720.60,4724.60,4720.57,4724.15,1834,23,1
1777058700,4724.16,4725.83,4722.58,4723.30,1793,23,1
1777059000,4723.30,4727.14,4723.30,4725.78,1898,23,1
1777059300,4725.78,4725.82,4723.70,4724.13,1586,23,1
1777059600,4724.17,4724.30,4719.33,4722.54,1858,23,1
1777059900,4722.58,4724.65,4720.35,4721.76,1815,23,1
1777060200,4721.75,4724.73,4721.75,4724.26,1723,23,1
1777060500,4724.24,4727.73,4723.56,4726.84,1807,23,1
1777060800,4726.82,4730.00,4726.82,4728.15,2089,23,1
1777061100,4728.16,4729.08,4725.66,4727.67,1898,23,1
1777061400,4727.72,4728.21,4726.13,4727.84,1718,23,1
1777061700,4727.78,4729.33,4725.95,4728.82,1563,23,1
1777062000,4728.85,4728.98,4723.08,4726.71,1710,23,1
1777062300,4726.69,4727.95,4722.36,4722.92,1758,23,1
1777062600,4722.94,4723.43,4719.05,4720.92,1955,23,1
1777062900,4720.92,4725.55,4720.68,4721.81,1696,23,1
1777063200,4721.81,4723.30,4721.68,4722.56,1562,23,1
1777063500,4722.56,4723.20,4721.42,4722.09,1299,23,1
1777063800,4722.09,4727.75,4720.60,4724.90,1493,23,1
1777064100,4724.94,4726.37,4723.23,4723.39,1816,23,1
1777064400,4723.39,4724.81,4722.44,4722.61,1754,23,1
1777064700,4722.62,4722.79,4719.96,4722.49,1677,23,1
1777065000,4722.52,4724.83,4722.44,4723.79,1431,23,1
1777065300,4723.79,4724.31,4720.70,4721.36,1546,23,1
1777065600,4721.36,4722.57,4719.74,4721.18,1623,23,1
1777065900,4721.15,4721.15,4717.02,4717.19,1557,23,1
1777066200,4717.18,4720.41,4716.85,4719.69,1534,23,1
1777066500,4719.69,4720.49,4718.59,4719.93,1359,23,1
1777066800,4719.93,4720.51,4718.00,4718.89,1192,23,1
1777067100,4718.89,4719.74,4717.78,4718.64,1279,23,1
1777067400,4718.64,4721.10,4718.10,4720.26,1445,23,1
1777067700,4720.25,4723.27,4719.74,4722.73,1312,23,1
1777068000,4722.73,4726.03,4721.65,4723.58,1409,23,1
1777068300,4723.55,4724.13,4722.12,4722.14,1327,23,1
1777068600,4722.14,4722.81,4720.98,4722.41,1392,23,1
1777068900,4722.41,4723.28,4720.17,4721.25,1317,23,1
1777069200,4721.25,4721.25,4717.40,4717.89,1230,23,1
1777069500,4717.89,4719.16,4717.57,4719.06,1545,23,1
1777069800,4719.06,4720.64,4718.33,4718.43,1475,23,1
1777070100,4718.43,4718.52,4716.01,4717.37,1482,23,1
1777070400,4717.37,4717.89,4716.05,4716.77,1440,23,1
1777070700,4716.77,4718.57,4715.79,4716.28,1519,23,1
1777071000,4716.28,4717.58,4715.74,4716.75,1683,23,1
1777071300,4716.76,4717.65,4713.65,4717.12,1952,23,1
1777071600,4716.42,4717.42,4711.12,4711.32,1315,23,1
1777071900,4711.32,4712.33,4708.74,4709.13,1146,23,1
1777072200,4709.13,4710.36,4705.46,4706.71,1125,23,1
1777072500,4706.71,4707.55,4705.41,4705.96,833,23,1
1777072800,4705.96,4708.15,4705.74,4707.37,999,23,1
1777073100,4707.38,4709.59,4706.34,4708.13,1004,23,1
1777073400,4708.13,4708.54,4705.44,4705.44,835,23,1
1777073700,4705.53,4708.74,4705.31,4707.35,926,23,1
1777074000,4707.35,4707.75,4705.57,4707.50,899,23,1
1777074300,4707.50,4709.06,4706.99,4707.25,1052,23,1
1777074600,4707.25,4709.54,4706.74,4708.21,1026,23,1
1777074900,4708.21,4708.21,4707.12,4707.35,294,23,1
1777251600,4697.27,4704.98,4692.65,4696.93,2251,28,1
1777251900,4697.07,4697.07,4681.61,4681.72,1911,28,1
1777252200,4681.63,4685.88,4680.05,4685.41,1618,28,1
1777252500,4685.41,4688.62,4684.04,4688.62,1433,28,1
1777252800,4688.62,4688.62,4683.18,4684.71,1395,28,1
1777253100,4684.71,4687.42,4683.00,4686.81,1086,28,1
1777253400,4686.81,4686.89,4682.22,4683.53,1374,23,1
1777253700,4683.53,4686.29,4683.34,4686.10,1043,23,1
1777254000,4686.10,4686.18,4683.92,4684.53,1072,23,1
1777254300,4684.53,4685.61,4683.43,4684.88,838,23,1
1777254600,4684.88,4685.52,4682.03,4684.38,986,23,1
1777254900,4684.38,4685.94,4683.77,4684.55,987,23,1
1777255200,4684.62,4684.62,4677.61,4681.41,1567,23,1
1777255500,4681.33,4684.44,4681.30,4683.34,1131,23,1
1777255800,4683.34,4684.87,4682.93,4683.65,918,23,1
1777256100,4683.63,4684.50,4683.29,4683.57,824,23,1
1777256400,4683.57,4683.77,4681.17,4682.58,828,23,1
1777256700,4682.58,4682.67,4677.26,4677.33,1007,23,1
1777257000,4677.42,4679.75,4676.55,4679.00,1205,23,1
1777257300,4679.00,4680.00,4675.64,4676.77,1019,23,1
1777257600,4676.69,4678.24,4675.04,4676.86,1243,23,1
1777257900,4676.86,4682.14,4676.86,4680.63,1279,23,1
1777258200,4680.63,4681.78,4678.93,4681.14,986,23,1
1777258500,4681.14,4681.82,4679.75,4680.01,997,23,1
1777258800,4679.98,4681.16,4675.18,4678.94,1833,20,1
1777259100,4678.92,4679.57,4672.14,4675.66,1948,23,1
1777259400,4675.66,4679.90,4675.65,4679.84,1353,23,1
1777259700,4679.84,4681.38,4677.83,4678.84,1688,23,1
1777260000,4678.85,4680.38,4677.67,4678.93,1439,23,1
1777260300,4678.93,4682.27,4677.80,4680.82,1381,23,1
1777260600,4680.78,4681.50,4677.30,4678.22,1334,23,1
1777260900,4678.20,4679.46,4676.83,4679.25,1279,23,1
1777261200,4679.29,4680.96,4678.09,4680.62,1016,23,1
1777261500,4680.62,4682.96,4680.60,4682.49,1160,23,1
1777261800,4682.49,4689.01,4682.45,4688.63,1242,23,1
1777262100,4688.60,4698.09,4688.60,4697.72,1826,23,1
1777262400,4697.73,4709.77,4694.67,4708.00,2594,23,1
1777262700,4708.01,4708.73,4696.94,4698.24,2350,23,1
1777263000,4698.14,4702.35,4692.17,4692.86,2158,23,1
1777263300,4692.86,4696.60,4690.90,4695.88,2096,23,1
1777263600,4695.97,4698.66,4694.48,4697.07,2014,23,1
1777263900,4697.02,4698.09,4692.79,4698.03,2086,23,1
1777264200,4698.05,4700.88,4695.74,4697.51,2056,23,1
1777264500,4697.49,4699.89,4696.33,4699.89,1920,23,1
1777264800,4699.89,4700.52,4696.78,4697.95,1908,23,1
1777265100,4697.93,4701.90,4697.78,4701.53,1807,23,1
1777265400,4701.63,4706.47,4701.29,4702.88,1849,23,1
1777265700,4702.89,4704.31,4700.05,4702.62,1854,23,1
1777266000,4702.63,4706.57,4700.73,4702.35,1898,23,1
1777266300,4702.22,4702.28,4696.50,4698.60,1782,23,1
1777266600,4698.59,4700.29,4696.24,4699.65,1577,23,1
1777266900,4699.65,4708.26,4698.91,4705.28,1577,23,1
1777267200,4705.26,4707.19,4704.32,4705.25,1373,23,1
1777267500,4705.20,4706.70,4704.84,4705.75,1215,23,1
1777267800,4705.76,4707.67,4704.36,4705.64,1802,23,1
1777268100,4705.64,4714.42,4705.61,4712.15,1765,23,1
1777268400,4712.15,4714.04,4710.78,4713.44,1708,23,1
1777268700,4713.44,4719.19,4712.09,4718.41,1814,23,1
1777269000,4718.41,4722.85,4717.53,4721.38,1701,23,1
1777269300,4721.38,4723.41,4718.15,4718.15,1634,23,1
1777269600,4718.15,4722.20,4718.09,4720.27,1687,23,1
1777269900,4720.27,4721.05,4718.83,4720.38,1434,23,1
1777270200,4720.38,4721.77,4716.38,4717.80,1536,23,1
1777270500,4717.81,4718.51,4716.57,4716.89,1350,23,1
1777270800,4716.89,4718.48,4716.20,4716.34,1208,23,1
1777271100,4716.34,4716.58,4714.45,4715.64,1308,23,1
1777271400,4715.63,4722.25,4715.39,4721.95,1416,23,1
1777271700,4721.95,4725.18,4721.03,4723.86,1258,23,1
1777272000,4723.73,4729.36,4723.41,4728.30,1430,23,1
1777272300,4728.30,4728.69,4723.16,4724.27,1283,23,1
1777272600,4724.27,4726.19,4722.45,4725.07,1191,23,1
1777272900,4725.08,4726.39,4724.00,4724.16,1040,23,1
1777273200,4724.16,4726.72,4723.59,4726.34,1235,23,1
1777273500,4726.34,4727.52,4726.18,4727.06,927,23,1
1777273800,4727.06,4727.96,4726.00,4727.46,831,23,1
1777274100,4727.46,4727.93,4724.94,4726.46,928,23,1
1777274400,4726.45,4727.58,4726.00,4726.40,845,23,1
1777274700,4726.40,4727.10,4725.04,4726.88,824,23,1
1777275000,4726.88,4729.99,4726.84,4727.25,1032,23,1
1777275300,4727.24,4728.15,4725.36,4727.88,1090,23,1
1777275600,4727.88,4728.13,4726.04,4726.20,973,23,1
1777275900,4726.20,4726.61,4723.98,4724.32,933,23,1
1777276200,4724.32,4724.87,4723.20,4724.52,943,23,1
1777276500,4724.52,4726.33,4722.72,4724.94,1077,23,1
1777276800,4724.94,4725.47,4720.92,4721.25,1251,23,1
1777277100,4721.24,4722.06,4719.57,4719.61,1270,23,1
1777277400,4719.61,4720.41,4718.13,4718.33,1154,23,1
1777277700,4718.33,4718.65,4716.06,4717.95,1274,23,1
1777278000,4717.95,4719.24,4717.77,4719.14,996,23,1
1777278300,4719.14,4719.89,4717.66,4718.21,1098,23,1
1777278600,4718.21,4718.34,4711.63,4712.65,1798,23,1
1777278900,4712.87,4712.87,4709.56,4710.61,1829,23,1
1777279200,4710.62,4712.22,4709.08,4711.64,1509,23,1
1777279500,4711.66,4713.66,4711.28,4711.48,1264,23,1
1777279800,4711.48,4711.92,4708.76,4711.51,1561,23,1
1777280100,4711.53,4713.07,4709.78,4710.05,1518,23,1
1777280400,4710.04,4713.16,4709.29,4710.96,1767,23,1
1777280700,4710.96,4713.42,4709.34,4713.24,1911,23,1
1777281000,4713.24,4715.66,4713.16,4714.47,1611,23,1
1777281300,4714.49,4714.52,4711.60,4712.20,1487,23,1
1777281600,4712.19,4715.26,4711.39,4714.65,1443,23,1
1777281900,4714.66,4715.60,4712.46,4714.42,1400,23,1
1777282200,4714.41,4714.52,4709.36,4710.34,1668,23,1
1777282500,4710.34,4713.95,4709.65,4711.90,1565,23,1
1777282800,4711.90,4712.92,4710.32,4710.72,1456,23,1
1777283100,4710.72,4714.47,4709.96,4714.23,1425,23,1
1777283400,4714.23,4715.43,4713.27,4713.40,1274,23,1
1777283700,4713.38,4714.51,4711.96,4712.82,1337,23,1
1777284000,4712.82,4717.67,4710.89,4717.42,1731,23,1
1777284300,4717.43,4718.27,4714.76,4717.09,1662,23,1
1777284600,4717.06,4717.58,4714.17,4717.12,1405,23,1
1777284900,4717.12,4717.31,4712.34,4715.17,1479,23,1
1777285200,4715.16,4718.32,4713.62,4717.72,1462,23,1
1777285500,4717.73,4718.20,4714.24,4716.07,1393,23,1
1777285800,4716.07,4717.37,4713.73,4716.62,1422,23,1
1777286100,4716.62,4716.62,4713.47,4715.92,1338,23,1
1777286400,4715.92,4716.82,4714.56,4714.85,1424,23,1
1777286700,4714.84,4716.87,4713.11,4714.29,1415,23,1
1777287000,4714.31,4714.74,4709.96,4712.10,1586,23,1
1777287300,4712.10,4714.32,4711.76,4713.32,1597,23,1
1777287600,4713.33,4714.34,4710.33,4712.13,1909,23,1
1777287900,4712.16,4713.52,4710.34,4711.78,1702,23,1
1777288200,4711.81,4713.83,4710.20,4710.92,1676,23,1
1777288500,4710.92,4714.09,4710.48,4710.55,1539,23,1
1777288800,4710.55,4712.40,4709.46,4711.14,1433,23,1
1777289100,4711.14,4711.84,4709.44,4710.73,1604,23,1
1777289400,4710.71,4710.77,4707.04,4709.48,1695,23,1
1777289700,4709.48,4709.87,4706.98,4707.44,1369,23,1
1777290000,4707.44,4711.84,4705.35,4711.81,1579,23,1
1777290300,4711.81,4714.71,4711.43,4712.21,1368,23,1
1777290600,4712.20,4712.41,4706.84,4706.91,1449,23,1
1777290900,4706.92,4708.62,4705.52,4706.78,1338,23,1
1777291200,4706.79,4708.07,4705.61,4706.43,1319,23,1
1777291500,4706.43,4708.26,4704.32,4704.52,1194,23,1
1777291800,4704.54,4706.05,4702.51,4705.07,1362,23,1
1777292100,4705.08,4705.97,4703.45,4705.40,1326,23,1
1777292400,4705.40,4706.10,4704.80,4705.80,1091,23,1
1777292700,4705.80,4706.55,4701.58,4702.25,1198,23,1
1777293000,4702.28,4703.86,4699.52,4702.98,1332,23,1
1777293300,4702.99,4704.29,4700.71,4704.22,1318,23,1
1777293600,4704.22,4705.37,4703.27,4704.60,1001,23,1
1777293900,4704.60,4704.60,4700.16,4700.33,1117,23,1
1777294200,4700.34,4702.60,4699.54,4700.49,1174,23,1
1777294500,4700.45,4704.38,4700.43,4703.57,1208,23,1
1777294800,4703.57,4706.06,4702.74,4705.25,1089,23,1
1777295100,4705.25,4706.84,4703.44,4703.80,1210,23,1
1777295400,4703.80,4704.25,4701.55,4701.87,1008,23,1
1777295700,4701.87,4703.07,4699.48,4702.19,1110,23,1
1777296000,4702.19,4705.84,4702.19,4704.29,1031,23,1
1777296300,4704.29,4705.53,4703.38,4705.11,1006,23,1
1777296600,4705.11,4708.16,4704.62,4707.40,1174,23,1
1777296900,4707.40,4709.59,4705.29,4708.27,1273,23,1
1777297200,4708.27,4710.57,4708.26,4709.00,1222,23,1
1777297500,4708.99,4710.67,4707.81,4708.37,1356,23,1
1777297800,4708.37,4710.25,4707.09,4709.29,1242,23,1
1777298100,4709.29,4710.77,4708.25,4708.74,1270,23,1
1777298400,4708.78,4709.11,4705.32,4705.76,1580,23,1
1777298700,4705.78,4707.83,4705.40,4706.97,1190,23,1
1777299000,4706.97,4707.01,4703.92,4704.05,1329,23,1
1777299300,4704.05,4704.82,4700.61,4704.04,1386,23,1
1777299600,4704.04,4704.76,4700.30,4704.05,1641,23,1
1777299900,4704.01,4706.97,4703.14,4705.18,1303,23,1
1777300200,4705.18,4708.54,4704.35,4705.44,1524,23,1
1777300500,4705.44,4705.73,4700.87,4702.01,1424,23,1
1777300800,4702.01,4704.22,4700.07,4702.67,1229,23,1
1777301100,4702.67,4705.28,4702.65,4702.84,1078,23,1
1777301400,4702.84,4703.28,4701.01,4703.27,1051,23,1
1777301700,4703.27,4705.11,4700.89,4704.84,1224,23,1
1777302000,4704.83,4706.15,4702.56,4705.12,1578,23,1
1777302300,4705.13,4706.20,4702.55,4706.07,1507,23,1
1777302600,4706.07,4709.11,4704.14,4708.82,1590,23,1
1777302900,4708.82,4711.42,4707.30,4710.85,1763,23,1
1777303200,4710.85,4712.58,4708.03,4709.20,1575,23,1
1777303500,4709.23,4709.77,4702.08,4707.03,2001,23,1
1777303800,4707.03,4707.84,4704.03,4704.32,1598,23,1
1777304100,4704.30,4705.27,4701.16,4701.57,1671,23,1
1777304400,4701.59,4702.38,4697.09,4698.83,1903,23,1
1777304700,4698.83,4703.58,4697.58,4703.40,1797,23,1
1777305000,4703.40,4704.43,4701.53,4702.81,1521,23,1
1777305300,4702.81,4702.82,4697.02,4699.18,1832,23,1
1777305600,4699.21,4700.51,4693.33,4696.29,2323,23,1
1777305900,4696.23,4696.86,4693.36,4696.20,2112,23,1
1777306200,4696.20,4699.61,4694.00,4695.96,2092,23,1
1777306500,4695.96,4703.35,4695.51,4700.64,1991,23,1
1777306800,4700.65,4703.04,4699.07,4699.40,1738,23,1
1777307100,4699.41,4700.18,4697.57,4699.93,1687,23,1
1777307400,4699.92,4702.50,4693.71,4694.64,2489,23,1
1777307700,4694.57,4695.51,4689.28,4692.42,2429,23,1
1777308000,4692.41,4694.52,4691.04,4693.30,2319,23,1
1777308300,4693.29,4695.72,4689.55,4689.83,2372,23,1
1777308600,4689.82,4695.72,4689.36,4694.58,2378,23,1
1777308900,4694.61,4697.37,4692.73,4696.09,2244,23,1
1777309200,4696.14,4696.16,4691.92,4694.09,2401,23,1
1777309500,4694.09,4696.31,4688.54,4688.58,2407,23,1
1777309800,4688.79,4693.07,4687.97,4692.55,2322,23,1
1777310100,4692.53,4696.57,4690.74,4695.44,2369,23,1
1777310400,4695.27,4696.24,4691.85,4693.28,2149,23,1
1777310700,4693.17,4694.23,4686.21,4689.01,2297,23,1
1777311000,4688.95,4689.06,4683.58,4685.82,2371,23,1
1777311300,4685.82,4696.64,4685.56,4693.22,2409,23,1
1777311600,4693.22,4694.90,4690.05,4693.47,2197,23,1
1777311900,4693.45,4694.00,4690.53,4690.93,1984,23,1
1777312200,4690.94,4691.93,4679.97,4680.75,2200,23,1
1777312500,4680.71,4681.09,4676.63,4678.15,2250,23,1
1777312800,4678.15,4679.38,4667.94,4668.81,2338,23,1
1777313100,4668.85,4673.60,4667.19,4670.52,2285,23,1
1777313400,4670.39,4677.00,4670.39,4674.51,2300,23,1
1777313700,4674.53,4677.90,4672.89,4677.70,2110,23,1
1777314000,4677.70,4678.44,4671.97,4673.80,2166,23,1
1777314300,4673.78,4681.12,4672.00,4681.11,2020,23,1
1777314600,4681.10,4682.45,4677.00,4678.62,2066,23,1
1777314900,4678.62,4679.55,4677.20,4679.09,1817,23,1
1777315200,4679.09,4681.22,4677.33,4677.54,1902,23,1
1777315500,4677.59,4678.10,4674.23,4674.26,1952,23,1
1777315800,4674.29,4676.41,4671.01,4671.65,2092,23,1
1777316100,4671.66,4672.92,4668.02,4670.05,2079,23,1
1777316400,4670.07,4670.98,4667.29,4670.71,1870,23,1
1777316700,4670.71,4674.42,4670.50,4672.83,1863,23,1
1777317000,4672.82,4674.94,4672.69,4674.58,1732,23,1
1777317300,4674.58,4677.76,4674.06,4676.95,1582,23,1
1777317600,4676.94,4677.38,4674.75,4675.64,1770,23,1
1777317900,4675.67,4676.39,4673.68,4676.33,1646,23,1
1777318200,4676.34,4678.93,4676.05,4678.02,1600,23,1
1777318500,4678.02,4679.51,4677.11,4677.61,1699,23,1
1777318800,4677.63,4677.63,4674.35,4674.85,1426,23,1
1777319100,4674.85,4678.06,4674.75,4675.90,1405,23,1
1777319400,4675.90,4677.61,4675.06,4676.48,1395,23,1
1777319700,4676.51,4677.46,4675.83,4676.66,1457,23,1
1777320000,4676.68,4678.47,4673.92,4674.05,1709,23,1
1777320300,4674.05,4675.45,4673.07,4673.40,1578,23,1
1777320600,4673.40,4674.82,4671.72,4673.67,1728,23,1
1777320900,4673.67,4674.51,4668.25,4671.43,1761,23,1
1777321200,4671.44,4676.93,4670.08,4674.27,1898,23,1
1777321500,4674.27,4679.91,4674.27,4679.70,1922,23,1
1777321800,4679.72,4685.50,4679.45,4685.00,1855,23,1
1777322100,4685.00,4686.11,4679.91,4680.46,1714,23,1
1777322400,4680.44,4683.14,4680.36,4683.13,1628,23,1
1777322700,4683.08,4684.41,4680.98,4682.08,1618,23,1
1777323000,4682.08,4683.33,4681.40,4681.88,1599,23,1
1777323300,4681.89,4683.78,4681.89,4682.10,1497,23,1
1777323600,4682.09,4682.18,4680.11,4680.36,1661,23,1
1777323900,4680.35,4682.11,4678.88,4681.84,1506,23,1
1777324200,4681.84,4682.71,4680.72,4681.51,1250,23,1
1777324500,4681.44,4682.58,4680.56,4681.84,1547,23,1
1777324800,4681.70,4684.51,4681.59,4684.06,1359,23,1
1777325100,4684.08,4685.44,4683.18,4684.04,1596,23,1
1777325400,4684.04,4684.21,4683.04,4683.25,1247,23,1
1777325700,4683.25,4684.16,4682.45,4683.18,1083,23,1
1777326000,4683.18,4685.20,4682.64,4682.82,1289,23,1
1777326300,4682.82,4684.03,4681.59,4683.62,1185,23,1
1777326600,4683.64,4684.99,4683.20,4683.57,1135,23,1
1777326900,4683.57,4683.73,4680.64,4680.68,1191,23,1
1777327200,4680.68,4681.21,4678.47,4679.05,1149,23,1
1777327500,4679.05,4680.39,4678.86,4679.42,1079,23,1
1777327800,4679.42,4681.00,4678.97,4680.30,989,23,1
1777328100,4680.29,4681.95,4679.82,4681.64,1141,23,1
1777328400,4681.71,4682.69,4681.12,4682.49,1140,23,1
1777328700,4682.53,4682.64,4680.92,4682.20,1082,23,1
1777329000,4682.20,4682.37,4678.41,4678.88,1173,23,1
1777329300,4678.88,4679.08,4676.65,4677.52,1293,23,1
1777329600,4677.52,4680.16,4677.37,4679.93,1265,23,1
1777329900,4679.96,4681.40,4678.43,4681.02,1441,23,1
1777330200,4681.02,4681.14,4679.16,4679.88,1471,23,1
1777330500,4679.87,4681.18,4679.06,4680.66,1609,23,1
1777330800,4680.75,4681.45,4678.48,4679.12,909,23,1
1777331100,4679.12,4679.29,4677.52,4679.13,693,23,1
1777331400,4679.12,4679.44,4678.73,4679.13,583,23,1
1777331700,4679.13,4679.77,4679.07,4679.35,523,23,1
1777332000,4679.35,4679.66,4678.64,4679.15,558,23,1
1777332300,4679.15,4680.80,4679.02,4679.75,478,23,1
1777332600,4679.75,4680.46,4678.68,4679.22,573,24,1
1777332900,4679.24,4680.17,4679.07,4679.62,492,28,1
1777333200,4679.62,4680.09,4678.98,4680.07,507,28,1
1777333500,4680.07,4680.41,4679.20,4679.91,599,28,1
1777333800,4679.91,4680.06,4678.35,4679.10,595,28,1
1777334100,4679.10,4679.89,4678.83,4679.85,364,28,1
1777338000,4683.77,4687.00,4682.35,4682.52,1131,28,1
1777338300,4682.52,4689.46,4682.45,4688.81,1318,28,1
1777338600,4688.81,4691.11,4688.50,4689.18,1038,28,1
1777338900,4689.18,4689.78,4687.28,4688.29,955,28,1
1777339200,4688.29,4688.39,4686.88,4687.48,724,28,1
1777339500,4687.47,4689.32,4687.43,4689.01,632,28,1
1777339800,4689.01,4689.65,4688.51,4688.89,838,23,1
1777340100,4688.89,4688.91,4686.93,4687.90,652,23,1
1777340400,4688.01,4688.88,4686.52,4687.38,662,23,1
1777340700,4687.38,4687.65,4686.22,4687.04,694,23,1
1777341000,4687.06,4687.65,4686.34,4687.40,693,23,1
1777341300,4687.40,4688.10,4686.90,4687.92,602,23,1
1777341600,4687.92,4689.45,4687.28,4688.59,734,23,1
1777341900,4688.59,4688.63,4687.31,4688.12,545,23,1
1777342200,4688.12,4689.83,4687.39,4689.82,566,23,1
1777342500,4689.82,4691.27,4689.48,4691.01,862,23,1
1777342800,4691.02,4691.30,4689.94,4690.78,823,23,1
1777343100,4690.78,4691.61,4690.10,4690.70,783,23,1
1777343400,4690.70,4692.11,4690.47,4692.01,744,23,1
1777343700,4692.03,4694.30,4692.02,4693.47,797,23,1
1777344000,4693.47,4694.44,4691.87,4694.33,875,23,1
1777344300,4694.33,4695.03,4693.35,4694.66,938,23,1
1777344600,4694.66,4694.95,4693.84,4694.69,678,23,1
1777344900,4694.69,4694.73,4691.94,4691.96,694,23,1
1777345200,4691.98,4697.47,4691.85,4697.12,1398,21,1
1777345500,4697.03,4701.37,4696.69,4700.23,1559,23,1
1777345800,4700.18,4701.20,4697.76,4697.89,1419,23,1
1777346100,4697.89,4699.50,4696.58,4697.05,1352,23,1
1777346400,4697.05,4697.54,4695.54,4696.83,1425,23,1
1777346700,4696.83,4697.74,4692.24,4694.94,1631,23,1
1777347000,4694.95,4695.25,4692.47,4693.14,1451,23,1
1777347300,4693.14,4694.79,4691.82,4691.82,1167,23,1
1777347600,4691.87,4694.65,4691.75,4693.67,1183,23,1
1777347900,4693.67,4694.70,4692.47,4693.94,1202,23,1
1777348200,4693.88,4694.20,4692.41,4693.12,1187,23,1
1777348500,4693.11,4693.61,4690.44,4690.59,1244,23,1
1777348800,4690.57,4690.84,4684.54,4689.36,2251,23,1
1777349100,4689.35,4690.63,4686.61,4688.95,1832,23,1
1777349400,4688.95,4690.92,4687.24,4688.01,1673,23,1
1777349700,4688.01,4689.49,4685.74,4689.19,1680,23,1
1777350000,4689.19,4690.70,4686.51,4689.57,1674,23,1
1777350300,4689.57,4689.83,4687.01,4687.58,1492,23,1
1777350600,4687.58,4687.93,4683.96,4684.17,1732,23,1
1777350900,4684.19,4690.37,4684.19,4690.30,1661,23,1
1777351200,4690.30,4691.49,4687.09,4687.29,1575,23,1
1777351500,4687.29,4687.70,4685.00,4685.02,1589,23,1
1777351800,4685.02,4685.53,4680.73,4680.84,2007,23,1
1777352100,4680.84,4681.01,4669.43,4670.69,2113,23,1
1777352400,4670.69,4673.38,4666.54,4672.66,2144,23,1
1777352700,4672.66,4676.57,4672.29,4675.13,1908,23,1
1777353000,4675.11,4677.98,4674.19,4677.26,1689,23,1
1777353300,4677.26,4679.69,4677.16,4678.03,1293,23,1
1777353600,4678.03,4679.44,4675.33,4675.36,1253,23,1
1777353900,4675.34,4677.46,4674.51,4675.49,1336,23,1
1777354200,4675.49,4675.56,4671.47,4673.62,1908,23,1
1777354500,4673.62,4673.96,4670.89,4671.15,1609,23,1
1777354800,4671.17,4673.21,4670.53,4671.02,1602,23,1
1777355100,4671.02,4671.36,4668.70,4670.16,1614,23,1
1777355400,4670.16,4670.88,4668.56,4670.74,1669,23,1
1777355700,4670.72,4670.72,4666.66,4669.12,1669,23,1
1777356000,4669.12,4671.93,4668.42,4671.05,1611,23,1
1777356300,4671.05,4673.22,4670.55,4672.70,1616,23,1
1777356600,4672.69,4674.17,4672.27,4672.90,1471,23,1
1777356900,4672.89,4673.73,4671.33,4673.28,1305,23,1
1777357200,4673.29,4675.10,4672.25,4672.76,1343,23,1
1777357500,4672.76,4675.80,4671.48,4674.84,1415,23,1
1777357800,4674.81,4675.32,4671.69,4672.47,1226,23,1
1777358100,4672.47,4674.04,4671.78,4673.21,1121,23,1
1777358400,4673.25,4673.89,4671.76,4671.98,952,23,1
1777358700,4671.98,4672.64,4671.42,4671.52,937,23,1
1777359000,4671.52,4671.83,4669.63,4669.74,896,23,1
1777359300,4669.74,4671.66,4669.34,4670.95,1033,23,1
1777359600,4670.97,4671.27,4666.83,4668.10,1179,23,1
1777359900,4668.10,4668.99,4667.28,4667.93,1003,23,1
1777360200,4667.93,4669.84,4667.51,4669.74,1032,23,1
1777360500,4669.74,4669.77,4668.46,4668.61,864,23,1
1777360800,4668.55,4668.55,4666.72,4666.98,1149,23,1
1777361100,4666.98,4667.70,4666.83,4667.39,900,23,1
1777361400,4667.39,4669.01,4666.83,4668.59,980,23,1
1777361700,4668.60,4669.11,4667.43,4668.98,921,23,1
1777362000,4668.89,4669.89,4667.56,4669.85,866,23,1
1777362300,4669.84,4669.92,4667.47,4667.56,844,23,1
1777362600,4667.56,4669.61,4667.30,4667.88,860,23,1
1777362900,4667.88,4668.44,4667.36,4667.60,845,23,1
1777363200,4667.60,4667.99,4661.69,4663.37,1556,23,1
1777363500,4663.33,4663.51,4649.05,4653.86,1853,23,1
1777363800,4653.86,4655.02,4648.97,4652.41,1785,23,1
1777364100,4652.41,4655.37,4651.19,4655.13,1407,23,1
1777364400,4655.20,4659.54,4655.05,4658.90,1291,23,1
1777364700,4658.86,4659.22,4657.02,4658.31,1205,23,1
1777365000,4658.31,4658.51,4642.82,4644.43,2479,23,1
1777365300,4644.43,4644.52,4637.28,4638.08,2441,23,1
1777365600,4638.09,4638.09,4624.38,4624.82,2388,23,1
1777365900,4624.85,4630.50,4623.88,4627.88,2212,23,1
1777366200,4627.79,4631.89,4626.74,4631.81,2216,23,1
1777366500,4631.80,4634.28,4631.58,4632.17,2180,23,1
1777366800,4632.14,4634.11,4625.96,4634.07,2340,23,1
1777367100,4634.07,4642.92,4634.06,4640.09,2067,23,1
1777367400,4640.09,4641.82,4637.78,4640.61,1926,23,1
1777367700,4640.61,4641.10,4632.94,4633.92,1800,23,1
1777368000,4633.93,4633.93,4623.42,4626.03,2015,23,1
1777368300,4626.04,4632.41,4623.85,4631.59,2038,23,1
1777368600,4631.61,4634.35,4629.12,4629.70,1790,23,1
1777368900,4629.70,4631.78,4625.46,4631.64,1831,23,1
1777369200,4631.67,4634.70,4628.45,4629.71,1988,23,1
1777369500,4629.71,4631.69,4623.89,4625.56,1988,23,1
1777369800,4625.63,4631.17,4623.36,4626.43,1834,23,1
1777370100,4626.42,4631.68,4625.38,4629.01,1812,23,1
1777370400,4628.97,4639.21,4627.41,4639.03,2046,23,1
1777370700,4639.01,4639.41,4632.39,4633.80,1740,23,1
1777371000,4633.73,4636.35,4632.14,4634.20,1803,23,1
1777371300,4634.22,4634.86,4630.58,4632.68,1748,23,1
1777371600,4632.64,4633.79,4628.22,4629.75,1641,23,1
1777371900,4629.75,4630.93,4627.22,4629.61,1781,23,1
1777372200,4629.61,4635.25,4626.18,4626.85,1861,23,1
1777372500,4626.86,4630.31,4626.08,4627.79,1795,23,1
1777372800,4627.77,4633.45,4627.05,4629.30,1558,23,1
1777373100,4629.33,4629.45,4626.28,4628.24,1715,23,1
1777373400,4628.26,4628.26,4623.38,4626.53,1698,23,1
1777373700,4626.51,4633.63,4620.60,4633.17,1893,23,1
1777374000,4633.13,4633.54,4617.45,4620.36,2291,23,1
1777374300,4620.34,4624.77,4616.08,4622.04,2082,23,1
1777374600,4621.94,4623.32,4614.58,4620.25,2060,23,1
1777374900,4620.31,4623.71,4619.10,4621.80,1930,23,1
1777375200,4621.78,4623.51,4619.53,4621.43,1818,23,1
1777375500,4621.40,4627.05,4620.43,4626.73,1818,23,1
1777375800,4626.93,4635.32,4626.67,4632.26,2090,23,1
1777376100,4632.60,4632.64,4628.77,4629.11,1692,23,1
1777376400,4629.08,4630.61,4626.93,4628.20,1689,23,1
1777376700,4628.20,4629.28,4625.12,4626.02,1600,23,1
1777377000,4626.02,4629.39,4625.47,4627.53,1454,23,1
1777377300,4627.52,4630.66,4626.77,4629.63,1458,23,1
1777377600,4629.65,4630.00,4621.68,4622.70,1845,23,1
1777377900,4622.70,4627.62,4621.63,4627.18,1656,23,1
1777378200,4627.20,4627.95,4624.08,4625.38,1491,23,1
1777378500,4625.37,4625.86,4621.84,4622.13,1712,23,1
1777378800,4622.07,4622.23,4613.59,4616.10,1892,23,1
1777379100,4616.13,4618.66,4613.08,4618.24,1783,23,1
1777379400,4618.24,4619.05,4610.91,4611.80,1962,23,1
1777379700,4611.80,4614.41,4609.70,4610.54,1919,23,1
1777380000,4610.54,4613.27,4608.10,4613.27,1863,23,1
1777380300,4613.61,4615.10,4608.26,4610.45,1864,23,1
1777380600,4610.46,4612.93,4609.71,4611.20,1759,23,1
1777380900,4611.20,4611.81,4604.55,4604.73,1821,23,1
1777381200,4604.72,4612.25,4604.38,4607.43,1884,23,1
1777381500,4607.54,4611.54,4605.91,4609.85,1686,23,1
1777381800,4609.85,4613.55,4608.94,4612.62,1574,23,1
1777382100,4612.62,4615.76,4610.83,4614.60,1594,23,1
1777382400,4614.53,4616.52,4611.72,4612.64,1742,23,1
1777382700,4612.69,4613.54,4610.87,4611.80,1476,23,1
1777383000,4611.48,4614.91,4610.92,4612.45,1484,23,1
1777383300,4612.36,4615.23,4611.95,4614.73,1496,23,1
1777383600,4614.65,4615.84,4612.69,4613.16,1444,23,1
1777383900,4613.14,4615.47,4611.06,4613.50,1549,23,1
1777384200,4613.52,4614.17,4608.23,4609.61,1460,23,1
1777384500,4609.59,4610.09,4603.31,4603.33,1680,23,1
1777384800,4603.26,4608.75,4601.84,4604.60,1981,23,1
1777385100,4605.17,4606.25,4600.90,4602.04,1888,23,1
1777385400,4601.99,4602.38,4597.82,4598.54,1766,23,1
1777385700,4598.54,4600.43,4595.95,4597.43,1919,23,1
1777386000,4597.44,4604.15,4594.06,4601.83,1997,23,1
1777386300,4601.83,4603.20,4598.26,4599.40,1804,23,1
1777386600,4599.40,4599.81,4589.05,4590.81,2122,23,1
1777386900,4590.82,4591.62,4569.00,4569.96,2408,23,1
1777387200,4569.96,4574.74,4568.12,4572.13,2355,23,1
1777387500,4572.13,4574.04,4558.42,4559.11,2446,23,1
1777387800,4558.95,4563.12,4555.44,4559.19,2445,23,1
1777388100,4559.24,4564.32,4558.17,4562.62,2188,23,1
1777388400,4562.60,4570.13,4554.91,4569.28,2485,23,1
1777388700,4569.21,4573.72,4567.42,4570.15,2357,23,1
1777389000,4570.08,4581.75,4569.72,4581.63,2307,23,1
1777389300,4581.63,4586.81,4577.69,4579.23,2225,23,1
1777389600,4579.23,4597.63,4576.58,4577.93,2564,23,1
1777389900,4577.96,4581.53,4573.79,4580.19,2305,23,1
1777390200,4580.18,4582.16,4570.62,4579.08,2255,23,1
1777390500,4579.08,4585.89,4579.02,4583.97,2196,23,1
1777390800,4583.87,4588.69,4582.87,4586.91,2265,23,1
1777391100,4586.91,4599.48,4584.35,4599.08,2243,23,1
1777391400,4599.09,4600.01,4593.20,4594.58,2309,23,1
1777391700,4594.58,4600.02,4591.98,4593.71,2136,23,1
1777392000,4593.68,4594.48,4584.28,4584.28,2519,23,1
1777392300,4584.32,4584.32,4571.35,4573.12,2418,23,1
1777392600,4572.89,4581.58,4571.27,4576.16,2403,23,1
1777392900,4576.15,4579.54,4573.27,4576.66,2261,23,1
1777393200,4577.45,4581.14,4575.43,4576.22,2247,23,1
1777393500,4576.24,4584.45,4572.19,4581.81,2359,23,1
1777393800,4581.54,4581.82,4570.86,4577.85,2763,23,1
1777394100,4577.83,4582.76,4575.64,4579.78,2635,23,1
1777394400,4579.75,4591.57,4573.59,4581.74,2574,23,1
1777394700,4581.76,4592.57,4580.32,4586.41,2508,23,1
1777395000,4586.41,4590.64,4579.59,4581.12,2484,23,1
1777395300,4581.14,4582.37,4574.75,4580.41,2389,23,1
1777395600,4580.38,4580.63,4565.46,4565.98,2576,23,1
1777395900,4565.94,4574.96,4565.30,4569.41,2587,23,1
1777396200,4569.45,4572.31,4566.16,4568.24,2495,23,1
1777396500,4568.27,4577.79,4564.41,4571.68,2620,23,1
1777396800,4571.44,4574.42,4565.22,4567.80,2464,23,1
1777397100,4568.05,4573.12,4567.57,4571.41,2518,23,1
1777397400,4571.48,4578.08,4569.12,4569.95,2435,23,1
1777397700,4569.97,4570.53,4560.06,4560.24,2586,23,1
1777398000,4560.27,4565.66,4557.29,4564.13,2585,23,1
1777398300,4564.13,4567.38,4560.86,4563.02,2522,23,1
1777398600,4563.01,4565.35,4557.33,4563.75,2536,23,1
1777398900,4563.76,4574.77,4560.24,4574.50,2624,23,1
1777399200,4574.48,4581.83,4574.20,4575.86,2601,23,1
1777399500,4576.10,4580.03,4570.71,4572.74,2437,23,1
1777399800,4572.73,4574.77,4570.40,4572.59,2464,23,1
1777400100,4572.60,4575.96,4569.98,4572.66,2346,23,1
1777400400,4572.65,4573.23,4566.95,4571.91,2349,23,1
1777400700,4571.90,4577.30,4570.48,4576.96,2317,23,1
1777401000,4576.97,4577.68,4571.16,4571.56,2342,23,1
1777401300,4571.57,4581.37,4571.12,4578.83,2357,23,1
1777401600,4578.79,4580.85,4576.87,4577.79,2139,23,1
1777401900,4577.78,4583.17,4576.59,4581.76,2165,23,1
1777402200,4581.78,4586.14,4581.47,4583.84,2187,23,1
1777402500,4583.84,4586.49,4581.80,4586.45,2148,23,1
1777402800,4586.47,4586.84,4582.32,4583.90,2206,23,1
1777403100,4583.84,4586.34,4582.92,4585.16,2030,23,1
1777403400,4585.10,4585.92,4582.79,4585.31,1881,23,1
1777403700,4585.24,4585.70,4577.79,4580.71,1996,23,1
1777404000,4580.73,4583.29,4580.62,4582.01,1894,23,1
1777404300,4581.96,4585.50,4581.82,4582.86,1864,23,1
1777404600,4582.96,4585.25,4580.97,4581.12,1932,23,1
1777404900,4581.12,4586.83,4580.61,4584.74,2121,23,1
1777405200,4584.79,4585.77,4582.71,4585.04,1864,23,1
1777405500,4584.98,4588.47,4583.87,4586.46,1978,23,1
1777405800,4586.50,4594.53,4586.45,4593.41,2157,23,1
1777406100,4593.38,4594.90,4591.59,4592.27,2022,23,1
1777406400,4592.27,4594.03,4589.69,4589.91,2074,23,1
1777406700,4589.88,4591.85,4588.56,4591.33,2002,23,1
1777407000,4591.40,4594.82,4590.18,4593.73,1854,23,1
1777407300,4593.73,4594.14,4587.41,4588.30,1924,23,1
1777407600,4588.35,4595.52,4587.26,4595.14,1985,23,1
1777407900,4595.04,4597.24,4592.50,4593.41,2046,23,1
1777408200,4593.48,4597.25,4593.48,4595.60,1858,23,1
1777408500,4595.62,4599.33,4595.54,4598.48,1802,23,1
1777408800,4598.48,4601.53,4598.37,4599.04,1689,23,1
1777409100,4599.04,4600.54,4597.78,4598.16,1772,23,1
1777409400,4598.16,4598.40,4596.39,4597.31,1439,23,1
1777409700,4597.32,4598.03,4594.13,4594.71,1582,23,1
1777410000,4594.71,4598.54,4592.12,4593.80,1836,23,1
1777410300,4593.80,4597.68,4593.51,4596.31,1563,23,1
1777410600,4596.31,4596.79,4594.80,4596.05,1524,23,1
1777410900,4596.05,4599.34,4596.05,4597.83,1571,23,1
1777411200,4597.82,4600.16,4597.06,4599.26,1904,23,1
1777411500,4599.25,4600.49,4598.02,4598.96,1797,23,1
1777411800,4598.96,4599.52,4594.66,4595.04,1633,23,1
1777412100,4595.04,4596.74,4593.58,4596.15,1489,23,1
1777412400,4596.14,4598.06,4596.14,4597.78,1497,23,1
1777412700,4597.78,4598.92,4597.10,4598.06,1441,23,1
1777413000,4598.06,4598.59,4595.00,4595.28,1159,23,1
1777413300,4595.26,4595.58,4593.14,4594.27,1383,23,1
1777413600,4594.28,4597.51,4593.91,4595.70,1384,23,1
1777413900,4595.73,4598.75,4595.73,4596.73,1318,23,1
1777414200,4596.73,4597.50,4595.59,4595.63,1211,23,1
1777414500,4595.62,4595.75,4594.17,4594.96,1472,23,1
1777414800,4594.93,4596.21,4593.75,4595.89,1364,23,1
1777415100,4595.89,4597.15,4595.32,4596.25,1270,23,1
1777415400,4596.27,4596.68,4594.65,4596.42,1520,23,1
1777415700,4596.43,4598.72,4596.41,4598.54,1368,23,1
1777416000,4598.53,4599.98,4597.84,4598.51,1404,23,1
1777416300,4598.51,4599.30,4596.43,4597.94,1416,23,1
1777416600,4597.92,4598.34,4593.29,4595.17,1853,23,1
1777416900,4595.21,4596.50,4594.24,4595.62,1780,23,1
1777417200,4595.57,4596.89,4594.84,4596.80,1092,23,1
1777417500,4596.80,4598.32,4595.93,4597.97,1020,23,1
1777417800,4597.96,4598.63,4597.00,4597.32,978,23,1
1777418100,4597.32,4598.09,4594.19,4594.25,979,23,1
1777418400,4594.25,4594.26,4591.48,4592.75,935,23,1
1777418700,4592.75,4593.87,4591.15,4592.85,862,23,1
1777419000,4592.85,4595.38,4592.73,4593.97,713,23,1
1777419300,4593.90,4595.11,4592.91,4594.39,709,28,1
1777419600,4594.41,4594.73,4592.33,4593.38,745,28,1
1777419900,4593.36,4593.70,4592.92,4593.18,537,28,1
1777420200,4593.18,4595.85,4592.79,4595.85,637,28,1
1777420500,4595.85,4596.48,4595.24,4596.43,461,28,1
1777424400,4598.38,4600.23,4595.94,4598.52,1291,28,1
1777424700,4598.52,4598.52,4594.29,4595.40,988,28,1
1777425000,4595.40,4597.03,4595.10,4596.40,708,28,1
1777425300,4596.40,4597.22,4595.07,4596.79,673,28,1
1777425600,4596.74,4597.14,4596.17,4596.67,489,28,1
1777425900,4596.71,4596.86,4595.17,4595.83,423,28,1
1777426200,4595.78,4597.09,4595.78,4597.03,410,23,1
1777426500,4597.03,4597.24,4593.94,4594.22,423,23,1
1777426800,4594.22,4595.21,4593.03,4593.67,648,23,1
1777427100,4593.67,4595.32,4592.99,4594.04,515,23,1
1777427400,4594.04,4595.23,4592.65,4595.06,609,23,1
1777427700,4595.06,4595.13,4592.43,4594.15,628,23,1
1777428000,4594.15,4594.51,4592.39,4593.46,680,23,1
1777428300,4593.43,4593.58,4590.84,4590.95,823,23,1
1777428600,4590.95,4591.31,4589.29,4590.98,812,23,1
1777428900,4590.96,4592.75,4590.28,4592.12,785,23,1
1777429200,4592.12,4592.37,4591.33,4592.15,476,23,1
1777429500,4592.15,4592.39,4590.43,4592.24,617,23,1
1777429800,4592.24,4593.44,4590.63,4591.38,889,23,1
1777430100,4591.39,4591.43,4587.94,4588.38,861,23,1
1777430400,4588.38,4590.65,4588.05,4589.91,722,23,1
1777430700,4589.91,4592.93,4588.88,4589.23,1022,23,1
1777431000,4589.23,4592.40,4589.20,4592.36,869,23,1
1777431300,4592.36,4596.15,4592.35,4595.61,934,23,1
1777431600,4595.66,4606.88,4594.97,4606.54,1994,20,1
1777431900,4606.54,4608.43,4605.19,4608.34,1626,23,1
1777432200,4608.34,4610.29,4606.90,4607.40,1517,23,1
1777432500,4607.41,4607.73,4600.76,4600.79,1385,23,1
1777432800,4600.80,4603.13,4599.63,4602.49,1469,23,1
1777433100,4602.49,4604.56,4598.71,4600.06,1296,23,1
1777433400,4600.06,4602.39,4599.84,4601.74,1106,23,1
1777433700,4601.74,4602.97,4599.55,4602.94,1042,23,1
1777434000,4602.94,4604.87,4602.61,4603.76,1028,23,1
1777434300,4603.77,4604.14,4599.50,4600.10,1262,23,1
1777434600,4600.05,4600.08,4596.19,4598.16,1372,23,1
1777434900,4598.17,4601.98,4597.97,4600.22,1149,23,1
1777435200,4600.22,4600.42,4580.25,4582.58,2564,23,1
1777435500,4582.52,4586.63,4576.09,4581.16,2437,23,1
1777435800,4581.14,4585.68,4581.14,4582.59,2099,23,1
1777436100,4582.43,4585.97,4579.18,4585.57,1936,23,1
1777436400,4585.57,4586.46,4582.28,4585.11,1843,23,1
1777436700,4585.10,4585.83,4580.27,4580.43,1826,23,1
1777437000,4580.43,4586.54,4579.00,4586.22,2251,23,1
1777437300,4586.24,4589.16,4584.07,4584.94,2055,23,1
1777437600,4584.94,4591.58,4582.56,4590.33,1864,23,1
1777437900,4590.50,4591.55,4582.21,4583.78,1928,23,1
1777438200,4583.75,4584.28,4580.44,4581.88,1929,23,1
1777438500,4581.83,4585.35,4580.84,4584.87,1898,23,1
1777438800,4584.87,4595.45,4584.87,4592.42,2129,23,1
1777439100,4592.49,4601.27,4591.82,4598.84,1945,23,1
1777439400,4598.86,4602.42,4598.83,4600.90,1861,23,1
1777439700,4600.90,4604.19,4600.01,4601.34,1401,23,1
1777440000,4601.34,4601.62,4598.50,4598.58,1369,23,1
1777440300,4598.58,4603.15,4598.24,4599.29,1606,23,1
1777440600,4599.29,4601.88,4598.40,4599.64,1834,23,1
1777440900,4599.64,4599.68,4595.80,4596.04,1720,23,1
1777441200,4596.04,4598.69,4595.55,4596.84,1514,23,1
1777441500,4596.84,4601.22,4596.38,4599.11,1604,23,1
1777441800,4599.21,4600.51,4592.88,4593.00,1774,23,1
1777442100,4593.04,4594.62,4592.24,4593.53,1631,23,1
1777442400,4593.61,4597.79,4592.87,4596.49,1610,23,1
1777442700,4596.49,4600.41,4596.30,4599.65,1540,23,1
1777443000,4599.65,4603.01,4598.48,4601.89,1431,23,1
1777443300,4601.86,4603.28,4599.68,4600.02,1307,23,1
1777443600,4600.02,4601.04,4598.92,4599.51,1420,23,1
1777443900,4599.51,4600.74,4597.14,4598.71,1408,23,1
1777444200,4598.79,4598.79,4596.00,4596.85,1086,23,1
1777444500,4596.85,4597.41,4594.79,4595.03,960,23,1
1777444800,4595.03,4595.16,4592.45,4593.77,1058,23,1
1777445100,4593.85,4595.22,4592.16,4592.78,1023,23,1
1777445400,4592.78,4595.81,4592.77,4595.11,880,23,1
1777445700,4595.11,4596.53,4593.38,4595.40,1014,23,1
1777446000,4595.41,4598.67,4595.31,4597.75,941,23,1
1777446300,4597.82,4600.13,4596.80,4599.91,792,23,1
1777446600,4599.91,4603.44,4599.53,4600.78,951,23,1
1777446900,4600.78,4601.96,4598.96,4599.92,1213,23,1
1777447200,4599.92,4600.16,4599.05,4599.07,690,23,1
1777447500,4599.07,4601.88,4597.32,4601.69,853,23,1
1777447800,4601.68,4603.83,4601.68,4602.47,998,23,1
1777448100,4602.46,4605.55,4601.94,4603.08,1016,23,1
1777448400,4603.11,4603.91,4601.65,4602.17,1171,23,1
1777448700,4602.16,4604.22,4602.16,4603.85,958,23,1
1777449000,4603.93,4604.60,4602.74,4604.37,776,23,1
1777449300,4604.37,4605.60,4603.58,4604.78,837,23,1
1777449600,4604.80,4607.68,4602.75,4604.70,1328,23,1
1777449900,4604.73,4606.03,4601.92,4602.25,1206,23,1
1777450200,4602.25,4602.99,4600.38,4601.01,1037,23,1
1777450500,4601.01,4602.72,4600.40,4600.75,932,23,1
1777450800,4600.75,4601.74,4598.64,4599.95,909,23,1
1777451100,4599.95,4601.12,4599.21,4600.69,1003,23,1
1777451400,4600.68,4601.60,4595.02,4595.47,1715,23,1
1777451700,4595.47,4596.90,4594.16,4595.43,1318,23,1
1777452000,4595.43,4599.29,4595.27,4599.02,1289,23,1
1777452300,4599.02,4601.32,4598.65,4599.43,1615,23,1
1777452600,4599.44,4603.20,4597.23,4597.54,1525,23,1
1777452900,4597.54,4597.61,4590.75,4590.99,1629,23,1
1777453200,4591.00,4598.66,4590.35,4597.12,1855,23,1
1777453500,4597.12,4598.52,4592.00,4592.60,1877,23,1
1777453800,4592.60,4592.86,4587.14,4588.51,1773,23,1
1777454100,4588.51,4589.37,4583.87,4585.82,1857,23,1
1777454400,4585.82,4586.54,4581.33,4584.65,1744,23,1
1777454700,4584.69,4588.01,4584.67,4584.95,1672,23,1
1777455000,4585.02,4586.84,4582.52,4583.39,1558,23,1
1777455300,4583.40,4585.33,4580.80,4585.06,1621,23,1
1777455600,4585.06,4587.48,4584.74,4584.86,1507,23,1
1777455900,4584.87,4586.85,4584.08,4584.98,1393,23,1
1777456200,4584.98,4584.98,4581.20,4583.51,1722,23,1
1777456500,4583.54,4585.06,4583.03,4584.51,1496,23,1
1777456800,4584.52,4588.85,4583.10,4588.17,1799,23,1
1777457100,4588.17,4588.57,4579.31,4579.62,1837,23,1
1777457400,4579.57,4581.38,4576.70,4578.65,1848,23,1
1777457700,4578.65,4581.19,4575.93,4576.61,1690,23,1
1777458000,4576.62,4579.73,4574.45,4575.55,1763,23,1
1777458300,4575.56,4576.64,4569.64,4575.21,1838,23,1
1777458600,4575.14,4578.75,4573.74,4577.85,1888,23,1
1777458900,4577.85,4578.04,4570.79,4571.68,1753,23,1
1777459200,4571.70,4575.16,4569.31,4570.40,1959,23,1
1777459500,4570.40,4572.38,4567.45,4570.25,2028,23,1
1777459800,4570.19,4572.42,4569.23,4570.16,1670,23,1
1777460100,4570.16,4571.03,4567.26,4567.79,1607,23,1
1777460400,4567.79,4573.29,4567.42,4568.85,2041,23,1
1777460700,4568.86,4570.12,4564.60,4567.52,2038,23,1
1777461000,4567.62,4569.39,4564.42,4565.34,1956,23,1
1777461300,4565.23,4570.07,4565.23,4569.66,1866,23,1
1777461600,4569.62,4571.15,4565.88,4568.48,1701,23,1
1777461900,4568.48,4571.37,4566.06,4566.54,1818,23,1
1777462200,4566.28,4568.15,4562.16,4562.40,1827,23,1
1777462500,4562.40,4563.23,4557.29,4562.49,2014,23,1
1777462800,4562.22,4568.84,4561.38,4568.31,1803,23,1
1777463100,4568.31,4572.92,4568.24,4570.83,1819,23,1
1777463400,4570.83,4575.35,4570.57,4574.81,1704,23,1
1777463700,4574.81,4576.72,4573.06,4573.13,1496,23,1
1777464000,4573.13,4575.08,4570.32,4574.45,1776,23,1
1777464300,4574.45,4575.59,4572.05,4572.22,1475,23,1
1777464600,4572.23,4575.12,4571.50,4574.15,1468,23,1
1777464900,4573.87,4580.58,4573.41,4579.55,1661,23,1
1777465200,4579.54,4580.74,4572.07,4572.11,1675,23,1
1777465500,4572.11,4572.11,4565.73,4565.76,1595,23,1
1777465800,4565.76,4567.32,4563.75,4567.27,1799,23,1
1777466100,4567.28,4569.61,4562.83,4564.54,1891,23,1
1777466400,4564.56,4565.59,4558.78,4558.95,1867,23,1
1777466700,4558.99,4562.05,4557.96,4559.54,1858,23,1
1777467000,4559.54,4559.56,4551.65,4555.08,2178,23,1
1777467300,4555.08,4556.98,4551.60,4555.74,1896,23,1
1777467600,4555.64,4563.07,4555.05,4562.30,1847,23,1
1777467900,4562.30,4565.49,4561.42,4565.30,1522,23,1
1777468200,4565.30,4568.22,4563.88,4567.97,1404,23,1
1777468500,4567.98,4573.26,4567.98,4571.26,1707,23,1
1777468800,4571.25,4571.66,4568.36,4571.62,1584,23,1
1777469100,4571.63,4573.11,4570.80,4571.73,1312,23,1
1777469400,4571.75,4576.58,4571.75,4573.20,1498,23,1
1777469700,4573.24,4574.46,4569.71,4570.52,1491,23,1
1777470000,4570.50,4570.56,4566.02,4566.36,1480,23,1
1777470300,4566.32,4568.49,4564.89,4567.89,1428,23,1
1777470600,4567.89,4570.66,4565.01,4566.29,1571,23,1
1777470900,4566.35,4569.93,4563.91,4569.90,1437,23,1
1777471200,4569.86,4572.03,4566.68,4568.11,1730,23,1
1777471500,4568.11,4569.61,4565.37,4567.06,1775,23,1
1777471800,4567.08,4570.75,4566.16,4567.96,1507,23,1
1777472100,4567.96,4570.25,4567.26,4568.12,1466,23,1
1777472400,4568.12,4568.30,4564.52,4566.19,1523,23,1
1777472700,4566.19,4569.09,4564.05,4564.67,1628,23,1
1777473000,4564.69,4567.78,4563.56,4567.54,1572,23,1
1777473300,4567.50,4571.78,4566.96,4566.96,1678,23,1
1777473600,4567.06,4568.14,4564.15,4566.93,1647,23,1
1777473900,4566.91,4566.91,4561.96,4563.50,1696,23,1
1777474200,4563.50,4564.61,4559.80,4560.45,1694,23,1
1777474500,4560.45,4563.26,4559.21,4561.67,1479,23,1
1777474800,4561.63,4564.89,4560.62,4563.50,1575,23,1
1777475100,4563.50,4568.26,4562.71,4562.71,1659,23,1
1777475400,4562.78,4566.50,4560.77,4564.42,1467,23,1
1777475700,4564.54,4569.02,4564.54,4565.92,1620,23,1
1777476000,4565.91,4567.62,4562.00,4562.18,1755,23,1
1777476300,4562.18,4564.59,4559.34,4559.50,1509,23,1
1777476600,4559.45,4559.67,4551.19,4554.97,2133,23,1
1777476900,4555.02,4557.75,4551.87,4555.79,1972,23,1
1777477200,4555.83,4559.72,4554.21,4557.68,1876,23,1
1777477500,4557.68,4559.96,4554.96,4555.87,1836,23,1
1777477800,4555.82,4555.86,4544.79,4545.11,2136,23,1
1777478100,4545.07,4548.62,4542.08,4544.87,2064,23,1
1777478400,4544.86,4553.32,4544.86,4547.74,2316,23,1
1777478700,4547.74,4549.98,4545.47,4546.41,2085,23,1
1777479000,4546.44,4550.81,4545.43,4549.89,2030,23,1
1777479300,4549.89,4551.60,4543.46,4543.72,2044,23,1
1777479600,4543.67,4543.81,4534.97,4538.34,2416,23,1
1777479900,4538.34,4539.38,4534.57,4537.86,2293,23,1
1777480200,4537.80,4539.38,4529.96,4532.98,2664,23,1
1777480500,4532.93,4533.96,4524.19,4525.54,2541,23,1
1777480800,4525.52,4526.25,4513.52,4514.73,2484,23,1
1777481100,4514.72,4517.20,4510.20,4514.43,2521,23,1
1777481400,4514.45,4521.38,4514.31,4520.85,2498,23,1
1777481700,4520.86,4530.04,4519.45,4521.75,2503,23,1
1777482000,4521.74,4525.39,4517.89,4525.39,2549,23,1
1777482300,4525.39,4526.61,4517.84,4520.15,2459,23,1
1777482600,4519.77,4528.27,4519.37,4526.14,2516,23,1
1777482900,4526.15,4534.82,4524.31,4534.37,2501,23,1
1777483200,4534.37,4536.99,4532.27,4536.57,2417,23,1
1777483500,4536.58,4537.70,4531.95,4533.14,2366,23,1
1777483800,4533.14,4541.83,4530.93,4539.55,2464,23,1
1777484100,4539.55,4542.64,4538.04,4540.87,2308,23,1
1777484400,4540.86,4540.86,4537.67,4538.76,2164,23,1
1777484700,4538.76,4538.89,4532.72,4532.85,2183,23,1
1777485000,4532.85,4539.52,4532.08,4539.10,2166,23,1
1777485300,4539.16,4540.57,4536.38,4539.42,2174,23,1
1777485600,4539.42,4545.95,4538.83,4542.96,2315,23,1
1777485900,4543.00,4546.86,4539.96,4539.97,2198,23,1
1777486200,4539.97,4542.79,4536.28,4537.99,2282,23,1
1777486500,4537.97,4543.51,4536.18,4541.66,2177,23,1
1777486800,4541.65,4544.63,4540.53,4543.95,2075,23,1
1777487100,4544.06,4546.47,4541.51,4543.56,2118,23,1
1777487400,4543.53,4544.85,4540.37,4543.82,2240,23,1
1777487700,4543.83,4552.78,4543.83,4551.04,2267,23,1
1777488000,4551.04,4556.16,4550.38,4553.20,2142,23,1
1777488300,4553.13,4558.87,4553.05,4554.24,2165,23,1
1777488600,4554.25,4556.79,4542.15,4546.83,2476,23,1
1777488900,4546.86,4548.47,4543.25,4547.58,2475,23,1
1777489200,4547.71,4564.30,4547.00,4562.10,2342,23,1
1777489500,4562.14,4564.88,4559.45,4561.08,2213,23,1
1777489800,4561.08,4563.75,4557.29,4559.12,2203,23,1
1777490100,4559.09,4560.62,4557.66,4560.25,2114,23,1
1777490400,4560.25,4562.97,4557.16,4562.17,2066,23,1
1777490700,4562.13,4564.25,4560.29,4560.29,2103,23,1
1777491000,4560.13,4560.13,4549.81,4550.61,2363,23,1
1777491300,4550.63,4552.68,4545.77,4550.23,2133,23,1
1777491600,4550.21,4551.91,4548.86,4550.39,2035,23,1
1777491900,4550.40,4551.52,4546.20,4546.40,1940,23,1
1777492200,4546.32,4548.61,4544.14,4544.70,1912,23,1
1777492500,4544.59,4546.10,4543.35,4545.47,1837,23,1
1777492800,4545.47,4546.68,4542.80,4545.01,1949,23,1
1777493100,4545.06,4550.96,4543.66,4550.74,1860,23,1
1777493400,4550.75,4552.28,4549.98,4550.71,1908,23,1
1777493700,4550.70,4550.72,4547.95,4549.67,1965,23,1
1777494000,4549.64,4554.46,4549.50,4553.29,2283,23,1
1777494300,4553.29,4553.70,4546.01,4547.19,2182,23,1
1777494600,4547.20,4548.59,4543.86,4544.32,2088,23,1
1777494900,4544.32,4546.54,4542.77,4545.21,1857,23,1
1777495200,4545.28,4545.47,4543.00,4544.72,1647,23,1
1777495500,4544.72,4546.12,4541.60,4543.36,1920,23,1
1777495800,4543.37,4547.56,4542.93,4543.55,1910,23,1
1777496100,4543.60,4547.33,4542.55,4547.26,1495,23,1
1777496400,4547.71,4552.80,4538.66,4541.01,2496,23,1
1777496700,4541.10,4542.10,4531.62,4533.35,2558,23,1
1777497000,4533.19,4535.33,4525.28,4525.55,2446,23,1
1777497300,4525.53,4539.67,4525.01,4531.72,2535,23,1
1777497600,4531.72,4537.50,4531.64,4535.18,2254,23,1
1777497900,4535.15,4535.38,4529.71,4532.95,2047,23,1
1777498200,4532.92,4534.08,4520.50,4521.57,2470,23,1
1777498500,4521.48,4540.61,4521.14,4529.07,2658,23,1
1777498800,4528.86,4528.92,4520.49,4520.49,2556,23,1
1777499100,4520.49,4530.38,4518.19,4529.16,2542,23,1
1777499400,4528.77,4534.90,4528.77,4532.16,2378,23,1
1777499700,4532.14,4541.28,4531.64,4538.00,2496,23,1
1777500000,4538.06,4545.30,4537.32,4537.33,2386,23,1
1777500300,4537.31,4541.47,4533.18,4539.01,2347,23,1
1777500600,4538.94,4548.84,4538.15,4547.70,2195,23,1
1777500900,4547.70,4550.63,4545.19,4547.37,2202,23,1
1777501200,4547.37,4547.76,4542.18,4544.91,2057,23,1
1777501500,4544.92,4545.50,4541.16,4542.76,2003,23,1
1777501800,4542.77,4545.00,4537.65,4539.10,2210,23,1
1777502100,4539.10,4541.94,4537.55,4540.79,2026,23,1
1777502400,4540.79,4542.34,4537.73,4539.53,1942,23,1
1777502700,4539.54,4548.05,4539.39,4548.05,1899,23,1
1777503000,4548.05,4549.80,4546.49,4547.88,2015,23,1
1777503300,4547.91,4549.26,4544.10,4546.91,2068,23,1
1777503600,4546.92,4548.01,4542.68,4547.26,2449,23,1
1777503900,4547.26,4553.56,4543.95,4552.21,2089,23,1
1777504200,4552.23,4553.10,4545.35,4546.27,2065,23,1
1777504500,4546.32,4547.96,4541.38,4544.86,2247,23,1
1777504800,4544.86,4546.94,4544.04,4544.14,1812,23,1
1777505100,4544.15,4545.66,4542.61,4543.22,1581,23,1
1777505400,4543.32,4545.98,4542.42,4544.00,1508,23,1
1777505700,4544.00,4546.56,4543.57,4546.42,1271,28,1
1777506000,4546.42,4546.55,4543.81,4543.86,1441,28,1
1777506300,4543.84,4544.73,4541.84,4541.94,1451,28,1
1777506600,4541.96,4543.76,4541.40,4542.46,1306,28,1
1777506900,4542.46,4543.75,4542.13,4543.46,779,28,1
1777510800,4545.55,4545.69,4539.27,4539.58,1287,28,1
1777511100,4539.56,4546.64,4539.56,4546.01,803,28,1
1777511400,4546.01,4548.76,4545.32,4546.30,1082,28,1
1777511700,4546.32,4550.37,4546.31,4549.86,1365,28,1
1777512000,4549.88,4550.80,4548.48,4549.37,1085,28,1
1777512300,4549.37,4550.17,4548.04,4549.11,847,28,1
1777512600,4549.11,4552.14,4548.09,4549.83,1018,23,1
1777512900,4549.83,4550.17,4547.87,4548.52,739,23,1
1777513200,4548.53,4549.44,4547.48,4548.42,761,23,1
1777513500,4548.42,4551.70,4547.78,4551.46,981,23,1
1777513800,4551.46,4552.36,4550.50,4550.66,828,23,1
1777514100,4550.66,4552.65,4549.69,4552.12,950,23,1
1777514400,4552.12,4554.05,4552.09,4553.16,915,23,1
1777514700,4553.16,4553.18,4550.54,4551.84,856,23,1
1777515000,4551.84,4553.49,4551.33,4553.35,710,23,1
1777515300,4553.35,4555.11,4549.70,4551.58,1063,23,1
1777515600,4551.58,4552.25,4550.88,4550.96,886,23,1
1777515900,4550.96,4552.63,4550.96,4551.67,775,23,1
1777516200,4551.67,4553.60,4551.45,4552.67,804,23,1
1777516500,4552.70,4554.81,4552.34,4554.68,905,23,1
1777516800,4554.68,4554.86,4553.75,4554.48,768,23,1
1777517100,4554.48,4558.25,4554.04,4557.99,1056,23,1
1777517400,4557.99,4559.78,4557.49,4557.99,1205,23,1
1777517700,4558.01,4561.95,4557.26,4561.72,1292,23,1
1777518000,4561.74,4568.51,4558.09,4559.20,2000,22,1
1777518300,4559.20,4565.10,4558.07,4562.00,2008,23,1
1777518600,4562.00,4563.08,4557.69,4557.92,1782,23,1
1777518900,4558.02,4564.62,4556.49,4561.92,2069,23,1
1777519200,4561.92,4561.93,4558.43,4561.15,1596,23,1
1777519500,4561.15,4564.06,4560.13,4563.54,1656,23,1
1777519800,4563.62,4566.45,4562.58,4564.51,1555,23,1
1777520100,4564.51,4565.25,4562.25,4565.16,1336,23,1
1777520400,4565.16,4566.97,4563.72,4566.92,1430,23,1
1777520700,4566.92,4574.04,4566.59,4573.27,1633,23,1
1777521000,4573.27,4573.66,4570.49,4573.16,1620,23,1
1777521300,4573.18,4573.57,4569.04,4569.93,1620,23,1
1777521600,4569.89,4571.24,4567.11,4567.88,2066,23,1
1777521900,4567.87,4568.51,4565.54,4565.61,1838,23,1
1777522200,4565.61,4568.72,4564.55,4568.42,1879,23,1
1777522500,4568.46,4571.03,4568.46,4570.95,1868,23,1
1777522800,4570.96,4571.42,4565.88,4569.18,1806,23,1
1777523100,4569.18,4581.00,4568.43,4579.83,1926,23,1
1777523400,4579.84,4581.42,4577.20,4577.42,1943,23,1
1777523700,4577.41,4577.50,4570.94,4575.74,2149,23,1
1777524000,4575.68,4579.09,4575.21,4576.33,1863,23,1
1777524300,4576.32,4578.90,4574.03,4578.75,1671,23,1
1777524600,4578.76,4582.42,4577.19,4581.97,1732,23,1
1777524900,4581.96,4582.10,4578.44,4579.12,1802,23,1
1777525200,4579.12,4581.89,4576.38,4577.42,1828,23,1
1777525500,4577.42,4578.91,4576.38,4576.73,1469,23,1
1777525800,4576.71,4579.99,4574.81,4579.66,1475,23,1
1777526100,4579.66,4580.74,4574.65,4575.26,1317,23,1
1777526400,4575.26,4576.83,4573.91,4575.37,1416,23,1
1777526700,4575.37,4576.07,4571.83,4573.09,1199,23,1
1777527000,4573.09,4573.75,4566.91,4567.60,2422,23,1
1777527300,4567.61,4569.35,4561.72,4563.71,2037,23,1
1777527600,4563.70,4565.09,4560.19,4562.33,1735,23,1
1777527900,4562.35,4563.88,4559.88,4561.87,1787,23,1
1777528200,4561.86,4564.22,4560.71,4563.71,1667,23,1
1777528500,4563.69,4565.24,4562.28,4564.90,1688,23,1
1777528800,4564.90,4569.06,4564.06,4566.99,1551,23,1
1777529100,4566.98,4568.55,4564.94,4567.26,1387,23,1
1777529400,4567.27,4568.38,4562.50,4564.87,1776,23,1
1777529700,4564.89,4566.69,4563.22,4565.60,1383,23,1
1777530000,4565.60,4565.64,4563.25,4564.82,1259,23,1
1777530300,4564.83,4566.85,4562.82,4563.23,1438,23,1
1777530600,4563.23,4563.92,4560.14,4560.53,1496,23,1
1777530900,4560.54,4560.80,4557.78,4558.89,1275,23,1
1777531200,4558.89,4562.23,4557.65,4561.50,1417,23,1
1777531500,4561.50,4561.54,4558.27,4558.39,1365,23,1
1777531800,4558.39,4558.87,4556.26,4557.33,1279,23,1
1777532100,4557.32,4557.55,4555.70,4556.10,1195,23,1
1777532400,4556.01,4556.53,4550.93,4553.48,1510,23,1
1777532700,4553.48,4555.87,4551.92,4553.69,1553,23,1
1777533000,4553.69,4556.49,4553.19,4555.35,1552,23,1
1777533300,4555.36,4556.95,4551.94,4552.59,1534,23,1
1777533600,4552.59,4552.99,4549.47,4550.10,1588,23,1
1777533900,4550.10,4550.98,4545.90,4547.33,1697,23,1
1777534200,4547.18,4547.64,4540.89,4541.20,1849,23,1
1777534500,4541.17,4543.32,4540.84,4542.37,1576,23,1
1777534800,4542.38,4544.82,4541.67,4544.62,1461,23,1
1777535100,4544.64,4549.49,4544.61,4546.89,1579,23,1
1777535400,4546.88,4548.14,4545.50,4547.21,1363,23,1
1777535700,4547.20,4547.87,4541.96,4542.03,1388,23,1
1777536000,4542.05,4548.96,4541.92,4546.82,1829,23,1
1777536300,4546.82,4553.42,4546.27,4552.64,1562,23,1
1777536600,4552.63,4553.55,4551.37,4553.17,1496,23,1
1777536900,4553.17,4554.15,4551.83,4553.75,1489,23,1
1777537200,4553.75,4558.98,4552.23,4556.99,1378,23,1
1777537500,4557.03,4557.04,4553.99,4555.65,1312,23,1
1777537800,4555.65,4562.39,4553.77,4562.25,1915,23,1
1777538100,4562.25,4566.70,4562.08,4565.68,1701,23,1
1777538400,4565.66,4566.61,4562.18,4563.88,1789,23,1
1777538700,4563.92,4567.82,4563.66,4566.90,1528,23,1
1777539000,4566.90,4569.59,4565.40,4565.54,1602,23,1
1777539300,4565.54,4566.09,4562.23,4562.57,1676,23,1
1777539600,4562.59,4567.73,4560.15,4562.06,2087,23,1
1777539900,4562.04,4566.09,4562.01,4565.18,2016,23,1
1777540200,4565.19,4567.54,4562.83,4566.05,2068,23,1
1777540500,4566.09,4568.10,4563.62,4567.05,1837,23,1
1777540800,4567.04,4571.04,4565.77,4570.91,1628,23,1
1777541100,4570.91,4570.95,4567.06,4569.46,1670,23,1
1777541400,4569.48,4578.25,4569.47,4577.09,2105,23,1
1777541700,4576.98,4578.41,4575.30,4575.33,1909,23,1
1777542000,4575.33,4575.65,4572.08,4575.11,1725,23,1
1777542300,4575.11,4579.12,4574.66,4578.24,1694,23,1
1777542600,4578.24,4583.98,4577.92,4583.86,1682,23,1
1777542900,4583.82,4591.54,4583.68,4589.47,2024,23,1
1777543200,4589.47,4590.93,4586.27,4586.27,2089,23,1
1777543500,4586.28,4594.80,4586.19,4594.69,2009,23,1
1777543800,4594.72,4595.36,4590.30,4591.62,1973,23,1
1777544100,4591.63,4593.63,4587.54,4588.13,2024,23,1
1777544400,4588.13,4588.89,4584.83,4588.07,1718,23,1
1777544700,4588.07,4591.53,4586.93,4591.53,1660,23,1
1777545000,4591.54,4592.77,4588.60,4588.91,1722,23,1
1777545300,4588.91,4592.46,4588.02,4590.02,1571,23,1
1777545600,4589.96,4597.98,4589.93,4596.69,1628,23,1
1777545900,4596.70,4600.77,4593.44,4600.61,1711,23,1
1777546200,4600.62,4601.17,4596.62,4600.40,1560,23,1
1777546500,4600.40,4605.45,4596.57,4598.44,1841,23,1
1777546800,4598.43,4628.03,4597.34,4626.41,2214,23,1
1777547100,4626.92,4629.62,4616.83,4619.81,2486,23,1
1777547400,4619.79,4621.78,4615.36,4618.79,2109,23,1
1777547700,4618.78,4620.43,4613.40,4614.42,1888,23,1
1777548000,4614.42,4616.37,4612.10,4615.24,1936,23,1
1777548300,4615.23,4620.35,4615.01,4617.51,2015,23,1
1777548600,4617.51,4620.69,4615.36,4616.90,1931,23,1
1777548900,4616.88,4620.81,4614.15,4616.16,1951,23,1
1777549200,4616.19,4616.28,4613.75,4614.89,1769,23,1
1777549500,4615.03,4619.33,4614.27,4617.48,1784,23,1
1777549800,4617.48,4618.54,4615.54,4616.91,1702,23,1
1777550100,4616.88,4617.44,4615.60,4616.25,1590,23,1
1777550400,4616.32,4617.86,4615.11,4617.14,1687,23,1
1777550700,4617.12,4620.13,4614.24,4619.90,1826,23,1
1777551000,4619.88,4619.98,4615.11,4618.88,1803,23,1
1777551300,4618.88,4620.48,4616.09,4616.81,1680,23,1
1777551600,4616.77,4620.32,4615.47,4619.26,1839,23,1
1777551900,4619.26,4626.71,4617.66,4625.47,2006,23,1
1777552200,4625.50,4631.79,4623.25,4624.38,2477,23,1
1777552500,4624.38,4626.51,4620.95,4624.19,2089,23,1
1777552800,4624.19,4624.62,4618.44,4619.24,1917,23,1
1777553100,4619.25,4624.30,4618.16,4623.60,1691,23,1
1777553400,4623.65,4627.18,4621.71,4626.65,1761,23,1
1777553700,4626.66,4626.73,4623.42,4625.18,1591,23,1
1777554000,4625.15,4628.90,4623.77,4624.05,1857,23,1
1777554300,4624.05,4629.23,4623.71,4625.85,1724,23,1
1777554600,4625.85,4628.35,4625.16,4626.74,1599,23,1
1777554900,4626.74,4631.96,4626.16,4629.06,1554,23,1
1777555200,4629.06,4635.47,4628.47,4634.29,1612,23,1
1777555500,4634.29,4644.12,4633.35,4643.58,2121,23,1
1777555800,4643.67,4646.83,4635.72,4635.85,2391,23,1
1777556100,4635.83,4638.96,4634.25,4637.80,2113,23,1
1777556400,4637.82,4641.07,4636.47,4636.58,1975,23,1
1777556700,4636.58,4638.33,4634.19,4636.85,2043,23,1
1777557000,4636.83,4638.19,4635.69,4636.99,2023,23,1
1777557300,4637.02,4639.81,4633.88,4639.76,1663,23,1
1777557600,4639.76,4643.10,4637.78,4641.74,2195,23,1
1777557900,4641.75,4645.33,4638.65,4644.97,2062,23,1
1777558200,4644.94,4644.94,4635.93,4635.96,2175,23,1
1777558500,4636.00,4638.63,4633.60,4635.94,2001,23,1
1777558800,4635.93,4643.59,4633.92,4636.42,2061,23,1
1777559100,4636.66,4637.87,4630.41,4637.63,2303,23,1
1777559400,4637.64,4637.70,4628.30,4630.03,2286,23,1
1777559700,4630.03,4632.65,4628.97,4629.28,2069,23,1
1777560000,4629.30,4630.94,4626.85,4629.72,1979,23,1
1777560300,4629.66,4635.26,4628.66,4634.97,1890,23,1
1777560600,4634.97,4635.37,4628.08,4630.44,1742,23,1
1777560900,4630.46,4631.60,4628.26,4630.16,1628,23,1
1777561200,4630.16,4636.79,4629.49,4635.83,1777,23,1
1777561500,4635.82,4637.50,4630.63,4631.17,1869,23,1
1777561800,4631.18,4635.99,4631.14,4635.86,1353,23,1
1777562100,4635.82,4636.83,4628.44,4631.34,2083,23,1
1777562400,4631.34,4637.46,4631.18,4633.06,2083,23,1
1777562700,4633.21,4635.21,4629.04,4629.96,1792,23,1
1777563000,4630.03,4636.27,4625.26,4627.67,2255,23,1
1777563300,4627.64,4633.69,4626.56,4631.68,1937,23,1
1777563600,4631.68,4631.83,4625.48,4625.81,1940,23,1
1777563900,4625.82,4631.51,4624.61,4626.93,1996,23,1
1777564200,4626.94,4635.53,4625.85,4635.15,2003,23,1
1777564500,4635.20,4640.08,4632.85,4639.53,1837,23,1
1777564800,4639.53,4644.04,4638.34,4640.19,2346,23,1
1777565100,4640.15,4640.66,4634.60,4639.88,2146,23,1
1777565400,4639.96,4642.37,4636.95,4641.03,2053,23,1
1777565700,4641.03,4645.88,4635.45,4638.44,2042,23,1
1777566000,4638.43,4639.05,4634.22,4635.33,2011,23,1
1777566300,4635.38,4638.61,4632.92,4633.58,2175,23,1
1777566600,4633.55,4634.57,4628.49,4628.72,2639,23,1
1777566900,4628.79,4629.73,4623.49,4624.13,2501,23,1
1777567200,4624.16,4626.66,4620.19,4625.45,2302,23,1
1777567500,4625.47,4625.48,4613.56,4618.33,2568,23,1
1777567800,4618.38,4619.96,4611.54,4613.89,2542,23,1
1777568100,4613.84,4614.43,4610.58,4610.95,2372,23,1
1777568400,4611.00,4624.99,4609.43,4620.37,2517,23,1
1777568700,4620.37,4625.66,4617.30,4620.95,2519,23,1
1777569000,4620.91,4622.43,4616.18,4620.40,2504,23,1
1777569300,4620.41,4624.65,4616.18,4622.09,2581,23,1
1777569600,4622.09,4625.93,4619.44,4623.69,2552,23,1
1777569900,4623.72,4624.23,4618.89,4622.88,2542,23,1
1777570200,4622.96,4622.96,4613.18,4617.23,2509,23,1
1777570500,4617.24,4617.24,4610.87,4612.38,2527,23,1
1777570800,4612.37,4620.67,4612.37,4617.73,2511,23,1
1777571100,4617.73,4622.97,4617.22,4619.27,2348,23,1
1777571400,4619.24,4623.86,4618.70,4621.60,2460,23,1
1777571700,4621.59,4622.60,4617.89,4619.72,2368,23,1
1777572000,4619.65,4622.90,4615.66,4617.21,2352,23,1
1777572300,4617.16,4623.84,4614.90,4623.30,2343,23,1
1777572600,4623.29,4624.07,4616.55,4620.03,2240,23,1
1777572900,4619.98,4623.15,4617.07,4619.58,2311,23,1
1777573200,4619.61,4620.99,4615.78,4620.60,2149,23,1
1777573500,4620.60,4624.39,4619.53,4622.92,2186,23,1
1777573800,4622.93,4625.36,4621.59,4623.18,2269,23,1
1777574100,4623.18,4624.36,4615.24,4615.24,2110,23,1
1777574400,4615.17,4617.71,4613.39,4615.58,2072,23,1
1777574700,4615.59,4615.63,4612.72,4614.37,2221,23,1
1777575000,4614.40,4615.54,4611.26,4614.35,1961,23,1
1777575300,4614.49,4617.22,4613.88,4615.32,1770,23,1
1777575600,4615.30,4615.94,4610.05,4614.38,1937,23,1
1777575900,4614.35,4617.44,4613.82,4613.87,1854,23,1
1777576200,4613.87,4615.35,4611.49,4611.68,1749,23,1
1777576500,4611.68,4611.85,4605.55,4607.71,2016,23,1
1777576800,4607.71,4611.30,4606.61,4611.05,1760,23,1
1777577100,4610.97,4611.72,4606.87,4608.01,1625,23,1
1777577400,4608.01,4613.75,4607.07,4612.82,1678,23,1
1777577700,4612.82,4612.88,4609.60,4610.73,1472,23,1
1777578000,4610.67,4611.37,4608.65,4609.10,1443,23,1
1777578300,4609.08,4613.58,4608.57,4613.32,1503,23,1
1777578600,4613.32,4617.73,4612.03,4616.54,1752,23,1
1777578900,4616.48,4616.49,4605.37,4607.55,2014,23,1
1777579200,4607.56,4617.16,4607.56,4617.10,1997,23,1
1777579500,4617.14,4618.35,4614.34,4617.55,1791,23,1
1777579800,4617.67,4619.93,4615.84,4615.84,1716,23,1
1777580100,4615.90,4617.86,4612.86,4617.84,1689,23,1
1777580400,4617.84,4620.74,4616.71,4619.53,1736,23,1
1777580700,4619.53,4620.19,4614.97,4617.87,1702,23,1
1777581000,4617.89,4621.57,4616.42,4617.59,2056,23,1
1777581300,4617.59,4620.51,4615.61,4617.08,1717,23,1
1777581600,4617.08,4618.42,4614.97,4617.93,1576,23,1
1777581900,4617.91,4619.88,4615.84,4616.21,1574,23,1
1777582200,4616.17,4616.97,4615.27,4615.98,1499,23,1
1777582500,4615.98,4617.69,4615.43,4616.81,1392,23,1
1777582800,4616.81,4624.49,4616.73,4623.47,1946,23,1
1777583100,4623.49,4624.41,4621.88,4622.24,1806,23,1
1777583400,4622.24,4623.40,4620.37,4620.62,1626,23,1
1777583700,4620.62,4625.19,4620.09,4623.95,1623,23,1
1777584000,4623.95,4624.43,4621.33,4621.71,1678,23,1
1777584300,4621.71,4623.31,4619.90,4620.73,1548,23,1
1777584600,4620.76,4623.06,4619.49,4619.94,1516,23,1
1777584900,4619.92,4621.60,4619.16,4620.89,1419,23,1
1777585200,4620.89,4621.50,4619.09,4620.57,1305,23,1
1777585500,4620.60,4622.89,4620.08,4621.70,1380,23,1
1777585800,4621.65,4624.33,4620.97,4623.57,1555,23,1
1777586100,4623.57,4625.01,4621.94,4622.43,1591,23,1
1777586400,4622.43,4625.91,4622.13,4624.41,1609,23,1
1777586700,4624.40,4627.32,4623.65,4625.54,1616,23,1
1777587000,4625.54,4626.76,4623.74,4624.15,1435,23,1
1777587300,4624.15,4625.32,4621.68,4621.70,1334,23,1
1777587600,4621.70,4621.70,4617.47,4619.99,1634,23,1
1777587900,4620.00,4620.00,4617.03,4617.67,1582,23,1
1777588200,4617.67,4618.73,4615.22,4618.02,1645,23,1
1777588500,4617.96,4621.54,4616.83,4621.27,1654,23,1
1777588800,4621.31,4622.96,4619.62,4622.54,1469,23,1
1777589100,4622.54,4623.18,4620.55,4620.64,1421,23,1
1777589400,4620.64,4620.95,4614.54,4617.19,2150,23,1
1777589700,4617.20,4618.04,4615.11,4617.00,2063,23,1
1777590000,4617.06,4620.40,4615.86,4616.69,1876,23,1
1777590300,4616.69,4618.31,4615.84,4616.65,1505,23,1
1777590600,4616.68,4617.59,4616.08,4616.13,1079,23,1
1777590900,4616.14,4619.48,4615.94,4618.47,1181,23,1
1777591200,4618.47,4619.27,4616.31,4617.24,1016,23,1
1777591500,4617.24,4617.35,4615.78,4616.67,900,23,1
1777591800,4616.67,4618.57,4615.40,4618.22,1285,23,1
1777592100,4618.22,4618.35,4616.96,4617.42,813,28,1
1777592400,4617.42,4617.76,4616.54,4617.31,1057,28,1
1777592700,4617.33,4618.60,4616.81,4618.57,904,28,1
1777593000,4618.57,4621.05,4618.37,4621.05,897,28,1
1777593300,4621.05,4621.99,4620.36,4620.57,572,28,1
1777597200,4626.53,4635.74,4625.51,4628.87,1241,28,0
1777597500,4628.87,4631.98,4626.53,4631.13,804,28,0
1777597800,4631.13,4632.68,4629.69,4631.27,799,28,0
1777598100,4631.27,4631.49,4628.75,4630.33,928,28,0
1777598400,4630.33,4631.00,4629.65,4630.33,667,28,0
1777598700,4630.33,4631.17,4629.24,4631.17,605,28,0
1777599000,4631.17,4631.91,4628.04,4628.04,853,23,0
1777599300,4628.03,4630.68,4626.84,4629.95,1115,23,0
1777599600,4629.95,4631.92,4629.95,4631.60,814,23,0
1777599900,4632.20,4632.28,4628.51,4631.75,951,23,0
1777600200,4631.75,4631.78,4629.22,4629.60,959,23,0
1777600500,4629.60,4631.60,4629.44,4630.37,935,23,0
1777600800,4630.32,4630.69,4628.34,4629.42,892,23,0
1777601100,4629.43,4631.23,4628.89,4629.25,905,23,0
1777601400,4629.25,4631.59,4628.89,4630.11,741,23,0
1777601700,4630.11,4631.25,4629.03,4629.88,878,23,0
1777602000,4629.83,4630.76,4629.81,4630.14,745,23,0
1777602300,4630.14,4632.13,4630.13,4630.76,737,23,0
1777602600,4630.76,4633.47,4630.65,4632.80,910,23,0
1777602900,4632.80,4633.99,4631.79,4633.25,809,23,0
1777603200,4633.25,4633.97,4631.30,4631.30,773,23,0
1777603500,4631.30,4633.17,4630.49,4631.39,1052,23,0
1777603800,4631.39,4632.27,4629.99,4631.83,867,23,0
1777604100,4631.83,4632.61,4626.34,4626.45,1220,23,0
1777604400,4626.52,4628.76,4623.27,4627.87,1813,20,0
1777604700,4627.78,4631.07,4625.40,4626.89,1647,23,0
1777605000,4626.80,4627.64,4620.76,4622.31,1654,23,0
1777605300,4622.31,4627.42,4620.93,4626.01,1592,23,0
1777605600,4626.01,4628.40,4623.49,4623.50,1394,23,0
1777605900,4623.50,4625.59,4623.21,4623.71,1439,23,0
1777606200,4623.74,4624.95,4621.31,4621.61,1347,23,0
1777606500,4621.61,4622.28,4618.44,4621.07,1461,23,0
1777606800,4621.07,4622.00,4618.86,4620.73,1291,23,0
1777607100,4620.73,4623.46,4620.56,4622.30,1429,23,0
1777607400,4622.30,4624.14,4621.00,4624.07,1204,23,0
1777607700,4624.08,4625.04,4619.53,4619.67,1411,23,0
1777608000,4619.67,4620.90,4616.84,4617.47,1619,23,0
1777608300,4617.41,4619.59,4616.10,4617.94,1121,23,0
1777608600,4618.01,4619.29,4615.49,4618.40,1268,23,0
1777608900,4618.40,4618.98,4614.53,4614.64,1256,23,0
1777609200,4614.64,4616.57,4613.90,4614.96,1123,23,0
1777609500,4614.96,4616.60,4614.54,4616.27,912,23,0
1777609800,4616.20,4620.79,4616.08,4619.40,1323,23,0
1777610100,4619.40,4621.30,4619.05,4621.00,1155,23,0
1777610400,4621.00,4621.87,4619.07,4620.16,1285,23,0
1777610700,4620.16,4620.67,4618.83,4619.85,1229,23,0
1777611000,4619.85,4621.64,4618.75,4619.21,1140,23,0
1777611300,4619.21,4622.21,4618.76,4620.92,1018,23,0
1777611600,4620.92,4625.34,4619.75,4624.63,1138,23,0
1777611900,4624.65,4626.21,4623.40,4626.19,1105,23,0
1777612200,4626.19,4634.44,4626.17,4630.87,1387,23,0
1777612500,4630.87,4635.97,4630.38,4633.66,1391,23,0
1777612800,4633.66,4633.96,4628.88,4629.96,1237,23,0
1777613100,4629.96,4631.09,4628.48,4629.38,826,23,0
1777613400,4629.38,4631.07,4628.45,4628.78,1044,23,0
1777613700,4628.78,4630.63,4628.02,4628.27,882,23,0
1777614000,4628.27,4628.55,4623.91,4624.31,1113,23,0
1777614300,4624.27,4624.47,4619.38,4620.80,1229,23,0
1777614600,4620.80,4620.81,4618.26,4619.96,1342,23,0
1777614900,4619.96,4619.96,4616.52,4619.05,1041,23,0
1777615200,4619.05,4620.51,4617.81,4618.54,1154,23,0
1777615500,4618.55,4619.69,4617.79,4619.03,825,23,0
1777615800,4619.03,4621.39,4618.84,4620.64,895,23,0
1777616100,4620.64,4622.52,4620.61,4620.81,796,23,0
1777616400,4620.81,4624.52,4620.72,4623.55,861,23,0
1777616700,4623.57,4626.67,4623.24,4626.12,757,23,0
1777617000,4626.22,4630.43,4626.22,4630.27,1183,23,0
1777617300,4630.27,4632.02,4629.84,4630.28,1161,23,0
1777617600,4630.26,4630.38,4625.39,4626.13,1419,23,0
1777617900,4626.15,4627.93,4625.88,4626.55,986,23,0
1777618200,4626.55,4627.98,4625.59,4625.61,813,23,0
1777618500,4625.61,4628.00,4625.61,4626.65,973,23,0
1777618800,4626.65,4628.68,4624.22,4624.85,1165,23,0
1777619100,4624.85,4626.51,4619.97,4620.93,1286,23,0
1777619400,4620.92,4623.31,4620.03,4621.71,1026,23,0
1777619700,4621.71,4623.26,4621.12,4623.09,885,23,0
1777620000,4623.09,4623.33,4621.01,4621.45,846,23,0
1777620300,4621.45,4622.01,4617.19,4617.57,1103,23,0
1777620600,4617.57,4618.13,4612.44,4614.06,1396,23,0
1777620900,4614.06,4617.25,4613.90,4615.86,1183,23,0
1777621200,4615.86,4615.95,4612.15,4613.44,1029,23,0
1777621500,4613.44,4614.52,4610.56,4610.83,982,23,0
1777621800,4610.83,4610.87,4609.32,4610.23,939,23,0
1777622100,4610.23,4611.64,4609.17,4609.18,845,23,0
1777622400,4609.18,4609.67,4607.57,4609.08,1120,23,0
1777622700,4609.08,4614.14,4608.97,4612.75,1353,23,0
1777623000,4612.75,4614.75,4612.75,4614.31,1018,23,0
1777623300,4614.30,4614.57,4611.68,4613.93,831,23,0
1777623600,4613.93,4615.22,4613.92,4614.65,886,23,0
1777623900,4614.64,4616.12,4612.54,4614.68,830,23,0
1777624200,4614.66,4615.36,4612.63,4614.91,980,23,0
1777624500,4614.91,4614.91,4609.50,4610.72,1107,23,0
1777624800,4610.72,4611.74,4609.63,4609.84,1172,23,0
1777625100,4609.84,4613.54,4607.21,4611.89,1133,23,0
1777625400,4611.92,4612.11,4608.36,4608.46,876,23,0
1777625700,4608.46,4608.46,4602.93,4604.86,1456,23,0
1777626000,4604.87,4607.81,4603.90,4605.13,1571,23,0
1777626300,4605.15,4607.11,4601.46,4602.97,1480,23,0
1777626600,4602.97,4603.57,4601.18,4601.49,1158,23,0
1777626900,4601.49,4602.00,4596.15,4596.81,1164,23,0
1777627200,4596.81,4599.38,4595.52,4598.72,1389,23,0
1777627500,4598.72,4598.94,4593.39,4593.42,1372,23,0
1777627800,4593.42,4595.60,4592.13,4594.91,1211,23,0
1777628100,4594.98,4597.55,4591.17,4592.23,1362,23,0
1777628400,4592.26,4593.71,4590.82,4593.40,1239,23,0
1777628700,4593.40,4595.99,4592.02,4592.29,1949,23,0
1777629000,4592.29,4594.40,4591.26,4592.45,1563,23,0
1777629300,4592.43,4595.27,4591.98,4594.83,1562,23,0
1777629600,4594.69,4596.24,4592.59,4592.72,1696,23,0
1777629900,4592.72,4596.27,4590.08,4593.16,1845,23,0
1777630200,4593.16,4596.41,4592.82,4595.94,1402,23,0
1777630500,4595.94,4598.05,4594.65,4595.87,1384,23,0
1777630800,4595.84,4596.60,4585.23,4591.26,1771,23,0
1777631100,4591.26,4593.17,4587.65,4592.34,1444,23,0
1777631400,4592.34,4592.54,4583.76,4585.73,1537,23,0
1777631700,4585.77,4590.02,4584.19,4584.91,1542,23,0
1777632000,4584.91,4587.14,4584.28,4585.39,1213,23,0
1777632300,4585.39,4585.99,4582.39,4583.55,1277,23,0
1777632600,4583.55,4584.88,4579.66,4579.66,1352,23,0
1777632900,4579.66,4581.14,4575.87,4578.17,1572,23,0
1777633200,4578.16,4582.34,4577.25,4581.71,1655,23,0
1777633500,4581.71,4582.52,4579.70,4579.71,1496,23,0
1777633800,4579.69,4579.88,4573.49,4573.94,1599,23,0
1777634100,4573.93,4576.93,4570.99,4571.57,1569,23,0
1777634400,4571.57,4572.89,4568.20,4568.72,1541,23,0
1777634700,4568.70,4569.26,4566.42,4567.29,1666,23,0
1777635000,4567.29,4571.96,4566.08,4571.86,1480,23,0
1777635300,4571.86,4572.12,4566.17,4570.37,1403,23,0
1777635600,4570.37,4571.39,4568.85,4571.04,1162,23,0
1777635900,4571.03,4572.63,4568.49,4571.14,1236,23,0
1777636200,4571.17,4571.17,4565.13,4568.26,1309,23,0
1777636500,4568.26,4569.64,4567.10,4568.65,1172,23,0
1777636800,4568.71,4569.19,4564.49,4565.78,1389,23,0
1777637100,4565.75,4567.59,4564.36,4566.39,1280,23,0
1777637400,4566.39,4567.71,4564.27,4565.75,1189,23,0
1777637700,4565.75,4568.18,4564.63,4568.17,1332,23,0
1777638000,4568.17,4571.34,4568.11,4569.96,1343,23,0
1777638300,4569.97,4571.12,4567.62,4569.18,1254,23,0
1777638600,4569.18,4571.95,4567.55,4571.55,1353,23,0
1777638900,4571.55,4572.96,4569.65,4571.73,1117,23,0
1777639200,4571.73,4572.47,4570.11,4570.34,974,23,0
1777639500,4570.34,4570.74,4567.81,4569.22,1164,23,0
1777639800,4569.08,4570.11,4560.82,4560.99,1418,23,0
1777640100,4560.99,4564.03,4560.15,4562.70,1507,23,0
1777640400,4562.70,4564.39,4561.39,4563.44,1191,23,0
1777640700,4563.44,4567.98,4563.31,4566.63,1018,23,0
1777641000,4566.63,4567.80,4565.11,4566.67,983,23,0
1777641300,4566.67,4568.98,4566.59,4568.98,1004,23,0
1777641600,4569.00,4571.94,4568.52,4571.50,1025,23,0
1777641900,4571.50,4572.69,4570.69,4572.10,1045,23,0
1777642200,4572.10,4575.99,4570.88,4571.08,1205,23,0
1777642500,4571.07,4571.38,4567.42,4568.22,1103,23,0
1777642800,4568.28,4570.68,4567.68,4570.36,1139,23,0
1777643100,4570.35,4572.07,4568.86,4568.98,1060,23,0
1777643400,4569.01,4569.30,4566.48,4567.19,1080,23,0
1777643700,4567.19,4568.82,4566.09,4566.80,1166,23,0
1777644000,4566.80,4568.01,4563.89,4567.31,1549,23,0
1777644300,4567.31,4568.90,4565.13,4567.10,1253,23,0
1777644600,4567.14,4567.14,4562.46,4565.89,1328,23,0
1777644900,4565.87,4571.69,4564.60,4571.69,1410,23,0
1777645200,4571.70,4574.22,4571.68,4573.26,1539,23,0
1777645500,4573.27,4576.40,4571.64,4571.88,1407,23,0
1777645800,4571.88,4575.31,4570.33,4575.03,1570,23,0
1777646100,4575.01,4577.05,4574.12,4575.89,1422,23,0
1777646400,4575.89,4577.73,4575.13,4575.66,1316,23,0
1777646700,4575.66,4575.97,4573.11,4574.26,1207,23,0
1777647000,4574.27,4578.20,4572.75,4578.20,1212,23,0
1777647300,4578.01,4579.50,4576.80,4578.69,1333,23,0
1777647600,4578.69,4578.69,4575.01,4578.05,1481,23,0
1777647900,4578.05,4579.78,4576.08,4576.57,1495,23,0
1777648200,4576.56,4590.53,4574.94,4584.78,1808,23,0
1777648500,4584.74,4590.07,4582.75,4588.44,2100,23,0
1777648800,4588.44,4598.06,4587.59,4597.44,2147,23,0
1777649100,4597.44,4607.77,4597.44,4602.89,2277,23,0
1777649400,4602.89,4603.22,4596.23,4597.72,1973,23,0
1777649700,4597.72,4601.46,4595.75,4597.90,1819,23,0
1777650000,4597.90,4600.05,4588.98,4591.90,1994,23,0
1777650300,4591.97,4595.43,4590.80,4592.56,1685,23,0
1777650600,4592.56,4595.19,4592.26,4593.01,1535,23,0
1777650900,4593.04,4593.51,4589.66,4591.17,1618,23,0
1777651200,4591.16,4595.98,4589.71,4592.52,1752,23,0
1777651500,4592.52,4596.51,4591.87,4596.13,1601,23,0
1777651800,4596.13,4597.23,4589.95,4591.28,1490,23,0
1777652100,4591.27,4592.52,4587.60,4591.24,1574,23,0
1777652400,4591.24,4592.82,4590.16,4592.75,1529,23,0
1777652700,4592.75,4593.17,4586.67,4589.19,1901,23,0
1777653000,4589.23,4601.54,4586.51,4598.61,2470,23,0
1777653300,4598.58,4605.32,4598.57,4602.78,2407,23,0
1777653600,4602.78,4608.94,4602.72,4607.90,2273,23,0
1777653900,4607.87,4609.33,4598.84,4601.22,2354,23,0
1777654200,4601.23,4620.77,4599.38,4616.90,2545,23,0
1777654500,4616.93,4628.82,4616.46,4625.68,2348,23,0
1777654800,4625.68,4641.94,4625.68,4634.69,2619,23,0
1777655100,4634.67,4640.33,4632.67,4634.58,2534,23,0
1777655400,4634.70,4659.98,4634.55,4656.08,2575,23,0
1777655700,4656.19,4660.15,4649.33,4654.57,2578,23,0
1777656000,4654.57,4658.04,4649.18,4649.26,2428,23,0
1777656300,4649.42,4651.53,4643.91,4644.58,2387,23,0
1777656600,4644.58,4646.21,4639.61,4643.14,2447,23,0
1777656900,4643.15,4643.24,4635.88,4638.54,2468,23,0
1777657200,4638.57,4639.73,4630.48,4633.37,2447,23,0
1777657500,4633.21,4635.12,4629.11,4630.89,2340,23,0
1777657800,4630.90,4633.92,4627.27,4630.84,2375,23,0
1777658100,4630.84,4635.34,4630.01,4632.08,2160,23,0
1777658400,4632.09,4633.32,4624.88,4626.28,2363,23,0
1777658700,4626.52,4628.09,4619.08,4626.64,2326,23,0
1777659000,4626.61,4636.40,4623.67,4636.40,2243,23,0
1777659300,4636.53,4640.36,4635.31,4639.42,2194,23,0
1777659600,4639.42,4640.65,4634.96,4635.88,1884,23,0
1777659900,4635.87,4637.15,4634.10,4636.46,1859,23,0
1777660200,4636.46,4641.18,4636.46,4638.08,1962,23,0
1777660500,4638.01,4642.86,4635.45,4641.13,1897,23,0
1777660800,4641.10,4644.67,4640.77,4643.58,1887,23,0
1777661100,4643.59,4648.05,4643.22,4644.29,1771,23,0
1777661400,4644.29,4646.81,4633.19,4645.54,2197,23,0
1777661700,4645.52,4646.22,4642.38,4643.19,1815,23,0
1777662000,4643.19,4645.44,4641.50,4643.83,1809,23,0
1777662300,4643.80,4645.34,4639.23,4639.25,1941,23,0
1777662600,4639.26,4643.64,4638.14,4642.78,1763,23,0
1777662900,4642.74,4650.01,4642.72,4647.18,1857,23,0
1777663200,4647.19,4649.72,4639.34,4643.40,1869,23,0
1777663500,4643.43,4643.71,4637.72,4637.97,2391,23,0
1777663800,4637.94,4640.38,4634.86,4636.95,2170,23,0
1777664100,4637.03,4640.78,4633.93,4640.49,2017,23,0
1777664400,4640.46,4641.36,4637.52,4638.88,1794,23,0
1777664700,4638.90,4640.25,4637.07,4640.24,1818,23,0
1777665000,4640.21,4642.86,4636.69,4641.02,1747,23,0
1777665300,4641.02,4642.77,4638.51,4638.82,1525,23,0
1777665600,4638.81,4642.65,4638.48,4638.56,1755,23,0
1777665900,4638.56,4640.25,4637.58,4638.93,1510,23,0
1777666200,4638.91,4639.89,4638.10,4639.79,1255,23,0
1777666500,4639.79,4640.07,4636.96,4638.47,1533,23,0
1777666800,4638.46,4638.81,4634.31,4634.98,1628,23,0
1777667100,4635.04,4636.67,4630.95,4631.79,1715,23,0
1777667400,4631.76,4632.16,4628.68,4630.19,1644,23,0
1777667700,4630.19,4630.80,4628.10,4630.78,1574,23,0
1777668000,4630.78,4631.92,4626.76,4627.96,1515,23,0
1777668300,4628.03,4629.64,4627.24,4627.35,1397,23,0
1777668600,4627.40,4634.93,4627.22,4630.10,1804,23,0
1777668900,4630.10,4631.40,4628.68,4629.57,1551,23,0
1777669200,4629.43,4630.64,4623.37,4624.53,1724,23,0
1777669500,4624.53,4625.70,4622.37,4624.32,1820,23,0
1777669800,4624.32,4624.45,4615.60,4615.74,1571,23,0
1777670100,4615.81,4619.00,4613.75,4618.59,1792,23,0
1777670400,4618.59,4622.52,4618.56,4622.26,1531,23,0
1777670700,4622.25,4623.51,4618.86,4623.45,1572,23,0
1777671000,4623.38,4624.40,4617.55,4617.55,1791,23,0
1777671300,4617.54,4618.76,4616.13,4617.55,1639,23,0
1777671600,4617.55,4622.39,4617.25,4622.24,1622,23,0
1777671900,4622.21,4624.17,4619.96,4623.96,1612,23,0
1777672200,4623.96,4625.87,4623.41,4624.05,1495,23,0
1777672500,4624.05,4624.60,4623.03,4624.25,1542,23,0
1777672800,4624.26,4625.00,4620.45,4620.99,1526,23,0
1777673100,4620.98,4623.10,4620.72,4622.77,1303,23,0
1777673400,4622.74,4626.57,4621.81,4626.19,1247,23,0
1777673700,4626.19,4627.38,4625.91,4627.13,1326,23,0
1777674000,4627.13,4627.48,4625.55,4626.58,1146,23,0
1777674300,4626.58,4627.66,4624.27,4624.30,1277,23,0
1777674600,4624.31,4624.53,4616.78,4618.14,1594,23,0
1777674900,4618.15,4619.01,4615.01,4617.15,1528,23,0
1777675200,4617.14,4617.24,4611.33,4611.88,1677,23,0
1777675500,4611.86,4614.54,4611.08,4614.48,1513,23,0
1777675800,4614.48,4615.30,4608.88,4610.79,1663,23,0
1777676100,4610.79,4612.31,4608.86,4610.84,2086,23,0
1777676400,4610.80,4612.63,4607.47,4609.25,1244,23,0
1777676700,4609.24,4610.31,4606.98,4610.25,1013,23,0
1777677000,4610.25,4611.93,4608.94,4611.20,851,23,0
1777677300,4611.19,4611.68,4610.04,4610.15,921,23,0
1777677600,4610.15,4612.28,4609.82,4611.49,779,23,0
1777677900,4611.49,4616.15,4611.26,4613.31,966,23,0
1777678200,4613.32,4615.06,4612.36,4614.41,848,24,0
1777678500,4614.47,4614.61,4610.17,4611.90,867,28,0
1777678800,4611.90,4614.57,4610.93,4613.73,934,28,0
1777679100,4613.75,4614.45,4612.54,4613.13,848,28,0
1777679400,4613.16,4617.30,4613.06,4616.29,1007,28,0
1777679700,4616.22,4616.22,4614.91,4615.55,469,28,0
1777856400,4632.83,4637.77,4617.09,4625.54,1846,28,0
1777856700,4625.54,4627.12,4621.21,4621.92,1184,28,0
1777857000,4621.92,4623.60,4619.10,4622.98,1371,28,0
1777857300,4622.98,4623.10,4617.28,4621.90,1206,28,0
1777857600,4621.90,4621.91,4612.57,4617.10,1261,28,0
1777857900,4617.10,4622.68,4616.87,4620.76,1028,28,0
1777858200,4620.76,4623.86,4619.76,4623.48,987,23,0
1777858500,4623.48,4626.85,4622.81,4625.47,970,23,0
1777858800,4625.47,4629.32,4625.46,4628.11,914,23,0
1777859100,4628.11,4629.14,4625.73,4626.26,908,23,0
1777859400,4626.26,4627.51,4619.68,4619.77,1154,23,0
1777859700,4619.77,4621.20,4618.29,4618.82,1083,23,0
1777860000,4618.83,4620.87,4615.31,4619.24,1294,23,0
1777860300,4619.24,4619.90,4613.23,4615.40,1014,23,0
1777860600,4615.40,4615.84,4611.33,4614.98,1192,23,0
1777860900,4615.01,4616.89,4613.16,4616.27,1012,23,0
1777861200,4616.26,4616.26,4613.93,4615.76,883,23,0
1777861500,4615.76,4617.63,4614.77,4617.07,817,23,0
1777861800,4617.07,4618.33,4615.34,4617.52,838,23,0
1777862100,4617.52,4618.42,4614.74,4614.81,1024,23,0
1777862400,4614.79,4615.06,4612.85,4613.59,1038,23,0
1777862700,4613.60,4616.21,4611.61,4614.33,1241,23,0
1777863000,4614.31,4616.75,4613.08,4616.17,887,23,0
1777863300,4616.17,4616.99,4612.27,4613.90,1093,23,0
1777863600,4613.92,4613.92,4604.53,4608.47,1775,20,0
1777863900,4608.47,4616.48,4606.89,4615.26,1614,23,0
1777864200,4615.26,4615.89,4610.03,4612.20,1563,23,0
1777864500,4612.15,4614.68,4604.99,4607.74,1793,23,0
1777864800,4607.78,4609.49,4602.20,4604.44,1813,23,0
1777865100,4604.44,4606.51,4601.96,4606.02,1577,23,0
1777865400,4605.96,4609.96,4604.93,4608.29,1485,23,0
1777865700,4608.26,4609.96,4605.32,4606.29,1377,23,0
1777866000,4606.32,4608.83,4605.76,4605.76,1152,23,0
1777866300,4605.76,4610.27,4604.86,4609.45,1321,23,0
1777866600,4609.45,4609.85,4606.93,4609.53,1226,23,0
1777866900,4609.53,4613.44,4609.29,4613.01,1422,23,0
1777867200,4613.01,4614.02,4600.50,4601.22,1725,23,0
1777867500,4601.22,4603.45,4597.70,4599.10,1890,23,0
1777867800,4599.10,4601.73,4595.93,4600.57,1586,23,0
1777868100,4600.57,4604.43,4598.61,4599.11,1645,23,0
1777868400,4599.11,4600.15,4597.27,4598.03,1280,23,0
1777868700,4598.03,4598.41,4594.15,4594.58,1375,23,0
1777869000,4594.60,4599.54,4592.69,4599.22,1510,23,0
1777869300,4599.22,4600.37,4598.15,4600.22,1243,23,0
1777869600,4600.20,4601.60,4599.09,4601.44,1087,23,0
1777869900,4601.44,4603.36,4600.95,4601.19,1129,23,0
1777870200,4601.20,4606.68,4601.08,4606.15,1097,23,0
1777870500,4606.15,4613.71,4605.78,4613.02,1248,23,0
1777870800,4613.02,4618.49,4612.21,4613.15,1550,23,0
1777871100,4613.16,4613.39,4607.70,4608.83,1307,23,0
1777871400,4608.83,4610.15,4603.51,4608.33,1377,23,0
1777871700,4608.33,4608.33,4602.60,4605.04,1458,23,0
1777872000,4605.04,4605.13,4597.35,4598.36,1400,23,0
1777872300,4598.36,4599.06,4591.53,4593.05,1389,23,0
1777872600,4593.05,4595.98,4591.06,4595.46,1424,23,0
1777872900,4595.46,4601.68,4595.19,4600.62,1436,23,0
1777873200,4600.64,4603.88,4599.39,4603.88,1294,23,0
1777873500,4603.91,4605.14,4601.20,4604.53,1356,23,0
1777873800,4604.53,4610.29,4602.69,4609.53,1304,23,0
1777874100,4609.53,4611.05,4605.70,4605.81,1303,23,0
1777874400,4605.81,4607.23,4604.42,4605.34,1166,23,0
1777874700,4605.33,4608.96,4604.96,4608.28,1209,23,0
1777875000,4608.29,4611.74,4606.14,4610.02,1272,23,0
1777875300,4610.02,4610.70,4608.19,4608.88,1082,23,0
1777875600,4608.87,4610.32,4608.29,4609.85,957,23,0
1777875900,4609.85,4610.93,4608.30,4610.21,898,23,0
1777876200,4609.69,4611.19,4607.58,4608.02,1272,23,0
1777876500,4608.02,4608.04,4601.36,4601.39,1156,23,0
1777876800,4601.39,4605.16,4598.56,4604.97,1318,23,0
1777877100,4604.97,4612.79,4604.95,4610.19,2129,23,0
1777877400,4610.19,4614.24,4609.41,4613.46,1866,23,0
1777877700,4613.41,4617.18,4612.26,4615.08,1563,23,0
1777878000,4615.08,4615.42,4607.80,4610.31,1510,23,0
1777878300,4610.28,4612.17,4609.38,4610.80,1317,23,0
1777878600,4610.80,4612.15,4610.09,4611.20,1019,23,0
1777878900,4611.21,4613.15,4610.23,4611.19,891,23,0
1777879200,4611.25,4611.81,4608.11,4609.32,1278,23,0
1777879500,4609.32,4610.72,4607.12,4608.03,1081,23,0
1777879800,4608.00,4612.29,4607.30,4611.06,1215,23,0
1777880100,4611.07,4612.89,4610.15,4610.23,1134,23,0
1777880400,4610.23,4610.97,4607.23,4609.22,917,23,0
1777880700,4609.22,4609.52,4607.27,4607.63,724,23,0
1777881000,4607.63,4610.45,4607.21,4607.43,823,23,0
1777881300,4607.43,4607.57,4605.28,4605.89,1267,23,0
1777881600,4605.89,4606.44,4603.36,4604.37,1355,23,0
1777881900,4604.37,4606.74,4603.58,4606.12,985,23,0
1777882200,4606.12,4606.75,4601.95,4603.79,1240,23,0
1777882500,4603.79,4613.13,4600.94,4611.12,1603,23,0
1777882800,4611.11,4612.74,4604.41,4604.79,1680,23,0
1777883100,4604.79,4605.31,4595.71,4596.48,1750,23,0
1777883400,4596.48,4598.88,4592.32,4595.61,1670,23,0
1777883700,4595.62,4596.71,4593.21,4596.15,1529,23,0
1777884000,4596.14,4599.02,4593.18,4598.94,1629,23,0
1777884300,4598.94,4601.82,4597.05,4597.74,1223,23,0
1777884600,4597.69,4598.80,4594.34,4598.39,1319,23,0
1777884900,4598.43,4601.60,4597.24,4599.04,1552,23,0
1777885200,4599.02,4600.70,4591.53,4594.07,1890,23,0
1777885500,4594.06,4598.48,4587.86,4596.96,1791,23,0
1777885800,4596.87,4598.56,4593.39,4597.52,1493,23,0
1777886100,4597.52,4597.84,4591.44,4596.64,1480,23,0
1777886400,4596.67,4596.68,4589.98,4592.41,1434,23,0
1777886700,4592.40,4594.22,4589.15,4593.91,1313,23,0
1777887000,4593.91,4595.54,4587.41,4590.01,1676,23,0
1777887300,4589.99,4591.69,4585.01,4586.84,1526,20,0
1777887600,4586.71,4588.23,4584.53,4585.44,1500,23,0
1777887900,4585.42,4590.04,4583.67,4589.97,1535,23,0
1777888200,4589.97,4592.39,4588.50,4588.89,1494,23,0
1777888500,4588.88,4590.88,4587.09,4588.49,1306,23,0
1777888800,4588.54,4591.44,4585.62,4588.00,1796,23,0
1777889100,4588.02,4591.69,4587.52,4590.90,1599,23,0
1777889400,4590.90,4593.36,4588.10,4592.04,1276,23,0
1777889700,4592.06,4592.77,4586.92,4588.27,1339,23,0
1777890000,4588.27,4591.01,4587.42,4587.99,1294,23,0
1777890300,4587.99,4589.10,4583.30,4585.93,1344,23,0
1777890600,4585.93,4587.05,4583.06,4586.03,1564,23,0
1777890900,4586.03,4588.15,4582.75,4585.16,1516,23,0
1777891200,4585.12,4588.03,4582.76,4587.99,1518,23,0
1777891500,4587.99,4590.82,4586.79,4587.56,1516,23,0
1777891800,4587.57,4587.62,4581.28,4582.16,1519,23,0
1777892100,4582.18,4583.17,4578.00,4578.96,1640,23,0
1777892400,4578.98,4580.99,4575.41,4575.45,1909,23,0
1777892700,4575.45,4578.70,4574.22,4578.68,1855,23,0
1777893000,4578.68,4580.23,4576.95,4580.12,1556,23,0
1777893300,4580.12,4581.10,4574.40,4575.90,1651,23,0
1777893600,4575.90,4578.58,4575.77,4577.09,1525,23,0
1777893900,4577.09,4579.15,4574.16,4574.95,1610,23,0
1777894200,4574.96,4578.41,4573.69,4577.53,1594,23,0
1777894500,4577.53,4579.32,4575.71,4579.05,1357,23,0
1777894800,4579.05,4581.40,4577.95,4578.04,1439,23,0
1777895100,4578.04,4578.92,4576.63,4577.40,1395,23,0
1777895400,4577.40,4579.48,4576.50,4577.59,1343,23,0
1777895700,4577.62,4579.68,4575.83,4577.01,1440,23,0
1777896000,4577.01,4580.73,4576.20,4580.68,1690,23,0
1777896300,4580.65,4581.44,4579.53,4580.10,1331,23,0
1777896600,4580.10,4584.26,4579.37,4584.12,1210,23,0
1777896900,4584.00,4584.50,4581.02,4582.63,1406,23,0
1777897200,4582.63,4583.39,4580.71,4580.72,1249,23,0
1777897500,4580.72,4582.18,4580.40,4581.32,1027,23,0
1777897800,4581.32,4582.60,4580.42,4582.41,1086,23,0
1777898100,4582.42,4584.49,4582.31,4583.74,982,23,0
1777898400,4583.75,4584.22,4580.96,4581.30,980,23,0
1777898700,4581.30,4582.26,4579.29,4581.97,1142,23,0
1777899000,4581.97,4582.00,4577.68,4579.21,1134,23,0
1777899300,4579.24,4579.52,4572.40,4575.44,1385,23,0
1777899600,4575.44,4575.84,4551.24,4560.02,2357,23,0
1777899900,4560.23,4560.23,4543.08,4547.34,2713,23,0
1777900200,4547.32,4548.77,4537.42,4541.93,2585,23,0
1777900500,4541.96,4543.60,4534.49,4538.06,2552,23,0
1777900800,4538.05,4539.52,4526.07,4536.32,2447,23,0
1777901100,4536.21,4545.19,4536.21,4544.97,2212,23,0
1777901400,4544.92,4558.36,4543.06,4557.56,2391,23,0
1777901700,4557.71,4563.03,4555.84,4561.47,2282,23,0
1777902000,4561.45,4564.08,4558.17,4558.65,1975,23,0
1777902300,4558.65,4566.87,4558.32,4566.48,1788,23,0
1777902600,4566.52,4566.58,4561.60,4561.70,1773,23,0
1777902900,4561.72,4564.55,4560.54,4562.64,1739,23,0
1777903200,4562.63,4570.74,4562.54,4562.70,2155,23,0
1777903500,4562.63,4567.64,4561.29,4566.70,1785,23,0
1777903800,4566.76,4567.82,4563.72,4565.34,1687,23,0
1777904100,4565.34,4569.92,4565.29,4568.77,1793,23,0
1777904400,4568.76,4568.95,4563.97,4564.21,1599,23,0
1777904700,4564.19,4565.23,4561.72,4562.28,1502,23,0
1777905000,4562.24,4562.54,4556.93,4556.93,1669,23,0
1777905300,4556.72,4560.32,4551.47,4553.69,1927,23,0
1777905600,4553.94,4557.34,4553.20,4553.49,1858,23,0
1777905900,4553.49,4558.04,4553.06,4555.73,1712,23,0
1777906200,4555.72,4559.72,4555.35,4558.87,1673,23,0
1777906500,4558.84,4563.03,4557.92,4559.89,1696,23,0
1777906800,4560.31,4563.80,4559.30,4563.06,1736,23,0
1777907100,4563.06,4563.27,4559.60,4560.62,1636,23,0
1777907400,4560.63,4565.76,4560.06,4563.68,1550,23,0
1777907700,4563.69,4574.68,4563.33,4573.38,2055,23,0
1777908000,4573.34,4579.28,4572.14,4572.33,2029,23,0
1777908300,4572.33,4572.74,4565.41,4568.54,1897,23,0
1777908600,4568.54,4570.28,4564.92,4566.06,1712,23,0
1777908900,4566.00,4569.81,4561.21,4568.43,1693,23,0
1777909200,4568.43,4571.64,4567.65,4570.05,1674,23,0
1777909500,4570.05,4572.86,4566.45,4570.51,1591,23,0
1777909800,4570.51,4575.90,4570.05,4572.01,1659,23,0
1777910100,4571.95,4573.64,4568.01,4568.65,1668,23,0
1777910400,4568.37,4568.51,4557.39,4565.46,2410,23,0
1777910700,4565.50,4573.30,4564.10,4572.00,2015,23,0
1777911000,4572.23,4575.84,4563.37,4565.86,2086,23,0
1777911300,4565.89,4567.55,4563.54,4564.66,1900,23,0
1777911600,4564.67,4567.14,4561.74,4562.74,1758,23,0
1777911900,4562.62,4565.37,4561.04,4561.04,1678,23,0
1777912200,4561.03,4570.65,4555.64,4570.08,2544,23,0
1777912500,4570.17,4570.73,4563.97,4566.79,2351,23,0
1777912800,4566.78,4570.64,4562.67,4565.41,2229,23,0
1777913100,4565.41,4566.78,4561.37,4561.42,2365,23,0
1777913400,4561.48,4565.55,4557.52,4563.13,2294,23,0
1777913700,4563.11,4566.14,4560.16,4564.02,2088,23,0
1777914000,4564.02,4565.45,4559.30,4560.22,2278,23,0
1777914300,4560.20,4561.24,4553.54,4555.04,2422,23,0
1777914600,4555.01,4562.99,4553.70,4560.18,2335,23,0
1777914900,4560.18,4574.01,4559.65,4572.68,2364,23,0
1777915200,4572.77,4582.22,4572.31,4576.91,2298,23,0
1777915500,4576.91,4577.55,4570.58,4571.25,2178,23,0
1777915800,4571.24,4579.29,4570.26,4575.79,2223,23,0
1777916100,4575.83,4581.46,4575.35,4579.60,2083,23,0
1777916400,4579.60,4583.21,4574.35,4574.44,2047,23,0
1777916700,4574.44,4576.98,4569.29,4570.87,2067,23,0
1777917000,4570.87,4571.34,4567.16,4570.20,1941,23,0
1777917300,4570.20,4572.24,4559.84,4561.46,2334,23,0
1777917600,4561.44,4566.01,4554.81,4561.09,2455,23,0
1777917900,4561.22,4561.80,4555.43,4557.96,2270,23,0
1777918200,4557.95,4559.86,4548.27,4548.54,2261,23,0
1777918500,4548.58,4555.43,4538.15,4540.31,2530,23,0
1777918800,4540.31,4540.91,4514.47,4521.68,2824,23,0
1777919100,4521.72,4539.81,4515.50,4537.89,2717,23,0
1777919400,4537.85,4539.04,4527.70,4535.23,2603,23,0
1777919700,4535.13,4542.84,4530.23,4534.90,2547,23,0
1777920000,4534.92,4537.33,4531.92,4535.01,2377,23,0
1777920300,4535.00,4535.05,4522.97,4522.97,2293,23,0
1777920600,4523.00,4530.26,4513.16,4528.25,2622,23,0
1777920900,4528.22,4530.36,4521.10,4521.49,2419,23,0
1777921200,4521.54,4525.41,4516.73,4522.11,2414,23,0
1777921500,4522.11,4523.69,4504.53,4510.95,2563,23,0
1777921800,4510.89,4516.13,4500.68,4509.56,2624,23,0
1777922100,4509.68,4526.52,4508.73,4522.50,2683,23,0
1777922400,4522.54,4526.91,4520.66,4521.35,2419,23,0
1777922700,4521.36,4523.75,4513.08,4514.92,2328,23,0
1777923000,4514.84,4518.79,4513.22,4517.86,2245,23,0
1777923300,4517.87,4518.60,4512.03,4513.48,2083,23,0
1777923600,4513.48,4516.52,4511.53,4512.50,2072,23,0
1777923900,4512.50,4515.99,4508.53,4509.91,2130,23,0
1777924200,4509.82,4512.37,4507.43,4509.13,2191,23,0
1777924500,4509.13,4511.64,4507.46,4510.62,2058,23,0
1777924800,4510.63,4521.25,4510.63,4520.96,2340,23,0
1777925100,4521.05,4526.07,4520.42,4523.84,2189,23,0
1777925400,4523.84,4526.10,4521.82,4522.34,1917,23,0
1777925700,4522.37,4531.58,4521.73,4529.11,2289,23,0
1777926000,4529.04,4530.72,4525.51,4525.67,2085,23,0
1777926300,4525.67,4526.96,4521.66,4524.37,2113,23,0
1777926600,4524.38,4527.54,4523.72,4525.61,1723,23,0
1777926900,4525.65,4526.45,4521.73,4524.98,1831,23,0
1777927200,4524.98,4526.20,4523.07,4526.02,1672,23,0
1777927500,4526.00,4526.69,4522.44,4522.44,1538,23,0
1777927800,4522.46,4525.79,4522.04,4523.13,1574,23,0
1777928100,4522.88,4523.80,4521.59,4522.29,1555,23,0
1777928400,4522.28,4525.29,4521.10,4523.38,1626,23,0
1777928700,4523.38,4524.40,4518.69,4519.37,1641,23,0
1777929000,4519.36,4521.70,4518.89,4519.97,1494,23,0
1777929300,4519.94,4520.22,4516.83,4518.13,1606,23,0
1777929600,4517.97,4517.98,4514.15,4514.21,1712,23,0
1777929900,4514.19,4515.10,4509.88,4511.95,1898,23,0
1777930200,4511.95,4514.68,4510.69,4514.58,1781,23,0
1777930500,4514.58,4514.94,4511.51,4514.82,1686,23,0
1777930800,4514.82,4514.90,4510.59,4511.83,1486,23,0
1777931100,4511.85,4515.23,4510.84,4514.86,1533,23,0
1777931400,4514.86,4515.82,4511.54,4513.43,1593,23,0
1777931700,4513.68,4516.31,4512.57,4516.25,1554,23,0
1777932000,4516.25,4516.97,4511.42,4511.55,1563,23,0
1777932300,4511.58,4523.33,4511.52,4517.93,2129,23,0
1777932600,4517.73,4520.06,4516.61,4518.92,1672,23,0
1777932900,4518.92,4521.78,4517.46,4520.61,1594,23,0
1777933200,4520.61,4524.53,4519.61,4524.53,1720,23,0
1777933500,4524.53,4525.89,4519.95,4522.41,1759,23,0
1777933800,4522.37,4523.82,4520.90,4522.68,1536,23,0
1777934100,4522.75,4527.13,4522.74,4524.24,1506,23,0
1777934400,4524.24,4525.94,4520.47,4521.17,1521,23,0
1777934700,4521.18,4523.36,4519.50,4521.27,1505,23,0
1777935000,4521.26,4521.26,4518.55,4519.17,1634,23,0
1777935300,4519.18,4520.22,4515.32,4517.81,1813,23,0
1777935600,4517.86,4518.12,4513.98,4515.13,1038,23,0
1777935900,4515.13,4516.03,4513.54,4513.97,885,23,0
1777936200,4513.97,4514.93,4511.75,4514.71,1121,23,0
1777936500,4514.71,4514.81,4512.34,4512.95,676,23,0
1777936800,4512.95,4513.81,4511.91,4512.95,706,23,0
1777937100,4512.95,4515.61,4512.92,4515.18,709,23,0
1777937400,4515.18,4517.43,4515.11,4517.24,706,23,0
1777937700,4517.24,4517.70,4516.06,4516.96,712,28,0
1777938000,4516.96,4518.83,4514.61,4518.68,829,28,0
1777938300,4518.68,4522.46,4518.63,4521.51,841,28,0
1777938600,4521.51,4521.62,4519.81,4521.28,598,28,0
1777938900,4521.27,4523.19,4521.27,4523.16,419,28,0
1777942800,4523.90,4525.43,4520.34,4520.42,859,28,0
1777943100,4520.42,4522.65,4518.06,4522.47,859,28,0
1777943400,4522.47,4522.84,4520.54,4521.14,680,28,0
1777943700,4521.14,4522.70,4519.81,4520.23,568,28,0
1777944000,4520.23,4522.32,4519.79,4519.83,542,28,0
1777944300,4519.82,4520.94,4519.35,4519.81,461,28,0
1777944600,4519.81,4522.18,4519.78,4521.43,631,23,0
1777944900,4521.28,4521.33,4519.47,4519.74,578,23,0
1777945200,4519.74,4520.64,4518.91,4519.16,559,23,0
1777945500,4519.16,4519.41,4516.92,4518.26,675,23,0
1777945800,4518.26,4518.29,4515.64,4516.47,717,23,0
1777946100,4516.47,4517.92,4515.69,4517.48,529,23,0
1777946400,4517.48,4518.60,4516.17,4518.15,697,23,0
1777946700,4518.15,4520.30,4517.95,4519.49,630,23,0
1777947000,4519.49,4521.00,4518.13,4520.41,657,23,0
1777947300,4520.41,4520.97,4519.16,4519.85,564,23,0
1777947600,4519.85,4521.53,4519.82,4521.48,510,23,0
1777947900,4521.48,4521.55,4520.49,4521.07,413,23,0
1777948200,4521.07,4521.23,4519.79,4521.08,534,23,0
1777948500,4521.08,4521.11,4519.80,4520.51,422,23,0
1777948800,4520.51,4521.31,4518.32,4518.46,604,23,0
1777949100,4518.46,4520.67,4517.89,4520.12,681,23,0
1777949400,4520.12,4520.12,4517.31,4519.07,791,23,0
1777949700,4519.08,4520.33,4518.44,4519.03,801,23,0
1777950000,4519.01,4524.11,4517.67,4522.85,1524,21,0
1777950300,4522.85,4526.64,4522.45,4526.28,1420,23,0
1777950600,4526.28,4528.53,4525.29,4527.92,1237,23,0
1777950900,4527.92,4527.92,4522.69,4523.45,1563,23,0
1777951200,4523.44,4523.78,4516.89,4519.42,1564,23,0
1777951500,4519.42,4519.85,4513.60,4517.05,1431,23,0
1777951800,4517.04,4518.61,4516.03,4518.01,1250,23,0
1777952100,4518.05,4521.43,4517.67,4520.97,1161,23,0
1777952400,4520.97,4524.25,4519.87,4523.81,1182,23,0
1777952700,4523.80,4527.83,4523.79,4526.69,1253,23,0
1777953000,4526.69,4529.55,4525.83,4528.58,1285,23,0
1777953300,4528.62,4530.36,4527.11,4530.02,1157,23,0
1777953600,4530.03,4534.38,4525.44,4534.36,1756,23,0
1777953900,4534.27,4535.69,4533.33,4534.64,1291,23,0
1777954200,4534.64,4539.45,4533.90,4538.75,1379,23,0
1777954500,4538.75,4540.01,4535.99,4536.93,1262,23,0
1777954800,4536.93,4539.83,4536.75,4537.89,1415,23,0
1777955100,4537.89,4538.34,4535.24,4537.80,1272,23,0
1777955400,4537.80,4538.26,4534.10,4534.82,1518,23,0
1777955700,4534.81,4542.24,4534.32,4537.13,1689,23,0
1777956000,4537.13,4539.32,4535.90,4536.91,1471,23,0
1777956300,4536.91,4540.68,4536.19,4539.58,1184,23,0
1777956600,4539.58,4540.47,4537.92,4538.13,1173,23,0
1777956900,4538.13,4541.29,4537.28,4540.92,1087,23,0
1777957200,4540.91,4542.55,4539.27,4539.27,1277,23,0
1777957500,4539.27,4539.82,4537.50,4538.49,1038,23,0
1777957800,4538.43,4539.98,4537.61,4538.54,985,23,0
1777958100,4538.54,4539.36,4535.46,4535.46,966,23,0
1777958400,4535.46,4538.27,4534.67,4538.26,991,23,0
1777958700,4538.26,4541.72,4537.57,4541.46,1009,23,0
1777959000,4541.47,4543.56,4540.16,4541.53,1074,23,0
1777959300,4541.53,4542.75,4540.47,4542.33,1000,23,0
1777959600,4542.33,4545.86,4541.93,4544.43,1056,23,0
1777959900,4544.43,4546.62,4542.98,4544.13,1375,23,0
1777960200,4544.19,4544.37,4541.59,4541.92,1058,23,0
1777960500,4541.92,4542.02,4538.82,4539.03,986,23,0
1777960800,4539.03,4541.01,4537.54,4541.01,1218,23,0
1777961100,4540.99,4542.20,4540.00,4540.95,778,23,0
1777961400,4540.95,4542.16,4539.77,4542.05,739,23,0
1777961700,4542.05,4542.66,4539.83,4540.67,684,23,0
1777962000,4540.67,4542.01,4537.53,4538.23,735,23,0
1777962300,4538.23,4539.54,4537.33,4537.99,894,23,0
1777962600,4537.97,4538.40,4536.81,4538.28,854,23,0
1777962900,4538.26,4539.22,4537.51,4538.54,766,23,0
1777963200,4538.54,4538.54,4535.62,4536.08,770,23,0
1777963500,4536.09,4537.09,4535.74,4536.46,702,23,0
1777963800,4536.46,4536.59,4535.10,4535.23,758,23,0
1777964100,4535.23,4535.94,4532.42,4534.56,1150,23,0
1777964400,4534.56,4535.73,4533.28,4535.01,917,23,0
1777964700,4535.02,4535.61,4533.26,4533.99,883,23,0
1777965000,4533.82,4534.13,4532.59,4532.94,641,23,0
1777965300,4532.94,4533.91,4530.67,4530.81,851,23,0
1777965600,4530.82,4532.89,4529.75,4530.68,1019,23,0
1777965900,4530.68,4531.16,4529.45,4529.60,770,23,0
1777966200,4529.60,4533.57,4528.01,4532.99,1249,23,0
1777966500,4532.99,4533.41,4531.42,4531.84,862,23,0
1777966800,4531.84,4532.19,4531.31,4531.67,692,23,0
1777967100,4531.67,4534.57,4531.32,4534.56,781,23,0
1777967400,4534.56,4536.60,4533.64,4534.84,926,23,0
1777967700,4534.84,4534.85,4531.38,4533.66,1156,23,0
1777968000,4533.66,4536.99,4531.48,4536.94,1367,23,0
1777968300,4536.94,4545.45,4536.24,4543.06,1465,23,0
1777968600,4543.06,4544.21,4539.65,4540.30,1235,23,0
1777968900,4540.34,4540.44,4535.69,4536.63,1227,23,0
1777969200,4536.63,4539.48,4536.53,4539.36,1038,23,0
1777969500,4539.36,4540.07,4537.74,4539.93,1054,23,0
1777969800,4539.93,4547.32,4539.80,4547.06,1405,23,0
1777970100,4547.16,4551.02,4546.66,4548.40,1789,23,0
1777970400,4548.39,4551.65,4545.95,4546.10,1450,23,0
1777970700,4546.10,4548.08,4545.25,4547.44,1319,23,0
1777971000,4547.44,4548.86,4544.73,4545.55,1064,23,0
1777971300,4545.56,4547.17,4543.61,4545.68,1091,23,0
1777971600,4545.70,4552.06,4543.87,4543.88,1759,23,0
1777971900,4543.89,4545.62,4541.63,4543.96,1443,23,0
1777972200,4543.96,4545.85,4542.25,4543.57,1453,23,0
1777972500,4543.57,4544.79,4538.95,4539.29,1333,23,0
1777972800,4539.19,4539.75,4533.79,4535.13,1354,23,0
1777973100,4535.13,4537.81,4534.33,4536.89,1366,23,0
1777973400,4536.89,4544.18,4536.28,4542.87,1466,23,0
1777973700,4542.87,4549.44,4542.55,4548.09,1514,23,0
1777974000,4548.05,4548.54,4544.84,4546.26,1510,23,0
1777974300,4546.25,4548.47,4545.49,4548.47,1313,23,0
1777974600,4548.47,4550.91,4547.76,4550.22,1268,23,0
1777974900,4550.22,4550.92,4547.09,4548.08,1371,23,0
1777975200,4548.09,4554.15,4547.54,4552.90,1677,23,0
1777975500,4552.89,4554.67,4551.25,4552.27,1394,23,0
1777975800,4552.28,4555.10,4550.74,4554.10,1388,23,0
1777976100,4554.07,4555.62,4552.47,4554.85,1451,23,0
1777976400,4554.87,4555.49,4551.22,4551.22,1195,23,0
1777976700,4551.23,4551.55,4548.45,4548.89,1275,23,0
1777977000,4548.87,4552.44,4548.87,4552.39,1318,23,0
1777977300,4552.39,4558.21,4551.87,4554.59,1908,23,0
1777977600,4554.53,4556.12,4551.25,4551.28,1610,23,0
1777977900,4551.26,4551.87,4545.57,4545.58,1569,23,0
1777978200,4545.57,4548.01,4544.32,4545.79,1331,23,0
1777978500,4545.74,4545.94,4543.32,4545.51,1432,23,0
1777978800,4545.50,4550.08,4545.48,4549.99,1594,23,0
1777979100,4550.00,4551.59,4546.94,4547.82,1527,23,0
1777979400,4547.82,4553.46,4546.61,4551.08,1392,23,0
1777979700,4551.11,4552.72,4549.05,4550.83,1325,23,0
1777980000,4550.81,4553.87,4549.51,4551.93,1454,23,0
1777980300,4551.93,4554.71,4551.23,4551.42,1719,23,0
1777980600,4551.17,4553.06,4550.46,4551.39,1397,23,0
1777980900,4551.39,4553.14,4547.88,4550.10,1294,23,0
1777981200,4550.04,4551.48,4548.28,4549.81,1473,23,0
1777981500,4549.84,4551.98,4548.17,4551.80,1368,23,0
1777981800,4551.84,4557.80,4551.77,4557.19,1440,23,0
1777982100,4557.21,4559.65,4555.49,4558.35,1560,23,0
1777982400,4558.46,4558.95,4553.61,4555.13,1786,23,0
1777982700,4555.13,4560.42,4555.11,4559.15,1587,23,0
1777983000,4559.15,4560.25,4556.81,4557.72,1297,23,0
1777983300,4557.73,4557.84,4553.90,4554.18,1487,23,0
1777983600,4554.18,4556.75,4553.26,4554.90,1312,23,0
1777983900,4554.90,4555.84,4552.27,4552.32,1160,23,0
1777984200,4552.32,4558.26,4551.07,4553.48,1633,23,0
1777984500,4553.48,4556.88,4553.09,4555.08,1169,23,0
1777984800,4555.08,4556.33,4553.81,4555.48,1078,23,0
1777985100,4555.48,4557.24,4553.10,4553.90,1028,23,0
1777985400,4553.90,4554.67,4552.80,4554.10,1197,23,0
1777985700,4554.16,4556.47,4553.36,4556.24,1130,23,0
1777986000,4556.24,4556.88,4554.55,4555.75,1217,23,0
1777986300,4555.76,4556.44,4552.14,4552.26,1070,23,0
1777986600,4552.26,4554.68,4550.70,4553.05,1268,23,0
1777986900,4553.05,4555.03,4551.34,4552.51,1252,23,0
1777987200,4552.56,4553.86,4552.27,4552.80,964,23,0
1777987500,4552.80,4552.80,4546.91,4547.90,1431,23,0
1777987800,4547.90,4554.07,4546.64,4553.46,1381,23,0
1777988100,4553.47,4554.00,4550.87,4550.87,1415,23,0
1777988400,4550.87,4550.89,4544.29,4545.07,1329,23,0
1777988700,4545.12,4545.73,4544.20,4544.51,1198,23,0
1777989000,4544.51,4544.96,4540.22,4540.99,1189,23,0
1777989300,4540.99,4544.91,4540.97,4543.77,1363,23,0
1777989600,4543.77,4544.68,4539.86,4543.35,1894,23,0
1777989900,4543.37,4550.02,4542.81,4549.99,1501,23,0
1777990200,4550.00,4553.09,4549.47,4552.64,1468,23,0
1777990500,4552.66,4555.86,4549.78,4550.09,1582,23,0
1777990800,4550.10,4556.45,4549.93,4554.26,1484,23,0
1777991100,4554.26,4557.58,4553.57,4556.09,1518,23,0
1777991400,4556.06,4558.85,4555.03,4557.10,1639,23,0
1777991700,4557.04,4560.65,4556.46,4556.72,1405,23,0
1777992000,4556.72,4564.66,4556.11,4563.34,1635,23,0
1777992300,4563.40,4564.85,4560.45,4562.20,1540,23,0
1777992600,4562.20,4562.27,4559.55,4560.88,1394,23,0
1777992900,4560.88,4562.74,4559.17,4562.74,1338,23,0
1777993200,4562.72,4563.12,4554.23,4556.74,1729,23,0
1777993500,4556.74,4563.76,4555.83,4558.22,2063,23,0
1777993800,4558.22,4567.07,4557.98,4565.00,2178,23,0
1777994100,4564.99,4566.56,4561.17,4561.86,1822,23,0
1777994400,4561.83,4572.28,4561.83,4572.12,2072,23,0
1777994700,4572.14,4574.28,4571.31,4573.87,1672,23,0
1777995000,4573.87,4574.62,4566.80,4569.24,1788,23,0
1777995300,4569.24,4571.03,4566.73,4570.09,1605,23,0
1777995600,4570.08,4570.29,4566.97,4567.14,1488,23,0
1777995900,4567.14,4568.55,4562.97,4563.72,1610,23,0
1777996200,4563.74,4564.78,4561.76,4563.07,1434,23,0
1777996500,4563.05,4565.92,4562.62,4564.62,1485,23,0
1777996800,4564.59,4575.32,4564.30,4574.24,1853,23,0
1777997100,4574.23,4580.59,4574.05,4576.16,1988,23,0
1777997400,4576.14,4581.04,4574.69,4578.76,1965,23,0
1777997700,4578.77,4584.92,4578.34,4580.96,1924,23,0
1777998000,4580.97,4581.73,4576.23,4576.52,1720,23,0
1777998300,4576.55,4581.33,4576.33,4576.84,1810,23,0
1777998600,4576.81,4581.70,4576.41,4580.39,2347,23,0
1777998900,4580.40,4581.26,4572.67,4574.36,2256,23,0
1777999200,4574.37,4577.21,4571.65,4574.03,2053,23,0
1777999500,4574.03,4577.24,4572.88,4575.83,2090,23,0
1777999800,4575.86,4583.10,4575.39,4580.76,2016,23,0
1778000100,4580.76,4581.17,4577.54,4579.35,1788,23,0
1778000400,4579.34,4584.03,4575.73,4578.69,2088,23,0
1778000700,4578.72,4584.29,4577.40,4583.71,2140,23,0
1778001000,4583.70,4583.84,4570.85,4573.66,2227,23,0
1778001300,4573.64,4573.74,4565.96,4570.33,2461,23,0
1778001600,4570.34,4579.55,4568.25,4579.34,2221,23,0
1778001900,4579.16,4586.55,4579.06,4584.22,2240,23,0
1778002200,4584.11,4585.72,4580.28,4581.94,2075,23,0
1778002500,4581.89,4582.69,4577.51,4581.26,1994,23,0
1778002800,4581.26,4585.43,4580.71,4583.00,1897,23,0
1778003100,4583.00,4583.05,4576.10,4577.74,1999,23,0
1778003400,4577.75,4579.29,4575.52,4578.47,1888,23,0
1778003700,4578.48,4582.46,4578.22,4582.33,1803,23,0
1778004000,4582.34,4583.82,4577.75,4583.63,1875,23,0
1778004300,4583.64,4583.64,4580.19,4580.22,1746,23,0
1778004600,4580.22,4581.83,4579.51,4580.82,1721,23,0
1778004900,4580.83,4581.45,4578.05,4578.42,1735,23,0
1778005200,4578.43,4579.94,4575.65,4576.57,1667,23,0
1778005500,4576.60,4579.42,4575.43,4578.93,1850,23,0
1778005800,4579.19,4581.00,4576.57,4577.61,1843,23,0
1778006100,4577.61,4579.30,4575.14,4575.68,1798,23,0
1778006400,4575.81,4576.13,4572.63,4572.94,1608,23,0
1778006700,4572.95,4575.37,4572.28,4574.20,1798,23,0
1778007000,4574.19,4575.86,4570.05,4570.89,1625,23,0
1778007300,4570.91,4571.19,4568.35,4568.54,1657,23,0
1778007600,4568.52,4568.99,4564.58,4567.05,1827,23,0
1778007900,4567.05,4567.93,4562.77,4564.34,1632,23,0
1778008200,4564.34,4566.51,4562.34,4566.32,1374,23,0
1778008500,4566.29,4566.29,4563.63,4564.57,1312,23,0
1778008800,4564.57,4565.62,4561.66,4561.69,1423,23,0
1778009100,4561.70,4561.89,4556.17,4559.66,2029,23,0
1778009400,4559.70,4560.11,4553.72,4557.94,1789,23,0
1778009700,4557.91,4559.30,4555.75,4556.10,1591,23,0
1778010000,4555.93,4558.72,4555.91,4556.62,1577,23,0
1778010300,4556.63,4558.09,4555.70,4557.33,1502,23,0
1778010600,4557.37,4560.38,4557.30,4560.14,1480,23,0
1778010900,4560.13,4562.82,4560.03,4561.20,1429,23,0
1778011200,4561.20,4562.56,4558.79,4559.29,1636,23,0
1778011500,4559.34,4559.79,4553.35,4554.68,1631,23,0
1778011800,4554.71,4556.21,4553.27,4556.15,1609,23,0
1778012100,4556.15,4560.90,4556.07,4560.87,1484,23,0
1778012400,4560.87,4561.45,4559.16,4559.28,1571,23,0
1778012700,4559.26,4560.17,4557.55,4558.60,1640,23,0
1778013000,4558.61,4561.68,4556.08,4561.34,1678,23,0
1778013300,4561.34,4562.72,4559.81,4560.78,1539,23,0
1778013600,4560.78,4562.36,4560.42,4560.42,1281,23,0
1778013900,4560.42,4562.24,4559.72,4562.12,1327,23,0
1778014200,4562.12,4562.15,4558.22,4558.68,1434,23,0
1778014500,4558.73,4560.19,4558.42,4559.81,1101,23,0
1778014800,4559.81,4561.25,4558.69,4559.59,1233,23,0
1778015100,4559.59,4561.97,4559.58,4560.85,1143,23,0
1778015400,4560.85,4564.88,4559.91,4564.34,1336,23,0
1778015700,4564.34,4565.47,4562.49,4562.53,1230,23,0
1778016000,4562.53,4563.57,4561.22,4561.99,1178,23,0
1778016300,4561.99,4563.22,4561.34,4562.14,1125,23,0
1778016600,4562.15,4562.57,4558.91,4558.96,1124,23,0
1778016900,4558.96,4559.96,4558.49,4559.64,1130,23,0
1778017200,4559.64,4562.52,4557.62,4561.54,1290,23,0
1778017500,4561.55,4565.71,4561.50,4562.80,1532,23,0
1778017800,4562.80,4563.38,4560.60,4560.67,1465,23,0
1778018100,4560.65,4561.40,4559.63,4561.03,1244,23,0
1778018400,4561.02,4561.48,4558.37,4558.79,1279,23,0
1778018700,4558.81,4560.25,4557.63,4557.82,1268,23,0
1778019000,4557.82,4558.78,4556.88,4557.27,1118,23,0
1778019300,4557.26,4558.38,4554.94,4558.19,1202,23,0
1778019600,4558.19,4558.86,4556.79,4557.12,1009,23,0
1778019900,4557.12,4557.27,4555.52,4556.20,1088,23,0
1778020200,4556.20,4557.46,4556.10,4556.43,1066,23,0
1778020500,4556.43,4558.11,4555.71,4556.94,1044,23,0
1778020800,4556.94,4557.04,4555.60,4555.66,945,23,0
1778021100,4555.65,4558.87,4554.97,4558.86,1052,23,0
1778021400,4558.86,4558.86,4554.30,4554.92,1412,23,0
1778021700,4554.92,4555.62,4551.56,4554.81,1856,23,0
1778022000,4554.66,4555.70,4553.98,4554.35,921,23,0
1778022300,4554.35,4556.29,4554.30,4555.78,664,23,0
1778022600,4555.78,4557.15,4555.53,4556.91,545,23,0
1778022900,4556.91,4557.79,4556.03,4556.43,937,23,0
1778023200,4556.43,4556.76,4555.44,4556.20,783,23,0
1778023500,4556.20,4559.77,4556.20,4559.18,1022,23,0
1778023800,4559.18,4559.98,4557.55,4557.75,959,23,0
1778024100,4557.75,4557.75,4555.76,4555.94,644,28,0
1778024400,4555.93,4556.55,4554.86,4555.57,657,28,0
1778024700,4555.57,4556.47,4554.80,4556.01,690,28,0
1778025000,4556.01,4556.63,4554.50,4554.98,444,28,0
1778025300,4554.98,4556.88,4554.77,4556.21,519,28,0
1778029200,4560.33,4560.33,4550.34,4552.58,1157,28,0
1778029500,4552.59,4552.59,4549.04,4551.40,779,28,0
1778029800,4551.40,4552.14,4549.77,4550.36,806,28,0
1778030100,4550.41,4550.88,4548.48,4548.96,850,28,0
1778030400,4548.96,4549.94,4547.59,4549.70,711,28,0
1778030700,4549.70,4549.79,4546.44,4546.67,823,28,0
1778031000,4546.67,4549.34,4546.29,4549.19,752,23,0
1778031300,4549.19,4550.85,4549.01,4549.97,673,23,0
1778031600,4549.97,4550.77,4548.73,4548.77,735,23,0
1778031900,4548.77,4548.77,4547.02,4547.65,692,23,0
1778032200,4547.65,4558.90,4547.37,4558.63,1418,23,0
1778032500,4558.65,4577.18,4558.65,4573.31,1968,23,0
1778032800,4573.31,4575.64,4569.48,4575.05,1544,23,0
1778033100,4574.98,4580.49,4572.94,4579.51,1520,23,0
1778033400,4579.52,4590.46,4577.74,4588.68,1929,23,0
1778033700,4588.73,4589.50,4583.60,4585.77,1696,23,0
1778034000,4585.80,4589.13,4583.34,4584.57,1584,23,0
1778034300,4584.58,4585.25,4582.09,4582.16,1357,23,0
1778034600,4582.16,4585.64,4579.53,4584.29,1421,23,0
1778034900,4584.29,4587.54,4583.66,4586.74,1074,23,0
1778035200,4586.73,4588.47,4584.96,4585.00,1113,23,0
1778035500,4585.26,4593.98,4584.67,4593.70,1308,23,0
1778035800,4593.69,4594.90,4592.00,4592.08,1344,23,0
1778036100,4592.08,4595.69,4591.19,4593.96,1149,23,0
1778036400,4593.97,4598.03,4591.78,4595.54,1949,23,0
1778036700,4595.54,4596.18,4591.21,4592.51,1810,23,0
1778037000,4592.53,4593.04,4589.31,4591.71,1663,23,0
1778037300,4591.71,4597.41,4588.24,4596.29,1871,23,0
1778037600,4596.28,4602.85,4596.17,4602.40,1867,23,0
1778037900,4602.40,4604.19,4599.99,4602.27,1609,23,0
1778038200,4602.27,4608.99,4602.06,4608.84,1624,23,0
1778038500,4608.84,4610.32,4607.82,4608.34,1550,23,0
1778038800,4608.34,4610.87,4607.70,4610.36,1458,23,0
1778039100,4610.28,4610.90,4609.53,4609.89,1503,23,0
1778039400,4609.90,4611.24,4609.90,4610.90,1322,23,0
1778039700,4610.90,4619.77,4610.83,4618.74,1889,23,0
1778040000,4618.73,4622.57,4613.05,4615.49,2367,23,0
1778040300,4615.48,4615.66,4610.97,4612.53,1907,23,0
1778040600,4612.53,4612.87,4609.53,4611.55,1705,23,0
1778040900,4611.51,4618.64,4609.78,4617.69,1838,23,0
1778041200,4617.69,4623.90,4616.27,4623.56,1817,23,0
1778041500,4623.56,4625.59,4621.43,4624.94,1794,23,0
1778041800,4624.95,4626.09,4620.64,4622.63,2018,23,0
1778042100,4622.62,4624.60,4620.38,4623.97,1796,23,0
1778042400,4623.95,4624.93,4621.80,4623.86,1745,23,0
1778042700,4623.87,4628.59,4623.48,4628.39,1851,23,0
1778043000,4628.39,4628.56,4623.85,4624.77,1531,23,0
1778043300,4624.77,4626.75,4623.81,4626.06,1604,23,0
1778043600,4626.06,4628.81,4625.31,4627.92,1575,23,0
1778043900,4627.92,4633.56,4627.41,4632.99,1608,23,0
1778044200,4632.99,4634.33,4630.20,4633.37,1564,23,0
1778044500,4633.35,4636.33,4632.42,4634.20,1422,23,0
1778044800,4634.20,4635.77,4631.91,4633.61,1266,23,0
1778045100,4633.59,4634.45,4629.73,4630.01,1199,23,0
1778045400,4630.01,4632.10,4626.79,4631.27,1696,23,0
1778045700,4631.29,4634.23,4630.50,4630.83,1394,23,0
1778046000,4630.83,4635.01,4630.07,4634.63,1400,23,0
1778046300,4634.58,4638.50,4633.93,4635.74,1587,23,0
1778046600,4635.66,4638.78,4634.56,4638.65,1309,23,0
1778046900,4638.65,4641.84,4638.46,4640.72,1409,23,0
1778047200,4640.73,4642.54,4638.57,4641.10,1657,23,0
1778047500,4641.10,4645.54,4640.43,4644.69,1514,23,0
1778047800,4644.69,4650.32,4643.11,4647.76,1520,23,0
1778048100,4647.76,4650.28,4646.30,4649.45,1563,23,0
1778048400,4649.51,4651.15,4644.84,4645.79,1416,23,0
1778048700,4645.79,4646.83,4644.50,4645.69,1291,23,0
1778049000,4645.69,4645.72,4642.61,4643.92,1230,23,0
1778049300,4643.92,4652.02,4643.66,4651.38,1328,23,0
1778049600,4651.36,4651.54,4645.26,4647.82,1328,23,0
1778049900,4647.82,4648.37,4644.26,4644.47,1138,23,0
1778050200,4644.47,4646.62,4643.86,4644.08,994,23,0
1778050500,4644.08,4645.03,4642.95,4643.91,958,23,0
1778050800,4643.69,4645.79,4643.46,4644.66,946,23,0
1778051100,4644.66,4647.80,4643.43,4645.99,1038,23,0
1778051400,4645.98,4647.70,4645.53,4647.65,911,23,0
1778051700,4647.65,4648.94,4645.75,4645.92,955,23,0
1778052000,4645.92,4646.55,4645.63,4646.54,754,23,0
1778052300,4646.54,4653.63,4645.68,4652.73,1588,23,0
1778052600,4652.70,4652.77,4649.33,4649.77,1648,23,0
1778052900,4649.76,4651.50,4648.31,4649.24,1622,23,0
1778053200,4649.24,4650.39,4646.01,4647.78,1643,23,0
1778053500,4647.78,4652.64,4647.18,4650.49,1527,23,0
1778053800,4650.43,4651.99,4648.52,4649.12,1441,23,0
1778054100,4649.12,4651.19,4648.82,4649.02,1254,23,0
1778054400,4649.02,4653.48,4648.87,4652.01,1158,23,0
1778054700,4652.01,4656.40,4650.45,4655.54,1264,23,0
1778055000,4655.54,4656.26,4653.25,4654.91,1192,23,0
1778055300,4654.91,4654.93,4649.61,4651.92,1303,23,0
1778055600,4651.95,4653.90,4650.20,4653.90,1076,23,0
1778055900,4653.91,4655.33,4650.38,4650.38,959,23,0
1778056200,4650.39,4651.99,4644.89,4646.79,1800,23,0
1778056500,4646.77,4647.50,4644.62,4647.03,1426,23,0
1778056800,4647.06,4651.16,4645.20,4650.06,1291,23,0
1778057100,4650.06,4651.59,4649.32,4649.53,1404,23,0
1778057400,4649.53,4653.31,4649.50,4652.98,1393,23,0
1778057700,4652.99,4663.80,4652.07,4662.95,1886,23,0
1778058000,4662.96,4665.54,4658.38,4658.46,1982,23,0
1778058300,4658.47,4665.89,4657.09,4663.49,1681,23,0
1778058600,4663.48,4664.34,4660.42,4660.46,1648,23,0
1778058900,4660.45,4661.43,4658.29,4658.31,1431,23,0
1778059200,4658.30,4664.73,4657.95,4662.88,1638,23,0
1778059500,4662.88,4666.62,4661.95,4666.11,1493,23,0
1778059800,4666.11,4668.25,4663.44,4664.07,1518,23,0
1778060100,4664.08,4668.57,4662.29,4666.14,1393,23,0
1778060400,4666.13,4667.79,4660.10,4664.15,1731,23,0
1778060700,4664.15,4666.67,4663.60,4664.92,1506,23,0
1778061000,4664.92,4665.39,4662.87,4664.74,1441,23,0
1778061300,4664.74,4669.54,4664.43,4669.21,1447,23,0
1778061600,4669.23,4670.19,4665.46,4667.72,1549,23,0
1778061900,4667.72,4668.10,4666.01,4666.88,1382,23,0
1778062200,4666.90,4667.96,4658.47,4658.52,1636,23,0
1778062500,4658.56,4660.82,4657.43,4660.70,1548,23,0
1778062800,4660.68,4665.49,4659.61,4665.11,1417,23,0
1778063100,4664.69,4669.96,4663.28,4667.54,1710,23,0
1778063400,4667.54,4668.22,4663.34,4665.90,1588,23,0
1778063700,4665.90,4666.86,4663.10,4664.89,1267,23,0
1778064000,4664.89,4669.97,4664.55,4669.97,1177,23,0
1778064300,4670.45,4677.39,4670.26,4675.28,2056,23,0
1778064600,4675.28,4678.29,4673.78,4674.35,1514,23,0
1778064900,4674.35,4681.79,4674.20,4681.61,1596,23,0
1778065200,4681.58,4682.42,4675.83,4677.81,1843,23,0
1778065500,4677.81,4680.21,4675.25,4677.40,1573,23,0
1778065800,4677.48,4682.17,4676.79,4679.60,1652,23,0
1778066100,4679.58,4680.77,4677.55,4678.62,1538,23,0
1778066400,4678.61,4679.59,4676.83,4678.42,1389,23,0
1778066700,4678.42,4680.00,4676.82,4676.93,1249,23,0
1778067000,4676.94,4678.00,4675.36,4675.91,1394,23,0
1778067300,4675.90,4675.95,4671.62,4675.77,1572,23,0
1778067600,4675.77,4678.78,4673.40,4677.44,1267,23,0
1778067900,4677.44,4682.04,4677.40,4679.82,1149,23,0
1778068200,4679.82,4702.43,4679.66,4697.37,2725,23,0
1778068500,4697.35,4701.06,4692.91,4700.13,2484,23,0
1778068800,4700.08,4708.49,4692.24,4692.35,2327,23,0
1778069100,4692.30,4696.57,4689.14,4695.06,2224,23,0
1778069400,4695.06,4698.84,4693.72,4695.70,1881,23,0
1778069700,4695.71,4702.88,4694.72,4699.77,2064,23,0
1778070000,4699.88,4700.06,4691.37,4695.72,2029,23,0
1778070300,4695.72,4705.04,4694.40,4700.11,1972,23,0
1778070600,4700.11,4704.30,4696.39,4703.58,2041,23,0
1778070900,4703.54,4706.03,4701.73,4703.30,2017,23,0
1778071200,4703.30,4704.86,4695.88,4696.00,1683,23,0
1778071500,4696.00,4702.26,4694.31,4701.38,1849,23,0
1778071800,4701.36,4701.36,4697.32,4700.30,1672,23,0
1778072100,4700.30,4702.84,4700.30,4701.81,1708,23,0
1778072400,4701.79,4705.75,4698.86,4700.70,2075,23,0
1778072700,4700.65,4701.79,4695.97,4696.45,1735,23,0
1778073000,4696.47,4700.29,4695.97,4698.18,1728,23,0
1778073300,4698.18,4701.00,4695.58,4698.65,1640,23,0
1778073600,4698.64,4702.00,4697.51,4701.27,1660,23,0
1778073900,4701.27,4704.64,4701.16,4704.41,1634,23,0
1778074200,4704.41,4711.94,4704.41,4709.33,2011,23,0
1778074500,4709.35,4710.99,4708.05,4710.08,1733,23,0
1778074800,4710.09,4716.07,4709.87,4714.09,2097,23,0
1778075100,4714.11,4715.47,4707.66,4710.60,2208,23,0
1778075400,4710.77,4722.90,4710.15,4721.66,2320,23,0
1778075700,4721.66,4721.74,4716.07,4717.92,2213,23,0
1778076000,4717.92,4720.54,4711.50,4713.50,2314,23,0
1778076300,4713.51,4721.30,4713.22,4720.15,2003,23,0
1778076600,4720.17,4720.63,4709.25,4712.03,2063,23,0
1778076900,4712.01,4713.55,4709.36,4712.12,2021,23,0
1778077200,4712.07,4712.71,4709.01,4710.02,1784,23,0
1778077500,4710.03,4712.61,4705.63,4705.66,1801,23,0
1778077800,4705.66,4715.38,4704.32,4713.55,1852,23,0
1778078100,4713.55,4714.96,4709.59,4710.25,1777,23,0
1778078400,4710.22,4711.47,4698.66,4699.64,2257,23,0
1778078700,4699.64,4702.62,4697.04,4697.59,2190,23,0
1778079000,4697.69,4700.44,4696.12,4698.00,2007,23,0
1778079300,4698.02,4698.16,4690.83,4692.12,2069,23,0
1778079600,4691.99,4693.10,4681.19,4685.46,2305,23,0
1778079900,4685.48,4687.45,4680.11,4682.69,2191,23,0
1778080200,4682.69,4682.69,4671.12,4672.68,2168,23,0
1778080500,4672.98,4676.80,4660.47,4670.53,2529,23,0
1778080800,4670.57,4683.76,4669.42,4682.77,2371,23,0
1778081100,4682.77,4688.59,4682.36,4683.36,2089,23,0
1778081400,4683.32,4685.39,4678.11,4683.57,2177,23,0
1778081700,4683.58,4684.17,4679.08,4680.42,2008,23,0
1778082000,4680.34,4683.58,4679.46,4682.70,1967,23,0
1778082300,4682.71,4684.55,4678.97,4681.12,1812,23,0
1778082600,4681.13,4681.47,4676.94,4677.35,1914,23,0
1778082900,4677.49,4683.56,4676.85,4683.29,1950,23,0
1778083200,4683.27,4692.34,4677.35,4683.33,2403,23,0
1778083500,4683.31,4685.41,4668.81,4673.16,2553,23,0
1778083800,4673.20,4683.57,4672.21,4683.56,2095,23,0
1778084100,4683.56,4691.16,4682.89,4682.93,2103,23,0
1778084400,4682.92,4685.75,4679.51,4685.43,2068,23,0
1778084700,4685.43,4686.57,4682.51,4685.13,2002,23,0
1778085000,4685.14,4698.65,4680.28,4697.82,2588,23,0
1778085300,4697.84,4699.15,4693.27,4694.42,2578,23,0
1778085600,4694.30,4698.53,4693.32,4695.26,2477,23,0
1778085900,4695.27,4701.38,4692.51,4700.86,2400,23,0
1778086200,4700.90,4707.76,4693.82,4703.82,2361,23,0
1778086500,4703.86,4706.18,4701.65,4702.11,2356,23,0
1778086800,4702.11,4710.04,4700.87,4705.54,2431,23,0
1778087100,4705.76,4709.20,4697.72,4708.01,2524,23,0
1778087400,4708.00,4712.37,4706.23,4711.01,2351,23,0
1778087700,4711.01,4717.44,4711.01,4713.03,2409,23,0
1778088000,4713.12,4715.31,4708.60,4709.12,2223,23,0
1778088300,4709.14,4713.08,4704.75,4705.71,2261,23,0
1778088600,4705.69,4709.83,4704.69,4706.75,2264,23,0
1778088900,4706.74,4709.83,4705.09,4708.19,2206,23,0
1778089200,4708.19,4714.60,4706.11,4713.27,2385,23,0
1778089500,4713.30,4713.94,4704.89,4705.76,2327,23,0
1778089800,4705.74,4706.88,4700.80,4701.37,2266,23,0
1778090100,4701.31,4706.90,4701.31,4703.02,2148,23,0
1778090400,4703.02,4705.72,4700.40,4705.72,2166,23,0
1778090700,4705.74,4705.77,4697.46,4698.72,2077,23,0
1778091000,4698.72,4700.56,4693.43,4696.69,2107,23,0
1778091300,4696.71,4701.19,4694.25,4701.19,1958,23,0
1778091600,4701.44,4703.23,4698.49,4698.90,1883,23,0
1778091900,4698.90,4698.97,4695.17,4695.42,1866,23,0
1778092200,4695.40,4697.76,4693.29,4694.39,1928,23,0
1778092500,4694.40,4695.64,4691.58,4692.02,1991,23,0
1778092800,4692.05,4694.28,4689.35,4692.83,2001,23,0
1778093100,4692.94,4694.88,4690.89,4693.02,2065,23,0
1778093400,4692.98,4693.94,4690.93,4692.67,1974,23,0
1778093700,4692.33,4693.67,4687.83,4687.83,1868,23,0
1778094000,4687.83,4687.89,4683.81,4686.02,2094,23,0
1778094300,4686.02,4688.50,4681.29,4683.31,2009,23,0
1778094600,4683.31,4685.47,4682.17,4683.72,1828,23,0
1778094900,4683.72,4685.81,4682.66,4684.43,1880,23,0
1778095200,4684.44,4685.19,4682.91,4683.29,1600,23,0
1778095500,4683.29,4688.54,4683.20,4688.12,1713,23,0
1778095800,4688.21,4690.24,4685.43,4687.38,1755,23,0
1778096100,4687.38,4689.96,4686.16,4689.47,1738,23,0
1778096400,4689.47,4692.03,4688.65,4688.69,1778,23,0
1778096700,4688.69,4689.91,4686.24,4688.06,1918,23,0
1778097000,4688.06,4688.73,4683.37,4684.42,1788,23,0
1778097300,4684.42,4685.74,4679.52,4683.11,2033,23,0
1778097600,4683.12,4686.02,4679.66,4685.82,2116,23,0
1778097900,4685.86,4688.03,4684.61,4686.21,1731,23,0
1778098200,4686.15,4687.05,4684.50,4685.52,1642,23,0
1778098500,4685.52,4686.14,4681.34,4681.42,1592,23,0
1778098800,4681.45,4683.39,4680.52,4681.36,1935,23,0
1778099100,4681.34,4684.56,4680.07,4683.08,1836,23,0
1778099400,4683.00,4683.41,4680.52,4682.70,1621,23,0
1778099700,4682.71,4682.71,4679.37,4679.46,1666,23,0
1778100000,4679.51,4681.10,4678.91,4680.64,1522,23,0
1778100300,4680.64,4682.22,4680.43,4680.91,1540,23,0
1778100600,4680.91,4682.01,4680.39,4681.59,1397,23,0
1778100900,4681.59,4684.53,4681.55,4684.02,1325,23,0
1778101200,4684.02,4685.49,4681.87,4682.68,1324,23,0
1778101500,4682.73,4685.53,4682.66,4685.36,1270,23,0
1778101800,4685.36,4687.52,4684.76,4686.77,1255,23,0
1778102100,4686.77,4689.23,4686.47,4688.46,1149,23,0
1778102400,4688.46,4690.45,4687.29,4687.76,1277,23,0
1778102700,4687.78,4688.89,4687.37,4687.76,1282,23,0
1778103000,4687.76,4689.53,4686.81,4689.01,1433,23,0
1778103300,4689.04,4690.26,4687.97,4688.23,1318,23,0
1778103600,4688.23,4688.26,4685.17,4686.22,1136,23,0
1778103900,4686.22,4688.10,4685.64,4687.01,1308,23,0
1778104200,4687.01,4687.63,4684.85,4686.45,1320,23,0
1778104500,4686.45,4687.43,4685.41,4686.04,1104,23,0
1778104800,4686.04,4692.69,4686.04,4691.23,1387,23,0
1778105100,4691.26,4694.73,4690.75,4694.34,1338,23,0
1778105400,4694.34,4695.75,4693.74,4695.18,1338,23,0
1778105700,4695.18,4698.16,4694.96,4696.58,1360,23,0
1778106000,4696.59,4700.14,4696.58,4699.77,1364,23,0
1778106300,4699.78,4699.86,4697.81,4698.40,1372,23,0
1778106600,4698.36,4698.95,4695.74,4697.27,1446,23,0
1778106900,4697.26,4698.76,4696.18,4697.43,1386,23,0
1778107200,4697.43,4697.52,4693.89,4695.39,1334,23,0
1778107500,4695.38,4696.72,4694.60,4694.83,1316,23,0
1778107800,4694.84,4698.31,4694.84,4697.35,1706,23,0
1778108100,4697.35,4697.70,4692.47,4692.47,1660,23,0
1778108400,4692.43,4695.23,4692.43,4695.18,1452,23,0
1778108700,4695.18,4697.19,4694.64,4696.57,929,23,0
1778109000,4696.57,4699.61,4696.15,4699.02,1093,23,0
1778109300,4699.02,4699.43,4697.15,4698.03,942,23,0
1778109600,4698.03,4698.41,4693.94,4694.53,1078,23,0
1778109900,4694.53,4694.67,4691.94,4692.65,990,23,0
1778110200,4692.65,4693.04,4690.10,4690.14,772,23,0
1778110500,4690.14,4692.08,4689.76,4690.70,842,28,0
1778110800,4690.70,4690.70,4688.74,4688.74,823,28,0
1778111100,4688.67,4689.65,4685.17,4689.41,1050,28,0
1778111400,4689.41,4691.18,4687.84,4690.96,982,28,0
1778111700,4690.96,4691.79,4689.90,4690.61,459,28,0
1778115600,4692.86,4696.84,4689.42,4690.59,1112,28,0
1778115900,4690.56,4694.79,4690.55,4694.38,654,28,0
1778116200,4694.38,4698.25,4693.27,4697.23,1031,28,0
1778116500,4697.23,4699.62,4696.39,4699.51,807,28,0
1778116800,4699.51,4699.84,4697.22,4697.86,875,28,0
1778117100,4697.86,4698.58,4693.40,4695.49,841,28,0
1778117400,4695.49,4698.27,4694.41,4698.24,696,23,0
1778117700,4698.25,4699.52,4696.51,4697.15,764,23,0
1778118000,4697.15,4699.65,4696.54,4698.80,689,23,0
1778118300,4698.80,4698.80,4695.87,4697.60,659,23,0
1778118600,4697.60,4698.47,4695.81,4696.08,738,23,0
1778118900,4696.08,4697.04,4694.40,4694.85,833,23,0
1778119200,4694.85,4696.96,4694.11,4696.66,795,23,0
1778119500,4696.66,4698.53,4695.80,4697.47,779,23,0
1778119800,4697.47,4697.47,4693.99,4694.41,630,23,0
1778120100,4694.41,4697.78,4693.91,4696.90,787,23,0
1778120400,4696.89,4697.29,4692.77,4693.66,854,23,0
1778120700,4693.66,4693.96,4690.24,4693.36,920,23,0
1778121000,4693.32,4693.73,4691.71,4693.06,825,23,0
1778121300,4693.06,4694.29,4692.76,4693.09,536,23,0
1778121600,4693.07,4693.69,4692.76,4693.55,403,23,0
1778121900,4693.55,4699.54,4693.55,4697.06,1120,23,0
1778122200,4697.06,4697.81,4695.76,4696.70,830,23,0
1778122500,4696.69,4698.96,4696.58,4698.94,1074,23,0
1778122800,4698.97,4700.65,4692.97,4693.50,1674,20,0
1778123100,4693.49,4695.91,4689.98,4694.96,1919,23,0
1778123400,4694.96,4700.86,4694.59,4699.92,1903,23,0
1778123700,4699.92,4700.60,4695.20,4698.12,1737,23,0
1778124000,4698.11,4701.18,4696.96,4698.72,1581,23,0
1778124300,4698.76,4698.76,4692.16,4692.43,1608,23,0
1778124600,4692.46,4693.09,4688.89,4691.99,1724,23,0
1778124900,4691.99,4693.29,4690.52,4692.30,1285,23,0
1778125200,4692.30,4692.74,4685.93,4688.27,1556,23,0
1778125500,4688.27,4691.23,4686.50,4689.77,1470,23,0
1778125800,4689.78,4691.56,4685.92,4686.09,1377,23,0
1778126100,4686.00,4688.97,4685.55,4688.59,1450,23,0
1778126400,4688.59,4693.86,4685.26,4692.58,2101,23,0
1778126700,4692.58,4698.73,4691.95,4697.56,1944,23,0
1778127000,4697.56,4710.98,4697.56,4709.72,2212,23,0
1778127300,4709.72,4716.44,4707.85,4712.75,2155,23,0
1778127600,4712.71,4713.10,4708.82,4710.07,1969,23,0
1778127900,4710.07,4710.88,4703.58,4704.17,1821,23,0
1778128200,4704.17,4707.49,4702.24,4705.23,2016,23,0
1778128500,4705.20,4713.20,4704.99,4713.16,1831,23,0
1778128800,4713.14,4717.97,4711.29,4712.76,1891,23,0
1778129100,4712.77,4719.91,4712.58,4718.89,1716,23,0
1778129400,4718.89,4721.30,4717.00,4717.06,1729,23,0
1778129700,4717.07,4717.61,4713.49,4714.74,1781,23,0
1778130000,4714.74,4718.50,4714.34,4714.88,1808,23,0
1778130300,4714.89,4716.88,4713.01,4713.08,1597,23,0
1778130600,4713.08,4713.64,4703.57,4704.14,2054,23,0
1778130900,4704.14,4707.75,4702.85,4706.14,1606,23,0
1778131200,4706.16,4707.56,4701.78,4703.50,1506,23,0
1778131500,4703.50,4705.60,4701.72,4702.78,1424,23,0
1778131800,4702.77,4703.33,4699.90,4701.04,1944,23,0
1778132100,4701.04,4703.78,4700.91,4702.14,1592,23,0
1778132400,4702.07,4705.31,4701.13,4704.15,1423,23,0
1778132700,4704.15,4707.72,4704.12,4706.62,1256,23,0
1778133000,4706.61,4707.27,4704.71,4706.61,1388,23,0
1778133300,4706.61,4709.93,4705.80,4707.23,1324,23,0
1778133600,4707.23,4709.57,4704.84,4709.37,1396,23,0
1778133900,4709.38,4709.84,4707.38,4708.71,1333,23,0
1778134200,4708.71,4709.21,4704.25,4705.84,1342,23,0
1778134500,4705.84,4708.46,4704.98,4708.32,1139,23,0
1778134800,4708.32,4708.72,4705.19,4705.91,1386,23,0
1778135100,4705.96,4706.96,4704.32,4704.43,1262,23,0
1778135400,4704.43,4704.90,4702.26,4704.19,1212,23,0
1778135700,4704.19,4704.91,4702.55,4704.78,971,23,0
1778136000,4704.78,4704.85,4702.53,4703.88,822,23,0
1778136300,4703.88,4704.20,4701.65,4704.19,904,23,0
1778136600,4704.19,4704.81,4702.30,4704.20,883,23,0
1778136900,4704.20,4704.21,4699.00,4699.17,1008,23,0
1778137200,4699.17,4700.76,4697.13,4698.53,1301,23,0
1778137500,4698.53,4700.69,4698.25,4699.89,1223,23,0
1778137800,4699.89,4700.48,4696.65,4696.72,1149,23,0
1778138100,4696.72,4697.16,4695.08,4695.71,1217,23,0
1778138400,4695.71,4698.49,4695.44,4697.91,1153,23,0
1778138700,4697.87,4698.22,4695.65,4696.87,1075,23,0
1778139000,4696.86,4697.34,4693.42,4693.74,953,23,0
1778139300,4693.74,4696.14,4692.47,4695.84,1021,23,0
1778139600,4695.84,4699.15,4695.84,4697.95,978,23,0
1778139900,4697.95,4698.88,4694.52,4695.41,972,23,0
1778140200,4695.40,4696.50,4694.01,4695.62,874,23,0
1778140500,4695.62,4697.53,4694.33,4696.36,985,23,0
1778140800,4696.36,4701.11,4696.27,4699.97,1224,23,0
1778141100,4699.98,4699.99,4698.24,4699.20,1220,23,0
1778141400,4699.20,4700.78,4698.95,4700.37,995,23,0
1778141700,4700.40,4700.68,4695.87,4696.03,961,23,0
1778142000,4696.03,4697.65,4694.72,4695.35,1221,23,0
1778142300,4695.33,4696.59,4694.81,4695.91,1014,23,0
1778142600,4695.91,4705.74,4694.89,4703.25,1792,23,0
1778142900,4703.25,4705.95,4702.54,4705.33,1376,23,0
1778143200,4705.26,4705.74,4703.17,4703.53,1335,23,0
1778143500,4703.49,4705.04,4702.32,4704.97,1297,23,0
1778143800,4704.94,4706.51,4702.84,4704.66,1454,23,0
1778144100,4704.66,4704.92,4700.73,4701.01,1509,23,0
1778144400,4701.01,4707.53,4701.01,4705.89,1555,23,0
1778144700,4705.92,4708.05,4704.83,4707.77,1481,23,0
1778145000,4707.78,4710.33,4707.30,4708.03,1634,23,0
1778145300,4708.04,4710.90,4707.21,4709.78,1706,23,0
1778145600,4709.81,4713.98,4709.31,4713.48,1802,23,0
1778145900,4713.48,4717.86,4711.59,4717.39,1670,23,0
1778146200,4717.37,4733.80,4716.06,4733.19,2223,23,0
1778146500,4733.03,4744.07,4733.02,4742.53,2145,23,0
1778146800,4742.53,4750.10,4740.07,4745.98,2245,23,0
1778147100,4745.99,4747.08,4737.97,4738.01,1966,23,0
1778147400,4738.06,4740.24,4735.97,4736.57,1647,23,0
1778147700,4736.56,4739.69,4735.87,4739.10,1530,23,0
1778148000,4739.15,4741.27,4731.63,4734.39,2029,23,0
1778148300,4734.38,4745.85,4733.09,4744.48,2263,23,0
1778148600,4744.49,4750.28,4743.57,4749.20,2388,23,0
1778148900,4749.12,4750.63,4742.00,4743.47,2300,23,0
1778149200,4743.46,4744.85,4739.40,4739.65,2047,23,0
1778149500,4739.67,4742.22,4737.82,4739.46,1911,23,0
1778149800,4739.48,4742.96,4738.31,4741.75,1934,23,0
1778150100,4741.78,4742.91,4739.24,4739.99,1767,23,0
1778150400,4739.99,4744.10,4739.65,4742.95,1557,23,0
1778150700,4742.97,4743.55,4737.12,4739.08,1748,23,0
1778151000,4739.08,4743.81,4738.87,4740.90,1798,23,0
1778151300,4740.82,4744.42,4739.00,4743.16,1616,23,0
1778151600,4743.16,4751.44,4742.72,4749.79,2241,23,0
1778151900,4749.73,4753.48,4746.11,4748.15,1976,23,0
1778152200,4748.15,4748.54,4742.50,4742.62,1881,23,0
1778152500,4742.62,4742.99,4735.63,4736.58,1864,23,0
1778152800,4736.58,4739.87,4735.47,4739.76,1821,23,0
1778153100,4739.76,4742.19,4733.81,4740.08,1777,23,0
1778153400,4740.15,4741.82,4736.76,4737.23,1714,23,0
1778153700,4737.29,4738.63,4733.99,4736.52,1535,23,0
1778154000,4736.51,4738.55,4735.03,4735.22,1478,23,0
1778154300,4735.22,4736.17,4733.27,4735.76,1624,23,0
1778154600,4735.76,4737.14,4732.39,4734.18,1704,23,0
1778154900,4734.16,4734.67,4730.92,4730.97,1615,23,0
1778155200,4731.00,4731.06,4721.89,4726.37,1981,23,0
1778155500,4726.37,4732.85,4726.18,4732.85,1727,23,0
1778155800,4732.85,4736.32,4732.35,4734.07,1722,23,0
1778156100,4734.06,4737.36,4731.56,4735.55,1553,23,0
1778156400,4735.55,4737.58,4733.80,4736.88,1536,23,0
1778156700,4736.81,4738.67,4734.05,4735.60,1442,23,0
1778157000,4735.69,4736.55,4733.13,4736.11,1650,23,0
1778157300,4736.01,4737.10,4733.69,4735.70,1570,23,0
1778157600,4735.70,4739.42,4735.58,4737.76,1346,23,0
1778157900,4737.82,4739.05,4735.26,4735.71,1382,23,0
1778158200,4735.70,4736.52,4732.96,4733.72,1722,23,0
1778158500,4733.71,4734.22,4725.82,4729.07,1846,23,0
1778158800,4729.04,4731.78,4726.65,4729.59,1782,23,0
1778159100,4729.58,4733.66,4728.39,4733.28,1498,23,0
1778159400,4733.28,4734.99,4732.50,4734.82,1522,23,0
1778159700,4734.82,4736.13,4731.11,4731.35,1404,23,0
1778160000,4731.36,4733.69,4728.52,4732.87,1337,23,0
1778160300,4732.87,4734.31,4731.57,4732.42,1308,23,0
1778160600,4732.42,4732.48,4728.12,4730.46,1377,23,0
1778160900,4730.46,4738.47,4729.73,4736.37,1419,23,0
1778161200,4736.36,4739.83,4736.12,4739.03,1298,23,0
1778161500,4738.98,4739.82,4735.78,4736.11,1370,23,0
1778161800,4736.07,4738.00,4735.35,4737.09,1347,23,0
1778162100,4737.09,4737.85,4735.26,4735.63,1259,23,0
1778162400,4735.70,4737.10,4734.70,4735.51,1519,23,0
1778162700,4735.51,4735.64,4732.32,4733.64,1353,23,0
1778163000,4733.69,4733.87,4728.31,4730.21,1446,23,0
1778163300,4730.24,4731.21,4727.27,4730.35,1575,23,0
1778163600,4730.35,4735.38,4728.84,4734.30,1492,23,0
1778163900,4734.30,4736.57,4730.79,4732.69,1695,23,0
1778164200,4732.72,4735.15,4731.84,4733.98,1490,23,0
1778164500,4733.98,4737.14,4733.08,4735.34,1784,23,0
1778164800,4735.34,4738.10,4734.52,4736.89,1474,23,0
1778165100,4736.82,4739.65,4735.30,4736.27,1599,23,0
1778165400,4736.27,4739.65,4734.04,4739.61,1672,23,0
1778165700,4739.61,4743.68,4738.51,4742.75,1871,23,0
1778166000,4742.75,4745.80,4739.64,4741.07,1950,23,0
1778166300,4741.07,4744.14,4739.71,4740.63,1964,23,0
1778166600,4740.63,4746.26,4740.19,4744.14,1961,23,0
1778166900,4744.10,4747.03,4742.60,4743.16,1910,23,0
1778167200,4742.89,4743.61,4734.27,4735.49,2202,23,0
1778167500,4735.51,4739.15,4733.31,4738.69,1778,23,0
1778167800,4738.51,4749.36,4737.37,4747.22,1968,23,0
1778168100,4747.27,4749.65,4743.87,4746.20,1890,23,0
1778168400,4746.21,4751.70,4745.74,4751.23,1714,23,0
1778168700,4751.25,4752.64,4747.98,4751.97,1766,23,0
1778169000,4752.07,4752.67,4747.22,4747.78,1844,23,0
1778169300,4747.82,4750.07,4745.03,4750.07,1812,23,0
1778169600,4750.07,4750.32,4737.81,4739.11,2333,23,0
1778169900,4739.03,4741.63,4736.59,4741.07,2150,23,0
1778170200,4741.07,4741.10,4731.24,4733.46,2111,23,0
1778170500,4733.44,4740.41,4731.37,4740.23,1987,23,0
1778170800,4740.34,4744.71,4738.26,4744.70,1936,23,0
1778171100,4744.64,4746.63,4742.43,4745.31,1940,23,0
1778171400,4745.30,4758.19,4743.38,4756.04,2493,23,0
1778171700,4756.03,4756.84,4751.03,4752.46,2456,23,0
1778172000,4752.61,4752.90,4747.96,4748.50,2334,23,0
1778172300,4748.48,4749.41,4739.41,4742.47,2576,23,0
1778172600,4742.44,4745.06,4737.45,4744.09,2431,23,0
1778172900,4743.93,4748.75,4743.65,4746.32,2218,23,0
1778173200,4746.32,4749.58,4742.47,4745.91,2368,23,0
1778173500,4745.96,4748.23,4744.01,4747.63,2159,23,0
1778173800,4747.63,4753.93,4744.79,4751.90,2269,23,0
1778174100,4751.90,4753.87,4741.01,4751.17,2379,23,0
1778174400,4751.17,4757.99,4750.33,4757.31,2329,23,0
1778174700,4757.30,4759.46,4756.07,4756.71,2113,23,0
1778175000,4756.73,4758.88,4747.89,4749.29,2272,23,0
1778175300,4749.33,4754.06,4747.71,4753.89,2159,23,0
1778175600,4753.83,4756.92,4750.32,4751.90,2106,23,0
1778175900,4751.98,4758.63,4751.16,4758.22,2247,23,0
1778176200,4758.23,4761.77,4756.37,4761.05,2165,23,0
1778176500,4760.72,4763.37,4760.19,4762.74,2022,23,0
1778176800,4762.73,4764.73,4757.92,4759.39,2120,23,0
1778177100,4759.39,4759.91,4756.01,4758.74,2247,23,0
1778177400,4758.74,4761.10,4754.60,4754.78,2175,23,0
1778177700,4754.80,4756.23,4753.25,4754.01,2127,23,0
1778178000,4754.02,4756.23,4745.74,4747.21,2273,23,0
1778178300,4747.16,4747.93,4736.34,4740.17,2586,23,0
1778178600,4740.14,4747.10,4739.50,4744.55,2280,23,0
1778178900,4744.59,4746.69,4741.38,4743.41,2119,23,0
1778179200,4743.41,4743.72,4738.93,4738.93,1977,23,0
1778179500,4738.93,4739.78,4734.05,4734.97,2347,23,0
1778179800,4734.99,4737.07,4728.82,4732.32,2436,23,0
1778180100,4732.33,4732.33,4726.40,4729.21,2360,23,0
1778180400,4729.21,4729.73,4722.38,4724.25,2538,23,0
1778180700,4724.22,4725.18,4716.54,4717.57,2484,23,0
1778181000,4717.52,4720.22,4713.42,4715.25,2465,23,0
1778181300,4715.24,4715.24,4704.51,4706.34,2642,23,0
1778181600,4706.34,4717.81,4706.14,4717.75,2494,23,0
1778181900,4717.75,4722.96,4717.66,4719.96,2295,23,0
1778182200,4720.08,4720.82,4714.34,4719.49,2264,23,0
1778182500,4719.48,4719.54,4711.61,4712.21,2241,23,0
1778182800,4712.16,4714.67,4710.48,4711.24,2218,23,0
1778183100,4711.24,4715.82,4710.51,4714.20,2179,23,0
1778183400,4714.23,4717.33,4710.62,4717.24,2284,23,0
1778183700,4717.24,4718.09,4712.17,4715.04,2122,23,0
1778184000,4715.04,4717.79,4712.44,4716.58,2188,23,0
1778184300,4716.57,4719.53,4714.84,4716.66,2005,23,0
1778184600,4716.68,4718.50,4711.76,4714.53,2230,23,0
1778184900,4714.62,4715.71,4705.81,4706.31,2296,23,0
1778185200,4706.46,4716.54,4705.55,4715.57,2423,23,0
1778185500,4715.55,4719.11,4687.74,4699.16,2732,23,0
1778185800,4699.12,4703.47,4693.40,4699.33,2637,23,0
1778186100,4699.39,4704.21,4695.74,4703.51,2599,23,0
1778186400,4703.36,4706.09,4698.22,4699.70,2380,23,0
1778186700,4699.70,4703.60,4698.19,4699.67,2271,23,0
1778187000,4699.68,4704.25,4697.92,4704.25,2229,23,0
1778187300,4704.21,4712.13,4702.99,4711.49,2407,23,0
1778187600,4711.43,4712.44,4706.84,4707.60,2221,23,0
1778187900,4707.60,4711.95,4706.60,4707.48,1989,23,0
1778188200,4707.49,4709.87,4705.18,4708.03,2155,23,0
1778188500,4708.04,4709.84,4706.82,4708.36,1835,23,0
1778188800,4708.39,4710.93,4706.41,4706.60,2173,23,0
1778189100,4706.61,4713.01,4705.63,4712.84,2031,23,0
1778189400,4712.84,4715.30,4711.72,4713.63,1959,23,0
1778189700,4713.64,4715.96,4707.45,4713.16,2145,23,0
1778190000,4713.22,4714.67,4703.11,4706.16,2104,23,0
1778190300,4706.16,4709.08,4698.52,4700.65,2368,23,0
1778190600,4700.61,4704.73,4695.48,4703.37,2407,23,0
1778190900,4703.39,4711.36,4701.89,4709.65,2306,23,0
1778191200,4709.65,4712.96,4705.10,4705.69,2168,23,0
1778191500,4705.71,4711.47,4705.71,4709.82,2102,23,0
1778191800,4709.82,4711.56,4708.78,4710.11,2022,23,0
1778192100,4710.09,4710.85,4699.95,4702.23,2073,23,0
1778192400,4702.22,4705.43,4699.16,4700.51,2173,23,0
1778192700,4700.49,4706.39,4697.84,4705.13,2235,23,0
1778193000,4705.13,4708.31,4703.75,4707.76,1950,23,0
1778193300,4707.87,4712.05,4707.04,4710.93,1885,23,0
1778193600,4710.94,4711.89,4708.16,4709.65,1824,23,0
1778193900,4709.64,4709.94,4705.28,4708.36,1850,23,0
1778194200,4708.36,4710.81,4704.23,4706.38,2331,23,0
1778194500,4706.38,4709.06,4702.81,4702.89,2251,23,0
1778194800,4703.04,4719.15,4703.01,4716.32,2198,23,0
1778195100,4716.32,4717.01,4710.83,4711.27,1576,23,0
1778195400,4711.27,4713.08,4710.75,4711.51,1492,23,0
1778195700,4711.51,4712.83,4709.26,4712.09,1365,23,0
1778196000,4712.02,4713.98,4710.85,4713.12,1193,23,0
1778196300,4713.12,4714.29,4712.36,4712.97,1113,23,0
1778196600,4712.97,4715.71,4710.12,4713.28,1057,24,0
1778196900,4713.27,4714.11,4698.03,4698.51,1743,28,0
1778197200,4698.51,4706.70,4696.69,4703.87,1835,28,0
1778197500,4703.87,4704.13,4699.28,4702.41,1598,28,0
1778197800,4702.41,4702.66,4694.51,4695.60,1361,28,0
1778198100,4695.55,4695.55,4686.32,4688.37,1294,28,0
1778202000,4679.03,4694.19,4676.88,4693.88,1565,23,0
1778202300,4693.86,4693.89,4686.52,4691.34,1218,28,0
1778202600,4691.34,4698.03,4686.88,4691.28,1457,28,0
1778202900,4691.28,4697.42,4689.19,4694.21,1503,28,0
1778203200,4694.21,4699.32,4692.90,4696.23,1481,28,0
1778203500,4696.23,4697.81,4693.16,4693.70,1107,28,0
1778203800,4693.70,4695.14,4687.43,4688.80,1389,23,0
1778204100,4688.80,4690.45,4686.69,4689.76,1222,23,0
1778204400,4689.77,4691.33,4686.04,4686.96,1066,23,0
1778204700,4686.96,4687.62,4682.55,4683.95,1123,23,0
1778205000,4683.95,4688.62,4681.84,4686.36,1160,23,0
1778205300,4686.33,4687.89,4684.68,4685.85,922,23,0
1778205600,4685.86,4689.66,4684.56,4689.11,965,23,0
1778205900,4689.11,4691.80,4686.62,4691.27,1015,23,0
1778206200,4691.27,4693.67,4690.32,4691.56,868,23,0
1778206500,4691.57,4693.87,4691.57,4693.77,781,23,0
1778206800,4693.76,4698.01,4693.75,4696.27,826,23,0
1778207100,4696.57,4698.45,4695.84,4696.46,891,23,0
1778207400,4696.43,4698.06,4695.00,4697.29,878,23,0
1778207700,4697.29,4699.04,4696.57,4698.90,813,23,0
1778208000,4698.90,4699.01,4696.74,4697.72,823,23,0
1778208300,4697.68,4702.27,4697.68,4700.71,1162,23,0
1778208600,4700.71,4704.55,4700.19,4703.34,1196,23,0
1778208900,4703.34,4705.55,4703.22,4704.36,1236,23,0
1778209200,4704.33,4706.31,4701.55,4702.95,1675,22,0
1778209500,4702.85,4708.13,4702.41,4707.70,1644,23,0
1778209800,4707.68,4709.45,4701.51,4702.73,1453,23,0
1778210100,4702.73,4702.81,4694.10,4695.21,1659,23,0
1778210400,4695.17,4704.85,4693.95,4703.73,1585,23,0
1778210700,4703.68,4705.62,4696.40,4697.21,1547,23,0
1778211000,4697.19,4703.92,4696.17,4703.15,1541,23,0
1778211300,4703.15,4706.34,4701.36,4704.03,1392,23,0
1778211600,4704.03,4708.08,4703.95,4705.01,1293,23,0
1778211900,4705.01,4705.69,4699.89,4700.06,1524,23,0
1778212200,4700.04,4701.32,4698.27,4698.31,1379,23,0
1778212500,4698.34,4701.99,4697.02,4701.31,1478,23,0
1778212800,4701.31,4715.46,4700.53,4712.89,2330,23,0
1778213100,4712.92,4719.36,4712.92,4714.75,1949,23,0
1778213400,4714.73,4718.14,4712.66,4714.03,1842,23,0
1778213700,4714.05,4717.86,4711.59,4717.46,1785,23,0
1778214000,4717.50,4718.39,4711.57,4712.28,1599,23,0
1778214300,4712.31,4715.65,4712.21,4712.54,1515,23,0
1778214600,4712.44,4715.17,4709.87,4712.29,1745,23,0
1778214900,4712.25,4712.90,4705.17,4708.02,1914,23,0
1778215200,4708.02,4711.35,4706.89,4710.76,1684,23,0
1778215500,4710.85,4720.18,4710.85,4719.95,1747,23,0
1778215800,4719.99,4723.40,4719.90,4722.12,1792,23,0
1778216100,4722.12,4725.37,4721.74,4722.83,1664,23,0
1778216400,4722.86,4732.71,4721.52,4731.79,1924,23,0
1778216700,4731.76,4731.76,4727.02,4729.38,1594,23,0
1778217000,4729.38,4729.81,4723.63,4724.07,1450,23,0
1778217300,4724.04,4724.38,4718.19,4719.25,1474,23,0
1778217600,4719.22,4723.06,4719.22,4722.27,1398,23,0
1778217900,4722.26,4723.85,4720.36,4721.49,1301,23,0
1778218200,4721.49,4723.52,4716.91,4719.53,1821,23,0
1778218500,4719.52,4720.88,4706.98,4711.40,2254,23,0
1778218800,4711.38,4715.26,4710.24,4710.24,1783,23,0
1778219100,4710.22,4716.48,4708.54,4716.42,1948,23,0
1778219400,4716.47,4717.51,4712.49,4716.33,1888,23,0
1778219700,4716.33,4717.06,4712.52,4713.35,1604,23,0
1778220000,4713.39,4717.49,4711.09,4717.46,1724,23,0
1778220300,4717.50,4719.15,4715.07,4717.48,1444,23,0
1778220600,4717.85,4720.17,4717.82,4720.06,1275,23,0
1778220900,4720.06,4722.69,4719.41,4720.21,1224,23,0
1778221200,4720.21,4720.26,4717.08,4718.85,1187,23,0
1778221500,4718.84,4721.00,4717.56,4720.37,1284,23,0
1778221800,4720.35,4730.61,4720.06,4730.60,1534,23,0
1778222100,4730.60,4730.99,4723.15,4723.79,1453,23,0
1778222400,4723.79,4726.37,4722.62,4725.04,1301,23,0
1778222700,4725.00,4725.32,4720.10,4720.50,1215,23,0
1778223000,4720.51,4721.11,4718.02,4718.97,1189,23,0
1778223300,4718.96,4720.78,4718.61,4719.61,978,23,0
1778223600,4719.61,4723.27,4719.61,4719.84,1404,23,0
1778223900,4719.84,4720.10,4715.94,4718.77,1317,23,0
1778224200,4718.77,4719.48,4714.79,4714.92,1120,23,0
1778224500,4714.92,4717.32,4713.50,4715.93,1074,23,0
1778224800,4715.93,4717.81,4715.26,4717.55,793,23,0
1778225100,4717.55,4718.33,4715.36,4717.38,1059,23,0
1778225400,4717.38,4718.38,4714.73,4715.23,823,23,0
1778225700,4715.23,4715.87,4713.56,4713.67,1232,23,0
1778226000,4713.68,4713.86,4709.02,4712.05,1438,23,0
1778226300,4712.05,4713.78,4710.14,4713.66,1089,23,0
1778226600,4713.66,4716.16,4712.00,4715.98,1118,23,0
1778226900,4715.98,4716.57,4709.86,4711.04,1121,23,0
1778227200,4711.04,4713.57,4709.65,4713.02,1407,23,0
1778227500,4713.01,4716.29,4712.24,4714.74,1139,23,0
1778227800,4714.74,4716.24,4712.28,4712.29,1087,23,0
1778228100,4712.29,4714.69,4710.49,4714.44,1086,23,0
1778228400,4714.44,4715.80,4713.71,4714.69,934,23,0
1778228700,4714.69,4720.12,4712.30,4719.38,1130,23,0
1778229000,4719.38,4727.18,4719.36,4724.23,1991,23,0
1778229300,4724.23,4725.40,4720.87,4722.55,1624,23,0
1778229600,4722.54,4725.73,4721.59,4724.62,1616,23,0
1778229900,4724.62,4728.80,4723.33,4728.80,1492,23,0
1778230200,4728.80,4730.43,4726.55,4728.25,1466,23,0
1778230500,4728.24,4731.32,4726.78,4727.53,1895,23,0
1778230800,4727.51,4730.39,4712.65,4728.12,2343,23,0
1778231100,4728.14,4728.77,4722.12,4725.46,2022,23,0
1778231400,4725.48,4727.41,4722.72,4722.90,1757,23,0
1778231700,4722.92,4728.20,4721.53,4727.65,1691,23,0
1778232000,4727.65,4728.54,4724.46,4727.63,1704,23,0
1778232300,4727.63,4734.55,4726.19,4733.59,1837,23,0
1778232600,4733.58,4734.34,4726.49,4726.53,1771,23,0
1778232900,4726.54,4729.14,4725.61,4727.53,1552,23,0
1778233200,4727.51,4732.37,4727.37,4729.06,1639,23,0
1778233500,4729.16,4729.48,4721.16,4725.16,1810,23,0
1778233800,4725.16,4727.17,4724.24,4726.22,1474,23,0
1778234100,4726.21,4727.14,4724.44,4725.67,1494,23,0
1778234400,4725.67,4726.47,4721.80,4723.94,1974,23,0
1778234700,4723.95,4725.74,4720.60,4722.68,1678,23,0
1778235000,4722.68,4722.70,4715.29,4715.36,1610,23,0
1778235300,4715.28,4718.28,4712.81,4715.42,1827,23,0
1778235600,4715.42,4717.50,4703.64,4706.33,2155,23,0
1778235900,4706.33,4707.75,4697.12,4706.75,2246,23,0
1778236200,4706.72,4711.01,4701.27,4709.23,1918,23,0
1778236500,4709.23,4711.70,4708.37,4709.12,1663,23,0
1778236800,4709.11,4710.09,4706.77,4708.12,1721,23,0
1778237100,4708.13,4712.67,4708.03,4712.57,1669,23,0
1778237400,4712.54,4713.57,4708.13,4711.05,1723,23,0
1778237700,4711.05,4711.21,4706.99,4707.90,1660,23,0
1778238000,4707.90,4710.14,4706.87,4710.05,1685,23,0
1778238300,4709.76,4710.96,4706.70,4710.67,1535,23,0
1778238600,4710.66,4713.12,4708.28,4711.42,1403,23,0
1778238900,4711.41,4715.18,4711.30,4714.40,1482,23,0
1778239200,4714.29,4722.17,4714.29,4720.03,1678,23,0
1778239500,4720.04,4722.54,4716.35,4716.95,1761,23,0
1778239800,4716.95,4720.07,4716.40,4719.30,1524,23,0
1778240100,4719.30,4723.53,4719.30,4721.37,1608,23,0
1778240400,4721.35,4721.39,4716.82,4716.93,1437,23,0
1778240700,4716.93,4720.19,4716.02,4718.81,1549,23,0
1778241000,4718.81,4719.17,4716.46,4716.47,1198,23,0
1778241300,4716.47,4717.48,4714.95,4715.76,1380,23,0
1778241600,4715.74,4720.20,4713.47,4719.28,1594,23,0
1778241900,4719.28,4720.37,4715.93,4715.94,1455,23,0
1778242200,4715.94,4718.53,4715.39,4718.53,1169,23,0
1778242500,4718.62,4722.23,4718.27,4719.73,1326,23,0
1778242800,4719.73,4722.63,4718.71,4720.61,1420,23,0
1778243100,4720.61,4722.81,4717.76,4718.01,1387,23,0
1778243400,4718.01,4718.73,4709.78,4714.74,1760,23,0
1778243700,4714.74,4715.10,4709.37,4713.30,1323,23,0
1778244000,4713.37,4714.68,4710.71,4713.35,1423,23,0
1778244300,4713.34,4714.00,4709.56,4710.65,1370,23,0
1778244600,4710.61,4711.30,4707.45,4709.67,1628,23,0
1778244900,4709.66,4712.27,4707.62,4711.88,1502,23,0
1778245200,4711.88,4714.40,4711.17,4712.77,1324,23,0
1778245500,4712.77,4714.64,4711.95,4713.15,1198,23,0
1778245800,4713.15,4718.88,4712.82,4718.88,1247,23,0
1778246100,4718.88,4719.51,4717.51,4717.85,1125,23,0
1778246400,4717.87,4723.12,4717.77,4721.40,1084,23,0
1778246700,4721.40,4723.93,4720.42,4720.49,1310,23,0
1778247000,4720.48,4723.44,4720.28,4722.31,1218,23,0
1778247300,4722.31,4727.68,4722.03,4727.06,1295,23,0
1778247600,4727.05,4727.86,4724.25,4724.39,1377,23,0
1778247900,4724.39,4724.43,4719.07,4719.67,1266,23,0
1778248200,4719.67,4721.68,4717.80,4721.09,1327,23,0
1778248500,4721.12,4721.17,4715.32,4719.74,1715,23,0
1778248800,4719.78,4726.65,4719.78,4726.29,1607,23,0
1778249100,4726.28,4727.33,4723.34,4724.72,1566,23,0
1778249400,4724.72,4725.11,4718.85,4722.01,1502,23,0
1778249700,4722.01,4725.29,4721.60,4723.07,1234,23,0
1778250000,4723.06,4723.85,4720.10,4723.38,1404,23,0
1778250300,4723.33,4725.83,4723.02,4724.07,1255,23,0
1778250600,4724.06,4725.01,4721.99,4722.29,1185,23,0
1778250900,4722.33,4725.80,4722.08,4722.98,1212,23,0
1778251200,4722.87,4723.84,4721.05,4721.17,1373,23,0
1778251500,4721.14,4721.37,4717.09,4717.66,1369,23,0
1778251800,4717.66,4717.77,4713.64,4716.90,1362,23,0
1778252100,4716.90,4720.05,4716.07,4717.71,1446,23,0
1778252400,4717.71,4719.81,4712.87,4713.29,1723,23,0
1778252700,4713.29,4714.15,4708.59,4709.82,1784,23,0
1778253000,4709.82,4709.84,4703.83,4704.67,1932,23,0
1778253300,4704.67,4710.20,4702.83,4707.86,1886,23,0
1778253600,4707.88,4710.41,4704.88,4706.30,1914,23,0
1778253900,4706.24,4710.87,4705.38,4710.41,1472,23,0
1778254200,4710.48,4724.88,4703.36,4723.30,2474,23,0
1778254500,4723.29,4727.91,4721.75,4725.56,2353,23,0
1778254800,4725.56,4730.79,4722.27,4723.82,2326,23,0
1778255100,4723.83,4726.82,4719.33,4724.42,2247,23,0
1778255400,4724.42,4731.27,4719.89,4731.02,2165,23,0
1778255700,4730.93,4732.00,4720.58,4724.40,2261,23,0
1778256000,4724.40,4728.97,4720.48,4723.03,2311,23,0
1778256300,4723.04,4725.65,4718.32,4720.23,2211,23,0
1778256600,4720.25,4721.66,4716.65,4720.36,2151,23,0
1778256900,4720.36,4726.43,4719.49,4724.76,2029,23,0
1778257200,4724.77,4727.44,4723.08,4724.71,1884,23,0
1778257500,4724.71,4727.82,4724.67,4727.19,1885,23,0
1778257800,4727.26,4743.93,4726.93,4739.13,2567,23,0
1778258100,4739.12,4744.39,4738.33,4738.49,2542,23,0
1778258400,4738.53,4741.04,4734.92,4738.13,2493,23,0
1778258700,4738.28,4744.30,4734.98,4740.60,2310,23,0
1778259000,4740.59,4745.10,4737.23,4740.61,2321,23,0
1778259300,4740.61,4747.99,4740.00,4747.99,2069,23,0
1778259600,4747.96,4749.35,4739.06,4740.11,2374,23,0
1778259900,4740.11,4740.11,4725.53,4726.59,2429,23,0
1778260200,4726.58,4732.19,4718.91,4731.72,2438,23,0
1778260500,4731.74,4733.76,4725.37,4727.61,2300,23,0
1778260800,4727.60,4728.22,4722.24,4725.73,2217,23,0
1778261100,4725.74,4729.27,4719.07,4719.09,2260,23,0
1778261400,4717.71,4722.96,4714.35,4722.21,2381,23,0
1778261700,4722.24,4725.02,4719.46,4723.56,2217,23,0
1778262000,4723.55,4725.56,4721.34,4722.71,2113,23,0
1778262300,4722.71,4724.60,4714.88,4718.01,2113,23,0
1778262600,4718.02,4719.41,4713.31,4717.98,2115,23,0
1778262900,4718.19,4719.71,4715.52,4715.95,2044,23,0
1778263200,4715.95,4717.54,4712.80,4713.85,2182,23,0
1778263500,4713.84,4720.84,4713.84,4716.96,2004,23,0
1778263800,4716.96,4719.67,4706.09,4707.48,2064,23,0
1778264100,4707.48,4708.92,4704.59,4706.54,2228,23,0
1778264400,4706.55,4711.46,4704.32,4707.72,2342,23,0
1778264700,4707.87,4713.59,4705.60,4713.34,2027,23,0
1778265000,4713.32,4714.33,4704.35,4709.82,2241,23,0
1778265300,4709.85,4714.97,4709.55,4712.62,2025,23,0
1778265600,4712.63,4712.64,4704.29,4705.91,2049,23,0
1778265900,4705.90,4709.76,4701.96,4708.59,2126,23,0
1778266200,4708.61,4711.08,4708.43,4709.51,1798,23,0
1778266500,4709.50,4709.54,4704.35,4707.02,1882,23,0
1778266800,4707.03,4709.93,4705.40,4706.12,1918,23,0
1778267100,4706.09,4712.05,4706.09,4708.56,1713,23,0
1778267400,4708.56,4712.41,4706.73,4711.49,1460,23,0
1778267700,4711.50,4714.23,4711.42,4711.78,1502,23,0
1778268000,4711.78,4715.38,4711.75,4714.58,1384,23,0
1778268300,4714.58,4717.61,4714.41,4717.60,1430,23,0
1778268600,4717.60,4720.23,4716.85,4717.11,1533,23,0
1778268900,4717.11,4718.15,4715.63,4716.20,1557,23,0
1778269200,4716.20,4717.30,4713.30,4713.42,1483,23,0
1778269500,4713.42,4716.26,4712.78,4713.56,1609,23,0
1778269800,4713.56,4713.70,4711.88,4713.14,1535,23,0
1778270100,4713.14,4714.31,4711.30,4712.42,1401,23,0
1778270400,4712.42,4716.05,4712.13,4715.26,1519,23,0
1778270700,4715.26,4716.24,4713.62,4714.27,1461,23,0
1778271000,4714.27,4715.32,4713.06,4715.25,1338,23,0
1778271300,4715.25,4719.48,4715.19,4718.63,1216,23,0
1778271600,4718.63,4720.69,4717.32,4718.81,1425,23,0
1778271900,4718.81,4722.05,4718.56,4720.67,1579,23,0
1778272200,4720.63,4721.76,4719.66,4720.33,1281,23,0
1778272500,4720.33,4721.53,4719.81,4720.04,1152,23,0
1778272800,4720.04,4721.53,4719.77,4720.75,1010,23,0
1778273100,4720.71,4721.42,4719.79,4720.02,1000,23,0
1778273400,4720.02,4721.98,4719.37,4721.98,1144,23,0
1778273700,4721.96,4722.66,4719.72,4720.85,1105,23,0
1778274000,4720.85,4727.56,4720.47,4726.58,1748,23,0
1778274300,4726.58,4727.72,4725.55,4725.85,1427,23,0
1778274600,4725.89,4728.63,4725.03,4727.53,1139,23,0
1778274900,4727.54,4728.96,4725.40,4725.59,1304,23,0
1778275200,4725.59,4727.58,4725.35,4726.66,1094,23,0
1778275500,4726.64,4726.64,4723.94,4725.64,1277,23,0
1778275800,4725.65,4726.45,4724.06,4725.40,1171,23,0
1778276100,4725.42,4726.24,4724.81,4725.94,1046,23,0
1778276400,4725.94,4726.08,4724.01,4724.63,1107,23,0
1778276700,4724.63,4724.66,4722.10,4723.33,1191,23,0
1778277000,4723.32,4724.16,4721.78,4722.34,990,23,0
1778277300,4722.39,4723.26,4719.91,4721.90,1430,23,0
1778277600,4721.91,4724.65,4720.98,4723.07,1334,23,0
1778277900,4723.07,4725.50,4722.55,4724.74,1057,23,0
1778278200,4724.69,4725.61,4723.30,4723.57,832,23,0
1778278500,4723.57,4724.63,4723.50,4724.11,681,23,0
1778278800,4724.11,4725.01,4723.33,4724.64,745,23,0
1778279100,4724.64,4724.99,4723.45,4723.73,819,23,0
1778279400,4723.73,4723.78,4722.01,4723.00,977,23,0
1778279700,4722.98,4723.53,4721.82,4723.53,866,23,0
1778280000,4723.53,4726.78,4723.43,4725.37,1311,23,0
1778280300,4725.37,4725.90,4723.37,4723.96,1110,23,0
1778280600,4724.01,4725.57,4723.65,4724.74,1220,23,0
1778280900,4724.77,4724.99,4722.91,4724.02,1585,23,0
1778281200,4723.95,4724.28,4722.16,4723.03,920,23,0
1778281500,4723.03,4723.36,4721.67,4721.68,717,23,0
1778281800,4721.68,4721.84,4717.09,4718.84,900,23,0
1778282100,4718.74,4719.17,4715.23,4715.38,885,23,0
1778282400,4715.38,4717.60,4715.23,4716.87,706,23,0
1778282700,4716.87,4717.74,4715.78,4717.35,703,23,0
1778283000,4717.35,4719.08,4716.33,4717.32,617,24,0
1778283300,4717.32,4718.05,4716.69,4717.76,783,28,0
1778283600,4717.76,4718.17,4715.68,4716.34,611,28,0
1778283900,4716.33,4716.75,4714.84,4715.12,845,28,0
1778284200,4715.12,4716.33,4714.65,4715.42,956,28,0
1778284500,4715.42,4715.77,4714.79,4715.67,271,28,0
1778461200,4683.43,4700.39,4678.98,4686.93,2266,28,0
1778461500,4686.93,4688.66,4679.86,4688.08,1500,28,0
1778461800,4688.08,4694.69,4686.15,4687.35,1502,28,0
1778462100,4687.29,4690.29,4681.85,4687.37,1464,28,0
1778462400,4687.38,4689.79,4685.27,4689.36,1244,28,0
1778462700,4689.37,4696.21,4689.00,4694.53,1268,28,0
1778463000,4694.53,4694.53,4689.42,4692.86,1330,23,0
1778463300,4692.86,4694.06,4687.23,4688.32,1132,23,0
1778463600,4688.32,4691.62,4687.05,4691.24,873,23,0
1778463900,4691.24,4693.95,4690.00,4693.95,924,23,0
1778464200,4693.95,4693.95,4690.36,4691.48,1062,23,0
1778464500,4691.48,4694.52,4690.98,4691.86,1123,23,0
1778464800,4691.87,4696.89,4691.12,4696.59,1174,23,0
1778465100,4696.59,4696.59,4692.67,4694.13,1025,23,0
1778465400,4694.13,4694.60,4688.86,4690.07,1134,23,0
1778465700,4690.07,4695.30,4689.09,4695.29,1045,23,0
1778466000,4695.26,4696.55,4694.98,4696.23,895,23,0
1778466300,4696.23,4697.14,4694.15,4694.67,876,23,0
1778466600,4694.67,4697.37,4694.64,4696.29,896,23,0
1778466900,4696.30,4698.35,4695.49,4697.22,885,23,0
1778467200,4697.22,4698.28,4695.98,4697.49,853,23,0
1778467500,4697.50,4698.44,4694.40,4698.44,1104,23,0
1778467800,4698.44,4698.54,4695.44,4695.65,947,23,0
1778468100,4695.65,4695.73,4690.07,4691.71,1145,23,0
1778468400,4691.58,4691.58,4682.20,4687.32,1882,23,0
1778468700,4687.32,4690.28,4684.95,4686.14,1730,23,0
1778469000,4686.00,4686.87,4680.44,4682.57,1628,23,0
1778469300,4682.64,4683.21,4676.76,4677.74,1834,23,0
1778469600,4677.73,4685.70,4675.94,4684.31,1645,23,0
1778469900,4684.31,4686.59,4681.74,4683.51,1463,23,0
1778470200,4683.52,4693.27,4683.52,4692.93,1646,23,0
1778470500,4692.93,4693.29,4685.53,4687.39,1536,23,0
1778470800,4687.39,4691.61,4687.32,4689.03,1480,23,0
1778471100,4689.05,4692.86,4687.83,4690.29,1592,23,0
1778471400,4690.28,4691.96,4670.29,4682.40,2133,23,0
1778471700,4682.37,4684.23,4673.60,4683.55,2155,23,0
1778472000,4683.34,4692.66,4674.61,4691.36,2549,23,0
1778472300,4691.35,4699.80,4689.66,4690.94,2358,23,0
1778472600,4690.95,4695.12,4682.09,4692.06,2305,23,0
1778472900,4692.06,4697.60,4689.62,4695.90,2308,23,0
1778473200,4695.90,4705.47,4693.48,4703.08,2173,23,0
1778473500,4703.08,4705.45,4698.83,4698.89,1930,23,0
1778473800,4698.89,4701.71,4693.12,4697.79,2204,23,0
1778474100,4698.00,4698.79,4693.96,4695.42,2032,23,0
1778474400,4695.42,4695.89,4690.87,4694.40,1943,23,0
1778474700,4694.39,4695.96,4692.60,4694.97,1839,23,0
1778475000,4694.99,4695.01,4685.31,4686.64,2040,23,0
1778475300,4686.64,4687.42,4680.05,4685.68,1963,23,0
1778475600,4685.67,4693.04,4684.92,4688.91,1982,23,0
1778475900,4688.95,4689.30,4678.45,4683.91,2132,23,0
1778476200,4683.88,4689.33,4682.64,4686.15,1780,23,0
1778476500,4686.09,4686.66,4682.89,4683.25,1517,23,0
1778476800,4683.25,4686.61,4682.78,4686.13,1276,23,0
1778477100,4686.13,4688.62,4685.00,4688.46,1185,23,0
1778477400,4688.46,4695.41,4688.44,4692.02,1785,23,0
1778477700,4692.02,4700.17,4690.81,4699.01,1748,23,0
1778478000,4699.07,4699.07,4687.88,4688.54,1639,23,0
1778478300,4688.56,4693.57,4684.35,4685.34,1736,23,0
1778478600,4685.34,4685.43,4678.89,4680.09,1987,23,0
1778478900,4680.60,4682.51,4676.63,4681.69,1972,23,0
1778479200,4681.69,4684.84,4675.05,4683.53,1920,23,0
1778479500,4683.53,4686.38,4681.80,4686.36,1511,23,0
1778479800,4686.22,4689.72,4685.30,4687.09,1503,23,0
1778480100,4687.12,4689.24,4683.87,4688.40,1539,23,0
1778480400,4688.39,4688.87,4683.88,4688.49,1524,23,0
1778480700,4688.49,4690.40,4686.89,4689.45,1204,23,0
1778481000,4689.48,4690.37,4686.13,4686.75,1429,23,0
1778481300,4686.75,4687.56,4682.23,4684.14,1315,23,0
1778481600,4684.10,4688.04,4683.46,4687.82,1134,23,0
1778481900,4687.82,4687.82,4681.29,4681.29,1029,23,0
1778482200,4681.33,4682.50,4677.31,4677.44,1272,23,0
1778482500,4677.44,4679.19,4676.98,4678.64,1082,23,0
1778482800,4678.64,4679.77,4673.42,4677.55,1488,23,0
1778483100,4677.55,4679.04,4675.69,4677.40,1168,23,0
1778483400,4677.43,4677.95,4674.89,4677.44,1269,23,0
1778483700,4677.44,4678.64,4673.92,4674.18,1155,23,0
1778484000,4674.16,4674.89,4670.34,4673.66,1286,23,0
1778484300,4673.66,4675.86,4671.55,4671.75,1156,23,0
1778484600,4671.75,4673.59,4668.49,4673.01,1533,23,0
1778484900,4673.01,4674.60,4671.31,4671.50,1272,23,0
1778485200,4671.50,4673.59,4671.31,4673.03,1031,23,0
1778485500,4673.03,4675.35,4672.73,4675.01,988,23,0
1778485800,4675.01,4675.96,4672.97,4674.93,1067,23,0
1778486100,4675.16,4675.59,4671.74,4672.05,1021,23,0
1778486400,4672.05,4675.99,4671.77,4675.69,1079,23,0
1778486700,4675.71,4675.96,4670.77,4672.54,1140,23,0
1778487000,4672.54,4673.72,4671.12,4673.38,1185,23,0
1778487300,4673.39,4674.42,4671.84,4673.69,1070,23,0
1778487600,4673.69,4675.24,4672.59,4675.12,1075,23,0
1778487900,4675.12,4675.12,4670.78,4670.78,1104,23,0
1778488200,4670.77,4679.09,4670.63,4678.68,1966,23,0
1778488500,4678.66,4680.61,4672.87,4673.95,1684,23,0
1778488800,4673.95,4674.41,4662.11,4663.67,1862,23,0
1778489100,4663.65,4664.03,4658.85,4660.94,1999,23,0
1778489400,4660.84,4661.59,4652.82,4654.46,2081,23,0
1778489700,4654.46,4655.01,4648.12,4652.29,2105,23,0
1778490000,4652.29,4659.78,4649.27,4659.62,2056,23,0
1778490300,4659.67,4664.80,4657.37,4662.75,1897,23,0
1778490600,4662.74,4667.02,4662.47,4665.34,1864,23,0
1778490900,4665.35,4670.62,4665.21,4670.50,1735,23,0
1778491200,4670.46,4670.75,4664.85,4667.27,1881,23,0
1778491500,4667.27,4668.81,4664.72,4667.42,1828,23,0
1778491800,4667.43,4672.22,4667.37,4669.81,1793,23,0
1778492100,4669.81,4674.36,4668.84,4672.76,1477,23,0
1778492400,4672.76,4675.66,4670.25,4674.32,1600,23,0
1778492700,4674.32,4676.99,4672.99,4673.83,1557,23,0
1778493000,4673.84,4680.41,4671.28,4678.97,1683,23,0
1778493300,4678.99,4680.12,4676.09,4678.43,1634,23,0
1778493600,4678.39,4680.30,4677.65,4678.96,1723,23,0
1778493900,4678.96,4678.97,4674.40,4674.55,1541,23,0
1778494200,4674.57,4676.70,4674.57,4676.05,1508,23,0
1778494500,4676.05,4676.86,4672.12,4673.15,1497,23,0
1778494800,4673.11,4677.12,4672.80,4676.15,1375,23,0
1778495100,4676.15,4678.06,4674.89,4675.81,1490,23,0
1778495400,4675.83,4678.00,4672.47,4674.30,1323,23,0
1778495700,4674.30,4676.53,4672.98,4674.79,1351,23,0
1778496000,4674.80,4676.42,4671.69,4672.00,1344,23,0
1778496300,4672.00,4672.92,4666.57,4667.58,1212,23,0
1778496600,4667.58,4670.71,4664.34,4669.11,1357,23,0
1778496900,4669.12,4669.53,4665.75,4667.72,1268,23,0
1778497200,4667.72,4669.02,4664.52,4668.57,1439,23,0
1778497500,4668.57,4671.10,4664.50,4664.80,1535,23,0
1778497800,4664.80,4673.68,4664.20,4671.99,1783,23,0
1778498100,4671.99,4675.60,4671.99,4675.33,1436,23,0
1778498400,4675.33,4678.77,4672.59,4676.62,1479,23,0
1778498700,4676.62,4677.24,4671.76,4671.76,1570,23,0
1778499000,4671.70,4675.25,4669.91,4671.78,1505,23,0
1778499300,4671.84,4673.24,4669.72,4670.11,1317,23,0
1778499600,4670.13,4671.21,4669.20,4670.34,1272,23,0
1778499900,4670.36,4671.40,4669.44,4670.95,1044,23,0
1778500200,4670.95,4671.12,4666.77,4668.80,1303,23,0
1778500500,4668.80,4668.94,4666.81,4667.50,1221,23,0
1778500800,4667.58,4669.73,4665.24,4669.42,1441,23,0
1778501100,4669.44,4669.98,4666.72,4667.65,961,23,0
1778501400,4667.65,4668.47,4666.02,4667.50,1123,23,0
1778501700,4667.51,4667.54,4664.54,4664.90,1354,23,0
1778502000,4664.90,4665.71,4659.05,4659.10,1166,23,0
1778502300,4659.15,4661.40,4656.87,4657.50,1397,23,0
1778502600,4657.50,4658.70,4650.58,4654.77,1764,23,0
1778502900,4654.74,4660.02,4654.61,4659.22,1436,23,0
1778503200,4659.22,4663.66,4657.21,4662.89,1330,23,0
1778503500,4662.89,4664.90,4661.04,4661.90,1253,23,0
1778503800,4661.90,4663.21,4658.84,4661.66,1188,23,0
1778504100,4661.65,4662.07,4656.14,4656.74,1396,23,0
1778504400,4656.74,4661.24,4656.39,4657.60,1283,23,0
1778504700,4657.60,4661.32,4656.60,4660.98,1226,23,0
1778505000,4660.98,4662.87,4660.44,4662.49,1112,23,0
1778505300,4662.49,4662.95,4660.42,4662.57,1057,23,0
1778505600,4662.57,4665.35,4660.95,4665.34,1083,23,0
1778505900,4665.34,4665.91,4663.08,4663.35,1055,23,0
1778506200,4663.35,4666.63,4662.45,4665.83,1202,23,0
1778506500,4665.83,4666.54,4660.26,4663.01,1277,23,0
1778506800,4663.01,4663.44,4661.22,4663.40,1305,23,0
1778507100,4663.40,4665.08,4661.35,4664.52,1339,23,0
1778507400,4664.52,4667.46,4664.15,4665.07,1289,23,0
1778507700,4665.08,4665.89,4663.75,4663.88,1272,23,0
1778508000,4663.89,4672.44,4663.89,4671.15,1614,23,0
1778508300,4671.15,4671.21,4667.24,4669.11,1431,23,0
1778508600,4669.11,4669.98,4666.79,4669.39,1379,23,0
1778508900,4669.39,4670.10,4667.92,4669.67,1133,23,0
1778509200,4669.67,4670.36,4667.56,4669.39,1146,23,0
1778509500,4669.10,4672.05,4667.62,4671.91,1173,23,0
1778509800,4671.88,4673.27,4670.22,4671.64,1486,23,0
1778510100,4671.64,4675.95,4670.40,4675.27,1581,23,0
1778510400,4675.27,4677.28,4674.32,4674.41,1495,23,0
1778510700,4674.41,4674.94,4673.05,4674.13,1134,23,0
1778511000,4674.13,4674.32,4670.33,4672.91,1358,23,0
1778511300,4672.98,4674.57,4670.41,4674.50,1398,23,0
1778511600,4674.50,4675.90,4670.58,4671.15,1669,23,0
1778511900,4671.15,4671.61,4669.08,4669.33,1497,23,0
1778512200,4669.23,4669.45,4667.46,4668.40,1397,23,0
1778512500,4668.40,4674.24,4667.57,4672.45,1613,23,0
1778512800,4672.68,4695.39,4671.94,4692.36,2453,23,0
1778513100,4692.54,4692.54,4685.72,4690.61,2273,23,0
1778513400,4690.61,4696.39,4689.13,4693.36,2243,23,0
1778513700,4693.36,4698.33,4693.31,4696.09,2080,23,0
1778514000,4696.12,4697.06,4691.40,4692.15,1873,23,0
1778514300,4692.16,4695.75,4686.27,4689.11,2020,23,0
1778514600,4689.11,4694.05,4689.11,4693.01,1787,23,0
1778514900,4693.01,4700.97,4691.50,4700.00,1982,23,0
1778515200,4700.00,4709.96,4698.76,4709.91,2346,23,0
1778515500,4709.94,4717.36,4708.47,4716.56,2278,23,0
1778515800,4716.57,4721.77,4712.54,4721.04,2327,23,0
1778516100,4721.04,4730.80,4720.52,4727.45,2319,23,0
1778516400,4727.44,4735.63,4726.48,4731.40,2378,23,0
1778516700,4731.39,4734.09,4727.50,4728.37,2249,23,0
1778517000,4728.29,4736.65,4728.16,4734.35,2518,23,0
1778517300,4734.70,4739.99,4733.48,4735.18,2404,23,0
1778517600,4735.19,4745.49,4735.11,4743.73,2426,23,0
1778517900,4743.70,4748.47,4736.34,4737.67,2379,23,0
1778518200,4737.64,4742.27,4734.73,4739.97,2313,23,0
1778518500,4740.03,4744.67,4736.12,4736.12,2136,23,0
1778518800,4736.12,4738.49,4728.10,4730.70,2401,23,0
1778519100,4730.71,4731.39,4718.51,4724.37,2289,23,0
1778519400,4724.26,4732.34,4721.51,4730.87,2152,23,0
1778519700,4730.89,4732.35,4725.50,4730.96,2158,23,0
1778520000,4730.92,4733.83,4730.08,4733.61,1874,23,0
1778520300,4733.60,4733.75,4724.53,4725.01,2238,23,0
1778520600,4725.04,4727.78,4715.20,4721.41,2442,23,0
1778520900,4721.41,4728.61,4717.97,4726.95,2298,23,0
1778521200,4726.87,4733.60,4726.87,4732.45,2017,23,0
1778521500,4732.44,4733.97,4727.51,4729.80,2053,23,0
1778521800,4729.79,4730.34,4727.32,4728.00,2038,23,0
1778522100,4727.99,4729.02,4723.84,4725.62,1861,23,0
1778522400,4725.54,4728.33,4722.88,4726.13,1982,23,0
1778522700,4725.99,4730.24,4725.03,4728.55,1885,23,0
1778523000,4728.60,4731.71,4727.33,4728.47,1855,23,0
1778523300,4728.47,4734.66,4727.29,4731.81,1764,23,0
1778523600,4731.81,4738.24,4730.63,4736.80,1792,23,0
1778523900,4736.81,4737.35,4731.97,4732.91,1835,23,0
1778524200,4732.91,4734.78,4731.94,4732.21,1792,23,0
1778524500,4732.19,4732.36,4729.78,4730.35,1600,23,0
1778524800,4730.35,4731.43,4726.78,4727.31,1728,23,0
1778525100,4727.30,4730.02,4725.13,4729.38,2001,23,0
1778525400,4729.38,4732.18,4727.98,4731.83,1622,23,0
1778525700,4731.83,4732.65,4730.72,4732.16,1421,23,0
1778526000,4732.16,4733.45,4730.78,4731.90,1484,23,0
1778526300,4731.90,4732.95,4729.35,4729.36,1429,23,0
1778526600,4729.35,4729.93,4727.04,4727.78,1385,23,0
1778526900,4727.81,4728.04,4724.19,4726.93,1500,23,0
1778527200,4726.93,4727.11,4723.52,4724.49,1533,23,0
1778527500,4724.50,4725.89,4722.41,4723.92,1530,23,0
1778527800,4723.91,4725.99,4721.64,4722.18,1431,23,0
1778528100,4722.21,4722.21,4717.56,4720.56,1641,23,0
1778528400,4720.51,4721.23,4708.02,4711.37,2205,23,0
1778528700,4711.37,4715.94,4709.02,4714.89,2004,23,0
1778529000,4714.89,4716.71,4714.11,4715.41,1783,23,0
1778529300,4715.37,4716.93,4713.33,4716.47,1761,23,0
1778529600,4716.48,4719.40,4716.43,4718.17,1652,23,0
1778529900,4718.17,4719.98,4717.67,4718.05,1657,23,0
1778530200,4718.07,4719.04,4715.89,4718.35,1769,23,0
1778530500,4718.34,4719.20,4717.40,4717.56,1565,23,0
1778530800,4717.56,4720.91,4717.14,4719.53,1645,23,0
1778531100,4719.57,4721.71,4717.33,4718.12,1631,23,0
1778531400,4718.11,4723.96,4717.77,4722.90,1465,23,0
1778531700,4722.86,4723.34,4721.66,4721.77,1340,23,0
1778532000,4721.77,4724.43,4721.35,4723.88,1229,23,0
1778532300,4723.88,4724.59,4722.17,4722.58,1347,23,0
1778532600,4722.58,4723.78,4721.83,4722.08,1208,23,0
1778532900,4722.08,4723.76,4722.03,4723.66,1176,23,0
1778533200,4723.66,4724.91,4722.53,4724.45,1234,23,0
1778533500,4724.43,4726.86,4723.99,4725.77,1164,23,0
1778533800,4725.77,4726.32,4722.04,4723.45,1639,23,0
1778534100,4723.45,4724.42,4721.99,4723.40,1345,23,0
1778534400,4723.40,4724.58,4720.93,4723.69,1498,23,0
1778534700,4723.67,4727.48,4723.50,4727.16,1346,23,0
1778535000,4727.16,4727.74,4726.57,4726.77,970,23,0
1778535300,4726.76,4729.36,4726.72,4726.75,1230,23,0
1778535600,4726.76,4727.68,4725.68,4726.83,1250,23,0
1778535900,4726.87,4727.03,4725.31,4726.46,1141,23,0
1778536200,4726.48,4727.76,4725.82,4726.58,1074,23,0
1778536500,4726.58,4729.11,4724.86,4724.86,1553,23,0
1778536800,4724.93,4727.21,4724.03,4724.18,1528,23,0
1778537100,4724.18,4728.46,4724.15,4727.01,1326,23,0
1778537400,4727.04,4728.08,4723.70,4724.83,1361,23,0
1778537700,4724.86,4725.56,4723.95,4724.84,1293,23,0
1778538000,4724.84,4725.37,4723.61,4723.77,1233,23,0
1778538300,4723.77,4724.40,4723.27,4724.26,1195,23,0
1778538600,4724.24,4725.43,4722.42,4724.50,1348,23,0
1778538900,4724.47,4727.67,4724.47,4727.67,1159,23,0
1778539200,4727.67,4728.59,4726.93,4726.94,1148,23,0
1778539500,4726.96,4731.50,4726.95,4731.37,1255,23,0
1778539800,4731.38,4734.28,4730.29,4734.03,1421,23,0
1778540100,4734.03,4736.14,4733.00,4733.58,1733,23,0
1778540400,4733.58,4737.87,4733.58,4737.05,980,23,0
1778540700,4737.05,4737.11,4733.53,4734.62,762,23,0
1778541000,4734.62,4736.89,4729.99,4734.99,1171,23,0
1778541300,4734.99,4735.22,4734.03,4734.75,757,23,0
1778541600,4734.69,4734.77,4733.49,4734.58,652,23,0
1778541900,4734.58,4735.42,4733.72,4735.34,577,23,0
1778542200,4735.34,4738.53,4734.89,4737.89,640,24,0
1778542500,4737.89,4738.31,4737.29,4737.97,548,28,0
1778542800,4737.96,4738.00,4737.28,4737.54,398,28,0
1778543100,4737.55,4737.68,4736.53,4736.69,641,28,0
1778543400,4736.69,4736.69,4732.47,4734.71,880,28,0
1778543700,4734.72,4735.54,4734.21,4735.10,448,28,0
1778547600,4735.82,4743.22,4735.80,4740.72,1415,28,0
1778547900,4740.75,4743.67,4739.23,4741.30,1076,28,0
1778548200,4741.30,4741.48,4738.36,4739.26,804,28,0
1778548500,4739.01,4739.66,4737.70,4738.74,726,28,0
1778548800,4738.71,4740.06,4737.48,4739.63,660,28,0
1778549100,4739.63,4741.90,4739.22,4739.77,686,28,0
1778549400,4739.77,4742.36,4738.99,4741.47,769,23,0
1778549700,4741.47,4742.69,4740.82,4741.65,663,23,0
1778550000,4741.65,4745.11,4741.41,4744.69,839,23,0
1778550300,4744.69,4755.07,4744.25,4752.12,1564,23,0
1778550600,4751.96,4753.92,4750.69,4753.05,1193,23,0
1778550900,4753.05,4753.09,4749.79,4750.86,820,23,0
1778551200,4750.86,4754.27,4750.81,4751.05,1272,23,0
1778551500,4751.05,4754.47,4750.96,4753.01,910,23,0
1778551800,4752.96,4753.39,4746.11,4751.17,1255,23,0
1778552100,4751.16,4754.14,4750.99,4752.10,960,23,0
1778552400,4752.10,4754.08,4751.05,4752.10,873,23,0
1778552700,4752.10,4754.61,4750.84,4752.86,902,23,0
1778553000,4752.88,4757.88,4751.64,4755.63,1155,23,0
1778553300,4755.63,4759.35,4753.63,4755.10,1433,23,0
1778553600,4755.11,4757.16,4754.47,4755.96,1061,23,0
1778553900,4755.96,4760.70,4755.42,4760.14,1184,23,0
1778554200,4760.11,4769.50,4759.48,4765.99,1650,23,0
1778554500,4765.99,4769.11,4765.77,4767.42,1344,23,0
1778554800,4767.43,4767.43,4758.59,4764.77,1959,20,0
1778555100,4764.79,4768.92,4760.34,4768.30,1643,23,0
1778555400,4768.27,4769.50,4765.56,4766.91,1755,23,0
1778555700,4767.00,4773.49,4766.52,4771.00,1727,23,0
1778556000,4771.00,4772.99,4753.31,4759.83,1962,23,0
1778556300,4759.82,4766.00,4759.27,4762.28,1690,23,0
1778556600,4762.28,4763.81,4758.41,4758.44,1635,23,0
1778556900,4758.47,4762.70,4757.90,4759.18,1392,23,0
1778557200,4759.18,4760.95,4757.60,4757.95,1335,23,0
1778557500,4757.95,4761.90,4757.95,4759.53,1473,23,0
1778557800,4759.53,4760.38,4752.09,4752.85,1506,23,0
1778558100,4752.85,4755.81,4748.78,4749.30,1917,23,0
1778558400,4749.29,4755.52,4742.23,4743.66,2567,23,0
1778558700,4743.73,4752.81,4743.49,4752.31,2230,23,0
1778559000,4752.31,4752.96,4744.59,4746.28,1995,23,0
1778559300,4746.26,4751.63,4743.32,4748.95,2170,23,0
1778559600,4748.83,4750.11,4743.55,4744.49,1878,23,0
1778559900,4744.56,4745.78,4733.82,4735.15,2121,23,0
1778560200,4735.15,4738.85,4731.20,4732.28,1963,23,0
1778560500,4732.27,4733.20,4723.36,4724.68,2281,23,0
1778560800,4724.68,4729.55,4720.33,4729.42,2333,23,0
1778561100,4729.39,4731.47,4726.18,4730.05,2155,23,0
1778561400,4730.05,4730.51,4727.23,4727.86,2031,23,0
1778561700,4727.86,4729.73,4723.95,4727.14,2094,23,0
1778562000,4727.13,4730.78,4726.58,4728.98,2082,23,0
1778562300,4728.92,4730.30,4725.40,4730.14,1909,23,0
1778562600,4730.14,4733.91,4728.95,4731.48,1791,23,0
1778562900,4731.48,4731.57,4725.94,4726.36,1515,23,0
1778563200,4726.36,4729.76,4725.32,4729.71,1305,23,0
1778563500,4729.67,4730.36,4724.47,4727.07,1464,23,0
1778563800,4727.07,4729.44,4722.27,4726.45,2122,23,0
1778564100,4726.45,4729.06,4724.84,4726.74,1781,23,0
1778564400,4726.74,4731.92,4724.76,4731.77,1836,23,0
1778564700,4731.76,4733.28,4727.13,4728.41,1883,23,0
1778565000,4728.41,4733.39,4728.37,4732.31,1749,23,0
1778565300,4732.33,4733.20,4730.05,4730.06,1671,23,0
1778565600,4730.00,4733.24,4728.05,4729.62,1749,23,0
1778565900,4729.62,4730.90,4727.14,4727.61,1476,23,0
1778566200,4727.61,4731.93,4727.14,4731.16,1573,23,0
1778566500,4731.15,4731.26,4725.47,4726.01,1412,23,0
1778566800,4726.01,4727.21,4723.75,4723.89,1692,23,0
1778567100,4723.72,4725.65,4722.87,4723.83,1510,23,0
1778567400,4723.88,4726.19,4723.87,4725.68,1201,23,0
1778567700,4725.69,4727.95,4725.12,4726.45,1240,23,0
1778568000,4726.45,4727.23,4723.77,4724.63,948,23,0
1778568300,4723.99,4724.43,4719.07,4720.50,1240,23,0
1778568600,4720.50,4722.59,4719.11,4719.59,1114,23,0
1778568900,4719.59,4720.42,4718.13,4720.20,1083,23,0
1778569200,4720.20,4722.31,4719.75,4722.26,1221,23,0
1778569500,4722.29,4723.34,4721.02,4722.35,1096,23,0
1778569800,4722.35,4722.60,4720.96,4721.92,963,23,0
1778570100,4721.92,4730.36,4721.79,4726.72,1659,23,0
1778570400,4726.72,4729.43,4724.46,4725.14,1217,23,0
1778570700,4725.18,4725.51,4721.65,4722.51,966,23,0
1778571000,4722.51,4724.23,4721.36,4723.20,961,23,0
1778571300,4723.20,4726.39,4723.13,4725.55,1058,23,0
1778571600,4725.52,4725.84,4723.80,4724.68,937,23,0
1778571900,4724.68,4725.05,4718.42,4719.86,1212,23,0
1778572200,4719.86,4720.56,4712.79,4713.51,1579,23,0
1778572500,4713.51,4716.92,4711.11,4714.18,1545,23,0
1778572800,4714.16,4718.56,4710.96,4718.43,1630,23,0
1778573100,4718.43,4718.66,4709.56,4711.10,1674,23,0
1778573400,4711.08,4712.63,4708.75,4712.37,1548,23,0
1778573700,4712.33,4715.94,4712.33,4713.46,1511,23,0
1778574000,4713.46,4716.91,4713.46,4714.27,1405,23,0
1778574300,4714.27,4715.67,4713.18,4715.30,1145,23,0
1778574600,4715.31,4722.10,4713.07,4715.00,1953,23,0
1778574900,4715.00,4716.82,4713.22,4716.30,1958,23,0
1778575200,4716.30,4716.74,4714.02,4715.41,1815,23,0
1778575500,4715.39,4716.46,4713.25,4713.80,1758,23,0
1778575800,4713.82,4716.10,4712.08,4713.82,1836,23,0
1778576100,4713.82,4719.86,4710.10,4714.32,1941,23,0
1778576400,4714.32,4714.40,4704.13,4706.91,2283,23,0
1778576700,4706.73,4709.38,4702.83,4704.63,2079,23,0
1778577000,4704.63,4706.37,4703.09,4705.20,1859,23,0
1778577300,4705.17,4706.96,4700.33,4704.69,1852,23,0
1778577600,4704.70,4705.29,4697.49,4698.38,1884,23,0
1778577900,4698.51,4699.35,4695.24,4696.03,1853,23,0
1778578200,4696.03,4703.65,4695.36,4702.74,1915,23,0
1778578500,4702.86,4704.77,4699.14,4701.05,1751,23,0
1778578800,4700.92,4702.68,4697.35,4702.38,1768,23,0
1778579100,4702.46,4704.34,4696.07,4696.78,1760,23,0
1778579400,4696.79,4699.81,4695.50,4699.06,2074,23,0
1778579700,4699.06,4699.57,4694.55,4697.09,2070,23,0
1778580000,4696.97,4698.27,4689.77,4691.24,2135,23,0
1778580300,4691.25,4695.13,4687.41,4695.01,1853,23,0
1778580600,4694.97,4697.86,4692.22,4695.92,1771,23,0
1778580900,4695.92,4699.58,4693.91,4699.15,1709,23,0
1778581200,4699.20,4699.44,4696.67,4697.16,1560,23,0
1778581500,4697.09,4698.92,4696.30,4697.83,1306,23,0
1778581800,4697.84,4699.72,4695.56,4699.70,1405,23,0
1778582100,4699.70,4700.52,4696.87,4700.24,1282,23,0
1778582400,4700.24,4702.40,4699.11,4700.33,1394,23,0
1778582700,4700.34,4700.49,4697.66,4699.72,1354,23,0
1778583000,4699.72,4702.76,4698.15,4701.50,1504,23,0
1778583300,4701.50,4703.80,4698.95,4699.83,1431,23,0
1778583600,4699.84,4706.77,4699.84,4704.76,1695,23,0
1778583900,4704.76,4705.79,4701.77,4703.24,1371,23,0
1778584200,4703.25,4703.67,4699.18,4699.25,1430,23,0
1778584500,4699.47,4700.53,4697.10,4699.25,1493,23,0
1778584800,4699.21,4704.10,4699.18,4701.81,1272,23,0
1778585100,4701.81,4704.07,4701.48,4702.95,1188,23,0
1778585400,4702.92,4704.45,4701.12,4701.23,1387,23,0
1778585700,4701.23,4701.60,4698.06,4700.40,1442,23,0
1778586000,4700.41,4700.98,4698.44,4700.03,1363,23,0
1778586300,4700.03,4706.62,4698.92,4703.57,1717,23,0
1778586600,4703.56,4705.48,4702.81,4703.47,1335,23,0
1778586900,4703.47,4704.44,4702.40,4703.32,1111,23,0
1778587200,4703.39,4703.41,4699.67,4701.46,1403,23,0
1778587500,4701.46,4701.64,4698.81,4699.39,1409,23,0
1778587800,4699.39,4701.50,4697.91,4697.98,1397,23,0
1778588100,4697.98,4700.65,4697.93,4698.76,1344,23,0
1778588400,4698.76,4702.24,4697.87,4701.55,1252,23,0
1778588700,4701.55,4702.34,4697.51,4699.53,1360,23,0
1778589000,4699.66,4705.23,4699.60,4702.20,1750,23,0
1778589300,4702.20,4702.65,4698.41,4701.90,1477,23,0
1778589600,4701.92,4702.50,4694.40,4695.25,1535,23,0
1778589900,4695.25,4701.09,4694.24,4700.58,1515,23,0
1778590200,4700.58,4701.59,4696.17,4697.12,1263,23,0
1778590500,4697.05,4700.02,4696.43,4699.46,1347,23,0
1778590800,4699.46,4704.10,4698.81,4703.52,1266,23,0
1778591100,4703.52,4708.11,4702.60,4707.75,1394,23,0
1778591400,4707.77,4708.45,4704.39,4704.99,1342,23,0
1778591700,4704.99,4705.32,4698.93,4700.98,1392,23,0
1778592000,4700.98,4703.33,4699.70,4701.27,1317,23,0
1778592300,4701.27,4702.95,4699.35,4700.16,1230,23,0
1778592600,4700.16,4700.28,4692.27,4695.38,1770,23,0
1778592900,4695.38,4695.79,4685.58,4686.58,1669,23,0
1778593200,4686.54,4692.31,4685.18,4690.68,1762,23,0
1778593500,4690.68,4692.21,4689.81,4691.33,1625,23,0
1778593800,4691.30,4694.03,4690.40,4692.83,1420,23,0
1778594100,4692.83,4694.36,4691.26,4694.36,1475,23,0
1778594400,4694.35,4695.18,4689.71,4691.11,1803,23,0
1778594700,4691.11,4692.95,4687.21,4692.01,1854,23,0
1778595000,4692.01,4698.10,4689.60,4691.68,1890,23,0
1778595300,4691.66,4697.99,4691.60,4697.90,1598,23,0
1778595600,4697.89,4697.89,4693.05,4693.82,1441,23,0
1778595900,4693.85,4700.21,4692.85,4700.09,1450,23,0
1778596200,4700.08,4702.08,4697.81,4698.66,1524,23,0
1778596500,4698.67,4704.70,4698.51,4704.37,1558,23,0
1778596800,4704.41,4706.05,4702.71,4704.28,1584,23,0
1778597100,4704.26,4707.10,4702.45,4705.56,1515,23,0
1778597400,4705.55,4707.92,4704.31,4707.36,1594,23,0
1778597700,4707.35,4709.15,4706.32,4706.57,1578,23,0
1778598000,4706.61,4708.17,4703.60,4704.45,1654,23,0
1778598300,4704.45,4704.68,4698.37,4700.63,1968,23,0
1778598600,4700.61,4706.25,4699.93,4705.74,1640,23,0
1778598900,4705.70,4708.18,4702.48,4704.73,1870,23,0
1778599200,4704.75,4708.30,4697.03,4697.04,1887,23,0
1778599500,4696.96,4698.68,4695.11,4697.17,1569,23,0
1778599800,4697.17,4700.08,4689.68,4692.94,2415,23,0
1778600100,4692.71,4702.64,4690.81,4701.69,2216,23,0
1778600400,4701.65,4708.55,4701.06,4702.78,2242,23,0
1778600700,4702.78,4710.89,4702.62,4707.19,2125,23,0
1778601000,4707.22,4711.55,4706.74,4709.34,2060,23,0
1778601300,4709.31,4710.29,4700.43,4705.72,1976,23,0
1778601600,4705.73,4708.94,4695.11,4696.28,2348,23,0
1778601900,4696.24,4697.40,4692.56,4695.45,2165,23,0
1778602200,4695.43,4695.82,4687.42,4688.92,2128,23,0
1778602500,4688.95,4689.12,4679.54,4685.66,2425,23,0
1778602800,4685.64,4695.34,4685.50,4690.98,2092,23,0
1778603100,4690.97,4694.82,4689.22,4690.86,2097,23,0
1778603400,4690.85,4692.98,4684.88,4688.51,2540,23,0
1778603700,4688.52,4698.24,4683.59,4698.06,2528,23,0
1778604000,4698.09,4701.64,4695.82,4699.19,2461,23,0
1778604300,4699.19,4701.42,4690.02,4692.59,2564,23,0
1778604600,4692.59,4693.87,4688.05,4691.32,2466,23,0
1778604900,4691.37,4691.37,4676.98,4678.70,2486,23,0
1778605200,4679.19,4692.62,4676.11,4690.55,2566,23,0
1778605500,4690.55,4693.00,4687.63,4691.47,2421,23,0
1778605800,4691.47,4695.09,4686.72,4692.83,2293,23,0
1778606100,4692.87,4694.14,4686.03,4688.57,2314,23,0
1778606400,4688.40,4691.04,4686.81,4687.47,2262,23,0
1778606700,4687.47,4688.80,4682.42,4683.18,2289,23,0
1778607000,4683.19,4685.29,4671.63,4684.73,2482,23,0
1778607300,4684.74,4687.92,4679.05,4687.03,2409,23,0
1778607600,4687.02,4687.14,4683.98,4685.84,2276,23,0
1778607900,4685.82,4685.82,4678.24,4678.52,2255,23,0
1778608200,4678.52,4678.92,4671.13,4676.96,2461,23,0
1778608500,4676.96,4677.94,4669.78,4672.87,2397,23,0
1778608800,4672.87,4676.13,4667.14,4669.34,2401,23,0
1778609100,4669.29,4674.34,4667.42,4672.87,2390,23,0
1778609400,4672.83,4672.85,4664.34,4664.50,2290,23,0
1778609700,4664.49,4666.14,4659.16,4662.29,2440,23,0
1778610000,4662.28,4662.53,4638.66,4642.86,2623,23,0
1778610300,4642.91,4656.70,4638.34,4655.96,2559,23,0
1778610600,4655.98,4664.16,4653.95,4662.84,2442,23,0
1778610900,4662.91,4668.03,4659.47,4667.08,2219,23,0
1778611200,4667.11,4667.82,4663.58,4665.60,2077,23,0
1778611500,4665.60,4669.23,4664.44,4666.17,2130,23,0
1778611800,4666.12,4668.82,4664.56,4668.06,2108,23,0
1778612100,4668.01,4670.12,4665.35,4666.10,2018,23,0
1778612400,4666.03,4671.57,4664.14,4670.87,2110,23,0
1778612700,4670.86,4671.51,4668.44,4669.02,2023,23,0
1778613000,4669.02,4673.11,4668.39,4671.87,1741,23,0
1778613300,4671.86,4675.04,4670.86,4671.72,1854,23,0
1778613600,4671.72,4672.97,4666.83,4667.47,1867,23,0
1778613900,4667.46,4669.62,4666.30,4668.25,1752,23,0
1778614200,4668.25,4668.83,4665.01,4668.42,1924,23,0
1778614500,4668.42,4670.60,4667.48,4670.41,1876,23,0
1778614800,4670.40,4671.61,4668.30,4669.81,1809,23,0
1778615100,4669.78,4670.36,4666.79,4669.91,1807,23,0
1778615400,4669.86,4672.22,4668.41,4670.20,1832,23,0
1778615700,4670.21,4674.31,4669.60,4671.15,1888,23,0
1778616000,4671.14,4677.59,4671.13,4676.23,1759,23,0
1778616300,4676.21,4679.62,4675.84,4678.33,1807,23,0
1778616600,4678.34,4679.00,4674.97,4677.19,1768,23,0
1778616900,4677.20,4680.94,4677.05,4680.10,1843,23,0
1778617200,4680.10,4681.16,4679.36,4680.45,1849,23,0
1778617500,4680.42,4682.40,4678.74,4679.37,1714,23,0
1778617800,4679.32,4680.16,4676.76,4678.72,1657,23,0
1778618100,4678.73,4679.00,4676.06,4678.91,1697,23,0
1778618400,4678.91,4680.65,4677.32,4679.69,1502,23,0
1778618700,4679.69,4679.98,4677.95,4678.49,1488,23,0
1778619000,4678.50,4679.96,4677.76,4679.58,1487,23,0
1778619300,4679.56,4680.50,4678.02,4678.86,1354,23,0
1778619600,4678.82,4683.57,4678.01,4678.73,1708,23,0
1778619900,4678.76,4680.27,4676.25,4680.15,1899,23,0
1778620200,4680.12,4681.71,4678.11,4681.30,1678,23,0
1778620500,4681.31,4682.62,4679.95,4682.33,1723,23,0
1778620800,4682.33,4684.58,4682.09,4682.48,1621,23,0
1778621100,4682.50,4687.63,4682.50,4685.27,1826,23,0
1778621400,4685.25,4690.40,4684.77,4690.20,1692,23,0
1778621700,4690.19,4693.13,4689.32,4691.47,1608,23,0
1778622000,4691.32,4697.49,4690.89,4695.21,1990,23,0
1778622300,4695.21,4695.69,4690.65,4691.42,2000,23,0
1778622600,4691.39,4698.12,4691.38,4696.90,1649,23,0
1778622900,4696.90,4697.67,4695.38,4695.94,1741,23,0
1778623200,4695.94,4699.34,4695.94,4697.08,1648,23,0
1778623500,4697.08,4700.00,4696.30,4698.78,1523,23,0
1778623800,4698.77,4702.47,4698.20,4699.97,1701,23,0
1778624100,4699.97,4702.54,4699.07,4702.09,1735,23,0
1778624400,4702.09,4703.79,4700.11,4702.94,1568,23,0
1778624700,4702.96,4704.50,4702.70,4703.47,1341,23,0
1778625000,4703.49,4709.27,4703.49,4708.89,1625,23,0
1778625300,4708.86,4710.41,4708.26,4708.39,1553,23,0
1778625600,4708.27,4709.91,4707.22,4709.36,1569,23,0
1778625900,4709.38,4710.77,4709.11,4709.75,1326,23,0
1778626200,4709.73,4713.73,4709.56,4712.58,1771,23,0
1778626500,4712.59,4715.64,4712.26,4715.62,1996,23,0
1778626800,4715.64,4719.30,4713.15,4713.72,1441,23,0
1778627100,4713.61,4714.97,4712.18,4713.96,1118,23,0
1778627400,4713.96,4714.75,4712.35,4713.42,964,23,0
1778627700,4713.43,4716.22,4713.39,4713.75,823,23,0
1778628000,4713.75,4713.99,4712.50,4713.93,990,23,0
1778628300,4713.93,4714.30,4712.75,4713.22,786,23,0
1778628600,4713.22,4714.88,4713.00,4713.79,682,23,0
1778628900,4713.79,4715.15,4712.78,4714.16,728,28,0
1778629200,4714.16,4715.48,4712.20,4714.73,774,28,0
1778629500,4714.73,4715.62,4713.13,4715.31,849,28,0
1778629800,4715.32,4715.76,4713.24,4713.45,814,28,0
1778630100,4713.51,4715.03,4713.26,4715.03,506,28,0
1778634000,4715.92,4721.36,4714.85,4720.17,1243,28,0
1778634300,4720.17,4720.31,4712.79,4714.09,1053,28,0
1778634600,4713.95,4715.38,4712.50,4714.74,1034,28,0
1778634900,4714.74,4716.93,4713.70,4716.93,1012,28,0
1778635200,4716.93,4719.31,4715.50,4716.23,1041,28,0
1778635500,4716.23,4717.61,4714.88,4717.11,683,28,0
1778635800,4717.12,4720.50,4716.28,4718.73,834,23,0
1778636100,4718.73,4719.80,4716.42,4718.15,818,23,0
1778636400,4718.18,4718.81,4715.54,4716.42,817,23,0
1778636700,4716.42,4718.20,4716.40,4717.11,626,23,0
1778637000,4717.14,4722.44,4716.91,4721.15,1149,23,0
1778637300,4721.05,4721.24,4716.90,4716.98,894,23,0
1778637600,4716.98,4720.97,4715.94,4720.41,1261,23,0
1778637900,4720.41,4723.22,4717.93,4720.13,1262,23,0
1778638200,4720.17,4721.76,4717.25,4717.69,1234,23,0
1778638500,4717.69,4720.32,4717.42,4717.43,1024,23,0
1778638800,4717.43,4722.70,4717.43,4722.66,1154,23,0
1778639100,4722.66,4723.88,4719.17,4720.24,1295,23,0
1778639400,4720.24,4721.57,4718.78,4719.03,1292,23,0
1778639700,4719.03,4721.68,4716.24,4720.48,1299,23,0
1778640000,4720.48,4721.32,4717.68,4721.20,1040,23,0
1778640300,4721.18,4723.48,4715.32,4715.96,1755,23,0
1778640600,4716.01,4719.80,4715.58,4717.58,1473,23,0
1778640900,4717.61,4718.57,4715.71,4716.98,1216,23,0
1778641200,4716.95,4725.31,4714.96,4724.70,1898,20,0
1778641500,4724.71,4726.80,4720.71,4721.21,1950,23,0
1778641800,4721.20,4724.13,4720.20,4720.34,1779,23,0
1778642100,4720.34,4725.47,4720.16,4724.55,1851,23,0
1778642400,4724.50,4726.25,4723.36,4724.73,1818,23,0
1778642700,4724.80,4725.14,4720.65,4722.57,1463,23,0
1778643000,4722.57,4723.97,4719.50,4720.39,1612,23,0
1778643300,4720.39,4722.40,4717.05,4722.27,1612,23,0
1778643600,4722.27,4725.23,4720.00,4720.45,1579,23,0
1778643900,4720.43,4720.43,4716.61,4716.92,1498,23,0
1778644200,4716.92,4720.21,4715.17,4716.89,1477,23,0
1778644500,4716.83,4718.32,4714.12,4714.50,1663,23,0
1778644800,4714.50,4717.03,4707.74,4711.74,2450,23,0
1778645100,4711.72,4713.37,4707.44,4712.76,2027,23,0
1778645400,4713.28,4716.25,4709.39,4709.58,1975,23,0
1778645700,4709.58,4710.69,4704.88,4706.54,2039,23,0
1778646000,4706.54,4709.97,4705.01,4707.59,1899,23,0
1778646300,4707.55,4707.94,4702.88,4704.49,1770,23,0
1778646600,4704.49,4705.54,4702.75,4704.89,1994,23,0
1778646900,4704.90,4706.85,4701.74,4705.89,1960,23,0
1778647200,4705.85,4710.48,4704.41,4708.89,1760,23,0
1778647500,4708.89,4710.73,4706.73,4709.95,1712,23,0
1778647800,4709.95,4710.10,4706.00,4706.29,1578,23,0
1778648100,4706.27,4706.62,4701.13,4702.50,1717,23,0
1778648400,4702.50,4707.59,4701.76,4706.46,1642,23,0
1778648700,4706.41,4706.97,4699.05,4699.57,1791,23,0
1778649000,4699.57,4703.66,4699.41,4701.58,1544,23,0
1778649300,4701.58,4703.53,4698.98,4702.91,1243,23,0
1778649600,4702.91,4704.05,4701.22,4703.20,1138,23,0
1778649900,4703.20,4703.95,4698.25,4700.22,1298,23,0
1778650200,4700.31,4700.41,4695.78,4696.21,1891,23,0
1778650500,4696.21,4698.55,4694.86,4694.94,1687,23,0
1778650800,4694.95,4697.73,4694.05,4694.46,1763,23,0
1778651100,4694.45,4696.55,4692.89,4696.55,1830,23,0
1778651400,4696.55,4697.08,4689.01,4689.07,1865,23,0
1778651700,4689.05,4693.53,4687.62,4691.82,1835,23,0
1778652000,4691.79,4693.67,4688.88,4692.80,1797,23,0
1778652300,4692.82,4693.46,4689.02,4689.48,1435,23,0
1778652600,4689.50,4694.43,4689.08,4692.34,1514,23,0
1778652900,4692.31,4694.37,4691.15,4694.02,1308,23,0
1778653200,4694.02,4696.09,4693.97,4695.16,1323,23,0
1778653500,4695.16,4700.71,4695.08,4700.63,1238,23,0
1778653800,4700.63,4704.24,4700.21,4703.60,1335,23,0
1778654100,4703.60,4705.88,4703.05,4704.21,1156,23,0
1778654400,4704.21,4705.33,4703.33,4703.93,872,23,0
1778654700,4703.93,4704.80,4702.23,4702.54,1199,23,0
1778655000,4702.45,4702.60,4696.87,4697.32,1187,23,0
1778655300,4697.31,4697.72,4694.30,4695.99,1200,23,0
1778655600,4695.99,4698.08,4695.47,4697.50,1122,23,0
1778655900,4697.50,4698.90,4695.68,4696.59,1137,23,0
1778656200,4696.61,4698.49,4695.86,4698.32,1058,23,0
1778656500,4698.32,4702.54,4698.04,4702.16,972,23,0
1778656800,4702.17,4703.38,4701.03,4701.39,983,23,0
1778657100,4701.39,4701.70,4700.11,4701.33,844,23,0
1778657400,4701.33,4703.30,4700.20,4700.32,868,23,0
1778657700,4700.32,4702.38,4697.75,4702.38,1140,23,0
1778658000,4702.24,4702.24,4697.33,4698.64,882,23,0
1778658300,4698.66,4701.37,4698.33,4701.33,831,23,0
1778658600,4701.33,4701.69,4699.19,4701.51,1086,23,0
1778658900,4701.53,4701.78,4698.41,4699.58,1157,23,0
1778659200,4699.59,4706.50,4698.43,4706.47,1388,23,0
1778659500,4706.47,4707.00,4703.56,4704.43,1237,23,0
1778659800,4704.43,4707.29,4704.02,4705.39,1185,23,0
1778660100,4705.39,4705.65,4700.84,4701.23,1254,23,0
1778660400,4701.23,4703.72,4698.77,4699.41,1268,23,0
1778660700,4699.41,4700.04,4697.88,4698.06,1238,23,0
1778661000,4698.03,4702.61,4693.70,4700.48,2028,23,0
1778661300,4700.48,4702.26,4699.26,4701.11,1758,23,0
1778661600,4701.11,4702.35,4696.39,4696.78,1818,23,0
1778661900,4696.76,4699.91,4696.76,4698.42,1581,23,0
1778662200,4698.42,4701.23,4696.34,4699.35,1617,23,0
1778662500,4699.36,4705.35,4699.33,4703.96,1650,23,0
1778662800,4704.00,4710.08,4703.36,4709.67,1801,23,0
1778663100,4709.67,4712.73,4707.51,4710.53,1731,23,0
1778663400,4710.54,4711.91,4708.86,4710.72,1614,23,0
1778663700,4710.72,4715.39,4710.71,4712.91,1589,23,0
1778664000,4712.92,4713.03,4707.63,4708.60,1706,23,0
1778664300,4708.59,4710.21,4706.89,4708.70,1568,23,0
1778664600,4708.70,4711.26,4707.77,4710.06,1618,23,0
1778664900,4710.06,4712.92,4709.28,4711.79,1553,23,0
1778665200,4711.80,4713.69,4710.75,4711.42,1608,23,0
1778665500,4711.42,4712.24,4707.37,4708.61,1510,23,0
1778665800,4708.61,4708.77,4702.71,4702.75,1704,23,0
1778666100,4702.55,4703.87,4699.14,4701.52,1764,23,0
1778666400,4701.64,4705.45,4700.05,4700.32,1855,23,0
1778666700,4700.87,4702.44,4696.67,4698.60,1723,23,0
1778667000,4698.60,4703.60,4697.55,4702.29,1578,23,0
1778667300,4702.26,4707.17,4702.21,4706.00,1509,23,0
1778667600,4705.96,4708.43,4704.36,4705.20,1381,23,0
1778667900,4705.19,4708.75,4705.18,4707.57,1340,23,0
1778668200,4707.56,4707.84,4704.72,4706.27,1239,23,0
1778668500,4706.28,4707.70,4703.06,4703.45,1250,23,0
1778668800,4703.44,4705.23,4703.28,4703.65,1237,23,0
1778669100,4703.64,4704.63,4701.32,4703.55,1261,23,0
1778669400,4703.55,4704.26,4701.45,4702.65,1500,23,0
1778669700,4702.64,4704.09,4701.91,4702.82,1302,23,0
1778670000,4702.82,4704.27,4700.81,4701.17,1561,23,0
1778670300,4701.16,4701.85,4698.51,4700.43,1554,23,0
1778670600,4700.42,4701.83,4699.18,4700.17,1443,23,0
1778670900,4700.18,4701.09,4698.25,4699.05,1451,23,0
1778671200,4699.04,4700.76,4698.75,4699.03,1302,23,0
1778671500,4699.01,4699.57,4694.75,4697.06,1466,23,0
1778671800,4697.06,4698.13,4694.47,4698.05,1216,23,0
1778672100,4698.05,4699.83,4697.20,4698.30,1195,23,0
1778672400,4698.30,4698.98,4695.16,4695.96,1254,23,0
1778672700,4695.96,4698.60,4694.78,4697.88,1454,23,0
1778673000,4697.88,4700.70,4697.19,4700.63,1275,23,0
1778673300,4700.63,4702.80,4699.31,4700.61,1309,23,0
1778673600,4700.60,4701.75,4698.18,4700.57,1501,23,0
1778673900,4700.57,4700.62,4697.85,4698.38,1359,23,0
1778674200,4698.37,4699.25,4693.60,4694.52,1390,23,0
1778674500,4694.52,4695.21,4690.22,4690.65,1437,23,0
1778674800,4690.72,4692.20,4685.98,4686.76,1553,23,0
1778675100,4686.76,4692.16,4686.45,4688.86,1613,23,0
1778675400,4688.86,4691.75,4686.04,4688.60,1832,23,0
1778675700,4688.42,4692.81,4688.19,4690.94,1534,23,0
1778676000,4690.91,4694.43,4690.25,4694.17,1286,23,0
1778676300,4694.10,4696.92,4693.16,4696.84,1187,23,0
1778676600,4696.83,4698.19,4696.43,4698.05,1346,23,0
1778676900,4698.08,4701.01,4697.96,4700.89,1311,23,0
1778677200,4700.89,4701.53,4698.73,4698.94,1372,23,0
1778677500,4698.99,4710.48,4698.85,4708.74,1517,23,0
1778677800,4708.75,4709.10,4701.68,4702.32,1985,23,0
1778678100,4702.29,4703.21,4700.23,4700.61,1506,23,0
1778678400,4700.60,4705.89,4700.37,4703.33,1504,23,0
1778678700,4703.33,4703.46,4698.78,4699.64,1476,23,0
1778679000,4699.61,4699.87,4695.37,4696.22,1491,23,0
1778679300,4696.21,4697.48,4695.27,4695.95,1296,23,0
1778679600,4695.95,4697.29,4694.03,4695.67,1451,23,0
1778679900,4695.67,4696.49,4693.97,4695.38,1399,23,0
1778680200,4695.39,4696.67,4694.19,4695.03,1273,23,0
1778680500,4694.98,4696.66,4693.69,4694.12,1427,23,0
1778680800,4694.11,4695.52,4691.59,4693.16,1687,23,0
1778681100,4693.16,4695.09,4691.56,4694.31,1538,23,0
1778681400,4694.30,4699.20,4694.28,4699.08,1453,23,0
1778681700,4699.08,4700.52,4695.89,4698.00,1716,23,0
1778682000,4697.99,4700.56,4697.26,4698.55,1531,23,0
1778682300,4698.51,4699.68,4697.14,4698.48,1305,23,0
1778682600,4698.48,4703.11,4698.18,4701.96,1729,23,0
1778682900,4702.06,4705.29,4702.06,4704.88,1712,23,0
1778683200,4704.88,4704.92,4701.02,4703.39,1589,23,0
1778683500,4703.39,4705.38,4702.33,4702.33,1538,23,0
1778683800,4702.34,4702.34,4700.12,4701.14,1434,23,0
1778684100,4701.11,4701.11,4697.38,4697.38,1509,23,0
1778684400,4697.39,4700.08,4694.89,4699.51,1892,23,0
1778684700,4699.53,4701.60,4697.83,4699.17,1495,23,0
1778685000,4699.17,4699.20,4693.50,4694.03,1650,23,0
1778685300,4694.03,4694.21,4689.32,4691.95,1836,23,0
1778685600,4691.68,4693.30,4684.90,4687.71,2187,23,0
1778685900,4687.66,4688.83,4683.25,4684.72,1912,23,0
1778686200,4684.82,4687.50,4676.30,4682.39,2549,23,0
1778686500,4682.42,4685.94,4677.29,4678.87,2418,23,0
1778686800,4678.99,4683.77,4677.67,4682.92,2171,23,0
1778687100,4682.91,4684.00,4677.57,4680.36,2158,23,0
1778687400,4680.37,4685.44,4680.04,4681.60,2060,23,0
1778687700,4681.60,4685.46,4678.67,4683.83,2043,23,0
1778688000,4683.83,4690.51,4683.65,4687.90,2237,23,0
1778688300,4687.88,4689.46,4685.46,4686.56,2090,23,0
1778688600,4686.56,4691.12,4685.35,4689.92,1892,23,0
1778688900,4689.91,4692.11,4686.48,4692.06,1919,23,0
1778689200,4692.05,4694.62,4690.31,4693.97,1856,23,0
1778689500,4694.00,4694.39,4688.20,4688.69,2016,23,0
1778689800,4688.66,4690.78,4682.40,4683.87,2472,23,0
1778690100,4683.92,4684.09,4673.12,4674.23,2550,23,0
1778690400,4674.25,4683.50,4673.49,4678.71,2501,23,0
1778690700,4678.69,4678.98,4669.43,4672.67,2521,23,0
1778691000,4672.67,4682.80,4670.11,4682.80,2493,23,0
1778691300,4682.80,4683.27,4677.55,4679.39,2430,23,0
1778691600,4679.35,4680.46,4672.90,4676.70,2472,23,0
1778691900,4676.67,4680.85,4674.03,4677.75,2467,23,0
1778692200,4677.74,4683.23,4677.05,4681.30,2364,23,0
1778692500,4681.30,4682.30,4673.58,4674.04,2288,23,0
1778692800,4674.02,4682.13,4673.54,4681.78,2213,23,0
1778693100,4681.75,4685.45,4681.18,4684.26,2096,23,0
1778693400,4684.26,4690.41,4683.15,4689.99,2236,23,0
1778693700,4689.99,4690.95,4684.94,4686.40,2262,23,0
1778694000,4686.40,4688.56,4683.62,4683.82,2200,23,0
1778694300,4683.79,4684.97,4677.24,4681.57,2404,23,0
1778694600,4681.57,4682.41,4678.18,4681.08,2207,23,0
1778694900,4681.08,4683.31,4678.86,4679.74,2163,23,0
1778695200,4679.75,4686.12,4678.95,4684.27,2117,23,0
1778695500,4684.28,4688.86,4681.97,4688.41,2103,23,0
1778695800,4688.40,4690.80,4686.13,4687.52,2071,23,0
1778696100,4687.56,4687.92,4685.44,4687.16,1971,23,0
1778696400,4687.16,4690.04,4685.31,4688.05,1925,23,0
1778696700,4688.05,4691.74,4687.55,4691.21,2053,23,0
1778697000,4691.20,4695.79,4686.97,4695.34,2094,23,0
1778697300,4695.36,4699.15,4694.52,4698.85,2087,23,0
1778697600,4698.92,4699.83,4697.10,4699.31,2055,23,0
1778697900,4699.31,4699.58,4696.44,4698.44,1939,23,0
1778698200,4698.45,4698.60,4694.70,4695.74,1911,23,0
1778698500,4695.74,4698.06,4694.57,4695.45,1873,23,0
1778698800,4695.46,4699.43,4695.13,4697.73,1997,23,0
1778699100,4697.73,4701.80,4696.54,4700.94,1850,23,0
1778699400,4700.94,4702.88,4699.21,4702.10,1758,23,0
1778699700,4702.10,4703.70,4698.68,4699.59,1801,23,0
1778700000,4699.60,4709.63,4698.74,4705.80,1883,23,0
1778700300,4705.86,4709.90,4703.72,4706.93,2170,23,0
1778700600,4706.87,4707.69,4702.36,4704.05,2112,23,0
1778700900,4704.07,4704.27,4701.72,4702.91,1674,23,0
1778701200,4702.91,4703.10,4699.73,4700.01,1853,23,0
1778701500,4699.96,4701.50,4698.61,4699.63,1787,23,0
1778701800,4699.63,4699.66,4695.36,4696.40,1800,23,0
1778702100,4696.34,4697.69,4695.11,4695.66,1604,23,0
1778702400,4695.67,4699.36,4695.67,4696.77,1665,23,0
1778702700,4696.79,4699.84,4696.38,4699.53,1636,23,0
1778703000,4699.53,4701.00,4698.53,4699.74,1431,23,0
1778703300,4699.73,4699.82,4696.91,4699.78,1516,23,0
1778703600,4699.78,4701.25,4697.16,4697.60,1447,23,0
1778703900,4697.60,4700.07,4696.67,4698.38,1907,23,0
1778704200,4698.39,4698.46,4690.30,4690.39,1866,23,0
1778704500,4690.40,4692.80,4690.14,4691.05,1890,23,0
1778704800,4691.06,4693.56,4690.82,4691.15,1671,23,0
1778705100,4691.16,4694.43,4690.40,4691.27,1637,23,0
1778705400,4691.27,4692.35,4688.39,4688.86,1632,23,0
1778705700,4688.86,4689.72,4684.54,4685.56,1761,23,0
1778706000,4685.57,4689.43,4684.39,4687.88,1839,23,0
1778706300,4687.85,4691.42,4687.73,4690.68,1440,23,0
1778706600,4690.67,4692.70,4690.47,4692.43,1351,23,0
1778706900,4692.43,4694.02,4690.33,4690.77,1607,23,0
1778707200,4690.76,4691.03,4688.81,4690.33,1540,23,0
1778707500,4690.34,4692.10,4690.13,4691.96,1514,23,0
1778707800,4691.95,4692.72,4690.22,4691.23,1352,23,0
1778708100,4691.21,4691.27,4687.23,4690.04,1615,23,0
1778708400,4690.04,4691.29,4685.79,4686.11,1511,23,0
1778708700,4686.11,4687.59,4677.65,4679.38,1969,23,0
1778709000,4679.38,4687.35,4679.38,4686.99,1762,23,0
1778709300,4687.00,4687.42,4684.39,4684.92,1566,23,0
1778709600,4684.93,4685.99,4683.86,4684.17,1495,23,0
1778709900,4684.18,4686.63,4683.34,4686.51,1216,23,0
1778710200,4686.51,4689.11,4685.58,4689.06,1282,23,0
1778710500,4689.06,4690.50,4687.02,4688.07,1343,23,0
1778710800,4688.07,4690.12,4687.45,4688.00,1447,23,0
1778711100,4688.01,4688.54,4686.60,4687.17,1480,23,0
1778711400,4687.16,4688.59,4684.56,4685.23,1387,23,0
1778711700,4685.20,4689.08,4684.69,4688.89,1344,23,0
1778712000,4688.88,4688.90,4687.28,4688.47,1227,23,0
1778712300,4688.48,4689.40,4687.45,4689.25,1332,23,0
1778712600,4689.24,4689.24,4683.64,4685.68,1993,23,0
1778712900,4685.68,4688.97,4685.65,4688.23,1615,23,0
1778713200,4688.23,4688.55,4685.99,4686.80,1085,23,0
1778713500,4686.81,4689.18,4686.81,4689.08,937,23,0
1778713800,4689.06,4691.00,4689.06,4690.89,719,23,0
1778714100,4690.89,4691.11,4690.26,4690.99,857,23,0
1778714400,4690.99,4693.27,4690.73,4692.78,767,23,0
1778714700,4692.78,4693.42,4691.22,4691.31,761,23,0
1778715000,4691.27,4692.79,4689.20,4689.72,750,28,0
1778715300,4689.72,4691.36,4689.43,4691.33,689,28,0
1778715600,4691.33,4691.70,4689.85,4690.66,666,28,0
1778715900,4690.66,4691.01,4688.60,4688.92,690,28,0
1778716200,4688.92,4689.34,4687.86,4688.10,697,28,0
1778716500,4688.09,4689.03,4688.03,4688.63,454,28,0
1778720400,4691.91,4694.29,4690.43,4693.42,1192,28,0
1778720700,4693.43,4693.73,4689.72,4689.97,819,28,0
1778721000,4689.92,4691.45,4688.94,4691.13,807,28,0
1778721300,4691.13,4695.98,4690.93,4694.66,1079,28,0
1778721600,4694.64,4696.28,4694.21,4695.70,731,28,0
1778721900,4695.70,4697.28,4695.59,4697.00,701,28,0
1778722200,4697.02,4698.72,4695.65,4697.07,845,23,0
1778722500,4697.12,4699.12,4696.57,4698.35,948,23,0
1778722800,4698.35,4700.35,4698.03,4699.08,827,23,0
1778723100,4699.08,4699.64,4696.69,4697.73,935,23,0
1778723400,4697.72,4700.57,4697.52,4700.14,715,23,0
1778723700,4700.13,4700.54,4699.36,4700.12,559,23,0
1778724000,4700.11,4701.02,4699.20,4699.21,825,23,0
1778724300,4699.22,4701.62,4699.16,4700.95,801,23,0
1778724600,4700.95,4702.14,4700.85,4701.20,713,23,0
1778724900,4701.20,4701.31,4700.38,4700.92,610,23,0
1778725200,4700.92,4701.11,4699.48,4699.67,644,23,0
1778725500,4699.66,4699.74,4696.73,4697.36,950,23,0
1778725800,4697.36,4697.50,4694.38,4695.33,958,23,0
1778726100,4695.33,4697.05,4695.10,4696.02,725,23,0
1778726400,4696.16,4697.50,4694.62,4694.81,916,23,0
1778726700,4694.81,4696.42,4693.26,4693.82,1200,23,0
1778727000,4693.83,4695.76,4693.23,4695.75,674,23,0
1778727300,4695.75,4696.85,4694.59,4696.57,970,23,0
1778727600,4696.60,4699.41,4689.52,4691.77,1645,20,0
1778727900,4691.78,4696.55,4690.89,4696.06,1713,23,0
1778728200,4696.05,4697.80,4694.18,4697.67,1365,23,0
1778728500,4697.66,4705.35,4697.52,4701.05,1740,23,0
1778728800,4701.13,4702.62,4699.67,4701.70,1608,23,0
1778729100,4701.71,4702.41,4699.56,4701.09,1630,23,0
1778729400,4701.10,4703.34,4697.23,4697.51,1646,23,0
1778729700,4697.52,4697.54,4694.37,4695.56,1516,23,0
1778730000,4695.59,4700.73,4692.95,4700.12,1427,23,0
1778730300,4700.10,4704.78,4700.07,4703.67,1545,23,0
1778730600,4703.68,4703.73,4699.42,4700.80,1334,23,0
1778730900,4700.82,4706.84,4700.68,4705.07,1412,23,0
1778731200,4705.07,4706.97,4694.49,4698.60,2503,23,0
1778731500,4698.68,4698.90,4686.55,4688.39,2447,23,0
1778731800,4688.41,4692.47,4684.31,4688.93,2405,23,0
1778732100,4688.91,4694.59,4687.43,4688.84,2288,23,0
1778732400,4688.89,4692.94,4688.35,4692.31,2103,23,0
1778732700,4692.40,4695.38,4691.49,4692.65,1918,23,0
1778733000,4692.75,4694.66,4689.62,4692.76,2246,23,0
1778733300,4692.83,4694.48,4687.02,4689.18,2083,23,0
1778733600,4689.18,4690.12,4683.66,4688.59,2204,23,0
1778733900,4688.75,4695.06,4687.05,4694.54,1968,23,0
1778734200,4694.55,4694.66,4683.58,4685.76,2024,23,0
1778734500,4685.71,4689.24,4684.04,4688.71,2321,23,0
1778734800,4688.71,4694.02,4687.20,4693.77,2080,23,0
1778735100,4693.80,4693.92,4688.91,4690.87,1857,23,0
1778735400,4690.84,4690.97,4686.56,4688.19,1837,23,0
1778735700,4688.31,4690.98,4687.08,4689.96,1391,23,0
1778736000,4689.96,4691.50,4689.60,4691.01,1346,23,0
1778736300,4691.01,4694.13,4689.99,4693.57,1449,23,0
1778736600,4693.63,4697.98,4690.99,4697.91,1929,23,0
1778736900,4697.91,4699.64,4695.07,4695.21,1740,23,0
1778737200,4695.23,4696.33,4689.54,4691.84,1872,23,0
1778737500,4691.87,4693.35,4680.68,4682.68,2149,23,0
1778737800,4682.68,4687.89,4679.98,4687.13,2096,23,0
1778738100,4687.06,4688.29,4684.89,4686.31,1900,23,0
1778738400,4686.31,4690.11,4685.39,4687.33,1886,23,0
1778738700,4687.34,4687.73,4681.98,4684.39,1986,23,0
1778739000,4684.39,4685.76,4681.43,4682.92,1985,23,0
1778739300,4682.92,4686.48,4682.75,4683.05,1703,23,0
1778739600,4683.05,4688.56,4681.59,4688.36,1973,23,0
1778739900,4688.36,4693.38,4688.32,4691.37,1777,23,0
1778740200,4691.36,4691.47,4683.31,4684.97,1649,23,0
1778740500,4685.00,4686.55,4679.26,4680.51,1439,23,0
1778740800,4680.51,4681.19,4675.81,4676.32,1649,23,0
1778741100,4676.34,4677.94,4674.55,4676.87,1597,23,0
1778741400,4676.92,4677.43,4674.42,4675.44,1317,23,0
1778741700,4675.44,4676.81,4673.95,4675.02,1351,23,0
1778742000,4675.03,4675.15,4668.70,4672.74,1671,23,0
1778742300,4672.74,4680.16,4672.27,4678.79,1619,23,0
1778742600,4678.79,4682.58,4677.11,4682.16,1453,23,0
1778742900,4682.15,4683.68,4681.84,4683.50,1336,23,0
1778743200,4683.37,4692.43,4683.34,4691.52,1234,23,0
1778743500,4691.51,4707.41,4691.38,4702.32,2124,23,0
1778743800,4702.30,4710.74,4701.37,4709.15,1747,23,0
1778744100,4709.18,4712.66,4706.53,4707.59,1673,23,0
1778744400,4707.62,4707.96,4703.22,4704.90,1246,23,0
1778744700,4704.91,4706.75,4703.12,4705.01,1342,23,0
1778745000,4705.01,4705.83,4703.58,4705.49,1229,23,0
1778745300,4705.48,4706.42,4702.43,4702.45,1324,23,0
1778745600,4702.45,4703.14,4699.81,4700.66,1579,23,0
1778745900,4700.66,4704.25,4700.51,4701.51,1484,23,0
1778746200,4701.48,4703.83,4699.88,4700.02,1329,23,0
1778746500,4700.05,4700.32,4697.41,4697.73,1270,23,0
1778746800,4697.73,4698.78,4696.95,4697.42,1384,23,0
1778747100,4697.43,4697.45,4693.35,4693.65,1422,23,0
1778747400,4693.66,4701.53,4693.38,4698.78,2159,23,0
1778747700,4698.75,4700.63,4696.72,4700.01,1857,23,0
1778748000,4700.01,4700.93,4696.74,4697.36,1800,23,0
1778748300,4697.38,4703.30,4697.26,4700.09,1992,23,0
1778748600,4700.05,4701.37,4698.13,4698.50,1826,23,0
1778748900,4698.48,4698.49,4689.21,4689.70,1863,23,0
1778749200,4689.70,4693.29,4687.41,4692.98,2092,23,0
1778749500,4692.99,4694.77,4687.39,4690.73,2010,23,0
1778749800,4690.73,4691.84,4686.15,4687.82,1804,23,0
1778750100,4687.83,4689.23,4686.39,4688.43,1749,23,0
1778750400,4688.45,4690.91,4688.05,4690.52,1693,23,0
1778750700,4690.57,4693.09,4689.92,4691.30,1707,23,0
1778751000,4691.30,4694.86,4690.61,4694.02,1624,23,0
1778751300,4694.02,4695.43,4691.38,4694.30,1547,23,0
1778751600,4694.31,4699.68,4691.57,4699.05,1639,23,0
1778751900,4699.02,4702.39,4694.85,4695.71,1971,23,0
1778752200,4695.58,4701.50,4695.39,4699.88,1727,23,0
1778752500,4699.83,4701.42,4698.35,4700.19,1825,23,0
1778752800,4700.20,4702.29,4697.26,4698.71,1797,23,0
1778753100,4698.72,4700.64,4696.10,4699.08,1672,23,0
1778753400,4699.12,4700.25,4694.50,4695.28,1756,23,0
1778753700,4695.28,4699.41,4694.88,4697.60,1711,23,0
1778754000,4697.60,4700.33,4695.20,4699.77,1589,23,0
1778754300,4699.78,4706.86,4699.27,4705.51,1662,23,0
1778754600,4705.48,4710.57,4702.97,4710.30,1778,23,0
1778754900,4710.33,4718.84,4710.25,4712.22,1992,23,0
1778755200,4712.25,4714.64,4709.04,4709.18,1703,23,0
1778755500,4709.18,4709.61,4703.31,4704.38,1447,23,0
1778755800,4704.41,4704.41,4695.21,4700.09,1742,23,0
1778756100,4700.10,4700.97,4690.81,4693.20,2056,23,0
1778756400,4693.11,4700.97,4692.06,4697.48,2001,23,0
1778756700,4697.50,4699.98,4696.30,4697.55,1608,23,0
1778757000,4697.41,4700.66,4695.51,4698.49,1593,23,0
1778757300,4699.04,4701.78,4699.00,4699.65,1525,23,0
1778757600,4699.66,4701.72,4697.89,4701.06,1698,23,0
1778757900,4701.05,4704.83,4700.76,4703.02,1729,23,0
1778758200,4703.05,4705.73,4701.68,4702.41,1601,23,0
1778758500,4702.40,4706.64,4701.71,4701.94,1689,23,0
1778758800,4701.95,4702.63,4695.61,4696.90,1711,23,0
1778759100,4696.87,4697.46,4694.43,4695.14,1658,23,0
1778759400,4695.15,4696.52,4693.46,4694.66,1423,23,0
1778759700,4694.60,4696.89,4693.00,4693.26,1444,23,0
1778760000,4693.26,4694.08,4690.31,4692.55,1561,23,0
1778760300,4692.56,4696.57,4690.93,4696.42,1477,23,0
1778760600,4696.42,4698.06,4693.09,4694.47,1484,23,0
1778760900,4694.47,4696.65,4694.02,4695.58,1419,23,0
1778761200,4695.58,4696.59,4693.27,4693.43,1258,23,0
1778761500,4693.45,4694.25,4690.70,4690.72,1459,23,0
1778761800,4690.69,4694.76,4689.13,4694.74,1520,23,0
1778762100,4694.75,4694.76,4688.41,4692.45,1914,23,0
1778762400,4692.45,4697.19,4692.01,4695.47,1551,23,0
1778762700,4695.48,4700.57,4695.48,4700.38,1575,23,0
1778763000,4700.37,4702.58,4698.35,4699.03,1453,23,0
1778763300,4699.03,4701.49,4698.41,4699.56,1570,23,0
1778763600,4699.57,4700.13,4698.54,4698.98,1377,23,0
1778763900,4699.00,4700.74,4698.12,4698.47,1272,23,0
1778764200,4698.47,4705.50,4695.97,4697.20,1826,23,0
1778764500,4697.21,4698.28,4695.18,4696.70,1687,23,0
1778764800,4696.71,4697.62,4693.89,4694.54,1523,23,0
1778765100,4694.35,4698.36,4694.15,4697.52,1618,23,0
1778765400,4697.53,4697.99,4695.42,4696.81,1218,23,0
1778765700,4696.82,4697.66,4694.68,4696.07,1370,23,0
1778766000,4696.06,4696.08,4692.21,4693.47,1574,23,0
1778766300,4693.50,4694.90,4692.02,4692.83,1409,23,0
1778766600,4692.83,4697.75,4691.20,4696.44,1560,23,0
1778766900,4696.70,4697.47,4695.41,4697.02,1551,23,0
1778767200,4697.06,4698.68,4694.84,4695.00,1633,23,0
1778767500,4695.04,4698.78,4692.83,4697.21,1494,23,0
1778767800,4697.35,4697.82,4696.12,4697.33,1333,23,0
1778768100,4697.34,4697.66,4694.68,4695.19,1264,23,0
1778768400,4695.21,4696.84,4693.29,4693.92,1303,23,0
1778768700,4693.60,4694.07,4689.30,4691.91,1624,23,0
1778769000,4691.92,4694.87,4690.80,4693.85,1575,23,0
1778769300,4693.84,4695.97,4693.02,4695.39,1306,23,0
1778769600,4695.43,4697.35,4695.01,4695.37,1370,23,0
1778769900,4695.39,4700.36,4694.98,4698.10,1506,23,0
1778770200,4698.14,4704.52,4697.86,4704.12,1703,23,0
1778770500,4704.14,4704.81,4694.34,4694.34,1971,23,0
1778770800,4694.41,4697.97,4692.33,4696.26,1948,23,0
1778771100,4696.28,4698.77,4693.96,4697.17,1561,23,0
1778771400,4697.11,4703.82,4696.82,4703.80,1746,23,0
1778771700,4703.81,4703.81,4698.87,4701.52,1563,23,0
1778772000,4701.56,4707.52,4701.50,4705.53,1882,23,0
1778772300,4705.57,4706.07,4702.53,4702.82,1502,23,0
1778772600,4703.21,4708.18,4700.79,4705.65,1978,23,0
1778772900,4705.72,4710.06,4703.52,4706.51,2116,23,0
1778773200,4706.51,4707.41,4697.91,4698.08,1719,23,0
1778773500,4698.05,4703.16,4695.95,4702.77,1862,23,0
1778773800,4702.77,4705.12,4701.83,4703.42,1614,23,0
1778774100,4703.43,4706.29,4702.85,4704.87,1566,23,0
1778774400,4704.87,4707.76,4696.12,4697.44,2399,23,0
1778774700,4697.47,4703.24,4696.71,4701.37,2041,23,0
1778775000,4701.36,4704.76,4701.08,4704.07,1831,23,0
1778775300,4704.09,4704.37,4691.67,4693.38,2144,23,0
1778775600,4693.46,4695.22,4690.06,4694.80,2219,23,0
1778775900,4694.80,4697.03,4688.00,4688.25,2115,23,0
1778776200,4688.19,4689.54,4681.76,4684.29,2572,23,0
1778776500,4684.26,4687.28,4680.56,4682.58,2458,23,0
1778776800,4682.60,4683.16,4666.78,4676.81,2624,23,0
1778777100,4676.82,4690.54,4675.79,4689.38,2614,23,0
1778777400,4689.42,4691.09,4680.54,4685.21,2461,23,0
1778777700,4685.21,4686.64,4679.13,4679.58,2381,23,0
1778778000,4679.57,4689.20,4677.64,4685.83,2563,23,0
1778778300,4685.81,4686.82,4680.87,4685.67,2417,23,0
1778778600,4685.66,4690.27,4685.26,4687.61,2241,23,0
1778778900,4687.64,4695.08,4686.99,4694.64,2221,23,0
1778779200,4694.65,4700.89,4693.67,4694.95,2340,23,0
1778779500,4694.94,4695.15,4688.43,4691.43,2308,23,0
1778779800,4691.50,4692.12,4686.98,4688.23,2039,23,0
1778780100,4688.23,4690.61,4686.07,4690.05,2130,23,0
1778780400,4689.99,4692.38,4686.21,4686.92,2156,23,0
1778780700,4686.96,4689.07,4685.07,4687.11,2173,23,0
1778781000,4687.17,4690.45,4682.92,4685.27,2209,23,0
1778781300,4685.30,4688.36,4679.22,4679.47,2278,23,0
1778781600,4679.45,4682.57,4677.09,4678.29,2270,23,0
1778781900,4678.28,4683.65,4678.06,4683.63,2083,23,0
1778782200,4683.63,4686.65,4682.16,4684.88,1915,23,0
1778782500,4684.87,4688.79,4684.41,4687.50,1919,23,0
1778782800,4687.50,4687.69,4684.11,4685.95,1910,23,0
1778783100,4685.95,4689.39,4685.50,4685.80,1806,23,0
1778783400,4685.80,4688.73,4684.72,4688.68,1841,23,0
1778783700,4688.68,4688.97,4685.15,4686.48,1950,23,0
1778784000,4686.48,4687.16,4681.03,4682.62,1849,23,0
1778784300,4682.63,4683.50,4681.06,4683.42,1680,23,0
1778784600,4683.38,4685.15,4681.30,4684.69,1733,23,0
1778784900,4684.65,4686.66,4683.46,4685.90,1638,23,0
1778785200,4685.88,4686.94,4678.22,4679.02,1995,23,0
1778785500,4678.98,4679.40,4674.60,4677.15,2093,23,0
1778785800,4677.13,4679.37,4674.14,4678.58,1951,23,0
1778786100,4678.59,4681.23,4678.45,4679.98,1669,23,0
1778786400,4679.98,4680.58,4677.01,4677.57,1763,23,0
1778786700,4677.57,4678.02,4675.35,4677.25,1925,23,0
1778787000,4677.22,4678.34,4673.74,4674.36,1927,23,0
1778787300,4674.33,4675.01,4670.33,4672.84,1979,23,0
1778787600,4672.87,4675.86,4672.64,4675.38,1781,23,0
1778787900,4675.37,4676.76,4672.63,4676.34,1773,23,0
1778788200,4676.33,4678.59,4675.34,4677.55,1548,23,0
1778788500,4677.52,4678.97,4675.19,4678.54,1622,23,0
1778788800,4678.55,4681.96,4678.55,4681.05,1801,23,0
1778789100,4681.05,4682.51,4679.90,4680.12,1737,23,0
1778789400,4680.11,4681.18,4678.47,4678.70,1815,23,0
1778789700,4678.70,4680.88,4678.27,4679.99,1786,23,0
1778790000,4680.01,4683.03,4679.40,4680.93,1871,23,0
1778790300,4680.90,4682.36,4676.82,4677.36,1847,23,0
1778790600,4677.23,4679.21,4676.41,4679.04,1795,23,0
1778790900,4679.03,4679.81,4678.40,4678.75,1715,23,0
1778791200,4678.75,4681.49,4678.75,4681.40,1414,23,0
1778791500,4681.38,4681.75,4679.86,4680.88,1312,23,0
1778791800,4680.87,4681.21,4678.02,4678.07,1417,23,0
1778792100,4678.06,4679.39,4677.77,4678.10,1371,23,0
1778792400,4678.18,4678.37,4668.75,4670.06,2099,23,0
1778792700,4670.06,4674.18,4669.05,4672.14,1851,23,0
1778793000,4672.12,4674.68,4671.64,4674.62,1663,23,0
1778793300,4674.62,4676.14,4673.94,4675.76,1440,23,0
1778793600,4675.80,4676.42,4674.14,4674.79,1371,23,0
1778793900,4674.79,4675.78,4672.93,4673.49,1430,23,0
1778794200,4673.48,4674.88,4672.61,4673.03,1190,23,0
1778794500,4673.03,4673.59,4670.28,4670.29,1267,23,0
1778794800,4670.28,4671.70,4668.36,4668.54,1303,23,0
1778795100,4668.57,4669.94,4667.01,4669.61,1384,23,0
1778795400,4669.62,4670.31,4668.20,4668.20,1246,23,0
1778795700,4668.19,4671.75,4668.01,4671.62,1196,23,0
1778796000,4671.63,4671.83,4668.32,4668.85,1321,23,0
1778796300,4668.84,4669.16,4666.91,4668.82,1153,23,0
1778796600,4668.96,4669.23,4666.89,4667.48,1252,23,0
1778796900,4667.49,4668.01,4666.86,4667.42,1183,23,0
1778797200,4667.39,4669.14,4667.10,4667.92,1253,23,0
1778797500,4667.91,4669.05,4663.17,4663.45,1213,23,0
1778797800,4663.43,4665.00,4661.43,4664.65,1573,23,0
1778798100,4664.65,4664.69,4659.16,4659.32,1575,23,0
1778798400,4659.26,4660.55,4655.63,4656.54,1900,23,0
1778798700,4656.54,4657.61,4653.11,4657.15,1850,23,0
1778799000,4657.17,4658.93,4656.00,4658.04,1866,23,0
1778799300,4658.11,4658.11,4653.31,4654.15,1895,23,0
1778799600,4654.16,4656.92,4649.61,4649.93,1366,23,0
1778799900,4649.92,4651.92,4649.20,4651.77,1308,23,0
1778800200,4651.77,4652.38,4649.64,4649.73,1208,23,0
1778800500,4649.76,4650.96,4648.55,4649.12,1013,23,0
1778800800,4649.12,4650.49,4648.27,4648.67,844,23,0
1778801100,4648.67,4648.67,4646.86,4648.12,1047,23,0
1778801400,4648.10,4648.46,4647.13,4647.67,930,28,0
1778801700,4647.66,4648.33,4644.34,4646.13,1149,28,0
1778802000,4646.14,4652.77,4645.52,4650.76,1226,28,0
1778802300,4650.76,4652.21,4650.22,4650.35,1010,28,0
1778802600,4650.35,4651.28,4649.28,4651.17,954,28,0
1778802900,4651.25,4652.36,4650.94,4651.14,474,28,0
1778806800,4652.82,4654.03,4646.83,4652.84,1495,28,0
1778807100,4652.90,4657.44,4651.75,4655.71,1494,28,0
1778807400,4655.71,4658.16,4654.17,4655.52,1273,28,0
1778807700,4655.52,4659.33,4655.36,4659.24,1290,28,0
1778808000,4659.24,4659.25,4657.39,4657.89,944,28,0
1778808300,4657.92,4659.26,4657.26,4658.80,800,28,0
1778808600,4658.86,4662.44,4658.79,4660.61,1148,23,0
1778808900,4660.63,4661.52,4658.97,4660.84,884,23,0
1778809200,4660.84,4662.40,4660.06,4661.73,823,23,0
1778809500,4661.77,4662.14,4660.94,4661.21,593,23,0
1778809800,4661.22,4662.66,4660.09,4662.49,787,23,0
1778810100,4662.49,4662.63,4661.97,4662.43,698,23,0
1778810400,4662.42,4663.28,4660.85,4663.06,903,23,0
1778810700,4663.10,4663.26,4661.06,4661.07,713,23,0
1778811000,4661.04,4662.97,4658.77,4659.13,1100,23,0
1778811300,4659.11,4660.37,4656.28,4658.78,1278,23,0
1778811600,4658.77,4659.27,4655.66,4658.08,1015,23,0
1778811900,4658.09,4664.27,4657.95,4663.86,1129,23,0
1778812200,4663.92,4665.31,4650.19,4651.13,1598,23,0
1778812500,4651.19,4653.31,4646.93,4652.82,1548,23,0
1778812800,4652.82,4657.49,4652.21,4657.30,1251,23,0
1778813100,4657.30,4657.53,4652.49,4654.48,1554,23,0
1778813400,4654.48,4655.34,4651.27,4652.19,1321,23,0
1778813700,4652.20,4652.20,4648.22,4652.10,1693,23,0
1778814000,4652.10,4653.66,4642.70,4649.46,2152,23,0
1778814300,4649.46,4652.09,4646.67,4650.66,1889,23,0
1778814600,4650.73,4651.05,4644.68,4650.57,1771,23,0
1778814900,4650.57,4658.16,4649.26,4654.05,2273,23,0
1778815200,4654.04,4654.31,4644.52,4644.74,1839,23,0
1778815500,4644.74,4644.84,4629.68,4629.83,2258,23,0
1778815800,4629.97,4630.65,4622.51,4624.12,2190,23,0
1778816100,4624.18,4624.75,4618.60,4621.72,1972,23,0
1778816400,4621.63,4622.01,4613.55,4618.63,2350,23,0
1778816700,4618.59,4627.64,4618.59,4627.60,2104,23,0
1778817000,4627.60,4627.66,4617.36,4620.00,2250,23,0
1778817300,4620.02,4630.50,4617.64,4630.13,2158,23,0
1778817600,4630.20,4631.51,4619.04,4622.54,2686,23,0
1778817900,4622.62,4624.35,4609.57,4609.89,2621,23,0
1778818200,4609.84,4615.39,4607.57,4614.72,2581,23,0
1778818500,4614.64,4620.82,4608.83,4619.81,2498,23,0
1778818800,4619.71,4625.73,4616.41,4620.72,2486,23,0
1778819100,4620.73,4621.54,4608.30,4608.95,2526,23,0
1778819400,4608.92,4616.66,4607.68,4616.32,2503,23,0
1778819700,4616.31,4621.21,4613.93,4617.39,2382,23,0
1778820000,4617.39,4622.96,4617.20,4622.96,2282,23,0
1778820300,4622.95,4624.41,4614.18,4616.37,2304,23,0
1778820600,4616.37,4618.02,4607.21,4610.19,2427,23,0
1778820900,4610.19,4616.40,4610.19,4613.84,2414,23,0
1778821200,4613.87,4615.16,4609.74,4614.30,2428,23,0
1778821500,4614.27,4618.51,4612.71,4618.18,2225,23,0
1778821800,4618.21,4619.02,4612.86,4613.10,2191,23,0
1778822100,4613.09,4616.19,4609.35,4613.88,2110,23,0
1778822400,4613.85,4616.62,4612.20,4613.90,1755,23,0
1778822700,4613.98,4615.21,4611.45,4612.55,1696,23,0
1778823000,4612.50,4614.82,4609.57,4612.57,2246,23,0
1778823300,4612.57,4616.49,4612.04,4612.91,2077,23,0
1778823600,4612.91,4617.87,4610.72,4617.87,1933,23,0
1778823900,4617.89,4618.82,4611.63,4614.68,1905,23,0
1778824200,4614.64,4621.21,4612.23,4620.78,2134,23,0
1778824500,4620.78,4623.44,4617.44,4618.11,1958,23,0
1778824800,4618.10,4620.46,4614.86,4619.34,1981,23,0
1778825100,4619.27,4622.28,4616.75,4617.53,1744,23,0
1778825400,4617.53,4620.08,4616.50,4617.46,1797,23,0
1778825700,4617.45,4618.40,4614.30,4614.73,1916,23,0
1778826000,4614.72,4615.07,4609.87,4614.24,1940,23,0
1778826300,4614.25,4614.74,4611.89,4612.76,1762,23,0
1778826600,4612.75,4614.01,4607.43,4609.04,1684,23,0
1778826900,4609.06,4615.71,4608.63,4614.72,1630,23,0
1778827200,4614.72,4617.33,4613.22,4613.34,1379,23,0
1778827500,4613.34,4615.80,4612.63,4615.76,1266,23,0
1778827800,4615.76,4617.27,4612.68,4612.93,1334,23,0
1778828100,4612.92,4616.68,4610.51,4615.43,1386,23,0
1778828400,4615.45,4616.56,4612.95,4614.33,1349,23,0
1778828700,4614.33,4621.56,4614.31,4621.45,1561,23,0
1778829000,4621.46,4621.50,4618.50,4620.05,1435,23,0
1778829300,4620.04,4620.61,4614.17,4614.23,1192,23,0
1778829600,4614.23,4614.28,4607.39,4610.73,1621,23,0
1778829900,4610.72,4612.85,4609.52,4610.87,1434,23,0
1778830200,4610.88,4614.92,4610.64,4614.18,1309,23,0
1778830500,4614.17,4614.91,4610.56,4611.33,1527,23,0
1778830800,4611.33,4613.37,4604.37,4605.71,1373,23,0
1778831100,4605.76,4609.90,4604.98,4609.67,1645,23,0
1778831400,4609.66,4612.51,4608.03,4608.09,1387,23,0
1778831700,4608.11,4608.37,4604.92,4605.85,1437,23,0
1778832000,4605.88,4606.51,4599.16,4600.05,1991,23,0
1778832300,4600.04,4601.33,4592.59,4593.16,2186,23,0
1778832600,4593.14,4593.56,4588.63,4592.10,2083,23,0
1778832900,4592.12,4595.36,4581.57,4583.00,2111,23,0
1778833200,4582.99,4589.24,4580.85,4584.86,2249,23,0
1778833500,4584.89,4590.21,4583.53,4588.88,2014,23,0
1778833800,4588.88,4589.87,4567.37,4569.74,2617,23,0
1778834100,4569.55,4572.01,4563.87,4569.27,2555,23,0
1778834400,4569.23,4575.80,4566.00,4568.68,2493,23,0
1778834700,4568.70,4570.55,4562.61,4563.63,2563,23,0
1778835000,4563.63,4573.29,4563.63,4569.04,2445,23,0
1778835300,4569.04,4570.87,4557.97,4558.95,2412,23,0
1778835600,4558.82,4565.08,4556.33,4563.71,2524,23,0
1778835900,4563.75,4570.31,4561.73,4566.57,2536,23,0
1778836200,4566.56,4573.30,4564.33,4570.97,2462,23,0
1778836500,4570.99,4578.21,4570.28,4575.42,2402,23,0
1778836800,4575.42,4578.29,4572.88,4575.19,2394,23,0
1778837100,4575.21,4577.94,4572.52,4575.05,2147,23,0
1778837400,4575.11,4580.44,4574.45,4575.09,2219,23,0
1778837700,4575.11,4576.19,4570.57,4572.24,2175,23,0
1778838000,4572.22,4573.27,4566.96,4567.63,2072,23,0
1778838300,4567.63,4574.25,4564.37,4573.02,2156,23,0
1778838600,4573.02,4574.25,4568.82,4568.99,2210,23,0
1778838900,4568.97,4571.20,4566.40,4569.73,2160,23,0
1778839200,4569.84,4572.35,4565.96,4570.08,2263,23,0
1778839500,4570.08,4576.74,4569.13,4576.22,2215,23,0
1778839800,4576.20,4586.17,4575.76,4585.88,2338,23,0
1778840100,4585.84,4587.41,4582.22,4586.27,2118,23,0
1778840400,4586.26,4588.67,4582.17,4582.44,2070,23,0
1778840700,4582.45,4583.49,4579.12,4581.76,1988,23,0
1778841000,4581.77,4582.51,4577.23,4578.95,1846,23,0
1778841300,4578.95,4582.29,4574.76,4577.10,1857,23,0
1778841600,4577.08,4578.69,4575.32,4577.70,1815,23,0
1778841900,4577.69,4578.59,4574.20,4574.95,1734,23,0
1778842200,4574.94,4574.94,4568.32,4570.55,1814,23,0
1778842500,4570.56,4572.92,4568.67,4570.84,1770,23,0
1778842800,4570.71,4571.90,4557.37,4561.10,2255,23,0
1778843100,4561.10,4567.65,4559.68,4566.46,2187,23,0
1778843400,4566.45,4567.12,4563.40,4565.21,1987,23,0
1778843700,4565.24,4565.60,4552.81,4556.79,2250,23,0
1778844000,4556.79,4560.99,4554.09,4560.31,2133,23,0
1778844300,4560.16,4561.24,4556.28,4558.27,2114,23,0
1778844600,4558.32,4558.32,4549.99,4554.92,2347,23,0
1778844900,4554.94,4559.14,4553.19,4558.30,2151,23,0
1778845200,4558.30,4562.52,4557.57,4562.32,2018,23,0
1778845500,4562.47,4563.60,4558.07,4562.18,1831,23,0
1778845800,4562.21,4562.50,4556.56,4557.71,1721,23,0
1778846100,4557.71,4557.86,4552.68,4554.28,1969,23,0
1778846400,4554.34,4558.57,4550.25,4557.97,2294,23,0
1778846700,4557.97,4563.70,4553.15,4554.82,2091,23,0
1778847000,4554.78,4554.81,4545.95,4547.18,2128,23,0
1778847300,4547.18,4549.21,4539.48,4546.59,2196,23,0
1778847600,4546.59,4552.59,4544.77,4551.71,2033,23,0
1778847900,4551.75,4554.52,4550.20,4553.39,2053,23,0
1778848200,4553.38,4555.58,4551.84,4553.36,1853,23,0
1778848500,4553.37,4553.48,4544.48,4546.67,2057,23,0
1778848800,4546.69,4549.28,4542.72,4543.57,1903,23,0
1778849100,4543.55,4543.88,4537.77,4537.99,2058,23,0
1778849400,4537.98,4543.01,4531.95,4542.44,2186,23,0
1778849700,4542.44,4546.97,4538.26,4545.73,2152,23,0
1778850000,4545.76,4549.27,4544.12,4546.50,2108,23,0
1778850300,4546.50,4559.63,4546.20,4558.47,2239,23,0
1778850600,4558.65,4562.70,4556.36,4561.00,2039,23,0
1778850900,4561.00,4563.27,4556.77,4557.40,1965,23,0
1778851200,4557.41,4561.90,4555.98,4556.03,2041,23,0
1778851500,4556.09,4556.72,4551.69,4551.77,1791,23,0
1778851800,4551.78,4556.82,4550.87,4554.89,1836,23,0
1778852100,4554.78,4554.96,4551.14,4552.39,1819,23,0
1778852400,4552.40,4555.31,4549.48,4555.31,1744,23,0
1778852700,4555.23,4563.59,4554.23,4559.83,2376,23,0
1778853000,4559.46,4572.50,4557.56,4568.78,2399,23,0
1778853300,4568.83,4569.77,4564.09,4566.14,2205,23,0
1778853600,4566.14,4570.21,4561.85,4561.89,2244,23,0
1778853900,4561.92,4566.27,4560.91,4564.38,2019,23,0
1778854200,4564.38,4568.91,4563.54,4566.35,2030,23,0
1778854500,4566.37,4568.69,4563.33,4564.21,1764,23,0
1778854800,4564.20,4565.43,4563.01,4564.75,1699,23,0
1778855100,4564.74,4564.74,4558.99,4562.29,1806,23,0
1778855400,4562.31,4562.57,4558.66,4559.44,1748,23,0
1778855700,4559.44,4560.05,4553.72,4554.08,1851,23,0
1778856000,4554.16,4554.76,4550.97,4551.51,1860,23,0
1778856300,4551.51,4558.57,4551.19,4556.63,1884,23,0
1778856600,4556.58,4558.76,4553.64,4554.05,1716,23,0
1778856900,4554.05,4554.08,4549.81,4551.97,1953,23,0
1778857200,4551.96,4551.96,4546.30,4550.21,2039,23,0
1778857500,4550.21,4553.02,4548.80,4553.01,1925,23,0
1778857800,4553.02,4555.20,4545.22,4545.56,2029,23,0
1778858100,4545.65,4551.41,4544.92,4548.76,2088,23,0
1778858400,4548.76,4558.69,4547.97,4555.67,2211,23,0
1778858700,4555.66,4557.50,4552.76,4554.99,1945,23,0
1778859000,4555.08,4555.08,4548.05,4549.53,2156,23,0
1778859300,4549.53,4553.83,4547.46,4548.33,2224,23,0
1778859600,4548.17,4549.89,4543.68,4545.57,2026,23,0
1778859900,4545.60,4551.81,4543.74,4549.35,2025,23,0
1778860200,4549.36,4555.58,4547.68,4554.27,1963,23,0
1778860500,4554.28,4554.65,4545.85,4545.90,1874,23,0
1778860800,4545.87,4549.16,4538.45,4544.30,2544,23,0
1778861100,4544.31,4549.72,4536.39,4538.33,2347,23,0
1778861400,4538.36,4546.91,4538.10,4546.58,2193,23,0
1778861700,4546.65,4553.23,4540.69,4550.89,2221,23,0
1778862000,4550.87,4554.59,4549.62,4554.47,2104,23,0
1778862300,4554.47,4557.53,4546.43,4548.73,2324,23,0
1778862600,4548.98,4551.19,4541.61,4542.49,2656,23,0
1778862900,4542.50,4542.70,4526.56,4528.61,2721,23,0
1778863200,4528.58,4531.21,4519.95,4519.95,2717,23,0
1778863500,4520.10,4529.39,4511.75,4528.86,2678,23,0
1778863800,4528.89,4536.89,4525.77,4534.62,2644,23,0
1778864100,4534.65,4541.92,4530.90,4533.46,2609,23,0
1778864400,4533.44,4534.88,4525.36,4533.50,2636,23,0
1778864700,4533.53,4540.29,4533.53,4534.17,2571,23,0
1778865000,4534.17,4550.49,4533.83,4543.33,2557,23,0
1778865300,4543.23,4558.09,4540.42,4558.09,2576,23,0
1778865600,4558.50,4562.75,4556.08,4558.29,2590,23,0
1778865900,4558.32,4559.12,4552.49,4555.58,2522,23,0
1778866200,4555.61,4559.74,4553.00,4557.49,2529,23,0
1778866500,4557.46,4560.43,4554.42,4555.92,2469,23,0
1778866800,4555.94,4557.39,4550.71,4556.91,2400,23,0
1778867100,4556.90,4557.25,4550.29,4551.30,2424,23,0
1778867400,4551.30,4557.02,4546.08,4556.92,2494,23,0
1778867700,4556.86,4566.43,4555.06,4562.76,2398,23,0
1778868000,4562.76,4563.70,4551.90,4553.23,2474,23,0
1778868300,4553.32,4558.76,4551.71,4558.74,2357,23,0
1778868600,4558.70,4560.05,4550.78,4552.45,2365,23,0
1778868900,4552.44,4553.90,4546.19,4547.38,2258,23,0
1778869200,4547.40,4552.09,4543.94,4545.70,2221,23,0
1778869500,4545.75,4548.77,4542.89,4546.98,2340,23,0
1778869800,4547.28,4550.38,4543.65,4543.73,2314,23,0
1778870100,4543.70,4546.57,4541.91,4542.31,2213,23,0
1778870400,4542.29,4544.75,4539.93,4541.39,2321,23,0
1778870700,4541.40,4542.85,4539.13,4540.09,2241,23,0
1778871000,4540.11,4543.54,4536.44,4537.92,2234,23,0
1778871300,4537.91,4539.66,4533.80,4539.64,2239,23,0
1778871600,4539.68,4542.37,4533.55,4535.69,2175,23,0
1778871900,4535.69,4536.63,4529.51,4531.39,2140,23,0
1778872200,4531.39,4533.53,4529.34,4532.65,2052,23,0
1778872500,4532.63,4534.79,4531.36,4533.74,2045,23,0
1778872800,4533.74,4540.50,4533.34,4540.48,1990,23,0
1778873100,4540.46,4542.32,4537.21,4540.84,2086,23,0
1778873400,4540.91,4544.32,4540.07,4544.04,2109,23,0
1778873700,4544.04,4545.74,4542.79,4545.51,1938,23,0
1778874000,4545.51,4547.59,4543.66,4547.20,1958,23,0
1778874300,4547.21,4548.03,4545.02,4545.35,1899,23,0
1778874600,4545.40,4547.29,4541.93,4542.69,2024,23,0
1778874900,4542.69,4545.10,4542.00,4544.40,1999,23,0
1778875200,4544.36,4552.29,4543.14,4550.07,2157,23,0
1778875500,4550.08,4555.40,4549.75,4554.60,1919,23,0
1778875800,4554.66,4558.03,4554.53,4557.09,1905,23,0
1778876100,4557.10,4557.53,4554.52,4555.91,1789,23,0
1778876400,4555.91,4563.70,4555.33,4562.05,2006,23,0
1778876700,4562.07,4564.49,4556.52,4557.75,2160,23,0
1778877000,4557.77,4563.26,4557.75,4562.58,1914,23,0
1778877300,4562.59,4563.56,4560.16,4563.07,1922,23,0
1778877600,4563.06,4563.61,4560.66,4560.81,1871,23,0
1778877900,4560.81,4562.60,4559.87,4560.63,1732,23,0
1778878200,4560.63,4560.64,4558.24,4558.36,1764,23,0
1778878500,4558.36,4560.47,4557.26,4559.53,1700,23,0
1778878800,4559.54,4561.30,4558.11,4559.01,1773,23,0
1778879100,4559.05,4559.73,4556.12,4558.54,1867,23,0
1778879400,4558.53,4561.98,4558.12,4561.67,1597,23,0
1778879700,4561.70,4563.00,4552.95,4554.53,2027,23,0
1778880000,4554.56,4559.89,4554.45,4558.60,1996,23,0
1778880300,4558.60,4559.47,4556.35,4558.16,1936,23,0
1778880600,4558.14,4558.91,4552.38,4555.22,2047,23,0
1778880900,4555.24,4558.02,4554.80,4558.01,1745,23,0
1778881200,4558.01,4558.44,4555.70,4557.63,1613,23,0
1778881500,4557.62,4560.17,4556.68,4559.26,1482,23,0
1778881800,4559.26,4562.82,4559.26,4561.06,1412,23,0
1778882100,4561.07,4561.37,4558.40,4559.27,1606,23,0
1778882400,4559.27,4560.16,4554.28,4554.34,1770,23,0
1778882700,4554.34,4555.73,4551.58,4551.81,1632,23,0
1778883000,4551.77,4552.16,4549.49,4550.43,1716,23,0
1778883300,4550.42,4552.39,4548.93,4552.19,1570,23,0
1778883600,4552.20,4552.70,4550.01,4550.01,1460,23,0
1778883900,4550.02,4550.98,4548.56,4550.15,1513,23,0
1778884200,4550.18,4553.75,4549.80,4550.46,1480,23,0
1778884500,4550.47,4555.22,4549.65,4554.79,1546,23,0
1778884800,4554.73,4555.26,4552.57,4553.50,1686,23,0
1778885100,4553.50,4554.39,4551.64,4552.02,1557,23,0
1778885400,4552.02,4552.02,4548.41,4549.24,1824,23,0
1778885700,4549.23,4549.25,4544.97,4545.88,1985,23,0
1778886000,4545.85,4546.36,4539.11,4539.96,1497,23,0
1778886300,4539.95,4540.38,4536.21,4536.91,1641,23,0
1778886600,4536.91,4540.60,4536.61,4538.28,1541,23,0
1778886900,4538.31,4538.37,4535.45,4536.73,1387,23,0
1778887200,4536.71,4537.76,4533.12,4537.29,1377,23,0
1778887500,4537.29,4539.22,4536.38,4539.04,1111,23,0
1778887800,4539.13,4543.92,4539.10,4541.08,1406,23,0
1778888100,4541.08,4541.95,4539.30,4540.61,1115,28,0
1778888400,4540.61,4541.35,4539.16,4540.35,1009,28,0
1778888700,4540.35,4541.42,4537.86,4537.98,1180,28,0
1778889000,4538.05,4538.56,4536.47,4538.39,1222,28,0
1778889300,4538.40,4538.75,4537.75,4538.58,342,28,0
1779066000,4538.65,4545.46,4528.55,4545.10,2014,28,0
1779066300,4545.08,4555.00,4544.98,4553.65,1677,28,0
1779066600,4553.71,4554.75,4547.78,4548.49,1325,28,0
1779066900,4548.48,4550.19,4544.15,4545.06,1196,28,0
1779067200,4545.05,4546.58,4537.96,4545.16,1666,28,0
1779067500,4545.25,4545.39,4538.75,4541.17,1142,28,0
1779067800,4541.05,4551.21,4540.99,4544.66,1605,23,0
1779068100,4544.66,4552.77,4544.65,4551.31,1468,23,0
1779068400,4551.29,4553.76,4548.01,4549.98,1508,23,0
1779068700,4549.97,4554.63,4549.55,4551.79,1284,23,0
1779069000,4551.79,4551.96,4547.00,4547.28,1219,23,0
1779069300,4547.27,4550.05,4543.75,4546.17,1366,23,0
1779069600,4546.18,4547.99,4543.82,4545.51,1285,23,0
1779069900,4545.45,4545.51,4539.45,4541.55,1485,23,0
1779070200,4541.56,4545.89,4539.93,4541.68,1253,23,0
1779070500,4541.67,4543.20,4538.78,4539.55,1221,23,0
1779070800,4539.57,4544.34,4539.53,4541.50,1174,23,0
1779071100,4541.49,4543.60,4537.88,4537.96,1519,23,0
1779071400,4537.96,4539.69,4534.77,4539.07,1581,23,0
1779071700,4539.07,4541.39,4536.97,4539.19,1379,23,0
1779072000,4539.16,4541.12,4532.48,4539.11,1845,23,0
1779072300,4539.10,4540.05,4532.03,4538.02,1839,23,0
1779072600,4537.90,4544.11,4537.44,4541.18,1603,23,0
1779072900,4541.19,4542.29,4535.51,4537.12,1891,23,0
1779073200,4537.14,4542.60,4530.26,4530.92,2450,20,0
1779073500,4530.99,4533.70,4523.03,4523.77,2554,23,0
1779073800,4523.71,4529.87,4523.71,4526.27,2379,23,0
1779074100,4526.27,4529.40,4523.00,4523.34,2378,23,0
1779074400,4523.14,4533.61,4517.08,4517.38,2318,23,0
1779074700,4517.39,4520.92,4514.65,4515.81,2270,23,0
1779075000,4515.71,4518.75,4487.62,4492.34,2461,23,0
1779075300,4492.22,4503.19,4489.48,4490.30,2555,23,0
1779075600,4490.31,4493.55,4480.61,4481.60,2521,23,0
1779075900,4481.59,4496.46,4480.30,4494.30,2504,23,0
1779076200,4494.35,4495.88,4486.48,4491.63,2482,23,0
1779076500,4491.72,4516.61,4491.56,4516.04,2481,23,0
1779076800,4515.96,4515.98,4489.50,4497.71,2752,23,0
1779077100,4497.74,4504.78,4492.50,4501.63,2635,23,0
1779077400,4501.59,4505.34,4494.58,4496.02,2594,23,0
1779077700,4495.94,4500.56,4492.90,4498.46,2548,23,0
1779078000,4498.42,4508.05,4493.56,4506.57,2611,23,0
1779078300,4506.53,4510.05,4498.57,4503.99,2539,23,0
1779078600,4503.99,4511.39,4501.42,4510.12,2511,23,0
1779078900,4510.14,4513.72,4499.79,4508.14,2520,23,0
1779079200,4508.19,4512.86,4506.03,4512.58,2471,23,0
1779079500,4512.61,4528.61,4511.00,4528.25,2519,23,0
1779079800,4528.18,4535.56,4525.94,4530.29,2505,23,0
1779080100,4530.29,4530.58,4524.85,4525.39,2355,23,0
1779080400,4525.39,4535.92,4522.09,4532.16,2317,23,0
1779080700,4532.14,4533.71,4525.59,4528.81,2310,23,0
1779081000,4528.79,4538.65,4527.84,4536.58,2191,23,0
1779081300,4536.61,4537.82,4531.87,4534.89,1897,23,0
1779081600,4534.86,4540.61,4533.04,4537.49,1887,23,0
1779081900,4537.48,4539.96,4533.52,4533.52,1988,23,0
1779082200,4533.49,4537.77,4529.50,4532.17,2217,23,0
1779082500,4532.17,4538.42,4530.69,4538.14,2087,23,0
1779082800,4538.14,4541.06,4534.99,4536.24,1929,23,0
1779083100,4536.24,4542.84,4530.41,4530.57,2090,23,0
1779083400,4530.66,4535.47,4530.39,4534.01,1998,23,0
1779083700,4534.00,4535.12,4530.88,4533.68,1992,23,0
1779084000,4533.69,4535.71,4529.94,4531.13,2073,23,0
1779084300,4531.19,4534.77,4527.57,4532.96,1914,23,0
1779084600,4532.96,4535.71,4526.82,4529.44,1981,23,0
1779084900,4529.61,4533.18,4528.30,4530.81,1942,23,0
1779085200,4530.81,4536.58,4529.30,4533.60,1866,23,0
1779085500,4533.57,4538.37,4529.28,4535.97,2070,23,0
1779085800,4535.97,4537.88,4526.44,4526.95,2219,23,0
1779086100,4526.95,4537.55,4525.19,4535.30,2122,23,0
1779086400,4535.31,4547.99,4533.80,4545.68,2093,23,0
1779086700,4545.68,4547.89,4539.33,4542.00,2057,23,0
1779087000,4541.99,4547.56,4539.14,4541.28,1946,23,0
1779087300,4541.26,4543.91,4540.47,4541.14,1613,23,0
1779087600,4541.14,4548.50,4540.99,4545.74,1960,23,0
1779087900,4545.74,4549.65,4543.24,4545.73,1764,23,0
1779088200,4545.73,4547.66,4543.50,4544.36,1569,23,0
1779088500,4544.32,4547.15,4544.03,4545.56,1690,23,0
1779088800,4545.56,4545.91,4536.85,4537.24,1734,23,0
1779089100,4537.24,4538.86,4530.12,4532.70,2049,23,0
1779089400,4532.69,4541.39,4532.23,4540.02,1753,23,0
1779089700,4540.04,4542.81,4538.42,4542.77,1697,23,0
1779090000,4542.77,4544.29,4539.75,4541.71,1737,23,0
1779090300,4541.71,4541.72,4538.57,4540.45,1538,23,0
1779090600,4540.45,4545.68,4537.91,4543.19,1767,23,0
1779090900,4543.20,4543.96,4535.19,4540.70,1668,23,0
1779091200,4540.70,4542.78,4532.96,4535.96,2050,23,0
1779091500,4535.72,4539.85,4533.86,4537.99,1763,23,0
1779091800,4537.99,4539.02,4535.60,4538.16,1681,23,0
1779092100,4538.21,4549.09,4534.93,4545.92,1951,23,0
1779092400,4545.96,4549.46,4541.51,4546.13,1993,23,0
1779092700,4546.14,4550.60,4545.09,4548.75,1877,23,0
1779093000,4548.76,4551.84,4539.78,4542.61,2358,23,0
1779093300,4542.56,4547.22,4540.55,4544.40,2157,23,0
1779093600,4544.40,4544.74,4538.44,4539.66,2087,23,0
1779093900,4539.66,4543.00,4537.38,4538.77,1966,23,0
1779094200,4538.77,4539.74,4534.87,4536.28,1887,23,0
1779094500,4536.28,4538.84,4529.86,4530.92,1941,23,0
1779094800,4530.92,4539.29,4529.75,4535.35,2125,23,0
1779095100,4535.34,4540.49,4533.47,4537.92,2160,23,0
1779095400,4537.93,4538.16,4532.36,4537.37,1961,23,0
1779095700,4537.35,4541.53,4534.48,4536.36,1836,23,0
1779096000,4536.35,4544.06,4534.59,4543.31,2057,23,0
1779096300,4543.32,4548.08,4537.16,4537.46,2096,23,0
1779096600,4537.50,4547.01,4534.56,4539.93,2215,23,0
1779096900,4539.93,4542.16,4537.84,4538.14,1944,23,0
1779097200,4538.15,4540.80,4535.11,4540.65,1870,23,0
1779097500,4540.66,4546.23,4538.52,4543.67,1967,23,0
1779097800,4543.68,4546.10,4542.59,4545.93,1716,23,0
1779098100,4545.91,4547.84,4544.74,4546.75,1996,23,0
1779098400,4546.75,4549.40,4543.57,4543.96,1992,23,0
1779098700,4543.96,4547.99,4543.27,4546.39,1670,23,0
1779099000,4546.39,4546.39,4542.12,4543.62,1782,23,0
1779099300,4543.62,4545.77,4541.67,4541.95,1688,23,0
1779099600,4541.96,4542.10,4538.27,4539.29,1730,23,0
1779099900,4539.28,4551.34,4539.20,4550.58,2140,23,0
1779100200,4550.57,4559.94,4550.54,4554.80,2363,23,0
1779100500,4554.81,4555.26,4551.74,4552.67,1921,23,0
1779100800,4552.76,4554.46,4547.83,4549.00,1899,23,0
1779101100,4548.98,4551.69,4543.71,4543.91,1733,23,0
1779101400,4543.90,4546.13,4540.05,4544.62,1959,23,0
1779101700,4544.62,4548.52,4542.78,4546.22,1775,23,0
1779102000,4546.21,4548.86,4544.78,4546.46,1912,23,0
1779102300,4546.48,4548.31,4543.72,4544.00,1708,23,0
1779102600,4544.00,4547.21,4542.47,4546.60,1844,23,0
1779102900,4546.58,4546.58,4543.07,4545.59,1651,23,0
1779103200,4545.62,4549.83,4545.53,4549.76,1532,23,0
1779103500,4549.78,4551.44,4546.76,4547.88,1794,23,0
1779103800,4548.00,4553.11,4545.90,4551.70,1874,23,0
1779104100,4551.70,4551.84,4548.10,4551.36,1811,23,0
1779104400,4551.35,4551.35,4548.01,4548.06,1445,23,0
1779104700,4548.06,4553.83,4548.06,4552.33,1677,23,0
1779105000,4552.33,4556.96,4551.61,4556.04,1740,23,0
1779105300,4556.04,4556.65,4549.96,4549.97,1514,23,0
1779105600,4549.97,4551.95,4541.17,4542.47,1846,23,0
1779105900,4542.49,4547.18,4541.55,4547.08,1375,23,0
1779106200,4547.07,4547.80,4545.11,4546.30,1343,23,0
1779106500,4546.31,4548.43,4545.40,4546.28,1432,23,0
1779106800,4546.28,4548.88,4546.02,4546.55,1239,23,0
1779107100,4546.53,4548.27,4544.54,4544.98,1471,23,0
1779107400,4544.98,4545.49,4540.63,4543.47,1751,23,0
1779107700,4543.48,4546.48,4543.34,4546.06,1528,23,0
1779108000,4546.09,4546.12,4540.67,4542.88,1635,23,0
1779108300,4542.97,4543.10,4540.53,4541.48,1485,23,0
1779108600,4541.48,4543.74,4540.23,4543.14,1577,23,0
1779108900,4543.16,4544.61,4542.66,4542.93,1412,23,0
1779109200,4542.93,4545.01,4540.36,4540.47,1518,23,0
1779109500,4540.47,4542.18,4537.07,4538.22,1687,23,0
1779109800,4538.21,4540.62,4535.69,4539.17,1643,23,0
1779110100,4539.17,4542.43,4538.64,4542.01,1447,23,0
1779110400,4542.02,4542.35,4538.09,4539.29,1465,23,0
1779110700,4539.30,4540.64,4538.41,4539.65,1350,23,0
1779111000,4539.64,4540.64,4532.73,4532.82,1693,23,0
1779111300,4532.82,4539.48,4532.14,4538.28,1776,23,0
1779111600,4538.26,4544.03,4537.82,4543.78,1646,23,0
1779111900,4543.76,4547.68,4542.31,4543.11,1714,23,0
1779112200,4543.12,4543.46,4537.45,4539.33,1327,23,0
1779112500,4539.33,4540.26,4536.67,4540.22,1335,23,0
1779112800,4540.17,4541.75,4537.88,4538.24,1694,23,0
1779113100,4538.24,4539.69,4532.36,4532.61,1479,23,0
1779113400,4532.55,4539.52,4530.07,4539.52,1904,23,0
1779113700,4539.52,4540.15,4536.67,4539.05,1612,23,0
1779114000,4539.08,4539.93,4531.82,4535.90,1742,23,0
1779114300,4536.01,4537.75,4534.32,4536.32,1523,23,0
1779114600,4536.24,4545.47,4535.50,4541.79,1993,23,0
1779114900,4541.78,4554.87,4541.78,4554.87,2291,23,0
1779115200,4555.61,4566.94,4551.84,4562.10,2731,23,0
1779115500,4562.09,4564.57,4555.15,4555.38,2380,23,0
1779115800,4555.37,4555.75,4551.47,4551.56,2258,23,0
1779116100,4551.47,4554.97,4549.46,4550.67,2052,23,0
1779116400,4550.68,4552.42,4547.43,4550.65,2047,23,0
1779116700,4550.70,4556.57,4550.70,4555.56,1955,23,0
1779117000,4555.57,4555.91,4551.51,4553.45,1876,23,0
1779117300,4553.43,4554.93,4547.09,4547.42,1931,23,0
1779117600,4547.31,4553.54,4545.34,4551.46,2021,23,0
1779117900,4551.47,4554.89,4549.82,4550.63,1915,23,0
1779118200,4550.66,4562.58,4550.23,4562.19,1999,23,0
1779118500,4562.10,4563.18,4558.19,4561.59,2434,23,0
1779118800,4561.55,4569.76,4558.49,4569.69,2408,23,0
1779119100,4569.67,4574.84,4568.11,4572.47,2505,23,0
1779119400,4572.38,4574.06,4562.59,4563.05,2288,23,0
1779119700,4563.20,4572.42,4562.62,4571.32,2079,23,0
1779120000,4571.31,4576.80,4564.41,4565.27,2511,23,0
1779120300,4565.20,4568.48,4562.51,4563.85,2271,23,0
1779120600,4563.81,4569.43,4561.87,4567.76,2212,23,0
1779120900,4567.72,4568.44,4563.89,4566.01,2004,23,0
1779121200,4566.07,4572.99,4565.46,4572.88,1843,23,0
1779121500,4572.86,4576.18,4571.15,4571.93,2078,23,0
1779121800,4571.97,4579.75,4567.19,4578.56,2548,23,0
1779122100,4578.59,4578.67,4570.83,4573.64,2511,23,0
1779122400,4573.63,4575.62,4564.79,4566.22,2615,23,0
1779122700,4566.31,4576.40,4563.75,4574.34,2643,23,0
1779123000,4574.19,4584.09,4572.87,4583.52,2573,23,0
1779123300,4583.55,4584.20,4574.97,4575.64,2496,23,0
1779123600,4575.67,4575.70,4564.37,4565.39,2508,23,0
1779123900,4565.38,4567.38,4559.96,4566.92,2559,23,0
1779124200,4566.88,4569.83,4561.96,4564.24,2404,23,0
1779124500,4564.21,4568.86,4562.19,4566.13,2395,23,0
1779124800,4566.11,4567.15,4554.96,4559.32,2470,23,0
1779125100,4559.36,4563.28,4557.81,4561.67,2410,23,0
1779125400,4561.63,4562.99,4544.97,4549.58,2533,23,0
1779125700,4549.48,4550.79,4543.09,4546.43,2610,23,0
1779126000,4546.52,4549.38,4538.71,4547.68,2628,23,0
1779126300,4547.68,4548.11,4537.78,4543.15,2478,23,0
1779126600,4543.15,4548.45,4541.22,4541.88,2400,23,0
1779126900,4541.91,4547.30,4541.34,4546.47,2229,23,0
1779127200,4546.48,4547.93,4531.87,4537.47,2581,23,0
1779127500,4537.66,4544.44,4533.85,4536.60,2500,23,0
1779127800,4536.68,4542.67,4536.39,4540.55,2279,23,0
1779128100,4540.55,4542.71,4534.45,4536.67,2239,23,0
1779128400,4536.71,4540.44,4535.89,4538.92,2288,23,0
1779128700,4538.95,4540.24,4534.68,4534.68,2243,23,0
1779129000,4534.61,4541.46,4533.91,4540.90,2268,23,0
1779129300,4540.91,4542.17,4538.15,4541.80,2114,23,0
1779129600,4541.80,4544.34,4538.52,4538.55,2083,23,0
1779129900,4538.54,4543.50,4538.05,4541.18,2114,23,0
1779130200,4541.19,4544.50,4539.69,4544.33,2031,23,0
1779130500,4544.24,4546.90,4542.21,4543.52,2104,23,0
1779130800,4543.52,4544.49,4540.15,4541.52,1984,23,0
1779131100,4541.54,4544.43,4541.14,4543.49,2005,23,0
1779131400,4543.51,4548.94,4542.70,4548.60,1984,23,0
1779131700,4548.58,4550.35,4546.63,4547.21,1886,23,0
1779132000,4547.17,4550.69,4544.44,4545.73,2076,23,0
1779132300,4545.74,4546.86,4533.91,4537.09,2356,23,0
1779132600,4537.10,4541.91,4534.30,4539.72,2348,23,0
1779132900,4539.72,4544.80,4539.41,4544.22,2094,23,0
1779133200,4544.21,4544.95,4541.86,4543.33,1933,23,0
1779133500,4543.33,4548.73,4542.88,4548.27,1881,23,0
1779133800,4548.27,4554.11,4548.27,4553.05,2054,23,0
1779134100,4553.04,4554.52,4549.71,4550.17,1916,23,0
1779134400,4550.16,4557.19,4548.01,4556.76,2074,23,0
1779134700,4556.76,4558.25,4554.73,4556.16,1844,23,0
1779135000,4556.20,4556.77,4553.01,4553.22,1761,23,0
1779135300,4553.22,4555.59,4552.00,4554.57,1679,23,0
1779135600,4554.56,4555.23,4552.43,4553.83,1761,23,0
1779135900,4553.84,4554.72,4551.77,4553.90,1728,23,0
1779136200,4553.90,4554.17,4548.86,4548.90,1758,23,0
1779136500,4548.89,4550.38,4547.26,4549.47,1766,23,0
1779136800,4549.46,4551.17,4547.82,4548.16,1702,23,0
1779137100,4548.23,4549.61,4546.71,4546.76,1621,23,0
1779137400,4546.72,4549.19,4546.55,4547.63,1549,23,0
1779137700,4547.62,4547.84,4545.60,4547.00,1451,23,0
1779138000,4546.99,4547.04,4543.81,4545.82,1822,23,0
1779138300,4545.82,4547.77,4543.83,4545.07,1675,23,0
1779138600,4545.07,4546.43,4544.01,4545.19,1664,23,0
1779138900,4545.19,4545.36,4541.44,4542.54,1798,23,0
1779139200,4542.55,4542.62,4540.37,4541.11,1750,23,0
1779139500,4541.14,4542.71,4536.80,4541.92,2054,23,0
1779139800,4541.92,4543.96,4540.69,4542.72,1852,23,0
1779140100,4542.72,4543.42,4539.26,4539.67,1689,23,0
1779140400,4539.67,4541.53,4539.00,4541.53,1612,23,0
1779140700,4541.52,4543.22,4540.79,4541.63,1581,23,0
1779141000,4541.63,4542.15,4539.77,4540.29,1743,23,0
1779141300,4540.29,4541.74,4534.29,4535.74,1807,23,0
1779141600,4535.74,4565.04,4535.25,4553.43,2634,23,0
1779141900,4553.47,4559.97,4551.15,4557.13,2568,23,0
1779142200,4557.13,4558.26,4553.42,4554.43,2295,23,0
1779142500,4554.43,4555.54,4551.00,4551.59,2070,23,0
1779142800,4551.58,4555.67,4549.81,4550.10,1965,23,0
1779143100,4550.11,4551.92,4546.65,4551.59,2072,23,0
1779143400,4551.59,4557.29,4550.20,4556.30,2058,23,0
1779143700,4556.31,4559.52,4555.98,4559.37,1980,23,0
1779144000,4559.39,4561.23,4557.89,4558.13,2031,23,0
1779144300,4558.13,4562.94,4557.89,4561.21,1919,23,0
1779144600,4561.21,4562.53,4559.90,4562.34,2027,23,0
1779144900,4562.35,4562.47,4557.57,4558.52,1936,23,0
1779145200,4558.49,4561.28,4557.82,4560.29,1274,23,0
1779145500,4560.33,4560.41,4558.35,4558.73,1016,23,0
1779145800,4558.73,4562.91,4558.54,4562.22,774,23,0
1779146100,4562.22,4566.46,4562.14,4564.22,1164,23,0
1779146400,4564.23,4566.57,4562.90,4566.40,932,23,0
1779146700,4566.41,4566.65,4562.72,4563.20,975,23,0
1779147000,4563.18,4564.77,4561.62,4562.75,1056,28,0
1779147300,4562.76,4563.98,4562.53,4562.56,708,28,0
1779147600,4562.55,4564.96,4562.21,4564.47,788,28,0
1779147900,4564.47,4564.94,4563.80,4563.80,755,28,0
1779148200,4563.79,4565.57,4563.06,4563.10,677,28,0
1779148500,4563.10,4566.56,4562.42,4566.13,554,28,0
1779152400,4567.84,4571.37,4567.31,4570.35,1073,28,0
1779152700,4570.35,4573.51,4569.57,4571.72,700,28,0
1779153000,4571.74,4573.27,4570.34,4573.27,733,28,0
1779153300,4573.26,4574.40,4572.55,4573.71,1026,28,0
1779153600,4573.71,4574.25,4571.73,4572.05,840,28,0
1779153900,4572.05,4572.97,4571.16,4572.85,867,28,0
1779154200,4572.87,4573.76,4571.62,4573.23,879,23,0
1779154500,4573.23,4575.87,4572.72,4575.84,714,23,0
1779154800,4575.84,4578.35,4575.05,4576.60,1024,23,0
1779155100,4576.60,4576.93,4574.66,4575.58,719,23,0
1779155400,4575.59,4575.87,4573.38,4573.74,696,23,0
1779155700,4573.73,4573.97,4572.53,4573.89,626,23,0
1779156000,4573.90,4581.15,4573.75,4580.98,1412,23,0
1779156300,4580.99,4581.63,4579.13,4580.06,1022,23,0
1779156600,4580.08,4586.72,4579.84,4585.58,1074,23,0
1779156900,4585.52,4586.73,4583.42,4585.96,1052,23,0
1779157200,4585.97,4588.91,4583.80,4586.14,1173,23,0
1779157500,4586.16,4586.93,4585.18,4585.76,841,23,0
1779157800,4585.76,4586.77,4582.83,4586.14,1028,23,0
1779158100,4586.16,4587.81,4583.77,4584.92,1031,23,0
1779158400,4584.92,4586.46,4584.12,4585.49,874,23,0
1779158700,4585.48,4586.67,4582.90,4583.37,1069,23,0
1779159000,4583.40,4583.51,4582.07,4582.49,978,23,0
1779159300,4582.49,4582.80,4579.09,4581.80,1180,23,0
1779159600,4581.76,4589.22,4578.62,4579.12,2063,23,0
1779159900,4579.18,4585.49,4576.81,4583.85,2098,23,0
1779160200,4584.14,4584.59,4578.78,4578.82,1848,23,0
1779160500,4578.84,4580.98,4574.83,4580.09,1931,23,0
1779160800,4580.09,4585.79,4573.74,4574.83,1970,23,0
1779161100,4574.82,4575.27,4568.82,4573.60,2018,23,0
1779161400,4573.59,4576.06,4572.21,4574.84,1903,23,0
1779161700,4574.84,4575.52,4568.47,4568.83,1899,23,0
1779162000,4568.84,4574.02,4568.27,4570.80,1578,23,0
1779162300,4570.80,4572.51,4569.56,4571.71,1681,23,0
1779162600,4571.71,4571.74,4565.95,4566.23,1698,23,0
1779162900,4566.32,4566.82,4561.27,4563.30,1719,23,0
1779163200,4563.35,4567.35,4557.76,4564.36,2417,23,0
1779163500,4564.39,4569.28,4560.87,4564.49,2191,23,0
1779163800,4564.35,4568.37,4562.62,4565.81,2092,23,0
1779164100,4565.81,4568.40,4557.76,4559.53,2125,23,0
1779164400,4559.49,4559.81,4554.15,4555.78,2162,23,0
1779164700,4555.78,4559.81,4555.78,4559.18,1888,23,0
1779165000,4559.20,4561.94,4555.26,4561.41,2111,23,0
1779165300,4561.42,4568.40,4561.37,4568.22,2071,23,0
1779165600,4568.26,4572.30,4566.55,4570.77,1965,23,0
1779165900,4570.72,4571.80,4565.64,4566.44,1876,23,0
1779166200,4566.43,4568.65,4561.51,4567.46,2030,23,0
1779166500,4567.45,4567.84,4562.83,4563.86,1897,23,0
1779166800,4563.84,4563.85,4558.38,4561.18,2071,23,0
1779167100,4561.13,4561.24,4554.87,4555.19,2183,23,0
1779167400,4555.20,4557.66,4553.06,4554.58,2131,23,0
1779167700,4554.57,4557.38,4551.56,4557.09,1842,23,0
1779168000,4557.10,4559.97,4556.33,4558.07,1696,23,0
1779168300,4558.20,4562.18,4557.47,4559.61,1683,23,0
1779168600,4559.72,4559.87,4554.46,4555.05,1984,23,0
1779168900,4555.04,4557.04,4552.05,4553.47,1902,23,0
1779169200,4553.50,4559.53,4551.08,4556.23,1916,23,0
1779169500,4556.17,4557.97,4550.41,4552.17,1872,23,0
1779169800,4552.21,4554.49,4548.35,4550.62,1760,23,0
1779170100,4550.62,4550.72,4545.98,4547.11,1714,23,0
1779170400,4547.12,4550.69,4543.70,4547.19,2099,23,0
1779170700,4547.18,4552.68,4547.16,4548.89,1672,23,0
1779171000,4548.91,4552.06,4547.26,4551.83,1471,23,0
1779171300,4551.83,4552.98,4548.47,4551.08,1458,23,0
1779171600,4551.09,4551.88,4546.81,4548.39,1464,23,0
1779171900,4548.39,4550.61,4547.65,4549.13,1504,23,0
1779172200,4549.13,4550.58,4547.00,4549.90,1521,23,0
1779172500,4549.89,4555.01,4549.70,4554.66,1266,23,0
1779172800,4554.66,4554.67,4547.60,4547.75,1406,23,0
1779173100,4547.76,4548.71,4544.60,4547.13,1500,23,0
1779173400,4547.15,4549.42,4546.20,4548.73,1138,23,0
1779173700,4548.73,4549.06,4544.33,4545.01,1393,23,0
1779174000,4545.00,4545.37,4541.51,4544.14,1580,23,0
1779174300,4544.15,4545.67,4541.11,4542.30,1464,23,0
1779174600,4542.30,4544.07,4538.76,4540.19,1466,23,0
1779174900,4540.19,4542.60,4538.38,4540.22,1398,23,0
1779175200,4540.23,4543.09,4540.21,4542.50,1373,23,0
1779175500,4542.51,4542.61,4538.21,4540.33,1568,23,0
1779175800,4540.24,4540.77,4537.94,4538.75,1189,23,0
1779176100,4538.76,4542.02,4538.73,4540.52,1243,23,0
1779176400,4540.57,4542.25,4539.38,4539.77,1327,23,0
1779176700,4539.77,4542.46,4539.74,4540.60,1400,23,0
1779177000,4540.60,4542.85,4540.09,4542.54,1365,23,0
1779177300,4542.46,4543.75,4541.53,4542.44,1069,23,0
1779177600,4542.44,4544.94,4541.73,4544.27,1489,23,0
1779177900,4544.30,4545.30,4540.22,4545.29,1437,23,0
1779178200,4545.30,4546.53,4543.51,4544.83,1415,23,0
1779178500,4544.80,4545.29,4541.29,4542.00,1315,23,0
1779178800,4542.00,4542.48,4530.95,4535.37,1770,23,0
1779179100,4535.41,4540.57,4533.22,4538.48,1966,23,0
1779179400,4538.47,4540.25,4533.07,4536.94,2236,23,0
1779179700,4536.95,4541.42,4534.76,4539.76,2157,23,0
1779180000,4539.76,4544.15,4538.05,4538.51,1953,23,0
1779180300,4538.52,4541.69,4532.98,4533.89,2144,23,0
1779180600,4533.78,4541.44,4533.16,4539.87,2026,23,0
1779180900,4539.86,4543.47,4538.65,4540.85,1973,23,0
1779181200,4540.85,4541.45,4533.47,4539.24,2158,23,0
1779181500,4538.72,4540.48,4536.11,4537.72,2126,23,0
1779181800,4537.73,4545.86,4537.17,4541.99,2131,23,0
1779182100,4542.00,4550.20,4540.95,4550.13,2138,23,0
1779182400,4550.12,4551.23,4545.62,4549.50,2036,23,0
1779182700,4549.39,4553.92,4547.71,4547.77,2009,23,0
1779183000,4547.56,4551.31,4544.85,4550.25,2136,23,0
1779183300,4550.25,4552.49,4546.39,4552.23,1861,23,0
1779183600,4552.23,4552.85,4548.84,4552.17,1651,23,0
1779183900,4552.17,4552.44,4543.10,4543.16,1806,23,0
1779184200,4543.17,4547.40,4543.16,4546.84,1467,23,0
1779184500,4546.85,4549.63,4546.83,4548.03,1624,23,0
1779184800,4548.10,4548.85,4544.17,4547.86,1798,23,0
1779185100,4547.87,4555.28,4546.90,4552.92,1857,23,0
1779185400,4552.92,4553.84,4547.18,4548.65,1759,23,0
1779185700,4548.65,4550.09,4546.70,4548.67,1560,23,0
1779186000,4548.64,4549.90,4544.93,4547.06,1664,23,0
1779186300,4547.05,4548.26,4543.08,4548.26,1563,23,0
1779186600,4548.26,4549.28,4543.77,4544.06,1525,23,0
1779186900,4544.07,4547.75,4542.56,4543.18,1725,23,0
1779187200,4543.19,4544.95,4541.38,4542.12,1678,23,0
1779187500,4542.11,4554.21,4541.97,4550.97,1910,23,0
1779187800,4550.97,4553.81,4547.91,4552.16,1893,23,0
1779188100,4552.16,4559.32,4552.16,4557.20,1767,23,0
1779188400,4557.18,4559.13,4552.66,4552.84,1781,23,0
1779188700,4552.84,4552.95,4543.92,4544.33,1774,23,0
1779189000,4544.33,4547.97,4542.57,4546.39,1906,23,0
1779189300,4546.34,4548.10,4544.25,4544.27,1779,23,0
1779189600,4544.27,4544.94,4539.09,4540.59,1587,23,0
1779189900,4540.59,4540.93,4536.36,4538.30,1914,23,0
1779190200,4538.32,4544.28,4536.94,4544.28,1789,23,0
1779190500,4544.25,4545.01,4542.39,4543.19,1539,23,0
1779190800,4543.20,4543.71,4542.18,4543.24,1299,23,0
1779191100,4543.24,4548.62,4542.97,4546.04,1546,23,0
1779191400,4546.05,4547.31,4538.32,4542.58,1544,23,0
1779191700,4542.58,4544.25,4541.90,4542.72,1166,23,0
1779192000,4542.74,4542.76,4539.95,4541.40,1528,23,0
1779192300,4541.39,4541.42,4536.95,4540.60,1577,23,0
1779192600,4540.59,4540.99,4537.12,4539.60,1486,23,0
1779192900,4539.60,4540.14,4536.08,4539.93,1678,23,0
1779193200,4539.92,4546.73,4539.77,4546.44,1616,23,0
1779193500,4546.45,4546.71,4540.28,4540.62,1796,23,0
1779193800,4540.63,4543.13,4536.69,4539.43,2012,23,0
1779194100,4539.20,4542.20,4537.27,4539.34,1729,23,0
1779194400,4539.35,4540.46,4538.07,4539.56,1675,23,0
1779194700,4539.55,4541.25,4538.36,4540.72,1582,23,0
1779195000,4540.73,4543.50,4539.11,4543.22,1463,23,0
1779195300,4543.25,4544.71,4540.75,4541.81,1502,23,0
1779195600,4541.80,4541.81,4536.49,4536.53,1611,23,0
1779195900,4536.53,4541.98,4536.06,4540.20,1415,23,0
1779196200,4540.20,4542.33,4538.75,4541.45,1328,23,0
1779196500,4541.45,4541.85,4538.35,4539.56,1305,23,0
1779196800,4539.56,4541.62,4538.96,4540.77,1332,23,0
1779197100,4540.77,4540.86,4539.20,4539.86,1272,23,0
1779197400,4539.85,4542.43,4538.91,4541.55,1473,23,0
1779197700,4541.34,4542.97,4534.32,4540.93,1812,23,0
1779198000,4540.96,4541.46,4525.45,4529.16,2177,23,0
1779198300,4529.14,4534.47,4527.71,4532.88,2072,23,0
1779198600,4532.87,4535.86,4532.11,4535.23,1799,23,0
1779198900,4535.24,4544.67,4535.23,4544.65,1921,23,0
1779199200,4544.63,4547.91,4543.07,4543.61,1969,23,0
1779199500,4543.61,4543.72,4540.60,4541.30,1702,23,0
1779199800,4541.30,4542.22,4535.94,4536.71,1790,23,0
1779200100,4536.71,4542.09,4535.79,4541.00,1572,23,0
1779200400,4540.93,4542.01,4538.88,4541.06,1519,23,0
1779200700,4541.05,4542.13,4536.92,4539.31,1504,23,0
1779201000,4539.31,4540.82,4537.69,4539.27,1649,23,0
1779201300,4539.26,4539.33,4536.87,4538.03,1477,23,0
1779201600,4538.03,4543.11,4537.14,4542.25,1570,23,0
1779201900,4542.03,4542.30,4537.29,4539.92,1598,23,0
1779202200,4539.92,4540.10,4534.47,4534.84,1603,23,0
1779202500,4534.84,4534.95,4529.89,4530.72,1804,23,0
1779202800,4530.76,4535.96,4527.44,4535.43,1960,23,0
1779203100,4535.44,4542.37,4533.36,4542.23,1825,23,0
1779203400,4542.23,4546.63,4541.39,4542.21,1877,23,0
1779203700,4542.21,4543.66,4536.75,4539.95,1765,23,0
1779204000,4539.96,4544.22,4539.58,4543.82,1747,23,0
1779204300,4543.82,4544.20,4540.51,4543.59,1583,23,0
1779204600,4543.31,4546.92,4542.05,4543.69,1853,23,0
1779204900,4543.70,4547.11,4541.32,4542.49,1780,23,0
1779205200,4542.49,4546.42,4536.76,4537.41,2012,23,0
1779205500,4537.41,4540.01,4535.67,4539.43,1763,23,0
1779205800,4539.44,4541.38,4537.26,4541.17,1584,23,0
1779206100,4541.18,4541.58,4536.72,4537.13,1510,23,0
1779206400,4537.11,4537.39,4521.95,4523.44,2251,23,0
1779206700,4523.48,4525.20,4514.93,4522.59,2476,23,0
1779207000,4522.69,4526.43,4519.63,4524.33,2245,23,0
1779207300,4524.34,4526.12,4516.38,4517.17,2202,23,0
1779207600,4517.18,4519.70,4503.63,4504.90,2509,23,0
1779207900,4505.02,4505.02,4491.07,4492.09,2590,23,0
1779208200,4492.20,4495.51,4464.93,4481.49,2795,23,0
1779208500,4481.51,4486.84,4471.37,4483.33,2758,23,0
1779208800,4483.38,4483.50,4470.21,4476.08,2732,23,0
1779209100,4476.07,4482.29,4474.14,4481.26,2698,23,0
1779209400,4481.25,4505.20,4479.88,4504.46,2705,23,0
1779209700,4504.54,4511.31,4498.00,4504.24,2674,23,0
1779210000,4504.22,4512.47,4495.90,4512.10,2665,23,0
1779210300,4511.80,4514.08,4494.73,4504.03,2696,23,0
1779210600,4504.02,4504.02,4492.23,4492.66,2605,23,0
1779210900,4492.68,4500.85,4491.99,4494.96,2500,23,0
1779211200,4494.94,4495.90,4484.80,4486.61,2607,23,0
1779211500,4486.59,4494.22,4484.51,4490.12,2617,23,0
1779211800,4490.08,4498.04,4488.74,4490.18,2551,23,0
1779212100,4490.21,4498.67,4489.09,4489.74,2512,23,0
1779212400,4489.73,4497.71,4487.54,4494.58,2551,23,0
1779212700,4494.59,4496.33,4487.74,4490.04,2476,23,0
1779213000,4490.02,4494.10,4486.26,4486.68,2416,23,0
1779213300,4486.70,4496.69,4486.64,4494.13,2334,23,0
1779213600,4494.13,4499.85,4494.01,4496.68,2307,23,0
1779213900,4496.66,4499.95,4489.91,4498.30,2314,23,0
1779214200,4498.35,4499.77,4495.74,4499.14,2203,23,0
1779214500,4499.01,4505.02,4498.27,4500.54,2181,23,0
1779214800,4500.47,4502.10,4493.93,4494.95,2207,23,0
1779215100,4494.97,4499.95,4494.41,4498.86,2153,23,0
1779215400,4498.89,4507.53,4497.89,4503.72,2273,23,0
1779215700,4503.57,4505.29,4498.92,4503.10,2207,23,0
1779216000,4503.04,4505.07,4500.62,4502.12,2128,23,0
1779216300,4502.10,4504.07,4500.25,4504.07,2054,23,0
1779216600,4504.06,4505.74,4501.74,4503.07,2010,23,0
1779216900,4503.08,4509.26,4503.01,4508.41,1962,23,0
1779217200,4508.41,4510.22,4505.30,4505.64,1934,23,0
1779217500,4505.64,4505.64,4497.46,4498.43,2033,23,0
1779217800,4498.43,4501.12,4496.20,4500.92,1922,23,0
1779218100,4500.94,4502.99,4498.80,4500.35,1731,23,0
1779218400,4500.34,4505.93,4500.21,4505.60,1740,23,0
1779218700,4505.60,4511.95,4505.60,4508.70,1928,23,0
1779219000,4508.74,4512.43,4506.68,4507.39,2052,23,0
1779219300,4507.39,4509.75,4505.82,4508.73,1833,23,0
1779219600,4508.73,4509.43,4505.61,4505.93,1722,23,0
1779219900,4505.92,4506.47,4504.59,4505.98,1712,23,0
1779220200,4505.98,4507.72,4504.74,4505.47,1591,23,0
1779220500,4505.46,4509.22,4504.93,4507.72,1564,23,0
1779220800,4507.71,4509.69,4505.97,4506.86,1831,23,0
1779221100,4506.86,4509.28,4505.84,4508.08,1700,23,0
1779221400,4508.09,4510.81,4506.27,4510.29,1494,23,0
1779221700,4510.30,4511.04,4507.73,4508.32,1505,23,0
1779222000,4508.24,4508.24,4503.37,4503.55,1641,23,0
1779222300,4503.55,4508.39,4503.55,4507.00,1767,23,0
1779222600,4506.98,4508.33,4503.96,4504.17,1546,23,0
1779222900,4504.15,4506.82,4503.62,4506.82,1632,23,0
1779223200,4506.94,4507.02,4502.74,4504.46,1806,23,0
1779223500,4504.46,4504.87,4500.47,4500.75,1695,23,0
1779223800,4500.75,4501.76,4499.11,4499.57,1670,23,0
1779224100,4499.56,4501.39,4499.42,4500.82,1485,23,0
1779224400,4500.83,4501.63,4499.83,4501.03,1634,23,0
1779224700,4501.03,4503.64,4499.74,4503.18,1555,23,0
1779225000,4503.16,4503.50,4500.91,4500.98,1392,23,0
1779225300,4500.98,4501.96,4499.56,4499.65,1508,23,0
1779225600,4499.65,4499.77,4495.57,4498.53,1893,23,0
1779225900,4498.53,4500.12,4495.83,4496.03,1854,23,0
1779226200,4496.03,4498.99,4493.27,4497.74,1872,23,0
1779226500,4497.73,4500.03,4496.22,4499.82,1638,23,0
1779226800,4499.82,4500.81,4498.21,4499.07,1618,23,0
1779227100,4499.07,4500.00,4498.06,4499.34,1624,23,0
1779227400,4499.32,4499.62,4493.56,4493.88,1553,23,0
1779227700,4493.84,4494.74,4490.29,4493.59,2018,23,0
1779228000,4493.60,4496.55,4493.06,4493.77,1973,23,0
1779228300,4493.77,4496.13,4493.77,4495.46,1524,23,0
1779228600,4495.46,4497.53,4495.21,4497.00,1579,23,0
1779228900,4497.00,4497.34,4492.07,4492.76,1641,23,0
1779229200,4492.74,4493.07,4486.51,4486.69,1805,23,0
1779229500,4486.66,4488.77,4485.56,4486.96,1672,23,0
1779229800,4486.97,4489.88,4486.19,4486.34,1723,23,0
1779230100,4486.33,4488.78,4486.29,4487.57,1603,23,0
1779230400,4487.57,4488.68,4485.90,4488.27,1568,23,0
1779230700,4488.34,4488.80,4485.95,4486.60,1651,23,0
1779231000,4486.60,4486.97,4483.68,4483.77,1777,23,0
1779231300,4483.76,4483.94,4481.23,4483.37,1953,23,0
1779231600,4483.40,4484.21,4480.96,4482.55,1486,23,0
1779231900,4482.56,4486.18,4481.61,4485.45,1094,23,0
1779232200,4485.44,4487.00,4484.26,4485.55,1018,23,0
1779232500,4485.54,4485.69,4483.43,4485.41,977,23,0
1779232800,4485.41,4488.17,4485.05,4487.35,870,23,0
1779233100,4487.34,4487.58,4485.71,4486.20,804,23,0
1779233400,4486.17,4486.29,4483.27,4483.95,788,28,0
1779233700,4483.92,4484.72,4483.19,4483.25,755,28,0
1779234000,4483.26,4484.45,4481.93,4483.34,863,28,0
1779234300,4483.34,4484.20,4482.63,4483.08,834,28,0
1779234600,4483.07,4484.15,4482.25,4482.51,757,28,0
1779234900,4482.51,4484.04,4481.81,4481.90,407,28,0
1779238800,4482.91,4484.76,4480.35,4484.39,1127,28,0
1779239100,4484.40,4485.80,4482.58,4484.49,587,28,0
1779239400,4484.50,4484.67,4482.62,4482.78,601,28,0
1779239700,4482.71,4482.84,4478.03,4480.08,857,28,0
1779240000,4480.08,4481.24,4479.35,4480.67,703,28,0
1779240300,4480.67,4480.69,4478.42,4479.33,769,28,0
1779240600,4479.35,4484.06,4477.40,4483.98,1215,23,0
1779240900,4483.97,4485.80,4480.04,4480.77,1155,23,0
1779241200,4480.77,4484.27,4479.85,4481.98,1006,23,0
1779241500,4481.98,4483.66,4480.04,4482.13,1016,23,0
1779241800,4482.13,4482.93,4479.39,4481.39,1142,23,0
1779242100,4481.39,4484.57,4481.19,4484.34,955,23,0
1779242400,4484.34,4484.35,4479.83,4483.29,1066,23,0
1779242700,4483.30,4484.50,4481.55,4483.62,701,23,0
1779243000,4483.69,4486.67,4483.47,4486.24,938,23,0
1779243300,4486.25,4488.66,4483.28,4488.25,1144,23,0
1779243600,4488.25,4488.62,4484.95,4486.80,1021,23,0
1779243900,4486.79,4487.65,4485.63,4486.20,677,23,0
1779244200,4486.17,4493.62,4485.68,4493.31,1293,23,0
1779244500,4493.22,4494.34,4489.29,4493.36,1311,23,0
1779244800,4493.35,4496.38,4491.48,4492.33,1153,23,0
1779245100,4492.34,4494.21,4489.94,4493.47,1149,23,0
1779245400,4493.48,4494.56,4490.25,4490.94,1104,23,0
1779245700,4490.94,4492.74,4488.19,4489.31,1127,23,0
1779246000,4489.34,4489.85,4482.65,4486.05,1808,20,0
1779246300,4486.05,4486.78,4479.68,4484.13,1967,23,0
1779246600,4484.14,4490.53,4481.73,4488.54,2092,23,0
1779246900,4488.54,4490.55,4482.56,4483.64,2172,23,0
1779247200,4483.67,4491.46,4481.29,4491.31,2260,23,0
1779247500,4491.32,4501.99,4490.16,4501.99,2357,23,0
1779247800,4502.00,4507.30,4500.25,4503.04,2315,23,0
1779248100,4503.04,4505.58,4499.78,4501.73,2180,23,0
1779248400,4501.77,4506.83,4501.17,4505.17,2173,23,0
1779248700,4505.19,4508.81,4503.13,4504.91,2083,23,0
1779249000,4504.87,4505.47,4500.62,4503.41,2041,23,0
1779249300,4503.46,4503.74,4498.07,4500.92,1915,23,0
1779249600,4500.89,4506.08,4489.87,4493.80,2564,23,0
1779249900,4493.84,4495.42,4487.99,4495.08,2340,23,0
1779250200,4495.08,4500.40,4491.27,4492.42,2294,23,0
1779250500,4492.42,4496.20,4491.77,4495.69,2219,23,0
1779250800,4495.75,4496.51,4483.16,4484.71,2239,23,0
1779251100,4484.71,4485.70,4472.80,4473.58,2393,23,0
1779251400,4473.58,4476.95,4467.73,4473.32,2511,23,0
1779251700,4473.34,4473.35,4456.06,4467.96,2537,23,0
1779252000,4467.99,4469.08,4461.66,4466.71,2470,23,0
1779252300,4466.72,4473.68,4463.09,4472.38,2398,23,0
1779252600,4472.39,4488.47,4472.31,4481.68,2587,23,0
1779252900,4481.66,4482.65,4478.67,4481.30,2258,23,0
1779253200,4481.30,4485.14,4480.23,4485.12,2263,23,0
1779253500,4485.11,4486.95,4478.54,4479.50,2238,23,0
1779253800,4479.50,4481.83,4476.12,4481.24,2187,23,0
1779254100,4481.26,4482.65,4476.45,4477.28,1974,23,0
1779254400,4477.25,4486.87,4476.50,4484.60,1965,23,0
1779254700,4484.61,4484.86,4479.34,4481.48,2052,23,0
1779255000,4481.47,4483.43,4465.79,4470.50,2490,23,0
1779255300,4470.51,4471.13,4465.67,4469.67,2424,23,0
1779255600,4469.71,4471.59,4460.67,4460.68,2234,23,0
1779255900,4460.68,4465.01,4459.64,4464.07,2252,23,0
1779256200,4464.32,4466.03,4461.85,4463.30,1975,23,0
1779256500,4463.30,4466.10,4458.51,4465.27,1967,23,0
1779256800,4465.25,4467.13,4460.04,4463.17,2075,23,0
1779257100,4463.17,4463.76,4453.59,4456.72,2193,23,0
1779257400,4456.72,4461.02,4456.03,4457.90,1951,23,0
1779257700,4457.92,4463.95,4457.18,4462.58,1809,23,0
1779258000,4462.58,4463.20,4460.27,4462.34,1618,23,0
1779258300,4462.35,4464.30,4459.83,4461.02,1881,23,0
1779258600,4461.04,4461.81,4457.59,4458.76,1958,23,0
1779258900,4458.76,4466.09,4458.64,4464.53,1819,23,0
1779259200,4464.53,4466.06,4460.31,4460.62,1753,23,0
1779259500,4460.61,4461.45,4458.19,4459.61,1567,23,0
1779259800,4459.65,4461.51,4458.64,4460.18,1336,23,0
1779260100,4460.47,4465.20,4460.09,4463.66,1443,23,0
1779260400,4463.66,4470.12,4463.28,4468.76,1825,23,0
1779260700,4468.76,4469.38,4466.71,4467.66,1339,23,0
1779261000,4467.66,4469.59,4465.31,4469.20,1467,23,0
1779261300,4469.20,4470.66,4465.56,4465.86,1463,23,0
1779261600,4465.80,4467.08,4463.26,4466.84,1645,23,0
1779261900,4466.82,4467.23,4462.43,4465.10,1504,23,0
1779262200,4465.19,4465.89,4462.00,4462.78,1523,23,0
1779262500,4462.76,4465.67,4460.68,4464.12,1622,23,0
1779262800,4464.12,4465.60,4460.64,4463.08,1490,23,0
1779263100,4463.07,4463.20,4456.77,4459.87,1576,23,0
1779263400,4459.88,4463.06,4459.39,4461.24,1516,23,0
1779263700,4461.25,4462.78,4459.98,4461.99,1157,23,0
1779264000,4461.98,4471.62,4461.66,4471.06,1810,23,0
1779264300,4471.06,4472.85,4467.65,4468.56,1650,23,0
1779264600,4468.56,4469.83,4467.20,4469.40,1363,23,0
1779264900,4469.40,4471.94,4467.44,4471.47,1494,23,0
1779265200,4471.47,4475.30,4471.05,4471.07,1605,23,0
1779265500,4471.06,4471.66,4467.09,4468.32,1749,23,0
1779265800,4468.32,4478.94,4468.16,4477.03,2300,23,0
1779266100,4477.17,4478.64,4475.12,4476.76,2063,23,0
1779266400,4476.75,4478.10,4471.62,4472.30,1894,23,0
1779266700,4472.31,4472.43,4463.30,4465.41,2006,23,0
1779267000,4465.41,4472.42,4464.41,4471.39,1898,23,0
1779267300,4471.39,4475.27,4471.24,4472.75,1697,23,0
1779267600,4472.76,4477.58,4470.64,4472.81,2105,23,0
1779267900,4472.81,4474.25,4469.02,4469.63,2011,23,0
1779268200,4469.65,4471.67,4467.47,4471.67,1843,23,0
1779268500,4471.67,4478.38,4471.67,4477.16,2143,23,0
1779268800,4477.16,4477.63,4468.59,4468.68,2117,23,0
1779269100,4468.69,4474.48,4467.95,4471.91,2214,23,0
1779269400,4471.92,4472.52,4466.68,4466.87,2006,23,0
1779269700,4466.85,4468.35,4461.43,4466.68,2057,23,0
1779270000,4466.72,4467.05,4463.88,4467.02,1798,23,0
1779270300,4467.02,4474.92,4465.32,4473.88,1792,23,0
1779270600,4473.89,4478.42,4472.42,4474.83,2194,23,0
1779270900,4474.84,4475.79,4471.38,4474.35,1913,23,0
1779271200,4474.25,4479.00,4471.99,4477.36,2077,23,0
1779271500,4477.33,4483.56,4475.38,4483.18,1905,23,0
1779271800,4483.16,4485.23,4480.34,4481.18,1969,23,0
1779272100,4481.18,4481.20,4477.92,4478.78,1726,23,0
1779272400,4478.76,4484.13,4476.46,4480.28,1764,23,0
1779272700,4480.27,4483.42,4479.65,4482.75,1652,23,0
1779273000,4482.75,4485.98,4477.61,4478.13,1776,23,0
1779273300,4478.24,4481.08,4476.03,4480.32,1717,23,0
1779273600,4480.32,4483.71,4478.63,4481.32,1822,23,0
1779273900,4481.34,4482.01,4476.16,4477.96,1584,23,0
1779274200,4477.96,4479.11,4475.13,4479.11,1627,23,0
1779274500,4479.11,4479.84,4476.83,4478.60,1592,23,0
1779274800,4478.61,4481.47,4476.74,4481.17,1783,23,0
1779275100,4481.18,4483.19,4476.98,4478.91,1709,23,0
1779275400,4478.92,4484.18,4477.41,4482.40,1927,23,0
1779275700,4482.40,4483.99,4479.56,4481.75,1677,23,0
1779276000,4481.69,4486.47,4478.37,4484.29,2011,23,0
1779276300,4484.29,4486.08,4482.42,4486.05,1745,23,0
1779276600,4486.25,4489.40,4483.04,4483.13,1956,23,0
1779276900,4483.13,4484.44,4478.71,4483.54,1787,23,0
1779277200,4483.59,4483.73,4476.82,4479.23,1754,23,0
1779277500,4479.24,4483.12,4479.17,4481.77,1855,23,0
1779277800,4481.83,4489.48,4481.35,4489.16,1736,23,0
1779278100,4489.16,4490.15,4483.46,4484.10,1651,23,0
1779278400,4484.12,4486.01,4483.49,4484.53,1479,23,0
1779278700,4484.53,4486.12,4481.55,4482.06,1694,23,0
1779279000,4482.05,4482.46,4479.80,4480.24,1581,23,0
1779279300,4480.22,4482.47,4479.09,4482.44,1520,23,0
1779279600,4482.47,4483.61,4478.65,4479.37,1428,23,0
1779279900,4479.37,4479.50,4472.79,4474.18,1571,23,0
1779280200,4474.18,4482.85,4472.88,4482.35,1923,23,0
1779280500,4482.35,4483.37,4480.12,4483.32,1488,23,0
1779280800,4483.28,4484.81,4483.08,4483.20,1362,23,0
1779281100,4483.20,4484.45,4481.85,4483.11,1241,23,0
1779281400,4483.10,4490.21,4482.72,4489.43,1645,23,0
1779281700,4489.44,4491.07,4484.42,4484.93,1378,23,0
1779282000,4484.92,4487.48,4484.72,4485.95,1463,23,0
1779282300,4485.94,4492.24,4485.94,4489.77,1339,23,0
1779282600,4489.77,4490.97,4486.79,4487.97,1243,23,0
1779282900,4488.00,4491.17,4487.20,4488.25,1222,23,0
1779283200,4488.25,4492.62,4488.16,4491.49,1354,23,0
1779283500,4491.49,4492.20,4488.81,4488.96,1270,23,0
1779283800,4488.96,4492.50,4488.57,4492.50,1322,23,0
1779284100,4492.47,4497.01,4492.29,4495.73,1740,23,0
1779284400,4495.73,4496.78,4493.94,4494.26,1516,23,0
1779284700,4494.26,4495.84,4492.13,4492.52,1555,23,0
1779285000,4492.45,4495.05,4490.13,4494.65,1438,23,0
1779285300,4494.67,4494.79,4492.56,4494.67,1266,23,0
1779285600,4494.61,4496.72,4492.75,4494.26,1582,23,0
1779285900,4494.26,4495.86,4494.13,4494.61,1387,23,0
1779286200,4494.70,4496.18,4492.91,4493.04,1349,23,0
1779286500,4493.04,4496.48,4491.66,4491.96,1325,23,0
1779286800,4491.96,4496.47,4491.14,4495.90,1305,23,0
1779287100,4495.87,4501.10,4495.48,4500.02,1482,23,0
1779287400,4500.01,4500.32,4496.60,4498.68,1522,23,0
1779287700,4498.68,4499.15,4496.06,4497.48,1306,23,0
1779288000,4497.59,4498.41,4493.38,4495.25,1598,23,0
1779288300,4495.24,4496.77,4492.01,4493.12,1574,23,0
1779288600,4493.12,4498.14,4490.84,4498.14,1780,23,0
1779288900,4498.07,4499.52,4496.17,4499.14,1514,23,0
1779289200,4499.14,4501.10,4496.00,4496.51,1725,23,0
1779289500,4496.51,4500.01,4495.84,4497.56,1603,23,0
1779289800,4497.52,4497.79,4496.28,4496.53,1435,23,0
1779290100,4496.57,4497.06,4493.91,4494.33,1515,23,0
1779290400,4494.38,4496.93,4492.93,4496.30,1717,23,0
1779290700,4496.31,4499.44,4496.22,4499.41,1935,23,0
1779291000,4499.68,4504.35,4499.32,4503.63,2090,23,0
1779291300,4503.64,4504.63,4501.00,4503.77,1809,23,0
1779291600,4503.78,4504.58,4501.31,4502.87,1610,23,0
1779291900,4502.87,4505.42,4501.84,4503.04,1624,23,0
1779292200,4503.05,4503.05,4498.55,4498.67,1584,23,0
1779292500,4498.60,4498.75,4493.94,4496.20,1808,23,0
1779292800,4496.19,4501.22,4493.93,4497.66,2346,23,0
1779293100,4497.70,4501.74,4496.52,4498.72,2129,23,0
1779293400,4498.73,4506.20,4497.37,4505.21,2012,23,0
1779293700,4505.22,4505.31,4498.96,4499.25,2024,23,0
1779294000,4499.28,4500.35,4493.85,4494.28,1931,23,0
1779294300,4494.27,4494.92,4489.36,4489.36,2160,23,0
1779294600,4489.32,4493.04,4488.15,4491.58,2443,23,0
1779294900,4491.57,4492.92,4484.68,4485.30,2468,23,0
1779295200,4485.30,4490.26,4483.10,4489.93,2471,23,0
1779295500,4489.93,4492.00,4486.33,4487.04,2446,23,0
1779295800,4487.04,4489.42,4484.84,4485.99,2408,23,0
1779296100,4485.98,4486.34,4482.02,4483.03,2313,23,0
1779296400,4483.09,4485.13,4480.89,4481.43,2380,23,0
1779296700,4481.43,4481.60,4474.89,4476.14,2350,23,0
1779297000,4476.11,4480.36,4467.07,4476.86,2587,23,0
1779297300,4476.88,4503.63,4476.60,4498.65,2848,23,0
1779297600,4498.54,4510.87,4495.75,4502.61,2770,23,0
1779297900,4502.76,4507.08,4498.91,4506.87,2633,23,0
1779298200,4506.88,4528.51,4506.88,4524.61,2771,23,0
1779298500,4524.77,4526.99,4515.34,4523.63,2689,23,0
1779298800,4523.70,4523.97,4517.11,4520.57,2502,23,0
1779299100,4520.58,4524.20,4516.83,4521.83,2481,23,0
1779299400,4521.83,4529.82,4521.06,4529.55,2514,23,0
1779299700,4529.52,4537.28,4528.83,4531.31,2532,23,0
1779300000,4531.29,4535.73,4529.38,4530.65,2425,23,0
1779300300,4530.41,4531.85,4523.82,4526.30,2390,23,0
1779300600,4526.35,4526.92,4523.18,4524.49,2216,23,0
1779300900,4524.49,4552.70,4524.46,4543.32,2800,23,0
1779301200,4543.37,4545.36,4535.73,4536.32,2618,23,0
1779301500,4536.18,4537.27,4528.55,4529.39,2516,23,0
1779301800,4529.49,4534.98,4527.63,4534.88,2394,23,0
1779302100,4534.89,4539.13,4534.68,4537.66,2310,23,0
1779302400,4537.66,4539.40,4534.71,4536.85,2183,23,0
1779302700,4536.88,4537.75,4535.24,4537.16,2141,23,0
1779303000,4537.18,4537.80,4532.45,4533.36,2094,23,0
1779303300,4533.35,4534.07,4527.23,4529.12,2269,23,0
1779303600,4529.14,4532.26,4528.40,4532.05,1967,23,0
1779303900,4532.08,4535.22,4531.43,4533.36,1932,23,0
1779304200,4533.34,4534.82,4531.48,4533.75,1895,23,0
1779304500,4533.73,4533.75,4529.58,4530.78,1874,23,0
1779304800,4530.79,4531.28,4525.05,4526.08,2249,23,0
1779305100,4526.06,4527.57,4524.13,4525.91,2077,23,0
1779305400,4525.97,4529.44,4524.16,4525.74,2023,23,0
1779305700,4525.75,4528.58,4525.37,4527.40,1847,23,0
1779306000,4527.42,4533.65,4527.31,4533.60,1987,23,0
1779306300,4533.77,4534.94,4530.18,4532.25,2089,23,0
1779306600,4532.25,4533.37,4530.99,4532.68,1829,23,0
1779306900,4532.68,4535.40,4531.22,4534.44,1806,23,0
1779307200,4534.45,4534.85,4531.47,4532.08,1831,23,0
1779307500,4532.06,4535.64,4531.32,4535.62,1698,23,0
1779307800,4535.62,4538.18,4533.34,4534.38,1926,23,0
1779308100,4534.36,4535.64,4533.05,4535.13,1886,23,0
1779308400,4535.12,4536.83,4533.12,4533.87,1911,23,0
1779308700,4533.91,4536.37,4530.92,4532.39,1980,23,0
1779309000,4532.40,4535.00,4529.93,4530.92,1814,23,0
1779309300,4530.93,4536.47,4530.19,4536.01,1883,23,0
1779309600,4535.91,4536.05,4532.98,4533.14,1480,23,0
1779309900,4533.12,4535.23,4532.33,4533.60,1529,23,0
1779310200,4533.60,4534.45,4531.94,4531.95,1423,23,0
1779310500,4531.96,4532.51,4530.23,4531.47,1353,23,0
1779310800,4531.41,4533.01,4529.52,4532.35,1559,23,0
1779311100,4532.36,4533.63,4530.51,4532.94,1594,23,0
1779311400,4532.94,4533.97,4532.28,4532.88,1491,23,0
1779311700,4532.87,4536.62,4532.85,4536.21,1635,23,0
1779312000,4536.21,4536.54,4532.76,4533.61,1661,23,0
1779312300,4533.63,4535.13,4531.90,4534.99,1869,23,0
1779312600,4534.99,4539.74,4534.97,4539.64,1533,23,0
1779312900,4539.72,4543.44,4539.72,4542.88,1527,23,0
1779313200,4542.89,4543.18,4537.03,4537.06,1571,23,0
1779313500,4537.15,4540.63,4536.82,4539.71,1645,23,0
1779313800,4539.71,4543.23,4539.19,4542.02,1536,23,0
1779314100,4542.02,4545.05,4541.86,4542.36,1545,23,0
1779314400,4542.35,4544.68,4542.04,4542.64,1498,23,0
1779314700,4542.61,4544.17,4541.74,4543.27,1403,23,0
1779315000,4543.28,4545.23,4542.87,4543.84,1335,23,0
1779315300,4543.84,4545.73,4543.65,4545.70,1402,23,0
1779315600,4545.70,4546.01,4543.32,4544.18,1350,23,0
1779315900,4544.18,4545.64,4543.72,4545.08,1332,23,0
1779316200,4545.08,4547.26,4545.08,4545.58,1424,23,0
1779316500,4545.58,4550.05,4545.30,4548.22,1481,23,0
1779316800,4548.23,4549.32,4545.51,4546.40,1532,23,0
1779317100,4546.40,4547.64,4545.60,4546.30,1437,23,0
1779317400,4546.31,4548.48,4545.41,4547.98,1805,23,0
1779317700,4548.02,4548.40,4545.42,4545.77,1893,23,0
1779318000,4545.77,4548.01,4545.66,4546.77,1401,23,0
1779318300,4546.77,4547.01,4545.39,4546.33,934,23,0
1779318600,4546.33,4550.37,4545.76,4546.69,1030,23,0
1779318900,4546.69,4548.28,4545.43,4547.20,1085,23,0
1779319200,4547.25,4547.25,4543.16,4545.24,1829,23,0
1779319500,4545.26,4546.58,4545.09,4545.67,1468,23,0
1779319800,4545.67,4546.30,4543.63,4544.00,1361,24,0
1779320100,4544.03,4544.99,4543.15,4543.76,1038,28,0
1779320400,4543.76,4544.20,4542.69,4543.43,1113,28,0
1779320700,4543.39,4544.63,4542.34,4542.88,1084,28,0
1779321000,4542.91,4544.05,4541.99,4542.84,865,28,0
1779321300,4542.92,4543.81,4542.49,4543.78,565,28,0
1779325200,4545.58,4548.68,4543.07,4544.44,1221,28,0
1779325500,4544.44,4546.81,4539.52,4539.76,1169,28,0
1779325800,4539.61,4542.53,4538.71,4540.06,1343,28,0
1779326100,4540.07,4540.45,4537.23,4537.75,1201,28,0
1779326400,4537.73,4538.51,4535.24,4536.92,1273,28,0
1779326700,4536.93,4539.22,4536.33,4538.84,859,28,0
1779327000,4538.83,4542.51,4538.66,4541.24,1080,23,0
1779327300,4541.24,4543.43,4540.60,4542.72,811,23,0
1779327600,4542.71,4543.12,4540.49,4542.19,817,23,0
1779327900,4542.17,4544.64,4540.60,4541.36,999,23,0
1779328200,4541.36,4542.18,4537.24,4540.84,1235,23,0
1779328500,4540.84,4541.82,4537.79,4539.90,1070,23,0
1779328800,4539.91,4542.08,4539.91,4542.07,727,23,0
1779329100,4542.07,4543.13,4538.66,4538.66,899,23,0
1779329400,4538.66,4540.38,4537.98,4539.87,789,23,0
1779329700,4539.88,4540.67,4538.91,4539.05,772,23,0
1779330000,4539.05,4539.26,4536.42,4537.24,1043,23,0
1779330300,4537.24,4538.50,4534.61,4538.42,1071,23,0
1779330600,4538.45,4541.18,4537.97,4539.98,1095,23,0
1779330900,4539.98,4545.40,4539.86,4545.39,850,23,0
1779331200,4545.40,4545.40,4542.50,4542.90,920,23,0
1779331500,4542.91,4547.28,4541.88,4545.20,1212,23,0
1779331800,4545.22,4545.40,4542.86,4544.88,1006,23,0
1779332100,4544.89,4546.54,4543.99,4546.51,1056,23,0
1779332400,4546.57,4548.63,4540.28,4542.47,2031,20,0
1779332700,4542.48,4545.05,4540.26,4544.41,1969,23,0
1779333000,4544.41,4545.58,4542.91,4544.91,1964,23,0
1779333300,4544.91,4553.20,4539.99,4546.00,2139,23,0
1779333600,4545.99,4546.51,4539.22,4541.34,1886,23,0
1779333900,4541.23,4545.10,4537.34,4543.68,1777,23,0
1779334200,4543.68,4545.05,4539.67,4544.41,1663,23,0
1779334500,4544.45,4545.04,4542.34,4542.44,1500,23,0
1779334800,4542.44,4543.96,4541.45,4543.73,1274,23,0
1779335100,4543.73,4544.91,4542.03,4544.39,1399,23,0
1779335400,4544.39,4548.75,4543.66,4547.71,1338,23,0
1779335700,4547.78,4548.25,4544.96,4545.31,1502,23,0
1779336000,4545.32,4549.35,4539.88,4543.72,2419,23,0
1779336300,4543.77,4550.91,4541.09,4549.65,2095,23,0
1779336600,4549.65,4560.04,4549.48,4559.87,2258,23,0
1779336900,4559.88,4561.17,4558.35,4559.53,2032,23,0
1779337200,4559.53,4567.77,4557.29,4565.13,2000,23,0
1779337500,4565.13,4567.57,4560.53,4567.15,1926,23,0
1779337800,4566.99,4569.20,4561.99,4562.85,2163,23,0
1779338100,4562.85,4566.89,4561.64,4565.64,1892,23,0
1779338400,4565.65,4570.68,4565.61,4567.74,1832,23,0
1779338700,4567.74,4568.28,4565.53,4565.54,1750,23,0
1779339000,4565.37,4565.79,4559.00,4559.91,1971,23,0
1779339300,4559.88,4561.93,4559.41,4560.99,1989,23,0
1779339600,4561.01,4564.89,4556.87,4557.17,1826,23,0
1779339900,4557.17,4559.59,4555.29,4555.89,1987,23,0
1779340200,4555.85,4555.88,4550.72,4551.80,1909,23,0
1779340500,4551.79,4553.15,4547.23,4548.92,1752,23,0
1779340800,4548.92,4549.51,4546.16,4547.80,1637,23,0
1779341100,4547.96,4548.51,4539.68,4540.29,1630,23,0
1779341400,4540.34,4542.30,4534.02,4536.97,2140,23,0
1779341700,4536.97,4541.63,4536.97,4539.87,1650,23,0
1779342000,4539.77,4540.17,4534.30,4536.36,1929,23,0
1779342300,4536.37,4537.25,4531.50,4534.36,1810,23,0
1779342600,4534.37,4536.56,4533.27,4533.89,1692,23,0
1779342900,4533.90,4536.00,4532.59,4533.28,1801,23,0
1779343200,4533.28,4535.25,4531.53,4534.87,1757,23,0
1779343500,4534.85,4537.63,4534.33,4537.16,1565,23,0
1779343800,4537.16,4538.96,4536.59,4537.86,1411,23,0
1779344100,4537.90,4538.06,4533.02,4535.46,1506,23,0
1779344400,4535.46,4540.25,4535.43,4537.73,1545,23,0
1779344700,4537.71,4538.27,4534.22,4535.76,1510,23,0
1779345000,4535.77,4537.28,4533.39,4534.26,1271,23,0
1779345300,4534.26,4534.63,4531.84,4532.60,1235,23,0
1779345600,4532.60,4536.17,4531.92,4534.00,1227,23,0
1779345900,4534.01,4534.40,4531.67,4531.86,1056,23,0
1779346200,4531.86,4532.02,4527.20,4528.22,1313,23,0
1779346500,4528.20,4529.71,4527.28,4528.33,1436,23,0
1779346800,4528.23,4532.92,4527.38,4531.95,1239,23,0
1779347100,4531.98,4533.63,4530.96,4532.60,1195,23,0
1779347400,4532.61,4536.48,4532.40,4536.09,1029,23,0
1779347700,4536.07,4536.45,4534.43,4534.51,1150,23,0
1779348000,4534.53,4537.13,4534.42,4536.73,945,23,0
1779348300,4536.72,4540.12,4536.72,4539.75,1237,23,0
1779348600,4539.80,4540.26,4536.48,4536.84,1204,23,0
1779348900,4536.84,4537.38,4533.85,4537.13,1191,23,0
1779349200,4537.13,4538.17,4536.31,4537.18,980,23,0
1779349500,4537.18,4537.24,4535.47,4536.29,950,23,0
1779349800,4536.29,4538.72,4535.81,4535.98,1011,23,0
1779350100,4535.99,4539.27,4535.99,4538.45,1173,23,0
1779350400,4538.46,4540.30,4536.71,4538.08,1360,23,0
1779350700,4538.07,4538.43,4530.98,4531.68,1578,23,0
1779351000,4531.68,4533.25,4529.73,4530.75,1598,23,0
1779351300,4530.71,4531.08,4526.14,4527.07,1460,23,0
1779351600,4527.07,4527.39,4524.90,4525.02,1427,23,0
1779351900,4525.01,4528.13,4521.55,4522.84,1770,23,0
1779352200,4522.82,4527.01,4518.49,4525.80,2186,23,0
1779352500,4525.80,4527.20,4521.41,4525.67,1953,23,0
1779352800,4525.66,4526.80,4524.31,4525.95,1826,23,0
1779353100,4525.95,4526.76,4518.57,4523.03,2006,23,0
1779353400,4523.27,4529.95,4522.77,4529.73,1898,23,0
1779353700,4529.69,4529.72,4525.79,4527.91,1755,23,0
1779354000,4527.91,4535.41,4526.66,4533.54,1829,23,0
1779354300,4533.55,4535.21,4531.16,4531.20,1655,23,0
1779354600,4531.22,4532.41,4527.31,4531.51,1960,23,0
1779354900,4531.46,4532.86,4528.56,4530.44,1848,23,0
1779355200,4530.44,4539.89,4529.55,4534.24,2107,23,0
1779355500,4534.18,4535.33,4529.97,4533.09,1886,23,0
1779355800,4533.09,4535.04,4528.12,4529.73,1940,23,0
1779356100,4529.73,4531.33,4527.39,4527.62,1894,23,0
1779356400,4527.70,4528.00,4522.97,4524.93,1808,23,0
1779356700,4524.94,4526.34,4521.96,4523.82,1835,23,0
1779357000,4523.82,4524.21,4520.50,4522.49,2099,23,0
1779357300,4522.51,4523.30,4518.87,4521.54,2085,23,0
1779357600,4521.51,4524.37,4519.15,4520.80,2045,23,0
1779357900,4520.81,4522.63,4518.17,4521.95,1799,23,0
1779358200,4521.94,4522.25,4519.14,4520.53,1802,23,0
1779358500,4520.53,4521.48,4517.42,4521.17,1943,23,0
1779358800,4521.15,4523.45,4517.37,4518.16,1802,23,0
1779359100,4518.16,4518.85,4512.00,4512.88,1857,23,0
1779359400,4512.86,4517.29,4512.08,4516.76,1718,23,0
1779359700,4516.67,4517.36,4514.49,4515.41,1602,23,0
1779360000,4515.43,4517.13,4514.27,4516.39,1384,23,0
1779360300,4516.38,4518.17,4514.25,4518.17,1315,23,0
1779360600,4518.16,4523.31,4515.78,4520.96,1633,23,0
1779360900,4520.98,4522.77,4519.57,4519.65,1398,23,0
1779361200,4519.64,4523.72,4518.31,4523.37,1774,23,0
1779361500,4523.36,4529.13,4522.30,4528.66,1869,23,0
1779361800,4528.58,4535.67,4527.65,4534.18,2174,23,0
1779362100,4534.24,4536.77,4530.09,4530.32,2215,23,0
1779362400,4530.34,4533.07,4529.64,4532.89,1856,23,0
1779362700,4532.90,4536.77,4529.25,4535.77,1870,23,0
1779363000,4535.69,4535.69,4528.26,4529.48,1972,23,0
1779363300,4529.48,4531.25,4526.63,4528.06,1729,23,0
1779363600,4528.06,4532.42,4527.98,4529.10,1591,23,0
1779363900,4529.10,4532.88,4528.28,4530.59,1810,23,0
1779364200,4530.58,4532.72,4530.01,4532.45,1670,23,0
1779364500,4532.44,4534.58,4532.32,4532.55,1761,23,0
1779364800,4532.53,4533.97,4532.02,4532.28,1734,23,0
1779365100,4532.29,4535.99,4531.80,4533.73,1862,23,0
1779365400,4533.72,4540.45,4533.22,4537.76,1768,23,0
1779365700,4537.75,4541.01,4536.41,4540.59,1699,23,0
1779366000,4540.56,4542.54,4537.19,4537.36,1773,23,0
1779366300,4537.36,4539.52,4535.43,4536.91,1638,23,0
1779366600,4536.93,4542.94,4533.83,4535.21,1840,23,0
1779366900,4535.23,4536.70,4532.57,4532.61,1572,23,0
1779367200,4532.62,4534.72,4529.65,4529.85,1668,23,0
1779367500,4529.85,4531.97,4527.77,4531.44,1581,23,0
1779367800,4531.43,4533.06,4531.34,4532.69,1222,23,0
1779368100,4532.70,4533.08,4529.79,4530.63,1335,23,0
1779368400,4530.63,4533.53,4530.08,4533.53,1462,23,0
1779368700,4533.49,4535.22,4530.72,4534.89,1626,23,0
1779369000,4534.81,4535.24,4529.98,4532.69,1612,23,0
1779369300,4532.67,4534.69,4530.76,4534.45,1768,23,0
1779369600,4534.45,4534.53,4532.08,4534.26,1397,23,0
1779369900,4534.23,4534.70,4510.82,4517.99,2605,23,0
1779370200,4518.05,4518.39,4508.20,4514.53,2516,23,0
1779370500,4514.54,4517.96,4507.61,4508.77,2335,23,0
1779370800,4508.81,4518.09,4505.04,4516.96,2379,23,0
1779371100,4516.95,4517.85,4513.84,4516.64,2201,23,0
1779371400,4516.60,4517.29,4510.91,4515.75,2109,23,0
1779371700,4515.75,4516.34,4510.81,4511.50,2163,23,0
1779372000,4511.53,4520.01,4510.71,4516.62,2232,23,0
1779372300,4516.25,4518.24,4515.01,4516.76,1987,23,0
1779372600,4516.75,4518.15,4515.16,4516.30,1796,23,0
1779372900,4516.31,4519.80,4515.69,4519.19,1613,23,0
1779373200,4519.19,4521.23,4514.91,4515.92,1961,23,0
1779373500,4515.91,4515.91,4512.50,4514.07,1731,23,0
1779373800,4514.05,4515.89,4510.33,4510.76,1562,23,0
1779374100,4510.65,4512.17,4508.08,4510.75,1793,23,0
1779374400,4510.74,4514.13,4510.37,4512.20,1644,23,0
1779374700,4512.20,4515.08,4511.83,4513.00,1457,23,0
1779375000,4513.28,4517.33,4512.73,4514.24,1575,23,0
1779375300,4514.24,4514.32,4510.87,4514.06,1824,23,0
1779375600,4514.03,4516.82,4514.02,4515.47,1793,23,0
1779375900,4515.45,4518.31,4513.70,4518.06,1896,23,0
1779376200,4517.99,4519.25,4513.68,4514.60,1800,23,0
1779376500,4514.62,4514.69,4509.74,4512.50,1843,23,0
1779376800,4512.51,4512.87,4506.15,4506.63,2063,23,0
1779377100,4506.64,4507.95,4504.44,4507.12,1819,23,0
1779377400,4507.09,4517.81,4505.63,4514.64,2201,23,0
1779377700,4514.65,4517.04,4508.72,4511.97,2321,23,0
1779378000,4511.91,4515.07,4510.22,4514.98,2075,23,0
1779378300,4514.98,4518.08,4509.77,4510.22,1968,23,0
1779378600,4510.20,4510.85,4507.35,4508.09,2021,23,0
1779378900,4508.10,4509.65,4502.43,4504.09,2103,23,0
1779379200,4504.09,4512.24,4499.53,4512.13,2440,23,0
1779379500,4512.13,4512.70,4501.80,4504.75,2300,23,0
1779379800,4504.76,4505.24,4500.87,4502.28,2262,23,0
1779380100,4502.28,4505.49,4496.98,4499.10,2258,23,0
1779380400,4499.06,4502.83,4496.75,4498.23,2292,23,0
1779380700,4498.20,4500.40,4495.46,4500.40,2146,23,0
1779381000,4500.68,4501.01,4490.14,4494.03,2530,23,0
1779381300,4494.01,4495.75,4488.59,4492.08,2569,23,0
1779381600,4492.08,4502.68,4491.98,4497.92,2476,23,0
1779381900,4498.13,4503.48,4494.92,4500.11,2527,23,0
1779382200,4500.11,4521.07,4499.46,4518.18,2672,23,0
1779382500,4518.08,4520.67,4511.81,4513.26,2639,23,0
1779382800,4513.31,4515.39,4505.55,4507.36,2560,23,0
1779383100,4507.33,4510.30,4502.61,4505.10,2454,23,0
1779383400,4505.15,4509.90,4503.73,4508.15,2369,23,0
1779383700,4508.14,4509.23,4498.65,4502.11,2556,23,0
1779384000,4502.09,4503.92,4498.15,4502.17,2498,23,0
1779384300,4502.18,4507.74,4501.35,4507.41,2366,23,0
1779384600,4507.41,4509.99,4505.13,4507.20,2376,23,0
1779384900,4507.19,4511.29,4506.56,4508.72,2322,23,0
1779385200,4508.72,4509.08,4502.54,4504.81,2311,23,0
1779385500,4504.79,4509.49,4501.81,4504.22,2409,23,0
1779385800,4504.23,4509.40,4501.97,4509.14,2414,23,0
1779386100,4509.11,4510.51,4507.16,4508.87,2396,23,0
1779386400,4508.87,4510.06,4503.17,4504.67,2359,23,0
1779386700,4504.73,4505.28,4496.69,4501.62,2526,23,0
1779387000,4501.60,4515.31,4499.57,4510.03,2546,23,0
1779387300,4510.07,4511.56,4507.17,4508.15,2413,23,0
1779387600,4508.14,4509.89,4503.15,4504.47,2243,23,0
1779387900,4504.47,4505.28,4502.26,4503.30,2143,23,0
1779388200,4503.39,4508.74,4502.58,4507.32,2125,23,0
1779388500,4507.28,4509.79,4506.66,4509.28,2031,23,0
1779388800,4509.28,4509.52,4506.48,4506.78,1909,23,0
1779389100,4506.95,4510.49,4506.64,4510.35,1839,23,0
1779389400,4510.58,4512.62,4509.54,4510.93,1838,23,0
1779389700,4510.93,4512.67,4509.39,4511.90,1828,23,0
1779390000,4511.97,4518.95,4511.97,4515.56,2198,23,0
1779390300,4515.56,4520.73,4515.08,4519.78,2218,23,0
1779390600,4519.80,4520.06,4514.85,4517.20,2187,23,0
1779390900,4517.18,4518.65,4514.52,4518.56,1986,23,0
1779391200,4518.57,4518.84,4515.51,4516.89,2018,23,0
1779391500,4516.95,4517.90,4515.96,4516.54,1940,23,0
1779391800,4516.54,4518.96,4516.20,4518.09,1912,23,0
1779392100,4518.11,4519.34,4516.07,4516.69,1859,23,0
1779392400,4516.68,4518.27,4515.52,4518.06,1526,23,0
1779392700,4518.07,4520.23,4517.18,4517.34,1747,23,0
1779393000,4517.35,4518.96,4516.26,4517.46,1691,23,0
1779393300,4517.46,4519.59,4516.98,4519.46,1715,23,0
1779393600,4519.46,4521.77,4516.13,4516.32,2026,23,0
1779393900,4516.31,4518.40,4514.15,4517.97,1761,23,0
1779394200,4517.95,4531.67,4517.89,4526.14,2658,23,0
1779394500,4526.43,4540.56,4526.15,4535.20,2689,23,0
1779394800,4535.20,4546.30,4533.30,4536.77,2690,23,0
1779395100,4536.74,4542.00,4535.56,4541.73,2405,23,0
1779395400,4541.63,4548.99,4538.70,4542.19,2438,23,0
1779395700,4542.33,4544.93,4541.87,4542.37,2243,23,0
1779396000,4542.39,4548.20,4542.34,4548.20,2234,23,0
1779396300,4548.21,4553.52,4544.94,4553.33,2232,23,0
1779396600,4553.33,4557.80,4551.65,4556.61,2330,23,0
1779396900,4556.64,4559.31,4551.30,4551.48,2380,23,0
1779397200,4551.48,4556.11,4543.91,4544.42,2393,23,0
1779397500,4544.39,4549.69,4543.04,4548.72,2371,23,0
1779397800,4548.73,4549.26,4544.31,4546.02,2257,23,0
1779398100,4546.01,4549.70,4544.35,4549.40,2146,23,0
1779398400,4549.40,4550.65,4546.71,4550.29,2089,23,0
1779398700,4550.28,4550.60,4547.06,4548.25,2070,23,0
1779399000,4548.41,4549.45,4545.10,4546.50,1885,23,0
1779399300,4546.45,4546.49,4542.79,4543.40,1898,23,0
1779399600,4543.37,4547.10,4542.84,4545.28,1851,23,0
1779399900,4545.29,4546.04,4535.81,4538.24,2065,23,0
1779400200,4538.24,4541.64,4527.80,4527.84,2521,23,0
1779400500,4527.80,4531.98,4527.48,4531.93,2544,23,0
1779400800,4531.92,4537.16,4531.56,4535.79,2267,23,0
1779401100,4535.78,4537.28,4529.79,4536.65,2199,23,0
1779401400,4536.65,4537.83,4534.33,4537.83,1903,23,0
1779401700,4537.83,4541.43,4537.79,4541.40,1753,23,0
1779402000,4541.40,4542.07,4539.03,4539.52,1705,23,0
1779402300,4539.52,4540.43,4537.72,4538.83,1737,23,0
1779402600,4538.82,4540.71,4538.66,4539.26,1735,23,0
1779402900,4539.18,4542.51,4539.18,4542.16,1564,23,0
1779403200,4542.16,4543.29,4539.18,4539.33,1709,23,0
1779403500,4539.34,4542.10,4539.02,4541.65,1601,23,0
1779403800,4541.58,4543.11,4534.66,4536.38,1959,23,0
1779404100,4536.38,4543.75,4535.45,4543.02,2292,23,0
1779404400,4543.00,4544.14,4541.22,4541.95,1550,23,0
1779404700,4542.03,4544.78,4541.16,4541.38,1251,23,0
1779405000,4541.39,4543.17,4541.15,4542.52,938,23,0
1779405300,4542.52,4542.52,4541.20,4541.74,866,23,0
1779405600,4541.73,4542.68,4540.60,4540.86,840,23,0
1779405900,4540.86,4541.37,4540.24,4541.31,707,23,0
1779406200,4541.29,4542.16,4540.43,4541.00,661,28,0
1779406500,4540.89,4541.94,4540.30,4541.53,589,28,0
1779406800,4541.49,4541.82,4540.36,4540.68,564,28,0
1779407100,4540.69,4541.23,4540.33,4540.50,698,28,0
1779407400,4540.49,4542.01,4539.78,4541.73,759,28,0
1779407700,4541.73,4542.69,4541.56,4542.57,470,28,0
1779411600,4544.86,4545.99,4540.89,4544.83,913,28,0
1779411900,4544.83,4544.83,4540.44,4540.49,1200,28,0
1779412200,4540.49,4543.29,4539.89,4541.88,634,28,0
1779412500,4541.88,4543.21,4541.56,4542.52,794,28,0
1779412800,4542.52,4542.55,4541.60,4541.84,678,28,0
1779413100,4541.81,4541.86,4539.99,4541.12,852,28,0
1779413400,4541.12,4541.58,4540.48,4540.87,513,23,0
1779413700,4540.87,4541.55,4539.73,4540.34,614,23,0
1779414000,4540.38,4543.68,4540.23,4542.67,879,23,0
1779414300,4542.65,4543.28,4541.85,4542.12,567,23,0
1779414600,4542.15,4542.36,4541.00,4541.01,614,23,0
1779414900,4541.01,4543.36,4540.88,4543.35,752,23,0
1779415200,4543.32,4545.09,4543.03,4543.59,825,23,0
1779415500,4543.59,4543.90,4542.69,4543.35,613,23,0
1779415800,4543.35,4544.31,4542.89,4543.80,649,23,0
1779416100,4543.80,4544.46,4541.31,4541.61,768,23,0
1779416400,4541.59,4541.84,4537.92,4539.20,845,23,0
1779416700,4539.20,4541.22,4538.95,4540.57,587,23,0
1779417000,4540.57,4540.57,4536.84,4537.69,889,23,0
1779417300,4537.68,4538.03,4535.64,4537.69,815,23,0
1779417600,4537.68,4537.92,4532.96,4533.49,1098,23,0
1779417900,4533.38,4536.02,4532.61,4535.88,1161,23,0
1779418200,4535.88,4536.56,4532.67,4532.92,1050,23,0
1779418500,4532.94,4535.94,4532.91,4535.45,937,23,0
1779418800,4535.48,4536.89,4530.96,4532.07,1731,20,0
1779419100,4532.07,4534.46,4531.61,4533.66,1679,23,0
1779419400,4533.66,4533.66,4531.38,4531.39,1607,23,0
1779419700,4531.37,4534.14,4530.32,4532.24,1631,23,0
1779420000,4532.28,4537.31,4531.97,4534.10,1611,23,0
1779420300,4534.08,4536.52,4533.06,4536.29,1373,23,0
1779420600,4536.29,4538.75,4535.80,4537.04,1505,23,0
1779420900,4536.98,4541.05,4536.27,4540.15,1499,23,0
1779421200,4540.15,4540.86,4537.34,4537.98,1453,23,0
1779421500,4537.95,4538.90,4533.99,4534.67,1418,23,0
1779421800,4534.71,4536.05,4527.56,4529.15,1640,23,0
1779422100,4529.19,4530.60,4525.65,4526.73,1660,23,0
1779422400,4526.79,4536.27,4526.12,4530.00,2379,23,0
1779422700,4530.00,4530.99,4523.37,4525.35,2149,23,0
1779423000,4525.34,4529.92,4524.56,4529.66,1826,23,0
1779423300,4529.65,4532.78,4528.52,4531.49,1782,23,0
1779423600,4531.49,4533.43,4527.65,4528.20,1738,23,0
1779423900,4528.20,4532.06,4526.35,4529.24,1664,23,0
1779424200,4529.24,4529.84,4524.28,4525.71,1861,23,0
1779424500,4525.69,4526.49,4521.95,4523.05,1922,23,0
1779424800,4523.09,4527.66,4521.09,4525.09,1950,23,0
1779425100,4525.14,4529.08,4524.82,4527.87,1892,23,0
1779425400,4527.90,4531.90,4526.72,4527.42,1857,23,0
1779425700,4527.42,4527.81,4525.20,4526.35,1839,23,0
1779426000,4526.36,4528.52,4524.86,4526.93,1792,23,0
1779426300,4526.91,4526.98,4521.49,4525.92,1904,23,0
1779426600,4525.97,4529.39,4524.90,4527.55,1595,23,0
1779426900,4527.54,4529.06,4523.87,4523.97,1332,23,0
1779427200,4524.01,4525.92,4522.68,4524.19,1308,23,0
1779427500,4524.18,4525.44,4523.52,4524.62,1180,23,0
1779427800,4524.62,4524.62,4518.59,4520.06,1963,23,0
1779428100,4520.10,4522.54,4519.75,4521.91,1523,23,0
1779428400,4521.96,4524.51,4521.47,4522.59,1572,23,0
1779428700,4522.59,4525.12,4522.13,4525.00,1505,23,0
1779429000,4525.01,4527.08,4521.98,4522.17,1564,23,0
1779429300,4522.18,4523.33,4519.55,4523.20,1662,23,0
1779429600,4523.20,4525.12,4521.52,4524.99,1647,23,0
1779429900,4524.99,4525.21,4521.21,4522.33,1521,23,0
1779430200,4522.33,4524.57,4520.55,4521.10,1297,23,0
1779430500,4521.10,4522.77,4520.04,4521.67,1475,23,0
1779430800,4521.67,4522.93,4519.98,4520.52,1428,23,0
1779431100,4520.56,4522.21,4519.20,4521.74,1298,23,0
1779431400,4521.75,4526.10,4521.75,4524.02,1546,23,0
1779431700,4524.03,4525.90,4523.00,4524.61,950,23,0
1779432000,4524.67,4527.67,4523.57,4526.92,1063,23,0
1779432300,4526.91,4529.97,4526.77,4529.27,1057,23,0
1779432600,4529.26,4529.46,4526.38,4527.50,1025,23,0
1779432900,4527.50,4529.53,4527.20,4529.46,866,23,0
1779433200,4529.45,4530.06,4528.31,4528.58,946,23,0
1779433500,4528.58,4530.03,4528.20,4528.45,1147,23,0
1779433800,4528.49,4529.93,4527.83,4529.18,1042,23,0
1779434100,4529.18,4530.02,4528.12,4528.23,920,23,0
1779434400,4528.23,4529.32,4527.63,4528.15,962,23,0
1779434700,4528.14,4532.97,4527.97,4532.27,1116,23,0
1779435000,4532.27,4532.75,4529.69,4530.02,1131,23,0
1779435300,4530.02,4530.16,4526.16,4526.53,1166,23,0
1779435600,4526.52,4529.30,4525.46,4529.08,1112,23,0
1779435900,4529.07,4529.36,4528.19,4528.37,832,23,0
1779436200,4528.39,4530.18,4528.21,4528.90,817,23,0
1779436500,4528.89,4529.38,4527.09,4527.24,941,23,0
1779436800,4527.23,4529.61,4523.64,4525.66,1341,23,0
1779437100,4525.66,4527.75,4525.58,4526.57,1046,23,0
1779437400,4526.57,4526.79,4525.13,4525.48,973,23,0
1779437700,4525.39,4526.47,4523.43,4526.18,1114,23,0
1779438000,4526.16,4528.84,4525.82,4527.10,1125,23,0
1779438300,4527.09,4529.10,4525.91,4526.07,1197,23,0
1779438600,4526.06,4531.24,4525.11,4528.73,1896,23,0
1779438900,4528.74,4534.02,4528.28,4533.79,1750,23,0
1779439200,4533.79,4534.16,4531.40,4534.07,1816,23,0
1779439500,4534.09,4534.23,4531.07,4532.54,1452,23,0
1779439800,4532.44,4534.20,4528.58,4528.85,1608,23,0
1779440100,4528.86,4528.89,4507.42,4511.22,2447,23,0
1779440400,4511.24,4519.26,4510.13,4518.88,2367,23,0
1779440700,4518.89,4523.21,4518.46,4522.67,2145,23,0
1779441000,4522.68,4524.31,4521.13,4521.59,2003,23,0
1779441300,4521.54,4522.93,4516.39,4518.76,2053,23,0
1779441600,4518.76,4525.48,4517.22,4522.65,1908,23,0
1779441900,4522.65,4526.05,4521.99,4525.22,1873,23,0
1779442200,4525.23,4527.38,4523.20,4525.79,1903,23,0
1779442500,4525.76,4526.97,4522.76,4523.04,1633,23,0
1779442800,4523.04,4526.61,4521.63,4526.60,1594,23,0
1779443100,4526.60,4528.90,4525.20,4527.16,1648,23,0
1779443400,4527.14,4528.19,4523.86,4525.04,1678,23,0
1779443700,4525.05,4527.66,4524.98,4526.84,1762,23,0
1779444000,4526.84,4527.09,4522.91,4526.08,1929,23,0
1779444300,4526.08,4526.47,4522.79,4525.32,1722,23,0
1779444600,4525.32,4526.12,4521.47,4522.42,1608,23,0
1779444900,4522.42,4525.56,4522.28,4524.97,1551,23,0
1779445200,4524.95,4527.30,4524.54,4526.45,1422,23,0
1779445500,4526.45,4527.38,4524.38,4525.85,1447,23,0
1779445800,4525.83,4525.87,4521.37,4522.60,1757,23,0
1779446100,4522.54,4523.38,4517.30,4517.33,1760,23,0
1779446400,4517.19,4520.87,4516.13,4519.89,1657,23,0
1779446700,4519.89,4520.32,4517.57,4518.50,1533,23,0
1779447000,4518.49,4522.64,4517.83,4521.66,1595,23,0
1779447300,4521.68,4523.24,4521.16,4521.84,1252,23,0
1779447600,4521.85,4525.97,4521.56,4525.00,1719,23,0
1779447900,4524.99,4527.49,4523.77,4526.94,1622,23,0
1779448200,4526.98,4529.98,4524.44,4524.70,1592,23,0
1779448500,4524.74,4528.74,4523.73,4528.12,1894,23,0
1779448800,4528.14,4531.17,4525.90,4527.97,1965,23,0
1779449100,4527.97,4528.85,4524.40,4526.55,1700,23,0
1779449400,4526.81,4527.27,4518.70,4520.12,1655,23,0
1779449700,4520.00,4524.13,4516.98,4521.86,2092,23,0
1779450000,4521.89,4523.01,4521.02,4522.45,1658,23,0
1779450300,4522.45,4524.16,4522.45,4522.68,1448,23,0
1779450600,4522.68,4524.84,4521.94,4524.06,1546,23,0
1779450900,4524.02,4524.09,4521.57,4521.86,1395,23,0
1779451200,4521.87,4524.90,4520.58,4523.99,1545,23,0
1779451500,4523.99,4525.56,4520.11,4522.14,1654,23,0
1779451800,4522.14,4523.15,4517.25,4517.27,1431,23,0
1779452100,4517.26,4519.43,4515.18,4518.70,1802,23,0
1779452400,4518.70,4519.76,4518.16,4519.26,1359,23,0
1779452700,4519.27,4520.51,4517.10,4517.77,1616,23,0
1779453000,4517.80,4519.47,4514.80,4519.47,1756,23,0
1779453300,4519.47,4524.48,4518.47,4524.44,1480,23,0
1779453600,4524.39,4526.02,4522.89,4525.13,1319,23,0
1779453900,4525.13,4528.75,4524.69,4528.49,1277,23,0
1779454200,4528.48,4535.99,4528.48,4533.11,1598,23,0
1779454500,4533.11,4535.33,4532.14,4532.18,1584,23,0
1779454800,4532.18,4532.54,4529.61,4529.67,1386,23,0
1779455100,4529.67,4536.72,4529.63,4535.53,1495,23,0
1779455400,4535.54,4536.83,4533.83,4533.83,1435,23,0
1779455700,4533.85,4534.17,4531.42,4531.46,1467,23,0
1779456000,4531.46,4531.50,4527.80,4529.80,1372,23,0
1779456300,4529.79,4530.42,4524.54,4524.81,1477,23,0
1779456600,4524.80,4525.51,4518.75,4518.80,1735,23,0
1779456900,4518.79,4520.71,4514.63,4518.07,1947,23,0
1779457200,4518.06,4518.28,4512.30,4512.50,1732,23,0
1779457500,4512.49,4514.84,4510.21,4512.98,1634,23,0
1779457800,4512.86,4514.97,4512.42,4512.44,1482,23,0
1779458100,4512.43,4515.12,4511.91,4514.68,1341,23,0
1779458400,4514.68,4516.55,4513.83,4516.25,1540,23,0
1779458700,4516.27,4517.27,4515.46,4516.33,1429,23,0
1779459000,4516.32,4516.44,4513.93,4515.91,1396,23,0
1779459300,4515.90,4515.90,4511.97,4512.98,1506,23,0
1779459600,4512.99,4513.79,4512.11,4512.54,1387,23,0
1779459900,4512.54,4514.96,4511.87,4512.06,1364,23,0
1779460200,4512.06,4517.38,4511.54,4517.19,1388,23,0
1779460500,4517.20,4520.33,4516.72,4518.76,1487,23,0
1779460800,4518.77,4523.07,4517.07,4521.70,1606,23,0
1779461100,4521.68,4525.06,4521.15,4522.44,1729,23,0
1779461400,4522.43,4524.03,4521.81,4523.13,1533,23,0
1779461700,4523.16,4523.49,4520.16,4520.64,1450,23,0
1779462000,4520.62,4522.19,4518.78,4521.58,1651,23,0
1779462300,4521.46,4523.13,4519.23,4519.97,1574,23,0
1779462600,4519.97,4529.95,4519.62,4529.30,2161,23,0
1779462900,4529.29,4535.86,4526.15,4533.27,2171,23,0
1779463200,4533.26,4534.31,4524.47,4527.33,2266,23,0
1779463500,4527.34,4528.36,4521.09,4521.73,1752,23,0
1779463800,4521.73,4523.67,4517.57,4518.13,1983,23,0
1779464100,4518.17,4518.72,4515.07,4517.81,1872,23,0
1779464400,4517.81,4519.61,4516.24,4518.69,1812,23,0
1779464700,4518.69,4519.84,4517.41,4518.65,1662,23,0
1779465000,4518.64,4521.38,4518.37,4519.88,1732,23,0
1779465300,4519.89,4528.40,4519.12,4528.27,1729,23,0
1779465600,4528.25,4530.24,4520.80,4523.84,2295,23,0
1779465900,4523.86,4532.67,4522.80,4531.77,1945,23,0
1779466200,4531.78,4534.30,4527.05,4528.19,2358,23,0
1779466500,4528.17,4529.78,4525.76,4527.25,2065,23,0
1779466800,4527.26,4528.41,4523.36,4523.46,1764,23,0
1779467100,4523.47,4524.25,4521.51,4522.00,1872,23,0
1779467400,4522.02,4527.12,4519.91,4522.67,2481,23,0
1779467700,4522.68,4524.25,4518.36,4519.75,2276,23,0
1779468000,4519.75,4519.83,4511.15,4517.71,2398,23,0
1779468300,4517.72,4518.88,4510.28,4510.81,2152,23,0
1779468600,4510.95,4517.58,4510.38,4517.04,2428,23,0
1779468900,4517.10,4517.11,4511.68,4513.68,2018,23,0
1779469200,4513.74,4513.89,4503.00,4507.64,2598,23,0
1779469500,4507.62,4510.71,4504.58,4510.01,2471,23,0
1779469800,4510.00,4511.05,4493.13,4497.61,2392,23,0
1779470100,4497.62,4500.59,4492.61,4497.98,2546,23,0
1779470400,4498.00,4499.38,4492.16,4494.53,2508,23,0
1779470700,4494.55,4499.95,4491.83,4499.02,2408,23,0
1779471000,4499.01,4502.26,4497.21,4500.95,2273,23,0
1779471300,4500.94,4504.14,4498.37,4500.39,2256,23,0
1779471600,4500.36,4505.96,4500.24,4504.49,2069,23,0
1779471900,4504.52,4507.31,4504.18,4504.35,2023,23,0
1779472200,4504.10,4504.65,4501.48,4503.68,1976,23,0
1779472500,4503.72,4503.86,4500.38,4500.57,2076,23,0
1779472800,4500.56,4505.93,4500.26,4505.72,2031,23,0
1779473100,4505.69,4511.16,4505.40,4510.92,2084,23,0
1779473400,4511.08,4511.93,4509.66,4511.16,2104,23,0
1779473700,4511.14,4516.68,4511.05,4515.82,1915,23,0
1779474000,4515.83,4515.88,4513.59,4514.31,1898,23,0
1779474300,4514.32,4519.25,4513.50,4519.23,2011,23,0
1779474600,4519.29,4522.29,4518.58,4519.28,2103,23,0
1779474900,4519.28,4521.72,4518.39,4520.73,1923,23,0
1779475200,4520.72,4521.24,4517.32,4518.19,1825,23,0
1779475500,4518.21,4519.75,4514.65,4514.86,1963,23,0
1779475800,4514.86,4518.16,4514.79,4516.83,1827,23,0
1779476100,4516.90,4521.79,4516.89,4520.13,1931,23,0
1779476400,4520.12,4520.42,4517.06,4518.97,2003,23,0
1779476700,4518.98,4519.69,4516.86,4517.82,1626,23,0
1779477000,4517.81,4519.95,4517.54,4519.56,1555,23,0
1779477300,4519.44,4519.44,4517.01,4517.11,1622,23,0
1779477600,4517.13,4520.66,4516.98,4520.29,1721,23,0
1779477900,4520.30,4524.16,4520.20,4523.77,1687,23,0
1779478200,4523.76,4526.84,4521.76,4522.21,1924,23,0
1779478500,4522.21,4522.88,4518.88,4519.64,1737,23,0
1779478800,4519.61,4519.63,4513.44,4514.89,1636,23,0
1779479100,4514.95,4517.99,4513.41,4513.58,1757,23,0
1779479400,4513.58,4514.72,4512.46,4513.99,1619,23,0
1779479700,4514.00,4514.99,4512.39,4514.89,1647,23,0
1779480000,4514.89,4519.12,4514.82,4518.69,1771,23,0
1779480300,4518.69,4520.15,4517.82,4520.00,1545,23,0
1779480600,4520.00,4520.88,4519.00,4519.38,1531,23,0
1779480900,4519.37,4520.12,4514.63,4514.90,1526,23,0
1779481200,4514.75,4516.81,4513.16,4514.86,1902,23,0
1779481500,4515.86,4525.92,4515.59,4525.32,2161,23,0
1779481800,4525.35,4527.76,4519.97,4520.03,2504,23,0
1779482100,4520.01,4524.00,4519.40,4523.54,1915,23,0
1779482400,4523.53,4524.36,4522.17,4522.17,1648,23,0
1779482700,4522.17,4522.81,4520.84,4521.34,1594,23,0
1779483000,4521.34,4522.09,4519.02,4519.70,1767,23,0
1779483300,4519.71,4521.49,4518.62,4519.15,1556,23,0
1779483600,4519.18,4519.40,4511.98,4515.63,1810,23,0
1779483900,4515.62,4517.22,4514.07,4515.50,1700,23,0
1779484200,4515.50,4515.51,4512.73,4513.80,1617,23,0
1779484500,4513.79,4516.12,4512.46,4514.97,1532,23,0
1779484800,4514.96,4517.63,4514.90,4516.61,1348,23,0
1779485100,4516.61,4517.72,4515.29,4515.29,1423,23,0
1779485400,4515.28,4516.99,4513.92,4516.96,1245,23,0
1779485700,4516.96,4520.07,4514.70,4518.24,1379,23,0
1779486000,4518.22,4518.58,4514.78,4515.14,1401,23,0
1779486300,4515.15,4515.98,4512.95,4513.13,1402,23,0
1779486600,4513.13,4515.82,4512.88,4515.39,1303,23,0
1779486900,4515.37,4515.80,4513.13,4514.99,1442,23,0
1779487200,4515.12,4515.80,4509.41,4510.57,1810,23,0
1779487500,4510.57,4511.02,4507.80,4508.58,1810,23,0
1779487800,4508.57,4509.58,4506.96,4507.22,1607,23,0
1779488100,4507.23,4509.04,4506.95,4508.98,1576,23,0
1779488400,4508.91,4508.95,4507.20,4507.74,1386,23,0
1779488700,4507.74,4508.55,4506.36,4507.09,1332,23,0
1779489000,4507.09,4508.35,4504.31,4507.97,1484,23,0
1779489300,4507.98,4509.70,4507.21,4509.31,1395,23,0
1779489600,4509.31,4510.78,4508.75,4509.62,1513,23,0
1779489900,4509.61,4509.97,4506.98,4507.50,1548,23,0
1779490200,4507.50,4508.16,4506.64,4507.61,1592,23,0
1779490500,4507.60,4509.19,4507.31,4508.31,1822,23,0
1779490800,4508.22,4509.30,4504.77,4506.22,1426,23,0
1779491100,4506.21,4507.17,4505.29,4507.02,695,23,0
1779491400,4507.02,4508.16,4506.38,4507.93,685,23,0
1779491700,4507.95,4509.38,4506.83,4508.99,838,23,0
1779492000,4508.95,4510.33,4508.85,4509.58,708,23,0
1779492300,4509.62,4510.44,4508.38,4510.24,679,23,0
1779492600,4510.22,4510.42,4506.01,4506.98,1185,28,0
1779492900,4506.95,4507.45,4505.72,4506.67,912,28,0
1779493200,4506.64,4506.70,4504.48,4504.82,1102,28,0
1779493500,4504.73,4508.32,4504.17,4506.88,1017,28,0
1779493800,4506.89,4507.25,4504.95,4507.04,843,28,0
1779494100,4507.05,4508.43,4506.76,4507.96,373,28,0
1779670800,4530.85,4552.87,4530.85,4551.53,2334,28,0
1779671100,4550.91,4556.87,4550.06,4554.37,2032,28,0
1779671400,4554.37,4557.70,4551.94,4555.19,1940,28,0
1779671700,4555.14,4556.40,4548.76,4552.15,2073,28,0
1779672000,4552.15,4555.55,4551.72,4554.37,1570,28,0
1779672300,4554.43,4555.26,4551.17,4551.99,1344,28,0
1779672600,4551.99,4560.88,4551.58,4558.84,1639,23,0
1779672900,4558.83,4559.26,4557.03,4557.99,1199,23,0
1779673200,4557.98,4558.37,4556.65,4558.22,1218,23,0
1779673500,4558.24,4565.53,4557.95,4565.15,1440,23,0
1779673800,4565.15,4565.16,4562.06,4562.18,1274,23,0
1779674100,4562.17,4565.35,4561.64,4564.99,968,23,0
1779674400,4565.00,4568.51,4564.96,4568.22,1395,23,0
1779674700,4568.23,4574.08,4567.72,4572.69,1453,23,0
1779675000,4572.69,4576.37,4572.69,4574.47,1168,23,0
1779675300,4574.47,4577.58,4573.60,4574.17,1099,23,0
1779675600,4574.15,4578.30,4574.05,4576.90,952,23,0
1779675900,4576.90,4578.06,4573.77,4575.00,1060,23,0
1779676200,4575.00,4578.74,4574.98,4578.10,1214,23,0
1779676500,4578.11,4579.10,4577.68,4578.69,1263,23,0
1779676800,4578.66,4579.89,4577.03,4577.31,1198,23,0
1779677100,4577.31,4578.25,4575.36,4577.08,1363,23,0
1779677400,4577.07,4577.07,4574.01,4575.03,1174,23,0
1779677700,4575.02,4575.09,4565.78,4567.03,1501,23,0
1779678000,4567.00,4571.51,4566.09,4568.75,1778,23,0
1779678300,4568.76,4574.30,4568.15,4573.03,1678,23,0
1779678600,4572.98,4575.72,4570.49,4572.57,1702,23,0
1779678900,4572.57,4573.52,4569.88,4571.41,1646,23,0
1779679200,4571.41,4574.56,4570.04,4574.45,1482,23,0
1779679500,4574.47,4575.46,4570.19,4572.28,1412,23,0
1779679800,4572.30,4574.79,4571.77,4573.74,1362,23,0
1779680100,4573.74,4575.49,4572.26,4575.01,1295,23,0
1779680400,4575.00,4575.00,4570.96,4571.54,1434,23,0
1779680700,4571.54,4579.55,4571.04,4576.61,1477,23,0
1779681000,4576.65,4577.61,4571.59,4573.53,1711,23,0
1779681300,4573.51,4574.37,4566.20,4569.58,2028,23,0
1779681600,4569.54,4576.29,4566.94,4568.30,2503,23,0
1779681900,4568.30,4569.86,4560.52,4561.92,2284,23,0
1779682200,4561.92,4566.81,4561.57,4565.67,2163,23,0
1779682500,4565.68,4566.46,4562.29,4566.33,2035,23,0
1779682800,4566.34,4573.00,4565.56,4571.42,1894,23,0
1779683100,4571.42,4575.41,4568.81,4573.39,1886,23,0
1779683400,4573.40,4574.76,4568.76,4568.89,1867,23,0
1779683700,4568.91,4571.84,4568.86,4570.45,1737,23,0
1779684000,4570.46,4571.09,4563.22,4563.35,1830,23,0
1779684300,4563.31,4564.86,4560.26,4563.74,1906,23,0
1779684600,4563.72,4567.23,4561.30,4566.47,1518,23,0
1779684900,4566.44,4566.93,4560.93,4562.84,1547,23,0
1779685200,4562.84,4565.34,4561.35,4562.57,1653,23,0
1779685500,4562.57,4568.29,4562.28,4567.73,1773,23,0
1779685800,4567.73,4568.03,4561.33,4562.02,1570,23,0
1779686100,4562.00,4562.49,4558.82,4561.65,1524,23,0
1779686400,4561.64,4563.37,4559.55,4562.59,1226,23,0
1779686700,4562.60,4563.08,4559.79,4562.86,1188,23,0
1779687000,4562.87,4565.45,4561.65,4563.74,1681,23,0
1779687300,4563.73,4565.67,4561.91,4565.35,1714,23,0
1779687600,4565.36,4569.52,4564.41,4569.51,1514,23,0
1779687900,4569.51,4570.18,4562.14,4563.28,1630,23,0
1779688200,4563.29,4564.93,4561.98,4562.04,1377,23,0
1779688500,4561.93,4562.84,4559.43,4561.25,1611,23,0
1779688800,4561.31,4564.35,4561.05,4563.16,1752,23,0
1779689100,4563.16,4563.43,4560.42,4563.08,1554,23,0
1779689400,4563.09,4563.57,4561.50,4563.14,1399,23,0
1779689700,4563.14,4563.43,4561.58,4562.09,1428,23,0
1779690000,4562.08,4564.48,4561.43,4561.50,1452,23,0
1779690300,4561.50,4562.03,4560.13,4560.66,1335,23,0
1779690600,4560.66,4562.46,4559.49,4561.40,1244,23,0
1779690900,4561.41,4564.07,4561.35,4562.83,1417,23,0
1779691200,4562.81,4562.85,4558.21,4558.49,1193,23,0
1779691500,4558.48,4559.17,4556.89,4558.59,1252,23,0
1779691800,4558.57,4560.08,4556.55,4559.78,1152,23,0
1779692100,4559.78,4561.27,4559.33,4559.76,1198,23,0
1779692400,4559.76,4561.99,4559.34,4561.22,1098,23,0
1779692700,4561.26,4561.99,4560.60,4561.62,975,23,0
1779693000,4561.61,4562.53,4559.90,4560.86,997,23,0
1779693300,4560.85,4561.91,4559.96,4561.06,897,23,0
1779693600,4561.07,4564.49,4561.05,4564.01,1096,23,0
1779693900,4563.97,4565.80,4563.94,4565.14,989,23,0
1779694200,4565.15,4565.46,4560.01,4560.67,1296,23,0
1779694500,4560.67,4562.47,4559.68,4561.99,889,23,0
1779694800,4561.99,4562.97,4560.86,4562.37,801,23,0
1779695100,4562.37,4564.40,4562.28,4563.88,630,23,0
1779695400,4563.89,4565.34,4563.29,4564.24,753,23,0
1779695700,4564.25,4565.67,4564.15,4564.83,981,23,0
1779696000,4564.84,4565.95,4563.00,4565.63,1035,23,0
1779696300,4565.62,4565.85,4564.38,4564.52,816,23,0
1779696600,4564.53,4565.15,4562.94,4563.57,990,23,0
1779696900,4563.59,4563.68,4562.42,4562.91,876,23,0
1779697200,4562.92,4562.98,4556.34,4556.57,1360,23,0
1779697500,4556.56,4557.05,4554.06,4554.20,1204,23,0
1779697800,4554.18,4559.64,4552.74,4557.62,1804,23,0
1779698100,4557.63,4560.69,4557.54,4559.93,1466,23,0
1779698400,4559.95,4560.99,4555.32,4556.91,1423,23,0
1779698700,4556.92,4557.84,4554.45,4554.63,1404,23,0
1779699000,4554.70,4555.08,4551.95,4553.92,1546,23,0
1779699300,4553.92,4555.39,4552.83,4553.30,1481,23,0
1779699600,4553.29,4555.81,4552.40,4553.03,1847,23,0
1779699900,4553.03,4553.70,4550.42,4552.12,1590,23,0
1779700200,4552.12,4554.21,4551.51,4553.86,1463,23,0
1779700500,4553.83,4555.29,4552.48,4554.42,1427,23,0
1779700800,4554.42,4556.75,4552.22,4556.39,1594,23,0
1779701100,4556.39,4557.32,4553.95,4554.17,1471,23,0
1779701400,4554.19,4556.07,4553.55,4555.08,1502,23,0
1779701700,4555.08,4557.37,4554.71,4555.39,1501,23,0
1779702000,4555.39,4557.28,4555.16,4556.38,1347,23,0
1779702300,4556.38,4559.29,4556.13,4557.66,1424,23,0
1779702600,4557.66,4559.29,4556.44,4558.64,1579,23,0
1779702900,4558.52,4563.23,4558.48,4562.45,1707,23,0
1779703200,4562.44,4564.72,4561.11,4563.96,1531,23,0
1779703500,4563.96,4564.37,4561.35,4562.15,1516,23,0
1779703800,4562.06,4564.38,4560.77,4560.82,1473,23,0
1779704100,4560.82,4561.20,4553.28,4555.41,1833,23,0
1779704400,4555.40,4556.16,4552.57,4555.65,1941,23,0
1779704700,4555.62,4557.00,4554.08,4554.43,1541,23,0
1779705000,4554.41,4561.70,4554.18,4559.12,1765,23,0
1779705300,4559.11,4559.95,4557.24,4558.79,1424,23,0
1779705600,4558.79,4561.04,4558.57,4559.94,1262,23,0
1779705900,4559.92,4562.21,4558.67,4562.21,1278,23,0
1779706200,4562.20,4565.01,4561.73,4563.86,1208,23,0
1779706500,4563.87,4565.04,4563.36,4564.80,1245,23,0
1779706800,4564.78,4565.03,4562.58,4562.75,1494,23,0
1779707100,4562.75,4563.15,4559.82,4561.37,1283,23,0
1779707400,4561.39,4562.01,4559.60,4561.08,1098,23,0
1779707700,4561.07,4561.32,4559.52,4560.74,1026,23,0
1779708000,4560.72,4561.13,4555.23,4555.24,1365,23,0
1779708300,4555.27,4556.10,4553.79,4554.95,1665,23,0
1779708600,4554.96,4558.05,4554.29,4556.91,1161,23,0
1779708900,4556.90,4558.06,4554.94,4556.07,1216,23,0
1779709200,4556.08,4556.47,4553.43,4554.61,1058,23,0
1779709500,4554.60,4555.31,4553.43,4554.55,1161,23,0
1779709800,4554.57,4556.38,4554.32,4555.98,1028,23,0
1779710100,4555.99,4556.57,4555.54,4556.08,834,23,0
1779710400,4556.09,4558.69,4555.57,4557.22,962,23,0
1779710700,4557.21,4557.35,4555.00,4555.12,891,23,0
1779711000,4555.13,4557.25,4555.04,4555.53,953,23,0
1779711300,4555.49,4557.41,4555.49,4556.47,849,23,0
1779711600,4556.48,4556.61,4555.52,4556.53,789,23,0
1779711900,4556.53,4558.97,4556.40,4558.90,848,23,0
1779712200,4558.87,4565.09,4558.41,4565.06,1339,23,0
1779712500,4565.06,4565.62,4563.00,4564.69,1469,23,0
1779712800,4564.70,4565.98,4563.73,4565.72,1034,23,0
1779713100,4565.72,4566.77,4564.62,4566.50,1027,23,0
1779713400,4566.49,4568.50,4566.23,4567.22,1039,23,0
1779713700,4567.20,4569.08,4566.81,4567.60,1088,23,0
1779714000,4567.62,4569.81,4567.58,4568.99,1005,23,0
1779714300,4569.00,4571.00,4568.88,4570.92,1007,23,0
1779714600,4570.93,4572.48,4569.93,4571.91,1322,23,0
1779714900,4571.93,4573.66,4571.25,4572.80,1156,23,0
1779715200,4572.80,4572.87,4571.04,4572.29,1067,23,0
1779715500,4572.31,4572.34,4569.91,4570.89,1061,23,0
1779715800,4570.89,4573.22,4570.11,4572.56,985,23,0
1779716100,4572.56,4572.63,4570.68,4570.83,1034,23,0
1779716400,4570.83,4570.99,4568.42,4570.10,1307,23,0
1779716700,4570.10,4572.36,4570.08,4570.44,841,23,0
1779717000,4570.43,4570.47,4569.29,4569.91,837,23,0
1779717300,4569.89,4570.30,4568.51,4568.62,829,23,0
1779717600,4568.62,4568.74,4567.93,4568.52,787,23,0
1779717900,4568.53,4568.68,4567.63,4568.28,792,23,0
1779718200,4568.28,4572.42,4568.26,4572.14,873,23,0
1779718500,4572.12,4575.20,4571.82,4574.88,1251,23,0
1779718800,4574.89,4575.06,4571.80,4571.86,1022,23,0
1779719100,4571.86,4571.86,4569.48,4571.65,1007,23,0
1779719400,4571.65,4574.47,4571.57,4573.31,1202,23,0
1779719700,4573.14,4576.16,4572.85,4575.94,1107,23,0
1779720000,4575.94,4576.15,4573.91,4574.49,1025,23,0
1779720300,4574.49,4576.97,4571.22,4571.22,1339,23,0
1779720600,4571.18,4571.91,4570.37,4570.63,1051,23,0
1779720900,4570.63,4571.12,4569.25,4569.42,1133,23,0
1779721200,4569.42,4569.42,4563.76,4564.54,1687,23,0
1779721500,4564.51,4564.54,4557.11,4560.31,1637,23,0
1779721800,4560.28,4561.28,4556.13,4556.35,1620,23,0
1779722100,4556.31,4556.90,4553.88,4554.15,1421,23,0
1779722400,4554.11,4556.62,4552.97,4556.39,1563,23,0
1779722700,4556.38,4560.89,4556.19,4560.50,1330,23,0
1779723000,4560.54,4564.17,4559.90,4564.17,1302,23,0
1779723300,4564.16,4570.20,4563.34,4568.81,1550,23,0
1779723600,4568.81,4569.26,4566.37,4566.47,1382,23,0
1779723900,4566.46,4568.09,4564.25,4566.24,1324,23,0
1779724200,4566.23,4567.27,4565.92,4566.79,1028,23,0
1779724500,4566.79,4568.70,4566.64,4567.72,1325,23,0
1779724800,4567.69,4567.75,4561.64,4564.54,2071,23,0
1779725100,4564.54,4571.37,4564.49,4568.43,1789,23,0
1779725400,4568.44,4568.48,4562.73,4564.33,1652,23,0
1779725700,4564.36,4564.43,4560.52,4562.01,1548,23,0
1779726000,4562.02,4564.59,4561.89,4563.41,1347,23,0
1779726300,4563.42,4563.78,4560.93,4561.81,1409,23,0
1779726600,4561.81,4564.39,4561.50,4564.18,1654,23,0
1779726900,4564.17,4565.56,4563.03,4564.28,1439,23,0
1779727200,4564.26,4565.57,4563.77,4565.10,1430,23,0
1779727500,4565.12,4565.34,4560.09,4561.55,1451,23,0
1779727800,4561.55,4563.44,4560.75,4563.38,1228,23,0
1779728100,4563.38,4564.94,4563.04,4563.10,1349,23,0
1779728400,4563.09,4567.33,4562.35,4567.01,1417,23,0
1779728700,4567.05,4569.89,4567.02,4569.59,1471,23,0
1779729000,4569.59,4569.97,4566.99,4567.70,1242,23,0
1779729300,4567.70,4568.88,4567.40,4568.37,1164,23,0
1779729600,4568.37,4570.09,4567.65,4570.05,1118,23,0
1779729900,4570.05,4570.57,4567.37,4567.87,1146,23,0
1779730200,4567.83,4568.35,4565.14,4567.82,1307,23,0
1779730500,4567.85,4568.25,4566.34,4567.64,1006,23,0
1779730800,4567.59,4568.48,4566.49,4566.98,1005,23,0
1779731100,4566.99,4568.41,4566.32,4568.15,1176,23,0
1779731400,4568.15,4568.95,4565.81,4565.85,1089,23,0
1779731700,4565.84,4566.99,4565.34,4566.78,1302,23,0
1779732000,4566.77,4569.23,4566.56,4568.15,1227,23,0
1779732300,4568.18,4568.18,4565.64,4566.65,1142,23,0
1779732600,4566.66,4573.49,4566.09,4570.16,1960,23,0
1779732900,4570.11,4570.82,4567.99,4570.44,1361,23,0
1779733200,4570.45,4573.44,4570.27,4573.00,1375,23,0
1779733500,4573.00,4574.63,4571.60,4573.31,1574,23,0
1779733800,4573.35,4573.46,4570.12,4571.04,1187,23,0
1779734100,4570.98,4571.13,4566.74,4568.72,1305,23,0
1779734400,4568.72,4569.56,4567.88,4568.98,1016,23,0
1779734700,4568.99,4570.56,4568.74,4570.35,784,23,0
1779735000,4570.34,4572.37,4570.22,4571.90,798,23,0
1779735300,4571.90,4572.74,4570.65,4570.84,795,23,0
1779735600,4570.84,4571.01,4568.59,4569.35,1081,23,0
1779735900,4569.35,4570.08,4568.92,4569.34,887,23,0
1779736200,4569.35,4570.79,4569.30,4570.61,733,23,0
1779736500,4570.60,4570.64,4568.71,4568.83,695,23,0
1779736800,4568.83,4570.34,4568.77,4569.63,672,23,0
1779737100,4569.71,4570.26,4568.08,4568.18,600,23,0
1779737400,4568.18,4570.09,4567.96,4570.07,991,23,0
1779737700,4570.07,4571.08,4569.71,4571.04,718,23,0
1779738000,4571.03,4572.36,4570.45,4572.13,913,23,0
1779738300,4572.11,4573.32,4571.79,4572.96,807,23,0
1779738600,4572.95,4574.60,4570.91,4570.93,1062,23,0
1779738900,4570.91,4573.58,4570.91,4573.58,835,23,0
1779739200,4573.56,4576.62,4573.43,4575.72,831,23,0
1779739500,4575.72,4576.23,4574.45,4576.04,715,23,0
1779739800,4576.04,4577.75,4573.82,4574.16,1252,23,0
1779740100,4574.16,4574.57,4573.63,4573.88,738,23,0
1779740400,4573.82,4573.91,4571.19,4571.45,752,23,0
1779740700,4571.45,4571.61,4570.37,4571.42,575,23,0
1779741000,4571.42,4571.49,4569.76,4569.77,412,23,0
1779741300,4569.76,4569.87,4567.80,4567.86,500,23,0
1779741600,4567.86,4568.15,4566.39,4566.82,700,23,0
1779741900,4566.82,4566.83,4563.32,4565.09,1020,23,0
1779742200,4565.10,4565.26,4563.62,4564.52,556,23,0
1779742500,4564.52,4565.73,4563.99,4565.12,529,23,0
1779742800,4565.13,4569.11,4564.43,4569.08,743,23,0
1779743100,4569.08,4571.46,4568.07,4570.22,614,23,0
1779743400,4570.24,4570.69,4568.05,4569.22,589,23,0
1779743700,4569.21,4570.18,4568.84,4568.90,396,23,0
1779744000,4568.89,4570.71,4567.46,4567.75,456,23,0
1779744300,4567.70,4570.81,4567.45,4570.81,506,23,0
1779757200,4570.13,4573.26,4569.88,4571.01,1273,28,0
1779757500,4571.03,4572.93,4570.68,4572.58,764,28,0
1779757800,4572.59,4574.06,4572.13,4573.40,858,28,0
1779758100,4573.43,4575.24,4573.23,4573.80,805,28,0
1779758400,4573.81,4575.17,4572.95,4575.13,701,28,0
1779758700,4575.13,4575.45,4572.97,4573.16,659,28,0
1779759000,4573.20,4573.28,4571.06,4571.09,1017,23,0
1779759300,4571.09,4573.53,4569.68,4572.74,907,23,0
1779759600,4572.74,4575.16,4571.86,4574.08,948,23,0
1779759900,4574.03,4575.25,4573.55,4573.87,780,23,0
1779760200,4573.88,4576.35,4573.88,4576.18,578,23,0
1779760500,4576.18,4576.55,4574.18,4574.96,969,23,0
1779760800,4574.96,4576.72,4573.97,4574.17,900,23,0
1779761100,4574.17,4576.73,4573.84,4576.30,785,23,0
1779761400,4576.31,4579.20,4575.53,4579.11,1130,23,0
1779761700,4579.11,4580.11,4577.20,4577.57,1058,23,0
1779762000,4577.56,4578.10,4572.94,4573.98,1084,23,0
1779762300,4573.98,4574.11,4567.19,4568.17,1215,23,0
1779762600,4568.27,4568.54,4560.43,4560.78,1527,23,0
1779762900,4560.78,4562.38,4555.24,4561.59,1925,23,0
1779763200,4561.57,4562.27,4555.15,4556.59,1469,23,0
1779763500,4556.59,4561.46,4556.59,4559.39,1430,23,0
1779763800,4559.32,4562.87,4558.64,4562.76,1194,23,0
1779764100,4562.74,4562.80,4559.21,4559.63,1147,23,0
1779764400,4559.72,4560.02,4549.27,4550.61,2250,20,0
1779764700,4550.61,4552.51,4548.84,4549.66,2081,23,0
1779765000,4549.63,4553.16,4548.58,4552.28,1737,23,0
1779765300,4552.28,4553.44,4541.39,4545.97,1885,23,0
1779765600,4546.00,4546.93,4541.44,4544.80,1926,23,0
1779765900,4544.80,4550.41,4544.25,4549.28,1583,23,0
1779766200,4549.33,4552.97,4549.30,4551.86,1550,23,0
1779766500,4551.88,4552.24,4546.19,4547.20,1547,23,0
1779766800,4547.23,4549.61,4543.36,4548.11,1604,23,0
1779767100,4548.12,4551.54,4544.69,4544.85,1603,23,0
1779767400,4544.85,4546.25,4539.59,4542.22,1847,23,0
1779767700,4542.27,4550.17,4542.23,4549.61,1644,23,0
1779768000,4549.61,4550.19,4542.32,4542.78,2299,23,0
1779768300,4542.75,4547.23,4542.36,4545.57,2094,23,0
1779768600,4545.56,4549.30,4545.53,4548.65,2047,23,0
1779768900,4548.65,4549.09,4545.65,4546.84,1781,23,0
1779769200,4546.84,4548.05,4541.86,4544.18,1949,23,0
1779769500,4543.99,4546.41,4543.01,4543.81,1834,23,0
1779769800,4543.81,4544.28,4537.25,4538.86,2233,23,0
1779770100,4538.93,4538.93,4527.89,4529.67,2148,23,0
1779770400,4529.78,4532.84,4527.99,4532.27,2322,23,0
1779770700,4532.26,4535.16,4531.38,4533.22,2069,23,0
1779771000,4533.23,4536.23,4531.46,4535.02,1766,23,0
1779771300,4535.03,4537.34,4534.62,4536.99,1722,23,0
1779771600,4537.00,4538.09,4535.44,4536.54,1571,23,0
1779771900,4536.55,4538.99,4535.41,4538.65,1524,23,0
1779772200,4538.60,4539.54,4537.16,4538.49,1382,23,0
1779772500,4538.49,4538.95,4536.50,4538.37,1143,23,0
1779772800,4538.33,4538.44,4536.53,4538.22,1183,23,0
1779773100,4538.16,4538.63,4536.38,4536.81,1171,23,0
1779773400,4536.83,4537.19,4533.71,4534.64,1561,23,0
1779773700,4534.64,4538.53,4534.19,4537.50,1560,23,0
1779774000,4537.43,4538.51,4533.57,4533.94,1427,23,0
1779774300,4533.95,4534.03,4531.20,4532.57,1585,23,0
1779774600,4532.58,4533.59,4530.04,4532.31,1405,23,0
1779774900,4532.32,4534.75,4532.18,4532.25,1305,23,0
1779775200,4532.22,4536.24,4532.07,4533.60,1352,23,0
1779775500,4533.59,4536.57,4533.47,4535.66,1258,23,0
1779775800,4535.70,4538.33,4534.84,4537.08,1249,23,0
1779776100,4537.06,4538.93,4536.86,4538.44,1269,23,0
1779776400,4538.44,4543.64,4538.24,4541.91,1420,23,0
1779776700,4541.92,4543.24,4541.21,4542.24,1325,23,0
1779777000,4542.25,4544.39,4541.78,4544.38,1119,23,0
1779777300,4544.38,4545.38,4543.09,4543.37,1056,23,0
1779777600,4543.36,4544.35,4540.95,4541.40,1036,23,0
1779777900,4541.39,4542.47,4540.80,4541.85,748,23,0
1779778200,4541.85,4543.72,4541.59,4542.60,888,23,0
1779778500,4542.61,4543.12,4541.23,4542.34,662,23,0
1779778800,4542.34,4543.17,4540.46,4540.53,797,23,0
1779779100,4540.47,4540.65,4539.04,4539.29,860,23,0
1779779400,4539.29,4539.88,4536.21,4537.31,1172,23,0
1779779700,4537.32,4539.44,4536.48,4538.12,996,23,0
1779780000,4538.13,4538.48,4535.14,4535.41,667,23,0
1779780300,4535.44,4535.57,4532.53,4532.54,923,23,0
1779780600,4532.55,4533.19,4529.77,4530.33,1294,23,0
1779780900,4530.33,4530.85,4525.86,4527.83,1207,23,0
1779781200,4527.77,4529.20,4525.18,4526.20,1053,23,0
1779781500,4526.21,4527.89,4524.74,4527.54,1280,23,0
1779781800,4527.55,4529.07,4526.25,4527.57,987,23,0
1779782100,4527.57,4527.81,4523.50,4525.45,1164,23,0
1779782400,4525.45,4529.35,4522.97,4528.74,1562,23,0
1779782700,4528.74,4530.57,4526.23,4530.38,1259,23,0
1779783000,4530.39,4531.37,4529.03,4529.36,1273,23,0
1779783300,4529.28,4531.35,4529.02,4529.36,970,23,0
1779783600,4529.36,4531.12,4528.92,4529.97,950,23,0
1779783900,4529.94,4531.47,4528.76,4531.27,968,23,0
1779784200,4531.20,4533.92,4530.47,4533.53,1788,23,0
1779784500,4533.48,4535.05,4532.31,4532.59,1649,23,0
1779784800,4532.59,4532.86,4527.90,4529.78,1848,23,0
1779785100,4529.78,4529.83,4526.26,4527.83,1662,23,0
1779785400,4527.83,4528.18,4523.54,4526.97,1905,23,0
1779785700,4526.97,4528.72,4524.84,4527.25,1551,23,0
1779786000,4527.25,4531.31,4527.07,4531.05,1644,23,0
1779786300,4531.05,4532.24,4530.21,4530.99,1556,23,0
1779786600,4531.00,4532.77,4529.01,4531.63,1621,23,0
1779786900,4531.64,4532.12,4529.30,4530.86,1384,23,0
1779787200,4530.88,4534.74,4530.10,4533.99,1520,23,0
1779787500,4533.99,4536.17,4528.36,4530.40,1728,23,0
1779787800,4530.38,4531.38,4528.65,4530.76,1666,23,0
1779788100,4530.76,4533.32,4530.73,4531.63,1460,23,0
1779788400,4531.63,4533.96,4531.31,4533.82,1460,23,0
1779788700,4533.82,4534.01,4528.79,4529.69,1559,23,0
1779789000,4529.72,4531.54,4528.45,4531.45,1575,23,0
1779789300,4531.45,4533.54,4530.45,4531.00,1365,23,0
1779789600,4531.01,4533.54,4529.19,4531.49,1852,23,0
1779789900,4531.51,4533.90,4527.61,4527.64,1949,23,0
1779790200,4527.63,4530.38,4525.91,4528.48,1748,23,0
1779790500,4528.50,4528.50,4522.09,4526.76,1821,23,0
1779790800,4526.76,4530.29,4525.16,4530.10,1501,23,0
1779791100,4530.08,4531.13,4528.84,4529.66,1320,23,0
1779791400,4529.66,4529.74,4523.08,4526.03,1796,23,0
1779791700,4526.02,4526.37,4521.68,4523.14,1725,23,0
1779792000,4523.14,4527.47,4522.02,4526.64,1589,23,0
1779792300,4526.64,4533.43,4525.23,4533.37,1601,23,0
1779792600,4533.37,4535.42,4531.54,4531.56,1613,23,0
1779792900,4531.58,4538.97,4531.58,4538.20,1726,23,0
1779793200,4538.23,4538.75,4535.28,4535.85,1814,23,0
1779793500,4535.84,4536.16,4532.78,4533.12,1496,23,0
1779793800,4533.06,4533.53,4527.05,4527.53,1518,23,0
1779794100,4527.54,4529.84,4527.45,4529.64,1396,23,0
1779794400,4529.63,4529.93,4526.30,4527.18,1318,23,0
1779794700,4527.17,4527.94,4520.60,4522.44,1788,23,0
1779795000,4522.47,4523.18,4520.15,4521.34,1688,23,0
1779795300,4521.34,4523.76,4520.42,4522.38,1495,23,0
1779795600,4522.34,4526.29,4521.78,4525.44,1472,23,0
1779795900,4525.42,4527.37,4521.48,4522.25,1434,23,0
1779796200,4522.26,4525.24,4520.22,4524.25,1317,23,0
1779796500,4524.25,4524.44,4522.16,4523.76,1348,23,0
1779796800,4523.76,4524.63,4522.60,4524.30,1443,23,0
1779797100,4524.40,4524.90,4522.22,4523.51,1352,23,0
1779797400,4523.47,4523.65,4519.34,4520.48,1119,23,0
1779797700,4520.50,4525.54,4518.23,4524.74,1619,23,0
1779798000,4524.71,4525.49,4520.76,4522.22,1607,23,0
1779798300,4522.21,4526.43,4521.63,4524.83,1537,23,0
1779798600,4524.83,4525.27,4517.05,4518.07,1709,23,0
1779798900,4518.14,4518.74,4515.92,4516.72,1441,23,0
1779799200,4516.70,4517.22,4512.08,4513.25,1719,23,0
1779799500,4513.25,4519.03,4513.13,4518.92,1615,23,0
1779799800,4518.92,4519.39,4516.87,4518.97,1294,23,0
1779800100,4518.97,4523.52,4517.56,4522.68,1646,23,0
1779800400,4522.68,4523.31,4519.67,4519.74,1612,23,0
1779800700,4519.75,4525.41,4519.40,4525.40,1350,23,0
1779801000,4525.39,4532.07,4525.09,4529.37,1932,23,0
1779801300,4529.35,4533.01,4527.50,4528.07,1627,23,0
1779801600,4528.07,4532.47,4527.70,4531.60,1315,23,0
1779801900,4531.62,4535.30,4531.47,4533.39,1506,23,0
1779802200,4533.39,4538.83,4533.39,4538.72,1920,23,0
1779802500,4538.72,4538.72,4533.82,4534.13,1670,23,0
1779802800,4534.08,4534.73,4531.47,4533.19,1489,23,0
1779803100,4533.17,4537.53,4533.15,4537.47,1549,23,0
1779803400,4537.47,4540.50,4534.44,4534.75,1767,23,0
1779803700,4534.76,4535.25,4533.79,4534.48,1354,23,0
1779804000,4534.48,4536.21,4532.88,4536.03,1454,23,0
1779804300,4536.03,4536.13,4533.87,4535.02,1252,23,0
1779804600,4535.02,4535.92,4531.72,4531.77,1173,23,0
1779804900,4531.74,4532.64,4529.96,4529.98,1361,23,0
1779805200,4529.98,4530.18,4525.28,4525.80,1650,23,0
1779805500,4525.68,4526.08,4522.78,4523.75,1596,23,0
1779805800,4523.76,4523.79,4517.52,4519.42,2064,23,0
1779806100,4519.37,4519.61,4507.06,4510.81,2398,23,0
1779806400,4510.81,4513.19,4504.66,4510.13,2176,23,0
1779806700,4510.08,4515.67,4508.44,4512.54,1815,23,0
1779807000,4512.54,4515.45,4510.67,4511.58,1818,23,0
1779807300,4511.58,4511.71,4503.84,4507.19,1875,23,0
1779807600,4507.18,4510.08,4504.48,4508.22,1970,23,0
1779807900,4508.22,4512.04,4506.70,4510.73,1951,23,0
1779808200,4510.68,4512.25,4507.71,4510.41,1711,23,0
1779808500,4510.37,4515.90,4509.65,4512.31,1853,23,0
1779808800,4512.31,4512.89,4508.13,4509.64,1698,23,0
1779809100,4509.67,4511.57,4503.64,4506.19,1616,23,0
1779809400,4506.21,4510.49,4500.67,4510.40,2017,23,0
1779809700,4510.39,4510.40,4501.51,4502.35,1821,23,0
1779810000,4502.22,4512.02,4502.12,4512.02,1817,23,0
1779810300,4512.01,4521.17,4510.60,4519.89,2021,23,0
1779810600,4519.87,4523.52,4517.45,4522.49,2050,23,0
1779810900,4522.48,4523.61,4519.14,4520.31,1868,23,0
1779811200,4520.31,4526.32,4519.45,4523.46,2090,23,0
1779811500,4523.44,4523.70,4519.51,4522.41,1811,23,0
1779811800,4522.43,4522.56,4516.16,4518.38,1936,23,0
1779812100,4518.37,4521.77,4518.18,4520.14,1576,23,0
1779812400,4520.16,4526.94,4520.13,4526.14,1982,23,0
1779812700,4526.14,4527.47,4522.09,4522.21,1839,23,0
1779813000,4522.30,4527.81,4521.90,4522.44,2417,23,0
1779813300,4522.50,4528.80,4521.29,4524.54,2287,23,0
1779813600,4524.58,4531.36,4524.27,4527.31,2205,23,0
1779813900,4527.30,4529.22,4525.32,4525.91,2141,23,0
1779814200,4525.90,4526.29,4512.81,4515.84,2546,23,0
1779814500,4515.84,4517.72,4512.22,4514.01,2191,23,0
1779814800,4514.00,4517.96,4511.19,4517.43,2394,23,0
1779815100,4517.51,4520.50,4514.92,4515.46,2218,23,0
1779815400,4515.45,4515.59,4507.91,4511.07,2200,23,0
1779815700,4511.07,4514.67,4508.56,4514.26,2029,23,0
1779816000,4514.27,4517.38,4512.53,4515.92,1995,23,0
1779816300,4515.90,4517.82,4514.98,4517.65,1907,23,0
1779816600,4517.66,4521.63,4516.89,4517.57,1958,23,0
1779816900,4517.55,4524.93,4517.51,4522.31,2077,23,0
1779817200,4522.31,4523.80,4519.74,4521.42,1847,23,0
1779817500,4521.43,4522.03,4518.55,4519.21,1891,23,0
1779817800,4519.22,4519.49,4515.59,4515.81,1800,23,0
1779818100,4515.87,4516.13,4512.69,4515.22,2117,23,0
1779818400,4515.26,4515.47,4508.05,4511.43,2162,23,0
1779818700,4511.49,4514.32,4508.85,4510.62,2106,23,0
1779819000,4510.62,4512.53,4508.76,4509.51,2019,23,0
1779819300,4509.49,4510.45,4505.15,4508.17,2042,23,0
1779819600,4508.26,4508.63,4505.04,4506.03,1924,23,0
1779819900,4506.03,4508.33,4504.87,4506.07,1973,23,0
1779820200,4505.96,4508.40,4503.76,4505.62,2098,23,0
1779820500,4505.60,4507.53,4502.25,4507.47,2011,23,0
1779820800,4507.47,4508.91,4506.50,4508.19,1961,23,0
1779821100,4508.23,4509.21,4506.50,4506.82,1893,23,0
1779821400,4506.83,4510.76,4506.01,4509.72,1901,23,0
1779821700,4509.71,4509.71,4506.08,4506.40,1993,23,0
1779822000,4506.44,4508.44,4505.40,4506.12,1779,23,0
1779822300,4506.12,4506.24,4502.31,4502.98,1677,23,0
1779822600,4503.02,4503.32,4500.55,4501.43,1749,23,0
1779822900,4501.42,4505.68,4499.81,4505.07,1939,23,0
1779823200,4505.07,4506.16,4502.47,4506.16,1588,23,0
1779823500,4506.14,4508.77,4505.58,4508.01,1492,23,0
1779823800,4507.99,4511.22,4507.38,4509.74,1699,23,0
1779824100,4509.74,4510.69,4508.14,4508.17,1692,23,0
1779824400,4508.17,4508.88,4506.13,4506.50,1587,23,0
1779824700,4506.48,4507.76,4503.15,4503.34,1638,23,0
1779825000,4503.36,4505.83,4503.05,4505.10,1558,23,0
1779825300,4505.08,4505.83,4504.43,4504.90,1563,23,0
1779825600,4504.89,4507.43,4504.32,4505.63,1496,23,0
1779825900,4505.63,4505.76,4503.19,4504.36,1565,23,0
1779826200,4504.36,4504.81,4503.54,4503.68,1355,23,0
1779826500,4503.68,4504.73,4503.33,4504.37,1374,23,0
1779826800,4504.37,4506.62,4504.14,4506.61,1568,23,0
1779827100,4506.61,4507.49,4500.46,4501.49,1823,23,0
1779827400,4501.43,4501.65,4498.16,4500.19,1924,23,0
1779827700,4500.19,4501.04,4497.39,4499.11,1737,23,0
1779828000,4499.10,4499.65,4497.03,4498.56,1626,23,0
1779828300,4498.54,4500.95,4498.37,4500.45,1363,23,0
1779828600,4500.45,4501.21,4496.10,4496.42,1300,23,0
1779828900,4496.42,4496.89,4489.82,4490.98,1983,23,0
1779829200,4490.95,4493.18,4485.19,4487.73,2063,23,0
1779829500,4487.73,4489.11,4482.54,4488.87,1758,23,0
1779829800,4488.87,4491.01,4485.51,4487.29,1440,23,0
1779830100,4487.30,4490.74,4486.53,4490.64,1625,23,0
1779830400,4490.64,4493.00,4490.43,4492.38,1568,23,0
1779830700,4492.38,4496.20,4492.07,4495.29,1720,23,0
1779831000,4495.27,4498.41,4494.19,4497.37,1515,23,0
1779831300,4497.37,4497.38,4495.28,4496.50,1406,23,0
1779831600,4496.50,4496.69,4495.16,4496.11,1335,23,0
1779831900,4496.10,4498.40,4496.07,4497.64,1173,23,0
1779832200,4497.66,4499.55,4497.40,4498.61,1432,23,0
1779832500,4498.52,4499.47,4498.16,4499.27,1494,23,0
1779832800,4499.27,4501.08,4497.66,4499.76,1503,23,0
1779833100,4499.76,4500.53,4498.70,4500.43,1198,23,0
1779833400,4500.42,4501.09,4499.06,4499.43,1106,23,0
1779833700,4499.42,4504.60,4499.34,4502.41,1306,23,0
1779834000,4502.41,4504.17,4502.18,4503.25,1091,23,0
1779834300,4503.25,4503.54,4501.21,4502.08,1165,23,0
1779834600,4502.08,4503.58,4500.82,4503.56,1344,23,0
1779834900,4503.57,4504.49,4503.10,4503.62,1408,23,0
1779835200,4503.62,4505.87,4503.50,4504.86,1304,23,0
1779835500,4504.86,4507.98,4504.14,4507.35,1205,23,0
1779835800,4507.34,4507.91,4505.77,4506.19,1461,23,0
1779836100,4505.90,4509.95,4505.75,4508.98,1930,23,0
1779836400,4508.97,4510.47,4507.33,4507.51,1167,23,0
1779836700,4507.51,4509.07,4506.29,4507.09,823,23,0
1779837000,4507.09,4508.07,4506.43,4507.88,606,23,0
1779837300,4507.89,4509.83,4507.89,4508.50,635,23,0
1779837600,4508.50,4509.19,4507.51,4508.70,615,23,0
1779837900,4508.69,4508.91,4506.31,4506.65,568,23,0
1779838200,4506.59,4507.70,4506.38,4506.62,389,24,0
1779838500,4506.62,4508.36,4506.07,4508.31,497,28,0
1779838800,4508.33,4509.75,4507.83,4508.78,471,28,0
1779839100,4508.80,4510.14,4506.32,4506.59,803,28,0
1779839400,4506.59,4506.59,4504.05,4506.40,877,28,0
1779839700,4506.40,4507.85,4506.24,4507.05,511,28,0
1779843600,4537.13,4538.65,4501.09,4503.39,582,28,0
1779843900,4503.39,4509.61,4501.23,4504.94,1377,28,0
1779844200,4504.94,4509.10,4501.42,4504.74,1329,28,0
1779844500,4504.82,4507.42,4504.01,4506.90,1031,28,0
1779844800,4507.12,4510.08,4503.71,4505.04,1293,28,0
1779845100,4505.07,4507.22,4502.72,4504.45,1052,28,0
1779845400,4504.48,4506.05,4500.25,4500.31,1182,23,0
1779845700,4500.24,4502.08,4497.97,4501.55,1255,23,0
1779846000,4501.56,4503.32,4500.41,4500.62,1108,23,0
1779846300,4500.59,4502.72,4499.53,4502.25,873,23,0
1779846600,4502.22,4507.09,4501.91,4506.90,1079,23,0
1779846900,4506.90,4512.43,4506.55,4510.94,1217,23,0
1779847200,4510.94,4513.68,4509.48,4511.04,1287,23,0
1779847500,4511.06,4512.88,4509.62,4509.78,962,23,0
1779847800,4509.80,4510.02,4507.60,4508.84,925,23,0
1779848100,4508.84,4510.10,4508.01,4509.12,759,23,0
1779848400,4509.11,4509.38,4504.47,4505.67,1225,23,0
1779848700,4505.66,4512.13,4505.38,4512.10,1139,23,0
1779849000,4512.16,4516.58,4511.10,4515.02,1275,23,0
1779849300,4515.02,4515.71,4512.57,4515.46,1179,23,0
1779849600,4515.54,4526.94,4515.13,4526.85,1533,23,0
1779849900,4526.92,4527.94,4520.34,4521.10,1585,23,0
1779850200,4521.10,4522.67,4520.32,4521.15,1092,23,0
1779850500,4521.15,4521.15,4518.57,4519.67,1127,23,0
1779850800,4519.65,4525.84,4517.27,4520.77,1646,20,0
1779851100,4520.76,4524.12,4519.86,4522.22,1448,23,0
1779851400,4522.24,4522.62,4520.06,4522.04,1400,23,0
1779851700,4522.04,4522.53,4520.03,4521.22,1348,23,0
1779852000,4521.19,4521.58,4515.95,4516.26,1482,23,0
1779852300,4516.26,4518.88,4514.14,4517.93,1454,23,0
1779852600,4517.93,4520.69,4517.50,4519.74,1149,23,0
1779852900,4519.74,4520.60,4517.63,4517.72,1275,23,0
1779853200,4517.69,4519.30,4516.96,4518.69,1154,23,0
1779853500,4518.66,4522.13,4518.56,4519.11,1186,23,0
1779853800,4519.11,4519.14,4516.14,4517.03,1337,23,0
1779854100,4517.02,4518.97,4514.69,4515.10,1404,23,0
1779854400,4515.11,4517.88,4514.01,4515.60,2194,23,0
1779854700,4515.64,4517.54,4512.64,4516.64,1928,23,0
1779855000,4516.64,4520.92,4515.80,4519.47,1821,23,0
1779855300,4519.46,4520.36,4515.71,4516.11,1634,23,0
1779855600,4516.13,4521.11,4515.94,4519.12,1553,23,0
1779855900,4519.12,4519.41,4514.42,4516.02,1295,23,0
1779856200,4516.16,4517.09,4513.75,4515.10,1698,23,0
1779856500,4515.09,4516.72,4511.55,4511.95,1397,23,0
1779856800,4511.91,4513.66,4509.34,4510.01,1446,23,0
1779857100,4510.02,4510.50,4506.88,4510.04,1414,23,0
1779857400,4509.92,4510.16,4507.28,4507.60,1302,23,0
1779857700,4507.60,4509.78,4506.89,4507.88,1293,23,0
1779858000,4507.89,4509.63,4504.04,4505.52,1707,23,0
1779858300,4505.52,4505.69,4502.11,4503.51,1575,23,0
1779858600,4503.51,4504.54,4502.16,4504.17,1458,23,0
1779858900,4504.20,4505.20,4499.08,4499.64,1429,23,0
1779859200,4499.64,4504.83,4499.27,4504.12,1217,23,0
1779859500,4504.13,4505.75,4503.92,4505.47,1057,23,0
1779859800,4505.47,4505.78,4503.87,4505.34,1274,23,0
1779860100,4505.34,4506.01,4500.14,4500.33,1387,23,0
1779860400,4500.33,4502.30,4498.72,4499.89,1374,23,0
1779860700,4499.88,4501.80,4498.10,4501.66,1225,23,0
1779861000,4501.69,4505.01,4501.69,4503.82,1203,23,0
1779861300,4503.79,4506.94,4503.64,4505.77,1076,23,0
1779861600,4505.77,4509.77,4505.10,4507.68,1311,23,0
1779861900,4507.67,4509.32,4505.61,4509.27,1079,23,0
1779862200,4509.30,4510.36,4508.24,4509.22,1165,23,0
1779862500,4509.21,4511.92,4508.58,4510.98,1210,23,0
1779862800,4511.01,4511.53,4508.39,4508.86,1114,23,0
1779863100,4508.86,4508.87,4505.57,4507.11,1189,23,0
1779863400,4507.11,4507.26,4504.87,4505.06,928,23,0
1779863700,4505.06,4505.06,4501.67,4502.91,993,23,0
1779864000,4502.91,4505.24,4502.77,4504.35,918,23,0
1779864300,4504.38,4505.50,4503.58,4504.29,918,23,0
1779864600,4504.29,4504.72,4501.93,4502.22,933,23,0
1779864900,4502.21,4502.21,4496.69,4497.07,1102,23,0
1779865200,4497.08,4500.59,4495.86,4499.74,1291,23,0
1779865500,4499.74,4502.47,4499.24,4501.55,978,23,0
1779865800,4501.54,4503.22,4501.14,4503.04,889,23,0
1779866100,4503.02,4503.14,4500.66,4501.05,937,23,0
1779866400,4501.04,4503.37,4500.79,4502.41,948,23,0
1779866700,4502.41,4502.42,4499.62,4499.66,1096,23,0
1779867000,4499.66,4501.85,4497.96,4501.33,1282,23,0
1779867300,4501.32,4502.94,4499.95,4502.92,958,23,0
1779867600,4502.95,4508.45,4502.60,4508.41,1264,23,0
1779867900,4508.42,4517.27,4508.40,4516.55,1533,23,0
1779868200,4516.58,4517.20,4511.71,4512.23,1438,23,0
1779868500,4512.24,4512.62,4509.27,4510.09,1141,23,0
1779868800,4510.14,4513.83,4508.35,4513.61,1253,23,0
1779869100,4513.62,4513.64,4510.40,4511.02,1250,23,0
1779869400,4510.97,4510.97,4508.95,4508.99,1051,23,0
1779869700,4509.03,4509.11,4505.16,4505.56,1287,23,0
1779870000,4505.48,4507.07,4504.14,4506.24,1375,23,0
1779870300,4506.23,4508.12,4505.76,4507.28,1029,23,0
1779870600,4507.28,4508.81,4493.67,4496.59,2182,23,0
1779870900,4496.61,4500.81,4494.60,4499.65,2075,23,0
1779871200,4499.53,4500.09,4491.71,4493.38,2326,23,0
1779871500,4493.41,4498.03,4491.90,4497.91,2065,23,0
1779871800,4497.91,4502.28,4496.35,4498.73,2144,23,0
1779872100,4498.74,4499.90,4496.52,4497.58,1856,23,0
1779872400,4497.56,4499.20,4493.81,4495.05,1955,23,0
1779872700,4495.07,4498.99,4493.84,4497.88,1897,23,0
1779873000,4497.89,4498.58,4493.78,4494.02,1963,23,0
1779873300,4494.02,4495.89,4486.40,4489.45,1954,23,0
1779873600,4489.45,4490.49,4483.83,4486.84,2055,23,0
1779873900,4486.83,4489.16,4483.83,4486.19,2028,23,0
1779874200,4486.35,4486.48,4479.98,4483.56,2159,23,0
1779874500,4483.56,4485.67,4480.77,4483.37,1653,23,0
1779874800,4483.39,4487.89,4482.46,4487.65,1672,23,0
1779875100,4487.72,4490.14,4487.04,4488.30,1627,23,0
1779875400,4488.29,4489.24,4486.69,4487.27,1383,23,0
1779875700,4487.27,4487.70,4483.55,4485.18,1646,23,0
1779876000,4485.18,4488.46,4485.03,4486.79,1766,23,0
1779876300,4487.07,4488.54,4482.99,4484.77,1573,23,0
1779876600,4484.77,4484.80,4480.14,4480.24,1581,23,0
1779876900,4480.18,4485.24,4480.18,4484.12,1550,23,0
1779877200,4484.12,4489.19,4482.95,4486.55,1427,23,0
1779877500,4486.40,4487.15,4484.81,4486.19,1500,23,0
1779877800,4486.19,4488.56,4484.76,4485.64,1450,23,0
1779878100,4485.64,4486.33,4481.23,4483.04,1409,23,0
1779878400,4483.03,4484.56,4482.13,4482.74,1171,23,0
1779878700,4482.75,4484.04,4477.87,4479.46,1389,23,0
1779879000,4479.45,4480.46,4475.80,4479.27,1729,23,0
1779879300,4479.27,4482.24,4478.68,4482.01,1461,23,0
1779879600,4482.01,4489.20,4481.66,4486.40,1832,23,0
1779879900,4486.44,4487.56,4485.00,4485.95,1594,23,0
1779880200,4485.95,4487.10,4483.80,4486.26,1504,23,0
1779880500,4486.27,4490.76,4486.07,4489.79,1540,23,0
1779880800,4489.79,4492.81,4487.85,4490.68,1476,23,0
1779881100,4490.67,4490.96,4487.85,4489.09,1428,23,0
1779881400,4489.12,4489.54,4486.04,4488.55,1204,23,0
1779881700,4488.55,4492.76,4488.35,4492.73,1251,23,0
1779882000,4492.74,4496.60,4492.62,4496.22,1647,23,0
1779882300,4496.20,4497.28,4492.70,4496.50,1543,23,0
1779882600,4496.48,4498.65,4495.63,4498.20,1587,23,0
1779882900,4498.21,4498.34,4494.82,4497.82,1141,23,0
1779883200,4497.83,4497.83,4490.97,4491.82,1716,23,0
1779883500,4491.83,4492.52,4488.67,4489.43,1356,23,0
1779883800,4489.46,4493.25,4489.32,4491.73,1240,23,0
1779884100,4491.76,4495.37,4491.72,4494.59,1252,23,0
1779884400,4494.58,4495.16,4490.81,4490.94,1198,23,0
1779884700,4490.95,4491.77,4489.38,4490.07,1097,23,0
1779885000,4490.07,4490.74,4486.92,4490.63,1425,23,0
1779885300,4490.64,4492.21,4490.21,4491.29,1103,23,0
1779885600,4491.30,4491.85,4488.38,4488.64,1005,23,0
1779885900,4488.64,4489.90,4488.24,4489.54,884,23,0
1779886200,4489.54,4493.01,4489.51,4492.57,1098,23,0
1779886500,4492.57,4493.17,4490.12,4490.13,897,23,0
1779886800,4490.17,4490.61,4485.03,4486.47,1191,23,0
1779887100,4486.47,4489.04,4486.22,4487.15,1109,23,0
1779887400,4487.13,4487.69,4484.32,4485.47,1131,23,0
1779887700,4485.47,4486.33,4479.71,4479.73,1219,23,0
1779888000,4479.72,4481.17,4478.04,4479.88,1412,23,0
1779888300,4479.88,4480.04,4476.49,4476.99,1397,23,0
1779888600,4476.95,4477.20,4472.44,4473.85,1684,23,0
1779888900,4473.83,4475.83,4462.32,4463.79,1950,23,0
1779889200,4463.79,4470.05,4462.71,4465.66,2080,23,0
1779889500,4465.66,4466.93,4444.33,4448.59,2391,23,0
1779889800,4448.55,4450.13,4442.91,4444.82,2303,23,0
1779890100,4444.85,4450.21,4442.77,4445.76,2107,23,0
1779890400,4445.78,4453.26,4445.65,4452.45,1954,23,0
1779890700,4452.45,4452.46,4446.54,4449.62,1799,23,0
1779891000,4449.62,4451.66,4443.37,4451.21,1872,23,0
1779891300,4451.21,4452.19,4447.78,4449.24,1750,23,0
1779891600,4449.21,4449.21,4440.31,4445.82,1987,23,0
1779891900,4445.82,4446.18,4439.74,4440.87,1930,23,0
1779892200,4440.87,4441.73,4432.37,4436.85,2223,23,0
1779892500,4436.85,4441.71,4434.91,4441.11,1864,23,0
1779892800,4441.11,4444.20,4438.44,4443.16,1605,23,0
1779893100,4443.17,4444.75,4439.09,4439.16,1522,23,0
1779893400,4439.16,4439.60,4433.54,4433.59,1855,23,0
1779893700,4433.66,4434.02,4425.04,4428.63,2106,23,0
1779894000,4428.62,4437.53,4428.38,4434.41,2127,23,0
1779894300,4434.32,4437.37,4431.89,4433.13,1726,23,0
1779894600,4433.08,4433.47,4428.87,4430.40,1799,23,0
1779894900,4430.37,4454.18,4427.58,4447.51,2140,23,0
1779895200,4447.43,4466.50,4442.31,4454.84,2743,23,0
1779895500,4455.04,4460.77,4452.96,4454.71,2467,23,0
1779895800,4454.72,4460.21,4445.64,4447.37,2382,23,0
1779896100,4447.37,4453.42,4444.68,4452.07,2216,23,0
1779896400,4452.20,4452.81,4446.11,4447.05,2029,23,0
1779896700,4447.01,4448.18,4442.46,4445.14,1920,23,0
1779897000,4445.11,4446.93,4441.10,4446.22,1958,23,0
1779897300,4446.25,4446.33,4437.74,4438.83,1913,23,0
1779897600,4438.83,4438.92,4429.64,4432.19,2443,23,0
1779897900,4432.21,4432.37,4411.71,4414.20,2590,23,0
1779898200,4414.20,4420.31,4411.10,4416.75,2528,23,0
1779898500,4416.70,4421.32,4409.73,4411.39,2438,23,0
1779898800,4411.40,4417.21,4405.83,4416.80,2326,23,0
1779899100,4416.62,4419.40,4401.41,4405.09,2489,23,0
1779899400,4404.75,4424.48,4404.55,4423.93,2652,23,0
1779899700,4423.89,4425.62,4412.45,4418.12,2586,23,0
1779900000,4418.11,4423.40,4416.54,4419.22,2468,23,0
1779900300,4419.21,4428.43,4418.38,4420.33,2424,23,0
1779900600,4420.46,4434.00,4419.56,4425.33,2424,23,0
1779900900,4425.33,4428.22,4423.73,4427.37,2380,23,0
1779901200,4427.37,4438.16,4426.15,4438.16,2384,23,0
1779901500,4438.10,4448.20,4436.75,4444.32,2509,23,0
1779901800,4444.33,4455.38,4443.25,4447.99,2452,23,0
1779902100,4447.98,4451.96,4446.92,4451.13,2336,23,0
1779902400,4451.16,4455.25,4442.84,4444.26,2473,23,0
1779902700,4444.32,4446.04,4440.18,4445.47,2335,23,0
1779903000,4445.47,4449.24,4435.86,4440.89,2431,23,0
1779903300,4440.94,4445.38,4439.77,4444.21,2222,23,0
1779903600,4444.19,4444.93,4440.23,4443.14,2087,23,0
1779903900,4443.12,4446.14,4438.36,4438.36,1984,23,0
1779904200,4438.17,4439.87,4436.65,4439.77,2130,23,0
1779904500,4439.82,4439.83,4433.25,4433.95,2174,23,0
1779904800,4433.95,4438.46,4430.34,4436.25,2131,23,0
1779905100,4436.25,4437.12,4428.68,4429.54,2051,23,0
1779905400,4429.54,4432.68,4428.17,4432.09,1896,23,0
1779905700,4432.09,4433.09,4429.74,4430.95,1857,23,0
1779906000,4430.93,4434.04,4429.90,4433.51,1834,23,0
1779906300,4433.43,4435.90,4432.60,4435.77,1672,23,0
1779906600,4435.77,4441.50,4435.77,4438.66,2061,23,0
1779906900,4438.66,4440.76,4437.74,4440.76,1819,23,0
1779907200,4440.76,4441.18,4433.05,4434.12,1839,23,0
1779907500,4434.11,4438.72,4431.48,4432.80,1980,23,0
1779907800,4432.81,4435.14,4430.99,4434.22,1836,23,0
1779908100,4434.23,4437.20,4432.85,4436.47,1523,23,0
1779908400,4436.48,4441.90,4434.88,4437.56,1753,23,0
1779908700,4437.56,4438.10,4434.17,4436.77,1678,23,0
1779909000,4436.80,4440.90,4436.80,4440.17,1622,23,0
1779909300,4440.19,4443.15,4439.86,4441.83,1359,23,0
1779909600,4441.84,4444.21,4441.75,4444.14,1464,23,0
1779909900,4444.18,4447.57,4443.55,4446.83,1541,23,0
1779910200,4446.82,4449.55,4445.23,4448.34,1476,23,0
1779910500,4448.35,4450.89,4448.35,4449.79,1496,23,0
1779910800,4449.80,4453.22,4449.63,4450.75,1559,23,0
1779911100,4450.74,4452.80,4449.39,4452.06,1547,23,0
1779911400,4452.06,4453.30,4450.14,4450.75,1480,23,0
1779911700,4450.76,4451.45,4449.49,4450.81,1573,23,0
1779912000,4450.81,4451.00,4447.37,4449.22,1687,23,0
1779912300,4449.22,4451.57,4442.73,4442.98,1929,23,0
1779912600,4442.99,4445.65,4441.45,4444.08,1861,23,0
1779912900,4444.07,4447.42,4443.28,4446.76,1533,23,0
1779913200,4446.76,4448.26,4445.90,4446.58,1583,23,0
1779913500,4446.58,4451.21,4445.48,4449.91,1558,23,0
1779913800,4449.83,4453.29,4449.83,4452.02,1438,23,0
1779914100,4452.00,4454.27,4451.01,4451.04,1531,23,0
1779914400,4451.04,4452.05,4450.38,4450.59,1344,23,0
1779914700,4450.60,4451.77,4450.04,4450.85,1091,23,0
1779915000,4450.86,4453.67,4450.69,4452.87,1249,23,0
1779915300,4452.88,4454.03,4450.41,4450.41,1223,23,0
1779915600,4450.38,4452.18,4449.33,4449.53,1436,23,0
1779915900,4449.53,4450.11,4447.68,4448.08,1356,23,0
1779916200,4448.09,4450.06,4448.06,4450.05,1103,23,0
1779916500,4450.05,4453.10,4449.87,4452.54,1162,23,0
1779916800,4452.52,4458.29,4452.43,4454.95,1615,23,0
1779917100,4454.96,4455.93,4454.32,4455.53,1471,23,0
1779917400,4455.53,4456.42,4452.33,4452.66,1359,23,0
1779917700,4452.66,4453.42,4451.37,4453.07,943,23,0
1779918000,4453.07,4454.02,4452.93,4453.37,874,23,0
1779918300,4453.37,4453.57,4452.58,4453.38,882,23,0
1779918600,4453.37,4453.77,4452.39,4452.54,942,23,0
1779918900,4452.52,4455.00,4452.32,4454.40,963,23,0
1779919200,4454.39,4454.76,4451.90,4452.15,970,23,0
1779919500,4452.13,4453.27,4451.89,4452.69,941,23,0
1779919800,4452.69,4452.82,4450.57,4451.75,1201,23,0
1779920100,4451.75,4452.30,4449.77,4450.02,1170,23,0
1779920400,4450.03,4454.05,4450.02,4453.18,880,23,0
1779920700,4453.19,4453.23,4450.45,4451.00,1285,23,0
1779921000,4451.01,4453.50,4449.67,4452.68,1237,23,0
1779921300,4452.66,4454.71,4451.98,4454.65,1039,23,0
1779921600,4454.65,4454.75,4453.15,4453.64,944,23,0
1779921900,4453.65,4453.72,4451.87,4452.05,910,23,0
1779922200,4452.03,4452.87,4450.68,4451.08,1305,23,0
1779922500,4451.08,4451.08,4448.76,4450.90,1634,23,0
1779922800,4450.90,4453.48,4450.07,4452.52,1026,23,0
1779923100,4452.52,4453.47,4451.58,4452.99,767,23,0
1779923400,4452.85,4455.17,4452.42,4455.17,531,23,0
1779923700,4455.17,4458.82,4455.17,4458.12,954,23,0
1779924000,4458.16,4458.77,4456.03,4456.83,784,23,0
1779924300,4456.84,4456.89,4454.68,4454.98,661,23,0
1779924600,4454.95,4455.64,4454.46,4454.49,584,28,0
1779924900,4454.47,4454.47,4452.25,4452.43,539,28,0
1779925200,4452.43,4453.85,4451.56,4453.58,623,28,0
1779925500,4453.58,4454.51,4452.55,4454.23,644,28,0
1779925800,4454.25,4455.25,4454.00,4454.91,437,28,0
1779926100,4454.90,4456.12,4454.75,4456.02,339,28,0
1779930000,4457.42,4467.01,4455.47,4456.68,972,28,0
1779930300,4456.71,4462.34,4455.61,4458.84,794,28,0
1779930600,4458.84,4460.42,4457.28,4457.91,749,28,0
1779930900,4457.91,4460.43,4456.65,4459.49,691,28,0
1779931200,4459.49,4461.97,4457.74,4460.67,766,28,0
1779931500,4460.67,4461.84,4459.64,4459.92,838,28,0
1779931800,4459.91,4460.18,4455.19,4457.24,1195,23,0
1779932100,4457.29,4461.83,4457.28,4461.43,752,23,0
1779932400,4461.44,4462.41,4458.16,4458.57,862,23,0
1779932700,4458.54,4458.85,4456.36,4456.60,719,23,0
1779933000,4456.60,4458.10,4455.35,4456.76,746,23,0
1779933300,4456.76,4457.82,4456.58,4457.45,671,23,0
1779933600,4457.46,4457.83,4455.19,4456.61,835,23,0
1779933900,4456.62,4456.88,4451.76,4452.85,1051,23,0
1779934200,4452.85,4454.26,4451.84,4453.57,931,23,0
1779934500,4453.57,4454.95,4451.29,4453.75,1019,23,0
1779934800,4453.78,4454.72,4449.56,4451.62,1407,23,0
1779935100,4451.62,4452.25,4449.38,4450.69,1112,23,0
1779935400,4450.68,4451.40,4449.31,4449.74,1118,23,0
1779935700,4449.72,4454.00,4449.68,4453.27,920,23,0
1779936000,4453.28,4453.80,4450.71,4450.73,945,23,0
1779936300,4450.72,4450.74,4446.12,4448.26,1332,23,0
1779936600,4448.26,4448.97,4443.87,4446.25,1406,23,0
1779936900,4446.21,4449.88,4445.72,4447.10,1276,23,0
1779937200,4447.12,4452.51,4445.22,4449.50,1838,20,0
1779937500,4449.50,4450.02,4445.75,4449.16,1454,23,0
1779937800,4449.15,4449.97,4444.52,4444.61,1490,23,0
1779938100,4444.61,4453.84,4444.06,4452.26,1629,23,0
1779938400,4452.26,4453.57,4444.38,4445.45,1532,23,0
1779938700,4445.89,4447.88,4444.26,4446.27,1565,23,0
1779939000,4446.27,4450.02,4443.51,4449.48,1680,23,0
1779939300,4449.45,4452.84,4448.99,4450.79,1266,23,0
1779939600,4450.81,4453.20,4450.30,4451.96,1261,23,0
1779939900,4452.12,4455.25,4451.97,4453.78,1327,23,0
1779940200,4453.78,4454.43,4451.66,4451.74,1183,23,0
1779940500,4451.67,4457.89,4450.72,4457.14,1555,23,0
1779940800,4457.14,4458.90,4445.75,4445.90,2283,23,0
1779941100,4445.91,4448.23,4442.95,4444.56,2037,23,0
1779941400,4444.55,4446.41,4437.83,4438.20,1957,23,0
1779941700,4438.24,4440.42,4431.71,4433.38,2088,23,0
1779942000,4433.42,4434.99,4426.96,4431.22,1994,23,0
1779942300,4431.22,4431.34,4417.17,4419.44,2245,23,0
1779942600,4419.43,4425.75,4417.20,4425.29,2090,23,0
1779942900,4425.29,4426.48,4420.83,4422.81,1990,23,0
1779943200,4422.81,4423.10,4415.95,4417.61,2133,23,0
1779943500,4417.60,4420.41,4416.38,4417.61,2003,23,0
1779943800,4417.61,4419.68,4407.70,4409.20,2273,23,0
1779944100,4409.19,4411.30,4406.94,4409.98,2099,23,0
1779944400,4409.98,4412.64,4402.82,4404.11,2177,23,0
1779944700,4404.12,4408.46,4402.72,4407.90,1856,23,0
1779945000,4407.88,4408.29,4396.45,4402.67,2118,23,0
1779945300,4402.70,4405.80,4402.36,4404.23,1752,23,0
1779945600,4404.25,4406.13,4399.79,4405.76,1562,23,0
1779945900,4405.78,4408.36,4405.71,4406.15,1416,23,0
1779946200,4406.14,4410.38,4404.06,4408.94,1852,23,0
1779946500,4408.95,4409.19,4405.75,4406.83,1604,23,0
1779946800,4406.84,4408.41,4400.65,4402.08,1744,23,0
1779947100,4402.05,4402.29,4393.74,4396.14,2053,23,0
1779947400,4396.10,4398.36,4393.38,4395.41,1776,23,0
1779947700,4395.41,4398.86,4392.59,4394.38,1771,23,0
1779948000,4394.46,4396.42,4390.23,4395.26,1930,23,0
1779948300,4395.58,4397.81,4394.29,4396.53,1781,23,0
1779948600,4396.48,4397.38,4391.82,4394.17,1812,23,0
1779948900,4394.17,4394.45,4382.93,4384.49,2039,23,0
1779949200,4384.48,4387.88,4382.33,4386.68,1985,23,0
1779949500,4386.76,4388.26,4383.28,4387.68,1936,23,0
1779949800,4387.69,4387.89,4379.78,4379.91,1972,23,0
1779950100,4379.93,4380.14,4370.92,4373.24,2124,23,0
1779950400,4373.25,4377.81,4371.83,4376.79,2171,23,0
1779950700,4376.76,4379.32,4372.48,4375.02,1936,23,0
1779951000,4375.03,4376.34,4371.93,4375.54,1883,23,0
1779951300,4375.54,4376.88,4368.43,4374.78,1826,23,0
1779951600,4374.80,4377.58,4369.56,4375.10,1964,23,0
1779951900,4375.09,4382.04,4373.77,4381.11,1897,23,0
1779952200,4381.14,4381.68,4375.85,4376.38,1616,23,0
1779952500,4376.38,4377.02,4368.95,4369.17,1656,23,0
1779952800,4369.29,4372.71,4366.37,4371.46,1768,23,0
1779953100,4371.45,4371.94,4367.15,4368.41,1780,23,0
1779953400,4368.42,4372.54,4368.35,4371.52,1732,23,0
1779953700,4371.52,4373.71,4370.54,4372.10,1602,23,0
1779954000,4372.10,4374.99,4370.99,4374.01,1599,23,0
1779954300,4374.00,4375.14,4369.23,4369.44,1571,23,0
1779954600,4369.81,4372.54,4368.18,4371.02,1738,23,0
1779954900,4371.04,4374.83,4371.04,4372.96,1603,23,0
1779955200,4372.97,4374.08,4367.18,4369.96,1769,23,0
1779955500,4370.01,4374.24,4368.13,4371.86,1651,23,0
1779955800,4371.87,4377.28,4371.63,4375.38,1547,23,0
1779956100,4375.39,4376.23,4371.81,4374.50,1506,23,0
1779956400,4374.48,4377.62,4371.69,4377.16,1418,23,0
1779956700,4377.16,4379.92,4376.58,4378.67,1491,23,0
1779957000,4378.66,4387.73,4375.28,4386.61,2251,23,0
1779957300,4386.68,4391.12,4386.61,4391.03,2012,23,0
1779957600,4391.18,4393.49,4389.28,4389.51,1965,23,0
1779957900,4389.48,4394.85,4389.48,4392.33,1965,23,0
1779958200,4392.33,4395.79,4391.00,4393.44,1904,23,0
1779958500,4393.44,4393.72,4387.68,4387.96,1634,23,0
1779958800,4387.96,4390.64,4385.73,4387.66,1954,23,0
1779959100,4387.66,4387.84,4378.88,4379.73,1927,23,0
1779959400,4380.01,4381.63,4374.83,4376.02,1922,23,0
1779959700,4376.06,4380.40,4374.30,4379.61,1845,23,0
1779960000,4379.58,4384.79,4379.53,4381.90,1763,23,0
1779960300,4381.94,4384.81,4380.10,4380.36,1793,23,0
1779960600,4380.37,4384.93,4379.31,4383.39,1787,23,0
1779960900,4383.39,4385.44,4382.03,4382.05,1637,23,0
1779961200,4382.08,4383.78,4376.92,4380.46,1567,23,0
1779961500,4380.46,4384.42,4379.21,4383.33,1602,23,0
1779961800,4383.36,4384.01,4381.05,4382.60,1594,23,0
1779962100,4382.66,4384.62,4381.75,4383.50,1486,23,0
1779962400,4383.51,4389.65,4383.51,4387.54,1920,23,0
1779962700,4387.51,4392.27,4386.82,4391.99,1623,23,0
1779963000,4391.99,4391.99,4386.83,4388.81,1463,23,0
1779963300,4388.81,4395.19,4386.38,4394.43,1536,23,0
1779963600,4394.37,4396.28,4393.15,4394.27,1598,23,0
1779963900,4394.30,4396.05,4391.80,4392.65,1466,23,0
1779964200,4392.66,4393.75,4389.28,4389.47,1532,23,0
1779964500,4389.47,4392.67,4388.53,4389.16,1339,23,0
1779964800,4389.18,4389.80,4385.48,4389.40,1436,23,0
1779965100,4389.39,4391.01,4386.24,4387.98,1481,23,0
1779965400,4387.98,4389.37,4382.92,4385.56,1489,23,0
1779965700,4385.56,4388.82,4383.75,4387.50,1458,23,0
1779966000,4387.50,4392.98,4386.44,4387.48,1852,23,0
1779966300,4387.44,4393.61,4386.65,4393.60,1552,23,0
1779966600,4393.62,4394.91,4391.55,4393.25,1424,23,0
1779966900,4393.24,4394.52,4391.10,4391.82,1413,23,0
1779967200,4391.82,4394.41,4391.20,4392.58,1431,23,0
1779967500,4392.56,4393.10,4387.59,4389.77,1415,23,0
1779967800,4389.77,4391.97,4386.25,4391.96,1379,23,0
1779968100,4391.96,4394.94,4389.95,4391.90,1332,23,0
1779968400,4391.89,4393.40,4389.36,4389.95,1348,23,0
1779968700,4389.93,4391.38,4387.20,4390.89,1342,23,0
1779969000,4390.89,4391.80,4388.48,4388.62,1062,23,0
1779969300,4388.61,4389.02,4385.89,4386.96,1323,23,0
1779969600,4386.93,4390.91,4386.44,4389.11,1482,23,0
1779969900,4389.31,4390.97,4388.27,4389.59,1366,23,0
1779970200,4389.60,4390.58,4386.61,4389.33,1387,23,0
1779970500,4389.33,4392.00,4388.61,4390.02,1221,23,0
1779970800,4390.02,4399.08,4389.95,4395.39,1562,23,0
1779971100,4395.39,4397.75,4393.60,4396.43,1543,23,0
1779971400,4396.43,4396.87,4391.62,4392.86,1788,23,0
1779971700,4392.89,4395.72,4391.51,4392.42,1435,23,0
1779972000,4392.42,4393.07,4390.15,4391.12,1344,23,0
1779972300,4391.11,4393.48,4389.71,4392.91,1326,23,0
1779972600,4392.88,4396.20,4392.43,4395.00,1314,23,0
1779972900,4394.51,4396.32,4392.83,4393.59,1396,23,0
1779973200,4393.59,4394.93,4391.51,4393.77,1351,23,0
1779973500,4393.71,4401.59,4393.66,4401.40,1393,23,0
1779973800,4401.40,4404.12,4398.46,4399.30,1470,23,0
1779974100,4399.31,4400.79,4398.07,4399.39,1229,23,0
1779974400,4399.39,4399.49,4393.79,4395.76,1408,23,0
1779974700,4395.76,4402.27,4395.63,4401.18,1439,23,0
1779975000,4401.17,4402.44,4398.24,4398.78,1399,23,0
1779975300,4398.78,4399.78,4397.29,4397.82,1206,23,0
1779975600,4397.82,4398.42,4388.11,4389.11,1640,23,0
1779975900,4389.11,4389.11,4380.07,4380.75,1875,23,0
1779976200,4380.76,4384.80,4375.37,4382.20,2173,23,0
1779976500,4382.19,4387.34,4382.17,4383.04,1759,23,0
1779976800,4383.02,4388.54,4381.59,4388.53,1791,23,0
1779977100,4388.54,4389.30,4385.51,4386.88,1600,23,0
1779977400,4386.89,4388.59,4385.43,4387.02,1462,23,0
1779977700,4387.03,4390.49,4386.67,4389.47,1427,23,0
1779978000,4389.47,4390.03,4385.75,4387.62,1268,23,0
1779978300,4387.59,4389.15,4384.38,4384.88,1184,23,0
1779978600,4384.90,4387.02,4381.12,4386.66,1399,23,0
1779978900,4386.67,4390.08,4386.09,4388.48,1531,23,0
1779979200,4388.47,4390.34,4385.05,4385.81,1431,23,0
1779979500,4385.81,4386.24,4383.03,4383.35,1394,23,0
1779979800,4383.43,4384.58,4381.11,4383.70,1664,23,0
1779980100,4383.69,4388.44,4383.19,4387.95,1606,23,0
1779980400,4387.95,4391.25,4387.95,4390.14,1531,23,0
1779980700,4390.15,4392.85,4389.47,4391.59,1597,23,0
1779981000,4391.60,4392.72,4388.67,4392.62,1567,23,0
1779981300,4392.63,4392.84,4387.62,4388.29,1543,23,0
1779981600,4388.29,4389.62,4379.71,4381.29,1933,23,0
1779981900,4381.36,4386.96,4381.26,4385.25,1451,23,0
1779982200,4385.30,4394.47,4384.03,4392.37,2168,23,0
1779982500,4392.37,4402.35,4391.49,4398.87,2181,23,0
1779982800,4398.88,4403.02,4397.50,4402.08,2046,23,0
1779983100,4402.05,4410.27,4401.67,4409.88,2073,23,0
1779983400,4409.97,4421.44,4409.18,4420.58,2185,23,0
1779983700,4420.60,4433.80,4420.60,4432.11,2312,23,0
1779984000,4432.15,4436.37,4428.82,4432.56,2513,23,0
1779984300,4432.52,4439.03,4426.00,4426.30,2254,23,0
1779984600,4426.31,4431.99,4425.10,4426.74,2139,23,0
1779984900,4426.73,4431.98,4425.81,4431.50,1922,23,0
1779985200,4431.49,4434.32,4427.40,4428.78,1988,23,0
1779985500,4428.78,4433.04,4427.71,4428.53,1951,23,0
1779985800,4428.53,4430.77,4418.44,4418.74,2438,23,0
1779986100,4418.75,4426.37,4418.23,4424.85,2415,23,0
1779986400,4424.85,4425.62,4419.57,4422.09,2281,23,0
1779986700,4422.08,4430.11,4421.56,4425.72,2290,23,0
1779987000,4425.65,4434.27,4425.64,4430.68,2382,23,0
1779987300,4430.78,4432.21,4426.39,4430.53,2102,23,0
1779987600,4430.48,4433.20,4420.85,4424.73,2363,23,0
1779987900,4424.56,4442.55,4424.22,4438.80,2418,23,0
1779988200,4438.93,4467.55,4432.31,4464.33,2598,23,0
1779988500,4464.29,4473.40,4451.64,4464.62,2780,23,0
1779988800,4464.68,4467.05,4453.62,4461.56,2620,23,0
1779989100,4461.52,4465.15,4458.88,4461.00,2583,23,0
1779989400,4460.96,4467.96,4456.20,4456.54,2546,23,0
1779989700,4456.54,4460.13,4452.93,4459.51,2475,23,0
1779990000,4459.58,4471.49,4458.43,4468.89,2507,23,0
1779990300,4468.88,4480.36,4466.29,4468.11,2625,23,0
1779990600,4468.04,4475.53,4466.69,4470.39,2482,23,0
1779990900,4470.39,4470.72,4461.97,4469.31,2380,23,0
1779991200,4469.30,4476.89,4468.75,4474.96,2371,23,0
1779991500,4474.95,4480.75,4472.47,4473.42,2269,23,0
1779991800,4473.44,4474.27,4470.46,4471.37,2133,23,0
1779992100,4471.40,4473.97,4470.74,4472.43,1954,23,0
1779992400,4472.43,4476.90,4469.28,4476.22,2101,23,0
1779992700,4476.24,4482.17,4475.40,4476.74,2145,23,0
1779993000,4476.74,4481.36,4476.74,4481.00,2069,23,0
1779993300,4480.97,4484.73,4478.35,4478.41,2161,23,0
1779993600,4478.41,4481.07,4477.23,4479.33,1942,23,0
1779993900,4479.33,4482.32,4478.87,4479.62,1791,23,0
1779994200,4479.63,4482.36,4479.47,4480.14,1731,23,0
1779994500,4480.14,4482.24,4478.64,4482.23,1640,23,0
1779994800,4482.23,4483.83,4477.98,4480.79,1931,23,0
1779995100,4480.79,4485.81,4480.79,4481.29,1823,23,0
1779995400,4481.29,4485.40,4481.29,4484.34,1762,23,0
1779995700,4484.35,4497.40,4484.07,4497.07,2251,23,0
1779996000,4497.07,4502.45,4494.73,4502.06,2222,23,0
1779996300,4502.11,4502.81,4498.87,4500.46,2042,23,0
1779996600,4500.42,4502.53,4497.79,4498.92,1795,23,0
1779996900,4498.91,4503.11,4497.69,4499.38,1839,23,0
1779997200,4499.36,4506.27,4499.11,4504.38,1950,23,0
1779997500,4504.35,4508.27,4504.33,4505.17,2012,23,0
1779997800,4505.17,4509.60,4504.96,4508.88,1931,23,0
1779998100,4508.88,4511.02,4507.88,4511.00,1649,23,0
1779998400,4511.00,4514.46,4509.50,4510.15,1965,23,0
1779998700,4510.09,4510.24,4505.94,4509.83,1773,23,0
1779999000,4509.87,4510.38,4503.57,4503.90,1795,23,0
1779999300,4503.90,4506.85,4503.46,4504.46,1717,23,0
1779999600,4504.49,4505.67,4502.48,4505.01,1897,23,0
1779999900,4505.00,4506.28,4501.21,4502.03,1970,23,0
1780000200,4502.02,4507.07,4502.02,4505.17,1537,23,0
1780000500,4505.22,4505.85,4503.98,4505.69,1551,23,0
1780000800,4505.69,4507.14,4504.40,4505.02,1322,23,0
1780001100,4505.02,4509.13,4504.68,4508.46,1551,23,0
1780001400,4508.46,4508.56,4506.83,4507.61,1450,23,0
1780001700,4507.61,4509.93,4507.53,4508.88,1486,23,0
1780002000,4508.88,4516.51,4508.80,4513.11,1837,23,0
1780002300,4513.12,4513.78,4509.38,4509.80,1644,23,0
1780002600,4509.75,4509.75,4506.26,4507.65,1724,23,0
1780002900,4507.65,4512.69,4505.75,4509.64,1789,23,0
1780003200,4509.64,4511.13,4507.65,4508.18,1744,23,0
1780003500,4508.18,4508.24,4505.38,4506.26,1594,23,0
1780003800,4506.26,4506.44,4501.57,4502.16,1594,23,0
1780004100,4502.16,4503.63,4500.92,4501.96,1569,23,0
1780004400,4501.94,4502.82,4501.04,4501.75,1384,23,0
1780004700,4501.75,4502.46,4498.56,4499.31,1432,23,0
1780005000,4499.31,4503.62,4498.83,4502.97,1452,23,0
1780005300,4502.99,4503.34,4500.59,4500.97,1270,23,0
1780005600,4501.03,4503.71,4500.10,4501.76,1453,23,0
1780005900,4501.76,4502.32,4498.90,4498.99,1203,23,0
1780006200,4498.99,4501.80,4498.64,4499.56,1309,23,0
1780006500,4499.56,4501.63,4499.55,4501.04,1141,23,0
1780006800,4501.04,4502.99,4500.46,4502.48,1123,23,0
1780007100,4502.43,4502.51,4499.72,4499.74,1251,23,0
1780007400,4499.74,4501.85,4499.74,4500.95,1284,23,0
1780007700,4500.95,4501.66,4499.41,4500.93,1194,23,0
1780008000,4500.93,4501.06,4499.00,4499.26,1198,23,0
1780008300,4499.26,4500.36,4498.22,4498.64,1221,23,0
1780008600,4498.64,4499.99,4497.78,4498.95,1548,23,0
1780008900,4498.95,4499.50,4497.15,4498.03,1726,23,0
1780009200,4497.99,4498.27,4495.60,4495.84,1266,23,0
1780009500,4495.82,4497.47,4494.94,4496.14,866,23,0
1780009800,4496.14,4498.67,4496.06,4497.13,939,23,0
1780010100,4497.13,4500.62,4496.36,4497.56,1115,23,0
1780010400,4497.55,4498.86,4497.53,4497.76,627,23,0
1780010700,4497.74,4499.54,4497.04,4499.34,613,23,0
1780011000,4499.32,4500.70,4498.29,4500.24,734,28,0
1780011300,4500.25,4500.25,4496.31,4496.41,724,28,0
1780011600,4496.42,4496.71,4494.91,4495.50,694,28,0
1780011900,4495.54,4496.39,4494.94,4495.95,792,28,0
1780012200,4495.94,4496.16,4494.93,4495.82,577,28,0
1780012500,4495.82,4496.48,4495.51,4496.31,381,28,0
1780016400,4496.04,4499.69,4495.28,4497.25,764,28,0
1780016700,4497.26,4498.15,4491.80,4493.60,977,28,0
1780017000,4493.61,4495.19,4492.52,4493.79,827,28,0
1780017300,4493.80,4494.91,4493.23,4493.73,509,28,0
1780017600,4493.73,4494.88,4493.10,4493.83,686,28,0
1780017900,4493.82,4496.55,4492.82,4495.86,892,28,0
1780018200,4495.84,4496.54,4493.82,4494.07,820,23,0
1780018500,4494.05,4495.16,4493.12,4494.38,718,23,0
1780018800,4494.37,4496.58,4493.44,4495.59,869,23,0
1780019100,4495.60,4496.25,4494.51,4494.61,734,23,0
1780019400,4494.60,4494.90,4492.54,4493.92,781,23,0
1780019700,4493.92,4494.32,4491.10,4491.23,784,23,0
1780020000,4491.22,4495.37,4491.15,4495.30,1163,23,0
1780020300,4495.36,4495.76,4494.13,4494.28,842,23,0
1780020600,4494.28,4494.96,4494.28,4494.74,611,23,0
1780020900,4494.77,4496.98,4494.72,4495.90,738,23,0
1780021200,4495.91,4495.91,4494.00,4494.61,690,23,0
1780021500,4494.63,4494.63,4491.81,4492.34,728,23,0
1780021800,4492.34,4494.60,4491.32,4494.04,903,23,0
1780022100,4494.04,4494.64,4491.99,4492.03,915,23,0
1780022400,4492.03,4492.19,4489.13,4489.97,982,23,0
1780022700,4489.96,4491.23,4489.04,4490.50,1072,23,0
1780023000,4490.51,4494.50,4490.45,4492.24,1112,23,0
1780023300,4492.24,4496.37,4491.83,4495.14,1108,23,0
1780023600,4495.16,4497.96,4492.52,4495.06,1720,20,0
1780023900,4495.06,4496.46,4492.14,4494.72,1646,23,0
1780024200,4494.73,4498.17,4492.72,4497.43,1579,23,0
1780024500,4497.41,4499.84,4496.56,4499.12,1439,23,0
1780024800,4499.12,4500.46,4495.90,4497.57,1265,23,0
1780025100,4497.57,4500.55,4496.80,4500.08,1426,23,0
1780025400,4500.08,4500.41,4495.25,4495.26,1454,23,0
1780025700,4495.23,4496.48,4493.31,4494.22,1222,23,0
1780026000,4494.22,4498.49,4494.09,4498.31,1185,23,0
1780026300,4498.30,4498.30,4493.28,4495.12,1240,23,0
1780026600,4495.11,4496.78,4493.68,4494.07,1200,23,0
1780026900,4494.07,4496.09,4493.51,4496.09,1202,23,0
1780027200,4496.09,4503.44,4492.44,4500.81,2321,23,0
1780027500,4500.80,4509.29,4498.91,4508.79,2063,23,0
1780027800,4508.85,4515.28,4508.11,4514.89,2090,23,0
1780028100,4514.89,4520.64,4514.51,4518.65,1984,23,0
1780028400,4518.69,4520.26,4512.79,4512.81,1877,23,0
1780028700,4512.75,4513.35,4505.26,4505.41,1859,23,0
1780029000,4505.42,4505.70,4502.45,4504.07,1901,23,0
1780029300,4504.07,4508.37,4503.24,4506.94,1764,23,0
1780029600,4506.93,4508.47,4505.45,4506.43,1836,23,0
1780029900,4506.42,4506.77,4501.55,4502.00,1759,23,0
1780030200,4501.99,4506.51,4501.13,4506.11,1611,23,0
1780030500,4506.12,4507.66,4503.87,4506.50,1589,23,0
1780030800,4506.49,4510.94,4506.02,4510.73,1776,23,0
1780031100,4510.73,4511.15,4505.13,4505.83,1446,23,0
1780031400,4505.86,4507.98,4504.14,4506.87,1523,23,0
1780031700,4506.84,4508.91,4505.20,4505.82,1329,23,0
1780032000,4505.85,4506.04,4502.96,4504.52,1145,23,0
1780032300,4504.51,4504.95,4501.85,4503.06,982,23,0
1780032600,4503.06,4505.10,4498.37,4504.10,1720,23,0
1780032900,4504.09,4506.52,4503.21,4506.18,1399,23,0
1780033200,4506.18,4507.87,4504.95,4505.15,1314,23,0
1780033500,4505.12,4508.17,4504.74,4506.51,1350,23,0
1780033800,4506.51,4506.52,4502.18,4503.17,1552,23,0
1780034100,4503.17,4505.19,4501.27,4501.82,1425,23,0
1780034400,4501.78,4501.93,4499.02,4501.58,1653,23,0
1780034700,4501.59,4501.61,4496.71,4498.12,1551,23,0
1780035000,4498.13,4498.74,4494.99,4496.31,1692,23,0
1780035300,4496.34,4497.73,4495.34,4496.39,1399,23,0
1780035600,4496.39,4499.22,4496.36,4498.29,1357,23,0
1780035900,4498.30,4498.36,4495.25,4496.78,1505,23,0
1780036200,4496.79,4498.26,4496.67,4497.32,1099,23,0
1780036500,4497.32,4498.01,4494.89,4496.23,1173,23,0
1780036800,4496.23,4499.20,4496.23,4498.15,1031,23,0
1780037100,4498.14,4500.01,4497.98,4499.94,943,23,0
1780037400,4499.94,4500.50,4496.53,4499.72,1134,23,0
1780037700,4499.71,4501.75,4498.76,4501.27,1152,23,0
1780038000,4501.29,4505.33,4501.04,4502.76,1384,23,0
1780038300,4502.76,4503.76,4501.47,4503.35,972,23,0
1780038600,4503.33,4503.59,4501.86,4502.36,908,23,0
1780038900,4502.37,4504.91,4502.00,4504.63,1049,23,0
1780039200,4504.63,4511.43,4504.14,4510.64,1258,23,0
1780039500,4510.56,4511.71,4509.02,4509.22,1356,23,0
1780039800,4509.21,4510.50,4508.52,4508.94,1091,23,0
1780040100,4508.93,4510.81,4508.47,4509.83,911,23,0
1780040400,4509.82,4510.85,4509.11,4510.64,970,23,0
1780040700,4510.64,4510.99,4508.40,4509.34,953,23,0
1780041000,4509.34,4510.10,4508.24,4509.30,947,23,0
1780041300,4509.31,4514.81,4508.72,4514.13,1042,23,0
1780041600,4514.13,4515.41,4509.67,4509.74,1075,23,0
1780041900,4509.78,4510.86,4509.42,4510.03,914,23,0
1780042200,4510.02,4512.39,4508.91,4511.96,940,23,0
1780042500,4511.98,4512.24,4510.60,4511.86,903,23,0
1780042800,4511.86,4512.03,4509.75,4509.86,819,23,0
1780043100,4509.93,4510.74,4509.46,4509.93,849,23,0
1780043400,4509.92,4512.84,4507.52,4508.42,1719,23,0
1780043700,4508.44,4508.45,4502.69,4503.56,1552,23,0
1780044000,4503.56,4507.97,4502.80,4506.71,1561,23,0
1780044300,4506.71,4508.64,4505.48,4505.97,1536,23,0
1780044600,4505.98,4515.74,4504.03,4515.03,1540,23,0
1780044900,4515.03,4515.52,4510.65,4514.94,1475,23,0
1780045200,4514.94,4522.41,4514.34,4519.13,2035,23,0
1780045500,4519.14,4520.02,4514.25,4514.27,1675,23,0
1780045800,4514.26,4516.03,4511.08,4515.69,1693,23,0
1780046100,4515.69,4515.69,4510.10,4511.41,1626,23,0
1780046400,4511.41,4519.80,4511.27,4518.66,1706,23,0
1780046700,4518.66,4521.48,4516.23,4516.58,1689,23,0
1780047000,4516.57,4520.69,4516.49,4517.77,1600,23,0
1780047300,4517.79,4518.89,4513.78,4514.92,1675,23,0
1780047600,4514.91,4516.85,4511.32,4516.67,1609,23,0
1780047900,4516.67,4519.74,4515.16,4517.68,1434,23,0
1780048200,4517.68,4523.08,4517.13,4522.00,1503,23,0
1780048500,4522.01,4524.03,4521.69,4523.66,1570,23,0
1780048800,4523.65,4523.89,4518.94,4519.20,1612,23,0
1780049100,4519.14,4520.73,4518.00,4519.14,1476,23,0
1780049400,4519.14,4520.58,4515.97,4516.30,1507,23,0
1780049700,4516.30,4517.07,4514.34,4515.61,1536,23,0
1780050000,4515.62,4515.85,4511.85,4511.85,1423,23,0
1780050300,4511.86,4514.14,4510.72,4514.06,1540,23,0
1780050600,4514.07,4521.15,4512.86,4520.72,1650,23,0
1780050900,4520.71,4525.25,4520.21,4522.51,1821,23,0
1780051200,4522.52,4525.98,4521.18,4525.35,1601,23,0
1780051500,4525.34,4526.12,4523.39,4524.11,1429,23,0
1780051800,4524.12,4525.29,4522.16,4523.23,1182,23,0
1780052100,4523.23,4525.47,4523.02,4524.71,1235,23,0
1780052400,4524.71,4524.74,4518.89,4519.10,1729,23,0
1780052700,4519.18,4520.67,4515.73,4515.92,1559,23,0
1780053000,4515.91,4519.04,4514.13,4515.25,1476,23,0
1780053300,4515.24,4516.33,4513.10,4513.20,1556,23,0
1780053600,4513.23,4517.13,4512.56,4515.37,1528,23,0
1780053900,4515.38,4517.95,4514.31,4517.08,1364,23,0
1780054200,4517.04,4517.98,4514.89,4514.93,1051,23,0
1780054500,4514.93,4516.54,4513.91,4515.01,1265,23,0
1780054800,4515.01,4516.14,4514.17,4515.00,1119,23,0
1780055100,4514.98,4516.19,4510.96,4511.26,1320,23,0
1780055400,4511.23,4515.32,4509.99,4513.86,1345,23,0
1780055700,4513.87,4515.17,4513.11,4514.90,1099,23,0
1780056000,4514.90,4519.38,4513.31,4518.92,1646,23,0
1780056300,4518.91,4524.05,4517.47,4523.84,1384,23,0
1780056600,4523.83,4530.35,4523.38,4529.01,1609,23,0
1780056900,4529.06,4529.62,4526.95,4527.98,1672,23,0
1780057200,4527.97,4528.24,4522.18,4522.66,1415,23,0
1780057500,4522.66,4532.16,4522.45,4528.86,1491,23,0
1780057800,4528.86,4530.65,4524.84,4528.59,1661,23,0
1780058100,4528.61,4530.50,4526.81,4528.81,1295,23,0
1780058400,4528.81,4532.62,4528.19,4532.41,1122,23,0
1780058700,4532.42,4537.65,4532.09,4537.22,1642,23,0
1780059000,4537.22,4539.35,4531.30,4532.63,1589,23,0
1780059300,4532.64,4533.28,4529.65,4531.03,1294,23,0
1780059600,4531.03,4531.11,4525.50,4525.92,1389,23,0
1780059900,4525.93,4528.59,4525.86,4526.41,1217,23,0
1780060200,4526.40,4528.66,4525.91,4528.48,1309,23,0
1780060500,4528.48,4530.22,4525.71,4526.74,1322,23,0
1780060800,4526.73,4527.76,4525.93,4527.56,1241,23,0
1780061100,4527.57,4530.91,4527.40,4530.46,1206,23,0
1780061400,4530.45,4539.20,4530.37,4538.78,1516,23,0
1780061700,4538.77,4543.25,4538.22,4541.37,1578,23,0
1780062000,4541.36,4542.17,4536.39,4537.91,1396,23,0
1780062300,4537.96,4541.00,4536.27,4537.11,1360,23,0
1780062600,4537.10,4539.05,4536.69,4536.69,1264,23,0
1780062900,4536.70,4538.60,4535.37,4538.50,1325,23,0
1780063200,4538.50,4540.40,4535.60,4535.90,1451,23,0
1780063500,4535.90,4536.96,4532.17,4532.52,1295,23,0
1780063800,4532.53,4533.28,4530.87,4532.34,1373,23,0
1780064100,4532.34,4532.73,4529.33,4531.59,1450,23,0
1780064400,4531.60,4534.43,4530.24,4531.18,1379,23,0
1780064700,4531.18,4531.94,4526.86,4528.02,1528,23,0
1780065000,4528.02,4528.54,4525.86,4527.04,1344,23,0
1780065300,4527.05,4528.96,4526.66,4528.32,1138,23,0
1780065600,4528.32,4531.44,4528.20,4531.06,1196,23,0
1780065900,4531.04,4533.88,4529.22,4529.23,1142,23,0
1780066200,4529.23,4535.11,4527.44,4533.89,1706,23,0
1780066500,4533.91,4538.93,4533.76,4538.37,1377,23,0
1780066800,4538.37,4538.55,4528.24,4529.40,1573,23,0
1780067100,4529.40,4530.53,4527.25,4530.18,1600,23,0
1780067400,4530.18,4532.01,4526.95,4528.38,1699,23,0
1780067700,4528.38,4531.85,4527.77,4530.17,1343,23,0
1780068000,4530.36,4530.36,4520.00,4523.48,1814,23,0
1780068300,4523.50,4524.55,4520.55,4522.29,1549,23,0
1780068600,4522.30,4523.44,4515.49,4517.14,1987,23,0
1780068900,4517.10,4518.85,4515.31,4517.29,1828,23,0
1780069200,4517.31,4517.71,4512.77,4514.29,1662,23,0
1780069500,4514.29,4517.94,4512.74,4515.38,1691,23,0
1780069800,4515.37,4519.99,4514.45,4518.55,1802,23,0
1780070100,4518.59,4524.04,4516.58,4522.97,1581,23,0
1780070400,4522.95,4525.50,4517.11,4524.22,2170,23,0
1780070700,4524.22,4526.85,4520.33,4525.65,1904,23,0
1780071000,4525.66,4525.70,4520.85,4522.69,1699,23,0
1780071300,4522.70,4524.33,4521.27,4522.64,1660,23,0
1780071600,4522.62,4529.15,4522.42,4526.23,1698,23,0
1780071900,4526.23,4528.33,4525.42,4527.99,1861,23,0
1780072200,4527.98,4532.04,4525.08,4525.08,2407,23,0
1780072500,4525.03,4533.04,4522.41,4531.43,2314,23,0
1780072800,4531.43,4535.44,4530.40,4533.04,1944,23,0
1780073100,4533.00,4536.76,4529.59,4535.84,2085,23,0
1780073400,4535.79,4539.12,4532.10,4538.60,2184,23,0
1780073700,4538.60,4540.68,4535.31,4536.76,2101,23,0
1780074000,4536.76,4549.30,4535.21,4547.91,2472,23,0
1780074300,4547.95,4552.60,4546.34,4551.15,2374,23,0
1780074600,4551.14,4552.59,4543.79,4543.86,2271,23,0
1780074900,4543.79,4545.00,4537.78,4537.78,2406,23,0
1780075200,4537.92,4540.39,4530.99,4531.09,2273,23,0
1780075500,4531.07,4533.19,4526.18,4529.83,2492,23,0
1780075800,4529.83,4536.39,4525.45,4536.19,2391,23,0
1780076100,4536.19,4536.62,4530.83,4531.83,2271,23,0
1780076400,4531.76,4541.75,4531.67,4540.36,2347,23,0
1780076700,4540.36,4540.98,4536.94,4539.75,2124,23,0
1780077000,4539.74,4569.01,4539.73,4556.99,2610,23,0
1780077300,4556.91,4570.45,4555.80,4564.19,2602,23,0
1780077600,4564.19,4578.26,4564.18,4578.22,2587,23,0
1780077900,4578.19,4589.76,4573.98,4588.01,2590,23,0
1780078200,4587.96,4595.28,4586.01,4590.00,2546,23,0
1780078500,4589.95,4591.40,4586.01,4588.56,2435,23,0
1780078800,4588.56,4589.11,4581.69,4584.84,2388,23,0
1780079100,4584.83,4585.25,4578.44,4578.44,2073,23,0
1780079400,4578.38,4583.25,4577.99,4578.21,2134,23,0
1780079700,4578.26,4580.68,4572.09,4572.99,2262,23,0
1780080000,4572.99,4575.15,4561.46,4566.53,2498,23,0
1780080300,4566.59,4569.23,4557.56,4564.92,2395,23,0
1780080600,4564.92,4570.41,4563.37,4568.99,2093,23,0
1780080900,4568.99,4571.50,4568.28,4571.04,1965,23,0
1780081200,4571.08,4572.20,4567.78,4567.96,1935,23,0
1780081500,4567.97,4568.90,4563.87,4564.24,1847,23,0
1780081800,4564.22,4564.98,4559.91,4563.54,1836,23,0
1780082100,4563.57,4567.60,4562.92,4565.28,1779,23,0
1780082400,4565.28,4567.03,4563.80,4564.19,1687,23,0
1780082700,4564.20,4564.21,4560.38,4563.03,1812,23,0
1780083000,4563.03,4570.09,4561.92,4568.89,2015,23,0
1780083300,4568.94,4573.37,4567.73,4572.07,1829,23,0
1780083600,4572.05,4572.92,4568.59,4569.51,1712,23,0
1780083900,4569.51,4569.56,4564.50,4564.78,1754,23,0
1780084200,4564.77,4565.78,4560.85,4565.29,1833,23,0
1780084500,4565.31,4567.44,4562.57,4566.77,1632,23,0
1780084800,4566.93,4568.02,4564.32,4564.41,1668,23,0
1780085100,4564.31,4568.52,4563.37,4567.50,1549,23,0
1780085400,4567.56,4568.37,4563.99,4564.06,1574,23,0
1780085700,4564.12,4566.86,4563.72,4565.55,1559,23,0
1780086000,4565.55,4566.89,4560.97,4565.53,1863,23,0
1780086300,4565.53,4565.80,4561.47,4561.89,1821,23,0
1780086600,4561.86,4562.07,4557.86,4561.31,1782,23,0
1780086900,4561.30,4561.89,4558.49,4558.74,1592,23,0
1780087200,4558.74,4559.98,4553.28,4554.12,1733,23,0
1780087500,4554.13,4557.61,4553.16,4556.01,1665,23,0
1780087800,4556.01,4556.19,4552.44,4553.56,1563,23,0
1780088100,4553.55,4553.99,4551.64,4553.44,1797,23,0
1780088400,4553.44,4557.38,4552.57,4557.35,1937,23,0
1780088700,4557.34,4558.75,4555.89,4557.92,1534,23,0
1780089000,4557.92,4558.30,4556.16,4558.10,1330,23,0
1780089300,4558.11,4558.83,4555.68,4558.64,1494,23,0
1780089600,4558.62,4559.84,4557.46,4558.66,1406,23,0
1780089900,4558.66,4560.41,4558.18,4559.36,1444,23,0
1780090200,4559.32,4561.26,4559.32,4560.92,1366,23,0
1780090500,4560.93,4561.66,4559.93,4560.13,1117,23,0
1780090800,4560.13,4560.21,4557.61,4557.99,1205,23,0
1780091100,4557.99,4557.99,4550.93,4553.10,1960,23,0
1780091400,4553.06,4554.71,4552.31,4554.25,1594,23,0
1780091700,4554.23,4556.81,4552.96,4553.26,1605,23,0
1780092000,4553.35,4554.93,4552.36,4554.55,1506,23,0
1780092300,4554.53,4558.48,4554.46,4558.48,1308,23,0
1780092600,4558.49,4560.18,4557.94,4558.48,1294,23,0
1780092900,4558.49,4559.10,4556.74,4557.73,1183,23,0
1780093200,4557.56,4557.94,4555.77,4556.41,1151,23,0
1780093500,4556.45,4556.97,4554.64,4555.24,1216,23,0
1780093800,4555.24,4556.38,4553.06,4553.48,1375,23,0
1780094100,4553.49,4553.97,4551.82,4552.42,1259,23,0
1780094400,4552.41,4553.88,4551.25,4551.49,1352,23,0
1780094700,4551.49,4551.63,4548.57,4548.64,1476,23,0
1780095000,4548.64,4549.57,4545.61,4546.43,1845,23,0
1780095300,4546.43,4548.19,4542.94,4545.52,1987,23,0
1780095600,4545.55,4547.30,4542.78,4544.44,1594,23,0
1780095900,4544.44,4546.03,4543.30,4545.79,982,23,0
1780096200,4545.78,4549.08,4545.17,4548.79,909,23,0
1780096500,4548.77,4548.85,4545.43,4545.86,813,23,0
1780096800,4545.86,4545.86,4544.26,4544.97,660,23,0
1780097100,4544.98,4545.09,4542.32,4542.67,849,23,0
1780097400,4542.66,4543.30,4541.75,4543.18,838,23,0
1780097700,4543.16,4543.41,4542.11,4542.91,676,28,0
1780098000,4542.90,4544.04,4541.30,4543.73,846,28,0
1780098300,4543.73,4543.73,4541.64,4541.87,787,28,0
1780098600,4541.88,4543.18,4539.77,4539.93,939,28,0
