time,open,high,low,close,tick_volume,spread,warmup
1780275600,4539.64,4539.76,4518.05,4520.67,1946,22,1
1780275900,4520.67,4527.20,4519.68,4525.80,1329,28,1
1780276200,4525.80,4535.29,4523.79,4534.65,1436,28,1
1780276500,4534.66,4536.57,4531.36,4536.42,1407,28,1
1780276800,4536.43,4536.50,4531.37,4533.15,1323,28,1
1780277100,4533.15,4534.20,4531.72,4533.16,885,28,1
1780277400,4533.19,4536.59,4532.72,4535.65,1349,23,1
1780277700,4535.66,4536.26,4531.91,4531.92,1012,23,1
1780278000,4531.92,4535.61,4530.95,4535.61,1069,23,1
1780278300,4535.61,4540.40,4535.58,4538.29,1151,23,1
1780278600,4538.29,4538.99,4534.86,4534.97,931,23,1
1780278900,4534.96,4537.87,4534.91,4535.30,824,23,1
1780279200,4535.30,4540.38,4535.07,4539.62,1010,23,1
1780279500,4539.63,4541.69,4538.76,4541.48,778,23,1
1780279800,4541.49,4543.18,4540.14,4542.56,932,23,1
1780280100,4542.56,4543.60,4541.23,4542.16,899,23,1
1780280400,4542.16,4543.54,4540.13,4542.02,873,23,1
1780280700,4542.02,4544.99,4541.82,4544.89,937,23,1
1780281000,4544.89,4545.72,4539.19,4539.32,1196,23,1
1780281300,4539.35,4541.74,4538.57,4540.76,1106,23,1
1780281600,4540.75,4542.60,4540.49,4541.93,833,23,1
1780281900,4541.91,4542.72,4538.59,4541.13,1409,23,1
1780282200,4541.13,4544.76,4540.47,4544.27,1240,23,1
1780282500,4544.26,4544.67,4539.54,4539.54,1181,23,1
1780282800,4539.55,4546.01,4537.44,4544.95,1671,23,1
1780283100,4544.98,4545.00,4540.69,4540.86,1501,23,1
1780283400,4540.85,4543.60,4539.44,4540.80,1460,23,1
1780283700,4540.79,4543.74,4537.82,4538.44,1533,23,1
1780284000,4538.39,4541.58,4538.05,4540.78,1244,23,1
1780284300,4540.78,4544.44,4539.71,4543.20,1313,23,1
1780284600,4543.20,4545.06,4535.96,4538.07,1382,23,1
1780284900,4538.07,4538.83,4535.25,4536.85,1357,23,1
1780285200,4536.85,4537.34,4535.35,4536.00,1275,23,1
1780285500,4535.96,4541.92,4535.95,4541.39,1362,23,1
1780285800,4541.39,4542.76,4538.11,4538.87,1356,23,1
1780286100,4538.77,4541.87,4537.21,4540.67,1532,23,1
1780286400,4540.78,4541.26,4531.78,4534.21,2179,23,1
1780286700,4534.27,4535.41,4527.42,4529.07,1985,23,1
1780287000,4529.15,4534.33,4526.25,4533.95,1890,23,1
1780287300,4533.95,4534.35,4530.01,4530.26,1727,23,1
1780287600,4530.25,4536.66,4529.90,4532.19,1750,23,1
1780287900,4532.18,4533.11,4527.89,4528.78,1717,23,1
1780288200,4528.80,4532.81,4527.05,4532.81,1842,23,1
1780288500,4532.75,4533.35,4527.98,4529.74,1681,23,1
1780288800,4529.75,4533.86,4528.47,4533.18,1640,23,1
1780289100,4533.16,4533.68,4527.54,4528.50,1653,23,1
1780289400,4528.50,4531.18,4527.78,4529.90,1579,23,1
1780289700,4529.92,4530.04,4523.76,4525.49,1759,23,1
1780290000,4525.49,4527.70,4524.35,4525.11,1533,23,1
1780290300,4525.11,4531.90,4524.94,4528.55,1595,23,1
1780290600,4528.55,4533.97,4528.42,4532.12,1557,23,1
1780290900,4532.08,4534.57,4531.71,4531.95,1185,23,1
1780291200,4531.96,4532.77,4530.22,4531.48,1052,23,1
1780291500,4531.48,4531.70,4529.36,4530.32,792,23,1
1780291800,4530.33,4530.36,4523.54,4527.23,1820,23,1
1780292100,4527.25,4531.02,4527.16,4528.13,1588,23,1
1780292400,4528.36,4528.36,4522.39,4522.87,1558,23,1
1780292700,4522.82,4525.01,4521.94,4523.44,1673,23,1
1780293000,4523.44,4523.95,4522.26,4522.26,1492,23,1
1780293300,4522.24,4523.35,4521.14,4521.46,1493,23,1
1780293600,4521.41,4525.52,4521.36,4524.65,1405,23,1
1780293900,4524.65,4524.79,4517.43,4517.55,1628,23,1
1780294200,4517.56,4520.34,4515.58,4518.87,1601,23,1
1780294500,4518.84,4519.97,4513.97,4519.33,1525,23,1
1780294800,4519.32,4520.11,4517.57,4518.54,1384,23,1
1780295100,4518.57,4521.35,4518.04,4520.40,1331,23,1
1780295400,4520.40,4524.04,4519.92,4521.41,1277,23,1
1780295700,4521.46,4521.79,4514.45,4515.60,1116,23,1
1780296000,4515.63,4515.68,4509.84,4510.64,1255,23,1
1780296300,4510.64,4513.27,4509.85,4512.56,1206,23,1
1780296600,4512.48,4513.89,4511.64,4513.14,979,23,1
1780296900,4513.13,4516.28,4512.32,4516.27,937,23,1
1780297200,4516.27,4519.61,4515.68,4516.42,1129,23,1
1780297500,4516.42,4517.24,4513.88,4514.08,1015,23,1
1780297800,4514.09,4514.99,4512.44,4514.58,775,23,1
1780298100,4514.58,4518.45,4514.55,4516.85,798,23,1
1780298400,4516.87,4517.71,4516.03,4517.55,712,23,1
1780298700,4517.55,4517.63,4515.31,4515.79,826,23,1
1780299000,4515.79,4516.53,4514.16,4514.23,729,23,1
1780299300,4514.24,4515.57,4513.61,4515.14,868,23,1
1780299600,4515.12,4517.22,4514.35,4514.54,1009,23,1
1780299900,4514.55,4514.66,4508.58,4510.56,985,23,1
1780300200,4510.55,4514.45,4509.77,4514.14,1139,23,1
1780300500,4514.18,4515.04,4512.60,4514.41,968,23,1
1780300800,4514.41,4516.23,4513.58,4516.04,1114,23,1
1780301100,4516.02,4517.70,4515.65,4516.41,920,23,1
1780301400,4516.40,4519.20,4515.28,4518.16,1004,23,1
1780301700,4518.16,4521.91,4517.53,4521.53,985,23,1
1780302000,4521.54,4523.15,4519.64,4522.52,1057,23,1
1780302300,4522.41,4523.49,4520.34,4520.44,1013,23,1
1780302600,4520.42,4522.05,4512.65,4513.85,1885,23,1
1780302900,4513.83,4521.99,4513.64,4520.14,1598,23,1
1780303200,4520.13,4520.91,4515.45,4519.78,1694,23,1
1780303500,4519.75,4525.14,4517.33,4524.21,1594,23,1
1780303800,4524.21,4524.52,4521.09,4523.50,1615,23,1
1780304100,4523.47,4523.49,4517.10,4518.20,1546,23,1
1780304400,4518.20,4518.71,4514.14,4516.26,1873,23,1
1780304700,4516.26,4518.51,4515.37,4517.05,1490,23,1
1780305000,4517.05,4517.43,4512.70,4514.08,1602,23,1
1780305300,4514.07,4515.95,4510.08,4511.04,1641,23,1
1780305600,4511.03,4511.03,4504.94,4506.12,1758,23,1
1780305900,4506.16,4514.40,4505.68,4513.92,1583,23,1
1780306200,4514.18,4514.75,4510.37,4510.63,1474,23,1
1780306500,4510.63,4510.93,4501.76,4504.62,1842,23,1
1780306800,4504.62,4506.02,4503.26,4504.55,1504,23,1
1780307100,4504.56,4504.56,4500.99,4504.50,1608,23,1
1780307400,4504.50,4504.51,4500.28,4503.54,1696,23,1
1780307700,4503.57,4504.87,4501.18,4501.66,1603,23,1
1780308000,4501.64,4508.48,4500.70,4507.71,1758,23,1
1780308300,4507.71,4509.88,4506.24,4506.40,1643,23,1
1780308600,4506.39,4509.46,4505.72,4507.21,1380,23,1
1780308900,4507.23,4508.23,4504.81,4506.78,1311,23,1
1780309200,4506.78,4507.22,4503.33,4505.15,1244,23,1
1780309500,4505.15,4506.02,4503.36,4503.87,1415,23,1
1780309800,4503.85,4507.72,4503.80,4504.68,1321,23,1
1780310100,4504.68,4506.38,4502.65,4503.44,1350,23,1
1780310400,4503.43,4503.67,4497.88,4498.15,1583,23,1
1780310700,4498.11,4500.24,4492.84,4494.50,1732,23,1
1780311000,4494.50,4496.68,4492.44,4495.69,1499,23,1
1780311300,4495.69,4503.08,4495.32,4503.07,1405,23,1
1780311600,4503.08,4504.45,4495.56,4495.62,1689,23,1
1780311900,4495.62,4499.43,4493.68,4493.88,1587,23,1
1780312200,4493.88,4498.72,4493.57,4495.64,1390,23,1
1780312500,4495.68,4496.59,4491.62,4494.86,1571,23,1
1780312800,4494.86,4496.73,4490.62,4492.64,1398,23,1
1780313100,4492.65,4496.27,4492.53,4495.87,1141,23,1
1780313400,4495.88,4496.51,4492.58,4495.67,1123,23,1
1780313700,4495.68,4496.35,4493.17,4494.58,1073,23,1
1780314000,4494.58,4500.40,4492.66,4500.02,1326,23,1
1780314300,4500.11,4502.51,4496.40,4501.23,1386,23,1
1780314600,4501.20,4501.62,4497.00,4497.17,1273,23,1
1780314900,4497.17,4499.64,4495.61,4497.98,1211,23,1
1780315200,4498.02,4500.74,4497.72,4500.52,1359,23,1
1780315500,4500.52,4500.54,4498.27,4499.46,1155,23,1
1780315800,4499.55,4500.11,4498.73,4499.51,1113,23,1
1780316100,4499.50,4505.68,4498.23,4505.61,1378,23,1
1780316400,4505.61,4506.31,4498.65,4499.57,1332,23,1
1780316700,4499.57,4499.72,4496.40,4496.40,1388,23,1
1780317000,4496.44,4497.34,4489.16,4490.68,1771,23,1
1780317300,4490.68,4497.97,4490.68,4497.86,1420,23,1
1780317600,4497.86,4499.23,4494.66,4498.34,1311,23,1
1780317900,4498.32,4498.46,4493.94,4495.40,1366,23,1
1780318200,4495.40,4498.46,4493.98,4497.89,1263,23,1
1780318500,4497.83,4497.89,4494.41,4495.94,1268,23,1
1780318800,4496.00,4498.93,4495.97,4498.14,1256,23,1
1780319100,4498.14,4501.18,4496.27,4500.10,1193,23,1
1780319400,4500.10,4502.10,4499.66,4501.54,979,23,1
1780319700,4501.52,4501.96,4499.46,4499.91,1175,23,1
1780320000,4500.10,4500.51,4496.20,4500.42,1219,23,1
1780320300,4500.46,4503.51,4500.41,4500.91,973,23,1
1780320600,4500.91,4505.30,4500.56,4504.88,1142,23,1
1780320900,4504.88,4506.58,4503.21,4503.21,1208,23,1
1780321200,4503.04,4507.42,4503.04,4505.79,1180,23,1
1780321500,4505.81,4510.45,4505.28,4509.41,1260,23,1
1780321800,4509.28,4510.93,4506.96,4507.28,1249,23,1
1780322100,4507.29,4507.42,4502.58,4503.98,1335,23,1
1780322400,4503.98,4506.68,4500.19,4500.22,1489,23,1
1780322700,4500.22,4505.76,4499.85,4505.69,1224,23,1
1780323000,4505.66,4505.72,4503.31,4504.90,1021,23,1
1780323300,4504.93,4509.84,4504.18,4509.79,1183,23,1
1780323600,4509.79,4512.90,4508.63,4508.68,1244,23,1
1780323900,4508.67,4511.95,4507.74,4510.64,1243,23,1
1780324200,4510.64,4512.26,4506.60,4506.78,1194,23,1
1780324500,4506.79,4510.89,4506.19,4510.19,1071,23,1
1780324800,4510.19,4510.67,4506.55,4507.17,1326,23,1
1780325100,4507.17,4509.76,4506.81,4508.65,1066,23,1
1780325400,4508.64,4508.64,4506.45,4507.48,1154,23,1
1780325700,4507.47,4508.06,4505.42,4505.82,1251,23,1
1780326000,4505.84,4506.84,4503.40,4505.97,1348,23,1
1780326300,4506.00,4509.14,4505.93,4507.61,1369,23,1
1780326600,4507.61,4509.54,4503.04,4503.26,1358,23,1
1780326900,4503.27,4505.68,4501.20,4503.37,1490,23,1
1780327200,4503.37,4503.37,4497.46,4501.83,1626,23,1
1780327500,4501.85,4507.69,4501.50,4505.41,1645,23,1
1780327800,4505.49,4505.55,4497.70,4500.98,1693,23,1
1780328100,4500.97,4503.49,4499.17,4503.26,1553,23,1
1780328400,4503.29,4508.29,4499.29,4507.51,1559,23,1
1780328700,4507.41,4510.45,4505.55,4506.82,1852,23,1
1780329000,4506.81,4508.51,4505.32,4505.67,1577,23,1
1780329300,4505.66,4506.06,4498.59,4502.17,1504,23,1
1780329600,4502.15,4503.80,4495.60,4501.75,2244,23,1
1780329900,4501.69,4502.33,4496.29,4501.15,1725,23,1
1780330200,4501.15,4501.15,4472.36,4484.13,2620,23,1
1780330500,4484.19,4489.64,4479.59,4482.22,2522,23,1
1780330800,4482.12,4482.85,4463.98,4465.84,2645,23,1
1780331100,4465.84,4469.26,4462.43,4464.97,2555,23,1
1780331400,4464.94,4469.96,4458.96,4466.13,2710,23,1
1780331700,4466.13,4478.61,4463.17,4472.96,2609,23,1
1780332000,4472.99,4474.10,4465.34,4467.31,2491,23,1
1780332300,4467.30,4469.57,4463.37,4464.46,2463,23,1
1780332600,4464.61,4465.48,4452.64,4454.65,2609,23,1
1780332900,4454.57,4455.39,4448.89,4450.33,2428,23,1
1780333200,4450.41,4454.47,4447.70,4454.46,2571,23,1
1780333500,4454.46,4461.51,4449.55,4460.38,2450,23,1
1780333800,4460.53,4462.13,4456.14,4461.24,2307,23,1
1780334100,4461.24,4464.72,4454.11,4457.16,2430,23,1
1780334400,4457.16,4461.76,4454.95,4455.21,2191,23,1
1780334700,4455.20,4456.25,4449.71,4456.25,2136,23,1
1780335000,4456.24,4460.51,4453.82,4458.58,2180,23,1
1780335300,4458.58,4460.38,4454.13,4455.42,2112,23,1
1780335600,4455.42,4461.53,4455.20,4459.90,2100,23,1
1780335900,4459.90,4461.18,4453.71,4454.82,2028,23,1
1780336200,4454.85,4456.53,4452.21,4456.05,2174,23,1
1780336500,4456.07,4459.03,4454.95,4458.67,1972,23,1
1780336800,4458.66,4462.29,4457.56,4460.20,1966,23,1
1780337100,4460.19,4465.21,4455.53,4462.64,2184,23,1
1780337400,4462.64,4465.32,4460.72,4464.20,1934,23,1
1780337700,4464.20,4467.19,4463.22,4465.30,1986,23,1
1780338000,4465.32,4467.86,4464.09,4467.04,1744,23,1
1780338300,4467.04,4470.32,4465.80,4468.49,1744,23,1
1780338600,4468.39,4478.85,4468.20,4477.13,2442,23,1
1780338900,4477.13,4479.74,4474.05,4476.69,2289,23,1
1780339200,4476.70,4477.29,4471.14,4472.33,1945,23,1
1780339500,4472.25,4474.66,4468.66,4469.73,1728,23,1
1780339800,4469.72,4472.15,4468.93,4471.29,1653,23,1
1780340100,4471.14,4475.37,4471.14,4474.17,1745,23,1
1780340400,4474.08,4478.38,4472.51,4473.30,1716,23,1
1780340700,4473.30,4474.26,4468.18,4468.72,1527,23,1
1780341000,4468.70,4468.75,4465.17,4467.33,1777,23,1
1780341300,4467.20,4467.49,4463.09,4466.74,1726,23,1
1780341600,4466.76,4468.69,4464.63,4468.57,1483,23,1
1780341900,4468.22,4469.23,4466.75,4468.02,1418,23,1
1780342200,4468.02,4472.11,4467.92,4469.44,1678,23,1
1780342500,4469.44,4471.06,4467.79,4469.21,1576,23,1
1780342800,4469.22,4470.01,4467.79,4468.06,1404,23,1
1780343100,4468.06,4471.96,4467.42,4471.96,1502,23,1
1780343400,4471.92,4480.91,4471.80,4479.94,2000,23,1
1780343700,4479.94,4482.10,4478.65,4480.10,1970,23,1
1780344000,4480.09,4480.97,4475.57,4476.26,1939,23,1
1780344300,4476.27,4477.36,4471.46,4473.44,1797,23,1
1780344600,4473.44,4476.04,4473.20,4475.02,1332,23,1
1780344900,4475.01,4475.78,4473.43,4475.78,1389,23,1
1780345200,4475.78,4476.62,4474.07,4475.13,1380,23,1
1780345500,4475.14,4482.87,4472.34,4482.87,1410,21,1
1780345800,4482.83,4485.33,4480.51,4481.26,2331,23,1
1780346100,4481.27,4484.40,4480.66,4483.01,1951,23,1
1780346400,4482.81,4491.59,4482.80,4491.55,2055,23,1
1780346700,4491.55,4495.41,4491.18,4491.48,2062,23,1
1780347000,4491.41,4491.99,4489.11,4491.38,1868,23,1
1780347300,4491.37,4491.64,4487.44,4487.49,1600,23,1
1780347600,4487.50,4488.39,4486.30,4486.80,1398,23,1
1780347900,4486.80,4490.17,4486.69,4489.74,1368,23,1
1780348200,4489.74,4489.98,4488.07,4488.61,1128,23,1
1780348500,4488.60,4489.33,4486.76,4489.18,1322,23,1
1780348800,4489.17,4490.05,4488.54,4489.17,1167,23,1
1780349100,4489.16,4489.20,4486.48,4486.63,1228,23,1
1780349400,4486.63,4487.25,4484.84,4486.06,1206,23,1
1780349700,4486.06,4487.25,4485.82,4486.05,1044,23,1
1780350000,4486.04,4488.10,4485.93,4487.89,1040,23,1
1780350300,4487.89,4488.58,4487.50,4488.53,1007,23,1
1780350600,4488.54,4488.55,4487.15,4487.16,1127,23,1
1780350900,4487.16,4488.55,4486.48,4486.68,1254,23,1
1780351200,4486.68,4488.19,4485.12,4487.78,1332,23,1
1780351500,4487.81,4488.09,4484.79,4485.21,1063,23,1
1780351800,4485.21,4487.15,4485.19,4485.35,1109,23,1
1780352100,4485.35,4486.45,4484.60,4485.83,1128,23,1
1780352400,4485.83,4486.47,4484.99,4485.71,1138,23,1
1780352700,4485.72,4486.12,4484.31,4484.65,993,23,1
1780353000,4484.63,4485.66,4483.60,4483.84,1118,23,1
1780353300,4483.84,4485.47,4483.10,4484.33,1265,23,1
1780353600,4484.33,4485.43,4483.25,4483.41,1143,23,1
1780353900,4483.40,4484.28,4482.88,4483.58,1308,23,1
1780354200,4483.59,4483.61,4479.93,4480.13,1643,23,1
1780354500,4480.13,4481.15,4479.11,4481.10,1732,23,1
1780354800,4481.13,4483.81,4480.10,4482.87,1105,23,1
1780355100,4482.89,4484.23,4482.58,4483.38,772,23,1
1780355400,4483.38,4483.93,4482.41,4483.43,728,23,1
1780355700,4483.44,4484.27,4482.89,4482.89,568,23,1
1780356000,4482.89,4483.20,4482.09,4482.56,579,23,1
1780356300,4482.56,4483.66,4482.37,4483.13,524,23,1
1780356600,4483.12,4484.65,4482.06,4484.50,548,23,1
1780356900,4484.50,4484.64,4483.05,4483.97,529,28,1
1780357200,4483.96,4484.65,4482.42,4482.53,799,28,1
1780357500,4482.52,4483.96,4481.24,4483.88,752,28,1
1780357800,4483.87,4484.09,4482.38,4483.14,751,28,1
1780358100,4483.12,4485.81,4482.75,4484.01,488,28,1
1780362000,4487.27,4488.45,4482.78,4483.21,1107,28,1
1780362300,4483.23,4483.71,4481.92,4482.54,631,28,1
1780362600,4482.54,4484.78,4482.16,4484.63,679,28,1
1780362900,4484.62,4485.27,4483.88,4484.26,644,28,1
1780363200,4484.27,4485.01,4481.70,4482.71,824,28,1
1780363500,4482.70,4483.99,4481.43,4481.51,711,28,1
1780363800,4481.53,4483.52,4481.35,4481.38,464,23,1
1780364100,4481.36,4482.87,4479.69,4482.82,719,23,1
1780364400,4482.80,4483.59,4481.10,4481.59,660,23,1
1780364700,4481.64,4485.79,4481.55,4484.14,603,23,1
1780365000,4484.15,4484.71,4483.48,4483.91,537,23,1
1780365300,4483.91,4486.57,4483.84,4485.86,879,23,1
1780365600,4485.63,4487.73,4481.67,4486.33,1015,23,1
1780365900,4486.32,4486.37,4484.80,4485.27,481,23,1
1780366200,4485.27,4486.40,4485.17,4486.11,624,23,1
1780366500,4486.11,4488.04,4485.92,4486.61,614,23,1
1780366800,4486.60,4487.72,4485.52,4487.71,409,23,1
1780367100,4487.71,4488.26,4487.20,4487.26,481,23,1
1780367400,4487.26,4487.49,4484.70,4484.79,715,23,1
1780367700,4484.79,4485.53,4480.61,4484.50,964,23,1
1780368000,4484.51,4486.70,4483.43,4483.43,889,23,1
1780368300,4483.43,4483.43,4479.39,4480.37,1146,23,1
1780368600,4481.28,4484.84,4480.90,4484.73,1044,23,1
1780368900,4484.73,4485.85,4483.99,4484.46,769,23,1
1780369200,4484.45,4485.06,4481.36,4484.45,1490,20,1
1780369500,4484.45,4485.17,4476.76,4478.38,1898,23,1
1780369800,4478.38,4481.50,4478.18,4481.14,1728,23,1
1780370100,4481.17,4485.48,4481.00,4485.11,1739,23,1
1780370400,4485.11,4489.65,4484.19,4489.65,1525,23,1
1780370700,4489.66,4493.76,4488.57,4493.73,1550,23,1
1780371000,4493.73,4497.10,4488.91,4489.29,1506,23,1
1780371300,4489.23,4491.48,4488.51,4489.18,1368,23,1
1780371600,4489.17,4489.43,4485.19,4487.12,1454,23,1
1780371900,4487.11,4487.76,4480.81,4481.41,1384,23,1
1780372200,4481.42,4483.99,4481.32,4481.77,1510,23,1
1780372500,4481.77,4484.20,4480.81,4481.63,1545,23,1
1780372800,4481.44,4486.76,4473.80,4481.76,2329,23,1
1780373100,4481.70,4485.83,4479.36,4479.40,2106,23,1
1780373400,4479.38,4491.95,4478.95,4489.84,2256,23,1
1780373700,4489.96,4490.17,4481.76,4485.91,2231,23,1
1780374000,4486.09,4488.41,4481.04,4483.10,1953,23,1
1780374300,4483.10,4492.35,4483.09,4486.27,2010,23,1
1780374600,4486.29,4489.41,4486.15,4487.25,1934,23,1
1780374900,4487.26,4489.35,4481.00,4481.86,1947,23,1
1780375200,4481.86,4485.05,4479.54,4479.93,1937,23,1
1780375500,4479.93,4482.23,4471.71,4475.44,2081,23,1
1780375800,4475.42,4476.08,4462.91,4473.62,2234,23,1
1780376100,4473.61,4477.09,4471.44,4474.10,1957,23,1
1780376400,4474.10,4481.07,4472.60,4473.41,2142,23,1
1780376700,4473.64,4475.03,4472.34,4474.71,1799,23,1
1780377000,4474.74,4480.71,4474.04,4480.52,1657,23,1
1780377300,4480.55,4482.01,4478.77,4481.01,1406,23,1
1780377600,4481.00,4484.77,4481.00,4483.98,1531,23,1
1780377900,4483.98,4484.58,4481.61,4481.95,1428,23,1
1780378200,4481.95,4485.65,4479.96,4481.20,1851,23,1
1780378500,4481.21,4483.89,4478.79,4478.84,1565,23,1
1780378800,4478.86,4479.15,4474.44,4476.49,1550,23,1
1780379100,4476.49,4477.85,4473.61,4474.64,1461,23,1
1780379400,4474.61,4479.87,4474.20,4478.77,1271,23,1
1780379700,4478.77,4486.57,4478.77,4485.91,1458,23,1
1780380000,4485.91,4492.61,4485.72,4488.08,1764,23,1
1780380300,4488.08,4489.50,4485.80,4486.58,1392,23,1
1780380600,4486.58,4489.25,4486.18,4488.28,1417,23,1
1780380900,4488.23,4491.23,4488.06,4489.86,1357,23,1
1780381200,4489.84,4489.99,4485.69,4489.99,1533,23,1
1780381500,4489.99,4497.15,4489.56,4495.25,1653,23,1
1780381800,4495.24,4499.28,4493.07,4493.78,1601,23,1
1780382100,4493.77,4498.84,4493.77,4494.57,1407,23,1
1780382400,4494.59,4497.24,4494.32,4497.23,1174,23,1
1780382700,4497.21,4499.34,4495.45,4498.11,1164,23,1
1780383000,4498.12,4498.28,4497.00,4497.42,984,23,1
1780383300,4497.44,4499.34,4497.43,4499.31,809,23,1
1780383600,4499.27,4501.60,4497.74,4500.41,1147,23,1
1780383900,4500.41,4503.20,4500.31,4502.20,1108,23,1
1780384200,4502.20,4505.39,4502.20,4504.67,1039,23,1
1780384500,4504.67,4510.19,4504.24,4507.77,1248,23,1
1780384800,4507.78,4508.17,4505.12,4505.67,1204,23,1
1780385100,4505.67,4506.09,4504.18,4504.56,1157,23,1
1780385400,4504.53,4507.73,4503.45,4507.62,1191,23,1
1780385700,4507.63,4509.03,4507.26,4508.82,1142,23,1
1780386000,4508.83,4510.97,4508.19,4510.27,1124,23,1
1780386300,4510.28,4515.78,4509.82,4512.54,1080,23,1
1780386600,4512.54,4514.35,4511.90,4512.87,1070,23,1
1780386900,4512.87,4518.17,4512.82,4517.34,1083,23,1
1780387200,4517.34,4518.17,4515.77,4515.88,1145,23,1
1780387500,4515.88,4517.52,4515.44,4516.00,1016,23,1
1780387800,4516.01,4518.66,4515.18,4518.57,1065,23,1
1780388100,4518.57,4519.61,4517.09,4518.68,1209,23,1
1780388400,4518.68,4520.57,4517.68,4518.86,1185,23,1
1780388700,4518.82,4521.80,4516.73,4519.65,1351,23,1
1780389000,4519.66,4526.76,4519.66,4524.93,2208,23,1
1780389300,4524.95,4528.17,4523.22,4523.56,1888,23,1
1780389600,4523.56,4526.76,4522.71,4524.40,1557,23,1
1780389900,4524.40,4526.21,4521.85,4523.40,1390,23,1
1780390200,4523.41,4523.73,4518.33,4519.52,1482,23,1
1780390500,4519.52,4519.70,4516.16,4517.01,1568,23,1
1780390800,4517.01,4520.80,4516.91,4520.50,1709,23,1
1780391100,4520.50,4524.78,4520.37,4520.82,1567,23,1
1780391400,4520.84,4522.68,4518.80,4519.03,1571,23,1
1780391700,4518.99,4524.22,4518.02,4520.23,1625,23,1
1780392000,4520.23,4530.63,4520.23,4529.44,1661,23,1
1780392300,4529.44,4533.94,4526.09,4533.17,1829,23,1
1780392600,4533.14,4537.15,4533.12,4535.52,1745,23,1
1780392900,4535.52,4538.16,4533.80,4534.02,1495,23,1
1780393200,4534.03,4534.58,4531.78,4532.73,1367,23,1
1780393500,4532.72,4535.61,4532.41,4533.65,1262,23,1
1780393800,4533.67,4534.19,4531.96,4532.94,1209,23,1
1780394100,4532.94,4536.83,4532.68,4535.91,1415,23,1
1780394400,4535.75,4537.81,4533.41,4536.00,1605,23,1
1780394700,4536.01,4538.06,4534.01,4537.87,1443,23,1
1780395000,4537.86,4541.46,4537.84,4539.98,1429,23,1
1780395300,4539.97,4540.50,4537.57,4539.31,1343,23,1
1780395600,4539.32,4539.37,4536.60,4536.86,1256,23,1
1780395900,4536.82,4537.16,4533.32,4534.01,1287,23,1
1780396200,4533.98,4535.27,4531.88,4533.62,1254,23,1
1780396500,4533.62,4534.12,4531.79,4532.92,1083,23,1
1780396800,4532.92,4534.75,4531.19,4531.88,1216,23,1
1780397100,4531.87,4532.32,4530.05,4531.69,1210,23,1
1780397400,4531.69,4532.10,4527.98,4530.66,1262,23,1
1780397700,4530.66,4535.46,4530.66,4535.05,1497,23,1
1780398000,4535.06,4537.08,4533.13,4534.40,1624,23,1
1780398300,4534.36,4539.18,4533.57,4535.52,1570,23,1
1780398600,4535.52,4537.48,4534.34,4534.79,1358,23,1
1780398900,4534.80,4535.44,4531.50,4532.57,1364,23,1
1780399200,4532.57,4534.71,4529.97,4534.21,1355,23,1
1780399500,4534.22,4534.32,4529.87,4531.10,1537,23,1
1780399800,4531.10,4533.37,4530.69,4531.97,1439,23,1
1780400100,4531.96,4532.24,4529.37,4530.13,1178,23,1
1780400400,4530.13,4530.55,4528.23,4528.74,1107,23,1
1780400700,4528.75,4530.09,4527.63,4529.51,1195,23,1
1780401000,4529.51,4529.51,4527.70,4527.85,1066,23,1
1780401300,4527.85,4528.34,4525.95,4526.68,993,23,1
1780401600,4526.68,4527.88,4525.25,4527.37,1338,23,1
1780401900,4527.37,4530.81,4527.37,4528.96,1250,23,1
1780402200,4528.96,4534.23,4528.94,4533.93,1250,23,1
1780402500,4533.93,4535.71,4532.79,4534.73,1352,23,1
1780402800,4534.68,4534.70,4528.71,4529.22,1296,23,1
1780403100,4529.22,4530.12,4525.27,4526.73,1344,23,1
1780403400,4526.73,4527.23,4521.98,4525.61,1782,23,1
1780403700,4525.62,4526.75,4523.48,4524.42,1132,23,1
1780404000,4524.42,4525.99,4521.75,4525.60,1374,23,1
1780404300,4525.61,4527.16,4525.06,4526.35,1179,23,1
1780404600,4526.37,4531.30,4526.16,4530.55,1040,23,1
1780404900,4530.57,4531.45,4527.44,4529.99,1138,23,1
1780405200,4529.81,4530.79,4527.65,4528.33,1273,23,1
1780405500,4528.35,4530.30,4528.30,4529.39,1022,23,1
1780405800,4529.39,4531.69,4528.29,4528.91,966,23,1
1780406100,4528.91,4529.59,4528.11,4529.05,1047,23,1
1780406400,4529.04,4529.10,4524.62,4525.28,1104,23,1
1780406700,4525.28,4528.59,4525.08,4528.35,940,23,1
1780407000,4528.36,4528.67,4526.98,4527.95,880,23,1
1780407300,4527.96,4528.37,4525.40,4526.76,801,23,1
1780407600,4526.71,4528.76,4526.16,4528.76,766,23,1
1780407900,4528.75,4532.97,4528.73,4530.66,1122,23,1
1780408200,4530.66,4532.37,4529.51,4532.29,987,23,1
1780408500,4532.30,4533.94,4531.22,4533.12,962,23,1
1780408800,4533.12,4534.62,4530.84,4531.13,1142,23,1
1780409100,4531.13,4531.31,4529.13,4529.85,1057,23,1
1780409400,4529.85,4531.21,4528.71,4528.79,1020,23,1
1780409700,4528.80,4529.63,4526.57,4527.93,1073,23,1
1780410000,4527.93,4528.99,4527.50,4528.70,1037,23,1
1780410300,4528.70,4529.61,4527.31,4529.53,982,23,1
1780410600,4529.52,4530.70,4528.84,4529.89,1058,23,1
1780410900,4529.89,4530.04,4526.19,4527.36,1050,23,1
1780411200,4527.29,4528.51,4526.76,4526.87,972,23,1
1780411500,4526.86,4529.69,4525.61,4529.10,1018,23,1
1780411800,4529.10,4529.55,4528.44,4528.53,890,23,1
1780412100,4528.54,4530.50,4525.57,4527.47,1200,23,1
1780412400,4527.48,4528.64,4525.90,4527.76,1183,23,1
1780412700,4527.78,4528.21,4524.97,4527.37,1219,23,1
1780413000,4527.37,4527.81,4526.01,4526.31,1025,23,1
1780413300,4526.32,4527.84,4524.04,4526.81,1232,23,1
1780413600,4526.81,4532.20,4526.46,4530.92,1560,23,1
1780413900,4530.93,4534.12,4527.77,4529.28,1484,23,1
1780414200,4529.30,4529.60,4521.71,4528.11,1690,23,1
1780414500,4528.10,4533.57,4523.11,4524.76,1818,23,1
1780414800,4524.76,4527.19,4523.67,4525.00,1441,23,1
1780415100,4525.01,4525.93,4519.94,4520.26,1462,23,1
1780415400,4520.27,4521.24,4514.14,4514.94,1735,23,1
1780415700,4514.94,4517.44,4513.41,4514.19,1574,23,1
1780416000,4514.63,4520.65,4513.07,4520.15,2001,23,1
1780416300,4520.17,4524.81,4513.57,4516.47,2044,23,1
1780416600,4516.59,4518.20,4511.85,4513.99,2081,23,1
1780416900,4514.01,4517.20,4512.58,4512.86,2007,23,1
1780417200,4512.75,4514.70,4510.23,4513.07,1902,23,1
1780417500,4513.08,4515.86,4509.92,4510.63,1802,23,1
1780417800,4510.80,4511.12,4506.69,4508.13,2333,23,1
1780418100,4508.10,4511.98,4506.21,4510.93,2339,23,1
1780418400,4511.00,4514.40,4507.66,4508.44,2246,23,1
1780418700,4508.44,4510.99,4506.59,4509.77,2095,23,1
1780419000,4509.72,4513.73,4504.62,4504.68,2106,23,1
1780419300,4504.57,4506.05,4502.65,4502.74,1994,23,1
1780419600,4502.74,4505.92,4498.58,4502.29,2304,23,1
1780419900,4502.31,4504.91,4500.55,4502.82,2152,23,1
1780420200,4502.84,4507.00,4502.70,4504.26,2150,23,1
1780420500,4504.26,4505.12,4492.60,4495.94,2365,23,1
1780420800,4495.99,4498.23,4490.30,4493.16,2305,23,1
1780421100,4493.17,4497.13,4492.07,4495.54,2284,23,1
1780421400,4495.55,4499.73,4495.52,4499.34,2017,23,1
1780421700,4499.43,4504.39,4499.19,4502.43,1917,23,1
1780422000,4502.46,4505.39,4501.07,4504.37,1751,23,1
1780422300,4504.38,4506.31,4503.03,4503.79,1761,23,1
1780422600,4503.79,4504.31,4500.88,4504.13,1770,23,1
1780422900,4504.13,4505.50,4501.23,4504.08,1683,23,1
1780423200,4504.08,4506.79,4502.70,4502.71,1822,23,1
1780423500,4502.71,4508.09,4501.58,4506.75,1791,23,1
1780423800,4506.74,4507.49,4502.48,4503.39,1684,23,1
1780424100,4503.40,4505.24,4503.25,4504.34,1552,23,1
1780424400,4504.36,4506.15,4502.16,4503.81,1568,23,1
1780424700,4503.79,4505.89,4501.52,4505.39,1678,23,1
1780425000,4505.39,4506.79,4502.94,4506.27,1865,23,1
1780425300,4506.26,4508.49,4504.42,4504.42,1672,23,1
1780425600,4504.42,4504.69,4500.11,4502.39,1789,23,1
1780425900,4502.39,4507.02,4501.77,4505.44,1657,23,1
1780426200,4505.61,4505.79,4502.48,4503.80,1417,23,1
1780426500,4503.88,4503.88,4501.29,4502.05,1541,23,1
1780426800,4502.05,4502.86,4499.78,4500.76,1582,23,1
1780427100,4500.80,4502.71,4498.16,4502.08,1767,23,1
1780427400,4501.89,4502.09,4498.12,4498.17,1577,23,1
1780427700,4498.18,4498.41,4494.29,4494.79,1654,23,1
1780428000,4494.78,4496.07,4492.51,4494.63,1663,23,1
1780428300,4494.63,4494.92,4490.34,4490.34,1671,23,1
1780428600,4490.31,4491.41,4489.09,4489.62,1716,23,1
1780428900,4489.63,4490.08,4486.33,4487.64,1543,23,1
1780429200,4487.64,4490.88,4486.51,4489.78,1502,23,1
1780429500,4489.78,4491.83,4489.15,4490.91,1411,23,1
1780429800,4490.88,4491.63,4489.33,4489.45,1361,23,1
1780430100,4489.43,4491.92,4489.34,4491.88,1281,23,1
1780430400,4491.88,4492.99,4489.67,4490.38,1489,23,1
1780430700,4490.39,4491.96,4487.01,4487.01,1585,23,1
1780431000,4487.01,4489.96,4486.74,4489.57,1592,23,1
1780431300,4489.56,4490.12,4486.78,4487.24,1530,23,1
1780431600,4487.24,4488.70,4486.47,4488.17,1515,23,1
1780431900,4488.25,4491.71,4487.45,4491.24,1662,23,1
1780432200,4491.21,4491.67,4488.52,4488.52,1520,23,1
1780432500,4488.53,4488.74,4482.08,4482.82,1704,23,1
1780432800,4482.82,4485.39,4482.72,4484.53,1506,23,1
1780433100,4484.53,4486.22,4484.29,4485.93,1308,23,1
1780433400,4485.93,4486.52,4483.50,4483.85,1362,23,1
1780433700,4483.85,4484.91,4482.72,4484.60,1247,23,1
1780434000,4484.59,4488.62,4484.32,4486.45,1434,23,1
1780434300,4486.45,4487.63,4485.28,4487.51,1240,23,1
1780434600,4487.51,4487.92,4484.98,4485.16,1305,23,1
1780434900,4485.14,4486.13,4484.02,4484.92,1350,23,1
1780435200,4484.92,4487.67,4484.48,4487.54,1367,23,1
1780435500,4487.54,4490.92,4487.35,4488.41,1522,23,1
1780435800,4488.41,4489.32,4486.81,4488.14,1332,23,1
1780436100,4488.13,4488.14,4484.71,4485.38,1320,23,1
1780436400,4485.38,4485.52,4478.69,4480.51,1537,23,1
1780436700,4480.51,4486.60,4480.23,4486.60,1302,23,1
1780437000,4486.60,4490.44,4485.94,4487.63,1324,23,1
1780437300,4487.63,4488.76,4487.01,4487.37,1127,23,1
1780437600,4487.38,4489.14,4487.34,4488.67,1163,23,1
1780437900,4488.67,4489.05,4488.09,4488.52,1025,23,1
1780438200,4488.50,4488.84,4487.24,4487.27,1005,23,1
1780438500,4487.30,4487.73,4486.45,4486.68,874,23,1
1780438800,4486.70,4487.05,4485.71,4486.29,987,23,1
1780439100,4486.29,4489.53,4486.16,4489.53,1095,23,1
1780439400,4489.53,4490.30,4485.94,4486.46,1106,23,1
1780439700,4486.46,4486.64,4483.41,4484.47,1167,23,1
1780440000,4484.47,4487.44,4483.88,4487.31,1095,23,1
1780440300,4487.31,4488.06,4485.61,4486.95,1155,23,1
1780440600,4486.95,4487.48,4485.89,4486.24,1251,23,1
1780440900,4486.25,4488.59,4486.25,4487.99,1482,23,1
1780441200,4488.06,4488.11,4486.26,4487.34,770,23,1
1780441500,4487.35,4488.53,4487.25,4488.03,685,23,1
1780441800,4488.06,4489.91,4487.95,4489.84,678,23,1
1780442100,4489.83,4491.02,4489.52,4490.36,665,23,1
1780442400,4490.37,4490.39,4489.09,4489.40,542,23,1
1780442700,4489.40,4489.98,4488.57,4489.74,453,23,1
1780443000,4489.75,4490.93,4489.10,4489.58,571,23,1
1780443300,4489.58,4490.42,4489.19,4489.56,541,28,1
1780443600,4489.56,4490.27,4488.84,4488.97,432,28,1
1780443900,4488.97,4489.93,4488.57,4488.76,566,28,1
1780444200,4488.76,4488.80,4487.55,4487.55,615,28,1
1780444500,4487.57,4488.66,4486.71,4488.19,468,28,1
1780448400,4490.72,4492.94,4489.38,4490.36,862,28,1
1780448700,4490.37,4493.20,4488.06,4491.95,938,28,1
1780449000,4491.95,4492.14,4489.49,4489.53,1000,28,1
1780449300,4489.51,4490.86,4488.45,4489.15,732,28,1
1780449600,4489.13,4491.54,4488.21,4488.67,857,28,1
1780449900,4488.67,4490.23,4487.62,4490.20,843,28,1
1780450200,4490.19,4491.21,4488.32,4488.32,760,23,1
1780450500,4488.34,4489.13,4487.24,4488.65,831,23,1
1780450800,4488.63,4489.78,4487.97,4488.96,699,23,1
1780451100,4488.96,4492.22,4484.21,4488.81,1249,23,1
1780451400,4488.81,4490.20,4486.90,4487.01,1202,23,1
1780451700,4487.01,4488.18,4484.86,4484.87,1199,23,1
1780452000,4484.94,4488.64,4482.58,4484.94,1227,23,1
1780452300,4484.94,4486.90,4480.69,4482.20,1298,23,1
1780452600,4482.23,4483.13,4474.48,4477.04,1643,23,1
1780452900,4477.49,4477.49,4469.30,4470.10,1627,23,1
1780453200,4470.12,4472.14,4466.70,4467.76,1846,23,1
1780453500,4467.74,4471.00,4462.22,4467.48,1885,23,1
1780453800,4467.49,4469.00,4462.55,4466.34,1554,23,1
1780454100,4466.35,4467.86,4463.66,4465.80,1727,23,1
1780454400,4465.69,4474.88,4464.23,4474.82,1743,23,1
1780454700,4474.82,4475.14,4469.00,4471.93,1510,23,1
1780455000,4471.93,4474.45,4470.88,4473.85,1271,23,1
1780455300,4473.81,4474.59,4471.46,4474.46,1313,23,1
1780455600,4474.49,4479.27,4473.85,4478.73,1579,20,1
1780455900,4478.73,4479.77,4475.42,4476.63,1381,23,1
1780456200,4476.63,4476.93,4474.19,4476.00,1276,23,1
1780456500,4475.95,4479.20,4474.38,4477.42,1231,23,1
1780456800,4477.43,4482.40,4477.20,4478.92,1226,23,1
1780457100,4478.93,4483.24,4478.75,4483.06,1019,23,1
1780457400,4483.06,4485.24,4481.29,4485.17,1145,23,1
1780457700,4485.19,4492.01,4484.69,4491.80,1235,23,1
1780458000,4491.80,4496.70,4491.38,4495.83,1542,23,1
1780458300,4495.84,4495.95,4489.08,4490.97,1295,23,1
1780458600,4490.97,4492.32,4488.67,4489.03,1178,23,1
1780458900,4489.02,4489.04,4485.86,4486.18,1158,23,1
1780459200,4486.15,4487.49,4473.39,4473.73,2398,23,1
1780459500,4473.78,4475.54,4467.16,4474.20,2276,23,1
1780459800,4474.25,4477.31,4468.81,4471.30,1999,23,1
1780460100,4471.30,4472.61,4468.36,4469.50,1918,23,1
1780460400,4469.50,4471.37,4465.95,4466.29,1816,23,1
1780460700,4466.26,4468.01,4463.34,4467.19,1841,23,1
1780461000,4467.19,4473.00,4466.82,4471.33,1858,23,1
1780461300,4471.30,4472.70,4466.34,4466.34,1753,23,1
1780461600,4466.34,4471.36,4464.86,4470.38,1650,23,1
1780461900,4470.38,4475.73,4470.11,4475.65,1514,23,1
1780462200,4475.65,4477.11,4473.47,4474.03,1419,23,1
1780462500,4474.03,4476.79,4472.33,4475.75,1528,23,1
1780462800,4475.75,4476.19,4472.81,4473.79,1409,23,1
1780463100,4473.80,4479.09,4473.33,4478.69,1415,23,1
1780463400,4478.70,4481.39,4475.46,4480.64,1585,23,1
1780463700,4480.61,4480.97,4474.14,4476.24,1199,23,1
1780464000,4476.24,4478.63,4475.13,4478.28,1137,23,1
1780464300,4478.28,4480.79,4477.97,4478.80,1108,23,1
1780464600,4478.80,4479.87,4474.82,4478.96,1423,23,1
1780464900,4478.97,4482.17,4478.15,4481.07,1391,23,1
1780465200,4481.07,4485.09,4479.06,4479.15,1414,23,1
1780465500,4479.16,4479.37,4473.10,4475.59,1590,23,1
1780465800,4475.61,4480.17,4474.09,4479.49,1394,23,1
1780466100,4479.48,4481.96,4477.14,4481.89,1375,23,1
1780466400,4481.92,4487.24,4481.86,4485.98,1470,23,1
1780466700,4485.96,4487.55,4484.70,4485.37,1325,23,1
1780467000,4485.37,4486.07,4483.64,4485.38,1216,23,1
1780467300,4485.42,4486.46,4483.44,4485.30,1140,23,1
1780467600,4485.32,4487.19,4485.00,4485.38,1148,23,1
1780467900,4485.38,4485.63,4483.12,4483.42,1057,23,1
1780468200,4483.42,4485.49,4483.11,4483.99,829,23,1
1780468500,4483.98,4485.85,4483.41,4484.73,702,23,1
1780468800,4484.73,4485.19,4483.63,4484.43,547,23,1
1780469100,4484.43,4484.67,4482.50,4482.89,837,23,1
1780469400,4482.90,4486.28,4482.71,4483.84,714,23,1
1780469700,4483.83,4484.74,4483.33,4484.38,595,23,1
1780470000,4484.37,4486.44,4484.06,4485.91,825,23,1
1780470300,4485.91,4486.95,4484.90,4486.11,802,23,1
1780470600,4486.10,4486.90,4484.54,4486.87,844,23,1
1780470900,4486.87,4488.13,4481.23,4481.37,961,23,1
1780471200,4481.37,4481.79,4480.21,4480.62,541,23,1
1780471500,4480.61,4480.80,4477.09,4477.09,766,23,1
1780471800,4477.10,4477.33,4473.65,4474.75,882,23,1
1780472100,4474.75,4475.44,4470.85,4471.53,943,23,1
1780472400,4471.54,4473.77,4471.40,4473.39,794,23,1
1780472700,4473.39,4474.00,4470.29,4471.48,873,23,1
1780473000,4471.47,4471.49,4470.07,4470.29,618,23,1
1780473300,4470.27,4470.57,4468.31,4469.38,966,23,1
1780473600,4469.36,4471.60,4467.72,4470.82,1282,23,1
1780473900,4470.82,4471.94,4467.33,4470.57,1177,23,1
1780474200,4470.57,4473.57,4469.97,4473.41,1173,23,1
1780474500,4473.29,4474.17,4472.04,4472.25,887,23,1
1780474800,4472.25,4473.03,4468.63,4468.65,1072,23,1
1780475100,4468.64,4469.67,4466.16,4468.58,1161,23,1
1780475400,4468.56,4468.78,4459.07,4465.01,2043,23,1
1780475700,4465.01,4468.88,4463.27,4466.81,1628,23,1
1780476000,4466.81,4466.98,4460.14,4461.96,1353,23,1
1780476300,4461.96,4466.80,4461.15,4465.94,1444,23,1
1780476600,4465.95,4468.27,4462.44,4463.32,1520,23,1
1780476900,4463.30,4464.02,4456.65,4457.00,1462,23,1
1780477200,4457.00,4467.35,4456.93,4466.97,1970,23,1
1780477500,4466.97,4466.97,4462.15,4465.18,1683,23,1
1780477800,4465.15,4466.36,4462.82,4466.08,1757,23,1
1780478100,4466.08,4470.86,4465.54,4468.26,1614,23,1
1780478400,4468.25,4470.27,4459.24,4460.24,1749,23,1
1780478700,4460.25,4463.14,4458.96,4462.52,1749,23,1
1780479000,4462.55,4465.02,4457.15,4459.39,1946,23,1
1780479300,4459.48,4463.79,4458.92,4462.92,1715,23,1
1780479600,4462.92,4463.58,4458.45,4460.57,1648,23,1
1780479900,4460.56,4460.58,4455.28,4459.05,1696,23,1
1780480200,4459.05,4460.42,4457.70,4458.32,1440,23,1
1780480500,4458.33,4462.99,4458.33,4462.99,1375,23,1
1780480800,4462.98,4466.91,4459.91,4465.19,1842,23,1
1780481100,4465.18,4469.20,4464.33,4468.93,1474,23,1
1780481400,4468.86,4472.17,4468.28,4469.57,1683,23,1
1780481700,4469.57,4469.92,4462.75,4463.57,1559,23,1
1780482000,4463.57,4464.82,4461.96,4463.43,1318,23,1
1780482300,4463.44,4464.67,4456.18,4456.19,1615,23,1
1780482600,4456.19,4461.83,4454.36,4461.53,1685,23,1
1780482900,4461.53,4463.30,4458.12,4458.36,1696,23,1
1780483200,4458.37,4461.17,4454.62,4458.73,1562,23,1
1780483500,4458.73,4460.09,4455.75,4458.84,1348,23,1
1780483800,4458.84,4463.91,4458.61,4459.66,1341,23,1
1780484100,4459.67,4459.73,4452.85,4453.26,1390,23,1
1780484400,4453.26,4459.07,4450.95,4457.63,1755,23,1
1780484700,4457.65,4458.07,4453.64,4455.17,1540,23,1
1780485000,4455.17,4457.77,4454.29,4455.40,1368,23,1
1780485300,4455.40,4457.04,4452.39,4453.96,1481,23,1
1780485600,4453.97,4455.40,4450.71,4451.43,1470,23,1
1780485900,4451.43,4457.55,4450.76,4457.29,1662,23,1
1780486200,4457.42,4458.49,4454.96,4456.61,1648,23,1
1780486500,4456.62,4457.45,4454.46,4455.57,1281,23,1
1780486800,4455.56,4458.85,4455.39,4456.43,1311,23,1
1780487100,4456.44,4457.71,4454.04,4454.25,1399,23,1
1780487400,4454.25,4454.95,4442.88,4444.83,1659,23,1
1780487700,4444.84,4445.76,4440.15,4443.96,1740,23,1
1780488000,4443.96,4452.00,4441.76,4451.12,1724,23,1
1780488300,4451.11,4458.96,4451.11,4456.86,1580,23,1
1780488600,4456.85,4456.92,4451.33,4451.35,1376,23,1
1780488900,4451.33,4451.71,4446.91,4450.10,1499,23,1
1780489200,4450.10,4451.92,4447.20,4447.80,1496,23,1
1780489500,4447.80,4449.08,4439.44,4439.58,1578,23,1
1780489800,4439.92,4444.44,4439.71,4441.93,1715,23,1
1780490100,4441.93,4447.15,4438.94,4446.92,1392,23,1
1780490400,4446.90,4448.38,4444.32,4446.79,1396,23,1
1780490700,4446.77,4447.54,4444.03,4447.01,1344,23,1
1780491000,4447.00,4447.91,4443.44,4443.44,1218,23,1
1780491300,4443.46,4444.28,4440.96,4443.04,1481,23,1
1780491600,4443.04,4447.89,4440.91,4447.88,1680,23,1
1780491900,4447.93,4466.94,4447.11,4461.62,2462,23,1
1780492200,4461.62,4464.40,4459.21,4462.97,2174,23,1
1780492500,4462.97,4463.78,4460.50,4462.56,1698,23,1
1780492800,4462.55,4464.24,4456.11,4456.91,1796,23,1
1780493100,4457.15,4460.76,4453.66,4459.82,1735,23,1
1780493400,4459.95,4462.76,4458.69,4460.13,1473,23,1
1780493700,4460.12,4460.42,4458.25,4458.98,1151,23,1
1780494000,4459.01,4459.20,4453.27,4454.11,1244,23,1
1780494300,4454.12,4456.64,4453.80,4455.93,1235,23,1
1780494600,4455.93,4459.51,4455.93,4459.20,1365,23,1
1780494900,4459.19,4461.10,4458.38,4458.97,1165,23,1
1780495200,4458.98,4464.60,4458.98,4464.40,1464,23,1
1780495500,4464.35,4468.01,4462.50,4463.25,1599,23,1
1780495800,4463.22,4464.20,4460.97,4461.97,1585,23,1
1780496100,4461.97,4462.58,4459.13,4460.99,1318,23,1
1780496400,4460.99,4465.75,4460.98,4462.73,1431,23,1
1780496700,4462.81,4464.71,4461.93,4464.49,1304,23,1
1780497000,4464.50,4467.13,4463.79,4465.80,1365,23,1
1780497300,4465.80,4466.23,4463.00,4463.37,1104,23,1
1780497600,4463.37,4464.60,4459.43,4460.24,1191,23,1
1780497900,4460.25,4463.40,4458.51,4462.20,1430,23,1
1780498200,4462.21,4464.85,4461.68,4462.49,1196,23,1
1780498500,4462.49,4463.37,4461.32,4462.36,1273,23,1
1780498800,4462.36,4464.47,4459.80,4463.70,1530,23,1
1780499100,4463.69,4464.33,4457.19,4458.30,1548,23,1
1780499400,4458.30,4461.26,4458.28,4459.05,1292,23,1
1780499700,4459.04,4459.18,4455.84,4456.26,1623,23,1
1780500000,4456.26,4462.28,4455.97,4457.98,1664,23,1
1780500300,4457.97,4458.01,4451.96,4452.69,1794,23,1
1780500600,4452.74,4456.88,4451.00,4451.47,1848,23,1
1780500900,4451.47,4453.85,4448.23,4449.48,1851,23,1
1780501200,4449.48,4460.55,4449.48,4459.18,1941,23,1
1780501500,4459.05,4461.63,4456.75,4461.24,1802,23,1
1780501800,4461.26,4467.21,4460.48,4460.56,1925,23,1
1780502100,4460.52,4462.42,4455.41,4460.42,1799,23,1
1780502400,4460.30,4465.36,4457.97,4463.24,2284,23,1
1780502700,4463.25,4465.32,4462.20,4462.50,1900,23,1
1780503000,4462.51,4465.96,4461.88,4462.30,1816,23,1
1780503300,4462.31,4463.21,4455.36,4457.37,1836,23,1
1780503600,4457.37,4457.78,4447.14,4450.17,2084,23,1
1780503900,4450.15,4450.56,4445.79,4448.59,2012,23,1
1780504200,4448.61,4453.16,4446.47,4448.32,2391,23,1
1780504500,4448.30,4451.51,4446.24,4448.64,2312,23,1
1780504800,4448.61,4450.02,4427.14,4427.43,2480,23,1
1780505100,4427.55,4438.24,4426.35,4437.13,2586,23,1
1780505400,4437.14,4446.70,4435.39,4444.51,2452,23,1
1780505700,4444.45,4450.07,4441.71,4446.65,2187,23,1
1780506000,4446.71,4451.40,4442.34,4446.17,2350,23,1
1780506300,4446.16,4452.22,4444.96,4450.45,2391,23,1
1780506600,4450.47,4456.65,4450.42,4454.46,2307,23,1
1780506900,4454.47,4458.42,4445.83,4449.02,2353,23,1
1780507200,4448.67,4451.55,4446.87,4449.61,2343,23,1
1780507500,4449.59,4452.18,4446.45,4451.99,2124,23,1
1780507800,4452.00,4453.31,4447.48,4449.14,2216,23,1
1780508100,4449.14,4453.41,4449.02,4451.68,2175,23,1
1780508400,4451.69,4452.29,4447.15,4448.20,2073,23,1
1780508700,4448.21,4455.08,4447.99,4454.07,2024,23,1
1780509000,4454.07,4459.57,4450.71,4458.86,2250,23,1
1780509300,4458.85,4458.98,4455.43,4457.18,1985,23,1
1780509600,4457.17,4458.36,4452.78,4452.90,1992,23,1
1780509900,4452.89,4453.05,4448.02,4449.21,2169,23,1
1780510200,4449.11,4452.02,4444.91,4445.84,2036,23,1
1780510500,4445.84,4450.79,4445.11,4445.69,2277,23,1
1780510800,4445.70,4446.40,4439.46,4443.03,2252,23,1
1780511100,4443.08,4444.91,4439.96,4444.75,2196,23,1
1780511400,4445.00,4445.44,4440.47,4440.98,2153,23,1
1780511700,4441.00,4442.70,4436.91,4439.04,2015,23,1
1780512000,4439.09,4442.35,4438.59,4440.10,1971,23,1
1780512300,4440.09,4442.29,4437.88,4441.73,1879,23,1
1780512600,4441.73,4443.78,4440.00,4441.23,1843,23,1
1780512900,4441.22,4442.86,4440.67,4442.17,1782,23,1
1780513200,4442.18,4443.09,4439.70,4442.77,1861,23,1
1780513500,4442.79,4443.89,4437.19,4439.42,1980,23,1
1780513800,4439.40,4440.60,4437.33,4439.15,1859,23,1
1780514100,4439.15,4441.31,4436.63,4438.59,1814,23,1
1780514400,4438.60,4439.69,4434.04,4436.20,1884,23,1
1780514700,4436.20,4437.82,4433.80,4437.59,2004,23,1
1780515000,4437.57,4440.63,4437.19,4440.21,1901,23,1
1780515300,4440.24,4440.36,4436.18,4436.26,1757,23,1
1780515600,4436.26,4439.04,4435.36,4438.99,1782,23,1
1780515900,4438.98,4440.40,4437.53,4437.94,1858,23,1
1780516200,4437.94,4439.56,4436.97,4437.97,1677,23,1
1780516500,4437.99,4442.71,4437.33,4441.84,1765,23,1
1780516800,4441.84,4444.93,4441.72,4444.62,1824,23,1
1780517100,4444.63,4448.28,4443.27,4446.97,1857,23,1
1780517400,4446.97,4447.20,4441.62,4441.86,1753,23,1
1780517700,4441.84,4443.41,4441.40,4442.44,1713,23,1
1780518000,4442.45,4442.65,4440.15,4441.99,1632,23,1
1780518300,4442.01,4442.84,4437.87,4438.95,1649,23,1
1780518600,4438.96,4440.62,4435.56,4440.01,1721,23,1
1780518900,4440.00,4440.34,4437.96,4440.18,1443,23,1
1780519200,4440.18,4442.22,4439.41,4440.52,1398,23,1
1780519500,4440.53,4440.81,4437.71,4438.20,1530,23,1
1780519800,4438.19,4439.59,4436.92,4437.98,1423,23,1
1780520100,4437.98,4439.37,4437.74,4438.98,1281,23,1
1780520400,4438.98,4440.57,4438.05,4439.45,1482,23,1
1780520700,4439.45,4439.50,4436.33,4437.46,1483,23,1
1780521000,4437.46,4438.54,4435.50,4436.88,1341,23,1
1780521300,4436.88,4438.00,4435.53,4437.98,1348,23,1
1780521600,4437.99,4439.18,4435.16,4438.99,1453,23,1
1780521900,4438.99,4440.63,4438.48,4440.18,1594,23,1
1780522200,4440.18,4442.56,4438.79,4438.79,1400,23,1
1780522500,4438.81,4439.27,4436.90,4438.54,1551,23,1
1780522800,4438.54,4440.30,4437.35,4439.93,1393,23,1
1780523100,4439.94,4441.76,4439.61,4439.98,1258,23,1
1780523400,4439.97,4440.87,4439.81,4440.28,1307,23,1
1780523700,4440.27,4442.83,4439.74,4442.05,1163,23,1
1780524000,4442.05,4449.29,4441.40,4449.13,1651,23,1
1780524300,4449.16,4449.80,4447.24,4447.82,1371,23,1
1780524600,4447.82,4449.95,4446.89,4449.75,1627,23,1
1780524900,4449.76,4451.83,4448.76,4451.50,1546,23,1
1780525200,4451.49,4452.21,4447.93,4448.06,1411,23,1
1780525500,4448.06,4448.59,4446.53,4448.02,1410,23,1
1780525800,4448.02,4449.61,4447.38,4448.42,1496,23,1
1780526100,4448.43,4449.12,4447.82,4447.88,1333,23,1
1780526400,4447.83,4448.81,4446.66,4446.84,1130,23,1
1780526700,4446.86,4447.27,4444.87,4446.89,1122,23,1
1780527000,4446.89,4446.90,4445.01,4445.57,1520,23,1
1780527300,4445.53,4445.53,4443.09,4443.96,1712,23,1
1780527600,4443.92,4445.32,4442.04,4442.09,1252,23,1
1780527900,4442.09,4442.13,4438.62,4441.32,1220,23,1
1780528200,4441.32,4441.87,4439.04,4439.96,876,23,1
1780528500,4439.97,4440.09,4437.41,4437.60,1388,23,1
1780528800,4437.60,4440.02,4437.58,4439.58,1147,23,1
1780529100,4439.58,4440.27,4438.21,4439.04,941,23,1
1780529400,4439.01,4439.55,4433.16,4433.85,1180,28,1
1780529700,4433.85,4434.38,4432.85,4433.96,1016,28,1
1780530000,4433.96,4434.67,4432.30,4433.44,1052,28,1
1780530300,4433.44,4434.87,4431.51,4431.51,910,28,1
1780530600,4431.50,4434.02,4430.48,4434.02,1063,28,1
1780530900,4434.02,4434.54,4433.24,4433.94,621,28,1
1780534800,4436.34,4440.23,4430.96,4432.28,1538,28,1
1780535100,4432.29,4436.21,4432.14,4434.90,1036,28,1
1780535400,4434.93,4435.77,4429.44,4431.85,1159,28,1
1780535700,4431.85,4432.05,4423.96,4427.46,1475,28,1
1780536000,4427.43,4430.69,4424.65,4430.06,1329,28,1
1780536300,4430.06,4435.54,4430.05,4433.98,1209,28,1
1780536600,4434.00,4439.82,4434.00,4439.77,1488,23,1
1780536900,4439.77,4440.35,4435.85,4436.23,1261,23,1
1780537200,4436.25,4438.54,4434.89,4436.77,1180,23,1
1780537500,4436.76,4438.96,4436.70,4438.65,1109,23,1
1780537800,4438.64,4441.43,4437.26,4439.55,1235,23,1
1780538100,4439.55,4452.83,4439.33,4448.81,1780,23,1
1780538400,4448.79,4450.25,4445.38,4446.43,1466,23,1
1780538700,4446.41,4450.31,4445.58,4448.25,1096,23,1
1780539000,4448.25,4448.25,4445.61,4447.81,1051,23,1
1780539300,4447.84,4449.35,4447.25,4447.99,995,23,1
1780539600,4447.99,4450.83,4447.46,4449.39,1084,23,1
1780539900,4449.39,4451.51,4448.44,4450.84,1033,23,1
1780540200,4450.85,4451.97,4447.59,4451.13,1116,23,1
1780540500,4451.13,4452.35,4448.61,4450.38,1233,23,1
1780540800,4450.37,4453.94,4446.30,4453.57,1385,23,1
1780541100,4453.54,4464.67,4453.46,4459.38,2047,23,1
1780541400,4459.37,4461.64,4457.81,4459.58,1591,23,1
1780541700,4459.56,4460.35,4456.22,4457.27,1458,23,1
1780542000,4457.29,4465.23,4455.15,4460.18,2099,20,1
1780542300,4460.17,4461.90,4455.59,4456.32,1800,23,1
1780542600,4456.31,4457.53,4453.12,4453.44,1863,23,1
1780542900,4453.44,4456.66,4450.07,4455.39,2003,23,1
1780543200,4455.41,4456.01,4448.68,4450.06,1823,23,1
1780543500,4450.05,4451.50,4447.62,4450.62,1641,23,1
1780543800,4450.75,4452.88,4447.45,4451.16,1836,23,1
1780544100,4451.16,4452.13,4445.29,4446.49,1854,23,1
1780544400,4446.56,4448.27,4444.14,4448.22,1697,23,1
1780544700,4448.33,4450.02,4445.13,4450.00,1782,23,1
1780545000,4450.01,4452.91,4449.73,4451.26,1736,23,1
1780545300,4451.26,4451.26,4446.70,4448.49,1728,23,1
1780545600,4448.48,4456.75,4443.40,4453.85,2340,23,1
1780545900,4453.87,4459.51,4452.93,4459.51,2033,23,1
1780546200,4459.62,4467.32,4459.28,4464.42,2151,23,1
1780546500,4464.35,4464.78,4459.67,4464.55,2067,23,1
1780546800,4464.55,4473.65,4464.54,4469.80,2006,23,1
1780547100,4469.78,4471.94,4465.90,4466.03,1865,23,1
1780547400,4466.03,4470.15,4465.18,4465.93,2093,23,1
1780547700,4465.91,4470.13,4464.95,4468.43,1891,23,1
1780548000,4468.43,4468.84,4458.77,4459.21,2075,23,1
1780548300,4459.22,4466.85,4458.70,4465.99,2079,23,1
1780548600,4466.00,4466.16,4456.86,4461.24,2146,23,1
1780548900,4461.18,4467.23,4461.14,4465.78,1986,23,1
1780549200,4465.79,4467.27,4462.04,4462.48,1997,23,1
1780549500,4462.48,4462.88,4458.47,4458.60,1860,23,1
1780549800,4458.47,4464.81,4455.58,4462.90,1941,23,1
1780550100,4462.91,4463.52,4458.77,4461.88,1711,23,1
1780550400,4461.91,4463.11,4459.66,4460.37,1594,23,1
1780550700,4460.36,4462.73,4458.75,4460.66,1441,23,1
1780551000,4460.64,4462.60,4458.05,4460.82,1914,23,1
1780551300,4460.94,4461.08,4458.15,4458.15,1624,23,1
1780551600,4458.14,4464.77,4457.98,4462.40,1751,23,1
1780551900,4462.39,4470.93,4462.39,4470.36,1826,23,1
1780552200,4470.36,4475.06,4469.06,4474.33,1908,23,1
1780552500,4474.33,4476.43,4471.13,4475.04,1844,23,1
1780552800,4475.02,4476.36,4471.60,4472.89,1710,23,1
1780553100,4472.96,4477.25,4472.91,4474.26,1615,23,1
1780553400,4474.26,4475.30,4470.30,4471.82,1708,23,1
1780553700,4471.83,4472.41,4469.44,4469.74,1343,23,1
1780554000,4469.73,4469.78,4467.47,4467.83,1600,23,1
1780554300,4467.88,4469.64,4465.95,4469.34,1571,23,1
1780554600,4469.34,4470.87,4467.05,4467.73,1631,23,1
1780554900,4467.79,4467.79,4463.63,4465.05,1445,23,1
1780555200,4465.05,4465.53,4460.97,4460.97,1280,23,1
1780555500,4460.93,4461.10,4458.39,4459.77,1407,23,1
1780555800,4459.78,4463.65,4459.00,4463.33,1356,23,1
1780556100,4463.33,4464.82,4462.28,4463.74,1129,23,1
1780556400,4463.74,4466.01,4463.08,4463.89,1168,23,1
1780556700,4463.92,4465.82,4462.33,4464.06,1182,23,1
1780557000,4464.06,4471.24,4463.51,4471.21,1272,23,1
1780557300,4471.21,4472.48,4470.05,4471.67,1097,23,1
1780557600,4471.65,4476.27,4471.28,4474.25,1210,23,1
1780557900,4474.24,4475.63,4473.50,4474.65,1275,23,1
1780558200,4474.65,4483.99,4474.59,4480.13,1581,23,1
1780558500,4480.18,4481.68,4478.53,4481.06,1528,23,1
1780558800,4481.06,4483.95,4479.44,4482.78,1412,23,1
1780559100,4482.77,4483.51,4479.41,4479.55,1163,23,1
1780559400,4479.52,4480.88,4478.83,4479.76,1070,23,1
1780559700,4479.76,4481.20,4478.68,4481.02,993,23,1
1780560000,4481.02,4482.37,4477.13,4477.36,1253,23,1
1780560300,4477.40,4478.40,4473.64,4473.65,1169,23,1
1780560600,4473.67,4479.15,4471.48,4477.14,1314,23,1
1780560900,4477.14,4477.57,4475.64,4476.41,1051,23,1
1780561200,4476.41,4476.57,4472.20,4472.58,1159,23,1
1780561500,4472.57,4474.18,4470.96,4473.31,1174,23,1
1780561800,4473.31,4475.81,4471.12,4473.44,1739,23,1
1780562100,4473.40,4474.75,4471.17,4471.31,1523,23,1
1780562400,4471.31,4474.70,4470.80,4474.56,1538,23,1
1780562700,4474.57,4474.80,4467.32,4467.49,1690,23,1
1780563000,4467.45,4471.17,4467.33,4469.09,1607,23,1
1780563300,4469.09,4470.41,4466.90,4469.18,1703,23,1
1780563600,4469.21,4474.53,4468.04,4473.65,1772,23,1
1780563900,4473.65,4477.18,4472.13,4475.89,1645,23,1
1780564200,4475.89,4477.07,4473.29,4473.94,1564,23,1
1780564500,4473.94,4474.22,4466.75,4469.43,1612,23,1
1780564800,4469.51,4470.46,4467.00,4467.95,1629,23,1
1780565100,4467.95,4472.17,4467.86,4472.17,1559,23,1
1780565400,4472.12,4475.65,4469.75,4474.89,1759,23,1
1780565700,4474.87,4476.78,4470.58,4472.86,1767,23,1
1780566000,4472.93,4473.10,4469.01,4469.27,1713,23,1
1780566300,4469.29,4469.92,4462.91,4466.99,1633,23,1
1780566600,4466.98,4469.94,4466.62,4467.67,1414,23,1
1780566900,4467.66,4469.35,4466.75,4467.63,1446,23,1
1780567200,4467.64,4470.72,4464.94,4470.09,1743,23,1
1780567500,4470.13,4470.70,4464.31,4465.64,1552,23,1
1780567800,4465.59,4465.71,4462.28,4464.04,1519,23,1
1780568100,4464.04,4470.43,4462.87,4469.22,1545,23,1
1780568400,4469.23,4469.23,4465.48,4465.92,1362,23,1
1780568700,4465.92,4466.28,4461.97,4465.16,1408,23,1
1780569000,4465.14,4466.84,4463.51,4463.68,1343,23,1
1780569300,4463.68,4467.91,4462.56,4463.46,1424,23,1
1780569600,4463.46,4464.58,4459.89,4461.38,1497,23,1
1780569900,4461.38,4462.30,4460.50,4461.26,1330,23,1
1780570200,4461.26,4462.25,4460.37,4461.44,1296,23,1
1780570500,4461.42,4462.28,4459.73,4461.63,1217,23,1
1780570800,4461.63,4466.35,4460.08,4465.69,1688,23,1
1780571100,4465.70,4467.87,4464.57,4465.67,1709,23,1
1780571400,4465.67,4465.96,4459.76,4460.62,1582,23,1
1780571700,4460.61,4465.44,4460.44,4464.05,1673,23,1
1780572000,4464.05,4464.11,4458.77,4459.80,1738,23,1
1780572300,4459.80,4463.60,4458.51,4463.38,1810,23,1
1780572600,4463.39,4469.39,4460.12,4464.66,2010,23,1
1780572900,4464.66,4464.90,4460.08,4460.66,1677,23,1
1780573200,4460.64,4463.59,4460.58,4463.28,1433,23,1
1780573500,4463.29,4464.13,4459.63,4460.01,1655,23,1
1780573800,4460.00,4464.01,4459.95,4463.49,1626,23,1
1780574100,4463.48,4466.03,4462.75,4463.28,1407,23,1
1780574400,4463.30,4468.68,4461.01,4467.11,1889,23,1
1780574700,4467.11,4469.37,4464.86,4468.52,1731,23,1
1780575000,4468.50,4468.89,4462.21,4463.47,1637,23,1
1780575300,4463.49,4466.16,4462.88,4466.05,1606,23,1
1780575600,4466.05,4467.54,4463.48,4466.03,1548,23,1
1780575900,4466.09,4466.70,4464.31,4464.63,1483,23,1
1780576200,4464.67,4467.75,4461.75,4466.68,1700,23,1
1780576500,4466.67,4469.26,4464.71,4467.23,1809,23,1
1780576800,4467.23,4468.69,4466.11,4467.99,1436,23,1
1780577100,4467.98,4472.28,4467.49,4470.69,1626,23,1
1780577400,4470.65,4475.61,4470.19,4474.94,1602,23,1
1780577700,4474.92,4475.30,4469.53,4470.37,1522,23,1
1780578000,4470.37,4472.01,4468.39,4470.06,1510,23,1
1780578300,4470.07,4471.24,4469.10,4469.41,1227,23,1
1780578600,4469.41,4471.87,4468.00,4471.22,1412,23,1
1780578900,4471.19,4471.53,4468.52,4468.80,1209,23,1
1780579200,4468.81,4469.00,4464.83,4466.98,1334,23,1
1780579500,4466.97,4468.33,4464.31,4467.53,1256,23,1
1780579800,4467.53,4469.66,4466.43,4467.93,1193,23,1
1780580100,4467.91,4471.12,4467.69,4469.04,1249,23,1
1780580400,4469.05,4472.78,4468.58,4471.31,1258,23,1
1780580700,4471.31,4472.94,4470.70,4471.34,1190,23,1
1780581000,4471.34,4471.46,4468.50,4471.10,1521,23,1
1780581300,4471.09,4473.85,4469.55,4473.58,1423,23,1
1780581600,4473.62,4475.34,4468.70,4472.18,1676,23,1
1780581900,4472.17,4478.22,4471.86,4477.51,1411,23,1
1780582200,4477.51,4478.72,4473.53,4473.56,1543,23,1
1780582500,4473.56,4479.24,4473.47,4477.92,1665,23,1
1780582800,4477.93,4480.18,4476.66,4478.88,1740,23,1
1780583100,4478.89,4491.36,4477.63,4489.54,2034,23,1
1780583400,4489.58,4492.45,4484.57,4485.25,1832,23,1
1780583700,4485.21,4488.41,4482.24,4487.74,1876,23,1
1780584000,4487.97,4492.21,4486.65,4491.50,2145,23,1
1780584300,4491.42,4504.20,4491.42,4501.24,2221,23,1
1780584600,4501.24,4504.66,4500.81,4503.81,2072,23,1
1780584900,4503.78,4514.63,4503.78,4511.51,2132,23,1
1780585200,4511.50,4513.77,4497.05,4497.39,2236,23,1
1780585500,4497.37,4503.64,4495.44,4498.21,2128,23,1
1780585800,4498.20,4499.21,4491.58,4493.77,2000,23,1
1780586100,4493.79,4495.56,4491.26,4492.42,1863,23,1
1780586400,4492.42,4499.13,4492.28,4497.50,1840,23,1
1780586700,4497.55,4499.91,4495.82,4498.69,1475,23,1
1780587000,4498.54,4501.43,4497.02,4499.16,1800,23,1
1780587300,4499.17,4502.06,4497.05,4498.97,1681,23,1
1780587600,4498.96,4502.12,4498.96,4502.10,1645,23,1
1780587900,4502.09,4504.87,4498.97,4504.87,1716,23,1
1780588200,4504.89,4510.98,4502.10,4508.31,2268,23,1
1780588500,4508.33,4510.14,4502.76,4504.09,1661,23,1
1780588800,4504.16,4510.06,4500.20,4505.10,2279,23,1
1780589100,4505.10,4508.82,4503.72,4504.84,1913,23,1
1780589400,4504.85,4505.48,4502.03,4503.19,1698,23,1
1780589700,4503.19,4508.75,4503.19,4507.79,1665,23,1
1780590000,4507.79,4509.37,4504.28,4504.86,1726,23,1
1780590300,4504.86,4506.43,4501.76,4504.58,1882,23,1
1780590600,4504.63,4507.22,4502.45,4506.16,2434,23,1
1780590900,4506.15,4512.19,4504.99,4509.34,2421,23,1
1780591200,4509.32,4514.96,4505.17,4514.41,2391,23,1
1780591500,4514.46,4515.41,4507.31,4509.99,2416,23,1
1780591800,4510.00,4512.34,4497.79,4498.55,2454,23,1
1780592100,4498.57,4502.98,4495.43,4495.81,2482,23,1
1780592400,4495.79,4499.93,4494.55,4495.41,2477,23,1
1780592700,4495.41,4499.82,4487.91,4490.01,2397,23,1
1780593000,4490.00,4492.25,4486.05,4487.70,2394,23,1
1780593300,4487.69,4493.73,4485.49,4487.70,2248,23,1
1780593600,4487.71,4489.45,4484.47,4485.19,2211,23,1
1780593900,4485.18,4487.88,4484.01,4486.07,2205,23,1
1780594200,4486.13,4486.85,4481.59,4484.20,2250,23,1
1780594500,4484.20,4484.30,4477.68,4480.28,2270,23,1
1780594800,4480.24,4480.72,4472.33,4474.57,2311,23,1
1780595100,4474.78,4475.49,4465.10,4466.45,2317,23,1
1780595400,4466.45,4470.39,4457.26,4464.00,2511,23,1
1780595700,4464.00,4466.27,4460.25,4465.80,2317,23,1
1780596000,4465.85,4470.65,4463.71,4470.39,2149,23,1
1780596300,4470.39,4472.50,4467.22,4470.34,2027,23,1
1780596600,4470.32,4474.73,4470.08,4471.88,2098,23,1
1780596900,4471.93,4474.00,4471.32,4473.38,1834,23,1
1780597200,4473.38,4473.85,4470.73,4470.78,1661,23,1
1780597500,4470.77,4472.20,4469.17,4470.82,1819,23,1
1780597800,4470.94,4472.80,4469.70,4471.87,1886,23,1
1780598100,4471.87,4477.29,4471.07,4477.04,1779,23,1
1780598400,4477.07,4477.29,4471.15,4472.64,1482,23,1
1780598700,4472.64,4475.80,4470.03,4474.40,1701,23,1
1780599000,4474.41,4479.06,4474.40,4477.96,1793,23,1
1780599300,4478.00,4478.71,4476.41,4477.42,1586,23,1
1780599600,4477.41,4478.77,4476.14,4476.44,1682,23,1
1780599900,4476.41,4482.78,4475.32,4482.63,1740,23,1
1780600200,4482.63,4484.13,4479.12,4479.13,1786,23,1
1780600500,4479.08,4484.71,4479.08,4483.37,1649,23,1
1780600800,4483.37,4484.76,4480.27,4484.26,1616,23,1
1780601100,4484.26,4485.08,4482.45,4483.52,1300,23,1
1780601400,4483.53,4484.03,4479.75,4480.64,1988,23,1
1780601700,4480.65,4483.48,4480.35,4481.93,1748,23,1
1780602000,4481.94,4482.95,4481.09,4481.47,1476,23,1
1780602300,4481.46,4483.44,4480.37,4481.67,1512,23,1
1780602600,4481.65,4482.43,4480.54,4481.79,1468,23,1
1780602900,4481.79,4483.95,4481.66,4482.77,1567,23,1
1780603200,4482.78,4482.78,4480.52,4481.39,1508,23,1
1780603500,4481.38,4482.10,4479.56,4479.57,1246,23,1
1780603800,4479.56,4480.52,4476.08,4476.08,1477,23,1
1780604100,4476.14,4476.30,4474.13,4475.53,1437,23,1
1780604400,4475.53,4476.01,4474.12,4475.40,1339,23,1
1780604700,4475.40,4479.37,4475.37,4476.87,1605,23,1
1780605000,4476.83,4481.51,4476.74,4479.89,1498,23,1
1780605300,4480.01,4480.55,4477.70,4478.07,1477,23,1
1780605600,4477.88,4478.34,4476.10,4476.77,1473,23,1
1780605900,4476.76,4479.00,4476.74,4478.63,1275,23,1
1780606200,4478.63,4480.33,4478.21,4478.43,1295,23,1
1780606500,4478.42,4478.77,4477.58,4478.17,1334,23,1
1780606800,4478.17,4480.24,4476.62,4477.18,1286,23,1
1780607100,4477.17,4478.05,4476.35,4477.43,1199,23,1
1780607400,4477.43,4479.33,4477.19,4478.80,1260,23,1
1780607700,4478.90,4479.25,4477.40,4478.73,1234,23,1
1780608000,4478.75,4480.55,4478.20,4480.18,1313,23,1
1780608300,4480.18,4481.03,4477.36,4478.13,1357,23,1
1780608600,4478.14,4478.14,4473.36,4473.77,1423,23,1
1780608900,4473.77,4474.16,4472.75,4473.70,1376,23,1
1780609200,4473.70,4474.62,4473.24,4474.29,1184,23,1
1780609500,4474.32,4476.32,4473.82,4475.39,1148,23,1
1780609800,4475.39,4479.46,4475.39,4478.01,1167,23,1
1780610100,4478.18,4478.70,4476.72,4478.13,1297,23,1
1780610400,4478.11,4483.39,4478.06,4481.43,1393,23,1
1780610700,4481.43,4481.46,4477.53,4478.40,1215,23,1
1780611000,4478.40,4478.55,4476.19,4478.15,1281,23,1
1780611300,4478.15,4479.30,4477.69,4478.67,1118,23,1
1780611600,4478.65,4479.41,4477.92,4479.25,985,23,1
1780611900,4479.25,4480.21,4478.72,4480.12,1173,23,1
1780612200,4480.11,4480.37,4477.95,4478.70,1162,23,1
1780612500,4478.71,4479.43,4477.46,4479.09,1160,23,1
1780612800,4479.08,4480.23,4477.39,4478.01,1238,23,1
1780613100,4478.05,4478.52,4476.84,4478.39,1105,23,1
1780613400,4478.40,4478.77,4477.03,4478.27,1641,23,1
1780613700,4478.23,4482.37,4477.03,4480.72,1971,23,1
1780614000,4480.71,4481.66,4479.12,4479.69,1249,23,1
1780614300,4479.62,4480.17,4478.79,4479.39,964,23,1
1780614600,4479.39,4479.95,4477.87,4477.87,940,23,1
1780614900,4477.84,4479.09,4477.62,4477.71,714,23,1
1780615200,4477.70,4478.19,4477.01,4477.71,716,23,1
1780615500,4477.71,4478.03,4476.65,4477.72,652,23,1
1780615800,4477.73,4477.73,4475.53,4475.89,706,23,1
1780616100,4475.89,4476.33,4475.15,4476.17,622,28,1
1780616400,4476.18,4477.35,4475.14,4475.15,703,28,1
1780616700,4475.18,4475.75,4474.34,4474.76,727,28,1
1780617000,4474.76,4475.89,4474.59,4475.78,659,28,1
1780617300,4475.74,4475.74,4474.46,4475.57,438,28,1
1780621200,4476.82,4476.82,4473.04,4473.75,952,28,1
1780621500,4473.75,4476.19,4473.73,4475.00,600,28,1
1780621800,4474.99,4476.12,4474.04,4475.31,942,28,1
1780622100,4475.29,4478.54,4474.53,4477.95,881,28,1
1780622400,4477.97,4479.29,4477.41,4479.26,1005,28,1
1780622700,4479.25,4480.84,4477.86,4478.88,1055,28,1
1780623000,4478.88,4481.50,4477.83,4478.11,1196,23,1
1780623300,4478.13,4479.94,4477.55,4479.12,924,23,1
1780623600,4479.16,4479.58,4475.25,4475.25,1239,23,1
1780623900,4475.25,4476.19,4472.35,4473.64,975,23,1
1780624200,4473.63,4474.13,4469.68,4469.68,1153,23,1
1780624500,4469.68,4471.92,4468.87,4469.58,1337,23,1
1780624800,4469.59,4471.32,4464.26,4469.99,1592,23,1
1780625100,4470.00,4473.21,4466.92,4471.54,1357,23,1
1780625400,4471.54,4474.01,4470.64,4470.95,1046,23,1
1780625700,4470.95,4471.42,4469.17,4469.90,1026,23,1
1780626000,4469.90,4472.00,4466.67,4471.45,1271,23,1
1780626300,4471.44,4473.34,4468.22,4469.15,1029,23,1
1780626600,4469.15,4469.57,4464.02,4465.64,1118,23,1
1780626900,4465.63,4466.68,4462.62,4463.63,1133,23,1
1780627200,4463.65,4464.93,4462.04,4463.22,1072,23,1
1780627500,4463.21,4463.93,4460.52,4463.91,1312,23,1
1780627800,4463.90,4465.95,4463.11,4464.28,1405,23,1
1780628100,4464.26,4464.84,4461.18,4461.68,1436,23,1
1780628400,4461.64,4463.92,4459.48,4462.14,1897,23,1
1780628700,4462.17,4464.97,4459.81,4461.20,1828,23,1
1780629000,4461.21,4462.51,4454.45,4455.28,1868,23,1
1780629300,4455.29,4457.53,4452.06,4452.27,2045,23,1
1780629600,4452.27,4455.63,4450.65,4454.36,1856,23,1
1780629900,4454.35,4457.64,4452.99,4457.47,1788,23,1
1780630200,4457.47,4461.05,4456.20,4460.35,1625,23,1
1780630500,4460.41,4466.87,4460.41,4464.16,1775,23,1
1780630800,4464.18,4466.20,4462.83,4463.13,1614,23,1
1780631100,4463.13,4466.32,4461.35,4461.39,1648,23,1
1780631400,4461.52,4465.62,4460.93,4465.10,1554,23,1
1780631700,4465.10,4465.10,4458.50,4459.52,1782,23,1
1780632000,4459.24,4467.20,4452.88,4466.03,2572,23,1
1780632300,4466.21,4469.96,4463.44,4464.57,2317,23,1
1780632600,4464.54,4465.25,4459.95,4460.10,2274,23,1
1780632900,4460.04,4464.85,4457.60,4463.07,2219,23,1
1780633200,4463.21,4463.95,4454.04,4455.20,2219,23,1
1780633500,4455.11,4459.55,4449.31,4458.64,2300,23,1
1780633800,4458.78,4459.67,4453.85,4454.02,2140,23,1
1780634100,4454.02,4456.52,4448.54,4449.60,1886,23,1
1780634400,4449.62,4451.36,4445.38,4446.04,2087,23,1
1780634700,4446.03,4449.53,4444.11,4446.54,1881,23,1
1780635000,4446.53,4450.60,4444.63,4450.39,1932,23,1
1780635300,4450.40,4450.79,4445.10,4446.76,1975,23,1
1780635600,4446.78,4450.97,4442.43,4449.34,2057,23,1
1780635900,4449.38,4449.67,4444.72,4447.38,2010,23,1
1780636200,4447.90,4450.50,4445.93,4449.44,1939,23,1
1780636500,4449.44,4450.58,4445.99,4447.51,1480,23,1
1780636800,4447.55,4453.20,4447.43,4452.96,1578,23,1
1780637100,4452.96,4454.94,4449.95,4451.22,1554,23,1
1780637400,4451.22,4451.77,4442.20,4444.90,2135,23,1
1780637700,4444.91,4446.68,4441.44,4445.18,1901,23,1
1780638000,4445.18,4445.19,4438.45,4442.89,1977,23,1
1780638300,4442.89,4447.26,4442.34,4445.60,1909,23,1
1780638600,4445.59,4449.91,4443.24,4443.26,1792,23,1
1780638900,4443.25,4443.92,4440.13,4440.55,1861,23,1
1780639200,4440.55,4441.22,4436.45,4438.45,1918,23,1
1780639500,4438.45,4440.54,4436.90,4439.99,1909,23,1
1780639800,4439.99,4440.97,4438.30,4440.92,1789,23,1
1780640100,4440.86,4443.83,4438.11,4438.75,1805,23,1
1780640400,4438.75,4438.98,4435.21,4437.32,1686,23,1
1780640700,4437.32,4439.11,4436.32,4436.75,1707,23,1
1780641000,4436.75,4441.59,4436.33,4439.74,1589,23,1
1780641300,4439.74,4441.23,4436.63,4440.67,1418,23,1
1780641600,4440.64,4442.37,4440.27,4440.88,1287,23,1
1780641900,4440.88,4441.64,4439.98,4441.09,1072,23,1
1780642200,4441.10,4442.27,4439.26,4440.57,1253,23,1
1780642500,4440.60,4443.30,4440.59,4442.32,1208,23,1
1780642800,4442.32,4444.62,4441.15,4442.53,1404,23,1
1780643100,4442.53,4443.72,4439.75,4440.64,1394,23,1
1780643400,4440.65,4441.65,4438.32,4441.57,1388,23,1
1780643700,4441.57,4443.77,4438.95,4439.36,1464,23,1
1780644000,4439.24,4441.72,4439.08,4439.77,1141,23,1
1780644300,4439.76,4443.68,4439.41,4439.62,1434,23,1
1780644600,4439.62,4439.97,4437.55,4439.44,1269,23,1
1780644900,4439.43,4441.65,4439.06,4441.60,1244,23,1
1780645200,4441.59,4444.11,4439.28,4440.83,1259,23,1
1780645500,4440.89,4442.30,4439.64,4441.09,1152,23,1
1780645800,4441.09,4444.23,4440.92,4444.23,1374,23,1
1780646100,4444.22,4446.53,4443.99,4444.95,1353,23,1
1780646400,4444.95,4449.96,4443.21,4447.59,1742,23,1
1780646700,4447.57,4449.80,4447.08,4447.30,1484,23,1
1780647000,4447.29,4449.71,4446.45,4448.94,1418,23,1
1780647300,4448.94,4449.16,4444.16,4445.41,1361,23,1
1780647600,4445.41,4446.30,4442.21,4444.87,1368,23,1
1780647900,4444.87,4445.74,4444.14,4444.69,1260,23,1
1780648200,4444.67,4445.96,4439.42,4442.71,2109,23,1
1780648500,4442.66,4447.93,4442.24,4445.62,1822,23,1
1780648800,4445.66,4446.71,4443.07,4443.70,1656,23,1
1780649100,4443.70,4448.23,4442.16,4447.59,1587,23,1
1780649400,4447.59,4447.91,4442.68,4443.60,1550,23,1
1780649700,4443.61,4444.86,4438.68,4439.93,1668,23,1
1780650000,4439.94,4442.59,4435.32,4437.50,1953,23,1
1780650300,4437.51,4441.39,4437.30,4440.33,1876,23,1
1780650600,4440.33,4441.94,4436.12,4436.52,1863,23,1
1780650900,4436.46,4437.12,4428.82,4436.62,2230,23,1
1780651200,4436.62,4445.30,4434.76,4444.06,2165,23,1
1780651500,4444.06,4446.39,4440.43,4442.30,1979,23,1
1780651800,4442.32,4448.32,4442.30,4446.65,1982,23,1
1780652100,4446.66,4450.03,4446.38,4448.27,1876,23,1
1780652400,4448.45,4449.06,4446.55,4448.46,1719,23,1
1780652700,4448.45,4456.02,4446.86,4453.56,1892,23,1
1780653000,4453.61,4456.20,4451.25,4451.28,1712,23,1
1780653300,4451.28,4453.58,4449.49,4452.86,1697,23,1
1780653600,4452.85,4455.93,4451.84,4454.61,1939,23,1
1780653900,4454.60,4458.28,4453.24,4457.32,1739,23,1
1780654200,4457.32,4463.28,4456.08,4458.47,1750,23,1
1780654500,4458.47,4464.02,4458.44,4461.76,1703,23,1
1780654800,4461.78,4465.74,4459.91,4464.09,1804,23,1
1780655100,4464.10,4467.36,4461.48,4467.20,1766,23,1
1780655400,4467.19,4467.22,4464.51,4466.09,1719,23,1
1780655700,4466.08,4466.12,4461.55,4462.02,1578,23,1
1780656000,4462.04,4465.83,4459.50,4462.07,1576,23,1
1780656300,4462.08,4464.29,4461.84,4462.72,1316,23,1
1780656600,4462.71,4465.06,4461.44,4461.84,1320,23,1
1780656900,4461.88,4462.81,4460.73,4460.91,1300,23,1
1780657200,4460.92,4463.37,4458.80,4461.56,1685,23,1
1780657500,4461.58,4462.51,4459.53,4460.70,1738,23,1
1780657800,4460.69,4461.80,4459.48,4461.08,1540,23,1
1780658100,4461.11,4463.45,4459.89,4463.02,1503,23,1
1780658400,4463.00,4465.54,4462.14,4463.81,1625,23,1
1780658700,4463.81,4466.95,4463.04,4466.95,1660,23,1
1780659000,4466.98,4468.21,4463.22,4463.31,1775,23,1
1780659300,4463.31,4463.80,4461.64,4461.91,1489,23,1
1780659600,4461.89,4463.34,4460.98,4461.82,1285,23,1
1780659900,4461.80,4464.47,4461.55,4463.48,1149,23,1
1780660200,4463.48,4463.79,4462.06,4463.75,1271,23,1
1780660500,4463.75,4463.76,4462.29,4462.76,1025,23,1
1780660800,4462.77,4463.33,4461.00,4461.06,1403,23,1
1780661100,4461.05,4462.92,4459.76,4460.72,1301,23,1
1780661400,4460.72,4469.16,4458.89,4465.96,1815,23,1
1780661700,4465.96,4469.28,4464.20,4467.61,2062,23,1
1780662000,4467.61,4468.91,4466.45,4466.62,1741,23,1
1780662300,4466.62,4467.69,4462.07,4462.87,1647,23,1
1780662600,4462.88,4466.27,4459.34,4463.74,1843,23,1
1780662900,4463.75,4465.34,4462.62,4463.28,1371,23,1
1780663200,4463.28,4466.12,4463.26,4465.85,1330,23,1
1780663500,4465.87,4469.21,4465.08,4465.26,1300,23,1
1780663800,4465.26,4465.83,4464.55,4465.52,1107,23,1
1780664100,4465.52,4465.52,4462.63,4464.89,1326,23,1
1780664400,4464.89,4464.99,4463.14,4463.40,1145,23,1
1780664700,4463.41,4464.82,4463.19,4464.79,1098,23,1
1780665000,4464.77,4465.22,4463.50,4465.22,1017,23,1
1780665300,4465.22,4465.94,4464.53,4465.46,1050,23,1
1780665600,4465.47,4468.08,4465.35,4467.20,1124,23,1
1780665900,4467.20,4467.22,4465.08,4465.96,983,23,1
1780666200,4465.96,4466.90,4462.67,4463.01,1201,23,1
1780666500,4463.01,4464.10,4462.19,4463.29,1149,23,1
1780666800,4463.28,4464.61,4461.93,4464.57,1050,23,1
1780667100,4464.57,4467.33,4464.40,4466.74,1299,23,1
1780667400,4466.74,4467.83,4465.70,4466.18,987,23,1
1780667700,4466.20,4466.94,4465.97,4466.91,1028,23,1
1780668000,4466.78,4467.04,4463.56,4463.91,1399,23,1
1780668300,4463.92,4466.95,4463.30,4466.72,1319,23,1
1780668600,4466.69,4466.84,4461.12,4461.35,1172,23,1
1780668900,4461.36,4463.47,4460.89,4461.72,1385,23,1
1780669200,4461.72,4463.82,4458.97,4461.59,1479,23,1
1780669500,4461.59,4466.07,4461.58,4466.03,1543,23,1
1780669800,4466.02,4467.17,4464.53,4465.18,1379,23,1
1780670100,4465.18,4466.92,4463.35,4463.40,1304,23,1
1780670400,4463.44,4465.72,4463.20,4464.89,1255,23,1
1780670700,4464.87,4467.30,4464.10,4466.94,1218,23,1
1780671000,4466.96,4475.28,4466.70,4472.05,1677,23,1
1780671300,4472.04,4472.52,4467.72,4470.20,1440,23,1
1780671600,4470.21,4470.83,4464.18,4465.29,1703,23,1
1780671900,4465.29,4468.12,4464.94,4467.90,1502,23,1
1780672200,4467.90,4471.04,4466.80,4469.22,1605,23,1
1780672500,4469.21,4473.74,4468.38,4472.87,1625,23,1
1780672800,4472.87,4475.74,4467.42,4468.40,1883,23,1
1780673100,4468.40,4468.98,4461.64,4464.96,1705,23,1
1780673400,4465.01,4465.68,4446.92,4452.97,2640,23,1
1780673700,4452.98,4453.91,4439.75,4443.92,2556,23,1
1780674000,4443.88,4448.16,4442.99,4446.01,2259,23,1
1780674300,4446.04,4449.03,4440.12,4440.21,2218,23,1
1780674600,4440.20,4440.69,4416.92,4416.93,2555,23,1
1780674900,4416.93,4419.94,4404.77,4406.11,2630,23,1
1780675200,4406.13,4418.44,4400.02,4411.78,2737,23,1
1780675500,4411.78,4419.69,4408.25,4416.44,2540,23,1
1780675800,4416.31,4420.59,4414.51,4418.45,2409,23,1
1780676100,4418.42,4420.99,4416.25,4417.64,2320,23,1
1780676400,4417.66,4420.37,4409.36,4409.86,2384,23,1
1780676700,4409.86,4414.92,4403.90,4404.68,2360,23,1
1780677000,4404.50,4409.48,4398.23,4404.93,2681,23,1
1780677300,4404.94,4405.17,4386.04,4392.11,2670,23,1
1780677600,4392.13,4398.19,4388.41,4389.44,2603,23,1
1780677900,4389.42,4391.06,4383.30,4383.74,2647,23,1
1780678200,4383.74,4388.10,4381.95,4384.97,2643,23,1
1780678500,4385.00,4385.64,4365.64,4365.80,2624,23,1
1780678800,4365.75,4379.18,4364.04,4372.06,2798,23,1
1780679100,4372.04,4377.35,4364.08,4374.65,2708,23,1
1780679400,4374.64,4377.28,4364.38,4366.21,2641,23,1
1780679700,4366.16,4370.13,4364.78,4369.37,2508,23,1
1780680000,4369.35,4370.11,4355.58,4357.54,2663,23,1
1780680300,4357.57,4361.39,4353.04,4361.05,2615,23,1
1780680600,4361.09,4363.97,4349.72,4353.11,2660,23,1
1780680900,4353.18,4354.65,4347.95,4348.55,2533,23,1
1780681200,4348.56,4350.49,4344.60,4349.20,2484,23,1
1780681500,4349.21,4359.43,4348.47,4356.45,2450,23,1
1780681800,4356.49,4367.14,4355.11,4362.89,2476,23,1
1780682100,4363.05,4369.98,4360.91,4369.64,2387,23,1
1780682400,4369.64,4372.58,4362.85,4368.36,2424,23,1
1780682700,4368.36,4369.38,4361.97,4362.08,2267,23,1
1780683000,4362.04,4362.16,4353.18,4353.27,2415,23,1
1780683300,4352.96,4355.94,4349.11,4355.26,2543,23,1
1780683600,4355.10,4357.43,4348.20,4352.71,2398,23,1
1780683900,4352.72,4355.23,4349.45,4351.83,2299,23,1
1780684200,4351.80,4354.85,4345.45,4346.88,2186,23,1
1780684500,4346.92,4349.52,4336.21,4340.15,2359,23,1
1780684800,4340.03,4341.48,4335.43,4338.74,2281,23,1
1780685100,4338.75,4341.00,4336.61,4339.14,2136,23,1
1780685400,4339.14,4341.87,4336.84,4340.92,2124,23,1
1780685700,4340.93,4341.43,4334.00,4335.49,2247,23,1
1780686000,4335.49,4338.84,4330.58,4334.15,2371,23,1
1780686300,4334.14,4334.14,4328.96,4332.83,2387,23,1
1780686600,4332.83,4337.97,4331.55,4333.56,2228,23,1
1780686900,4333.55,4333.55,4325.54,4330.57,2313,23,1
1780687200,4330.63,4330.69,4325.37,4328.51,2240,23,1
1780687500,4328.52,4333.81,4328.35,4329.66,2309,23,1
1780687800,4329.66,4330.08,4323.46,4328.72,2344,23,1
1780688100,4328.71,4332.23,4325.01,4331.72,2213,23,1
1780688400,4331.72,4332.08,4326.05,4327.84,2081,23,1
1780688700,4327.82,4334.32,4325.22,4333.96,2379,23,1
1780689000,4333.98,4338.62,4333.20,4338.09,2236,23,1
1780689300,4338.08,4344.92,4336.83,4344.55,2355,23,1
1780689600,4344.54,4346.92,4339.55,4344.16,2205,23,1
1780689900,4344.16,4344.16,4338.68,4339.15,2122,23,1
1780690200,4339.15,4341.66,4336.52,4339.58,2191,23,1
1780690500,4339.55,4342.27,4336.15,4338.54,2197,23,1
1780690800,4338.54,4341.63,4335.68,4339.16,2320,23,1
1780691100,4339.10,4342.96,4336.19,4342.38,2308,23,1
1780691400,4342.38,4343.80,4339.94,4343.07,2168,23,1
1780691700,4343.06,4345.30,4339.62,4345.10,1967,23,1
1780692000,4345.11,4347.34,4340.23,4341.17,2187,23,1
1780692300,4341.15,4342.86,4338.05,4340.02,2086,23,1
1780692600,4340.02,4343.65,4338.82,4343.42,2041,23,1
1780692900,4343.42,4343.62,4341.15,4341.74,1987,23,1
1780693200,4341.75,4342.10,4333.63,4333.66,2104,23,1
1780693500,4333.61,4334.17,4329.57,4329.98,2135,23,1
1780693800,4329.98,4331.65,4322.83,4322.83,2242,23,1
1780694100,4322.84,4326.70,4321.88,4326.13,2401,23,1
1780694400,4326.12,4330.38,4325.99,4327.30,2301,23,1
1780694700,4327.28,4328.01,4322.95,4325.93,2269,23,1
1780695000,4325.90,4326.95,4319.12,4325.05,2179,23,1
1780695300,4325.02,4325.92,4319.17,4320.31,2006,23,1
1780695600,4320.29,4321.25,4315.25,4318.16,2018,23,1
1780695900,4318.05,4321.77,4316.01,4321.62,2237,23,1
1780696200,4321.62,4321.65,4316.82,4320.62,2148,23,1
1780696500,4320.63,4326.16,4318.95,4322.31,2246,23,1
1780696800,4322.34,4323.80,4316.59,4320.78,2245,23,1
1780697100,4320.79,4321.11,4316.37,4319.81,2121,23,1
1780697400,4319.81,4320.05,4315.25,4315.35,2123,23,1
1780697700,4315.34,4318.77,4313.89,4318.43,2230,23,1
1780698000,4318.36,4321.51,4315.47,4319.14,2260,23,1
1780698300,4319.14,4324.23,4318.90,4323.83,2317,23,1
1780698600,4323.82,4325.06,4320.66,4322.86,2276,23,1
1780698900,4322.86,4324.76,4320.60,4322.21,2169,23,1
1780699200,4322.22,4322.29,4314.01,4318.78,2329,23,1
1780699500,4318.75,4322.01,4317.81,4320.73,2349,23,1
1780699800,4320.74,4323.76,4317.84,4318.23,2454,23,1
1780700100,4318.23,4321.26,4316.91,4318.62,2426,23,1
1780700400,4318.49,4318.86,4312.65,4313.64,2204,23,1
1780700700,4313.60,4314.67,4311.76,4313.93,2094,23,1
1780701000,4313.94,4317.02,4312.27,4315.55,1939,23,1
1780701300,4315.56,4316.75,4314.02,4315.38,1794,23,1
1780701600,4315.41,4319.91,4314.74,4319.80,1806,23,1
1780701900,4319.80,4326.42,4318.76,4322.69,1685,23,1
1780702200,4322.73,4323.65,4321.64,4322.44,1625,23,1
1780702500,4322.44,4325.23,4321.82,4322.85,1671,28,1
1780702800,4322.85,4324.88,4321.07,4324.13,1614,28,1
1780703100,4324.13,4329.88,4323.97,4327.51,1602,28,1
1780703400,4327.50,4330.20,4325.57,4327.64,1733,28,1
1780703700,4327.65,4331.02,4327.65,4327.91,553,28,1
1780880400,4330.17,4335.83,4310.96,4321.08,2337,28,1
1780880700,4321.22,4321.33,4310.12,4318.74,2237,29,1
1780881000,4318.73,4330.11,4312.81,4329.79,2122,28,1
1780881300,4329.85,4330.57,4323.97,4327.33,2187,28,1
1780881600,4327.36,4329.28,4322.15,4322.96,1914,28,1
1780881900,4322.96,4324.34,4316.30,4316.67,1804,28,1
1780882200,4316.68,4323.33,4315.16,4323.19,2017,23,1
1780882500,4323.21,4328.96,4322.42,4325.75,1573,23,1
1780882800,4325.76,4326.64,4324.51,4325.94,1309,23,1
1780883100,4325.96,4326.12,4319.74,4322.42,1615,23,1
1780883400,4322.42,4326.67,4321.20,4323.30,1519,23,1
1780883700,4323.29,4323.39,4315.73,4317.24,2123,23,1
1780884000,4317.24,4326.85,4317.24,4325.83,1895,23,1
1780884300,4325.85,4327.25,4322.61,4326.68,1659,23,1
1780884600,4326.70,4334.11,4325.95,4330.77,1587,23,1
1780884900,4330.78,4333.95,4329.99,4331.31,1638,23,1
1780885200,4331.28,4332.01,4328.80,4330.32,1505,23,1
1780885500,4330.32,4334.58,4329.09,4334.01,1277,23,1
1780885800,4334.00,4336.51,4333.04,4333.86,1610,23,1
1780886100,4333.88,4337.65,4333.17,4336.68,1487,23,1
1780886400,4336.68,4340.50,4336.51,4338.98,1602,23,1
1780886700,4338.98,4343.12,4335.24,4341.90,1952,23,1
1780887000,4341.89,4343.60,4339.35,4343.21,1651,23,1
1780887300,4343.24,4346.92,4342.35,4343.94,1865,23,1
1780887600,4343.98,4346.77,4340.68,4344.73,1970,20,1
1780887900,4344.72,4345.85,4341.22,4345.11,1916,23,1
1780888200,4345.34,4345.66,4341.10,4343.64,1783,23,1
1780888500,4343.68,4347.81,4341.69,4347.67,1751,23,1
1780888800,4347.65,4352.41,4347.41,4351.06,1736,23,1
1780889100,4351.05,4353.37,4349.30,4351.46,1883,23,1
1780889400,4351.45,4352.40,4346.31,4349.08,2037,23,1
1780889700,4349.17,4351.96,4346.03,4347.86,1961,23,1
1780890000,4347.83,4348.78,4342.06,4345.33,2010,23,1
1780890300,4345.30,4345.93,4339.79,4342.52,2048,23,1
1780890600,4342.53,4343.41,4339.88,4341.59,1981,23,1
1780890900,4341.59,4345.24,4340.67,4342.39,2179,23,1
1780891200,4342.23,4345.78,4336.34,4339.11,2574,23,1
1780891500,4339.22,4340.96,4330.93,4337.04,2481,23,1
1780891800,4336.90,4337.73,4326.64,4326.96,2465,23,1
1780892100,4326.97,4327.45,4314.49,4317.97,2571,23,1
1780892400,4317.97,4325.01,4311.53,4321.87,2599,23,1
1780892700,4321.86,4323.34,4311.45,4314.54,2571,23,1
1780893000,4314.57,4317.63,4300.13,4315.41,2750,23,1
1780893300,4315.46,4317.76,4311.79,4317.24,2565,23,1
1780893600,4317.24,4327.40,4316.69,4326.28,2554,23,1
1780893900,4326.23,4329.73,4323.21,4323.66,2461,23,1
1780894200,4323.65,4328.12,4319.38,4324.35,2390,23,1
1780894500,4324.41,4328.63,4322.94,4325.52,2312,23,1
1780894800,4325.62,4330.72,4321.11,4322.79,2308,23,1
1780895100,4322.77,4324.55,4316.65,4318.95,2247,23,1
1780895400,4318.92,4318.97,4314.69,4316.77,2172,23,1
1780895700,4316.78,4319.67,4311.50,4312.18,1982,23,1
1780896000,4312.21,4316.44,4311.76,4316.33,1878,23,1
1780896300,4316.33,4316.95,4311.53,4314.92,1833,23,1
1780896600,4314.89,4316.84,4308.88,4309.64,2424,23,1
1780896900,4309.62,4312.44,4307.29,4311.89,2163,23,1
1780897200,4311.89,4317.65,4309.12,4315.95,2171,23,1
1780897500,4315.94,4320.85,4314.30,4317.29,2165,23,1
1780897800,4317.27,4317.65,4309.21,4311.91,2191,23,1
1780898100,4311.90,4315.62,4309.67,4310.57,2169,23,1
1780898400,4310.57,4314.19,4310.12,4311.14,2095,23,1
1780898700,4311.18,4311.91,4306.33,4308.24,2093,23,1
1780899000,4308.25,4308.51,4304.29,4304.81,1918,23,1
1780899300,4304.79,4307.78,4303.58,4307.54,1730,23,1
1780899600,4307.51,4311.99,4306.48,4310.60,1919,23,1
1780899900,4310.61,4310.86,4306.12,4307.18,1747,23,1
1780900200,4307.19,4309.31,4304.97,4307.03,1714,23,1
1780900500,4307.02,4308.56,4306.20,4307.67,1493,23,1
1780900800,4307.67,4309.98,4306.59,4309.89,1612,23,1
1780901100,4309.89,4313.52,4309.55,4312.39,1520,23,1
1780901400,4312.39,4317.18,4311.28,4315.05,1537,23,1
1780901700,4315.05,4316.94,4314.03,4316.94,1432,23,1
1780902000,4316.94,4320.40,4314.19,4314.97,1590,23,1
1780902300,4314.83,4319.15,4313.57,4318.12,1654,23,1
1780902600,4318.09,4319.47,4316.61,4318.73,1526,23,1
1780902900,4318.74,4321.76,4317.65,4318.66,1594,23,1
1780903200,4318.61,4318.88,4316.00,4317.88,1489,23,1
1780903500,4317.91,4320.88,4317.11,4320.03,1518,23,1
1780903800,4320.03,4320.33,4311.21,4313.48,1812,23,1
1780904100,4313.48,4313.94,4310.68,4311.13,1747,23,1
1780904400,4311.13,4311.97,4307.63,4307.69,1684,23,1
1780904700,4307.69,4311.42,4307.69,4310.09,1547,23,1
1780905000,4310.16,4313.97,4309.50,4311.57,1393,23,1
1780905300,4311.58,4313.54,4308.80,4312.65,1612,23,1
1780905600,4312.67,4316.11,4311.77,4315.32,1819,23,1
1780905900,4315.33,4315.41,4309.62,4310.48,1560,23,1
1780906200,4310.48,4311.73,4305.19,4305.19,1659,23,1
1780906500,4304.93,4310.75,4304.45,4309.33,1729,23,1
1780906800,4309.33,4314.16,4309.29,4311.21,1700,23,1
1780907100,4311.25,4313.18,4309.08,4311.74,1801,23,1
1780907400,4311.73,4312.82,4286.70,4287.00,2540,23,1
1780907700,4287.06,4291.26,4268.60,4290.85,2666,23,1
1780908000,4290.84,4293.06,4283.01,4287.99,2505,23,1
1780908300,4288.00,4292.17,4285.04,4286.81,2396,23,1
1780908600,4286.81,4295.81,4285.68,4289.71,2366,23,1
1780908900,4289.70,4294.93,4286.02,4291.99,2316,23,1
1780909200,4291.98,4308.02,4291.98,4303.60,2467,23,1
1780909500,4303.62,4306.74,4299.59,4302.59,2369,23,1
1780909800,4302.58,4306.25,4299.26,4303.49,2255,23,1
1780910100,4303.65,4307.24,4299.65,4303.25,2220,23,1
1780910400,4303.25,4311.32,4302.81,4308.41,2264,23,1
1780910700,4308.34,4310.58,4305.34,4305.82,2182,23,1
1780911000,4305.80,4306.39,4299.28,4299.33,2162,23,1
1780911300,4299.35,4300.14,4295.21,4296.42,2173,23,1
1780911600,4296.42,4300.03,4293.99,4298.30,2125,23,1
1780911900,4298.31,4300.22,4296.10,4297.43,2041,23,1
1780912200,4297.43,4300.79,4296.41,4297.78,2076,23,1
1780912500,4297.85,4300.27,4293.23,4299.99,1961,23,1
1780912800,4300.03,4302.77,4295.73,4299.22,2263,23,1
1780913100,4299.23,4301.36,4294.88,4300.46,2044,23,1
1780913400,4300.49,4308.47,4298.56,4305.17,1989,23,1
1780913700,4305.15,4310.57,4300.90,4306.33,2111,23,1
1780914000,4306.32,4314.75,4305.71,4314.20,1938,23,1
1780914300,4314.19,4316.88,4305.84,4306.08,1979,23,1
1780914600,4306.08,4309.16,4304.87,4308.09,1905,23,1
1780914900,4308.10,4311.70,4304.11,4307.84,2005,23,1
1780915200,4307.84,4307.94,4301.43,4301.73,1861,23,1
1780915500,4301.72,4302.65,4298.14,4298.54,1945,23,1
1780915800,4298.49,4299.39,4295.69,4296.53,1926,23,1
1780916100,4296.56,4299.45,4294.39,4294.44,1809,23,1
1780916400,4294.45,4297.06,4290.16,4293.22,2047,23,1
1780916700,4293.27,4295.80,4289.46,4294.59,1922,23,1
1780917000,4294.47,4295.96,4291.06,4291.79,1892,23,1
1780917300,4291.77,4293.55,4288.69,4293.00,1935,23,1
1780917600,4292.99,4293.21,4288.03,4288.75,1877,23,1
1780917900,4288.75,4290.15,4285.36,4288.01,1840,23,1
1780918200,4288.11,4292.02,4286.76,4291.23,1891,23,1
1780918500,4291.23,4291.30,4286.53,4287.47,1627,23,1
1780918800,4287.58,4291.28,4286.51,4290.72,1830,23,1
1780919100,4290.73,4293.81,4289.49,4291.26,1891,23,1
1780919400,4291.24,4293.26,4286.49,4288.38,1814,23,1
1780919700,4288.36,4290.37,4285.48,4288.77,1996,23,1
1780920000,4288.82,4292.11,4288.70,4290.82,1866,23,1
1780920300,4290.82,4291.01,4284.37,4285.36,1506,23,1
1780920600,4285.37,4288.96,4284.78,4288.96,1440,23,1
1780920900,4288.96,4290.35,4287.19,4287.88,1343,23,1
1780921200,4287.89,4290.88,4286.14,4286.55,1378,23,1
1780921500,4286.56,4287.83,4279.40,4279.73,1578,23,1
1780921800,4279.74,4280.89,4272.95,4273.84,2122,23,1
1780922100,4273.86,4295.81,4273.55,4293.84,2346,23,1
1780922400,4293.84,4296.39,4289.64,4293.83,2132,23,1
1780922700,4293.70,4301.97,4292.91,4301.15,1991,23,1
1780923000,4301.15,4301.64,4291.58,4293.63,1958,23,1
1780923300,4293.60,4295.63,4291.12,4294.28,1845,23,1
1780923600,4294.29,4295.01,4286.25,4290.61,1886,23,1
1780923900,4290.59,4297.63,4289.38,4295.01,1723,23,1
1780924200,4295.01,4297.61,4293.49,4294.61,1591,23,1
1780924500,4294.60,4295.94,4290.01,4290.15,1596,23,1
1780924800,4290.15,4292.80,4289.80,4291.33,1414,23,1
1780925100,4291.32,4295.24,4290.15,4293.79,1566,23,1
1780925400,4293.79,4305.32,4292.27,4303.81,1676,23,1
1780925700,4303.80,4305.57,4299.49,4299.81,2147,23,1
1780926000,4299.82,4304.83,4299.30,4304.83,1662,23,1
1780926300,4304.83,4305.03,4299.31,4300.52,1704,23,1
1780926600,4300.51,4302.09,4298.37,4298.47,1651,23,1
1780926900,4298.48,4303.07,4296.80,4302.02,1646,23,1
1780927200,4302.03,4302.55,4297.18,4299.98,1671,23,1
1780927500,4299.98,4306.22,4299.98,4306.10,1316,23,1
1780927800,4306.24,4318.67,4304.57,4318.67,2264,23,1
1780928100,4318.82,4327.78,4312.57,4327.14,2505,23,1
1780928400,4327.13,4330.99,4323.24,4324.97,2304,23,1
1780928700,4324.99,4329.53,4322.02,4325.26,1991,23,1
1780929000,4325.25,4333.22,4325.02,4329.97,2081,23,1
1780929300,4329.94,4330.38,4324.38,4325.37,1976,23,1
1780929600,4325.39,4327.41,4322.31,4324.07,1969,23,1
1780929900,4324.08,4326.37,4321.38,4323.84,1901,23,1
1780930200,4323.85,4328.61,4323.62,4326.70,1936,23,1
1780930500,4326.73,4332.71,4325.31,4331.27,1966,23,1
1780930800,4331.27,4334.59,4327.72,4330.47,2183,23,1
1780931100,4330.49,4334.68,4327.46,4330.52,1970,23,1
1780931400,4330.52,4331.06,4322.53,4322.94,1942,23,1
1780931700,4322.91,4326.25,4320.28,4325.09,1865,23,1
1780932000,4325.07,4329.88,4322.95,4329.06,1945,23,1
1780932300,4329.06,4331.84,4328.05,4330.09,1845,23,1
1780932600,4329.89,4334.63,4328.05,4328.26,1947,23,1
1780932900,4328.26,4333.97,4327.59,4330.45,1971,23,1
1780933200,4330.59,4339.34,4328.51,4335.72,2102,23,1
1780933500,4335.71,4337.95,4332.38,4332.63,1937,23,1
1780933800,4332.63,4333.50,4327.29,4330.02,1971,23,1
1780934100,4330.02,4334.47,4328.96,4333.05,1947,23,1
1780934400,4333.07,4334.85,4325.99,4328.77,2401,23,1
1780934700,4329.01,4330.29,4323.38,4324.29,2089,23,1
1780935000,4324.23,4326.57,4323.25,4323.90,2002,23,1
1780935300,4323.90,4325.83,4321.41,4325.32,2075,23,1
1780935600,4325.35,4336.07,4325.35,4331.70,2252,23,1
1780935900,4331.68,4333.73,4329.38,4331.24,2085,23,1
1780936200,4331.23,4340.02,4331.05,4333.34,2657,23,1
1780936500,4333.35,4346.63,4332.60,4340.88,2704,23,1
1780936800,4340.56,4344.52,4335.31,4336.34,2641,23,1
1780937100,4336.34,4338.56,4332.49,4332.49,2587,23,1
1780937400,4332.50,4339.19,4328.41,4334.22,2527,23,1
1780937700,4334.23,4337.00,4326.20,4326.79,2517,23,1
1780938000,4326.74,4330.80,4322.25,4322.25,2550,23,1
1780938300,4322.31,4327.43,4319.05,4320.63,2512,23,1
1780938600,4320.60,4320.82,4316.72,4319.46,2508,23,1
1780938900,4319.46,4321.94,4316.97,4321.70,2451,23,1
1780939200,4321.67,4324.33,4317.15,4318.60,2463,23,1
1780939500,4318.70,4322.83,4315.86,4320.04,2363,23,1
1780939800,4320.05,4324.18,4318.67,4322.13,2354,23,1
1780940100,4322.13,4323.07,4315.23,4319.75,2284,23,1
1780940400,4319.76,4323.26,4316.18,4322.61,2414,23,1
1780940700,4322.62,4328.36,4317.36,4317.63,2312,23,1
1780941000,4317.59,4327.18,4316.98,4326.50,2381,23,1
1780941300,4326.49,4331.44,4324.43,4330.93,2205,23,1
1780941600,4330.95,4336.36,4328.87,4329.02,2277,23,1
1780941900,4329.04,4330.81,4325.37,4328.50,2080,23,1
1780942200,4328.49,4328.88,4325.22,4325.38,1981,23,1
1780942500,4325.40,4332.22,4322.55,4331.57,2195,23,1
1780942800,4331.61,4336.03,4329.27,4335.35,2162,23,1
1780943100,4335.33,4335.33,4328.95,4330.65,2336,23,1
1780943400,4330.71,4333.45,4328.66,4332.18,2367,23,1
1780943700,4332.18,4337.48,4331.25,4336.59,2158,23,1
1780944000,4336.57,4339.47,4335.27,4339.26,2146,23,1
1780944300,4339.20,4340.96,4334.51,4335.32,2093,23,1
1780944600,4335.31,4343.20,4335.31,4342.73,2113,23,1
1780944900,4342.73,4345.63,4341.11,4341.76,2120,23,1
1780945200,4341.79,4343.87,4338.75,4341.23,2086,23,1
1780945500,4341.23,4343.20,4338.86,4339.80,2072,23,1
1780945800,4339.79,4342.04,4338.15,4340.98,1973,23,1
1780946100,4340.97,4343.91,4340.35,4342.92,1885,23,1
1780946400,4342.93,4343.78,4339.79,4341.06,2037,23,1
1780946700,4341.08,4343.06,4340.40,4340.89,1927,23,1
1780947000,4340.94,4345.08,4340.94,4342.62,2078,23,1
1780947300,4342.64,4346.30,4340.67,4341.30,2015,23,1
1780947600,4341.30,4344.04,4340.68,4344.01,1948,23,1
1780947900,4344.06,4346.06,4342.45,4345.18,1801,23,1
1780948200,4345.14,4345.85,4337.99,4338.05,1993,23,1
1780948500,4338.05,4341.45,4337.88,4340.68,1761,23,1
1780948800,4340.68,4342.43,4336.82,4337.91,2139,23,1
1780949100,4337.94,4342.04,4337.71,4338.52,2101,23,1
1780949400,4338.52,4339.19,4336.16,4338.77,1994,23,1
1780949700,4338.78,4340.25,4336.56,4338.30,2041,23,1
1780950000,4338.30,4340.52,4335.25,4335.61,1968,23,1
1780950300,4335.61,4340.31,4334.10,4339.15,2181,23,1
1780950600,4339.13,4339.59,4333.72,4335.66,2042,23,1
1780950900,4335.66,4335.99,4332.03,4334.93,2019,23,1
1780951200,4334.94,4335.37,4333.77,4334.11,2055,23,1
1780951500,4334.11,4337.10,4334.08,4337.06,2004,23,1
1780951800,4337.05,4338.27,4336.17,4336.70,1745,23,1
1780952100,4336.72,4339.36,4335.75,4339.24,1847,23,1
1780952400,4339.18,4344.89,4338.62,4343.86,1922,23,1
1780952700,4343.81,4345.34,4342.34,4343.62,1860,23,1
1780953000,4343.62,4344.31,4341.21,4341.37,1972,23,1
1780953300,4341.36,4343.80,4341.36,4342.41,1884,23,1
1780953600,4342.41,4344.88,4341.80,4343.88,1826,23,1
1780953900,4343.89,4345.89,4342.09,4342.61,1812,23,1
1780954200,4342.61,4344.60,4340.57,4340.66,1878,23,1
1780954500,4340.67,4341.67,4336.93,4337.16,1725,23,1
1780954800,4337.17,4338.63,4336.34,4336.69,1765,23,1
1780955100,4336.69,4337.06,4334.54,4334.62,1551,23,1
1780955400,4334.62,4336.87,4333.01,4334.33,1637,23,1
1780955700,4334.43,4336.06,4333.44,4334.59,1735,23,1
1780956000,4334.61,4338.12,4334.08,4337.02,1630,23,1
1780956300,4337.02,4337.02,4332.51,4332.51,1567,23,1
1780956600,4332.51,4332.59,4329.64,4329.88,1939,23,1
1780956900,4329.85,4331.59,4328.21,4328.80,1908,23,1
1780957200,4328.77,4330.41,4326.71,4326.75,1906,23,1
1780957500,4326.76,4328.22,4326.11,4327.77,1822,23,1
1780957800,4327.78,4330.45,4326.30,4327.25,1863,23,1
1780958100,4327.25,4328.43,4325.13,4325.88,1751,23,1
1780958400,4325.87,4325.94,4324.22,4325.09,1769,23,1
1780958700,4325.10,4327.60,4324.82,4327.15,1806,23,1
1780959000,4327.15,4330.03,4327.14,4328.35,1904,23,1
1780959300,4328.36,4329.02,4323.31,4326.65,2042,23,1
1780959600,4326.74,4329.89,4326.53,4329.65,1307,23,1
1780959900,4329.62,4329.75,4327.67,4327.82,850,23,1
1780960200,4327.83,4328.31,4326.45,4328.21,986,23,1
1780960500,4328.22,4328.25,4324.55,4325.87,976,23,1
1780960800,4325.87,4327.62,4325.35,4327.00,918,23,1
1780961100,4327.00,4327.06,4324.57,4326.49,980,23,1
1780961400,4326.50,4327.84,4325.64,4327.82,734,24,1
1780961700,4327.82,4328.47,4326.78,4327.63,801,28,1
1780962000,4327.61,4327.65,4325.40,4326.27,819,28,1
1780962300,4326.27,4327.43,4325.58,4327.35,770,28,1
1780962600,4327.35,4329.85,4326.92,4329.17,720,28,1
1780962900,4329.16,4329.96,4329.05,4329.82,349,28,1
1780966800,4332.48,4333.37,4326.52,4326.74,1137,28,1
1780967100,4326.78,4328.04,4324.93,4326.95,807,28,1
1780967400,4326.95,4328.05,4324.44,4325.28,780,28,1
1780967700,4325.28,4325.28,4322.77,4324.60,930,28,1
1780968000,4324.60,4326.42,4324.43,4325.99,866,28,1
1780968300,4325.99,4327.15,4324.63,4325.13,803,28,1
1780968600,4325.09,4327.51,4324.97,4325.61,1004,23,1
1780968900,4325.60,4326.64,4325.39,4325.88,619,23,1
1780969200,4325.89,4327.47,4325.07,4327.41,674,23,1
1780969500,4327.41,4327.91,4326.47,4326.97,671,23,1
1780969800,4326.98,4328.40,4326.16,4328.14,557,23,1
1780970100,4328.13,4328.88,4327.71,4327.88,653,23,1
1780970400,4327.88,4328.03,4327.26,4327.67,768,23,1
1780970700,4327.68,4327.72,4325.33,4326.56,700,23,1
1780971000,4326.54,4328.85,4325.81,4327.67,904,23,1
1780971300,4327.67,4328.46,4326.31,4327.45,909,23,1
1780971600,4327.45,4327.63,4325.14,4325.19,958,23,1
1780971900,4325.17,4325.17,4320.55,4320.62,966,23,1
1780972200,4320.63,4321.06,4315.31,4318.08,1341,23,1
1780972500,4318.05,4322.04,4318.05,4321.88,1156,23,1
1780972800,4321.88,4322.37,4319.31,4319.68,1065,23,1
1780973100,4319.69,4320.05,4313.63,4313.83,1541,23,1
1780973400,4313.83,4319.15,4312.97,4317.01,1421,23,1
1780973700,4317.01,4318.07,4314.29,4317.79,1561,23,1
1780974000,4317.71,4319.67,4315.45,4317.56,2130,20,1
1780974300,4317.55,4321.71,4316.94,4318.59,2177,23,1
1780974600,4318.58,4323.79,4318.50,4322.66,1969,23,1
1780974900,4322.66,4323.38,4320.19,4320.27,1851,23,1
1780975200,4320.21,4320.54,4317.39,4318.88,1847,23,1
1780975500,4318.87,4319.57,4316.67,4316.83,1816,23,1
1780975800,4316.81,4319.51,4315.21,4319.03,1692,23,1
1780976100,4319.06,4323.15,4318.03,4319.07,1796,23,1
1780976400,4319.07,4321.18,4317.71,4318.57,1650,23,1
1780976700,4318.51,4319.02,4315.11,4317.06,1598,23,1
1780977000,4317.07,4320.00,4315.91,4315.93,1636,23,1
1780977300,4315.92,4321.22,4315.46,4319.90,1704,23,1
1780977600,4319.89,4324.01,4318.71,4321.31,2410,23,1
1780977900,4321.31,4327.91,4320.72,4325.20,2166,23,1
1780978200,4325.20,4326.80,4321.42,4323.98,2073,23,1
1780978500,4323.98,4329.91,4322.36,4324.05,2165,23,1
1780978800,4324.06,4332.25,4322.84,4327.61,2129,23,1
1780979100,4327.60,4338.01,4327.55,4335.41,2133,23,1
1780979400,4335.40,4338.13,4332.96,4337.13,1976,23,1
1780979700,4337.13,4338.77,4334.44,4335.29,1822,23,1
1780980000,4335.29,4338.44,4332.94,4335.60,1949,23,1
1780980300,4335.61,4338.27,4333.96,4334.06,1971,23,1
1780980600,4334.07,4337.33,4333.89,4336.80,1833,23,1
1780980900,4336.75,4338.20,4333.11,4336.52,1860,23,1
1780981200,4336.51,4336.80,4331.55,4332.75,1928,23,1
1780981500,4332.73,4332.88,4328.23,4331.14,2117,23,1
1780981800,4331.14,4333.47,4329.38,4332.97,1739,23,1
1780982100,4332.97,4334.54,4330.12,4332.52,1768,23,1
1780982400,4332.53,4335.62,4331.71,4334.48,1656,23,1
1780982700,4334.47,4336.12,4332.18,4335.45,1528,23,1
1780983000,4335.41,4339.72,4333.68,4335.71,1889,23,1
1780983300,4335.71,4335.71,4331.06,4335.07,1903,23,1
1780983600,4335.11,4338.61,4333.55,4338.61,1702,23,1
1780983900,4338.74,4340.94,4337.50,4337.66,1824,23,1
1780984200,4337.64,4340.40,4334.95,4338.73,1732,23,1
1780984500,4338.77,4339.37,4334.91,4336.03,1724,23,1
1780984800,4336.03,4337.62,4331.62,4331.92,1749,23,1
1780985100,4331.90,4341.49,4331.31,4338.27,2080,23,1
1780985400,4338.27,4340.22,4337.29,4338.68,1737,23,1
1780985700,4338.68,4342.16,4338.67,4339.57,1768,23,1
1780986000,4339.57,4340.19,4333.41,4334.80,1694,23,1
1780986300,4334.80,4337.32,4334.27,4336.69,1663,23,1
1780986600,4336.67,4337.96,4333.67,4333.75,1619,23,1
1780986900,4333.75,4336.58,4333.57,4335.27,1180,23,1
1780987200,4335.22,4337.88,4334.83,4337.64,1254,23,1
1780987500,4337.64,4341.94,4337.64,4338.69,1378,23,1
1780987800,4338.69,4340.38,4337.25,4339.54,1171,23,1
1780988100,4339.54,4340.22,4334.46,4336.66,1057,23,1
1780988400,4336.66,4336.66,4333.32,4335.42,1229,23,1
1780988700,4335.44,4338.11,4334.95,4337.24,1067,23,1
1780989000,4337.25,4339.34,4332.29,4332.31,1211,23,1
1780989300,4332.31,4332.88,4329.50,4330.04,1222,23,1
1780989600,4330.04,4331.56,4328.72,4331.17,1104,23,1
1780989900,4331.17,4331.77,4329.30,4330.46,1057,23,1
1780990200,4330.47,4330.60,4324.22,4325.34,1473,23,1
1780990500,4325.31,4330.51,4325.22,4329.97,1503,23,1
1780990800,4329.97,4329.99,4326.93,4328.21,1111,23,1
1780991100,4328.21,4329.44,4326.95,4329.29,1097,23,1
1780991400,4329.29,4331.58,4327.31,4327.61,1045,23,1
1780991700,4327.61,4332.91,4326.25,4332.33,1169,23,1
1780992000,4332.35,4336.62,4332.35,4336.20,1279,23,1
1780992300,4336.20,4337.11,4332.47,4332.58,1279,23,1
1780992600,4332.58,4334.36,4330.97,4331.38,1352,23,1
1780992900,4331.39,4334.56,4330.91,4333.39,1331,23,1
1780993200,4333.39,4335.47,4331.10,4333.41,1392,23,1
1780993500,4333.40,4333.87,4332.16,4332.54,1273,23,1
1780993800,4332.54,4343.87,4332.02,4342.75,2335,23,1
1780994100,4342.76,4343.95,4339.86,4343.40,1884,23,1
1780994400,4343.40,4351.41,4342.50,4348.15,2078,23,1
1780994700,4348.40,4349.04,4343.16,4346.45,1863,23,1
1780995000,4346.45,4346.45,4343.12,4345.46,1744,23,1
1780995300,4345.46,4345.46,4341.63,4343.41,1695,23,1
1780995600,4343.41,4348.81,4342.87,4344.58,1977,23,1
1780995900,4344.61,4346.80,4343.10,4344.05,1959,23,1
1780996200,4344.05,4344.72,4340.10,4341.32,1846,23,1
1780996500,4341.32,4343.71,4340.86,4342.85,1651,23,1
1780996800,4342.79,4345.82,4340.88,4344.61,1677,23,1
1780997100,4344.61,4345.33,4338.19,4338.78,1740,23,1
1780997400,4338.88,4339.24,4331.80,4333.82,1972,23,1
1780997700,4333.80,4339.44,4333.25,4337.89,1727,23,1
1780998000,4337.89,4338.82,4334.41,4336.63,1452,23,1
1780998300,4336.63,4340.21,4336.33,4339.37,1581,23,1
1780998600,4339.36,4339.69,4334.84,4335.34,1624,23,1
1780998900,4335.32,4336.12,4330.23,4330.64,1718,23,1
1780999200,4330.64,4334.72,4328.56,4331.68,2007,23,1
1780999500,4331.67,4333.69,4329.84,4332.49,1764,23,1
1780999800,4332.48,4332.52,4327.22,4327.31,1743,23,1
1781000100,4327.22,4329.81,4323.02,4328.71,1971,23,1
1781000400,4328.71,4330.76,4325.81,4330.05,1846,23,1
1781000700,4330.06,4332.15,4328.89,4331.05,1690,23,1
1781001000,4331.05,4331.25,4325.56,4326.66,1624,23,1
1781001300,4326.64,4326.69,4322.36,4325.62,1708,23,1
1781001600,4325.61,4328.43,4324.95,4328.43,1483,23,1
1781001900,4328.43,4330.21,4326.02,4326.38,1359,23,1
1781002200,4326.38,4329.62,4325.15,4328.61,1490,23,1
1781002500,4328.60,4328.65,4325.82,4326.45,1362,23,1
1781002800,4326.51,4327.07,4322.65,4323.16,1866,23,1
1781003100,4323.15,4326.85,4321.19,4326.52,1787,23,1
1781003400,4326.52,4336.23,4326.42,4331.60,2045,23,1
1781003700,4331.64,4335.23,4331.39,4332.42,1962,23,1
1781004000,4332.38,4334.36,4331.65,4331.89,1723,23,1
1781004300,4331.87,4335.53,4331.61,4334.36,1747,23,1
1781004600,4334.35,4336.00,4331.08,4331.13,1533,23,1
1781004900,4331.13,4334.80,4330.41,4334.40,1377,23,1
1781005200,4334.40,4336.79,4333.19,4335.03,1361,23,1
1781005500,4335.03,4335.36,4327.40,4328.22,1367,23,1
1781005800,4328.22,4330.00,4325.84,4329.99,1404,23,1
1781006100,4329.99,4330.57,4326.55,4326.55,1180,23,1
1781006400,4326.55,4329.09,4325.20,4328.91,1464,23,1
1781006700,4328.91,4330.49,4327.17,4330.17,1434,23,1
1781007000,4330.13,4330.79,4327.65,4328.23,1416,23,1
1781007300,4328.32,4330.57,4327.96,4329.95,1287,23,1
1781007600,4329.95,4335.90,4329.72,4333.35,1527,23,1
1781007900,4333.35,4334.40,4324.15,4326.84,1497,23,1
1781008200,4326.82,4329.51,4325.69,4326.60,1655,23,1
1781008500,4326.57,4331.02,4326.43,4329.20,1277,23,1
1781008800,4329.19,4329.77,4325.08,4327.13,1277,23,1
1781009100,4327.15,4330.21,4326.70,4329.80,1329,23,1
1781009400,4329.79,4333.57,4329.70,4333.17,1139,23,1
1781009700,4333.18,4333.45,4330.78,4332.16,1039,23,1
1781010000,4332.15,4333.06,4330.26,4330.76,1367,23,1
1781010300,4330.76,4331.21,4325.31,4327.25,1703,23,1
1781010600,4327.23,4335.71,4326.53,4335.25,1642,23,1
1781010900,4335.34,4336.37,4334.10,4334.83,1580,23,1
1781011200,4334.81,4334.86,4331.36,4332.62,1274,23,1
1781011500,4332.62,4336.66,4331.75,4333.80,1239,23,1
1781011800,4333.80,4334.99,4332.25,4333.75,1122,23,1
1781012100,4333.75,4333.96,4331.70,4331.85,1091,23,1
1781012400,4331.85,4332.70,4329.70,4332.56,1229,23,1
1781012700,4332.56,4333.08,4330.55,4330.66,1120,23,1
1781013000,4330.66,4336.45,4330.30,4335.08,1256,23,1
1781013300,4335.08,4340.67,4334.69,4339.17,1436,23,1
1781013600,4339.17,4340.33,4335.69,4335.89,1503,23,1
1781013900,4335.89,4338.99,4335.65,4337.16,1372,23,1
1781014200,4337.16,4338.14,4336.00,4337.87,1238,23,1
1781014500,4337.87,4339.38,4336.17,4339.23,1308,23,1
1781014800,4339.22,4340.57,4337.12,4337.22,1342,23,1
1781015100,4337.21,4338.80,4336.30,4338.66,1245,23,1
1781015400,4338.66,4338.82,4336.90,4337.81,1052,23,1
1781015700,4337.80,4338.24,4336.74,4337.35,1152,23,1
1781016000,4337.33,4340.01,4337.07,4338.89,1320,23,1
1781016300,4338.88,4340.61,4337.34,4340.11,1361,23,1
1781016600,4340.14,4343.76,4340.11,4341.29,1361,23,1
1781016900,4341.32,4343.36,4339.63,4339.81,1308,23,1
1781017200,4339.80,4343.40,4339.71,4342.36,1427,23,1
1781017500,4342.34,4343.94,4341.64,4343.69,1294,23,1
1781017800,4343.70,4343.92,4340.80,4341.05,1313,23,1
1781018100,4341.09,4342.90,4338.83,4342.89,1645,23,1
1781018400,4342.86,4342.86,4337.15,4338.56,1620,23,1
1781018700,4338.57,4339.72,4335.28,4335.78,1554,23,1
1781019000,4335.78,4339.81,4334.82,4336.54,1765,23,1
1781019300,4336.57,4341.35,4335.99,4340.58,1726,23,1
1781019600,4340.60,4341.86,4338.98,4340.83,1627,23,1
1781019900,4340.83,4344.12,4339.85,4341.31,1552,23,1
1781020200,4341.29,4343.67,4337.23,4337.52,1600,23,1
1781020500,4337.43,4341.82,4336.65,4341.36,1612,23,1
1781020800,4341.38,4345.44,4338.10,4339.49,2238,23,1
1781021100,4339.46,4344.26,4338.71,4341.39,2173,23,1
1781021400,4341.42,4342.45,4339.73,4340.93,1932,23,1
1781021700,4340.94,4341.98,4334.04,4334.04,1914,23,1
1781022000,4334.07,4336.07,4331.61,4333.58,1914,23,1
1781022300,4333.42,4335.39,4330.20,4330.85,2067,23,1
1781022600,4330.85,4334.01,4328.82,4329.85,2423,23,1
1781022900,4329.98,4334.40,4329.73,4332.01,2337,23,1
1781023200,4332.02,4332.08,4325.17,4330.26,2284,23,1
1781023500,4330.23,4363.41,4329.09,4352.30,2483,23,1
1781023800,4352.14,4352.66,4333.66,4334.24,2578,23,1
1781024100,4334.17,4334.60,4326.48,4328.83,2474,23,1
1781024400,4328.82,4336.00,4326.38,4329.30,2533,23,1
1781024700,4329.33,4332.08,4324.96,4328.44,2497,23,1
1781025000,4328.42,4328.80,4319.73,4321.19,2585,23,1
1781025300,4321.20,4323.04,4306.06,4311.37,2689,23,1
1781025600,4311.37,4320.23,4309.30,4318.53,2652,23,1
1781025900,4318.53,4323.72,4315.92,4318.48,2603,23,1
1781026200,4318.36,4320.85,4310.12,4314.76,2692,23,1
1781026500,4314.70,4314.87,4302.79,4305.22,2610,23,1
1781026800,4305.28,4307.48,4284.98,4285.06,2593,23,1
1781027100,4285.05,4290.01,4278.60,4284.05,2748,23,1
1781027400,4283.99,4298.26,4281.70,4298.21,2704,23,1
1781027700,4298.20,4300.78,4292.71,4300.67,2558,23,1
1781028000,4300.62,4302.09,4291.38,4293.22,2505,23,1
1781028300,4293.22,4296.68,4289.96,4295.62,2533,23,1
1781028600,4295.61,4299.14,4289.50,4294.86,2506,23,1
1781028900,4294.82,4296.86,4291.32,4291.80,2387,23,1
1781029200,4291.76,4294.33,4284.95,4285.44,2524,23,1
1781029500,4285.44,4288.73,4277.15,4278.72,2633,23,1
1781029800,4278.71,4281.89,4263.51,4274.51,2710,23,1
1781030100,4274.51,4274.64,4263.09,4270.09,2685,23,1
1781030400,4270.11,4279.97,4269.22,4279.69,2623,23,1
1781030700,4279.68,4285.73,4278.48,4280.88,2587,23,1
1781031000,4280.80,4284.05,4276.43,4279.81,2503,23,1
1781031300,4279.81,4284.89,4272.50,4272.50,2590,23,1
1781031600,4272.30,4281.00,4270.85,4273.75,2568,23,1
1781031900,4273.73,4274.38,4260.76,4263.62,2619,23,1
1781032200,4263.52,4266.82,4258.48,4259.77,2620,23,1
1781032500,4259.78,4263.28,4253.14,4254.57,2641,23,1
1781032800,4254.49,4263.42,4253.31,4262.01,2656,23,1
1781033100,4262.01,4266.31,4261.19,4263.46,2609,23,1
1781033400,4263.44,4264.66,4260.00,4262.05,2535,23,1
1781033700,4261.98,4267.59,4237.59,4241.20,2618,23,1
1781034000,4241.32,4248.08,4236.60,4244.99,2783,23,1
1781034300,4244.78,4254.00,4244.04,4249.88,2666,23,1
1781034600,4249.73,4251.29,4238.94,4239.95,2621,23,1
1781034900,4239.94,4252.37,4239.76,4252.17,2586,23,1
1781035200,4252.24,4263.61,4251.28,4262.41,2574,23,1
1781035500,4262.42,4263.90,4258.67,4262.85,2592,23,1
1781035800,4262.91,4264.40,4257.77,4261.37,2524,23,1
1781036100,4261.40,4265.56,4258.50,4264.01,2470,23,1
1781036400,4264.02,4267.84,4262.64,4266.44,2558,23,1
1781036700,4266.37,4266.75,4260.85,4263.10,2432,23,1
1781037000,4263.10,4266.13,4260.99,4265.54,2343,23,1
1781037300,4265.53,4266.28,4261.85,4262.86,2379,23,1
1781037600,4262.84,4268.07,4262.00,4264.73,2223,23,1
1781037900,4264.73,4266.71,4256.50,4257.10,2422,23,1
1781038200,4257.10,4260.06,4256.00,4258.40,2327,23,1
1781038500,4258.40,4264.67,4258.14,4263.09,2206,23,1
1781038800,4263.12,4265.61,4259.58,4262.41,2203,23,1
1781039100,4262.41,4266.87,4260.78,4266.70,2194,23,1
1781039400,4266.68,4266.78,4262.73,4265.35,2279,23,1
1781039700,4265.35,4270.03,4262.99,4269.21,2259,23,1
1781040000,4269.20,4274.24,4267.38,4273.44,2278,23,1
1781040300,4273.39,4273.51,4267.87,4270.87,2167,23,1
1781040600,4270.87,4273.94,4268.84,4270.71,2183,23,1
1781040900,4270.75,4270.93,4268.37,4269.12,2072,23,1
1781041200,4269.18,4270.03,4263.67,4264.34,2055,23,1
1781041500,4264.33,4265.29,4262.34,4265.11,1918,23,1
1781041800,4265.12,4268.01,4264.02,4265.85,1907,23,1
1781042100,4265.94,4271.49,4265.54,4269.85,1972,23,1
1781042400,4269.94,4270.61,4266.34,4269.70,2018,23,1
1781042700,4269.71,4271.64,4264.88,4265.12,2061,23,1
1781043000,4265.13,4265.13,4257.98,4258.65,2045,23,1
1781043300,4258.68,4258.79,4254.84,4255.35,2300,23,1
1781043600,4255.36,4256.40,4252.79,4255.65,2272,23,1
1781043900,4255.65,4257.83,4254.11,4257.35,2199,23,1
1781044200,4257.29,4260.16,4256.40,4259.49,2208,23,1
1781044500,4259.48,4259.81,4252.68,4253.61,2184,23,1
1781044800,4253.60,4253.60,4250.14,4250.93,2295,23,1
1781045100,4250.92,4252.46,4249.93,4250.93,2160,23,1
1781045400,4250.90,4258.95,4250.90,4258.89,2403,23,1
1781045700,4258.90,4259.70,4256.39,4258.57,2229,23,1
1781046000,4258.76,4261.06,4255.66,4260.70,1865,23,1
1781046300,4260.70,4260.75,4257.24,4257.65,1465,23,1
1781046600,4257.64,4259.34,4256.69,4258.44,1341,23,1
1781046900,4258.43,4260.37,4258.10,4258.64,1218,23,1
1781047200,4258.64,4259.70,4257.89,4258.24,948,23,1
1781047500,4258.24,4259.94,4258.06,4259.02,849,23,1
1781047800,4259.02,4259.13,4257.66,4257.83,819,23,1
1781048100,4257.83,4260.90,4257.81,4260.38,855,28,1
1781048400,4260.38,4261.90,4260.24,4261.33,932,28,1
1781048700,4261.34,4262.04,4260.38,4261.49,825,28,1
1781049000,4261.49,4261.76,4259.63,4260.19,626,28,1
1781049300,4260.19,4260.65,4259.93,4260.29,464,28,1
1781053200,4251.78,4257.39,4250.41,4255.91,1290,28,1
1781053500,4255.77,4256.63,4251.05,4253.44,948,28,1
1781053800,4253.44,4256.55,4253.11,4255.32,919,28,1
1781054100,4255.31,4256.13,4253.02,4253.61,952,28,1
1781054400,4253.62,4256.17,4253.31,4254.39,1061,28,1
1781054700,4254.38,4256.56,4253.13,4256.55,993,28,1
1781055000,4256.55,4257.35,4252.44,4253.39,1343,23,1
1781055300,4253.31,4254.59,4250.31,4252.96,1438,23,1
1781055600,4252.95,4254.98,4247.60,4249.18,1785,23,1
1781055900,4249.18,4249.92,4237.38,4239.20,1922,23,1
1781056200,4239.20,4240.98,4232.45,4235.01,1805,23,1
1781056500,4235.00,4238.07,4234.02,4237.26,1383,23,1
1781056800,4237.22,4246.43,4235.61,4246.11,1481,23,1
1781057100,4246.10,4247.21,4241.67,4241.68,1370,23,1
1781057400,4241.69,4242.69,4235.65,4236.04,1574,23,1
1781057700,4236.04,4236.50,4227.85,4233.06,1901,23,1
1781058000,4233.07,4234.38,4225.39,4227.51,1533,23,1
1781058300,4227.50,4228.05,4223.02,4224.20,1555,23,1
1781058600,4224.20,4229.74,4221.77,4225.61,1590,23,1
1781058900,4225.61,4226.19,4221.53,4221.84,1470,23,1
1781059200,4221.85,4224.39,4216.57,4218.56,1645,23,1
1781059500,4218.55,4218.55,4211.59,4213.14,2130,23,1
1781059800,4213.20,4221.15,4210.46,4220.77,2069,23,1
1781060100,4220.78,4224.55,4217.90,4221.99,1964,23,1
1781060400,4221.96,4223.88,4218.47,4220.59,2224,20,1
1781060700,4220.55,4226.59,4219.35,4225.47,2236,23,1
1781061000,4225.47,4225.74,4216.60,4225.10,2119,23,1
1781061300,4225.11,4228.09,4218.45,4227.46,2074,23,1
1781061600,4227.48,4228.31,4223.15,4225.11,2004,23,1
1781061900,4225.11,4225.52,4218.03,4218.03,1967,23,1
1781062200,4218.02,4218.93,4206.01,4206.32,2334,23,1
1781062500,4206.32,4209.69,4201.78,4207.86,2342,23,1
1781062800,4207.88,4208.31,4199.15,4204.30,2196,23,1
1781063100,4204.31,4205.93,4199.83,4203.78,2193,23,1
1781063400,4203.77,4208.55,4200.62,4207.43,2221,23,1
1781063700,4207.40,4220.68,4207.40,4218.10,2347,23,1
1781064000,4218.10,4218.83,4194.62,4194.62,2640,23,1
1781064300,4194.62,4199.65,4187.23,4195.13,2437,23,1
1781064600,4195.19,4206.53,4194.06,4203.39,2285,23,1
1781064900,4203.38,4216.48,4200.67,4213.11,2423,23,1
1781065200,4213.11,4213.34,4199.27,4200.96,2301,23,1
1781065500,4200.83,4204.38,4197.39,4201.80,2159,23,1
1781065800,4201.81,4204.85,4196.38,4202.54,2426,23,1
1781066100,4202.49,4207.09,4197.76,4200.65,2318,23,1
1781066400,4200.69,4202.03,4184.59,4187.19,2316,23,1
1781066700,4187.14,4193.62,4184.56,4192.85,2320,23,1
1781067000,4192.89,4195.52,4183.78,4191.99,2294,23,1
1781067300,4191.98,4192.84,4187.46,4188.69,2100,23,1
1781067600,4188.71,4191.73,4183.87,4186.94,1932,23,1
1781067900,4186.94,4187.05,4179.67,4181.20,2121,23,1
1781068200,4181.20,4186.45,4179.94,4182.78,1964,23,1
1781068500,4182.78,4186.53,4179.76,4180.94,1859,23,1
1781068800,4180.94,4187.13,4180.12,4183.37,1803,23,1
1781069100,4183.36,4188.33,4178.17,4188.04,1970,23,1
1781069400,4188.00,4192.57,4174.24,4179.28,2355,23,1
1781069700,4179.28,4189.45,4178.84,4184.56,2123,23,1
1781070000,4184.56,4189.43,4180.35,4184.33,2131,23,1
1781070300,4184.37,4190.56,4183.51,4187.55,2187,23,1
1781070600,4187.57,4188.51,4174.02,4175.07,2338,23,1
1781070900,4174.97,4176.76,4173.35,4174.05,2064,23,1
1781071200,4174.05,4177.04,4173.07,4176.72,2077,23,1
1781071500,4176.71,4180.75,4174.14,4175.31,2057,23,1
1781071800,4175.34,4178.53,4174.04,4178.19,1931,23,1
1781072100,4178.21,4181.14,4175.53,4175.92,1823,23,1
1781072400,4175.92,4176.37,4173.83,4175.09,1748,23,1
1781072700,4175.10,4180.24,4174.87,4177.16,1795,23,1
1781073000,4177.16,4180.75,4176.35,4180.42,1780,23,1
1781073300,4180.43,4183.01,4176.71,4180.47,1814,23,1
1781073600,4180.47,4182.65,4178.14,4179.81,1553,23,1
1781073900,4179.81,4186.49,4179.62,4185.41,1777,23,1
1781074200,4185.42,4185.90,4182.26,4185.01,1656,23,1
1781074500,4185.00,4185.06,4181.87,4184.86,1686,23,1
1781074800,4184.83,4187.16,4182.15,4186.28,1677,23,1
1781075100,4186.28,4186.63,4181.97,4184.32,1594,23,1
1781075400,4184.30,4184.41,4180.64,4181.30,1346,23,1
1781075700,4181.21,4182.25,4178.74,4181.54,1504,23,1
1781076000,4181.53,4182.99,4176.43,4178.32,1671,23,1
1781076300,4178.34,4180.45,4173.64,4174.46,1665,23,1
1781076600,4174.47,4175.23,4173.07,4174.37,1730,23,1
1781076900,4174.37,4175.33,4173.23,4174.69,1648,23,1
1781077200,4174.71,4175.20,4173.25,4173.50,1536,23,1
1781077500,4173.50,4175.06,4172.54,4173.86,1420,23,1
1781077800,4173.90,4175.85,4173.68,4175.02,1533,23,1
1781078100,4175.02,4175.82,4173.73,4174.82,1365,23,1
1781078400,4174.81,4178.26,4173.50,4174.67,1785,23,1
1781078700,4174.67,4178.99,4173.81,4176.62,1816,23,1
1781079000,4176.61,4180.45,4175.47,4179.72,1523,23,1
1781079300,4179.74,4180.41,4175.51,4176.64,1639,23,1
1781079600,4176.65,4183.20,4175.97,4180.63,1676,23,1
1781079900,4180.63,4187.20,4179.66,4187.09,1759,23,1
1781080200,4187.09,4193.23,4181.74,4191.01,2382,23,1
1781080500,4191.05,4194.76,4187.98,4194.24,2280,23,1
1781080800,4194.23,4198.96,4193.43,4198.06,2224,23,1
1781081100,4198.04,4205.48,4197.45,4202.68,2157,23,1
1781081400,4202.68,4206.39,4200.52,4203.72,2113,23,1
1781081700,4203.71,4209.01,4203.71,4205.17,2116,23,1
1781082000,4205.18,4212.58,4205.15,4211.07,2193,23,1
1781082300,4211.06,4221.81,4209.26,4213.96,2244,23,1
1781082600,4214.13,4215.99,4209.19,4212.83,2183,23,1
1781082900,4212.92,4215.44,4211.06,4214.34,1939,23,1
1781083200,4214.33,4216.67,4208.31,4209.08,1940,23,1
1781083500,4209.07,4216.00,4209.05,4211.85,1932,23,1
1781083800,4211.83,4213.54,4208.16,4210.60,1932,23,1
1781084100,4210.52,4212.12,4207.73,4209.06,1897,23,1
1781084400,4209.03,4209.34,4205.00,4207.46,1914,23,1
1781084700,4207.41,4209.79,4203.17,4203.23,1894,23,1
1781085000,4203.23,4206.57,4201.79,4202.14,1794,23,1
1781085300,4202.14,4205.88,4201.80,4203.86,1915,23,1
1781085600,4203.88,4205.73,4201.32,4203.67,2019,23,1
1781085900,4203.67,4207.66,4202.05,4207.15,1748,23,1
1781086200,4207.14,4207.86,4197.35,4200.25,1853,23,1
1781086500,4200.24,4202.96,4197.91,4198.65,1774,23,1
1781086800,4198.66,4203.75,4198.12,4199.16,1651,23,1
1781087100,4199.16,4199.16,4193.54,4194.87,1871,23,1
1781087400,4194.86,4197.09,4191.76,4194.75,1860,23,1
1781087700,4194.74,4195.58,4190.25,4190.67,1772,23,1
1781088000,4190.67,4193.39,4187.92,4189.58,1728,23,1
1781088300,4189.60,4192.97,4189.24,4190.33,1882,23,1
1781088600,4190.34,4190.34,4181.55,4182.10,1960,23,1
1781088900,4182.10,4187.70,4181.60,4186.10,1819,23,1
1781089200,4186.10,4187.32,4161.43,4164.17,2416,23,1
1781089500,4164.17,4171.36,4161.97,4167.38,2247,23,1
1781089800,4167.38,4172.27,4161.41,4166.33,2199,23,1
1781090100,4166.35,4178.90,4166.12,4173.40,2143,23,1
1781090400,4173.40,4174.58,4168.17,4171.06,1954,23,1
1781090700,4170.98,4173.62,4169.34,4172.18,2066,23,1
1781091000,4172.21,4172.21,4166.42,4168.10,1970,23,1
1781091300,4168.09,4175.79,4168.09,4172.86,1935,23,1
1781091600,4172.87,4179.28,4170.02,4170.52,1935,23,1
1781091900,4170.52,4174.56,4166.44,4174.23,2161,23,1
1781092200,4174.38,4176.42,4171.08,4171.15,1949,23,1
1781092500,4171.15,4172.78,4167.72,4168.88,2011,23,1
1781092800,4168.96,4169.62,4165.39,4167.21,1920,23,1
1781093100,4167.21,4171.72,4166.48,4170.41,1814,23,1
1781093400,4170.42,4174.14,4164.78,4165.05,1911,23,1
1781093700,4165.06,4174.94,4164.42,4171.25,2002,23,1
1781094000,4171.26,4171.26,4166.33,4168.34,1821,23,1
1781094300,4168.33,4171.93,4164.27,4166.19,1928,23,1
1781094600,4166.18,4177.42,4165.83,4176.91,2062,23,1
1781094900,4176.91,4179.47,4170.99,4172.45,1959,23,1
1781095200,4172.43,4172.83,4167.86,4171.27,1969,23,1
1781095500,4171.27,4174.86,4165.97,4168.31,1879,23,1
1781095800,4168.18,4168.60,4163.06,4166.13,1805,23,1
1781096100,4166.10,4169.22,4165.31,4168.70,1694,23,1
1781096400,4168.70,4171.12,4167.30,4169.28,1644,23,1
1781096700,4169.30,4169.66,4155.64,4159.60,1889,23,1
1781097000,4159.60,4162.29,4155.80,4161.03,1852,23,1
1781097300,4161.02,4164.80,4159.65,4164.45,1767,23,1
1781097600,4164.43,4169.83,4163.65,4166.70,1789,23,1
1781097900,4166.70,4169.31,4162.69,4165.15,1710,23,1
1781098200,4165.15,4168.87,4164.10,4165.06,1898,23,1
1781098500,4165.07,4169.08,4164.60,4166.77,1750,23,1
1781098800,4167.22,4171.39,4164.18,4171.37,1765,23,1
1781099100,4171.39,4177.09,4169.75,4177.09,1779,23,1
1781099400,4177.36,4178.57,4171.45,4171.78,1761,23,1
1781099700,4171.78,4178.28,4171.52,4174.66,1870,23,1
1781100000,4174.63,4176.09,4159.96,4161.04,2138,23,1
1781100300,4161.23,4164.59,4153.67,4161.31,2557,23,1
1781100600,4161.30,4169.03,4160.99,4168.78,2306,23,1
1781100900,4168.64,4171.69,4164.71,4164.82,2100,23,1
1781101200,4164.80,4170.71,4163.51,4163.51,2101,23,1
1781101500,4163.42,4166.60,4156.80,4166.49,2447,23,1
1781101800,4166.55,4167.98,4161.18,4164.81,2236,23,1
1781102100,4164.84,4165.65,4156.30,4156.38,2179,23,1
1781102400,4156.38,4160.06,4154.30,4154.39,2157,23,1
1781102700,4154.39,4155.79,4152.50,4155.67,2129,23,1
1781103000,4155.68,4163.36,4153.65,4154.46,2181,23,1
1781103300,4154.56,4155.70,4145.76,4147.61,2199,23,1
1781103600,4147.62,4152.47,4145.53,4146.93,2313,23,1
1781103900,4146.92,4150.76,4144.70,4145.02,2146,23,1
1781104200,4145.02,4145.08,4134.60,4136.25,2358,23,1
1781104500,4136.25,4142.85,4135.57,4136.50,2222,23,1
1781104800,4136.44,4137.36,4133.90,4134.58,2224,23,1
1781105100,4134.56,4142.03,4130.69,4141.14,2254,23,1
1781105400,4141.14,4173.83,4140.27,4162.43,2836,23,1
1781105700,4162.42,4172.97,4155.97,4160.84,2667,23,1
1781106000,4160.85,4166.57,4155.23,4160.30,2581,23,1
1781106300,4160.31,4169.47,4156.28,4157.75,2566,23,1
1781106600,4157.75,4158.28,4148.87,4151.71,2549,23,1
1781106900,4151.71,4152.73,4142.35,4147.00,2508,23,1
1781107200,4146.97,4156.30,4144.92,4153.18,2632,23,1
1781107500,4153.20,4157.98,4148.46,4154.24,2513,23,1
1781107800,4154.29,4157.25,4148.81,4151.39,2353,23,1
1781108100,4151.39,4151.39,4134.30,4135.64,2527,23,1
1781108400,4135.64,4146.22,4133.02,4144.22,2378,23,1
1781108700,4144.21,4150.96,4143.43,4150.04,2334,23,1
1781109000,4149.86,4153.55,4142.90,4142.99,2730,23,1
1781109300,4142.85,4168.86,4141.99,4166.21,2786,23,1
1781109600,4166.14,4178.37,4163.48,4178.37,2642,23,1
1781109900,4179.13,4185.59,4173.85,4185.59,2683,23,1
1781110200,4185.61,4186.24,4176.13,4180.04,2725,23,1
1781110500,4180.23,4183.98,4175.43,4179.60,2667,23,1
1781110800,4179.60,4180.83,4170.79,4171.57,2704,23,1
1781111100,4171.54,4176.56,4170.27,4173.46,2568,23,1
1781111400,4173.45,4180.01,4170.60,4174.26,2582,23,1
1781111700,4174.26,4175.38,4167.39,4168.44,2557,23,1
1781112000,4168.30,4172.84,4162.76,4170.37,2510,23,1
1781112300,4169.83,4171.57,4159.55,4161.12,2565,23,1
1781112600,4161.10,4163.30,4155.60,4160.24,2549,23,1
1781112900,4160.24,4162.41,4152.98,4157.93,2593,23,1
1781113200,4157.79,4161.41,4149.83,4149.87,2538,23,1
1781113500,4149.88,4151.65,4138.17,4140.66,2624,23,1
1781113800,4140.67,4142.72,4137.44,4138.04,2598,23,1
1781114100,4138.03,4138.45,4117.93,4124.85,2731,23,1
1781114400,4124.85,4136.37,4123.07,4129.09,2672,23,1
1781114700,4129.12,4129.25,4121.97,4126.51,2578,23,1
1781115000,4126.49,4127.28,4119.22,4123.60,2605,23,1
1781115300,4123.45,4124.06,4113.42,4115.59,2589,23,1
1781115600,4115.59,4134.08,4115.48,4130.29,2569,23,1
1781115900,4130.28,4136.87,4127.70,4127.83,2539,23,1
1781116200,4127.82,4131.19,4123.79,4128.08,2602,23,1
1781116500,4128.17,4130.71,4122.72,4124.52,2488,23,1
1781116800,4124.54,4130.01,4122.05,4128.68,2560,23,1
1781117100,4128.63,4131.04,4108.81,4118.21,2654,23,1
1781117400,4118.29,4125.67,4106.82,4120.35,2733,23,1
1781117700,4120.32,4128.88,4115.42,4128.76,2642,23,1
1781118000,4128.80,4131.66,4123.31,4126.68,2541,23,1
1781118300,4126.74,4131.23,4124.28,4130.08,2424,23,1
1781118600,4130.03,4132.95,4125.37,4129.20,2414,23,1
1781118900,4129.22,4133.85,4127.93,4132.62,2361,23,1
1781119200,4132.70,4134.82,4128.45,4129.80,2396,23,1
1781119500,4129.81,4132.33,4126.00,4127.48,2289,23,1
1781119800,4127.48,4129.98,4121.11,4129.24,2415,23,1
1781120100,4129.30,4132.08,4125.99,4127.88,2459,23,1
1781120400,4127.87,4128.20,4120.57,4122.20,2308,23,1
1781120700,4122.19,4122.75,4115.95,4120.34,2401,23,1
1781121000,4120.34,4123.07,4117.95,4120.23,2260,23,1
1781121300,4120.23,4122.16,4117.24,4121.91,2275,23,1
1781121600,4121.96,4134.90,4121.37,4132.22,2329,23,1
1781121900,4132.19,4132.38,4119.19,4120.19,2339,23,1
1781122200,4120.14,4120.41,4114.83,4117.98,2331,23,1
1781122500,4117.98,4120.15,4113.30,4113.92,2229,23,1
1781122800,4113.84,4116.35,4110.15,4111.81,2282,23,1
1781123100,4111.80,4115.17,4109.21,4110.93,2292,23,1
1781123400,4110.92,4112.44,4105.77,4111.14,2263,23,1
1781123700,4111.14,4111.92,4105.08,4105.25,2156,23,1
1781124000,4105.32,4106.30,4101.92,4102.32,2075,23,1
1781124300,4102.35,4112.50,4100.94,4111.36,2451,23,1
1781124600,4111.39,4113.29,4105.35,4109.72,2497,23,1
1781124900,4109.83,4113.46,4109.29,4111.67,2290,23,1
1781125200,4111.66,4120.37,4111.66,4119.83,2395,23,1
1781125500,4119.83,4120.49,4114.53,4114.53,2247,23,1
1781125800,4114.49,4117.78,4114.49,4115.91,1992,23,1
1781126100,4115.92,4118.10,4110.37,4112.60,2125,23,1
1781126400,4112.54,4115.02,4111.12,4112.76,2106,23,1
1781126700,4112.75,4114.94,4109.67,4112.41,2139,23,1
1781127000,4112.36,4112.67,4109.04,4109.23,2044,23,1
1781127300,4109.25,4109.95,4106.59,4107.41,2232,23,1
1781127600,4107.42,4109.88,4104.62,4104.93,2149,23,1
1781127900,4104.94,4107.70,4104.23,4104.37,1981,23,1
1781128200,4104.37,4104.42,4096.97,4101.51,2274,23,1
1781128500,4101.48,4103.14,4099.21,4101.36,2121,23,1
1781128800,4101.56,4102.12,4095.86,4096.29,2153,23,1
1781129100,4096.21,4099.24,4094.83,4094.94,2041,23,1
1781129400,4094.94,4094.94,4087.27,4088.91,2030,23,1
1781129700,4088.91,4092.01,4087.49,4089.79,2029,23,1
1781130000,4089.79,4090.05,4082.59,4084.92,2112,23,1
1781130300,4084.91,4085.95,4081.62,4084.72,2227,23,1
1781130600,4084.71,4089.04,4083.81,4086.26,2325,23,1
1781130900,4086.28,4087.12,4082.23,4086.32,2226,23,1
1781131200,4086.28,4091.87,4086.17,4091.53,2211,23,1
1781131500,4091.53,4092.55,4085.65,4088.36,2244,23,1
1781131800,4088.38,4091.57,4086.06,4087.26,2298,23,1
1781132100,4087.21,4087.22,4081.68,4082.73,2277,23,1
1781132400,4082.68,4083.03,4075.06,4077.57,1995,23,1
1781132700,4077.58,4077.95,4070.00,4071.09,2016,23,1
1781133000,4071.08,4073.56,4069.26,4072.09,1696,23,1
1781133300,4072.08,4074.67,4071.20,4074.02,1605,23,1
1781133600,4074.02,4076.96,4073.14,4076.42,1259,23,1
1781133900,4076.42,4080.01,4076.04,4078.38,1209,23,1
1781134200,4078.36,4078.36,4074.54,4076.05,1184,28,1
1781134500,4076.07,4078.16,4073.80,4076.40,905,28,1
1781134800,4076.40,4076.40,4071.34,4072.76,1126,28,1
1781135100,4072.76,4072.76,4067.49,4067.86,1435,28,1
1781135400,4067.87,4069.30,4067.10,4069.04,1215,28,1
1781135700,4069.04,4070.50,4069.00,4070.45,786,28,1
1781139600,4072.43,4072.68,4058.66,4063.35,1836,28,1
1781139900,4063.41,4063.48,4050.67,4051.12,1580,28,1
1781140200,4051.12,4057.22,4050.29,4056.16,1766,28,1
1781140500,4056.16,4057.11,4043.03,4047.59,2070,28,1
1781140800,4047.58,4047.70,4036.20,4038.50,1973,28,1
1781141100,4038.50,4044.93,4036.22,4044.91,1805,28,1
1781141400,4044.82,4054.41,4044.55,4050.68,1894,23,1
1781141700,4050.68,4066.18,4050.46,4065.34,1885,23,1
1781142000,4065.34,4068.98,4060.31,4062.78,1911,23,1
1781142300,4062.75,4066.55,4058.01,4062.00,1921,23,1
1781142600,4062.00,4064.17,4052.11,4053.70,1763,23,1
1781142900,4053.67,4054.18,4045.58,4046.38,1920,23,1
1781143200,4046.38,4053.66,4044.45,4049.62,1885,23,1
1781143500,4049.62,4050.22,4038.99,4040.44,1806,23,1
1781143800,4040.46,4042.46,4023.76,4030.11,2055,23,1
1781144100,4030.02,4041.80,4025.00,4039.02,2225,23,1
1781144400,4038.82,4047.59,4037.01,4043.46,2407,23,1
1781144700,4043.49,4064.53,4041.77,4061.44,2368,23,1
1781145000,4061.45,4063.86,4056.30,4057.91,2042,23,1
1781145300,4057.91,4063.42,4057.00,4060.71,1690,23,1
1781145600,4060.69,4064.22,4054.71,4056.21,1794,23,1
1781145900,4056.21,4057.32,4049.02,4050.11,2184,23,1
1781146200,4050.12,4052.26,4048.97,4051.00,1726,23,1
1781146500,4051.00,4052.26,4044.59,4047.16,1998,23,1
1781146800,4047.43,4059.51,4041.09,4043.77,2507,22,1
1781147100,4043.77,4050.05,4039.72,4043.06,2603,23,1
1781147400,4043.07,4055.83,4036.05,4052.19,2541,23,1
1781147700,4052.24,4072.67,4049.76,4065.09,2718,23,1
1781148000,4065.08,4070.45,4061.26,4061.61,2494,23,1
1781148300,4061.61,4070.87,4057.49,4067.56,2474,23,1
1781148600,4067.56,4076.56,4061.85,4064.27,2384,23,1
1781148900,4064.29,4068.76,4059.22,4063.27,2298,23,1
1781149200,4063.28,4074.47,4062.15,4063.38,2126,23,1
1781149500,4063.36,4071.55,4063.28,4071.35,2277,23,1
1781149800,4071.36,4075.03,4068.75,4069.40,2153,23,1
1781150100,4069.28,4078.04,4068.99,4075.87,2193,23,1
1781150400,4075.87,4089.86,4072.73,4079.22,2766,23,1
1781150700,4078.93,4082.12,4066.31,4078.58,2639,23,1
1781151000,4078.58,4089.36,4078.52,4086.79,2549,23,1
1781151300,4086.81,4099.52,4085.65,4094.15,2549,23,1
1781151600,4093.81,4102.88,4092.21,4102.52,2500,23,1
1781151900,4102.55,4108.62,4101.96,4104.45,2555,23,1
1781152200,4104.44,4112.57,4104.03,4110.70,2408,23,1
1781152500,4110.66,4114.94,4109.61,4114.69,2266,23,1
1781152800,4114.63,4118.04,4110.24,4113.58,2294,23,1
1781153100,4113.60,4117.06,4106.54,4110.79,2176,23,1
1781153400,4110.61,4111.35,4103.60,4104.05,2085,23,1
1781153700,4103.79,4103.83,4097.99,4101.94,2207,23,1
1781154000,4101.93,4102.59,4094.61,4100.82,2269,23,1
1781154300,4100.81,4100.88,4092.24,4094.70,2199,23,1
1781154600,4094.72,4097.61,4089.32,4089.58,2300,23,1
1781154900,4089.60,4095.79,4087.78,4093.88,2067,23,1
1781155200,4093.88,4094.37,4088.98,4090.11,2121,23,1
1781155500,4090.11,4090.11,4081.63,4082.44,2175,23,1
1781155800,4082.46,4085.04,4071.37,4073.20,2557,23,1
1781156100,4073.32,4076.31,4065.12,4066.88,2411,23,1
1781156400,4067.03,4067.87,4055.28,4059.56,2562,23,1
1781156700,4059.53,4060.16,4052.54,4054.97,2421,23,1
1781157000,4054.97,4063.82,4054.89,4062.49,2282,23,1
1781157300,4062.50,4073.41,4062.24,4067.93,2181,23,1
1781157600,4067.97,4075.55,4067.86,4075.06,2165,23,1
1781157900,4075.06,4078.46,4069.90,4076.41,2254,23,1
1781158200,4076.40,4076.44,4064.43,4065.53,2276,23,1
1781158500,4065.51,4071.41,4065.26,4065.53,2257,23,1
1781158800,4065.51,4065.73,4060.15,4062.63,2307,23,1
1781159100,4062.61,4063.88,4056.97,4063.24,2275,23,1
1781159400,4063.26,4067.93,4062.52,4067.32,2069,23,1
1781159700,4067.37,4070.45,4064.42,4070.40,1802,23,1
1781160000,4070.38,4071.83,4066.17,4067.50,1859,23,1
1781160300,4067.50,4068.86,4065.11,4065.77,1591,23,1
1781160600,4065.76,4075.48,4064.91,4073.04,1806,23,1
1781160900,4073.05,4075.21,4072.10,4072.80,1579,23,1
1781161200,4072.80,4075.80,4071.52,4072.68,1855,23,1
1781161500,4072.68,4079.91,4070.15,4079.91,1836,23,1
1781161800,4079.94,4083.12,4078.10,4082.72,1857,23,1
1781162100,4082.74,4083.35,4079.16,4081.55,1749,23,1
1781162400,4081.53,4085.36,4080.16,4081.18,1696,23,1
1781162700,4081.11,4082.11,4076.30,4077.66,1739,23,1
1781163000,4077.65,4083.84,4077.65,4077.75,1641,23,1
1781163300,4077.77,4079.66,4074.72,4078.72,1592,23,1
1781163600,4078.60,4083.97,4078.41,4082.11,1773,23,1
1781163900,4082.14,4085.86,4082.07,4083.40,1635,23,1
1781164200,4083.42,4085.36,4079.61,4083.86,1633,23,1
1781164500,4083.87,4085.04,4081.50,4082.65,1461,23,1
1781164800,4082.64,4083.12,4075.44,4077.85,2030,23,1
1781165100,4077.85,4080.53,4075.40,4079.37,1862,23,1
1781165400,4079.34,4079.54,4076.54,4077.22,1702,23,1
1781165700,4077.24,4080.98,4075.14,4079.31,1943,23,1
1781166000,4079.31,4081.17,4076.41,4076.99,1784,23,1
1781166300,4076.99,4079.95,4072.65,4074.99,2068,23,1
1781166600,4074.99,4095.96,4074.57,4095.15,2507,23,1
1781166900,4095.14,4096.42,4090.94,4093.77,2262,23,1
1781167200,4093.78,4099.56,4093.78,4099.48,2031,23,1
1781167500,4099.46,4106.23,4096.73,4100.48,2136,23,1
1781167800,4100.48,4100.98,4093.54,4094.07,2120,23,1
1781168100,4093.99,4098.53,4093.80,4094.34,2118,23,1
1781168400,4094.27,4094.73,4084.55,4084.57,2222,23,1
1781168700,4084.57,4085.61,4078.83,4080.70,2298,23,1
1781169000,4080.81,4084.51,4076.36,4084.27,2220,23,1
1781169300,4084.33,4088.37,4081.77,4086.70,2107,23,1
1781169600,4086.66,4091.23,4086.62,4091.11,1989,23,1
1781169900,4091.12,4092.88,4086.16,4086.70,1999,23,1
1781170200,4086.70,4087.96,4083.88,4084.12,1917,23,1
1781170500,4084.12,4091.26,4083.02,4088.27,1906,23,1
1781170800,4088.27,4092.79,4086.99,4092.72,1682,23,1
1781171100,4092.72,4094.13,4091.07,4091.80,1780,23,1
1781171400,4091.78,4097.48,4091.19,4097.47,1857,23,1
1781171700,4097.46,4097.47,4091.78,4094.28,1692,23,1
1781172000,4094.45,4097.78,4092.77,4094.78,2013,23,1
1781172300,4094.78,4097.60,4092.98,4093.69,1874,23,1
1781172600,4093.67,4098.33,4091.82,4096.68,1849,23,1
1781172900,4096.68,4106.22,4096.35,4104.94,2072,23,1
1781173200,4104.94,4107.86,4102.94,4107.72,1919,23,1
1781173500,4107.73,4110.29,4106.47,4107.50,1891,23,1
1781173800,4107.52,4110.54,4106.18,4107.16,1813,23,1
1781174100,4107.18,4108.85,4101.59,4104.64,1737,23,1
1781174400,4104.64,4109.40,4103.00,4107.56,1607,23,1
1781174700,4107.56,4107.99,4103.21,4103.21,1604,23,1
1781175000,4102.91,4104.14,4099.05,4102.99,1705,23,1
1781175300,4102.99,4106.03,4102.63,4104.93,1528,23,1
1781175600,4104.93,4111.93,4104.13,4106.14,2080,23,1
1781175900,4106.16,4111.92,4105.21,4111.74,1901,23,1
1781176200,4111.74,4112.62,4105.28,4106.16,1909,23,1
1781176500,4106.14,4108.39,4102.96,4105.69,1792,23,1
1781176800,4105.70,4105.70,4100.49,4102.86,1888,23,1
1781177100,4102.88,4103.50,4097.19,4097.54,1760,23,1
1781177400,4097.37,4097.89,4093.88,4095.31,1926,23,1
1781177700,4095.29,4099.48,4094.93,4095.39,1785,23,1
1781178000,4095.38,4096.84,4090.31,4090.61,1604,23,1
1781178300,4090.61,4092.04,4088.87,4089.25,1746,23,1
1781178600,4089.25,4091.78,4086.79,4086.80,1762,23,1
1781178900,4086.80,4087.80,4084.50,4084.52,1700,23,1
1781179200,4084.49,4087.28,4083.26,4085.30,1752,23,1
1781179500,4085.30,4087.23,4080.87,4080.88,1793,23,1
1781179800,4080.89,4087.39,4080.75,4085.97,1788,23,1
1781180100,4086.07,4088.83,4085.25,4086.64,1789,23,1
1781180400,4086.58,4086.58,4083.77,4085.05,1647,23,1
1781180700,4085.04,4085.07,4078.89,4079.41,1673,23,1
1781181000,4079.41,4082.80,4077.53,4080.69,1851,23,1
1781181300,4080.70,4088.66,4080.60,4088.66,1580,23,1
1781181600,4088.65,4091.84,4087.48,4091.72,1382,23,1
1781181900,4091.72,4096.41,4091.32,4094.03,1543,23,1
1781182200,4094.03,4095.88,4090.25,4093.99,1525,23,1
1781182500,4094.00,4094.70,4089.90,4091.59,1336,23,1
1781182800,4091.59,4094.15,4089.87,4091.81,1450,23,1
1781183100,4091.80,4094.05,4090.51,4090.57,1507,23,1
1781183400,4090.56,4092.86,4088.32,4092.07,1504,23,1
1781183700,4092.08,4093.06,4086.77,4086.82,1346,23,1
1781184000,4086.83,4094.46,4086.82,4093.62,1349,23,1
1781184300,4093.62,4093.85,4087.66,4087.66,1494,23,1
1781184600,4087.63,4092.84,4086.51,4092.26,1656,23,1
1781184900,4092.26,4092.98,4088.76,4090.83,1347,23,1
1781185200,4090.82,4092.20,4089.54,4090.47,1237,23,1
1781185500,4090.47,4091.47,4087.53,4088.46,1072,23,1
1781185800,4088.46,4092.89,4088.46,4089.68,1312,23,1
1781186100,4089.68,4091.48,4087.66,4089.89,1577,23,1
1781186400,4089.90,4093.16,4086.87,4091.78,1820,23,1
1781186700,4091.75,4093.01,4088.35,4091.22,1780,23,1
1781187000,4091.22,4093.14,4086.39,4086.39,1722,23,1
1781187300,4086.31,4089.47,4084.09,4086.67,1873,23,1
1781187600,4086.65,4088.53,4083.37,4086.28,1816,23,1
1781187900,4086.26,4091.21,4084.38,4090.31,1836,23,1
1781188200,4090.31,4095.90,4088.06,4088.27,2143,23,1
1781188500,4088.27,4088.92,4082.74,4083.41,1833,23,1
1781188800,4083.40,4086.97,4081.71,4084.91,1671,23,1
1781189100,4084.86,4086.35,4082.47,4085.08,1571,23,1
1781189400,4085.08,4087.61,4084.46,4086.18,1494,23,1
1781189700,4086.16,4087.39,4079.88,4080.32,1594,23,1
1781190000,4080.32,4087.13,4078.37,4086.53,1714,23,1
1781190300,4086.52,4086.84,4079.44,4079.88,1648,23,1
1781190600,4079.90,4079.90,4073.08,4076.32,1766,23,1
1781190900,4076.32,4081.98,4075.08,4075.16,1953,23,1
1781191200,4075.15,4078.25,4061.60,4069.01,2561,23,1
1781191500,4069.13,4072.82,4063.02,4069.07,2363,23,1
1781191800,4069.03,4073.97,4057.58,4062.54,2571,23,1
1781192100,4062.54,4066.87,4057.93,4065.87,2463,23,1
1781192400,4065.85,4076.97,4065.04,4073.31,2384,23,1
1781192700,4073.29,4081.08,4069.87,4077.22,2418,23,1
1781193000,4077.24,4081.33,4073.03,4080.11,2308,23,1
1781193300,4080.08,4085.14,4076.93,4082.04,2195,23,1
1781193600,4081.91,4085.75,4078.02,4083.82,2465,23,1
1781193900,4083.82,4086.13,4078.93,4085.68,2326,23,1
1781194200,4085.64,4086.05,4072.03,4073.20,2334,23,1
1781194500,4073.16,4077.24,4072.85,4072.89,2190,23,1
1781194800,4072.88,4078.92,4072.72,4075.81,2217,23,1
1781195100,4075.83,4081.75,4072.21,4075.40,2229,23,1
1781195400,4075.35,4081.45,4072.00,4075.28,2701,23,1
1781195700,4075.24,4082.61,4068.30,4072.50,2612,23,1
1781196000,4072.54,4078.61,4067.08,4076.13,2647,23,1
1781196300,4076.20,4092.40,4073.51,4083.76,2771,23,1
1781196600,4083.66,4092.57,4083.66,4085.00,2582,23,1
1781196900,4084.95,4091.45,4082.48,4083.17,2545,23,1
1781197200,4083.17,4085.40,4075.83,4078.10,2622,23,1
1781197500,4078.03,4078.03,4060.42,4062.71,2641,23,1
1781197800,4062.57,4063.38,4052.89,4060.92,2716,23,1
1781198100,4060.92,4066.58,4056.02,4063.58,2618,23,1
1781198400,4063.60,4082.09,4062.94,4079.56,2657,23,1
1781198700,4079.55,4084.76,4073.75,4074.77,2586,23,1
1781199000,4074.77,4077.50,4070.53,4072.69,2605,23,1
1781199300,4072.60,4079.85,4071.06,4078.78,2491,23,1
1781199600,4078.78,4083.50,4076.19,4076.21,2485,23,1
1781199900,4076.19,4079.54,4072.73,4078.61,2461,23,1
1781200200,4078.65,4080.95,4073.71,4076.96,2450,23,1
1781200500,4076.97,4079.10,4072.16,4073.40,2505,23,1
1781200800,4073.41,4076.46,4070.39,4073.48,2557,23,1
1781201100,4073.49,4086.44,4072.21,4080.95,2623,23,1
1781201400,4080.95,4087.48,4079.73,4080.61,2577,23,1
1781201700,4080.63,4086.50,4079.67,4082.02,2427,23,1
1781202000,4082.00,4089.20,4076.71,4078.91,2475,23,1
1781202300,4078.87,4084.60,4074.88,4081.59,2377,23,1
1781202600,4081.56,4082.74,4077.51,4079.66,2421,23,1
1781202900,4079.57,4086.83,4078.70,4085.98,2408,23,1
1781203200,4085.90,4090.40,4085.90,4088.11,2385,23,1
1781203500,4088.21,4091.70,4087.40,4089.79,2323,23,1
1781203800,4089.78,4095.32,4088.16,4090.50,2236,23,1
1781204100,4090.47,4090.51,4085.77,4088.79,2285,23,1
1781204400,4088.74,4093.23,4086.89,4087.45,2266,23,1
1781204700,4087.58,4093.69,4086.75,4092.63,2222,23,1
1781205000,4092.62,4103.28,4091.17,4102.62,2306,23,1
1781205300,4102.62,4107.53,4096.25,4096.81,2352,23,1
1781205600,4096.83,4098.41,4087.60,4087.78,2347,23,1
1781205900,4087.79,4088.79,4079.49,4079.59,2377,23,1
1781206200,4079.60,4087.78,4078.44,4084.68,2361,23,1
1781206500,4084.67,4086.43,4081.68,4082.61,2200,23,1
1781206800,4082.61,4085.21,4081.13,4081.91,2072,23,1
1781207100,4081.94,4084.17,4080.26,4081.40,2109,23,1
1781207400,4081.42,4082.37,4078.00,4079.62,2183,23,1
1781207700,4079.63,4082.27,4079.27,4080.18,2026,23,1
1781208000,4080.19,4080.48,4071.99,4074.74,2345,23,1
1781208300,4074.77,4077.67,4074.32,4076.62,2339,23,1
1781208600,4076.64,4078.75,4073.11,4076.02,2183,23,1
1781208900,4076.01,4078.91,4074.36,4078.40,2142,23,1
1781209200,4078.37,4081.22,4076.05,4080.41,2224,23,1
1781209500,4080.42,4101.91,4078.38,4101.58,2403,23,1
1781209800,4101.59,4149.31,4101.59,4149.09,2907,23,1
1781210100,4148.71,4154.51,4138.28,4150.37,2843,23,1
1781210400,4150.44,4169.94,4147.51,4166.70,2834,23,1
1781210700,4166.67,4166.67,4153.53,4154.09,2731,23,1
1781211000,4154.31,4161.36,4146.98,4153.35,2674,23,1
1781211300,4153.43,4157.00,4146.61,4151.77,2522,23,1
1781211600,4151.81,4155.57,4136.30,4138.62,2715,23,1
1781211900,4138.64,4141.61,4131.28,4135.56,2732,23,1
1781212200,4135.51,4146.74,4135.18,4146.73,2589,23,1
1781212500,4146.73,4162.94,4145.23,4161.15,2493,23,1
1781212800,4161.18,4162.32,4151.35,4155.79,2615,23,1
1781213100,4155.79,4156.53,4150.64,4152.90,2537,23,1
1781213400,4152.91,4157.93,4149.19,4154.12,2482,23,1
1781213700,4154.12,4158.70,4152.77,4156.47,2352,23,1
1781214000,4156.53,4165.09,4155.19,4164.80,2213,23,1
1781214300,4164.79,4171.61,4164.03,4168.11,2218,23,1
1781214600,4168.11,4170.05,4164.18,4164.76,2137,23,1
1781214900,4164.77,4165.49,4160.39,4161.84,2152,23,1
1781215200,4161.82,4174.30,4161.82,4174.29,2432,23,1
1781215500,4174.16,4175.74,4169.49,4174.14,2327,23,1
1781215800,4174.11,4189.24,4173.10,4188.26,2515,23,1
1781216100,4188.25,4196.80,4186.17,4195.67,2458,23,1
1781216400,4195.72,4198.16,4188.67,4191.74,2458,23,1
1781216700,4191.73,4198.32,4189.21,4195.54,2227,23,1
1781217000,4195.56,4214.87,4195.56,4214.87,2680,23,1
1781217300,4214.88,4220.00,4208.31,4208.38,2576,23,1
1781217600,4208.39,4217.53,4208.33,4210.20,2378,23,1
1781217900,4210.21,4214.98,4209.96,4210.11,2375,23,1
1781218200,4210.09,4215.39,4209.21,4215.39,2409,23,1
1781218500,4215.39,4215.39,4207.44,4208.90,2320,23,1
1781218800,4208.80,4216.01,4208.26,4208.37,1926,23,1
1781219100,4208.37,4216.39,4208.16,4214.78,1694,23,1
1781219400,4214.78,4218.50,4212.17,4213.80,1586,23,1
1781219700,4213.80,4214.86,4212.23,4213.35,1273,23,1
1781220000,4213.35,4216.24,4212.84,4215.61,1368,23,1
1781220300,4215.62,4215.62,4212.28,4214.04,1472,23,1
1781220600,4214.07,4216.34,4212.20,4213.53,1470,23,1
1781220900,4213.65,4215.59,4210.26,4210.99,1376,28,1
1781221200,4210.99,4212.52,4209.57,4209.65,1372,28,1
1781221500,4209.62,4211.95,4209.09,4211.13,1313,28,1
1781221800,4211.13,4212.96,4210.16,4212.10,1167,28,1
1781222100,4212.09,4212.38,4210.62,4211.35,571,28,1
1781226000,4213.12,4220.37,4205.40,4208.57,1435,28,1
1781226300,4208.56,4210.79,4207.15,4209.53,957,28,1
1781226600,4209.49,4210.95,4207.08,4209.87,1231,28,1
1781226900,4209.72,4210.99,4207.29,4208.34,1200,28,1
1781227200,4208.25,4211.63,4205.74,4206.51,1305,28,1
1781227500,4206.48,4215.79,4206.37,4214.89,1171,28,1
1781227800,4214.88,4216.33,4211.41,4214.30,1571,23,1
1781228100,4214.28,4215.56,4212.01,4215.56,1177,23,1
1781228400,4215.56,4228.00,4215.14,4225.84,1869,23,1
1781228700,4225.84,4236.14,4225.37,4231.81,2015,23,1
1781229000,4231.82,4235.49,4225.06,4235.41,1843,23,1
1781229300,4235.43,4246.27,4233.08,4243.15,2010,23,1
1781229600,4243.16,4245.78,4224.64,4226.97,2104,23,1
1781229900,4226.96,4230.32,4223.47,4225.70,1862,23,1
1781230200,4225.70,4227.95,4221.62,4223.64,1630,23,1
1781230500,4223.65,4226.51,4221.27,4222.27,1600,23,1
1781230800,4222.27,4223.03,4215.83,4215.97,1639,23,1
1781231100,4215.97,4218.07,4214.22,4216.36,1636,23,1
1781231400,4216.60,4223.43,4214.57,4216.81,1706,23,1
1781231700,4216.82,4220.68,4214.61,4216.63,1629,23,1
1781232000,4216.62,4220.64,4214.75,4219.34,1587,23,1
1781232300,4219.36,4224.53,4217.32,4219.50,1823,23,1
1781232600,4219.46,4223.16,4215.31,4216.56,1878,23,1
1781232900,4216.48,4222.07,4216.27,4219.99,1715,23,1
1781233200,4220.00,4222.54,4212.71,4219.24,2186,20,1
1781233500,4218.98,4225.76,4215.78,4217.25,2261,23,1
1781233800,4217.23,4218.91,4215.54,4216.87,2085,23,1
1781234100,4216.87,4216.99,4207.45,4216.44,2242,23,1
1781234400,4216.44,4224.36,4215.01,4224.04,1990,23,1
1781234700,4224.07,4230.48,4220.29,4220.41,2135,23,1
1781235000,4220.41,4228.77,4219.95,4221.58,2017,23,1
1781235300,4221.53,4224.11,4214.18,4214.81,2012,23,1
1781235600,4214.80,4214.91,4202.88,4203.89,2075,23,1
1781235900,4204.01,4208.07,4201.26,4202.05,2106,23,1
1781236200,4202.02,4205.50,4200.82,4200.91,2038,23,1
1781236500,4200.89,4208.29,4200.81,4208.29,2047,23,1
1781236800,4208.34,4210.86,4184.06,4184.83,2660,23,1
1781237100,4184.67,4193.39,4183.02,4193.17,2458,23,1
1781237400,4193.18,4193.18,4184.93,4187.10,2297,23,1
1781237700,4187.09,4193.72,4185.78,4189.29,2202,23,1
1781238000,4189.32,4192.30,4187.42,4189.48,2203,23,1
1781238300,4189.48,4189.81,4179.17,4181.06,2160,23,1
1781238600,4180.93,4186.70,4177.04,4179.95,2413,23,1
1781238900,4179.95,4180.56,4171.41,4179.14,2247,23,1
1781239200,4179.09,4183.69,4176.75,4179.46,2252,23,1
1781239500,4179.46,4191.49,4179.34,4191.39,2291,23,1
1781239800,4191.39,4191.46,4186.16,4186.43,1948,23,1
1781240100,4186.42,4190.15,4184.26,4186.81,2025,23,1
1781240400,4186.80,4194.32,4183.73,4191.32,2178,23,1
1781240700,4191.32,4197.62,4190.19,4197.41,1993,23,1
1781241000,4197.42,4200.05,4193.85,4193.92,1983,23,1
1781241300,4193.93,4194.49,4190.90,4192.74,1759,23,1
1781241600,4192.74,4193.47,4190.07,4191.14,1797,23,1
1781241900,4191.14,4191.45,4186.62,4188.50,1757,23,1
1781242200,4188.49,4189.36,4182.80,4182.95,2132,23,1
1781242500,4182.91,4193.23,4182.74,4188.99,2006,23,1
1781242800,4189.00,4190.31,4184.56,4186.24,1870,23,1
1781243100,4186.25,4191.19,4183.66,4190.53,1940,23,1
1781243400,4190.52,4192.38,4187.72,4188.73,1856,23,1
1781243700,4188.71,4193.73,4187.63,4191.59,1828,23,1
1781244000,4191.60,4196.11,4189.60,4191.95,2010,23,1
1781244300,4191.83,4195.40,4190.63,4192.75,1689,23,1
1781244600,4192.74,4196.05,4191.30,4193.94,1707,23,1
1781244900,4193.88,4201.12,4193.66,4196.13,2034,23,1
1781245200,4196.13,4199.11,4193.10,4197.50,1868,23,1
1781245500,4197.50,4203.54,4196.63,4203.38,1987,23,1
1781245800,4203.37,4204.57,4199.21,4203.64,1940,23,1
1781246100,4203.64,4204.78,4201.08,4201.94,1697,23,1
1781246400,4201.93,4204.88,4198.86,4199.26,1507,23,1
1781246700,4199.26,4199.26,4195.44,4197.36,1674,23,1
1781247000,4197.36,4201.04,4196.29,4200.48,1570,23,1
1781247300,4200.49,4201.39,4196.66,4197.06,1446,23,1
1781247600,4197.08,4200.99,4192.82,4197.10,1452,23,1
1781247900,4197.08,4197.20,4192.03,4196.14,1465,23,1
1781248200,4196.14,4196.57,4191.99,4194.28,1369,23,1
1781248500,4194.28,4195.58,4190.35,4192.10,1341,23,1
1781248800,4192.11,4193.50,4190.65,4193.18,1223,23,1
1781249100,4193.18,4194.26,4191.65,4192.70,1215,23,1
1781249400,4192.69,4197.11,4191.89,4195.70,1283,23,1
1781249700,4195.68,4198.32,4193.71,4195.33,1322,23,1
1781250000,4195.33,4197.22,4192.93,4193.43,1149,23,1
1781250300,4193.42,4194.25,4189.93,4190.87,1427,23,1
1781250600,4190.87,4192.88,4190.14,4192.22,1350,23,1
1781250900,4192.22,4192.90,4189.56,4189.94,1235,23,1
1781251200,4189.94,4192.86,4187.44,4187.88,1697,23,1
1781251500,4187.89,4190.49,4185.14,4185.23,1469,23,1
1781251800,4185.18,4189.68,4181.95,4188.71,1816,23,1
1781252100,4188.79,4189.42,4184.97,4186.01,1551,23,1
1781252400,4186.00,4189.09,4186.00,4187.04,1528,23,1
1781252700,4187.05,4189.52,4185.99,4187.05,1518,23,1
1781253000,4187.05,4187.73,4178.03,4180.20,2257,23,1
1781253300,4180.23,4180.25,4172.49,4174.86,2340,23,1
1781253600,4174.87,4181.07,4174.28,4180.45,2289,23,1
1781253900,4180.45,4180.96,4176.08,4179.21,2081,23,1
1781254200,4179.21,4179.99,4172.91,4175.31,2305,23,1
1781254500,4175.29,4176.82,4170.72,4173.22,2087,23,1
1781254800,4173.24,4183.15,4173.19,4181.19,2182,23,1
1781255100,4181.16,4184.23,4178.77,4181.74,2070,23,1
1781255400,4181.74,4185.55,4181.51,4182.98,1914,23,1
1781255700,4182.90,4183.16,4179.63,4180.65,1850,23,1
1781256000,4180.64,4182.71,4178.96,4180.34,1771,23,1
1781256300,4180.34,4182.60,4179.42,4182.05,1794,23,1
1781256600,4182.05,4182.48,4175.54,4177.48,2021,23,1
1781256900,4177.47,4181.34,4176.00,4177.97,1880,23,1
1781257200,4177.86,4178.80,4172.37,4176.45,1877,23,1
1781257500,4176.45,4177.53,4174.16,4176.21,1762,23,1
1781257800,4176.22,4180.71,4176.20,4178.40,1866,23,1
1781258100,4178.40,4184.77,4177.10,4184.17,1910,23,1
1781258400,4184.17,4184.88,4176.04,4178.24,1972,23,1
1781258700,4178.24,4181.89,4177.62,4180.74,1789,23,1
1781259000,4180.75,4182.72,4177.74,4178.24,1852,23,1
1781259300,4178.24,4178.90,4174.07,4177.35,1932,23,1
1781259600,4177.35,4179.08,4175.56,4178.13,1711,23,1
1781259900,4178.13,4179.99,4173.90,4174.10,1645,23,1
1781260200,4174.18,4175.78,4170.21,4173.73,1769,23,1
1781260500,4173.70,4179.40,4173.70,4178.55,1871,23,1
1781260800,4178.60,4184.58,4178.60,4183.02,1740,23,1
1781261100,4183.02,4183.60,4174.49,4175.18,1641,23,1
1781261400,4175.20,4178.27,4173.77,4175.64,1557,23,1
1781261700,4175.63,4194.24,4175.40,4194.24,2205,23,1
1781262000,4194.25,4202.84,4191.97,4197.90,2393,23,1
1781262300,4197.89,4203.57,4195.21,4201.99,2168,23,1
1781262600,4201.95,4204.90,4201.32,4203.72,2115,23,1
1781262900,4203.77,4219.92,4199.44,4217.95,2430,23,1
1781263200,4218.01,4220.56,4212.51,4218.14,2433,23,1
1781263500,4218.12,4219.05,4211.24,4213.05,2245,23,1
1781263800,4213.08,4220.03,4212.99,4218.36,2142,23,1
1781264100,4218.35,4222.37,4215.46,4220.93,2029,23,1
1781264400,4220.93,4221.05,4211.78,4218.33,2076,23,1
1781264700,4218.33,4220.20,4214.66,4218.45,1952,23,1
1781265000,4218.46,4222.18,4216.07,4221.67,1809,23,1
1781265300,4221.74,4225.98,4219.44,4219.61,1815,23,1
1781265600,4219.59,4222.79,4217.41,4221.44,1825,23,1
1781265900,4221.45,4223.96,4219.59,4223.10,1746,23,1
1781266200,4223.07,4225.19,4221.82,4224.14,1651,23,1
1781266500,4224.13,4226.73,4220.90,4223.50,2104,23,1
1781266800,4223.47,4225.66,4219.09,4222.16,1954,23,1
1781267100,4222.15,4225.83,4219.36,4220.92,1901,23,1
1781267400,4220.92,4226.03,4219.21,4225.74,1961,23,1
1781267700,4225.75,4226.95,4221.59,4223.29,1835,23,1
1781268000,4223.23,4227.84,4222.92,4225.32,1636,23,1
1781268300,4225.31,4227.92,4223.50,4223.92,1815,23,1
1781268600,4223.92,4224.65,4221.40,4223.48,1717,23,1
1781268900,4223.47,4225.40,4221.56,4221.87,1685,23,1
1781269200,4221.87,4224.46,4218.88,4222.19,1767,23,1
1781269500,4221.92,4225.55,4220.24,4224.72,1372,23,1
1781269800,4224.73,4224.88,4219.98,4221.50,1676,23,1
1781270100,4221.37,4222.15,4215.14,4217.74,1778,23,1
1781270400,4217.73,4217.73,4210.72,4213.49,1807,23,1
1781270700,4213.49,4214.22,4202.80,4206.74,2214,23,1
1781271000,4206.76,4218.66,4206.53,4214.80,2137,23,1
1781271300,4214.77,4216.30,4214.21,4215.52,1703,23,1
1781271600,4215.51,4217.34,4214.43,4215.36,1473,23,1
1781271900,4215.36,4218.65,4214.21,4215.50,1540,23,1
1781272200,4215.54,4216.12,4212.36,4213.16,1531,23,1
1781272500,4213.17,4215.42,4209.32,4210.92,1641,23,1
1781272800,4210.92,4211.98,4205.78,4206.09,1809,23,1
1781273100,4206.15,4208.99,4205.11,4207.63,1688,23,1
1781273400,4207.62,4208.32,4205.28,4207.43,1628,23,1
1781273700,4207.43,4207.95,4203.89,4205.96,1500,23,1
1781274000,4205.96,4210.02,4205.59,4209.73,1591,23,1
1781274300,4209.72,4210.23,4202.17,4202.53,1590,23,1
1781274600,4202.55,4202.66,4197.51,4199.63,1708,23,1
1781274900,4199.62,4202.77,4199.59,4202.38,1673,23,1
1781275200,4202.37,4210.43,4201.92,4209.74,1691,23,1
1781275500,4209.73,4211.82,4208.78,4210.19,1631,23,1
1781275800,4210.19,4215.30,4208.44,4214.85,1775,23,1
1781276100,4214.86,4214.88,4206.49,4206.90,1845,23,1
1781276400,4206.86,4208.46,4202.91,4206.22,2155,23,1
1781276700,4206.24,4209.21,4205.35,4207.70,1997,23,1
1781277000,4207.71,4214.14,4207.71,4214.14,1807,23,1
1781277300,4214.23,4215.32,4211.39,4211.71,1879,23,1
1781277600,4211.71,4212.08,4202.49,4203.59,1959,23,1
1781277900,4203.59,4203.61,4200.27,4200.99,1894,23,1
1781278200,4201.02,4201.75,4197.43,4199.84,1901,23,1
1781278500,4199.85,4200.98,4192.23,4192.72,1971,23,1
1781278800,4192.92,4200.76,4191.98,4196.76,2081,23,1
1781279100,4196.76,4198.29,4193.55,4196.97,2085,23,1
1781279400,4196.96,4200.58,4193.53,4193.81,1990,23,1
1781279700,4193.77,4194.64,4188.50,4191.72,2029,23,1
1781280000,4191.71,4198.02,4186.55,4197.01,2394,23,1
1781280300,4197.04,4201.14,4193.58,4199.84,2092,23,1
1781280600,4199.91,4200.79,4193.71,4198.33,1987,23,1
1781280900,4198.35,4203.02,4197.29,4202.43,1940,23,1
1781281200,4202.47,4206.67,4202.00,4203.83,1877,23,1
1781281500,4203.77,4205.15,4201.54,4202.91,1861,23,1
1781281800,4202.87,4205.36,4197.12,4198.95,2609,23,1
1781282100,4198.94,4210.14,4198.52,4207.36,2622,23,1
1781282400,4207.36,4207.42,4182.88,4190.97,2798,23,1
1781282700,4190.96,4193.64,4183.82,4190.76,2755,23,1
1781283000,4190.77,4193.66,4186.72,4189.44,2654,23,1
1781283300,4189.44,4192.19,4183.38,4186.24,2416,23,1
1781283600,4186.19,4198.22,4185.38,4194.41,2613,23,1
1781283900,4194.38,4198.26,4184.78,4198.18,2499,23,1
1781284200,4198.20,4198.20,4189.76,4193.13,2420,23,1
1781284500,4193.05,4199.40,4190.08,4190.08,2447,23,1
1781284800,4190.10,4191.84,4182.65,4187.24,2537,23,1
1781285100,4187.24,4194.08,4186.69,4188.59,2405,23,1
1781285400,4188.55,4189.54,4181.13,4186.76,2437,23,1
1781285700,4186.79,4192.60,4186.06,4192.15,2450,23,1
1781286000,4192.15,4193.18,4181.13,4184.53,2484,23,1
1781286300,4184.48,4184.92,4177.14,4182.92,2519,23,1
1781286600,4182.97,4207.59,4179.48,4207.59,2674,23,1
1781286900,4207.32,4208.40,4201.26,4203.90,2749,23,1
1781287200,4203.97,4209.38,4200.21,4203.28,2573,23,1
1781287500,4203.26,4210.73,4203.26,4208.62,2519,23,1
1781287800,4208.62,4215.11,4208.45,4214.00,2399,23,1
1781288100,4213.99,4219.06,4212.71,4215.10,2352,23,1
1781288400,4215.13,4230.44,4213.10,4227.99,2378,23,1
1781288700,4227.98,4235.54,4223.42,4225.83,2512,23,1
1781289000,4225.75,4228.38,4218.53,4219.26,2403,23,1
1781289300,4219.31,4226.06,4215.06,4219.04,2526,23,1
1781289600,4219.04,4219.25,4210.44,4210.97,2374,23,1
1781289900,4210.99,4215.18,4207.03,4207.75,2449,23,1
1781290200,4207.76,4216.41,4207.58,4215.33,2376,23,1
1781290500,4215.41,4218.84,4211.26,4211.81,2407,23,1
1781290800,4211.83,4213.80,4208.07,4209.61,2449,23,1
1781291100,4209.62,4214.67,4208.24,4213.27,2245,23,1
1781291400,4213.26,4223.88,4211.52,4221.67,2398,23,1
1781291700,4221.66,4232.91,4220.95,4223.86,2559,23,1
1781292000,4223.85,4225.45,4218.42,4218.46,2331,23,1
1781292300,4218.47,4220.74,4215.86,4217.03,2235,23,1
1781292600,4217.03,4218.71,4215.97,4217.84,2160,23,1
1781292900,4217.87,4218.31,4211.69,4216.99,2173,23,1
1781293200,4216.99,4220.44,4213.07,4213.29,2330,23,1
1781293500,4213.31,4214.72,4211.33,4213.49,2320,23,1
1781293800,4213.50,4216.32,4212.00,4215.18,2105,23,1
1781294100,4215.18,4218.12,4213.54,4216.11,2159,23,1
1781294400,4216.03,4220.69,4215.98,4220.45,2192,23,1
1781294700,4220.45,4225.87,4219.02,4220.73,2354,23,1
1781295000,4220.71,4221.65,4215.04,4218.42,2140,23,1
1781295300,4218.42,4218.73,4213.89,4217.75,2029,23,1
1781295600,4217.75,4223.67,4217.68,4220.97,2069,23,1
1781295900,4220.97,4221.27,4216.79,4218.87,1971,23,1
1781296200,4218.85,4220.36,4214.03,4219.98,2020,23,1
1781296500,4219.97,4221.21,4217.67,4218.44,1963,23,1
1781296800,4218.46,4223.50,4217.38,4222.37,1948,23,1
1781297100,4222.41,4225.03,4221.97,4223.32,1880,23,1
1781297400,4223.31,4224.47,4222.46,4223.49,1773,23,1
1781297700,4223.49,4223.56,4219.78,4221.35,1917,23,1
1781298000,4221.37,4222.61,4219.59,4219.73,1985,23,1
1781298300,4219.75,4220.90,4218.22,4220.65,1907,23,1
1781298600,4220.66,4228.38,4220.23,4227.05,2045,23,1
1781298900,4227.06,4229.79,4225.29,4229.42,2073,23,1
1781299200,4229.34,4235.41,4228.96,4229.05,2008,23,1
1781299500,4229.05,4229.31,4224.50,4226.51,1896,23,1
1781299800,4226.51,4228.54,4224.40,4227.42,1814,23,1
1781300100,4227.42,4227.52,4225.42,4226.45,1547,23,1
1781300400,4226.42,4230.04,4226.01,4229.30,1647,23,1
1781300700,4229.32,4229.32,4222.61,4222.90,1742,23,1
1781301000,4222.90,4223.23,4220.60,4221.87,1667,23,1
1781301300,4221.88,4222.24,4214.20,4215.57,1967,23,1
1781301600,4215.54,4218.38,4214.36,4217.63,1804,23,1
1781301900,4217.63,4218.84,4215.52,4217.55,1589,23,1
1781302200,4217.56,4218.90,4216.33,4217.51,1647,23,1
1781302500,4217.48,4217.52,4213.57,4215.09,1699,23,1
1781302800,4215.09,4215.13,4210.22,4210.42,1768,23,1
1781303100,4210.42,4211.56,4207.85,4208.58,1911,23,1
1781303400,4208.58,4210.24,4204.06,4204.30,2018,23,1
1781303700,4204.30,4208.34,4201.86,4205.39,2163,23,1
1781304000,4205.39,4207.46,4204.59,4205.23,1872,23,1
1781304300,4205.23,4207.86,4203.68,4206.92,1988,23,1
1781304600,4206.88,4208.29,4205.83,4206.71,1993,23,1
1781304900,4206.71,4211.18,4205.45,4210.69,1931,23,1
1781305200,4210.70,4211.74,4209.42,4210.87,1470,23,1
1781305500,4210.86,4211.94,4209.62,4211.05,1103,23,1
1781305800,4211.05,4213.62,4210.72,4212.57,1018,23,1
1781306100,4212.57,4214.38,4212.34,4214.36,664,23,1
1781306400,4214.37,4216.96,4214.23,4214.28,777,23,1
1781306700,4214.29,4215.25,4213.65,4214.43,694,23,1
1781307000,4214.43,4214.54,4212.64,4213.75,825,23,1
1781307300,4213.75,4214.45,4212.52,4214.00,707,28,1
1781307600,4214.00,4214.04,4212.96,4213.73,645,28,1
1781307900,4213.71,4215.22,4212.50,4214.86,709,28,1
1781308200,4214.88,4217.75,4214.88,4216.92,909,28,1
1781308500,4216.92,4219.13,4216.31,4218.60,380,28,1
1781485200,4268.91,4302.57,4262.67,4301.06,3350,28,1
1781485500,4301.06,4308.85,4294.21,4306.10,2650,28,1
1781485800,4306.26,4306.29,4295.43,4300.05,2337,28,1
1781486100,4300.05,4305.62,4297.46,4305.42,2141,28,1
1781486400,4305.34,4306.32,4297.89,4298.25,1769,28,1
1781486700,4298.30,4298.34,4283.92,4287.17,2139,28,1
1781487000,4286.99,4287.13,4280.46,4284.57,1953,23,1
1781487300,4284.56,4286.50,4281.48,4285.13,1560,23,1
1781487600,4285.14,4288.55,4284.49,4285.28,1431,23,1
1781487900,4285.23,4291.64,4284.89,4291.39,1375,23,1
1781488200,4291.39,4291.76,4288.19,4291.05,1226,23,1
1781488500,4291.11,4291.36,4285.69,4285.69,1185,23,1
1781488800,4285.68,4287.44,4282.69,4284.64,1561,23,1
1781489100,4284.64,4288.25,4282.20,4283.06,1438,23,1
1781489400,4283.06,4284.40,4282.71,4282.98,1206,23,1
1781489700,4283.00,4283.37,4281.23,4282.48,1386,23,1
1781490000,4282.48,4283.69,4281.09,4283.00,1223,23,1
1781490300,4283.00,4284.62,4282.55,4283.33,1200,23,1
1781490600,4283.32,4286.11,4281.59,4284.32,1198,23,1
1781490900,4284.31,4286.09,4283.38,4285.51,1000,23,1
1781491200,4285.52,4285.57,4282.18,4285.05,1052,23,1
1781491500,4285.06,4294.10,4284.23,4293.78,1699,23,1
1781491800,4293.79,4294.62,4291.94,4293.12,1342,23,1
1781492100,4293.13,4295.06,4292.50,4294.10,1410,23,1
1781492400,4294.02,4295.88,4293.35,4294.53,1625,23,1
1781492700,4294.53,4296.64,4293.72,4296.64,1537,23,1
1781493000,4296.65,4301.06,4296.30,4299.95,1762,23,1
1781493300,4299.98,4304.20,4299.73,4304.20,1777,23,1
1781493600,4304.20,4307.72,4301.38,4306.24,1683,23,1
1781493900,4306.27,4308.15,4300.74,4300.92,1660,23,1
1781494200,4300.92,4305.66,4295.86,4303.00,1936,23,1
1781494500,4302.99,4304.83,4297.16,4298.99,1691,23,1
1781494800,4298.98,4300.06,4296.05,4297.69,1560,23,1
1781495100,4297.69,4300.04,4296.23,4296.51,1707,23,1
1781495400,4296.51,4297.02,4292.49,4295.78,1681,23,1
1781495700,4295.79,4296.18,4291.74,4292.60,1698,23,1
1781496000,4292.60,4300.35,4285.53,4291.64,2631,23,1
1781496300,4291.69,4296.38,4288.24,4289.35,2399,23,1
1781496600,4289.36,4297.26,4289.36,4296.19,2220,23,1
1781496900,4296.25,4296.29,4289.41,4292.99,2080,23,1
1781497200,4292.99,4306.50,4292.99,4302.54,2181,23,1
1781497500,4302.55,4304.71,4296.95,4303.50,2181,23,1
1781497800,4303.51,4315.45,4301.28,4312.50,2212,23,1
1781498100,4312.50,4316.57,4308.45,4315.67,2138,23,1
1781498400,4315.65,4319.59,4314.78,4317.82,2014,23,1
1781498700,4317.81,4317.84,4313.20,4317.61,1912,23,1
1781499000,4317.57,4319.12,4315.12,4316.19,1825,23,1
1781499300,4316.20,4319.01,4315.36,4316.79,1761,23,1
1781499600,4316.80,4324.26,4316.12,4322.24,1920,23,1
1781499900,4322.28,4324.70,4321.46,4321.50,1733,23,1
1781500200,4321.51,4326.67,4320.18,4326.53,1906,23,1
1781500500,4326.52,4328.71,4324.37,4325.18,1427,23,1
1781500800,4325.17,4331.04,4325.17,4329.63,1454,23,1
1781501100,4329.63,4331.03,4326.87,4328.12,1352,23,1
1781501400,4328.12,4332.07,4327.88,4329.77,1841,23,1
1781501700,4329.78,4334.20,4328.58,4332.85,1698,23,1
1781502000,4332.85,4332.96,4328.30,4330.18,1845,23,1
1781502300,4330.18,4334.60,4329.53,4334.54,1763,23,1
1781502600,4334.55,4335.43,4327.85,4330.04,1665,23,1
1781502900,4330.04,4330.82,4328.08,4329.54,1491,23,1
1781503200,4329.54,4331.09,4325.49,4326.48,1708,23,1
1781503500,4326.47,4328.26,4321.89,4323.68,1850,23,1
1781503800,4323.66,4325.60,4322.50,4325.28,1605,23,1
1781504100,4325.28,4328.92,4324.36,4326.82,1626,23,1
1781504400,4326.82,4327.16,4323.99,4325.16,1594,23,1
1781504700,4325.17,4325.37,4321.45,4323.99,1655,23,1
1781505000,4323.98,4326.91,4323.46,4326.20,1476,23,1
1781505300,4326.20,4327.30,4324.55,4324.69,1278,23,1
1781505600,4324.67,4324.68,4321.23,4323.30,1125,23,1
1781505900,4323.30,4327.24,4323.08,4326.13,1011,23,1
1781506200,4326.13,4326.21,4324.92,4325.31,828,23,1
1781506500,4325.31,4325.90,4323.64,4324.92,969,23,1
1781506800,4324.93,4327.64,4322.76,4323.19,1217,23,1
1781507100,4323.19,4326.09,4323.08,4324.11,869,23,1
1781507400,4324.11,4326.35,4324.08,4326.32,750,23,1
1781507700,4326.32,4327.30,4322.94,4324.08,1252,23,1
1781508000,4324.08,4325.23,4320.96,4322.45,1316,23,1
1781508300,4322.45,4327.65,4322.38,4327.02,1054,23,1
1781508600,4327.02,4329.16,4325.36,4328.51,976,23,1
1781508900,4328.52,4330.15,4327.05,4327.82,917,23,1
1781509200,4327.82,4328.69,4326.68,4327.84,866,23,1
1781509500,4327.84,4329.26,4327.65,4327.99,812,23,1
1781509800,4327.99,4328.25,4326.69,4326.89,811,23,1
1781510100,4326.89,4328.55,4326.50,4328.24,849,23,1
1781510400,4328.23,4330.02,4327.27,4328.00,1109,23,1
1781510700,4328.00,4329.52,4324.01,4328.81,1385,23,1
1781511000,4328.81,4330.83,4328.46,4328.77,1271,23,1
1781511300,4328.77,4329.95,4325.97,4328.12,1355,23,1
1781511600,4328.12,4332.95,4327.99,4330.54,1231,23,1
1781511900,4330.55,4331.93,4328.59,4330.23,1164,23,1
1781512200,4330.23,4332.65,4324.86,4327.40,1825,23,1
1781512500,4327.41,4328.11,4319.65,4320.64,1888,23,1
1781512800,4320.64,4320.91,4312.72,4312.76,1876,23,1
1781513100,4312.77,4316.20,4309.58,4314.03,1766,23,1
1781513400,4314.01,4314.72,4308.20,4310.43,1704,23,1
1781513700,4310.43,4311.55,4307.49,4310.07,1644,23,1
1781514000,4310.06,4312.76,4309.70,4311.94,1889,23,1
1781514300,4311.94,4313.33,4303.75,4305.16,2057,23,1
1781514600,4305.21,4308.80,4302.92,4308.77,1858,23,1
1781514900,4308.75,4309.37,4303.75,4304.64,1787,23,1
1781515200,4304.61,4308.14,4303.03,4307.20,1779,23,1
1781515500,4307.16,4309.35,4303.68,4305.11,1739,23,1
1781515800,4305.07,4307.03,4302.89,4306.31,1797,23,1
1781516100,4306.31,4307.03,4302.67,4303.06,1757,23,1
1781516400,4303.06,4306.71,4300.90,4306.41,1829,23,1
1781516700,4306.43,4307.79,4304.17,4307.58,1405,23,1
1781517000,4307.56,4307.99,4305.28,4307.55,1534,23,1
1781517300,4307.55,4309.76,4307.03,4308.13,1492,23,1
1781517600,4308.13,4310.68,4305.31,4310.41,1735,23,1
1781517900,4310.36,4312.98,4307.81,4312.54,1597,23,1
1781518200,4312.57,4314.26,4310.10,4313.59,1488,23,1
1781518500,4313.66,4315.25,4313.16,4314.28,1536,23,1
1781518800,4314.29,4318.76,4313.31,4316.33,1583,23,1
1781519100,4316.34,4318.17,4315.53,4316.68,1496,23,1
1781519400,4316.69,4316.99,4312.45,4314.08,1755,23,1
1781519700,4314.08,4316.44,4312.02,4316.00,1503,23,1
1781520000,4316.00,4317.41,4314.52,4316.58,1544,23,1
1781520300,4316.58,4317.33,4312.56,4313.36,1473,23,1
1781520600,4313.33,4323.14,4313.07,4323.08,1685,23,1
1781520900,4323.15,4325.27,4320.44,4323.16,1790,23,1
1781521200,4323.14,4329.20,4321.71,4328.26,1704,23,1
1781521500,4328.26,4329.18,4325.91,4328.96,1673,23,1
1781521800,4328.95,4329.43,4324.27,4329.00,1590,23,1
1781522100,4329.03,4331.10,4327.66,4329.57,1688,23,1
1781522400,4329.54,4331.80,4328.54,4328.84,1628,23,1
1781522700,4328.79,4332.69,4327.29,4328.54,1647,23,1
1781523000,4328.57,4343.53,4327.88,4343.40,1831,23,1
1781523300,4343.40,4345.28,4341.19,4342.94,1790,23,1
1781523600,4342.95,4345.06,4340.69,4340.98,1530,23,1
1781523900,4340.97,4343.01,4337.51,4337.96,1617,23,1
1781524200,4337.96,4339.23,4334.70,4339.14,1430,23,1
1781524500,4339.15,4339.17,4334.12,4334.21,1326,23,1
1781524800,4334.21,4341.40,4334.21,4341.40,1693,23,1
1781525100,4341.40,4343.15,4339.20,4340.22,1542,23,1
1781525400,4340.22,4340.88,4337.24,4340.08,1486,23,1
1781525700,4340.08,4341.75,4337.60,4339.31,1548,23,1
1781526000,4339.34,4343.25,4338.44,4340.65,1561,23,1
1781526300,4340.65,4340.79,4336.49,4338.95,1661,23,1
1781526600,4338.97,4338.97,4334.88,4335.94,1653,23,1
1781526900,4335.94,4340.95,4335.49,4339.63,1404,23,1
1781527200,4339.72,4340.15,4335.26,4335.64,1346,23,1
1781527500,4335.64,4340.74,4335.12,4339.95,1515,23,1
1781527800,4339.99,4340.77,4339.67,4339.73,1252,23,1
1781528100,4339.61,4340.48,4336.56,4336.62,1393,23,1
1781528400,4336.63,4337.56,4335.83,4335.85,1288,23,1
1781528700,4335.85,4340.36,4335.82,4338.08,1317,23,1
1781529000,4338.08,4338.17,4336.30,4337.83,1195,23,1
1781529300,4337.83,4339.15,4337.65,4338.50,1179,23,1
1781529600,4338.50,4338.85,4336.16,4338.30,1175,23,1
1781529900,4338.31,4339.44,4337.79,4338.51,1185,23,1
1781530200,4338.51,4340.33,4337.33,4339.23,1198,23,1
1781530500,4339.21,4340.05,4336.51,4336.64,1135,23,1
1781530800,4336.64,4338.32,4335.29,4337.77,1043,23,1
1781531100,4337.77,4341.47,4337.58,4340.42,1134,23,1
1781531400,4340.40,4340.66,4336.40,4337.30,1294,23,1
1781531700,4337.29,4338.81,4336.77,4338.08,1331,23,1
1781532000,4338.08,4338.89,4336.21,4337.55,1461,23,1
1781532300,4337.54,4339.22,4337.53,4338.46,1214,23,1
1781532600,4338.46,4339.91,4336.90,4337.95,1239,23,1
1781532900,4337.96,4339.79,4336.78,4339.07,1475,23,1
1781533200,4339.12,4340.20,4336.12,4337.79,1309,23,1
1781533500,4337.81,4341.45,4336.46,4341.00,1392,23,1
1781533800,4341.00,4346.68,4340.98,4345.94,1639,23,1
1781534100,4345.94,4346.75,4341.47,4346.66,1441,23,1
1781534400,4346.66,4347.46,4338.13,4338.42,1710,23,1
1781534700,4338.41,4338.52,4331.91,4333.68,1905,23,1
1781535000,4333.67,4336.77,4333.67,4335.92,1668,23,1
1781535300,4335.88,4336.22,4333.86,4335.13,1394,23,1
1781535600,4335.22,4338.64,4334.14,4337.56,1527,23,1
1781535900,4337.56,4338.17,4334.38,4334.52,1439,23,1
1781536200,4334.55,4338.44,4330.54,4331.25,1887,23,1
1781536500,4331.21,4333.14,4324.61,4327.18,2030,23,1
1781536800,4327.12,4335.15,4325.00,4333.02,1975,23,1
1781537100,4333.03,4338.13,4333.03,4337.27,1707,23,1
1781537400,4337.31,4343.46,4335.19,4342.46,1838,23,1
1781537700,4342.45,4346.65,4340.55,4344.26,1795,23,1
1781538000,4344.05,4346.61,4343.24,4344.95,1460,23,1
1781538300,4345.18,4346.87,4343.35,4345.93,1604,23,1
1781538600,4345.93,4349.34,4343.78,4344.24,1675,23,1
1781538900,4344.23,4349.33,4343.86,4348.92,1669,23,1
1781539200,4349.02,4349.04,4342.15,4343.08,2059,23,1
1781539500,4343.07,4346.77,4341.29,4345.24,1823,23,1
1781539800,4345.24,4350.32,4345.24,4349.48,1687,23,1
1781540100,4349.42,4353.88,4349.33,4352.90,1861,23,1
1781540400,4352.93,4355.53,4351.65,4353.71,1922,23,1
1781540700,4353.74,4355.85,4352.82,4353.29,1865,23,1
1781541000,4353.29,4364.85,4352.37,4362.91,2506,23,1
1781541300,4362.92,4366.66,4359.53,4363.23,2385,23,1
1781541600,4363.11,4368.66,4360.48,4363.33,2480,23,1
1781541900,4363.18,4364.57,4359.40,4361.95,2324,23,1
1781542200,4361.97,4362.91,4356.67,4357.63,2268,23,1
1781542500,4357.64,4361.86,4354.41,4355.18,2282,23,1
1781542800,4355.18,4360.51,4354.05,4358.86,2304,23,1
1781543100,4358.86,4369.15,4357.84,4365.92,2419,23,1
1781543400,4365.91,4366.00,4354.46,4357.32,2358,23,1
1781543700,4357.32,4363.02,4357.04,4361.54,2237,23,1
1781544000,4361.55,4361.74,4354.02,4357.47,2154,23,1
1781544300,4357.49,4364.15,4357.08,4363.63,2269,23,1
1781544600,4363.64,4365.03,4356.66,4357.23,2153,23,1
1781544900,4357.26,4359.97,4353.91,4357.27,2062,23,1
1781545200,4357.28,4358.75,4354.67,4356.91,2206,23,1
1781545500,4357.00,4362.83,4355.48,4362.02,2055,23,1
1781545800,4361.86,4363.61,4359.01,4361.52,2075,23,1
1781546100,4361.52,4362.21,4356.55,4356.77,2022,23,1
1781546400,4356.73,4357.20,4351.52,4354.86,2162,23,1
1781546700,4354.87,4359.23,4353.09,4354.22,2038,23,1
1781547000,4354.20,4354.32,4349.62,4351.09,2054,23,1
1781547300,4351.06,4356.03,4350.41,4351.51,1964,23,1
1781547600,4351.47,4357.30,4350.17,4356.34,1837,23,1
1781547900,4356.34,4358.20,4353.28,4354.06,1803,23,1
1781548200,4354.06,4354.72,4349.86,4352.74,1933,23,1
1781548500,4352.75,4355.30,4352.16,4354.67,1914,23,1
1781548800,4354.67,4359.74,4353.77,4357.50,1969,23,1
1781549100,4357.50,4360.72,4356.84,4356.86,1908,23,1
1781549400,4356.85,4357.55,4354.95,4356.58,1805,23,1
1781549700,4356.59,4358.80,4356.14,4356.20,1822,23,1
1781550000,4356.22,4357.25,4354.65,4357.07,1764,23,1
1781550300,4357.07,4358.67,4352.18,4352.23,1569,23,1
1781550600,4352.24,4352.74,4349.17,4351.65,1602,23,1
1781550900,4351.65,4352.52,4343.86,4346.00,1804,23,1
1781551200,4345.83,4346.54,4340.05,4340.06,1938,23,1
1781551500,4340.05,4344.36,4339.25,4342.98,1727,23,1
1781551800,4342.96,4343.06,4338.47,4340.68,1630,23,1
1781552100,4340.68,4341.55,4337.72,4338.95,1505,23,1
1781552400,4338.97,4340.98,4336.21,4336.22,1678,23,1
1781552700,4336.21,4338.45,4335.96,4336.60,1765,23,1
1781553000,4336.60,4338.94,4334.53,4337.95,1728,23,1
1781553300,4337.95,4339.77,4336.14,4339.17,1660,23,1
1781553600,4339.19,4339.19,4333.44,4333.85,1916,23,1
1781553900,4333.85,4335.40,4331.37,4332.33,1786,23,1
1781554200,4332.32,4334.91,4330.75,4333.94,1806,23,1
1781554500,4333.94,4334.84,4330.41,4330.95,1571,23,1
1781554800,4330.92,4331.52,4328.98,4330.92,1711,23,1
1781555100,4330.91,4333.90,4329.45,4329.92,1744,23,1
1781555400,4329.87,4329.88,4325.82,4325.82,1637,23,1
1781555700,4325.78,4327.62,4321.85,4324.29,1833,23,1
1781556000,4324.29,4324.91,4321.14,4322.08,1796,23,1
1781556300,4322.08,4325.30,4321.24,4322.98,1604,23,1
1781556600,4322.97,4323.60,4320.67,4321.52,1509,23,1
1781556900,4321.52,4325.00,4320.82,4324.87,1668,23,1
1781557200,4324.78,4324.98,4318.15,4320.69,1865,23,1
1781557500,4320.66,4321.93,4318.71,4320.73,1673,23,1
1781557800,4320.74,4324.49,4320.52,4324.21,1547,23,1
1781558100,4324.21,4326.02,4322.80,4324.89,1492,23,1
1781558400,4324.91,4327.99,4324.83,4326.64,1488,23,1
1781558700,4326.66,4327.86,4324.12,4324.76,1486,23,1
1781559000,4324.74,4325.22,4321.80,4323.17,1635,23,1
1781559300,4323.18,4325.74,4322.05,4324.99,1486,23,1
1781559600,4324.99,4326.27,4324.31,4324.90,1287,23,1
1781559900,4324.91,4325.37,4324.03,4325.10,1418,23,1
1781560200,4325.10,4327.23,4324.96,4325.87,1381,23,1
1781560500,4325.90,4326.61,4324.94,4325.63,1193,23,1
1781560800,4325.64,4326.66,4321.87,4322.23,1430,23,1
1781561100,4322.22,4323.43,4321.25,4322.08,1420,23,1
1781561400,4322.08,4323.15,4320.84,4322.48,1410,23,1
1781561700,4322.49,4324.41,4322.35,4324.03,1454,23,1
1781562000,4324.04,4324.54,4321.06,4323.39,1367,23,1
1781562300,4323.40,4323.83,4320.84,4321.39,1303,23,1
1781562600,4321.39,4323.73,4321.39,4322.52,1594,23,1
1781562900,4322.61,4322.68,4319.40,4320.76,1568,23,1
1781563200,4320.75,4321.01,4318.19,4319.10,1438,23,1
1781563500,4319.10,4319.98,4317.77,4318.38,1577,23,1
1781563800,4318.40,4320.48,4316.61,4319.96,1726,23,1
1781564100,4319.96,4320.85,4318.79,4320.70,1740,23,1
1781564400,4320.71,4322.05,4319.28,4319.54,1209,23,1
1781564700,4319.53,4320.63,4319.00,4319.37,808,23,1
1781565000,4319.38,4319.38,4315.71,4315.93,931,23,1
1781565300,4315.93,4318.51,4314.38,4317.76,906,23,1
1781565600,4317.76,4317.82,4312.04,4312.48,1043,23,1
1781565900,4312.48,4314.23,4310.68,4312.73,878,23,1
1781566200,4312.71,4312.96,4310.73,4311.14,788,28,1
1781566500,4311.17,4312.42,4310.18,4311.76,819,28,1
1781566800,4311.76,4312.36,4308.27,4309.70,883,28,1
1781567100,4309.70,4310.54,4308.55,4309.96,859,28,1
1781567400,4309.96,4310.41,4306.51,4307.76,837,28,1
1781567700,4307.76,4308.83,4306.43,4308.72,467,28,1
1781571600,4310.41,4313.45,4308.97,4313.24,1076,28,1
1781571900,4313.28,4315.23,4312.13,4313.29,795,28,1
1781572200,4313.27,4313.86,4308.94,4309.96,1159,28,1
1781572500,4309.93,4311.55,4306.62,4310.75,1216,28,1
1781572800,4310.75,4313.24,4307.52,4307.54,1015,28,1
1781573100,4307.53,4309.83,4305.89,4308.40,1176,28,1
1781573400,4308.42,4311.44,4306.72,4309.75,1123,23,1
1781573700,4309.79,4311.16,4309.79,4311.07,1073,23,1
1781574000,4311.08,4314.32,4310.67,4312.25,983,23,1
1781574300,4312.24,4312.57,4311.13,4311.14,843,23,1
1781574600,4311.02,4314.30,4310.59,4313.50,1120,23,1
1781574900,4313.49,4314.28,4311.63,4311.92,1037,23,1
1781575200,4311.92,4316.36,4311.88,4315.51,980,23,1
1781575500,4315.51,4316.41,4313.88,4314.27,1120,23,1
1781575800,4314.30,4316.12,4313.18,4313.37,1121,23,1
1781576100,4313.39,4314.88,4311.39,4312.73,1022,23,1
1781576400,4312.74,4314.50,4312.69,4313.90,1091,23,1
1781576700,4313.90,4315.61,4313.90,4315.53,875,23,1
1781577000,4315.53,4316.36,4314.73,4316.23,865,23,1
1781577300,4316.25,4319.20,4314.73,4315.17,1210,23,1
1781577600,4315.18,4318.58,4313.53,4318.29,1113,23,1
1781577900,4318.29,4318.52,4313.23,4317.31,1438,23,1
1781578200,4317.31,4319.06,4316.58,4318.54,1075,23,1
1781578500,4318.55,4318.93,4314.83,4315.61,1262,23,1
1781578800,4315.61,4318.26,4313.38,4315.59,2175,23,1
1781579100,4315.59,4317.19,4315.12,4316.68,1456,23,1
1781579400,4316.67,4317.30,4313.28,4313.47,1279,23,1
1781579700,4313.46,4315.71,4310.01,4311.56,1683,23,1
1781580000,4311.56,4312.11,4308.11,4308.93,1980,23,1
1781580300,4308.92,4310.28,4306.86,4308.24,1752,23,1
1781580600,4308.22,4311.53,4307.88,4310.74,2114,23,1
1781580900,4310.71,4313.63,4309.58,4311.97,1855,23,1
1781581200,4311.96,4312.11,4310.04,4310.98,1730,23,1
1781581500,4310.98,4312.80,4310.62,4312.21,1632,23,1
1781581800,4312.21,4313.94,4311.46,4313.42,1867,23,1
1781582100,4313.42,4320.74,4313.42,4319.17,1987,23,1
1781582400,4319.18,4325.87,4316.63,4322.18,2918,23,1
1781582700,4322.15,4322.15,4315.56,4318.82,2938,23,1
1781583000,4318.82,4323.06,4318.33,4319.78,2531,23,1
1781583300,4319.78,4321.54,4318.71,4319.12,2137,23,1
1781583600,4319.13,4321.94,4316.33,4319.08,2416,23,1
1781583900,4319.08,4323.98,4317.78,4319.31,2598,23,1
1781584200,4319.33,4320.35,4314.53,4315.51,2627,23,1
1781584500,4315.51,4318.73,4313.58,4317.63,2237,23,1
1781584800,4317.63,4318.42,4313.33,4314.92,2043,23,1
1781585100,4314.92,4319.33,4313.91,4317.64,1960,23,1
1781585400,4317.64,4317.65,4312.90,4313.97,1967,23,1
1781585700,4313.97,4314.10,4312.11,4313.50,2001,23,1
1781586000,4313.50,4314.06,4310.34,4310.36,1869,23,1
1781586300,4310.35,4312.41,4307.58,4311.41,2185,23,1
1781586600,4311.42,4311.78,4309.05,4309.59,1820,23,1
1781586900,4309.58,4311.79,4308.25,4310.72,1399,23,1
1781587200,4310.72,4311.91,4310.05,4310.22,1137,23,1
1781587500,4310.22,4312.95,4310.13,4312.66,913,23,1
1781587800,4312.65,4318.23,4312.57,4317.83,1958,23,1
1781588100,4317.83,4318.26,4313.33,4313.61,1778,23,1
1781588400,4313.63,4313.63,4309.64,4312.03,1753,23,1
1781588700,4312.03,4313.92,4311.21,4312.09,1493,23,1
1781589000,4312.08,4317.17,4311.59,4316.08,1838,23,1
1781589300,4316.08,4320.84,4315.05,4318.72,1871,23,1
1781589600,4318.74,4319.69,4317.20,4318.79,1692,23,1
1781589900,4318.76,4320.44,4317.26,4317.50,1603,23,1
1781590200,4317.51,4320.94,4317.50,4318.60,1549,23,1
1781590500,4318.60,4319.88,4315.45,4317.87,1565,23,1
1781590800,4317.81,4319.56,4316.21,4319.56,1650,23,1
1781591100,4319.56,4322.61,4319.53,4321.23,1657,23,1
1781591400,4321.22,4325.10,4319.82,4325.08,1671,23,1
1781591700,4325.07,4327.86,4324.49,4327.18,1605,23,1
1781592000,4327.17,4332.86,4326.94,4331.88,1555,23,1
1781592300,4331.88,4332.97,4330.12,4331.31,1398,23,1
1781592600,4331.31,4332.20,4328.98,4331.72,1428,23,1
1781592900,4331.72,4333.12,4330.04,4330.46,1359,23,1
1781593200,4330.46,4332.16,4329.20,4329.24,1321,23,1
1781593500,4329.24,4330.72,4328.23,4328.34,1240,23,1
1781593800,4328.36,4328.51,4325.65,4326.99,1356,23,1
1781594100,4326.99,4327.73,4324.62,4326.18,1272,23,1
1781594400,4326.19,4327.02,4324.68,4324.83,1163,23,1
1781594700,4324.83,4324.92,4322.13,4322.91,1127,23,1
1781595000,4322.91,4324.62,4321.79,4323.63,1502,23,1
1781595300,4323.63,4325.24,4322.57,4324.08,1403,23,1
1781595600,4324.08,4325.27,4323.13,4323.15,1186,23,1
1781595900,4323.16,4323.80,4321.90,4323.41,1308,23,1
1781596200,4323.41,4323.71,4321.23,4321.75,1332,23,1
1781596500,4321.76,4323.61,4321.66,4322.49,1123,23,1
1781596800,4322.50,4326.37,4322.21,4325.19,1650,23,1
1781597100,4325.20,4329.08,4324.45,4328.41,1507,23,1
1781597400,4328.41,4329.10,4325.94,4326.31,1181,23,1
1781597700,4326.31,4327.89,4325.85,4326.74,1019,23,1
1781598000,4326.75,4326.99,4325.04,4325.57,1226,23,1
1781598300,4325.56,4327.38,4324.57,4327.26,1175,23,1
1781598600,4327.24,4330.80,4320.81,4321.87,2743,23,1
1781598900,4321.86,4324.69,4316.85,4316.85,2333,23,1
1781599200,4316.88,4318.63,4316.00,4317.66,2286,23,1
1781599500,4317.67,4319.58,4316.30,4317.96,2190,23,1
1781599800,4317.97,4321.07,4317.97,4319.43,1967,23,1
1781600100,4319.41,4320.75,4314.34,4315.90,1953,23,1
1781600400,4315.90,4317.71,4313.50,4317.48,2165,23,1
1781600700,4317.45,4318.35,4314.68,4316.96,1819,23,1
1781601000,4316.97,4319.62,4315.95,4318.60,1903,23,1
1781601300,4318.59,4318.63,4315.39,4317.34,1747,23,1
1781601600,4317.33,4318.28,4314.34,4314.81,1849,23,1
1781601900,4314.83,4317.96,4314.46,4316.56,1718,23,1
1781602200,4316.59,4319.69,4314.09,4318.40,2021,23,1
1781602500,4318.41,4320.19,4317.14,4317.50,1996,23,1
1781602800,4317.50,4318.15,4315.54,4316.30,1756,23,1
1781603100,4316.30,4319.02,4316.06,4318.06,1921,23,1
1781603400,4318.05,4320.11,4317.01,4319.30,1756,23,1
1781603700,4319.30,4324.31,4319.07,4323.88,1855,23,1
1781604000,4323.88,4326.88,4322.58,4326.84,1707,23,1
1781604300,4326.84,4328.46,4325.70,4326.79,1658,23,1
1781604600,4326.79,4328.42,4325.65,4326.08,1579,23,1
1781604900,4326.09,4327.98,4325.62,4327.80,1683,23,1
1781605200,4327.81,4327.89,4324.26,4324.83,1632,23,1
1781605500,4324.82,4329.53,4324.18,4328.78,1765,23,1
1781605800,4328.78,4332.64,4328.14,4328.69,1994,23,1
1781606100,4328.69,4330.51,4326.15,4330.48,1798,23,1
1781606400,4330.47,4331.44,4327.33,4327.61,1667,23,1
1781606700,4327.62,4329.81,4326.51,4327.93,1702,23,1
1781607000,4327.93,4333.32,4327.85,4331.74,1681,23,1
1781607300,4331.72,4335.53,4331.67,4335.11,2050,23,1
1781607600,4335.11,4335.50,4332.77,4334.85,2054,23,1
1781607900,4334.85,4339.10,4333.91,4339.10,1872,23,1
1781608200,4339.10,4340.10,4336.87,4337.83,1795,23,1
1781608500,4337.86,4341.87,4337.60,4339.02,1793,23,1
1781608800,4339.03,4340.41,4337.88,4338.05,1708,23,1
1781609100,4338.04,4343.52,4338.04,4341.24,1895,23,1
1781609400,4341.24,4343.14,4339.63,4341.44,1787,23,1
1781609700,4341.45,4343.40,4339.13,4340.72,1626,23,1
1781610000,4340.73,4345.08,4339.99,4343.37,1626,23,1
1781610300,4343.37,4344.15,4341.87,4342.67,1677,23,1
1781610600,4342.68,4345.19,4340.84,4344.29,1774,23,1
1781610900,4344.29,4347.92,4343.89,4346.94,1429,23,1
1781611200,4346.94,4347.61,4344.09,4344.92,1664,23,1
1781611500,4344.92,4348.27,4344.02,4347.15,1767,23,1
1781611800,4347.17,4347.90,4345.44,4346.10,1528,23,1
1781612100,4346.10,4346.30,4342.58,4342.66,1649,23,1
1781612400,4342.66,4342.79,4340.00,4341.24,1555,23,1
1781612700,4341.24,4341.27,4338.39,4339.88,1501,23,1
1781613000,4339.88,4344.81,4339.37,4344.69,1738,23,1
1781613300,4344.68,4346.26,4343.91,4346.13,1403,23,1
1781613600,4346.14,4346.20,4341.77,4342.01,1479,23,1
1781613900,4342.02,4343.99,4340.26,4343.99,1521,23,1
1781614200,4344.02,4348.28,4344.02,4348.14,1245,23,1
1781614500,4348.15,4348.22,4345.11,4345.21,1366,23,1
1781614800,4345.21,4345.45,4343.08,4343.73,1546,23,1
1781615100,4343.73,4345.64,4343.64,4345.63,1204,23,1
1781615400,4345.63,4346.57,4344.16,4345.94,1177,23,1
1781615700,4345.94,4346.49,4344.23,4344.36,1061,23,1
1781616000,4344.36,4346.26,4343.66,4345.94,1277,23,1
1781616300,4345.95,4346.64,4344.06,4344.28,1253,23,1
1781616600,4344.28,4345.02,4342.87,4342.92,1282,23,1
1781616900,4342.92,4345.61,4342.20,4345.06,1348,23,1
1781617200,4345.06,4346.70,4344.60,4346.66,1244,23,1
1781617500,4346.65,4347.83,4346.47,4346.66,1285,23,1
1781617800,4346.66,4348.77,4346.61,4347.39,1309,23,1
1781618100,4347.40,4348.92,4346.66,4348.86,1388,23,1
1781618400,4348.86,4349.27,4344.18,4344.23,1772,23,1
1781618700,4344.23,4345.07,4339.99,4340.49,1720,23,1
1781619000,4340.47,4342.38,4339.53,4341.60,1732,23,1
1781619300,4341.60,4341.94,4338.71,4340.69,1600,23,1
1781619600,4340.69,4340.88,4338.62,4340.83,1433,23,1
1781619900,4340.83,4343.42,4340.13,4341.98,1556,23,1
1781620200,4341.98,4342.20,4338.16,4340.71,1725,23,1
1781620500,4340.61,4340.75,4335.08,4338.78,2152,23,1
1781620800,4338.77,4339.99,4337.78,4338.92,1844,23,1
1781621100,4338.92,4341.40,4336.83,4337.26,1626,23,1
1781621400,4337.29,4341.20,4336.81,4339.85,1580,23,1
1781621700,4339.85,4341.56,4337.46,4340.94,1701,23,1
1781622000,4340.93,4342.18,4338.67,4338.81,2047,23,1
1781622300,4338.79,4344.90,4338.16,4343.00,1969,23,1
1781622600,4343.00,4345.56,4342.12,4344.58,1616,23,1
1781622900,4344.58,4345.02,4340.25,4341.50,1650,23,1
1781623200,4341.46,4343.25,4337.35,4341.98,2273,23,1
1781623500,4341.98,4343.73,4339.24,4343.70,1824,23,1
1781623800,4343.71,4347.06,4341.58,4344.44,2249,23,1
1781624100,4344.53,4347.15,4342.80,4346.95,2074,23,1
1781624400,4346.95,4349.65,4345.41,4349.47,2201,23,1
1781624700,4349.47,4350.68,4348.52,4349.04,2022,23,1
1781625000,4349.03,4354.74,4348.81,4350.96,2320,23,1
1781625300,4350.96,4354.84,4350.96,4354.64,1857,23,1
1781625600,4354.64,4354.79,4347.14,4347.32,2827,23,1
1781625900,4347.29,4348.63,4343.21,4343.21,2471,23,1
1781626200,4343.23,4346.00,4342.12,4343.71,2467,23,1
1781626500,4343.71,4344.98,4339.48,4340.53,2481,23,1
1781626800,4340.47,4340.53,4333.21,4338.15,2642,23,1
1781627100,4338.15,4339.31,4334.11,4335.09,2486,23,1
1781627400,4335.09,4340.56,4333.69,4338.13,3145,23,1
1781627700,4338.12,4340.23,4336.43,4337.77,2989,23,1
1781628000,4337.80,4339.67,4335.12,4338.96,2896,23,1
1781628300,4338.91,4340.47,4334.27,4337.46,2824,23,1
1781628600,4337.46,4340.27,4334.73,4337.06,2736,23,1
1781628900,4337.05,4337.06,4331.60,4331.72,2794,23,1
1781629200,4331.74,4338.62,4331.49,4338.60,2877,23,1
1781629500,4338.61,4338.70,4333.18,4333.78,2534,23,1
1781629800,4333.78,4336.01,4332.39,4335.45,2485,23,1
1781630100,4335.48,4335.48,4322.49,4323.11,3127,23,1
1781630400,4323.11,4325.90,4321.47,4325.05,3042,23,1
1781630700,4325.05,4325.64,4317.61,4319.63,3204,23,1
1781631000,4319.63,4321.23,4313.23,4317.65,3404,23,1
1781631300,4317.65,4325.68,4317.64,4324.83,3021,23,1
1781631600,4324.82,4328.33,4323.66,4324.41,2809,23,1
1781631900,4324.37,4326.76,4323.03,4325.08,2798,23,1
1781632200,4325.09,4327.31,4323.57,4324.95,2688,23,1
1781632500,4324.95,4325.01,4321.58,4324.00,2878,23,1
1781632800,4323.99,4327.07,4322.34,4323.34,2712,23,1
1781633100,4323.34,4325.92,4322.68,4324.45,2618,23,1
1781633400,4324.44,4326.27,4323.14,4324.55,2326,23,1
1781633700,4324.56,4328.60,4323.83,4325.36,2277,23,1
1781634000,4325.36,4327.56,4321.13,4321.57,2461,23,1
1781634300,4321.53,4326.52,4321.25,4325.80,2479,23,1
1781634600,4325.79,4327.32,4324.01,4326.35,2363,23,1
1781634900,4326.32,4328.73,4322.97,4325.82,2700,23,1
1781635200,4325.83,4327.02,4323.52,4326.65,2327,23,1
1781635500,4326.63,4326.69,4322.09,4325.43,2619,23,1
1781635800,4325.43,4338.36,4324.66,4338.00,2874,23,1
1781636100,4337.99,4343.39,4335.20,4335.22,3113,23,1
1781636400,4335.24,4339.14,4334.88,4337.56,2587,23,1
1781636700,4337.55,4344.10,4337.47,4341.87,2548,23,1
1781637000,4341.88,4346.95,4341.09,4345.91,2401,23,1
1781637300,4345.91,4346.79,4343.46,4346.17,2325,23,1
1781637600,4346.17,4346.20,4341.77,4343.18,2155,23,1
1781637900,4343.18,4345.63,4342.40,4344.55,2088,23,1
1781638200,4344.54,4345.11,4340.51,4340.85,2195,23,1
1781638500,4340.85,4344.60,4340.11,4344.31,2212,23,1
1781638800,4344.33,4345.19,4343.42,4344.08,2100,23,1
1781639100,4344.08,4345.76,4343.55,4343.71,2155,23,1
1781639400,4343.70,4346.41,4341.48,4341.50,2166,23,1
1781639700,4341.52,4342.40,4340.03,4340.58,1929,23,1
1781640000,4340.58,4340.59,4338.13,4339.53,1961,23,1
1781640300,4339.54,4341.15,4338.76,4339.81,1755,23,1
1781640600,4339.81,4339.90,4334.21,4335.61,2076,23,1
1781640900,4335.61,4335.99,4330.57,4331.22,2079,23,1
1781641200,4331.23,4331.65,4325.35,4328.39,2607,23,1
1781641500,4328.37,4334.94,4327.97,4334.70,2512,23,1
1781641800,4334.70,4337.99,4334.18,4337.37,2187,23,1
1781642100,4337.36,4340.01,4336.09,4336.87,2184,23,1
1781642400,4336.87,4339.38,4336.38,4338.50,2081,23,1
1781642700,4338.51,4338.52,4335.95,4337.32,1796,23,1
1781643000,4337.31,4340.46,4336.79,4339.38,1783,23,1
1781643300,4339.38,4340.53,4338.85,4340.26,1832,23,1
1781643600,4340.27,4342.71,4339.65,4340.77,2015,23,1
1781643900,4340.77,4341.12,4339.13,4340.38,1801,23,1
1781644200,4340.38,4342.57,4340.38,4341.73,1901,23,1
1781644500,4341.73,4342.33,4339.44,4340.11,1923,23,1
1781644800,4340.11,4340.95,4339.06,4339.79,1965,23,1
1781645100,4339.81,4341.59,4339.23,4341.37,1832,23,1
1781645400,4341.37,4342.76,4339.99,4340.31,1786,23,1
1781645700,4340.32,4341.03,4338.55,4338.61,1844,23,1
1781646000,4338.60,4339.63,4338.33,4338.82,1656,23,1
1781646300,4338.82,4340.04,4336.51,4336.55,1469,23,1
1781646600,4336.55,4338.63,4336.16,4338.09,1485,23,1
1781646900,4338.08,4339.48,4337.49,4338.48,1558,23,1
1781647200,4338.48,4342.61,4337.81,4341.90,1976,23,1
1781647500,4341.91,4342.85,4340.78,4341.00,2035,23,1
1781647800,4341.00,4341.32,4339.00,4339.15,1958,23,1
1781648100,4339.14,4339.29,4336.51,4338.85,2146,23,1
1781648400,4338.86,4340.86,4338.36,4339.94,2070,23,1
1781648700,4339.94,4341.10,4339.51,4339.51,1985,23,1
1781649000,4339.51,4340.01,4338.70,4339.14,2067,23,1
1781649300,4339.15,4339.61,4337.48,4337.65,2208,23,1
1781649600,4337.65,4339.21,4336.90,4338.56,2064,23,1
1781649900,4338.55,4339.70,4337.21,4337.72,2035,23,1
1781650200,4337.70,4339.15,4333.47,4333.95,2389,23,1
1781650500,4333.95,4334.20,4330.56,4334.16,2844,23,1
1781650800,4334.07,4334.15,4331.03,4332.51,1618,23,1
1781651100,4332.62,4333.57,4331.83,4332.19,1112,23,1
1781651400,4332.21,4333.19,4331.12,4331.17,1334,23,1
1781651700,4331.17,4333.57,4330.93,4333.39,1111,23,1
1781652000,4333.38,4333.83,4332.38,4333.56,854,23,1
1781652300,4333.55,4334.11,4332.77,4332.79,698,23,1
1781652600,4332.79,4333.42,4331.44,4332.01,942,24,1
1781652900,4332.01,4334.30,4332.01,4334.24,724,28,1
1781653200,4334.25,4334.87,4332.72,4333.48,795,28,1
1781653500,4333.49,4333.49,4330.38,4331.83,945,28,1
1781653800,4331.83,4332.78,4330.59,4331.08,777,28,1
1781654100,4331.08,4331.43,4329.53,4330.91,502,28,1
1781658000,4332.97,4335.69,4330.62,4331.76,957,28,1
1781658300,4331.76,4332.95,4331.20,4332.34,512,28,1
1781658600,4332.34,4332.89,4332.22,4332.28,330,28,1
1781658900,4332.28,4333.07,4329.40,4331.14,724,28,1
1781659200,4331.13,4332.03,4329.05,4329.15,818,28,1
1781659500,4329.14,4331.48,4328.96,4330.14,953,28,1
1781659800,4330.14,4333.03,4330.13,4332.14,754,23,1
1781660100,4332.28,4333.16,4331.29,4332.59,658,23,1
1781660400,4332.60,4333.12,4331.95,4332.70,651,23,1
1781660700,4332.70,4334.37,4332.59,4333.26,520,23,1
1781661000,4333.26,4334.50,4332.14,4334.08,640,23,1
1781661300,4334.08,4336.14,4333.36,4335.42,683,23,1
1781661600,4335.44,4335.44,4334.20,4334.43,540,23,1
1781661900,4334.43,4336.48,4333.91,4335.76,723,23,1
1781662200,4335.76,4338.33,4335.51,4336.58,808,23,1
1781662500,4336.58,4336.92,4335.78,4335.92,358,23,1
1781662800,4335.90,4336.34,4335.75,4336.07,484,23,1
1781663100,4336.05,4336.72,4335.84,4336.07,481,23,1
1781663400,4336.10,4336.51,4334.24,4335.22,643,23,1
1781663700,4335.23,4335.94,4333.16,4333.59,692,23,1
1781664000,4333.59,4334.60,4332.99,4334.57,570,23,1
1781664300,4334.57,4335.03,4332.41,4333.37,893,23,1
1781664600,4333.37,4333.49,4330.87,4332.42,994,23,1
1781664900,4332.42,4332.42,4329.52,4330.88,1009,23,1
1781665200,4330.89,4335.40,4328.50,4334.42,1846,23,1
1781665500,4334.42,4339.01,4333.60,4338.12,1982,23,1
1781665800,4338.10,4340.01,4337.38,4337.63,1756,23,1
1781666100,4337.64,4341.73,4337.64,4339.65,1668,23,1
1781666400,4339.61,4340.06,4337.61,4338.12,1620,23,1
1781666700,4338.12,4338.98,4336.62,4337.31,1316,23,1
1781667000,4337.32,4338.69,4336.39,4338.04,1280,23,1
1781667300,4338.01,4338.90,4334.93,4335.00,1139,23,1
1781667600,4334.99,4336.73,4334.76,4335.36,1079,23,1
1781667900,4335.37,4335.47,4332.21,4333.90,1353,23,1
1781668200,4333.84,4337.85,4332.96,4335.32,1577,23,1
1781668500,4335.35,4337.35,4335.00,4337.08,1489,23,1
1781668800,4337.08,4343.57,4334.38,4341.86,3010,23,1
1781669100,4341.84,4349.64,4340.80,4347.68,2620,23,1
1781669400,4347.68,4349.57,4346.34,4347.64,2196,23,1
1781669700,4347.64,4347.86,4341.65,4342.79,2245,23,1
1781670000,4342.79,4342.79,4339.22,4340.94,2205,23,1
1781670300,4340.94,4343.55,4339.78,4343.40,1856,23,1
1781670600,4343.40,4344.20,4338.23,4339.21,2103,23,1
1781670900,4339.21,4341.55,4338.76,4340.42,1836,23,1
1781671200,4340.45,4341.72,4337.89,4339.55,1704,23,1
1781671500,4339.55,4340.56,4336.92,4337.27,1770,23,1
1781671800,4337.28,4340.77,4337.27,4339.73,1626,23,1
1781672100,4339.73,4343.63,4339.73,4340.88,1700,23,1
1781672400,4340.88,4342.70,4340.17,4340.84,1702,23,1
1781672700,4340.83,4342.68,4339.94,4341.78,1474,23,1
1781673000,4341.78,4344.17,4340.58,4342.21,1622,23,1
1781673300,4342.17,4344.39,4341.23,4342.42,1177,23,1
1781673600,4342.42,4344.00,4339.83,4340.75,1268,23,1
1781673900,4340.75,4341.45,4339.65,4340.59,975,23,1
1781674200,4340.59,4343.77,4339.86,4340.33,1786,23,1
1781674500,4340.33,4341.24,4337.73,4339.28,1769,23,1
1781674800,4339.27,4341.06,4338.58,4338.80,1593,23,1
1781675100,4338.79,4338.88,4331.80,4334.63,2084,23,1
1781675400,4334.63,4336.02,4329.76,4330.03,1785,23,1
1781675700,4330.03,4333.84,4330.02,4331.62,1815,23,1
1781676000,4331.61,4334.05,4330.77,4331.60,1677,23,1
1781676300,4331.64,4334.08,4330.66,4332.65,1565,23,1
1781676600,4332.62,4332.70,4329.44,4330.45,1432,23,1
1781676900,4330.45,4331.89,4328.63,4331.29,1693,23,1
1781677200,4331.27,4332.02,4329.47,4330.14,1563,23,1
1781677500,4330.14,4332.36,4329.15,4331.59,1680,23,1
1781677800,4331.63,4332.82,4331.33,4332.59,1220,23,1
1781678100,4332.58,4333.07,4330.23,4330.67,1045,23,1
1781678400,4330.67,4333.47,4330.55,4333.20,1195,23,1
1781678700,4333.21,4333.52,4332.50,4332.80,944,23,1
1781679000,4332.82,4333.75,4331.48,4332.81,1082,23,1
1781679300,4332.80,4332.89,4330.56,4332.23,1106,23,1
1781679600,4332.24,4332.29,4328.56,4330.06,1297,23,1
1781679900,4330.02,4331.38,4329.24,4330.85,1115,23,1
1781680200,4330.85,4332.11,4330.25,4330.74,942,23,1
1781680500,4330.75,4334.11,4329.62,4332.02,1259,23,1
1781680800,4332.03,4332.09,4327.77,4329.44,1106,23,1
1781681100,4329.43,4329.46,4324.11,4324.55,1381,23,1
1781681400,4324.55,4325.65,4317.67,4318.04,1509,23,1
1781681700,4318.06,4325.24,4318.03,4323.71,1408,23,1
1781682000,4323.71,4324.32,4321.72,4323.10,1071,23,1
1781682300,4323.10,4323.94,4322.50,4323.35,1059,23,1
1781682600,4323.35,4325.55,4322.36,4325.35,1100,23,1
1781682900,4325.34,4326.74,4323.96,4326.74,917,23,1
1781683200,4326.74,4327.80,4325.28,4325.61,1232,23,1
1781683500,4325.61,4327.09,4324.08,4324.54,1134,23,1
1781683800,4324.53,4324.58,4321.36,4322.54,1142,23,1
1781684100,4322.50,4327.40,4321.14,4326.09,1458,23,1
1781684400,4326.08,4326.60,4324.81,4324.88,1170,23,1
1781684700,4324.89,4327.52,4324.35,4327.26,1325,23,1
1781685000,4327.26,4333.17,4327.18,4329.88,2256,23,1
1781685300,4329.87,4330.10,4327.39,4328.45,1645,23,1
1781685600,4328.44,4330.09,4326.91,4329.75,1794,23,1
1781685900,4329.69,4334.12,4329.11,4331.80,1873,23,1
1781686200,4331.81,4332.91,4330.11,4330.11,1647,23,1
1781686500,4330.11,4330.42,4324.44,4326.53,1839,23,1
1781686800,4326.58,4327.98,4324.48,4327.90,1971,23,1
1781687100,4327.91,4330.00,4327.26,4327.61,1746,23,1
1781687400,4327.61,4329.91,4326.72,4329.46,1631,23,1
1781687700,4329.48,4329.48,4323.32,4323.82,2055,23,1
1781688000,4323.82,4325.63,4320.47,4324.10,1848,23,1
1781688300,4324.09,4327.25,4322.60,4324.37,1874,23,1
1781688600,4324.35,4326.33,4322.48,4326.11,1932,23,1
1781688900,4326.10,4326.77,4323.81,4325.87,1726,23,1
1781689200,4325.88,4329.12,4325.40,4327.68,1747,23,1
1781689500,4327.68,4329.58,4326.66,4329.26,1483,23,1
1781689800,4329.25,4330.25,4327.82,4329.36,1447,23,1
1781690100,4329.37,4331.78,4328.53,4331.69,1443,23,1
1781690400,4331.69,4332.85,4330.07,4330.59,1758,23,1
1781690700,4330.59,4332.50,4328.87,4330.65,1549,23,1
1781691000,4330.66,4331.99,4326.99,4327.19,1757,23,1
1781691300,4327.18,4332.74,4326.63,4327.36,1751,23,1
1781691600,4327.43,4330.12,4327.17,4329.01,1575,23,1
1781691900,4328.98,4329.11,4327.08,4329.09,1549,23,1
1781692200,4329.09,4330.08,4325.65,4325.66,1630,23,1
1781692500,4325.68,4331.35,4325.40,4330.99,1338,23,1
1781692800,4330.97,4331.72,4328.55,4328.88,1411,23,1
1781693100,4328.89,4329.45,4326.44,4326.44,1282,23,1
1781693400,4326.45,4328.57,4325.25,4325.26,1439,23,1
1781693700,4325.26,4328.25,4324.67,4325.21,1460,23,1
1781694000,4325.20,4326.82,4323.88,4326.00,1957,23,1
1781694300,4326.00,4327.82,4325.23,4327.10,1737,23,1
1781694600,4327.10,4327.10,4322.15,4322.85,2143,23,1
1781694900,4322.85,4323.61,4319.77,4322.98,2072,23,1
1781695200,4322.97,4324.08,4320.83,4323.98,1803,23,1
1781695500,4323.99,4324.85,4322.21,4323.60,1900,23,1
1781695800,4323.62,4324.33,4319.92,4323.77,1768,23,1
1781696100,4323.76,4324.15,4320.17,4320.19,1493,23,1
1781696400,4320.19,4321.81,4319.13,4320.03,1727,23,1
1781696700,4320.01,4320.30,4317.68,4319.38,1637,23,1
1781697000,4319.37,4324.91,4318.42,4324.53,1614,23,1
1781697300,4324.53,4325.46,4323.26,4324.74,1362,23,1
1781697600,4324.73,4324.92,4321.29,4323.49,1343,23,1
1781697900,4323.48,4324.21,4321.79,4321.93,1418,23,1
1781698200,4321.93,4325.83,4321.44,4325.25,1530,23,1
1781698500,4325.27,4327.61,4325.23,4326.72,1627,23,1
1781698800,4326.72,4328.23,4325.74,4327.22,1457,23,1
1781699100,4327.22,4333.23,4327.21,4331.88,1863,23,1
1781699400,4331.88,4335.57,4328.31,4329.49,1857,23,1
1781699700,4329.48,4331.17,4328.83,4329.02,1337,23,1
1781700000,4329.00,4330.83,4328.25,4328.49,1369,23,1
1781700300,4328.48,4329.00,4326.62,4327.01,1300,23,1
1781700600,4327.01,4328.03,4325.63,4327.00,1273,23,1
1781700900,4326.89,4329.67,4326.50,4329.50,1419,23,1
1781701200,4329.51,4330.09,4328.08,4328.69,1457,23,1
1781701500,4328.71,4330.20,4327.82,4329.41,1632,23,1
1781701800,4329.40,4331.04,4327.68,4330.83,1524,23,1
1781702100,4330.83,4330.96,4327.90,4328.04,1395,23,1
1781702400,4328.06,4328.75,4327.15,4328.50,1350,23,1
1781702700,4328.50,4329.22,4326.64,4328.99,1362,23,1
1781703000,4329.01,4330.47,4327.16,4327.59,1323,23,1
1781703300,4327.59,4330.52,4327.27,4329.60,1342,23,1
1781703600,4329.61,4331.22,4328.18,4330.88,1306,23,1
1781703900,4330.88,4334.26,4330.83,4332.47,1599,23,1
1781704200,4332.48,4335.15,4331.06,4331.17,1563,23,1
1781704500,4331.17,4333.07,4330.76,4331.39,1326,23,1
1781704800,4331.39,4331.92,4328.26,4328.37,1827,23,1
1781705100,4328.33,4330.84,4327.82,4328.36,1654,23,1
1781705400,4328.36,4329.99,4327.85,4329.10,1673,23,1
1781705700,4329.11,4331.75,4328.47,4330.30,1384,23,1
1781706000,4330.30,4330.41,4328.91,4329.02,1490,23,1
1781706300,4329.02,4330.07,4328.02,4328.81,1591,23,1
1781706600,4328.79,4328.98,4325.69,4325.69,1887,23,1
1781706900,4325.60,4326.89,4325.04,4326.66,1514,23,1
1781707200,4326.67,4327.23,4324.37,4325.91,1476,23,1
1781707500,4325.89,4327.15,4323.72,4325.18,1505,23,1
1781707800,4325.20,4326.40,4323.78,4326.29,1425,23,1
1781708100,4326.29,4326.30,4320.93,4323.10,1941,23,1
1781708400,4323.11,4324.83,4321.44,4321.93,1780,23,1
1781708700,4321.93,4324.61,4320.30,4322.76,1797,23,1
1781709000,4322.93,4324.92,4319.80,4323.45,1817,23,1
1781709300,4323.47,4324.27,4321.78,4323.60,1495,23,1
1781709600,4323.62,4327.67,4323.02,4326.89,1786,23,1
1781709900,4326.83,4327.21,4324.05,4324.99,1490,23,1
1781710200,4324.87,4330.53,4323.63,4328.98,2059,23,1
1781710500,4328.98,4332.11,4328.18,4330.56,1728,23,1
1781710800,4330.56,4331.98,4329.63,4331.62,1595,23,1
1781711100,4331.62,4334.82,4331.09,4333.46,1822,23,1
1781711400,4333.46,4335.33,4332.23,4332.39,1446,23,1
1781711700,4332.40,4335.24,4332.17,4333.62,1531,23,1
1781712000,4333.60,4334.35,4328.47,4329.62,2368,23,1
1781712300,4329.58,4330.75,4324.04,4327.55,2493,23,1
1781712600,4327.51,4334.18,4327.34,4331.86,2240,23,1
1781712900,4331.87,4333.66,4330.91,4331.97,1851,23,1
1781713200,4331.97,4338.30,4331.22,4336.29,2181,23,1
1781713500,4336.30,4336.98,4333.79,4335.43,2263,23,1
1781713800,4335.40,4337.44,4332.59,4334.96,2926,23,1
1781714100,4335.00,4340.76,4333.99,4337.71,2894,23,1
1781714400,4337.67,4341.85,4336.86,4341.75,2750,23,1
1781714700,4341.76,4344.32,4340.38,4341.82,2726,23,1
1781715000,4341.77,4345.21,4339.61,4340.37,2652,23,1
1781715300,4340.41,4342.62,4339.32,4339.87,2484,23,1
1781715600,4339.88,4341.17,4335.69,4340.55,2900,23,1
1781715900,4340.55,4346.00,4339.68,4342.59,2820,23,1
1781716200,4342.59,4344.38,4340.08,4342.37,2759,23,1
1781716500,4342.36,4343.49,4341.08,4341.62,2524,23,1
1781716800,4341.63,4362.15,4341.06,4358.22,2775,23,1
1781717100,4358.24,4360.72,4355.26,4360.33,3259,23,1
1781717400,4360.32,4363.87,4358.05,4360.62,3034,23,1
1781717700,4360.61,4361.16,4350.57,4352.09,2879,23,1
1781718000,4352.08,4353.38,4347.34,4351.93,2777,23,1
1781718300,4351.93,4355.32,4332.54,4345.84,3416,23,1
1781718600,4345.87,4352.06,4344.00,4346.89,3316,23,1
1781718900,4346.92,4348.29,4343.43,4344.45,3121,23,1
1781719200,4344.46,4348.33,4343.92,4347.01,3062,23,1
1781719500,4347.02,4348.40,4343.96,4345.07,2936,23,1
1781719800,4344.97,4348.39,4343.88,4348.07,2628,23,1
1781720100,4348.06,4354.32,4346.91,4353.75,3015,23,1
1781720400,4353.77,4359.50,4353.24,4358.97,2691,23,1
1781720700,4358.97,4360.01,4354.41,4355.42,2670,23,1
1781721000,4355.46,4361.13,4354.52,4358.90,2492,23,1
1781721300,4358.90,4359.87,4356.33,4359.64,2193,23,1
1781721600,4359.64,4359.64,4355.95,4358.23,2069,23,1
1781721900,4358.22,4360.06,4357.89,4358.88,2155,23,1
1781722200,4358.89,4360.45,4357.36,4358.84,1989,23,1
1781722500,4358.85,4364.77,4358.81,4363.50,2295,23,1
1781722800,4363.51,4365.69,4362.40,4362.97,2343,23,1
1781723100,4362.91,4364.18,4361.85,4362.60,2146,23,1
1781723400,4362.60,4362.94,4360.64,4362.19,1745,23,1
1781723700,4362.21,4365.37,4360.64,4365.34,1813,23,1
1781724000,4365.33,4366.43,4363.38,4365.26,1834,23,1
1781724300,4365.26,4365.71,4363.71,4365.17,1761,23,1
1781724600,4365.25,4365.25,4361.51,4361.65,1850,23,1
1781724900,4361.67,4361.88,4359.18,4359.58,1820,23,1
1781725200,4359.58,4359.78,4355.12,4357.63,1966,23,1
1781725500,4357.63,4358.46,4356.19,4356.68,1746,23,1
1781725800,4356.68,4358.51,4356.16,4357.25,1553,23,1
1781726100,4357.25,4359.60,4356.76,4359.48,1640,23,1
1781726400,4359.49,4359.55,4355.40,4356.46,2071,23,1
1781726700,4356.41,4359.70,4356.00,4359.35,1960,23,1
1781727000,4359.35,4361.10,4357.45,4358.96,1797,23,1
1781727300,4358.95,4362.95,4357.89,4362.17,1961,23,1
1781727600,4362.17,4363.36,4361.05,4362.11,2145,23,1
1781727900,4362.11,4363.98,4360.37,4361.24,2289,23,1
1781728200,4361.24,4382.27,4360.84,4377.74,2432,23,1
1781728500,4377.74,4378.31,4370.40,4374.43,2617,23,1
1781728800,4374.44,4381.87,4374.37,4376.40,2750,23,1
1781729100,4376.42,4378.71,4374.15,4376.23,2208,23,1
1781729400,4376.23,4382.15,4375.17,4378.10,2405,23,1
1781729700,4378.09,4381.47,4376.98,4379.93,1950,23,1
1781730000,4379.83,4379.83,4316.48,4316.71,4392,23,1
1781730300,4316.48,4319.00,4285.92,4294.96,4422,23,1
1781730600,4294.98,4297.69,4277.27,4284.20,4283,23,1
1781730900,4284.25,4308.33,4283.23,4306.59,4062,23,1
1781731200,4306.58,4308.16,4291.18,4292.55,3869,23,1
1781731500,4292.53,4294.35,4284.95,4292.61,4048,23,1
1781731800,4292.60,4313.04,4269.85,4270.80,4396,23,1
1781732100,4270.94,4311.58,4270.78,4302.48,4416,23,1
1781732400,4302.59,4327.01,4296.53,4323.64,4323,23,1
1781732700,4323.64,4332.21,4314.53,4318.94,4205,23,1
1781733000,4318.87,4324.63,4310.47,4311.00,4033,23,1
1781733300,4310.96,4311.55,4278.68,4286.11,4265,23,1
1781733600,4286.21,4295.31,4271.48,4271.50,4325,23,1
1781733900,4271.51,4279.02,4263.90,4268.74,4236,23,1
1781734200,4268.71,4274.55,4260.54,4264.69,4293,23,1
1781734500,4264.70,4265.28,4241.12,4243.96,4062,23,1
1781734800,4243.95,4246.11,4236.27,4236.27,3984,23,1
1781735100,4236.28,4245.00,4226.53,4227.20,3931,23,1
1781735400,4227.10,4235.62,4220.72,4226.99,4158,23,1
1781735700,4226.91,4231.47,4219.08,4221.73,3995,23,1
1781736000,4221.77,4235.65,4219.06,4229.97,4144,23,1
1781736300,4230.42,4243.27,4229.75,4238.66,4075,23,1
1781736600,4238.65,4246.89,4235.01,4238.26,3948,23,1
1781736900,4238.12,4243.65,4235.25,4235.72,3727,23,1
1781737200,4235.70,4245.85,4235.07,4240.28,3083,23,1
1781737500,4240.47,4254.48,4240.47,4254.15,2864,23,1
1781737800,4254.14,4260.07,4252.95,4257.54,2816,23,1
1781738100,4257.53,4267.46,4254.12,4267.31,2721,23,1
1781738400,4267.30,4269.66,4258.61,4259.80,2780,23,1
1781738700,4259.79,4263.26,4258.11,4258.16,2264,23,1
1781739000,4258.15,4263.08,4258.14,4259.92,2087,23,1
1781739300,4259.93,4265.43,4258.88,4264.15,2039,28,1
1781739600,4264.14,4264.74,4259.55,4260.00,1839,28,1
1781739900,4260.01,4262.34,4258.43,4258.52,1623,28,1
1781740200,4258.52,4260.22,4256.08,4258.10,1615,28,1
1781740500,4258.04,4258.64,4256.30,4257.41,829,28,1
1781744400,4257.54,4259.02,4254.52,4258.18,1559,28,1
1781744700,4258.19,4268.07,4258.18,4266.65,1734,28,1
1781745000,4266.65,4267.86,4261.63,4265.50,1681,28,1
1781745300,4265.61,4269.68,4264.79,4268.33,1464,28,1
1781745600,4268.33,4271.36,4267.81,4269.01,1466,28,1
1781745900,4269.02,4270.05,4265.06,4266.93,1522,28,1
1781746200,4266.94,4268.80,4265.33,4265.69,1280,23,1
1781746500,4265.70,4267.45,4263.48,4266.96,1437,23,1
1781746800,4266.97,4267.34,4263.85,4263.99,806,23,1
1781747100,4264.00,4265.29,4260.55,4264.08,1194,23,1
1781747400,4264.10,4268.55,4263.65,4267.78,1457,23,1
1781747700,4267.78,4270.85,4266.43,4266.77,1352,23,1
1781748000,4266.76,4267.14,4264.21,4264.88,1213,23,1
1781748300,4264.88,4274.13,4264.54,4273.98,1382,23,1
1781748600,4273.98,4282.39,4273.43,4281.81,1781,23,1
1781748900,4281.84,4282.94,4275.55,4276.63,1960,23,1
1781749200,4276.63,4283.56,4276.60,4278.26,1641,23,1
1781749500,4278.26,4283.89,4277.51,4280.03,1592,23,1
1781749800,4280.03,4282.69,4277.82,4280.58,1812,23,1
1781750100,4280.58,4280.84,4274.58,4274.69,1350,23,1
1781750400,4274.70,4276.38,4268.02,4276.17,1940,23,1
1781750700,4276.14,4279.43,4273.29,4273.70,1962,23,1
1781751000,4273.70,4276.99,4272.37,4275.86,1627,23,1
1781751300,4275.83,4278.20,4273.38,4277.97,1676,23,1
1781751600,4277.99,4292.39,4276.55,4292.21,2814,23,1
1781751900,4292.21,4298.54,4291.63,4293.11,2675,23,1
1781752200,4293.14,4299.20,4292.20,4297.43,2567,23,1
1781752500,4297.43,4300.33,4295.89,4296.52,2460,23,1
1781752800,4296.56,4301.21,4295.74,4296.61,2344,23,1
1781753100,4296.61,4301.12,4294.69,4300.59,2383,23,1
1781753400,4300.57,4309.04,4299.79,4306.67,2645,23,1
1781753700,4306.67,4309.61,4303.12,4305.52,2145,23,1
1781754000,4305.52,4311.62,4304.54,4310.96,2023,23,1
1781754300,4310.96,4314.06,4308.22,4313.74,2253,23,1
1781754600,4313.74,4315.27,4311.55,4314.39,2326,23,1
1781754900,4314.38,4314.59,4308.51,4308.51,2390,23,1
1781755200,4308.50,4328.19,4307.04,4321.53,3670,23,1
1781755500,4321.52,4324.97,4319.11,4321.44,2910,23,1
1781755800,4321.41,4328.52,4320.75,4322.99,2809,23,1
1781756100,4323.00,4323.58,4315.64,4317.49,2438,23,1
1781756400,4317.46,4323.41,4315.19,4319.62,2408,23,1
1781756700,4319.63,4321.69,4317.90,4319.08,2208,23,1
1781757000,4319.12,4321.49,4317.04,4317.92,2553,23,1
1781757300,4317.91,4322.04,4317.17,4320.11,2328,23,1
1781757600,4320.15,4325.13,4318.02,4322.51,2282,23,1
1781757900,4322.50,4326.09,4319.66,4321.23,2153,23,1
1781758200,4321.24,4321.58,4317.24,4318.65,2129,23,1
1781758500,4318.64,4319.98,4317.63,4317.81,2067,23,1
1781758800,4317.80,4322.16,4316.37,4321.93,2088,23,1
1781759100,4321.92,4326.51,4319.16,4325.29,2199,23,1
1781759400,4325.23,4329.82,4324.77,4327.08,2073,23,1
1781759700,4327.08,4329.66,4326.04,4326.50,1697,23,1
1781760000,4326.50,4327.19,4324.49,4325.56,1594,23,1
1781760300,4325.56,4326.02,4323.42,4324.38,1461,23,1
1781760600,4324.38,4325.40,4320.90,4323.03,2315,23,1
1781760900,4323.01,4323.42,4317.38,4321.50,2276,23,1
1781761200,4321.51,4323.19,4316.22,4316.46,2356,23,1
1781761500,4316.46,4318.85,4311.99,4313.18,2373,23,1
1781761800,4313.17,4315.75,4311.56,4313.79,2092,23,1
1781762100,4313.79,4315.03,4310.43,4310.94,2169,23,1
1781762400,4310.94,4312.39,4309.10,4312.16,2325,23,1
1781762700,4312.16,4316.36,4311.73,4312.74,1976,23,1
1781763000,4312.76,4313.40,4309.90,4311.65,1655,23,1
1781763300,4311.65,4315.34,4310.72,4314.93,1896,23,1
1781763600,4314.93,4316.81,4313.33,4316.04,1867,23,1
1781763900,4316.01,4316.58,4312.82,4314.68,1914,23,1
1781764200,4314.68,4320.60,4313.71,4319.51,1732,23,1
1781764500,4319.60,4322.59,4318.25,4320.77,1592,23,1
1781764800,4320.76,4321.91,4318.01,4318.95,1389,23,1
1781765100,4318.96,4320.79,4318.05,4318.17,1098,23,1
1781765400,4318.16,4319.44,4316.73,4318.38,1217,23,1
1781765700,4318.38,4320.37,4317.48,4319.68,1185,23,1
1781766000,4319.69,4323.97,4319.24,4320.62,1344,23,1
1781766300,4320.63,4320.88,4316.33,4317.01,1272,23,1
1781766600,4317.01,4318.38,4314.70,4317.33,1247,23,1
1781766900,4317.37,4319.02,4315.36,4315.36,1230,23,1
1781767200,4315.38,4315.45,4311.64,4313.32,1439,23,1
1781767500,4313.32,4314.94,4312.17,4313.66,1263,23,1
1781767800,4313.66,4317.43,4312.83,4316.50,1300,23,1
1781768100,4316.50,4318.28,4312.29,4312.59,1595,23,1
1781768400,4312.59,4313.73,4309.88,4309.94,1599,23,1
1781768700,4310.01,4315.22,4309.77,4314.79,1721,23,1
1781769000,4314.79,4316.24,4313.67,4315.53,1418,23,1
1781769300,4315.52,4317.26,4315.03,4315.99,1322,23,1
1781769600,4315.80,4317.17,4312.31,4315.03,1692,23,1
1781769900,4315.03,4318.19,4314.39,4317.64,1517,23,1
1781770200,4317.64,4318.27,4314.88,4315.97,1478,23,1
1781770500,4315.97,4322.59,4315.62,4321.37,1565,23,1
1781770800,4321.36,4321.63,4318.94,4319.16,1481,23,1
1781771100,4319.17,4323.24,4318.78,4323.16,1606,23,1
1781771400,4323.15,4324.65,4319.27,4322.59,2445,23,1
1781771700,4322.60,4323.96,4316.55,4316.58,2089,23,1
1781772000,4316.57,4318.14,4309.57,4310.49,2272,23,1
1781772300,4310.46,4311.67,4302.27,4302.98,2921,23,1
1781772600,4302.99,4310.09,4301.23,4307.97,2568,23,1
1781772900,4307.99,4309.98,4307.04,4308.06,2293,23,1
1781773200,4308.06,4309.87,4306.37,4307.15,2464,23,1
1781773500,4307.08,4307.22,4296.59,4301.19,2714,23,1
1781773800,4301.19,4301.21,4296.23,4298.91,2791,23,1
1781774100,4298.90,4302.21,4296.44,4298.72,2459,23,1
1781774400,4298.71,4305.36,4298.51,4303.37,2461,23,1
1781774700,4303.37,4305.06,4300.13,4305.04,2227,23,1
1781775000,4305.02,4305.38,4302.85,4303.69,2161,23,1
1781775300,4303.68,4303.70,4299.35,4301.03,2109,23,1
1781775600,4301.04,4302.32,4299.14,4301.47,1993,23,1
1781775900,4301.47,4307.49,4301.16,4304.34,2177,23,1
1781776200,4304.33,4305.56,4303.13,4305.54,2121,23,1
1781776500,4305.54,4307.08,4303.77,4306.53,2161,23,1
1781776800,4306.52,4307.58,4302.98,4304.02,2462,23,1
1781777100,4304.02,4305.66,4300.30,4305.00,2105,23,1
1781777400,4305.00,4309.14,4304.25,4307.10,1953,23,1
1781777700,4307.10,4309.42,4305.85,4307.35,1944,23,1
1781778000,4307.35,4309.09,4304.60,4304.61,1924,23,1
1781778300,4304.60,4307.80,4303.94,4307.72,1699,23,1
1781778600,4307.70,4307.70,4295.81,4298.50,2129,23,1
1781778900,4298.48,4299.28,4293.75,4294.38,2173,23,1
1781779200,4294.39,4298.00,4293.27,4297.66,1977,23,1
1781779500,4297.66,4298.74,4295.03,4295.54,1962,23,1
1781779800,4295.51,4296.37,4291.29,4291.91,2005,23,1
1781780100,4292.00,4293.55,4287.43,4288.63,2080,23,1
1781780400,4288.61,4292.03,4285.59,4290.42,2330,23,1
1781780700,4290.43,4292.80,4288.73,4291.26,2247,23,1
1781781000,4291.26,4292.08,4284.08,4287.03,2067,23,1
1781781300,4287.05,4289.99,4285.93,4288.20,2058,23,1
1781781600,4288.19,4289.06,4285.92,4286.87,1657,23,1
1781781900,4286.90,4288.44,4284.00,4284.76,1934,23,1
1781782200,4284.80,4289.75,4283.38,4285.49,2041,23,1
1781782500,4285.49,4288.17,4281.15,4285.38,1964,23,1
1781782800,4285.38,4286.04,4281.10,4281.62,1957,23,1
1781783100,4281.64,4281.71,4277.32,4279.21,2264,23,1
1781783400,4279.21,4279.28,4273.96,4277.35,2148,23,1
1781783700,4277.36,4277.36,4265.56,4266.69,2602,23,1
1781784000,4266.67,4269.36,4261.35,4268.85,2708,23,1
1781784300,4268.84,4269.10,4265.35,4266.09,2060,23,1
1781784600,4266.07,4267.71,4259.60,4267.71,2269,23,1
1781784900,4267.71,4272.56,4266.19,4272.24,1984,23,1
1781785200,4272.26,4273.16,4267.15,4267.38,1922,23,1
1781785500,4267.37,4269.86,4265.41,4266.29,1913,23,1
1781785800,4266.29,4268.26,4264.73,4265.47,2257,23,1
1781786100,4265.47,4268.98,4263.40,4267.33,1973,23,1
1781786400,4267.30,4268.55,4265.90,4268.51,1895,23,1
1781786700,4268.50,4269.90,4267.28,4269.12,1637,23,1
1781787000,4269.13,4273.27,4268.42,4270.37,1979,23,1
1781787300,4270.39,4271.62,4267.73,4268.68,1967,23,1
1781787600,4268.62,4269.96,4265.35,4268.13,2113,23,1
1781787900,4268.13,4269.45,4262.63,4264.32,2250,23,1
1781788200,4264.31,4268.80,4261.87,4268.07,2159,23,1
1781788500,4268.08,4270.24,4267.22,4269.78,1848,23,1
1781788800,4269.79,4272.74,4263.78,4265.92,2142,23,1
1781789100,4265.88,4269.68,4263.65,4269.42,1681,23,1
1781789400,4269.45,4270.83,4264.84,4265.82,1784,23,1
1781789700,4265.83,4267.15,4264.18,4266.90,1673,23,1
1781790000,4266.91,4267.46,4263.65,4264.27,1744,23,1
1781790300,4264.28,4266.55,4262.16,4262.45,1873,23,1
1781790600,4262.46,4262.96,4259.00,4261.21,2077,23,1
1781790900,4261.18,4261.40,4254.86,4255.48,2016,23,1
1781791200,4255.50,4255.75,4249.85,4251.47,2404,23,1
1781791500,4251.47,4252.85,4246.77,4247.98,2550,23,1
1781791800,4247.98,4248.46,4240.64,4247.39,2867,23,1
1781792100,4247.38,4249.44,4243.75,4245.00,2389,23,1
1781792400,4245.01,4248.68,4243.66,4247.81,2285,23,1
1781792700,4247.80,4249.70,4245.50,4249.01,2241,23,1
1781793000,4249.12,4249.12,4247.02,4248.16,2102,23,1
1781793300,4248.16,4250.17,4242.28,4242.82,2393,23,1
1781793600,4242.80,4245.56,4241.94,4243.40,2397,23,1
1781793900,4243.44,4245.48,4241.08,4241.19,2115,23,1
1781794200,4241.34,4245.94,4239.95,4242.28,2540,23,1
1781794500,4242.25,4243.02,4240.25,4241.98,2076,23,1
1781794800,4241.97,4245.24,4241.38,4243.04,2681,23,1
1781795100,4243.05,4244.72,4240.44,4244.12,2335,23,1
1781795400,4244.10,4258.05,4243.11,4256.34,2672,23,1
1781795700,4256.31,4260.40,4255.03,4260.01,2410,23,1
1781796000,4260.01,4269.15,4259.78,4263.31,2887,23,1
1781796300,4263.30,4265.41,4254.19,4255.11,2509,23,1
1781796600,4255.19,4258.49,4249.25,4250.19,2870,23,1
1781796900,4250.20,4252.25,4241.87,4242.58,2755,23,1
1781797200,4242.54,4251.63,4241.22,4243.14,2862,23,1
1781797500,4243.11,4247.76,4242.85,4244.58,2644,23,1
1781797800,4244.56,4245.72,4241.06,4244.05,2602,23,1
1781798100,4244.05,4248.02,4241.40,4246.62,2566,23,1
1781798400,4246.62,4249.41,4245.02,4246.88,2635,23,1
1781798700,4246.89,4253.73,4245.67,4251.81,2664,23,1
1781799000,4251.82,4259.35,4251.62,4259.28,2416,23,1
1781799300,4259.26,4261.88,4258.00,4258.54,2378,23,1
1781799600,4258.54,4258.84,4252.79,4257.48,2362,23,1
1781799900,4257.54,4263.31,4257.54,4263.21,2635,23,1
1781800200,4263.19,4276.68,4263.06,4272.39,3618,23,1
1781800500,4272.39,4273.95,4268.71,4272.22,3507,23,1
1781800800,4272.17,4272.27,4263.48,4264.41,3226,23,1
1781801100,4264.32,4265.36,4252.99,4260.01,3282,23,1
1781801400,4260.00,4263.39,4256.49,4260.97,3410,23,1
1781801700,4261.08,4261.37,4250.58,4256.59,3367,23,1
1781802000,4256.63,4257.78,4239.03,4247.34,3683,23,1
1781802300,4247.39,4247.55,4240.19,4243.61,3353,23,1
1781802600,4243.65,4244.77,4240.16,4241.69,3170,23,1
1781802900,4241.63,4250.31,4237.09,4249.37,3602,23,1
1781803200,4249.47,4255.85,4246.33,4252.78,3296,23,1
1781803500,4252.79,4255.42,4244.37,4244.39,3107,23,1
1781803800,4244.32,4249.63,4241.49,4249.63,3215,23,1
1781804100,4249.62,4252.23,4248.02,4251.13,3041,23,1
1781804400,4251.13,4251.38,4241.24,4244.60,3263,23,1
1781804700,4244.60,4245.82,4240.27,4243.62,3027,23,1
1781805000,4243.48,4247.62,4240.60,4247.33,2947,23,1
1781805300,4247.27,4254.40,4246.22,4252.33,2767,23,1
1781805600,4252.32,4254.48,4248.47,4250.98,3192,23,1
1781805900,4250.92,4254.69,4249.07,4253.38,2782,23,1
1781806200,4253.39,4254.52,4246.40,4246.65,2926,23,1
1781806500,4246.65,4249.39,4239.44,4242.44,3136,23,1
1781806800,4242.46,4244.61,4239.55,4240.39,2978,23,1
1781807100,4240.38,4242.26,4234.42,4235.70,2934,23,1
1781807400,4235.68,4236.60,4226.87,4233.27,3484,23,1
1781807700,4233.21,4234.33,4223.99,4227.33,3236,23,1
1781808000,4227.31,4235.62,4227.30,4231.68,2951,23,1
1781808300,4231.74,4231.76,4227.05,4227.21,2855,23,1
1781808600,4227.09,4228.45,4223.11,4224.53,2649,23,1
1781808900,4224.52,4230.01,4224.51,4226.60,2658,23,1
1781809200,4226.62,4231.75,4225.83,4226.64,2874,23,1
1781809500,4226.64,4233.07,4225.80,4232.02,2598,23,1
1781809800,4232.01,4233.25,4227.31,4227.36,2582,23,1
1781810100,4227.36,4228.55,4222.16,4223.09,2602,23,1
1781810400,4223.08,4226.64,4221.87,4222.17,2583,23,1
1781810700,4222.17,4225.93,4222.05,4224.95,2597,23,1
1781811000,4224.94,4229.31,4221.59,4221.69,2641,23,1
1781811300,4221.69,4223.12,4215.09,4222.99,2884,23,1
1781811600,4223.03,4225.81,4220.76,4221.86,2728,23,1
1781811900,4221.85,4222.19,4217.39,4217.77,2715,23,1
1781812200,4217.76,4218.56,4214.47,4217.37,2649,23,1
1781812500,4217.34,4219.59,4214.00,4219.42,2468,23,1
1781812800,4219.42,4224.03,4218.54,4223.98,2518,23,1
1781813100,4223.99,4226.74,4223.28,4224.94,2327,23,1
1781813400,4224.94,4228.53,4222.25,4227.89,2340,23,1
1781813700,4227.90,4231.48,4227.41,4230.07,2544,23,1
1781814000,4230.08,4231.54,4227.22,4228.67,2598,23,1
1781814300,4228.67,4228.85,4225.73,4226.10,2535,23,1
1781814600,4226.11,4227.59,4222.93,4222.93,2418,23,1
1781814900,4222.92,4225.26,4222.41,4224.26,2102,23,1
1781815200,4224.27,4230.23,4223.95,4229.78,2278,23,1
1781815500,4229.77,4229.90,4227.29,4228.98,2075,23,1
1781815800,4228.98,4233.05,4228.85,4232.38,1976,23,1
1781816100,4232.38,4232.60,4229.90,4230.30,1896,23,1
1781816400,4230.30,4230.62,4227.38,4228.44,2181,23,1
1781816700,4228.45,4231.87,4228.42,4231.61,2037,23,1
1781817000,4231.58,4233.15,4228.36,4228.36,2110,23,1
1781817300,4228.34,4229.81,4226.37,4228.24,1985,23,1
1781817600,4228.23,4228.83,4226.61,4227.82,1935,23,1
1781817900,4227.82,4229.37,4225.48,4226.31,2191,23,1
1781818200,4226.31,4226.31,4221.88,4222.59,2061,23,1
1781818500,4222.60,4223.36,4220.54,4221.15,2315,23,1
1781818800,4221.16,4225.03,4220.49,4224.83,2065,23,1
1781819100,4224.84,4225.20,4220.49,4221.62,2167,23,1
1781819400,4221.62,4222.26,4218.77,4220.51,1953,23,1
1781819700,4220.51,4221.42,4218.23,4218.35,1985,23,1
1781820000,4218.40,4218.98,4211.76,4212.50,2630,23,1
1781820300,4212.51,4212.89,4207.54,4208.21,2435,23,1
1781820600,4208.21,4209.29,4203.91,4207.43,2562,23,1
1781820900,4207.42,4208.63,4201.94,4204.97,2621,23,1
1781821200,4204.97,4207.60,4204.71,4205.31,2336,23,1
1781821500,4205.30,4207.87,4204.85,4205.12,2076,23,1
1781821800,4205.11,4206.98,4201.54,4203.14,2486,23,1
1781822100,4203.16,4209.93,4203.08,4209.93,2160,23,1
1781822400,4209.94,4214.50,4209.68,4214.03,2364,23,1
1781822700,4214.03,4216.36,4213.28,4215.88,2158,23,1
1781823000,4215.88,4217.27,4215.03,4216.77,2209,23,1
1781823300,4216.76,4218.51,4214.13,4216.93,2484,23,1
1781823600,4216.90,4218.05,4214.94,4216.80,1586,23,1
1781823900,4216.80,4217.75,4215.64,4216.59,1239,23,1
1781824200,4216.58,4217.67,4216.18,4217.21,1033,23,1
1781824500,4217.21,4217.28,4215.02,4216.80,980,23,1
1781824800,4216.80,4217.07,4215.50,4216.14,912,23,1
1781825100,4216.13,4219.55,4215.67,4219.00,1035,23,1
1781825400,4218.97,4218.97,4215.47,4216.22,954,28,1
1781825700,4216.22,4218.67,4214.12,4214.88,1257,28,1
1781826000,4214.88,4215.00,4212.90,4212.90,930,28,1
1781826300,4212.89,4213.37,4209.92,4210.09,1126,28,1
1781826600,4210.07,4210.93,4209.33,4209.80,968,28,1
1781826900,4209.81,4210.21,4207.82,4208.10,647,28,1
1781830800,4211.22,4213.25,4203.24,4204.97,1363,28,1
1781831100,4204.97,4208.08,4204.80,4206.71,513,28,1
1781831400,4206.67,4208.39,4206.67,4207.98,451,28,1
1781831700,4207.98,4210.10,4204.87,4205.74,924,28,1
1781832000,4205.74,4205.85,4202.68,4203.08,1049,28,1
1781832300,4203.08,4205.63,4202.89,4204.03,986,28,1
1781832600,4204.04,4205.66,4203.74,4205.02,1045,23,1
1781832900,4205.03,4205.68,4203.10,4203.59,919,23,1
1781833200,4203.58,4205.35,4203.40,4205.05,842,23,1
1781833500,4205.06,4209.09,4204.24,4208.66,924,23,1
1781833800,4208.66,4210.57,4207.55,4208.81,1140,23,1
1781834100,4208.81,4208.85,4206.90,4207.39,924,23,1
1781834400,4207.39,4208.30,4199.09,4200.48,1574,23,1
1781834700,4200.48,4202.46,4198.96,4200.16,1371,23,1
1781835000,4200.15,4201.36,4194.12,4195.80,1438,23,1
1781835300,4195.80,4199.46,4194.17,4195.34,1613,23,1
1781835600,4195.34,4197.40,4195.09,4195.42,1184,23,1
1781835900,4195.42,4197.31,4193.80,4197.27,1093,23,1
1781836200,4197.27,4199.18,4195.23,4195.62,1374,23,1
1781836500,4195.63,4198.35,4194.72,4197.71,1283,23,1
1781836800,4197.70,4197.82,4193.99,4194.27,1239,23,1
1781837100,4194.27,4194.50,4187.95,4189.67,1857,23,1
1781837400,4189.68,4192.11,4188.40,4189.92,1469,23,1
1781837700,4189.93,4191.04,4186.84,4188.36,1651,23,1
1781838000,4188.37,4198.06,4188.22,4190.87,2667,23,1
1781838300,4190.87,4193.97,4184.57,4186.06,2575,23,1
1781838600,4186.05,4189.78,4184.46,4185.48,2301,23,1
1781838900,4185.48,4187.93,4184.43,4185.24,2229,23,1
1781839200,4185.24,4187.96,4184.39,4187.95,2001,23,1
1781839500,4187.96,4188.77,4184.57,4185.13,1702,23,1
1781839800,4185.13,4190.17,4184.48,4189.99,1539,23,1
1781840100,4189.87,4191.35,4186.53,4186.80,1932,23,1
1781840400,4186.80,4189.93,4186.59,4188.56,1311,23,1
1781840700,4188.55,4191.34,4187.63,4190.48,1552,23,1
1781841000,4190.48,4192.35,4188.81,4190.60,1581,23,1
1781841300,4190.59,4191.07,4187.88,4190.36,1450,23,1
1781841600,4190.35,4194.55,4189.23,4190.61,1970,23,1
1781841900,4190.61,4190.66,4184.43,4184.79,2127,23,1
1781842200,4184.81,4187.55,4184.71,4186.43,1753,23,1
1781842500,4186.44,4188.35,4184.28,4185.22,1403,23,1
1781842800,4185.22,4188.40,4184.10,4187.13,1614,23,1
1781843100,4187.13,4191.55,4186.78,4190.73,1424,23,1
1781843400,4190.73,4190.88,4186.71,4187.84,1572,23,1
1781843700,4187.85,4189.29,4184.69,4185.20,1416,23,1
1781844000,4185.20,4186.69,4184.51,4185.61,1634,23,1
1781844300,4185.62,4187.33,4184.23,4184.73,1333,23,1
1781844600,4184.73,4185.64,4184.03,4184.90,1313,23,1
1781844900,4184.90,4186.42,4184.15,4184.85,1372,23,1
1781845200,4184.88,4186.14,4184.33,4185.29,1695,23,1
1781845500,4185.43,4186.14,4179.19,4184.08,2115,23,1
1781845800,4184.13,4184.92,4178.61,4179.91,1807,23,1
1781846100,4179.85,4180.10,4175.08,4175.81,1805,23,1
1781846400,4175.81,4179.45,4175.75,4178.18,2011,23,1
1781846700,4178.18,4179.80,4177.14,4179.47,1381,23,1
1781847000,4179.47,4179.88,4177.10,4179.85,1301,23,1
1781847300,4179.86,4183.12,4178.22,4179.66,1364,23,1
1781847600,4179.67,4183.63,4179.32,4179.93,1151,23,1
1781847900,4179.93,4180.76,4175.73,4176.26,1363,23,1
1781848200,4176.26,4176.86,4171.89,4176.70,1652,23,1
1781848500,4176.71,4177.18,4175.15,4176.30,1295,23,1
1781848800,4176.30,4177.24,4169.41,4169.60,1815,23,1
1781849100,4169.59,4169.77,4166.37,4167.58,1813,23,1
1781849400,4167.58,4169.87,4166.05,4166.06,1484,23,1
1781849700,4166.08,4168.97,4165.17,4167.99,2079,23,1
1781850000,4167.99,4170.72,4167.99,4168.67,1670,23,1
1781850300,4168.67,4169.28,4166.44,4167.39,1667,23,1
1781850600,4167.37,4167.73,4161.69,4164.66,2094,23,1
1781850900,4164.62,4165.42,4162.25,4163.18,1846,23,1
1781851200,4163.18,4164.30,4157.93,4162.20,2169,23,1
1781851500,4162.21,4162.32,4157.89,4158.92,1821,23,1
1781851800,4158.92,4160.70,4157.73,4158.80,1800,23,1
1781852100,4158.80,4159.79,4146.24,4153.51,2093,23,1
1781852400,4153.44,4155.12,4143.18,4144.24,2732,23,1
1781852700,4144.29,4147.58,4143.61,4143.89,2166,23,1
1781853000,4143.89,4147.01,4143.64,4145.36,2031,23,1
1781853300,4145.50,4149.39,4141.46,4147.84,2401,23,1
1781853600,4147.84,4149.80,4147.37,4149.05,1740,23,1
1781853900,4149.05,4149.13,4144.37,4146.62,1927,23,1
1781854200,4146.62,4147.38,4142.96,4143.22,1911,23,1
1781854500,4143.23,4143.29,4137.84,4141.68,2297,23,1
1781854800,4141.70,4141.70,4133.56,4135.36,2228,23,1
1781855100,4135.36,4136.69,4134.07,4135.83,1902,23,1
1781855400,4135.83,4136.28,4125.41,4128.22,2212,23,1
1781855700,4128.25,4128.85,4125.09,4125.76,2193,23,1
1781856000,4125.76,4127.20,4122.77,4124.66,2474,23,1
1781856300,4124.66,4125.34,4121.77,4124.39,2275,23,1
1781856600,4124.39,4131.46,4124.07,4130.36,2314,23,1
1781856900,4130.36,4130.50,4125.76,4127.97,2162,23,1
1781857200,4127.95,4131.44,4126.10,4129.18,2034,23,1
1781857500,4129.18,4134.56,4129.16,4133.66,2100,23,1
1781857800,4133.66,4139.33,4131.00,4132.51,2223,23,1
1781858100,4132.30,4135.46,4130.59,4131.75,2046,23,1
1781858400,4131.52,4134.98,4130.99,4134.96,1974,23,1
1781858700,4134.97,4138.56,4134.66,4137.58,1831,23,1
1781859000,4137.59,4139.01,4132.88,4139.00,2197,23,1
1781859300,4139.00,4141.56,4137.09,4139.70,1992,23,1
1781859600,4139.60,4140.16,4133.63,4138.04,2331,23,1
1781859900,4138.04,4143.38,4136.16,4143.38,2332,23,1
1781860200,4143.38,4148.06,4139.97,4147.17,2427,23,1
1781860500,4147.17,4147.26,4139.95,4141.61,2250,23,1
1781860800,4141.61,4144.45,4139.29,4143.24,2226,23,1
1781861100,4143.24,4144.87,4140.99,4141.85,2145,23,1
1781861400,4141.77,4145.35,4135.55,4138.67,2544,23,1
1781861700,4138.66,4139.03,4132.82,4133.73,2110,23,1
1781862000,4133.73,4136.74,4133.71,4136.00,1742,23,1
1781862300,4136.00,4145.33,4134.56,4145.33,1979,23,1
1781862600,4145.33,4146.55,4142.25,4145.75,1827,23,1
1781862900,4145.74,4150.49,4144.40,4147.62,1903,23,1
1781863200,4147.62,4156.16,4147.55,4156.09,2317,23,1
1781863500,4156.12,4159.63,4154.03,4159.09,2243,23,1
1781863800,4159.07,4159.19,4153.82,4157.10,2031,23,1
1781864100,4157.08,4160.04,4154.37,4155.34,2077,23,1
1781864400,4155.38,4157.65,4154.46,4155.96,2087,23,1
1781864700,4155.96,4155.96,4152.08,4152.44,1862,23,1
1781865000,4152.44,4154.57,4151.93,4153.40,1916,23,1
1781865300,4153.46,4157.41,4151.08,4157.16,1858,23,1
1781865600,4157.17,4157.34,4153.60,4154.02,1805,23,1
1781865900,4154.02,4155.00,4151.89,4152.66,1607,23,1
1781866200,4152.60,4156.85,4151.58,4155.12,1770,23,1
1781866500,4155.10,4163.13,4154.27,4157.99,2066,23,1
1781866800,4158.01,4160.83,4155.30,4159.80,2211,23,1
1781867100,4159.85,4164.28,4157.78,4164.10,2036,23,1
1781867400,4164.15,4167.21,4164.09,4165.75,2191,23,1
1781867700,4165.70,4170.94,4165.27,4170.24,2168,23,1
1781868000,4170.23,4176.96,4168.14,4175.31,2298,23,1
1781868300,4175.32,4177.63,4173.84,4175.86,2100,23,1
1781868600,4175.99,4178.48,4173.91,4175.28,2078,23,1
1781868900,4175.21,4175.61,4168.69,4168.95,1882,23,1
1781869200,4168.95,4172.05,4166.76,4168.94,1861,23,1
1781869500,4168.96,4169.50,4166.42,4168.07,1785,23,1
1781869800,4168.06,4168.40,4164.62,4165.63,1720,23,1
1781870100,4165.58,4169.10,4165.17,4169.07,1598,23,1
1781870400,4169.08,4170.89,4165.23,4165.51,1909,23,1
1781870700,4165.51,4167.45,4164.30,4165.27,1842,23,1
1781871000,4165.27,4167.07,4163.63,4164.18,2016,23,1
1781871300,4164.12,4166.23,4163.22,4164.69,1911,23,1
1781871600,4164.65,4168.20,4162.82,4167.40,1783,23,1
1781871900,4167.40,4167.47,4162.01,4162.73,1864,23,1
1781872200,4162.69,4166.03,4162.67,4165.69,1760,23,1
1781872500,4165.70,4165.73,4163.14,4163.75,1359,23,1
1781872800,4163.76,4165.66,4162.56,4162.59,1379,23,1
1781873100,4162.59,4167.24,4162.59,4163.12,1498,23,1
1781873400,4163.12,4165.38,4163.12,4164.36,1534,23,1
1781873700,4164.36,4164.86,4160.95,4162.88,1541,23,1
1781874000,4162.85,4163.03,4157.00,4157.82,1955,23,1
1781874300,4157.81,4158.86,4152.86,4156.69,1922,23,1
1781874600,4156.70,4157.62,4154.06,4155.37,1745,23,1
1781874900,4155.37,4158.21,4153.46,4156.09,1603,23,1
1781875200,4156.10,4156.18,4153.13,4155.37,1951,23,1
1781875500,4155.35,4155.88,4152.72,4153.80,1638,23,1
1781875800,4153.80,4154.77,4151.41,4154.63,1692,23,1
1781876100,4154.64,4155.18,4150.22,4150.79,1809,23,1
1781876400,4150.79,4152.96,4150.30,4151.24,1854,23,1
1781876700,4151.20,4153.68,4150.51,4151.77,1876,23,1
1781877000,4151.70,4154.60,4149.64,4149.85,1679,23,1
1781877300,4149.85,4152.54,4148.08,4149.73,1854,23,1
1781877600,4149.73,4150.19,4145.23,4148.32,2143,23,1
1781877900,4148.33,4149.48,4142.59,4147.40,2193,23,1
1781878200,4147.40,4148.54,4145.85,4146.75,1763,23,1
1781878500,4146.74,4147.46,4144.30,4147.19,1763,23,1
1781878800,4147.17,4148.89,4146.09,4147.97,1685,23,1
1781879100,4147.96,4148.67,4143.28,4144.18,1822,23,1
1781879400,4144.18,4145.34,4141.88,4144.23,1912,23,1
1781879700,4144.20,4148.39,4143.16,4147.50,1561,23,1
1781880000,4147.50,4150.51,4147.43,4149.99,1756,23,1
1781880300,4150.01,4154.93,4149.98,4153.09,1755,23,1
1781880600,4153.09,4153.26,4149.56,4149.78,1715,23,1
1781880900,4149.78,4152.84,4148.59,4152.54,1693,23,1
1781881200,4152.55,4158.52,4152.34,4157.50,2148,23,1
1781881500,4157.49,4158.79,4152.73,4158.46,1914,23,1
1781881800,4158.46,4160.29,4155.62,4155.64,1808,23,1
1781882100,4155.64,4156.00,4152.64,4155.47,1653,23,1
1781882400,4155.46,4156.09,4153.00,4153.63,1757,23,1
1781882700,4153.64,4155.84,4151.24,4151.60,1765,23,1
1781883000,4151.70,4153.27,4149.52,4152.32,1759,23,1
1781883300,4152.31,4152.55,4148.23,4150.82,2122,23,1
1781883600,4150.85,4154.64,4148.81,4152.30,1960,23,1
1781883900,4152.30,4152.44,4147.36,4148.86,1674,23,1
1781884200,4148.85,4174.59,4148.85,4173.02,3607,23,1
1781884500,4173.02,4179.96,4169.60,4179.03,3115,23,1
1781884800,4179.04,4181.48,4164.51,4169.22,3044,23,1
1781885100,4169.21,4182.40,4168.70,4182.38,2749,23,1
1781885400,4182.41,4182.90,4169.71,4169.87,2853,23,1
1781885700,4169.87,4172.11,4163.52,4164.53,2377,23,1
1781886000,4164.54,4166.43,4161.93,4166.11,2220,23,1
1781886300,4166.11,4166.69,4162.66,4163.96,2095,23,1
1781886600,4163.95,4167.97,4162.49,4162.80,2497,23,1
1781886900,4162.80,4164.96,4159.94,4162.92,2152,23,1
1781887200,4163.04,4164.46,4157.75,4158.59,2256,23,1
1781887500,4158.54,4160.90,4154.77,4156.84,2209,23,1
1781887800,4156.84,4159.53,4155.80,4158.17,2048,23,1
1781888100,4158.17,4160.05,4150.63,4151.50,2175,23,1
1781888400,4151.38,4154.53,4148.00,4152.64,2513,23,1
1781888700,4152.62,4152.97,4148.67,4150.17,2036,23,1
1781889000,4150.17,4150.26,4147.84,4149.33,2008,23,1
1781889300,4149.29,4149.93,4143.98,4147.35,2181,23,1
1781889600,4147.34,4148.53,4143.69,4145.34,1972,23,1
1781889900,4145.35,4150.03,4145.35,4149.19,1949,23,1
1781890200,4149.18,4150.46,4145.92,4146.30,1935,23,1
1781890500,4146.30,4150.33,4145.98,4148.12,1907,23,1
1781890800,4148.13,4149.19,4143.18,4144.42,2096,23,1
1781891100,4144.40,4147.82,4142.62,4145.32,1937,23,1
1781891400,4145.32,4150.09,4144.32,4149.86,2019,23,1
1781891700,4149.92,4151.20,4147.97,4149.22,2344,23,1
1781892000,4149.22,4153.37,4148.05,4148.94,2227,23,1
1781892300,4148.94,4153.19,4148.16,4152.06,1930,23,1
1781892600,4152.08,4152.91,4148.54,4151.32,1764,23,1
1781892900,4151.32,4151.80,4149.75,4151.29,1724,23,1
1781893200,4151.26,4153.97,4151.21,4153.22,1430,23,1
1781893500,4153.21,4153.25,4150.61,4151.30,1583,23,1
1781893800,4151.30,4152.75,4149.91,4151.60,1775,23,1
1781894100,4151.61,4152.97,4148.76,4149.82,1468,23,1
1781894400,4149.83,4150.49,4147.63,4148.03,1345,23,1
1781894700,4148.03,4152.99,4148.03,4151.60,1196,23,1
1781895000,4151.57,4153.50,4149.72,4150.47,1153,23,1
1781895300,4150.47,4151.14,4149.65,4151.00,905,23,1
1781895600,4151.02,4151.07,4146.76,4147.14,1193,23,1
1781895900,4147.15,4149.53,4145.77,4145.95,1086,23,1
1781896200,4145.94,4146.78,4144.57,4145.23,1147,23,1
1781896500,4145.23,4146.20,4144.60,4145.00,987,23,1
1781896800,4145.03,4147.88,4144.29,4146.71,1030,23,1
1781897100,4146.74,4148.83,4146.59,4147.08,932,23,1
1781897400,4147.07,4149.74,4147.05,4149.60,986,23,1
1781897700,4149.61,4151.75,4147.72,4151.74,1234,23,1
1781898000,4151.74,4153.57,4150.61,4151.67,1231,23,1
1781898300,4151.66,4157.20,4151.40,4156.87,1237,23,1
1781898600,4156.87,4157.81,4151.23,4151.45,1371,23,1
1781898900,4151.45,4155.52,4151.24,4155.52,1599,23,1
1782090000,4151.63,4158.07,4139.36,4156.68,2623,23,1
1782090300,4156.60,4159.71,4151.72,4154.18,1849,28,1
1782090600,4154.19,4156.16,4148.67,4151.45,1922,28,1
1782090900,4151.47,4153.56,4147.84,4153.33,2070,28,1
1782091200,4153.48,4154.57,4149.55,4150.04,1795,28,1
1782091500,4150.04,4153.02,4149.25,4152.12,1403,28,1
1782091800,4152.15,4155.16,4151.04,4151.94,1778,23,1
1782092100,4151.95,4152.44,4150.12,4152.11,1105,23,1
1782092400,4152.12,4154.62,4150.54,4153.87,1200,23,1
1782092700,4153.88,4155.03,4152.42,4155.03,1101,23,1
1782093000,4155.04,4156.53,4153.41,4156.52,1322,23,1
1782093300,4156.53,4156.88,4155.51,4156.34,1138,23,1
1782093600,4156.34,4160.08,4155.36,4159.53,1844,23,1
1782093900,4159.51,4163.18,4158.77,4163.11,1947,23,1
1782094200,4163.11,4164.66,4158.03,4158.50,1842,23,1
1782094500,4158.51,4158.56,4153.77,4154.76,1928,23,1
1782094800,4154.76,4159.13,4153.94,4157.52,1706,23,1
1782095100,4157.51,4158.08,4154.62,4156.85,1344,23,1
1782095400,4156.81,4156.86,4147.02,4147.79,2030,23,1
1782095700,4147.79,4147.85,4142.38,4144.80,2101,23,1
1782096000,4144.80,4146.09,4141.93,4145.64,1676,23,1
1782096300,4145.63,4147.03,4136.54,4137.27,2447,23,1
1782096600,4137.18,4140.32,4136.52,4136.99,2120,23,1
1782096900,4136.98,4142.73,4136.98,4140.29,2279,23,1
1782097200,4140.31,4150.59,4140.06,4147.01,3111,23,1
1782097500,4147.06,4149.25,4143.51,4148.83,2909,23,1
1782097800,4148.83,4162.57,4147.42,4161.06,2995,23,1
1782098100,4161.06,4170.39,4160.96,4163.81,3059,23,1
1782098400,4163.80,4165.03,4161.80,4164.05,2537,23,1
1782098700,4164.05,4168.05,4163.15,4167.15,2527,23,1
1782099000,4167.20,4170.98,4165.82,4166.33,2270,23,1
1782099300,4166.33,4172.51,4166.30,4171.81,2157,23,1
1782099600,4171.79,4176.30,4170.25,4175.69,2277,23,1
1782099900,4175.69,4183.99,4175.55,4183.65,2370,23,1
1782100200,4183.66,4189.41,4181.47,4188.33,2657,23,1
1782100500,4188.34,4200.97,4188.33,4200.79,2878,23,1
1782100800,4200.80,4220.97,4200.80,4206.22,4123,23,1
1782101100,4206.25,4216.13,4204.30,4213.89,3560,23,1
1782101400,4213.93,4214.21,4206.82,4211.73,3177,23,1
1782101700,4211.68,4214.77,4208.35,4208.48,3089,23,1
1782102000,4208.48,4213.35,4205.09,4210.00,2946,23,1
1782102300,4210.01,4212.89,4206.67,4207.35,3048,23,1
1782102600,4207.35,4207.35,4195.29,4197.62,3176,23,1
1782102900,4197.63,4203.38,4194.92,4202.89,2927,23,1
1782103200,4202.89,4205.02,4198.41,4200.81,2693,23,1
1782103500,4200.80,4201.83,4193.78,4195.24,2853,23,1
1782103800,4195.23,4198.41,4192.32,4194.22,2590,23,1
1782104100,4194.22,4195.37,4189.64,4190.88,2667,23,1
1782104400,4190.90,4192.87,4188.11,4190.04,2921,23,1
1782104700,4190.05,4194.97,4188.64,4190.82,2739,23,1
1782105000,4190.73,4191.79,4183.66,4184.25,2476,23,1
1782105300,4184.24,4188.59,4183.56,4187.90,2010,23,1
1782105600,4187.91,4189.97,4183.60,4188.94,1952,23,1
1782105900,4188.94,4190.21,4186.65,4188.86,1719,23,1
1782106200,4188.86,4194.82,4187.12,4194.68,2713,23,1
1782106500,4194.76,4200.24,4193.09,4196.22,2423,23,1
1782106800,4196.19,4196.19,4190.37,4191.78,2440,23,1
1782107100,4191.79,4192.32,4187.58,4190.95,2515,23,1
1782107400,4190.96,4191.54,4188.19,4188.94,2218,23,1
1782107700,4188.94,4190.50,4187.62,4188.45,2011,23,1
1782108000,4188.50,4189.94,4186.55,4188.78,2520,23,1
1782108300,4188.78,4189.86,4182.02,4182.67,2325,23,1
1782108600,4182.68,4185.91,4178.35,4178.36,2498,23,1
1782108900,4178.32,4181.01,4173.89,4176.15,2374,23,1
1782109200,4176.15,4179.57,4173.68,4178.78,2080,23,1
1782109500,4178.78,4180.87,4177.72,4180.06,2015,23,1
1782109800,4180.06,4180.66,4177.81,4179.81,1601,23,1
1782110100,4179.82,4179.90,4176.02,4176.05,1255,23,1
1782110400,4176.06,4176.67,4175.09,4175.61,1125,23,1
1782110700,4175.60,4178.72,4174.82,4177.32,1393,23,1
1782111000,4177.29,4177.51,4174.65,4175.35,1264,23,1
1782111300,4175.35,4176.35,4170.67,4171.59,1834,23,1
1782111600,4171.56,4175.22,4170.64,4174.01,1768,23,1
1782111900,4173.99,4178.29,4173.59,4177.64,1497,23,1
1782112200,4177.64,4178.31,4176.15,4176.28,1420,23,1
1782112500,4176.29,4177.64,4175.38,4176.18,1489,23,1
1782112800,4176.17,4178.83,4175.80,4176.35,1415,23,1
1782113100,4176.35,4177.43,4174.38,4176.36,1543,23,1
1782113400,4176.37,4177.63,4175.83,4176.03,1352,23,1
1782113700,4176.21,4178.85,4175.15,4177.86,1506,23,1
1782114000,4177.86,4178.17,4174.67,4176.72,1242,23,1
1782114300,4176.73,4179.92,4176.17,4178.90,1553,23,1
1782114600,4178.90,4180.20,4178.03,4178.09,1354,23,1
1782114900,4178.08,4182.15,4177.37,4181.76,1202,23,1
1782115200,4181.77,4182.15,4180.29,4181.68,1671,23,1
1782115500,4181.69,4184.61,4179.36,4183.66,1837,23,1
1782115800,4183.66,4186.36,4182.50,4185.39,1705,23,1
1782116100,4185.39,4187.98,4184.48,4186.59,1756,23,1
1782116400,4186.49,4188.83,4186.44,4188.80,1575,23,1
1782116700,4188.80,4194.18,4187.56,4193.94,1822,23,1
1782117000,4193.98,4196.75,4189.38,4191.29,2808,23,1
1782117300,4191.28,4198.06,4191.11,4196.48,2659,23,1
1782117600,4196.62,4198.54,4192.17,4193.16,2353,23,1
1782117900,4193.16,4194.00,4190.30,4193.43,2268,23,1
1782118200,4193.42,4196.75,4192.01,4195.91,2013,23,1
1782118500,4195.90,4197.01,4193.31,4193.74,2279,23,1
1782118800,4193.74,4196.38,4191.20,4191.58,2518,23,1
1782119100,4191.57,4197.07,4191.41,4196.68,2307,23,1
1782119400,4196.67,4198.40,4193.35,4194.52,2244,23,1
1782119700,4194.51,4199.98,4193.85,4197.60,2355,23,1
1782120000,4197.61,4200.59,4195.72,4200.44,2243,23,1
1782120300,4200.48,4200.77,4196.04,4196.64,2307,23,1
1782120600,4196.64,4198.98,4194.86,4198.72,2295,23,1
1782120900,4198.73,4200.05,4197.30,4198.44,1934,23,1
1782121200,4198.43,4202.51,4197.21,4202.19,1883,23,1
1782121500,4202.17,4204.64,4201.45,4202.47,2032,23,1
1782121800,4202.45,4207.29,4202.45,4204.21,1961,23,1
1782122100,4204.20,4205.68,4197.15,4197.58,2279,23,1
1782122400,4197.61,4201.05,4197.31,4198.76,2278,23,1
1782122700,4198.76,4201.29,4197.48,4199.85,1901,23,1
1782123000,4199.84,4200.91,4198.48,4199.46,1988,23,1
1782123300,4199.47,4201.83,4198.74,4200.69,1673,23,1
1782123600,4200.70,4200.83,4196.99,4197.10,1859,23,1
1782123900,4197.09,4198.64,4197.03,4197.62,1810,23,1
1782124200,4197.62,4199.72,4193.80,4198.81,1990,23,1
1782124500,4198.83,4198.83,4194.75,4194.82,1825,23,1
1782124800,4194.82,4195.91,4192.40,4194.41,1595,23,1
1782125100,4194.41,4195.11,4192.24,4195.00,1669,23,1
1782125400,4195.00,4196.07,4190.36,4191.18,1757,23,1
1782125700,4191.16,4192.48,4188.80,4190.43,1718,23,1
1782126000,4190.41,4192.96,4188.66,4192.01,2058,23,1
1782126300,4192.00,4194.72,4191.23,4191.79,1923,23,1
1782126600,4191.80,4191.87,4189.10,4189.99,1944,23,1
1782126900,4189.98,4191.82,4189.23,4190.74,1737,23,1
1782127200,4190.74,4195.30,4190.49,4191.97,2122,23,1
1782127500,4191.97,4193.10,4189.59,4191.62,2106,23,1
1782127800,4191.71,4191.81,4189.10,4191.25,1888,23,1
1782128100,4191.25,4194.28,4190.59,4190.96,1980,23,1
1782128400,4190.95,4193.65,4190.48,4193.60,1420,23,1
1782128700,4193.60,4194.52,4192.64,4194.44,1507,23,1
1782129000,4194.44,4197.70,4192.20,4195.53,1669,23,1
1782129300,4195.53,4197.64,4194.67,4197.30,1563,23,1
1782129600,4197.38,4202.62,4195.99,4202.23,1945,23,1
1782129900,4202.19,4209.42,4201.45,4208.42,2372,23,1
1782130200,4208.43,4209.46,4203.16,4205.26,1957,23,1
1782130500,4205.25,4207.54,4204.37,4207.13,1751,23,1
1782130800,4207.13,4209.21,4205.07,4205.81,1875,23,1
1782131100,4205.81,4206.58,4203.02,4204.02,1602,23,1
1782131400,4204.02,4209.92,4201.40,4208.16,2106,23,1
1782131700,4208.17,4209.56,4204.49,4208.52,1802,23,1
1782132000,4208.52,4209.95,4206.51,4206.82,1520,23,1
1782132300,4206.83,4207.93,4204.33,4207.54,1590,23,1
1782132600,4207.46,4209.82,4206.41,4208.67,1395,23,1
1782132900,4208.68,4209.99,4207.92,4208.19,1321,23,1
1782133200,4208.19,4210.04,4207.90,4208.84,1421,23,1
1782133500,4208.86,4211.59,4208.11,4210.59,1800,23,1
1782133800,4210.57,4214.14,4208.90,4212.94,1935,23,1
1782134100,4212.92,4212.93,4210.18,4210.26,1623,23,1
1782134400,4210.24,4211.14,4208.11,4211.14,1484,23,1
1782134700,4211.13,4214.13,4209.20,4209.99,1534,23,1
1782135000,4209.99,4210.89,4209.08,4210.05,1454,23,1
1782135300,4210.04,4211.67,4209.04,4209.14,1283,23,1
1782135600,4209.14,4210.51,4208.27,4208.54,1369,23,1
1782135900,4208.54,4208.92,4204.46,4205.44,1521,23,1
1782136200,4205.46,4209.41,4205.46,4208.03,1330,23,1
1782136500,4208.03,4208.13,4203.63,4204.61,1391,23,1
1782136800,4204.67,4210.20,4204.52,4209.39,2052,23,1
1782137100,4209.37,4215.12,4209.24,4211.04,2954,23,1
1782137400,4210.94,4211.18,4206.44,4208.02,2251,23,1
1782137700,4208.03,4208.76,4206.62,4207.96,1586,23,1
1782138000,4207.96,4209.60,4206.54,4207.92,1598,23,1
1782138300,4207.92,4207.93,4203.39,4203.99,1487,23,1
1782138600,4203.99,4208.00,4203.49,4205.86,1588,23,1
1782138900,4205.86,4206.27,4202.15,4206.27,1705,23,1
1782139200,4206.27,4208.17,4204.88,4206.61,1682,23,1
1782139500,4206.60,4206.63,4203.60,4205.07,1562,23,1
1782139800,4205.07,4205.54,4201.40,4205.45,1652,23,1
1782140100,4205.46,4207.59,4204.79,4207.39,1840,23,1
1782140400,4207.39,4210.94,4205.83,4210.62,2014,23,1
1782140700,4210.62,4211.09,4206.58,4207.76,2047,23,1
1782141000,4207.75,4209.63,4205.35,4207.32,1828,23,1
1782141300,4207.33,4208.71,4206.11,4207.68,1721,23,1
1782141600,4207.68,4211.74,4206.88,4210.82,2169,23,1
1782141900,4210.84,4211.37,4206.24,4208.50,1857,23,1
1782142200,4208.51,4208.80,4203.40,4205.77,1995,23,1
1782142500,4205.77,4206.01,4203.23,4203.73,2039,23,1
1782142800,4203.69,4204.71,4200.91,4203.81,1957,23,1
1782143100,4203.87,4204.85,4199.72,4202.30,1928,23,1
1782143400,4202.31,4202.31,4197.36,4197.61,1930,23,1
1782143700,4197.60,4197.68,4192.20,4193.29,2065,23,1
1782144000,4193.31,4196.87,4190.97,4193.39,3381,23,1
1782144300,4193.39,4194.32,4188.75,4190.86,2840,23,1
1782144600,4190.87,4194.63,4190.00,4194.31,2731,23,1
1782144900,4194.35,4196.88,4193.77,4195.88,2584,23,1
1782145200,4195.83,4195.93,4189.16,4190.09,2441,23,1
1782145500,4190.18,4191.50,4185.40,4186.94,2711,23,1
1782145800,4186.97,4188.52,4182.95,4185.85,3453,23,1
1782146100,4185.84,4192.96,4185.07,4192.14,3084,23,1
1782146400,4192.06,4194.52,4187.57,4190.93,3447,23,1
1782146700,4190.94,4202.08,4187.51,4199.91,3376,23,1
1782147000,4199.91,4204.96,4199.42,4204.08,3189,23,1
1782147300,4203.97,4205.68,4198.88,4199.82,2877,23,1
1782147600,4199.78,4200.33,4193.81,4198.70,3059,23,1
1782147900,4198.66,4210.73,4196.51,4206.27,3386,23,1
1782148200,4206.26,4207.07,4200.60,4205.29,3064,23,1
1782148500,4205.27,4206.04,4195.74,4196.05,3040,23,1
1782148800,4196.05,4196.62,4191.11,4192.53,3249,23,1
1782149100,4192.53,4196.78,4191.79,4191.91,3227,23,1
1782149400,4191.91,4192.64,4187.62,4188.16,3284,23,1
1782149700,4188.11,4192.43,4186.54,4191.36,3124,23,1
1782150000,4191.27,4197.50,4191.08,4192.90,3115,23,1
1782150300,4192.95,4206.06,4192.91,4201.10,3311,23,1
1782150600,4201.13,4203.00,4197.32,4197.48,3204,23,1
1782150900,4197.49,4200.31,4196.12,4198.27,3065,23,1
1782151200,4198.27,4201.26,4196.19,4199.00,2900,23,1
1782151500,4199.00,4199.12,4194.75,4195.41,3114,23,1
1782151800,4195.42,4198.95,4195.37,4197.75,2985,23,1
1782152100,4197.75,4197.88,4190.60,4192.12,2994,23,1
1782152400,4192.11,4192.79,4189.14,4190.89,2832,23,1
1782152700,4190.87,4192.11,4188.20,4189.01,2917,23,1
1782153000,4189.02,4190.35,4187.51,4188.09,2715,23,1
1782153300,4188.09,4189.00,4180.41,4182.16,2752,23,1
1782153600,4182.16,4185.41,4180.37,4180.93,2597,23,1
1782153900,4180.92,4181.04,4170.06,4170.06,2934,23,1
1782154200,4170.04,4179.16,4169.78,4178.92,2960,23,1
1782154500,4178.96,4185.05,4178.05,4182.84,2686,23,1
1782154800,4182.87,4184.81,4176.79,4177.81,2813,23,1
1782155100,4177.81,4179.35,4175.64,4176.71,2711,23,1
1782155400,4176.71,4178.36,4174.40,4177.56,2532,23,1
1782155700,4177.56,4180.14,4176.21,4179.20,2395,23,1
1782156000,4179.21,4182.82,4179.01,4181.12,2450,23,1
1782156300,4181.12,4182.83,4180.11,4182.67,2473,23,1
1782156600,4182.67,4184.66,4181.33,4184.66,2213,23,1
1782156900,4184.65,4186.25,4183.38,4183.38,2170,23,1
1782157200,4183.41,4183.80,4181.23,4181.87,2255,23,1
1782157500,4181.86,4184.93,4180.83,4184.79,2165,23,1
1782157800,4184.79,4187.76,4184.20,4186.99,1786,23,1
1782158100,4186.99,4192.56,4186.34,4189.78,2119,23,1
1782158400,4189.84,4191.15,4188.32,4189.26,2100,23,1
1782158700,4189.28,4189.28,4186.27,4187.54,1927,23,1
1782159000,4187.54,4188.38,4186.01,4186.68,1802,23,1
1782159300,4186.69,4189.78,4186.48,4189.45,1758,23,1
1782159600,4189.45,4191.57,4189.06,4189.13,1918,23,1
1782159900,4189.15,4189.20,4183.31,4184.21,2243,23,1
1782160200,4184.11,4184.81,4177.67,4178.90,2202,23,1
1782160500,4178.91,4181.50,4177.10,4181.05,2250,23,1
1782160800,4181.05,4181.85,4180.22,4181.64,1900,23,1
1782161100,4181.51,4183.35,4180.03,4182.39,1849,23,1
1782161400,4182.40,4183.10,4180.76,4182.61,1693,23,1
1782161700,4182.61,4183.69,4181.98,4182.93,1823,23,1
1782162000,4183.04,4185.23,4182.49,4183.33,1828,23,1
1782162300,4183.33,4184.62,4182.98,4184.33,1701,23,1
1782162600,4184.33,4186.24,4183.65,4183.94,1848,23,1
1782162900,4183.94,4186.98,4183.94,4185.51,1710,23,1
1782163200,4185.50,4189.73,4185.50,4188.61,1835,23,1
1782163500,4188.61,4188.72,4186.62,4188.04,1969,23,1
1782163800,4188.02,4189.39,4186.09,4186.63,1727,23,1
1782164100,4186.62,4188.08,4186.20,4186.84,1638,23,1
1782164400,4186.85,4189.92,4186.81,4189.76,1590,23,1
1782164700,4189.76,4192.81,4189.61,4191.87,1700,23,1
1782165000,4191.87,4192.07,4189.89,4190.66,1667,23,1
1782165300,4190.65,4191.68,4189.72,4191.25,1886,23,1
1782165600,4191.22,4193.35,4191.09,4191.90,2085,23,1
1782165900,4191.87,4192.74,4191.33,4192.31,1865,23,1
1782166200,4192.35,4192.83,4190.94,4191.33,1728,23,1
1782166500,4191.33,4191.99,4189.93,4190.81,1971,23,1
1782166800,4190.81,4190.83,4187.71,4188.40,1901,23,1
1782167100,4188.38,4188.97,4187.33,4187.35,1889,23,1
1782167400,4187.39,4187.54,4185.99,4187.02,1991,23,1
1782167700,4187.02,4190.22,4186.74,4188.28,1793,23,1
1782168000,4188.27,4188.31,4184.29,4184.46,1898,23,1
1782168300,4184.44,4185.98,4184.16,4185.37,1941,23,1
1782168600,4185.42,4187.57,4184.80,4187.29,2178,23,1
1782168900,4187.30,4191.52,4186.11,4190.60,2354,23,1
1782169200,4190.70,4193.72,4190.02,4192.37,1215,23,1
1782169500,4192.37,4192.91,4190.49,4190.59,903,23,1
1782169800,4190.59,4191.80,4190.51,4190.81,783,23,1
1782170100,4190.82,4191.53,4189.85,4191.21,619,23,1
1782170400,4191.21,4191.27,4188.64,4190.40,694,23,1
1782170700,4190.40,4191.21,4190.08,4190.32,585,23,1
1782171000,4190.30,4191.60,4189.49,4191.47,689,28,1
1782171300,4191.48,4193.61,4191.35,4193.43,664,28,1
1782171600,4193.42,4193.50,4192.14,4192.76,719,28,1
1782171900,4192.75,4193.26,4190.72,4191.14,758,28,1
1782172200,4191.15,4192.20,4190.93,4191.52,643,28,1
1782172500,4191.52,4192.40,4191.52,4192.29,462,28,1
1782176400,4193.92,4194.41,4191.37,4192.92,915,28,1
1782176700,4192.89,4193.74,4191.53,4192.58,531,28,1
1782177000,4192.58,4193.21,4192.04,4192.31,724,28,1
1782177300,4192.31,4192.82,4191.13,4192.12,510,28,1
1782177600,4192.09,4192.56,4191.46,4191.52,479,28,1
1782177900,4191.52,4193.21,4191.49,4192.79,538,28,1
1782178200,4192.81,4194.51,4192.31,4192.45,1126,23,1
1782178500,4192.46,4192.85,4189.96,4191.76,1138,23,1
1782178800,4191.77,4191.77,4189.47,4189.88,896,23,1
1782179100,4189.89,4190.20,4188.41,4188.66,957,23,1
1782179400,4188.66,4190.29,4188.53,4190.14,783,23,1
1782179700,4190.08,4190.65,4189.24,4189.91,861,23,1
1782180000,4189.91,4192.91,4189.53,4190.50,1100,23,1
1782180300,4190.50,4192.04,4190.29,4191.78,833,23,1
1782180600,4191.85,4192.06,4190.46,4190.93,551,23,1
1782180900,4190.93,4191.82,4190.50,4191.40,573,23,1
1782181200,4191.36,4191.89,4190.46,4190.54,569,23,1
1782181500,4190.54,4191.38,4190.26,4191.04,613,23,1
1782181800,4191.03,4192.59,4190.77,4192.37,685,23,1
1782182100,4192.39,4195.02,4192.11,4194.92,987,23,1
1782182400,4194.92,4195.33,4194.14,4194.94,742,23,1
1782182700,4194.94,4194.94,4189.93,4190.79,1289,23,1
1782183000,4190.79,4190.87,4186.80,4187.46,1670,23,1
1782183300,4187.45,4189.65,4187.20,4187.61,1045,23,1
1782183600,4187.61,4192.24,4186.78,4189.29,2268,23,1
1782183900,4189.29,4189.29,4183.66,4184.43,2150,23,1
1782184200,4184.42,4184.42,4178.33,4178.79,2215,23,1
1782184500,4178.80,4182.59,4178.76,4182.22,2044,23,1
1782184800,4182.21,4183.35,4178.82,4182.44,1852,23,1
1782185100,4182.43,4185.72,4180.23,4183.79,2151,23,1
1782185400,4183.80,4186.18,4182.75,4184.33,2167,23,1
1782185700,4184.24,4186.24,4182.20,4186.10,2106,23,1
1782186000,4186.09,4193.47,4184.07,4192.63,2208,23,1
1782186300,4192.63,4194.60,4190.71,4191.17,2566,23,1
1782186600,4191.16,4194.21,4190.12,4191.56,2203,23,1
1782186900,4191.56,4193.80,4190.07,4193.28,2319,23,1
1782187200,4193.29,4198.33,4189.75,4189.92,3143,23,1
1782187500,4189.96,4194.20,4185.09,4188.68,2681,23,1
1782187800,4188.63,4189.38,4185.03,4185.38,2474,23,1
1782188100,4185.28,4185.84,4172.20,4173.57,3057,23,1
1782188400,4173.52,4180.20,4170.88,4178.26,2798,23,1
1782188700,4178.24,4180.99,4176.73,4178.24,2451,23,1
1782189000,4178.20,4178.65,4168.37,4169.27,3064,23,1
1782189300,4169.27,4170.40,4160.81,4162.03,3034,23,1
1782189600,4161.98,4165.01,4153.54,4154.43,3173,23,1
1782189900,4154.36,4155.64,4150.20,4150.65,3020,23,1
1782190200,4150.59,4158.09,4150.12,4157.09,2990,23,1
1782190500,4157.17,4162.95,4155.93,4161.27,2889,23,1
1782190800,4161.30,4163.15,4156.75,4159.20,2726,23,1
1782191100,4159.21,4159.22,4150.96,4151.50,2895,23,1
1782191400,4151.52,4153.85,4149.01,4153.77,2686,23,1
1782191700,4153.63,4160.46,4153.42,4158.23,2262,23,1
1782192000,4158.24,4160.26,4157.64,4160.24,1816,23,1
1782192300,4160.24,4163.46,4159.18,4161.92,1958,23,1
1782192600,4161.92,4162.27,4156.62,4156.63,2668,23,1
1782192900,4156.46,4159.25,4156.05,4158.06,2192,23,1
1782193200,4158.06,4158.48,4152.37,4154.97,2486,23,1
1782193500,4154.98,4156.73,4152.09,4154.04,2498,23,1
1782193800,4154.03,4155.87,4151.78,4152.74,2245,23,1
1782194100,4152.74,4154.99,4146.60,4146.92,2475,23,1
1782194400,4146.92,4149.65,4140.04,4142.28,2985,23,1
1782194700,4142.28,4143.06,4139.55,4140.42,2455,23,1
1782195000,4140.43,4143.10,4138.80,4142.04,2432,23,1
1782195300,4142.04,4144.07,4132.41,4133.21,2741,23,1
1782195600,4133.23,4135.68,4130.85,4135.55,2647,23,1
1782195900,4135.57,4140.95,4134.16,4140.76,2383,23,1
1782196200,4140.77,4141.11,4138.71,4139.24,2131,23,1
1782196500,4139.26,4141.11,4133.60,4136.52,2313,23,1
1782196800,4136.52,4139.21,4134.89,4138.88,2008,23,1
1782197100,4138.88,4140.06,4136.60,4139.09,1897,23,1
1782197400,4139.09,4141.67,4138.93,4140.88,1636,23,1
1782197700,4140.88,4145.02,4139.62,4144.03,1860,23,1
1782198000,4144.04,4146.92,4143.88,4144.80,1765,23,1
1782198300,4144.81,4144.86,4142.98,4144.07,1514,23,1
1782198600,4144.05,4144.32,4141.90,4143.27,1613,23,1
1782198900,4143.26,4143.27,4139.11,4139.77,1602,23,1
1782199200,4139.77,4140.20,4137.85,4140.03,1640,23,1
1782199500,4140.04,4140.56,4137.22,4139.91,1661,23,1
1782199800,4139.91,4139.91,4135.36,4136.55,1919,23,1
1782200100,4136.42,4139.83,4135.22,4138.83,1927,23,1
1782200400,4138.86,4140.27,4137.12,4138.56,1533,23,1
1782200700,4138.67,4140.21,4138.17,4138.82,1409,23,1
1782201000,4138.82,4139.48,4134.35,4134.53,1560,23,1
1782201300,4134.53,4134.68,4114.84,4118.14,2568,23,1
1782201600,4118.12,4134.58,4115.41,4134.55,2878,23,1
1782201900,4134.54,4137.45,4127.27,4127.99,2254,23,1
1782202200,4127.99,4130.89,4126.67,4129.84,2082,23,1
1782202500,4129.83,4129.92,4126.19,4127.86,1917,23,1
1782202800,4127.86,4130.78,4126.59,4127.74,1878,23,1
1782203100,4127.75,4128.44,4123.61,4125.15,1916,23,1
1782203400,4125.16,4131.27,4117.31,4131.19,3446,23,1
1782203700,4131.24,4133.58,4125.02,4125.16,2965,23,1
1782204000,4125.18,4128.90,4121.12,4127.71,2835,23,1
1782204300,4127.70,4127.78,4117.51,4119.03,2704,23,1
1782204600,4118.97,4122.46,4117.43,4120.62,2764,23,1
1782204900,4120.62,4121.95,4116.86,4121.18,2723,23,1
1782205200,4121.21,4126.90,4119.76,4122.99,3113,23,1
1782205500,4122.98,4123.40,4113.26,4113.56,2867,23,1
1782205800,4113.57,4124.76,4111.21,4122.57,2984,23,1
1782206100,4122.58,4126.78,4121.35,4122.58,2662,23,1
1782206400,4122.58,4125.43,4117.49,4122.44,2312,23,1
1782206700,4122.43,4122.58,4114.49,4116.47,2724,23,1
1782207000,4116.50,4121.04,4114.86,4119.80,2812,23,1
1782207300,4119.81,4119.82,4113.56,4116.04,2648,23,1
1782207600,4116.07,4117.28,4110.80,4113.41,2581,23,1
1782207900,4113.40,4117.87,4110.34,4115.45,2711,23,1
1782208200,4115.47,4118.88,4115.42,4118.26,2395,23,1
1782208500,4118.25,4120.29,4113.84,4114.39,2616,23,1
1782208800,4114.32,4119.70,4110.21,4119.70,2964,23,1
1782209100,4119.70,4124.77,4118.62,4121.31,2507,23,1
1782209400,4121.34,4121.34,4112.13,4115.71,2493,23,1
1782209700,4115.70,4117.80,4113.68,4117.73,2349,23,1
1782210000,4117.73,4122.88,4117.28,4119.32,2288,23,1
1782210300,4119.32,4120.15,4117.88,4118.16,2099,23,1
1782210600,4118.13,4119.37,4115.13,4119.15,2553,23,1
1782210900,4119.15,4119.17,4110.81,4111.43,2586,23,1
1782211200,4111.44,4113.41,4103.85,4104.92,2753,23,1
1782211500,4104.91,4108.11,4104.23,4106.47,2529,23,1
1782211800,4106.47,4106.54,4098.44,4100.63,2579,23,1
1782212100,4100.62,4101.04,4096.66,4098.77,2547,23,1
1782212400,4098.77,4100.06,4091.45,4092.36,3117,23,1
1782212700,4092.33,4096.09,4090.84,4094.25,2740,23,1
1782213000,4094.21,4096.11,4091.89,4093.98,2538,23,1
1782213300,4093.98,4099.88,4092.39,4098.20,2573,23,1
1782213600,4098.19,4099.94,4096.16,4096.92,2393,23,1
1782213900,4097.03,4098.58,4094.81,4098.23,2522,23,1
1782214200,4098.22,4102.32,4096.79,4101.74,2537,23,1
1782214500,4101.74,4105.31,4100.57,4102.33,2505,23,1
1782214800,4102.33,4110.95,4102.19,4109.53,2396,23,1
1782215100,4109.54,4109.68,4101.85,4104.31,2459,23,1
1782215400,4104.30,4108.65,4102.49,4107.71,2086,23,1
1782215700,4107.71,4107.71,4102.61,4105.28,2082,23,1
1782216000,4105.26,4110.52,4103.98,4110.06,2289,23,1
1782216300,4110.05,4112.61,4108.85,4109.88,2215,23,1
1782216600,4109.87,4113.62,4109.26,4111.10,1917,23,1
1782216900,4111.10,4112.64,4108.94,4111.12,2007,23,1
1782217200,4111.14,4116.97,4111.14,4116.01,2068,23,1
1782217500,4116.01,4116.84,4111.93,4112.68,2185,23,1
1782217800,4112.68,4116.71,4112.22,4116.71,2088,23,1
1782218100,4116.71,4119.80,4115.31,4118.46,2084,23,1
1782218400,4118.44,4120.04,4116.81,4117.11,1900,23,1
1782218700,4117.11,4118.54,4116.36,4117.49,1801,23,1
1782219000,4117.49,4118.27,4115.45,4115.63,1683,23,1
1782219300,4115.64,4122.26,4115.36,4122.25,1824,23,1
1782219600,4122.26,4133.29,4122.26,4131.67,2400,23,1
1782219900,4131.67,4132.49,4126.95,4126.95,2023,23,1
1782220200,4126.97,4129.96,4126.93,4129.96,1796,23,1
1782220500,4129.89,4133.08,4128.65,4132.51,1884,23,1
1782220800,4132.55,4132.55,4127.86,4127.89,2008,23,1
1782221100,4127.92,4131.67,4126.76,4130.28,1841,23,1
1782221400,4130.28,4132.16,4129.27,4130.55,2032,23,1
1782221700,4130.54,4131.63,4126.91,4128.81,2068,23,1
1782222000,4128.80,4130.13,4124.41,4126.53,2182,23,1
1782222300,4126.53,4126.78,4123.53,4124.32,2214,23,1
1782222600,4124.32,4125.36,4121.91,4122.10,2225,23,1
1782222900,4122.10,4123.01,4119.63,4119.71,2074,23,1
1782223200,4119.74,4121.41,4117.43,4118.96,2508,23,1
1782223500,4119.00,4126.67,4118.47,4125.69,2381,23,1
1782223800,4125.69,4129.69,4125.00,4129.11,1878,23,1
1782224100,4129.11,4129.16,4125.37,4128.35,1959,23,1
1782224400,4128.36,4131.97,4124.40,4129.45,2483,23,1
1782224700,4129.41,4129.91,4125.23,4127.26,2114,23,1
1782225000,4127.27,4128.79,4123.41,4123.51,2152,23,1
1782225300,4123.51,4126.58,4120.35,4125.79,2366,23,1
1782225600,4125.79,4126.09,4118.58,4121.17,2374,23,1
1782225900,4121.18,4121.73,4118.32,4121.56,2047,23,1
1782226200,4121.58,4123.88,4119.01,4121.91,2407,23,1
1782226500,4121.92,4126.21,4119.79,4123.29,2281,23,1
1782226800,4123.28,4127.32,4122.38,4122.39,2420,23,1
1782227100,4122.35,4124.14,4119.58,4119.84,2256,23,1
1782227400,4119.82,4122.21,4113.01,4114.03,2347,23,1
1782227700,4114.03,4118.60,4111.73,4117.73,2346,23,1
1782228000,4117.73,4120.02,4112.64,4117.62,2769,23,1
1782228300,4117.62,4117.97,4113.87,4115.04,2336,23,1
1782228600,4115.05,4120.47,4114.21,4116.04,2477,23,1
1782228900,4115.73,4122.57,4115.68,4122.02,2378,23,1
1782229200,4122.03,4122.03,4117.63,4117.87,2238,23,1
1782229500,4117.89,4118.24,4113.18,4118.19,2227,23,1
1782229800,4118.17,4121.78,4116.19,4119.34,2351,23,1
1782230100,4119.29,4121.34,4112.47,4113.24,2376,23,1
1782230400,4113.24,4114.34,4108.02,4112.03,3157,23,1
1782230700,4112.03,4119.34,4111.38,4116.47,2880,23,1
1782231000,4116.51,4116.96,4112.23,4113.48,2618,23,1
1782231300,4113.45,4114.01,4106.46,4107.37,2624,23,1
1782231600,4107.36,4116.64,4105.36,4116.52,2828,23,1
1782231900,4116.52,4119.28,4114.15,4115.88,2762,23,1
1782232200,4115.90,4123.25,4110.14,4122.47,3761,23,1
1782232500,4122.49,4124.51,4118.27,4118.59,3680,23,1
1782232800,4118.65,4128.75,4118.31,4126.47,3277,23,1
1782233100,4126.48,4134.87,4124.54,4131.03,3510,23,1
1782233400,4131.05,4140.37,4130.75,4137.30,3367,23,1
1782233700,4137.20,4139.27,4131.72,4135.57,3419,23,1
1782234000,4135.46,4140.60,4133.38,4137.80,3356,23,1
1782234300,4137.75,4143.74,4135.28,4141.87,3288,23,1
1782234600,4141.92,4145.06,4133.18,4137.61,3345,23,1
1782234900,4137.65,4142.03,4132.99,4141.56,3213,23,1
1782235200,4141.53,4142.84,4134.15,4134.85,3390,23,1
1782235500,4134.87,4136.35,4128.71,4132.60,3410,23,1
1782235800,4132.61,4133.04,4124.69,4126.98,3269,23,1
1782236100,4126.87,4129.29,4122.88,4124.22,3360,23,1
1782236400,4124.28,4128.71,4123.04,4126.18,3383,23,1
1782236700,4126.22,4128.62,4124.90,4126.74,3307,23,1
1782237000,4126.75,4130.24,4123.74,4127.75,3357,23,1
1782237300,4127.75,4130.30,4125.23,4130.15,3217,23,1
1782237600,4130.14,4134.48,4128.76,4133.87,3213,23,1
1782237900,4133.91,4135.45,4123.63,4123.66,3136,23,1
1782238200,4123.65,4128.25,4123.48,4128.19,2991,23,1
1782238500,4128.19,4130.60,4127.09,4127.57,2702,23,1
1782238800,4127.55,4129.56,4123.83,4124.97,2653,23,1
1782239100,4124.99,4128.12,4124.15,4127.25,2633,23,1
1782239400,4127.20,4136.19,4126.58,4133.05,2970,23,1
1782239700,4133.05,4137.37,4132.81,4137.13,2930,23,1
1782240000,4137.27,4141.59,4136.69,4138.62,2863,23,1
1782240300,4138.79,4139.71,4133.86,4134.95,2628,23,1
1782240600,4134.94,4138.86,4134.11,4137.44,2573,23,1
1782240900,4137.44,4139.10,4136.08,4138.63,2528,23,1
1782241200,4138.62,4139.85,4136.11,4136.17,2136,23,1
1782241500,4136.19,4136.89,4133.76,4134.82,2086,23,1
1782241800,4134.83,4136.52,4134.15,4135.30,1912,23,1
1782242100,4135.29,4138.31,4132.92,4137.76,2254,23,1
1782242400,4137.64,4138.17,4135.37,4136.18,2196,23,1
1782242700,4136.17,4136.92,4135.37,4136.36,1885,23,1
1782243000,4136.37,4142.33,4135.02,4140.61,2258,23,1
1782243300,4140.59,4142.87,4139.58,4141.87,2039,23,1
1782243600,4141.88,4143.67,4140.27,4143.29,2101,23,1
1782243900,4143.28,4143.82,4139.37,4140.29,1981,23,1
1782244200,4140.29,4140.78,4138.86,4139.51,1870,23,1
1782244500,4139.54,4140.22,4131.56,4134.31,2525,23,1
1782244800,4134.30,4134.55,4130.79,4132.55,2326,23,1
1782245100,4132.56,4134.62,4129.97,4132.42,2074,23,1
1782245400,4132.44,4139.76,4132.38,4138.49,2156,23,1
1782245700,4138.50,4138.54,4135.34,4136.57,1797,23,1
1782246000,4136.57,4137.85,4133.21,4133.52,2268,23,1
1782246300,4133.51,4133.66,4129.99,4131.06,2351,23,1
1782246600,4131.07,4131.53,4127.77,4130.03,2295,23,1
1782246900,4130.03,4130.92,4128.85,4129.89,1949,23,1
1782247200,4129.88,4132.31,4129.05,4132.24,1829,23,1
1782247500,4132.04,4133.08,4130.84,4131.90,1829,23,1
1782247800,4131.90,4132.20,4128.28,4128.52,1887,23,1
1782248100,4128.54,4129.57,4127.79,4128.00,2081,23,1
1782248400,4127.99,4131.04,4126.48,4127.00,2032,23,1
1782248700,4126.99,4127.65,4123.92,4125.06,1777,23,1
1782249000,4125.07,4126.08,4124.03,4124.32,1703,23,1
1782249300,4124.32,4125.57,4123.71,4124.53,1692,23,1
1782249600,4124.48,4125.42,4122.67,4123.70,1724,23,1
1782249900,4123.72,4123.72,4120.59,4121.03,1904,23,1
1782250200,4121.03,4122.63,4119.60,4121.39,1707,23,1
1782250500,4121.40,4122.68,4119.87,4119.87,1553,23,1
1782250800,4119.88,4120.20,4115.97,4115.99,2113,23,1
1782251100,4115.99,4116.48,4112.85,4114.82,2147,23,1
1782251400,4114.82,4117.31,4114.00,4115.71,2129,23,1
1782251700,4115.74,4118.07,4114.87,4117.75,2185,23,1
1782252000,4117.76,4124.42,4116.82,4123.24,2329,23,1
1782252300,4123.22,4126.04,4121.12,4122.22,2406,23,1
1782252600,4122.22,4123.32,4120.86,4121.25,2442,23,1
1782252900,4121.25,4121.68,4117.44,4117.69,2017,23,1
1782253200,4117.69,4122.18,4117.69,4120.63,2300,23,1
1782253500,4120.63,4122.35,4120.29,4121.75,2403,23,1
1782253800,4121.74,4123.31,4120.56,4121.77,2339,23,1
1782254100,4121.77,4124.28,4121.36,4122.50,2154,23,1
1782254400,4122.50,4122.79,4120.65,4120.95,2066,23,1
1782254700,4120.95,4121.20,4117.83,4120.22,2227,23,1
1782255000,4120.23,4120.58,4113.82,4115.54,2608,23,1
1782255300,4115.56,4116.13,4111.62,4111.70,2802,23,1
1782255600,4111.71,4112.09,4108.68,4111.40,1661,23,1
1782255900,4111.40,4112.86,4110.91,4112.33,1342,23,1
1782256200,4112.32,4112.87,4109.95,4110.03,1001,23,1
1782256500,4110.04,4110.17,4107.99,4109.78,1040,23,1
1782256800,4109.78,4110.84,4107.45,4108.75,1054,23,1
1782257100,4108.74,4111.19,4108.43,4110.79,971,23,1
1782257400,4110.77,4111.33,4108.99,4110.19,662,28,1
1782257700,4110.18,4110.80,4109.37,4110.73,740,28,1
1782258000,4110.73,4111.68,4109.01,4110.59,968,28,1
1782258300,4110.58,4111.26,4110.12,4110.32,991,28,1
1782258600,4110.32,4111.28,4109.36,4109.40,807,28,1
1782258900,4109.40,4109.78,4108.67,4109.62,511,28,1
1782262800,4112.99,4114.12,4111.00,4111.39,1267,28,1
1782263100,4111.39,4114.23,4111.18,4112.41,914,28,1
1782263400,4112.38,4113.81,4112.17,4113.79,716,28,1
1782263700,4113.78,4114.92,4111.06,4111.29,1419,28,1
1782264000,4111.31,4112.03,4105.24,4106.25,1826,28,1
1782264300,4106.26,4110.67,4104.86,4105.92,1791,28,1
1782264600,4105.92,4108.37,4097.08,4098.75,1934,23,1
1782264900,4098.76,4103.13,4098.76,4101.05,2106,23,1
1782265200,4101.05,4104.44,4099.60,4104.25,1933,23,1
1782265500,4104.19,4108.07,4103.78,4105.89,1869,23,1
1782265800,4105.88,4109.07,4105.88,4106.33,1659,23,1
1782266100,4106.29,4107.25,4103.65,4104.32,1637,23,1
1782266400,4104.34,4104.38,4099.05,4100.22,1679,23,1
1782266700,4100.21,4100.34,4095.06,4096.68,2014,23,1
1782267000,4096.68,4101.60,4096.33,4099.71,1783,23,1
1782267300,4099.72,4100.84,4097.14,4100.14,1354,23,1
1782267600,4100.14,4100.22,4098.27,4099.31,1226,23,1
1782267900,4099.31,4099.75,4097.31,4097.53,1190,23,1
1782268200,4097.54,4098.23,4093.76,4094.91,1754,23,1
1782268500,4094.91,4095.39,4080.99,4083.97,2340,23,1
1782268800,4083.98,4087.33,4080.87,4086.33,2850,23,1
1782269100,4086.34,4097.79,4085.95,4095.81,2752,23,1
1782269400,4095.77,4099.90,4094.55,4096.05,2255,23,1
1782269700,4096.01,4100.35,4095.94,4099.16,1973,23,1
1782270000,4099.25,4105.14,4094.59,4102.29,3130,23,1
1782270300,4102.29,4112.02,4101.00,4110.25,3067,23,1
1782270600,4110.25,4111.51,4104.66,4107.25,2860,23,1
1782270900,4107.25,4109.48,4103.29,4103.90,2761,23,1
1782271200,4103.93,4104.64,4096.35,4096.37,2676,23,1
1782271500,4096.37,4100.25,4093.75,4099.70,2746,23,1
1782271800,4099.73,4100.39,4094.72,4096.98,2513,23,1
1782272100,4096.99,4098.17,4094.49,4096.94,2343,23,1
1782272400,4096.91,4097.00,4093.79,4095.19,2338,23,1
1782272700,4095.19,4099.93,4094.82,4098.57,2711,23,1
1782273000,4098.57,4099.81,4094.51,4095.96,2691,23,1
1782273300,4095.93,4098.85,4094.32,4097.24,2591,23,1
1782273600,4097.24,4097.87,4069.25,4073.50,3911,23,1
1782273900,4073.53,4083.16,4068.49,4077.25,3618,23,1
1782274200,4077.25,4091.89,4077.25,4089.71,3332,23,1
1782274500,4089.70,4091.09,4085.03,4088.38,3191,23,1
1782274800,4088.40,4090.38,4083.57,4088.31,3011,23,1
1782275100,4088.31,4100.76,4088.31,4098.45,3312,23,1
1782275400,4098.46,4102.24,4093.44,4098.15,3461,23,1
1782275700,4098.21,4099.23,4092.76,4094.91,3014,23,1
1782276000,4095.02,4098.47,4091.86,4092.79,3169,23,1
1782276300,4092.79,4093.02,4085.79,4086.04,3136,23,1
1782276600,4086.03,4087.89,4082.36,4085.74,3037,23,1
1782276900,4085.77,4090.15,4084.52,4089.04,2770,23,1
1782277200,4089.03,4095.92,4086.35,4087.45,3000,23,1
1782277500,4087.46,4087.71,4080.14,4081.03,2755,23,1
1782277800,4081.03,4084.43,4079.83,4080.10,2427,23,1
1782278100,4080.11,4081.10,4073.03,4074.28,2374,23,1
1782278400,4074.29,4076.40,4072.75,4075.63,2206,23,1
1782278700,4075.71,4076.61,4071.32,4073.58,2056,23,1
1782279000,4073.58,4076.49,4063.42,4068.98,3031,23,1
1782279300,4068.98,4070.84,4059.98,4060.72,2896,23,1
1782279600,4060.75,4062.10,4052.14,4057.25,2867,23,1
1782279900,4057.26,4061.37,4054.91,4058.60,2636,23,1
1782280200,4058.59,4065.47,4056.60,4065.15,2782,23,1
1782280500,4065.15,4069.53,4061.06,4061.14,2748,23,1
1782280800,4061.14,4065.46,4055.86,4056.01,2882,23,1
1782281100,4056.03,4058.82,4052.74,4058.36,2826,23,1
1782281400,4058.44,4060.59,4056.37,4057.68,2779,23,1
1782281700,4057.67,4058.92,4050.40,4052.74,2756,23,1
1782282000,4052.74,4056.46,4051.68,4053.09,2606,23,1
1782282300,4053.11,4057.03,4051.51,4056.67,2749,23,1
1782282600,4056.56,4060.74,4055.71,4060.34,2771,23,1
1782282900,4060.34,4062.36,4059.76,4062.11,2312,23,1
1782283200,4062.10,4069.71,4061.38,4068.47,2595,23,1
1782283500,4068.52,4070.62,4064.08,4066.75,2271,23,1
1782283800,4066.74,4068.07,4062.77,4063.54,2174,23,1
1782284100,4063.54,4063.69,4062.00,4062.75,1854,23,1
1782284400,4062.75,4063.81,4058.42,4058.91,2202,23,1
1782284700,4058.91,4061.10,4056.11,4058.51,2353,23,1
1782285000,4058.50,4058.88,4055.80,4058.88,1917,23,1
1782285300,4058.88,4060.17,4055.07,4055.61,2185,23,1
1782285600,4055.61,4062.76,4055.04,4061.13,2351,23,1
1782285900,4061.09,4067.18,4061.06,4063.17,2164,23,1
1782286200,4063.17,4065.86,4063.17,4065.12,2052,23,1
1782286500,4065.11,4066.27,4062.62,4064.88,2035,23,1
1782286800,4064.90,4066.68,4063.27,4063.66,1900,23,1
1782287100,4063.66,4066.05,4062.45,4063.57,1672,23,1
1782287400,4063.57,4063.99,4061.94,4063.26,1613,23,1
1782287700,4063.28,4066.92,4062.57,4064.46,1775,23,1
1782288000,4064.46,4065.15,4061.21,4061.98,1964,23,1
1782288300,4061.99,4069.99,4060.76,4069.37,2141,23,1
1782288600,4069.36,4069.69,4066.19,4067.68,2115,23,1
1782288900,4067.68,4068.82,4065.56,4065.59,2074,23,1
1782289200,4065.58,4072.63,4065.58,4070.84,2178,23,1
1782289500,4070.84,4074.48,4070.31,4073.50,2134,23,1
1782289800,4073.50,4086.15,4072.42,4082.12,3104,23,1
1782290100,4082.12,4082.56,4075.98,4077.48,2551,23,1
1782290400,4077.47,4077.78,4072.33,4077.27,2561,23,1
1782290700,4077.27,4080.08,4073.95,4074.85,2389,23,1
1782291000,4074.85,4076.17,4071.42,4073.38,2328,23,1
1782291300,4073.40,4077.00,4072.47,4075.86,2295,23,1
1782291600,4075.86,4080.99,4075.86,4077.83,2919,23,1
1782291900,4077.88,4091.78,4077.52,4090.64,3039,23,1
1782292200,4090.64,4097.11,4089.04,4095.96,3055,23,1
1782292500,4095.99,4097.54,4085.03,4087.19,2762,23,1
1782292800,4087.23,4089.52,4085.57,4088.67,2484,23,1
1782293100,4088.68,4090.64,4083.44,4087.60,2565,23,1
1782293400,4087.57,4088.27,4084.50,4087.77,2461,23,1
1782293700,4087.78,4091.86,4087.74,4089.24,2339,23,1
1782294000,4089.24,4093.97,4089.13,4091.82,2250,23,1
1782294300,4091.82,4094.58,4089.10,4089.10,2399,23,1
1782294600,4089.10,4091.57,4084.58,4089.70,2220,23,1
1782294900,4089.60,4090.69,4084.46,4087.07,2194,23,1
1782295200,4087.07,4089.84,4085.40,4088.95,2543,23,1
1782295500,4088.97,4090.78,4086.76,4088.31,2180,23,1
1782295800,4088.33,4089.03,4086.07,4086.15,1892,23,1
1782296100,4086.15,4087.72,4084.59,4086.16,1912,23,1
1782296400,4086.16,4087.01,4083.74,4085.11,1827,23,1
1782296700,4085.12,4086.17,4083.23,4084.40,1769,23,1
1782297000,4084.38,4085.32,4080.46,4080.60,1976,23,1
1782297300,4080.59,4080.99,4076.02,4078.82,2222,23,1
1782297600,4078.81,4083.42,4076.76,4082.39,2185,23,1
1782297900,4082.39,4086.13,4080.74,4084.67,2052,23,1
1782298200,4084.67,4085.58,4075.93,4078.84,2059,23,1
1782298500,4078.85,4079.24,4073.72,4074.83,2004,23,1
1782298800,4074.83,4078.16,4074.00,4077.65,2401,23,1
1782299100,4077.65,4077.71,4075.18,4075.49,1972,23,1
1782299400,4075.50,4076.92,4073.13,4074.00,2169,23,1
1782299700,4074.00,4076.82,4073.25,4073.64,2032,23,1
1782300000,4073.58,4077.76,4073.54,4076.99,2049,23,1
1782300300,4077.00,4080.69,4076.35,4080.49,2287,23,1
1782300600,4080.54,4087.55,4079.97,4084.24,2240,23,1
1782300900,4084.25,4085.47,4079.20,4082.13,2219,23,1
1782301200,4082.20,4084.99,4081.42,4083.08,1863,23,1
1782301500,4083.04,4083.40,4077.40,4078.85,1973,23,1
1782301800,4078.84,4080.39,4076.22,4076.76,1947,23,1
1782302100,4076.76,4078.21,4075.55,4076.28,1714,23,1
1782302400,4076.27,4078.38,4074.08,4074.55,2035,23,1
1782302700,4074.55,4075.52,4069.92,4069.94,2019,23,1
1782303000,4069.91,4076.96,4069.91,4076.28,2130,23,1
1782303300,4076.25,4079.11,4075.45,4078.45,1851,23,1
1782303600,4078.43,4078.57,4073.45,4074.44,1581,23,1
1782303900,4074.43,4074.58,4068.36,4069.31,2152,23,1
1782304200,4069.31,4072.15,4068.73,4070.52,2094,23,1
1782304500,4070.52,4071.23,4067.28,4068.23,1821,23,1
1782304800,4068.23,4069.60,4065.48,4068.36,1903,23,1
1782305100,4068.35,4070.28,4065.65,4069.17,1822,23,1
1782305400,4069.14,4071.05,4068.00,4068.65,1854,23,1
1782305700,4068.65,4068.78,4064.20,4064.59,1707,23,1
1782306000,4064.57,4066.27,4059.51,4062.05,2307,23,1
1782306300,4062.06,4062.56,4059.54,4059.98,2058,23,1
1782306600,4059.98,4062.32,4059.02,4061.07,1865,23,1
1782306900,4061.08,4061.08,4055.07,4059.07,2452,23,1
1782307200,4059.07,4060.58,4056.28,4057.83,1977,23,1
1782307500,4057.84,4060.85,4057.16,4060.85,1933,23,1
1782307800,4060.85,4063.14,4060.84,4061.80,1906,23,1
1782308100,4061.80,4061.99,4056.61,4058.19,1961,23,1
1782308400,4058.21,4066.86,4057.88,4064.86,2197,23,1
1782308700,4064.85,4065.72,4061.79,4063.40,1870,23,1
1782309000,4063.40,4063.47,4056.91,4058.67,1914,23,1
1782309300,4058.63,4058.63,4054.69,4055.60,1969,23,1
1782309600,4055.59,4058.50,4051.01,4052.08,2319,23,1
1782309900,4052.06,4053.53,4048.05,4049.17,2480,23,1
1782310200,4049.16,4053.56,4044.73,4045.77,2223,23,1
1782310500,4045.79,4046.79,4037.52,4041.89,2977,23,1
1782310800,4041.89,4046.49,4039.82,4046.47,2311,23,1
1782311100,4046.51,4046.83,4038.62,4044.24,2527,23,1
1782311400,4044.23,4048.01,4043.64,4044.24,2569,23,1
1782311700,4044.23,4051.39,4043.43,4050.02,2572,23,1
1782312000,4050.03,4051.40,4045.71,4045.97,2392,23,1
1782312300,4045.97,4046.58,4039.15,4044.93,2833,23,1
1782312600,4044.96,4056.17,4044.45,4054.64,3026,23,1
1782312900,4054.64,4054.68,4045.65,4046.63,2940,23,1
1782313200,4046.67,4048.71,4042.34,4044.62,2885,23,1
1782313500,4044.62,4045.69,4035.26,4040.71,2833,23,1
1782313800,4040.69,4044.86,4038.03,4038.11,2782,23,1
1782314100,4038.13,4041.92,4035.33,4041.13,2744,23,1
1782314400,4041.07,4041.17,4032.55,4032.89,2842,23,1
1782314700,4032.88,4033.38,4006.26,4015.17,3592,23,1
1782315000,4015.18,4020.79,4009.17,4019.18,3156,23,1
1782315300,4019.15,4019.26,4007.20,4011.76,3100,23,1
1782315600,4011.71,4015.02,4007.49,4013.39,2851,23,1
1782315900,4013.40,4017.54,4003.12,4004.10,3080,23,1
1782316200,4004.11,4008.05,3999.85,4003.87,3204,23,1
1782316500,4003.86,4004.24,3987.62,3987.76,3242,23,1
1782316800,3987.76,3995.59,3971.80,3979.93,4209,23,1
1782317100,3979.90,3986.94,3971.84,3977.23,3822,23,1
1782317400,3977.27,3978.93,3966.96,3971.68,3687,23,1
1782317700,3971.70,3977.15,3965.07,3976.47,3532,23,1
1782318000,3976.45,3976.50,3964.54,3973.82,3423,23,1
1782318300,3973.82,3976.19,3969.81,3975.46,3388,23,1
1782318600,3975.45,3996.23,3974.19,3986.71,3921,23,1
1782318900,3986.66,4007.10,3985.70,4005.12,3878,23,1
1782319200,4005.14,4018.00,4000.77,4015.39,3743,23,1
1782319500,4015.38,4020.47,4009.29,4019.72,3902,23,1
1782319800,4019.70,4034.06,4018.50,4029.14,3880,23,1
1782320100,4029.12,4042.05,4023.73,4038.31,3707,23,1
1782320400,4038.31,4041.03,4021.72,4024.54,3782,23,1
1782320700,4024.42,4030.79,4021.79,4027.82,3678,23,1
1782321000,4027.80,4031.53,4019.00,4019.94,3677,23,1
1782321300,4019.88,4021.20,4015.12,4018.32,3532,23,1
1782321600,4018.23,4025.14,4014.35,4023.94,3475,23,1
1782321900,4023.86,4027.94,4021.05,4023.69,3377,23,1
1782322200,4023.70,4034.45,4023.44,4030.83,3405,23,1
1782322500,4030.84,4032.14,4018.53,4019.61,3414,23,1
1782322800,4019.62,4021.73,4011.06,4015.76,3348,23,1
1782323100,4015.78,4015.78,4009.59,4011.14,3235,23,1
1782323400,4011.14,4012.96,4005.57,4006.16,3047,23,1
1782323700,4006.15,4008.29,4002.94,4007.99,3129,23,1
1782324000,4007.98,4010.10,4000.99,4003.82,3352,23,1
1782324300,4003.81,4004.03,3997.28,3999.80,3172,23,1
1782324600,3999.78,4003.88,3997.75,4001.84,3139,23,1
1782324900,4001.84,4011.10,3999.51,4010.86,2964,23,1
1782325200,4010.90,4014.55,4007.86,4008.95,3123,23,1
1782325500,4008.94,4014.77,4003.85,4014.73,3202,23,1
1782325800,4014.77,4015.27,4006.30,4008.90,3036,23,1
1782326100,4008.91,4010.36,4006.39,4006.91,2771,23,1
1782326400,4006.87,4006.87,4001.24,4006.31,3055,23,1
1782326700,4006.19,4014.75,4004.09,4013.07,3172,23,1
1782327000,4013.07,4016.74,4003.00,4005.02,2983,23,1
1782327300,4005.01,4005.70,4000.00,4002.43,2861,23,1
1782327600,4002.43,4005.57,3999.74,4002.03,3078,23,1
1782327900,4001.93,4006.48,3995.55,4000.37,2907,23,1
1782328200,4000.37,4004.16,3999.42,4002.67,2687,23,1
1782328500,4002.66,4005.93,4001.67,4002.64,2710,23,1
1782328800,4002.63,4013.01,4002.44,4010.86,2657,23,1
1782329100,4010.87,4016.94,4009.84,4016.03,2643,23,1
1782329400,4016.04,4019.17,4013.04,4014.78,2739,23,1
1782329700,4014.78,4022.18,4014.78,4018.03,2949,23,1
1782330000,4018.03,4019.72,4009.43,4011.50,2871,23,1
1782330300,4011.53,4012.10,4007.40,4007.45,2567,23,1
1782330600,4007.43,4010.99,4007.19,4007.64,2628,23,1
1782330900,4007.65,4008.97,4006.13,4006.63,2382,23,1
1782331200,4006.63,4011.21,4005.51,4009.43,2674,23,1
1782331500,4009.42,4010.69,4004.48,4006.86,2712,23,1
1782331800,4006.87,4009.63,4005.47,4005.72,2522,23,1
1782332100,4005.72,4007.13,3999.80,3999.97,2778,23,1
1782332400,3999.97,4001.20,3993.02,3993.02,3206,23,1
1782332700,3993.00,3996.28,3990.03,3990.51,3446,23,1
1782333000,3990.50,3990.89,3983.75,3986.04,3381,23,1
1782333300,3986.05,3987.94,3983.07,3985.91,3120,23,1
1782333600,3985.91,3986.63,3983.00,3984.35,3056,23,1
1782333900,3984.35,3986.82,3980.10,3980.18,3002,23,1
1782334200,3980.18,3981.78,3976.74,3979.86,3182,23,1
1782334500,3979.87,3982.19,3972.68,3972.73,3282,23,1
1782334800,3972.73,3975.31,3959.20,3966.59,3862,23,1
1782335100,3966.59,3984.10,3966.59,3984.09,3452,23,1
1782335400,3984.08,3992.50,3981.03,3988.87,3509,23,1
1782335700,3988.86,3992.36,3986.41,3987.21,3372,23,1
1782336000,3987.21,3987.58,3979.49,3987.01,3004,23,1
1782336300,3987.02,3991.91,3986.42,3990.06,2960,23,1
1782336600,3990.20,3994.21,3986.84,3988.68,2825,23,1
1782336900,3988.69,3989.49,3983.38,3984.57,2709,23,1
1782337200,3984.57,3985.42,3981.46,3983.47,2552,23,1
1782337500,3983.47,3983.47,3977.29,3979.31,2635,23,1
1782337800,3979.25,3982.13,3976.88,3981.61,2777,23,1
1782338100,3981.61,3984.21,3980.05,3981.34,2622,23,1
1782338400,3981.35,3984.99,3977.94,3982.67,2934,23,1
1782338700,3982.61,3983.47,3976.51,3976.76,2749,23,1
1782339000,3976.76,3977.12,3973.53,3976.33,2605,23,1
1782339300,3976.33,3977.54,3973.92,3977.43,2452,23,1
1782339600,3977.44,3979.88,3976.60,3978.89,2498,23,1
1782339900,3978.89,3984.31,3978.45,3984.01,2419,23,1
1782340200,3984.01,3988.62,3983.88,3985.57,2632,23,1
1782340500,3985.58,3985.88,3980.96,3982.62,2580,23,1
1782340800,3982.61,3983.59,3979.47,3982.70,2512,23,1
1782341100,3982.70,3984.69,3981.16,3981.83,2600,23,1
1782341400,3981.84,3990.77,3980.97,3990.61,2899,23,1
1782341700,3990.61,3990.64,3984.69,3988.12,2848,23,1
1782342000,3988.00,3998.36,3984.70,3997.33,2893,23,1
1782342300,3997.34,4002.74,3996.88,3998.88,2667,23,1
1782342600,3998.88,4001.02,3994.64,3995.22,2230,23,1
1782342900,3995.24,3995.79,3992.23,3992.91,1763,23,1
1782343200,3992.92,3999.13,3992.67,3998.47,1921,23,1
1782343500,3998.47,4000.90,3996.99,4000.06,1992,23,1
1782343800,4000.03,4001.17,3997.66,3998.50,1755,28,1
1782344100,3998.51,4001.23,3995.73,3995.95,1583,28,1
1782344400,3995.94,3999.16,3995.94,3998.77,1481,28,1
1782344700,3998.77,4000.36,3997.07,3997.14,1467,28,1
1782345000,3997.14,3999.81,3996.57,3999.32,1397,28,1
1782345300,3999.32,4001.21,3998.28,4000.97,797,28,1
1782349200,4003.38,4008.71,4003.17,4007.42,1588,28,1
1782349500,4007.41,4007.48,4001.20,4003.70,1326,28,1
1782349800,4003.70,4005.00,4000.79,4001.64,1168,28,1
1782350100,4001.61,4001.97,4000.43,4000.92,1050,28,1
1782350400,4000.92,4002.47,4000.51,4001.82,922,28,1
1782350700,4001.82,4002.79,4000.37,4001.94,1024,28,1
1782351000,4001.97,4004.64,3999.54,4004.17,1484,23,1
1782351300,4004.20,4006.69,4001.93,4002.72,1555,23,1
1782351600,4002.67,4003.99,4001.67,4002.29,1576,23,1
1782351900,4002.30,4002.59,3997.82,3997.85,1520,23,1
1782352200,3997.82,3999.04,3994.63,3995.00,1610,23,1
1782352500,3994.97,3997.06,3992.88,3996.33,1221,23,1
1782352800,3996.32,3998.61,3993.82,3995.33,2084,23,1
1782353100,3995.36,3995.37,3990.87,3993.79,1749,23,1
1782353400,3993.80,3995.26,3992.07,3995.05,1566,23,1
1782353700,3995.05,3998.90,3995.00,3997.73,1585,23,1
1782354000,3997.73,4000.09,3997.51,3999.81,1116,23,1
1782354300,3999.81,4000.53,3996.96,3998.11,1232,23,1
1782354600,3998.10,4008.73,3997.99,4008.73,1566,23,1
1782354900,4008.72,4018.62,4008.03,4015.83,2173,23,1
1782355200,4015.84,4016.60,4010.72,4014.39,1803,23,1
1782355500,4014.40,4017.63,4010.04,4010.78,2103,23,1
1782355800,4010.75,4013.55,4009.83,4010.58,1816,23,1
1782356100,4010.57,4013.31,4009.50,4012.35,1749,23,1
1782356400,4012.36,4014.40,4009.08,4013.30,2636,23,1
1782356700,4013.30,4015.77,4011.10,4015.03,2734,23,1
1782357000,4015.03,4016.39,4003.88,4005.44,2615,23,1
1782357300,4005.44,4006.24,4000.58,4002.44,2894,23,1
1782357600,4002.44,4005.35,4000.40,4001.35,2498,23,1
1782357900,4001.32,4002.56,3995.37,3996.37,2505,23,1
1782358200,3996.40,3996.40,3987.81,3987.81,2489,23,1
1782358500,3987.81,3987.83,3981.57,3982.54,2675,23,1
1782358800,3982.55,3987.65,3981.46,3985.47,2326,23,1
1782359100,3985.46,3986.22,3978.56,3983.55,2598,23,1
1782359400,3983.55,4000.47,3982.53,3999.59,2850,23,1
1782359700,3999.55,4001.23,3988.45,3991.42,2999,23,1
1782360000,3991.41,4005.86,3988.82,3996.90,3896,23,1
1782360300,3996.93,3997.45,3987.72,3991.32,3632,23,1
1782360600,3991.31,3991.81,3982.43,3986.84,3351,23,1
1782360900,3986.84,3994.85,3983.91,3994.25,3505,23,1
1782361200,3994.25,3999.50,3993.80,3995.76,3292,23,1
1782361500,3995.77,4000.03,3990.43,3990.70,3230,23,1
1782361800,3990.68,3995.80,3982.25,3983.47,3399,23,1
1782362100,3983.46,3988.37,3977.15,3987.23,3215,23,1
1782362400,3987.22,3987.32,3979.67,3981.78,3092,23,1
1782362700,3981.78,3987.20,3978.27,3985.44,3010,23,1
1782363000,3985.42,3988.60,3978.66,3980.51,3039,23,1
1782363300,3980.57,3983.38,3972.50,3976.67,3121,23,1
1782363600,3976.73,3981.75,3973.46,3975.23,3164,23,1
1782363900,3975.22,3975.81,3963.91,3965.82,3292,23,1
1782364200,3965.79,3970.87,3963.59,3967.83,3180,23,1
1782364500,3967.83,3981.84,3967.40,3981.21,2808,23,1
1782364800,3981.21,3991.16,3980.79,3984.78,2869,23,1
1782365100,3984.78,3987.69,3984.09,3986.40,2403,23,1
1782365400,3986.40,3986.66,3978.28,3983.33,3066,23,1
1782365700,3983.33,3988.15,3982.48,3984.65,2717,23,1
1782366000,3984.64,3984.93,3974.67,3978.51,2837,23,1
1782366300,3978.55,3984.08,3976.63,3983.18,2806,23,1
1782366600,3983.21,3983.43,3975.69,3979.11,2667,23,1
1782366900,3979.10,3984.33,3977.46,3983.29,2601,23,1
1782367200,3983.11,3989.27,3981.12,3981.81,2843,23,1
1782367500,3981.83,3981.83,3973.32,3973.40,2826,23,1
1782367800,3973.36,3973.82,3966.26,3970.62,2861,23,1
1782368100,3970.60,3982.41,3967.69,3981.90,2777,23,1
1782368400,3981.89,3983.09,3973.04,3973.22,2778,23,1
1782368700,3973.20,3977.12,3972.30,3976.33,2648,23,1
1782369000,3976.33,3977.21,3971.60,3975.60,2412,23,1
1782369300,3975.62,3975.73,3968.92,3971.34,2196,23,1
1782369600,3971.33,3975.20,3970.12,3975.17,2026,23,1
1782369900,3975.18,3987.32,3974.52,3986.56,2331,23,1
1782370200,3986.57,3998.86,3986.33,3997.36,2652,23,1
1782370500,3997.34,4001.11,3993.76,3995.54,2257,23,1
1782370800,3995.54,3997.52,3993.55,3994.08,2249,23,1
1782371100,3994.12,3996.83,3992.64,3995.59,2001,23,1
1782371400,3995.59,3995.61,3989.48,3989.48,2175,23,1
1782371700,3989.47,3991.70,3987.65,3991.51,2144,23,1
1782372000,3991.51,3997.14,3990.52,3995.46,1943,23,1
1782372300,3995.47,3997.58,3993.61,3994.53,1742,23,1
1782372600,3994.53,3995.94,3989.90,3990.68,1822,23,1
1782372900,3990.68,3991.05,3987.46,3987.58,1589,23,1
1782373200,3987.57,3992.00,3983.61,3992.00,2067,23,1
1782373500,3992.00,3995.63,3991.34,3992.30,2008,23,1
1782373800,3992.29,3997.20,3992.29,3995.62,1520,23,1
1782374100,3995.62,3996.21,3994.63,3996.03,1492,23,1
1782374400,3996.02,3998.15,3994.54,3996.95,1978,23,1
1782374700,3996.94,3999.20,3992.22,3999.13,2271,23,1
1782375000,3999.15,3999.98,3996.33,3998.25,2090,23,1
1782375300,3998.25,3998.51,3989.14,3992.26,2160,23,1
1782375600,3992.26,3995.15,3991.24,3995.15,1957,23,1
1782375900,3995.13,3998.96,3990.75,3994.80,2480,23,1
1782376200,3994.67,3997.56,3985.75,3995.03,3241,23,1
1782376500,3995.03,3996.00,3984.57,3985.02,2722,23,1
1782376800,3985.02,3986.51,3981.80,3983.14,2619,23,1
1782377100,3983.18,3984.37,3980.41,3983.25,2627,23,1
1782377400,3983.25,3989.00,3982.57,3988.40,2529,23,1
1782377700,3988.37,3991.70,3986.34,3986.41,2560,23,1
1782378000,3986.41,3988.04,3981.93,3986.57,2448,23,1
1782378300,3986.57,3989.14,3983.04,3986.08,2530,23,1
1782378600,3986.08,3986.33,3979.94,3980.17,2499,23,1
1782378900,3980.15,3980.34,3974.62,3974.72,2692,23,1
1782379200,3974.79,3981.74,3974.07,3979.16,2587,23,1
1782379500,3979.16,3986.89,3978.30,3984.30,2536,23,1
1782379800,3984.30,3985.10,3978.29,3980.14,2705,23,1
1782380100,3980.13,3981.19,3976.69,3980.59,2427,23,1
1782380400,3980.62,3983.74,3977.61,3982.23,2262,23,1
1782380700,3982.20,3984.26,3980.65,3982.88,2235,23,1
1782381000,3982.87,3984.13,3977.69,3977.69,2246,23,1
1782381300,3977.69,3981.17,3975.92,3977.24,2352,23,1
1782381600,3977.38,3979.90,3973.52,3979.82,2476,23,1
1782381900,3979.88,3985.30,3978.51,3984.81,2269,23,1
1782382200,3984.80,3986.03,3978.62,3979.98,2129,23,1
1782382500,3979.97,3984.82,3977.55,3984.82,1850,23,1
1782382800,3984.82,3986.75,3979.74,3983.92,2086,23,1
1782383100,3983.92,3989.76,3982.04,3985.12,2229,23,1
1782383400,3985.12,3989.42,3982.30,3983.16,2299,23,1
1782383700,3983.15,3985.17,3978.15,3978.15,1916,23,1
1782384000,3978.16,3981.60,3973.62,3974.54,2066,23,1
1782384300,3974.55,3977.52,3971.43,3977.43,2062,23,1
1782384600,3977.43,3977.66,3974.75,3977.06,1876,23,1
1782384900,3977.05,3988.99,3976.86,3987.87,2100,23,1
1782385200,3987.83,3995.26,3987.27,3990.13,2688,23,1
1782385500,3990.13,3992.76,3987.59,3988.13,2260,23,1
1782385800,3988.14,3989.46,3984.27,3986.92,2182,23,1
1782386100,3986.91,3995.05,3986.25,3994.55,2119,23,1
1782386400,3994.55,4001.34,3994.48,3996.97,2521,23,1
1782386700,3996.98,3996.98,3992.54,3993.69,2165,23,1
1782387000,3993.69,4000.82,3993.69,4000.74,2259,23,1
1782387300,4000.75,4001.86,3996.11,4001.44,1944,23,1
1782387600,4001.45,4002.02,3998.39,3999.59,1779,23,1
1782387900,3999.57,3999.79,3991.69,3992.53,2022,23,1
1782388200,3992.53,3993.76,3989.61,3990.78,1813,23,1
1782388500,3990.77,3991.06,3988.57,3989.16,1695,23,1
1782388800,3989.16,3995.94,3989.14,3995.77,2181,23,1
1782389100,3995.78,3996.54,3991.32,3991.37,1904,23,1
1782389400,3991.37,3994.13,3990.89,3990.99,1718,23,1
1782389700,3990.99,3993.56,3989.30,3991.03,1908,23,1
1782390000,3991.04,3995.33,3990.91,3994.90,1824,23,1
1782390300,3994.91,3995.35,3992.52,3993.96,1765,23,1
1782390600,3993.96,3997.62,3993.34,3993.90,2242,23,1
1782390900,3993.94,3994.05,3986.10,3992.00,2148,23,1
1782391200,3992.01,3992.12,3987.31,3988.36,1749,23,1
1782391500,3988.38,3990.05,3988.12,3988.98,1389,23,1
1782391800,3988.99,3992.13,3988.86,3990.91,1436,23,1
1782392100,3990.93,3993.40,3987.57,3988.19,1465,23,1
1782392400,3988.21,3989.20,3985.44,3986.46,1644,23,1
1782392700,3986.45,3987.87,3985.96,3986.51,1413,23,1
1782393000,3986.51,3988.19,3983.59,3984.35,1640,23,1
1782393300,3984.36,3987.02,3983.21,3984.40,1593,23,1
1782393600,3984.40,3986.56,3983.68,3985.44,1422,23,1
1782393900,3985.43,3989.30,3985.40,3989.19,1389,23,1
1782394200,3989.19,3989.39,3984.63,3986.71,1609,23,1
1782394500,3986.71,3988.54,3986.10,3987.70,1383,23,1
1782394800,3987.71,3987.86,3984.78,3985.55,1386,23,1
1782395100,3985.56,3985.59,3982.35,3984.52,1349,23,1
1782395400,3984.31,3985.67,3982.06,3982.57,1473,23,1
1782395700,3982.57,3984.37,3981.27,3984.31,1394,23,1
1782396000,3984.32,3986.13,3982.01,3984.67,1913,23,1
1782396300,3984.67,3985.88,3982.94,3984.37,1656,23,1
1782396600,3984.40,3985.83,3982.23,3983.25,1642,23,1
1782396900,3983.25,3983.25,3976.09,3981.51,1984,23,1
1782397200,3981.52,3982.66,3979.73,3980.24,1550,23,1
1782397500,3980.24,3980.75,3976.92,3977.19,1778,23,1
1782397800,3977.19,3981.47,3976.54,3977.18,1755,23,1
1782398100,3977.18,3982.56,3973.65,3982.43,1909,23,1
1782398400,3982.44,3986.18,3982.24,3984.82,1853,23,1
1782398700,3984.80,3987.78,3984.33,3985.68,1774,23,1
1782399000,3985.69,3986.50,3982.08,3982.61,1979,23,1
1782399300,3982.61,3982.61,3979.48,3980.01,1866,23,1
1782399600,3980.01,3984.63,3980.01,3982.72,2111,23,1
1782399900,3982.70,3983.58,3979.66,3983.16,2045,23,1
1782400200,3983.15,3983.72,3980.20,3982.66,2033,23,1
1782400500,3982.66,3986.08,3980.01,3983.04,1926,23,1
1782400800,3983.04,3983.22,3978.95,3980.25,2127,23,1
1782401100,3980.26,3986.00,3978.91,3984.00,2299,23,1
1782401400,3983.95,4011.88,3983.82,3995.10,3882,23,1
1782401700,3995.09,4007.34,3989.29,3997.99,3697,23,1
1782402000,3997.98,4006.81,3992.09,4005.47,3547,23,1
1782402300,4005.60,4018.20,4003.57,4014.08,3504,23,1
1782402600,4014.14,4019.13,4011.06,4015.79,2991,23,1
1782402900,4015.98,4016.58,4008.63,4012.38,2866,23,1
1782403200,4012.37,4034.01,4012.00,4029.11,3794,23,1
1782403500,4029.12,4033.60,4024.21,4029.79,3402,23,1
1782403800,4029.62,4033.62,4025.60,4030.99,3088,23,1
1782404100,4030.96,4031.47,4020.93,4022.95,3052,23,1
1782404400,4023.07,4030.10,4020.88,4021.93,2955,23,1
1782404700,4022.08,4024.28,4018.84,4022.10,3103,23,1
1782405000,4022.07,4028.50,4013.45,4013.97,3671,23,1
1782405300,4013.95,4026.79,4012.57,4023.67,3588,23,1
1782405600,4023.68,4023.80,4010.92,4011.77,3709,23,1
1782405900,4011.82,4016.03,4008.14,4013.50,3830,23,1
1782406200,4013.50,4019.12,4007.17,4008.20,3761,23,1
1782406500,4008.26,4009.99,4001.03,4002.24,3916,23,1
1782406800,4002.23,4018.57,3999.18,4014.71,3984,23,1
1782407100,4014.61,4021.66,4010.27,4016.94,3767,23,1
1782407400,4016.93,4019.83,4013.34,4016.46,3606,23,1
1782407700,4016.46,4021.00,4013.71,4017.95,3740,23,1
1782408000,4017.94,4022.29,4012.79,4014.33,3721,23,1
1782408300,4014.36,4028.35,4012.90,4026.61,3706,23,1
1782408600,4026.62,4028.62,4022.06,4025.45,3590,23,1
1782408900,4025.49,4026.90,4016.36,4017.59,3368,23,1
1782409200,4017.58,4020.31,4015.88,4019.77,3252,23,1
1782409500,4019.77,4020.69,4014.50,4016.44,3305,23,1
1782409800,4016.44,4020.06,4013.04,4017.39,3202,23,1
1782410100,4017.40,4017.57,4011.26,4011.91,3176,23,1
1782410400,4011.92,4015.52,4009.85,4015.14,3073,23,1
1782410700,4015.13,4020.44,4014.15,4016.74,3355,23,1
1782411000,4016.75,4017.18,4004.98,4007.98,3355,23,1
1782411300,4007.96,4015.65,4005.89,4015.03,3438,23,1
1782411600,4015.02,4040.63,4012.55,4037.86,3768,23,1
1782411900,4037.85,4038.10,4026.03,4026.97,3571,23,1
1782412200,4026.97,4028.50,4021.88,4022.16,3361,23,1
1782412500,4022.20,4030.86,4021.97,4028.88,3127,23,1
1782412800,4028.77,4030.65,4026.49,4027.78,3000,23,1
1782413100,4027.76,4036.74,4026.92,4031.64,3213,23,1
1782413400,4031.63,4041.44,4030.46,4038.35,3148,23,1
1782413700,4038.32,4042.61,4036.87,4041.10,2970,23,1
1782414000,4041.08,4042.81,4034.96,4037.83,3103,23,1
1782414300,4037.83,4039.74,4034.05,4034.18,2812,23,1
1782414600,4034.18,4041.28,4033.73,4036.98,2852,23,1
1782414900,4036.98,4044.01,4036.97,4040.58,2910,23,1
1782415200,4040.60,4043.92,4040.54,4041.61,2731,23,1
1782415500,4041.62,4042.63,4039.61,4040.30,2564,23,1
1782415800,4040.29,4040.71,4033.46,4034.90,3005,23,1
1782416100,4034.89,4036.29,4031.22,4031.82,2499,23,1
1782416400,4031.82,4033.87,4031.01,4031.34,2362,23,1
1782416700,4031.35,4031.93,4023.86,4031.57,2777,23,1
1782417000,4031.57,4033.34,4028.01,4031.30,2456,23,1
1782417300,4031.31,4031.39,4027.46,4028.68,2271,23,1
1782417600,4028.68,4030.46,4026.83,4030.10,2548,23,1
1782417900,4030.11,4032.36,4029.27,4030.45,2387,23,1
1782418200,4030.45,4031.83,4029.05,4029.47,2205,23,1
1782418500,4029.49,4033.08,4029.09,4030.20,2590,23,1
1782418800,4030.19,4032.88,4027.88,4032.28,2717,23,1
1782419100,4032.28,4035.85,4030.24,4032.53,2634,23,1
1782419400,4032.59,4035.03,4031.24,4032.00,2288,23,1
1782419700,4032.00,4034.25,4031.10,4033.35,2118,23,1
1782420000,4033.36,4035.93,4032.93,4034.06,2107,23,1
1782420300,4034.05,4034.21,4029.66,4031.54,2106,23,1
1782420600,4031.55,4034.21,4031.08,4033.74,2083,23,1
1782420900,4033.74,4036.68,4033.45,4034.66,2186,23,1
1782421200,4034.66,4035.29,4027.57,4028.60,2938,23,1
1782421500,4028.60,4033.76,4025.96,4032.79,2897,23,1
1782421800,4032.77,4034.60,4030.45,4032.58,2506,23,1
1782422100,4032.58,4040.41,4032.13,4037.92,2467,23,1
1782422400,4037.92,4039.33,4037.30,4038.57,2395,23,1
1782422700,4038.58,4044.18,4038.06,4044.01,2486,23,1
1782423000,4044.05,4044.11,4033.93,4034.05,2543,23,1
1782423300,4034.06,4036.41,4033.32,4036.36,2318,23,1
1782423600,4036.35,4036.42,4031.86,4032.78,2431,23,1
1782423900,4032.79,4032.89,4029.77,4032.23,2069,23,1
1782424200,4032.23,4036.18,4031.74,4035.14,1839,23,1
1782424500,4035.16,4036.24,4033.79,4034.72,1929,23,1
1782424800,4034.70,4035.97,4032.59,4033.85,2083,23,1
1782425100,4033.84,4039.75,4033.00,4038.78,2212,23,1
1782425400,4038.78,4040.47,4038.39,4040.16,1908,23,1
1782425700,4040.15,4043.75,4036.09,4037.14,2477,23,1
1782426000,4037.11,4040.02,4037.03,4039.11,2171,23,1
1782426300,4039.10,4040.74,4035.36,4036.01,2269,23,1
1782426600,4035.99,4036.69,4031.94,4033.87,2204,23,1
1782426900,4033.87,4035.48,4032.57,4034.71,1729,23,1
1782427200,4034.70,4037.81,4032.81,4034.44,2196,23,1
1782427500,4034.44,4034.48,4025.97,4026.63,2293,23,1
1782427800,4026.65,4027.49,4021.89,4026.49,2646,23,1
1782428100,4026.50,4027.45,4022.08,4026.60,2624,23,1
1782428400,4026.75,4034.92,4025.67,4031.33,2178,23,1
1782428700,4031.32,4031.36,4028.03,4028.11,1148,23,1
1782429000,4028.09,4029.04,4027.27,4028.15,1016,23,1
1782429300,4028.10,4029.35,4026.53,4028.29,1169,23,1
1782429600,4028.28,4030.56,4028.11,4030.03,1173,23,1
1782429900,4030.02,4030.84,4028.17,4030.81,1027,23,1
1782430200,4030.79,4030.80,4026.75,4026.84,977,28,1
1782430500,4026.84,4027.61,4025.73,4025.97,830,28,1
1782430800,4025.97,4026.75,4024.79,4026.39,1026,28,1
1782431100,4026.39,4026.48,4024.47,4024.73,917,28,1
1782431400,4024.73,4025.70,4024.40,4024.80,805,28,1
1782431700,4024.80,4026.91,4024.38,4026.64,498,28,1
1782435600,4030.28,4031.57,4027.35,4029.48,1282,28,1
1782435900,4029.50,4029.83,4025.83,4025.83,772,28,1
1782436200,4025.84,4026.34,4021.92,4022.81,1190,28,1
1782436500,4022.83,4024.37,4021.54,4022.25,1012,28,1
1782436800,4022.25,4023.75,4019.81,4021.56,1252,28,1
1782437100,4021.57,4026.31,4020.36,4024.79,1399,28,1
1782437400,4024.79,4030.40,4024.42,4029.76,1453,23,1
1782437700,4029.75,4036.48,4029.70,4034.19,1601,23,1
1782438000,4034.19,4036.57,4028.60,4028.60,1532,23,1
1782438300,4028.59,4030.20,4023.96,4024.88,1543,23,1
1782438600,4024.90,4025.43,4021.91,4022.40,1576,23,1
1782438900,4022.41,4027.43,4022.13,4026.33,1484,23,1
1782439200,4026.33,4027.07,4023.46,4023.51,1172,23,1
1782439500,4023.50,4024.39,4021.51,4022.78,969,23,1
1782439800,4022.84,4024.36,4021.51,4023.45,1149,23,1
1782440100,4023.45,4026.16,4022.48,4026.16,1380,23,1
1782440400,4026.16,4029.58,4025.28,4028.28,1508,23,1
1782440700,4028.28,4030.17,4028.16,4029.80,1393,23,1
1782441000,4029.75,4030.40,4021.15,4021.42,1463,23,1
1782441300,4021.43,4025.11,4021.43,4023.97,1568,23,1
1782441600,4023.97,4024.43,4022.88,4024.24,1035,23,1
1782441900,4024.25,4024.25,4016.45,4017.88,1819,23,1
1782442200,4017.89,4019.53,4016.51,4017.42,1646,23,1
1782442500,4017.42,4017.80,4012.56,4014.41,1701,23,1
1782442800,4014.48,4018.54,4012.28,4012.34,2177,20,1
1782443100,4012.32,4015.63,4011.42,4014.64,2159,23,1
1782443400,4014.65,4019.81,4012.01,4019.64,2219,23,1
1782443700,4019.63,4023.43,4018.64,4021.90,1964,23,1
1782444000,4021.90,4021.99,4017.10,4018.27,2040,23,1
1782444300,4018.23,4019.14,4012.43,4015.39,1943,23,1
1782444600,4015.39,4016.81,4012.38,4015.96,2008,23,1
1782444900,4015.99,4017.93,4014.35,4016.23,1923,23,1
1782445200,4016.24,4019.82,4015.07,4019.12,1886,23,1
1782445500,4019.12,4023.84,4018.77,4019.09,1913,23,1
1782445800,4019.10,4021.05,4015.55,4016.28,1768,23,1
1782446100,4016.24,4024.43,4016.11,4020.26,2049,23,1
1782446400,4020.28,4029.61,4017.37,4017.42,2590,23,1
1782446700,4017.36,4020.75,4014.29,4017.39,2333,23,1
1782447000,4017.44,4021.43,4017.26,4019.79,2177,23,1
1782447300,4019.78,4026.47,4018.40,4024.60,2692,23,1
1782447600,4024.60,4024.86,4021.67,4022.86,2497,23,1
1782447900,4022.87,4023.01,4017.72,4022.68,2512,23,1
1782448200,4022.66,4023.70,4019.29,4020.38,3001,23,1
1782448500,4020.34,4022.81,4016.16,4021.50,2989,23,1
1782448800,4021.50,4025.48,4020.08,4020.57,2802,23,1
1782449100,4020.55,4022.88,4014.46,4016.21,3103,23,1
1782449400,4016.20,4018.66,4014.56,4018.19,3053,23,1
1782449700,4018.20,4021.75,4018.15,4020.97,2577,23,1
1782450000,4020.97,4023.25,4017.61,4020.41,2778,23,1
1782450300,4020.30,4020.75,4015.30,4016.92,2704,23,1
1782450600,4016.92,4016.93,4013.41,4015.10,2446,23,1
1782450900,4015.10,4016.67,4009.19,4009.19,2005,23,1
1782451200,4009.20,4011.30,4005.30,4006.01,2357,23,1
1782451500,4006.00,4008.39,4003.92,4007.35,2191,23,1
1782451800,4007.35,4009.30,4001.28,4002.93,2817,23,1
1782452100,4002.92,4003.42,3991.75,3997.62,2978,23,1
1782452400,3997.62,3997.62,3991.28,3992.31,2744,23,1
1782452700,3992.27,3994.22,3990.83,3993.18,2806,23,1
1782453000,3993.18,3995.40,3984.91,3986.28,2859,23,1
1782453300,3986.28,3993.38,3983.05,3990.70,2949,23,1
1782453600,3990.68,3992.50,3986.62,3990.45,2820,23,1
1782453900,3990.45,3995.46,3989.45,3994.94,2650,23,1
1782454200,3994.94,3999.86,3993.41,3997.63,2797,23,1
1782454500,3997.67,3999.91,3993.93,3998.52,2478,23,1
1782454800,3998.52,3998.52,3992.85,3993.52,2507,23,1
1782455100,3993.51,3995.98,3992.70,3995.35,2271,23,1
1782455400,3995.35,3998.48,3993.12,3995.72,1981,23,1
1782455700,3995.74,3998.28,3995.10,3996.32,1979,23,1
1782456000,3996.32,4001.19,3996.13,4000.26,2475,23,1
1782456300,4000.26,4000.35,3997.38,3997.82,2226,23,1
1782456600,3997.83,4002.47,3997.77,4002.10,2274,23,1
1782456900,4002.12,4006.52,4001.75,4004.22,2229,23,1
1782457200,4004.25,4005.56,4000.96,4000.97,2106,23,1
1782457500,4000.97,4003.28,3998.73,4001.01,2197,23,1
1782457800,4000.99,4009.47,4000.88,4008.48,2113,23,1
1782458100,4008.48,4012.02,4006.75,4009.34,2056,23,1
1782458400,4009.32,4010.41,4007.76,4007.80,1860,23,1
1782458700,4007.79,4008.50,4005.98,4007.40,2081,23,1
1782459000,4007.39,4008.29,4004.41,4004.98,2072,23,1
1782459300,4004.98,4005.18,4002.51,4003.25,1873,23,1
1782459600,4003.24,4008.24,4001.68,4008.17,2080,23,1
1782459900,4008.20,4009.71,4007.19,4009.30,1965,23,1
1782460200,4009.30,4015.33,4008.83,4014.36,1997,23,1
1782460500,4014.36,4015.07,4010.93,4011.32,2030,23,1
1782460800,4011.36,4013.24,4009.64,4010.11,2100,23,1
1782461100,4010.12,4012.39,4006.43,4011.99,2128,23,1
1782461400,4011.99,4015.24,4011.91,4015.24,1885,23,1
1782461700,4015.30,4019.16,4013.68,4014.74,2195,23,1
1782462000,4014.74,4015.00,4011.77,4013.31,1798,23,1
1782462300,4013.31,4018.48,4013.29,4016.63,2046,23,1
1782462600,4016.64,4021.54,4014.87,4016.74,2788,23,1
1782462900,4016.70,4018.84,4012.13,4013.78,2677,23,1
1782463200,4013.78,4017.09,4010.94,4011.33,2663,23,1
1782463500,4011.31,4012.18,4005.67,4011.83,2689,23,1
1782463800,4011.83,4015.35,4010.58,4015.10,2619,23,1
1782464100,4015.10,4015.12,4006.59,4007.97,2541,23,1
1782464400,4007.98,4010.52,4006.78,4007.67,2627,23,1
1782464700,4007.67,4011.70,4007.66,4008.68,2571,23,1
1782465000,4008.71,4010.13,4006.85,4009.51,2512,23,1
1782465300,4009.51,4011.31,4008.35,4008.64,2532,23,1
1782465600,4008.64,4024.77,4008.55,4023.14,3065,23,1
1782465900,4023.07,4024.72,4020.56,4024.24,2829,23,1
1782466200,4024.24,4027.71,4022.65,4023.68,2813,23,1
1782466500,4023.71,4025.35,4021.40,4023.36,2669,23,1
1782466800,4023.38,4026.38,4020.94,4025.27,2675,23,1
1782467100,4025.25,4028.41,4023.41,4023.79,2520,23,1
1782467400,4023.80,4025.80,4022.02,4023.69,2365,23,1
1782467700,4023.69,4033.13,4023.10,4032.07,2810,23,1
1782468000,4032.11,4033.88,4026.73,4029.42,2709,23,1
1782468300,4029.40,4032.29,4028.12,4029.10,2152,23,1
1782468600,4029.09,4029.56,4027.07,4027.40,1890,23,1
1782468900,4027.39,4031.57,4026.97,4031.25,1983,23,1
1782469200,4031.25,4031.33,4027.71,4029.21,1857,23,1
1782469500,4029.41,4039.71,4029.41,4037.86,2330,23,1
1782469800,4037.89,4038.83,4037.01,4037.63,1992,23,1
1782470100,4037.67,4038.07,4034.16,4036.17,1801,23,1
1782470400,4036.20,4036.33,4030.96,4031.42,1671,23,1
1782470700,4031.42,4031.68,4028.46,4029.01,1604,23,1
1782471000,4029.02,4030.29,4027.87,4030.24,1670,23,1
1782471300,4030.25,4032.16,4029.76,4030.61,1549,23,1
1782471600,4030.59,4033.06,4025.87,4026.55,2375,23,1
1782471900,4026.56,4031.60,4025.78,4030.52,2107,23,1
1782472200,4030.52,4031.36,4027.98,4030.97,1927,23,1
1782472500,4030.99,4034.53,4029.80,4032.42,1930,23,1
1782472800,4032.45,4033.93,4030.14,4030.81,1940,23,1
1782473100,4030.82,4035.81,4030.47,4035.74,1973,23,1
1782473400,4035.68,4036.01,4032.56,4034.40,1973,23,1
1782473700,4034.42,4034.61,4032.39,4033.27,1804,23,1
1782474000,4033.28,4035.92,4032.56,4035.62,1830,23,1
1782474300,4035.62,4037.74,4032.86,4033.62,1830,23,1
1782474600,4033.63,4034.33,4032.26,4032.78,1758,23,1
1782474900,4032.79,4032.80,4029.65,4030.93,1947,23,1
1782475200,4030.93,4034.86,4029.57,4034.27,1925,23,1
1782475500,4034.28,4039.72,4034.10,4038.63,2030,23,1
1782475800,4038.62,4041.58,4037.65,4039.43,1906,23,1
1782476100,4039.41,4046.91,4034.50,4046.43,2230,23,1
1782476400,4046.43,4048.82,4043.03,4048.06,2401,23,1
1782476700,4048.06,4050.62,4046.87,4048.21,2331,23,1
1782477000,4048.29,4049.61,4045.27,4048.16,2295,23,1
1782477300,4048.17,4054.08,4048.17,4051.79,2063,23,1
1782477600,4051.79,4053.74,4047.52,4048.01,1920,23,1
1782477900,4048.01,4048.93,4045.46,4047.08,2076,23,1
1782478200,4047.11,4053.99,4046.48,4050.65,2068,23,1
1782478500,4050.62,4050.66,4047.02,4047.15,1975,23,1
1782478800,4047.14,4048.96,4044.42,4047.65,2014,23,1
1782479100,4047.64,4050.83,4046.83,4049.81,1824,23,1
1782479400,4049.80,4052.18,4049.78,4051.01,1691,23,1
1782479700,4051.00,4051.52,4044.53,4044.53,1755,23,1
1782480000,4044.47,4045.85,4042.31,4044.27,1797,23,1
1782480300,4044.27,4048.72,4043.59,4048.09,1665,23,1
1782480600,4048.10,4054.46,4047.55,4054.07,1836,23,1
1782480900,4054.06,4054.27,4049.06,4049.25,2120,23,1
1782481200,4049.25,4050.86,4046.80,4048.51,1823,23,1
1782481500,4048.51,4050.35,4047.95,4048.92,1671,23,1
1782481800,4048.92,4054.42,4048.64,4052.87,1697,23,1
1782482100,4052.89,4054.81,4051.39,4054.67,1855,23,1
1782482400,4054.69,4055.38,4051.44,4052.94,2211,23,1
1782482700,4052.94,4054.81,4051.86,4053.10,1840,23,1
1782483000,4052.87,4053.15,4047.17,4047.29,1790,23,1
1782483300,4047.29,4053.83,4046.16,4053.02,1933,23,1
1782483600,4053.02,4053.68,4051.32,4052.04,1705,23,1
1782483900,4052.05,4053.62,4050.64,4052.70,1638,23,1
1782484200,4052.69,4055.11,4052.67,4053.83,1778,23,1
1782484500,4053.83,4053.83,4048.32,4048.49,1714,23,1
1782484800,4048.48,4050.28,4046.25,4046.70,1970,23,1
1782485100,4046.68,4048.50,4045.56,4045.81,1687,23,1
1782485400,4045.81,4046.14,4042.70,4044.57,2189,23,1
1782485700,4044.57,4047.19,4044.56,4045.89,2077,23,1
1782486000,4045.90,4046.17,4043.74,4044.76,2056,23,1
1782486300,4044.79,4048.33,4044.65,4047.96,1927,23,1
1782486600,4047.96,4050.86,4047.70,4049.10,1749,23,1
1782486900,4049.10,4051.50,4044.00,4044.42,1958,23,1
1782487200,4044.42,4046.77,4041.98,4044.20,2341,23,1
1782487500,4044.19,4047.61,4044.18,4046.64,1996,23,1
1782487800,4046.63,4049.23,4042.86,4044.91,2251,23,1
1782488100,4044.92,4046.08,4043.13,4044.13,2287,23,1
1782488400,4044.12,4044.25,4035.83,4040.36,2410,23,1
1782488700,4040.32,4044.52,4039.27,4044.51,2340,23,1
1782489000,4044.51,4048.73,4043.61,4045.89,2427,23,1
1782489300,4045.92,4061.52,4045.92,4058.96,3062,23,1
1782489600,4058.96,4065.98,4050.22,4052.37,3549,23,1
1782489900,4052.32,4053.17,4043.49,4044.59,3031,23,1
1782490200,4044.65,4050.92,4043.55,4050.62,2873,23,1
1782490500,4050.62,4053.23,4043.28,4050.89,3221,23,1
1782490800,4050.76,4058.44,4049.76,4057.30,3298,23,1
1782491100,4057.30,4058.67,4053.21,4057.10,3026,23,1
1782491400,4057.10,4057.10,4047.65,4050.45,3648,23,1
1782491700,4050.50,4051.49,4044.99,4048.01,3782,23,1
1782492000,4048.02,4062.27,4047.64,4062.27,3502,23,1
1782492300,4062.29,4065.19,4058.61,4062.14,3493,23,1
1782492600,4062.14,4069.68,4060.91,4064.13,3532,23,1
1782492900,4064.13,4077.99,4063.79,4073.64,3317,23,1
1782493200,4073.55,4079.26,4067.78,4077.38,3578,23,1
1782493500,4077.39,4079.36,4072.03,4079.14,3295,23,1
1782493800,4079.16,4085.06,4076.72,4082.20,3392,23,1
1782494100,4082.21,4093.05,4081.20,4088.75,3434,23,1
1782494400,4088.67,4092.39,4087.40,4088.65,3387,23,1
1782494700,4088.64,4090.97,4084.19,4084.37,3230,23,1
1782495000,4084.39,4084.76,4079.69,4080.35,3124,23,1
1782495300,4080.34,4081.85,4076.42,4079.20,2783,23,1
1782495600,4079.20,4083.93,4076.37,4082.63,3088,23,1
1782495900,4082.62,4091.71,4082.60,4088.18,3130,23,1
1782496200,4088.18,4088.80,4083.89,4087.81,3247,23,1
1782496500,4087.88,4091.32,4080.50,4080.53,3357,23,1
1782496800,4080.51,4083.20,4079.20,4079.29,3025,23,1
1782497100,4079.29,4081.17,4075.77,4081.02,2765,23,1
1782497400,4081.01,4082.31,4077.59,4079.50,2676,23,1
1782497700,4079.53,4084.45,4077.93,4082.26,2931,23,1
1782498000,4082.25,4083.94,4080.29,4082.16,2788,23,1
1782498300,4082.14,4084.35,4080.64,4084.21,2613,23,1
1782498600,4084.26,4088.76,4082.12,4082.15,2709,23,1
1782498900,4082.15,4093.93,4081.74,4091.69,2768,23,1
1782499200,4091.67,4095.49,4091.17,4094.99,2704,23,1
1782499500,4095.02,4095.97,4090.99,4094.73,2559,23,1
1782499800,4094.66,4095.45,4083.37,4086.30,3271,23,1
1782500100,4086.30,4091.79,4085.76,4090.53,2463,23,1
1782500400,4090.52,4092.87,4089.83,4091.64,2302,23,1
1782500700,4091.52,4091.61,4088.58,4089.26,2125,23,1
1782501000,4089.26,4092.31,4088.37,4091.19,2339,23,1
1782501300,4091.19,4093.45,4089.76,4090.23,2176,23,1
1782501600,4090.25,4090.52,4083.20,4085.48,2726,23,1
1782501900,4085.57,4088.17,4084.41,4086.74,2137,23,1
1782502200,4086.71,4093.05,4086.71,4088.18,2437,23,1
1782502500,4088.12,4088.53,4084.13,4084.60,2173,23,1
1782502800,4084.60,4086.02,4082.22,4084.50,2124,23,1
1782503100,4084.50,4086.78,4083.75,4083.75,2148,23,1
1782503400,4083.79,4085.48,4082.84,4085.33,1832,23,1
1782503700,4085.33,4085.86,4083.85,4085.04,1557,23,1
1782504000,4085.04,4085.83,4083.66,4084.74,1913,23,1
1782504300,4084.73,4088.08,4084.34,4086.91,1732,23,1
1782504600,4086.92,4087.39,4082.47,4083.37,1773,23,1
1782504900,4083.38,4084.07,4081.51,4081.61,1662,23,1
1782505200,4081.61,4085.07,4080.27,4084.71,2256,23,1
1782505500,4084.69,4084.70,4080.32,4081.44,2123,23,1
1782505800,4081.48,4083.30,4076.35,4078.08,2166,23,1
1782506100,4078.08,4078.92,4074.32,4075.61,2347,23,1
1782506400,4075.63,4077.60,4074.20,4076.71,2201,23,1
1782506700,4076.70,4077.75,4074.30,4076.06,2108,23,1
1782507000,4076.06,4076.96,4074.49,4075.35,1823,23,1
1782507300,4075.35,4075.61,4073.65,4074.68,1886,23,1
1782507600,4074.69,4076.71,4072.36,4076.53,2023,23,1
1782507900,4076.53,4078.78,4075.09,4077.40,1654,23,1
1782508200,4077.40,4078.03,4075.87,4076.80,1682,23,1
1782508500,4076.81,4076.96,4073.60,4074.31,1823,23,1
1782508800,4074.31,4074.51,4071.51,4071.84,1734,23,1
1782509100,4071.84,4073.79,4071.75,4073.48,1625,23,1
1782509400,4073.48,4075.44,4073.48,4074.52,1533,23,1
1782509700,4074.52,4074.71,4072.66,4073.70,1403,23,1
1782510000,4073.71,4074.10,4071.80,4072.56,1334,23,1
1782510300,4072.56,4072.56,4067.76,4069.39,1749,23,1
1782510600,4069.39,4070.48,4068.54,4070.09,1626,23,1
1782510900,4070.09,4071.24,4067.12,4067.30,2066,23,1
1782511200,4067.32,4068.31,4065.05,4065.38,2111,23,1
1782511500,4065.38,4067.41,4064.53,4066.62,2047,23,1
1782511800,4066.63,4069.99,4066.12,4069.44,1479,23,1
1782512100,4069.45,4069.62,4067.26,4068.13,1686,23,1
1782512400,4068.13,4068.13,4064.55,4065.57,1661,23,1
1782512700,4065.58,4067.49,4064.89,4066.38,1506,23,1
1782513000,4066.38,4070.17,4065.77,4070.15,1683,23,1
1782513300,4070.15,4070.78,4067.97,4068.66,1692,23,1
1782513600,4068.66,4070.38,4068.05,4068.65,1937,23,1
1782513900,4068.64,4070.11,4066.92,4070.02,1941,23,1
1782514200,4070.02,4074.06,4070.02,4073.51,2326,23,1
1782514500,4073.49,4074.62,4071.49,4071.64,2342,23,1
1782514800,4071.64,4072.63,4070.94,4071.32,1874,23,1
1782515100,4071.32,4071.60,4065.95,4066.15,1500,23,1
1782515400,4066.16,4068.38,4064.63,4067.93,1226,23,1
1782515700,4067.94,4068.40,4066.27,4067.83,1251,23,1
1782516000,4067.82,4071.50,4067.30,4071.47,1129,23,1
1782516300,4071.48,4073.01,4071.04,4072.09,1390,23,1
1782516600,4072.06,4072.06,4066.96,4069.87,1983,24,1
1782516900,4069.88,4070.42,4068.34,4069.38,1509,28,1
1782517200,4069.41,4071.00,4068.94,4070.77,1465,28,1
1782517500,4070.74,4076.15,4070.17,4075.90,1429,28,1
1782517800,4075.89,4082.04,4073.56,4081.15,1754,28,1
1782518100,4081.14,4088.25,4080.62,4087.93,752,28,1
1782694800,4088.24,4088.35,4072.85,4075.87,2882,28,1
1782695100,4075.87,4083.64,4073.30,4076.77,2218,28,1
1782695400,4076.28,4078.15,4070.20,4070.20,2005,28,1
1782695700,4070.25,4070.60,4053.32,4060.13,2576,28,1
1782696000,4060.11,4062.69,4056.08,4059.59,2071,28,1
1782696300,4059.59,4061.58,4056.70,4057.34,1681,28,1
1782696600,4057.32,4062.86,4056.53,4057.47,1911,23,1
1782696900,4057.44,4062.19,4056.11,4061.19,1514,23,1
1782697200,4061.21,4065.41,4061.21,4063.41,1318,23,1
1782697500,4063.42,4069.38,4063.29,4069.07,1446,23,1
1782697800,4069.07,4069.08,4062.35,4064.62,1421,23,1
1782698100,4064.62,4069.50,4064.04,4066.46,1400,23,1
1782698400,4066.47,4070.21,4065.63,4067.88,1766,23,1
1782698700,4067.88,4070.52,4066.14,4070.39,1791,23,1
1782699000,4070.38,4070.38,4065.35,4065.59,1779,23,1
1782699300,4065.59,4065.70,4059.25,4060.10,1812,23,1
1782699600,4060.10,4060.84,4056.22,4057.67,1565,23,1
1782699900,4057.66,4059.15,4055.40,4056.99,1452,23,1
1782700200,4056.97,4057.54,4051.91,4056.21,1926,23,1
1782700500,4056.22,4062.17,4055.99,4060.62,1728,23,1
1782700800,4060.62,4062.73,4060.09,4062.63,1532,23,1
1782701100,4062.67,4065.48,4061.58,4061.83,2158,23,1
1782701400,4061.83,4066.25,4061.25,4064.44,1746,23,1
1782701700,4064.45,4065.12,4062.54,4062.77,1904,23,1
1782702000,4062.77,4064.75,4057.44,4062.19,3355,23,1
1782702300,4062.14,4062.46,4053.80,4058.05,3252,23,1
1782702600,4058.06,4060.74,4056.57,4058.86,2923,23,1
1782702900,4058.86,4062.07,4057.30,4057.46,2931,23,1
1782703200,4057.47,4058.24,4050.70,4052.47,2842,23,1
1782703500,4052.47,4052.89,4048.27,4048.27,2668,23,1
1782703800,4048.27,4055.41,4048.27,4054.12,2602,23,1
1782704100,4054.14,4061.61,4053.65,4060.59,2699,23,1
1782704400,4060.58,4069.80,4060.40,4069.49,2550,23,1
1782704700,4069.49,4069.49,4063.03,4066.54,2560,23,1
1782705000,4066.54,4069.55,4064.34,4069.53,2426,23,1
1782705300,4069.52,4074.17,4068.08,4069.54,2557,23,1
1782705600,4069.54,4070.21,4058.31,4064.55,3593,23,1
1782705900,4064.54,4074.52,4060.00,4061.89,3242,23,1
1782706200,4061.93,4064.59,4053.77,4054.82,3088,23,1
1782706500,4054.82,4060.30,4054.67,4058.43,3231,23,1
1782706800,4058.43,4063.35,4057.08,4061.05,2844,23,1
1782707100,4061.05,4066.06,4059.14,4059.28,2913,23,1
1782707400,4059.26,4060.71,4055.75,4059.78,2967,23,1
1782707700,4059.77,4064.59,4058.82,4061.74,2866,23,1
1782708000,4061.72,4066.65,4061.52,4063.59,2709,23,1
1782708300,4063.60,4063.87,4054.91,4060.07,3014,23,1
1782708600,4060.06,4061.91,4056.68,4061.90,2810,23,1
1782708900,4061.91,4063.08,4059.46,4061.40,2712,23,1
1782709200,4061.34,4070.47,4059.40,4066.00,3064,23,1
1782709500,4066.00,4067.37,4059.81,4061.93,2926,23,1
1782709800,4061.95,4066.71,4060.29,4061.02,2885,23,1
1782710100,4061.02,4069.09,4060.41,4067.56,2524,23,1
1782710400,4067.56,4070.19,4065.29,4067.77,2401,23,1
1782710700,4067.77,4070.69,4067.05,4068.82,2264,23,1
1782711000,4068.83,4071.73,4067.29,4068.76,2747,23,1
1782711300,4068.75,4068.75,4059.86,4060.39,2759,23,1
1782711600,4060.36,4063.07,4058.39,4060.39,2506,23,1
1782711900,4060.45,4069.37,4058.97,4067.47,2685,23,1
1782712200,4067.45,4069.38,4064.00,4067.33,2671,23,1
1782712500,4067.33,4068.67,4065.18,4066.35,2350,23,1
1782712800,4066.35,4067.32,4064.98,4065.92,2451,23,1
1782713100,4065.91,4070.18,4065.38,4069.78,2220,23,1
1782713400,4069.78,4070.97,4065.47,4069.09,2288,23,1
1782713700,4069.11,4071.54,4067.38,4069.42,2075,23,1
1782714000,4069.42,4075.73,4068.93,4073.57,2412,23,1
1782714300,4073.57,4073.57,4071.06,4072.41,2229,23,1
1782714600,4072.41,4073.42,4067.76,4069.40,1962,23,1
1782714900,4069.70,4069.70,4065.86,4067.21,2019,23,1
1782715200,4067.22,4071.77,4065.69,4067.85,2026,23,1
1782715500,4067.86,4068.10,4066.24,4067.56,1726,23,1
1782715800,4067.56,4071.90,4066.55,4070.09,1851,23,1
1782716100,4070.05,4070.05,4067.65,4068.94,1602,23,1
1782716400,4068.94,4068.99,4065.10,4067.33,1862,23,1
1782716700,4067.33,4068.12,4065.20,4066.24,1530,23,1
1782717000,4066.25,4066.84,4064.20,4065.56,1424,23,1
1782717300,4065.56,4065.60,4062.22,4064.61,1355,23,1
1782717600,4064.61,4064.77,4062.39,4063.76,1380,23,1
1782717900,4063.75,4066.52,4063.59,4065.09,1475,23,1
1782718200,4065.09,4065.44,4060.30,4061.13,1657,23,1
1782718500,4061.15,4061.58,4054.97,4054.99,1811,23,1
1782718800,4054.97,4057.66,4052.83,4057.07,2019,23,1
1782719100,4057.09,4057.76,4055.50,4057.13,1597,23,1
1782719400,4057.12,4057.64,4054.15,4054.17,1491,23,1
1782719700,4054.18,4054.18,4049.62,4052.27,1645,23,1
1782720000,4052.27,4054.70,4047.31,4054.70,2302,23,1
1782720300,4054.68,4057.38,4050.87,4052.70,2260,23,1
1782720600,4052.72,4056.17,4052.35,4055.97,2021,23,1
1782720900,4056.00,4057.39,4053.70,4054.43,1842,23,1
1782721200,4054.40,4056.69,4049.27,4050.59,2044,23,1
1782721500,4050.57,4052.63,4047.97,4049.35,2140,23,1
1782721800,4049.36,4050.26,4040.29,4045.40,3219,23,1
1782722100,4045.39,4046.03,4039.35,4043.96,2771,23,1
1782722400,4043.96,4051.56,4043.24,4050.44,2604,23,1
1782722700,4050.44,4053.29,4049.07,4049.72,2550,23,1
1782723000,4049.73,4055.34,4047.22,4053.33,2492,23,1
1782723300,4053.36,4056.91,4052.22,4054.42,2643,23,1
1782723600,4054.42,4060.40,4053.55,4058.78,2719,23,1
1782723900,4058.75,4064.11,4057.74,4061.71,2662,23,1
1782724200,4061.70,4062.63,4057.72,4059.76,2534,23,1
1782724500,4059.77,4060.22,4057.31,4059.75,2236,23,1
1782724800,4059.74,4060.23,4057.14,4058.27,2076,23,1
1782725100,4058.26,4063.12,4056.09,4060.86,2380,23,1
1782725400,4060.86,4060.99,4055.46,4056.92,2176,23,1
1782725700,4056.93,4059.73,4055.06,4059.73,2216,23,1
1782726000,4059.72,4061.92,4058.52,4061.20,1924,23,1
1782726300,4061.21,4064.91,4059.85,4063.16,2042,23,1
1782726600,4063.17,4064.35,4062.22,4063.25,1938,23,1
1782726900,4063.25,4064.25,4061.59,4062.28,2165,23,1
1782727200,4062.36,4062.62,4057.99,4060.82,2427,23,1
1782727500,4060.82,4060.82,4057.99,4059.60,1968,23,1
1782727800,4059.61,4061.15,4056.08,4059.22,1905,23,1
1782728100,4059.21,4062.66,4058.08,4060.46,1777,23,1
1782728400,4060.46,4063.04,4058.09,4062.68,1833,23,1
1782728700,4062.69,4066.33,4060.87,4066.04,1851,23,1
1782729000,4066.05,4066.30,4062.79,4063.01,1777,23,1
1782729300,4063.01,4063.36,4061.62,4063.03,1645,23,1
1782729600,4063.03,4064.96,4060.99,4062.62,1808,23,1
1782729900,4062.67,4064.21,4060.76,4063.53,1613,23,1
1782730200,4063.53,4068.50,4063.33,4064.45,1751,23,1
1782730500,4064.45,4066.43,4061.39,4061.56,1781,23,1
1782730800,4061.55,4064.41,4060.50,4062.77,2149,23,1
1782731100,4062.80,4065.94,4062.23,4063.85,1909,23,1
1782731400,4063.83,4064.59,4062.26,4063.98,1713,23,1
1782731700,4063.97,4065.43,4062.07,4063.94,2018,23,1
1782732000,4063.95,4064.33,4060.76,4062.59,1770,23,1
1782732300,4062.60,4064.04,4060.57,4061.23,1634,23,1
1782732600,4061.23,4066.61,4060.90,4063.68,1711,23,1
1782732900,4063.69,4063.94,4060.62,4062.48,1594,23,1
1782733200,4062.47,4062.65,4054.71,4055.67,1986,23,1
1782733500,4055.67,4057.30,4054.22,4055.37,1834,23,1
1782733800,4055.33,4055.57,4051.58,4051.59,2063,23,1
1782734100,4051.60,4052.18,4043.67,4047.04,1941,23,1
1782734400,4047.01,4050.51,4045.34,4049.69,1998,23,1
1782734700,4049.71,4055.26,4049.19,4053.01,1855,23,1
1782735000,4053.01,4053.83,4048.42,4050.11,1721,23,1
1782735300,4050.11,4053.37,4048.98,4051.67,1879,23,1
1782735600,4051.67,4051.75,4047.06,4048.12,1777,23,1
1782735900,4048.12,4048.84,4045.21,4047.38,2104,23,1
1782736200,4047.39,4050.73,4042.01,4045.69,2452,23,1
1782736500,4045.71,4045.75,4041.50,4043.15,1919,23,1
1782736800,4043.16,4044.19,4040.76,4043.64,1698,23,1
1782737100,4043.63,4044.02,4037.58,4040.30,1696,23,1
1782737400,4040.30,4040.30,4032.85,4034.38,2498,23,1
1782737700,4034.37,4036.64,4024.71,4031.57,2634,23,1
1782738000,4031.56,4033.35,4027.48,4029.74,2251,23,1
1782738300,4029.75,4032.26,4029.23,4031.89,1808,23,1
1782738600,4031.89,4039.74,4031.83,4038.43,1984,23,1
1782738900,4038.44,4038.50,4032.73,4035.48,1869,23,1
1782739200,4035.48,4038.08,4034.47,4037.35,1464,23,1
1782739500,4037.36,4038.65,4036.55,4037.38,1625,23,1
1782739800,4037.38,4038.35,4031.91,4033.48,1733,23,1
1782740100,4033.50,4038.73,4031.87,4038.39,1664,23,1
1782740400,4038.39,4038.70,4033.58,4034.60,1752,23,1
1782740700,4034.59,4035.09,4032.64,4034.81,1331,23,1
1782741000,4034.81,4038.31,4033.92,4037.92,1433,23,1
1782741300,4037.92,4038.22,4035.32,4036.78,1579,23,1
1782741600,4036.78,4038.54,4035.31,4036.25,1865,23,1
1782741900,4036.24,4037.76,4035.24,4036.61,1525,23,1
1782742200,4036.61,4036.66,4032.44,4034.30,1606,23,1
1782742500,4034.31,4036.01,4033.24,4033.48,1522,23,1
1782742800,4033.48,4034.77,4029.09,4029.13,1591,23,1
1782743100,4029.12,4032.32,4027.42,4032.01,1733,23,1
1782743400,4032.01,4038.54,4029.88,4035.54,2235,23,1
1782743700,4035.55,4035.79,4031.94,4032.22,1545,23,1
1782744000,4032.23,4036.71,4032.05,4035.26,1929,23,1
1782744300,4035.25,4037.98,4034.85,4035.13,1744,23,1
1782744600,4035.13,4038.44,4035.12,4037.77,1579,23,1
1782744900,4037.77,4042.28,4036.98,4039.26,1987,23,1
1782745200,4039.22,4047.95,4037.91,4045.40,2286,23,1
1782745500,4045.53,4048.27,4043.86,4047.97,2134,23,1
1782745800,4048.00,4052.38,4047.39,4047.55,1960,23,1
1782746100,4047.55,4049.64,4043.55,4043.57,2054,23,1
1782746400,4043.57,4045.97,4037.91,4039.82,2188,23,1
1782746700,4039.82,4041.42,4037.72,4038.38,2121,23,1
1782747000,4038.39,4044.18,4037.60,4043.30,2074,23,1
1782747300,4043.30,4047.16,4043.19,4044.99,2072,23,1
1782747600,4045.00,4046.51,4041.55,4044.86,1819,23,1
1782747900,4044.86,4046.81,4042.46,4043.30,1742,23,1
1782748200,4043.28,4047.78,4043.27,4044.42,1873,23,1
1782748500,4044.42,4045.09,4042.34,4043.57,1871,23,1
1782748800,4043.58,4051.70,4043.48,4050.58,2871,23,1
1782749100,4050.56,4051.67,4045.91,4046.06,2386,23,1
1782749400,4046.11,4049.73,4044.47,4047.20,2049,23,1
1782749700,4047.19,4049.71,4046.08,4049.09,2114,23,1
1782750000,4049.09,4049.25,4043.39,4043.66,2282,23,1
1782750300,4043.66,4043.68,4038.04,4038.04,2356,23,1
1782750600,4037.88,4044.52,4036.94,4043.48,3351,23,1
1782750900,4043.45,4044.03,4034.03,4036.11,3319,23,1
1782751200,4036.11,4041.97,4035.40,4038.54,3008,23,1
1782751500,4038.53,4040.41,4033.26,4035.14,3050,23,1
1782751800,4035.15,4036.24,4030.16,4031.88,3141,23,1
1782752100,4031.89,4033.44,4028.28,4032.24,3176,23,1
1782752400,4032.24,4035.44,4022.56,4027.07,3400,23,1
1782752700,4027.04,4028.16,4015.17,4015.46,3563,23,1
1782753000,4015.49,4017.86,4008.58,4008.85,3535,23,1
1782753300,4008.86,4018.54,4000.72,4017.65,3842,23,1
1782753600,4017.57,4020.47,4015.35,4020.45,3385,23,1
1782753900,4020.47,4028.37,4019.99,4024.91,3127,23,1
1782754200,4024.91,4028.17,4023.69,4026.46,3128,23,1
1782754500,4026.46,4027.86,4021.48,4023.62,2980,23,1
1782754800,4023.63,4024.43,4020.11,4021.00,3015,23,1
1782755100,4020.97,4023.56,4017.97,4019.69,3223,23,1
1782755400,4019.68,4027.03,4019.07,4026.26,2937,23,1
1782755700,4026.26,4030.33,4023.95,4025.60,2735,23,1
1782756000,4025.58,4026.30,4021.14,4021.28,2915,23,1
1782756300,4021.28,4024.89,4020.88,4023.08,2756,23,1
1782756600,4023.11,4024.46,4019.28,4021.86,2754,23,1
1782756900,4021.86,4027.61,4021.31,4022.13,2486,23,1
1782757200,4022.13,4022.62,4016.70,4018.11,2709,23,1
1782757500,4018.12,4024.58,4017.77,4024.37,2620,23,1
1782757800,4024.27,4026.50,4023.08,4023.27,2529,23,1
1782758100,4023.29,4024.75,4017.62,4022.81,2620,23,1
1782758400,4022.80,4023.43,4021.38,4022.74,1966,23,1
1782758700,4022.74,4027.72,4022.16,4026.81,2228,23,1
1782759000,4026.81,4029.57,4025.55,4028.31,2266,23,1
1782759300,4028.26,4030.34,4026.63,4026.94,2431,23,1
1782759600,4026.94,4028.66,4025.34,4026.29,2010,23,1
1782759900,4026.28,4027.69,4024.35,4027.38,1845,23,1
1782760200,4027.45,4027.82,4023.60,4023.67,1480,23,1
1782760500,4023.68,4025.73,4021.89,4025.55,1884,23,1
1782760800,4025.67,4026.48,4024.83,4025.65,1652,23,1
1782761100,4025.68,4025.77,4023.51,4023.67,1349,23,1
1782761400,4023.67,4024.34,4018.75,4019.45,1875,23,1
1782761700,4019.44,4021.71,4019.36,4021.17,1617,23,1
1782762000,4021.18,4022.33,4019.48,4021.33,1830,23,1
1782762300,4021.37,4026.33,4020.68,4026.08,1705,23,1
1782762600,4026.07,4028.15,4025.54,4025.97,1775,23,1
1782762900,4025.97,4026.69,4023.75,4023.85,1699,23,1
1782763200,4023.86,4025.88,4023.29,4025.31,1932,23,1
1782763500,4025.26,4031.70,4025.26,4030.46,1958,23,1
1782763800,4030.46,4032.06,4027.85,4028.97,1975,23,1
1782764100,4028.97,4030.75,4028.31,4030.39,1501,23,1
1782764400,4030.36,4030.37,4026.34,4026.85,1864,23,1
1782764700,4026.86,4027.10,4022.42,4023.90,2054,23,1
1782765000,4023.93,4024.12,4020.80,4023.70,1786,23,1
1782765300,4023.69,4024.40,4022.47,4024.05,1502,23,1
1782765600,4023.91,4024.51,4021.87,4021.96,1462,23,1
1782765900,4021.97,4022.58,4020.66,4021.31,1566,23,1
1782766200,4021.32,4022.53,4019.62,4021.25,1573,23,1
1782766500,4021.25,4022.12,4019.32,4020.96,1739,23,1
1782766800,4020.96,4024.02,4020.40,4023.66,1638,23,1
1782767100,4023.65,4023.65,4021.68,4022.45,1515,23,1
1782767400,4022.46,4024.32,4022.45,4023.98,1276,23,1
1782767700,4023.99,4025.23,4022.73,4024.46,1378,23,1
1782768000,4024.47,4025.18,4023.54,4024.34,1283,23,1
1782768300,4024.33,4024.33,4020.32,4021.06,1499,23,1
1782768600,4021.04,4021.58,4019.96,4020.49,1256,23,1
1782768900,4020.48,4021.03,4019.79,4020.74,1009,23,1
1782769200,4020.75,4021.31,4019.53,4020.79,1126,23,1
1782769500,4020.78,4021.04,4015.80,4015.92,1332,23,1
1782769800,4015.92,4017.96,4015.79,4017.60,1312,23,1
1782770100,4017.58,4017.58,4011.99,4013.38,1512,23,1
1782770400,4013.36,4014.62,4009.80,4009.83,1714,23,1
1782770700,4009.83,4011.90,4009.76,4011.66,1747,23,1
1782771000,4011.66,4012.12,4008.09,4008.21,1668,23,1
1782771300,4008.13,4009.13,4005.30,4009.02,1596,23,1
1782771600,4009.02,4012.66,4008.75,4011.70,1562,23,1
1782771900,4011.70,4017.19,4011.58,4017.12,1587,23,1
1782772200,4017.11,4019.53,4016.75,4017.44,1757,23,1
1782772500,4017.45,4018.94,4016.70,4017.30,1358,23,1
1782772800,4017.31,4018.15,4016.39,4017.91,1359,23,1
1782773100,4017.91,4018.39,4014.57,4014.82,1572,23,1
1782773400,4014.82,4015.29,4013.04,4013.84,1776,23,1
1782773700,4013.84,4017.08,4012.57,4015.83,2268,23,1
1782774000,4015.85,4016.04,4014.23,4015.21,1142,23,1
1782774300,4015.21,4015.63,4012.73,4014.08,694,23,1
1782774600,4014.08,4014.68,4013.55,4014.28,651,23,1
1782774900,4014.27,4016.75,4014.27,4016.73,696,23,1
1782775200,4016.73,4016.88,4016.04,4016.51,427,23,1
1782775500,4016.51,4017.96,4016.06,4017.73,528,23,1
1782775800,4017.70,4017.80,4016.09,4016.91,526,28,1
1782776100,4016.91,4017.04,4014.57,4014.83,581,28,1
1782776400,4014.83,4015.67,4014.47,4015.67,358,28,1
1782776700,4015.67,4015.84,4014.60,4014.68,564,28,1
1782777000,4014.68,4017.20,4014.68,4016.85,801,28,1
1782777300,4016.85,4017.19,4015.87,4016.27,426,28,1
1782781200,4018.12,4020.77,4017.19,4018.57,1144,28,1
1782781500,4018.58,4021.54,4016.92,4020.93,1122,28,1
1782781800,4020.94,4022.04,4017.92,4018.46,989,28,1
1782782100,4018.46,4020.17,4017.87,4019.96,1083,28,1
1782782400,4019.97,4020.53,4017.33,4017.52,996,28,1
1782782700,4017.52,4017.59,4015.37,4015.94,979,28,1
1782783000,4015.96,4015.96,4013.38,4013.71,1213,23,1
1782783300,4013.69,4014.40,4012.48,4012.72,955,23,1
1782783600,4012.70,4014.79,4010.43,4010.46,1464,23,1
1782783900,4010.45,4014.19,4009.65,4014.07,1300,23,1
1782784200,4014.08,4016.69,4013.19,4015.43,1285,23,1
1782784500,4015.43,4016.98,4012.84,4014.14,1479,23,1
1782784800,4014.14,4018.44,4014.12,4017.82,1340,23,1
1782785100,4017.82,4021.32,4017.75,4019.28,1115,23,1
1782785400,4019.28,4021.44,4019.28,4020.78,1172,23,1
1782785700,4020.77,4022.35,4020.45,4021.16,1020,23,1
1782786000,4021.16,4021.46,4018.21,4018.39,1136,23,1
1782786300,4018.39,4018.56,4015.93,4016.71,1155,23,1
1782786600,4016.71,4021.75,4015.45,4019.26,1325,23,1
1782786900,4019.23,4019.56,4018.09,4018.63,1033,23,1
1782787200,4018.60,4018.60,4013.42,4015.16,1270,23,1
1782787500,4015.16,4017.06,4013.46,4016.67,1523,23,1
1782787800,4016.67,4018.05,4014.76,4015.52,1227,23,1
1782788100,4015.52,4015.75,4013.92,4014.88,1424,23,1
1782788400,4014.86,4015.09,4007.48,4008.48,2720,23,1
1782788700,4008.48,4008.48,4003.29,4004.46,2713,23,1
1782789000,4004.48,4013.83,4004.41,4010.43,2582,23,1
1782789300,4010.25,4011.60,4004.61,4005.54,2161,23,1
1782789600,4005.56,4009.23,4005.56,4008.08,1876,23,1
1782789900,4008.08,4008.50,4004.04,4006.21,2191,23,1
1782790200,4006.21,4006.71,4000.84,4001.82,2329,23,1
1782790500,4001.83,4002.43,3995.40,3995.79,2483,23,1
1782790800,3995.78,3997.83,3990.97,3991.86,2440,23,1
1782791100,3991.85,3994.05,3990.87,3992.64,2524,23,1
1782791400,3992.64,3993.95,3990.67,3991.73,2649,23,1
1782791700,3991.66,3992.11,3980.06,3987.08,3264,23,1
1782792000,3987.08,3987.20,3975.92,3979.98,3754,23,1
1782792300,3979.93,3980.09,3942.73,3963.55,3875,23,1
1782792600,3963.53,3969.35,3954.69,3958.04,3694,23,1
1782792900,3958.04,3971.40,3950.18,3970.65,3505,23,1
1782793200,3970.63,3975.58,3966.58,3970.40,3117,23,1
1782793500,3970.40,3980.73,3968.29,3978.97,3184,23,1
1782793800,3978.97,3979.46,3974.82,3976.15,3079,23,1
1782794100,3976.15,3977.38,3970.18,3971.12,3060,23,1
1782794400,3971.12,3972.46,3966.37,3969.00,3118,23,1
1782794700,3969.01,3973.48,3961.46,3962.44,3084,23,1
1782795000,3962.47,3966.55,3961.39,3964.12,2778,23,1
1782795300,3964.13,3970.04,3962.61,3969.33,2835,23,1
1782795600,3969.33,3973.20,3966.65,3969.83,3088,23,1
1782795900,3969.93,3971.04,3958.70,3959.24,2995,23,1
1782796200,3959.24,3960.10,3952.41,3957.47,2884,23,1
1782796500,3957.50,3961.89,3956.03,3960.63,2273,23,1
1782796800,3960.64,3964.12,3956.01,3963.62,2217,23,1
1782797100,3963.54,3965.42,3960.34,3961.88,2069,23,1
1782797400,3961.89,3962.96,3956.39,3958.37,2753,23,1
1782797700,3958.43,3962.92,3954.29,3962.53,2729,23,1
1782798000,3962.52,3964.07,3957.16,3959.62,2498,23,1
1782798300,3959.61,3964.71,3959.24,3964.07,2639,23,1
1782798600,3964.06,3970.42,3963.46,3966.45,2860,23,1
1782798900,3966.42,3967.11,3959.63,3962.85,2803,23,1
1782799200,3962.86,3969.64,3962.58,3968.10,2776,23,1
1782799500,3968.09,3969.13,3965.38,3967.44,2382,23,1
1782799800,3967.43,3969.66,3965.86,3966.33,2168,23,1
1782800100,3966.31,3971.05,3966.02,3969.95,2343,23,1
1782800400,3969.95,3970.85,3965.26,3966.07,2383,23,1
1782800700,3966.07,3967.85,3963.05,3965.63,2610,23,1
1782801000,3965.63,3967.00,3960.15,3961.10,2380,23,1
1782801300,3961.13,3965.69,3960.89,3964.61,1963,23,1
1782801600,3964.61,3965.23,3962.41,3963.27,1765,23,1
1782801900,3963.27,3968.42,3963.16,3968.21,1897,23,1
1782802200,3968.21,3970.08,3967.18,3967.20,1812,23,1
1782802500,3967.18,3971.06,3966.19,3969.83,2069,23,1
1782802800,3969.82,3975.07,3969.28,3971.74,2198,23,1
1782803100,3971.74,3971.74,3968.19,3969.19,1793,23,1
1782803400,3969.19,3973.25,3968.29,3972.55,1549,23,1
1782803700,3972.55,3975.09,3972.03,3974.54,1414,23,1
1782804000,3974.57,3977.59,3974.49,3977.23,1483,23,1
1782804300,3977.30,3983.47,3977.28,3982.75,1640,23,1
1782804600,3982.70,3996.51,3982.42,3996.29,2471,23,1
1782804900,3996.29,3997.99,3992.40,3992.79,2324,23,1
1782805200,3992.79,3992.87,3987.22,3988.52,1990,23,1
1782805500,3988.52,3989.83,3983.59,3989.33,1897,23,1
1782805800,3989.33,3991.34,3988.06,3988.32,1919,23,1
1782806100,3988.31,3988.68,3985.35,3985.49,1897,23,1
1782806400,3985.49,3988.77,3984.12,3988.12,2320,23,1
1782806700,3988.11,3990.79,3985.98,3987.41,1767,23,1
1782807000,3987.41,3988.25,3983.91,3984.81,1726,23,1
1782807300,3984.82,3985.66,3980.73,3980.86,1931,23,1
1782807600,3980.77,3985.76,3979.62,3985.21,1680,23,1
1782807900,3985.21,3987.59,3979.61,3982.82,2136,23,1
1782808200,3982.82,3983.12,3976.17,3977.24,2986,23,1
1782808500,3977.23,3982.49,3975.15,3981.80,2642,23,1
1782808800,3981.80,3985.02,3979.35,3979.38,2628,23,1
1782809100,3979.39,3981.73,3977.94,3979.83,2471,23,1
1782809400,3979.81,3981.54,3976.28,3980.90,2540,23,1
1782809700,3980.90,3981.17,3977.18,3977.94,2405,23,1
1782810000,3977.95,3986.30,3977.93,3984.57,2584,23,1
1782810300,3984.57,3989.47,3984.23,3987.29,2724,23,1
1782810600,3987.30,3988.11,3985.24,3987.73,2439,23,1
1782810900,3987.74,3988.53,3984.03,3987.04,2278,23,1
1782811200,3987.04,4003.26,3985.77,3999.99,3108,23,1
1782811500,3999.97,4013.38,3997.34,4012.03,3397,23,1
1782811800,4012.01,4031.26,4011.05,4030.28,3734,23,1
1782812100,4030.28,4033.97,4021.73,4022.18,3459,23,1
1782812400,4022.18,4028.42,4021.67,4024.83,3077,23,1
1782812700,4024.83,4033.31,4024.09,4032.12,3105,23,1
1782813000,4032.13,4032.14,4026.79,4027.52,2717,23,1
1782813300,4027.56,4031.96,4026.69,4029.62,2575,23,1
1782813600,4029.60,4029.98,4024.85,4027.12,2584,23,1
1782813900,4027.11,4030.03,4024.52,4027.92,2036,23,1
1782814200,4027.90,4027.90,4023.79,4025.77,2070,23,1
1782814500,4025.75,4030.51,4025.29,4029.31,1918,23,1
1782814800,4029.31,4032.41,4027.10,4030.87,1957,23,1
1782815100,4030.87,4034.72,4028.40,4028.50,2169,23,1
1782815400,4028.51,4031.82,4026.16,4031.34,1869,23,1
1782815700,4031.33,4031.94,4027.30,4030.19,1998,23,1
1782816000,4030.19,4030.45,4027.65,4028.76,1602,23,1
1782816300,4028.75,4030.82,4026.92,4028.49,1679,23,1
1782816600,4028.48,4030.43,4025.54,4030.05,1574,23,1
1782816900,4030.06,4033.19,4029.49,4032.21,1684,23,1
1782817200,4032.19,4036.33,4031.66,4035.73,2607,23,1
1782817500,4035.73,4037.58,4026.18,4027.46,2370,23,1
1782817800,4027.46,4027.88,4021.96,4024.23,2274,23,1
1782818100,4024.25,4024.56,4020.55,4021.93,2173,23,1
1782818400,4021.94,4025.62,4020.16,4021.01,1925,23,1
1782818700,4021.00,4026.31,4020.81,4025.92,1828,23,1
1782819000,4025.92,4026.81,4023.08,4023.30,1984,23,1
1782819300,4023.32,4023.38,4018.38,4019.26,1989,23,1
1782819600,4019.24,4019.34,4015.45,4017.90,2093,23,1
1782819900,4017.90,4019.54,4016.62,4018.36,1994,23,1
1782820200,4018.37,4019.55,4013.68,4016.55,2204,23,1
1782820500,4016.55,4017.27,4014.20,4015.53,1742,23,1
1782820800,4015.53,4019.18,4014.66,4019.16,1727,23,1
1782821100,4019.17,4021.71,4018.79,4018.79,1518,23,1
1782821400,4018.78,4019.68,4016.96,4018.39,1399,23,1
1782821700,4018.38,4019.21,4017.24,4018.21,1642,23,1
1782822000,4018.21,4022.80,4018.17,4019.10,1859,23,1
1782822300,4019.09,4020.41,4016.13,4017.34,1719,23,1
1782822600,4017.33,4018.65,4012.91,4013.41,1952,23,1
1782822900,4013.41,4016.84,4012.41,4015.90,1753,23,1
1782823200,4015.90,4018.59,4015.62,4018.59,1634,23,1
1782823500,4018.60,4020.48,4018.42,4018.90,1567,23,1
1782823800,4018.91,4023.13,4018.19,4021.98,1704,23,1
1782824100,4021.97,4023.88,4020.26,4023.87,1654,23,1
1782824400,4023.87,4026.29,4023.32,4024.79,1853,23,1
1782824700,4024.80,4026.55,4021.94,4024.48,1569,23,1
1782825000,4024.46,4025.82,4021.48,4025.75,1589,23,1
1782825300,4025.74,4027.25,4023.90,4023.96,1451,23,1
1782825600,4023.96,4026.11,4023.82,4025.84,1405,23,1
1782825900,4025.84,4028.67,4025.20,4028.48,1544,23,1
1782826200,4028.48,4028.51,4025.20,4026.69,1425,23,1
1782826500,4026.68,4028.81,4026.24,4027.81,1427,23,1
1782826800,4027.82,4029.85,4027.09,4027.97,1536,23,1
1782827100,4027.97,4029.88,4026.30,4028.34,1478,23,1
1782827400,4028.33,4029.58,4027.96,4028.86,1266,23,1
1782827700,4028.89,4031.29,4028.72,4029.82,1600,23,1
1782828000,4029.83,4030.19,4025.41,4028.60,1876,23,1
1782828300,4028.60,4031.91,4028.60,4031.10,1731,23,1
1782828600,4031.13,4033.63,4030.68,4033.41,1653,23,1
1782828900,4033.40,4034.19,4030.31,4030.47,1721,23,1
1782829200,4030.46,4033.79,4030.26,4031.06,1726,23,1
1782829500,4031.09,4034.11,4029.77,4031.82,1783,23,1
1782829800,4031.88,4033.38,4029.45,4030.68,1832,23,1
1782830100,4030.67,4031.79,4028.37,4031.74,1776,23,1
1782830400,4031.73,4035.03,4030.19,4034.51,1902,23,1
1782830700,4034.52,4037.29,4031.70,4032.75,1769,23,1
1782831000,4032.74,4033.00,4030.16,4031.77,1803,23,1
1782831300,4031.78,4034.54,4030.89,4033.89,1726,23,1
1782831600,4033.88,4034.37,4030.28,4031.80,1926,23,1
1782831900,4031.80,4032.03,4028.30,4028.32,1824,23,1
1782832200,4028.34,4028.70,4025.98,4026.65,2046,23,1
1782832500,4026.65,4028.63,4024.76,4026.32,1927,23,1
1782832800,4026.32,4026.49,4017.59,4018.00,2300,23,1
1782833100,4018.00,4018.39,4014.87,4016.87,2278,23,1
1782833400,4016.86,4021.91,4014.95,4016.52,2694,23,1
1782833700,4016.52,4018.28,4012.69,4018.00,2393,23,1
1782834000,4018.00,4019.75,4015.81,4018.75,2151,23,1
1782834300,4018.74,4018.74,4013.78,4015.11,2132,23,1
1782834600,4015.11,4016.20,4012.67,4014.39,2138,23,1
1782834900,4014.37,4014.69,4008.66,4010.08,2499,23,1
1782835200,4009.86,4018.23,4009.41,4016.36,3236,23,1
1782835500,4016.38,4024.26,4015.16,4023.43,2781,23,1
1782835800,4023.44,4025.85,4022.20,4023.51,2726,23,1
1782836100,4023.51,4030.35,4022.00,4029.84,2598,23,1
1782836400,4029.84,4033.33,4019.06,4019.53,2759,23,1
1782836700,4019.51,4023.80,4019.51,4023.71,2529,23,1
1782837000,4023.69,4027.52,4019.38,4021.53,3370,23,1
1782837300,4021.60,4023.12,4013.16,4013.62,3302,23,1
1782837600,4013.61,4026.51,4013.61,4025.10,2857,23,1
1782837900,4025.12,4027.83,4022.05,4023.90,3269,23,1
1782838200,4023.84,4032.55,4023.63,4028.75,3307,23,1
1782838500,4028.76,4032.36,4026.95,4029.68,2861,23,1
1782838800,4029.63,4031.54,4025.38,4026.30,3355,23,1
1782839100,4026.29,4044.90,4025.34,4043.21,3237,23,1
1782839400,4043.21,4048.62,4036.98,4043.63,3531,23,1
1782839700,4043.59,4049.42,4043.09,4049.29,3328,23,1
1782840000,4049.28,4063.34,4047.85,4062.59,3478,23,1
1782840300,4062.56,4062.63,4053.86,4054.18,3130,23,1
1782840600,4054.04,4058.62,4051.58,4052.06,3240,23,1
1782840900,4052.05,4053.83,4044.80,4049.31,3149,23,1
1782841200,4049.32,4053.61,4047.98,4051.05,3043,23,1
1782841500,4051.04,4051.10,4043.67,4044.01,3115,23,1
1782841800,4044.00,4047.58,4042.26,4043.70,3072,23,1
1782842100,4043.73,4044.70,4037.33,4037.37,3016,23,1
1782842400,4037.37,4039.36,4033.92,4034.78,3256,23,1
1782842700,4034.78,4038.19,4032.28,4035.19,2964,23,1
1782843000,4035.18,4037.06,4032.32,4035.97,2727,23,1
1782843300,4035.95,4035.95,4026.09,4027.01,2907,23,1
1782843600,4027.04,4028.91,4022.16,4027.54,2792,23,1
1782843900,4027.54,4030.63,4026.79,4028.55,2535,23,1
1782844200,4028.55,4031.21,4027.25,4029.76,2492,23,1
1782844500,4029.77,4031.30,4027.45,4030.99,2446,23,1
1782844800,4031.00,4031.00,4026.82,4029.49,2406,23,1
1782845100,4029.50,4034.74,4029.42,4033.57,2347,23,1
1782845400,4033.57,4034.10,4031.19,4033.99,2262,23,1
1782845700,4034.00,4034.47,4028.92,4029.34,2484,23,1
1782846000,4029.34,4030.31,4026.33,4027.16,2000,23,1
1782846300,4027.16,4028.95,4025.91,4026.83,1910,23,1
1782846600,4026.83,4030.24,4026.53,4029.94,1806,23,1
1782846900,4029.93,4031.03,4027.81,4030.12,1876,23,1
1782847200,4030.13,4031.47,4028.78,4029.08,1793,23,1
1782847500,4029.07,4030.54,4028.45,4029.61,1822,23,1
1782847800,4029.61,4031.16,4028.79,4030.62,1831,23,1
1782848100,4030.65,4030.87,4027.36,4030.16,1936,23,1
1782848400,4030.15,4032.17,4028.31,4031.41,1754,23,1
1782848700,4031.41,4033.85,4031.03,4031.48,1577,23,1
1782849000,4031.48,4031.68,4030.06,4031.47,1605,23,1
1782849300,4031.47,4031.49,4025.93,4026.07,2155,23,1
1782849600,4026.07,4027.89,4024.49,4026.67,2149,23,1
1782849900,4026.67,4026.71,4021.17,4022.35,2006,23,1
1782850200,4022.35,4023.39,4020.74,4023.15,2161,23,1
1782850500,4023.14,4028.01,4023.02,4026.47,1778,23,1
1782850800,4026.48,4026.79,4023.00,4023.65,2049,23,1
1782851100,4023.64,4026.12,4021.57,4025.45,2388,23,1
1782851400,4025.46,4028.32,4025.46,4027.42,1821,23,1
1782851700,4027.41,4028.44,4025.65,4026.83,1391,23,1
1782852000,4026.84,4029.79,4026.24,4029.41,1463,23,1
1782852300,4029.42,4030.92,4029.07,4029.61,1477,23,1
1782852600,4029.61,4032.14,4029.60,4031.19,1443,23,1
1782852900,4031.20,4031.58,4029.92,4030.73,1377,23,1
1782853200,4030.73,4032.32,4030.73,4032.23,1367,23,1
1782853500,4032.23,4033.79,4031.57,4032.80,1335,23,1
1782853800,4032.78,4033.52,4032.32,4032.38,1257,23,1
1782854100,4032.39,4032.56,4030.53,4032.17,1188,23,1
1782854400,4032.17,4032.93,4031.00,4031.73,1170,23,1
1782854700,4031.73,4032.37,4030.49,4031.39,1276,23,1
1782855000,4031.39,4031.55,4029.26,4030.03,1293,23,1
1782855300,4030.02,4031.37,4029.62,4029.75,1123,23,1
1782855600,4029.75,4031.15,4028.26,4030.85,1076,23,1
1782855900,4030.86,4031.80,4029.00,4031.60,1415,23,1
1782856200,4031.60,4032.48,4030.61,4031.97,1392,23,1
1782856500,4031.96,4031.96,4028.45,4028.51,1384,23,1
1782856800,4028.52,4029.43,4026.69,4026.70,1472,23,1
1782857100,4026.70,4027.46,4024.40,4025.12,1429,23,1
1782857400,4025.15,4026.58,4023.53,4024.05,1424,23,1
1782857700,4024.04,4025.06,4023.39,4023.78,1415,23,1
1782858000,4023.77,4024.21,4021.90,4021.94,1497,23,1
1782858300,4021.92,4022.43,4021.13,4021.13,1463,23,1
1782858600,4021.13,4023.20,4020.76,4022.10,1613,23,1
1782858900,4022.10,4022.45,4020.92,4022.03,1756,23,1
1782859200,4022.03,4022.78,4021.35,4022.06,1618,23,1
1782859500,4022.06,4022.59,4020.27,4020.54,1855,23,1
1782859800,4020.54,4020.85,4015.84,4016.20,2620,23,1
1782860100,4016.27,4018.44,4014.79,4016.00,2920,23,1
1782860400,4015.99,4018.92,4013.87,4017.95,1739,23,1
1782860700,4017.95,4019.87,4017.49,4019.46,1051,23,1
1782861000,4019.45,4020.68,4019.14,4019.87,911,23,1
1782861300,4019.86,4021.07,4017.74,4017.80,996,23,1
1782861600,4017.81,4017.93,4015.52,4015.57,1021,23,1
1782861900,4015.56,4015.58,4012.42,4012.92,1133,23,1
1782862200,4012.91,4013.64,4011.27,4011.67,956,28,1
1782862500,4011.65,4011.65,4010.29,4010.55,712,28,1
1782862800,4010.55,4011.60,4010.51,4011.12,737,28,1
1782863100,4011.12,4011.42,4010.23,4010.83,815,28,1
1782863400,4010.81,4011.56,4010.02,4010.65,990,28,1
1782863700,4010.65,4010.66,4006.36,4007.10,974,28,1
1782867600,4011.60,4015.08,4010.45,4014.01,1544,28,0
1782867900,4014.02,4017.08,4013.98,4017.08,1304,28,0
1782868200,4017.06,4017.54,4013.79,4014.58,1257,28,0
1782868500,4014.59,4016.45,4012.64,4014.65,1394,28,0
1782868800,4014.65,4014.71,4012.16,4013.15,1282,28,0
1782869100,4013.18,4014.98,4012.46,4013.80,1246,28,0
1782869400,4013.83,4015.61,4013.24,4015.25,894,23,0
1782869700,4015.26,4016.66,4015.02,4016.49,1000,23,0
1782870000,4016.49,4018.04,4014.22,4014.25,1121,23,0
1782870300,4014.25,4016.24,4012.58,4013.24,1157,23,0
1782870600,4013.24,4013.30,4011.15,4011.71,961,23,0
1782870900,4011.73,4013.13,4011.73,4013.10,862,23,0
1782871200,4013.12,4013.57,4011.05,4012.72,1455,23,0
1782871500,4012.71,4018.33,4012.55,4017.48,1703,23,0
1782871800,4017.48,4017.95,4013.98,4014.13,1227,23,0
1782872100,4014.13,4015.29,4012.19,4012.25,848,23,0
1782872400,4012.25,4012.28,4008.55,4010.08,1384,23,0
1782872700,4010.08,4011.51,4008.12,4011.10,1294,23,0
1782873000,4011.03,4012.55,4009.44,4011.60,1293,23,0
1782873300,4011.58,4011.64,4008.82,4010.34,1227,23,0
1782873600,4010.32,4010.49,4009.03,4009.27,1112,23,0
1782873900,4009.28,4010.09,4006.76,4007.35,1480,23,0
1782874200,4007.34,4008.62,4006.15,4007.32,1499,23,0
1782874500,4007.31,4007.32,4005.40,4005.72,1369,23,0
1782874800,4005.74,4007.95,4005.53,4006.88,1907,23,0
1782875100,4006.88,4007.86,4005.72,4007.41,1845,23,0
1782875400,4007.42,4009.78,4007.00,4008.39,1874,23,0
1782875700,4008.39,4009.10,4001.69,4002.32,2098,23,0
1782876000,4002.35,4006.63,4001.54,4005.16,2303,23,0
1782876300,4005.20,4006.40,4001.23,4001.81,2061,23,0
1782876600,4001.81,4005.72,4000.81,4003.25,1973,23,0
1782876900,4003.21,4004.69,4000.90,4001.01,1906,23,0
1782877200,4001.01,4001.25,3996.18,3996.44,2451,23,0
1782877500,3996.44,3997.35,3995.11,3995.70,1973,23,0
1782877800,3995.70,3998.47,3993.20,3993.97,2015,23,0
1782878100,3993.97,3999.44,3993.81,3996.75,2268,23,0
1782878400,3996.76,3999.71,3990.30,3990.40,3370,23,0
1782878700,3990.39,3990.39,3982.91,3985.39,3268,23,0
1782879000,3985.09,3985.43,3978.97,3984.36,2991,23,0
1782879300,3984.36,3984.53,3975.66,3981.38,3027,23,0
1782879600,3981.34,3985.82,3980.79,3983.33,2801,23,0
1782879900,3983.33,3985.98,3981.69,3985.71,2699,23,0
1782880200,3985.69,3988.57,3976.48,3979.65,2917,23,0
1782880500,3979.60,3980.93,3975.67,3975.67,2677,23,0
1782880800,3975.67,3980.01,3975.26,3978.70,2578,23,0
1782881100,3978.70,3981.86,3974.42,3978.98,2690,23,0
1782881400,3978.96,3980.19,3973.94,3976.26,2853,23,0
1782881700,3976.21,3978.99,3975.43,3977.76,2349,23,0
1782882000,3977.76,3979.70,3974.39,3974.72,2673,23,0
1782882300,3974.72,3974.92,3970.17,3972.50,2717,23,0
1782882600,3972.51,3977.02,3971.86,3976.46,2666,23,0
1782882900,3976.43,3980.47,3975.75,3980.47,2254,23,0
1782883200,3980.47,3981.81,3979.61,3981.43,1743,23,0
1782883500,3981.43,3982.21,3979.98,3980.86,1765,23,0
1782883800,3980.86,3984.82,3978.84,3981.76,2525,23,0
1782884100,3981.75,3986.06,3981.74,3983.90,2161,23,0
1782884400,3983.90,3984.27,3980.95,3982.86,2156,23,0
1782884700,3982.85,3985.27,3981.91,3981.97,2122,23,0
1782885000,3981.97,3985.13,3979.89,3980.25,2085,23,0
1782885300,3980.23,3981.29,3978.43,3979.09,1992,23,0
1782885600,3979.13,3982.66,3978.51,3981.78,2167,23,0
1782885900,3981.79,3984.95,3980.85,3984.94,2043,23,0
1782886200,3984.94,3985.50,3983.26,3983.39,1693,23,0
1782886500,3983.40,3986.92,3983.31,3983.76,1960,23,0
1782886800,3983.72,3983.86,3980.73,3982.63,1837,23,0
1782887100,3982.63,3983.01,3980.17,3981.40,1763,23,0
1782887400,3981.40,3981.63,3976.78,3977.00,1821,23,0
1782887700,3977.03,3981.33,3977.01,3981.27,1651,23,0
1782888000,3981.27,3982.22,3977.50,3977.53,1622,23,0
1782888300,3977.50,3979.44,3976.68,3977.59,1354,23,0
1782888600,3977.59,3978.72,3977.08,3977.74,1155,23,0
1782888900,3977.73,3980.55,3977.47,3980.44,1101,23,0
1782889200,3980.45,3981.00,3975.07,3975.89,1455,23,0
1782889500,3975.87,3977.58,3975.38,3975.53,1649,23,0
1782889800,3975.53,3976.73,3974.08,3976.31,1496,23,0
1782890100,3976.32,3976.85,3974.39,3976.12,1359,23,0
1782890400,3976.13,3977.12,3975.11,3976.74,1280,23,0
1782890700,3976.71,3978.04,3976.24,3977.55,1351,23,0
1782891000,3977.55,3980.73,3977.42,3977.72,1614,23,0
1782891300,3977.72,3978.25,3973.83,3974.38,1405,23,0
1782891600,3974.39,3974.88,3972.44,3974.53,1336,23,0
1782891900,3974.54,3980.38,3974.35,3979.71,1546,23,0
1782892200,3979.71,3981.44,3979.10,3980.62,1443,23,0
1782892500,3980.61,3982.75,3976.58,3976.63,1602,23,0
1782892800,3976.64,3977.11,3971.87,3973.43,1909,23,0
1782893100,3973.43,3974.80,3972.46,3973.30,1652,23,0
1782893400,3973.30,3973.33,3969.88,3971.90,1784,23,0
1782893700,3971.91,3972.44,3970.05,3971.93,1755,23,0
1782894000,3971.93,3975.16,3971.84,3974.61,1647,23,0
1782894300,3974.59,3974.72,3972.57,3972.75,1399,23,0
1782894600,3972.76,3978.86,3970.38,3977.07,2643,23,0
1782894900,3977.06,3978.06,3973.28,3975.48,2371,23,0
1782895200,3975.47,3975.47,3971.84,3974.67,2561,23,0
1782895500,3974.64,3976.64,3973.57,3975.10,2396,23,0
1782895800,3975.12,3977.35,3973.69,3974.58,2112,23,0
1782896100,3974.58,3978.87,3973.77,3973.99,2315,23,0
1782896400,3974.00,3977.45,3972.99,3974.81,2458,23,0
1782896700,3974.81,3975.79,3964.54,3966.93,2927,23,0
1782897000,3966.93,3968.89,3963.61,3965.18,2577,23,0
1782897300,3965.17,3966.71,3963.15,3966.48,2384,23,0
1782897600,3966.49,3969.75,3965.97,3969.22,2391,23,0
1782897900,3969.21,3969.65,3967.10,3967.30,1991,23,0
1782898200,3967.28,3968.56,3963.33,3964.98,2033,23,0
1782898500,3964.96,3967.91,3964.12,3967.54,1869,23,0
1782898800,3967.53,3973.51,3967.18,3971.75,2032,23,0
1782899100,3971.75,3972.56,3969.15,3969.98,1927,23,0
1782899400,3969.99,3973.55,3969.07,3973.16,1751,23,0
1782899700,3973.13,3973.14,3970.66,3971.83,1702,23,0
1782900000,3971.83,3973.73,3965.49,3966.47,2113,23,0
1782900300,3966.48,3966.53,3960.32,3964.21,2222,23,0
1782900600,3964.21,3964.57,3960.74,3961.54,2159,23,0
1782900900,3961.52,3970.93,3960.12,3970.24,2479,23,0
1782901200,3970.25,3972.00,3967.42,3967.84,1864,23,0
1782901500,3967.82,3970.78,3964.05,3964.29,1711,23,0
1782901800,3964.32,3964.99,3960.72,3963.04,2362,23,0
1782902100,3963.05,3969.61,3963.05,3968.91,1862,23,0
1782902400,3968.91,3971.18,3968.36,3971.01,1934,23,0
1782902700,3971.04,3972.86,3968.93,3970.95,2298,23,0
1782903000,3970.95,3974.77,3970.76,3971.25,1980,23,0
1782903300,3971.24,3978.35,3971.01,3975.98,2050,23,0
1782903600,3976.04,3976.22,3970.51,3971.66,2139,23,0
1782903900,3971.66,3973.05,3970.08,3971.29,1865,23,0
1782904200,3971.29,3974.26,3969.40,3974.26,1666,23,0
1782904500,3974.27,3982.95,3974.22,3982.69,2211,23,0
1782904800,3982.63,3984.44,3978.89,3979.25,1991,23,0
1782905100,3979.26,3982.35,3978.61,3978.83,1745,23,0
1782905400,3978.82,3979.70,3975.81,3977.62,1898,23,0
1782905700,3977.62,3977.80,3972.45,3972.95,1803,23,0
1782906000,3972.95,3978.56,3972.37,3976.95,1661,23,0
1782906300,3976.94,3977.34,3974.46,3974.88,1645,23,0
1782906600,3974.88,3977.36,3974.70,3977.17,1607,23,0
1782906900,3977.18,3977.23,3971.30,3974.47,1519,23,0
1782907200,3974.47,3975.97,3972.84,3975.30,1909,23,0
1782907500,3975.30,3976.23,3972.85,3973.69,1792,23,0
1782907800,3973.69,3977.56,3973.69,3975.74,1657,23,0
1782908100,3975.78,3980.36,3975.53,3978.45,1530,23,0
1782908400,3978.45,3979.45,3976.66,3977.53,1456,23,0
1782908700,3977.52,3979.01,3976.90,3978.72,1493,23,0
1782909000,3978.73,3981.18,3977.63,3980.20,1647,23,0
1782909300,3980.21,3982.45,3979.89,3982.14,1361,23,0
1782909600,3982.14,3982.55,3979.30,3981.67,1370,23,0
1782909900,3981.68,3985.71,3981.68,3985.37,1421,23,0
1782910200,3985.43,3985.50,3983.09,3985.04,1710,23,0
1782910500,3985.04,3986.00,3983.49,3984.44,1466,23,0
1782910800,3984.42,3989.45,3984.33,3988.19,1732,23,0
1782911100,3988.19,3989.52,3987.00,3987.67,1711,23,0
1782911400,3987.68,3987.68,3982.92,3984.20,1508,23,0
1782911700,3984.20,3984.56,3981.90,3982.20,1473,23,0
1782912000,3982.20,3985.22,3981.31,3985.01,1307,23,0
1782912300,3984.98,3987.42,3983.13,3987.17,1409,23,0
1782912600,3987.17,3992.04,3987.07,3991.24,1634,23,0
1782912900,3991.23,3994.29,3989.20,3989.63,1699,23,0
1782913200,3989.64,3990.06,3986.50,3987.35,1504,23,0
1782913500,3987.32,3991.17,3986.98,3991.17,1265,23,0
1782913800,3991.17,3994.24,3991.16,3993.68,1422,23,0
1782914100,3993.71,3998.71,3993.71,3998.39,1722,23,0
1782914400,3998.38,4008.00,3997.98,4006.57,2145,23,0
1782914700,4006.57,4010.76,4006.57,4010.43,1848,23,0
1782915000,4010.44,4019.38,4009.89,4015.97,2533,23,0
1782915300,4015.94,4024.83,4015.07,4022.88,2379,23,0
1782915600,4022.87,4026.18,4019.09,4024.46,2543,23,0
1782915900,4024.46,4028.26,4021.44,4026.75,2298,23,0
1782916200,4026.79,4028.27,4023.23,4024.43,2241,23,0
1782916500,4024.43,4026.23,4023.67,4024.67,1881,23,0
1782916800,4024.67,4031.83,4023.18,4029.25,2171,23,0
1782917100,4029.25,4034.95,4028.71,4034.06,2099,23,0
1782917400,4034.07,4035.48,4029.78,4032.26,2110,23,0
1782917700,4032.27,4033.59,4030.17,4030.42,2228,23,0
1782918000,4030.40,4033.95,4023.83,4024.21,2650,23,0
1782918300,4024.23,4024.71,4021.67,4023.13,2341,23,0
1782918600,4023.13,4024.70,4019.65,4021.64,2165,23,0
1782918900,4021.91,4028.29,4021.54,4027.89,2546,23,0
1782919200,4027.93,4030.23,4025.01,4029.28,2427,23,0
1782919500,4029.29,4030.39,4025.76,4026.11,2221,23,0
1782919800,4026.00,4033.10,4025.36,4028.99,2521,23,0
1782920100,4028.95,4030.16,4023.89,4024.05,2791,23,0
1782920400,4024.04,4030.62,4023.65,4026.23,2670,23,0
1782920700,4026.07,4027.65,4024.67,4026.28,2435,23,0
1782921000,4026.28,4028.92,4025.27,4025.64,2339,23,0
1782921300,4025.64,4026.92,4022.60,4022.73,2354,23,0
1782921600,4022.72,4024.91,4017.18,4022.37,3254,23,0
1782921900,4022.37,4022.42,4012.86,4017.99,3033,23,0
1782922200,4017.98,4022.46,4014.11,4021.40,3032,23,0
1782922500,4021.40,4031.78,4021.36,4024.47,3334,23,0
1782922800,4024.42,4046.67,4024.38,4043.68,3593,23,0
1782923100,4043.56,4047.19,4037.84,4046.70,3395,23,0
1782923400,4046.73,4051.94,4041.78,4048.05,3977,23,0
1782923700,4048.06,4071.88,4046.55,4070.61,3963,23,0
1782924000,4070.76,4099.89,4069.59,4098.08,3999,23,0
1782924300,4098.19,4107.95,4084.87,4089.94,4133,23,0
1782924600,4089.93,4097.74,4085.32,4087.65,3783,23,0
1782924900,4087.69,4093.17,4085.70,4089.80,3231,23,0
1782925200,4089.64,4101.58,4082.90,4085.18,3742,23,0
1782925500,4085.26,4095.94,4085.23,4094.36,3360,23,0
1782925800,4094.35,4099.75,4092.43,4092.91,3433,23,0
1782926100,4092.91,4098.69,4089.45,4094.77,3396,23,0
1782926400,4094.81,4106.22,4094.10,4104.69,3493,23,0
1782926700,4104.69,4106.83,4095.90,4100.61,3394,23,0
1782927000,4100.62,4111.28,4098.36,4111.18,3380,23,0
1782927300,4111.02,4115.58,4105.62,4105.94,3565,23,0
1782927600,4105.94,4106.83,4091.98,4092.93,3359,23,0
1782927900,4092.96,4095.09,4087.08,4088.91,3314,23,0
1782928200,4089.06,4091.45,4086.44,4089.59,3019,23,0
1782928500,4089.57,4095.00,4089.09,4093.39,2974,23,0
1782928800,4093.42,4094.54,4088.24,4089.60,3141,23,0
1782929100,4089.61,4093.68,4083.54,4084.34,3037,23,0
1782929400,4084.35,4086.43,4081.99,4085.18,2713,23,0
1782929700,4085.19,4092.00,4085.19,4086.97,2805,23,0
1782930000,4086.96,4090.17,4078.56,4080.94,2836,23,0
1782930300,4080.96,4084.88,4079.35,4083.87,2520,23,0
1782930600,4083.84,4083.96,4077.92,4078.08,2966,23,0
1782930900,4078.08,4081.34,4076.79,4080.76,2641,23,0
1782931200,4080.76,4082.82,4079.00,4082.47,2587,23,0
1782931500,4082.45,4085.49,4081.51,4084.03,2433,23,0
1782931800,4084.02,4087.92,4083.26,4084.31,2452,23,0
1782932100,4084.30,4084.37,4079.47,4081.13,2395,23,0
1782932400,4081.12,4087.01,4081.11,4085.41,2496,23,0
1782932700,4085.46,4088.41,4084.07,4084.20,2460,23,0
1782933000,4084.21,4084.72,4081.81,4082.53,2239,23,0
1782933300,4082.48,4084.60,4081.46,4084.11,2282,23,0
1782933600,4084.15,4085.07,4080.54,4081.87,2138,23,0
1782933900,4081.87,4084.32,4081.31,4081.43,2010,23,0
1782934200,4081.43,4083.32,4075.45,4076.21,2241,23,0
1782934500,4076.22,4080.26,4076.22,4077.13,2110,23,0
1782934800,4077.12,4077.39,4072.85,4074.48,2133,23,0
1782935100,4074.48,4076.23,4072.85,4073.27,2217,23,0
1782935400,4073.27,4074.46,4070.83,4073.18,2307,23,0
1782935700,4073.19,4073.31,4070.48,4071.22,2320,23,0
1782936000,4071.21,4073.60,4069.75,4071.62,2363,23,0
1782936300,4071.64,4071.64,4068.17,4068.95,2199,23,0
1782936600,4068.95,4071.79,4067.79,4071.28,2110,23,0
1782936900,4071.27,4071.97,4067.89,4070.12,1920,23,0
1782937200,4070.12,4071.69,4069.22,4070.19,1957,23,0
1782937500,4070.21,4070.75,4067.80,4068.03,2088,23,0
1782937800,4068.03,4072.11,4068.02,4070.71,2032,23,0
1782938100,4070.70,4071.76,4069.93,4070.99,1793,23,0
1782938400,4070.99,4073.22,4069.80,4070.85,1893,23,0
1782938700,4070.85,4071.84,4070.21,4071.23,1718,23,0
1782939000,4071.23,4072.40,4069.24,4070.13,1762,23,0
1782939300,4070.14,4070.36,4067.32,4068.20,1981,23,0
1782939600,4068.17,4070.35,4068.10,4070.23,1886,23,0
1782939900,4070.23,4070.24,4067.91,4067.91,1490,23,0
1782940200,4067.91,4070.72,4067.24,4069.66,1750,23,0
1782940500,4069.00,4069.16,4064.94,4066.87,1969,23,0
1782940800,4066.87,4067.07,4063.67,4065.01,1976,23,0
1782941100,4065.01,4065.78,4061.21,4061.26,1965,23,0
1782941400,4061.26,4065.99,4061.25,4064.80,1866,23,0
1782941700,4064.80,4065.16,4063.13,4063.52,1658,23,0
1782942000,4063.51,4063.59,4061.41,4062.96,1733,23,0
1782942300,4062.96,4063.14,4060.98,4061.54,1701,23,0
1782942600,4061.53,4062.18,4057.92,4058.44,1871,23,0
1782942900,4058.44,4062.54,4058.17,4062.14,1763,23,0
1782943200,4062.14,4066.39,4061.74,4066.19,2121,23,0
1782943500,4066.20,4068.30,4064.19,4067.46,1853,23,0
1782943800,4067.43,4067.46,4064.41,4065.40,1709,23,0
1782944100,4065.40,4066.15,4061.27,4061.53,1839,23,0
1782944400,4061.53,4062.31,4056.60,4056.72,1944,23,0
1782944700,4056.70,4059.63,4056.70,4058.86,1784,23,0
1782945000,4058.86,4059.69,4056.08,4056.46,1762,23,0
1782945300,4056.48,4056.81,4055.43,4055.74,1770,23,0
1782945600,4055.75,4055.86,4053.08,4053.85,1772,23,0
1782945900,4053.84,4054.24,4051.19,4052.06,1788,23,0
1782946200,4052.08,4052.33,4038.88,4041.34,2763,23,0
1782946500,4041.34,4041.98,4034.51,4038.84,2949,23,0
1782946800,4038.81,4039.56,4029.18,4030.02,2489,23,0
1782947100,4030.01,4034.81,4028.55,4034.21,1840,23,0
1782947400,4034.21,4036.47,4033.21,4035.51,1413,23,0
1782947700,4035.51,4036.74,4034.50,4035.64,1166,23,0
1782948000,4035.64,4037.87,4035.16,4037.64,1149,23,0
1782948300,4037.64,4039.16,4036.97,4038.48,1011,23,0
1782948600,4038.43,4039.03,4036.49,4036.52,1036,28,0
1782948900,4036.50,4036.60,4034.50,4034.95,929,28,0
1782949200,4034.93,4035.72,4033.32,4033.89,1085,28,0
1782949500,4033.87,4034.44,4031.97,4032.96,1096,28,0
1782949800,4032.98,4035.93,4032.41,4032.56,1080,28,0
1782950100,4032.56,4032.76,4030.27,4031.37,693,28,0
1782954000,4034.04,4039.42,4033.10,4039.40,1581,28,0
1782954300,4039.40,4040.96,4035.43,4035.56,1531,28,0
1782954600,4035.56,4037.70,4035.48,4036.65,1051,28,0
1782954900,4036.66,4037.60,4034.89,4035.81,1084,28,0
1782955200,4035.80,4039.05,4035.48,4038.58,1368,28,0
1782955500,4038.58,4039.20,4037.67,4038.30,896,28,0
1782955800,4038.33,4038.73,4036.98,4037.99,1239,23,0
1782956100,4038.00,4040.32,4037.30,4039.80,1213,23,0
1782956400,4039.80,4040.67,4039.07,4039.94,1164,23,0
1782956700,4039.96,4043.90,4039.89,4043.85,1296,23,0
1782957000,4043.85,4044.44,4042.55,4042.56,900,23,0
1782957300,4042.56,4045.15,4042.55,4045.05,817,23,0
1782957600,4045.05,4045.07,4042.81,4043.36,961,23,0
1782957900,4043.35,4043.48,4041.23,4041.75,948,23,0
1782958200,4041.78,4042.81,4037.51,4037.71,1511,23,0
1782958500,4037.71,4039.45,4036.04,4039.06,1178,23,0
1782958800,4039.07,4039.26,4035.64,4035.90,1085,23,0
1782959100,4035.88,4037.29,4033.88,4037.20,1287,23,0
1782959400,4037.20,4040.50,4037.19,4038.87,1135,23,0
1782959700,4038.87,4039.48,4035.12,4035.14,1062,23,0
1782960000,4035.14,4036.49,4034.55,4035.73,959,23,0
1782960300,4035.74,4036.10,4033.38,4034.14,1623,23,0
1782960600,4034.15,4036.91,4034.08,4036.42,1386,23,0
1782960900,4036.44,4036.78,4034.94,4035.07,1583,23,0
1782961200,4035.03,4036.38,4030.72,4033.01,2747,23,0
1782961500,4032.99,4040.33,4032.25,4039.01,2639,23,0
1782961800,4038.99,4046.12,4038.71,4044.87,2501,23,0
1782962100,4044.86,4045.67,4040.23,4040.85,2006,23,0
1782962400,4040.85,4046.58,4040.70,4046.55,1896,23,0
1782962700,4046.54,4048.51,4043.96,4046.41,1859,23,0
1782963000,4046.42,4046.69,4042.27,4044.77,2000,23,0
1782963300,4044.76,4046.16,4042.53,4043.07,1641,23,0
1782963600,4043.08,4043.08,4038.07,4039.30,1954,23,0
1782963900,4039.30,4052.61,4039.27,4050.58,2235,23,0
1782964200,4050.57,4052.45,4049.45,4051.03,2178,23,0
1782964500,4051.03,4051.90,4048.87,4051.71,2029,23,0
1782964800,4051.77,4068.49,4050.55,4064.95,3498,23,0
1782965100,4064.95,4066.14,4060.80,4064.29,2875,23,0
1782965400,4064.33,4067.87,4064.22,4065.15,2764,23,0
1782965700,4065.15,4065.74,4059.65,4060.71,2613,23,0
1782966000,4060.71,4061.11,4051.80,4052.36,2547,23,0
1782966300,4052.36,4055.49,4050.12,4053.24,2475,23,0
1782966600,4053.24,4054.91,4046.31,4048.15,3038,23,0
1782966900,4048.14,4053.57,4046.68,4053.54,2477,23,0
1782967200,4053.56,4055.43,4047.70,4047.70,2733,23,0
1782967500,4047.70,4053.70,4045.29,4052.68,2566,23,0
1782967800,4052.71,4055.34,4051.63,4053.89,2374,23,0
1782968100,4053.91,4056.42,4049.12,4050.21,2347,23,0
1782968400,4050.21,4051.11,4043.82,4047.00,2515,23,0
1782968700,4046.98,4047.20,4042.32,4044.47,2492,23,0
1782969000,4044.47,4048.20,4041.28,4048.11,2123,23,0
1782969300,4048.09,4054.25,4047.83,4053.99,2148,23,0
1782969600,4053.99,4054.88,4048.77,4050.97,1955,23,0
1782969900,4050.97,4052.61,4050.39,4051.55,1542,23,0
1782970200,4051.56,4053.99,4047.73,4050.30,2340,23,0
1782970500,4050.30,4054.03,4049.41,4051.05,2456,23,0
1782970800,4051.05,4057.05,4050.09,4056.24,2274,23,0
1782971100,4056.25,4058.23,4054.43,4056.86,2192,23,0
1782971400,4056.86,4058.92,4055.91,4057.42,2248,23,0
1782971700,4057.43,4060.98,4056.97,4057.18,2272,23,0
1782972000,4057.11,4059.60,4056.37,4056.85,2182,23,0
1782972300,4056.84,4059.73,4055.59,4055.77,2091,23,0
1782972600,4055.77,4058.77,4055.46,4057.58,1797,23,0
1782972900,4057.58,4060.30,4057.54,4059.09,1910,23,0
1782973200,4059.09,4062.33,4058.55,4061.76,2056,23,0
1782973500,4061.75,4067.19,4060.89,4065.33,2141,23,0
1782973800,4065.34,4066.84,4063.38,4063.84,2049,23,0
1782974100,4063.85,4065.76,4062.04,4064.89,1794,23,0
1782974400,4064.93,4067.67,4064.78,4065.60,1596,23,0
1782974700,4065.60,4069.15,4062.98,4068.76,1734,23,0
1782975000,4068.76,4072.73,4067.62,4072.01,1993,23,0
1782975300,4072.04,4074.11,4069.24,4069.95,1885,23,0
1782975600,4069.95,4072.75,4069.61,4071.45,1895,23,0
1782975900,4071.49,4072.92,4070.52,4070.55,1519,23,0
1782976200,4070.54,4071.03,4068.20,4070.10,1442,23,0
1782976500,4070.10,4070.42,4066.54,4067.39,1448,23,0
1782976800,4067.39,4067.82,4064.75,4064.75,1431,23,0
1782977100,4064.74,4066.72,4064.09,4065.55,1324,23,0
1782977400,4065.50,4066.47,4062.84,4063.28,1558,23,0
1782977700,4063.31,4064.22,4062.52,4063.26,1440,23,0
1782978000,4063.27,4064.43,4061.45,4063.34,1488,23,0
1782978300,4063.34,4063.81,4061.56,4062.02,1542,23,0
1782978600,4062.02,4065.15,4061.99,4063.27,1341,23,0
1782978900,4063.25,4063.77,4060.66,4060.76,1426,23,0
1782979200,4060.75,4061.23,4057.72,4059.24,1981,23,0
1782979500,4059.23,4060.89,4057.77,4058.30,1477,23,0
1782979800,4058.28,4059.17,4054.36,4055.70,1778,23,0
1782980100,4055.66,4058.80,4054.64,4058.54,1797,23,0
1782980400,4058.55,4062.19,4058.20,4061.48,1816,23,0
1782980700,4061.45,4062.09,4057.37,4057.44,1880,23,0
1782981000,4057.44,4061.90,4053.20,4056.08,2969,23,0
1782981300,4056.07,4066.27,4055.20,4062.79,2906,23,0
1782981600,4062.79,4063.95,4061.14,4061.76,2642,23,0
1782981900,4061.77,4065.09,4059.91,4060.66,2210,23,0
1782982200,4060.66,4064.86,4060.64,4064.06,2361,23,0
1782982500,4064.06,4067.68,4062.39,4066.05,2088,23,0
1782982800,4066.05,4075.85,4066.04,4070.13,2751,23,0
1782983100,4070.13,4073.65,4068.30,4069.80,2581,23,0
1782983400,4069.83,4071.96,4068.03,4068.42,2236,23,0
1782983700,4068.41,4074.92,4067.18,4074.57,2458,23,0
1782984000,4074.57,4079.75,4074.12,4078.07,2309,23,0
1782984300,4078.07,4079.67,4074.08,4074.21,2079,23,0
1782984600,4074.23,4076.77,4073.50,4075.80,2016,23,0
1782984900,4075.80,4076.12,4071.91,4072.72,2184,23,0
1782985200,4072.66,4072.89,4066.07,4068.14,2217,23,0
1782985500,4068.13,4073.83,4066.77,4073.20,2503,23,0
1782985800,4073.16,4075.24,4069.56,4072.73,2744,23,0
1782986100,4072.73,4076.45,4072.32,4073.18,2335,23,0
1782986400,4073.21,4073.53,4067.17,4069.28,2385,23,0
1782986700,4069.28,4072.19,4067.64,4071.87,2342,23,0
1782987000,4071.87,4074.13,4067.22,4067.77,2324,23,0
1782987300,4067.78,4068.46,4064.49,4065.10,2264,23,0
1782987600,4065.08,4067.16,4061.46,4061.66,1952,23,0
1782987900,4061.69,4064.28,4060.82,4062.39,2105,23,0
1782988200,4062.37,4064.46,4060.88,4063.76,2146,23,0
1782988500,4063.75,4071.00,4063.10,4070.98,1910,23,0
1782988800,4070.99,4075.51,4070.27,4074.47,2109,23,0
1782989100,4074.47,4074.98,4067.42,4069.77,1988,23,0
1782989400,4069.75,4070.47,4065.49,4066.37,2015,23,0
1782989700,4066.36,4066.87,4063.60,4064.60,2213,23,0
1782990000,4064.57,4066.70,4061.29,4066.03,2468,23,0
1782990300,4066.05,4071.73,4065.84,4071.22,2256,23,0
1782990600,4071.19,4074.17,4068.53,4069.83,2210,23,0
1782990900,4069.84,4073.23,4068.83,4073.22,2224,23,0
1782991200,4073.20,4077.86,4072.82,4074.96,2100,23,0
1782991500,4074.99,4075.32,4073.25,4075.01,2095,23,0
1782991800,4074.99,4075.46,4072.22,4073.86,2010,23,0
1782992100,4073.86,4075.95,4072.11,4075.16,2102,23,0
1782992400,4075.16,4077.82,4074.03,4075.27,2046,23,0
1782992700,4075.26,4079.61,4073.45,4076.53,2181,23,0
1782993000,4076.59,4078.66,4073.16,4078.31,2114,23,0
1782993300,4078.28,4079.93,4075.81,4076.13,1903,23,0
1782993600,4076.10,4076.95,4074.75,4075.25,2160,23,0
1782993900,4075.24,4075.79,4069.43,4071.19,2212,23,0
1782994200,4071.17,4072.63,4070.38,4072.22,1809,23,0
1782994500,4072.22,4073.65,4069.39,4071.31,1866,23,0
1782994800,4071.27,4072.06,4067.24,4067.56,1595,23,0
1782995100,4067.55,4067.85,4066.20,4067.56,1724,23,0
1782995400,4067.56,4068.04,4063.96,4065.80,2228,23,0
1782995700,4065.80,4067.49,4064.95,4067.49,1916,23,0
1782996000,4067.48,4072.17,4065.65,4069.34,1853,23,0
1782996300,4069.34,4072.29,4068.33,4068.98,1758,23,0
1782996600,4069.00,4070.63,4065.83,4066.12,1917,23,0
1782996900,4066.15,4067.09,4064.59,4065.25,1832,23,0
1782997200,4065.25,4066.53,4062.96,4063.56,2012,23,0
1782997500,4063.52,4065.54,4062.89,4064.19,1762,23,0
1782997800,4064.19,4066.09,4062.52,4063.31,1521,23,0
1782998100,4063.33,4066.09,4062.01,4065.64,1696,23,0
1782998400,4065.65,4067.91,4064.34,4066.72,1653,23,0
1782998700,4066.72,4067.52,4065.26,4066.13,1655,23,0
1782999000,4066.16,4066.68,4063.72,4065.66,1512,23,0
1782999300,4065.66,4066.42,4063.37,4063.60,1525,23,0
1782999600,4063.59,4068.65,4063.16,4064.65,1630,23,0
1782999900,4064.65,4064.65,4061.75,4061.78,1514,23,0
1783000200,4061.78,4064.44,4061.54,4063.96,1500,23,0
1783000500,4063.96,4068.08,4062.39,4066.29,1816,23,0
1783000800,4066.35,4067.00,4059.95,4060.19,2285,23,0
1783001100,4060.19,4060.74,4057.43,4059.49,1977,23,0
1783001400,4059.50,4063.32,4059.47,4063.26,1962,23,0
1783001700,4063.27,4067.23,4062.62,4065.40,1932,23,0
1783002000,4065.45,4065.52,4062.83,4064.09,1715,23,0
1783002300,4064.08,4066.22,4062.91,4065.49,1622,23,0
1783002600,4065.50,4067.09,4064.23,4065.20,1847,23,0
1783002900,4065.20,4067.21,4063.34,4066.79,1623,23,0
1783003200,4066.80,4071.62,4065.05,4071.09,2236,23,0
1783003500,4071.08,4072.26,4068.01,4071.12,2009,23,0
1783003800,4071.11,4071.78,4069.62,4070.52,1866,23,0
1783004100,4070.52,4071.00,4065.26,4065.26,1854,23,0
1783004400,4065.23,4066.81,4062.63,4066.73,2223,23,0
1783004700,4066.74,4073.53,4066.74,4070.06,2202,23,0
1783005000,4070.06,4071.13,4061.29,4064.16,2117,23,0
1783005300,4064.18,4064.82,4061.69,4061.85,2211,23,0
1783005600,4061.86,4068.75,4061.86,4067.35,2479,23,0
1783005900,4067.33,4069.63,4062.89,4064.99,2185,23,0
1783006200,4064.98,4127.50,4064.82,4127.23,4283,23,0
1783006500,4127.29,4138.74,4124.01,4137.06,4087,23,0
1783006800,4137.01,4140.48,4130.50,4132.50,3893,23,0
1783007100,4132.49,4134.05,4120.17,4124.88,3668,23,0
1783007400,4124.95,4130.60,4119.22,4119.90,3506,23,0
1783007700,4119.89,4121.37,4112.15,4117.55,3562,23,0
1783008000,4117.52,4129.74,4115.53,4126.85,3867,23,0
1783008300,4126.84,4126.95,4116.07,4117.88,3532,23,0
1783008600,4117.88,4126.42,4117.03,4124.19,3353,23,0
1783008900,4124.12,4124.53,4114.81,4119.08,3289,23,0
1783009200,4119.24,4120.08,4113.26,4114.04,3159,23,0
1783009500,4114.11,4117.08,4109.42,4113.06,3169,23,0
1783009800,4113.11,4129.75,4110.20,4127.90,3946,23,0
1783010100,4127.72,4138.24,4127.11,4135.35,3874,23,0
1783010400,4135.34,4138.05,4126.96,4134.59,3732,23,0
1783010700,4134.65,4142.85,4133.80,4141.09,3729,23,0
1783011000,4141.09,4143.99,4132.92,4133.47,3502,23,0
1783011300,4133.49,4140.90,4132.53,4136.83,3126,23,0
1783011600,4136.78,4138.22,4127.81,4130.45,3367,23,0
1783011900,4130.39,4134.63,4127.89,4127.94,3311,23,0
1783012200,4127.86,4131.09,4124.08,4128.58,3343,23,0
1783012500,4128.59,4136.10,4126.98,4130.75,3424,23,0
1783012800,4130.76,4130.80,4121.29,4123.48,3447,23,0
1783013100,4123.48,4124.33,4114.10,4116.29,3531,23,0
1783013400,4116.26,4125.55,4114.94,4119.59,3444,23,0
1783013700,4119.62,4120.71,4116.50,4118.60,3544,23,0
1783014000,4118.61,4120.83,4114.68,4118.64,3579,23,0
1783014300,4118.63,4122.68,4115.79,4122.57,3508,23,0
1783014600,4122.57,4126.29,4120.56,4123.79,3415,23,0
1783014900,4123.90,4129.79,4123.89,4128.56,3267,23,0
1783015200,4128.54,4131.21,4126.05,4127.07,3272,23,0
1783015500,4127.08,4127.68,4114.67,4121.07,3445,23,0
1783015800,4121.05,4130.90,4120.63,4126.53,3274,23,0
1783016100,4126.47,4128.64,4120.61,4122.02,3122,23,0
1783016400,4122.06,4131.31,4122.06,4129.65,3085,23,0
1783016700,4129.65,4129.98,4122.28,4122.45,2970,23,0
1783017000,4122.55,4130.95,4122.46,4129.76,2882,23,0
1783017300,4129.77,4130.92,4127.32,4127.45,2810,23,0
1783017600,4127.50,4128.70,4124.57,4125.33,3076,23,0
1783017900,4125.35,4129.99,4125.24,4128.70,2652,23,0
1783018200,4128.70,4128.76,4124.16,4128.36,2831,23,0
1783018500,4128.33,4129.37,4125.64,4128.44,2699,23,0
1783018800,4128.43,4130.19,4124.74,4126.42,2720,23,0
1783019100,4126.43,4127.37,4121.90,4122.58,2723,23,0
1783019400,4122.58,4126.17,4122.02,4123.34,2500,23,0
1783019700,4123.33,4123.85,4120.94,4123.44,2508,23,0
1783020000,4123.44,4123.69,4116.05,4117.09,2900,23,0
1783020300,4117.07,4119.29,4115.43,4116.35,2676,23,0
1783020600,4116.35,4116.35,4102.23,4103.08,3265,23,0
1783020900,4103.04,4110.72,4100.34,4110.21,3171,23,0
1783021200,4110.25,4116.66,4109.70,4114.71,2732,23,0
1783021500,4114.71,4118.48,4114.01,4117.65,2617,23,0
1783021800,4117.65,4120.15,4114.91,4117.34,2655,23,0
1783022100,4117.34,4119.08,4115.90,4118.09,2169,23,0
1783022400,4118.06,4119.24,4114.24,4116.08,2593,23,0
1783022700,4116.09,4119.78,4113.47,4116.82,2793,23,0
1783023000,4116.82,4118.31,4114.21,4117.96,2619,23,0
1783023300,4118.10,4119.75,4115.96,4116.59,2535,23,0
1783023600,4116.61,4117.33,4111.65,4114.69,2613,23,0
1783023900,4114.66,4116.14,4111.48,4112.57,2645,23,0
1783024200,4112.53,4114.42,4110.38,4111.63,2700,23,0
1783024500,4111.62,4113.34,4108.28,4109.21,2641,23,0
1783024800,4109.22,4109.48,4105.89,4107.32,2652,23,0
1783025100,4107.34,4109.89,4106.29,4109.35,2436,23,0
1783025400,4109.33,4110.29,4106.61,4109.32,2435,23,0
1783025700,4109.31,4110.10,4105.74,4106.76,1883,23,0
1783026000,4106.76,4114.55,4105.93,4114.42,2616,23,0
1783026300,4114.40,4122.95,4114.06,4122.45,2670,23,0
1783026600,4122.45,4123.73,4118.60,4119.10,2635,23,0
1783026900,4119.09,4120.37,4115.60,4116.93,2319,23,0
1783027200,4116.93,4118.21,4115.80,4117.94,2170,23,0
1783027500,4117.94,4123.15,4117.83,4123.14,2149,23,0
1783027800,4123.15,4126.99,4122.88,4125.05,2190,23,0
1783028100,4125.06,4125.90,4124.10,4124.80,2076,23,0
1783028400,4124.81,4124.92,4121.25,4121.27,2081,23,0
1783028700,4121.27,4122.20,4119.90,4122.11,2189,23,0
1783029000,4122.12,4124.25,4121.00,4121.20,1985,23,0
1783029300,4121.20,4122.93,4120.77,4122.56,1959,23,0
1783029600,4122.58,4124.35,4117.89,4118.39,2450,23,0
1783029900,4118.37,4119.62,4115.82,4116.92,2399,23,0
1783030200,4116.94,4117.00,4113.21,4114.42,2382,23,0
1783030500,4114.44,4114.91,4111.62,4111.82,1997,23,0
1783030800,4111.82,4112.19,4108.44,4108.99,2009,23,0
1783031100,4108.99,4113.44,4108.18,4112.58,2086,23,0
1783031400,4112.57,4114.78,4111.55,4113.16,2165,23,0
1783031700,4113.19,4113.60,4111.05,4112.75,2180,23,0
1783032000,4112.75,4114.10,4112.31,4113.38,1989,23,0
1783032300,4113.39,4115.73,4112.72,4115.73,1897,23,0
1783032600,4115.70,4123.65,4115.65,4123.65,2589,23,0
1783032900,4123.65,4124.00,4119.70,4121.31,2568,23,0
1783033200,4121.30,4121.33,4116.36,4120.10,1755,23,0
1783033500,4120.10,4122.45,4119.74,4121.69,1292,23,0
1783033800,4121.68,4121.85,4119.78,4119.92,1063,23,0
1783034100,4119.91,4122.12,4119.10,4122.11,1110,23,0
1783034400,4122.11,4124.99,4121.97,4123.24,1023,23,0
1783034700,4123.24,4124.18,4123.06,4123.51,750,23,0
1783035000,4123.51,4125.02,4123.01,4123.38,743,24,0
1783035300,4123.38,4123.73,4121.46,4121.56,742,28,0
1783035600,4121.58,4122.49,4120.71,4120.71,681,28,0
1783035900,4120.71,4120.78,4119.60,4119.65,738,28,0
1783036200,4119.64,4121.65,4118.60,4121.54,896,28,0
1783036500,4121.55,4124.21,4121.39,4123.91,607,28,0
1783040400,4127.81,4127.81,4124.74,4125.58,1052,28,0
1783040700,4125.57,4127.98,4124.52,4127.91,515,28,0
1783041000,4127.91,4127.99,4124.46,4124.46,461,28,0
1783041300,4124.46,4125.14,4123.72,4124.86,761,28,0
1783041600,4124.85,4125.31,4122.96,4123.63,729,28,0
1783041900,4123.64,4124.32,4122.61,4124.31,871,28,0
1783042200,4124.30,4126.13,4123.68,4126.13,1058,23,0
1783042500,4126.14,4126.34,4124.25,4124.39,748,23,0
1783042800,4124.38,4124.70,4122.54,4123.08,827,23,0
1783043100,4123.06,4124.33,4122.81,4123.80,633,23,0
1783043400,4123.80,4124.00,4122.97,4123.73,671,23,0
1783043700,4123.69,4126.37,4123.67,4124.61,891,23,0
1783044000,4124.61,4126.66,4124.55,4125.12,887,23,0
1783044300,4125.12,4126.97,4124.33,4126.78,962,23,0
1783044600,4126.78,4127.18,4125.36,4125.36,888,23,0
1783044900,4125.34,4127.95,4124.31,4125.33,1197,23,0
1783045200,4125.33,4127.41,4124.67,4127.28,1212,23,0
1783045500,4127.27,4130.28,4127.23,4129.80,1224,23,0
1783045800,4129.81,4132.38,4126.08,4126.57,1421,23,0
1783046100,4126.58,4127.69,4121.78,4123.25,1753,23,0
1783046400,4123.24,4126.48,4121.15,4124.77,1881,23,0
1783046700,4124.77,4130.58,4124.68,4130.54,1856,23,0
1783047000,4130.53,4130.81,4124.45,4128.42,2091,23,0
1783047300,4128.43,4131.62,4124.90,4126.11,2144,23,0
1783047600,4126.24,4132.69,4122.93,4131.78,3095,23,0
1783047900,4131.78,4132.64,4124.98,4128.68,2958,23,0
1783048200,4128.68,4136.85,4126.63,4134.97,2776,23,0
1783048500,4134.97,4136.33,4131.76,4135.94,2700,23,0
1783048800,4135.93,4140.84,4135.17,4138.64,2601,23,0
1783049100,4138.63,4140.83,4136.88,4137.20,2313,23,0
1783049400,4137.19,4138.24,4133.09,4134.62,2523,23,0
1783049700,4134.62,4139.62,4133.61,4137.52,2508,23,0
1783050000,4137.49,4139.13,4134.05,4136.37,2155,23,0
1783050300,4136.37,4141.27,4135.42,4141.01,2026,23,0
1783050600,4141.02,4148.57,4139.90,4147.46,2403,23,0
1783050900,4147.43,4151.01,4146.97,4147.15,2597,23,0
1783051200,4147.13,4161.61,4146.64,4160.98,3660,23,0
1783051500,4160.99,4175.99,4159.30,4172.50,3598,23,0
1783051800,4172.50,4179.23,4167.57,4176.12,3382,23,0
1783052100,4176.10,4181.41,4174.09,4179.58,3259,23,0
1783052400,4179.56,4194.27,4179.06,4192.04,3253,23,0
1783052700,4192.07,4192.88,4185.98,4187.53,3166,23,0
1783053000,4187.54,4193.31,4182.48,4192.90,3273,23,0
1783053300,4192.93,4195.39,4184.52,4184.90,2974,23,0
1783053600,4184.90,4185.07,4179.29,4179.77,2538,23,0
1783053900,4179.77,4182.81,4176.46,4180.75,2584,23,0
1783054200,4180.74,4181.74,4175.28,4179.62,2287,23,0
1783054500,4179.70,4183.97,4179.13,4182.26,2420,23,0
1783054800,4182.25,4184.28,4177.13,4179.31,2409,23,0
1783055100,4179.27,4181.97,4178.55,4179.39,2127,23,0
1783055400,4179.38,4182.09,4178.55,4179.45,2396,23,0
1783055700,4179.44,4181.17,4176.59,4176.66,1715,23,0
1783056000,4176.64,4180.54,4176.64,4178.54,1526,23,0
1783056300,4178.55,4179.36,4176.47,4179.16,1478,23,0
1783056600,4179.16,4182.67,4178.12,4180.71,2338,23,0
1783056900,4180.69,4186.76,4179.37,4186.16,2295,23,0
1783057200,4186.16,4186.86,4181.30,4183.28,2236,23,0
1783057500,4183.29,4184.24,4178.86,4180.06,2023,23,0
1783057800,4180.06,4186.01,4179.13,4183.57,2117,23,0
1783058100,4183.59,4186.57,4182.35,4183.50,2063,23,0
1783058400,4183.50,4184.56,4179.74,4181.82,2175,23,0
1783058700,4181.83,4183.34,4180.39,4181.83,1858,23,0
1783059000,4181.82,4183.84,4181.58,4182.71,1649,23,0
1783059300,4182.70,4183.60,4181.52,4181.67,1574,23,0
1783059600,4181.67,4183.27,4179.26,4180.06,1667,23,0
1783059900,4180.06,4182.34,4179.67,4181.38,1403,23,0
1783060200,4181.39,4183.18,4179.30,4181.75,1702,23,0
1783060500,4181.73,4182.60,4179.20,4180.64,1530,23,0
1783060800,4180.65,4182.40,4177.30,4177.37,1531,23,0
1783061100,4177.37,4179.33,4176.48,4176.56,1426,23,0
1783061400,4176.56,4177.60,4176.24,4176.76,1161,23,0
1783061700,4176.76,4176.88,4175.23,4176.00,1096,23,0
1783062000,4176.01,4176.57,4173.24,4174.45,1502,23,0
1783062300,4174.43,4178.15,4174.06,4178.15,1327,23,0
1783062600,4178.14,4178.89,4177.35,4177.71,1171,23,0
1783062900,4177.71,4181.42,4176.64,4181.32,1206,23,0
1783063200,4181.32,4182.81,4178.53,4178.62,1508,23,0
1783063500,4178.61,4179.43,4178.13,4178.46,1047,23,0
1783063800,4178.46,4178.69,4175.79,4177.32,1053,23,0
1783064100,4177.32,4177.67,4175.33,4176.44,948,23,0
1783064400,4176.44,4177.99,4175.77,4177.22,968,23,0
1783064700,4177.20,4178.22,4176.15,4176.35,924,23,0
1783065000,4176.34,4176.44,4174.56,4175.22,1151,23,0
1783065300,4175.26,4178.85,4174.64,4178.81,977,23,0
1783065600,4178.82,4180.96,4176.98,4180.68,1452,23,0
1783065900,4180.69,4181.18,4178.60,4179.01,1400,23,0
1783066200,4179.00,4179.00,4177.49,4178.32,1447,23,0
1783066500,4178.31,4179.20,4176.27,4179.14,1321,23,0
1783066800,4179.12,4179.17,4173.05,4174.38,1523,23,0
1783067100,4174.38,4177.13,4174.09,4176.01,1169,23,0
1783067400,4176.05,4181.85,4174.48,4178.72,2531,23,0
1783067700,4178.72,4179.68,4173.91,4174.17,2031,23,0
1783068000,4174.16,4176.34,4173.14,4175.03,2066,23,0
1783068300,4175.03,4176.45,4169.24,4171.31,2019,23,0
1783068600,4171.31,4173.60,4170.63,4171.31,1859,23,0
1783068900,4171.31,4171.98,4170.43,4171.17,1576,23,0
1783069200,4171.17,4171.76,4164.65,4164.79,2455,23,0
1783069500,4164.81,4171.20,4164.54,4170.12,2280,23,0
1783069800,4170.11,4170.31,4162.11,4162.39,2188,23,0
1783070100,4162.37,4165.90,4160.44,4165.71,2259,23,0
1783070400,4165.71,4167.16,4162.98,4163.98,2020,23,0
1783070700,4163.98,4166.49,4163.22,4164.83,2097,23,0
1783071000,4164.83,4171.20,4164.42,4169.37,2201,23,0
1783071300,4169.45,4173.63,4168.41,4170.23,2029,23,0
1783071600,4170.21,4172.35,4168.76,4171.10,1794,23,0
1783071900,4171.10,4173.73,4170.28,4173.11,1885,23,0
1783072200,4173.10,4174.41,4171.56,4173.12,1795,23,0
1783072500,4173.08,4174.34,4170.83,4173.06,1790,23,0
1783072800,4173.04,4174.99,4171.25,4174.99,1915,23,0
1783073100,4174.98,4180.46,4174.76,4180.37,1868,23,0
1783073400,4180.38,4181.19,4172.29,4174.07,2036,23,0
1783073700,4174.07,4174.67,4170.93,4171.66,1603,23,0
1783074000,4171.66,4173.57,4169.20,4173.16,1608,23,0
1783074300,4173.16,4175.97,4172.69,4175.32,1883,23,0
1783074600,4175.33,4178.37,4173.82,4176.37,1782,23,0
1783074900,4176.37,4179.43,4176.30,4179.30,1432,23,0
1783075200,4179.21,4179.70,4176.76,4179.39,1744,23,0
1783075500,4179.40,4181.06,4178.77,4180.41,1471,23,0
1783075800,4180.41,4181.64,4177.06,4177.88,1701,23,0
1783076100,4177.88,4178.70,4174.80,4177.27,1770,23,0
1783076400,4177.43,4184.69,4177.43,4183.04,2018,23,0
1783076700,4183.05,4185.78,4181.60,4182.35,1662,23,0
1783077000,4182.35,4185.04,4181.28,4183.97,1488,23,0
1783077300,4183.97,4185.40,4182.70,4184.67,1496,23,0
1783077600,4184.67,4185.42,4182.26,4183.16,1619,23,0
1783077900,4183.18,4184.10,4181.17,4183.14,1749,23,0
1783078200,4183.09,4186.50,4180.90,4185.48,1709,23,0
1783078500,4185.49,4186.38,4182.04,4182.06,1348,23,0
1783078800,4182.07,4184.33,4180.62,4184.05,1578,23,0
1783079100,4184.05,4185.45,4177.18,4177.18,1728,23,0
1783079400,4177.17,4180.06,4176.91,4179.36,1513,23,0
1783079700,4179.37,4182.35,4179.36,4180.98,1303,23,0
1783080000,4180.97,4181.26,4179.29,4180.59,1489,23,0
1783080300,4180.59,4181.74,4177.40,4177.43,1496,23,0
1783080600,4177.40,4180.36,4175.84,4180.36,1566,23,0
1783080900,4180.36,4180.45,4175.39,4175.95,1588,23,0
1783081200,4175.94,4177.54,4173.34,4173.43,1306,23,0
1783081500,4173.45,4174.22,4171.20,4171.93,1768,23,0
1783081800,4171.93,4172.97,4168.79,4169.77,1879,23,0
1783082100,4169.69,4171.93,4168.40,4171.45,1623,23,0
1783082400,4171.44,4172.36,4170.10,4172.12,1437,23,0
1783082700,4172.14,4173.60,4171.82,4173.01,1373,23,0
1783083000,4173.01,4174.84,4171.56,4174.73,1371,23,0
1783083300,4174.74,4175.01,4171.90,4171.96,1173,23,0
1783083600,4171.95,4175.96,4170.66,4175.81,1239,23,0
1783083900,4175.83,4180.48,4175.80,4178.47,1343,23,0
1783084200,4178.47,4180.72,4177.63,4179.72,1343,23,0
1783084500,4179.73,4180.32,4178.02,4180.24,1275,23,0
1783084800,4180.24,4181.07,4179.39,4180.13,1139,23,0
1783085100,4180.14,4181.12,4178.17,4178.43,1195,23,0
1783085400,4178.43,4179.00,4177.08,4177.11,1390,23,0
1783085700,4177.11,4177.24,4175.51,4177.04,947,23,0
1783086000,4177.04,4177.89,4175.97,4177.65,1000,23,0
1783086300,4177.65,4178.40,4174.68,4175.73,1110,23,0
1783086600,4175.73,4178.68,4175.71,4176.50,950,23,0
1783086900,4176.48,4177.99,4176.47,4177.12,956,23,0
1783087200,4177.10,4179.04,4175.55,4178.86,1564,23,0
1783087500,4178.86,4179.80,4177.48,4179.78,1258,23,0
1783087800,4179.75,4183.81,4179.34,4183.37,1271,23,0
1783088100,4183.36,4185.04,4183.17,4183.46,1241,23,0
1783088400,4183.47,4186.07,4182.64,4184.86,1230,23,0
1783088700,4184.86,4185.48,4183.03,4183.06,1359,23,0
1783089000,4183.06,4185.11,4182.60,4183.96,1176,23,0
1783089300,4183.95,4185.82,4183.48,4185.28,1099,23,0
1783089600,4185.28,4185.87,4184.75,4185.33,1067,23,0
1783089900,4185.33,4186.28,4184.02,4184.06,1117,23,0
1783090200,4184.05,4184.57,4181.32,4181.40,1248,23,0
1783090500,4181.38,4181.82,4178.57,4180.99,1412,23,0
1783090800,4180.94,4181.37,4177.90,4178.36,1497,23,0
1783091100,4178.35,4183.16,4178.35,4181.12,1600,23,0
1783091400,4181.12,4181.21,4177.91,4177.98,1573,23,0
1783091700,4177.98,4178.27,4175.09,4175.53,1431,23,0
1783092000,4175.53,4175.53,4173.11,4174.39,1581,23,0
1783092300,4174.39,4174.74,4172.15,4174.71,1393,23,0
1783092600,4174.71,4177.27,4172.84,4177.24,1583,23,0
1783092900,4177.24,4177.60,4173.07,4175.04,1760,23,0
1783093200,4175.04,4175.66,4173.51,4174.92,1329,23,0
1783093500,4174.94,4177.25,4174.38,4175.73,1303,23,0
1783093800,4175.75,4177.58,4174.10,4174.99,1270,23,0
1783094100,4175.00,4177.32,4172.27,4176.81,1279,23,0
1783094400,4176.81,4179.27,4172.44,4173.82,2480,23,0
1783094700,4173.83,4174.41,4166.39,4166.74,2348,23,0
1783095000,4166.75,4168.94,4164.50,4166.61,2240,23,0
1783095300,4166.61,4170.83,4166.54,4169.56,2155,23,0
1783095600,4169.60,4171.14,4167.50,4169.71,1872,23,0
1783095900,4169.71,4172.21,4169.31,4171.54,1793,23,0
1783096200,4171.53,4171.73,4166.04,4167.14,2036,23,0
1783096500,4167.14,4168.60,4165.06,4167.75,2237,23,0
1783096800,4167.75,4168.19,4165.91,4166.93,1974,23,0
1783097100,4166.91,4167.36,4163.55,4164.97,2006,23,0
1783097400,4164.97,4167.72,4164.33,4166.55,1848,23,0
1783097700,4166.55,4168.82,4163.64,4164.68,1969,23,0
1783098000,4164.68,4167.11,4163.09,4166.53,2254,23,0
1783098300,4166.53,4166.84,4155.38,4158.94,2473,23,0
1783098600,4158.93,4163.63,4158.47,4162.16,2043,23,0
1783098900,4162.16,4165.35,4161.96,4162.34,1912,23,0
1783099200,4162.32,4164.47,4161.27,4163.31,1837,23,0
1783099500,4163.29,4166.79,4162.09,4166.18,1901,23,0
1783099800,4166.18,4167.14,4163.66,4164.85,1734,23,0
1783100100,4164.85,4166.21,4163.87,4165.12,1665,23,0
1783100400,4165.13,4167.19,4163.43,4163.95,1520,23,0
1783100700,4163.87,4167.99,4163.65,4166.73,1506,23,0
1783101000,4166.73,4168.62,4166.60,4168.55,1395,23,0
1783101300,4168.56,4171.09,4167.31,4169.81,1629,23,0
1783101600,4169.80,4172.96,4168.60,4171.65,1832,23,0
1783101900,4171.65,4172.42,4171.19,4171.20,1477,23,0
1783102200,4171.19,4174.13,4170.89,4172.21,1648,23,0
1783102500,4172.22,4174.36,4170.87,4171.74,1584,23,0
1783102800,4171.75,4171.76,4169.16,4169.70,1372,23,0
1783103100,4169.69,4169.69,4166.95,4167.46,1511,23,0
1783103400,4167.46,4168.57,4166.05,4166.93,1593,23,0
1783103700,4166.90,4168.85,4166.55,4167.28,1228,23,0
1783104000,4167.30,4168.87,4166.89,4167.75,1167,23,0
1783104300,4167.70,4168.90,4166.97,4168.44,1087,23,0
1783104600,4168.44,4168.53,4165.63,4166.94,1309,23,0
1783104900,4166.89,4167.00,4164.45,4164.84,1287,23,0
1783105200,4164.81,4165.50,4164.13,4164.92,1150,23,0
1783105500,4164.90,4165.48,4163.06,4165.22,1164,23,0
1783105800,4165.21,4165.77,4163.89,4164.15,1140,23,0
1783106100,4164.15,4165.00,4162.82,4164.90,998,23,0
1783106400,4164.90,4167.56,4164.42,4167.35,1281,23,0
1783106700,4167.37,4167.56,4166.07,4166.72,845,23,0
1783107000,4166.72,4170.46,4166.67,4168.96,1226,23,0
1783107300,4168.96,4169.79,4167.98,4169.06,1030,23,0
1783107600,4169.06,4170.34,4168.04,4170.12,1140,23,0
1783107900,4170.12,4171.98,4169.69,4171.08,1214,23,0
1783108200,4170.99,4175.78,4170.44,4175.12,1488,23,0
1783108500,4175.12,4176.39,4173.65,4174.89,1317,23,0
1783299600,4175.60,4186.74,4173.35,4180.49,2645,28,0
1783299900,4180.49,4185.80,4178.71,4179.79,2369,28,0
1783300200,4179.87,4182.70,4179.24,4181.14,1456,28,0
1783300500,4181.13,4181.96,4177.35,4177.69,1490,28,0
1783300800,4177.69,4182.51,4177.56,4182.15,1368,28,0
1783301100,4182.14,4185.69,4180.66,4184.83,1499,28,0
1783301400,4184.75,4188.04,4182.91,4186.52,1769,23,0
1783301700,4186.52,4191.47,4185.93,4190.62,1657,23,0
1783302000,4190.62,4190.82,4186.58,4188.74,1628,23,0
1783302300,4188.74,4189.92,4184.09,4184.30,1575,23,0
1783302600,4184.29,4187.37,4183.24,4185.91,1727,23,0
1783302900,4185.81,4189.83,4184.94,4188.24,1462,23,0
1783303200,4188.23,4191.44,4188.17,4189.47,1573,23,0
1783303500,4189.47,4190.96,4188.68,4189.54,1140,23,0
1783303800,4189.54,4190.38,4186.81,4187.46,1395,23,0
1783304100,4187.44,4189.92,4186.63,4187.92,1317,23,0
1783304400,4187.92,4191.15,4187.88,4189.64,936,23,0
1783304700,4189.64,4201.74,4189.30,4200.38,1590,23,0
1783305000,4200.38,4201.44,4193.56,4194.89,1983,23,0
1783305300,4194.93,4198.69,4193.45,4197.67,1386,23,0
1783305600,4197.71,4198.86,4196.35,4196.41,1386,23,0
1783305900,4196.40,4197.23,4177.52,4181.87,2977,23,0
1783306200,4181.87,4183.98,4180.33,4182.69,2052,23,0
1783306500,4182.69,4185.39,4181.82,4183.13,1812,23,0
1783306800,4183.13,4185.33,4170.39,4175.39,3343,23,0
1783307100,4175.35,4178.74,4171.13,4176.54,2938,23,0
1783307400,4176.54,4177.46,4173.58,4174.82,2373,23,0
1783307700,4174.82,4181.55,4174.65,4178.20,2503,23,0
1783308000,4178.20,4179.14,4175.60,4177.15,2295,23,0
1783308300,4177.16,4178.26,4171.08,4174.53,2772,23,0
1783308600,4174.53,4182.41,4174.11,4181.08,2739,23,0
1783308900,4181.09,4184.88,4178.55,4184.71,2426,23,0
1783309200,4184.70,4187.46,4183.14,4185.93,2137,23,0
1783309500,4185.89,4188.95,4183.10,4185.29,2125,23,0
1783309800,4185.28,4185.63,4181.84,4183.60,2149,23,0
1783310100,4183.57,4188.25,4174.85,4179.77,2531,23,0
1783310400,4179.66,4192.68,4172.55,4187.26,3530,23,0
1783310700,4187.23,4187.33,4176.22,4181.16,3146,23,0
1783311000,4181.03,4189.31,4180.18,4188.79,2658,23,0
1783311300,4188.79,4192.81,4184.30,4188.80,2745,23,0
1783311600,4188.74,4190.54,4180.62,4184.37,2881,23,0
1783311900,4184.38,4189.73,4183.40,4189.51,2909,23,0
1783312200,4189.49,4197.82,4187.52,4197.82,3012,23,0
1783312500,4197.81,4200.39,4191.82,4196.40,3032,23,0
1783312800,4196.40,4200.48,4195.08,4198.19,2615,23,0
1783313100,4198.20,4202.82,4194.25,4194.55,2881,23,0
1783313400,4194.56,4195.17,4190.41,4190.94,2879,23,0
1783313700,4190.94,4194.31,4185.02,4186.02,2799,23,0
1783314000,4186.01,4187.79,4182.93,4185.28,2789,23,0
1783314300,4185.27,4185.54,4178.48,4180.86,2744,23,0
1783314600,4180.88,4181.91,4177.02,4180.86,2652,23,0
1783314900,4180.88,4184.19,4178.62,4183.74,2448,23,0
1783315200,4183.73,4186.04,4175.78,4178.47,2269,23,0
1783315500,4178.46,4180.16,4176.63,4177.63,2036,23,0
1783315800,4177.64,4178.63,4172.54,4174.99,3154,23,0
1783316100,4174.97,4175.92,4168.55,4173.19,2681,23,0
1783316400,4173.18,4175.66,4171.32,4172.39,2499,23,0
1783316700,4172.38,4175.63,4172.38,4174.20,2340,23,0
1783317000,4174.20,4175.94,4172.72,4173.85,2242,23,0
1783317300,4173.85,4175.07,4169.95,4174.12,2447,23,0
1783317600,4174.11,4176.34,4166.45,4170.53,2564,23,0
1783317900,4170.54,4170.97,4166.22,4167.40,2306,23,0
1783318200,4167.40,4171.76,4165.50,4166.58,2155,23,0
1783318500,4166.57,4167.84,4164.76,4165.63,2075,23,0
1783318800,4165.64,4166.44,4162.96,4162.99,1841,23,0
1783319100,4162.98,4166.78,4162.57,4165.98,1831,23,0
1783319400,4165.86,4167.49,4164.58,4166.06,1809,23,0
1783319700,4166.05,4169.19,4165.27,4165.58,1761,23,0
1783320000,4165.58,4166.42,4161.69,4162.86,1852,23,0
1783320300,4162.86,4165.15,4162.81,4163.21,1591,23,0
1783320600,4163.20,4164.25,4161.02,4162.66,1738,23,0
1783320900,4162.66,4166.79,4162.36,4165.20,1497,23,0
1783321200,4165.19,4166.56,4161.73,4163.32,1765,23,0
1783321500,4163.27,4163.70,4161.10,4161.51,1465,23,0
1783321800,4161.51,4163.83,4161.49,4163.44,1198,23,0
1783322100,4163.43,4164.56,4162.82,4163.82,1096,23,0
1783322400,4163.83,4164.01,4160.23,4163.22,1243,23,0
1783322700,4163.23,4163.49,4161.18,4161.20,1396,23,0
1783323000,4161.23,4162.38,4157.42,4159.58,1817,23,0
1783323300,4159.58,4160.93,4157.76,4159.52,1627,23,0
1783323600,4159.53,4160.87,4159.13,4160.16,1276,23,0
1783323900,4160.16,4161.09,4158.28,4160.03,1351,23,0
1783324200,4160.05,4161.00,4158.07,4159.24,1383,23,0
1783324500,4159.22,4161.01,4158.23,4159.61,1033,23,0
1783324800,4159.66,4160.94,4154.05,4154.05,1914,23,0
1783325100,4154.07,4156.04,4152.12,4153.32,1835,23,0
1783325400,4153.32,4155.93,4151.24,4152.13,1655,23,0
1783325700,4152.12,4153.50,4151.18,4151.64,1516,23,0
1783326000,4151.64,4152.62,4150.56,4151.88,1424,23,0
1783326300,4151.87,4154.36,4151.39,4152.76,1419,23,0
1783326600,4152.72,4158.54,4149.55,4156.52,2888,23,0
1783326900,4156.57,4160.41,4153.35,4154.76,2555,23,0
1783327200,4154.76,4157.97,4154.71,4155.34,2379,23,0
1783327500,4155.34,4156.02,4152.64,4154.38,2044,23,0
1783327800,4154.38,4156.89,4153.75,4156.08,2262,23,0
1783328100,4156.09,4156.33,4144.83,4147.92,2625,23,0
1783328400,4147.93,4150.85,4145.76,4146.60,2617,23,0
1783328700,4146.60,4151.91,4145.96,4151.26,2461,23,0
1783329000,4151.28,4152.21,4149.54,4151.98,2101,23,0
1783329300,4151.94,4152.00,4147.85,4149.11,2020,23,0
1783329600,4149.10,4152.62,4148.29,4152.60,1977,23,0
1783329900,4152.62,4156.69,4152.21,4156.52,1917,23,0
1783330200,4156.49,4159.30,4155.61,4157.02,2141,23,0
1783330500,4157.02,4159.51,4154.89,4155.91,2125,23,0
1783330800,4155.91,4157.69,4153.23,4155.75,1762,23,0
1783331100,4155.75,4156.77,4153.99,4155.60,1500,23,0
1783331400,4155.61,4156.05,4150.71,4151.70,1761,23,0
1783331700,4151.70,4152.55,4149.00,4150.30,1999,23,0
1783332000,4150.30,4153.37,4148.62,4152.72,2095,23,0
1783332300,4152.73,4152.96,4147.98,4148.79,1899,23,0
1783332600,4148.78,4151.05,4147.20,4151.00,1845,23,0
1783332900,4150.96,4154.24,4150.27,4153.19,2024,23,0
1783333200,4153.16,4155.71,4151.61,4154.45,1939,23,0
1783333500,4154.45,4154.63,4151.45,4152.90,1534,23,0
1783333800,4152.89,4157.87,4151.16,4156.98,1757,23,0
1783334100,4156.97,4158.65,4155.72,4158.53,1390,23,0
1783334400,4158.53,4164.30,4158.53,4163.52,1773,23,0
1783334700,4163.53,4166.24,4162.52,4166.04,1927,23,0
1783335000,4166.01,4166.01,4162.06,4164.07,1574,23,0
1783335300,4164.07,4165.21,4163.15,4164.44,1545,23,0
1783335600,4164.45,4166.00,4160.75,4160.99,2010,23,0
1783335900,4160.99,4162.81,4160.29,4161.60,1686,23,0
1783336200,4161.61,4161.61,4157.17,4158.03,2045,23,0
1783336500,4158.04,4158.62,4153.73,4156.40,1966,23,0
1783336800,4156.39,4156.72,4153.56,4154.83,1616,23,0
1783337100,4154.80,4156.83,4154.18,4155.42,1416,23,0
1783337400,4155.43,4155.92,4153.76,4154.26,1495,23,0
1783337700,4154.23,4155.20,4149.61,4151.05,1587,23,0
1783338000,4151.04,4153.39,4148.52,4149.04,1582,23,0
1783338300,4149.06,4150.36,4147.11,4148.58,1622,23,0
1783338600,4148.76,4152.87,4148.26,4152.44,1660,23,0
1783338900,4152.44,4152.45,4150.39,4150.45,1256,23,0
1783339200,4150.46,4150.75,4148.42,4148.96,1469,23,0
1783339500,4148.89,4151.23,4147.90,4150.23,1347,23,0
1783339800,4150.23,4150.23,4148.77,4149.68,1464,23,0
1783340100,4149.69,4149.79,4146.36,4147.23,1529,23,0
1783340400,4147.23,4148.93,4146.52,4147.03,1469,23,0
1783340700,4146.99,4147.31,4141.53,4143.61,1946,23,0
1783341000,4143.61,4143.61,4136.57,4137.52,2356,23,0
1783341300,4137.51,4142.88,4136.69,4141.49,1800,23,0
1783341600,4141.50,4141.60,4139.42,4139.42,1528,23,0
1783341900,4139.41,4141.20,4139.14,4140.27,1450,23,0
1783342200,4140.26,4143.40,4140.26,4142.36,1479,23,0
1783342500,4142.35,4144.76,4141.90,4143.22,1367,23,0
1783342800,4143.24,4145.00,4142.05,4143.80,1537,23,0
1783343100,4143.83,4144.67,4142.26,4144.53,1289,23,0
1783343400,4144.53,4148.61,4143.81,4148.41,1104,23,0
1783343700,4148.41,4150.71,4147.53,4149.57,1466,23,0
1783344000,4149.74,4150.73,4148.79,4150.22,1054,23,0
1783344300,4150.22,4150.76,4148.37,4148.92,1311,23,0
1783344600,4148.92,4154.32,4148.74,4154.25,1263,23,0
1783344900,4154.24,4154.85,4152.46,4153.13,1460,23,0
1783345200,4153.13,4155.48,4152.88,4154.36,1172,23,0
1783345500,4154.36,4154.97,4153.24,4153.71,1242,23,0
1783345800,4153.71,4155.75,4152.50,4153.49,1283,23,0
1783346100,4153.42,4155.07,4152.42,4154.87,1309,23,0
1783346400,4154.84,4156.30,4151.89,4152.31,1682,23,0
1783346700,4152.31,4154.05,4151.89,4152.54,1418,23,0
1783347000,4152.52,4155.07,4151.48,4154.83,1359,23,0
1783347300,4154.83,4158.38,4153.70,4157.51,1573,23,0
1783347600,4157.51,4157.51,4155.59,4156.64,1240,23,0
1783347900,4156.65,4159.51,4154.91,4154.98,1266,23,0
1783348200,4154.98,4158.68,4154.92,4157.49,1218,23,0
1783348500,4157.48,4157.53,4154.43,4155.22,1197,23,0
1783348800,4155.21,4155.97,4152.54,4153.56,1197,23,0
1783349100,4153.56,4155.21,4152.27,4152.80,1263,23,0
1783349400,4152.81,4155.12,4151.93,4155.11,1435,23,0
1783349700,4155.11,4155.82,4153.83,4155.21,1406,23,0
1783350000,4155.21,4158.40,4153.89,4156.32,1834,23,0
1783350300,4156.36,4158.45,4156.25,4156.47,1455,23,0
1783350600,4156.47,4157.07,4153.66,4156.01,1584,23,0
1783350900,4156.00,4156.99,4154.99,4155.65,1584,23,0
1783351200,4155.66,4157.50,4146.76,4147.06,2268,23,0
1783351500,4147.07,4149.72,4145.21,4145.74,2307,23,0
1783351800,4145.71,4146.25,4142.59,4143.64,2010,23,0
1783352100,4143.75,4143.99,4138.42,4139.63,2159,23,0
1783352400,4139.63,4140.00,4131.47,4133.37,2473,23,0
1783352700,4133.37,4140.73,4133.20,4135.23,2320,23,0
1783353000,4135.23,4139.90,4134.44,4139.40,2011,23,0
1783353300,4139.40,4142.73,4139.16,4139.60,1898,23,0
1783353600,4139.59,4146.63,4137.08,4144.73,2830,23,0
1783353900,4144.73,4148.37,4142.80,4145.51,2320,23,0
1783354200,4145.50,4148.32,4140.80,4141.24,2411,23,0
1783354500,4141.24,4142.32,4138.61,4139.89,2459,23,0
1783354800,4139.87,4148.47,4139.49,4146.64,2426,23,0
1783355100,4146.62,4148.66,4142.26,4142.27,2326,23,0
1783355400,4142.28,4150.05,4141.96,4149.12,3289,23,0
1783355700,4149.11,4149.13,4143.79,4148.99,3133,23,0
1783356000,4148.98,4150.43,4144.52,4149.24,2848,23,0
1783356300,4149.24,4149.50,4141.28,4146.57,3019,23,0
1783356600,4146.58,4148.74,4142.45,4146.02,2905,23,0
1783356900,4146.01,4146.61,4137.00,4140.76,2662,23,0
1783357200,4140.80,4147.14,4139.06,4140.77,3085,23,0
1783357500,4140.79,4142.93,4133.51,4136.18,3056,23,0
1783357800,4136.19,4144.95,4135.91,4140.53,2836,23,0
1783358100,4140.48,4140.78,4134.51,4136.31,2899,23,0
1783358400,4136.29,4138.51,4132.30,4132.61,2762,23,0
1783358700,4132.58,4138.85,4132.58,4137.15,2686,23,0
1783359000,4137.17,4141.24,4133.58,4140.91,2851,23,0
1783359300,4140.92,4141.78,4136.01,4137.49,2499,23,0
1783359600,4137.45,4139.01,4128.46,4130.15,2741,23,0
1783359900,4130.11,4134.44,4128.99,4133.51,2679,23,0
1783360200,4133.49,4136.56,4132.86,4135.69,2401,23,0
1783360500,4135.67,4138.19,4134.14,4138.10,2348,23,0
1783360800,4138.12,4144.43,4137.52,4144.14,2402,23,0
1783361100,4144.15,4146.50,4141.98,4144.31,2149,23,0
1783361400,4144.31,4144.64,4138.19,4139.64,2157,23,0
1783361700,4139.66,4142.97,4139.43,4140.01,2572,23,0
1783362000,4140.01,4145.05,4138.67,4143.63,2341,23,0
1783362300,4143.63,4150.95,4143.52,4150.57,2272,23,0
1783362600,4150.55,4151.93,4147.97,4150.02,2390,23,0
1783362900,4150.02,4151.22,4147.14,4151.00,2125,23,0
1783363200,4151.00,4151.06,4148.74,4149.90,2111,23,0
1783363500,4149.90,4150.52,4146.86,4147.22,1914,23,0
1783363800,4147.22,4148.13,4145.11,4145.95,1807,23,0
1783364100,4145.94,4148.74,4144.84,4148.32,1609,23,0
1783364400,4148.31,4148.40,4143.26,4143.97,1850,23,0
1783364700,4143.98,4144.91,4143.28,4143.98,1710,23,0
1783365000,4143.98,4144.61,4140.39,4140.51,1676,23,0
1783365300,4140.55,4143.84,4140.22,4143.56,1893,23,0
1783365600,4143.56,4145.48,4142.21,4145.48,1723,23,0
1783365900,4145.49,4146.33,4143.92,4145.57,1607,23,0
1783366200,4145.57,4148.39,4145.25,4147.10,1987,23,0
1783366500,4147.11,4149.82,4146.77,4149.49,1858,23,0
1783366800,4149.49,4150.26,4148.29,4149.35,1635,23,0
1783367100,4149.34,4150.15,4148.74,4150.15,1585,23,0
1783367400,4150.21,4155.57,4150.20,4153.99,2028,23,0
1783367700,4154.00,4156.21,4152.87,4154.99,1923,23,0
1783368000,4154.98,4155.74,4152.43,4152.96,1899,23,0
1783368300,4152.97,4156.23,4152.94,4154.25,1889,23,0
1783368600,4154.25,4155.48,4152.68,4153.53,1820,23,0
1783368900,4153.53,4154.54,4151.03,4151.61,1618,23,0
1783369200,4151.63,4158.75,4150.28,4157.14,2077,23,0
1783369500,4157.14,4159.53,4154.34,4155.45,2289,23,0
1783369800,4155.45,4158.31,4154.85,4158.19,1937,23,0
1783370100,4158.16,4158.74,4156.27,4158.55,1782,23,0
1783370400,4158.56,4159.25,4156.67,4156.71,1866,23,0
1783370700,4156.72,4159.90,4156.27,4159.53,1846,23,0
1783371000,4159.53,4161.11,4158.79,4159.54,1776,23,0
1783371300,4159.54,4161.56,4158.93,4161.34,1671,23,0
1783371600,4161.25,4161.89,4156.92,4157.48,1973,23,0
1783371900,4157.48,4157.54,4155.42,4156.32,1687,23,0
1783372200,4156.32,4158.39,4155.38,4158.10,1456,23,0
1783372500,4158.17,4161.58,4158.17,4161.16,1542,23,0
1783372800,4161.15,4161.90,4160.10,4161.75,1482,23,0
1783373100,4161.75,4163.06,4161.19,4161.74,1435,23,0
1783373400,4161.83,4163.97,4159.70,4163.57,1697,23,0
1783373700,4163.56,4167.47,4163.55,4165.21,1737,23,0
1783374000,4165.20,4165.59,4162.86,4164.13,1593,23,0
1783374300,4164.13,4165.21,4163.64,4164.37,1387,23,0
1783374600,4164.35,4164.60,4162.09,4162.87,1515,23,0
1783374900,4162.88,4164.19,4162.45,4163.86,1662,23,0
1783375200,4163.88,4165.39,4161.66,4161.69,1500,23,0
1783375500,4161.69,4162.11,4159.84,4160.72,1687,23,0
1783375800,4160.72,4160.95,4159.01,4159.38,1517,23,0
1783376100,4159.38,4161.16,4158.86,4161.08,1404,23,0
1783376400,4161.08,4162.50,4160.49,4162.21,1541,23,0
1783376700,4162.22,4163.26,4161.56,4162.85,1653,23,0
1783377000,4162.84,4163.09,4161.44,4161.97,1571,23,0
1783377300,4161.98,4162.03,4159.75,4160.01,1670,23,0
1783377600,4160.01,4161.21,4159.80,4161.19,1675,23,0
1783377900,4161.18,4164.01,4161.15,4163.44,1602,23,0
1783378200,4163.44,4165.09,4162.89,4163.54,2024,23,0
1783378500,4163.55,4163.75,4161.38,4163.74,2250,23,0
1783378800,4163.73,4164.58,4162.46,4162.80,1239,23,0
1783379100,4162.80,4162.80,4161.28,4161.74,785,23,0
1783379400,4161.72,4161.98,4161.00,4161.02,607,23,0
1783379700,4161.00,4161.62,4160.73,4161.45,591,23,0
1783380000,4161.45,4162.03,4160.93,4161.84,512,23,0
1783380300,4161.84,4163.27,4161.80,4162.95,536,23,0
1783380600,4162.93,4164.62,4162.63,4164.43,498,28,0
1783380900,4164.43,4164.76,4163.65,4163.77,543,28,0
1783381200,4163.76,4164.25,4162.99,4163.01,445,28,0
1783381500,4163.01,4163.70,4162.91,4163.34,696,28,0
1783381800,4163.34,4164.66,4163.34,4164.45,612,28,0
1783382100,4164.42,4164.50,4163.55,4164.18,416,28,0
1783386000,4166.30,4167.68,4163.65,4164.63,1335,28,0
1783386300,4164.63,4166.56,4164.21,4165.73,645,28,0
1783386600,4165.73,4166.41,4165.15,4165.98,603,28,0
1783386900,4165.98,4167.37,4165.97,4167.14,739,28,0
1783387200,4167.14,4167.16,4165.59,4165.60,615,28,0
1783387500,4165.60,4166.17,4165.11,4166.09,552,28,0
1783387800,4166.12,4168.34,4166.11,4168.34,883,23,0
1783388100,4168.35,4168.45,4166.14,4167.40,1245,23,0
1783388400,4167.40,4167.73,4167.12,4167.29,556,23,0
1783388700,4167.29,4167.75,4165.80,4165.81,836,23,0
1783389000,4165.81,4165.91,4164.25,4164.73,786,23,0
1783389300,4164.73,4165.43,4164.13,4164.22,816,23,0
1783389600,4164.19,4165.48,4164.05,4164.95,1001,23,0
1783389900,4164.95,4165.31,4163.04,4164.18,848,23,0
1783390200,4164.18,4165.61,4163.53,4165.50,644,23,0
1783390500,4165.50,4165.60,4163.59,4164.54,872,23,0
1783390800,4164.54,4164.65,4163.47,4163.74,686,23,0
1783391100,4163.74,4164.00,4162.96,4163.28,543,23,0
1783391400,4163.20,4165.28,4162.59,4164.59,850,23,0
1783391700,4164.59,4164.59,4162.66,4163.07,709,23,0
1783392000,4163.06,4163.17,4160.90,4161.95,878,23,0
1783392300,4161.95,4163.73,4161.33,4163.24,1091,23,0
1783392600,4163.26,4163.41,4161.30,4161.82,1498,23,0
1783392900,4161.82,4162.13,4156.93,4157.37,1557,23,0
1783393200,4157.37,4157.53,4154.77,4156.38,2025,23,0
1783393500,4156.38,4158.34,4155.79,4156.53,2229,23,0
1783393800,4156.54,4158.02,4152.79,4156.02,2192,23,0
1783394100,4156.01,4157.05,4151.99,4156.94,2300,23,0
1783394400,4156.94,4160.60,4156.13,4158.76,2076,23,0
1783394700,4158.76,4160.28,4157.03,4159.78,1876,23,0
1783395000,4159.78,4162.72,4156.67,4156.75,1828,23,0
1783395300,4156.73,4157.27,4150.71,4151.05,2004,23,0
1783395600,4151.06,4151.13,4148.40,4149.65,2110,23,0
1783395900,4149.65,4152.23,4147.66,4150.69,2114,23,0
1783396200,4150.70,4153.46,4150.51,4152.96,2014,23,0
1783396500,4152.96,4153.79,4145.26,4146.00,2322,23,0
1783396800,4145.99,4147.99,4140.71,4147.56,3122,23,0
1783397100,4147.56,4147.96,4139.21,4141.54,3127,23,0
1783397400,4141.54,4142.79,4137.82,4141.65,2813,23,0
1783397700,4141.65,4142.82,4134.54,4136.16,2771,23,0
1783398000,4136.13,4136.95,4132.18,4133.12,2766,23,0
1783398300,4133.12,4134.78,4125.77,4132.61,2710,23,0
1783398600,4132.60,4140.32,4132.18,4139.10,2840,23,0
1783398900,4139.11,4140.46,4137.69,4139.02,2370,23,0
1783399200,4139.02,4142.23,4137.86,4142.08,2132,23,0
1783399500,4142.08,4146.26,4142.08,4144.33,2347,23,0
1783399800,4144.32,4144.87,4141.69,4144.03,2348,23,0
1783400100,4144.02,4144.95,4140.57,4141.83,2128,23,0
1783400400,4141.83,4142.95,4139.87,4140.96,2227,23,0
1783400700,4140.96,4141.20,4137.64,4138.14,2023,23,0
1783401000,4138.16,4144.52,4138.12,4142.44,2057,23,0
1783401300,4142.48,4143.50,4140.61,4141.85,1741,23,0
1783401600,4141.85,4143.46,4138.11,4143.36,1614,23,0
1783401900,4143.39,4145.23,4140.54,4140.57,1385,23,0
1783402200,4140.58,4141.01,4136.20,4138.45,2034,23,0
1783402500,4138.46,4144.22,4138.02,4141.90,1954,23,0
1783402800,4141.90,4143.29,4138.79,4139.48,1852,23,0
1783403100,4139.48,4139.64,4134.05,4135.27,1797,23,0
1783403400,4135.26,4136.85,4131.33,4133.55,2308,23,0
1783403700,4133.55,4137.12,4132.12,4136.57,1965,23,0
1783404000,4136.66,4139.18,4135.10,4139.16,2084,23,0
1783404300,4139.17,4140.04,4137.32,4138.47,1928,23,0
1783404600,4138.47,4138.57,4136.20,4136.66,1715,23,0
1783404900,4136.65,4137.33,4134.43,4135.78,1921,23,0
1783405200,4135.78,4137.67,4131.53,4132.24,1922,23,0
1783405500,4132.24,4134.05,4129.16,4132.16,2260,23,0
1783405800,4132.14,4134.08,4130.76,4133.85,1890,23,0
1783406100,4133.85,4134.83,4132.02,4132.54,1632,23,0
1783406400,4132.55,4133.19,4127.10,4129.59,1516,23,0
1783406700,4129.57,4129.61,4124.39,4126.22,1776,23,0
1783407000,4126.23,4128.05,4125.83,4127.84,1442,23,0
1783407300,4127.83,4131.49,4126.62,4131.09,1268,23,0
1783407600,4131.10,4134.10,4130.35,4132.96,1383,23,0
1783407900,4132.98,4140.13,4132.76,4139.70,1854,23,0
1783408200,4139.69,4141.27,4136.29,4136.34,1684,23,0
1783408500,4136.36,4137.42,4131.23,4132.49,1510,23,0
1783408800,4132.50,4134.40,4130.83,4133.18,1515,23,0
1783409100,4133.18,4134.49,4131.35,4132.20,1370,23,0
1783409400,4132.21,4132.34,4129.46,4130.58,1512,23,0
1783409700,4130.58,4130.97,4129.28,4130.56,1420,23,0
1783410000,4130.55,4131.54,4128.70,4128.71,1244,23,0
1783410300,4128.71,4131.23,4128.71,4129.28,1243,23,0
1783410600,4129.27,4130.12,4127.61,4127.91,1264,23,0
1783410900,4127.90,4127.97,4125.91,4126.66,1355,23,0
1783411200,4126.66,4128.34,4122.69,4128.34,1742,23,0
1783411500,4128.33,4131.33,4124.96,4126.08,1583,23,0
1783411800,4126.11,4127.38,4122.13,4122.38,1748,23,0
1783412100,4122.39,4125.69,4121.51,4122.28,1786,23,0
1783412400,4122.28,4126.54,4120.94,4126.48,2158,23,0
1783412700,4126.47,4128.57,4125.30,4128.32,2073,23,0
1783413000,4128.30,4128.46,4120.22,4122.92,3153,23,0
1783413300,4122.92,4126.85,4119.47,4119.95,2711,23,0
1783413600,4120.00,4122.58,4116.63,4122.56,2720,23,0
1783413900,4122.56,4124.00,4120.34,4121.81,2307,23,0
1783414200,4121.80,4125.59,4121.46,4125.22,2233,23,0
1783414500,4125.19,4127.19,4123.53,4123.95,2059,23,0
1783414800,4123.96,4129.38,4123.24,4126.63,2407,23,0
1783415100,4126.65,4128.52,4122.68,4123.00,2489,23,0
1783415400,4123.00,4124.01,4121.52,4123.46,2025,23,0
1783415700,4123.46,4126.04,4123.30,4123.78,2006,23,0
1783416000,4123.78,4128.13,4123.78,4128.07,1995,23,0
1783416300,4128.09,4129.63,4126.43,4126.79,2147,23,0
1783416600,4126.77,4129.55,4124.83,4128.08,2158,23,0
1783416900,4128.09,4129.21,4126.98,4128.15,1752,23,0
1783417200,4128.16,4132.41,4128.01,4132.41,2063,23,0
1783417500,4132.40,4132.87,4128.39,4129.61,2208,23,0
1783417800,4129.62,4131.35,4128.98,4129.24,1819,23,0
1783418100,4129.25,4131.20,4128.90,4130.38,1709,23,0
1783418400,4130.38,4131.11,4124.36,4127.13,1947,23,0
1783418700,4127.13,4127.66,4124.60,4126.54,1633,23,0
1783419000,4126.57,4130.33,4125.34,4129.59,1660,23,0
1783419300,4129.59,4131.76,4128.42,4130.40,1778,23,0
1783419600,4130.42,4132.18,4126.00,4127.11,1857,23,0
1783419900,4127.10,4129.32,4126.62,4126.63,1542,23,0
1783420200,4126.62,4128.21,4125.78,4127.76,1588,23,0
1783420500,4127.76,4130.10,4127.30,4128.86,1593,23,0
1783420800,4128.87,4131.09,4127.40,4130.12,1363,23,0
1783421100,4130.09,4133.54,4126.22,4127.14,1771,23,0
1783421400,4127.15,4128.43,4126.09,4126.76,1704,23,0
1783421700,4126.76,4126.85,4124.48,4124.73,1824,23,0
1783422000,4124.76,4130.31,4124.64,4128.35,2037,23,0
1783422300,4128.35,4130.73,4127.53,4130.17,1978,23,0
1783422600,4130.19,4139.21,4129.95,4137.01,2214,23,0
1783422900,4136.99,4138.09,4134.48,4135.48,2050,23,0
1783423200,4135.48,4137.99,4134.01,4136.16,1946,23,0
1783423500,4136.23,4138.71,4136.13,4138.58,1805,23,0
1783423800,4138.63,4138.96,4133.10,4134.66,1644,23,0
1783424100,4134.66,4134.85,4130.32,4131.88,1581,23,0
1783424400,4131.86,4133.28,4128.84,4131.12,1819,23,0
1783424700,4131.11,4131.11,4127.93,4128.13,1637,23,0
1783425000,4128.12,4128.67,4121.84,4123.96,1850,23,0
1783425300,4123.96,4127.01,4122.26,4125.98,1774,23,0
1783425600,4125.98,4127.87,4124.50,4127.75,1896,23,0
1783425900,4127.74,4128.46,4125.95,4126.57,1657,23,0
1783426200,4126.57,4128.94,4126.32,4127.50,1672,23,0
1783426500,4127.51,4130.92,4127.08,4129.04,1541,23,0
1783426800,4129.05,4129.05,4125.99,4127.03,1322,23,0
1783427100,4127.02,4128.47,4119.81,4121.55,1944,23,0
1783427400,4121.53,4128.14,4121.52,4127.32,1840,23,0
1783427700,4127.31,4131.57,4126.57,4129.37,1658,23,0
1783428000,4129.36,4133.73,4129.29,4132.89,1345,23,0
1783428300,4132.89,4133.09,4127.43,4127.45,1605,23,0
1783428600,4127.45,4130.29,4124.97,4130.27,1788,23,0
1783428900,4130.26,4132.30,4129.56,4131.09,1622,23,0
1783429200,4131.16,4133.94,4131.11,4132.42,1733,23,0
1783429500,4132.42,4134.04,4132.09,4133.56,1598,23,0
1783429800,4133.56,4135.05,4132.22,4132.49,1496,23,0
1783430100,4132.48,4136.87,4132.07,4136.39,1602,23,0
1783430400,4136.40,4137.13,4134.58,4137.09,1510,23,0
1783430700,4137.09,4138.84,4135.98,4137.42,1338,23,0
1783431000,4137.42,4137.53,4134.57,4135.56,1654,23,0
1783431300,4135.56,4136.51,4135.13,4136.31,1232,23,0
1783431600,4136.32,4137.22,4135.59,4135.59,1340,23,0
1783431900,4135.59,4136.11,4133.47,4133.51,1360,23,0
1783432200,4133.49,4135.53,4133.49,4135.53,1299,23,0
1783432500,4135.64,4137.08,4134.22,4135.66,1452,23,0
1783432800,4135.67,4136.21,4133.69,4134.34,1982,23,0
1783433100,4134.32,4135.23,4131.83,4132.30,1672,23,0
1783433400,4132.29,4134.14,4131.89,4133.21,1517,23,0
1783433700,4133.20,4142.62,4133.08,4140.96,1939,23,0
1783434000,4140.96,4144.25,4139.61,4144.15,1911,23,0
1783434300,4144.14,4145.29,4142.68,4143.10,1628,23,0
1783434600,4143.13,4144.03,4139.54,4143.27,1784,23,0
1783434900,4143.26,4147.90,4142.75,4145.33,1728,23,0
1783435200,4145.33,4148.91,4144.86,4148.35,1692,23,0
1783435500,4148.37,4151.64,4147.02,4149.76,2004,23,0
1783435800,4149.76,4152.67,4147.16,4150.86,2042,23,0
1783436100,4150.83,4158.16,4150.83,4156.78,1877,23,0
1783436400,4156.76,4159.80,4154.64,4159.07,2355,23,0
1783436700,4159.06,4171.04,4158.06,4169.51,2599,23,0
1783437000,4169.50,4174.56,4165.76,4173.18,2749,23,0
1783437300,4173.24,4174.99,4168.81,4168.83,2618,23,0
1783437600,4168.82,4170.33,4163.18,4164.15,2533,23,0
1783437900,4164.15,4169.41,4163.08,4165.92,2491,23,0
1783438200,4165.94,4168.21,4163.84,4163.95,2374,23,0
1783438500,4163.96,4167.27,4162.33,4166.11,2178,23,0
1783438800,4166.11,4167.28,4161.66,4166.40,2203,23,0
1783439100,4166.39,4168.70,4164.31,4165.52,2100,23,0
1783439400,4165.52,4170.26,4165.52,4167.13,1968,23,0
1783439700,4167.13,4172.70,4166.86,4172.25,2181,23,0
1783440000,4172.26,4178.27,4165.11,4165.78,3416,23,0
1783440300,4165.78,4167.09,4162.03,4162.63,2708,23,0
1783440600,4162.62,4171.60,4160.10,4171.38,2614,23,0
1783440900,4171.39,4171.44,4168.17,4168.71,2321,23,0
1783441200,4168.78,4172.41,4165.52,4165.99,2413,23,0
1783441500,4166.00,4169.34,4164.25,4166.25,2473,23,0
1783441800,4166.41,4171.12,4163.73,4169.20,3458,23,0
1783442100,4169.21,4179.78,4168.18,4170.48,3453,23,0
1783442400,4170.52,4180.40,4168.48,4177.50,3411,23,0
1783442700,4177.50,4179.97,4170.70,4173.16,3288,23,0
1783443000,4173.15,4174.38,4164.49,4165.90,3099,23,0
1783443300,4165.90,4167.43,4156.00,4158.49,3357,23,0
1783443600,4158.49,4163.51,4153.10,4154.70,3484,23,0
1783443900,4154.71,4158.02,4152.07,4155.90,3550,23,0
1783444200,4155.91,4156.98,4151.05,4152.27,3350,23,0
1783444500,4152.27,4159.72,4151.31,4158.71,3343,23,0
1783444800,4158.72,4158.91,4151.99,4152.35,3196,23,0
1783445100,4152.32,4158.14,4151.16,4158.14,3243,23,0
1783445400,4158.15,4159.23,4151.22,4151.23,3054,23,0
1783445700,4151.22,4151.43,4147.00,4149.57,3148,23,0
1783446000,4149.57,4152.42,4143.62,4152.28,3078,23,0
1783446300,4152.27,4157.63,4151.96,4156.53,2938,23,0
1783446600,4156.52,4157.25,4153.63,4153.99,2751,23,0
1783446900,4153.98,4156.76,4153.67,4154.24,2780,23,0
1783447200,4154.23,4154.56,4150.07,4151.61,2877,23,0
1783447500,4151.61,4155.51,4149.71,4153.30,2748,23,0
1783447800,4153.31,4155.56,4148.25,4148.69,2780,23,0
1783448100,4148.69,4148.93,4141.88,4144.82,2784,23,0
1783448400,4144.81,4146.81,4143.54,4145.35,2565,23,0
1783448700,4145.37,4146.54,4141.71,4143.03,2571,23,0
1783449000,4143.01,4146.05,4142.80,4143.81,2640,23,0
1783449300,4143.78,4146.03,4142.22,4145.63,2258,23,0
1783449600,4145.63,4148.34,4144.13,4146.62,2381,23,0
1783449900,4146.60,4148.03,4142.15,4142.16,2251,23,0
1783450200,4142.15,4143.29,4137.60,4137.93,2540,23,0
1783450500,4137.98,4139.07,4135.84,4139.00,2456,23,0
1783450800,4139.00,4140.73,4137.02,4139.66,2323,23,0
1783451100,4139.66,4143.59,4139.22,4140.29,2415,23,0
1783451400,4140.27,4142.42,4139.42,4141.08,2127,23,0
1783451700,4141.09,4144.61,4140.78,4144.18,2115,23,0
1783452000,4144.21,4146.12,4142.58,4144.52,2176,23,0
1783452300,4144.53,4147.20,4143.95,4146.24,2051,23,0
1783452600,4146.17,4146.58,4143.05,4143.29,2079,23,0
1783452900,4143.28,4145.15,4142.53,4144.38,1919,23,0
1783453200,4144.39,4145.14,4142.80,4143.27,1934,23,0
1783453500,4143.26,4144.71,4140.98,4144.69,1940,23,0
1783453800,4144.69,4146.62,4144.31,4144.46,1655,23,0
1783454100,4144.46,4145.08,4142.95,4145.07,1807,23,0
1783454400,4145.07,4145.99,4144.06,4145.99,1862,23,0
1783454700,4146.00,4146.87,4145.27,4145.70,1715,23,0
1783455000,4145.69,4145.69,4142.18,4142.99,1746,23,0
1783455300,4143.01,4143.24,4140.59,4142.94,2027,23,0
1783455600,4142.93,4145.90,4141.86,4145.28,2250,23,0
1783455900,4145.29,4146.70,4143.94,4145.99,2053,23,0
1783456200,4146.02,4148.16,4145.56,4146.08,2019,23,0
1783456500,4146.08,4146.76,4144.57,4146.09,1818,23,0
1783456800,4146.08,4147.72,4145.86,4147.11,1400,23,0
1783457100,4147.08,4147.34,4145.27,4145.27,1858,23,0
1783457400,4145.27,4145.40,4143.02,4143.66,1715,23,0
1783457700,4143.73,4144.78,4143.51,4144.50,1927,23,0
1783458000,4144.46,4145.17,4141.33,4142.40,2026,23,0
1783458300,4142.40,4142.69,4141.44,4141.74,1769,23,0
1783458600,4141.73,4142.80,4140.92,4142.31,2062,23,0
1783458900,4142.30,4142.40,4140.19,4141.78,1864,23,0
1783459200,4141.78,4144.19,4140.68,4143.08,1947,23,0
1783459500,4143.05,4144.21,4141.54,4141.71,1955,23,0
1783459800,4141.69,4141.81,4136.19,4138.95,2172,23,0
1783460100,4138.96,4142.39,4138.94,4141.34,1611,23,0
1783460400,4141.33,4141.93,4139.70,4141.92,1836,23,0
1783460700,4141.92,4142.56,4132.20,4134.74,2334,23,0
1783461000,4134.74,4135.89,4125.13,4127.00,3415,23,0
1783461300,4126.96,4130.69,4125.91,4126.95,2826,23,0
1783461600,4126.94,4127.71,4117.94,4121.78,3120,23,0
1783461900,4121.78,4121.78,4108.34,4111.01,3316,23,0
1783462200,4111.02,4111.43,4103.12,4105.74,3109,23,0
1783462500,4105.76,4105.78,4092.24,4098.89,3440,23,0
1783462800,4098.90,4102.86,4093.76,4101.78,3109,23,0
1783463100,4101.79,4106.86,4098.28,4103.56,2652,23,0
1783463400,4103.56,4113.56,4103.50,4112.56,2670,23,0
1783463700,4112.55,4114.97,4109.63,4110.71,2574,23,0
1783464000,4110.75,4111.77,4108.27,4109.18,2609,23,0
1783464300,4109.18,4113.56,4108.11,4112.22,2431,23,0
1783464600,4112.21,4115.73,4110.38,4115.41,2334,23,0
1783464900,4115.41,4117.67,4113.91,4114.36,2531,23,0
1783465200,4114.19,4115.68,4112.78,4115.15,1680,23,0
1783465500,4115.15,4115.42,4112.86,4114.05,1343,23,0
1783465800,4114.02,4115.84,4112.31,4113.00,1112,23,0
1783466100,4113.00,4113.20,4107.76,4109.19,1288,23,0
1783466400,4109.22,4109.26,4106.48,4108.60,1111,23,0
1783466700,4108.62,4110.95,4108.54,4110.84,888,23,0
1783467000,4110.81,4111.10,4107.13,4107.14,939,28,0
1783467300,4107.15,4107.48,4104.48,4104.80,990,28,0
1783467600,4104.78,4107.25,4104.67,4105.85,887,28,0
1783467900,4105.89,4106.70,4104.98,4105.16,1017,28,0
1783468200,4105.16,4105.86,4103.45,4105.11,1062,28,0
1783468500,4105.11,4106.95,4104.12,4106.61,682,28,0
1783472400,4097.69,4105.74,4094.01,4105.08,2020,28,0
1783472700,4105.10,4106.36,4100.63,4101.09,1356,28,0
1783473000,4101.10,4104.27,4100.41,4104.05,1069,28,0
1783473300,4104.04,4104.07,4101.08,4102.84,923,28,0
1783473600,4102.84,4103.36,4101.57,4102.65,871,28,0
1783473900,4102.65,4102.66,4099.61,4099.66,754,28,0
1783474200,4099.65,4100.96,4098.81,4099.91,1153,23,0
1783474500,4099.91,4102.66,4099.91,4102.58,1232,23,0
1783474800,4102.60,4102.64,4100.35,4101.13,1263,23,0
1783475100,4101.13,4101.13,4097.16,4097.85,1168,23,0
1783475400,4097.86,4100.17,4095.89,4097.93,1599,23,0
1783475700,4097.92,4099.41,4095.98,4098.34,1402,23,0
1783476000,4098.34,4101.52,4096.22,4101.38,1750,23,0
1783476300,4101.35,4107.02,4100.80,4105.76,1847,23,0
1783476600,4105.76,4107.86,4104.43,4105.97,1791,23,0
1783476900,4105.98,4105.98,4101.44,4102.31,1663,23,0
1783477200,4102.31,4104.20,4101.12,4103.86,1368,23,0
1783477500,4103.85,4106.57,4102.73,4104.92,1145,23,0
1783477800,4104.92,4105.44,4100.56,4101.18,1148,23,0
1783478100,4101.18,4102.73,4100.32,4102.06,1154,23,0
1783478400,4102.07,4103.71,4097.36,4098.31,1522,23,0
1783478700,4098.32,4099.42,4095.83,4097.99,2260,23,0
1783479000,4097.98,4101.28,4097.84,4098.51,1455,23,0
1783479300,4098.48,4098.61,4096.07,4098.51,1998,23,0
1783479600,4098.51,4102.53,4096.93,4102.53,2940,23,0
1783479900,4102.53,4102.96,4097.70,4100.01,2705,23,0
1783480200,4100.00,4103.99,4098.96,4100.16,2603,23,0
1783480500,4100.22,4103.30,4098.96,4103.26,2566,23,0
1783480800,4103.30,4106.25,4100.84,4105.91,2481,23,0
1783481100,4105.91,4107.93,4104.04,4105.49,2471,23,0
1783481400,4105.49,4109.84,4103.89,4109.60,2620,23,0
1783481700,4109.57,4122.91,4107.51,4122.90,2865,23,0
1783482000,4122.90,4126.72,4121.33,4123.24,2721,23,0
1783482300,4123.32,4125.20,4120.11,4121.65,2773,23,0
1783482600,4121.65,4121.92,4115.08,4115.37,2298,23,0
1783482900,4115.36,4118.36,4111.28,4111.48,2587,23,0
1783483200,4111.47,4117.85,4107.54,4108.35,3741,23,0
1783483500,4108.36,4108.36,4098.36,4104.03,3416,23,0
1783483800,4104.02,4111.76,4103.53,4108.41,2816,23,0
1783484100,4108.41,4108.87,4104.11,4106.96,2624,23,0
1783484400,4106.95,4110.02,4105.02,4106.00,2577,23,0
1783484700,4106.00,4110.33,4102.16,4102.68,2598,23,0
1783485000,4102.63,4105.92,4097.55,4098.06,2851,23,0
1783485300,4098.07,4100.40,4096.41,4100.11,2808,23,0
1783485600,4100.12,4105.66,4098.89,4103.26,2914,23,0
1783485900,4103.23,4112.87,4102.34,4110.12,3029,23,0
1783486200,4110.13,4112.84,4104.48,4108.85,2953,23,0
1783486500,4108.90,4111.77,4107.42,4111.19,2518,23,0
1783486800,4111.19,4111.70,4105.98,4108.33,2654,23,0
1783487100,4108.36,4117.41,4107.90,4116.75,2674,23,0
1783487400,4116.75,4118.04,4112.00,4112.26,2692,23,0
1783487700,4112.25,4116.56,4112.03,4114.72,1923,23,0
1783488000,4114.71,4121.81,4113.40,4120.26,2153,23,0
1783488300,4120.22,4124.87,4118.68,4118.91,2306,23,0
1783488600,4118.89,4121.05,4116.33,4119.25,2475,23,0
1783488900,4119.26,4120.48,4116.89,4120.08,2121,23,0
1783489200,4120.09,4120.43,4118.08,4120.18,2192,23,0
1783489500,4120.18,4120.74,4116.02,4116.82,2321,23,0
1783489800,4116.82,4117.70,4114.48,4116.39,2020,23,0
1783490100,4116.39,4116.59,4113.42,4114.58,1948,23,0
1783490400,4114.60,4129.26,4114.54,4125.71,3053,23,0
1783490700,4125.71,4129.88,4122.32,4127.15,2687,23,0
1783491000,4127.15,4130.75,4126.01,4128.09,2297,23,0
1783491300,4128.10,4128.78,4124.63,4126.84,2111,23,0
1783491600,4126.83,4129.34,4126.08,4128.21,1889,23,0
1783491900,4128.21,4130.76,4127.24,4129.90,2105,23,0
1783492200,4129.91,4131.13,4126.65,4128.26,1931,23,0
1783492500,4128.25,4128.57,4125.93,4126.74,1795,23,0
1783492800,4126.69,4127.42,4125.52,4126.62,1705,23,0
1783493100,4126.63,4129.11,4125.87,4128.50,1592,23,0
1783493400,4128.50,4128.97,4126.75,4126.96,1850,23,0
1783493700,4126.92,4127.01,4122.71,4123.42,1736,23,0
1783494000,4123.42,4124.73,4121.64,4122.87,1707,23,0
1783494300,4122.87,4128.81,4122.54,4128.54,1745,23,0
1783494600,4128.54,4128.58,4124.03,4124.28,1609,23,0
1783494900,4124.28,4124.34,4120.59,4123.02,1930,23,0
1783495200,4123.02,4127.32,4121.84,4125.97,1767,23,0
1783495500,4125.97,4127.18,4124.79,4125.92,1625,23,0
1783495800,4125.91,4128.23,4124.51,4125.97,1841,23,0
1783496100,4125.98,4128.06,4124.83,4125.24,1824,23,0
1783496400,4125.32,4125.95,4122.21,4125.06,1971,23,0
1783496700,4125.07,4126.88,4124.54,4124.75,1591,23,0
1783497000,4124.75,4126.33,4124.04,4124.07,1582,23,0
1783497300,4124.06,4126.75,4123.84,4125.12,1958,23,0
1783497600,4125.09,4127.99,4124.78,4127.94,2343,23,0
1783497900,4127.95,4133.95,4127.87,4128.23,2245,23,0
1783498200,4128.23,4128.24,4125.18,4125.83,2135,23,0
1783498500,4125.82,4129.34,4125.49,4127.28,1900,23,0
1783498800,4127.28,4127.96,4122.60,4124.46,2116,23,0
1783499100,4124.46,4126.35,4121.94,4121.98,1964,23,0
1783499400,4121.97,4128.25,4121.21,4127.85,2949,23,0
1783499700,4127.79,4130.21,4125.83,4127.69,2572,23,0
1783500000,4127.65,4131.65,4126.69,4128.25,2546,23,0
1783500300,4128.27,4129.98,4125.19,4125.30,2351,23,0
1783500600,4125.29,4127.03,4124.82,4126.46,2474,23,0
1783500900,4126.48,4129.24,4125.68,4127.81,2467,23,0
1783501200,4127.79,4129.15,4123.44,4123.46,2711,23,0
1783501500,4123.49,4125.81,4122.12,4125.61,2330,23,0
1783501800,4125.63,4131.76,4124.65,4131.47,2443,23,0
1783502100,4131.49,4132.95,4128.83,4130.33,2385,23,0
1783502400,4130.36,4133.61,4128.81,4132.29,2162,23,0
1783502700,4132.30,4132.48,4129.41,4129.56,2195,23,0
1783503000,4129.61,4129.85,4125.05,4126.23,2350,23,0
1783503300,4126.21,4127.04,4124.60,4126.25,2022,23,0
1783503600,4126.25,4127.95,4125.62,4126.56,2004,23,0
1783503900,4126.56,4127.13,4123.99,4124.76,2374,23,0
1783504200,4124.78,4126.65,4124.67,4125.10,2127,23,0
1783504500,4125.07,4125.72,4123.46,4123.62,1913,23,0
1783504800,4123.58,4125.27,4120.61,4120.61,2376,23,0
1783505100,4120.60,4121.14,4118.19,4120.61,2269,23,0
1783505400,4120.59,4120.93,4116.45,4117.98,2117,23,0
1783505700,4117.99,4118.52,4114.93,4116.15,2250,23,0
1783506000,4116.18,4119.59,4114.77,4119.59,2127,23,0
1783506300,4119.59,4121.23,4117.44,4120.37,2319,23,0
1783506600,4120.37,4126.16,4120.04,4123.97,2245,23,0
1783506900,4123.94,4124.03,4118.18,4120.14,1882,23,0
1783507200,4120.15,4127.12,4120.14,4127.12,1812,23,0
1783507500,4127.17,4127.21,4123.91,4124.46,1945,23,0
1783507800,4124.44,4125.22,4119.89,4119.94,2027,23,0
1783508100,4119.89,4121.69,4119.03,4121.04,1723,23,0
1783508400,4121.19,4121.24,4116.51,4117.12,2079,23,0
1783508700,4117.18,4120.41,4116.80,4120.34,1868,23,0
1783509000,4120.33,4121.28,4116.77,4117.70,2180,23,0
1783509300,4117.71,4120.94,4081.06,4088.69,3885,23,0
1783509600,4088.61,4097.69,4082.65,4085.34,3899,23,0
1783509900,4085.30,4092.01,4080.95,4088.90,3802,23,0
1783510200,4088.80,4091.96,4078.58,4083.27,3660,23,0
1783510500,4083.40,4083.42,4066.96,4067.24,3675,23,0
1783510800,4067.20,4068.11,4060.69,4065.72,3601,23,0
1783511100,4065.67,4075.87,4064.69,4066.78,3613,23,0
1783511400,4066.83,4069.10,4060.73,4063.62,3436,23,0
1783511700,4063.56,4065.11,4052.21,4056.66,3349,23,0
1783512000,4056.68,4056.74,4050.70,4055.49,3402,23,0
1783512300,4055.51,4056.23,4050.36,4051.84,2959,23,0
1783512600,4051.89,4056.17,4050.94,4055.86,3049,23,0
1783512900,4055.89,4061.00,4053.85,4059.04,3070,23,0
1783513200,4059.05,4060.24,4054.35,4056.48,2936,23,0
1783513500,4056.53,4060.52,4054.81,4056.60,2673,23,0
1783513800,4056.57,4057.31,4051.35,4056.52,2971,23,0
1783514100,4056.51,4058.57,4050.69,4053.30,2863,23,0
1783514400,4053.30,4054.19,4044.84,4048.37,2876,23,0
1783514700,4048.42,4052.78,4047.13,4050.35,2412,23,0
1783515000,4050.35,4050.35,4045.91,4047.73,2657,23,0
1783515300,4047.70,4047.81,4041.49,4043.33,2736,23,0
1783515600,4043.33,4048.37,4042.99,4047.24,2650,23,0
1783515900,4047.23,4047.90,4040.61,4041.73,2446,23,0
1783516200,4041.80,4045.24,4041.57,4044.63,2383,23,0
1783516500,4044.58,4050.80,4043.38,4050.80,2464,23,0
1783516800,4050.80,4055.83,4050.47,4052.66,2464,23,0
1783517100,4052.65,4053.39,4048.92,4050.80,2274,23,0
1783517400,4050.74,4056.34,4050.04,4054.82,2518,23,0
1783517700,4054.83,4056.86,4052.04,4055.03,2561,23,0
1783518000,4055.15,4058.31,4053.01,4057.20,2343,23,0
1783518300,4057.20,4058.32,4053.97,4055.59,2329,23,0
1783518600,4055.58,4057.14,4053.04,4056.52,2123,23,0
1783518900,4056.52,4057.30,4052.92,4053.00,1973,23,0
1783519200,4052.99,4057.13,4050.51,4054.02,2396,23,0
1783519500,4054.02,4054.69,4048.95,4049.51,2058,23,0
1783519800,4049.50,4052.25,4048.27,4050.73,2119,23,0
1783520100,4050.73,4054.47,4050.61,4052.33,2048,23,0
1783520400,4052.34,4054.30,4047.73,4050.54,2447,23,0
1783520700,4050.52,4052.09,4049.45,4050.17,2077,23,0
1783521000,4050.09,4050.78,4045.92,4047.25,2329,23,0
1783521300,4047.26,4047.83,4041.50,4042.60,2351,23,0
1783521600,4042.60,4065.70,4042.47,4064.36,2836,23,0
1783521900,4064.24,4072.50,4060.69,4062.07,3444,23,0
1783522200,4062.09,4063.99,4059.26,4062.87,2969,23,0
1783522500,4062.84,4064.69,4059.61,4062.18,2695,23,0
1783522800,4062.20,4066.23,4058.71,4064.34,2998,23,0
1783523100,4064.40,4069.58,4063.82,4069.32,2816,23,0
1783523400,4069.27,4073.67,4068.81,4072.01,2638,23,0
1783523700,4071.99,4077.63,4068.83,4075.29,2819,23,0
1783524000,4075.34,4076.83,4066.23,4067.26,2532,23,0
1783524300,4067.26,4072.26,4067.26,4070.93,2703,23,0
1783524600,4070.92,4074.16,4068.26,4073.32,2945,23,0
1783524900,4073.31,4073.47,4068.08,4073.05,2620,23,0
1783525200,4073.07,4078.21,4071.44,4078.08,2480,23,0
1783525500,4078.08,4083.16,4076.28,4082.48,2736,23,0
1783525800,4082.50,4086.39,4082.15,4083.88,2498,23,0
1783526100,4083.82,4085.58,4070.85,4072.14,3506,23,0
1783526400,4072.13,4079.87,4070.21,4079.38,3703,23,0
1783526700,4079.41,4082.92,4072.51,4074.33,3454,23,0
1783527000,4074.34,4076.11,4069.79,4072.10,3239,23,0
1783527300,4072.09,4075.68,4071.68,4072.06,3021,23,0
1783527600,4072.08,4075.90,4068.13,4071.70,2974,23,0
1783527900,4071.68,4074.82,4065.36,4066.69,3151,23,0
1783528200,4066.69,4079.93,4066.67,4077.48,3664,23,0
1783528500,4077.45,4080.25,4072.73,4079.12,3648,23,0
1783528800,4079.13,4080.23,4070.44,4073.18,3528,23,0
1783529100,4073.20,4079.20,4069.37,4069.54,3427,23,0
1783529400,4069.54,4073.44,4068.34,4070.09,3422,23,0
1783529700,4069.97,4072.93,4069.03,4070.84,3252,23,0
1783530000,4070.82,4071.43,4063.93,4066.15,3495,23,0
1783530300,4066.13,4068.64,4061.07,4063.62,3470,23,0
1783530600,4063.60,4064.94,4056.84,4057.46,3336,23,0
1783530900,4057.51,4061.55,4051.47,4054.63,3499,23,0
1783531200,4054.63,4061.95,4052.90,4059.78,3502,23,0
1783531500,4059.77,4065.31,4058.66,4060.13,3439,23,0
1783531800,4060.12,4061.21,4051.97,4055.14,3525,23,0
1783532100,4055.15,4055.62,4042.02,4043.11,3590,23,0
1783532400,4043.06,4049.07,4035.30,4036.34,3512,23,0
1783532700,4036.36,4040.07,4033.87,4035.72,3456,23,0
1783533000,4035.73,4046.22,4034.59,4044.52,3422,23,0
1783533300,4044.51,4045.35,4040.13,4040.88,3355,23,0
1783533600,4040.87,4041.67,4035.72,4037.38,3503,23,0
1783533900,4037.35,4043.75,4037.27,4039.85,3263,23,0
1783534200,4039.85,4042.36,4033.60,4033.64,3251,23,0
1783534500,4033.64,4034.86,4027.69,4031.79,3416,23,0
1783534800,4031.80,4035.96,4026.35,4026.35,3213,23,0
1783535100,4026.36,4032.17,4026.29,4030.87,3263,23,0
1783535400,4030.87,4032.18,4021.73,4025.25,3333,23,0
1783535700,4025.29,4032.02,4024.24,4029.34,3304,23,0
1783536000,4029.34,4033.40,4028.89,4032.86,3032,23,0
1783536300,4032.84,4034.59,4029.91,4034.18,2990,23,0
1783536600,4034.19,4038.39,4033.67,4034.66,2918,23,0
1783536900,4034.67,4035.17,4030.76,4034.22,2721,23,0
1783537200,4034.22,4037.37,4033.19,4036.51,2966,23,0
1783537500,4036.52,4040.49,4036.18,4039.38,2898,23,0
1783537800,4039.38,4042.83,4038.32,4039.29,2953,23,0
1783538100,4039.30,4041.35,4037.74,4040.71,2788,23,0
1783538400,4040.71,4041.98,4037.87,4038.40,2639,23,0
1783538700,4038.39,4044.77,4038.25,4043.65,2410,23,0
1783539000,4043.63,4047.07,4041.59,4041.85,2562,23,0
1783539300,4041.85,4046.28,4039.47,4044.99,2734,23,0
1783539600,4045.00,4057.38,4043.34,4056.59,3600,23,0
1783539900,4056.55,4059.10,4053.53,4058.15,2940,23,0
1783540200,4058.15,4062.73,4057.51,4062.31,2948,23,0
1783540500,4062.35,4064.43,4061.28,4063.61,2576,23,0
1783540800,4063.65,4063.99,4059.63,4060.97,2614,23,0
1783541100,4060.96,4069.07,4060.57,4065.32,2838,23,0
1783541400,4065.32,4070.34,4063.80,4064.98,2695,23,0
1783541700,4064.88,4067.38,4063.45,4066.39,2697,23,0
1783542000,4066.39,4070.86,4065.31,4069.21,2839,23,0
1783542300,4069.21,4073.80,4069.08,4073.06,2768,23,0
1783542600,4073.05,4076.36,4071.24,4072.19,2493,23,0
1783542900,4072.18,4073.05,4069.73,4070.69,2302,23,0
1783543200,4070.66,4071.32,4068.88,4069.86,2324,23,0
1783543500,4069.86,4070.34,4067.21,4067.82,2261,23,0
1783543800,4067.82,4069.85,4066.68,4067.80,2340,23,0
1783544100,4067.80,4067.92,4064.36,4065.60,2187,23,0
1783544400,4065.60,4075.04,4063.63,4069.06,3049,23,0
1783544700,4069.05,4070.62,4066.31,4067.99,2768,23,0
1783545000,4067.86,4075.61,4066.78,4075.17,2947,23,0
1783545300,4075.19,4075.22,4069.91,4071.75,2669,23,0
1783545600,4071.75,4071.75,4068.31,4069.43,2480,23,0
1783545900,4069.44,4072.11,4067.50,4069.62,2671,23,0
1783546200,4069.63,4071.33,4067.10,4069.66,2555,23,0
1783546500,4069.67,4075.54,4069.07,4075.16,2757,23,0
1783546800,4075.16,4079.45,4074.76,4079.45,2669,23,0
1783547100,4079.46,4091.51,4078.76,4090.74,2993,23,0
1783547400,4090.74,4091.38,4084.45,4085.82,2379,23,0
1783547700,4085.80,4085.81,4082.47,4084.31,2163,23,0
1783548000,4084.32,4090.92,4084.32,4087.23,2615,23,0
1783548300,4087.23,4090.20,4086.31,4089.34,2675,23,0
1783548600,4089.33,4090.54,4085.72,4087.59,2257,23,0
1783548900,4087.58,4087.96,4084.79,4086.79,2123,23,0
1783549200,4086.79,4087.83,4085.84,4087.18,2225,23,0
1783549500,4087.17,4088.54,4084.94,4088.13,2039,23,0
1783549800,4088.20,4091.17,4086.58,4086.91,2491,23,0
1783550100,4086.92,4089.40,4086.33,4087.04,1903,23,0
1783550400,4087.04,4087.41,4083.35,4084.11,2154,23,0
1783550700,4084.09,4084.35,4078.32,4079.19,2585,23,0
1783551000,4079.21,4083.33,4078.80,4083.21,2599,23,0
1783551300,4083.21,4083.22,4080.03,4080.03,2567,23,0
1783551600,4079.99,4080.05,4076.12,4079.35,1755,23,0
1783551900,4079.34,4083.49,4078.65,4081.26,1583,23,0
1783552200,4081.24,4081.66,4078.07,4078.94,1495,23,0
1783552500,4078.97,4079.68,4075.68,4076.45,1439,23,0
1783552800,4076.46,4076.77,4074.21,4075.79,1358,23,0
1783553100,4075.79,4076.83,4074.50,4076.83,1109,23,0
1783553400,4076.79,4078.52,4073.20,4073.54,1434,28,0
1783553700,4073.57,4074.20,4071.46,4074.18,1479,28,0
1783554000,4074.18,4076.17,4073.86,4074.87,1197,28,0
1783554300,4074.87,4075.99,4074.11,4075.23,1194,28,0
1783554600,4075.23,4079.74,4075.23,4079.43,1216,28,0
1783554900,4079.43,4079.52,4076.94,4077.41,579,28,0
1783558800,4078.15,4079.90,4072.42,4073.91,1577,28,0
1783559100,4073.91,4079.72,4073.89,4077.59,1025,28,0
1783559400,4077.58,4079.23,4076.55,4077.12,844,28,0
1783559700,4077.13,4078.96,4075.81,4076.12,1207,28,0
1783560000,4076.12,4076.17,4073.79,4074.78,1154,28,0
1783560300,4074.78,4076.01,4073.52,4074.34,1262,28,0
1783560600,4074.36,4077.33,4073.60,4076.51,1468,23,0
1783560900,4076.52,4078.11,4075.18,4077.26,1182,23,0
1783561200,4077.26,4079.25,4076.18,4076.33,1174,23,0
1783561500,4076.32,4079.50,4076.12,4079.12,1117,23,0
1783561800,4079.12,4079.88,4078.12,4078.22,972,23,0
1783562100,4078.21,4078.30,4076.41,4076.51,993,23,0
1783562400,4076.51,4077.03,4073.78,4075.31,1268,23,0
1783562700,4075.31,4077.28,4075.27,4077.00,941,23,0
1783563000,4077.00,4077.44,4075.83,4076.92,896,23,0
1783563300,4076.91,4077.17,4075.58,4075.66,931,23,0
1783563600,4075.67,4076.18,4075.29,4075.58,868,23,0
1783563900,4075.60,4077.76,4075.55,4077.55,909,23,0
1783564200,4077.58,4077.58,4074.64,4075.44,1102,23,0
1783564500,4075.43,4077.16,4075.31,4076.39,1190,23,0
1783564800,4076.31,4077.00,4073.76,4075.22,1246,23,0
1783565100,4075.22,4076.30,4071.95,4072.57,1580,23,0
1783565400,4072.60,4077.21,4072.24,4075.64,1508,23,0
1783565700,4075.64,4077.60,4075.01,4076.19,1389,23,0
1783566000,4076.19,4081.09,4076.16,4080.60,2485,23,0
1783566300,4080.58,4082.57,4077.46,4077.46,2417,23,0
1783566600,4077.49,4087.50,4077.49,4087.50,2485,23,0
1783566900,4087.47,4089.72,4082.84,4083.97,2151,23,0
1783567200,4083.97,4085.38,4075.78,4077.37,2136,23,0
1783567500,4077.34,4078.23,4073.92,4077.97,2193,23,0
1783567800,4077.99,4081.52,4077.02,4078.60,2150,23,0
1783568100,4078.60,4081.70,4076.43,4079.17,2396,23,0
1783568400,4079.17,4080.21,4075.54,4077.02,1966,23,0
1783568700,4077.00,4079.03,4075.08,4077.33,1708,23,0
1783569000,4077.33,4077.91,4070.32,4070.66,2009,23,0
1783569300,4070.66,4075.26,4070.66,4074.03,2106,23,0
1783569600,4073.94,4078.77,4065.17,4067.46,3420,23,0
1783569900,4067.46,4074.00,4067.16,4073.36,2764,23,0
1783570200,4073.36,4076.64,4072.14,4074.16,2625,23,0
1783570500,4074.17,4076.57,4072.53,4074.19,2632,23,0
1783570800,4074.17,4076.09,4070.16,4072.83,2638,23,0
1783571100,4072.85,4073.65,4066.57,4066.66,2347,23,0
1783571400,4066.66,4073.20,4062.40,4071.67,2716,23,0
1783571700,4071.67,4073.84,4070.68,4072.31,2463,23,0
1783572000,4072.32,4075.09,4070.59,4073.36,2181,23,0
1783572300,4073.35,4076.08,4072.65,4073.80,2161,23,0
1783572600,4073.79,4074.37,4069.06,4069.70,2156,23,0
1783572900,4069.70,4073.00,4068.96,4072.81,2085,23,0
1783573200,4072.81,4076.15,4072.03,4074.83,2380,23,0
1783573500,4074.82,4075.97,4073.72,4074.98,2250,23,0
1783573800,4074.98,4079.44,4074.95,4078.46,2141,23,0
1783574100,4078.46,4081.11,4076.76,4080.09,1395,23,0
1783574400,4080.08,4080.08,4077.69,4078.99,1405,23,0
1783574700,4078.99,4082.60,4078.97,4080.41,1853,23,0
1783575000,4080.41,4081.67,4072.06,4072.24,2280,23,0
1783575300,4072.27,4074.31,4070.27,4073.18,2098,23,0
1783575600,4073.19,4074.45,4069.97,4070.88,1897,23,0
1783575900,4070.80,4071.80,4068.39,4069.06,2040,23,0
1783576200,4069.07,4069.07,4065.73,4067.64,2224,23,0
1783576500,4067.65,4069.01,4064.40,4065.03,2260,23,0
1783576800,4065.02,4067.59,4064.22,4066.91,2147,23,0
1783577100,4066.94,4067.07,4059.51,4060.70,2379,23,0
1783577400,4060.70,4061.04,4055.32,4058.92,2476,23,0
1783577700,4058.87,4059.10,4054.23,4055.76,2341,23,0
1783578000,4055.75,4059.34,4054.24,4059.16,2300,23,0
1783578300,4059.15,4061.10,4057.43,4058.31,1976,23,0
1783578600,4058.23,4063.38,4056.40,4062.73,1940,23,0
1783578900,4062.73,4063.23,4059.61,4060.57,1614,23,0
1783579200,4060.58,4061.91,4059.13,4061.90,1654,23,0
1783579500,4061.90,4062.76,4061.15,4061.45,1428,23,0
1783579800,4061.44,4063.53,4061.28,4062.70,1362,23,0
1783580100,4062.68,4064.12,4061.49,4064.12,1407,23,0
1783580400,4064.10,4064.52,4058.82,4061.29,1560,23,0
1783580700,4061.32,4062.93,4061.20,4062.09,1416,23,0
1783581000,4062.10,4063.95,4060.55,4060.55,1300,23,0
1783581300,4060.55,4060.64,4057.35,4057.78,1591,23,0
1783581600,4057.76,4060.99,4057.68,4059.94,1276,23,0
1783581900,4059.94,4060.34,4058.40,4058.88,1388,23,0
1783582200,4058.88,4064.38,4058.80,4062.96,1623,23,0
1783582500,4062.95,4064.52,4061.22,4063.80,1199,23,0
1783582800,4063.80,4063.80,4056.48,4057.89,1505,23,0
1783583100,4057.90,4061.46,4056.46,4061.43,1322,23,0
1783583400,4061.39,4062.95,4059.41,4062.53,1279,23,0
1783583700,4062.54,4064.50,4062.30,4064.28,1142,23,0
1783584000,4064.28,4071.65,4063.71,4066.32,1997,23,0
1783584300,4066.33,4069.01,4066.32,4068.16,1800,23,0
1783584600,4068.13,4075.96,4067.89,4073.50,2602,23,0
1783584900,4073.51,4073.72,4067.96,4067.96,2264,23,0
1783585200,4068.00,4069.60,4066.79,4068.65,1700,23,0
1783585500,4068.63,4072.46,4068.07,4072.25,1645,23,0
1783585800,4072.25,4073.52,4064.80,4071.70,2553,23,0
1783586100,4071.68,4077.12,4069.62,4075.86,2442,23,0
1783586400,4075.87,4076.25,4073.68,4075.57,2254,23,0
1783586700,4075.58,4079.68,4073.80,4079.50,2112,23,0
1783587000,4079.53,4082.60,4078.47,4079.93,2351,23,0
1783587300,4079.95,4084.20,4078.58,4081.99,2269,23,0
1783587600,4081.99,4099.62,4081.43,4092.91,3137,23,0
1783587900,4092.98,4093.41,4088.09,4089.04,2606,23,0
1783588200,4089.05,4092.86,4088.22,4092.10,2343,23,0
1783588500,4092.09,4095.85,4091.42,4094.03,2357,23,0
1783588800,4094.01,4100.70,4093.29,4097.67,2870,23,0
1783589100,4097.63,4103.12,4097.58,4102.28,2507,23,0
1783589400,4102.30,4107.04,4099.33,4104.27,2586,23,0
1783589700,4104.27,4105.98,4098.58,4098.58,2411,23,0
1783590000,4098.56,4102.96,4096.02,4102.86,2260,23,0
1783590300,4102.83,4104.69,4102.38,4103.48,1966,23,0
1783590600,4103.41,4105.25,4102.79,4103.67,1749,23,0
1783590900,4103.67,4108.05,4103.16,4107.93,2057,23,0
1783591200,4107.96,4110.12,4106.00,4106.33,2218,23,0
1783591500,4106.33,4106.94,4103.14,4105.75,2107,23,0
1783591800,4105.74,4106.51,4101.51,4101.51,2093,23,0
1783592100,4101.51,4105.16,4101.51,4104.59,1882,23,0
1783592400,4104.57,4105.97,4103.23,4105.70,1798,23,0
1783592700,4105.70,4109.96,4104.76,4108.92,1961,23,0
1783593000,4108.92,4109.05,4103.73,4106.91,2043,23,0
1783593300,4106.91,4109.35,4106.10,4108.26,1748,23,0
1783593600,4108.26,4110.88,4107.70,4109.04,1660,23,0
1783593900,4109.11,4110.96,4106.26,4110.55,1751,23,0
1783594200,4110.53,4111.16,4108.36,4108.37,1648,23,0
1783594500,4108.35,4108.41,4104.65,4107.94,1705,23,0
1783594800,4107.88,4109.50,4105.26,4106.89,2258,23,0
1783595100,4106.91,4110.54,4106.49,4109.63,1988,23,0
1783595400,4109.62,4109.64,4105.29,4108.13,1885,23,0
1783595700,4108.13,4112.93,4107.77,4108.84,2029,23,0
1783596000,4108.86,4117.71,4108.86,4115.75,2205,23,0
1783596300,4115.72,4115.87,4113.92,4114.79,1728,23,0
1783596600,4114.79,4116.56,4110.10,4110.38,1896,23,0
1783596900,4110.38,4115.27,4110.38,4114.66,1460,23,0
1783597200,4114.69,4115.10,4113.06,4113.52,1708,23,0
1783597500,4113.52,4113.80,4107.94,4109.70,1673,23,0
1783597800,4109.70,4110.91,4109.11,4109.82,1609,23,0
1783598100,4109.84,4110.70,4107.80,4108.24,1692,23,0
1783598400,4108.25,4108.99,4106.44,4108.94,1717,23,0
1783598700,4108.91,4109.57,4105.87,4106.57,1667,23,0
1783599000,4106.57,4109.53,4106.29,4108.64,1653,23,0
1783599300,4108.64,4111.89,4107.90,4110.20,1636,23,0
1783599600,4110.21,4112.27,4107.39,4107.62,1642,23,0
1783599900,4107.62,4109.03,4107.49,4108.42,1695,23,0
1783600200,4108.46,4109.97,4105.02,4105.86,2011,23,0
1783600500,4105.86,4107.93,4105.48,4106.16,1780,23,0
1783600800,4106.15,4106.32,4103.30,4103.82,1950,23,0
1783601100,4103.84,4105.31,4103.18,4105.23,1509,23,0
1783601400,4105.24,4106.39,4103.83,4106.05,1507,23,0
1783601700,4105.99,4107.51,4105.30,4106.36,1379,23,0
1783602000,4106.30,4110.02,4104.08,4109.88,1666,23,0
1783602300,4109.88,4109.88,4104.96,4106.85,1496,23,0
1783602600,4106.86,4107.91,4105.00,4105.07,1491,23,0
1783602900,4105.08,4106.51,4104.77,4105.02,1450,23,0
1783603200,4105.03,4105.82,4104.55,4104.95,1195,23,0
1783603500,4104.95,4105.41,4103.98,4104.31,1349,23,0
1783603800,4104.32,4105.09,4102.45,4104.60,1629,23,0
1783604100,4104.60,4105.44,4103.44,4104.45,1304,23,0
1783604400,4104.46,4104.51,4102.88,4103.41,1325,23,0
1783604700,4103.41,4104.43,4099.49,4100.94,1927,23,0
1783605000,4100.90,4101.14,4094.54,4097.23,2195,23,0
1783605300,4097.23,4099.27,4093.73,4099.02,2073,23,0
1783605600,4099.02,4103.89,4097.85,4103.37,2141,23,0
1783605900,4103.40,4103.50,4100.50,4102.48,1945,23,0
1783606200,4102.51,4105.02,4101.70,4104.94,1789,23,0
1783606500,4104.94,4107.13,4104.05,4105.03,1624,23,0
1783606800,4105.02,4105.26,4099.35,4099.86,1937,23,0
1783607100,4099.85,4101.47,4099.05,4100.49,1506,23,0
1783607400,4100.47,4102.67,4100.06,4101.42,1843,23,0
1783607700,4101.39,4105.41,4098.93,4105.32,1661,23,0
1783608000,4105.34,4109.42,4104.82,4106.24,1955,23,0
1783608300,4106.25,4108.04,4105.08,4106.20,1741,23,0
1783608600,4106.18,4107.83,4104.68,4107.51,1686,23,0
1783608900,4107.53,4110.55,4107.24,4108.64,1699,23,0
1783609200,4108.65,4109.97,4106.02,4107.72,2004,23,0
1783609500,4107.72,4120.00,4106.20,4115.46,2459,23,0
1783609800,4115.53,4117.09,4112.34,4112.66,2367,23,0
1783610100,4112.68,4113.44,4107.58,4107.92,2029,23,0
1783610400,4108.00,4108.75,4105.38,4106.86,2477,23,0
1783610700,4106.88,4109.51,4105.10,4107.08,1917,23,0
1783611000,4107.14,4115.98,4107.12,4115.92,2287,23,0
1783611300,4115.90,4121.62,4114.78,4120.83,2684,23,0
1783611600,4120.85,4122.58,4112.89,4113.16,2372,23,0
1783611900,4113.18,4113.32,4111.12,4112.35,2205,23,0
1783612200,4112.41,4114.56,4110.57,4111.48,2030,23,0
1783612500,4111.50,4112.50,4107.50,4107.64,2054,23,0
1783612800,4107.65,4114.42,4106.73,4111.85,2883,23,0
1783613100,4111.85,4117.41,4110.89,4116.22,2652,23,0
1783613400,4116.20,4121.08,4115.79,4120.56,2684,23,0
1783613700,4120.58,4126.86,4119.53,4120.42,2879,23,0
1783614000,4120.41,4125.38,4118.60,4125.34,2490,23,0
1783614300,4125.34,4127.13,4123.58,4125.98,2509,23,0
1783614600,4125.97,4129.10,4119.65,4125.65,3500,23,0
1783614900,4125.65,4127.93,4122.41,4125.07,3038,23,0
1783615200,4125.05,4129.51,4121.88,4127.37,2983,23,0
1783615500,4127.38,4127.54,4121.43,4123.58,3067,23,0
1783615800,4123.57,4126.53,4118.74,4118.82,2893,23,0
1783616100,4118.81,4122.80,4117.83,4121.92,2754,23,0
1783616400,4121.92,4134.58,4121.64,4131.17,3304,23,0
1783616700,4131.18,4136.12,4125.96,4126.30,3019,23,0
1783617000,4126.29,4126.81,4120.40,4122.27,3091,23,0
1783617300,4122.27,4122.33,4116.13,4117.25,3311,23,0
1783617600,4117.38,4123.55,4114.23,4123.31,3295,23,0
1783617900,4123.30,4125.51,4121.73,4124.68,2895,23,0
1783618200,4124.73,4125.28,4121.01,4124.54,2814,23,0
1783618500,4124.69,4126.68,4121.25,4123.09,2663,23,0
1783618800,4123.08,4124.41,4120.63,4124.07,2403,23,0
1783619100,4124.12,4125.18,4119.59,4119.59,2193,23,0
1783619400,4119.59,4124.40,4118.18,4124.05,2605,23,0
1783619700,4124.05,4127.98,4122.70,4127.70,2740,23,0
1783620000,4127.74,4128.31,4125.10,4126.39,2689,23,0
1783620300,4126.40,4130.84,4125.22,4126.67,2622,23,0
1783620600,4126.66,4127.24,4124.81,4125.05,2146,23,0
1783620900,4125.04,4127.83,4125.02,4127.41,2517,23,0
1783621200,4127.41,4130.66,4124.94,4129.64,2370,23,0
1783621500,4129.61,4130.43,4126.99,4127.84,2382,23,0
1783621800,4127.85,4128.46,4126.25,4127.09,2345,23,0
1783622100,4127.11,4130.47,4126.61,4130.45,2322,23,0
1783622400,4130.46,4131.32,4128.55,4130.13,2217,23,0
1783622700,4130.15,4132.73,4128.63,4129.31,2408,23,0
1783623000,4129.32,4131.39,4126.31,4127.44,2327,23,0
1783623300,4127.44,4128.45,4126.51,4126.95,1908,23,0
1783623600,4126.83,4129.65,4125.80,4125.95,2068,23,0
1783623900,4125.82,4129.12,4125.66,4128.83,2004,23,0
1783624200,4128.84,4131.23,4127.77,4130.18,2067,23,0
1783624500,4130.18,4133.17,4129.17,4129.58,2504,23,0
1783624800,4129.57,4131.48,4129.00,4130.60,2096,23,0
1783625100,4130.59,4132.75,4128.83,4132.70,1898,23,0
1783625400,4132.69,4137.89,4132.04,4134.50,2409,23,0
1783625700,4134.46,4135.83,4131.78,4132.66,2167,23,0
1783626000,4132.67,4134.07,4132.02,4133.21,1815,23,0
1783626300,4133.21,4134.30,4131.12,4131.14,1659,23,0
1783626600,4131.16,4133.65,4130.82,4133.17,1507,23,0
1783626900,4133.20,4133.21,4128.03,4128.06,1881,23,0
1783627200,4128.06,4128.72,4126.22,4128.34,2090,23,0
1783627500,4128.34,4128.85,4126.79,4127.80,1928,23,0
1783627800,4127.80,4128.28,4125.71,4127.50,1760,23,0
1783628100,4127.52,4128.19,4125.03,4126.80,1786,23,0
1783628400,4126.79,4128.80,4125.67,4128.28,1970,23,0
1783628700,4128.29,4131.89,4126.18,4131.59,2597,23,0
1783629000,4131.59,4133.81,4129.20,4129.79,2273,23,0
1783629300,4129.79,4134.27,4129.59,4133.19,1958,23,0
1783629600,4133.22,4133.81,4131.89,4132.18,1862,23,0
1783629900,4132.19,4137.93,4131.95,4136.17,2090,23,0
1783630200,4136.18,4137.45,4135.07,4135.30,1631,23,0
1783630500,4135.32,4136.74,4134.49,4136.14,1638,23,0
1783630800,4136.15,4136.29,4130.77,4131.21,1874,23,0
1783631100,4131.21,4132.19,4129.63,4130.53,1785,23,0
1783631400,4130.52,4130.75,4127.44,4128.64,1754,23,0
1783631700,4128.63,4128.75,4126.62,4127.26,1711,23,0
1783632000,4127.27,4127.27,4124.31,4124.85,1666,23,0
1783632300,4124.85,4125.25,4123.11,4123.95,1814,23,0
1783632600,4123.95,4125.10,4122.68,4123.95,1769,23,0
1783632900,4123.99,4124.38,4121.48,4122.58,1440,23,0
1783633200,4122.57,4125.39,4122.31,4125.36,1657,23,0
1783633500,4125.35,4125.47,4123.66,4124.33,1482,23,0
1783633800,4124.32,4124.42,4122.38,4123.57,1514,23,0
1783634100,4123.57,4125.29,4123.03,4124.51,1409,23,0
1783634400,4124.50,4126.94,4123.46,4124.52,2006,23,0
1783634700,4124.52,4125.44,4123.29,4123.56,1529,23,0
1783635000,4123.56,4124.43,4122.95,4124.32,1643,23,0
1783635300,4124.37,4125.54,4123.56,4123.85,1492,23,0
1783635600,4123.85,4124.26,4121.73,4122.00,1508,23,0
1783635900,4122.01,4122.19,4120.67,4120.92,1508,23,0
1783636200,4120.92,4121.48,4119.66,4120.85,1884,23,0
1783636500,4120.84,4122.68,4120.15,4120.66,1689,23,0
1783636800,4120.66,4121.49,4118.93,4120.26,1623,23,0
1783637100,4120.24,4122.20,4119.98,4122.17,1626,23,0
1783637400,4122.17,4123.51,4120.94,4121.63,2016,23,0
1783637700,4121.61,4122.75,4120.68,4122.41,2122,23,0
1783638000,4122.41,4124.03,4121.45,4122.30,1157,23,0
1783638300,4122.29,4122.43,4121.30,4121.82,926,23,0
1783638600,4121.83,4121.93,4120.72,4121.36,658,23,0
1783638900,4121.34,4121.93,4121.01,4121.79,683,23,0
1783639200,4121.80,4122.47,4121.41,4121.80,550,23,0
1783639500,4121.80,4121.99,4120.54,4121.05,523,23,0
1783639800,4121.02,4124.00,4120.75,4123.92,596,28,0
1783640100,4123.91,4125.53,4123.60,4123.81,656,28,0
1783640400,4123.84,4124.76,4123.61,4124.44,606,28,0
1783640700,4124.44,4124.44,4123.07,4123.71,717,28,0
1783641000,4123.70,4124.00,4123.15,4123.81,741,28,0
1783641300,4123.82,4124.44,4123.55,4123.88,370,28,0
1783645200,4125.53,4126.14,4124.21,4124.92,925,28,0
1783645500,4124.93,4127.47,4122.62,4122.65,1194,28,0
1783645800,4122.64,4123.79,4122.29,4123.57,878,28,0
1783646100,4123.56,4124.70,4123.16,4123.25,828,28,0
1783646400,4123.25,4123.69,4122.38,4123.69,785,28,0
1783646700,4123.69,4124.44,4122.44,4123.14,898,28,0
1783647000,4123.15,4123.71,4122.26,4123.08,743,23,0
1783647300,4123.18,4124.69,4122.93,4124.05,997,23,0
1783647600,4124.06,4124.06,4122.57,4123.57,824,23,0
1783647900,4123.58,4124.17,4121.92,4122.38,763,23,0
1783648200,4122.37,4123.10,4121.51,4123.01,875,23,0
1783648500,4123.01,4123.62,4121.68,4121.68,572,23,0
1783648800,4121.69,4123.32,4121.52,4123.31,872,23,0
1783649100,4123.31,4124.34,4122.73,4124.21,766,23,0
1783649400,4124.21,4124.44,4123.03,4123.71,591,23,0
1783649700,4123.71,4124.40,4123.71,4124.23,536,23,0
1783650000,4124.23,4125.09,4121.98,4122.41,858,23,0
1783650300,4122.41,4123.38,4121.36,4122.16,870,23,0
1783650600,4122.14,4122.45,4121.02,4121.55,667,23,0
1783650900,4121.56,4122.95,4121.56,4122.87,573,23,0
1783651200,4122.87,4122.98,4122.37,4122.73,538,23,0
1783651500,4122.73,4124.22,4121.63,4124.09,1013,23,0
1783651800,4124.09,4124.47,4122.57,4123.19,915,23,0
1783652100,4123.20,4123.81,4122.55,4123.36,1039,23,0
1783652400,4123.36,4125.65,4119.77,4123.69,1985,23,0
1783652700,4123.69,4124.98,4121.01,4122.80,1731,23,0
1783653000,4122.80,4123.28,4121.11,4122.18,1820,23,0
1783653300,4122.17,4123.68,4120.73,4120.86,1778,23,0
1783653600,4120.86,4122.18,4119.10,4119.12,1395,23,0
1783653900,4119.12,4120.01,4116.98,4119.51,1357,23,0
1783654200,4119.51,4119.55,4114.42,4115.74,1766,23,0
1783654500,4115.74,4120.02,4115.74,4119.21,1751,23,0
1783654800,4119.21,4123.97,4118.22,4123.15,1674,23,0
1783655100,4123.14,4125.85,4122.22,4124.36,1824,23,0
1783655400,4124.37,4127.22,4121.35,4122.86,1716,23,0
1783655700,4122.87,4128.24,4122.55,4126.43,2154,23,0
1783656000,4126.35,4131.01,4119.90,4122.02,2954,23,0
1783656300,4122.03,4126.43,4118.83,4125.59,2697,23,0
1783656600,4125.59,4126.49,4121.63,4124.96,2361,23,0
1783656900,4124.94,4127.42,4123.28,4126.15,2591,23,0
1783657200,4126.14,4126.14,4120.72,4122.49,2073,23,0
1783657500,4122.48,4122.99,4120.26,4121.64,1975,23,0
1783657800,4121.64,4123.48,4118.83,4120.02,2252,23,0
1783658100,4120.02,4120.97,4109.01,4112.71,2418,23,0
1783658400,4112.70,4113.86,4110.00,4111.71,2329,23,0
1783658700,4111.71,4114.55,4108.70,4113.15,2376,23,0
1783659000,4113.15,4117.05,4112.77,4116.14,2152,23,0
1783659300,4116.14,4121.27,4115.62,4116.83,2135,23,0
1783659600,4116.83,4118.97,4116.11,4118.05,2090,23,0
1783659900,4118.05,4126.32,4117.61,4124.92,2131,23,0
1783660200,4124.92,4128.88,4123.87,4124.74,2207,23,0
1783660500,4124.79,4127.99,4123.98,4127.35,1681,23,0
1783660800,4127.32,4127.64,4121.75,4124.00,1725,23,0
1783661100,4124.00,4126.28,4123.86,4125.78,1499,23,0
1783661400,4125.77,4128.63,4123.34,4123.35,1979,23,0
1783661700,4123.36,4124.57,4122.23,4123.87,1698,23,0
1783662000,4123.85,4126.46,4123.14,4125.72,1717,23,0
1783662300,4125.73,4125.96,4123.38,4125.83,1711,23,0
1783662600,4125.85,4129.07,4125.54,4127.66,1876,23,0
1783662900,4127.66,4127.77,4125.49,4127.74,1350,23,0
1783663200,4127.74,4131.89,4127.36,4129.51,1990,23,0
1783663500,4129.51,4134.77,4128.37,4131.58,2065,23,0
1783663800,4131.58,4131.76,4125.87,4126.55,1795,23,0
1783664100,4126.54,4128.34,4125.40,4125.74,1511,23,0
1783664400,4125.73,4126.01,4120.63,4122.17,1878,23,0
1783664700,4122.18,4126.24,4122.00,4125.25,1813,23,0
1783665000,4125.25,4127.79,4123.66,4127.41,1681,23,0
1783665300,4127.37,4127.72,4122.71,4122.92,1416,23,0
1783665600,4122.92,4123.34,4121.20,4121.58,1036,23,0
1783665900,4121.58,4122.30,4120.62,4120.98,988,23,0
1783666200,4120.98,4121.79,4119.40,4120.52,1195,23,0
1783666500,4120.52,4121.78,4119.37,4120.22,1049,23,0
1783666800,4120.22,4120.22,4117.88,4119.63,1121,23,0
1783667100,4119.63,4120.54,4117.68,4117.86,1274,23,0
1783667400,4117.85,4120.99,4116.80,4120.98,1064,23,0
1783667700,4120.97,4121.05,4119.19,4119.68,1080,23,0
1783668000,4119.68,4120.45,4112.08,4114.24,1766,23,0
1783668300,4114.23,4117.80,4112.44,4117.47,1599,23,0
1783668600,4117.48,4118.25,4116.67,4118.05,1204,23,0
1783668900,4118.05,4119.60,4117.73,4119.40,918,23,0
1783669200,4119.39,4119.44,4118.14,4119.08,1004,23,0
1783669500,4119.09,4119.13,4116.82,4117.15,1062,23,0
1783669800,4117.16,4117.44,4115.25,4117.21,1004,23,0
1783670100,4117.23,4117.86,4114.92,4115.12,1283,23,0
1783670400,4115.13,4115.61,4113.37,4114.45,1459,23,0
1783670700,4114.44,4116.32,4113.36,4114.01,1457,23,0
1783671000,4114.01,4114.56,4113.19,4114.02,1125,23,0
1783671300,4114.02,4117.05,4114.00,4116.96,1331,23,0
1783671600,4116.96,4117.04,4112.87,4114.21,1398,23,0
1783671900,4114.23,4116.16,4113.68,4114.18,1179,23,0
1783672200,4114.18,4115.40,4110.27,4113.10,2492,23,0
1783672500,4113.08,4114.49,4109.32,4109.41,2067,23,0
1783672800,4109.41,4114.35,4109.17,4114.01,1994,23,0
1783673100,4113.99,4114.25,4108.22,4111.83,2199,23,0
1783673400,4111.84,4114.79,4111.71,4114.24,2158,23,0
1783673700,4114.25,4117.14,4113.43,4116.78,1787,23,0
1783674000,4116.78,4119.12,4115.63,4117.51,2206,23,0
1783674300,4117.50,4118.93,4116.22,4117.77,2066,23,0
1783674600,4117.77,4118.33,4114.86,4115.07,1838,23,0
1783674900,4115.08,4120.09,4113.87,4119.95,1993,23,0
1783675200,4119.94,4119.94,4116.46,4117.66,1851,23,0
1783675500,4117.66,4118.26,4114.08,4114.60,1897,23,0
1783675800,4114.52,4116.11,4112.36,4113.64,1936,23,0
1783676100,4113.86,4115.84,4113.76,4115.51,1630,23,0
1783676400,4115.50,4115.53,4111.10,4111.55,1918,23,0
1783676700,4111.55,4114.39,4111.46,4113.27,1739,23,0
1783677000,4113.27,4114.26,4111.86,4113.68,1414,23,0
1783677300,4113.68,4113.97,4111.28,4111.72,1362,23,0
1783677600,4111.73,4113.11,4110.57,4112.47,1564,23,0
1783677900,4112.47,4113.72,4109.52,4111.36,1332,23,0
1783678200,4111.36,4112.42,4108.98,4111.33,1491,23,0
1783678500,4111.53,4114.17,4108.66,4114.15,1818,23,0
1783678800,4114.14,4115.33,4112.47,4113.97,1277,23,0
1783679100,4113.97,4114.12,4111.94,4112.46,1236,23,0
1783679400,4112.47,4114.48,4111.62,4113.42,1254,23,0
1783679700,4113.41,4113.94,4110.42,4111.72,1392,23,0
1783680000,4111.73,4111.74,4105.39,4106.79,1444,23,0
1783680300,4106.80,4107.36,4104.32,4105.07,1649,23,0
1783680600,4105.07,4108.49,4104.94,4108.01,1500,23,0
1783680900,4108.01,4109.93,4105.73,4108.90,1625,23,0
1783681200,4108.90,4109.48,4104.02,4105.30,2229,23,0
1783681500,4105.30,4107.98,4104.66,4106.93,1535,23,0
1783681800,4106.92,4107.39,4105.48,4107.24,1494,23,0
1783682100,4107.24,4108.34,4106.22,4107.68,1535,23,0
1783682400,4107.68,4108.72,4105.13,4105.17,1583,23,0
1783682700,4105.16,4105.94,4103.42,4104.32,1668,23,0
1783683000,4104.33,4105.63,4101.99,4102.29,1789,23,0
1783683300,4102.24,4102.86,4099.41,4102.69,1603,23,0
1783683600,4102.71,4102.81,4099.82,4101.79,1404,23,0
1783683900,4101.78,4101.83,4094.81,4095.75,1726,23,0
1783684200,4095.75,4098.57,4095.63,4097.09,1443,23,0
1783684500,4097.09,4098.50,4095.93,4097.87,1515,23,0
1783684800,4097.86,4100.39,4094.38,4098.43,1980,23,0
1783685100,4098.44,4099.87,4098.21,4099.17,1431,23,0
1783685400,4099.17,4100.79,4096.80,4100.79,1432,23,0
1783685700,4100.77,4102.55,4100.13,4101.44,1499,23,0
1783686000,4101.44,4102.17,4099.87,4102.15,1269,23,0
1783686300,4102.16,4103.42,4100.55,4102.76,1244,23,0
1783686600,4102.69,4102.83,4100.55,4101.95,1217,23,0
1783686900,4101.95,4102.42,4098.40,4101.36,1397,23,0
1783687200,4101.35,4104.00,4101.25,4102.90,1118,23,0
1783687500,4102.89,4104.30,4102.27,4103.52,1188,23,0
1783687800,4103.50,4104.59,4102.43,4104.59,1254,23,0
1783688100,4104.58,4105.44,4103.40,4104.35,1199,23,0
1783688400,4104.36,4108.48,4104.16,4108.48,1284,23,0
1783688700,4108.48,4108.48,4105.64,4106.30,1172,23,0
1783689000,4106.32,4108.02,4105.78,4106.15,1155,23,0
1783689300,4106.30,4107.91,4106.26,4107.18,1022,23,0
1783689600,4107.15,4112.66,4106.89,4111.13,1328,23,0
1783689900,4111.13,4111.40,4107.83,4109.45,1358,23,0
1783690200,4109.45,4110.51,4106.22,4106.76,1192,23,0
1783690500,4106.76,4109.02,4106.47,4108.00,1129,23,0
1783690800,4108.00,4109.04,4107.07,4109.01,1115,23,0
1783691100,4109.01,4109.05,4106.86,4107.24,1169,23,0
1783691400,4107.25,4108.89,4106.89,4108.38,1140,23,0
1783691700,4108.42,4108.42,4104.43,4104.60,1350,23,0
1783692000,4104.56,4108.01,4104.47,4106.80,1561,23,0
1783692300,4106.81,4107.18,4104.54,4105.77,1120,23,0
1783692600,4105.77,4107.84,4105.72,4106.28,980,23,0
1783692900,4106.30,4107.71,4106.24,4106.96,1097,23,0
1783693200,4106.96,4107.78,4105.46,4107.61,1007,23,0
1783693500,4107.61,4108.10,4100.08,4100.16,1775,23,0
1783693800,4100.14,4103.55,4098.65,4099.22,1801,23,0
1783694100,4099.23,4099.84,4096.06,4097.89,1638,23,0
1783694400,4097.91,4107.42,4097.89,4106.69,1579,23,0
1783694700,4106.70,4107.77,4105.80,4105.80,1321,23,0
1783695000,4105.77,4107.96,4105.32,4105.35,1440,23,0
1783695300,4105.35,4105.35,4102.05,4102.29,1510,23,0
1783695600,4102.29,4103.70,4101.62,4102.57,1795,23,0
1783695900,4102.49,4104.11,4100.93,4103.90,1759,23,0
1783696200,4103.89,4117.26,4102.59,4114.99,2260,23,0
1783696500,4114.97,4116.34,4107.87,4109.12,2656,23,0
1783696800,4109.14,4110.78,4105.52,4107.01,2135,23,0
1783697100,4106.99,4107.22,4103.36,4105.96,1805,23,0
1783697400,4105.96,4107.00,4101.71,4101.94,2173,23,0
1783697700,4101.95,4102.85,4097.52,4101.30,2245,23,0
1783698000,4101.30,4102.47,4098.27,4098.33,2114,23,0
1783698300,4098.33,4102.78,4097.88,4101.59,1855,23,0
1783698600,4101.60,4104.89,4099.89,4100.35,1631,23,0
1783698900,4100.32,4101.97,4099.09,4100.69,1751,23,0
1783699200,4100.69,4105.14,4098.71,4100.77,2506,23,0
1783699500,4100.80,4106.22,4100.20,4105.70,2199,23,0
1783699800,4105.62,4105.62,4101.50,4104.27,1957,23,0
1783700100,4104.29,4106.64,4100.49,4102.14,1935,23,0
1783700400,4102.13,4103.14,4096.20,4096.98,1952,23,0
1783700700,4096.94,4098.08,4085.66,4087.32,2645,23,0
1783701000,4087.35,4097.00,4086.98,4089.78,3304,23,0
1783701300,4089.80,4097.43,4087.84,4097.41,2945,23,0
1783701600,4097.37,4102.40,4095.48,4098.46,3024,23,0
1783701900,4098.40,4102.29,4097.34,4101.35,2719,23,0
1783702200,4101.35,4105.44,4100.46,4102.91,2630,23,0
1783702500,4102.90,4102.93,4098.35,4099.92,2694,23,0
1783702800,4099.93,4101.79,4097.54,4100.98,2789,23,0
1783703100,4100.92,4103.07,4099.47,4100.41,2588,23,0
1783703400,4100.42,4103.53,4098.22,4100.12,2470,23,0
1783703700,4100.09,4105.24,4097.47,4104.23,2684,23,0
1783704000,4104.22,4107.65,4102.40,4102.88,2663,23,0
1783704300,4102.87,4108.87,4100.65,4105.41,2587,23,0
1783704600,4105.41,4107.81,4073.56,4089.97,3372,23,0
1783704900,4089.95,4097.29,4087.88,4095.65,3869,23,0
1783705200,4095.65,4101.52,4095.09,4099.18,3364,23,0
1783705500,4099.17,4107.45,4098.67,4107.36,2953,23,0
1783705800,4107.36,4107.37,4100.28,4101.44,2740,23,0
1783706100,4101.44,4102.02,4091.56,4092.72,3077,23,0
1783706400,4092.73,4099.16,4091.30,4097.37,3026,23,0
1783706700,4097.37,4100.06,4096.19,4098.57,2617,23,0
1783707000,4098.57,4100.90,4097.08,4097.49,2421,23,0
1783707300,4097.49,4103.52,4097.42,4099.83,2609,23,0
1783707600,4099.84,4106.75,4099.00,4105.67,2471,23,0
1783707900,4105.65,4107.63,4100.49,4102.09,2424,23,0
1783708200,4102.08,4103.75,4101.45,4103.42,2420,23,0
1783708500,4103.47,4106.21,4101.58,4106.13,2613,23,0
1783708800,4106.11,4106.86,4103.77,4106.33,2815,23,0
1783709100,4106.31,4110.61,4105.73,4109.79,2486,23,0
1783709400,4109.78,4112.06,4108.30,4110.41,2170,23,0
1783709700,4110.39,4113.45,4109.42,4113.01,1938,23,0
1783710000,4113.01,4114.84,4111.27,4111.43,2282,23,0
1783710300,4111.44,4112.22,4109.05,4111.57,2050,23,0
1783710600,4111.57,4112.37,4107.98,4110.14,2100,23,0
1783710900,4110.14,4113.30,4110.14,4110.89,1984,23,0
1783711200,4110.89,4111.21,4107.31,4110.92,1901,23,0
1783711500,4110.92,4114.45,4110.82,4114.32,1872,23,0
1783711800,4114.35,4115.40,4112.65,4112.71,1692,23,0
1783712100,4112.70,4114.20,4111.81,4112.37,1662,23,0
1783712400,4112.37,4113.61,4108.95,4109.05,1708,23,0
1783712700,4109.03,4109.71,4107.58,4107.62,1916,23,0
1783713000,4107.63,4108.96,4105.78,4106.18,1841,23,0
1783713300,4106.22,4107.02,4104.37,4104.52,1906,23,0
1783713600,4104.45,4105.11,4102.70,4102.91,2224,23,0
1783713900,4102.92,4105.39,4102.28,4103.86,1819,23,0
1783714200,4103.85,4105.47,4102.80,4103.88,1950,23,0
1783714500,4103.88,4106.38,4103.72,4104.49,1673,23,0
1783714800,4104.49,4106.81,4104.42,4105.71,1735,23,0
1783715100,4105.72,4106.00,4104.02,4105.61,1879,23,0
1783715400,4105.61,4106.82,4104.82,4105.35,1552,23,0
1783715700,4105.35,4105.43,4103.55,4104.10,1750,23,0
1783716000,4104.10,4105.45,4103.27,4103.81,1655,23,0
1783716300,4103.81,4104.64,4102.82,4103.34,1481,23,0
1783716600,4103.34,4105.13,4103.31,4103.59,1194,23,0
1783716900,4103.60,4103.83,4100.43,4100.69,1633,23,0
1783717200,4100.68,4102.74,4100.04,4102.69,1651,23,0
1783717500,4102.69,4103.66,4101.75,4103.28,1379,23,0
1783717800,4103.22,4105.11,4103.14,4104.73,1593,23,0
1783718100,4104.74,4105.00,4102.15,4103.22,1314,23,0
1783718400,4103.19,4104.24,4102.51,4102.60,1449,23,0
1783718700,4102.57,4105.17,4102.57,4102.93,1505,23,0
1783719000,4102.91,4103.75,4101.37,4103.34,1544,23,0
1783719300,4103.33,4103.45,4099.47,4099.78,1382,23,0
1783719600,4099.78,4100.65,4098.62,4098.92,1463,23,0
1783719900,4098.92,4100.08,4098.07,4100.08,1223,23,0
1783720200,4100.09,4101.21,4099.66,4101.20,1199,23,0
1783720500,4101.20,4101.61,4100.20,4101.17,1322,23,0
1783720800,4101.17,4101.17,4097.79,4097.97,1409,23,0
1783721100,4098.00,4102.44,4097.81,4101.31,1418,23,0
1783721400,4101.30,4101.61,4098.75,4101.58,1141,23,0
1783721700,4101.56,4102.91,4101.19,4102.77,1220,23,0
1783722000,4102.74,4103.29,4101.83,4101.83,984,23,0
1783722300,4101.83,4102.61,4101.57,4101.76,1079,23,0
1783722600,4101.74,4102.63,4100.51,4101.49,1613,23,0
1783722900,4101.49,4102.96,4100.89,4102.11,1093,23,0
1783723200,4102.10,4103.59,4101.79,4102.50,1191,23,0
1783723500,4102.51,4105.05,4102.37,4104.77,1409,23,0
1783723800,4104.77,4105.98,4104.26,4105.80,1634,23,0
1783724100,4105.80,4109.00,4105.63,4108.45,1784,23,0
1783724400,4108.46,4115.11,4108.28,4113.50,1288,23,0
1783724700,4113.56,4113.57,4110.74,4111.48,704,23,0
1783725000,4111.49,4112.37,4110.76,4112.16,614,23,0
1783725300,4112.16,4112.48,4110.69,4111.87,650,23,0
1783725600,4111.87,4112.76,4111.55,4112.22,617,23,0
1783725900,4112.22,4112.53,4110.66,4111.35,602,23,0
1783726200,4111.32,4111.91,4110.35,4111.56,656,28,0
1783726500,4111.56,4112.08,4110.78,4111.46,538,28,0
1783726800,4111.45,4112.53,4111.13,4111.82,540,28,0
1783727100,4111.81,4113.87,4111.54,4113.69,828,28,0
1783727400,4113.70,4120.04,4113.07,4119.25,937,28,0
1783727700,4119.23,4120.87,4118.80,4119.80,586,28,0
1783904400,4100.10,4103.40,4086.43,4091.08,2672,28,0
1783904700,4091.09,4094.07,4085.18,4090.50,2188,28,0
1783905000,4090.50,4093.67,4080.76,4081.40,2612,28,0
1783905300,4081.37,4088.09,4081.21,4085.87,2105,28,0
1783905600,4085.86,4087.42,4081.88,4082.36,1633,28,0
1783905900,4082.36,4085.47,4080.27,4084.40,1699,28,0
1783906200,4084.42,4086.48,4082.76,4082.95,1531,23,0
1783906500,4082.95,4084.40,4080.77,4082.21,1379,23,0
1783906800,4082.21,4082.57,4078.17,4078.58,1642,23,0
1783907100,4078.58,4079.64,4070.28,4078.30,1973,23,0
1783907400,4078.29,4080.95,4076.85,4077.55,1896,23,0
1783907700,4077.55,4079.04,4075.50,4076.63,1631,23,0
1783908000,4076.65,4076.68,4068.55,4070.46,2327,23,0
1783908300,4070.46,4072.91,4070.05,4071.12,1794,23,0
1783908600,4071.13,4072.28,4068.98,4070.29,1605,23,0
1783908900,4070.29,4071.56,4069.45,4069.75,1410,23,0
1783909200,4069.75,4072.40,4068.88,4072.17,1437,23,0
1783909500,4072.17,4075.15,4071.37,4074.73,1251,23,0
1783909800,4074.69,4074.72,4072.47,4072.53,1093,23,0
1783910100,4072.53,4077.33,4071.82,4077.21,1324,23,0
1783910400,4077.23,4079.16,4076.41,4077.68,1539,23,0
1783910700,4077.68,4079.14,4075.56,4078.60,1967,23,0
1783911000,4078.60,4083.35,4077.90,4080.66,2649,23,0
1783911300,4080.66,4084.76,4079.63,4084.41,2570,23,0
1783911600,4084.38,4086.36,4080.90,4084.10,3051,23,0
1783911900,4084.10,4090.15,4083.65,4088.67,2856,23,0
1783912200,4088.42,4091.10,4085.93,4086.85,2306,23,0
1783912500,4086.85,4087.87,4080.08,4082.29,2707,23,0
1783912800,4082.34,4083.39,4080.38,4082.42,2500,23,0
1783913100,4082.42,4082.79,4074.35,4074.66,2377,23,0
1783913400,4074.67,4075.45,4061.12,4062.29,2532,23,0
1783913700,4062.36,4070.05,4062.06,4069.28,2385,23,0
1783914000,4069.31,4073.38,4068.03,4073.12,2498,23,0
1783914300,4073.15,4076.73,4068.73,4069.07,2505,23,0
1783914600,4069.09,4074.52,4068.81,4074.38,2660,23,0
1783914900,4074.36,4077.20,4072.98,4074.01,2499,23,0
1783915200,4074.00,4076.24,4065.46,4071.17,3759,23,0
1783915500,4071.19,4081.11,4070.21,4077.48,3145,23,0
1783915800,4077.47,4080.34,4076.58,4079.56,2617,23,0
1783916100,4079.53,4081.96,4072.60,4073.49,3042,23,0
1783916400,4073.49,4076.20,4071.09,4074.27,3099,23,0
1783916700,4074.28,4080.24,4074.28,4079.80,3042,23,0
1783917000,4079.81,4089.72,4077.67,4084.93,3010,23,0
1783917300,4084.88,4088.67,4082.27,4087.43,2883,23,0
1783917600,4087.45,4087.64,4083.04,4084.52,2667,23,0
1783917900,4084.52,4087.10,4083.00,4085.82,2632,23,0
1783918200,4085.82,4088.05,4074.12,4074.17,3037,23,0
1783918500,4074.15,4075.57,4067.49,4072.15,3268,23,0
1783918800,4072.16,4074.49,4070.09,4070.79,2867,23,0
1783919100,4070.78,4073.82,4070.11,4073.24,2850,23,0
1783919400,4073.26,4074.95,4070.47,4072.22,2648,23,0
1783919700,4072.21,4074.28,4071.02,4073.46,2406,23,0
1783920000,4073.45,4074.19,4069.50,4070.37,2250,23,0
1783920300,4070.38,4071.33,4066.55,4067.19,2443,23,0
1783920600,4067.20,4073.86,4064.76,4073.69,2858,23,0
1783920900,4073.69,4077.47,4073.68,4075.48,2478,23,0
1783921200,4075.49,4075.49,4071.30,4072.73,2354,23,0
1783921500,4072.73,4073.00,4068.39,4069.47,2139,23,0
1783921800,4069.50,4072.40,4068.76,4070.29,2260,23,0
1783922100,4070.29,4071.82,4068.59,4068.66,2306,23,0
1783922400,4068.61,4069.37,4063.77,4064.45,2369,23,0
1783922700,4064.46,4064.88,4058.97,4061.44,2565,23,0
1783923000,4061.44,4061.85,4053.03,4058.07,2664,23,0
1783923300,4058.08,4061.11,4058.06,4059.74,2291,23,0
1783923600,4059.77,4061.74,4058.85,4061.41,2108,23,0
1783923900,4061.41,4062.45,4058.66,4061.86,2178,23,0
1783924200,4061.86,4062.45,4057.75,4057.91,1815,23,0
1783924500,4057.91,4060.45,4057.13,4059.74,1603,23,0
1783924800,4059.74,4060.05,4057.45,4057.79,1798,23,0
1783925100,4057.81,4060.77,4057.64,4060.03,1782,23,0
1783925400,4060.03,4061.02,4058.44,4059.59,1417,23,0
1783925700,4059.59,4060.57,4058.49,4060.43,1405,23,0
1783926000,4060.44,4060.48,4056.47,4057.29,1818,23,0
1783926300,4057.28,4058.48,4055.47,4056.08,1899,23,0
1783926600,4056.12,4057.22,4052.37,4054.59,1635,23,0
1783926900,4054.59,4057.92,4050.30,4057.10,1970,23,0
1783927200,4057.10,4057.38,4056.05,4057.02,1764,23,0
1783927500,4057.01,4057.32,4053.59,4055.54,1787,23,0
1783927800,4055.49,4057.62,4054.09,4056.03,1536,23,0
1783928100,4056.02,4057.38,4055.33,4056.60,1340,23,0
1783928400,4056.65,4056.84,4053.16,4054.11,1549,23,0
1783928700,4054.11,4055.23,4052.90,4053.22,1341,23,0
1783929000,4053.22,4055.17,4052.68,4054.53,1415,23,0
1783929300,4054.53,4059.14,4054.34,4058.86,1479,23,0
1783929600,4058.86,4060.37,4054.86,4060.14,2036,23,0
1783929900,4060.16,4071.38,4059.59,4070.84,2491,23,0
1783930200,4070.84,4073.08,4068.14,4069.46,2427,23,0
1783930500,4069.46,4069.49,4063.91,4065.71,2092,23,0
1783930800,4065.71,4066.19,4060.08,4061.12,2015,23,0
1783931100,4061.10,4063.52,4057.49,4058.15,2156,23,0
1783931400,4058.15,4062.77,4052.22,4062.16,3076,23,0
1783931700,4062.16,4065.65,4061.72,4063.41,2632,23,0
1783932000,4063.42,4065.32,4060.14,4063.58,2464,23,0
1783932300,4063.59,4063.61,4058.78,4062.46,2432,23,0
1783932600,4062.47,4064.23,4057.65,4058.16,2502,23,0
1783932900,4058.16,4058.71,4052.70,4053.72,2464,23,0
1783933200,4053.62,4056.15,4048.70,4051.01,2681,23,0
1783933500,4051.02,4053.77,4043.81,4052.85,3015,23,0
1783933800,4052.85,4053.33,4049.05,4050.75,2391,23,0
1783934100,4050.75,4054.12,4050.70,4053.49,2308,23,0
1783934400,4053.49,4056.67,4053.38,4055.23,2423,23,0
1783934700,4055.21,4061.14,4055.14,4061.12,2365,23,0
1783935000,4061.15,4062.32,4058.58,4059.48,2434,23,0
1783935300,4059.49,4063.54,4059.08,4062.51,2266,23,0
1783935600,4062.47,4063.19,4059.38,4060.19,2149,23,0
1783935900,4060.19,4060.50,4056.28,4056.45,2276,23,0
1783936200,4056.45,4057.48,4052.71,4053.88,2010,23,0
1783936500,4053.87,4055.86,4052.04,4055.52,2176,23,0
1783936800,4055.48,4056.53,4048.91,4053.51,2457,23,0
1783937100,4053.51,4060.29,4051.44,4058.39,2178,23,0
1783937400,4058.40,4061.23,4054.42,4055.52,2224,23,0
1783937700,4055.52,4057.93,4055.52,4057.11,1796,23,0
1783938000,4057.11,4058.95,4056.01,4057.13,1820,23,0
1783938300,4057.13,4059.21,4056.48,4058.80,1823,23,0
1783938600,4058.79,4060.19,4056.17,4059.80,1876,23,0
1783938900,4059.84,4062.80,4059.31,4060.19,2155,23,0
1783939200,4060.19,4061.81,4057.13,4057.35,1741,23,0
1783939500,4057.33,4059.38,4056.95,4057.39,1589,23,0
1783939800,4057.37,4061.68,4056.09,4061.45,1969,23,0
1783940100,4061.43,4065.09,4060.60,4064.48,1823,23,0
1783940400,4064.66,4067.34,4063.13,4065.17,2473,23,0
1783940700,4065.17,4071.41,4064.43,4071.35,2592,23,0
1783941000,4071.36,4074.86,4069.75,4073.93,2716,23,0
1783941300,4073.91,4078.14,4073.61,4074.88,2663,23,0
1783941600,4074.89,4080.64,4074.87,4078.75,2448,23,0
1783941900,4078.75,4079.63,4074.03,4074.06,2178,23,0
1783942200,4074.08,4075.45,4072.41,4072.50,1940,23,0
1783942500,4072.49,4075.02,4071.83,4074.77,1995,23,0
1783942800,4074.79,4076.44,4072.90,4075.72,1778,23,0
1783943100,4075.71,4076.32,4072.21,4076.22,1858,23,0
1783943400,4076.22,4078.50,4075.79,4077.76,1921,23,0
1783943700,4077.75,4078.11,4074.17,4074.56,1752,23,0
1783944000,4074.56,4076.13,4072.83,4074.80,1858,23,0
1783944300,4074.78,4075.51,4073.73,4073.94,1618,23,0
1783944600,4073.94,4074.70,4072.73,4074.54,1475,23,0
1783944900,4074.49,4074.53,4071.43,4072.98,1551,23,0
1783945200,4072.98,4075.15,4072.78,4074.19,1465,23,0
1783945500,4074.26,4076.67,4071.38,4072.65,2038,23,0
1783945800,4072.64,4073.91,4070.56,4071.86,1991,23,0
1783946100,4071.82,4071.82,4069.47,4069.49,1694,23,0
1783946400,4069.49,4073.42,4069.49,4072.71,1587,23,0
1783946700,4072.70,4073.61,4071.59,4072.81,1490,23,0
1783947000,4072.80,4072.98,4069.93,4071.28,1527,23,0
1783947300,4071.22,4072.17,4068.17,4068.27,1544,23,0
1783947600,4068.27,4070.54,4067.67,4070.15,1579,23,0
1783947900,4070.16,4070.31,4068.61,4069.03,1619,23,0
1783948200,4069.04,4069.41,4066.77,4067.68,1523,23,0
1783948500,4067.68,4069.42,4066.03,4068.32,1628,23,0
1783948800,4068.30,4068.81,4066.46,4067.52,1367,23,0
1783949100,4067.50,4067.59,4064.40,4065.09,1451,23,0
1783949400,4065.13,4067.32,4064.91,4066.09,1596,23,0
1783949700,4066.09,4068.23,4066.06,4066.65,1473,23,0
1783950000,4066.64,4066.93,4046.70,4052.22,2488,23,0
1783950300,4052.28,4054.36,4048.12,4054.16,2389,23,0
1783950600,4054.16,4058.39,4051.69,4058.16,2171,23,0
1783950900,4058.24,4061.51,4058.18,4060.55,2116,23,0
1783951200,4060.55,4064.11,4058.11,4063.61,2284,23,0
1783951500,4063.61,4068.02,4063.30,4065.07,2355,23,0
1783951800,4065.07,4065.74,4062.81,4064.09,1986,23,0
1783952100,4064.08,4065.10,4061.05,4061.66,1727,23,0
1783952400,4061.65,4062.10,4058.15,4059.10,1870,23,0
1783952700,4059.12,4063.77,4058.54,4062.85,1994,23,0
1783953000,4062.87,4067.84,4062.07,4067.75,2126,23,0
1783953300,4067.77,4068.41,4063.27,4064.07,1884,23,0
1783953600,4064.06,4067.18,4064.03,4065.20,1875,23,0
1783953900,4065.22,4065.76,4060.56,4063.02,2133,23,0
1783954200,4063.02,4063.54,4054.96,4056.54,2149,23,0
1783954500,4056.54,4057.75,4055.49,4056.40,2096,23,0
1783954800,4056.40,4060.41,4056.12,4058.36,2169,23,0
1783955100,4058.35,4059.61,4055.08,4056.08,2095,23,0
1783955400,4056.07,4060.25,4053.52,4056.24,2597,23,0
1783955700,4056.23,4060.82,4056.23,4059.24,2185,23,0
1783956000,4059.24,4062.22,4055.18,4062.19,2427,23,0
1783956300,4062.19,4063.55,4058.71,4058.97,2233,23,0
1783956600,4058.99,4062.91,4058.71,4062.87,2160,23,0
1783956900,4062.85,4063.34,4059.73,4060.89,2031,23,0
1783957200,4060.89,4064.00,4060.46,4062.78,2021,23,0
1783957500,4062.79,4066.66,4062.79,4065.68,2050,23,0
1783957800,4065.68,4066.77,4064.22,4065.76,2209,23,0
1783958100,4065.76,4067.45,4063.69,4067.34,2134,23,0
1783958400,4067.32,4067.58,4059.33,4062.95,2934,23,0
1783958700,4062.96,4064.94,4060.78,4063.39,2569,23,0
1783959000,4063.39,4063.72,4059.22,4061.80,2424,23,0
1783959300,4061.80,4062.00,4058.57,4061.04,2473,23,0
1783959600,4061.04,4062.77,4060.51,4062.01,2282,23,0
1783959900,4062.01,4065.94,4061.16,4062.23,2527,23,0
1783960200,4062.24,4063.96,4056.78,4058.39,3274,23,0
1783960500,4058.39,4061.30,4054.04,4054.47,3260,23,0
1783960800,4054.49,4058.62,4051.53,4054.83,3383,23,0
1783961100,4054.84,4058.23,4049.78,4050.73,3394,23,0
1783961400,4050.73,4052.40,4042.83,4051.67,3589,23,0
1783961700,4051.63,4052.93,4042.02,4043.14,3324,23,0
1783962000,4043.18,4046.88,4037.90,4040.07,3732,23,0
1783962300,4040.08,4040.81,4029.82,4037.58,3382,23,0
1783962600,4037.56,4039.54,4033.96,4035.80,3032,23,0
1783962900,4035.82,4037.24,4008.38,4021.70,3869,23,0
1783963200,4021.43,4022.01,4002.66,4021.20,4012,23,0
1783963500,4021.20,4028.73,4014.73,4016.84,3638,23,0
1783963800,4016.84,4016.94,4005.00,4010.43,3585,23,0
1783964100,4010.43,4010.49,4003.66,4007.68,3321,23,0
1783964400,4007.68,4007.72,4000.42,4005.52,3360,23,0
1783964700,4005.47,4009.44,4002.02,4006.23,3321,23,0
1783965000,4006.23,4010.80,4004.56,4009.37,3072,23,0
1783965300,4009.35,4015.32,4008.71,4015.32,2886,23,0
1783965600,4015.29,4017.66,4011.79,4011.83,3107,23,0
1783965900,4011.83,4014.12,4010.94,4014.11,2769,23,0
1783966200,4014.10,4016.82,4013.65,4014.80,2726,23,0
1783966500,4014.78,4019.36,4013.23,4019.13,2966,23,0
1783966800,4019.13,4020.18,4015.44,4016.07,2719,23,0
1783967100,4016.05,4018.52,4013.16,4016.46,2677,23,0
1783967400,4016.53,4017.66,4014.16,4014.84,2718,23,0
1783967700,4014.88,4016.87,4013.52,4015.49,2334,23,0
1783968000,4015.50,4016.16,4012.28,4013.41,2513,23,0
1783968300,4013.38,4014.73,4010.85,4013.73,2595,23,0
1783968600,4013.72,4014.22,4010.28,4013.46,2543,23,0
1783968900,4013.46,4016.01,4012.74,4015.86,2427,23,0
1783969200,4015.92,4017.87,4013.80,4015.80,2510,23,0
1783969500,4015.79,4017.03,4013.51,4015.21,2129,23,0
1783969800,4015.21,4016.40,4012.58,4013.97,2163,23,0
1783970100,4013.97,4013.97,4010.93,4012.03,2700,23,0
1783970400,4012.03,4012.70,4009.65,4009.66,2530,23,0
1783970700,4009.46,4010.62,4000.55,4003.75,2967,23,0
1783971000,4003.74,4004.73,3992.04,3994.77,3596,23,0
1783971300,3994.78,3997.45,3990.77,3996.68,3654,23,0
1783971600,3996.69,4000.84,3995.14,4000.63,3160,23,0
1783971900,4000.63,4002.68,3997.26,3998.64,2896,23,0
1783972200,3998.64,3998.96,3991.54,3992.22,3136,23,0
1783972500,3992.23,3993.22,3986.55,3993.21,2961,23,0
1783972800,3993.20,3997.07,3992.04,3994.65,2823,23,0
1783973100,3994.64,3998.92,3993.51,3998.02,2328,23,0
1783973400,3998.02,3998.56,3996.68,3997.55,2509,23,0
1783973700,3997.55,4001.48,3996.88,4001.07,2487,23,0
1783974000,4001.06,4001.84,3997.66,3998.54,2455,23,0
1783974300,3998.52,3999.62,3996.63,3998.89,2638,23,0
1783974600,3998.89,4000.86,3997.67,4000.30,2536,23,0
1783974900,4000.34,4000.35,3997.08,3997.65,2472,23,0
1783975200,3997.64,3998.48,3996.16,3996.89,2489,23,0
1783975500,3996.90,3999.32,3994.26,3995.70,2487,23,0
1783975800,3995.70,3996.32,3993.18,3994.90,2642,23,0
1783976100,3994.90,3995.33,3992.11,3993.16,2617,23,0
1783976400,3993.18,3995.14,3990.60,3990.76,2759,23,0
1783976700,3990.79,3994.73,3990.51,3991.97,2512,23,0
1783977000,3991.97,3994.02,3989.96,3993.78,2545,23,0
1783977300,3993.77,3994.47,3986.72,3988.30,2547,23,0
1783977600,3988.30,3994.93,3987.08,3994.70,2563,23,0
1783977900,3994.69,3996.81,3994.62,3995.23,2550,23,0
1783978200,3995.22,3998.36,3994.03,3996.93,2544,23,0
1783978500,3996.93,4000.50,3996.92,3998.86,2436,23,0
1783978800,3998.87,4000.68,3998.07,4000.11,2341,23,0
1783979100,4000.11,4001.98,3998.58,4001.75,2290,23,0
1783979400,4001.75,4005.06,4000.52,4003.76,2333,23,0
1783979700,4003.77,4005.07,3998.25,4001.44,2387,23,0
1783980000,4001.43,4004.49,3998.28,4004.28,2353,23,0
1783980300,4004.27,4004.43,3999.18,4000.34,2289,23,0
1783980600,4000.35,4000.35,3997.86,3998.04,2351,23,0
1783980900,3998.05,3999.75,3997.82,3999.29,2261,23,0
1783981200,3999.28,4000.14,3996.82,3999.95,2260,23,0
1783981500,3999.96,4000.81,3998.12,3998.31,2181,23,0
1783981800,3998.32,4001.01,3997.94,3999.11,2568,23,0
1783982100,3999.09,3999.13,3993.49,3995.26,2294,23,0
1783982400,3995.26,3999.33,3995.07,3999.13,2331,23,0
1783982700,3999.13,3999.44,3996.89,3997.07,2285,23,0
1783983000,3997.06,4001.23,3996.90,4000.52,2668,23,0
1783983300,4000.42,4002.31,3999.87,4002.03,2619,23,0
1783983600,4002.02,4004.61,4001.05,4004.49,1452,23,0
1783983900,4004.50,4006.13,4001.72,4002.41,1340,23,0
1783984200,4002.41,4003.02,3998.50,3998.70,1762,23,0
1783984500,3998.69,4000.17,3996.91,3999.55,1529,23,0
1783984800,3999.54,3999.94,3998.10,3998.33,1061,23,0
1783985100,3998.33,4000.21,3998.20,3999.85,859,23,0
1783985400,3999.83,4000.38,3998.21,3998.52,1019,28,0
1783985700,3998.50,3999.40,3997.34,3999.40,972,28,0
1783986000,3999.39,4000.43,3998.50,4000.08,1126,28,0
1783986300,4000.09,4000.45,3998.63,3999.12,935,28,0
1783986600,3999.10,4000.83,3998.00,4000.82,1329,28,0
1783986900,4000.82,4002.12,4000.63,4001.95,849,28,0
1783990800,4001.05,4006.58,3999.92,4001.54,1222,28,0
1783991100,4001.53,4003.73,4001.49,4001.65,881,28,0
1783991400,4001.64,4004.36,4001.59,4003.93,1087,28,0
1783991700,4003.92,4005.82,4003.92,4004.89,1147,28,0
1783992000,4004.89,4005.23,4004.18,4004.18,812,28,0
1783992300,4004.18,4004.89,4004.13,4004.37,565,28,0
1783992600,4004.38,4004.50,4003.16,4003.86,974,23,0
1783992900,4003.89,4005.55,4002.95,4003.44,974,23,0
1783993200,4003.44,4004.29,4003.25,4003.91,781,23,0
1783993500,4003.92,4004.97,4003.34,4003.79,1036,23,0
1783993800,4003.78,4004.13,4002.20,4003.06,1005,23,0
1783994100,4003.07,4003.09,4000.87,4000.91,1113,23,0
1783994400,4000.88,4003.07,4000.33,4000.88,1286,23,0
1783994700,4000.89,4002.86,4000.75,4001.70,1142,23,0
1783995000,4001.70,4002.20,3999.60,4000.26,1045,23,0
1783995300,4000.25,4000.57,3998.78,3999.42,1084,23,0
1783995600,3999.42,4000.28,3997.63,3999.17,1193,23,0
1783995900,3999.16,3999.89,3996.95,3997.45,965,23,0
1783996200,3997.45,3997.45,3993.62,3994.86,1552,23,0
1783996500,3994.86,3995.95,3993.86,3995.73,1204,23,0
1783996800,3995.75,3997.01,3995.09,3995.49,1385,23,0
1783997100,3995.48,3998.93,3992.69,3997.29,1981,23,0
1783997400,3997.28,4000.63,3995.47,3998.92,1788,23,0
1783997700,3998.92,4001.96,3998.20,4001.08,1845,23,0
1783998000,4001.07,4004.68,3993.06,3994.68,3012,23,0
1783998300,3994.40,3995.11,3983.51,3994.79,3215,23,0
1783998600,3994.79,3998.82,3991.26,3995.43,3091,23,0
1783998900,3995.44,3995.99,3987.38,3987.81,3127,23,0
1783999200,3987.79,3990.81,3985.74,3990.27,3217,23,0
1783999500,3990.26,3996.95,3988.98,3995.32,2742,23,0
1783999800,3995.32,4006.52,3994.38,4005.08,3166,23,0
1784000100,4005.00,4007.19,4002.31,4003.41,2792,23,0
1784000400,4003.44,4005.69,3999.18,4002.86,2567,23,0
1784000700,4002.87,4007.21,4000.68,4002.68,2994,23,0
1784001000,4002.65,4005.69,4002.45,4004.33,2597,23,0
1784001300,4004.35,4007.15,4003.09,4004.17,2542,23,0
1784001600,4004.18,4004.27,3992.27,3998.51,3609,23,0
1784001900,3998.63,3999.85,3992.24,3995.01,3113,23,0
1784002200,3995.01,3998.97,3993.09,3995.23,2983,23,0
1784002500,3995.23,4004.81,3995.04,4002.99,2875,23,0
1784002800,4002.98,4003.46,3996.91,3997.50,2525,23,0
1784003100,3997.51,3999.56,3995.59,3997.83,2380,23,0
1784003400,3997.83,4004.08,3996.23,3998.50,2915,23,0
1784003700,3998.54,3998.74,3992.85,3997.58,2654,23,0
1784004000,3997.58,4002.29,3995.15,4002.01,2597,23,0
1784004300,4002.00,4003.89,3998.82,4002.47,2772,23,0
1784004600,4002.46,4005.27,4000.10,4004.03,2576,23,0
1784004900,4004.03,4012.10,4002.18,4010.38,2505,23,0
1784005200,4010.49,4010.94,4005.97,4009.39,2472,23,0
1784005500,4009.39,4013.16,4008.20,4011.84,2621,23,0
1784005800,4011.82,4017.78,4011.25,4016.72,2595,23,0
1784006100,4016.72,4019.03,4015.05,4018.01,2303,23,0
1784006400,4018.00,4018.26,4014.18,4014.54,2110,23,0
1784006700,4014.54,4017.89,4013.85,4017.86,2004,23,0
1784007000,4017.87,4018.99,4013.55,4013.96,2443,23,0
1784007300,4013.96,4015.37,4012.74,4013.85,2192,23,0
1784007600,4013.89,4016.28,4010.61,4010.83,2095,23,0
1784007900,4010.90,4012.80,4009.57,4009.96,2049,23,0
1784008200,4009.96,4011.37,4009.07,4010.78,2216,23,0
1784008500,4010.78,4013.88,4010.44,4012.25,2060,23,0
1784008800,4012.25,4016.53,4012.21,4014.33,2351,23,0
1784009100,4014.49,4016.64,4013.15,4014.26,1948,23,0
1784009400,4014.26,4015.57,4012.08,4013.75,2130,23,0
1784009700,4013.93,4015.43,4012.15,4013.47,2059,23,0
1784010000,4013.48,4016.47,4011.10,4015.77,2016,23,0
1784010300,4015.78,4018.78,4015.25,4017.94,2061,23,0
1784010600,4017.94,4019.01,4014.63,4014.94,2084,23,0
1784010900,4014.93,4017.77,4014.61,4015.23,1860,23,0
1784011200,4015.23,4016.06,4013.81,4015.27,1753,23,0
1784011500,4015.27,4016.71,4014.94,4015.63,1516,23,0
1784011800,4015.58,4018.10,4015.37,4017.64,1564,23,0
1784012100,4017.60,4017.70,4014.58,4016.78,1310,23,0
1784012400,4016.87,4018.78,4015.93,4017.11,1723,23,0
1784012700,4017.12,4017.58,4015.01,4015.15,1410,23,0
1784013000,4015.15,4016.06,4013.48,4015.65,1702,23,0
1784013300,4015.66,4016.25,4014.24,4015.03,1445,23,0
1784013600,4015.00,4016.18,4013.99,4015.51,1299,23,0
1784013900,4015.50,4017.31,4015.34,4015.68,1330,23,0
1784014200,4015.66,4022.75,4015.66,4021.85,1627,23,0
1784014500,4021.85,4023.38,4021.07,4021.93,1485,23,0
1784014800,4021.92,4022.34,4020.54,4020.66,1451,23,0
1784015100,4020.66,4021.02,4017.92,4017.93,1394,23,0
1784015400,4017.93,4020.08,4016.04,4019.84,1542,23,0
1784015700,4019.85,4021.27,4017.69,4020.24,1500,23,0
1784016000,4020.23,4022.81,4019.80,4019.80,1720,23,0
1784016300,4019.75,4023.18,4019.68,4022.78,1351,23,0
1784016600,4022.78,4023.89,4022.38,4023.04,1284,23,0
1784016900,4023.04,4023.98,4019.97,4021.32,1478,23,0
1784017200,4021.32,4022.64,4020.53,4020.80,1496,23,0
1784017500,4020.79,4023.26,4020.40,4022.74,1549,23,0
1784017800,4022.73,4030.10,4022.63,4028.80,2897,23,0
1784018100,4028.67,4030.90,4027.24,4028.02,2233,23,0
1784018400,4028.01,4034.05,4027.71,4032.09,2094,23,0
1784018700,4032.08,4032.51,4029.64,4030.73,2110,23,0
1784019000,4030.68,4031.24,4029.13,4030.82,1992,23,0
1784019300,4030.82,4032.43,4030.24,4031.35,2048,23,0
1784019600,4031.35,4032.23,4029.13,4029.89,2351,23,0
1784019900,4029.88,4031.98,4028.65,4031.81,1980,23,0
1784020200,4031.80,4033.15,4030.53,4030.91,2019,23,0
1784020500,4030.93,4031.13,4028.14,4028.27,1816,23,0
1784020800,4028.26,4029.00,4026.42,4027.75,1919,23,0
1784021100,4027.75,4027.75,4023.00,4023.06,2030,23,0
1784021400,4023.03,4026.13,4022.64,4025.48,2081,23,0
1784021700,4025.50,4026.35,4022.87,4023.91,1964,23,0
1784022000,4023.91,4025.41,4021.74,4025.20,1781,23,0
1784022300,4025.19,4026.06,4023.53,4024.32,1850,23,0
1784022600,4024.32,4026.55,4023.29,4023.40,1760,23,0
1784022900,4023.40,4024.85,4022.95,4023.87,1992,23,0
1784023200,4023.88,4025.78,4020.72,4025.58,2316,23,0
1784023500,4025.56,4028.97,4025.49,4028.95,1881,23,0
1784023800,4028.95,4028.97,4024.43,4024.73,1938,23,0
1784024100,4024.73,4027.72,4024.45,4027.23,1816,23,0
1784024400,4027.24,4029.79,4026.19,4028.54,1906,23,0
1784024700,4028.55,4029.38,4026.00,4026.35,1951,23,0
1784025000,4026.35,4026.61,4022.92,4025.67,2070,23,0
1784025300,4025.66,4029.56,4024.77,4026.42,2082,23,0
1784025600,4026.41,4026.57,4023.06,4023.64,1951,23,0
1784025900,4023.63,4024.20,4022.20,4023.44,2187,23,0
1784026200,4023.44,4026.13,4021.87,4025.26,2290,23,0
1784026500,4025.28,4025.74,4020.13,4020.66,2106,23,0
1784026800,4020.66,4022.48,4017.07,4018.77,2583,23,0
1784027100,4018.77,4020.19,4014.50,4015.95,2592,23,0
1784027400,4015.95,4018.08,4015.95,4017.28,1960,23,0
1784027700,4017.26,4020.91,4017.26,4019.12,1799,23,0
1784028000,4019.12,4020.84,4018.47,4019.70,1825,23,0
1784028300,4019.70,4023.08,4019.38,4021.74,2072,23,0
1784028600,4021.74,4023.80,4018.78,4019.72,1946,23,0
1784028900,4019.71,4021.04,4018.80,4019.39,1858,23,0
1784029200,4019.39,4022.50,4018.77,4019.30,1979,23,0
1784029500,4019.28,4020.88,4018.57,4019.26,1761,23,0
1784029800,4019.24,4020.36,4017.55,4019.51,1780,23,0
1784030100,4019.51,4019.88,4015.85,4015.89,1879,23,0
1784030400,4015.90,4019.97,4013.91,4019.80,2076,23,0
1784030700,4019.80,4021.90,4018.37,4021.16,1741,23,0
1784031000,4021.17,4024.38,4019.88,4020.61,1915,23,0
1784031300,4020.60,4020.76,4018.25,4020.41,1982,23,0
1784031600,4020.40,4021.73,4017.39,4018.42,1940,23,0
1784031900,4018.40,4018.98,4015.06,4015.81,1791,23,0
1784032200,4015.81,4017.28,4013.77,4014.08,2003,23,0
1784032500,4014.07,4016.38,4013.78,4016.10,1677,23,0
1784032800,4016.10,4018.12,4015.72,4017.22,1757,23,0
1784033100,4017.21,4023.84,4016.47,4023.11,2034,23,0
1784033400,4023.12,4023.88,4020.51,4021.00,2082,23,0
1784033700,4021.00,4021.77,4019.25,4021.73,1714,23,0
1784034000,4021.67,4022.19,4018.34,4019.68,1874,23,0
1784034300,4019.67,4020.09,4017.69,4018.07,1508,23,0
1784034600,4018.06,4019.62,4016.84,4018.17,1411,23,0
1784034900,4018.19,4020.00,4017.29,4018.92,1612,23,0
1784035200,4018.92,4019.12,4016.90,4017.45,1438,23,0
1784035500,4017.43,4018.04,4015.69,4017.83,1658,23,0
1784035800,4017.80,4018.81,4015.22,4016.15,1958,23,0
1784036100,4016.15,4019.27,4015.14,4018.98,2060,23,0
1784036400,4019.00,4020.09,4018.25,4019.04,1553,23,0
1784036700,4019.04,4022.07,4018.03,4021.72,1565,23,0
1784037000,4021.69,4021.76,4019.11,4020.22,1520,23,0
1784037300,4020.21,4022.84,4019.59,4021.67,1781,23,0
1784037600,4021.67,4022.90,4019.62,4020.57,2502,23,0
1784037900,4020.56,4021.81,4015.49,4016.33,2150,23,0
1784038200,4016.35,4024.01,4016.27,4022.97,2069,23,0
1784038500,4022.86,4023.90,4020.55,4022.93,1864,23,0
1784038800,4022.92,4028.11,4022.61,4027.80,1964,23,0
1784039100,4027.77,4028.37,4024.71,4024.88,1983,23,0
1784039400,4024.92,4029.03,4024.58,4027.79,2012,23,0
1784039700,4027.78,4030.30,4027.40,4028.48,1794,23,0
1784040000,4028.48,4029.95,4027.16,4028.03,1701,23,0
1784040300,4028.03,4030.56,4025.78,4028.47,1752,23,0
1784040600,4028.48,4029.82,4026.67,4029.15,1784,23,0
1784040900,4029.15,4031.84,4028.83,4031.27,1820,23,0
1784041200,4031.27,4035.81,4029.31,4029.91,2306,23,0
1784041500,4029.90,4030.82,4025.22,4025.79,2139,23,0
1784041800,4025.82,4028.39,4025.29,4025.94,1886,23,0
1784042100,4025.95,4028.55,4024.81,4027.08,1946,23,0
1784042400,4027.09,4028.78,4023.24,4028.73,2635,23,0
1784042700,4028.65,4030.87,4026.79,4029.95,2197,23,0
1784043000,4029.95,4103.10,4029.92,4095.74,3909,23,0
1784043300,4095.88,4100.31,4081.97,4087.03,2791,23,0
1784043600,4086.94,4094.46,4084.42,4092.61,2684,23,0
1784043900,4092.80,4095.21,4082.48,4085.10,2569,23,0
1784044200,4085.10,4085.13,4072.65,4073.24,2491,23,0
1784044500,4073.26,4077.11,4069.00,4076.24,2394,23,0
1784044800,4076.22,4083.33,4072.07,4072.65,2659,23,0
1784045100,4072.66,4080.21,4070.90,4077.35,2381,23,0
1784045400,4077.33,4080.19,4071.82,4074.96,2411,23,0
1784045700,4074.99,4080.31,4074.03,4076.12,2270,23,0
1784046000,4076.16,4086.27,4072.13,4083.95,2328,23,0
1784046300,4083.95,4085.96,4081.24,4081.47,2278,23,0
1784046600,4081.52,4084.74,4075.83,4080.39,2609,23,0
1784046900,4080.28,4088.50,4078.59,4086.45,2567,23,0
1784047200,4086.57,4088.53,4082.60,4087.51,2593,23,0
1784047500,4087.46,4087.46,4080.47,4083.10,2507,23,0
1784047800,4083.12,4085.02,4074.25,4076.46,2476,23,0
1784048100,4076.44,4078.79,4074.54,4076.60,2317,23,0
1784048400,4076.60,4080.30,4073.56,4073.92,3214,23,0
1784048700,4073.90,4081.31,4072.64,4079.91,3406,23,0
1784049000,4079.91,4085.15,4077.14,4082.26,3215,23,0
1784049300,4082.26,4082.27,4070.71,4073.21,3622,23,0
1784049600,4073.21,4085.06,4073.08,4078.60,3435,23,0
1784049900,4078.58,4078.83,4074.01,4076.91,3378,23,0
1784050200,4076.88,4090.14,4073.21,4080.17,3413,23,0
1784050500,4080.15,4081.17,4074.63,4079.68,3470,23,0
1784050800,4079.66,4082.67,4078.59,4080.04,3238,23,0
1784051100,4080.04,4082.66,4078.93,4078.97,3170,23,0
1784051400,4078.97,4083.94,4077.62,4082.44,3009,23,0
1784051700,4082.44,4087.55,4081.16,4085.11,2861,23,0
1784052000,4085.12,4092.71,4078.74,4088.88,3212,23,0
1784052300,4088.77,4100.42,4086.44,4095.73,3696,23,0
1784052600,4095.94,4097.39,4089.29,4090.12,3082,23,0
1784052900,4090.13,4090.97,4085.71,4086.92,3020,23,0
1784053200,4086.93,4090.23,4085.48,4087.10,2599,23,0
1784053500,4087.09,4087.24,4082.50,4084.79,2527,23,0
1784053800,4084.88,4086.85,4080.67,4081.36,2879,23,0
1784054100,4081.37,4082.31,4075.72,4076.11,2961,23,0
1784054400,4076.09,4077.10,4066.81,4074.14,3386,23,0
1784054700,4074.14,4076.49,4071.05,4071.55,2947,23,0
1784055000,4071.35,4072.21,4066.22,4067.03,3202,23,0
1784055300,4067.05,4068.33,4064.63,4066.19,2919,23,0
1784055600,4066.22,4066.94,4062.50,4063.99,2944,23,0
1784055900,4063.97,4064.49,4057.93,4060.37,2936,23,0
1784056200,4060.38,4064.89,4060.38,4063.01,2742,23,0
1784056500,4063.01,4064.99,4060.86,4062.92,2346,23,0
1784056800,4062.91,4063.63,4057.98,4060.85,2291,23,0
1784057100,4060.82,4062.15,4058.43,4059.39,2066,23,0
1784057400,4059.38,4062.79,4058.81,4059.85,2496,23,0
1784057700,4059.83,4061.15,4057.72,4060.01,2345,23,0
1784058000,4059.99,4062.58,4059.20,4060.98,2022,23,0
1784058300,4060.95,4061.98,4057.76,4059.72,2165,23,0
1784058600,4059.72,4061.24,4058.46,4060.21,1859,23,0
1784058900,4060.21,4062.19,4059.60,4061.53,1886,23,0
1784059200,4061.53,4064.57,4059.62,4060.29,2282,23,0
1784059500,4060.29,4060.91,4057.06,4059.40,2115,23,0
1784059800,4059.39,4059.71,4055.47,4056.62,2239,23,0
1784060100,4056.62,4057.11,4054.41,4056.80,2303,23,0
1784060400,4056.79,4061.39,4056.25,4060.87,2129,23,0
1784060700,4060.86,4064.04,4060.13,4062.83,2244,23,0
1784061000,4062.80,4065.06,4061.60,4062.06,2044,23,0
1784061300,4062.06,4062.70,4060.88,4062.01,1822,23,0
1784061600,4062.00,4062.59,4059.53,4059.74,1827,23,0
1784061900,4059.72,4061.90,4058.30,4061.66,1832,23,0
1784062200,4061.64,4063.41,4061.64,4063.06,1600,23,0
1784062500,4063.06,4063.83,4062.36,4062.77,1679,23,0
1784062800,4062.76,4062.83,4059.68,4062.00,1971,23,0
1784063100,4062.00,4062.26,4060.29,4060.61,1810,23,0
1784063400,4060.61,4061.68,4059.77,4061.60,1693,23,0
1784063700,4061.60,4063.09,4060.93,4062.81,1886,23,0
1784064000,4062.82,4062.82,4057.04,4057.16,1803,23,0
1784064300,4057.12,4059.04,4056.61,4058.47,1750,23,0
1784064600,4058.50,4059.53,4055.34,4056.60,1710,23,0
1784064900,4056.61,4056.71,4052.19,4053.07,1871,23,0
1784065200,4053.07,4054.30,4042.82,4046.52,3000,23,0
1784065500,4046.53,4050.55,4044.77,4049.32,2307,23,0
1784065800,4049.31,4051.68,4046.91,4051.68,2007,23,0
1784066100,4051.68,4054.61,4051.18,4054.09,2090,23,0
1784066400,4054.13,4054.85,4052.34,4053.04,2212,23,0
1784066700,4053.04,4054.85,4052.36,4054.38,1674,23,0
1784067000,4054.38,4057.22,4053.28,4056.55,1758,23,0
1784067300,4056.55,4056.92,4055.25,4056.44,1755,23,0
1784067600,4056.46,4056.46,4052.29,4052.53,1750,23,0
1784067900,4052.53,4053.37,4051.31,4051.61,1956,23,0
1784068200,4051.61,4051.64,4047.58,4050.29,2416,23,0
1784068500,4050.30,4052.15,4049.43,4051.06,1773,23,0
1784068800,4051.06,4052.78,4050.27,4052.51,1808,23,0
1784069100,4052.56,4054.54,4052.19,4052.53,1653,23,0
1784069400,4052.55,4056.76,4051.64,4055.44,2047,23,0
1784069700,4055.44,4056.90,4054.68,4055.73,2303,23,0
1784070000,4055.72,4056.38,4054.13,4054.65,1266,23,0
1784070300,4054.67,4055.53,4054.48,4054.63,885,23,0
1784070600,4054.63,4055.43,4053.79,4053.79,833,23,0
1784070900,4053.79,4054.50,4052.60,4052.67,738,23,0
1784071200,4052.67,4053.83,4052.20,4053.81,690,23,0
1784071500,4053.80,4054.04,4052.73,4052.88,868,23,0
1784071800,4052.85,4053.39,4051.28,4051.43,812,28,0
1784072100,4051.43,4052.07,4050.13,4050.43,844,28,0
1784072400,4050.43,4051.77,4049.64,4050.48,699,28,0
1784072700,4050.48,4051.17,4049.33,4050.07,820,28,0
1784073000,4050.08,4052.80,4049.23,4052.27,905,28,0
1784073300,4052.27,4052.97,4052.06,4052.60,512,28,0
1784077200,4053.55,4053.55,4051.38,4052.89,1073,28,0
1784077500,4052.89,4052.91,4051.24,4051.67,580,28,0
1784077800,4051.67,4051.67,4048.91,4050.66,1218,28,0
1784078100,4050.67,4050.86,4049.16,4050.36,1163,28,0
1784078400,4050.38,4052.01,4049.57,4050.34,1181,28,0
1784078700,4050.34,4051.83,4049.50,4051.65,1035,28,0
1784079000,4051.67,4052.73,4051.49,4052.21,982,23,0
1784079300,4052.21,4052.71,4050.21,4050.77,1061,23,0
1784079600,4050.77,4052.19,4048.96,4050.53,1113,23,0
1784079900,4050.53,4050.68,4048.54,4049.12,994,23,0
1784080200,4049.12,4050.30,4048.56,4049.43,663,23,0
1784080500,4049.43,4049.69,4048.81,4048.94,573,23,0
1784080800,4048.94,4050.22,4048.35,4049.36,946,23,0
1784081100,4049.37,4049.69,4048.38,4049.53,883,23,0
1784081400,4049.53,4049.53,4047.00,4047.56,929,23,0
1784081700,4047.56,4048.54,4046.74,4047.96,878,23,0
1784082000,4047.95,4050.36,4047.95,4049.69,931,23,0
1784082300,4049.69,4053.89,4049.41,4053.88,1193,23,0
1784082600,4053.87,4054.94,4051.46,4054.77,1574,23,0
1784082900,4054.77,4056.09,4052.96,4053.57,1453,23,0
1784083200,4053.57,4055.34,4053.20,4054.65,1097,23,0
1784083500,4054.68,4055.02,4052.55,4052.94,1291,23,0
1784083800,4052.94,4054.21,4052.41,4054.19,889,23,0
1784084100,4054.19,4054.49,4052.00,4053.00,1667,23,0
1784084400,4053.02,4056.14,4051.08,4054.89,2335,23,0
1784084700,4054.87,4055.71,4052.59,4054.06,2217,23,0
1784085000,4054.06,4055.06,4051.05,4051.27,2048,23,0
1784085300,4051.27,4056.16,4051.09,4052.06,2077,23,0
1784085600,4052.06,4056.56,4051.49,4055.57,2086,23,0
1784085900,4055.58,4058.14,4054.95,4058.13,1953,23,0
1784086200,4058.17,4058.53,4055.25,4055.80,1565,23,0
1784086500,4055.80,4056.53,4052.19,4054.24,1869,23,0
1784086800,4054.23,4054.80,4052.84,4054.58,1770,23,0
1784087100,4054.59,4056.89,4054.19,4054.98,1656,23,0
1784087400,4054.98,4057.98,4054.77,4057.78,1576,23,0
1784087700,4057.78,4060.58,4057.51,4058.98,1787,23,0
1784088000,4058.98,4062.09,4055.46,4058.23,2917,23,0
1784088300,4058.15,4061.69,4055.11,4056.38,2566,23,0
1784088600,4056.38,4059.14,4055.21,4055.71,2371,23,0
1784088900,4055.70,4057.23,4053.71,4055.51,2471,23,0
1784089200,4055.52,4055.90,4052.64,4053.89,2569,23,0
1784089500,4053.88,4056.78,4053.76,4054.40,2152,23,0
1784089800,4054.40,4054.69,4047.06,4050.77,2800,23,0
1784090100,4050.78,4050.78,4045.52,4046.32,2361,23,0
1784090400,4046.34,4046.37,4036.54,4038.81,2683,23,0
1784090700,4038.79,4042.51,4037.81,4041.45,2412,23,0
1784091000,4041.45,4041.47,4037.94,4041.03,2290,23,0
1784091300,4041.03,4041.18,4035.60,4037.32,2208,23,0
1784091600,4037.33,4040.09,4034.02,4039.00,2357,23,0
1784091900,4039.00,4041.86,4038.34,4040.75,2243,23,0
1784092200,4040.76,4042.20,4035.65,4036.69,2383,23,0
1784092500,4036.69,4036.86,4029.55,4030.20,2181,23,0
1784092800,4030.20,4032.56,4029.18,4031.66,1816,23,0
1784093100,4031.67,4033.42,4030.25,4033.10,1553,23,0
1784093400,4033.10,4036.27,4032.74,4035.77,2262,23,0
1784093700,4035.77,4037.86,4035.67,4037.77,1837,23,0
1784094000,4037.77,4041.88,4037.08,4041.62,1843,23,0
1784094300,4041.63,4041.92,4038.99,4039.92,1606,23,0
1784094600,4039.93,4039.94,4034.43,4035.13,1974,23,0
1784094900,4035.13,4039.52,4035.03,4035.26,2039,23,0
1784095200,4035.27,4040.13,4034.52,4039.45,2075,23,0
1784095500,4039.46,4040.29,4036.02,4036.68,1775,23,0
1784095800,4036.69,4037.08,4032.94,4034.04,1809,23,0
1784096100,4034.04,4035.30,4031.86,4032.38,1958,23,0
1784096400,4032.41,4033.26,4030.65,4030.98,1760,23,0
1784096700,4030.98,4032.72,4030.14,4030.93,1984,23,0
1784097000,4030.95,4033.58,4028.07,4033.38,1769,23,0
1784097300,4033.38,4035.68,4032.47,4032.51,1360,23,0
1784097600,4032.51,4032.76,4028.30,4029.27,1610,23,0
1784097900,4029.28,4032.17,4029.15,4032.12,1402,23,0
1784098200,4032.10,4033.49,4031.06,4031.14,1286,23,0
1784098500,4031.15,4032.09,4030.77,4031.21,1008,23,0
1784098800,4031.21,4033.22,4030.66,4031.33,1189,23,0
1784099100,4031.34,4032.32,4030.02,4031.98,1146,23,0
1784099400,4031.99,4033.11,4031.51,4031.52,1189,23,0
1784099700,4031.52,4034.09,4030.91,4034.02,1182,23,0
1784100000,4034.02,4034.05,4032.35,4033.11,1170,23,0
1784100300,4033.11,4035.11,4032.93,4033.63,1299,23,0
1784100600,4033.62,4035.02,4031.66,4031.70,1158,23,0
1784100900,4031.70,4032.79,4030.45,4030.94,1230,23,0
1784101200,4030.93,4032.01,4028.20,4030.24,1460,23,0
1784101500,4030.24,4034.30,4030.24,4031.54,1257,23,0
1784101800,4031.55,4034.35,4031.54,4032.72,883,23,0
1784102100,4032.72,4033.39,4031.79,4033.10,992,23,0
1784102400,4033.11,4036.03,4031.50,4031.84,2096,23,0
1784102700,4031.98,4033.16,4029.14,4031.09,1913,23,0
1784103000,4031.09,4031.47,4025.14,4026.10,1772,23,0
1784103300,4026.10,4028.46,4025.63,4027.73,1451,23,0
1784103600,4027.72,4028.64,4026.13,4027.35,1523,23,0
1784103900,4027.36,4027.38,4024.75,4025.06,1632,23,0
1784104200,4025.06,4029.18,4022.18,4028.02,2538,23,0
1784104500,4028.02,4031.88,4027.07,4031.41,2164,23,0
1784104800,4031.39,4036.53,4029.39,4029.64,2273,23,0
1784105100,4029.65,4029.93,4027.37,4029.10,2071,23,0
1784105400,4029.08,4030.56,4027.92,4030.48,1833,23,0
1784105700,4030.48,4034.89,4028.12,4034.80,1859,23,0
1784106000,4034.78,4035.54,4030.76,4031.23,2035,23,0
1784106300,4031.22,4031.68,4027.78,4029.93,2066,23,0
1784106600,4029.93,4030.14,4027.15,4027.57,1999,23,0
1784106900,4027.57,4027.91,4023.57,4026.75,2213,23,0
1784107200,4026.76,4027.18,4021.27,4026.39,2207,23,0
1784107500,4026.41,4028.63,4025.59,4026.38,1940,23,0
1784107800,4026.45,4028.18,4022.64,4028.06,2227,23,0
1784108100,4028.06,4030.79,4027.10,4029.11,1773,23,0
1784108400,4029.11,4033.12,4028.27,4032.49,1879,23,0
1784108700,4032.49,4032.55,4029.71,4030.03,1902,23,0
1784109000,4030.02,4033.78,4029.88,4032.34,2145,23,0
1784109300,4032.34,4032.75,4030.69,4032.07,2129,23,0
1784109600,4032.09,4034.26,4029.19,4032.74,2236,23,0
1784109900,4032.73,4032.74,4029.19,4029.39,1896,23,0
1784110200,4029.38,4031.11,4028.22,4029.35,1614,23,0
1784110500,4029.36,4029.88,4028.06,4029.25,1804,23,0
1784110800,4029.25,4029.76,4025.38,4025.99,2088,23,0
1784111100,4026.02,4026.28,4020.03,4024.18,2410,23,0
1784111400,4023.93,4026.96,4021.97,4023.71,2092,23,0
1784111700,4023.73,4023.73,4019.76,4020.48,1880,23,0
1784112000,4020.48,4022.82,4019.73,4022.81,1991,23,0
1784112300,4022.82,4026.39,4021.31,4024.64,1740,23,0
1784112600,4024.65,4025.85,4022.44,4025.62,1730,23,0
1784112900,4025.60,4026.74,4023.50,4024.45,1781,23,0
1784113200,4024.43,4025.94,4020.40,4024.88,2382,23,0
1784113500,4024.87,4025.57,4022.04,4022.42,1891,23,0
1784113800,4022.42,4023.41,4017.37,4017.94,1954,23,0
1784114100,4017.94,4025.33,4017.87,4024.14,2040,23,0
1784114400,4024.15,4025.17,4022.49,4024.53,2050,23,0
1784114700,4024.53,4026.81,4022.79,4026.40,2130,23,0
1784115000,4026.56,4029.21,4025.82,4027.89,2165,23,0
1784115300,4027.92,4028.31,4024.63,4026.48,1658,23,0
1784115600,4026.48,4028.61,4026.25,4028.57,1508,23,0
1784115900,4028.57,4030.10,4027.65,4029.61,1636,23,0
1784116200,4029.61,4030.96,4028.81,4030.58,1417,23,0
1784116500,4030.58,4033.18,4029.62,4031.18,1496,23,0
1784116800,4031.19,4034.25,4030.88,4033.29,1824,23,0
1784117100,4033.29,4034.05,4030.26,4032.49,2045,23,0
1784117400,4032.46,4033.17,4029.56,4030.29,1673,23,0
1784117700,4030.29,4031.23,4028.86,4031.18,1600,23,0
1784118000,4031.18,4032.88,4029.44,4029.83,1533,23,0
1784118300,4029.83,4029.83,4026.98,4027.41,1557,23,0
1784118600,4027.41,4029.58,4026.51,4026.74,1713,23,0
1784118900,4026.74,4027.61,4025.52,4026.29,1485,23,0
1784119200,4026.29,4028.02,4026.29,4027.31,1288,23,0
1784119500,4027.31,4028.50,4026.36,4028.44,1349,23,0
1784119800,4028.44,4028.59,4026.97,4028.57,1478,23,0
1784120100,4028.52,4030.32,4026.15,4030.24,1584,23,0
1784120400,4030.24,4031.51,4028.74,4030.41,1602,23,0
1784120700,4030.42,4032.93,4028.68,4030.47,1738,23,0
1784121000,4030.47,4035.98,4029.62,4033.72,1656,23,0
1784121300,4033.72,4033.91,4031.69,4032.20,1463,23,0
1784121600,4032.19,4035.47,4028.94,4029.33,2080,23,0
1784121900,4029.33,4030.08,4026.56,4028.84,2089,23,0
1784122200,4028.84,4031.13,4028.39,4030.31,1825,23,0
1784122500,4030.31,4034.07,4030.06,4033.66,1597,23,0
1784122800,4033.66,4033.71,4030.18,4031.17,1485,23,0
1784123100,4031.16,4031.21,4027.20,4028.51,1587,23,0
1784123400,4028.52,4028.99,4027.60,4028.97,1366,23,0
1784123700,4028.93,4029.01,4027.06,4028.13,1611,23,0
1784124000,4028.14,4031.49,4027.85,4028.94,1886,23,0
1784124300,4028.94,4031.70,4028.41,4031.26,1914,23,0
1784124600,4031.26,4032.89,4030.23,4030.33,1613,23,0
1784124900,4030.32,4030.57,4027.61,4029.40,1808,23,0
1784125200,4029.35,4030.47,4028.50,4030.04,1672,23,0
1784125500,4030.04,4031.22,4028.78,4030.72,1579,23,0
1784125800,4030.72,4033.60,4029.29,4033.22,1564,23,0
1784126100,4033.23,4035.53,4031.95,4035.32,1569,23,0
1784126400,4035.32,4039.38,4035.20,4037.43,1829,23,0
1784126700,4037.43,4038.80,4035.61,4036.42,1626,23,0
1784127000,4036.43,4040.13,4035.68,4036.37,2121,23,0
1784127300,4036.37,4039.17,4035.94,4038.33,1813,23,0
1784127600,4038.33,4042.56,4038.05,4041.02,2009,23,0
1784127900,4040.99,4040.99,4037.14,4037.32,1960,23,0
1784128200,4037.31,4039.08,4035.90,4037.87,1933,23,0
1784128500,4037.88,4040.68,4037.88,4039.18,2068,23,0
1784128800,4039.19,4040.76,4038.15,4039.35,2289,23,0
1784129100,4039.33,4040.20,4037.52,4039.83,2374,23,0
1784129400,4039.57,4054.55,4039.47,4054.27,3402,23,0
1784129700,4054.26,4066.07,4053.74,4063.58,3055,23,0
1784130000,4063.57,4063.75,4057.37,4063.06,2935,23,0
1784130300,4063.05,4065.28,4061.01,4064.65,2589,23,0
1784130600,4064.41,4066.48,4062.11,4063.52,2260,23,0
1784130900,4063.55,4071.46,4061.55,4067.76,2621,23,0
1784131200,4067.77,4072.71,4064.62,4072.20,3236,23,0
1784131500,4072.20,4074.02,4069.54,4069.57,3131,23,0
1784131800,4069.56,4070.03,4061.72,4061.75,2846,23,0
1784132100,4061.74,4066.53,4061.18,4065.79,2313,23,0
1784132400,4065.78,4065.80,4061.11,4061.83,2276,23,0
1784132700,4061.83,4061.89,4054.15,4055.94,2668,23,0
1784133000,4055.90,4061.36,4055.49,4060.29,2926,23,0
1784133300,4060.30,4062.47,4057.39,4061.21,2869,23,0
1784133600,4061.18,4063.08,4058.28,4061.18,2435,23,0
1784133900,4061.18,4061.91,4054.91,4056.61,2784,23,0
1784134200,4056.63,4060.41,4055.13,4059.16,2933,23,0
1784134500,4059.17,4066.30,4057.63,4061.52,3225,23,0
1784134800,4061.57,4065.39,4060.05,4063.15,2735,23,0
1784135100,4063.13,4065.35,4062.14,4062.96,2975,23,0
1784135400,4062.96,4065.57,4062.26,4064.23,2703,23,0
1784135700,4064.24,4065.91,4060.62,4062.91,2608,23,0
1784136000,4062.90,4063.17,4055.72,4057.70,3129,23,0
1784136300,4057.65,4059.63,4055.51,4058.20,3078,23,0
1784136600,4058.37,4063.23,4057.64,4062.08,3003,23,0
1784136900,4062.11,4063.93,4060.94,4062.06,2842,23,0
1784137200,4062.05,4062.91,4056.95,4057.23,2864,23,0
1784137500,4057.22,4060.40,4053.25,4059.91,2943,23,0
1784137800,4059.91,4060.13,4054.66,4056.01,2911,23,0
1784138100,4056.05,4060.89,4055.74,4060.36,2774,23,0
1784138400,4060.39,4062.91,4058.21,4059.11,2874,23,0
1784138700,4059.11,4059.26,4054.30,4054.56,2672,23,0
1784139000,4054.56,4054.80,4043.20,4044.10,2976,23,0
1784139300,4044.09,4046.85,4043.18,4046.12,3267,23,0
1784139600,4046.11,4046.25,4039.55,4045.03,3052,23,0
1784139900,4045.00,4049.79,4044.35,4049.03,2914,23,0
1784140200,4049.05,4049.66,4044.80,4048.32,2850,23,0
1784140500,4048.39,4049.13,4046.66,4048.66,2726,23,0
1784140800,4048.68,4050.50,4048.39,4049.61,2433,23,0
1784141100,4049.58,4050.81,4048.02,4049.62,2353,23,0
1784141400,4049.62,4050.59,4046.80,4050.52,2239,23,0
1784141700,4050.49,4050.50,4046.36,4046.92,2358,23,0
1784142000,4046.93,4047.82,4042.66,4043.33,2660,23,0
1784142300,4043.33,4044.46,4041.71,4042.01,2494,23,0
1784142600,4042.01,4042.50,4037.36,4038.32,2609,23,0
1784142900,4038.33,4040.70,4033.02,4033.82,2719,23,0
1784143200,4033.83,4037.78,4033.06,4035.71,2737,23,0
1784143500,4035.70,4037.81,4032.95,4034.77,2794,23,0
1784143800,4034.76,4036.97,4030.92,4030.94,2867,23,0
1784144100,4030.92,4031.41,4027.23,4030.31,2868,23,0
1784144400,4030.31,4031.74,4026.90,4028.76,2671,23,0
1784144700,4028.76,4036.93,4027.64,4035.65,3003,23,0
1784145000,4035.66,4038.01,4033.78,4034.19,2536,23,0
1784145300,4034.20,4034.20,4029.45,4033.74,2618,23,0
1784145600,4033.74,4038.76,4032.96,4037.85,2627,23,0
1784145900,4037.86,4039.12,4036.67,4036.72,2251,23,0
1784146200,4036.72,4038.90,4035.80,4035.89,2264,23,0
1784146500,4035.90,4036.81,4033.17,4035.81,2131,23,0
1784146800,4035.73,4039.01,4035.61,4037.81,2165,23,0
1784147100,4037.80,4048.12,4037.76,4047.50,2429,23,0
1784147400,4047.50,4055.74,4047.11,4054.78,2946,23,0
1784147700,4054.84,4060.06,4053.54,4056.97,2670,23,0
1784148000,4057.00,4063.01,4056.66,4062.32,2500,23,0
1784148300,4062.30,4065.99,4061.32,4065.15,2553,23,0
1784148600,4065.15,4065.16,4061.82,4063.27,2500,23,0
1784148900,4063.27,4063.94,4060.29,4062.24,2159,23,0
1784149200,4062.24,4068.72,4061.75,4067.99,2328,23,0
1784149500,4067.99,4070.24,4066.05,4067.18,2429,23,0
1784149800,4067.11,4068.35,4065.59,4067.90,2245,23,0
1784150100,4067.89,4070.15,4066.72,4069.77,2404,23,0
1784150400,4069.77,4071.83,4068.88,4070.82,2352,23,0
1784150700,4070.83,4075.22,4069.52,4074.22,2295,23,0
1784151000,4074.22,4081.15,4072.35,4072.71,2621,23,0
1784151300,4072.72,4073.42,4070.58,4070.82,2163,23,0
1784151600,4070.83,4071.04,4067.67,4067.68,2121,23,0
1784151900,4067.65,4068.56,4064.53,4064.53,2504,23,0
1784152200,4064.55,4064.63,4062.47,4063.30,2278,23,0
1784152500,4063.29,4064.69,4058.01,4059.10,2260,23,0
1784152800,4059.08,4062.88,4057.29,4061.00,2171,23,0
1784153100,4061.00,4061.43,4058.71,4060.67,2116,23,0
1784153400,4060.67,4062.47,4059.24,4060.93,1986,23,0
1784153700,4060.94,4061.41,4056.62,4056.73,2004,23,0
1784154000,4056.72,4056.72,4052.89,4054.66,2023,23,0
1784154300,4054.65,4057.88,4054.56,4056.00,1841,23,0
1784154600,4056.02,4057.54,4048.81,4049.60,2676,23,0
1784154900,4049.59,4052.09,4047.91,4050.53,2501,23,0
1784155200,4050.47,4052.95,4050.08,4051.07,2130,23,0
1784155500,4051.07,4053.26,4050.61,4052.09,2004,23,0
1784155800,4052.08,4054.54,4051.24,4053.38,2209,23,0
1784156100,4053.38,4057.19,4052.50,4057.02,2315,23,0
1784156400,4056.98,4058.35,4055.15,4058.05,1446,23,0
1784156700,4058.05,4058.08,4056.24,4056.91,1028,23,0
1784157000,4056.88,4057.73,4056.48,4057.43,1017,23,0
1784157300,4057.45,4060.06,4057.28,4059.29,932,23,0
1784157600,4059.29,4061.88,4059.09,4060.35,986,23,0
1784157900,4060.33,4062.10,4060.05,4061.30,879,23,0
1784158200,4061.28,4061.44,4060.32,4060.47,817,28,0
1784158500,4060.46,4063.06,4060.46,4062.94,804,28,0
1784158800,4062.92,4062.94,4060.81,4061.67,669,28,0
1784159100,4061.68,4061.94,4060.97,4061.37,691,28,0
1784159400,4061.38,4062.88,4060.53,4060.99,843,28,0
1784159700,4060.99,4061.33,4059.85,4059.95,427,28,0
1784163600,4062.69,4066.69,4060.82,4061.13,1533,28,0
1784163900,4061.14,4064.23,4061.14,4063.30,980,28,0
1784164200,4063.30,4064.69,4063.14,4063.49,900,28,0
1784164500,4063.49,4064.14,4062.68,4063.49,959,28,0
1784164800,4063.49,4063.79,4062.07,4062.07,1016,28,0
1784165100,4062.07,4062.51,4061.39,4062.16,1096,28,0
1784165400,4062.18,4062.35,4060.46,4060.53,989,23,0
1784165700,4060.55,4061.31,4059.10,4059.83,943,23,0
1784166000,4059.83,4060.60,4059.32,4060.10,895,23,0
1784166300,4060.09,4060.96,4059.10,4059.70,801,23,0
1784166600,4059.70,4059.90,4058.26,4059.63,969,23,0
1784166900,4059.63,4061.38,4059.26,4059.61,1070,23,0
1784167200,4059.57,4061.80,4058.90,4059.81,1026,23,0
1784167500,4059.80,4062.04,4059.42,4061.38,920,23,0
1784167800,4061.38,4061.49,4059.09,4060.29,1102,23,0
1784168100,4060.30,4060.39,4057.90,4059.05,1057,23,0
1784168400,4059.05,4059.17,4057.09,4057.23,876,23,0
1784168700,4057.22,4059.33,4057.03,4057.72,1093,23,0
1784169000,4057.72,4058.43,4056.07,4057.95,871,23,0
1784169300,4057.95,4059.28,4056.82,4057.08,987,23,0
1784169600,4057.08,4058.21,4055.64,4057.74,1172,23,0
1784169900,4057.74,4059.59,4056.21,4058.42,1517,23,0
1784170200,4058.42,4060.75,4056.71,4058.06,1490,23,0
1784170500,4058.14,4059.30,4057.70,4057.77,1719,23,0
1784170800,4057.81,4059.44,4056.33,4057.81,2353,23,0
1784171100,4057.80,4058.17,4054.87,4055.38,1822,23,0
1784171400,4055.38,4057.13,4054.84,4056.33,1866,23,0
1784171700,4056.32,4057.55,4055.89,4056.75,1928,23,0
1784172000,4056.74,4060.31,4055.02,4058.51,1952,23,0
1784172300,4058.50,4060.18,4057.74,4058.34,1857,23,0
1784172600,4058.33,4060.76,4058.22,4060.69,2078,23,0
1784172900,4060.70,4061.23,4058.33,4058.35,1814,23,0
1784173200,4058.35,4058.55,4054.12,4055.08,1806,23,0
1784173500,4055.07,4059.96,4054.93,4059.20,2007,23,0
1784173800,4059.21,4060.94,4053.19,4053.31,2248,23,0
1784174100,4053.31,4053.65,4043.88,4044.59,2429,23,0
1784174400,4044.58,4050.51,4041.06,4044.80,3459,23,0
1784174700,4044.72,4046.68,4042.44,4045.66,3009,23,0
1784175000,4045.67,4048.96,4042.35,4045.16,2672,23,0
1784175300,4045.17,4045.29,4039.11,4040.79,2827,23,0
1784175600,4040.78,4043.98,4035.65,4037.63,2523,23,0
1784175900,4037.65,4038.94,4033.88,4036.80,2758,23,0
1784176200,4036.77,4041.55,4036.60,4041.37,2642,23,0
1784176500,4041.42,4044.96,4040.52,4044.45,2426,23,0
1784176800,4044.46,4045.97,4041.16,4042.14,2360,23,0
1784177100,4042.14,4043.74,4039.95,4041.30,2282,23,0
1784177400,4041.32,4041.32,4037.19,4038.76,2542,23,0
1784177700,4038.76,4041.02,4038.24,4039.04,2034,23,0
1784178000,4039.03,4040.06,4036.18,4036.18,2100,23,0
1784178300,4036.14,4036.76,4032.69,4032.99,2232,23,0
1784178600,4033.00,4035.37,4031.26,4032.55,2075,23,0
1784178900,4032.55,4033.22,4028.91,4033.15,1892,23,0
1784179200,4033.15,4035.00,4031.57,4033.22,1949,23,0
1784179500,4033.22,4034.97,4032.14,4034.65,1826,23,0
1784179800,4034.64,4035.79,4030.31,4031.69,2489,23,0
1784180100,4031.70,4033.05,4026.08,4027.30,2298,23,0
1784180400,4027.29,4028.40,4024.27,4027.74,2459,23,0
1784180700,4027.74,4030.19,4027.44,4029.40,2258,23,0
1784181000,4029.40,4029.73,4024.69,4029.39,2298,23,0
1784181300,4029.40,4032.49,4028.70,4031.44,1934,23,0
1784181600,4031.43,4032.02,4030.16,4030.70,1989,23,0
1784181900,4030.70,4032.98,4030.38,4032.65,1942,23,0
1784182200,4032.65,4033.07,4029.27,4029.83,2131,23,0
1784182500,4029.84,4031.56,4029.18,4029.93,2031,23,0
1784182800,4029.94,4030.76,4027.76,4029.07,2199,23,0
1784183100,4029.07,4034.03,4028.96,4033.92,2020,23,0
1784183400,4033.93,4034.39,4032.40,4033.89,2020,23,0
1784183700,4033.89,4034.93,4033.14,4033.36,1661,23,0
1784184000,4033.29,4036.28,4033.29,4035.45,1581,23,0
1784184300,4035.47,4035.60,4034.15,4034.79,1402,23,0
1784184600,4034.80,4036.70,4034.68,4035.71,1511,23,0
1784184900,4035.72,4036.87,4035.34,4036.27,1515,23,0
1784185200,4036.26,4036.63,4033.58,4033.83,1426,23,0
1784185500,4033.80,4034.16,4031.94,4032.01,1414,23,0
1784185800,4032.02,4037.90,4031.93,4036.88,1397,23,0
1784186100,4036.88,4036.90,4032.78,4033.31,1141,23,0
1784186400,4033.31,4035.33,4032.80,4033.43,1171,23,0
1784186700,4033.43,4033.95,4031.95,4033.89,1347,23,0
1784187000,4033.89,4035.34,4031.98,4032.93,1210,23,0
1784187300,4032.94,4034.00,4032.55,4033.48,1149,23,0
1784187600,4033.48,4034.30,4032.55,4032.60,1166,23,0
1784187900,4032.59,4035.27,4032.31,4034.45,1327,23,0
1784188200,4034.47,4035.02,4034.12,4034.87,1066,23,0
1784188500,4034.87,4034.87,4033.10,4033.18,1278,23,0
1784188800,4033.19,4033.95,4030.89,4031.91,1597,23,0
1784189100,4031.91,4032.50,4030.60,4031.44,1365,23,0
1784189400,4031.45,4031.45,4029.38,4030.81,1584,23,0
1784189700,4030.81,4033.01,4028.86,4029.29,1681,23,0
1784190000,4029.29,4029.49,4027.11,4027.21,1669,23,0
1784190300,4027.21,4029.36,4026.69,4027.68,1608,23,0
1784190600,4027.69,4031.78,4025.25,4030.14,2757,23,0
1784190900,4030.13,4030.93,4027.51,4029.61,2549,23,0
1784191200,4029.61,4033.08,4026.78,4032.46,2487,23,0
1784191500,4032.46,4032.88,4027.28,4027.61,2313,23,0
1784191800,4027.60,4030.64,4025.52,4026.90,2405,23,0
1784192100,4026.90,4029.16,4026.82,4027.32,2332,23,0
1784192400,4027.29,4033.05,4027.00,4031.15,2581,23,0
1784192700,4031.16,4036.45,4031.16,4034.91,2646,23,0
1784193000,4034.92,4035.00,4030.89,4032.13,2325,23,0
1784193300,4032.15,4032.85,4028.06,4029.33,2117,23,0
1784193600,4029.38,4031.72,4027.91,4031.59,1991,23,0
1784193900,4031.60,4032.03,4030.30,4030.36,1885,23,0
1784194200,4030.34,4030.68,4026.69,4026.84,2191,23,0
1784194500,4026.83,4026.92,4023.01,4026.73,2769,23,0
1784194800,4026.71,4027.08,4024.96,4026.98,2109,23,0
1784195100,4026.98,4028.97,4026.34,4028.26,1996,23,0
1784195400,4028.26,4030.18,4027.82,4030.11,1721,23,0
1784195700,4030.13,4031.40,4030.12,4030.62,2228,23,0
1784196000,4030.58,4030.68,4027.34,4029.26,2251,23,0
1784196300,4029.26,4029.77,4028.02,4029.32,1846,23,0
1784196600,4029.31,4029.74,4025.67,4026.29,1823,23,0
1784196900,4026.29,4026.45,4023.70,4024.73,2089,23,0
1784197200,4024.74,4026.91,4024.64,4025.26,1910,23,0
1784197500,4025.27,4026.72,4024.01,4024.53,2024,23,0
1784197800,4024.53,4025.37,4023.01,4024.04,1914,23,0
1784198100,4024.04,4025.71,4023.35,4025.21,1726,23,0
1784198400,4025.21,4028.34,4025.21,4026.08,1980,23,0
1784198700,4026.08,4031.84,4025.90,4030.66,2154,23,0
1784199000,4030.61,4030.88,4026.58,4028.30,1980,23,0
1784199300,4028.30,4031.17,4028.08,4030.68,2017,23,0
1784199600,4030.68,4034.15,4029.55,4030.00,2353,23,0
1784199900,4030.00,4030.83,4028.32,4028.39,1949,23,0
1784200200,4028.39,4029.15,4025.46,4025.81,2186,23,0
1784200500,4025.81,4029.31,4025.25,4029.30,1968,23,0
1784200800,4029.31,4032.07,4029.04,4031.59,1942,23,0
1784201100,4031.58,4033.66,4031.24,4032.27,1953,23,0
1784201400,4032.27,4034.96,4032.14,4032.32,1987,23,0
1784201700,4032.32,4035.65,4032.29,4033.54,2056,23,0
1784202000,4033.53,4034.29,4032.05,4033.62,1720,23,0
1784202300,4033.61,4036.56,4033.57,4035.54,1853,23,0
1784202600,4035.54,4035.83,4033.17,4033.39,1795,23,0
1784202900,4033.40,4035.74,4033.11,4035.29,1662,23,0
1784203200,4035.29,4037.27,4035.22,4035.49,1758,23,0
1784203500,4035.49,4036.84,4035.41,4036.41,1718,23,0
1784203800,4036.41,4037.45,4035.73,4036.88,1464,23,0
1784204100,4036.89,4037.66,4035.92,4036.07,1531,23,0
1784204400,4036.06,4036.24,4032.46,4032.70,1617,23,0
1784204700,4032.69,4033.88,4030.89,4033.16,1600,23,0
1784205000,4033.16,4034.12,4030.46,4031.81,1977,23,0
1784205300,4031.81,4034.69,4031.44,4033.29,1821,23,0
1784205600,4033.28,4035.06,4032.82,4034.26,1567,23,0
1784205900,4034.27,4034.43,4031.59,4032.39,1465,23,0
1784206200,4032.38,4036.25,4032.19,4035.75,1568,23,0
1784206500,4035.75,4036.14,4031.71,4031.73,1631,23,0
1784206800,4031.73,4032.24,4029.80,4031.01,1713,23,0
1784207100,4030.99,4032.60,4030.35,4032.38,1469,23,0
1784207400,4032.37,4032.69,4029.66,4031.77,1529,23,0
1784207700,4031.77,4033.01,4031.64,4032.53,1409,23,0
1784208000,4032.53,4034.73,4031.61,4034.51,1591,23,0
1784208300,4034.53,4034.71,4031.71,4033.27,1380,23,0
1784208600,4033.27,4033.88,4031.61,4033.76,1640,23,0
1784208900,4033.74,4034.29,4031.67,4031.85,1545,23,0
1784209200,4031.85,4034.56,4031.55,4033.09,1560,23,0
1784209500,4033.09,4033.22,4030.68,4030.95,1552,23,0
1784209800,4030.96,4032.23,4030.29,4031.45,1642,23,0
1784210100,4031.44,4031.85,4028.63,4029.53,1655,23,0
1784210400,4029.52,4030.15,4027.84,4028.56,2028,23,0
1784210700,4028.55,4029.53,4027.74,4029.42,1451,23,0
1784211000,4029.40,4029.77,4026.52,4028.03,1640,23,0
1784211300,4028.03,4028.03,4025.14,4026.32,1862,23,0
1784211600,4026.33,4027.40,4024.78,4025.00,1549,23,0
1784211900,4024.99,4027.56,4021.20,4024.38,1958,23,0
1784212200,4024.39,4030.19,4023.57,4029.80,1912,23,0
1784212500,4029.78,4032.32,4029.06,4030.85,2082,23,0
1784212800,4030.78,4035.96,4030.37,4034.89,2076,23,0
1784213100,4034.84,4042.37,4028.74,4031.98,2332,23,0
1784213400,4032.15,4040.09,4029.49,4039.45,3212,23,0
1784213700,4039.45,4041.44,4037.16,4038.40,2213,23,0
1784214000,4038.41,4043.31,4036.16,4042.37,2309,23,0
1784214300,4042.33,4043.31,4032.35,4033.31,2575,23,0
1784214600,4033.30,4033.30,4027.68,4031.74,2417,23,0
1784214900,4031.74,4032.20,4012.78,4028.85,3272,23,0
1784215200,4028.85,4029.16,4020.40,4021.02,2905,23,0
1784215500,4021.07,4025.47,4016.78,4025.01,2596,23,0
1784215800,4024.96,4029.56,4019.84,4022.61,2921,23,0
1784216100,4022.67,4022.87,4014.89,4015.04,3120,23,0
1784216400,4015.03,4015.19,4000.59,4002.77,3233,23,0
1784216700,4002.75,4008.90,3999.24,3999.52,3146,23,0
1784217000,3999.52,4002.33,3994.50,3996.12,2937,23,0
1784217300,3996.05,3997.01,3990.37,3992.28,3260,23,0
1784217600,3992.33,3996.82,3975.33,3978.23,3876,23,0
1784217900,3978.19,3986.25,3973.68,3983.90,3444,23,0
1784218200,3983.91,3993.36,3982.10,3992.27,3106,23,0
1784218500,3992.22,3995.72,3991.35,3995.21,2807,23,0
1784218800,3995.21,3999.49,3991.33,3999.04,2811,23,0
1784219100,3999.05,4006.17,3998.22,4005.57,2829,23,0
1784219400,4005.57,4008.38,3993.26,3993.26,3478,23,0
1784219700,3993.18,3993.80,3981.78,3983.32,3621,23,0
1784220000,3983.38,3989.53,3983.31,3986.34,3563,23,0
1784220300,3986.36,3993.13,3986.24,3991.92,3386,23,0
1784220600,3991.95,3997.04,3991.75,3994.18,3449,23,0
1784220900,3994.18,3994.22,3988.10,3990.17,3214,23,0
1784221200,3990.15,3997.33,3989.33,3996.96,3454,23,0
1784221500,3997.00,3997.00,3991.03,3992.71,3281,23,0
1784221800,3992.73,3994.12,3987.10,3989.08,3220,23,0
1784222100,3989.11,3997.29,3987.66,3995.67,3365,23,0
1784222400,3995.68,3996.28,3990.62,3992.20,3155,23,0
1784222700,3992.20,4000.60,3991.72,3999.27,3146,23,0
1784223000,3999.24,4004.73,3995.57,4002.71,3115,23,0
1784223300,4002.70,4003.84,3998.96,3999.78,2939,23,0
1784223600,3999.79,4004.76,3999.78,4004.76,2930,23,0
1784223900,4004.74,4006.61,3999.19,3999.30,2919,23,0
1784224200,3999.30,4000.41,3994.99,3995.37,3016,23,0
1784224500,3995.36,3999.21,3992.51,3997.85,2987,23,0
1784224800,3997.84,3998.68,3992.43,3993.02,3008,23,0
1784225100,3992.96,3995.76,3990.25,3995.19,2866,23,0
1784225400,3995.23,3995.28,3989.33,3992.82,2792,23,0
1784225700,3992.82,3999.05,3992.65,3998.76,2841,23,0
1784226000,3998.75,4009.11,3998.53,4007.71,3004,23,0
1784226300,4007.73,4016.86,4007.07,4011.39,3120,23,0
1784226600,4011.38,4014.92,4007.65,4014.40,3015,23,0
1784226900,4014.40,4016.22,4010.82,4014.09,2716,23,0
1784227200,4014.09,4014.20,4009.51,4010.35,2604,23,0
1784227500,4010.34,4011.50,4008.28,4010.72,2558,23,0
1784227800,4010.72,4013.12,4008.44,4009.05,2436,23,0
1784228100,4009.05,4009.40,4005.48,4006.98,2415,23,0
1784228400,4006.98,4007.60,3998.97,3999.52,2680,23,0
1784228700,3999.57,4001.04,3997.46,3998.51,2750,23,0
1784229000,3998.51,3998.67,3989.94,3989.94,2772,23,0
1784229300,3989.77,3991.60,3985.54,3986.99,2965,23,0
1784229600,3986.99,3989.27,3982.46,3986.70,3188,23,0
1784229900,3986.70,3987.96,3984.62,3987.48,2837,23,0
1784230200,3987.49,3989.98,3986.95,3989.22,2673,23,0
1784230500,3989.21,3992.02,3989.02,3991.09,2488,23,0
1784230800,3991.09,3992.55,3988.27,3992.00,2254,23,0
1784231100,3992.00,3992.66,3989.33,3992.13,2181,23,0
1784231400,3992.13,3995.68,3991.21,3994.61,2429,23,0
1784231700,3994.61,3996.91,3991.87,3991.99,2649,23,0
1784232000,3991.99,3992.93,3990.11,3991.21,2430,23,0
1784232300,3991.21,3991.48,3987.45,3987.77,2298,23,0
1784232600,3987.77,3988.54,3984.53,3985.74,2357,23,0
1784232900,3985.74,3988.21,3985.20,3987.76,2517,23,0
1784233200,3987.76,3988.70,3985.74,3986.39,2244,23,0
1784233500,3986.42,3988.46,3982.76,3987.65,2788,23,0
1784233800,3987.64,3988.68,3983.16,3984.38,2581,23,0
1784234100,3984.41,3985.57,3981.41,3982.46,2470,23,0
1784234400,3982.47,3983.13,3980.02,3981.50,2739,23,0
1784234700,3981.55,3986.15,3981.08,3984.87,2451,23,0
1784235000,3984.87,3987.54,3984.37,3986.59,2299,23,0
1784235300,3986.59,3986.59,3983.70,3984.54,2252,23,0
1784235600,3984.55,3986.95,3983.83,3985.48,2525,23,0
1784235900,3985.49,3988.13,3983.61,3987.20,2482,23,0
1784236200,3987.20,3989.31,3985.21,3985.22,2390,23,0
1784236500,3985.21,3988.60,3984.40,3988.07,2332,23,0
1784236800,3988.08,3990.36,3986.79,3986.79,2252,23,0
1784237100,3986.80,3987.58,3985.47,3986.38,2449,23,0
1784237400,3986.37,3986.38,3978.97,3979.24,2650,23,0
1784237700,3979.22,3979.35,3976.54,3978.49,2754,23,0
1784238000,3978.49,3983.54,3977.71,3983.09,2439,23,0
1784238300,3983.07,3984.85,3982.04,3982.89,2079,23,0
1784238600,3982.88,3983.98,3980.36,3981.12,1882,23,0
1784238900,3981.11,3982.66,3979.49,3980.31,1988,23,0
1784239200,3980.32,3985.55,3979.17,3985.10,2189,23,0
1784239500,3985.08,3986.06,3982.03,3982.70,2158,23,0
1784239800,3982.70,3982.70,3979.02,3980.45,2234,23,0
1784240100,3980.46,3982.66,3979.93,3982.60,2004,23,0
1784240400,3982.61,3984.00,3980.36,3981.13,2008,23,0
1784240700,3981.13,3981.82,3978.60,3978.87,1996,23,0
1784241000,3978.88,3979.55,3974.76,3974.96,2654,23,0
1784241300,3974.96,3975.35,3969.23,3975.15,2752,23,0
1784241600,3975.14,3977.46,3975.00,3975.73,2182,23,0
1784241900,3975.73,3976.81,3972.94,3974.97,2338,23,0
1784242200,3974.97,3982.41,3973.87,3981.41,2583,23,0
1784242500,3981.43,3981.80,3976.38,3979.88,2894,23,0
1784242800,3979.90,3980.06,3976.98,3978.05,1458,23,0
1784243100,3978.04,3978.04,3975.26,3976.29,1123,23,0
1784243400,3976.29,3976.62,3974.50,3974.97,950,23,0
1784243700,3974.97,3975.24,3972.47,3972.65,964,23,0
1784244000,3972.65,3973.23,3971.84,3972.63,777,23,0
1784244300,3972.63,3975.33,3972.06,3974.82,811,23,0
1784244600,3974.79,3975.28,3973.43,3974.82,901,28,0
1784244900,3974.82,3976.30,3974.82,3975.02,985,28,0
1784245200,3975.02,3975.56,3974.46,3974.50,746,28,0
1784245500,3974.48,3976.26,3974.14,3974.67,1048,28,0
1784245800,3974.68,3975.68,3974.21,3975.67,1094,28,0
1784246100,3975.67,3976.51,3974.68,3976.40,549,28,0
1784250000,3976.01,3980.36,3976.01,3978.58,1433,28,0
1784250300,3978.57,3978.58,3976.53,3977.79,985,28,0
1784250600,3977.80,3978.02,3975.94,3976.16,1112,28,0
1784250900,3976.17,3977.51,3975.54,3975.70,1004,28,0
1784251200,3975.70,3976.02,3974.66,3975.05,932,28,0
1784251500,3975.06,3976.41,3974.74,3976.40,891,28,0
1784251800,3976.38,3976.81,3974.48,3975.94,1048,23,0
1784252100,3975.91,3976.92,3975.32,3975.81,988,23,0
1784252400,3975.81,3976.33,3973.40,3973.52,962,23,0
1784252700,3973.49,3974.37,3973.20,3973.53,1006,23,0
1784253000,3973.52,3975.36,3973.51,3975.15,916,23,0
1784253300,3975.16,3978.41,3975.16,3978.29,1068,23,0
1784253600,3978.27,3978.80,3975.18,3978.30,1391,23,0
1784253900,3978.30,3979.30,3977.86,3978.52,1171,23,0
1784254200,3978.51,3980.26,3977.98,3980.07,1015,23,0
1784254500,3980.06,3980.46,3978.90,3979.05,927,23,0
1784254800,3979.07,3979.07,3977.68,3978.37,800,23,0
1784255100,3978.38,3980.57,3978.32,3978.46,1034,23,0
1784255400,3978.46,3978.73,3975.59,3977.26,1247,23,0
1784255700,3977.25,3981.01,3977.25,3979.61,1211,23,0
1784256000,3979.59,3981.86,3979.59,3981.46,1108,23,0
1784256300,3981.46,3981.57,3976.61,3978.44,2081,23,0
1784256600,3978.43,3980.86,3978.42,3980.31,1869,23,0
1784256900,3980.31,3986.39,3980.22,3985.96,2096,23,0
1784257200,3985.95,3986.92,3983.38,3984.92,2572,23,0
1784257500,3984.90,3987.34,3983.42,3985.98,2422,23,0
1784257800,3985.98,3986.92,3983.08,3983.20,2303,23,0
1784258100,3983.57,3990.93,3983.57,3987.94,2428,23,0
1784258400,3987.94,3990.32,3986.65,3986.65,2372,23,0
1784258700,3986.65,3986.67,3984.16,3984.78,2000,23,0
1784259000,3984.78,3985.07,3980.83,3981.44,2036,23,0
1784259300,3981.45,3984.59,3981.07,3981.31,1733,23,0
1784259600,3981.31,3982.76,3980.62,3982.01,1791,23,0
1784259900,3982.01,3987.42,3981.59,3986.44,2442,23,0
1784260200,3986.44,3988.41,3985.62,3987.12,2403,23,0
1784260500,3987.12,3991.97,3985.88,3991.89,2329,23,0
1784260800,3991.92,3992.13,3987.36,3988.52,3365,23,0
1784261100,3988.52,3995.04,3988.35,3990.71,3160,23,0
1784261400,3990.70,3993.50,3988.67,3992.07,2836,23,0
1784261700,3992.07,3996.12,3990.94,3993.66,2674,23,0
1784262000,3993.67,3995.44,3989.17,3990.59,2345,23,0
1784262300,3990.59,3992.00,3987.94,3990.97,2492,23,0
1784262600,3990.99,3992.84,3988.87,3992.54,2441,23,0
1784262900,3992.50,3995.39,3991.10,3992.28,2611,23,0
1784263200,3992.24,3994.63,3990.17,3991.39,2437,23,0
1784263500,3991.40,3992.67,3983.76,3984.04,2794,23,0
1784263800,3984.03,3985.04,3979.75,3980.02,2881,23,0
1784264100,3980.02,3983.36,3979.22,3983.13,2402,23,0
1784264400,3983.13,3987.29,3981.58,3983.13,2542,23,0
1784264700,3983.08,3983.27,3980.08,3980.12,2344,23,0
1784265000,3980.12,3981.99,3979.77,3980.86,2201,23,0
1784265300,3980.87,3984.22,3980.37,3983.24,1890,23,0
1784265600,3983.17,3983.81,3980.99,3983.73,1694,23,0
1784265900,3983.72,3984.38,3980.73,3983.06,1640,23,0
1784266200,3983.09,3984.13,3976.06,3977.54,2749,23,0
1784266500,3977.56,3978.84,3970.74,3973.34,2585,23,0
1784266800,3973.34,3976.67,3972.49,3974.85,2438,23,0
1784267100,3974.92,3979.33,3974.36,3977.47,2579,23,0
1784267400,3977.47,3978.87,3974.88,3977.98,2485,23,0
1784267700,3977.97,3980.08,3976.94,3979.17,2226,23,0
1784268000,3979.15,3989.63,3978.79,3988.97,2584,23,0
1784268300,3988.97,3992.66,3988.06,3990.28,2822,23,0
1784268600,3990.27,3990.67,3987.63,3988.66,2231,23,0
1784268900,3988.67,4002.66,3988.54,4002.54,2533,23,0
1784269200,4002.59,4008.60,4002.55,4003.15,2902,23,0
1784269500,4003.13,4003.87,3998.78,4001.10,2582,23,0
1784269800,4001.14,4001.49,3995.94,3998.08,2162,23,0
1784270100,3998.08,4000.48,3997.03,3999.13,1700,23,0
1784270400,3999.13,4000.05,3996.28,3997.47,1588,23,0
1784270700,3997.47,3998.59,3994.46,3994.95,1629,23,0
1784271000,3995.00,3995.93,3992.78,3993.33,1750,23,0
1784271300,3993.32,3993.42,3990.58,3991.37,1633,23,0
1784271600,3991.38,3991.66,3988.63,3989.52,1798,23,0
1784271900,3989.52,3990.44,3987.44,3987.73,1595,23,0
1784272200,3987.73,3989.79,3987.29,3988.80,1861,23,0
1784272500,3988.80,3990.08,3986.60,3988.81,1683,23,0
1784272800,3988.81,3990.23,3985.94,3986.75,1831,23,0
1784273100,3986.75,3987.08,3985.17,3986.24,1836,23,0
1784273400,3986.23,3988.12,3983.83,3984.95,1823,23,0
1784273700,3984.96,3986.31,3981.05,3983.51,2015,23,0
1784274000,3983.50,3983.79,3980.19,3981.92,1865,23,0
1784274300,3981.93,3984.62,3981.69,3981.86,1786,23,0
1784274600,3981.85,3982.49,3980.24,3981.06,1426,23,0
1784274900,3981.07,3982.02,3981.02,3981.78,1318,23,0
1784275200,3981.77,3982.78,3979.92,3982.68,2134,23,0
1784275500,3982.67,3982.72,3977.13,3978.14,1888,23,0
1784275800,3978.15,3981.08,3978.05,3979.59,1902,23,0
1784276100,3979.60,3980.31,3975.94,3975.98,1960,23,0
1784276400,3976.01,3980.12,3975.39,3979.12,1982,23,0
1784276700,3979.12,3981.64,3978.00,3979.84,1983,23,0
1784277000,3979.86,3986.30,3978.42,3982.66,3177,23,0
1784277300,3982.65,3985.87,3981.50,3985.80,2723,23,0
1784277600,3985.81,3990.42,3984.61,3986.71,2657,23,0
1784277900,3986.71,3989.28,3981.87,3987.98,2813,23,0
1784278200,3987.99,3991.42,3987.19,3989.88,2488,23,0
1784278500,3989.91,3989.93,3984.58,3985.05,2421,23,0
1784278800,3985.04,3992.14,3985.04,3991.92,2844,23,0
1784279100,3992.03,3992.98,3988.02,3988.65,2629,23,0
1784279400,3988.64,4000.81,3988.61,3999.71,2957,23,0
1784279700,3999.67,4002.48,3997.87,4002.12,2604,23,0
1784280000,4002.17,4005.97,4001.87,4003.53,2382,23,0
1784280300,4003.30,4005.37,4000.94,4003.79,2562,23,0
1784280600,4003.80,4007.13,4003.48,4004.65,2480,23,0
1784280900,4004.66,4004.84,3998.56,3999.74,2378,23,0
1784281200,3999.73,4000.00,3995.63,3996.20,2252,23,0
1784281500,3996.20,3999.98,3995.99,3997.78,2149,23,0
1784281800,3997.74,3999.40,3996.49,3997.24,2155,23,0
1784282100,3997.24,4001.52,3997.23,3999.32,2316,23,0
1784282400,3999.32,4002.56,3996.80,4001.00,2543,23,0
1784282700,4000.91,4001.74,3994.57,3995.01,2299,23,0
1784283000,3995.01,3996.97,3993.25,3996.46,2335,23,0
1784283300,3996.49,3999.29,3995.86,3997.03,2072,23,0
1784283600,3997.08,3997.48,3994.04,3997.16,2112,23,0
1784283900,3997.16,3998.10,3995.58,3996.36,2088,23,0
1784284200,3996.34,3998.19,3995.18,3996.25,2135,23,0
1784284500,3996.25,3996.91,3994.11,3996.79,2081,23,0
1784284800,3996.80,3998.63,3994.09,3998.61,1899,23,0
1784285100,3998.61,3998.66,3995.66,3996.32,1692,23,0
1784285400,3996.32,3997.24,3994.38,3994.89,2024,23,0
1784285700,3994.89,3995.76,3992.68,3992.72,2080,23,0
1784286000,3992.72,3999.83,3992.30,3999.15,2429,23,0
1784286300,3999.15,3999.25,3996.50,3997.55,2311,23,0
1784286600,3997.52,3997.54,3991.42,3993.18,2523,23,0
1784286900,3993.18,3994.65,3989.44,3990.12,2486,23,0
1784287200,3990.12,3992.96,3990.12,3992.34,2461,23,0
1784287500,3992.31,3995.02,3988.18,3992.39,2801,23,0
1784287800,3992.36,3993.41,3989.83,3991.31,2180,23,0
1784288100,3991.30,3992.05,3987.86,3989.07,2093,23,0
1784288400,3989.05,3993.32,3988.97,3993.31,2146,23,0
1784288700,3993.32,3999.44,3991.66,3998.51,2271,23,0
1784289000,3998.51,3998.54,3993.96,3995.05,2075,23,0
1784289300,3995.03,3998.17,3993.69,3994.20,1695,23,0
1784289600,3994.21,3995.46,3992.76,3993.81,2332,23,0
1784289900,3993.81,3997.75,3993.76,3995.88,2181,23,0
1784290200,3995.88,3998.48,3995.27,3997.87,2270,23,0
1784290500,3997.90,3998.34,3995.74,3996.07,1994,23,0
1784290800,3996.08,4002.22,3995.58,4002.18,2025,23,0
1784291100,4001.98,4002.43,3998.19,3999.04,1991,23,0
1784291400,3999.04,3999.67,3995.22,3995.60,2071,23,0
1784291700,3995.60,3997.99,3995.28,3997.52,1761,23,0
1784292000,3997.51,3999.07,3995.47,3995.71,1755,23,0
1784292300,3995.72,3996.81,3994.69,3995.45,1820,23,0
1784292600,3995.46,3998.63,3994.78,3997.73,2024,23,0
1784292900,3997.73,3998.09,3996.14,3998.02,1541,23,0
1784293200,3998.01,3998.66,3995.47,3996.08,1972,23,0
1784293500,3996.07,3997.20,3994.85,3996.61,2106,23,0
1784293800,3996.60,3998.48,3995.65,3997.25,1986,23,0
1784294100,3997.25,3997.93,3994.38,3994.67,1785,23,0
1784294400,3994.67,3999.04,3994.48,3995.26,1943,23,0
1784294700,3995.26,3996.98,3994.94,3996.12,1765,23,0
1784295000,3996.13,3997.52,3995.08,3996.72,1672,23,0
1784295300,3996.71,3996.81,3994.11,3995.93,1501,23,0
1784295600,3995.92,3996.68,3993.96,3996.34,1574,23,0
1784295900,3996.34,3997.26,3995.22,3995.62,1464,23,0
1784296200,3995.62,3995.85,3991.19,3993.40,1877,23,0
1784296500,3993.40,3993.86,3990.53,3990.84,1889,23,0
1784296800,3990.84,3994.29,3990.78,3992.45,1985,23,0
1784297100,3992.46,3992.84,3990.34,3991.45,1946,23,0
1784297400,3991.45,3993.24,3991.01,3991.70,2137,23,0
1784297700,3991.70,3993.68,3989.96,3993.19,1962,23,0
1784298000,3993.21,3996.04,3992.43,3993.63,1823,23,0
1784298300,3993.67,3995.69,3993.03,3995.63,2144,23,0
1784298600,3995.62,3996.47,3991.65,3992.97,1774,23,0
1784298900,3992.97,3993.92,3991.44,3993.39,1856,23,0
1784299200,3993.40,3994.74,3991.73,3992.01,1877,23,0
1784299500,3992.02,3996.09,3991.42,3993.65,1765,23,0
1784299800,3993.65,3998.73,3993.05,3998.67,1854,23,0
1784300100,3998.67,3998.70,3993.53,3994.11,1727,23,0
1784300400,3994.06,3995.53,3990.11,3990.36,2167,23,0
1784300700,3990.36,3991.65,3988.36,3990.82,2081,23,0
1784301000,3990.83,3993.83,3989.63,3989.89,2054,23,0
1784301300,3989.89,3992.25,3988.85,3991.75,2115,23,0
1784301600,3991.73,3991.75,3984.34,3985.64,2396,23,0
1784301900,3985.64,3987.80,3984.40,3987.33,1946,23,0
1784302200,3987.33,3988.27,3981.61,3981.69,2190,23,0
1784302500,3981.68,3983.07,3977.66,3977.81,2251,23,0
1784302800,3977.82,3978.42,3965.47,3969.61,2867,23,0
1784303100,3969.61,3973.15,3965.36,3967.16,2817,23,0
1784303400,3967.16,3971.04,3964.09,3968.94,2488,23,0
1784303700,3968.95,3972.63,3964.46,3966.08,2488,23,0
1784304000,3966.09,3975.86,3959.64,3974.11,3659,23,0
1784304300,3974.11,3974.61,3968.86,3969.39,3036,23,0
1784304600,3969.39,3971.48,3966.15,3970.12,2735,23,0
1784304900,3970.10,3972.37,3967.50,3970.85,2967,23,0
1784305200,3970.85,3975.05,3967.13,3969.50,2925,23,0
1784305500,3969.50,3973.41,3967.28,3968.25,3088,23,0
1784305800,3968.25,3972.27,3963.73,3965.94,3781,23,0
1784306100,3965.91,4003.54,3965.45,3993.73,3930,23,0
1784306400,3993.79,3994.04,3982.30,3985.02,3696,23,0
1784306700,3985.01,3990.69,3981.21,3989.88,3703,23,0
1784307000,3989.86,3994.16,3988.14,3988.98,3492,23,0
1784307300,3988.98,3997.48,3988.00,3997.24,3121,23,0
1784307600,3997.24,4000.11,3990.18,3994.22,3521,23,0
1784307900,3994.31,4000.60,3994.08,3996.48,3504,23,0
1784308200,3996.48,4000.37,3994.01,3994.56,3248,23,0
1784308500,3994.56,4000.33,3993.73,3997.24,3493,23,0
1784308800,3997.25,4004.41,3996.03,4002.74,3353,23,0
1784309100,4002.77,4004.02,3997.88,3998.54,3300,23,0
1784309400,3998.55,3998.85,3992.14,3994.52,3034,23,0
1784309700,3994.49,3999.60,3994.18,3997.41,3023,23,0
1784310000,3997.40,3998.61,3995.01,3997.67,2903,23,0
1784310300,3997.67,4000.35,3994.53,3995.63,3067,23,0
1784310600,3995.60,3998.94,3993.21,3994.10,2820,23,0
1784310900,3994.14,4001.33,3992.88,4001.20,2877,23,0
1784311200,4001.19,4013.64,3997.82,4012.36,3131,23,0
1784311500,4012.39,4014.04,4003.05,4008.33,3331,23,0
1784311800,4008.33,4013.53,4003.13,4005.95,2985,23,0
1784312100,4005.95,4008.22,4004.59,4005.52,3038,23,0
1784312400,4005.52,4012.42,4004.87,4008.47,2884,23,0
1784312700,4008.48,4013.28,4006.29,4013.28,2919,23,0
1784313000,4013.31,4015.86,4009.43,4010.93,3102,23,0
1784313300,4010.93,4016.11,4010.12,4014.23,2852,23,0
1784313600,4014.24,4015.86,4011.76,4015.33,2714,23,0
1784313900,4015.33,4018.20,4013.70,4016.44,2772,23,0
1784314200,4016.44,4021.03,4016.37,4020.17,2762,23,0
1784314500,4020.22,4021.15,4017.36,4019.02,2564,23,0
1784314800,4019.09,4019.46,4011.01,4017.11,3361,23,0
1784315100,4017.11,4018.99,4014.44,4017.76,2924,23,0
1784315400,4017.75,4020.39,4017.72,4017.99,2658,23,0
1784315700,4017.97,4021.63,4017.93,4021.24,2575,23,0
1784316000,4021.23,4023.70,4018.16,4023.55,2579,23,0
1784316300,4023.55,4023.59,4016.86,4018.67,2700,23,0
1784316600,4018.68,4019.28,4015.36,4016.16,2436,23,0
1784316900,4016.20,4016.94,4013.25,4013.79,2423,23,0
1784317200,4013.76,4017.73,4012.76,4017.34,2350,23,0
1784317500,4017.35,4020.13,4016.39,4019.94,2266,23,0
1784317800,4019.95,4020.55,4015.59,4015.95,2330,23,0
1784318100,4015.95,4016.27,4014.56,4014.98,2052,23,0
1784318400,4014.99,4019.21,4014.99,4017.10,2366,23,0
1784318700,4017.10,4018.43,4016.35,4017.65,2091,23,0
1784319000,4017.61,4018.21,4013.27,4013.36,2035,23,0
1784319300,4013.35,4015.38,4012.87,4013.00,2342,23,0
1784319600,4012.99,4015.56,4012.45,4014.63,2257,23,0
1784319900,4014.64,4015.84,4013.30,4013.85,2144,23,0
1784320200,4013.87,4014.51,4011.42,4012.38,1965,23,0
1784320500,4012.38,4012.98,4010.27,4012.36,2153,23,0
1784320800,4012.37,4012.43,4009.75,4010.93,2306,23,0
1784321100,4010.91,4012.97,4010.34,4012.88,2009,23,0
1784321400,4012.89,4013.25,4008.48,4009.34,2217,23,0
1784321700,4009.36,4010.40,4008.47,4010.01,2214,23,0
1784322000,4010.03,4011.14,4007.68,4009.98,2310,23,0
1784322300,4009.98,4012.41,4009.32,4012.04,2227,23,0
1784322600,4012.04,4012.87,4009.86,4010.37,2147,23,0
1784322900,4010.37,4013.14,4008.98,4012.11,2441,23,0
1784323200,4012.11,4013.20,4010.46,4012.04,2211,23,0
1784323500,4012.04,4016.11,4011.50,4015.37,2421,23,0
1784323800,4015.38,4016.09,4011.32,4013.04,2229,23,0
1784324100,4013.07,4013.19,4011.34,4011.44,2105,23,0
1784324400,4011.45,4011.81,4007.21,4008.17,2290,23,0
1784324700,4008.14,4008.94,4006.55,4007.57,2109,23,0
1784325000,4007.57,4010.34,4007.09,4010.34,2057,23,0
1784325300,4010.35,4012.22,4009.94,4011.26,1960,23,0
1784325600,4011.26,4011.46,4007.51,4008.10,2266,23,0
1784325900,4008.10,4008.31,4004.89,4005.38,1930,23,0
1784326200,4005.39,4006.20,4004.38,4005.94,1888,23,0
1784326500,4005.89,4006.69,4004.49,4006.26,2203,23,0
1784326800,4006.25,4006.26,4002.29,4002.60,2007,23,0
1784327100,4002.60,4005.51,4002.46,4005.28,2163,23,0
1784327400,4005.29,4007.29,4004.93,4006.32,2307,23,0
1784327700,4006.32,4008.91,4005.74,4006.55,1907,23,0
1784328000,4006.55,4010.01,4005.95,4009.86,2111,23,0
1784328300,4009.85,4011.31,4009.32,4010.51,2204,23,0
1784328600,4010.50,4015.79,4010.46,4015.52,2494,23,0
1784328900,4015.52,4016.50,4014.72,4015.39,2638,23,0
1784329200,4015.34,4015.82,4012.50,4013.93,1585,23,0
1784329500,4013.91,4013.93,4012.27,4013.50,1303,23,0
1784329800,4013.50,4013.66,4012.08,4012.13,966,23,0
1784330100,4012.13,4012.55,4009.15,4009.30,865,23,0
1784330400,4009.30,4010.66,4008.91,4010.30,947,23,0
1784330700,4010.31,4011.45,4009.07,4010.86,849,23,0
1784331000,4010.86,4010.99,4008.60,4009.34,1152,28,0
1784331300,4009.32,4010.81,4009.15,4010.64,884,28,0
1784331600,4010.64,4013.60,4010.46,4013.40,870,28,0
1784331900,4013.34,4017.16,4013.21,4015.80,1526,28,0
1784332200,4015.81,4018.40,4015.33,4016.49,1241,28,0
1784332500,4016.51,4018.32,4015.72,4018.29,357,28,0
1784509200,4001.65,4007.52,3994.78,3996.70,2459,28,0
1784509500,3996.64,4002.22,3994.93,3997.67,2033,30,0
1784509800,3997.69,3998.00,3996.13,3996.58,1427,28,0
1784510100,3996.58,3999.85,3995.69,3999.56,1662,28,0
1784510400,3999.57,4000.38,3997.09,3998.11,1519,28,0
1784510700,3998.10,3998.10,3994.82,3994.97,1462,28,0
1784511000,3994.98,3999.08,3993.41,3998.15,1910,23,0
1784511300,3998.14,3998.89,3996.54,3997.08,1310,23,0
1784511600,3997.09,3999.30,3996.58,3996.85,1567,23,0
1784511900,3996.84,3998.39,3995.89,3997.43,1306,23,0
1784512200,3997.44,3998.20,3996.61,3996.97,1301,23,0
1784512500,3996.97,3998.41,3994.70,3994.79,1259,23,0
1784512800,3994.75,3995.58,3991.63,3994.92,1807,23,0
1784513100,3994.91,3995.30,3993.34,3994.39,1252,23,0
1784513400,3994.39,3994.59,3990.74,3991.08,1578,23,0
1784513700,3991.07,3993.97,3990.92,3991.31,1378,23,0
1784514000,3991.31,3993.43,3990.58,3993.25,1092,23,0
1784514300,3993.25,3993.87,3992.02,3993.13,1236,23,0
1784514600,3993.12,3994.22,3992.15,3994.09,1144,23,0
1784514900,3994.09,3994.43,3991.30,3993.29,1407,23,0
1784515200,3993.28,3993.44,3989.95,3992.40,1478,23,0
1784515500,3992.40,3993.51,3989.42,3991.39,2069,23,0
1784515800,3991.39,3996.11,3991.37,3993.22,1851,23,0
1784516100,3993.21,3995.62,3992.74,3995.53,1665,23,0
1784516400,3995.40,3995.71,3982.68,3987.22,2885,23,0
1784516700,3987.23,3991.71,3986.38,3988.45,2329,23,0
1784517000,3988.46,3998.89,3987.59,3996.03,2486,23,0
1784517300,3996.03,4000.22,3993.74,3999.87,2589,23,0
1784517600,3999.97,4005.53,3998.97,4002.66,2734,23,0
1784517900,4002.66,4005.33,4001.20,4003.87,2269,23,0
1784518200,4003.81,4003.98,3998.61,4002.19,2358,23,0
1784518500,4002.20,4007.34,3999.91,3999.91,2385,23,0
1784518800,3999.91,4003.57,3998.46,3998.68,2081,23,0
1784519100,3998.68,4002.92,3998.68,3999.64,2125,23,0
1784519400,3999.64,4002.29,3998.55,4001.83,1738,23,0
1784519700,4001.83,4010.12,4000.39,4008.55,2277,23,0
1784520000,4008.51,4016.14,4005.73,4013.82,3737,23,0
1784520300,4013.81,4016.92,4010.21,4016.62,2955,23,0
1784520600,4016.63,4020.70,4009.21,4010.08,2979,23,0
1784520900,4010.08,4010.24,4003.79,4004.40,2973,23,0
1784521200,4004.39,4004.94,3999.89,4000.84,2812,23,0
1784521500,4000.84,4004.52,3999.79,4003.07,2520,23,0
1784521800,4003.07,4005.68,4002.33,4004.14,2843,23,0
1784522100,4004.15,4004.60,4000.38,4001.93,2491,23,0
1784522400,4001.96,4002.76,3995.67,3997.02,2784,23,0
1784522700,3997.03,4004.34,3996.98,4003.94,2379,23,0
1784523000,4003.87,4003.95,3997.79,3998.57,2660,23,0
1784523300,3998.58,4004.01,3998.19,4002.13,2533,23,0
1784523600,4002.17,4009.96,4001.31,4008.29,2895,23,0
1784523900,4008.31,4008.77,4004.78,4007.45,2673,23,0
1784524200,4007.44,4007.74,4005.00,4006.26,2366,23,0
1784524500,4006.25,4006.75,4004.00,4004.55,1836,23,0
1784524800,4004.52,4008.05,4004.52,4007.32,1877,23,0
1784525100,4007.32,4008.78,4006.21,4006.89,2090,23,0
1784525400,4006.89,4012.83,4006.07,4010.42,2878,23,0
1784525700,4010.43,4014.29,4010.43,4013.13,2548,23,0
1784526000,4013.12,4016.17,4009.47,4014.80,2536,23,0
1784526300,4014.81,4028.73,4013.96,4025.01,2828,23,0
1784526600,4025.06,4026.69,4020.95,4023.00,2668,23,0
1784526900,4023.01,4024.07,4021.22,4021.86,2240,23,0
1784527200,4021.84,4022.73,4020.03,4021.13,2396,23,0
1784527500,4021.10,4021.83,4018.55,4020.47,2343,23,0
1784527800,4020.46,4024.56,4020.14,4024.10,2263,23,0
1784528100,4024.10,4026.09,4023.29,4025.40,2363,23,0
1784528400,4025.38,4026.72,4024.19,4025.45,2311,23,0
1784528700,4025.46,4025.60,4021.64,4022.15,2044,23,0
1784529000,4022.15,4024.84,4018.90,4020.01,1839,23,0
1784529300,4020.02,4025.53,4018.76,4024.84,1847,23,0
1784529600,4024.84,4027.90,4024.44,4027.03,1662,23,0
1784529900,4027.15,4027.83,4025.93,4025.95,1641,23,0
1784530200,4025.94,4027.37,4024.51,4024.64,1577,23,0
1784530500,4024.64,4024.70,4022.72,4024.05,1720,23,0
1784530800,4024.05,4026.68,4023.92,4025.89,1825,23,0
1784531100,4025.88,4026.47,4023.99,4024.11,1391,23,0
1784531400,4024.11,4024.84,4021.42,4021.47,1328,23,0
1784531700,4021.48,4023.50,4021.46,4023.26,1330,23,0
1784532000,4023.25,4024.28,4021.36,4021.36,1348,23,0
1784532300,4021.36,4025.49,4021.36,4025.28,1306,23,0
1784532600,4025.28,4025.47,4022.17,4023.67,1619,23,0
1784532900,4023.66,4024.46,4022.39,4023.32,1388,23,0
1784533200,4023.32,4023.77,4022.47,4022.95,1367,23,0
1784533500,4022.95,4022.98,4019.38,4020.04,1654,23,0
1784533800,4020.04,4022.11,4019.36,4021.24,1460,23,0
1784534100,4021.24,4021.80,4018.47,4018.87,1319,23,0
1784534400,4018.86,4021.11,4016.96,4017.75,1625,23,0
1784534700,4017.78,4019.23,4015.47,4015.92,1405,23,0
1784535000,4015.92,4015.98,4011.80,4014.18,1950,23,0
1784535300,4014.07,4014.84,4012.77,4013.46,1729,23,0
1784535600,4013.46,4013.49,4011.35,4012.09,1424,23,0
1784535900,4012.09,4013.19,4009.89,4010.84,1668,23,0
1784536200,4010.91,4014.45,4010.07,4010.90,2800,23,0
1784536500,4010.90,4011.13,4007.98,4010.13,2335,23,0
1784536800,4010.13,4012.59,4009.14,4009.88,2280,23,0
1784537100,4009.92,4010.41,4005.68,4005.73,2455,23,0
1784537400,4005.72,4008.97,4005.41,4007.43,2141,23,0
1784537700,4007.41,4010.77,4007.29,4008.70,2048,23,0
1784538000,4008.70,4011.72,4008.65,4010.49,2468,23,0
1784538300,4010.48,4011.77,4006.99,4009.59,2330,23,0
1784538600,4009.64,4010.13,4006.80,4007.48,2218,23,0
1784538900,4007.48,4009.50,4006.44,4008.93,2285,23,0
1784539200,4008.92,4009.54,4006.87,4008.36,2351,23,0
1784539500,4008.36,4008.58,4003.96,4004.85,2092,23,0
1784539800,4004.85,4005.61,4002.93,4004.76,2272,23,0
1784540100,4004.76,4005.03,4003.26,4004.66,2081,23,0
1784540400,4004.66,4006.38,4003.93,4004.87,1888,23,0
1784540700,4004.86,4007.50,4004.85,4006.27,1921,23,0
1784541000,4006.20,4007.52,4003.27,4005.21,1976,23,0
1784541300,4005.23,4005.80,4003.29,4003.85,1749,23,0
1784541600,4003.87,4006.54,4002.14,4005.20,1920,23,0
1784541900,4005.20,4006.89,4004.88,4005.50,1667,23,0
1784542200,4005.49,4005.78,4003.10,4004.27,1799,23,0
1784542500,4004.24,4004.63,4002.20,4003.83,1424,23,0
1784542800,4003.84,4008.67,4003.11,4008.57,2237,23,0
1784543100,4008.57,4008.57,4003.43,4006.74,2231,23,0
1784543400,4006.75,4013.49,4006.59,4013.02,2483,23,0
1784543700,4012.93,4018.09,4012.86,4016.41,2547,23,0
1784544000,4016.41,4021.04,4016.03,4021.02,2524,23,0
1784544300,4021.03,4021.79,4016.39,4017.85,2377,23,0
1784544600,4017.87,4018.60,4015.75,4017.33,1593,23,0
1784544900,4017.32,4019.05,4016.77,4017.03,1931,23,0
1784545200,4017.22,4025.51,4017.22,4023.16,2471,23,0
1784545500,4023.18,4023.30,4018.67,4019.88,1969,23,0
1784545800,4019.88,4024.63,4019.23,4024.07,1857,23,0
1784546100,4024.07,4028.03,4023.63,4025.15,1980,23,0
1784546400,4025.15,4030.66,4023.12,4029.26,2082,23,0
1784546700,4029.29,4029.48,4021.85,4021.95,1939,23,0
1784547000,4021.95,4022.12,4018.91,4021.75,2041,23,0
1784547300,4021.76,4024.42,4020.01,4024.06,1643,23,0
1784547600,4024.08,4024.85,4021.53,4021.77,1560,23,0
1784547900,4021.77,4022.84,4020.14,4021.87,1700,23,0
1784548200,4021.87,4022.28,4017.43,4018.88,1966,23,0
1784548500,4018.89,4020.44,4018.53,4018.95,1629,23,0
1784548800,4018.96,4020.59,4018.26,4018.50,1805,23,0
1784549100,4018.49,4019.67,4015.16,4017.94,1924,23,0
1784549400,4017.95,4021.04,4017.92,4019.40,1695,23,0
1784549700,4019.41,4022.07,4019.34,4019.68,1674,23,0
1784550000,4019.67,4020.75,4019.10,4019.67,1510,23,0
1784550300,4019.68,4019.88,4015.56,4016.39,1587,23,0
1784550600,4016.39,4018.75,4014.89,4018.34,2120,23,0
1784550900,4018.33,4020.53,4018.09,4020.08,1438,23,0
1784551200,4020.08,4020.93,4018.97,4019.18,1482,23,0
1784551500,4019.18,4023.29,4017.58,4022.79,1628,23,0
1784551800,4022.79,4022.92,4018.99,4020.41,1651,23,0
1784552100,4020.41,4021.22,4018.87,4021.19,1509,23,0
1784552400,4021.21,4021.38,4018.20,4020.28,1692,23,0
1784552700,4020.36,4021.55,4019.72,4020.37,1343,23,0
1784553000,4020.37,4021.76,4019.97,4020.76,1392,23,0
1784553300,4020.76,4021.41,4018.77,4019.32,1374,23,0
1784553600,4019.32,4022.96,4019.31,4021.47,1544,23,0
1784553900,4021.48,4023.28,4021.06,4021.86,1435,23,0
1784554200,4021.85,4024.23,4021.48,4022.81,1502,23,0
1784554500,4022.81,4022.86,4021.17,4022.39,1478,23,0
1784554800,4022.39,4023.09,4021.46,4022.17,1353,23,0
1784555100,4022.16,4022.80,4020.98,4021.20,1368,23,0
1784555400,4021.20,4025.61,4020.94,4024.56,1543,23,0
1784555700,4024.61,4024.93,4022.46,4024.14,1515,23,0
1784556000,4024.15,4027.31,4022.88,4024.39,2254,23,0
1784556300,4024.39,4025.33,4022.61,4022.69,1681,23,0
1784556600,4022.71,4022.86,4019.80,4022.07,1709,23,0
1784556900,4022.06,4023.93,4021.49,4023.09,1528,23,0
1784557200,4023.05,4023.13,4021.13,4021.56,1509,23,0
1784557500,4021.54,4023.69,4019.95,4022.22,1716,23,0
1784557800,4022.22,4040.71,4021.48,4036.77,3999,23,0
1784558100,4036.77,4037.71,4029.43,4032.46,3087,23,0
1784558400,4032.44,4033.30,4029.32,4032.48,2625,23,0
1784558700,4032.47,4032.51,4026.67,4027.58,2422,23,0
1784559000,4027.58,4028.48,4025.42,4027.65,2400,23,0
1784559300,4027.68,4028.70,4025.04,4025.30,1996,23,0
1784559600,4025.30,4025.30,4012.33,4014.42,3409,23,0
1784559900,4014.43,4017.57,4012.77,4016.03,2690,23,0
1784560200,4016.04,4016.83,4011.49,4012.75,2469,23,0
1784560500,4012.74,4014.84,4010.01,4013.63,2500,23,0
1784560800,4013.62,4013.64,4006.82,4007.80,2583,23,0
1784561100,4007.80,4013.24,4006.96,4012.90,2120,23,0
1784561400,4012.90,4014.08,4011.12,4012.75,2379,23,0
1784561700,4012.75,4014.75,4011.79,4011.83,1934,23,0
1784562000,4011.83,4011.83,4006.55,4010.04,2271,23,0
1784562300,4010.02,4015.63,4009.06,4011.88,2494,23,0
1784562600,4011.88,4012.11,4009.09,4009.33,2062,23,0
1784562900,4009.33,4010.40,4007.99,4008.23,2134,23,0
1784563200,4008.15,4013.85,4007.93,4012.53,2943,23,0
1784563500,4012.52,4012.82,4008.33,4008.51,2335,23,0
1784563800,4008.50,4011.13,4007.90,4008.67,2282,23,0
1784564100,4008.70,4011.79,4006.96,4010.01,2216,23,0
1784564400,4010.00,4012.55,4009.25,4011.97,2189,23,0
1784564700,4011.95,4012.50,4007.88,4008.57,2521,23,0
1784565000,4008.62,4015.44,4008.24,4014.06,3119,23,0
1784565300,4014.09,4014.28,4008.67,4014.05,3052,23,0
1784565600,4014.15,4017.39,4012.35,4013.00,3086,23,0
1784565900,4013.01,4013.16,4009.23,4010.86,2896,23,0
1784566200,4010.86,4013.33,4007.17,4010.02,2949,23,0
1784566500,4010.05,4011.93,4005.72,4005.75,2951,23,0
1784566800,4005.75,4007.86,4001.23,4003.88,3104,23,0
1784567100,4003.90,4005.68,4000.66,4000.87,2973,23,0
1784567400,4000.91,4002.02,3998.29,3998.77,3087,23,0
1784567700,3998.77,4003.03,3998.32,4002.21,2825,23,0
1784568000,4002.21,4002.94,3998.33,4002.76,2737,23,0
1784568300,4002.76,4006.79,4002.48,4006.69,2607,23,0
1784568600,4006.73,4009.72,4006.05,4009.61,2720,23,0
1784568900,4009.62,4010.43,4007.10,4009.75,2528,23,0
1784569200,4009.75,4010.84,4007.01,4007.35,2430,23,0
1784569500,4007.35,4013.48,4006.88,4012.86,2841,23,0
1784569800,4012.85,4013.24,4008.11,4008.12,2610,23,0
1784570100,4008.11,4008.13,4005.10,4006.13,2796,23,0
1784570400,4006.13,4010.79,4004.44,4009.33,3006,23,0
1784570700,4009.32,4019.51,4006.80,4019.43,3014,23,0
1784571000,4019.45,4019.45,4012.40,4014.36,2919,23,0
1784571300,4014.36,4015.43,4011.23,4012.30,2680,23,0
1784571600,4012.30,4015.00,4011.21,4014.96,2567,23,0
1784571900,4014.96,4016.59,4014.75,4016.45,2507,23,0
1784572200,4016.44,4016.77,4012.62,4013.22,2608,23,0
1784572500,4013.22,4014.46,4010.30,4011.27,2514,23,0
1784572800,4011.28,4012.98,4010.29,4012.90,2348,23,0
1784573100,4012.90,4015.11,4011.98,4014.70,2303,23,0
1784573400,4014.68,4016.40,4014.17,4014.33,2261,23,0
1784573700,4014.26,4015.05,4011.76,4011.80,1970,23,0
1784574000,4011.81,4015.91,4011.23,4015.48,2304,23,0
1784574300,4015.44,4018.34,4015.09,4017.36,2242,23,0
1784574600,4017.36,4018.25,4012.74,4013.73,1999,23,0
1784574900,4013.74,4014.35,4012.06,4012.28,2194,23,0
1784575200,4012.28,4012.69,4011.68,4012.00,1695,23,0
1784575500,4012.00,4013.35,4010.77,4012.50,2018,23,0
1784575800,4012.49,4012.68,4009.34,4009.42,2242,23,0
1784576100,4009.41,4012.00,4009.33,4011.97,2002,23,0
1784576400,4011.96,4012.35,4001.44,4009.58,2775,23,0
1784576700,4009.57,4010.37,4007.10,4008.88,2308,23,0
1784577000,4008.87,4008.97,4007.31,4008.31,1944,23,0
1784577300,4008.30,4010.51,4007.81,4009.77,1915,23,0
1784577600,4009.77,4012.31,4009.72,4011.17,2013,23,0
1784577900,4011.17,4011.98,4010.16,4011.75,1680,23,0
1784578200,4011.76,4012.06,4009.54,4010.14,1881,23,0
1784578500,4010.10,4011.58,4008.88,4010.47,1768,23,0
1784578800,4010.45,4012.94,4009.87,4011.36,2045,23,0
1784579100,4011.36,4012.78,4010.89,4012.07,1916,23,0
1784579400,4012.08,4012.92,4010.67,4012.13,1851,23,0
1784579700,4012.13,4012.60,4009.89,4010.09,1686,23,0
1784580000,4010.09,4010.48,4007.72,4007.99,1835,23,0
1784580300,4007.99,4008.00,4005.60,4005.78,1926,23,0
1784580600,4005.78,4005.99,4003.82,4004.71,2116,23,0
1784580900,4004.71,4005.52,4003.75,4005.21,1975,23,0
1784581200,4005.21,4008.88,4005.21,4007.42,2059,23,0
1784581500,4007.42,4009.83,4007.18,4009.54,1598,23,0
1784581800,4009.55,4010.79,4008.33,4008.71,1485,23,0
1784582100,4008.70,4011.78,4007.36,4007.99,1875,23,0
1784582400,4008.00,4008.29,4003.36,4004.99,2137,23,0
1784582700,4004.98,4007.37,4004.23,4006.65,2035,23,0
1784583000,4006.63,4007.07,4004.38,4004.97,2044,23,0
1784583300,4004.97,4006.64,4004.94,4006.41,1708,23,0
1784583600,4006.41,4007.48,4005.56,4006.45,1949,23,0
1784583900,4006.44,4008.70,4005.32,4007.92,1971,23,0
1784584200,4007.92,4008.67,4006.91,4007.51,1819,23,0
1784584500,4007.51,4007.76,4005.84,4007.29,1716,23,0
1784584800,4007.29,4008.04,4004.86,4005.73,1870,23,0
1784585100,4005.73,4006.86,4004.65,4006.47,1884,23,0
1784585400,4006.49,4007.39,4004.36,4004.62,1976,23,0
1784585700,4004.63,4008.31,4004.27,4008.22,1969,23,0
1784586000,4008.22,4010.20,4007.88,4007.88,1835,23,0
1784586300,4007.90,4012.91,4006.80,4012.83,1728,23,0
1784586600,4012.82,4017.86,4011.96,4013.82,2555,23,0
1784586900,4013.82,4014.09,4009.78,4010.95,2262,23,0
1784587200,4010.95,4011.02,4005.32,4005.78,1863,23,0
1784587500,4005.78,4009.78,4005.61,4008.85,1791,23,0
1784587800,4008.83,4009.96,4008.08,4009.64,1955,23,0
1784588100,4009.61,4009.64,4005.87,4006.88,2212,23,0
1784588400,4006.88,4009.14,4006.62,4008.42,1489,23,0
1784588700,4008.39,4009.33,4005.71,4006.54,1134,23,0
1784589000,4006.44,4008.36,4006.13,4007.73,909,23,0
1784589300,4007.74,4008.31,4007.10,4007.29,733,23,0
1784589600,4007.29,4008.96,4007.29,4008.32,739,23,0
1784589900,4008.32,4009.14,4008.03,4008.19,678,23,0
1784590200,4008.16,4009.21,4007.34,4009.09,703,28,0
1784590500,4009.10,4009.33,4008.06,4008.65,626,28,0
1784590800,4008.67,4009.43,4008.32,4008.76,635,28,0
1784591100,4008.74,4008.74,4007.84,4007.94,733,28,0
1784591400,4007.94,4008.60,4007.29,4008.21,646,28,0
1784591700,4008.21,4008.64,4007.31,4008.57,468,28,0
1784595600,4009.77,4010.79,4008.05,4008.08,857,28,0
1784595900,4008.08,4008.08,4005.87,4006.22,746,28,0
1784596200,4006.24,4007.68,4006.04,4006.96,874,28,0
1784596500,4006.96,4007.39,4006.02,4007.07,927,28,0
1784596800,4007.09,4008.22,4005.04,4008.03,1544,28,0
1784597100,4007.99,4010.70,4007.75,4009.80,1213,28,0
1784597400,4009.78,4009.82,4006.93,4008.23,1013,23,0
1784597700,4008.23,4008.56,4005.75,4007.94,1536,23,0
1784598000,4007.95,4008.07,4002.92,4004.18,1416,23,0
1784598300,4004.17,4008.43,4001.85,4001.85,1340,23,0
1784598600,4001.82,4003.05,3999.96,4000.85,1573,23,0
1784598900,4000.84,4002.69,3999.75,4000.41,1598,23,0
1784599200,4000.42,4005.22,4000.19,4004.29,1581,23,0
1784599500,4004.29,4009.85,4004.21,4008.88,1538,23,0
1784599800,4008.87,4008.89,4000.53,4003.13,1727,23,0
1784600100,4003.14,4007.25,4003.10,4006.41,1148,23,0
1784600400,4006.39,4006.74,4003.99,4004.91,1149,23,0
1784600700,4004.91,4005.15,4003.47,4003.60,1222,23,0
1784601000,4003.61,4007.77,4003.40,4006.06,1133,23,0
1784601300,4006.13,4007.64,4004.68,4005.03,773,23,0
1784601600,4005.01,4008.50,4003.89,4007.58,1320,23,0
1784601900,4007.58,4007.98,4004.21,4006.89,1491,23,0
1784602200,4006.89,4008.13,4005.85,4007.79,1367,23,0
1784602500,4007.79,4010.52,4007.19,4009.88,1783,23,0
1784602800,4009.90,4010.18,4003.82,4005.04,2898,23,0
1784603100,4005.04,4008.43,4004.60,4007.71,2763,23,0
1784603400,4007.56,4012.58,4006.81,4010.57,2663,23,0
1784603700,4010.56,4016.21,4007.85,4015.58,2627,23,0
1784604000,4015.60,4017.62,4012.92,4017.26,2389,23,0
1784604300,4017.26,4018.45,4014.41,4014.99,2167,23,0
1784604600,4015.00,4017.95,4014.21,4017.33,1856,23,0
1784604900,4017.32,4022.04,4016.58,4019.00,2072,23,0
1784605200,4019.01,4023.82,4018.25,4022.45,1897,23,0
1784605500,4022.45,4025.08,4021.93,4024.59,1930,23,0
1784605800,4024.58,4027.12,4023.66,4024.64,2013,23,0
1784606100,4024.62,4026.47,4023.11,4024.87,1981,23,0
1784606400,4024.88,4025.78,4018.31,4023.65,3176,23,0
1784606700,4023.63,4029.20,4023.57,4027.40,2595,23,0
1784607000,4027.39,4029.96,4026.45,4028.91,2638,23,0
1784607300,4028.90,4035.82,4027.00,4034.54,2712,23,0
1784607600,4034.30,4034.30,4026.23,4027.99,2387,23,0
1784607900,4027.97,4031.57,4027.58,4028.10,2444,23,0
1784608200,4028.10,4030.79,4026.88,4030.17,2432,23,0
1784608500,4030.18,4030.82,4023.12,4023.70,2580,23,0
1784608800,4023.73,4026.36,4023.40,4024.42,2113,23,0
1784609100,4024.41,4026.74,4022.57,4025.68,2191,23,0
1784609400,4025.69,4028.26,4024.86,4028.09,2039,23,0
1784609700,4028.09,4028.09,4021.43,4023.19,2296,23,0
1784610000,4023.19,4024.29,4022.04,4022.73,2020,23,0
1784610300,4022.73,4026.56,4022.37,4025.86,1927,23,0
1784610600,4025.87,4026.63,4023.50,4024.38,1975,23,0
1784610900,4024.38,4025.40,4022.00,4022.61,1479,23,0
1784611200,4022.63,4028.60,4022.16,4028.10,1837,23,0
1784611500,4028.10,4029.98,4025.58,4028.84,1831,23,0
1784611800,4028.82,4032.51,4028.01,4030.54,2377,23,0
1784612100,4030.54,4044.91,4030.08,4037.26,3060,23,0
1784612400,4037.27,4040.31,4035.17,4035.59,2372,23,0
1784612700,4035.69,4036.28,4033.99,4034.19,1885,23,0
1784613000,4034.19,4034.98,4031.00,4033.30,1992,23,0
1784613300,4033.29,4038.31,4032.85,4037.97,2168,23,0
1784613600,4037.97,4042.23,4037.74,4040.53,2379,23,0
1784613900,4040.55,4042.21,4038.09,4040.81,1947,23,0
1784614200,4040.81,4041.47,4037.71,4038.11,1797,23,0
1784614500,4038.11,4038.69,4036.83,4037.34,1820,23,0
1784614800,4037.34,4041.96,4037.06,4041.77,2165,23,0
1784615100,4041.77,4051.20,4041.41,4047.49,2556,23,0
1784615400,4047.48,4049.62,4044.68,4044.79,1696,23,0
1784615700,4044.79,4045.20,4042.98,4044.32,1480,23,0
1784616000,4044.32,4044.40,4041.80,4041.89,1161,23,0
1784616300,4041.89,4045.63,4041.84,4045.43,1472,23,0
1784616600,4045.42,4046.95,4044.93,4045.64,1242,23,0
1784616900,4045.66,4047.46,4045.30,4046.96,1484,23,0
1784617200,4046.95,4050.20,4046.95,4048.00,1527,23,0
1784617500,4048.00,4051.69,4047.09,4048.62,1722,23,0
1784617800,4048.62,4048.62,4045.72,4045.95,1384,23,0
1784618100,4045.94,4046.39,4043.84,4043.95,1175,23,0
1784618400,4043.96,4046.77,4043.96,4044.98,1203,23,0
1784618700,4044.97,4045.34,4043.70,4044.67,1068,23,0
1784619000,4044.61,4045.94,4044.40,4045.51,993,23,0
1784619300,4045.52,4046.56,4045.18,4046.05,1154,23,0
1784619600,4046.06,4047.59,4045.08,4046.97,1142,23,0
1784619900,4046.99,4047.76,4045.68,4046.51,1092,23,0
1784620200,4046.52,4047.40,4045.48,4047.29,1009,23,0
1784620500,4047.28,4049.70,4046.76,4049.58,1265,23,0
1784620800,4049.58,4050.39,4048.44,4048.52,1346,23,0
1784621100,4048.52,4050.36,4046.41,4050.25,1470,23,0
1784621400,4050.28,4051.75,4048.29,4051.48,1526,23,0
1784621700,4051.49,4053.50,4048.97,4050.43,1451,23,0
1784622000,4050.43,4051.45,4048.09,4051.03,1322,23,0
1784622300,4051.05,4056.42,4050.98,4054.49,1764,23,0
1784622600,4054.52,4060.53,4054.52,4059.66,2548,23,0
1784622900,4059.66,4061.76,4058.89,4061.32,2022,23,0
1784623200,4061.27,4066.51,4060.23,4065.90,2618,23,0
1784623500,4065.91,4067.91,4063.88,4066.00,2288,23,0
1784623800,4066.03,4066.58,4062.26,4062.95,2233,23,0
1784624100,4062.93,4064.69,4061.24,4061.42,1979,23,0
1784624400,4061.42,4066.55,4061.42,4065.25,2289,23,0
1784624700,4065.26,4067.75,4064.00,4067.75,2143,23,0
1784625000,4067.76,4072.44,4066.74,4071.37,2429,23,0
1784625300,4071.38,4072.69,4068.36,4071.49,2445,23,0
1784625600,4071.49,4074.41,4069.85,4073.59,2207,23,0
1784625900,4073.59,4074.19,4071.12,4072.35,2066,23,0
1784626200,4072.36,4074.63,4071.90,4072.55,2286,23,0
1784626500,4072.53,4075.98,4072.49,4074.43,2095,23,0
1784626800,4074.42,4080.65,4073.89,4077.09,2199,23,0
1784627100,4077.09,4084.13,4077.07,4082.98,2291,23,0
1784627400,4082.97,4083.31,4079.24,4080.21,2005,23,0
1784627700,4080.21,4080.65,4078.47,4078.47,1794,23,0
1784628000,4078.42,4080.19,4077.24,4077.52,1906,23,0
1784628300,4077.52,4078.02,4074.65,4074.65,2009,23,0
1784628600,4074.66,4075.34,4071.79,4072.16,1895,23,0
1784628900,4072.16,4073.48,4071.05,4073.40,1575,23,0
1784629200,4073.40,4073.40,4070.58,4070.58,1418,23,0
1784629500,4070.58,4071.04,4068.33,4069.57,1727,23,0
1784629800,4069.57,4073.75,4067.67,4073.33,1882,23,0
1784630100,4073.34,4075.36,4072.68,4073.16,1686,23,0
1784630400,4073.01,4074.08,4071.32,4071.45,1469,23,0
1784630700,4071.46,4072.59,4070.21,4071.49,1553,23,0
1784631000,4071.48,4072.09,4070.41,4070.50,1557,23,0
1784631300,4070.46,4071.76,4069.88,4071.33,1720,23,0
1784631600,4071.32,4072.53,4066.14,4066.30,2142,23,0
1784631900,4066.26,4069.71,4065.59,4066.62,1944,23,0
1784632200,4066.62,4068.51,4065.88,4067.98,1620,23,0
1784632500,4067.98,4068.64,4066.12,4066.92,1710,23,0
1784632800,4066.91,4066.97,4063.13,4063.84,1770,23,0
1784633100,4063.90,4064.75,4063.02,4063.41,1795,23,0
1784633400,4063.57,4065.14,4061.92,4062.68,1779,23,0
1784633700,4062.69,4063.60,4060.92,4062.36,1661,23,0
1784634000,4062.38,4064.02,4062.01,4062.21,1500,23,0
1784634300,4062.21,4062.43,4059.22,4060.10,1526,23,0
1784634600,4060.10,4063.47,4059.16,4061.19,1740,23,0
1784634900,4061.18,4063.59,4060.25,4062.82,1264,23,0
1784635200,4062.82,4066.69,4062.81,4066.09,1495,23,0
1784635500,4066.11,4066.75,4063.82,4066.07,1664,23,0
1784635800,4066.07,4066.28,4064.74,4065.16,1247,23,0
1784636100,4065.15,4066.73,4064.74,4066.43,1595,23,0
1784636400,4066.43,4068.28,4065.10,4067.05,1715,23,0
1784636700,4067.05,4068.39,4062.65,4062.79,1634,23,0
1784637000,4062.79,4065.64,4061.85,4063.11,1763,23,0
1784637300,4063.09,4064.11,4061.76,4062.47,1509,23,0
1784637600,4062.50,4062.90,4061.10,4062.42,1374,23,0
1784637900,4062.42,4067.01,4062.15,4066.41,1520,23,0
1784638200,4066.41,4069.64,4064.47,4068.98,1842,23,0
1784638500,4069.09,4069.32,4065.78,4065.99,1627,23,0
1784638800,4066.00,4068.12,4063.67,4064.00,1839,23,0
1784639100,4063.98,4064.23,4061.61,4061.64,1562,23,0
1784639400,4061.63,4068.43,4060.97,4066.36,2574,23,0
1784639700,4066.33,4068.19,4064.99,4067.43,1907,23,0
1784640000,4067.43,4069.05,4067.09,4067.43,1824,23,0
1784640300,4067.42,4069.29,4066.28,4066.76,1753,23,0
1784640600,4066.78,4068.41,4066.57,4068.22,1622,23,0
1784640900,4068.22,4070.14,4068.04,4068.87,1655,23,0
1784641200,4068.87,4068.87,4066.78,4067.08,1431,23,0
1784641500,4067.09,4068.53,4062.96,4063.06,1688,23,0
1784641800,4063.06,4066.29,4062.95,4064.80,1511,23,0
1784642100,4064.82,4065.09,4062.56,4062.97,1715,23,0
1784642400,4062.99,4063.66,4056.27,4056.80,2031,23,0
1784642700,4056.82,4058.98,4055.48,4056.17,1915,23,0
1784643000,4056.17,4059.02,4055.97,4058.55,1800,23,0
1784643300,4058.54,4059.62,4058.01,4058.07,1686,23,0
1784643600,4058.07,4059.38,4056.23,4059.37,1542,23,0
1784643900,4059.36,4059.80,4057.21,4057.97,1485,23,0
1784644200,4058.00,4059.60,4057.83,4058.82,1573,23,0
1784644500,4058.82,4061.16,4058.71,4059.94,1652,23,0
1784644800,4059.94,4060.09,4055.56,4056.05,1631,23,0
1784645100,4056.05,4057.87,4054.44,4057.87,1306,23,0
1784645400,4057.87,4058.41,4055.75,4056.46,1377,23,0
1784645700,4056.47,4057.04,4054.98,4055.98,1463,23,0
1784646000,4055.99,4058.83,4055.81,4058.31,2008,23,0
1784646300,4058.31,4060.95,4058.16,4058.62,1855,23,0
1784646600,4058.64,4059.67,4056.43,4059.41,1793,23,0
1784646900,4059.43,4060.19,4055.73,4059.07,2090,23,0
1784647200,4059.08,4065.70,4057.81,4065.06,2191,23,0
1784647500,4065.12,4065.12,4060.70,4061.54,2224,23,0
1784647800,4061.54,4063.72,4059.08,4059.41,2253,23,0
1784648100,4059.42,4059.48,4053.78,4055.07,2263,23,0
1784648400,4055.09,4056.08,4051.06,4053.92,2352,23,0
1784648700,4053.91,4062.08,4053.61,4060.03,2214,23,0
1784649000,4060.03,4060.06,4055.36,4055.67,2007,23,0
1784649300,4055.68,4055.87,4052.87,4054.05,2165,23,0
1784649600,4054.01,4060.36,4053.89,4056.90,2933,23,0
1784649900,4056.91,4060.42,4056.91,4057.54,2580,23,0
1784650200,4057.55,4060.41,4056.79,4059.75,2225,23,0
1784650500,4059.76,4061.69,4054.65,4055.85,2454,23,0
1784650800,4055.85,4057.34,4051.77,4052.56,2401,23,0
1784651100,4052.57,4054.59,4050.26,4050.92,2700,23,0
1784651400,4050.91,4057.36,4047.61,4055.97,3439,23,0
1784651700,4055.97,4057.33,4051.12,4052.84,3065,23,0
1784652000,4052.85,4053.70,4044.81,4046.49,3144,23,0
1784652300,4046.41,4050.49,4044.46,4050.43,3098,23,0
1784652600,4050.44,4052.69,4046.38,4052.27,2855,23,0
1784652900,4052.26,4053.46,4049.79,4053.10,2831,23,0
1784653200,4053.09,4056.76,4051.80,4056.50,2938,23,0
1784653500,4056.48,4059.43,4054.63,4054.95,2818,23,0
1784653800,4054.93,4065.93,4054.93,4065.93,3051,23,0
1784654100,4065.94,4067.62,4061.07,4064.01,2985,23,0
1784654400,4064.04,4065.17,4061.29,4064.90,2846,23,0
1784654700,4064.91,4069.33,4064.17,4069.33,2710,23,0
1784655000,4069.39,4073.74,4066.75,4066.78,2895,23,0
1784655300,4066.77,4067.27,4062.29,4064.47,2670,23,0
1784655600,4064.51,4067.94,4062.86,4067.51,2572,23,0
1784655900,4067.52,4070.49,4066.23,4069.61,2777,23,0
1784656200,4069.58,4070.71,4066.62,4068.99,2724,23,0
1784656500,4068.94,4070.32,4067.30,4068.39,2671,23,0
1784656800,4068.38,4070.96,4067.77,4068.26,2738,23,0
1784657100,4068.26,4070.36,4065.59,4069.22,2499,23,0
1784657400,4069.15,4073.78,4069.12,4073.34,2566,23,0
1784657700,4073.32,4078.61,4073.28,4077.01,2575,23,0
1784658000,4077.01,4079.10,4075.48,4078.19,2666,23,0
1784658300,4078.16,4078.30,4075.72,4076.79,2338,23,0
1784658600,4076.79,4082.71,4076.04,4081.16,2754,23,0
1784658900,4081.21,4083.31,4078.79,4080.23,2259,23,0
1784659200,4080.24,4080.86,4075.53,4075.82,2220,23,0
1784659500,4075.86,4076.03,4072.24,4073.12,2220,23,0
1784659800,4073.15,4078.15,4073.13,4076.67,1943,23,0
1784660100,4076.65,4076.78,4073.83,4074.17,1921,23,0
1784660400,4074.17,4077.89,4073.66,4077.89,2016,23,0
1784660700,4077.89,4078.06,4076.53,4077.08,1729,23,0
1784661000,4077.08,4079.14,4076.45,4078.43,1985,23,0
1784661300,4078.43,4078.48,4076.75,4077.36,1759,23,0
1784661600,4077.34,4078.13,4076.19,4077.98,1641,23,0
1784661900,4077.97,4078.09,4074.03,4075.67,1614,23,0
1784662200,4075.67,4076.33,4074.77,4075.83,1617,23,0
1784662500,4075.83,4076.02,4071.24,4074.28,1689,23,0
1784662800,4074.29,4075.12,4071.51,4071.96,1677,23,0
1784663100,4071.98,4072.66,4069.86,4072.44,1961,23,0
1784663400,4072.42,4073.28,4071.57,4072.86,1515,23,0
1784663700,4072.84,4073.10,4071.06,4071.54,1560,23,0
1784664000,4071.54,4072.28,4069.31,4070.30,1870,23,0
1784664300,4070.29,4072.51,4069.89,4071.53,1544,23,0
1784664600,4071.54,4072.37,4069.96,4070.48,1673,23,0
1784664900,4070.49,4070.96,4069.07,4069.09,1716,23,0
1784665200,4069.08,4071.88,4068.95,4071.37,1625,23,0
1784665500,4071.36,4072.77,4070.93,4072.21,1616,23,0
1784665800,4072.22,4072.27,4069.72,4070.40,1373,23,0
1784666100,4070.37,4070.38,4068.99,4069.40,1202,23,0
1784666400,4069.37,4069.54,4066.81,4068.13,1513,23,0
1784666700,4068.13,4068.18,4066.79,4067.11,1281,23,0
1784667000,4067.10,4068.07,4066.83,4067.84,1166,23,0
1784667300,4067.83,4068.65,4066.86,4068.65,1244,23,0
1784667600,4068.65,4069.61,4067.85,4067.85,1588,23,0
1784667900,4067.85,4072.02,4067.69,4071.76,1644,23,0
1784668200,4071.79,4072.26,4071.29,4071.44,1443,23,0
1784668500,4071.43,4073.78,4071.20,4073.27,1594,23,0
1784668800,4073.28,4081.58,4072.51,4081.31,1789,23,0
1784669100,4081.26,4086.98,4081.18,4083.81,2434,23,0
1784669400,4083.81,4085.60,4081.25,4084.48,1775,23,0
1784669700,4084.51,4085.30,4081.51,4082.74,1662,23,0
1784670000,4082.73,4083.96,4081.77,4082.47,1580,23,0
1784670300,4082.41,4082.57,4080.31,4080.74,1378,23,0
1784670600,4080.73,4081.42,4079.29,4081.06,1217,23,0
1784670900,4081.07,4083.37,4081.03,4082.23,1284,23,0
1784671200,4082.25,4085.29,4082.24,4084.38,1864,23,0
1784671500,4084.37,4085.54,4081.34,4081.39,1730,23,0
1784671800,4081.38,4081.74,4080.06,4080.86,1590,23,0
1784672100,4080.86,4084.06,4080.86,4083.61,1469,23,0
1784672400,4083.60,4084.55,4082.38,4083.80,1513,23,0
1784672700,4083.77,4085.27,4083.63,4084.08,1668,23,0
1784673000,4084.08,4085.09,4083.20,4083.46,1557,23,0
1784673300,4083.47,4083.54,4081.88,4082.63,1278,23,0
1784673600,4082.61,4084.44,4082.39,4083.35,1296,23,0
1784673900,4083.37,4085.28,4082.89,4084.56,1455,23,0
1784674200,4084.60,4085.24,4083.63,4084.25,1890,23,0
1784674500,4084.25,4085.33,4083.55,4084.52,2026,23,0
1784674800,4084.54,4086.21,4083.31,4084.61,1276,23,0
1784675100,4084.62,4086.02,4083.91,4085.09,632,23,0
1784675400,4085.09,4085.14,4083.70,4084.37,533,23,0
1784675700,4084.39,4084.52,4083.04,4084.04,537,23,0
1784676000,4084.03,4084.04,4081.60,4082.94,524,23,0
1784676300,4082.94,4083.14,4082.25,4082.79,401,23,0
1784676600,4082.77,4085.32,4082.77,4083.16,822,28,0
1784676900,4083.16,4083.41,4081.86,4081.91,704,28,0
1784677200,4081.92,4082.00,4080.42,4080.98,801,28,0
1784677500,4080.98,4080.98,4077.99,4078.45,1015,28,0
1784677800,4078.44,4079.06,4077.33,4077.66,898,28,0
1784678100,4077.66,4078.08,4076.62,4077.77,512,28,0
1784682000,4079.86,4081.65,4078.28,4078.57,1179,28,0
1784682300,4078.57,4079.70,4077.09,4077.89,978,28,0
1784682600,4077.91,4079.24,4077.49,4078.99,778,28,0
1784682900,4079.00,4080.89,4078.22,4080.10,1104,28,0
1784683200,4080.10,4082.16,4080.10,4080.67,904,28,0
1784683500,4080.66,4083.03,4080.61,4082.64,1054,28,0
1784683800,4082.69,4084.99,4082.63,4083.90,1210,23,0
1784684100,4083.89,4085.00,4082.82,4084.51,1054,23,0
1784684400,4084.51,4084.99,4083.88,4084.00,903,23,0
1784684700,4084.01,4084.40,4081.17,4081.19,1211,23,0
1784685000,4081.18,4082.02,4078.25,4079.76,1216,23,0
1784685300,4079.74,4081.27,4079.67,4080.45,888,23,0
1784685600,4080.45,4081.38,4079.47,4080.52,1074,23,0
1784685900,4080.53,4081.86,4080.24,4081.10,761,23,0
1784686200,4081.08,4081.95,4080.35,4081.32,768,23,0
1784686500,4081.31,4082.47,4080.93,4082.35,717,23,0
1784686800,4082.35,4082.41,4081.33,4082.12,542,23,0
1784687100,4082.14,4082.51,4081.11,4081.21,714,23,0
1784687400,4081.22,4081.70,4080.55,4080.66,697,23,0
1784687700,4080.69,4082.05,4080.47,4081.91,704,23,0
1784688000,4081.91,4082.35,4079.29,4080.44,1017,23,0
1784688300,4080.44,4083.06,4079.48,4081.01,1241,23,0
1784688600,4081.01,4081.41,4080.26,4080.46,923,23,0
1784688900,4080.45,4081.02,4079.27,4080.76,1172,23,0
1784689200,4080.63,4082.74,4076.77,4082.67,2444,23,0
1784689500,4082.68,4090.14,4081.36,4088.10,2592,23,0
1784689800,4088.11,4092.73,4087.55,4092.19,2372,23,0
1784690100,4092.20,4098.06,4092.17,4095.48,2505,23,0
1784690400,4095.48,4097.67,4092.87,4097.13,2115,23,0
1784690700,4097.13,4098.71,4096.69,4098.10,2067,23,0
1784691000,4098.10,4102.33,4090.40,4091.43,2467,23,0
1784691300,4091.43,4097.24,4089.60,4094.75,2328,23,0
1784691600,4094.76,4095.24,4091.82,4092.77,1939,23,0
1784691900,4092.77,4099.28,4091.57,4096.57,2268,23,0
1784692200,4096.56,4097.28,4093.51,4093.95,1992,23,0
1784692500,4093.98,4097.57,4093.12,4097.44,2160,23,0
1784692800,4097.46,4113.67,4096.65,4110.69,3538,23,0
1784693100,4110.65,4117.28,4110.06,4115.87,3183,23,0
1784693400,4115.86,4121.42,4113.66,4121.32,2929,23,0
1784693700,4121.33,4121.61,4112.01,4112.78,2761,23,0
1784694000,4112.79,4115.69,4111.75,4112.39,2731,23,0
1784694300,4112.39,4116.67,4112.10,4115.45,2618,23,0
1784694600,4115.47,4117.10,4112.93,4116.73,2752,23,0
1784694900,4116.75,4121.41,4114.82,4119.59,2749,23,0
1784695200,4119.59,4122.77,4118.00,4121.61,2706,23,0
1784695500,4121.59,4123.53,4118.73,4119.66,2426,23,0
1784695800,4119.72,4121.04,4118.35,4119.42,2445,23,0
1784696100,4119.43,4122.90,4117.34,4122.10,2354,23,0
1784696400,4122.10,4122.66,4119.46,4121.78,2397,23,0
1784696700,4121.75,4122.12,4118.95,4121.48,2188,23,0
1784697000,4121.48,4123.25,4120.42,4121.92,2067,23,0
1784697300,4121.92,4125.09,4119.93,4120.47,1963,23,0
1784697600,4120.45,4125.48,4120.30,4124.78,1791,23,0
1784697900,4124.83,4125.97,4123.92,4124.22,1818,23,0
1784698200,4124.21,4130.39,4122.17,4130.12,2761,23,0
1784698500,4130.14,4130.29,4124.49,4124.51,2391,23,0
1784698800,4124.51,4129.25,4124.44,4128.19,2207,23,0
1784699100,4128.24,4130.56,4127.50,4128.36,2235,23,0
1784699400,4128.40,4129.10,4126.21,4128.24,2317,23,0
1784699700,4128.26,4130.81,4126.73,4130.43,2140,23,0
1784700000,4130.47,4133.46,4129.27,4133.39,2337,23,0
1784700300,4133.40,4140.62,4132.49,4137.36,2604,23,0
1784700600,4137.37,4138.42,4135.05,4137.27,1855,23,0
1784700900,4137.27,4139.82,4136.74,4139.03,2025,23,0
1784701200,4139.05,4141.65,4138.21,4138.94,1853,23,0
1784701500,4138.93,4139.77,4137.05,4138.21,1932,23,0
1784701800,4138.21,4138.26,4134.66,4135.14,1850,23,0
1784702100,4135.14,4135.82,4132.60,4133.64,1510,23,0
1784702400,4133.64,4134.30,4132.49,4133.53,1585,23,0
1784702700,4133.53,4134.30,4132.22,4132.69,1646,23,0
1784703000,4132.69,4132.76,4130.73,4131.11,1523,23,0
1784703300,4131.11,4131.70,4130.06,4130.86,1577,23,0
1784703600,4130.86,4131.23,4126.58,4128.33,1957,23,0
1784703900,4128.33,4130.44,4127.65,4128.06,1289,23,0
1784704200,4128.06,4128.47,4126.25,4126.88,1422,23,0
1784704500,4126.88,4129.62,4126.88,4128.06,1251,23,0
1784704800,4128.05,4129.38,4127.60,4128.78,1214,23,0
1784705100,4128.78,4128.87,4127.54,4128.77,1175,23,0
1784705400,4128.77,4128.96,4124.88,4126.69,1416,23,0
1784705700,4126.74,4126.85,4124.74,4126.28,1434,23,0
1784706000,4126.28,4127.63,4126.23,4127.27,1301,23,0
1784706300,4127.28,4127.60,4125.42,4126.24,1487,23,0
1784706600,4126.25,4126.97,4125.17,4125.97,1292,23,0
1784706900,4125.97,4127.21,4125.54,4126.81,1185,23,0
1784707200,4126.80,4129.19,4125.93,4128.36,1527,23,0
1784707500,4128.42,4129.10,4126.50,4127.20,1540,23,0
1784707800,4127.20,4129.94,4127.02,4128.50,1435,23,0
1784708100,4128.50,4128.67,4123.22,4124.07,1916,23,0
1784708400,4124.08,4124.75,4123.17,4124.39,1498,23,0
1784708700,4124.40,4126.32,4123.48,4123.70,1626,23,0
1784709000,4123.70,4128.80,4123.09,4127.55,2858,23,0
1784709300,4127.55,4133.99,4127.21,4132.49,2368,23,0
1784709600,4132.49,4133.18,4130.21,4132.53,2142,23,0
1784709900,4132.48,4133.19,4130.23,4131.97,2296,23,0
1784710200,4132.01,4132.86,4129.19,4129.57,2143,23,0
1784710500,4129.57,4131.50,4127.99,4131.02,2057,23,0
1784710800,4131.03,4135.16,4130.94,4134.27,2335,23,0
1784711100,4134.26,4134.27,4130.53,4130.73,2013,23,0
1784711400,4130.75,4132.28,4129.43,4129.82,1966,23,0
1784711700,4129.82,4131.91,4129.16,4130.43,1925,23,0
1784712000,4130.41,4130.66,4124.41,4125.15,2207,23,0
1784712300,4125.13,4125.22,4114.00,4117.40,2770,23,0
1784712600,4117.41,4119.31,4114.69,4119.28,2654,23,0
1784712900,4119.30,4120.33,4116.54,4117.36,2220,23,0
1784713200,4117.35,4120.14,4117.08,4118.76,1963,23,0
1784713500,4118.75,4120.67,4117.02,4117.65,2021,23,0
1784713800,4117.61,4117.65,4114.26,4116.40,2188,23,0
1784714100,4116.39,4117.06,4113.43,4116.44,2225,23,0
1784714400,4116.45,4117.28,4111.88,4112.68,2277,23,0
1784714700,4112.67,4115.66,4112.43,4113.43,2089,23,0
1784715000,4113.39,4116.43,4112.44,4116.41,2108,23,0
1784715300,4116.42,4119.09,4115.97,4118.82,1920,23,0
1784715600,4118.85,4122.50,4117.83,4117.83,1775,23,0
1784715900,4117.87,4120.05,4117.71,4119.71,1808,23,0
1784716200,4119.72,4122.97,4118.18,4118.20,2199,23,0
1784716500,4118.19,4118.38,4114.99,4114.99,2113,23,0
1784716800,4114.99,4115.29,4111.00,4112.32,2271,23,0
1784717100,4112.32,4113.43,4109.80,4110.18,2149,23,0
1784717400,4110.19,4114.07,4109.63,4114.06,2134,23,0
1784717700,4114.06,4114.33,4109.25,4110.61,2096,23,0
1784718000,4110.62,4115.28,4110.62,4114.95,2491,23,0
1784718300,4114.95,4115.88,4113.55,4114.53,2132,23,0
1784718600,4114.53,4115.99,4112.36,4114.64,2044,23,0
1784718900,4114.64,4115.50,4113.40,4114.84,2122,23,0
1784719200,4114.84,4117.81,4114.84,4116.89,1982,23,0
1784719500,4116.91,4117.67,4115.37,4117.40,2312,23,0
1784719800,4117.41,4119.11,4116.62,4117.93,2112,23,0
1784720100,4117.94,4118.52,4116.60,4116.77,1905,23,0
1784720400,4116.77,4117.40,4114.17,4114.55,1792,23,0
1784720700,4114.55,4116.28,4113.33,4114.66,1809,23,0
1784721000,4114.63,4117.77,4113.73,4117.61,2057,23,0
1784721300,4117.59,4120.05,4117.56,4118.31,1758,23,0
1784721600,4118.31,4120.51,4117.84,4119.85,2051,23,0
1784721900,4119.88,4122.17,4118.06,4120.08,1823,23,0
1784722200,4120.10,4122.24,4119.64,4121.70,1736,23,0
1784722500,4121.70,4122.23,4119.79,4122.22,1807,23,0
1784722800,4122.22,4122.33,4119.38,4120.71,1972,23,0
1784723100,4120.70,4121.24,4117.93,4118.69,1745,23,0
1784723400,4118.68,4121.66,4116.42,4117.33,1947,23,0
1784723700,4117.33,4118.80,4114.35,4114.42,1966,23,0
1784724000,4114.44,4118.88,4114.37,4116.03,1864,23,0
1784724300,4116.03,4117.42,4115.78,4116.89,1635,23,0
1784724600,4116.90,4117.62,4113.28,4115.12,1869,23,0
1784724900,4115.12,4117.84,4114.18,4115.03,1879,23,0
1784725200,4115.04,4119.95,4114.91,4116.33,2043,23,0
1784725500,4116.32,4117.86,4116.00,4116.17,1885,23,0
1784725800,4116.18,4118.08,4116.01,4117.47,1637,23,0
1784726100,4117.46,4119.24,4116.44,4117.63,1662,23,0
1784726400,4117.63,4121.82,4117.63,4121.41,2076,23,0
1784726700,4121.43,4121.73,4119.08,4119.32,1818,23,0
1784727000,4119.32,4119.95,4117.93,4118.80,1581,23,0
1784727300,4118.80,4119.11,4116.70,4117.10,1765,23,0
1784727600,4117.10,4117.71,4116.00,4117.06,1386,23,0
1784727900,4117.06,4118.98,4116.24,4118.90,1718,23,0
1784728200,4118.90,4120.25,4117.99,4118.19,1716,23,0
1784728500,4118.19,4118.28,4116.21,4117.53,1579,23,0
1784728800,4117.54,4118.13,4115.20,4117.04,1853,23,0
1784729100,4117.04,4118.76,4116.09,4118.71,1674,23,0
1784729400,4118.73,4120.93,4118.01,4119.18,1493,23,0
1784729700,4119.17,4123.00,4118.62,4121.03,1419,23,0
1784730000,4121.03,4122.65,4120.30,4120.53,1599,23,0
1784730300,4120.51,4120.82,4117.50,4118.63,1604,23,0
1784730600,4118.64,4120.56,4118.28,4119.87,1607,23,0
1784730900,4119.87,4119.90,4117.19,4118.61,1742,23,0
1784731200,4118.63,4119.20,4112.54,4115.16,2598,23,0
1784731500,4115.17,4120.25,4114.78,4120.20,2080,23,0
1784731800,4120.21,4121.41,4118.00,4119.72,1748,23,0
1784732100,4119.74,4122.98,4119.51,4122.57,1784,23,0
1784732400,4122.58,4126.49,4121.84,4125.29,2217,23,0
1784732700,4125.28,4126.83,4123.54,4124.81,2085,23,0
1784733000,4124.81,4127.33,4123.58,4127.01,1993,23,0
1784733300,4127.01,4127.72,4124.81,4125.89,2037,23,0
1784733600,4125.89,4130.10,4125.63,4129.56,2501,23,0
1784733900,4129.56,4133.16,4128.59,4132.65,2239,23,0
1784734200,4132.62,4134.39,4127.41,4127.62,2395,23,0
1784734500,4127.60,4128.22,4124.68,4127.09,2226,23,0
1784734800,4127.10,4128.44,4125.34,4127.24,2071,23,0
1784735100,4127.23,4127.62,4118.72,4118.79,2498,23,0
1784735400,4118.79,4119.66,4116.75,4117.99,2237,23,0
1784735700,4117.98,4118.26,4106.69,4112.82,2693,23,0
1784736000,4112.82,4120.38,4112.63,4119.27,2944,23,0
1784736300,4119.31,4121.26,4117.42,4121.12,2418,23,0
1784736600,4121.12,4125.84,4120.41,4125.73,2125,23,0
1784736900,4125.70,4131.38,4125.00,4130.86,2353,23,0
1784737200,4130.77,4133.87,4128.64,4133.58,2436,23,0
1784737500,4133.62,4134.95,4131.26,4131.75,2328,23,0
1784737800,4131.74,4146.70,4131.74,4142.21,3514,23,0
1784738100,4142.23,4145.56,4138.74,4144.47,3315,23,0
1784738400,4144.48,4146.00,4140.91,4142.72,3163,23,0
1784738700,4142.71,4149.58,4142.63,4146.49,3240,23,0
1784739000,4146.47,4148.10,4143.90,4145.54,3109,23,0
1784739300,4145.54,4155.90,4144.69,4154.56,3153,23,0
1784739600,4154.60,4163.38,4153.41,4156.75,3388,23,0
1784739900,4156.77,4158.93,4153.46,4156.60,3111,23,0
1784740200,4156.60,4158.94,4155.45,4156.51,2833,23,0
1784740500,4156.50,4156.51,4148.84,4149.01,3175,23,0
1784740800,4149.01,4152.62,4148.62,4149.75,3114,23,0
1784741100,4149.75,4150.46,4144.42,4146.24,2980,23,0
1784741400,4146.25,4152.56,4146.25,4150.58,2814,23,0
1784741700,4150.55,4151.99,4148.85,4151.97,2857,23,0
1784742000,4151.97,4152.92,4147.65,4150.87,2884,23,0
1784742300,4150.85,4152.87,4145.68,4148.22,2860,23,0
1784742600,4148.22,4148.87,4146.18,4147.72,2728,23,0
1784742900,4147.73,4149.90,4144.06,4148.48,2777,23,0
1784743200,4148.47,4155.11,4148.47,4154.61,2705,23,0
1784743500,4154.61,4156.30,4153.76,4154.86,2708,23,0
1784743800,4154.85,4158.44,4154.21,4157.51,2567,23,0
1784744100,4157.50,4157.61,4153.29,4155.04,2387,23,0
1784744400,4155.03,4161.34,4154.34,4159.80,2242,23,0
1784744700,4159.80,4160.34,4156.52,4157.21,2244,23,0
1784745000,4157.15,4158.76,4156.17,4156.66,2398,23,0
1784745300,4156.71,4159.07,4155.65,4157.32,2564,23,0
1784745600,4157.30,4160.89,4157.29,4159.91,2447,23,0
1784745900,4159.90,4165.16,4158.58,4164.43,2491,23,0
1784746200,4164.43,4166.02,4162.37,4162.50,2541,23,0
1784746500,4162.55,4162.55,4158.41,4159.38,2487,23,0
1784746800,4159.38,4159.41,4156.20,4156.82,2383,23,0
1784747100,4156.82,4159.24,4156.34,4156.76,2102,23,0
1784747400,4156.78,4156.83,4153.16,4154.41,2138,23,0
1784747700,4154.41,4155.41,4151.14,4154.97,2081,23,0
1784748000,4154.97,4155.53,4152.19,4152.50,1970,23,0
1784748300,4152.50,4152.61,4147.85,4149.14,2207,23,0
1784748600,4149.14,4150.60,4146.14,4146.29,1989,23,0
1784748900,4146.29,4149.01,4144.48,4148.36,2249,23,0
1784749200,4148.41,4151.32,4146.53,4147.03,2114,23,0
1784749500,4147.02,4148.49,4145.83,4147.05,2006,23,0
1784749800,4147.05,4147.28,4144.57,4146.73,2087,23,0
1784750100,4146.72,4148.97,4145.91,4146.84,1829,23,0
1784750400,4146.80,4147.86,4144.51,4147.04,2180,23,0
1784750700,4147.02,4147.26,4143.16,4144.36,2165,23,0
1784751000,4144.34,4145.87,4143.17,4145.36,1885,23,0
1784751300,4145.35,4145.85,4142.82,4143.03,2150,23,0
1784751600,4143.00,4145.65,4142.70,4143.56,2306,23,0
1784751900,4143.57,4147.09,4143.22,4146.03,2132,23,0
1784752200,4146.08,4147.49,4144.30,4144.79,2053,23,0
1784752500,4144.80,4145.76,4138.87,4139.00,2144,23,0
1784752800,4138.99,4141.32,4138.35,4140.54,2047,23,0
1784753100,4140.55,4143.38,4140.40,4143.15,1776,23,0
1784753400,4143.15,4143.70,4142.34,4142.66,1858,23,0
1784753700,4142.67,4143.37,4141.06,4142.37,1663,23,0
1784754000,4142.38,4142.74,4136.71,4137.62,2326,23,0
1784754300,4137.62,4141.45,4137.43,4139.19,2208,23,0
1784754600,4139.20,4140.55,4137.51,4138.07,2061,23,0
1784754900,4138.08,4139.11,4136.70,4138.77,2103,23,0
1784755200,4138.77,4139.69,4135.11,4136.65,2241,23,0
1784755500,4136.65,4136.77,4134.72,4135.17,2109,23,0
1784755800,4135.17,4135.58,4131.94,4132.74,2319,23,0
1784756100,4132.74,4136.13,4132.61,4135.76,1712,23,0
1784756400,4135.76,4136.20,4133.76,4135.83,2022,23,0
1784756700,4135.83,4138.19,4135.30,4137.51,1916,23,0
1784757000,4137.53,4138.81,4137.45,4137.53,1705,23,0
1784757300,4137.52,4138.01,4135.90,4136.04,1507,23,0
1784757600,4136.03,4136.06,4133.01,4134.92,2002,23,0
1784757900,4134.95,4137.15,4134.94,4135.58,1711,23,0
1784758200,4135.59,4135.83,4134.02,4134.03,1432,23,0
1784758500,4134.04,4135.35,4133.26,4134.23,1711,23,0
1784758800,4134.20,4134.91,4131.72,4134.25,1742,23,0
1784759100,4134.25,4134.76,4132.56,4134.42,1817,23,0
1784759400,4134.41,4136.17,4132.58,4135.62,1798,23,0
1784759700,4135.62,4136.07,4133.66,4134.43,1682,23,0
1784760000,4134.46,4135.88,4133.49,4133.86,1642,23,0
1784760300,4133.86,4135.09,4133.18,4135.03,1866,23,0
1784760600,4135.03,4135.27,4128.94,4130.59,2026,23,0
1784760900,4130.54,4132.85,4130.11,4131.78,2192,23,0
1784761200,4131.78,4135.10,4130.41,4130.91,2518,23,0
1784761500,4130.91,4134.28,4130.47,4133.41,1658,23,0
1784761800,4133.41,4135.50,4132.23,4134.47,1230,23,0
1784762100,4134.52,4136.47,4133.87,4135.35,1429,23,0
1784762400,4135.33,4136.63,4134.87,4136.55,978,23,0
1784762700,4136.55,4137.80,4136.10,4136.57,913,23,0
1784763000,4136.56,4137.53,4135.30,4135.30,958,24,0
1784763300,4135.29,4135.42,4133.67,4134.71,1078,28,0
1784763600,4134.72,4135.22,4130.81,4130.86,1323,28,0
1784763900,4130.90,4131.10,4128.29,4130.11,1435,28,0
1784764200,4130.10,4130.10,4128.45,4129.28,1471,28,0
1784764500,4129.27,4130.36,4128.96,4129.89,667,28,0
1784768400,4122.34,4135.29,4101.02,4120.71,2169,28,0
1784768700,4120.70,4125.52,4120.22,4123.23,1552,28,0
1784769000,4123.25,4123.79,4121.14,4123.79,1181,28,0
1784769300,4123.79,4125.38,4120.77,4124.03,1758,28,0
1784769600,4124.01,4125.99,4122.11,4122.95,1758,28,0
1784769900,4122.95,4128.82,4122.76,4128.70,1724,28,0
1784770200,4128.72,4129.74,4125.54,4125.55,1573,23,0
1784770500,4125.56,4128.01,4124.10,4125.52,1768,23,0
1784770800,4125.51,4126.05,4119.95,4121.54,1650,23,0
1784771100,4121.54,4125.65,4120.62,4124.55,1543,23,0
1784771400,4124.55,4125.99,4121.13,4123.54,1905,23,0
1784771700,4123.49,4126.68,4120.76,4121.73,2045,23,0
1784772000,4121.72,4122.87,4117.21,4118.61,2216,23,0
1784772300,4118.61,4119.10,4116.60,4118.25,1746,23,0
1784772600,4118.23,4124.73,4116.88,4123.82,1978,23,0
1784772900,4123.88,4124.11,4119.93,4120.50,1437,23,0
1784773200,4120.50,4122.09,4119.53,4120.67,914,23,0
1784773500,4120.66,4122.52,4119.21,4120.00,1337,23,0
1784773800,4120.00,4122.48,4119.09,4120.64,1022,23,0
1784774100,4120.56,4123.52,4119.93,4121.58,1170,23,0
1784774400,4121.57,4124.54,4121.17,4123.64,1236,23,0
1784774700,4123.66,4131.71,4123.00,4129.81,1888,23,0
1784775000,4129.84,4131.65,4128.73,4131.39,1937,23,0
1784775300,4131.38,4134.12,4130.75,4133.38,2063,23,0
1784775600,4133.38,4134.34,4128.31,4130.75,2568,23,0
1784775900,4130.75,4131.14,4127.47,4128.97,1883,23,0
1784776200,4128.97,4128.99,4126.15,4126.82,1530,23,0
1784776500,4126.82,4129.17,4126.71,4128.28,1579,23,0
1784776800,4128.28,4133.02,4127.57,4132.85,1783,23,0
1784777100,4132.87,4134.69,4128.87,4129.18,1998,23,0
1784777400,4129.18,4131.67,4128.23,4130.22,1627,23,0
1784777700,4130.22,4132.21,4127.87,4128.41,1729,23,0
1784778000,4128.41,4129.02,4127.11,4127.98,1535,23,0
1784778300,4127.89,4130.08,4126.96,4127.15,1624,23,0
1784778600,4127.15,4129.43,4125.10,4129.04,1684,23,0
1784778900,4129.03,4133.27,4127.52,4132.13,1834,23,0
1784779200,4132.12,4139.13,4129.79,4132.92,3324,23,0
1784779500,4133.09,4134.69,4130.46,4133.70,2702,23,0
1784779800,4133.71,4137.09,4131.90,4134.38,2582,23,0
1784780100,4134.43,4137.69,4133.63,4135.89,2375,23,0
1784780400,4135.86,4139.99,4134.83,4137.71,2367,23,0
1784780700,4137.70,4140.99,4136.68,4137.38,2226,23,0
1784781000,4137.41,4139.18,4128.98,4133.23,3051,23,0
1784781300,4133.22,4133.73,4122.86,4123.04,2796,23,0
1784781600,4123.05,4127.47,4122.08,4122.08,2710,23,0
1784781900,4121.73,4123.62,4118.05,4121.54,2728,23,0
1784782200,4121.53,4122.44,4118.03,4118.87,2615,23,0
1784782500,4118.80,4119.07,4114.32,4117.87,2694,23,0
1784782800,4117.87,4118.90,4112.97,4113.81,2579,23,0
1784783100,4113.81,4116.90,4112.05,4114.17,2402,23,0
1784783400,4114.17,4118.44,4114.10,4117.66,2052,23,0
1784783700,4117.67,4118.05,4113.33,4114.93,1895,23,0
1784784000,4114.92,4117.12,4113.63,4116.29,1875,23,0
1784784300,4116.28,4117.05,4114.04,4116.28,1873,23,0
1784784600,4116.20,4119.35,4113.84,4116.64,2547,23,0
1784784900,4116.64,4118.88,4114.81,4118.72,2255,23,0
1784785200,4118.73,4122.26,4117.84,4122.17,2208,23,0
1784785500,4122.16,4125.40,4122.12,4122.75,2406,23,0
1784785800,4122.73,4128.71,4121.40,4125.36,2298,23,0
1784786100,4125.36,4128.47,4125.04,4128.00,1844,23,0
1784786400,4128.04,4129.00,4125.96,4126.24,1921,23,0
1784786700,4126.23,4127.64,4124.49,4125.05,2019,23,0
1784787000,4125.06,4127.27,4124.07,4127.14,1972,23,0
1784787300,4127.11,4131.14,4126.62,4131.09,2230,23,0
1784787600,4131.09,4132.98,4130.61,4132.60,2036,23,0
1784787900,4132.61,4132.62,4129.49,4130.55,1823,23,0
1784788200,4130.55,4130.55,4128.35,4130.24,1732,23,0
1784788500,4130.30,4131.06,4128.60,4129.42,1439,23,0
1784788800,4129.42,4130.29,4125.96,4128.79,1926,23,0
1784789100,4128.79,4128.83,4125.11,4125.50,1648,23,0
1784789400,4125.51,4126.09,4124.99,4125.79,1168,23,0
1784789700,4125.78,4126.12,4124.09,4124.73,1227,23,0
1784790000,4124.71,4125.18,4122.82,4123.58,1220,23,0
1784790300,4123.63,4125.64,4122.50,4125.32,1499,23,0
1784790600,4125.32,4127.65,4123.99,4127.65,1704,23,0
1784790900,4127.65,4128.35,4125.08,4125.34,1801,23,0
1784791200,4125.34,4129.25,4125.34,4128.07,1508,23,0
1784791500,4128.07,4129.81,4127.21,4129.75,1472,23,0
1784791800,4129.76,4130.28,4125.69,4126.94,1580,23,0
1784792100,4126.93,4127.42,4125.76,4125.78,1320,23,0
1784792400,4125.78,4125.83,4123.12,4123.18,1315,23,0
1784792700,4123.18,4124.30,4121.58,4121.84,1490,23,0
1784793000,4121.84,4122.68,4120.16,4120.73,1271,23,0
1784793300,4120.73,4121.56,4120.03,4121.20,1361,23,0
1784793600,4121.18,4122.60,4119.46,4120.40,1770,23,0
1784793900,4120.41,4124.28,4120.37,4124.19,1589,23,0
1784794200,4124.16,4124.98,4123.47,4124.47,1547,23,0
1784794500,4124.40,4124.40,4121.23,4122.04,1604,23,0
1784794800,4122.05,4122.78,4119.95,4121.45,1599,23,0
1784795100,4121.45,4125.48,4121.22,4125.48,1684,23,0
1784795400,4125.46,4128.51,4123.57,4127.56,2579,23,0
1784795700,4127.57,4128.51,4126.19,4126.23,2075,23,0
1784796000,4126.25,4127.77,4124.65,4127.64,2241,23,0
1784796300,4127.65,4130.53,4126.16,4126.63,2157,23,0
1784796600,4126.63,4127.52,4124.12,4125.25,2117,23,0
1784796900,4125.26,4125.32,4120.67,4124.02,2303,23,0
1784797200,4124.02,4128.18,4123.28,4124.00,2722,23,0
1784797500,4124.00,4124.85,4121.21,4122.48,2346,23,0
1784797800,4122.48,4124.37,4121.81,4123.20,1998,23,0
1784798100,4123.21,4127.77,4122.43,4126.88,2242,23,0
1784798400,4126.91,4127.24,4123.40,4124.85,1770,23,0
1784798700,4124.84,4124.88,4121.33,4122.06,1995,23,0
1784799000,4122.06,4123.06,4120.54,4122.41,2347,23,0
1784799300,4122.43,4123.84,4120.75,4120.83,2166,23,0
1784799600,4120.82,4121.40,4116.91,4119.97,2310,23,0
1784799900,4119.98,4122.28,4119.08,4121.60,1940,23,0
1784800200,4121.60,4122.02,4119.68,4120.26,1821,23,0
1784800500,4120.24,4120.42,4117.85,4118.52,1910,23,0
1784800800,4118.52,4119.38,4113.95,4115.20,2496,23,0
1784801100,4115.24,4116.30,4109.61,4110.42,2330,23,0
1784801400,4110.43,4110.48,4102.00,4106.67,2686,23,0
1784801700,4106.67,4111.95,4106.55,4109.51,2593,23,0
1784802000,4109.51,4109.77,4105.48,4105.74,2293,23,0
1784802300,4105.73,4110.55,4105.69,4108.41,1978,23,0
1784802600,4108.41,4108.75,4102.09,4105.22,2152,23,0
1784802900,4105.22,4105.59,4099.36,4100.65,2192,23,0
1784803200,4100.65,4102.04,4091.36,4095.51,2476,23,0
1784803500,4095.51,4096.81,4091.30,4093.07,2490,23,0
1784803800,4093.08,4095.13,4090.15,4093.65,2410,23,0
1784804100,4093.52,4096.90,4092.38,4095.41,2348,23,0
1784804400,4095.42,4097.41,4090.22,4092.39,2546,23,0
1784804700,4092.40,4096.13,4092.37,4095.94,2107,23,0
1784805000,4095.95,4097.70,4090.23,4091.40,2215,23,0
1784805300,4091.41,4092.46,4089.52,4089.71,2067,23,0
1784805600,4089.71,4091.52,4088.64,4090.59,1884,23,0
1784805900,4090.59,4092.07,4088.98,4091.89,1797,23,0
1784806200,4091.86,4093.40,4089.90,4092.70,1914,23,0
1784806500,4092.69,4093.75,4090.81,4092.00,1781,23,0
1784806800,4092.00,4092.64,4088.72,4092.41,2081,23,0
1784807100,4092.42,4092.42,4087.00,4089.48,1818,23,0
1784807400,4089.48,4092.99,4088.20,4092.89,1997,23,0
1784807700,4092.89,4094.80,4092.64,4093.40,1872,23,0
1784808000,4093.41,4099.40,4092.68,4099.12,2456,23,0
1784808300,4099.14,4099.14,4096.70,4097.02,2157,23,0
1784808600,4097.03,4098.62,4094.77,4094.83,1925,23,0
1784808900,4094.82,4097.06,4093.96,4096.86,1741,23,0
1784809200,4096.86,4096.87,4093.05,4093.37,1722,23,0
1784809500,4093.38,4094.19,4089.39,4091.44,1832,23,0
1784809800,4091.46,4092.28,4088.64,4092.02,2268,23,0
1784810100,4092.01,4092.70,4090.69,4092.00,1542,23,0
1784810400,4092.00,4092.88,4090.51,4091.83,1617,23,0
1784810700,4091.83,4094.23,4091.54,4093.33,1594,23,0
1784811000,4093.34,4093.94,4089.85,4092.91,1826,23,0
1784811300,4092.88,4092.97,4088.41,4089.86,1781,23,0
1784811600,4089.87,4091.62,4088.09,4090.65,1930,23,0
1784811900,4090.66,4091.26,4087.93,4088.96,1853,23,0
1784812200,4088.95,4091.52,4088.22,4090.82,1560,23,0
1784812500,4090.83,4092.48,4088.73,4088.74,1712,23,0
1784812800,4088.74,4089.10,4086.08,4087.63,1934,23,0
1784813100,4087.63,4090.39,4087.37,4089.85,1601,23,0
1784813400,4089.85,4092.76,4086.55,4087.19,1917,23,0
1784813700,4087.29,4090.16,4086.72,4089.93,1689,23,0
1784814000,4089.93,4089.93,4087.37,4089.40,1789,23,0
1784814300,4089.40,4093.54,4087.21,4093.43,1796,23,0
1784814600,4093.41,4094.26,4091.65,4093.88,1827,23,0
1784814900,4093.88,4095.27,4091.99,4093.14,1678,23,0
1784815200,4093.14,4093.83,4090.60,4091.99,2287,23,0
1784815500,4092.00,4092.20,4088.40,4088.63,1894,23,0
1784815800,4088.62,4089.52,4086.97,4087.68,1846,23,0
1784816100,4087.68,4089.19,4084.41,4085.61,2112,23,0
1784816400,4085.59,4086.85,4081.02,4084.05,2259,23,0
1784816700,4084.05,4084.99,4081.53,4084.35,2186,23,0
1784817000,4084.34,4084.35,4079.55,4080.79,2354,23,0
1784817300,4080.78,4083.28,4079.26,4079.43,2597,23,0
1784817600,4079.43,4079.54,4073.04,4078.69,2718,23,0
1784817900,4078.69,4082.10,4077.85,4081.79,2338,23,0
1784818200,4081.77,4088.91,4081.62,4084.61,2512,23,0
1784818500,4084.55,4086.24,4083.05,4085.66,1923,23,0
1784818800,4085.62,4085.89,4082.18,4083.30,2065,23,0
1784819100,4083.30,4085.41,4081.92,4083.12,2011,23,0
1784819400,4083.12,4085.36,4081.20,4081.38,1755,23,0
1784819700,4081.38,4083.05,4072.87,4077.91,2883,23,0
1784820000,4077.91,4078.29,4070.31,4071.71,2843,23,0
1784820300,4071.69,4077.23,4071.15,4074.96,2537,23,0
1784820600,4074.95,4074.97,4067.67,4074.75,3027,23,0
1784820900,4074.80,4074.80,4064.16,4073.27,2914,23,0
1784821200,4073.27,4073.27,4066.18,4069.03,2831,23,0
1784821500,4069.06,4069.24,4063.05,4066.00,3052,23,0
1784821800,4066.01,4068.15,4062.17,4064.09,2711,23,0
1784822100,4064.09,4066.74,4061.02,4061.86,2667,23,0
1784822400,4061.80,4063.59,4054.51,4055.65,3670,23,0
1784822700,4055.64,4057.06,4044.78,4046.96,3732,23,0
1784823000,4047.02,4047.30,4040.62,4040.90,3587,23,0
1784823300,4040.90,4049.56,4040.75,4048.97,3563,23,0
1784823600,4048.95,4054.20,4048.59,4051.53,3150,23,0
1784823900,4051.54,4059.07,4051.54,4058.85,2894,23,0
1784824200,4058.73,4067.39,4058.48,4063.46,3678,23,0
1784824500,4063.42,4064.57,4055.50,4056.66,3424,23,0
1784824800,4056.63,4062.29,4055.48,4056.20,3294,23,0
1784825100,4056.26,4056.86,4050.03,4052.77,3390,23,0
1784825400,4052.79,4058.95,4051.85,4056.16,3202,23,0
1784825700,4056.27,4057.48,4042.65,4043.24,3314,23,0
1784826000,4043.21,4050.70,4042.83,4043.90,3530,23,0
1784826300,4043.90,4045.89,4040.12,4045.62,3371,23,0
1784826600,4045.58,4051.35,4041.89,4047.95,3395,23,0
1784826900,4047.94,4050.14,4042.33,4044.11,3402,23,0
1784827200,4044.12,4052.27,4042.84,4052.16,3107,23,0
1784827500,4052.18,4056.85,4051.26,4056.39,3155,23,0
1784827800,4056.39,4057.99,4051.69,4054.53,3124,23,0
1784828100,4054.51,4060.33,4051.71,4059.05,3188,23,0
1784828400,4059.05,4059.82,4056.01,4057.03,3042,23,0
1784828700,4057.03,4061.71,4056.02,4059.05,3020,23,0
1784829000,4059.06,4060.28,4056.66,4056.89,2866,23,0
1784829300,4056.90,4060.09,4056.58,4057.91,2938,23,0
1784829600,4057.88,4059.44,4055.63,4056.75,2963,23,0
1784829900,4056.75,4057.61,4051.63,4052.05,3009,23,0
1784830200,4052.02,4053.99,4049.40,4051.40,3095,23,0
1784830500,4051.39,4056.80,4050.26,4052.56,2964,23,0
1784830800,4052.56,4053.52,4045.61,4050.07,3128,23,0
1784831100,4050.07,4050.71,4046.37,4046.97,2930,23,0
1784831400,4046.99,4047.06,4042.28,4045.82,3210,23,0
1784831700,4045.91,4050.85,4045.71,4049.20,3123,23,0
1784832000,4049.22,4053.16,4048.02,4048.10,2898,23,0
1784832300,4048.09,4050.98,4047.22,4049.41,2662,23,0
1784832600,4049.41,4050.83,4046.81,4050.24,2530,23,0
1784832900,4050.29,4050.64,4046.72,4048.70,2387,23,0
1784833200,4048.67,4050.82,4048.44,4048.48,2581,23,0
1784833500,4048.48,4050.29,4047.31,4048.57,2395,23,0
1784833800,4048.60,4050.87,4047.95,4050.15,2240,23,0
1784834100,4050.17,4050.78,4045.86,4046.45,2168,23,0
1784834400,4046.46,4051.46,4046.46,4048.60,2169,23,0
1784834700,4048.57,4051.51,4048.37,4050.01,2183,23,0
1784835000,4050.01,4050.77,4048.06,4048.21,2263,23,0
1784835300,4048.23,4050.79,4047.02,4050.36,2600,23,0
1784835600,4050.40,4051.07,4049.12,4049.83,2095,23,0
1784835900,4049.84,4051.11,4048.78,4049.13,2169,23,0
1784836200,4049.13,4049.74,4047.98,4049.05,2186,23,0
1784836500,4049.01,4051.75,4049.00,4051.42,2074,23,0
1784836800,4051.43,4054.57,4050.61,4051.60,2526,23,0
1784837100,4051.61,4053.15,4046.86,4048.06,2402,23,0
1784837400,4048.06,4049.42,4046.88,4047.22,2429,23,0
1784837700,4047.25,4049.66,4046.16,4046.54,2400,23,0
1784838000,4046.54,4050.53,4046.53,4048.76,2586,23,0
1784838300,4048.76,4049.74,4046.67,4047.24,2442,23,0
1784838600,4047.24,4049.18,4046.80,4047.44,2415,23,0
1784838900,4047.43,4047.44,4044.21,4044.76,2284,23,0
1784839200,4044.76,4045.44,4041.89,4042.83,2437,23,0
1784839500,4042.83,4044.26,4042.16,4044.08,2304,23,0
1784839800,4044.11,4044.21,4041.96,4043.01,2143,23,0
1784840100,4043.01,4043.48,4041.61,4041.74,2085,23,0
1784840400,4041.73,4043.33,4040.77,4041.74,2487,23,0
1784840700,4041.72,4044.16,4040.80,4043.30,2183,23,0
1784841000,4043.30,4044.12,4041.47,4041.86,2305,23,0
1784841300,4041.85,4044.68,4040.91,4043.01,2317,23,0
1784841600,4042.99,4043.55,4040.78,4041.90,2133,23,0
1784841900,4041.90,4045.11,4041.19,4044.50,2516,23,0
1784842200,4044.47,4048.05,4044.45,4045.43,2213,23,0
1784842500,4045.42,4046.83,4044.42,4045.31,2035,23,0
1784842800,4045.32,4046.70,4044.93,4046.48,1907,23,0
1784843100,4046.48,4048.35,4046.45,4047.25,1960,23,0
1784843400,4047.27,4047.44,4045.80,4046.18,2067,23,0
1784843700,4046.14,4046.97,4044.58,4046.06,1872,23,0
1784844000,4046.06,4048.57,4045.02,4045.14,1851,23,0
1784844300,4045.13,4046.24,4043.54,4043.55,1889,23,0
1784844600,4043.51,4044.40,4042.97,4043.25,1513,23,0
1784844900,4043.26,4045.85,4043.07,4045.04,1999,23,0
1784845200,4045.04,4048.37,4044.96,4048.04,1964,23,0
1784845500,4048.02,4049.19,4047.05,4048.22,1452,23,0
1784845800,4048.20,4050.93,4045.75,4047.34,2202,23,0
1784846100,4047.35,4048.27,4046.81,4047.91,1814,23,0
1784846400,4047.92,4048.24,4045.85,4045.85,1905,23,0
1784846700,4045.82,4046.78,4044.89,4046.05,1834,23,0
1784847000,4046.05,4050.39,4046.05,4050.31,2320,23,0
1784847300,4050.38,4051.05,4049.56,4049.71,2141,23,0
1784847600,4049.68,4051.21,4048.84,4048.99,1827,23,0
1784847900,4048.99,4050.02,4048.26,4048.71,990,23,0
1784848200,4048.71,4050.01,4048.52,4049.48,982,23,0
1784848500,4049.48,4049.64,4048.04,4048.66,940,23,0
1784848800,4048.66,4049.09,4047.42,4048.99,939,23,0
1784849100,4048.99,4050.54,4048.86,4050.20,863,23,0
1784849400,4050.24,4050.43,4049.13,4049.94,923,23,0
1784849700,4049.94,4050.61,4049.87,4050.15,695,28,0
1784850000,4050.15,4050.15,4048.81,4049.87,813,28,0
1784850300,4049.86,4050.03,4048.83,4049.64,821,28,0
1784850600,4049.64,4049.73,4047.41,4048.19,808,28,0
1784850900,4048.19,4049.60,4048.17,4049.04,505,28,0
1784854800,4049.03,4050.28,4048.54,4048.90,1178,28,0
1784855100,4048.91,4050.26,4048.60,4049.08,803,28,0
1784855400,4049.05,4049.45,4048.86,4048.95,527,28,0
1784855700,4048.96,4049.87,4048.95,4049.66,579,28,0
1784856000,4049.66,4050.15,4049.45,4050.00,684,28,0
1784856300,4049.99,4050.03,4049.29,4049.94,738,28,0
1784856600,4049.93,4050.43,4049.72,4050.22,730,23,0
1784856900,4050.21,4050.24,4049.65,4049.80,774,23,0
1784857200,4049.78,4050.20,4048.83,4049.40,711,23,0
1784857500,4049.41,4049.92,4048.59,4048.69,631,23,0
1784857800,4048.69,4050.39,4048.67,4049.90,663,23,0
1784858100,4049.90,4050.11,4048.59,4049.54,624,23,0
1784858400,4049.56,4049.82,4048.72,4048.81,779,23,0
1784858700,4048.81,4049.13,4047.73,4048.34,700,23,0
1784859000,4048.34,4048.61,4047.45,4048.46,710,23,0
1784859300,4048.46,4049.20,4047.26,4047.31,880,23,0
1784859600,4047.32,4049.20,4047.19,4049.20,870,23,0
1784859900,4049.18,4049.90,4048.82,4049.21,726,23,0
1784860200,4049.26,4050.54,4049.14,4050.48,1054,23,0
1784860500,4050.49,4050.49,4048.39,4048.40,832,23,0
1784860800,4048.40,4048.56,4047.08,4048.26,1054,23,0
1784861100,4048.26,4049.63,4047.05,4048.49,1583,23,0
1784861400,4048.48,4049.54,4047.22,4047.63,1174,23,0
1784861700,4047.63,4048.36,4046.68,4047.06,1249,23,0
1784862000,4047.06,4050.02,4046.88,4047.17,2390,23,0
1784862300,4047.16,4047.47,4044.86,4045.61,2157,23,0
1784862600,4045.61,4046.50,4041.27,4041.60,2152,23,0
1784862900,4041.62,4045.06,4041.27,4043.18,2039,23,0
1784863200,4043.18,4048.02,4042.91,4046.12,2078,23,0
1784863500,4046.12,4046.86,4044.09,4046.64,2048,23,0
1784863800,4046.63,4047.33,4044.92,4046.15,1907,23,0
1784864100,4046.16,4049.89,4045.37,4048.53,1757,23,0
1784864400,4048.53,4050.11,4047.64,4049.19,1835,23,0
1784864700,4049.22,4050.32,4048.83,4048.83,1510,23,0
1784865000,4048.83,4049.96,4048.39,4048.95,1589,23,0
1784865300,4048.95,4050.62,4048.72,4049.81,1860,23,0
1784865600,4049.81,4050.17,4039.97,4043.85,3180,23,0
1784865900,4043.91,4044.76,4041.84,4043.08,2452,23,0
1784866200,4043.06,4044.68,4040.37,4042.43,2333,23,0
1784866500,4042.43,4045.95,4041.48,4044.80,2236,23,0
1784866800,4044.80,4045.39,4042.05,4045.06,2198,23,0
1784867100,4045.05,4045.81,4042.79,4042.79,2046,23,0
1784867400,4042.79,4045.09,4041.58,4043.77,2070,23,0
1784867700,4043.78,4045.05,4042.08,4043.48,1973,23,0
1784868000,4043.50,4050.33,4043.43,4049.95,2232,23,0
1784868300,4049.94,4050.08,4047.84,4047.89,2153,23,0
1784868600,4047.89,4047.90,4045.05,4046.02,2010,23,0
1784868900,4046.02,4046.33,4041.40,4043.62,2044,23,0
1784869200,4043.62,4045.22,4042.36,4042.57,2070,23,0
1784869500,4042.57,4044.85,4041.02,4044.85,1838,23,0
1784869800,4044.84,4045.86,4043.95,4045.69,1845,23,0
1784870100,4045.69,4046.07,4044.64,4044.94,1279,23,0
1784870400,4044.96,4046.31,4042.64,4046.30,1526,23,0
1784870700,4046.30,4048.20,4045.73,4046.50,1372,23,0
1784871000,4046.52,4048.12,4043.70,4044.20,2052,23,0
1784871300,4044.19,4044.77,4041.40,4042.42,1921,23,0
1784871600,4042.42,4043.84,4041.39,4041.71,1698,23,0
1784871900,4041.70,4041.81,4026.45,4026.45,2671,23,0
1784872200,4026.46,4030.41,4025.54,4025.86,2987,23,0
1784872500,4025.78,4027.43,4023.16,4024.58,2621,23,0
1784872800,4024.55,4027.39,4023.18,4026.76,2353,23,0
1784873100,4026.77,4028.89,4026.53,4026.89,2038,23,0
1784873400,4026.87,4032.30,4026.05,4031.83,1997,23,0
1784873700,4031.82,4033.67,4029.06,4029.16,1995,23,0
1784874000,4029.24,4031.79,4028.18,4030.29,1842,23,0
1784874300,4030.30,4031.09,4028.48,4030.27,1827,23,0
1784874600,4030.27,4033.15,4030.26,4032.03,1634,23,0
1784874900,4032.04,4032.97,4030.92,4031.47,1602,23,0
1784875200,4031.47,4032.79,4030.87,4031.60,1371,23,0
1784875500,4031.60,4032.09,4029.86,4031.53,1194,23,0
1784875800,4031.54,4032.19,4029.80,4029.80,1262,23,0
1784876100,4029.80,4029.84,4028.37,4029.28,1231,23,0
1784876400,4029.28,4029.71,4027.85,4029.31,1290,23,0
1784876700,4029.31,4030.27,4028.21,4029.26,1497,23,0
1784877000,4029.25,4029.28,4027.05,4028.13,1176,23,0
1784877300,4028.13,4028.81,4027.62,4028.55,1067,23,0
1784877600,4028.56,4030.08,4027.87,4029.40,1196,23,0
1784877900,4029.40,4030.34,4029.33,4029.76,1153,23,0
1784878200,4029.76,4030.33,4028.63,4028.94,1031,23,0
1784878500,4028.92,4029.76,4027.10,4027.28,1060,23,0
1784878800,4027.33,4027.55,4025.95,4026.86,1124,23,0
1784879100,4026.86,4027.21,4025.56,4026.84,1070,23,0
1784879400,4026.84,4027.23,4025.92,4026.92,1012,23,0
1784879700,4026.73,4028.78,4026.61,4027.00,1079,23,0
1784880000,4027.01,4028.66,4025.23,4028.66,1416,23,0
1784880300,4028.65,4029.90,4027.65,4028.78,1345,23,0
1784880600,4028.98,4032.17,4027.40,4027.57,1584,23,0
1784880900,4027.57,4027.73,4022.39,4024.30,1665,23,0
1784881200,4024.29,4029.85,4024.13,4027.39,1651,23,0
1784881500,4027.39,4027.76,4025.44,4026.18,1263,23,0
1784881800,4026.18,4031.51,4025.68,4031.28,2401,23,0
1784882100,4031.27,4031.41,4024.97,4026.11,2158,23,0
1784882400,4026.11,4028.40,4024.02,4024.76,2063,23,0
1784882700,4024.76,4029.06,4024.56,4028.05,1786,23,0
1784883000,4028.05,4029.22,4022.75,4023.61,1999,23,0
1784883300,4023.59,4023.95,4021.97,4023.05,2047,23,0
1784883600,4023.05,4025.75,4022.96,4025.18,2238,23,0
1784883900,4025.17,4027.30,4024.52,4027.19,2182,23,0
1784884200,4027.18,4031.34,4026.54,4030.95,2147,23,0
1784884500,4030.95,4034.08,4029.36,4034.08,2149,23,0
1784884800,4034.08,4036.93,4033.56,4036.12,2177,23,0
1784885100,4036.11,4039.00,4035.17,4036.57,1911,23,0
1784885400,4036.58,4036.58,4033.23,4034.61,2090,23,0
1784885700,4034.62,4037.19,4034.42,4035.50,2109,23,0
1784886000,4035.50,4036.76,4033.57,4033.87,2041,23,0
1784886300,4033.88,4036.91,4033.65,4034.05,1953,23,0
1784886600,4034.05,4035.62,4031.69,4035.29,2052,23,0
1784886900,4035.29,4038.64,4035.03,4035.71,2146,23,0
1784887200,4035.69,4040.16,4035.04,4038.38,2436,23,0
1784887500,4038.38,4045.77,4038.31,4045.71,2161,23,0
1784887800,4045.71,4047.45,4044.93,4045.40,2083,23,0
1784888100,4045.40,4047.42,4044.07,4047.33,2287,23,0
1784888400,4047.34,4048.95,4045.88,4048.12,1863,23,0
1784888700,4048.12,4050.78,4047.61,4048.76,1926,23,0
1784889000,4048.76,4053.65,4047.88,4053.65,2275,23,0
1784889300,4053.63,4053.68,4046.61,4046.87,1870,23,0
1784889600,4046.87,4048.70,4045.83,4048.47,1654,23,0
1784889900,4048.47,4048.50,4046.08,4047.40,1710,23,0
1784890200,4047.40,4048.67,4046.93,4047.79,1599,23,0
1784890500,4047.79,4049.67,4047.63,4048.37,1488,23,0
1784890800,4048.38,4049.09,4046.59,4047.42,2033,23,0
1784891100,4047.42,4047.82,4045.17,4047.46,1991,23,0
1784891400,4047.46,4047.70,4045.68,4046.85,1873,23,0
1784891700,4046.84,4047.80,4045.13,4046.75,1771,23,0
1784892000,4046.74,4048.12,4046.16,4046.84,1855,23,0
1784892300,4046.85,4052.53,4046.04,4052.53,1985,23,0
1784892600,4052.52,4052.52,4049.90,4049.90,1902,23,0
1784892900,4049.87,4053.04,4048.83,4052.61,1670,23,0
1784893200,4052.61,4055.53,4052.55,4054.70,1733,23,0
1784893500,4054.69,4054.93,4052.31,4054.75,1624,23,0
1784893800,4054.75,4057.12,4054.29,4056.28,1690,23,0
1784894100,4056.29,4058.64,4056.07,4057.52,1503,23,0
1784894400,4057.52,4060.73,4055.96,4056.69,1986,23,0
1784894700,4056.69,4057.53,4055.17,4057.53,1617,23,0
1784895000,4057.53,4057.88,4053.25,4054.14,1412,23,0
1784895300,4054.14,4056.61,4053.26,4055.02,1293,23,0
1784895600,4055.04,4055.21,4053.31,4054.65,1485,23,0
1784895900,4054.65,4055.99,4052.46,4052.98,1534,23,0
1784896200,4052.97,4054.56,4051.71,4053.83,1532,23,0
1784896500,4053.86,4055.20,4053.53,4054.97,1317,23,0
1784896800,4054.98,4056.20,4053.99,4055.64,1149,23,0
1784897100,4055.65,4056.16,4055.08,4055.20,1220,23,0
1784897400,4055.21,4058.34,4054.63,4058.21,1439,23,0
1784897700,4058.20,4059.84,4058.18,4059.78,1431,23,0
1784898000,4059.77,4061.48,4058.52,4059.86,1533,23,0
1784898300,4059.86,4060.48,4058.81,4060.35,1644,23,0
1784898600,4060.32,4060.52,4057.76,4058.13,1406,23,0
1784898900,4058.12,4061.88,4057.53,4059.55,1291,23,0
1784899200,4059.57,4061.22,4059.21,4060.31,1290,23,0
1784899500,4060.32,4063.67,4059.82,4061.97,1562,23,0
1784899800,4061.97,4063.84,4061.38,4061.54,1350,23,0
1784900100,4061.54,4061.59,4060.01,4060.05,1382,23,0
1784900400,4060.05,4060.08,4058.13,4058.35,1366,23,0
1784900700,4058.34,4059.10,4057.73,4058.78,1242,23,0
1784901000,4058.80,4059.42,4057.03,4057.75,1560,23,0
1784901300,4057.77,4060.24,4057.32,4060.08,1284,23,0
1784901600,4060.08,4062.69,4058.49,4062.26,1921,23,0
1784901900,4062.26,4063.41,4060.58,4061.05,1370,23,0
1784902200,4061.04,4061.29,4060.34,4061.22,937,23,0
1784902500,4061.22,4061.77,4060.03,4061.24,1178,23,0
1784902800,4061.24,4061.98,4060.24,4061.50,988,23,0
1784903100,4061.49,4061.68,4059.16,4059.19,1156,23,0
1784903400,4059.17,4060.36,4058.04,4059.85,1452,23,0
1784903700,4059.85,4059.94,4056.76,4057.18,1525,23,0
1784904000,4057.18,4057.89,4055.24,4055.29,1225,23,0
1784904300,4055.29,4056.75,4053.81,4055.21,1454,23,0
1784904600,4055.22,4055.23,4052.51,4052.60,1187,23,0
1784904900,4052.66,4061.53,4051.43,4057.74,2151,23,0
1784905200,4057.76,4058.49,4052.37,4054.15,2486,23,0
1784905500,4054.15,4058.34,4052.63,4056.78,2112,23,0
1784905800,4056.78,4057.41,4055.54,4056.59,1841,23,0
1784906100,4056.59,4057.65,4055.70,4056.81,1730,23,0
1784906400,4056.82,4058.40,4054.78,4058.38,1766,23,0
1784906700,4058.38,4060.19,4056.11,4059.59,1887,23,0
1784907000,4059.59,4059.59,4056.38,4057.13,1977,23,0
1784907300,4057.15,4058.24,4055.16,4055.68,1738,23,0
1784907600,4055.68,4056.17,4051.98,4055.08,1825,23,0
1784907900,4055.08,4056.32,4051.66,4054.03,1743,23,0
1784908200,4054.03,4055.74,4053.88,4055.15,1642,23,0
1784908500,4055.15,4056.10,4051.71,4056.10,1679,23,0
1784908800,4056.10,4058.45,4051.51,4052.17,2481,23,0
1784909100,4052.17,4053.06,4045.90,4046.54,2474,23,0
1784909400,4046.53,4049.63,4044.66,4048.10,2501,23,0
1784909700,4048.13,4048.45,4044.87,4046.24,2106,23,0
1784910000,4046.22,4049.33,4045.65,4046.90,2141,23,0
1784910300,4046.90,4048.52,4045.83,4046.37,2093,23,0
1784910600,4046.36,4050.35,4044.77,4049.32,3110,23,0
1784910900,4049.33,4056.64,4049.33,4056.19,3066,23,0
1784911200,4056.18,4056.60,4051.34,4052.24,2707,23,0
1784911500,4052.24,4060.86,4048.57,4058.40,3207,23,0
1784911800,4058.40,4061.01,4055.87,4059.69,3079,23,0
1784912100,4059.69,4068.63,4056.96,4067.45,2880,23,0
1784912400,4067.48,4069.92,4062.68,4062.70,3164,23,0
1784912700,4062.67,4064.69,4057.29,4062.40,3212,23,0
1784913000,4062.39,4063.66,4058.82,4058.84,2959,23,0
1784913300,4058.84,4060.34,4055.91,4058.03,3000,23,0
1784913600,4058.03,4064.81,4056.94,4064.72,3193,23,0
1784913900,4064.74,4069.35,4064.52,4066.04,3027,23,0
1784914200,4066.05,4068.03,4064.58,4064.58,2973,23,0
1784914500,4064.69,4066.75,4059.97,4060.60,2824,23,0
1784914800,4060.57,4062.42,4059.26,4060.31,2862,23,0
1784915100,4060.31,4063.59,4058.56,4063.10,2884,23,0
1784915400,4063.09,4064.75,4061.15,4061.68,2787,23,0
1784915700,4061.68,4066.46,4061.36,4063.28,2650,23,0
1784916000,4063.28,4067.03,4061.98,4063.92,2657,23,0
1784916300,4063.91,4064.67,4061.84,4063.26,2591,23,0
1784916600,4063.25,4076.56,4063.10,4074.75,3497,23,0
1784916900,4074.71,4081.47,4071.98,4077.01,3700,23,0
1784917200,4077.13,4082.09,4072.65,4073.99,3052,23,0
1784917500,4074.00,4077.16,4072.47,4075.00,2849,23,0
1784917800,4075.03,4076.77,4074.02,4074.10,2908,23,0
1784918100,4074.10,4078.86,4073.47,4077.90,2728,23,0
1784918400,4077.90,4079.59,4071.80,4072.01,2787,23,0
1784918700,4072.02,4073.49,4071.02,4072.88,2575,23,0
1784919000,4072.88,4076.17,4072.79,4075.25,2442,23,0
1784919300,4075.24,4077.82,4075.01,4077.30,2265,23,0
1784919600,4077.34,4077.39,4075.05,4076.54,2174,23,0
1784919900,4076.55,4077.50,4075.06,4076.11,1869,23,0
1784920200,4076.11,4077.01,4074.44,4074.86,1852,23,0
1784920500,4074.86,4075.87,4073.90,4074.75,1932,23,0
1784920800,4074.75,4077.67,4073.79,4077.37,1782,23,0
1784921100,4077.37,4078.12,4073.53,4073.74,2026,23,0
1784921400,4073.71,4074.02,4070.40,4072.38,2147,23,0
1784921700,4072.37,4072.38,4067.51,4068.01,2112,23,0
1784922000,4068.01,4068.72,4066.64,4067.68,2061,23,0
1784922300,4067.68,4067.69,4064.31,4065.27,2008,23,0
1784922600,4065.27,4065.93,4064.15,4065.72,1650,23,0
1784922900,4065.75,4067.67,4065.42,4067.03,1749,23,0
1784923200,4067.02,4068.40,4066.70,4067.87,1833,23,0
1784923500,4067.87,4067.99,4064.16,4065.72,2222,23,0
1784923800,4065.72,4066.20,4063.00,4064.16,1902,23,0
1784924100,4064.15,4066.89,4063.63,4066.75,1765,23,0
1784924400,4066.72,4068.79,4065.40,4068.79,2104,23,0
1784924700,4068.69,4069.83,4067.22,4068.38,1956,23,0
1784925000,4068.38,4069.80,4067.49,4068.45,1628,23,0
1784925300,4068.42,4068.87,4067.57,4067.96,1559,23,0
1784925600,4068.01,4068.85,4066.13,4066.51,1537,23,0
1784925900,4066.51,4067.28,4064.77,4066.00,1465,23,0
1784926200,4066.03,4066.93,4063.04,4063.41,1637,23,0
1784926500,4063.42,4065.23,4063.28,4063.36,1615,23,0
1784926800,4063.36,4064.11,4061.26,4062.93,1642,23,0
1784927100,4062.91,4064.47,4062.74,4063.06,1578,23,0
1784927400,4063.05,4063.49,4061.36,4061.61,1436,23,0
1784927700,4061.61,4062.96,4060.10,4060.19,1503,23,0
1784928000,4060.20,4060.64,4056.68,4057.51,1985,23,0
1784928300,4057.50,4058.36,4055.01,4055.26,1948,23,0
1784928600,4055.26,4056.16,4052.47,4054.28,1872,23,0
1784928900,4054.27,4056.92,4053.33,4055.62,1809,23,0
1784929200,4055.61,4055.62,4051.11,4052.11,1743,23,0
1784929500,4052.11,4055.13,4051.76,4053.50,1544,23,0
1784929800,4053.49,4055.86,4052.93,4054.30,1477,23,0
1784930100,4054.30,4055.26,4053.96,4054.36,1506,23,0
1784930400,4054.36,4056.31,4052.29,4054.66,2018,23,0
1784930700,4054.65,4054.81,4052.47,4052.90,1868,23,0
1784931000,4052.90,4054.77,4052.13,4052.24,1680,23,0
1784931300,4052.25,4052.34,4049.65,4050.71,1772,23,0
1784931600,4050.77,4051.19,4049.52,4049.62,1520,23,0
1784931900,4049.61,4051.89,4049.19,4051.49,1599,23,0
1784932200,4051.50,4054.46,4051.30,4054.06,1959,23,0
1784932500,4054.08,4056.43,4053.67,4055.43,2208,23,0
1784932800,4055.43,4057.92,4055.25,4056.88,1718,23,0
1784933100,4056.88,4057.42,4054.86,4055.17,1549,23,0
1784933400,4055.17,4055.63,4053.73,4055.37,1649,23,0
1784933700,4055.37,4055.42,4052.74,4053.69,2074,23,0
1784934000,4053.68,4055.24,4053.19,4054.07,1281,23,0
1784934300,4054.08,4054.27,4052.84,4052.92,800,23,0
1784934600,4052.90,4053.43,4052.26,4052.53,735,23,0
1784934900,4052.53,4053.28,4052.10,4052.56,749,23,0
1784935200,4052.57,4053.43,4052.10,4053.42,780,23,0
1784935500,4053.41,4054.71,4053.06,4053.70,979,23,0
1784935800,4053.67,4054.01,4051.64,4052.35,763,28,0
1784936100,4052.35,4054.39,4052.31,4054.25,878,28,0
1784936400,4054.26,4055.98,4053.65,4055.41,874,28,0
1784936700,4055.41,4056.21,4054.10,4054.41,1179,28,0
1784937000,4054.42,4054.63,4053.23,4053.23,789,28,0
1784937300,4053.22,4053.22,4052.11,4052.88,258,28,0
1785114000,4091.33,4097.40,4087.16,4089.64,2370,28,0
1785114300,4089.60,4092.31,4087.60,4088.51,1567,28,0
1785114600,4088.51,4089.08,4086.36,4087.98,1492,28,0
1785114900,4087.98,4088.02,4083.78,4087.69,1659,28,0
1785115200,4087.70,4089.93,4087.06,4087.49,1292,28,0
1785115500,4087.49,4087.67,4085.20,4086.51,1050,28,0
1785115800,4086.53,4091.94,4085.52,4091.58,1277,23,0
1785116100,4091.58,4092.93,4089.71,4090.17,1123,23,0
1785116400,4090.17,4092.70,4090.08,4091.13,1048,23,0
1785116700,4091.16,4093.66,4089.71,4090.07,1126,23,0
1785117000,4090.09,4092.06,4090.09,4091.61,762,23,0
1785117300,4091.59,4091.82,4088.83,4089.63,1002,23,0
1785117600,4089.50,4091.26,4086.85,4087.14,1203,23,0
1785117900,4087.14,4088.27,4086.95,4087.20,924,23,0
1785118200,4087.20,4087.62,4084.45,4084.78,1018,23,0
1785118500,4084.78,4086.29,4084.33,4084.86,1240,23,0
1785118800,4084.86,4086.14,4083.64,4084.10,1265,23,0
1785119100,4084.10,4085.41,4083.77,4084.77,1234,23,0
1785119400,4084.79,4086.60,4084.55,4086.37,1136,23,0
1785119700,4086.36,4087.62,4086.10,4086.36,913,23,0
1785120000,4086.36,4089.21,4086.27,4088.99,1145,23,0
1785120300,4089.00,4094.64,4088.20,4094.52,2152,23,0
1785120600,4094.52,4096.33,4093.07,4093.29,2003,23,0
1785120900,4093.25,4096.25,4092.62,4094.11,2444,23,0
1785121200,4094.10,4104.89,4094.02,4101.83,3127,23,0
1785121500,4101.95,4108.26,4099.50,4108.23,2798,23,0
1785121800,4108.22,4116.15,4107.02,4115.56,2812,23,0
1785122100,4115.57,4115.57,4106.62,4107.20,2665,23,0
1785122400,4107.20,4107.29,4101.55,4102.70,2681,23,0
1785122700,4102.70,4102.83,4090.64,4094.48,2694,23,0
1785123000,4094.48,4099.76,4093.69,4099.62,2382,23,0
1785123300,4099.62,4102.41,4099.31,4099.52,2179,23,0
1785123600,4099.52,4102.08,4098.45,4099.83,2223,23,0
1785123900,4099.83,4106.00,4099.68,4104.72,2332,23,0
1785124200,4104.71,4109.21,4104.71,4105.98,2321,23,0
1785124500,4105.98,4106.38,4099.08,4100.71,2522,23,0
1785124800,4100.69,4111.96,4100.59,4107.40,3418,23,0
1785125100,4107.41,4112.46,4105.54,4106.23,2973,23,0
1785125400,4106.21,4109.96,4106.21,4107.10,2736,23,0
1785125700,4107.09,4109.10,4102.10,4102.39,2932,23,0
1785126000,4102.36,4103.10,4099.81,4101.65,2514,23,0
1785126300,4101.64,4101.65,4096.90,4099.94,2425,23,0
1785126600,4099.94,4103.77,4099.58,4100.26,2542,23,0
1785126900,4100.25,4104.04,4097.89,4103.68,2487,23,0
1785127200,4103.67,4104.26,4101.93,4102.67,2454,23,0
1785127500,4102.64,4106.99,4102.64,4105.74,2427,23,0
1785127800,4105.74,4108.32,4102.75,4108.00,2250,23,0
1785128100,4108.00,4110.09,4106.07,4110.09,2240,23,0
1785128400,4110.09,4110.90,4105.21,4105.42,2385,23,0
1785128700,4105.40,4107.50,4103.94,4104.18,2157,23,0
1785129000,4104.30,4105.97,4103.34,4105.52,2329,23,0
1785129300,4105.52,4105.79,4103.62,4104.20,1739,23,0
1785129600,4104.23,4104.66,4101.99,4104.02,1661,23,0
1785129900,4104.00,4105.65,4102.89,4103.06,1731,23,0
1785130200,4103.09,4103.18,4099.24,4100.05,2534,23,0
1785130500,4100.05,4101.23,4097.68,4097.75,2233,23,0
1785130800,4097.75,4098.57,4095.58,4096.53,2131,23,0
1785131100,4096.53,4097.61,4095.18,4095.26,1754,23,0
1785131400,4095.25,4096.80,4094.17,4096.50,1860,23,0
1785131700,4096.50,4096.50,4093.69,4093.70,1738,23,0
1785132000,4093.71,4095.83,4090.93,4092.46,2182,23,0
1785132300,4092.45,4093.26,4091.07,4091.43,1955,23,0
1785132600,4091.41,4092.20,4089.11,4091.94,1932,23,0
1785132900,4091.93,4093.54,4091.20,4092.16,1839,23,0
1785133200,4092.16,4092.27,4089.34,4090.00,1776,23,0
1785133500,4090.01,4090.11,4085.33,4085.59,2031,23,0
1785133800,4085.61,4090.25,4085.12,4090.21,2013,23,0
1785134100,4090.21,4090.59,4088.00,4089.28,1605,23,0
1785134400,4089.28,4090.82,4088.96,4089.84,1473,23,0
1785134700,4089.82,4089.91,4088.55,4089.42,1274,23,0
1785135000,4089.42,4090.61,4089.11,4089.40,1075,23,0
1785135300,4089.40,4091.23,4089.37,4090.96,1149,23,0
1785135600,4090.98,4092.84,4090.81,4091.22,1634,23,0
1785135900,4091.21,4091.76,4089.48,4089.81,1409,23,0
1785136200,4089.82,4090.45,4088.62,4090.10,1387,23,0
1785136500,4090.12,4090.43,4087.01,4088.02,1415,23,0
1785136800,4088.02,4089.73,4087.49,4088.09,1247,23,0
1785137100,4088.09,4089.04,4087.33,4089.00,1354,23,0
1785137400,4089.00,4091.08,4089.00,4090.58,1407,23,0
1785137700,4090.59,4092.32,4090.27,4091.14,1332,23,0
1785138000,4091.13,4092.33,4090.24,4090.40,1353,23,0
1785138300,4090.40,4091.24,4089.80,4090.06,1180,23,0
1785138600,4090.06,4090.41,4089.24,4090.38,1174,23,0
1785138900,4090.38,4090.86,4089.52,4090.28,1485,23,0
1785139200,4090.25,4092.46,4088.65,4090.53,1701,23,0
1785139500,4090.53,4094.23,4089.69,4093.35,1445,23,0
1785139800,4093.36,4094.74,4092.43,4094.70,1490,23,0
1785140100,4094.70,4094.71,4091.71,4091.86,1401,23,0
1785140400,4091.84,4091.92,4088.14,4088.14,1330,23,0
1785140700,4088.14,4088.27,4086.15,4087.03,1569,23,0
1785141000,4087.02,4090.28,4086.22,4087.44,2289,23,0
1785141300,4087.45,4090.03,4085.71,4088.34,2167,23,0
1785141600,4088.41,4089.56,4086.73,4088.08,2189,23,0
1785141900,4088.08,4088.25,4084.45,4086.20,2256,23,0
1785142200,4086.15,4089.33,4084.84,4088.92,2006,23,0
1785142500,4088.91,4093.63,4087.57,4093.13,2256,23,0
1785142800,4093.16,4094.62,4091.95,4093.55,2481,23,0
1785143100,4093.64,4094.67,4091.62,4093.78,2149,23,0
1785143400,4093.78,4096.41,4093.07,4094.38,2333,23,0
1785143700,4094.37,4095.33,4092.00,4093.06,1770,23,0
1785144000,4093.04,4094.22,4091.26,4094.07,2157,23,0
1785144300,4094.08,4096.45,4094.07,4096.10,1869,23,0
1785144600,4096.06,4096.55,4094.27,4095.70,2024,23,0
1785144900,4095.70,4098.40,4095.09,4098.13,1834,23,0
1785145200,4098.13,4099.26,4096.34,4098.62,1921,23,0
1785145500,4098.61,4099.02,4097.29,4097.80,1593,23,0
1785145800,4097.80,4097.80,4095.10,4096.57,1754,23,0
1785146100,4096.59,4097.38,4095.52,4096.14,2031,23,0
1785146400,4096.11,4100.78,4095.87,4098.85,2360,23,0
1785146700,4098.86,4100.09,4096.28,4098.03,2072,23,0
1785147000,4098.03,4101.98,4096.98,4101.96,2141,23,0
1785147300,4101.96,4103.93,4099.84,4103.91,2140,23,0
1785147600,4103.90,4105.54,4103.02,4104.70,2002,23,0
1785147900,4104.70,4105.96,4103.02,4103.18,1951,23,0
1785148200,4103.19,4103.35,4101.35,4102.75,1829,23,0
1785148500,4102.74,4103.72,4098.66,4099.24,1865,23,0
1785148800,4099.24,4099.28,4095.87,4097.27,1823,23,0
1785149100,4097.27,4099.16,4096.76,4097.68,1836,23,0
1785149400,4097.71,4097.90,4093.29,4094.11,1850,23,0
1785149700,4094.07,4094.77,4088.49,4088.77,1964,23,0
1785150000,4088.77,4093.10,4088.16,4088.44,2637,23,0
1785150300,4088.43,4092.26,4087.07,4090.29,2229,23,0
1785150600,4090.32,4092.02,4089.97,4091.26,2212,23,0
1785150900,4091.26,4091.80,4089.57,4091.43,1936,23,0
1785151200,4091.45,4091.48,4088.95,4090.90,2004,23,0
1785151500,4090.94,4092.51,4090.81,4090.86,2046,23,0
1785151800,4090.89,4091.14,4087.70,4087.70,1977,23,0
1785152100,4087.51,4090.78,4087.40,4090.32,1778,23,0
1785152400,4090.32,4092.86,4089.76,4091.40,2053,23,0
1785152700,4091.38,4093.49,4090.86,4093.16,1606,23,0
1785153000,4093.17,4094.94,4091.34,4094.84,1702,23,0
1785153300,4094.84,4096.89,4094.02,4095.17,1644,23,0
1785153600,4095.17,4096.18,4094.20,4096.10,1562,23,0
1785153900,4096.12,4098.39,4094.62,4094.64,1637,23,0
1785154200,4094.72,4095.60,4093.08,4093.97,1408,23,0
1785154500,4093.93,4094.60,4092.80,4092.97,1385,23,0
1785154800,4092.92,4094.87,4092.37,4093.65,1500,23,0
1785155100,4093.68,4095.82,4091.13,4091.50,1855,23,0
1785155400,4091.51,4093.63,4090.53,4091.74,1986,23,0
1785155700,4091.77,4093.75,4091.18,4092.19,1527,23,0
1785156000,4092.20,4094.71,4091.22,4094.19,1501,23,0
1785156300,4094.20,4097.91,4093.79,4097.27,1613,23,0
1785156600,4097.27,4099.25,4096.19,4097.78,1597,23,0
1785156900,4097.76,4100.35,4096.10,4096.13,1645,23,0
1785157200,4096.06,4096.47,4094.21,4095.05,1659,23,0
1785157500,4095.07,4095.36,4093.19,4093.75,1503,23,0
1785157800,4093.78,4093.82,4086.50,4090.86,2370,23,0
1785158100,4090.85,4092.24,4089.19,4091.04,1707,23,0
1785158400,4091.05,4093.87,4090.69,4092.45,1613,23,0
1785158700,4092.46,4093.85,4092.35,4093.04,1451,23,0
1785159000,4093.04,4096.10,4092.97,4096.06,1716,23,0
1785159300,4096.05,4099.26,4095.01,4098.04,1718,23,0
1785159600,4098.05,4101.90,4097.50,4100.32,1566,23,0
1785159900,4100.32,4102.35,4099.84,4102.08,1414,23,0
1785160200,4102.08,4102.08,4099.50,4101.23,1404,23,0
1785160500,4101.24,4102.20,4098.82,4099.49,1546,23,0
1785160800,4099.50,4101.01,4096.98,4097.54,2090,23,0
1785161100,4097.54,4103.15,4097.00,4102.73,1813,23,0
1785161400,4102.75,4104.05,4101.82,4101.95,1557,23,0
1785161700,4101.95,4103.31,4100.50,4100.51,1575,23,0
1785162000,4100.50,4101.55,4099.72,4099.81,1427,23,0
1785162300,4099.81,4101.27,4096.99,4096.99,1604,23,0
1785162600,4096.95,4099.97,4096.19,4097.61,2429,23,0
1785162900,4097.61,4099.28,4096.49,4096.83,1789,23,0
1785163200,4096.83,4098.43,4094.73,4095.60,2176,23,0
1785163500,4095.57,4097.24,4093.94,4095.62,1954,23,0
1785163800,4095.62,4097.16,4094.06,4094.32,1638,23,0
1785164100,4094.32,4095.10,4093.65,4093.89,1776,23,0
1785164400,4093.87,4097.66,4093.87,4096.25,1916,23,0
1785164700,4096.25,4096.40,4093.86,4094.38,2026,23,0
1785165000,4094.41,4094.48,4086.32,4087.57,2873,23,0
1785165300,4087.60,4088.95,4082.35,4084.42,2519,23,0
1785165600,4084.40,4085.11,4081.80,4083.11,2544,23,0
1785165900,4083.10,4088.70,4083.10,4086.73,1862,23,0
1785166200,4086.66,4088.65,4083.17,4087.51,2062,23,0
1785166500,4087.51,4087.90,4084.96,4087.24,1808,23,0
1785166800,4087.25,4087.49,4084.34,4086.66,1903,23,0
1785167100,4086.66,4089.02,4082.48,4082.67,2141,23,0
1785167400,4082.67,4085.87,4081.76,4083.04,2359,23,0
1785167700,4083.03,4086.63,4081.72,4083.70,2198,23,0
1785168000,4083.69,4088.76,4083.38,4084.04,3125,23,0
1785168300,4084.04,4085.93,4082.17,4083.51,2812,23,0
1785168600,4083.51,4087.80,4080.93,4084.86,2613,23,0
1785168900,4084.87,4087.19,4081.57,4083.65,2657,23,0
1785169200,4083.73,4085.40,4081.56,4083.81,2395,23,0
1785169500,4083.81,4085.08,4075.99,4076.16,2889,23,0
1785169800,4076.10,4082.04,4075.54,4079.77,3580,23,0
1785170100,4079.79,4087.63,4079.60,4085.11,3439,23,0
1785170400,4085.08,4089.15,4083.92,4086.69,3143,23,0
1785170700,4086.69,4089.46,4084.85,4087.37,3091,23,0
1785171000,4087.39,4089.03,4083.97,4084.15,2855,23,0
1785171300,4084.06,4084.06,4070.55,4074.20,3493,23,0
1785171600,4074.19,4079.05,4071.29,4075.37,3298,23,0
1785171900,4075.39,4077.86,4073.18,4077.21,3201,23,0
1785172200,4077.26,4077.49,4072.49,4076.93,3074,23,0
1785172500,4076.93,4078.60,4074.84,4076.24,3102,23,0
1785172800,4076.27,4076.72,4072.33,4073.79,3061,23,0
1785173100,4073.77,4074.08,4067.17,4068.25,3170,23,0
1785173400,4068.30,4069.75,4066.29,4067.96,3344,23,0
1785173700,4067.97,4070.59,4066.15,4068.22,3299,23,0
1785174000,4068.10,4069.42,4065.34,4068.82,3146,23,0
1785174300,4068.81,4073.27,4068.79,4071.39,2983,23,0
1785174600,4071.40,4074.51,4070.17,4073.15,2844,23,0
1785174900,4073.15,4077.37,4071.60,4076.18,2723,23,0
1785175200,4076.19,4076.30,4072.30,4075.03,2974,23,0
1785175500,4075.04,4075.17,4072.40,4072.52,2696,23,0
1785175800,4072.56,4076.44,4071.84,4076.02,2746,23,0
1785176100,4076.01,4078.87,4075.52,4077.92,2787,23,0
1785176400,4077.90,4079.27,4075.04,4075.32,2834,23,0
1785176700,4075.37,4076.89,4074.55,4076.46,2849,23,0
1785177000,4076.46,4077.88,4072.90,4073.05,2609,23,0
1785177300,4073.05,4074.98,4072.65,4074.07,2545,23,0
1785177600,4074.09,4076.67,4073.37,4076.08,2411,23,0
1785177900,4076.06,4076.85,4074.63,4076.10,2451,23,0
1785178200,4076.11,4079.82,4075.93,4077.67,2474,23,0
1785178500,4077.67,4079.48,4077.45,4078.44,2375,23,0
1785178800,4078.44,4079.76,4077.80,4079.38,2748,23,0
1785179100,4079.40,4084.77,4078.12,4084.55,2282,23,0
1785179400,4084.55,4084.55,4080.67,4081.39,2268,23,0
1785179700,4081.39,4081.75,4079.66,4080.57,2197,23,0
1785180000,4080.56,4082.75,4080.41,4080.90,2241,23,0
1785180300,4080.90,4088.72,4080.78,4085.10,3231,23,0
1785180600,4085.10,4093.07,4085.03,4091.63,2699,23,0
1785180900,4091.62,4093.89,4089.97,4090.65,2606,23,0
1785181200,4090.62,4090.86,4087.35,4088.23,2186,23,0
1785181500,4088.24,4088.42,4083.83,4083.85,2184,23,0
1785181800,4083.85,4084.09,4080.98,4081.88,2270,23,0
1785182100,4081.88,4082.43,4080.73,4082.31,2109,23,0
1785182400,4082.30,4082.35,4075.29,4076.17,2530,23,0
1785182700,4076.18,4076.99,4073.50,4075.10,2347,23,0
1785183000,4075.03,4076.03,4070.59,4073.52,2469,23,0
1785183300,4073.54,4075.50,4072.30,4074.22,2243,23,0
1785183600,4074.23,4076.12,4073.28,4073.75,2210,23,0
1785183900,4073.80,4076.76,4073.41,4074.73,2316,23,0
1785184200,4074.73,4075.98,4073.46,4073.78,1872,23,0
1785184500,4073.78,4074.74,4072.11,4072.95,2083,23,0
1785184800,4072.93,4074.79,4072.78,4074.46,2052,23,0
1785185100,4074.46,4075.39,4073.28,4074.95,1953,23,0
1785185400,4074.95,4077.16,4074.83,4076.00,1876,23,0
1785185700,4076.01,4076.91,4075.76,4076.38,1938,23,0
1785186000,4076.36,4079.22,4076.08,4077.32,2159,23,0
1785186300,4077.31,4078.83,4077.15,4078.74,1857,23,0
1785186600,4078.73,4078.74,4076.34,4076.74,2063,23,0
1785186900,4076.67,4076.81,4074.16,4074.98,2169,23,0
1785187200,4074.98,4076.76,4074.26,4076.47,1784,23,0
1785187500,4076.47,4076.97,4075.86,4076.81,2026,23,0
1785187800,4076.80,4077.18,4074.56,4074.87,2001,23,0
1785188100,4074.85,4075.09,4073.20,4073.44,1798,23,0
1785188400,4073.44,4078.85,4072.90,4076.23,2406,23,0
1785188700,4076.21,4076.69,4075.08,4075.22,1840,23,0
1785189000,4075.23,4078.61,4074.99,4077.61,2028,23,0
1785189300,4077.60,4079.36,4077.30,4077.88,2188,23,0
1785189600,4077.89,4078.70,4076.98,4077.11,1992,23,0
1785189900,4077.11,4079.99,4076.12,4079.81,1980,23,0
1785190200,4079.80,4081.78,4079.74,4080.24,1796,23,0
1785190500,4080.27,4084.74,4079.43,4084.49,1788,23,0
1785190800,4084.49,4088.66,4084.44,4085.17,1766,23,0
1785191100,4085.17,4085.91,4083.43,4085.73,1662,23,0
1785191400,4085.73,4086.49,4083.87,4085.19,1788,23,0
1785191700,4085.19,4086.80,4085.06,4086.51,1563,23,0
1785192000,4086.52,4087.25,4085.14,4086.89,1744,23,0
1785192300,4086.90,4089.14,4086.15,4089.08,1986,23,0
1785192600,4089.09,4089.21,4085.96,4087.47,2283,23,0
1785192900,4087.47,4087.47,4082.41,4083.33,2291,23,0
1785193200,4083.38,4084.04,4082.00,4082.16,1293,23,0
1785193500,4082.23,4082.42,4081.47,4082.28,905,23,0
1785193800,4082.26,4082.62,4081.57,4082.14,845,23,0
1785194100,4082.14,4082.18,4080.49,4080.75,736,23,0
1785194400,4080.75,4080.79,4078.91,4080.18,747,23,0
1785194700,4080.18,4081.26,4078.29,4078.68,756,23,0
1785195000,4078.68,4079.09,4076.80,4076.90,944,24,0
1785195300,4076.90,4078.08,4075.86,4076.53,892,28,0
1785195600,4076.54,4077.45,4076.44,4077.13,579,28,0
1785195900,4077.12,4077.24,4076.01,4076.55,728,28,0
1785196200,4076.55,4077.01,4075.31,4076.64,499,28,0
1785196500,4076.64,4077.26,4076.06,4076.67,409,28,0
1785200400,4079.60,4082.31,4078.47,4080.78,1111,28,0
1785200700,4080.78,4081.26,4078.63,4079.05,811,28,0
1785201000,4079.05,4079.06,4076.66,4076.82,803,28,0
1785201300,4076.82,4077.03,4075.94,4076.29,896,28,0
1785201600,4076.29,4076.59,4071.93,4072.43,1004,28,0
1785201900,4072.43,4073.17,4070.89,4072.16,904,28,0
1785202200,4072.18,4074.32,4072.18,4074.31,962,23,0
1785202500,4074.32,4074.92,4073.76,4074.38,975,23,0
1785202800,4074.36,4074.96,4073.93,4074.82,789,23,0
1785203100,4074.83,4074.87,4073.51,4074.06,909,23,0
1785203400,4074.05,4074.63,4073.58,4073.81,840,23,0
1785203700,4073.79,4074.69,4073.76,4074.15,801,23,0
1785204000,4074.16,4074.17,4071.78,4072.65,1056,23,0
1785204300,4072.67,4074.51,4072.67,4073.82,890,23,0
1785204600,4073.82,4074.95,4073.29,4074.05,764,23,0
1785204900,4074.05,4074.55,4072.99,4073.05,925,23,0
1785205200,4073.06,4073.75,4072.70,4073.18,861,23,0
1785205500,4073.20,4073.62,4071.95,4073.05,758,23,0
1785205800,4073.05,4073.50,4072.32,4073.49,630,23,0
1785206100,4073.48,4073.50,4072.28,4073.01,590,23,0
1785206400,4073.04,4073.10,4071.55,4071.96,959,23,0
1785206700,4071.97,4072.56,4069.89,4070.12,1890,23,0
1785207000,4070.14,4072.80,4069.87,4071.94,1822,23,0
1785207300,4071.96,4073.34,4071.47,4073.27,1519,23,0
1785207600,4073.28,4074.14,4065.37,4065.37,2355,23,0
1785207900,4065.63,4066.99,4061.99,4066.57,2567,23,0
1785208200,4066.61,4067.58,4064.90,4067.07,2293,23,0
1785208500,4067.07,4067.34,4062.36,4065.30,2303,23,0
1785208800,4065.30,4066.33,4060.32,4060.83,2129,23,0
1785209100,4060.84,4063.26,4059.15,4062.01,2237,23,0
1785209400,4062.01,4064.79,4060.42,4064.21,2452,23,0
1785209700,4064.22,4064.99,4063.34,4063.52,2231,23,0
1785210000,4063.49,4066.15,4062.17,4065.42,2387,23,0
1785210300,4065.42,4065.46,4058.93,4059.61,2491,23,0
1785210600,4059.60,4060.05,4057.90,4059.54,2271,23,0
1785210900,4059.53,4061.46,4057.64,4057.93,2265,23,0
1785211200,4057.93,4060.28,4053.84,4059.10,3526,23,0
1785211500,4059.09,4059.43,4054.37,4055.97,2901,23,0
1785211800,4055.99,4058.28,4054.88,4057.95,2797,23,0
1785212100,4058.01,4059.12,4053.36,4053.39,2548,23,0
1785212400,4053.38,4054.60,4049.02,4050.10,2690,23,0
1785212700,4050.09,4050.09,4046.42,4047.33,2796,23,0
1785213000,4047.34,4050.08,4043.55,4045.99,2884,23,0
1785213300,4046.04,4050.48,4046.04,4049.23,2587,23,0
1785213600,4049.18,4049.59,4046.91,4048.90,2240,23,0
1785213900,4048.92,4048.92,4045.28,4046.48,2420,23,0
1785214200,4046.47,4047.20,4042.56,4044.91,2172,23,0
1785214500,4044.93,4045.30,4043.68,4045.14,2168,23,0
1785214800,4045.12,4045.93,4042.52,4043.76,2425,23,0
1785215100,4043.76,4046.82,4042.41,4046.29,2299,23,0
1785215400,4046.26,4047.57,4045.62,4046.41,2306,23,0
1785215700,4046.42,4048.20,4045.33,4047.92,1821,23,0
1785216000,4047.92,4048.99,4046.96,4047.43,2013,23,0
1785216300,4047.43,4048.40,4045.48,4046.10,1841,23,0
1785216600,4046.09,4047.84,4045.13,4046.45,2302,23,0
1785216900,4046.47,4047.11,4044.83,4044.84,2053,23,0
1785217200,4044.84,4045.58,4041.54,4044.23,2232,23,0
1785217500,4044.23,4045.24,4042.72,4043.63,1980,23,0
1785217800,4043.63,4045.48,4042.91,4043.67,2163,23,0
1785218100,4043.66,4043.78,4040.72,4042.02,1901,23,0
1785218400,4042.02,4043.91,4040.30,4043.73,2043,23,0
1785218700,4043.73,4046.19,4042.82,4045.76,1778,23,0
1785219000,4045.76,4047.25,4045.43,4045.85,1766,23,0
1785219300,4045.85,4049.20,4045.29,4049.07,1823,23,0
1785219600,4049.07,4049.28,4047.06,4048.52,1901,23,0
1785219900,4048.53,4049.05,4046.54,4047.71,1653,23,0
1785220200,4047.70,4051.11,4047.33,4049.81,1915,23,0
1785220500,4049.81,4049.99,4048.18,4048.90,2043,23,0
1785220800,4048.89,4049.27,4047.30,4048.33,1709,23,0
1785221100,4048.32,4050.69,4048.04,4049.72,1771,23,0
1785221400,4049.71,4050.72,4048.35,4049.67,1683,23,0
1785221700,4049.66,4050.03,4048.11,4049.42,1680,23,0
1785222000,4049.43,4049.57,4047.75,4047.79,2063,23,0
1785222300,4047.80,4047.98,4045.54,4046.31,1586,23,0
1785222600,4046.31,4046.88,4043.48,4043.97,1575,23,0
1785222900,4043.96,4047.53,4043.57,4047.49,1907,23,0
1785223200,4047.50,4047.91,4046.62,4046.66,1570,23,0
1785223500,4046.66,4047.14,4045.53,4045.59,1533,23,0
1785223800,4045.59,4046.32,4043.88,4046.32,1425,23,0
1785224100,4046.54,4046.95,4045.63,4045.69,1296,23,0
1785224400,4045.67,4047.82,4045.01,4047.65,1417,23,0
1785224700,4047.64,4047.89,4042.72,4043.29,1594,23,0
1785225000,4043.29,4044.42,4043.04,4043.64,1412,23,0
1785225300,4043.66,4044.33,4041.55,4042.14,1348,23,0
1785225600,4042.14,4042.38,4040.00,4041.09,1869,23,0
1785225900,4041.10,4042.73,4040.31,4041.40,1839,23,0
1785226200,4041.40,4043.96,4041.07,4042.27,1766,23,0
1785226500,4042.26,4043.32,4041.99,4042.64,1767,23,0
1785226800,4042.62,4043.75,4041.98,4042.40,1734,23,0
1785227100,4042.40,4043.33,4040.82,4043.29,2104,23,0
1785227400,4043.20,4045.59,4037.25,4037.57,2984,23,0
1785227700,4037.56,4037.89,4034.83,4037.25,2622,23,0
1785228000,4037.24,4041.74,4036.70,4041.55,2341,23,0
1785228300,4041.55,4043.78,4039.59,4041.53,2198,23,0
1785228600,4041.53,4044.11,4040.93,4043.99,2086,23,0
1785228900,4044.00,4046.48,4043.74,4045.19,2132,23,0
1785229200,4045.19,4047.78,4044.73,4046.16,2394,23,0
1785229500,4046.16,4046.81,4043.97,4044.61,2042,23,0
1785229800,4044.62,4045.99,4042.90,4044.12,2206,23,0
1785230100,4044.12,4047.14,4043.93,4045.56,2059,23,0
1785230400,4045.56,4047.42,4044.13,4045.15,2285,23,0
1785230700,4045.16,4048.95,4044.93,4047.59,2244,23,0
1785231000,4047.64,4049.65,4046.87,4049.36,2197,23,0
1785231300,4049.34,4050.36,4048.17,4050.05,1882,23,0
1785231600,4050.05,4052.32,4049.76,4049.76,2057,23,0
1785231900,4049.77,4050.25,4047.94,4049.92,1890,23,0
1785232200,4049.88,4051.26,4049.19,4051.23,1719,23,0
1785232500,4051.24,4051.41,4048.11,4048.34,1958,23,0
1785232800,4048.36,4050.30,4047.45,4048.32,2187,23,0
1785233100,4048.31,4050.41,4047.49,4050.06,1674,23,0
1785233400,4050.06,4051.17,4048.78,4048.85,1897,23,0
1785233700,4048.84,4051.87,4048.63,4050.94,1745,23,0
1785234000,4050.95,4052.36,4049.43,4050.55,1661,23,0
1785234300,4050.55,4052.10,4049.26,4050.16,1838,23,0
1785234600,4050.15,4050.99,4048.72,4048.82,1911,23,0
1785234900,4048.82,4050.79,4048.41,4050.66,1727,23,0
1785235200,4050.65,4050.94,4048.70,4049.40,1652,23,0
1785235500,4049.40,4049.55,4046.97,4047.96,1766,23,0
1785235800,4047.98,4049.75,4047.46,4048.90,1955,23,0
1785236100,4048.89,4049.38,4046.10,4047.26,1903,23,0
1785236400,4047.25,4052.75,4046.26,4051.10,2451,23,0
1785236700,4051.10,4055.20,4048.05,4048.58,2501,23,0
1785237000,4048.58,4048.69,4043.05,4044.37,2668,23,0
1785237300,4044.37,4050.24,4044.19,4048.55,2792,23,0
1785237600,4048.53,4051.16,4047.64,4050.94,2445,23,0
1785237900,4050.93,4050.94,4048.56,4049.47,2227,23,0
1785238200,4049.55,4049.75,4044.43,4045.73,2208,23,0
1785238500,4045.77,4046.40,4042.41,4042.95,2100,23,0
1785238800,4042.94,4044.93,4041.89,4043.18,2019,23,0
1785239100,4043.18,4046.11,4043.10,4045.91,1953,23,0
1785239400,4045.92,4045.92,4041.65,4042.24,2193,23,0
1785239700,4042.22,4045.46,4041.91,4045.45,1438,23,0
1785240000,4045.46,4045.89,4042.92,4042.92,1896,23,0
1785240300,4042.94,4043.31,4041.31,4042.65,1598,23,0
1785240600,4042.65,4043.10,4040.63,4040.91,1586,23,0
1785240900,4040.92,4043.79,4040.92,4043.40,1967,23,0
1785241200,4043.42,4044.11,4042.44,4042.84,1252,23,0
1785241500,4042.84,4042.98,4039.09,4040.29,1620,23,0
1785241800,4040.29,4040.32,4036.12,4037.82,2060,23,0
1785242100,4037.82,4038.20,4029.58,4032.17,2495,23,0
1785242400,4032.17,4034.13,4031.86,4033.28,1721,23,0
1785242700,4033.28,4034.21,4029.82,4031.17,2040,23,0
1785243000,4031.14,4031.96,4028.31,4030.10,2081,23,0
1785243300,4030.04,4030.08,4019.52,4023.46,2332,23,0
1785243600,4023.36,4025.15,4021.43,4024.48,2376,23,0
1785243900,4024.48,4026.89,4021.92,4021.94,2242,23,0
1785244200,4021.95,4024.36,4020.53,4024.22,2146,23,0
1785244500,4024.23,4025.82,4021.61,4021.77,2012,23,0
1785244800,4021.75,4022.78,4017.63,4019.38,2427,23,0
1785245100,4019.37,4020.21,4016.95,4017.53,1947,23,0
1785245400,4017.51,4023.54,4017.14,4022.79,1994,23,0
1785245700,4022.75,4023.19,4019.73,4021.93,2345,23,0
1785246000,4021.92,4022.68,4020.52,4022.46,1947,23,0
1785246300,4022.46,4026.17,4022.13,4024.04,2093,23,0
1785246600,4024.07,4028.40,4023.68,4028.26,1783,23,0
1785246900,4028.20,4028.52,4025.96,4026.52,1994,23,0
1785247200,4026.51,4028.73,4025.21,4026.54,2523,23,0
1785247500,4026.56,4028.54,4025.05,4027.59,2354,23,0
1785247800,4027.60,4027.85,4023.09,4023.83,2117,23,0
1785248100,4023.82,4032.36,4023.75,4030.59,2597,23,0
1785248400,4030.59,4030.69,4028.60,4028.68,2203,23,0
1785248700,4028.66,4029.30,4026.52,4027.48,1966,23,0
1785249000,4027.55,4028.90,4026.44,4027.22,1964,23,0
1785249300,4027.21,4031.40,4027.07,4029.51,2062,23,0
1785249600,4029.51,4029.72,4026.52,4027.18,1972,23,0
1785249900,4027.08,4027.91,4025.59,4026.56,2059,23,0
1785250200,4026.58,4026.86,4023.97,4024.24,2013,23,0
1785250500,4024.16,4028.27,4024.11,4028.07,2065,23,0
1785250800,4028.06,4028.63,4023.85,4026.34,2287,23,0
1785251100,4026.32,4028.81,4025.51,4026.16,2348,23,0
1785251400,4026.21,4028.04,4022.87,4027.81,2402,23,0
1785251700,4027.81,4030.56,4026.06,4030.56,1939,23,0
1785252000,4030.61,4034.24,4029.80,4033.87,2156,23,0
1785252300,4033.87,4034.91,4031.25,4034.46,2202,23,0
1785252600,4034.46,4034.94,4026.03,4028.66,2242,23,0
1785252900,4028.65,4030.26,4026.55,4028.47,2437,23,0
1785253200,4028.46,4034.79,4028.27,4033.55,2356,23,0
1785253500,4033.55,4038.12,4033.53,4034.51,2396,23,0
1785253800,4034.50,4034.71,4031.49,4032.05,2406,23,0
1785254100,4032.05,4032.79,4028.43,4029.48,2242,23,0
1785254400,4029.47,4034.35,4029.45,4032.95,2950,23,0
1785254700,4032.95,4035.53,4030.92,4032.84,2645,23,0
1785255000,4032.86,4033.85,4032.00,4032.83,2405,23,0
1785255300,4032.83,4033.02,4029.69,4030.72,2585,23,0
1785255600,4030.73,4035.90,4030.52,4034.49,2321,23,0
1785255900,4034.48,4036.04,4028.44,4028.97,2551,23,0
1785256200,4028.92,4032.81,4027.33,4031.13,3437,23,0
1785256500,4031.12,4032.63,4021.76,4021.90,3279,23,0
1785256800,4021.90,4025.37,4020.23,4025.14,3250,23,0
1785257100,4025.17,4026.76,4022.06,4025.09,3249,23,0
1785257400,4025.06,4028.92,4024.37,4027.14,3414,23,0
1785257700,4027.13,4027.23,4021.55,4022.07,2930,23,0
1785258000,4022.06,4027.21,4021.91,4026.15,3147,23,0
1785258300,4026.15,4031.26,4025.90,4029.80,3469,23,0
1785258600,4029.77,4033.33,4025.09,4025.77,3157,23,0
1785258900,4025.76,4026.66,4020.13,4020.13,3326,23,0
1785259200,4020.16,4020.77,4011.55,4017.20,3512,23,0
1785259500,4017.16,4022.46,4016.46,4022.23,3212,23,0
1785259800,4022.23,4025.25,4020.14,4020.31,3094,23,0
1785260100,4020.31,4023.56,4019.51,4020.32,3229,23,0
1785260400,4020.30,4024.09,4018.79,4022.65,3105,23,0
1785260700,4022.64,4028.48,4021.14,4028.14,2905,23,0
1785261000,4028.14,4029.48,4025.97,4027.47,2708,23,0
1785261300,4027.45,4028.21,4024.48,4024.48,2584,23,0
1785261600,4024.48,4029.82,4024.17,4024.76,2944,23,0
1785261900,4024.79,4027.44,4022.19,4027.44,2895,23,0
1785262200,4027.51,4036.35,4027.51,4033.65,3685,23,0
1785262500,4033.64,4036.17,4031.87,4035.43,3480,23,0
1785262800,4035.46,4040.80,4035.21,4035.80,3370,23,0
1785263100,4035.77,4040.20,4035.01,4035.49,2957,23,0
1785263400,4035.49,4036.45,4032.27,4033.42,2872,23,0
1785263700,4033.42,4038.38,4032.81,4036.94,2793,23,0
1785264000,4036.95,4042.05,4036.75,4041.41,2668,23,0
1785264300,4041.42,4044.88,4041.17,4043.48,2498,23,0
1785264600,4043.45,4047.02,4041.87,4046.10,2520,23,0
1785264900,4046.12,4047.01,4044.79,4046.11,2470,23,0
1785265200,4046.11,4046.44,4042.33,4042.64,2511,23,0
1785265500,4042.63,4044.72,4042.44,4043.25,2040,23,0
1785265800,4043.26,4045.79,4042.18,4044.73,2177,23,0
1785266100,4044.74,4045.47,4043.37,4045.24,2086,23,0
1785266400,4045.24,4045.73,4043.19,4043.81,2184,23,0
1785266700,4043.80,4044.89,4041.99,4042.13,2147,23,0
1785267000,4042.12,4043.82,4041.04,4042.83,2276,23,0
1785267300,4042.83,4043.70,4041.35,4041.88,2028,23,0
1785267600,4041.88,4043.26,4040.35,4040.52,2031,23,0
1785267900,4040.53,4041.06,4037.51,4037.77,2441,23,0
1785268200,4037.76,4038.36,4037.11,4038.35,2069,23,0
1785268500,4038.35,4038.36,4036.64,4037.49,1791,23,0
1785268800,4037.50,4039.85,4037.37,4039.83,2139,23,0
1785269100,4039.83,4040.97,4038.25,4038.45,2291,23,0
1785269400,4038.46,4038.81,4035.53,4036.94,2276,23,0
1785269700,4036.93,4037.02,4035.44,4035.46,2214,23,0
1785270000,4035.45,4041.40,4035.24,4036.47,2651,23,0
1785270300,4036.47,4039.66,4035.88,4037.43,2454,23,0
1785270600,4037.51,4037.79,4034.40,4034.96,2220,23,0
1785270900,4034.91,4035.07,4031.16,4031.45,1988,23,0
1785271200,4031.44,4031.46,4027.66,4028.27,2165,23,0
1785271500,4028.24,4029.52,4025.77,4029.37,2386,23,0
1785271800,4029.36,4029.43,4025.96,4026.51,2053,23,0
1785272100,4026.51,4028.20,4025.95,4027.82,2195,23,0
1785272400,4027.81,4029.53,4027.07,4029.48,2426,23,0
1785272700,4029.48,4030.39,4028.92,4029.77,2213,23,0
1785273000,4029.77,4029.97,4027.70,4028.22,2224,23,0
1785273300,4028.22,4029.95,4027.94,4028.47,2422,23,0
1785273600,4028.47,4028.89,4026.57,4026.76,2316,23,0
1785273900,4026.78,4027.59,4025.83,4027.13,2411,23,0
1785274200,4027.12,4027.49,4024.07,4024.37,2426,23,0
1785274500,4024.35,4024.68,4023.00,4023.80,2254,23,0
1785274800,4023.80,4025.01,4023.18,4024.17,2007,23,0
1785275100,4024.13,4026.01,4023.33,4024.00,1841,23,0
1785275400,4023.99,4024.54,4022.38,4022.85,2226,23,0
1785275700,4022.85,4023.14,4021.66,4022.95,2011,23,0
1785276000,4022.95,4024.67,4022.33,4024.37,2199,23,0
1785276300,4024.36,4025.73,4023.59,4024.73,2012,23,0
1785276600,4024.73,4024.80,4023.62,4024.04,1689,23,0
1785276900,4024.03,4025.10,4023.81,4023.92,1515,23,0
1785277200,4023.91,4024.16,4022.80,4022.98,1520,23,0
1785277500,4022.98,4023.66,4021.91,4023.25,1750,23,0
1785277800,4023.24,4027.70,4023.22,4027.50,1968,23,0
1785278100,4027.50,4027.57,4024.29,4024.71,1984,23,0
1785278400,4024.71,4026.13,4024.71,4026.13,1758,23,0
1785278700,4026.13,4027.40,4026.12,4026.55,1801,23,0
1785279000,4026.54,4027.88,4025.36,4027.37,1762,23,0
1785279300,4027.37,4027.96,4026.06,4026.38,2175,23,0
1785279600,4026.38,4026.39,4023.08,4023.25,1467,23,0
1785279900,4023.25,4024.24,4022.54,4023.13,1448,23,0
1785280200,4023.13,4024.67,4022.92,4023.72,1014,23,0
1785280500,4023.71,4026.68,4023.62,4026.50,1003,23,0
1785280800,4026.50,4026.66,4025.52,4025.96,822,23,0
1785281100,4025.95,4027.74,4025.91,4027.31,833,23,0
1785281400,4027.28,4028.47,4027.28,4028.20,957,28,0
1785281700,4028.20,4029.91,4027.44,4027.75,1156,28,0
1785282000,4027.75,4030.18,4027.75,4030.00,1019,28,0
1785282300,4029.99,4030.45,4027.43,4027.48,942,28,0
1785282600,4027.49,4028.52,4026.49,4028.34,992,28,0
1785282900,4028.34,4029.20,4028.08,4028.65,457,28,0
1785286800,4028.68,4030.58,4025.57,4026.48,644,28,0
1785287100,4026.47,4027.33,4026.03,4027.03,528,28,0
1785287400,4027.05,4028.05,4024.43,4024.43,958,28,0
1785287700,4024.43,4025.16,4022.29,4022.30,943,28,0
1785288000,4022.30,4023.50,4017.30,4017.84,1273,28,0
1785288300,4017.85,4021.11,4017.47,4020.92,1332,28,0
1785288600,4020.87,4021.17,4013.96,4017.46,1701,23,0
1785288900,4017.42,4017.42,4014.20,4015.01,1605,23,0
1785289200,4015.01,4018.74,4015.01,4018.29,1252,23,0
1785289500,4018.32,4018.34,4015.34,4016.79,1679,23,0
1785289800,4016.79,4019.04,4016.17,4017.77,1476,23,0
1785290100,4017.76,4019.66,4017.63,4018.29,1299,23,0
1785290400,4018.29,4018.77,4016.40,4017.23,1552,23,0
1785290700,4017.20,4019.40,4016.39,4018.13,1529,23,0
1785291000,4018.13,4023.13,4018.08,4021.98,1574,23,0
1785291300,4021.98,4022.12,4015.64,4016.47,1521,23,0
1785291600,4016.47,4019.56,4016.38,4019.21,1521,23,0
1785291900,4019.21,4019.37,4015.02,4018.60,1323,23,0
1785292200,4018.60,4019.91,4017.41,4018.34,1229,23,0
1785292500,4018.33,4020.42,4018.20,4018.95,1031,23,0
1785292800,4018.94,4023.46,4018.21,4022.98,1311,23,0
1785293100,4022.95,4023.20,4019.04,4022.42,2649,23,0
1785293400,4022.41,4024.45,4020.91,4023.64,2083,23,0
1785293700,4023.63,4026.24,4022.89,4024.93,1842,23,0
1785294000,4024.94,4025.87,4017.61,4021.89,2975,23,0
1785294300,4021.90,4024.35,4017.66,4017.66,2412,23,0
1785294600,4017.66,4022.06,4017.66,4020.64,2024,23,0
1785294900,4020.63,4026.38,4020.56,4025.28,2133,23,0
1785295200,4025.28,4029.50,4023.73,4024.81,2461,23,0
1785295500,4024.81,4026.62,4022.21,4022.51,2459,23,0
1785295800,4022.52,4025.05,4021.38,4024.37,2320,23,0
1785296100,4024.38,4027.67,4023.36,4024.60,2136,23,0
1785296400,4024.51,4026.14,4024.17,4025.97,2022,23,0
1785296700,4025.99,4026.04,4020.94,4020.94,2221,23,0
1785297000,4020.95,4023.91,4020.85,4023.75,2624,23,0
1785297300,4023.72,4023.83,4020.40,4021.87,2312,23,0
1785297600,4021.87,4021.87,4010.31,4011.92,3357,23,0
1785297900,4011.92,4015.55,4010.59,4015.06,2841,23,0
1785298200,4015.06,4017.70,4011.68,4013.06,2818,23,0
1785298500,4013.06,4016.54,4011.60,4016.38,2956,23,0
1785298800,4016.37,4017.58,4013.71,4015.06,2815,23,0
1785299100,4015.07,4020.15,4014.27,4018.32,2557,23,0
1785299400,4018.32,4024.32,4014.97,4024.14,3183,23,0
1785299700,4024.13,4030.48,4022.59,4029.19,3080,23,0
1785300000,4029.17,4030.40,4025.75,4027.59,2791,23,0
1785300300,4027.56,4028.22,4024.31,4024.68,2590,23,0
1785300600,4024.65,4025.83,4021.86,4023.17,2699,23,0
1785300900,4023.17,4026.05,4022.88,4025.91,2611,23,0
1785301200,4025.88,4029.18,4025.45,4027.48,2808,23,0
1785301500,4027.49,4028.14,4023.05,4025.18,2678,23,0
1785301800,4025.18,4028.26,4024.94,4028.26,2535,23,0
1785302100,4028.26,4030.15,4026.25,4027.31,2030,23,0
1785302400,4027.32,4035.36,4026.72,4033.23,2298,23,0
1785302700,4033.23,4035.26,4030.96,4033.03,2079,23,0
1785303000,4033.04,4036.59,4030.66,4031.50,2748,23,0
1785303300,4031.49,4035.20,4031.14,4035.20,2424,23,0
1785303600,4035.18,4037.80,4034.41,4034.98,2355,23,0
1785303900,4034.98,4035.23,4032.35,4032.61,2206,23,0
1785304200,4032.58,4033.31,4029.19,4029.90,2343,23,0
1785304500,4029.91,4032.13,4029.43,4029.52,1714,23,0
1785304800,4029.51,4031.18,4028.11,4028.71,2131,23,0
1785305100,4028.71,4032.67,4028.38,4029.43,2393,23,0
1785305400,4029.44,4030.80,4027.29,4027.72,2163,23,0
1785305700,4027.72,4028.82,4026.24,4028.14,2029,23,0
1785306000,4028.13,4028.41,4026.00,4026.36,1978,23,0
1785306300,4026.37,4028.14,4025.47,4026.98,1833,23,0
1785306600,4026.99,4027.01,4024.55,4026.68,1754,23,0
1785306900,4026.68,4029.50,4026.17,4027.18,1520,23,0
1785307200,4027.15,4027.18,4025.12,4026.07,1580,23,0
1785307500,4026.07,4026.88,4025.60,4026.08,1569,23,0
1785307800,4026.09,4026.41,4024.01,4024.28,1319,23,0
1785308100,4024.28,4024.50,4023.15,4023.54,1320,23,0
1785308400,4023.55,4024.88,4021.64,4022.49,1681,23,0
1785308700,4022.52,4023.14,4021.37,4022.93,1548,23,0
1785309000,4022.93,4023.05,4021.28,4021.80,1550,23,0
1785309300,4021.79,4022.22,4020.57,4021.90,1502,23,0
1785309600,4021.89,4024.12,4021.52,4023.95,1592,23,0
1785309900,4023.94,4025.55,4022.89,4023.45,1676,23,0
1785310200,4023.43,4026.97,4023.35,4026.52,1620,23,0
1785310500,4026.52,4026.55,4024.70,4024.96,1816,23,0
1785310800,4024.96,4027.37,4024.82,4027.15,1855,23,0
1785311100,4027.16,4027.33,4023.57,4023.95,2401,23,0
1785311400,4023.95,4026.83,4023.85,4026.59,2146,23,0
1785311700,4026.57,4027.64,4026.02,4027.26,1657,23,0
1785312000,4027.25,4029.42,4026.63,4029.01,1867,23,0
1785312300,4028.98,4029.16,4027.03,4027.37,1756,23,0
1785312600,4027.37,4031.63,4026.77,4030.40,1906,23,0
1785312900,4030.39,4030.40,4027.55,4027.76,1753,23,0
1785313200,4027.75,4030.97,4027.06,4030.71,1694,23,0
1785313500,4030.71,4031.16,4029.83,4030.45,1580,23,0
1785313800,4030.44,4034.44,4029.99,4031.94,2807,23,0
1785314100,4031.94,4032.95,4029.73,4031.66,2338,23,0
1785314400,4031.65,4039.60,4031.19,4039.10,2437,23,0
1785314700,4039.10,4040.04,4033.73,4033.78,2479,23,0
1785315000,4033.76,4036.05,4033.30,4033.88,2369,23,0
1785315300,4033.88,4034.81,4031.57,4033.02,2306,23,0
1785315600,4033.03,4037.53,4032.97,4037.53,2639,23,0
1785315900,4037.51,4037.51,4034.71,4034.97,2181,23,0
1785316200,4034.96,4038.23,4034.41,4037.37,1799,23,0
1785316500,4037.38,4040.03,4037.22,4038.07,1960,23,0
1785316800,4038.07,4043.02,4035.86,4041.01,1956,23,0
1785317100,4041.01,4041.75,4040.40,4040.96,2015,23,0
1785317400,4040.97,4043.68,4040.74,4043.65,2111,23,0
1785317700,4043.65,4044.75,4042.03,4043.20,1990,23,0
1785318000,4043.21,4043.89,4041.46,4042.75,1759,23,0
1785318300,4042.74,4042.88,4039.72,4040.15,1606,23,0
1785318600,4040.15,4042.54,4039.90,4041.11,2062,23,0
1785318900,4041.07,4042.29,4040.60,4041.17,1927,23,0
1785319200,4041.19,4044.27,4041.11,4042.05,2078,23,0
1785319500,4042.05,4044.80,4041.84,4044.69,1818,23,0
1785319800,4044.68,4046.47,4044.60,4045.31,1648,23,0
1785320100,4045.31,4045.99,4044.18,4045.51,1565,23,0
1785320400,4045.51,4047.72,4045.33,4046.77,1670,23,0
1785320700,4046.80,4047.13,4044.56,4045.93,1622,23,0
1785321000,4045.94,4046.74,4044.76,4045.63,1813,23,0
1785321300,4045.64,4047.45,4045.64,4045.86,1736,23,0
1785321600,4045.87,4047.47,4045.72,4045.99,1436,23,0
1785321900,4045.97,4046.87,4044.19,4044.53,1572,23,0
1785322200,4044.55,4044.71,4042.74,4043.49,1500,23,0
1785322500,4043.49,4044.16,4042.63,4043.77,1439,23,0
1785322800,4043.77,4044.36,4042.62,4043.78,1884,23,0
1785323100,4043.78,4043.86,4040.59,4041.04,1606,23,0
1785323400,4041.04,4042.35,4039.09,4039.09,1660,23,0
1785323700,4039.11,4042.16,4039.08,4040.80,1567,23,0
1785324000,4040.80,4040.80,4037.31,4037.65,1555,23,0
1785324300,4037.65,4038.06,4035.67,4037.26,1798,23,0
1785324600,4037.27,4037.88,4035.71,4036.01,1857,23,0
1785324900,4036.01,4038.92,4035.94,4037.97,1329,23,0
1785325200,4037.96,4039.15,4037.63,4038.16,1472,23,0
1785325500,4038.17,4039.93,4037.47,4037.63,1500,23,0
1785325800,4037.62,4040.12,4037.06,4039.15,1679,23,0
1785326100,4039.19,4039.49,4037.00,4037.54,1427,23,0
1785326400,4037.54,4038.31,4036.28,4037.26,1632,23,0
1785326700,4037.26,4037.90,4035.86,4037.73,1560,23,0
1785327000,4037.72,4037.83,4035.50,4036.28,1626,23,0
1785327300,4036.29,4037.63,4035.98,4036.97,1534,23,0
1785327600,4036.97,4036.98,4033.67,4034.66,1635,23,0
1785327900,4034.65,4034.73,4033.43,4033.72,1379,23,0
1785328200,4033.72,4034.59,4031.27,4033.89,1819,23,0
1785328500,4033.89,4034.89,4032.56,4032.86,1407,23,0
1785328800,4032.85,4034.88,4032.37,4034.32,1589,23,0
1785329100,4034.31,4035.74,4034.07,4035.66,1425,23,0
1785329400,4035.66,4036.32,4034.84,4035.29,1223,23,0
1785329700,4035.28,4035.28,4031.93,4032.55,1586,23,0
1785330000,4032.60,4033.83,4031.96,4033.11,1580,23,0
1785330300,4033.13,4034.05,4031.11,4032.66,1819,23,0
1785330600,4032.66,4033.48,4030.87,4031.89,1695,23,0
1785330900,4031.90,4032.21,4030.29,4032.16,1660,23,0
1785331200,4032.16,4032.78,4031.07,4031.37,1179,23,0
1785331500,4031.38,4033.34,4030.14,4033.16,1298,23,0
1785331800,4033.11,4034.35,4032.10,4032.10,1255,23,0
1785332100,4032.10,4032.55,4028.86,4029.14,1387,23,0
1785332400,4029.15,4029.51,4026.36,4027.38,1665,23,0
1785332700,4027.39,4027.89,4026.45,4027.64,1340,23,0
1785333000,4027.64,4028.63,4026.01,4026.83,1347,23,0
1785333300,4026.82,4027.61,4026.02,4027.45,1240,23,0
1785333600,4027.45,4029.39,4026.98,4027.94,1695,23,0
1785333900,4027.94,4028.25,4024.94,4025.97,1668,23,0
1785334200,4025.98,4029.63,4025.98,4029.63,1416,23,0
1785334500,4029.63,4032.73,4028.38,4032.49,1510,23,0
1785334800,4032.55,4033.12,4031.87,4032.41,1419,23,0
1785335100,4032.41,4033.45,4031.68,4032.72,1248,23,0
1785335400,4032.72,4032.93,4031.30,4031.75,1177,23,0
1785335700,4031.75,4032.04,4030.16,4031.81,1211,23,0
1785336000,4031.80,4032.20,4030.61,4030.89,1314,23,0
1785336300,4030.90,4036.13,4030.49,4034.61,1855,23,0
1785336600,4034.58,4034.74,4031.90,4032.11,1677,23,0
1785336900,4032.11,4032.72,4031.13,4032.72,1500,23,0
1785337200,4032.71,4033.37,4030.36,4030.47,1638,23,0
1785337500,4030.47,4031.23,4028.64,4029.95,1726,23,0
1785337800,4029.93,4030.95,4026.18,4027.00,1602,23,0
1785338100,4027.01,4027.48,4018.93,4018.93,3316,23,0
1785338400,4018.94,4020.21,4014.27,4015.77,2978,23,0
1785338700,4015.77,4017.39,4012.64,4013.16,2595,23,0
1785339000,4013.14,4018.65,4009.22,4018.40,2611,23,0
1785339300,4018.38,4022.50,4016.98,4021.44,2153,23,0
1785339600,4021.52,4021.96,4017.35,4020.99,2099,23,0
1785339900,4021.00,4023.13,4019.52,4020.24,1892,23,0
1785340200,4020.24,4022.27,4018.91,4021.71,1965,23,0
1785340500,4021.72,4023.64,4021.03,4022.61,1890,23,0
1785340800,4022.61,4026.36,4018.76,4018.80,2886,23,0
1785341100,4018.80,4019.19,4015.42,4016.12,2521,23,0
1785341400,4016.11,4018.81,4015.04,4015.69,2363,23,0
1785341700,4015.70,4018.52,4014.16,4017.10,2326,23,0
1785342000,4017.11,4023.15,4015.71,4020.40,2448,23,0
1785342300,4020.40,4022.94,4013.73,4014.49,2487,23,0
1785342600,4014.47,4017.65,4010.19,4017.07,3449,23,0
1785342900,4017.17,4017.90,4014.09,4016.24,3108,23,0
1785343200,4016.23,4016.25,4012.88,4013.66,3226,23,0
1785343500,4013.65,4015.99,4011.04,4015.15,3209,23,0
1785343800,4015.15,4015.16,4006.61,4009.17,3045,23,0
1785344100,4009.11,4009.11,4002.48,4007.24,3131,23,0
1785344400,4007.27,4008.58,4001.17,4005.82,3364,23,0
1785344700,4005.90,4006.66,3998.84,3999.56,3098,23,0
1785345000,3999.57,4001.22,3995.95,3999.21,3129,23,0
1785345300,3999.27,4009.03,3998.92,4007.75,3175,23,0
1785345600,4007.72,4010.07,4006.54,4009.70,3068,23,0
1785345900,4009.67,4009.77,4003.51,4005.40,3002,23,0
1785346200,4005.40,4009.22,4003.95,4007.93,3012,23,0
1785346500,4007.92,4008.36,4003.17,4004.45,2846,23,0
1785346800,4004.44,4006.54,3998.96,4001.13,2879,23,0
1785347100,4001.14,4002.55,3998.33,4001.53,3090,23,0
1785347400,4001.53,4005.69,4000.41,4005.34,3005,23,0
1785347700,4005.33,4005.77,4002.39,4004.79,2929,23,0
1785348000,4004.83,4008.81,4003.23,4008.34,2890,23,0
1785348300,4008.34,4009.82,4006.51,4009.77,2815,23,0
1785348600,4009.76,4009.79,4005.70,4006.81,2565,23,0
1785348900,4006.81,4008.58,4005.02,4005.05,2478,23,0
1785349200,4005.07,4010.23,4003.70,4009.94,2659,23,0
1785349500,4009.96,4011.22,4007.98,4010.53,2531,23,0
1785349800,4010.54,4013.50,4009.69,4010.26,2676,23,0
1785350100,4010.23,4012.37,4008.02,4008.75,2445,23,0
1785350400,4008.75,4010.55,4007.07,4010.55,2318,23,0
1785350700,4010.54,4012.72,4009.41,4012.61,2166,23,0
1785351000,4012.60,4013.78,4010.79,4011.58,2227,23,0
1785351300,4011.59,4011.85,4008.28,4009.79,2407,23,0
1785351600,4009.77,4011.65,4007.60,4009.31,2279,23,0
1785351900,4009.44,4015.56,4008.73,4014.77,2200,23,0
1785352200,4014.80,4015.62,4009.53,4009.55,2065,23,0
1785352500,4009.55,4011.53,4007.85,4011.31,1847,23,0
1785352800,4011.32,4017.29,4010.98,4015.08,2304,23,0
1785353100,4015.08,4017.06,4015.03,4016.62,2068,23,0
1785353400,4016.54,4018.95,4014.89,4017.04,2157,23,0
1785353700,4017.08,4018.17,4015.05,4016.81,2032,23,0
1785354000,4016.81,4017.66,4015.77,4016.97,2065,23,0
1785354300,4016.98,4018.01,4015.19,4017.75,2065,23,0
1785354600,4017.75,4025.66,4017.64,4025.63,2320,23,0
1785354900,4025.65,4032.79,4025.09,4027.21,3278,23,0
1785355200,4027.23,4037.55,4027.22,4036.80,2923,23,0
1785355500,4036.90,4041.13,4035.08,4038.63,2783,23,0
1785355800,4038.62,4050.53,4037.52,4042.08,3020,23,0
1785356100,4042.06,4047.84,4040.81,4045.19,2937,23,0
1785356400,4045.17,4050.52,4044.61,4047.30,2991,23,0
1785356700,4047.29,4048.14,4037.28,4039.17,3012,23,0
1785357000,4039.20,4041.82,4037.62,4038.71,2742,23,0
1785357300,4038.70,4041.63,4036.31,4041.38,2493,23,0
1785357600,4041.36,4047.34,4040.74,4045.71,2664,23,0
1785357900,4045.71,4048.00,4044.85,4047.43,2631,23,0
1785358200,4047.42,4047.43,4044.61,4044.83,2585,23,0
1785358500,4044.81,4044.87,4041.41,4044.06,2139,23,0
1785358800,4044.05,4085.53,4042.89,4066.91,4341,23,0
1785359100,4066.80,4083.04,4066.33,4076.47,4079,23,0
1785359400,4076.38,4086.00,4071.89,4081.01,3814,23,0
1785359700,4081.02,4083.73,4071.20,4071.84,3748,23,0
1785360000,4071.84,4073.17,4066.43,4066.52,3569,23,0
1785360300,4066.45,4068.22,4063.85,4067.67,3342,23,0
1785360600,4067.62,4072.69,4052.26,4059.82,4209,23,0
1785360900,4059.79,4072.66,4053.76,4071.14,4085,23,0
1785361200,4071.12,4086.83,4069.87,4083.29,4069,23,0
1785361500,4083.39,4100.65,4082.07,4099.55,4044,23,0
1785361800,4099.54,4109.76,4092.87,4104.94,3963,23,0
1785362100,4104.86,4109.37,4101.33,4106.81,3820,23,0
1785362400,4106.73,4116.39,4101.93,4103.28,4015,23,0
1785362700,4103.29,4105.54,4093.84,4096.72,3988,23,0
1785363000,4096.70,4102.24,4089.95,4099.59,3889,23,0
1785363300,4099.60,4104.47,4097.43,4098.46,3726,23,0
1785363600,4098.39,4099.33,4085.07,4087.19,3962,23,0
1785363900,4087.15,4087.72,4080.94,4083.98,3856,23,0
1785364200,4084.01,4088.37,4067.10,4073.26,3935,23,0
1785364500,4073.28,4075.70,4066.16,4068.90,3818,23,0
1785364800,4068.86,4073.24,4065.28,4069.25,3757,23,0
1785365100,4069.20,4071.96,4065.94,4071.50,3686,23,0
1785365400,4071.48,4071.48,4061.22,4061.64,3623,23,0
1785365700,4061.63,4061.63,4044.31,4044.70,3635,23,0
1785366000,4044.64,4052.76,4042.65,4052.68,3580,23,0
1785366300,4052.67,4053.63,4049.14,4052.74,3069,23,0
1785366600,4052.73,4055.94,4049.19,4051.96,2994,23,0
1785366900,4051.96,4051.99,4047.57,4049.27,2659,23,0
1785367200,4049.26,4050.59,4043.84,4048.88,2516,23,0
1785367500,4048.88,4057.33,4048.26,4055.58,2342,23,0
1785367800,4055.60,4059.80,4053.94,4059.31,2007,24,0
1785368100,4059.31,4063.58,4058.30,4063.52,1923,28,0
1785368400,4063.52,4069.25,4063.21,4067.08,1745,28,0
1785368700,4067.03,4070.02,4065.47,4066.06,2109,28,0
1785369000,4066.06,4066.44,4063.39,4065.51,1989,28,0
1785369300,4065.50,4067.13,4065.01,4066.06,1067,28,0
1785373200,4069.30,4075.89,4063.17,4074.07,1540,28,0
1785373500,4074.07,4074.45,4064.74,4069.53,2053,28,0
1785373800,4069.52,4077.90,4069.52,4076.34,1677,28,0
1785374100,4076.35,4077.53,4073.79,4074.74,1568,28,0
1785374400,4074.72,4075.26,4072.99,4074.89,1419,28,0
1785374700,4074.89,4075.22,4072.52,4074.91,1470,28,0
1785375000,4074.91,4076.08,4072.94,4075.57,1748,23,0
1785375300,4075.56,4078.90,4075.45,4075.97,1501,23,0
1785375600,4075.90,4081.38,4075.63,4081.38,1538,23,0
1785375900,4081.33,4085.53,4079.77,4084.98,1791,23,0
1785376200,4084.96,4085.80,4083.66,4085.06,1412,23,0
1785376500,4085.05,4090.54,4084.90,4088.48,1572,23,0
1785376800,4088.49,4095.52,4088.26,4095.27,1790,23,0
1785377100,4095.29,4100.31,4094.35,4096.34,1694,23,0
1785377400,4096.34,4096.95,4090.54,4091.59,1921,23,0
1785377700,4091.59,4094.43,4090.40,4093.58,1543,23,0
1785378000,4093.57,4094.99,4092.00,4092.31,1647,23,0
1785378300,4092.23,4094.20,4090.83,4093.48,1457,23,0
1785378600,4093.48,4094.04,4090.82,4092.97,1484,23,0
1785378900,4092.97,4094.54,4092.11,4092.22,1326,23,0
1785379200,4092.22,4092.37,4089.27,4090.17,2299,23,0
1785379500,4090.16,4093.11,4088.76,4090.91,2855,23,0
1785379800,4090.90,4092.77,4086.43,4087.26,2949,23,0
1785380100,4087.26,4088.35,4084.44,4084.60,2637,23,0
1785380400,4084.67,4086.61,4079.84,4080.74,3090,23,0
1785380700,4080.74,4085.37,4080.39,4082.63,3019,23,0
1785381000,4082.63,4083.01,4079.06,4081.38,2933,23,0
1785381300,4081.37,4083.62,4077.40,4077.40,3141,23,0
1785381600,4077.40,4080.66,4075.58,4080.51,2916,23,0
1785381900,4080.53,4080.69,4072.78,4075.25,3016,23,0
1785382200,4075.26,4076.88,4071.71,4072.17,2680,23,0
1785382500,4072.15,4073.25,4068.27,4069.41,2516,23,0
1785382800,4069.41,4071.10,4065.07,4066.11,2552,23,0
1785383100,4066.11,4068.22,4064.93,4066.88,2676,23,0
1785383400,4066.87,4067.91,4065.21,4067.76,2358,23,0
1785383700,4067.76,4072.90,4066.82,4072.17,2351,23,0
1785384000,4072.20,4089.80,4070.40,4089.25,3487,23,0
1785384300,4089.25,4092.91,4086.34,4086.34,3252,23,0
1785384600,4086.32,4087.92,4074.87,4075.68,3141,23,0
1785384900,4075.58,4078.53,4073.18,4075.07,3221,23,0
1785385200,4075.07,4081.36,4073.76,4080.57,3211,23,0
1785385500,4080.57,4084.64,4080.16,4081.19,3032,23,0
1785385800,4081.19,4086.41,4080.60,4085.82,3050,23,0
1785386100,4085.84,4087.94,4084.34,4086.96,2910,23,0
1785386400,4086.95,4089.61,4086.39,4086.66,2640,23,0
1785386700,4086.69,4089.76,4083.78,4088.66,2682,23,0
1785387000,4088.66,4090.22,4086.90,4088.38,2457,23,0
1785387300,4088.38,4090.92,4084.16,4084.63,2542,23,0
1785387600,4084.65,4090.37,4084.49,4089.61,2727,23,0
1785387900,4089.57,4090.05,4087.36,4088.13,2328,23,0
1785388200,4088.18,4088.44,4082.34,4082.53,2339,23,0
1785388500,4082.53,4082.81,4079.92,4082.18,2253,23,0
1785388800,4082.19,4083.67,4080.67,4082.88,2020,23,0
1785389100,4082.88,4083.64,4080.21,4082.67,2054,23,0
1785389400,4082.68,4082.75,4075.43,4076.31,2921,23,0
1785389700,4076.37,4078.29,4074.69,4076.50,2622,23,0
1785390000,4076.50,4078.82,4073.63,4076.83,2625,23,0
1785390300,4076.84,4077.01,4073.43,4074.53,2546,23,0
1785390600,4074.53,4074.75,4070.07,4070.96,2372,23,0
1785390900,4070.97,4071.51,4063.44,4063.67,2488,23,0
1785391200,4063.70,4069.72,4062.55,4069.40,2642,23,0
1785391500,4069.40,4070.05,4064.08,4064.42,2235,23,0
1785391800,4064.45,4065.36,4060.50,4062.89,2455,23,0
1785392100,4062.88,4063.82,4056.43,4057.78,2447,23,0
1785392400,4057.79,4058.47,4055.35,4056.64,2587,23,0
1785392700,4056.67,4057.51,4052.51,4053.83,2543,23,0
1785393000,4053.81,4055.24,4051.54,4053.68,2490,23,0
1785393300,4053.73,4055.88,4050.71,4051.37,2279,23,0
1785393600,4051.38,4053.83,4051.29,4052.41,1970,23,0
1785393900,4052.41,4058.45,4052.23,4058.03,2230,23,0
1785394200,4058.03,4059.62,4057.41,4058.35,1954,23,0
1785394500,4058.34,4059.79,4056.71,4058.82,2007,23,0
1785394800,4058.82,4060.12,4055.73,4056.59,2210,23,0
1785395100,4056.61,4056.98,4054.64,4056.16,1933,23,0
1785395400,4056.16,4056.68,4052.95,4053.37,1839,23,0
1785395700,4053.36,4054.77,4052.02,4052.16,1644,23,0
1785396000,4052.16,4053.73,4051.05,4052.52,1810,23,0
1785396300,4052.52,4055.24,4052.35,4054.03,1797,23,0
1785396600,4054.04,4054.07,4051.52,4051.68,1819,23,0
1785396900,4051.67,4052.27,4049.17,4049.88,1781,23,0
1785397200,4049.87,4050.35,4047.67,4048.72,2001,23,0
1785397500,4048.68,4051.97,4046.17,4046.81,2072,23,0
1785397800,4046.80,4048.36,4046.09,4047.63,2040,23,0
1785398100,4047.63,4047.91,4044.39,4046.00,2049,23,0
1785398400,4046.00,4046.08,4041.71,4044.72,2249,23,0
1785398700,4044.74,4045.54,4041.84,4045.12,2182,23,0
1785399000,4045.12,4045.91,4043.92,4045.83,2087,23,0
1785399300,4045.82,4046.26,4037.61,4041.95,2329,23,0
1785399600,4041.93,4044.45,4041.29,4044.03,2106,23,0
1785399900,4044.02,4047.26,4042.90,4046.84,2156,23,0
1785400200,4046.84,4051.27,4045.23,4047.99,3096,23,0
1785400500,4047.99,4047.99,4028.42,4031.55,3323,23,0
1785400800,4031.59,4036.95,4029.78,4033.32,2945,23,0
1785401100,4033.33,4038.43,4030.62,4032.16,2791,23,0
1785401400,4032.15,4035.30,4030.32,4033.20,2502,23,0
1785401700,4033.21,4036.10,4030.06,4033.64,2587,23,0
1785402000,4033.65,4038.32,4033.62,4038.16,2895,23,0
1785402300,4038.16,4039.46,4035.17,4035.73,2738,23,0
1785402600,4035.76,4037.03,4031.22,4032.31,2776,23,0
1785402900,4032.31,4034.18,4030.80,4033.70,2473,23,0
1785403200,4033.69,4039.31,4033.21,4037.34,2597,23,0
1785403500,4037.33,4037.51,4029.40,4033.13,2644,23,0
1785403800,4033.12,4036.63,4031.12,4035.42,2437,23,0
1785404100,4035.41,4037.14,4034.12,4037.04,2231,23,0
1785404400,4037.04,4038.23,4034.24,4035.74,2194,23,0
1785404700,4035.75,4037.75,4034.23,4036.26,2260,23,0
1785405000,4036.33,4040.46,4035.93,4038.64,2263,23,0
1785405300,4038.64,4038.81,4035.17,4036.73,1966,23,0
1785405600,4036.73,4047.91,4035.54,4044.76,3160,23,0
1785405900,4044.73,4045.53,4042.61,4045.49,2710,23,0
1785406200,4045.50,4047.62,4043.94,4046.62,2523,23,0
1785406500,4046.69,4051.30,4046.49,4049.68,2453,23,0
1785406800,4049.70,4050.30,4044.52,4048.06,2265,23,0
1785407100,4048.08,4048.10,4043.02,4045.87,2329,23,0
1785407400,4045.86,4046.12,4040.07,4041.15,2309,23,0
1785407700,4041.16,4042.17,4036.11,4040.50,2353,23,0
1785408000,4040.48,4047.23,4040.41,4045.84,2317,23,0
1785408300,4045.84,4046.56,4041.63,4041.84,2332,23,0
1785408600,4041.85,4045.42,4040.29,4040.83,2233,23,0
1785408900,4040.81,4041.08,4038.15,4038.92,2060,23,0
1785409200,4038.92,4045.79,4036.73,4045.60,2805,23,0
1785409500,4045.65,4053.62,4045.01,4050.27,2877,23,0
1785409800,4050.32,4056.08,4049.44,4053.20,2530,23,0
1785410100,4053.24,4056.95,4052.17,4056.83,2453,23,0
1785410400,4056.80,4063.97,4055.75,4060.18,2560,23,0
1785410700,4060.19,4068.42,4060.09,4064.59,2677,23,0
1785411000,4064.49,4072.88,4063.50,4068.12,2908,23,0
1785411300,4068.12,4071.71,4064.50,4064.81,2515,23,0
1785411600,4064.72,4066.63,4062.95,4065.76,2433,23,0
1785411900,4065.75,4070.92,4063.54,4063.83,2308,23,0
1785412200,4063.83,4064.37,4059.68,4060.20,2112,23,0
1785412500,4060.20,4061.94,4059.42,4061.37,2078,23,0
1785412800,4061.36,4067.37,4060.30,4066.45,2291,23,0
1785413100,4066.37,4068.88,4065.71,4067.52,2203,23,0
1785413400,4067.52,4068.81,4064.93,4065.92,2132,23,0
1785413700,4065.91,4067.24,4064.47,4066.79,2415,23,0
1785414000,4066.80,4072.11,4066.58,4070.17,2419,23,0
1785414300,4070.15,4072.37,4067.15,4067.53,2039,23,0
1785414600,4067.53,4068.15,4060.66,4066.21,2370,23,0
1785414900,4066.23,4069.19,4065.05,4065.19,2228,23,0
1785415200,4065.20,4065.93,4064.39,4065.52,1986,23,0
1785415500,4065.52,4069.33,4063.77,4069.18,1900,23,0
1785415800,4069.19,4073.04,4066.85,4066.91,2186,23,0
1785416100,4066.91,4067.18,4062.33,4063.32,1961,23,0
1785416400,4063.32,4068.01,4063.00,4064.96,2339,23,0
1785416700,4064.94,4072.19,4064.56,4071.35,2193,23,0
1785417000,4071.34,4074.66,4064.19,4068.30,2737,23,0
1785417300,4068.32,4077.31,4067.57,4075.56,2700,23,0
1785417600,4075.55,4077.50,4074.34,4076.21,2349,23,0
1785417900,4076.21,4077.59,4075.28,4076.25,2092,23,0
1785418200,4076.30,4079.04,4075.25,4077.45,2289,23,0
1785418500,4077.45,4081.31,4076.70,4077.17,2278,23,0
1785418800,4077.17,4082.65,4076.90,4081.24,2701,23,0
1785419100,4081.19,4082.98,4079.68,4079.83,2187,23,0
1785419400,4079.84,4081.81,4077.98,4079.13,2365,23,0
1785419700,4079.13,4080.05,4078.03,4078.21,1727,23,0
1785420000,4078.15,4081.00,4077.57,4078.88,2365,23,0
1785420300,4078.88,4082.64,4078.82,4081.89,2135,23,0
1785420600,4081.89,4082.72,4078.72,4079.75,2063,23,0
1785420900,4079.66,4081.92,4077.98,4077.98,2106,23,0
1785421200,4077.96,4081.48,4076.69,4081.38,2135,23,0
1785421500,4081.37,4081.66,4076.57,4077.44,1952,23,0
1785421800,4077.42,4078.74,4076.23,4077.31,2236,23,0
1785422100,4077.22,4079.34,4076.88,4077.67,1893,23,0
1785422400,4077.66,4079.38,4076.92,4077.44,1889,23,0
1785422700,4077.45,4077.71,4075.69,4076.50,1867,23,0
1785423000,4076.50,4080.63,4076.32,4080.28,2230,23,0
1785423300,4080.28,4080.36,4076.64,4077.71,1872,23,0
1785423600,4077.70,4079.51,4074.63,4078.26,2373,23,0
1785423900,4078.25,4082.49,4078.25,4081.67,2183,23,0
1785424200,4081.67,4081.79,4074.87,4078.72,2542,23,0
1785424500,4078.73,4078.81,4072.93,4074.98,2334,23,0
1785424800,4075.00,4076.44,4071.61,4076.34,2562,23,0
1785425100,4076.37,4081.24,4076.34,4076.88,2160,23,0
1785425400,4076.91,4086.73,4071.78,4073.52,3182,23,0
1785425700,4073.52,4078.14,4071.95,4077.86,3078,23,0
1785426000,4077.87,4081.77,4073.93,4077.20,3075,23,0
1785426300,4077.17,4079.37,4073.16,4075.31,2966,23,0
1785426600,4075.33,4076.91,4067.19,4069.97,3042,23,0
1785426900,4069.96,4073.72,4068.40,4068.91,2916,23,0
1785427200,4068.92,4073.92,4065.12,4068.12,3491,23,0
1785427500,4068.11,4076.50,4066.60,4073.49,3188,23,0
1785427800,4073.47,4076.63,4069.84,4076.62,2933,23,0
1785428100,4076.62,4077.34,4072.90,4073.20,2823,23,0
1785428400,4073.20,4083.95,4072.04,4082.14,2984,23,0
1785428700,4082.14,4082.84,4074.18,4080.26,3034,23,0
1785429000,4080.25,4081.75,4075.41,4075.67,3651,23,0
1785429300,4075.74,4098.52,4074.91,4091.30,4089,23,0
1785429600,4091.29,4096.23,4085.16,4088.85,4037,23,0
1785429900,4088.83,4101.49,4085.60,4094.90,3879,23,0
1785430200,4094.88,4102.98,4093.29,4102.49,3791,23,0
1785430500,4102.35,4112.79,4101.05,4112.24,3702,23,0
1785430800,4112.36,4120.15,4106.40,4107.21,4051,23,0
1785431100,4107.42,4109.59,4093.97,4099.04,3922,23,0
1785431400,4099.03,4102.38,4096.39,4098.12,3611,23,0
1785431700,4098.12,4100.13,4090.31,4090.77,3701,23,0
1785432000,4090.79,4098.47,4087.17,4089.51,3531,23,0
1785432300,4089.57,4096.11,4087.02,4096.11,3379,23,0
1785432600,4096.03,4102.78,4094.66,4100.22,3309,23,0
1785432900,4100.22,4106.10,4100.12,4106.03,3135,23,0
1785433200,4106.01,4111.25,4104.10,4110.65,3141,23,0
1785433500,4110.73,4112.90,4101.89,4104.53,3174,23,0
1785433800,4104.50,4104.77,4098.59,4099.64,3133,23,0
1785434100,4099.63,4100.84,4096.50,4100.00,3212,23,0
1785434400,4100.02,4100.20,4096.31,4097.37,3442,23,0
1785434700,4097.36,4098.41,4089.79,4090.73,3342,23,0
1785435000,4090.74,4090.77,4083.11,4085.51,3377,23,0
1785435300,4085.51,4096.76,4084.78,4095.80,3327,23,0
1785435600,4095.79,4097.13,4092.10,4094.00,3185,23,0
1785435900,4093.94,4096.67,4092.04,4095.98,2913,23,0
1785436200,4095.95,4100.02,4092.55,4099.36,3038,23,0
1785436500,4099.39,4100.78,4097.81,4099.02,2673,23,0
1785436800,4099.03,4106.84,4098.80,4105.33,2898,23,0
1785437100,4105.33,4106.80,4103.55,4106.61,2732,23,0
1785437400,4106.22,4108.02,4104.65,4107.09,2701,23,0
1785437700,4107.10,4110.08,4106.98,4108.16,2503,23,0
1785438000,4108.09,4115.79,4107.73,4114.78,2827,23,0
1785438300,4114.79,4115.11,4111.14,4111.32,2565,23,0
1785438600,4111.31,4115.85,4109.13,4114.14,2332,23,0
1785438900,4114.13,4116.02,4113.86,4113.94,2264,23,0
1785439200,4113.95,4119.18,4113.61,4118.81,2437,23,0
1785439500,4118.81,4118.96,4115.57,4115.94,2389,23,0
1785439800,4115.99,4116.40,4112.80,4113.19,2504,23,0
1785440100,4113.21,4114.92,4110.15,4110.66,2395,23,0
1785440400,4110.68,4111.95,4108.29,4108.57,2447,23,0
1785440700,4108.58,4109.68,4107.18,4109.50,2163,23,0
1785441000,4109.51,4110.09,4106.59,4107.89,2112,23,0
1785441300,4107.88,4110.73,4107.53,4110.73,2041,23,0
1785441600,4110.73,4111.24,4106.77,4107.62,2455,23,0
1785441900,4107.62,4108.75,4106.60,4107.53,1952,23,0
1785442200,4107.53,4108.64,4104.85,4104.88,2225,23,0
1785442500,4104.89,4106.88,4103.92,4106.40,2237,23,0
1785442800,4106.41,4108.18,4104.59,4107.98,2184,23,0
1785443100,4107.97,4108.01,4098.48,4101.59,2435,23,0
1785443400,4101.60,4102.40,4100.25,4100.73,2277,23,0
1785443700,4100.80,4108.06,4099.94,4102.83,3008,23,0
1785444000,4102.82,4106.71,4102.58,4105.95,2808,23,0
1785444300,4105.95,4108.43,4104.08,4104.11,2339,23,0
1785444600,4104.10,4104.58,4102.72,4103.20,2204,23,0
1785444900,4103.20,4103.65,4101.20,4102.60,2167,23,0
1785445200,4102.62,4105.82,4102.57,4105.51,2388,23,0
1785445500,4105.52,4106.76,4104.47,4106.26,2245,23,0
1785445800,4106.27,4106.77,4105.01,4106.44,2087,23,0
1785446100,4106.44,4106.73,4103.77,4104.05,2125,23,0
1785446400,4104.05,4105.42,4101.53,4102.18,2014,23,0
1785446700,4102.19,4103.60,4100.77,4103.42,2032,23,0
1785447000,4103.44,4107.84,4102.96,4106.49,2076,23,0
1785447300,4106.49,4106.50,4104.47,4104.59,1985,23,0
1785447600,4104.59,4105.83,4103.95,4104.86,1842,23,0
1785447900,4104.85,4105.25,4100.44,4100.87,1944,23,0
1785448200,4100.86,4101.39,4098.80,4098.96,1968,23,0
1785448500,4098.96,4100.19,4098.82,4099.76,1685,23,0
1785448800,4099.74,4103.53,4098.82,4103.50,1941,23,0
1785449100,4103.49,4105.39,4102.73,4105.31,1955,23,0
1785449400,4105.31,4105.64,4103.04,4104.67,2069,23,0
1785449700,4104.68,4113.06,4102.94,4110.72,2428,23,0
1785450000,4110.71,4111.65,4109.49,4111.29,2010,23,0
1785450300,4111.26,4114.91,4110.71,4112.85,1990,23,0
1785450600,4112.84,4114.53,4112.39,4114.50,2149,23,0
1785450900,4114.51,4115.34,4112.18,4112.79,2074,23,0
1785451200,4112.80,4114.11,4111.59,4112.25,1756,23,0
1785451500,4112.25,4112.93,4111.18,4112.38,1747,23,0
1785451800,4112.38,4112.92,4109.51,4109.60,2033,23,0
1785452100,4109.62,4112.71,4109.26,4112.01,2301,23,0
1785452400,4112.03,4117.35,4110.04,4117.35,2411,23,0
1785452700,4117.34,4117.39,4113.75,4114.39,1619,23,0
1785453000,4114.40,4115.53,4113.02,4113.95,1404,23,0
1785453300,4113.95,4114.90,4112.46,4113.47,1491,23,0
1785453600,4113.57,4114.05,4112.54,4113.37,1223,23,0
1785453900,4113.36,4114.11,4111.65,4111.91,1225,23,0
1785454200,4111.88,4112.44,4107.67,4109.12,1967,28,0
1785454500,4109.12,4109.12,4106.26,4106.83,1428,28,0
1785454800,4106.83,4107.32,4102.35,4102.73,1525,28,0
1785455100,4102.73,4103.50,4099.92,4100.02,1445,28,0
1785455400,4100.02,4102.58,4099.14,4101.45,1281,28,0
1785455700,4101.45,4103.07,4100.83,4102.85,734,28,0
1785459600,4104.24,4106.72,4101.96,4103.10,1282,28,0
1785459900,4103.14,4105.66,4102.52,4105.47,844,28,0
1785460200,4105.47,4107.62,4105.17,4106.74,1198,28,0
1785460500,4106.68,4108.24,4106.33,4108.11,1341,28,0
1785460800,4108.11,4108.11,4107.23,4107.55,1147,28,0
1785461100,4107.53,4108.40,4106.87,4107.63,1100,28,0
1785461400,4107.68,4108.25,4107.04,4107.93,1208,23,0
1785461700,4107.93,4110.46,4107.88,4110.05,1221,23,0
1785462000,4110.05,4110.39,4109.52,4110.39,855,23,0
1785462300,4110.40,4110.98,4109.03,4110.74,895,23,0
1785462600,4110.73,4111.22,4110.15,4111.00,866,23,0
1785462900,4111.00,4111.03,4109.10,4109.18,698,23,0
1785463200,4109.18,4111.20,4109.15,4110.71,1200,23,0
1785463500,4110.71,4111.69,4108.98,4109.55,868,23,0
1785463800,4109.55,4109.60,4106.53,4107.32,1088,23,0
1785464100,4107.33,4107.45,4106.06,4106.53,986,23,0
1785464400,4106.55,4107.01,4104.58,4106.07,1080,23,0
1785464700,4106.08,4106.65,4104.08,4104.19,1020,23,0
1785465000,4104.19,4105.11,4103.42,4103.92,1112,23,0
1785465300,4103.91,4105.91,4102.24,4105.74,1452,23,0
1785465600,4105.75,4107.25,4104.93,4106.06,1146,23,0
1785465900,4106.06,4110.03,4106.06,4108.36,1215,23,0
1785466200,4108.36,4109.16,4106.45,4107.12,1344,23,0
1785466500,4107.13,4107.32,4105.42,4105.86,1199,23,0
1785466800,4105.87,4107.05,4101.52,4104.74,2342,23,0
1785467100,4104.72,4105.00,4101.56,4103.17,2195,23,0
1785467400,4103.19,4103.93,4100.57,4101.25,1916,23,0
1785467700,4101.25,4102.59,4100.12,4101.33,1871,23,0
1785468000,4101.33,4103.77,4098.71,4102.79,2131,23,0
1785468300,4102.79,4102.79,4096.11,4096.40,1884,23,0
1785468600,4096.39,4097.44,4093.36,4093.81,1764,23,0
1785468900,4093.80,4093.80,4091.58,4092.52,1843,23,0
1785469200,4092.52,4093.39,4090.49,4093.14,1793,23,0
1785469500,4093.02,4094.15,4090.57,4093.35,1967,23,0
1785469800,4093.37,4095.24,4092.78,4093.29,1841,23,0
1785470100,4093.26,4095.99,4092.56,4094.70,1961,23,0
1785470400,4094.70,4101.35,4094.66,4097.93,2923,23,0
1785470700,4097.94,4101.58,4095.47,4098.09,2451,23,0
1785471000,4098.07,4098.07,4088.68,4088.89,2414,23,0
1785471300,4088.90,4094.28,4086.64,4093.89,2396,23,0
1785471600,4093.89,4095.03,4091.01,4092.31,2208,23,0
1785471900,4092.31,4094.63,4090.51,4091.94,1842,23,0
1785472200,4091.93,4091.99,4086.91,4087.92,2346,23,0
1785472500,4087.93,4088.30,4083.81,4084.85,2302,23,0
1785472800,4084.86,4087.30,4084.33,4085.67,2127,23,0
1785473100,4085.67,4089.41,4083.30,4083.98,2211,23,0
1785473400,4083.97,4085.73,4082.08,4085.00,2240,23,0
1785473700,4085.00,4087.48,4084.28,4084.31,1949,23,0
1785474000,4084.29,4086.42,4081.58,4085.35,2274,23,0
1785474300,4085.38,4089.17,4085.37,4088.85,2053,23,0
1785474600,4088.85,4090.41,4085.46,4085.53,1931,23,0
1785474900,4085.53,4085.54,4081.61,4082.52,1743,23,0
1785475200,4082.51,4084.17,4082.25,4082.54,1612,23,0
1785475500,4082.52,4083.04,4081.53,4082.18,1265,23,0
1785475800,4082.18,4084.33,4081.07,4082.05,2137,23,0
1785476100,4082.05,4082.55,4081.10,4082.30,2003,23,0
1785476400,4082.30,4082.68,4075.49,4075.50,2020,23,0
1785476700,4075.52,4077.98,4074.72,4077.34,2096,23,0
1785477000,4077.34,4077.59,4074.20,4076.58,1856,23,0
1785477300,4076.58,4078.33,4076.10,4076.11,1684,23,0
1785477600,4076.11,4076.13,4073.35,4073.49,1906,23,0
1785477900,4073.44,4076.25,4073.40,4074.51,1826,23,0
1785478200,4074.48,4075.46,4072.00,4073.44,2244,23,0
1785478500,4073.44,4073.90,4072.27,4073.77,1890,23,0
1785478800,4073.77,4074.23,4072.55,4073.68,1782,23,0
1785479100,4073.69,4076.04,4072.83,4075.24,1911,23,0
1785479400,4075.26,4077.04,4075.01,4076.95,1835,23,0
1785479700,4076.93,4079.38,4075.01,4078.74,1658,23,0
1785480000,4078.74,4078.74,4075.45,4076.47,1444,23,0
1785480300,4076.47,4077.52,4075.56,4075.83,1429,23,0
1785480600,4075.80,4076.76,4074.78,4075.00,1550,23,0
1785480900,4074.97,4075.51,4074.26,4075.03,1395,23,0
1785481200,4075.02,4075.90,4074.01,4074.63,1508,23,0
1785481500,4074.63,4075.26,4073.50,4075.11,1260,23,0
1785481800,4075.16,4076.98,4073.43,4076.80,1177,23,0
1785482100,4076.80,4077.83,4075.80,4076.09,1175,23,0
1785482400,4076.09,4078.59,4074.48,4078.50,1321,23,0
1785482700,4078.51,4080.01,4077.58,4079.97,1033,23,0
1785483000,4079.99,4081.17,4079.28,4079.83,1096,23,0
1785483300,4079.83,4081.32,4079.73,4081.25,988,23,0
1785483600,4081.23,4081.36,4079.24,4079.28,1034,23,0
1785483900,4079.27,4079.57,4075.52,4075.56,1327,23,0
1785484200,4075.54,4078.12,4074.76,4078.09,1291,23,0
1785484500,4078.09,4080.04,4077.67,4079.97,1004,23,0
1785484800,4079.98,4082.55,4079.82,4082.53,1416,23,0
1785485100,4082.52,4083.19,4081.03,4081.59,1228,23,0
1785485400,4081.59,4082.32,4079.69,4079.85,1055,23,0
1785485700,4079.83,4082.32,4079.44,4081.75,1083,23,0
1785486000,4081.78,4082.78,4080.53,4082.42,960,23,0
1785486300,4082.42,4082.42,4080.06,4080.86,919,23,0
1785486600,4080.85,4081.54,4078.77,4079.07,2170,23,0
1785486900,4079.07,4081.19,4077.37,4079.54,1870,23,0
1785487200,4079.54,4080.11,4075.84,4076.43,1867,23,0
1785487500,4076.42,4076.44,4073.68,4075.59,1584,23,0
1785487800,4075.59,4075.90,4073.31,4075.52,1722,23,0
1785488100,4075.52,4076.00,4073.37,4074.33,1893,23,0
1785488400,4074.32,4077.98,4072.77,4077.97,2208,23,0
1785488700,4077.97,4082.40,4077.72,4081.96,1918,23,0
1785489000,4081.94,4082.77,4080.29,4082.31,1856,23,0
1785489300,4082.31,4087.47,4081.06,4086.55,2094,23,0
1785489600,4086.54,4087.37,4082.45,4083.60,1750,23,0
1785489900,4083.59,4086.21,4082.09,4084.89,1839,23,0
1785490200,4084.90,4085.01,4077.52,4078.23,2178,23,0
1785490500,4078.24,4080.03,4077.28,4078.93,2412,23,0
1785490800,4078.89,4079.19,4077.67,4078.05,2187,23,0
1785491100,4078.04,4081.53,4076.99,4077.88,2057,23,0
1785491400,4077.88,4078.77,4076.40,4078.56,2139,23,0
1785491700,4078.55,4079.20,4077.50,4077.58,2087,23,0
1785492000,4077.58,4078.03,4075.42,4077.91,2124,23,0
1785492300,4077.91,4079.03,4077.17,4078.34,1724,23,0
1785492600,4078.36,4078.46,4075.43,4077.51,1653,23,0
1785492900,4077.50,4079.18,4076.27,4078.74,1865,23,0
1785493200,4078.74,4078.74,4074.51,4074.91,1728,23,0
1785493500,4074.88,4075.93,4072.07,4072.62,1678,23,0
1785493800,4072.61,4072.91,4069.16,4069.68,1868,23,0
1785494100,4069.65,4072.48,4068.12,4071.99,1803,23,0
1785494400,4071.99,4073.70,4071.62,4072.11,1482,23,0
1785494700,4072.12,4074.33,4071.29,4071.93,1821,23,0
1785495000,4071.91,4072.45,4069.65,4071.14,1656,23,0
1785495300,4071.17,4071.68,4067.55,4067.69,1677,23,0
1785495600,4067.69,4067.69,4062.62,4063.31,2361,23,0
1785495900,4063.23,4065.25,4062.79,4064.71,2039,23,0
1785496200,4064.71,4065.30,4061.16,4062.15,1720,23,0
1785496500,4062.16,4066.35,4060.96,4066.15,2065,23,0
1785496800,4066.16,4067.14,4059.45,4060.19,1987,23,0
1785497100,4060.19,4061.43,4057.99,4058.57,2154,23,0
1785497400,4058.57,4059.46,4054.25,4057.26,2179,23,0
1785497700,4057.25,4060.11,4057.18,4059.76,1894,23,0
1785498000,4059.76,4061.44,4058.09,4059.19,1778,23,0
1785498300,4059.21,4062.82,4057.77,4061.07,1810,23,0
1785498600,4061.07,4062.13,4058.15,4058.29,1610,23,0
1785498900,4058.30,4064.35,4058.27,4060.91,2529,23,0
1785499200,4060.91,4063.90,4060.47,4060.57,2597,23,0
1785499500,4060.54,4061.81,4057.95,4057.95,2237,23,0
1785499800,4057.74,4058.11,4055.22,4056.69,1999,23,0
1785500100,4056.70,4057.19,4054.52,4055.67,1819,23,0
1785500400,4055.68,4057.37,4051.81,4052.65,1964,23,0
1785500700,4052.61,4053.25,4051.30,4052.25,2055,23,0
1785501000,4052.29,4054.46,4051.19,4051.20,1941,23,0
1785501300,4051.19,4052.21,4050.28,4051.43,1774,23,0
1785501600,4051.43,4053.06,4051.03,4053.06,1453,23,0
1785501900,4053.06,4056.93,4052.32,4056.65,1634,23,0
1785502200,4056.64,4057.08,4055.75,4055.75,1306,23,0
1785502500,4055.76,4056.04,4053.86,4055.05,1458,23,0
1785502800,4055.05,4056.44,4053.17,4056.21,1648,23,0
1785503100,4056.20,4058.32,4055.84,4057.95,1588,23,0
1785503400,4057.94,4057.96,4055.66,4055.83,1446,23,0
1785503700,4055.87,4056.00,4052.58,4053.34,1418,23,0
1785504000,4053.35,4054.94,4052.00,4052.10,1406,23,0
1785504300,4052.12,4054.60,4052.12,4053.14,1488,23,0
1785504600,4053.13,4056.49,4052.96,4055.07,1458,23,0
1785504900,4055.06,4056.33,4052.87,4053.68,1511,23,0
1785505200,4053.68,4055.44,4053.13,4054.73,1361,23,0
1785505500,4054.72,4057.05,4054.53,4056.05,1356,23,0
1785505800,4056.06,4056.12,4054.29,4054.61,1364,23,0
1785506100,4054.62,4055.25,4053.66,4054.44,1572,23,0
1785506400,4054.44,4055.63,4052.15,4055.55,1861,23,0
1785506700,4055.55,4057.58,4053.78,4057.21,1520,23,0
1785507000,4057.20,4059.37,4056.74,4056.96,1588,23,0
1785507300,4056.96,4058.64,4054.14,4056.82,2299,23,0
1785507600,4056.81,4061.00,4056.04,4060.69,1793,23,0
1785507900,4060.70,4060.79,4057.68,4058.77,1743,23,0
1785508200,4058.79,4058.79,4053.45,4054.29,1924,23,0
1785508500,4054.30,4055.62,4052.79,4053.13,1737,23,0
1785508800,4053.13,4053.32,4050.74,4052.03,1814,23,0
1785509100,4052.03,4053.38,4051.23,4052.31,1705,23,0
1785509400,4052.29,4054.86,4052.21,4054.79,1474,23,0
1785509700,4054.80,4055.43,4053.34,4053.63,1472,23,0
1785510000,4053.62,4057.86,4052.49,4057.86,1945,23,0
1785510300,4057.94,4059.11,4056.55,4057.12,1909,23,0
1785510600,4057.12,4059.30,4055.47,4059.15,1764,23,0
1785510900,4059.15,4059.31,4055.60,4056.51,1875,23,0
1785511200,4056.52,4058.33,4049.96,4050.86,2071,23,0
1785511500,4050.72,4052.15,4047.04,4047.05,1906,23,0
1785511800,4047.13,4051.48,4044.77,4048.18,2595,23,0
1785512100,4048.19,4051.53,4044.10,4044.53,2289,23,0
1785512400,4044.55,4045.38,4042.55,4044.57,2201,23,0
1785512700,4044.58,4045.55,4041.53,4041.55,2194,23,0
1785513000,4041.56,4046.31,4040.99,4045.41,2259,23,0
1785513300,4045.41,4045.41,4040.55,4040.74,1999,23,0
1785513600,4040.75,4042.67,4036.28,4039.53,3298,23,0
1785513900,4039.54,4040.05,4035.41,4036.61,2577,23,0
1785514200,4036.60,4037.96,4034.73,4036.16,2327,23,0
1785514500,4036.16,4038.44,4035.53,4037.76,2235,23,0
1785514800,4037.77,4046.84,4035.73,4045.34,3010,23,0
1785515100,4045.35,4045.60,4040.39,4042.59,2844,23,0
1785515400,4042.59,4043.73,4035.24,4035.54,3396,23,0
1785515700,4035.46,4037.12,4027.00,4027.65,3477,23,0
1785516000,4027.65,4030.18,4022.58,4025.01,3428,23,0
1785516300,4025.05,4028.40,4021.99,4023.13,3570,23,0
1785516600,4023.08,4029.11,4022.20,4028.81,3531,23,0
1785516900,4028.88,4032.13,4025.39,4025.43,3089,23,0
1785517200,4025.49,4032.40,4025.07,4029.66,3372,23,0
1785517500,4029.69,4029.96,4021.07,4027.00,3435,23,0
1785517800,4027.00,4032.43,4025.82,4032.06,3313,23,0
1785518100,4032.05,4035.03,4029.89,4033.26,3230,23,0
1785518400,4033.29,4038.53,4032.36,4035.23,2979,23,0
1785518700,4035.29,4040.10,4035.21,4038.75,3006,23,0
1785519000,4038.74,4040.70,4036.65,4040.42,2921,23,0
1785519300,4040.40,4042.53,4039.35,4040.84,2695,23,0
1785519600,4040.84,4043.00,4040.09,4041.39,2732,23,0
1785519900,4041.38,4045.50,4040.89,4043.96,2774,23,0
1785520200,4043.96,4048.90,4042.80,4046.20,2871,23,0
1785520500,4046.24,4050.20,4044.91,4049.16,2879,23,0
1785520800,4049.15,4050.65,4044.58,4045.03,3056,23,0
1785521100,4045.03,4049.18,4044.45,4045.73,2757,23,0
1785521400,4045.73,4047.47,4042.74,4046.91,2968,23,0
1785521700,4046.97,4052.12,4042.27,4045.24,2916,23,0
1785522000,4045.25,4045.94,4042.13,4042.84,2778,23,0
1785522300,4042.84,4044.66,4040.13,4041.14,2745,23,0
1785522600,4041.16,4042.23,4036.65,4038.57,2606,23,0
1785522900,4038.58,4043.12,4037.31,4042.24,2652,23,0
1785523200,4042.18,4043.53,4040.56,4042.11,2611,23,0
1785523500,4042.11,4042.84,4039.95,4040.27,2722,23,0
1785523800,4040.27,4046.12,4039.86,4045.35,2695,23,0
1785524100,4045.35,4046.71,4044.77,4045.51,2340,23,0
1785524400,4045.51,4046.16,4043.47,4044.07,2414,23,0
1785524700,4044.07,4044.59,4041.27,4044.02,2161,23,0
1785525000,4044.04,4046.85,4043.71,4046.27,2366,23,0
1785525300,4046.29,4046.65,4043.08,4045.12,2341,23,0
1785525600,4045.12,4047.62,4045.03,4046.11,2185,23,0
1785525900,4046.11,4048.36,4044.35,4047.40,2081,23,0
1785526200,4047.43,4049.44,4047.05,4049.07,1976,23,0
1785526500,4049.07,4049.84,4046.69,4046.69,2072,23,0
1785526800,4046.70,4047.41,4041.19,4042.50,2307,23,0
1785527100,4042.49,4044.54,4042.12,4043.82,2026,23,0
1785527400,4043.82,4045.04,4043.07,4043.47,1893,23,0
1785527700,4043.47,4043.87,4042.17,4043.27,1701,23,0
1785528000,4043.31,4045.60,4042.39,4042.86,1917,23,0
1785528300,4042.84,4044.33,4041.90,4041.95,1788,23,0
1785528600,4041.95,4046.35,4041.53,4045.53,1724,23,0
1785528900,4045.53,4047.22,4044.79,4046.82,1637,23,0
1785529200,4046.79,4048.54,4045.02,4047.68,1751,23,0
1785529500,4047.67,4053.31,4045.12,4050.41,2745,23,0
1785529800,4050.40,4053.17,4047.91,4047.91,2538,23,0
1785530100,4047.94,4051.42,4047.68,4050.09,2241,23,0
1785530400,4050.10,4052.21,4049.81,4051.86,2055,23,0
1785530700,4051.87,4054.67,4050.27,4052.45,2578,23,0
1785531000,4052.45,4054.69,4052.05,4052.76,2318,23,0
1785531300,4052.76,4054.26,4052.49,4053.71,2099,23,0
1785531600,4053.62,4055.09,4052.10,4052.41,2249,23,0
1785531900,4052.37,4052.49,4049.80,4051.45,2318,23,0
1785532200,4051.45,4051.47,4047.12,4048.01,1996,23,0
1785532500,4048.02,4050.60,4047.64,4049.85,1924,23,0
1785532800,4049.84,4051.41,4049.28,4051.37,1764,23,0
1785533100,4051.37,4051.67,4050.04,4051.04,1823,23,0
1785533400,4051.04,4051.37,4049.17,4049.17,1628,23,0
1785533700,4049.17,4051.68,4047.93,4050.74,1365,23,0
1785534000,4050.74,4051.40,4049.39,4049.42,1351,23,0
1785534300,4049.42,4049.98,4048.15,4049.88,1488,23,0
1785534600,4049.88,4051.58,4049.78,4050.14,1291,23,0
1785534900,4050.13,4051.06,4049.36,4050.72,1620,23,0
1785535200,4050.72,4052.88,4048.72,4049.08,1683,23,0
1785535500,4049.08,4049.63,4048.21,4049.53,1386,23,0
1785535800,4049.51,4049.93,4046.91,4047.98,1234,23,0
1785536100,4047.98,4048.97,4047.09,4048.89,1567,23,0
1785536400,4048.88,4049.72,4047.89,4049.04,1630,23,0
1785536700,4049.06,4050.52,4048.87,4050.50,1313,23,0
1785537000,4050.49,4051.36,4048.90,4050.23,1598,23,0
1785537300,4050.24,4051.42,4049.62,4049.84,1433,23,0
1785537600,4049.84,4054.59,4049.61,4054.08,1639,23,0
1785537900,4054.08,4055.49,4053.30,4054.87,1915,23,0
1785538200,4054.87,4054.87,4050.84,4051.02,2457,23,0
1785538500,4051.02,4052.50,4050.08,4051.02,2547,23,0
1785538800,4050.90,4051.72,4048.60,4048.63,1968,23,0
1785539100,4048.62,4048.64,4045.16,4047.03,1570,23,0
1785539400,4047.06,4047.98,4046.47,4047.67,1415,23,0
1785539700,4047.81,4048.45,4046.38,4047.95,1659,23,0
1785540000,4047.96,4048.89,4047.58,4047.99,1328,23,0
1785540300,4048.00,4048.11,4046.45,4048.05,1396,23,0
1785540600,4048.03,4050.96,4047.18,4050.45,1283,28,0
1785540900,4050.46,4052.95,4050.45,4051.08,1450,28,0
1785541200,4051.09,4052.23,4050.49,4051.19,1422,28,0
1785541500,4051.18,4052.18,4050.71,4051.26,1612,28,0
1785541800,4051.27,4052.07,4044.75,4046.59,2471,28,0
