pivot_id,type,peak_time,conf_time,level,replaced_by,outside_bar
1,H,1769735280,1769735460,5448.65,,0
2,L,1769735820,1769736000,5387.93,,0
3,H,1769736060,1769736240,5411.22,,0
4,L,1769736240,1769736420,5394.98,,0
5,L,1769736660,1769736840,5406.83,4,0
6,H,1769736960,1769737140,5429.91,,0
7,L,1769737140,1769737320,5420.35,,0
8,H,1769737800,1769737980,5448.01,,0
9,L,1769737860,1769738040,5433.49,10,0
10,L,1769738100,1769738280,5428.48,,0
11,H,1769738280,1769738460,5441.81,,0
12,L,1769738400,1769738580,5431.47,,0
13,L,1769738700,1769738880,5434.43,12,0
14,H,1769739060,1769739240,5450.90,,0
15,L,1769739300,1769739480,5438.47,,0
16,H,1769739600,1769739780,5450.63,,0
17,L,1769740200,1769740380,5413.38,,0
18,H,1769740560,1769740740,5436.39,,0
19,L,1769740860,1769741040,5405.75,,0
20,H,1769741100,1769741280,5415.58,,0
21,L,1769741220,1769741400,5390.06,,0
22,H,1769741700,1769741880,5421.08,,0
23,L,1769742120,1769742300,5377.42,24,0
24,L,1769742840,1769743020,5301.97,,0
25,H,1769743620,1769743800,5363.52,,0
26,L,1769743800,1769743980,5345.15,,0
27,H,1769744100,1769744280,5373.03,,0
28,L,1769744340,1769744520,5345.29,,0
29,H,1769744520,1769744700,5365.59,,0
30,L,1769744880,1769745060,5317.81,,0
31,H,1769745060,1769745240,5345.01,,0
32,L,1769745600,1769745780,5279.57,33,0
33,L,1769746980,1769747160,5112.43,,0
34,H,1769747220,1769747400,5192.03,,0
35,L,1769747520,1769747700,5139.61,,0
36,H,1769748600,1769748780,5246.29,,0
37,L,1769749080,1769749260,5202.27,,0
38,H,1769749200,1769749380,5229.71,,0
39,L,1769749560,1769749740,5182.18,,0
40,H,1769749800,1769749980,5207.89,,0
41,L,1769750040,1769750220,5167.35,,0
42,H,1769750220,1769750400,5197.23,,0
43,L,1769750520,1769750700,5172.67,,0
44,H,1769750700,1769750880,5206.51,,0
45,L,1769750880,1769751060,5191.16,,0
46,H,1769751060,1769751240,5221.99,,0
47,L,1769751300,1769751480,5173.50,48,0
48,L,1769751840,1769752020,5152.68,,0
49,H,1769752020,1769752200,5174.98,,0
50,L,1769752200,1769752380,5150.65,,0
51,L,1769753100,1769753280,5207.30,50,0
52,H,1769753220,1769753400,5223.08,,0
53,L,1769753340,1769753520,5205.19,,0
54,H,1769753460,1769753640,5225.08,,0
55,L,1769753700,1769753880,5210.41,,0
56,H,1769754000,1769754180,5230.59,,0
57,L,1769754420,1769754600,5198.74,,0
58,H,1769754780,1769754960,5221.11,,0
59,L,1769754840,1769755020,5206.15,,0
60,H,1769755080,1769755260,5226.48,,0
61,L,1769755500,1769755680,5201.40,,0
62,H,1769755680,1769755860,5212.88,,0
63,L,1769756040,1769756220,5200.65,,0
64,H,1769756340,1769756520,5217.00,,0
65,L,1769756460,1769756640,5207.20,,0
66,H,1769756580,1769756760,5217.07,,0
67,L,1769756700,1769756880,5203.86,68,0
68,L,1769757000,1769757180,5203.78,,0
69,L,1769757600,1769757780,5230.05,68,0
70,H,1769757720,1769757900,5241.35,,0
71,L,1769757900,1769758080,5227.12,72,0
72,L,1769758440,1769758620,5213.09,,0
73,H,1769758680,1769758860,5239.82,,0
74,H,1769758980,1769759160,5235.96,73,0
75,L,1769759940,1769760120,5179.99,,0
76,H,1769760240,1769760420,5203.78,,0
77,L,1769760420,1769760600,5174.50,,0
78,H,1769760600,1769760780,5205.32,,0
79,L,1769761080,1769761260,5160.83,,0
80,H,1769761500,1769761680,5197.88,,0
81,L,1769761980,1769762160,5152.61,,0
82,H,1769762280,1769762460,5179.82,,0
83,L,1769762700,1769762880,5150.93,,0
84,H,1769762940,1769763120,5172.07,,0
85,L,1769763060,1769763240,5149.84,,0
86,H,1769763240,1769763420,5168.81,,0
87,L,1769763600,1769763780,5125.66,,1
88,H,1769763600,1769763780,5158.56,89,1
89,H,1769764380,1769764560,5186.41,,0
90,L,1769764560,1769764740,5165.42,,0
91,H,1769764920,1769765100,5185.51,,0
92,L,1769765100,1769765280,5173.16,,0
93,H,1769765340,1769765520,5181.51,,0
94,L,1769765760,1769765940,5118.00,,0
95,H,1769766000,1769766180,5156.56,,0
96,L,1769766240,1769766420,5136.99,,0
97,H,1769766360,1769766540,5161.47,,0
98,L,1769766600,1769766780,5144.09,,0
99,H,1769767140,1769767320,5184.92,,0
100,L,1769767260,1769767440,5159.63,101,0
101,L,1769767740,1769767920,5142.89,,0
102,H,1769767920,1769768100,5161.71,,0
103,L,1769768160,1769768340,5132.89,,0
104,H,1769768520,1769768700,5170.76,,0
105,H,1769768880,1769769060,5169.98,104,0
106,L,1769769300,1769769480,5057.55,,0
107,H,1769769660,1769769840,5106.10,,0
108,L,1769769720,1769769900,5075.50,,0
109,H,1769770200,1769770380,5128.76,,0
110,L,1769770620,1769770800,5104.18,,0
111,H,1769770980,1769771160,5131.83,,0
112,L,1769771640,1769771820,5014.42,,0
113,H,1769771940,1769772120,5070.28,,0
114,L,1769772540,1769772720,5020.72,,0
115,H,1769772780,1769772960,5068.67,,0
116,L,1769773500,1769773680,4949.15,,0
117,H,1769773680,1769773860,4997.68,,0
118,L,1769773860,1769774040,4942.75,,0
119,H,1769774580,1769774760,5052.96,,0
120,L,1769774880,1769775060,5000.96,,0
121,H,1769775600,1769775780,5070.43,,0
122,L,1769775780,1769775960,5047.92,,0
123,H,1769776020,1769776200,5075.99,,0
124,L,1769776140,1769776320,5051.93,,0
125,H,1769776260,1769776440,5074.23,,0
126,L,1769776440,1769776620,5057.78,,0
127,H,1769776980,1769777160,5092.52,128,0
128,H,1769777220,1769777400,5094.12,129,0
129,H,1769777580,1769777760,5102.56,130,0
130,H,1769777940,1769778120,5122.35,,0
131,L,1769778240,1769778420,5090.59,,0
132,H,1769778960,1769779140,5127.77,,0
133,L,1769779080,1769779260,5110.28,,0
134,H,1769779440,1769779620,5130.13,,0
135,L,1769779620,1769779800,5105.88,,0
136,H,1769780160,1769780340,5131.06,137,0
137,H,1769780580,1769780760,5137.75,,0
138,L,1769780940,1769781120,5089.57,,0
139,H,1769781660,1769781840,5145.76,,0
140,L,1769782020,1769782200,5121.54,,0
141,H,1769782560,1769782740,5140.01,,0
142,L,1769782740,1769782920,5115.14,,0
143,H,1769782920,1769783100,5135.03,,0
144,L,1769783220,1769783400,5109.98,,0
145,H,1769783460,1769783640,5136.25,,0
146,L,1769783820,1769784000,5103.46,,0
147,H,1769784180,1769784360,5117.33,,0
148,L,1769784540,1769784720,5056.70,,0
149,H,1769784840,1769785020,5096.21,,0
150,L,1769785200,1769785380,5054.52,,0
151,H,1769785440,1769785620,5099.96,,0
152,L,1769785620,1769785800,5071.15,,0
153,H,1769786040,1769786220,5094.01,,0
154,L,1769786280,1769786460,5054.29,,0
155,H,1769786340,1769786520,5076.70,,0
156,L,1769786700,1769786880,5014.31,,0
157,H,1769786820,1769787000,5038.46,,0
158,L,1769787060,1769787240,5011.35,,0
159,H,1769787300,1769787480,5048.33,,0
160,L,1769787540,1769787720,5026.45,,0
161,H,1769787780,1769787960,5047.88,,0
162,L,1769788200,1769788380,4992.56,,0
163,H,1769789100,1769789280,5073.42,,0
164,L,1769789520,1769789700,5041.79,165,0
165,L,1769789880,1769790060,5041.29,,0
166,H,1769790180,1769790360,5087.25,,0
167,L,1769790600,1769790780,5056.66,,0
168,H,1769790840,1769791020,5113.31,,0
169,L,1769791020,1769791200,5078.48,170,0
170,L,1769791380,1769791560,5067.90,,0
171,L,1769791680,1769791860,5071.25,170,0
172,H,1769791800,1769791980,5097.37,,0
173,L,1769792700,1769792880,4980.73,,0
174,H,1769792820,1769793000,5014.45,,0
175,L,1769792940,1769793120,4982.78,,0
176,H,1769793480,1769793660,5059.97,,0
177,H,1769793780,1769793960,5057.98,176,0
178,L,1769793960,1769794140,5031.19,,0
179,H,1769794260,1769794440,5054.97,,0
180,L,1769794380,1769794560,5040.26,,0
181,H,1769794560,1769794740,5069.26,,0
182,L,1769794740,1769794920,5050.62,,0
183,H,1769794920,1769795100,5073.42,,0
184,L,1769795160,1769795340,5050.09,,0
185,H,1769795460,1769795640,5074.01,,0
186,L,1769795640,1769795820,5038.56,,0
187,H,1769795940,1769796120,5057.13,,0
188,L,1769796300,1769796480,5022.48,,0
189,H,1769796420,1769796600,5037.03,,0
190,L,1769796720,1769796900,5017.21,,0
191,H,1769796900,1769797080,5035.20,,0
192,H,1769797260,1769797440,5018.60,191,0
193,L,1769797500,1769797680,4989.34,,0
194,H,1769797680,1769797860,5011.48,,0
195,L,1769797800,1769797980,4992.86,,0
196,H,1769797920,1769798100,5016.90,,0
197,L,1769798160,1769798340,4959.79,,0
198,H,1769798640,1769798820,5015.99,,0
199,L,1769799120,1769799300,4944.56,,0
200,L,1769799420,1769799600,4970.78,199,0
201,H,1769799480,1769799660,4987.19,,0
202,L,1769799660,1769799840,4968.37,203,0
203,L,1769800080,1769800260,4928.40,,0
204,H,1769800260,1769800440,4948.02,,0
205,L,1769800380,1769800560,4900.09,,0
206,H,1769800560,1769800740,4938.36,,0
207,L,1769800860,1769801040,4899.59,,0
208,H,1769801100,1769801280,4940.68,,0
209,L,1769801580,1769801760,4892.43,,0
210,H,1769801640,1769801820,4918.46,,0
211,L,1769802240,1769802420,4839.40,,0
212,H,1769802480,1769802660,4878.75,,0
213,L,1769802900,1769803080,4800.89,,0
214,H,1769803500,1769803680,4889.74,,0
215,L,1769803920,1769804100,4788.00,216,0
216,L,1769804520,1769804700,4705.11,,0
217,H,1769804760,1769804940,4756.18,,0
218,L,1769804940,1769805120,4695.61,,0
219,H,1769805180,1769805360,4773.13,,0
220,L,1769805480,1769805660,4691.32,,0
221,H,1769806860,1769807040,4912.73,,0
222,L,1769807220,1769807400,4882.10,,0
223,H,1769807400,1769807580,4918.27,,0
224,L,1769807640,1769807820,4871.83,,0
225,H,1769807880,1769808060,4894.99,,0
226,L,1769808180,1769808360,4843.09,,0
227,L,1769808660,1769808840,4881.20,226,0
228,H,1769808780,1769808960,4914.72,229,0
229,H,1769809080,1769809260,4926.16,,0
230,L,1769809260,1769809440,4897.55,,0
231,H,1769809500,1769809680,4934.43,,0
232,L,1769809620,1769809800,4908.56,,0
233,H,1769810220,1769810400,4947.84,,0
234,L,1769810520,1769810700,4882.05,,0
235,H,1769810700,1769810880,4921.57,,0
236,L,1769811120,1769811300,4879.46,,0
237,H,1769811240,1769811420,4900.69,,0
238,L,1769811360,1769811540,4880.39,,0
239,H,1769811660,1769811840,4908.66,,0
240,L,1769811840,1769812020,4893.02,,0
241,H,1769811960,1769812140,4913.66,,0
242,L,1769812380,1769812560,4853.74,243,0
243,L,1769812680,1769812860,4844.07,,0
244,H,1769812920,1769813100,4873.99,,0
245,L,1769813160,1769813340,4851.36,,0
246,H,1769813220,1769813400,4879.66,,0
247,L,1769813760,1769813940,4809.45,,0
248,H,1769814180,1769814360,4863.38,,0
249,L,1769814480,1769814660,4831.83,,0
250,H,1769814660,1769814840,4848.61,,0
251,L,1769814780,1769814960,4835.31,,0
252,H,1769815500,1769815680,4890.24,,0
253,L,1769815620,1769815800,4862.84,,0
254,H,1769815980,1769816160,4881.70,,0
255,L,1769816280,1769816460,4850.24,,0
256,L,1769816520,1769816700,4850.28,255,0
257,L,1769816880,1769817060,4857.01,255,0
258,H,1769817120,1769817300,4892.60,,0
259,L,1769994000,1769994180,4766.81,,0
260,H,1769994180,1769994360,4867.80,,0
261,L,1769994720,1769994900,4716.34,262,0
262,L,1769995080,1769995260,4697.62,,0
263,H,1769995380,1769995560,4743.10,,0
264,L,1769995500,1769995680,4717.76,265,0
265,L,1769995860,1769996040,4713.93,,0
266,H,1769996400,1769996580,4789.26,,0
267,L,1769996820,1769997000,4722.67,,0
268,H,1769997000,1769997180,4768.32,,0
269,H,1769997360,1769997540,4761.27,268,0
270,L,1769997540,1769997720,4739.83,,0
271,L,1769998080,1769998260,4777.99,270,0
272,H,1769998920,1769999100,4884.43,,0
273,L,1769999100,1769999280,4827.58,274,0
274,L,1769999580,1769999760,4812.61,,0
275,H,1769999760,1769999940,4844.61,,0
276,L,1769999940,1770000120,4823.30,,0
277,H,1770000000,1770000180,4839.82,,0
278,L,1770000480,1770000660,4777.73,,0
279,H,1770000720,1770000900,4799.27,,0
280,L,1770000960,1770001140,4759.90,,0
281,H,1770001140,1770001320,4782.23,,0
282,L,1770001200,1770001380,4731.71,,0
283,H,1770001380,1770001560,4784.54,,0
284,L,1770001980,1770002160,4591.73,,0
285,H,1770002400,1770002580,4710.02,,0
286,L,1770002580,1770002760,4646.14,,0
287,H,1770002880,1770003060,4706.96,,0
288,L,1770003000,1770003180,4667.97,,0
289,H,1770003360,1770003540,4739.67,,0
290,L,1770003720,1770003900,4691.27,,0
291,H,1770004020,1770004200,4730.86,,0
292,L,1770004200,1770004380,4717.38,,0
293,H,1770004260,1770004440,4750.02,,0
294,L,1770004560,1770004740,4722.36,,0
295,H,1770004800,1770004980,4749.28,,0
296,L,1770005160,1770005340,4708.12,297,0
297,L,1770005400,1770005580,4699.13,,0
298,H,1770005760,1770005940,4745.25,,0
299,L,1770005880,1770006060,4722.36,,0
300,H,1770006060,1770006240,4739.43,,0
301,L,1770006240,1770006420,4715.43,,0
302,H,1770006780,1770006960,4771.47,,0
303,L,1770007260,1770007440,4745.58,,0
304,H,1770007380,1770007560,4772.95,,0
305,L,1770007860,1770008040,4720.04,,0
306,H,1770008160,1770008340,4739.29,,0
307,L,1770008280,1770008460,4698.87,,0
308,H,1770008460,1770008640,4728.11,,0
309,L,1770008700,1770008880,4704.68,,0
310,H,1770008820,1770009000,4724.25,,0
311,L,1770008940,1770009120,4707.62,312,0
312,L,1770009300,1770009480,4664.63,,0
313,H,1770009720,1770009900,4729.36,,0
314,L,1770010860,1770011040,4630.35,,0
315,H,1770011340,1770011520,4694.61,,0
316,H,1770012060,1770012240,4658.96,315,0
317,L,1770012300,1770012480,4603.35,,0
318,H,1770012600,1770012780,4660.10,,0
319,L,1770012720,1770012900,4633.34,,0
320,H,1770013200,1770013380,4704.99,,0
321,H,1770013500,1770013680,4689.33,320,0
322,L,1770013740,1770013920,4669.10,,0
323,H,1770013920,1770014100,4699.62,,0
324,L,1770014400,1770014580,4658.28,,0
325,H,1770014820,1770015000,4713.40,,0
326,L,1770015000,1770015180,4674.96,327,0
327,L,1770015360,1770015540,4672.24,328,0
328,L,1770015600,1770015780,4670.96,,0
329,H,1770015900,1770016080,4696.08,,0
330,L,1770016020,1770016200,4661.37,331,0
331,L,1770016380,1770016560,4649.84,,0
332,H,1770016620,1770016800,4674.54,,0
333,L,1770016920,1770017100,4649.73,,0
334,H,1770017160,1770017340,4670.13,,0
335,L,1770017460,1770017640,4619.67,,0
336,H,1770017700,1770017880,4642.72,,0
337,H,1770018000,1770018180,4624.98,336,0
338,L,1770018780,1770018960,4498.50,,0
339,H,1770019200,1770019380,4573.83,,0
340,L,1770019680,1770019860,4520.95,,0
341,H,1770019740,1770019920,4564.22,,0
342,L,1770020820,1770021000,4433.62,,0
343,H,1770021000,1770021180,4500.41,,0
344,L,1770021480,1770021660,4402.93,,0
345,H,1770021960,1770022140,4461.73,,0
346,L,1770022140,1770022320,4430.52,,0
347,H,1770022620,1770022800,4523.19,,0
348,L,1770022800,1770022980,4486.37,,0
349,L,1770023160,1770023340,4521.38,348,0
350,H,1770023400,1770023580,4554.53,,0
351,L,1770023460,1770023640,4526.66,,0
352,H,1770023700,1770023880,4560.90,,0
353,L,1770023820,1770024000,4524.07,,0
354,H,1770024360,1770024540,4574.71,,0
355,L,1770024720,1770024900,4524.89,,0
356,H,1770025260,1770025440,4591.22,,0
357,L,1770025380,1770025560,4567.80,,0
358,H,1770025740,1770025920,4619.01,,0
359,L,1770025980,1770026160,4582.06,,0
360,H,1770026160,1770026340,4611.48,,0
361,L,1770026520,1770026700,4563.65,,0
362,L,1770026760,1770026940,4569.70,361,0
363,H,1770027000,1770027180,4628.24,,0
364,L,1770027420,1770027600,4601.26,,0
365,H,1770027720,1770027900,4649.05,,0
366,L,1770028020,1770028200,4619.96,,0
367,H,1770028200,1770028380,4649.80,,0
368,L,1770028680,1770028860,4607.68,,0
369,H,1770029040,1770029220,4649.88,,0
370,L,1770029160,1770029340,4633.47,371,0
371,L,1770029520,1770029700,4628.50,,0
372,H,1770029640,1770029820,4651.22,,0
373,L,1770029880,1770030060,4627.57,,0
374,H,1770030000,1770030180,4645.45,,0
375,L,1770030180,1770030360,4603.67,,0
376,H,1770030360,1770030540,4637.23,,0
377,L,1770030540,1770030720,4616.45,,0
378,H,1770030720,1770030900,4657.52,,0
379,L,1770030960,1770031140,4631.36,,0
380,H,1770031020,1770031200,4649.26,,0
381,L,1770031260,1770031440,4626.21,,0
382,H,1770031920,1770032100,4704.51,,0
383,L,1770032100,1770032280,4679.22,,0
384,H,1770032460,1770032640,4713.01,,0
385,L,1770032700,1770032880,4684.65,,0
386,H,1770033000,1770033180,4721.24,,0
387,L,1770033060,1770033240,4700.54,,0
388,H,1770033300,1770033480,4731.15,,0
389,L,1770033540,1770033720,4706.70,,0
390,H,1770033720,1770033900,4733.78,,0
391,L,1770034080,1770034260,4703.85,,0
392,H,1770034500,1770034680,4730.77,,0
393,L,1770035280,1770035460,4670.73,,0
394,H,1770035640,1770035820,4691.55,,0
395,L,1770035820,1770036000,4661.64,,0
396,H,1770036000,1770036180,4698.27,,0
397,L,1770036300,1770036480,4657.23,,0
398,H,1770036900,1770037080,4711.98,,0
399,L,1770037260,1770037440,4703.66,,0
400,L,1770037620,1770037800,4711.06,399,0
401,H,1770038580,1770038760,4759.33,,0
402,L,1770038820,1770039000,4740.91,,0
403,H,1770039060,1770039240,4763.84,,0
404,L,1770039240,1770039420,4747.93,,0
405,H,1770039600,1770039780,4779.02,406,0
406,H,1770039960,1770040140,4779.24,,0
407,L,1770040380,1770040560,4757.09,,0
408,H,1770040560,1770040740,4773.78,409,0
409,H,1770040800,1770040980,4776.45,,0
410,L,1770041220,1770041400,4743.61,,0
411,H,1770041460,1770041640,4775.86,,0
412,L,1770041580,1770041760,4756.00,,0
413,H,1770041940,1770042120,4778.50,414,0
414,H,1770042180,1770042360,4789.80,,0
415,L,1770042600,1770042780,4772.41,,0
416,H,1770042720,1770042900,4788.51,,0
417,L,1770042960,1770043140,4770.23,,0
418,H,1770043560,1770043740,4812.34,,0
419,L,1770043860,1770044040,4775.73,,0
420,H,1770043920,1770044100,4794.65,,0
421,L,1770044160,1770044340,4773.48,,0
422,H,1770044340,1770044520,4795.40,,0
423,L,1770044520,1770044700,4720.84,,0
424,H,1770045060,1770045240,4803.62,,0
425,H,1770045300,1770045480,4794.07,424,0
426,L,1770045600,1770045780,4732.06,,0
427,H,1770045720,1770045900,4760.72,,0
428,H,1770046020,1770046200,4753.18,427,0
429,L,1770046920,1770047100,4669.71,,0
430,H,1770047160,1770047340,4708.11,431,0
431,H,1770047580,1770047760,4722.06,,0
432,L,1770047940,1770048120,4700.39,,0
433,H,1770048000,1770048180,4728.65,,0
434,L,1770048180,1770048360,4699.76,,0
435,H,1770048480,1770048660,4728.74,,0
436,L,1770048600,1770048780,4708.06,,0
437,H,1770048780,1770048960,4738.67,,0
438,L,1770049380,1770049560,4680.05,,0
439,H,1770050460,1770050640,4793.48,,0
440,L,1770050700,1770050880,4735.20,441,0
441,L,1770051420,1770051600,4700.45,,0
442,H,1770051480,1770051660,4730.96,,0
443,L,1770051660,1770051840,4690.62,,0
444,H,1770051960,1770052140,4745.33,,0
445,L,1770052440,1770052620,4694.91,,0
446,H,1770052620,1770052800,4727.51,,0
447,L,1770053040,1770053220,4686.07,,0
448,H,1770053160,1770053340,4715.81,,0
449,L,1770053520,1770053700,4649.15,,0
450,L,1770053880,1770054060,4675.65,449,0
451,H,1770054000,1770054180,4704.69,,0
452,H,1770054660,1770054840,4663.15,451,0
453,L,1770054780,1770054960,4629.08,454,0
454,L,1770055320,1770055500,4596.82,,0
455,H,1770056040,1770056220,4704.46,,0
456,L,1770056220,1770056400,4673.43,,0
457,H,1770056460,1770056640,4708.69,,0
458,L,1770057180,1770057360,4645.35,,0
459,H,1770057780,1770057960,4688.77,,0
460,L,1770058260,1770058440,4649.85,,0
461,L,1770058800,1770058980,4659.94,460,0
462,H,1770058860,1770059040,4682.56,463,0
463,H,1770059340,1770059520,4713.94,,0
464,H,1770059700,1770059880,4713.45,463,0
465,L,1770060000,1770060180,4668.17,466,0
466,L,1770060600,1770060780,4656.66,,0
467,H,1770060780,1770060960,4688.02,,0
468,L,1770061080,1770061260,4661.12,,0
469,H,1770061260,1770061440,4677.47,,0
470,L,1770061380,1770061560,4662.99,,0
471,L,1770061620,1770061800,4663.37,470,0
472,H,1770061980,1770062160,4686.73,473,0
473,H,1770062220,1770062400,4688.16,,0
474,L,1770062640,1770062820,4648.30,,0
475,H,1770063060,1770063240,4671.59,,0
476,L,1770063540,1770063720,4618.66,,0
477,H,1770063780,1770063960,4646.90,,0
478,L,1770064140,1770064320,4624.92,,0
479,H,1770064620,1770064800,4674.00,,0
480,L,1770064740,1770064920,4655.64,,0
481,H,1770064980,1770065160,4671.13,,0
482,L,1770065100,1770065280,4648.82,,0
483,H,1770065400,1770065580,4671.93,,0
484,L,1770065760,1770065940,4644.74,,0
485,H,1770065940,1770066120,4660.89,,0
486,L,1770066060,1770066240,4640.72,,0
487,H,1770066240,1770066420,4650.69,,0
488,L,1770066540,1770066720,4637.22,,0
489,H,1770066720,1770066900,4662.16,,0
490,L,1770067260,1770067440,4631.48,,0
491,H,1770067500,1770067680,4654.32,,0
492,L,1770067860,1770068040,4637.22,,0
493,H,1770068760,1770068940,4709.87,494,0
494,H,1770069060,1770069240,4712.73,,0
495,L,1770069360,1770069540,4676.93,496,0
496,L,1770069600,1770069780,4674.28,,0
497,H,1770069720,1770069900,4692.81,,0
498,L,1770070020,1770070200,4669.02,,0
499,H,1770070260,1770070440,4700.66,,0
500,L,1770070980,1770071160,4651.39,,0
501,H,1770071340,1770071520,4672.66,,0
502,L,1770071640,1770071820,4656.92,,0
503,H,1770072180,1770072360,4692.52,,0
504,L,1770072540,1770072720,4662.08,505,0
505,L,1770072780,1770072960,4661.54,,0
506,H,1770072900,1770073080,4682.23,,0
507,L,1770073320,1770073500,4644.01,,0
508,H,1770073440,1770073620,4665.90,509,0
509,H,1770074100,1770074280,4680.20,,0
510,L,1770074520,1770074700,4660.06,,0
511,H,1770074940,1770075120,4686.92,,0
512,L,1770075240,1770075420,4669.51,,0
513,H,1770075600,1770075780,4681.96,,0
514,L,1770075900,1770076080,4665.06,515,0
515,L,1770076260,1770076440,4648.66,,0
516,H,1770076440,1770076620,4666.15,,0
517,L,1770076560,1770080460,4653.44,,0
518,H,1770080640,1770080820,4713.60,,0
519,L,1770080760,1770080940,4695.49,,0
520,H,1770080880,1770081060,4723.43,,0
521,L,1770081180,1770081360,4707.66,,0
522,H,1770081960,1770082140,4763.53,,0
523,L,1770082380,1770082560,4717.07,,0
524,H,1770082740,1770082920,4751.12,,0
525,L,1770083100,1770083280,4729.24,,0
526,H,1770084240,1770084420,4796.74,,0
527,H,1770084540,1770084720,4784.85,526,0
528,L,1770084780,1770084960,4766.22,,0
529,H,1770085620,1770085800,4829.23,,0
530,L,1770085800,1770085980,4813.64,,0
531,H,1770085860,1770086040,4829.89,532,0
532,H,1770086100,1770086280,4830.25,,0
533,L,1770086160,1770086340,4816.79,534,0
534,L,1770086580,1770086760,4814.74,,0
535,H,1770086820,1770087000,4827.63,,0
536,L,1770086940,1770087120,4796.67,,0
537,H,1770087120,1770087300,4811.67,,0
538,L,1770087660,1770087840,4766.49,,0
539,H,1770087840,1770088020,4817.18,,0
540,L,1770087960,1770088140,4790.13,,0
541,H,1770088500,1770088680,4848.37,,0
542,L,1770088680,1770088860,4823.54,,0
543,H,1770089040,1770089220,4853.72,,0
544,L,1770089220,1770089400,4841.64,,0
545,H,1770089520,1770089700,4855.84,,1
546,L,1770089520,1770089700,4838.60,547,1
547,L,1770089880,1770090060,4830.48,,0
548,H,1770090360,1770090540,4850.55,,0
549,L,1770090600,1770090780,4820.35,,0
550,H,1770091020,1770091200,4847.62,,0
551,H,1770091680,1770091860,4823.29,550,0
552,L,1770092280,1770092460,4771.33,,0
553,H,1770092520,1770092700,4795.89,,0
554,L,1770092760,1770092940,4761.12,,0
555,H,1770092940,1770093120,4778.60,,0
556,L,1770093000,1770093180,4759.16,,0
557,H,1770093300,1770093480,4787.59,,0
558,L,1770093480,1770093660,4764.11,559,0
559,L,1770094020,1770094200,4745.68,,0
560,H,1770094440,1770094620,4775.77,,0
561,L,1770094680,1770094860,4764.74,,0
562,H,1770094800,1770094980,4790.04,563,0
563,H,1770095100,1770095280,4794.31,,0
564,L,1770095520,1770095700,4762.37,,0
565,H,1770095700,1770095880,4773.68,,0
566,L,1770095820,1770096000,4758.77,,0
567,H,1770096120,1770096300,4780.51,,0
568,L,1770096360,1770096540,4751.99,,0
569,H,1770096720,1770096900,4788.58,570,0
570,H,1770097380,1770097560,4812.33,,0
571,L,1770097740,1770097920,4793.55,572,0
572,L,1770097980,1770098160,4786.87,,0
573,H,1770098700,1770098880,4825.08,,0
574,L,1770098820,1770099000,4813.09,,0
575,H,1770099180,1770099360,4823.91,,0
576,L,1770099360,1770099540,4807.38,,0
577,H,1770099720,1770099900,4819.01,,0
578,L,1770099840,1770100020,4800.92,,0
579,L,1770100140,1770100320,4804.00,578,0
580,L,1770100500,1770100680,4806.06,578,0
581,H,1770100680,1770100860,4825.04,,0
582,L,1770100920,1770101100,4815.34,,0
583,H,1770101220,1770101400,4824.78,,0
584,H,1770101640,1770101820,4821.63,583,0
585,L,1770101940,1770102120,4808.19,,0
586,H,1770102240,1770102420,4821.57,,0
587,L,1770102360,1770102540,4810.87,,0
588,H,1770102600,1770102780,4821.15,,0
589,L,1770102780,1770102960,4809.53,,0
590,H,1770103740,1770103920,4841.82,,0
591,L,1770103920,1770104100,4821.47,,0
592,H,1770104100,1770104280,4834.42,,0
593,L,1770104220,1770104400,4818.60,,0
594,H,1770104400,1770104580,4836.53,,0
595,L,1770104760,1770104940,4813.45,,0
596,H,1770105000,1770105180,4830.32,,0
597,L,1770105060,1770105240,4822.58,,0
598,H,1770105240,1770105420,4830.39,,0
599,H,1770105600,1770105780,4829.60,598,0
600,L,1770105660,1770105840,4816.55,,0
601,H,1770106800,1770106980,4862.42,602,0
602,H,1770107700,1770107880,4878.82,603,0
603,H,1770108300,1770108480,4893.85,,0
604,L,1770108600,1770108780,4865.08,,0
605,H,1770108780,1770108960,4883.74,606,0
606,H,1770109140,1770109320,4884.15,,0
607,L,1770109200,1770109380,4872.14,,0
608,H,1770109500,1770109680,4889.37,609,0
609,H,1770110100,1770110280,4893.47,,0
610,L,1770110340,1770110520,4879.80,,0
611,H,1770110760,1770110940,4901.68,612,0
612,H,1770111600,1770111780,4933.53,,0
613,L,1770111660,1770111840,4920.33,614,0
614,L,1770111900,1770112080,4913.16,,0
615,H,1770112080,1770112260,4925.54,,0
616,L,1770112380,1770112560,4913.21,,0
617,H,1770112500,1770112680,4927.29,,0
618,L,1770112800,1770112980,4909.89,619,0
619,L,1770113160,1770113340,4898.46,,0
620,H,1770113940,1770114120,4941.95,,0
621,L,1770114120,1770114300,4930.36,,0
622,H,1770114420,1770114600,4940.20,,0
623,L,1770114720,1770114900,4930.90,,0
624,H,1770114960,1770115140,4939.40,,0
625,L,1770115140,1770115320,4931.21,,0
626,H,1770115320,1770115500,4948.85,,0
627,L,1770115740,1770115920,4930.42,,0
628,H,1770115800,1770115980,4936.38,,0
629,H,1770116460,1770116640,4922.76,628,0
630,L,1770116640,1770116820,4908.22,,0
631,H,1770116940,1770117120,4923.78,,0
632,L,1770117000,1770117180,4909.16,,0
633,H,1770117240,1770117420,4917.84,,0
634,L,1770117360,1770117540,4900.82,,0
635,H,1770117720,1770117900,4910.79,,0
636,L,1770118200,1770118380,4884.70,,0
637,H,1770118320,1770118500,4903.12,638,0
638,H,1770119100,1770119280,4925.22,639,0
639,H,1770119340,1770119520,4926.07,,0
640,H,1770120000,1770120180,4921.02,639,0
641,L,1770120120,1770120300,4914.36,,0
642,H,1770120300,1770120480,4920.34,,0
643,L,1770120420,1770120600,4914.60,,0
644,H,1770120780,1770120960,4929.73,,0
645,L,1770121020,1770121200,4914.72,646,0
646,L,1770121380,1770121560,4914.59,,0
647,H,1770121440,1770121620,4919.19,,0
648,L,1770121740,1770121920,4914.45,,0
649,H,1770121920,1770122100,4923.74,,0
650,L,1770122580,1770122760,4914.64,,0
651,H,1770122880,1770123060,4923.99,,0
652,L,1770123780,1770123960,4889.70,,0
653,H,1770123960,1770124140,4912.48,,0
654,L,1770125040,1770125220,4883.95,,0
655,H,1770125340,1770125520,4905.49,,0
656,L,1770125520,1770125700,4898.42,,0
657,H,1770125580,1770125760,4916.89,658,0
658,H,1770125820,1770126000,4919.32,,0
659,H,1770126360,1770126540,4915.14,658,0
660,L,1770126780,1770126960,4898.87,,0
661,H,1770127440,1770127620,4935.68,,0
662,L,1770127620,1770127800,4925.54,663,0
663,L,1770128700,1770128880,4892.45,,0
664,H,1770129300,1770129480,4918.16,,0
665,L,1770129660,1770129840,4910.47,,0
666,H,1770129840,1770130020,4918.95,,0
667,H,1770130200,1770130380,4918.35,666,0
668,L,1770130320,1770130500,4908.46,,0
669,H,1770130800,1770130980,4920.37,,0
670,L,1770130980,1770131160,4902.76,,0
671,H,1770131280,1770131460,4930.54,,0
672,L,1770131520,1770131700,4917.09,,0
673,H,1770131700,1770131880,4929.88,,0
674,L,1770131940,1770132120,4917.12,,0
675,H,1770132540,1770132720,4939.14,,0
676,L,1770132900,1770133080,4929.88,,0
677,H,1770132960,1770133140,4938.89,,0
678,L,1770133140,1770133320,4928.67,,0
679,H,1770133560,1770133740,4950.99,,0
680,L,1770134100,1770134280,4921.32,,0
681,H,1770134400,1770134580,4936.18,,1
682,L,1770134400,1770134580,4917.47,,1
683,L,1770134700,1770134880,4919.35,682,0
684,H,1770135000,1770135180,4929.45,,0
685,H,1770135240,1770135420,4928.08,684,0
686,L,1770135420,1770135600,4896.41,,0
687,L,1770135780,1770135960,4899.92,686,0
688,H,1770136200,1770136380,4928.87,,0
689,L,1770136500,1770136680,4894.01,,0
690,H,1770136860,1770137040,4925.65,,0
691,L,1770137160,1770137340,4909.92,,0
692,H,1770137640,1770137820,4930.11,,0
693,L,1770138120,1770138300,4904.76,,0
694,H,1770138660,1770138840,4948.60,,0
695,L,1770138900,1770139080,4932.62,696,0
696,L,1770139500,1770139680,4908.35,,0
697,H,1770139800,1770139980,4928.73,,0
698,L,1770140100,1770140280,4907.98,,0
699,L,1770140700,1770140880,4918.80,698,0
700,L,1770141180,1770141360,4922.96,698,0
701,H,1770141300,1770141480,4935.51,702,0
702,H,1770141720,1770141900,4945.08,,0
703,L,1770142080,1770142260,4929.81,,0
704,H,1770143220,1770143400,4980.56,,0
705,L,1770143520,1770143700,4964.86,,0
706,H,1770143940,1770144120,4993.82,,0
707,L,1770144360,1770144540,4967.81,,0
708,H,1770144540,1770144720,4980.29,,0
709,L,1770144900,1770145080,4952.01,,0
710,H,1770145020,1770145200,4963.83,,0
711,L,1770145200,1770145380,4947.10,,0
712,H,1770145320,1770145500,4962.42,,0
713,L,1770145860,1770146040,4923.50,,0
714,H,1770146400,1770146580,4969.77,,0
715,L,1770146580,1770146760,4952.51,716,0
716,L,1770146940,1770147120,4945.99,,0
717,H,1770147180,1770147360,4964.76,,0
718,L,1770148020,1770148200,4907.59,,0
719,H,1770148380,1770148560,4948.18,,0
720,H,1770148680,1770148860,4941.65,719,0
721,L,1770148800,1770148980,4926.41,,0
722,L,1770149100,1770149280,4929.49,721,0
723,H,1770149220,1770149400,4949.71,,0
724,L,1770149400,1770149580,4938.89,,0
725,H,1770149580,1770149760,4953.97,,0
726,L,1770150300,1770150480,4918.08,727,0
727,L,1770150780,1770150960,4885.36,,0
728,H,1770150960,1770151140,4906.24,729,0
729,H,1770151260,1770151440,4912.67,,0
730,L,1770151440,1770151620,4904.24,,0
731,H,1770151500,1770151680,4915.06,,0
732,L,1770151860,1770152040,4891.61,,0
733,H,1770152160,1770152340,4914.72,,0
734,L,1770152940,1770153120,4880.92,,0
735,H,1770153480,1770153660,4929.78,,0
736,L,1770153660,1770153840,4919.45,,0
737,H,1770153780,1770153960,4930.14,,0
738,L,1770153960,1770154140,4916.60,,0
739,H,1770154140,1770154320,4933.60,,0
740,L,1770154320,1770154500,4922.34,,0
741,H,1770154920,1770155100,4948.84,,0
742,H,1770155340,1770155520,4939.81,741,0
743,L,1770155640,1770155820,4916.39,,0
744,H,1770155880,1770156060,4928.98,,0
745,L,1770156360,1770156540,4903.46,,0
746,H,1770156600,1770156780,4918.55,,0
747,L,1770156660,1770156840,4902.72,,0
748,H,1770157200,1770157380,4936.14,,0
749,L,1770157380,1770157560,4923.66,,0
750,H,1770158220,1770158400,4956.80,,0
751,H,1770158520,1770158700,4956.77,750,0
752,L,1770159000,1770159180,4932.81,,0
753,H,1770159540,1770159720,4946.46,,0
754,L,1770159660,1770159840,4938.30,,0
755,H,1770160020,1770160200,4954.06,756,0
756,H,1770160320,1770160500,4964.10,,0
757,L,1770160800,1770160980,4943.39,,0
758,L,1770161340,1770161520,4949.65,757,0
759,H,1770161520,1770161700,4958.15,,0
760,L,1770162120,1770162300,4935.69,761,0
761,L,1770162600,1770162780,4933.80,,0
762,H,1770162780,1770162960,4945.24,763,0
763,H,1770166980,1770167160,4972.18,,0
764,L,1770167280,1770167460,4910.72,,0
765,H,1770167700,1770167880,4942.39,766,0
766,H,1770167940,1770168120,4944.92,,0
767,L,1770168240,1770168420,4927.85,,0
768,H,1770168300,1770168480,4940.46,,0
769,L,1770168540,1770168720,4920.47,,0
770,H,1770168660,1770168840,4940.65,,0
771,L,1770168840,1770169020,4927.04,,0
772,H,1770169560,1770169740,4955.31,,0
773,L,1770169800,1770169980,4941.23,,0
774,H,1770169980,1770170160,4954.74,,0
775,L,1770170040,1770170220,4939.82,,0
776,L,1770170460,1770170640,4946.36,775,0
777,H,1770171840,1770172020,4999.60,,0
778,H,1770172200,1770172380,4987.23,777,0
779,L,1770172320,1770172500,4968.70,,0
780,H,1770172620,1770172800,4994.53,,0
781,L,1770172800,1770172980,4980.86,,0
782,H,1770173400,1770173580,5004.32,,0
783,L,1770173580,1770173760,4993.78,,0
784,H,1770174000,1770174180,5017.40,,1
785,L,1770174000,1770174180,4985.28,,1
786,H,1770174900,1770175080,5053.38,,0
787,H,1770175140,1770175320,5053.04,786,0
788,L,1770175320,1770175500,5033.41,,0
789,H,1770175380,1770175560,5052.37,,0
790,H,1770176100,1770176280,5035.54,789,0
791,L,1770176340,1770176520,5010.68,,0
792,L,1770176700,1770176880,5028.24,791,0
793,H,1770177000,1770177180,5050.21,,0
794,L,1770177300,1770177480,5035.43,,0
795,H,1770177780,1770177960,5063.69,,0
796,L,1770177960,1770178140,5055.15,,0
797,H,1770178080,1770178260,5065.40,,0
798,L,1770178380,1770178560,5055.94,,0
799,H,1770178500,1770178680,5064.61,,0
800,L,1770178620,1770178800,5055.46,,0
801,H,1770178920,1770179100,5064.86,,0
802,L,1770179040,1770179220,5052.98,,0
803,H,1770179220,1770179400,5062.94,,0
804,L,1770179880,1770180060,5039.29,,0
805,H,1770180180,1770180360,5062.09,,0
806,L,1770181020,1770181200,5035.55,,0
807,H,1770181080,1770181260,5047.62,,0
808,L,1770181620,1770181800,5042.01,,0
809,H,1770181920,1770182100,5056.62,,0
810,L,1770182460,1770182640,5039.30,,0
811,L,1770182700,1770182880,5040.67,810,0
812,H,1770183720,1770183900,5072.21,,0
813,L,1770183960,1770184140,5061.47,,0
814,H,1770184440,1770184620,5073.57,,0
815,H,1770184800,1770184980,5071.23,814,0
816,L,1770184860,1770185040,5064.92,817,0
817,L,1770185100,1770185280,5062.90,,0
818,H,1770185400,1770185580,5073.94,,1
819,L,1770185400,1770185580,5064.46,,1
820,H,1770185700,1770185880,5074.12,,0
821,L,1770185880,1770186060,5065.59,,0
822,H,1770186000,1770186180,5067.99,,0
823,L,1770186240,1770186420,5056.50,,0
824,H,1770186420,1770186600,5065.06,825,0
825,H,1770187260,1770187440,5072.98,,0
826,L,1770187440,1770187620,5068.71,,0
827,H,1770187860,1770188040,5079.68,,0
828,L,1770188160,1770188340,5076.36,,0
829,H,1770188340,1770188520,5081.12,,0
830,L,1770188520,1770188700,5076.80,,0
831,H,1770188700,1770188880,5082.55,,0
832,L,1770188880,1770189060,5077.30,,0
833,H,1770189000,1770189180,5083.45,834,0
834,H,1770189480,1770189660,5085.29,,0
835,L,1770189900,1770190080,5078.95,,0
836,H,1770190260,1770190440,5085.17,,0
837,L,1770190620,1770190800,5069.37,,0
838,H,1770191460,1770191640,5090.29,,0
839,H,1770192060,1770192240,5082.74,838,0
840,L,1770192540,1770192720,5056.09,841,0
841,L,1770192900,1770193080,5051.22,,0
842,H,1770193140,1770193320,5068.36,,0
843,L,1770193380,1770193560,5054.03,,0
844,H,1770193500,1770193680,5061.26,,0
845,L,1770193620,1770193800,5053.17,,0
846,H,1770194340,1770194520,5067.62,,0
847,L,1770194640,1770194820,5063.65,,0
848,H,1770194820,1770195000,5079.76,,0
849,L,1770195240,1770195420,5072.07,,1
850,H,1770195240,1770195420,5078.54,851,1
851,H,1770195600,1770195780,5082.41,,0
852,L,1770195960,1770196140,5064.03,853,0
853,L,1770196500,1770196680,5062.23,,0
854,H,1770196560,1770196740,5068.69,855,0
855,H,1770197400,1770197580,5090.39,,0
856,L,1770197760,1770197940,5067.05,,0
857,H,1770198420,1770198600,5087.13,,0
858,L,1770198660,1770198840,5080.60,,0
859,H,1770198960,1770199140,5091.39,860,0
860,H,1770199260,1770199440,5091.80,,0
861,L,1770199440,1770199620,5074.90,,0
862,H,1770199680,1770199860,5088.57,,0
863,L,1770200040,1770200220,5076.32,,0
864,H,1770200400,1770200580,5087.56,,0
865,L,1770200460,1770200640,5081.00,,0
866,H,1770200880,1770201060,5085.89,,0
867,L,1770201420,1770201600,5069.01,,0
868,H,1770201780,1770201960,5081.78,,0
869,L,1770202080,1770202260,5073.23,,0
870,H,1770202200,1770202380,5082.99,,0
871,L,1770202380,1770202560,5071.68,,0
872,H,1770202800,1770202980,5086.83,,0
873,L,1770202860,1770203040,5075.48,874,0
874,L,1770204180,1770204360,5053.65,,0
875,H,1770204300,1770204480,5065.30,,0
876,L,1770204720,1770204900,5043.05,,0
877,H,1770205380,1770205560,5065.87,,0
878,L,1770205680,1770205860,5047.31,,0
879,H,1770205860,1770206040,5064.32,,0
880,L,1770206220,1770206400,5058.34,,0
881,H,1770206400,1770206580,5064.32,,0
882,L,1770206760,1770206940,5048.10,,0
883,H,1770207180,1770207360,5057.88,,0
884,L,1770207480,1770207660,5047.32,,0
885,H,1770207720,1770207900,5055.53,,0
886,L,1770207840,1770208020,5042.57,887,0
887,L,1770208080,1770208260,5041.70,,0
888,H,1770208440,1770208620,5057.49,,0
889,L,1770208620,1770208800,5047.66,,0
890,H,1770208980,1770209160,5061.46,,0
891,H,1770209220,1770209400,5061.04,890,0
892,H,1770209700,1770209880,5055.01,890,0
893,L,1770209760,1770209940,5046.36,,0
894,H,1770210060,1770210240,5053.47,,0
895,L,1770210300,1770210480,5046.25,896,0
896,L,1770211080,1770211260,5013.69,,0
897,H,1770211200,1770211380,5032.04,898,0
898,H,1770211500,1770211680,5032.35,,0
899,L,1770211560,1770211740,5019.73,,0
900,H,1770212280,1770212460,5039.98,,0
901,L,1770212640,1770212820,5030.13,,0
902,L,1770213600,1770213780,5047.16,901,0
903,H,1770213660,1770213840,5055.28,,0
904,L,1770213840,1770214020,5047.00,905,0
905,L,1770214200,1770214380,5037.44,,0
906,H,1770214500,1770214680,5049.77,,0
907,L,1770214860,1770215040,5040.08,,0
908,H,1770215700,1770215880,5063.14,,0
909,L,1770216000,1770216180,5050.39,,0
910,H,1770216360,1770216540,5058.07,,0
911,L,1770216420,1770216600,5049.48,912,0
912,L,1770217200,1770217380,5031.50,,0
913,H,1770217380,1770217560,5045.62,,0
914,L,1770217800,1770217980,5023.57,,0
915,H,1770218100,1770218280,5042.75,916,0
916,H,1770218760,1770218940,5054.27,,0
917,L,1770218940,1770219120,5046.92,,0
918,H,1770219240,1770219420,5058.82,,0
919,L,1770219840,1770220020,5033.19,,0
920,H,1770220560,1770220740,5063.39,,0
921,L,1770221340,1770221520,5034.60,,0
922,H,1770221820,1770222000,5051.13,,0
923,L,1770221880,1770222060,5034.73,,0
924,H,1770222060,1770222240,5046.06,,0
925,L,1770222720,1770222900,5004.28,,0
926,H,1770222960,1770223140,5022.81,,0
927,L,1770223260,1770223440,4967.37,,0
928,H,1770223440,1770223620,4998.22,929,0
929,H,1770224040,1770224220,5017.74,,0
930,L,1770224520,1770224700,4973.21,,0
931,H,1770224820,1770225000,5007.76,,0
932,L,1770225480,1770225660,4971.98,933,0
933,L,1770225780,1770225960,4951.60,934,0
934,L,1770226560,1770226740,4887.73,,0
935,H,1770227040,1770227220,4947.81,,0
936,L,1770227160,1770227340,4932.13,,0
937,H,1770227280,1770227460,4949.89,938,0
938,H,1770227700,1770227880,4949.98,,0
939,L,1770228180,1770228360,4895.48,,0
940,H,1770228360,1770228540,4925.18,941,0
941,H,1770228780,1770228960,4940.27,,0
942,L,1770229380,1770229560,4890.43,,0
943,L,1770229860,1770230040,4914.09,942,0
944,H,1770230040,1770230220,4934.63,,0
945,L,1770230880,1770231060,4854.24,,0
946,H,1770231240,1770231420,4907.18,947,0
947,H,1770231540,1770231720,4909.31,,0
948,L,1770231780,1770231960,4892.42,,0
949,H,1770231900,1770232080,4915.90,950,0
950,H,1770232620,1770232800,4925.62,,0
951,H,1770232860,1770233040,4917.06,950,0
952,L,1770233220,1770233400,4888.36,,0
953,H,1770233460,1770233640,4930.70,,0
954,L,1770233880,1770234060,4904.29,,0
955,H,1770234000,1770234180,4921.40,,0
956,L,1770234600,1770234780,4896.45,957,0
957,L,1770234900,1770235080,4895.55,,0
958,H,1770235020,1770235200,4909.51,,0
959,L,1770235260,1770235440,4873.06,,0
960,H,1770235680,1770235860,4921.04,,0
961,L,1770235920,1770236100,4906.57,,0
962,H,1770236160,1770236340,4918.91,,0
963,L,1770236460,1770236640,4896.16,,0
964,H,1770236880,1770237060,4935.24,,0
965,L,1770237000,1770237180,4919.82,966,0
966,L,1770237540,1770237720,4903.89,,0
967,H,1770237780,1770237960,4923.16,,0
968,L,1770237960,1770238140,4910.74,,0
969,H,1770238140,1770238320,4921.36,,0
970,L,1770238260,1770238440,4911.34,,0
971,H,1770238680,1770238860,4932.34,972,0
972,H,1770238980,1770239160,4933.43,,0
973,L,1770239100,1770239280,4914.62,,0
974,H,1770239700,1770239880,4950.41,,0
975,L,1770240120,1770240300,4920.75,,0
976,H,1770240480,1770240660,4939.88,,0
977,L,1770240660,1770240840,4928.57,,0
978,H,1770241320,1770241500,4945.05,979,0
979,H,1770241620,1770241800,4950.64,,0
980,L,1770241680,1770241860,4932.32,,0
981,H,1770241980,1770242160,4957.75,,0
982,L,1770242100,1770242280,4931.48,,0
983,L,1770242400,1770242580,4936.19,982,0
984,H,1770242580,1770242760,4945.73,,0
985,L,1770242760,1770242940,4933.24,,0
986,H,1770243000,1770243180,4941.30,,0
987,L,1770243060,1770243240,4922.84,,0
988,H,1770243300,1770243480,4936.77,,0
989,L,1770243600,1770243780,4919.33,,0
990,H,1770243780,1770243960,4932.90,,0
991,L,1770244200,1770244380,4915.37,,0
992,H,1770244860,1770245040,4951.19,,0
993,L,1770245280,1770245460,4937.68,,0
994,L,1770245640,1770245820,4942.35,993,0
995,H,1770245700,1770245880,4951.25,,0
996,L,1770245940,1770246120,4934.24,,0
997,H,1770246120,1770246300,4946.58,998,0
998,H,1770246360,1770246540,4950.39,,0
999,L,1770246540,1770246720,4943.81,,0
1000,H,1770246900,1770247080,4958.38,,0
1001,L,1770247260,1770247440,4949.45,,0
1002,H,1770247740,1770247920,4959.41,,0
1003,L,1770247920,1770248100,4952.60,,0
1004,H,1770248280,1770248460,4970.17,,0
1005,L,1770248760,1770248940,4958.76,,0
1006,H,1770249180,1770249360,4970.92,,0
1007,L,1770249300,1770253200,4961.41,,0
1008,H,1770253500,1770253680,4999.11,1009,0
1009,H,1770254220,1770254400,5016.07,,0
1010,L,1770254460,1770254640,5000.59,,0
1011,L,1770254820,1770255000,5009.20,1010,0
1012,H,1770254940,1770255120,5021.05,,0
1013,L,1770255060,1770255240,5009.50,,0
1014,H,1770255360,1770255540,5022.02,1015,0
1015,H,1770255900,1770256080,5023.77,,0
1016,L,1770256080,1770256260,5015.04,,0
1017,H,1770256500,1770256680,5021.60,,0
1018,L,1770256920,1770257100,5004.62,,0
1019,H,1770257220,1770257400,5018.09,,0
1020,L,1770257340,1770257520,5001.80,,0
1021,H,1770257520,1770257700,5015.01,,0
1022,L,1770257640,1770257820,4997.19,,0
1023,H,1770258000,1770258180,5018.37,,0
1024,L,1770258240,1770258420,5006.52,,0
1025,H,1770258420,1770258600,5019.36,,0
1026,L,1770258900,1770259080,5009.56,,0
1027,H,1770259140,1770259320,5017.87,,0
1028,L,1770259380,1770259560,5014.19,,0
1029,H,1770259560,1770259740,5020.49,,0
1030,H,1770260040,1770260220,5017.50,1029,0
1031,H,1770260400,1770260580,5012.04,1029,0
1032,L,1770260520,1770260700,4990.92,,0
1033,L,1770260760,1770260940,4991.28,1032,0
1034,H,1770260820,1770261000,5005.78,,0
1035,L,1770261660,1770261840,4940.05,,0
1036,H,1770261780,1770261960,4960.68,,0
1037,L,1770261960,1770262140,4936.05,,0
1038,H,1770262680,1770262860,4984.94,,0
1039,L,1770262860,1770263040,4965.95,,0
1040,H,1770262980,1770263160,4983.41,,0
1041,L,1770263220,1770263400,4968.57,,0
1042,H,1770263580,1770263760,4986.50,,0
1043,L,1770264420,1770264600,4932.07,,0
1044,H,1770264660,1770264840,4945.24,,0
1045,L,1770264900,1770265080,4895.30,,0
1046,L,1770265680,1770265860,4926.56,1045,0
1047,H,1770265740,1770265920,4942.18,,0
1048,L,1770266040,1770266220,4911.66,1049,0
1049,L,1770267120,1770267300,4805.34,,0
1050,H,1770267360,1770267540,4854.16,,0
1051,L,1770267600,1770267780,4789.84,,0
1052,L,1770268080,1770268260,4827.60,1051,0
1053,H,1770268380,1770268560,4858.21,,0
1054,L,1770268560,1770268740,4833.31,,0
1055,H,1770268860,1770269040,4887.85,,0
1056,H,1770269160,1770269340,4883.10,1055,0
1057,L,1770269460,1770269640,4847.82,,0
1058,H,1770269580,1770269760,4870.29,,0
1059,L,1770269760,1770269940,4839.55,,0
1060,H,1770270120,1770270300,4879.43,,0
1061,L,1770270300,1770270480,4859.93,,0
1062,H,1770270480,1770270660,4874.92,,0
1063,L,1770270600,1770270780,4852.76,,0
1064,H,1770270960,1770271140,4885.89,,0
1065,H,1770271200,1770271380,4885.30,1064,0
1066,L,1770271860,1770272040,4863.49,,0
1067,H,1770272580,1770272760,4891.16,,0
1068,L,1770272820,1770273000,4876.38,,0
1069,H,1770272940,1770273120,4888.01,,0
1070,H,1770273300,1770273480,4887.21,1069,0
1071,L,1770273600,1770273780,4869.99,,0
1072,H,1770273900,1770274080,4887.96,,0
1073,L,1770274200,1770274380,4877.75,,0
1074,H,1770274440,1770274620,4887.40,,0
1075,L,1770274800,1770274980,4862.87,,1
1076,H,1770274800,1770274980,4876.04,,1
1077,L,1770275340,1770275520,4855.08,,0
1078,H,1770275460,1770275640,4866.52,,0
1079,L,1770275640,1770275820,4848.93,,0
1080,H,1770275820,1770276000,4859.55,,0
1081,L,1770276120,1770276300,4840.30,,0
1082,H,1770276540,1770276720,4870.18,,0
1083,L,1770276720,1770276900,4826.79,,0
1084,H,1770277500,1770277680,4905.61,1085,0
1085,H,1770278100,1770278280,4906.48,,0
1086,L,1770278220,1770278400,4886.22,,0
1087,H,1770278400,1770278580,4896.82,,0
1088,L,1770278520,1770278700,4878.29,,0
1089,H,1770278940,1770279120,4917.08,1090,0
1090,H,1770279180,1770279360,4920.60,,0
1091,L,1770279300,1770279480,4901.46,,0
1092,H,1770279540,1770279720,4923.54,,0
1093,L,1770279900,1770280080,4910.97,,0
1094,H,1770280080,1770280260,4930.24,,0
1095,L,1770280260,1770280440,4918.80,,0
1096,H,1770280440,1770280620,4927.12,,0
1097,L,1770280560,1770280740,4909.65,,0
1098,H,1770281160,1770281340,4933.96,,0
1099,L,1770281700,1770281880,4898.72,,0
1100,H,1770282180,1770282360,4929.50,,0
1101,L,1770282420,1770282600,4922.48,,0
1102,H,1770282720,1770282900,4931.20,,0
1103,L,1770282900,1770283080,4917.95,,0
1104,H,1770283020,1770283200,4927.34,,0
1105,L,1770283320,1770283500,4911.30,,0
1106,H,1770283560,1770283740,4940.69,,0
1107,H,1770284220,1770284400,4920.99,1106,0
1108,L,1770284520,1770284700,4895.94,,0
1109,L,1770285000,1770285180,4908.29,1108,0
1110,H,1770285180,1770285360,4920.10,,0
1111,L,1770285300,1770285480,4913.51,,0
1112,L,1770285540,1770285720,4914.09,1111,0
1113,H,1770285840,1770286020,4928.75,,0
1114,L,1770286080,1770286260,4912.81,,0
1115,H,1770286500,1770286680,4943.47,,0
1116,L,1770286800,1770286980,4931.56,,0
1117,H,1770286920,1770287100,4941.31,,0
1118,L,1770287400,1770287580,4917.35,,0
1119,H,1770287640,1770287820,4929.75,,1
1120,L,1770287640,1770287820,4918.50,1121,1
1121,L,1770287940,1770288120,4917.84,,0
1122,H,1770288060,1770288240,4924.65,,0
1123,L,1770288600,1770288780,4908.11,,0
1124,H,1770288780,1770288960,4917.69,,0
1125,L,1770288840,1770289020,4901.24,,0
1126,H,1770289080,1770289260,4918.39,,0
1127,L,1770290100,1770290280,4862.69,1128,0
1128,L,1770290460,1770290640,4853.89,,0
1129,H,1770290760,1770290940,4886.02,,0
1130,L,1770290940,1770291120,4870.73,,0
1131,H,1770291060,1770291240,4885.36,,0
1132,L,1770291420,1770291600,4876.67,,0
1133,H,1770291540,1770291720,4890.28,,0
1134,L,1770291660,1770291840,4878.61,,0
1135,H,1770291960,1770292140,4894.26,,0
1136,L,1770292560,1770292740,4849.71,,0
1137,H,1770292800,1770292980,4867.17,,0
1138,H,1770293100,1770293280,4862.32,1137,0
1139,L,1770293160,1770293340,4852.01,,0
1140,H,1770293700,1770293880,4877.93,,0
1141,L,1770294180,1770294360,4855.51,1142,0
1142,L,1770294480,1770294660,4848.19,,0
1143,H,1770294600,1770294780,4861.88,1144,0
1144,H,1770294960,1770295140,4873.42,,0
1145,L,1770295140,1770295320,4861.03,,0
1146,L,1770295440,1770295620,4872.01,1145,0
1147,H,1770295620,1770295800,4886.62,,0
1148,L,1770296160,1770296340,4868.18,,0
1149,H,1770296520,1770296700,4886.34,,0
1150,L,1770296700,1770296880,4878.33,,0
1151,H,1770297000,1770297180,4886.94,,0
1152,L,1770297120,1770297300,4880.63,,0
1153,H,1770297300,1770297480,4890.18,,0
1154,L,1770297540,1770297720,4879.21,,0
1155,H,1770297780,1770297960,4894.42,,0
1156,L,1770297960,1770298140,4887.64,,0
1157,H,1770298080,1770298260,4893.31,,0
1158,L,1770298260,1770298440,4881.45,,0
1159,H,1770298440,1770298620,4888.79,,0
1160,L,1770299040,1770299220,4870.07,,0
1161,H,1770299160,1770299340,4885.99,,0
1162,L,1770299520,1770299700,4864.46,,0
1163,H,1770299700,1770299880,4873.23,1164,0
1164,H,1770300180,1770300360,4878.12,,0
1165,L,1770300780,1770300960,4834.22,,0
1166,H,1770300960,1770301140,4845.54,,0
1167,L,1770301260,1770301440,4818.35,1168,0
1168,L,1770301500,1770301680,4810.68,,0
1169,H,1770301860,1770302040,4859.98,1170,0
1170,H,1770302100,1770302280,4870.59,,0
1171,L,1770302160,1770302340,4845.85,1172,0
1172,L,1770302640,1770302820,4844.22,,0
1173,H,1770302820,1770303000,4868.08,,0
1174,H,1770303480,1770303660,4861.53,1173,0
1175,L,1770303960,1770304140,4802.06,,0
1176,H,1770304260,1770304440,4840.38,,0
1177,L,1770304440,1770304620,4820.00,,0
1178,L,1770304740,1770304920,4834.37,1177,0
1179,H,1770305220,1770305400,4865.31,,0
1180,L,1770305400,1770305580,4841.75,,0
1181,H,1770305520,1770305700,4867.75,,0
1182,H,1770305760,1770305940,4864.82,1181,0
1183,L,1770306300,1770306480,4820.72,,0
1184,L,1770306540,1770306720,4825.61,1183,0
1185,H,1770306840,1770307020,4846.63,,0
1186,L,1770307260,1770307440,4816.22,,0
1187,H,1770307620,1770307800,4849.88,,0
1188,L,1770308040,1770308220,4811.78,1189,0
1189,L,1770308340,1770308520,4810.32,,0
1190,H,1770308880,1770309060,4838.11,,0
1191,L,1770309180,1770309360,4805.99,,0
1192,H,1770309600,1770309780,4865.43,1193,0
1193,H,1770309960,1770310140,4866.75,,0
1194,L,1770310140,1770310320,4840.69,,0
1195,H,1770310260,1770310440,4869.90,,0
1196,H,1770310800,1770310980,4864.17,1195,0
1197,L,1770311160,1770311340,4822.13,,0
1198,H,1770311340,1770311520,4858.02,,0
1199,L,1770311700,1770311880,4823.56,,0
1200,H,1770311880,1770312060,4845.64,,0
1201,L,1770312120,1770312300,4826.01,,0
1202,H,1770312300,1770312480,4841.28,,0
1203,L,1770312480,1770312660,4813.61,1204,0
1204,L,1770312840,1770313020,4810.39,,0
1205,H,1770313140,1770313320,4838.26,,0
1206,L,1770313680,1770313860,4800.48,,0
1207,H,1770313920,1770314100,4825.19,,0
1208,L,1770314220,1770314400,4807.72,,0
1209,H,1770314520,1770314700,4830.17,,0
1210,L,1770314700,1770314880,4815.73,,0
1211,H,1770315000,1770315180,4840.54,,0
1212,L,1770315300,1770315480,4818.60,,0
1213,H,1770316080,1770316260,4856.73,,0
1214,L,1770316320,1770316500,4847.17,,1
1215,H,1770316320,1770316500,4856.98,,1
1216,L,1770316620,1770316800,4844.96,,0
1217,H,1770316680,1770316860,4864.25,1218,0
1218,H,1770317100,1770317280,4882.59,,0
1219,L,1770317220,1770317400,4864.64,,0
1220,H,1770317640,1770317820,4906.79,,0
1221,H,1770317940,1770318120,4899.99,1220,0
1222,L,1770318240,1770318420,4870.03,,0
1223,H,1770318600,1770318780,4883.04,,0
1224,L,1770318720,1770318900,4866.05,,0
1225,H,1770319080,1770319260,4880.33,,0
1226,H,1770319320,1770319500,4878.56,1225,0
1227,L,1770319380,1770319560,4859.21,,0
1228,H,1770319560,1770319740,4875.16,,0
1229,L,1770319980,1770320160,4859.41,,0
1230,H,1770320460,1770320640,4878.28,,0
1231,L,1770320580,1770320760,4859.99,,0
1232,H,1770320820,1770321000,4884.81,,0
1233,L,1770320940,1770321120,4871.96,,0
1234,H,1770321180,1770321360,4883.13,,0
1235,L,1770321660,1770321840,4863.63,,0
1236,H,1770321840,1770322020,4875.17,,0
1237,L,1770322260,1770322440,4855.09,1238,0
1238,L,1770322620,1770322800,4851.50,,0
1239,L,1770322860,1770323040,4851.72,1238,0
1240,H,1770323220,1770323400,4875.18,,0
1241,L,1770323400,1770323580,4858.37,,0
1242,H,1770323640,1770323820,4872.10,,0
1243,L,1770324000,1770324180,4854.27,,0
1244,H,1770324300,1770324480,4873.16,,0
1245,L,1770325080,1770325260,4851.28,,0
1246,H,1770325320,1770325500,4862.19,,0
1247,L,1770325500,1770325680,4843.62,,0
1248,H,1770325620,1770325800,4865.18,,0
1249,L,1770326160,1770326340,4846.75,,0
1250,H,1770326460,1770326640,4854.86,,0
1251,L,1770326520,1770326700,4847.62,,0
1252,H,1770326760,1770326940,4859.67,,0
1253,H,1770327120,1770327300,4853.80,1252,0
1254,L,1770327240,1770327420,4829.17,,0
1255,H,1770327540,1770327720,4841.29,,0
1256,L,1770327720,1770327900,4828.40,,0
1257,H,1770327780,1770327960,4841.66,1258,0
1258,H,1770328140,1770328320,4843.77,,0
1259,L,1770328380,1770328560,4823.66,,0
1260,H,1770328620,1770328800,4833.99,,0
1261,L,1770328800,1770328980,4813.71,,0
1262,L,1770329100,1770329280,4815.65,1261,0
1263,H,1770329400,1770329580,4843.25,,0
1264,L,1770329580,1770329760,4827.74,1265,0
1265,L,1770330180,1770330360,4810.75,,0
1266,H,1770330660,1770330840,4831.90,,0
1267,L,1770330780,1770330960,4816.12,,0
1268,H,1770331260,1770331440,4816.55,,0
1269,L,1770331440,1770331620,4806.94,,0
1270,H,1770331500,1770331680,4816.70,,0
1271,H,1770331920,1770332100,4807.46,1270,0
1272,L,1770332100,1770332280,4792.78,,0
1273,H,1770332640,1770332820,4826.05,,0
1274,L,1770333120,1770333300,4804.68,,0
1275,H,1770333300,1770333480,4813.49,,0
1276,L,1770333420,1770333600,4797.13,,0
1277,H,1770333660,1770333840,4808.76,,0
1278,L,1770334020,1770334200,4795.42,,0
1279,H,1770334080,1770334260,4808.06,,0
1280,L,1770334440,1770334620,4762.43,1281,0
1281,L,1770334800,1770334980,4759.74,,0
1282,H,1770334920,1770335100,4777.29,,0
1283,L,1770335100,1770335280,4762.44,1284,0
1284,L,1770335520,1770335700,4760.07,,0
1285,H,1770339600,1770339780,4793.99,,0
1286,L,1770339660,1770339840,4759.44,,0
1287,H,1770339900,1770340080,4778.06,1288,0
1288,H,1770340200,1770340380,4781.71,,0
1289,H,1770341340,1770341520,4757.42,1288,0
1290,H,1770341580,1770341760,4757.10,1288,0
1291,L,1770341880,1770342060,4733.13,,0
1292,H,1770342120,1770342300,4755.43,,0
1293,H,1770342900,1770343080,4721.61,1292,0
1294,L,1770343620,1770343800,4684.82,,0
1295,H,1770343860,1770344040,4705.83,,0
1296,L,1770344220,1770344400,4655.06,,0
1297,H,1770345000,1770345180,4731.16,,0
1298,L,1770345120,1770345300,4708.01,,0
1299,L,1770345540,1770345720,4730.21,1298,0
1300,H,1770345840,1770346020,4760.42,,0
1301,L,1770346080,1770346260,4740.31,,0
1302,H,1770346260,1770346440,4760.30,,0
1303,L,1770346440,1770346620,4739.40,,0
1304,H,1770346680,1770346860,4764.49,,0
1305,L,1770346920,1770347100,4693.74,,0
1306,H,1770347280,1770347460,4759.57,,0
1307,L,1770347340,1770347520,4730.68,,0
1308,H,1770347760,1770347940,4762.74,,0
1309,L,1770347940,1770348120,4709.10,1310,0
1310,L,1770348240,1770348420,4704.84,,0
1311,H,1770348420,1770348600,4730.18,,0
1312,L,1770348600,1770348780,4705.49,,0
1313,H,1770348960,1770349140,4747.04,,0
1314,L,1770349380,1770349560,4727.51,,0
1315,H,1770350160,1770350340,4784.69,,0
1316,L,1770350280,1770350460,4765.11,,0
1317,H,1770350460,1770350640,4780.41,,0
1318,L,1770350640,1770350820,4761.28,,0
1319,H,1770351120,1770351300,4796.59,,0
1320,L,1770351360,1770351540,4782.81,,0
1321,H,1770351600,1770351780,4799.93,,0
1322,L,1770351840,1770352020,4789.41,,0
1323,H,1770352440,1770352620,4837.76,1324,0
1324,H,1770352680,1770352860,4842.70,1325,0
1325,H,1770352920,1770353100,4846.45,,0
1326,L,1770352980,1770353160,4819.38,1327,0
1327,L,1770353520,1770353700,4809.60,,0
1328,H,1770353820,1770354000,4828.61,,0
1329,L,1770354060,1770354240,4809.01,,0
1330,H,1770354360,1770354540,4839.38,,0
1331,L,1770354840,1770355020,4813.97,,0
1332,H,1770355140,1770355320,4827.79,,0
1333,L,1770355440,1770355620,4801.78,,0
1334,H,1770356040,1770356220,4825.11,,0
1335,L,1770356520,1770356700,4801.15,,0
1336,H,1770357000,1770357180,4826.72,,0
1337,H,1770357360,1770357540,4826.13,1336,0
1338,L,1770357420,1770357600,4821.05,,0
1339,H,1770357660,1770357840,4827.85,,0
1340,L,1770357720,1770357900,4815.20,,0
1341,H,1770358080,1770358260,4826.37,,0
1342,L,1770358200,1770358380,4818.98,,0
1343,H,1770358320,1770358500,4826.84,,0
1344,L,1770358440,1770358620,4818.86,,0
1345,H,1770358620,1770358800,4825.98,,0
1346,L,1770358980,1770359160,4807.20,,0
1347,H,1770359460,1770359640,4831.81,,0
1348,L,1770359820,1770360000,4820.20,,0
1349,H,1770360000,1770360180,4826.40,,0
1350,L,1770360060,1770360240,4820.21,1351,0
1351,L,1770360300,1770360480,4817.12,,0
1352,H,1770360720,1770360900,4824.40,,0
1353,L,1770360900,1770361080,4810.78,1354,0
1354,L,1770361260,1770361440,4807.78,,0
1355,H,1770361380,1770361560,4823.85,1356,0
1356,H,1770361920,1770362100,4825.82,,0
1357,L,1770362160,1770362340,4819.33,,0
1358,H,1770362700,1770362880,4848.75,1359,0
1359,H,1770362940,1770363120,4852.35,,0
1360,L,1770363120,1770363300,4837.25,,0
1361,L,1770363480,1770363660,4849.52,1360,0
1362,H,1770363660,1770363840,4871.36,1363,0
1363,H,1770364800,1770364980,4903.10,,0
1364,L,1770366000,1770366180,4857.29,,0
1365,H,1770366180,1770366360,4868.70,,0
1366,L,1770366420,1770366600,4848.65,,0
1367,H,1770366660,1770366840,4866.71,,0
1368,L,1770367140,1770367320,4836.73,1369,0
1369,L,1770368160,1770368340,4825.78,,0
1370,H,1770368520,1770368700,4854.44,,0
1371,L,1770368880,1770369060,4839.62,,0
1372,H,1770369060,1770369240,4854.59,,0
1373,L,1770369180,1770369360,4844.44,1374,0
1374,L,1770369540,1770369720,4843.09,,0
1375,H,1770369960,1770370140,4861.78,,0
1376,L,1770370440,1770370620,4847.72,,0
1377,H,1770370740,1770370920,4856.99,,0
1378,L,1770370920,1770371100,4850.89,,0
1379,H,1770370980,1770371160,4859.58,,0
1380,L,1770371220,1770371400,4847.99,,0
1381,L,1770371640,1770371820,4848.13,1380,0
1382,H,1770371700,1770371880,4854.29,,0
1383,L,1770372180,1770372360,4829.70,,0
1384,H,1770372960,1770373140,4859.87,,0
1385,L,1770373080,1770373260,4848.20,,0
1386,H,1770373200,1770373380,4866.07,,0
1387,L,1770373740,1770373920,4865.89,,0
1388,H,1770374100,1770374280,4882.26,,0
1389,L,1770374760,1770374940,4852.80,,0
1390,H,1770375120,1770375300,4864.67,,0
1391,L,1770375420,1770375600,4854.79,,0
1392,H,1770375600,1770375780,4871.63,,0
1393,L,1770375780,1770375960,4843.36,1394,0
1394,L,1770376020,1770376200,4840.16,,0
1395,H,1770376380,1770376560,4852.43,,0
1396,L,1770376500,1770376680,4839.08,,0
1397,H,1770376620,1770376800,4852.49,,0
1398,L,1770376740,1770376920,4846.38,,0
1399,H,1770377040,1770377220,4867.01,,0
1400,H,1770377400,1770377580,4866.38,1399,0
1401,L,1770377520,1770377700,4861.43,,0
1402,H,1770377700,1770377880,4872.55,,0
1403,L,1770378300,1770378480,4856.32,,0
1404,H,1770378600,1770378780,4870.68,,0
1405,L,1770378900,1770379080,4860.06,,0
1406,H,1770379320,1770379500,4876.35,1407,0
1407,H,1770379800,1770379980,4877.83,,0
1408,H,1770380280,1770380460,4876.29,1407,0
1409,L,1770380640,1770380820,4853.56,1410,0
1410,L,1770380880,1770381060,4851.77,,0
1411,H,1770381300,1770381480,4870.73,,0
1412,L,1770381420,1770381600,4866.03,,0
1413,H,1770381840,1770382020,4878.11,,0
1414,L,1770382080,1770382260,4867.34,,0
1415,H,1770382440,1770382620,4880.00,,0
1416,L,1770382680,1770382860,4872.19,,0
1417,H,1770382860,1770383040,4887.79,,0
1418,L,1770383100,1770383280,4863.94,,0
1419,L,1770383820,1770384000,4878.77,1418,0
1420,H,1770383880,1770384060,4887.26,,0
1421,L,1770384060,1770384240,4880.20,,0
1422,H,1770384360,1770384540,4893.97,,0
1423,L,1770384900,1770385080,4880.33,,0
1424,H,1770385320,1770385500,4893.70,,0
1425,L,1770385800,1770385980,4882.97,,0
1426,H,1770386160,1770386340,4895.76,,0
1427,L,1770386400,1770386580,4883.66,,0
1428,H,1770386940,1770387120,4903.52,,0
1429,L,1770387060,1770387240,4891.04,,0
1430,H,1770387180,1770387360,4899.64,,0
1431,L,1770387720,1770387900,4876.72,1432,0
1432,L,1770388140,1770388320,4871.86,,0
1433,H,1770388380,1770388560,4885.90,,0
1434,L,1770388620,1770388800,4881.96,,0
1435,H,1770388740,1770388920,4893.29,,0
1436,L,1770389460,1770389640,4896.63,,1
1437,H,1770389460,1770389640,4903.11,,1
1438,H,1770389700,1770389880,4901.56,1437,0
1439,L,1770389880,1770390060,4896.61,,0
1440,H,1770390300,1770390480,4926.90,,0
1441,L,1770390600,1770390780,4906.02,,0
1442,L,1770391020,1770391200,4907.13,1441,0
1443,H,1770391500,1770391680,4928.43,,0
1444,L,1770391560,1770391740,4905.13,,0
1445,H,1770391920,1770392100,4928.53,1446,0
1446,H,1770392520,1770392700,4938.44,,0
1447,H,1770392880,1770393060,4934.61,1446,0
1448,L,1770393420,1770393600,4922.09,,0
1449,H,1770393600,1770393780,4932.83,,0
1450,L,1770393720,1770393900,4921.88,,0
1451,H,1770393900,1770394080,4931.69,,0
1452,L,1770394260,1770394440,4909.91,,0
1453,H,1770394560,1770394740,4926.43,,0
1454,L,1770395100,1770395280,4894.64,,0
1455,L,1770395400,1770395580,4897.86,1454,0
1456,H,1770395880,1770396060,4947.19,,0
1457,L,1770396180,1770396360,4923.33,,0
1458,H,1770396780,1770396960,4944.47,,0
1459,L,1770396900,1770397080,4935.04,,0
1460,H,1770397200,1770397380,4959.62,,0
1461,L,1770397320,1770397500,4939.21,,0
1462,H,1770397560,1770397740,4964.86,,0
1463,H,1770397800,1770397980,4960.63,1462,0
1464,L,1770398400,1770398580,4936.12,,0
1465,H,1770398820,1770399000,4960.08,1466,0
1466,H,1770399240,1770399420,4960.65,,0
1467,L,1770399540,1770399720,4940.37,,0
1468,H,1770399660,1770399840,4952.76,,0
1469,L,1770399900,1770400080,4928.63,,0
1470,L,1770400200,1770400380,4939.23,1469,0
1471,H,1770400380,1770400560,4950.80,,0
1472,L,1770400500,1770400680,4936.08,,0
1473,L,1770400800,1770400980,4937.20,1472,0
1474,H,1770400980,1770401160,4950.41,,0
1475,L,1770401340,1770401520,4942.69,,0
1476,H,1770401520,1770401700,4950.03,,0
1477,L,1770401760,1770401940,4931.09,,0
1478,H,1770401940,1770402120,4945.88,,0
1479,L,1770402360,1770402540,4921.66,,0
1480,H,1770402600,1770402780,4940.75,,0
1481,L,1770403020,1770403200,4929.89,,0
1482,H,1770403200,1770403380,4948.22,,0
1483,L,1770403440,1770403620,4933.80,,0
1484,H,1770403680,1770403860,4947.96,1485,0
1485,H,1770403920,1770404100,4948.04,,0
1486,L,1770404100,1770404280,4942.36,,0
1487,H,1770404700,1770404880,4959.04,,0
1488,L,1770404820,1770405000,4952.30,,0
1489,H,1770405180,1770405360,4960.86,,0
1490,L,1770405420,1770405600,4952.71,,0
1491,L,1770405660,1770405840,4955.28,1490,0
1492,H,1770405840,1770406020,4959.49,,0
1493,L,1770406140,1770406320,4953.39,,0
1494,H,1770406200,1770406380,4968.49,,0
1495,L,1770406620,1770406800,4948.36,,0
1496,H,1770407520,1770407700,4961.67,,0
1497,L,1770407700,1770407880,4954.43,,0
1498,H,1770408000,1770408180,4964.21,,0
1499,L,1770408060,1770408240,4958.91,,0
1500,H,1770408300,1770408480,4967.91,,0
1501,L,1770408540,1770408720,4962.24,,0
1502,H,1770408720,1770408900,4971.43,,0
1503,L,1770409440,1770409620,4943.91,,0
1504,H,1770410280,1770410460,4965.64,,0
1505,L,1770410700,1770410880,4962.49,,0
1506,L,1770410940,1770411120,4964.16,1505,0
1507,H,1770411000,1770411180,4968.36,,0
1508,L,1770411180,1770411360,4963.58,,0
1509,H,1770411360,1770411540,4966.36,,0
1510,L,1770411540,1770411720,4960.74,1511,0
1511,L,1770411960,1770412140,4956.63,1512,0
1512,L,1770412260,1770412440,4953.84,,0
1513,H,1770412680,1770412860,4962.10,,1
1514,L,1770412680,1770412860,4957.13,,1
1515,H,1770413220,1770413400,4961.08,,0
1516,L,1770413520,1770413700,4954.18,,0
1517,H,1770413580,1770413760,4958.71,,0
1518,L,1770413880,1770414060,4948.75,,0
1519,H,1770414600,1770414780,4962.72,,0
1520,H,1770414840,1770415020,4962.07,1519,0
1521,L,1770415320,1770415500,4951.25,,0
1522,H,1770415560,1770415740,4959.03,,0
1523,H,1770416040,1770416220,4953.51,1522,0
1524,L,1770416220,1770416400,4946.64,,0
1525,H,1770416400,1770416580,4957.07,,0
1526,L,1770416580,1770416760,4950.59,,0
1527,H,1770416760,1770416940,4956.32,,0
1528,L,1770417360,1770417540,4936.71,,0
1529,H,1770417720,1770417900,4950.70,,0
1530,L,1770418140,1770418320,4940.30,,0
1531,H,1770418380,1770418560,4953.41,,0
1532,L,1770418500,1770418680,4947.63,,0
1533,H,1770418800,1770418980,4954.67,,1
1534,L,1770418800,1770418980,4949.07,,1
1535,H,1770419220,1770419400,4958.39,,0
1536,L,1770419520,1770419700,4946.48,,0
1537,L,1770419940,1770420120,4947.60,1536,0
1538,L,1770420240,1770420420,4948.09,1536,0
1539,H,1770420660,1770420840,4957.53,,0
1540,L,1770420900,1770421080,4954.49,,0
1541,H,1770421140,1770421320,4964.25,,0
1542,L,1770421260,1770421440,4959.15,1543,0
1543,L,1770421560,1770421740,4957.94,,0
1544,H,1770598860,1770599040,4992.26,,0
1545,H,1770599100,1770599280,4990.47,1544,0
1546,L,1770599280,1770599460,4965.08,,0
1547,H,1770599520,1770599700,4984.72,,0
1548,L,1770599640,1770599820,4967.60,,0
1549,H,1770600780,1770600960,5043.96,,0
1550,L,1770600900,1770601080,5023.40,,0
1551,H,1770601260,1770601440,5043.06,,0
1552,L,1770601440,1770601620,5031.70,,0
1553,H,1770601500,1770601680,5043.77,1554,0
1554,H,1770601740,1770601920,5046.64,1555,0
1555,H,1770602220,1770602400,5046.69,,0
1556,L,1770602400,1770602580,5028.33,1557,0
1557,L,1770602700,1770602880,5025.48,,0
1558,H,1770602940,1770603120,5044.95,,0
1559,L,1770603300,1770603480,5023.04,,0
1560,H,1770603540,1770603720,5041.24,,0
1561,L,1770604080,1770604260,5025.97,,0
1562,H,1770604200,1770604380,5036.34,,0
1563,H,1770604440,1770604620,5036.23,1562,0
1564,L,1770604920,1770605100,5016.69,,0
1565,H,1770605040,1770605220,5028.04,,0
1566,L,1770605340,1770605520,5012.06,,0
1567,H,1770605760,1770605940,5026.59,,0
1568,L,1770606000,1770606180,5016.96,,0
1569,H,1770606180,1770606360,5042.01,,0
1570,L,1770606420,1770606600,5006.50,,0
1571,H,1770607140,1770607320,5032.06,,0
1572,H,1770607860,1770608040,5022.30,1571,0
1573,L,1770608280,1770608460,4976.27,,0
1574,H,1770608700,1770608880,5012.04,,0
1575,L,1770608820,1770609000,4992.95,,0
1576,H,1770609180,1770609360,5000.55,,0
1577,L,1770609780,1770609960,4969.20,,0
1578,H,1770610440,1770610620,5000.40,,0
1579,L,1770610740,1770610920,4989.33,,0
1580,H,1770610860,1770611040,4999.60,,0
1581,L,1770611400,1770611580,4992.96,,0
1582,H,1770611640,1770611820,5006.38,,0
1583,L,1770612120,1770612300,4989.87,,0
1584,H,1770612240,1770612420,4998.82,,0
1585,L,1770612420,1770612600,4986.30,,0
1586,H,1770612960,1770613140,5017.46,,0
1587,L,1770613080,1770613260,5004.58,,0
1588,H,1770613500,1770613680,5020.34,1589,0
1589,H,1770613860,1770614040,5021.53,,0
1590,L,1770614100,1770614280,5012.19,,0
1591,L,1770614460,1770614640,5012.21,1590,0
1592,L,1770614880,1770615060,5021.85,1590,0
1593,H,1770615060,1770615240,5031.37,,0
1594,L,1770615420,1770615600,5018.84,,0
1595,H,1770615900,1770616080,5027.82,,0
1596,L,1770616020,1770616200,5015.98,1597,0
1597,L,1770616620,1770616800,5012.39,,0
1598,H,1770617280,1770617460,5023.94,,0
1599,L,1770617700,1770617880,5008.88,,0
1600,H,1770617760,1770617940,5024.81,,0
1601,L,1770618000,1770618180,5019.00,,0
1602,H,1770618180,1770618360,5023.71,,0
1603,L,1770618540,1770618720,5013.75,,0
1604,L,1770618780,1770618960,5015.03,1603,0
1605,H,1770619140,1770619320,5023.20,,0
1606,H,1770619740,1770619920,5017.10,1605,0
1607,L,1770619860,1770620040,5009.27,,0
1608,H,1770619980,1770620160,5016.78,,0
1609,L,1770620220,1770620400,5007.60,,0
1610,H,1770620340,1770620520,5013.86,,0
1611,L,1770620820,1770621000,5013.21,,0
1612,H,1770621060,1770621240,5020.01,,0
1613,L,1770621180,1770621360,5013.86,,0
1614,H,1770622200,1770622380,5033.00,,0
1615,L,1770622380,1770622560,5025.79,,0
1616,H,1770622920,1770623100,5041.49,,0
1617,L,1770623340,1770623520,5023.73,,0
1618,H,1770623700,1770623880,5038.20,,0
1619,L,1770623880,1770624060,5033.42,,0
1620,H,1770624240,1770624420,5045.56,,0
1621,H,1770624960,1770625140,5037.44,1620,0
1622,L,1770625320,1770625500,5013.99,,0
1623,H,1770625860,1770626040,5032.23,,0
1624,L,1770625980,1770626160,5021.10,,0
1625,H,1770626340,1770626520,5032.29,,0
1626,L,1770626460,1770626640,5025.75,,0
1627,H,1770626700,1770626880,5036.49,,0
1628,L,1770627000,1770627180,5026.72,,0
1629,H,1770627360,1770627540,5039.87,,0
1630,L,1770627600,1770627780,5022.96,,0
1631,H,1770627840,1770628020,5030.53,,0
1632,L,1770628440,1770628620,5008.68,1633,0
1633,L,1770628680,1770628860,5007.87,,0
1634,H,1770628740,1770628920,5015.07,,0
1635,L,1770628980,1770629160,4997.59,,0
1636,H,1770629520,1770629700,5015.36,,0
1637,L,1770629940,1770630120,5007.65,,0
1638,H,1770630000,1770630180,5014.79,,0
1639,L,1770630600,1770630780,5001.33,1640,0
1640,L,1770630840,1770631020,5000.97,,0
1641,H,1770631020,1770631200,5008.24,,0
1642,L,1770631200,1770631380,5002.83,,0
1643,H,1770631620,1770631800,5021.29,,0
1644,L,1770631920,1770632100,5016.67,,0
1645,H,1770632280,1770632460,5031.85,,0
1646,L,1770632400,1770632580,5023.67,,0
1647,H,1770632580,1770632760,5030.83,,0
1648,L,1770633060,1770633240,5022.03,,0
1649,H,1770633300,1770633480,5028.83,,0
1650,L,1770633360,1770633540,5022.95,,0
1651,H,1770634080,1770634260,5035.45,,1
1652,L,1770634080,1770634260,5027.73,1653,1
1653,L,1770634320,1770634500,5024.22,,0
1654,H,1770634560,1770634740,5028.33,,0
1655,L,1770634860,1770635040,5025.40,,0
1656,H,1770634980,1770635160,5040.85,,0
1657,L,1770635280,1770635460,5026.56,1658,0
1658,L,1770635700,1770635880,5021.73,,0
1659,L,1770635940,1770636120,5022.19,1658,0
1660,H,1770636060,1770636240,5027.50,,0
1661,L,1770636420,1770636600,5016.57,,0
1662,H,1770636660,1770636840,5027.37,,0
1663,H,1770637080,1770637260,5018.82,1662,0
1664,L,1770637320,1770637500,5011.97,,1
1665,H,1770637320,1770637500,5017.57,,1
1666,L,1770637620,1770637800,5008.57,,0
1667,H,1770637920,1770638100,5015.16,,0
1668,L,1770638520,1770638700,4996.75,,0
1669,H,1770638760,1770638940,5013.68,,0
1670,L,1770639000,1770639180,5007.99,,0
1671,H,1770639300,1770639480,5015.18,,0
1672,L,1770639540,1770639720,5005.91,,0
1673,H,1770639720,1770639900,5014.04,,0
1674,L,1770640200,1770640380,4982.37,,0
1675,H,1770640680,1770640860,4999.24,,0
1676,L,1770641100,1770641280,4983.30,,0
1677,H,1770641220,1770641400,4998.90,,0
1678,L,1770641400,1770641580,4992.55,,0
1679,H,1770641460,1770641640,4998.72,,0
1680,H,1770641760,1770641940,4998.72,1679,0
1681,L,1770642000,1770642180,4988.71,,0
1682,H,1770642120,1770642300,4998.92,,0
1683,L,1770642840,1770643020,4990.26,,0
1684,H,1770643860,1770644040,5007.74,,0
1685,L,1770644100,1770644280,5001.58,,0
1686,H,1770644520,1770644700,5012.92,,0
1687,L,1770644940,1770645120,5007.49,,0
1688,H,1770645240,1770645420,5017.94,,0
1689,L,1770645540,1770645720,5008.12,,0
1690,H,1770645660,1770645840,5014.97,,0
1691,L,1770645840,1770646020,5007.35,,0
1692,H,1770645900,1770646080,5016.84,1693,0
1693,H,1770646500,1770646680,5017.72,,0
1694,L,1770646680,1770646860,5010.52,,0
1695,L,1770646920,1770647100,5010.61,1694,0
1696,H,1770647040,1770647220,5016.72,1697,0
1697,H,1770647460,1770647640,5018.93,,0
1698,L,1770647580,1770647760,5009.50,,0
1699,H,1770647820,1770648000,5021.64,,0
1700,H,1770648120,1770648300,5019.44,1699,0
1701,H,1770648360,1770648540,5018.96,1699,0
1702,L,1770648600,1770648780,5010.68,1703,0
1703,L,1770648960,1770649140,5007.46,,0
1704,L,1770649200,1770649380,5007.78,1703,0
1705,H,1770649800,1770649980,5024.63,,0
1706,L,1770649920,1770650100,5014.41,,0
1707,H,1770650100,1770650280,5024.23,,0
1708,H,1770650400,1770650580,5019.53,1707,0
1709,L,1770650580,1770650760,5006.59,,0
1710,H,1770650700,1770650880,5018.82,,0
1711,L,1770650940,1770651120,5003.53,,0
1712,H,1770651060,1770651240,5014.81,,0
1713,H,1770651480,1770651660,5009.49,1712,0
1714,L,1770651780,1770651960,4995.12,,0
1715,H,1770652440,1770652620,5010.58,,0
1716,L,1770652800,1770652980,5002.35,,0
1717,H,1770653280,1770653460,5017.49,1718,0
1718,H,1770653880,1770654060,5020.10,,0
1719,L,1770654060,1770654240,5009.70,,0
1720,L,1770654600,1770654780,5014.17,1719,0
1721,H,1770654900,1770655080,5035.75,,0
1722,L,1770654960,1770655140,5026.14,1723,0
1723,L,1770655260,1770655440,5025.98,,0
1724,H,1770655500,1770655680,5039.88,,0
1725,L,1770655800,1770655980,5031.00,,0
1726,L,1770656220,1770656400,5037.00,1725,0
1727,H,1770656460,1770656640,5042.17,,0
1728,L,1770656580,1770656760,5034.51,1729,0
1729,L,1770657480,1770657660,5023.60,,0
1730,H,1770657840,1770658020,5035.81,1731,0
1731,H,1770658440,1770658620,5055.88,,0
1732,L,1770658860,1770659040,5047.24,,0
1733,H,1770659340,1770659520,5060.31,,0
1734,H,1770659700,1770659880,5059.77,1733,0
1735,L,1770659760,1770659940,5054.78,,0
1736,H,1770660240,1770660420,5068.65,,0
1737,H,1770660540,1770660720,5067.54,1736,0
1738,L,1770660660,1770660840,5062.55,,0
1739,H,1770660900,1770661080,5070.45,,0
1740,L,1770661140,1770661320,5065.79,,0
1741,H,1770661560,1770661740,5079.82,,0
1742,L,1770661620,1770661800,5070.50,,0
1743,H,1770661860,1770662040,5077.74,,0
1744,L,1770662100,1770662280,5067.03,,0
1745,H,1770662700,1770662880,5080.36,,0
1746,L,1770663060,1770663240,5073.20,,0
1747,H,1770663180,1770663360,5076.89,,0
1748,L,1770663360,1770663540,5071.21,,0
1749,H,1770663420,1770663600,5077.40,,0
1750,L,1770663840,1770664020,5064.90,,0
1751,H,1770663960,1770664140,5072.19,,0
1752,L,1770664140,1770664320,5060.89,,0
1753,L,1770664440,1770664620,5062.93,1752,0
1754,H,1770664620,1770664800,5071.29,1755,0
1755,H,1770665040,1770665220,5071.94,,0
1756,L,1770665280,1770665460,5066.90,,0
1757,H,1770665520,1770665700,5070.47,,0
1758,H,1770665760,1770665940,5070.39,1757,0
1759,H,1770666540,1770666720,5063.85,1757,0
1760,L,1770666660,1770666840,5046.64,1761,0
1761,L,1770667140,1770667320,5040.94,,0
1762,H,1770667560,1770667740,5057.62,,0
1763,L,1770667620,1770667800,5051.44,,0
1764,H,1770668100,1770668280,5059.59,,0
1765,L,1770668460,1770668640,5044.17,,0
1766,H,1770668580,1770668760,5056.40,1767,0
1767,H,1770668940,1770669120,5056.90,,0
1768,L,1770669180,1770669360,5048.54,,0
1769,H,1770669720,1770669900,5059.40,,0
1770,L,1770670020,1770670200,5051.49,,0
1771,L,1770670380,1770670560,5054.19,1770,0
1772,L,1770671160,1770671340,5064.22,1770,0
1773,H,1770671520,1770671700,5069.20,,0
1774,L,1770671700,1770671880,5064.28,,0
1775,H,1770671880,1770672060,5070.62,,0
1776,L,1770672060,1770672240,5065.85,,0
1777,H,1770672900,1770673080,5080.01,,0
1778,L,1770673260,1770673440,5072.94,,0
1779,H,1770673380,1770673560,5076.63,1780,0
1780,H,1770673620,1770673800,5076.87,,0
1781,L,1770673860,1770674040,5073.07,,0
1782,H,1770674100,1770674280,5077.88,,0
1783,L,1770674400,1770674580,5073.52,,0
1784,H,1770674580,1770674760,5078.24,,0
1785,L,1770674880,1770675060,5073.63,,0
1786,L,1770675480,1770675660,5075.79,1785,0
1787,H,1770675660,1770675840,5081.42,,0
1788,L,1770675840,1770676020,5079.70,,0
1789,H,1770676020,1770676200,5081.28,,0
1790,L,1770676200,1770676380,5079.91,,0
1791,H,1770676380,1770676560,5086.62,,0
1792,L,1770676560,1770676740,5072.30,,0
1793,H,1770676980,1770677160,5081.11,,0
1794,L,1770677160,1770677340,5073.44,,0
1795,H,1770677640,1770677820,5082.26,,0
1796,L,1770677700,1770677880,5076.85,,0
1797,H,1770678000,1770678180,5083.17,,0
1798,L,1770678360,1770678540,5066.66,1799,0
1799,L,1770678840,1770679020,5061.89,,0
1800,H,1770679080,1770679260,5066.30,,1
1801,L,1770679080,1770679260,5061.62,,1
1802,H,1770679380,1770679560,5066.30,,0
1803,L,1770679680,1770679860,5048.33,,0
1804,L,1770680100,1770680280,5053.96,1803,0
1805,H,1770680580,1770680760,5064.58,,0
1806,L,1770680820,1770681000,5060.42,,0
1807,H,1770680940,1770681120,5066.42,,0
1808,L,1770685200,1770685380,5058.07,,0
1809,H,1770685260,1770685440,5075.64,,0
1810,L,1770685920,1770686100,4987.83,,0
1811,L,1770686340,1770686520,5010.66,1810,0
1812,H,1770686520,1770686700,5028.19,,0
1813,L,1770686580,1770686760,5002.31,,0
1814,L,1770686820,1770687000,5008.07,1813,0
1815,H,1770686880,1770687060,5026.09,,0
1816,L,1770687060,1770687240,5013.61,,0
1817,H,1770687360,1770687540,5026.27,,0
1818,L,1770687480,1770687660,5015.77,,0
1819,H,1770687900,1770688080,5041.85,,0
1820,L,1770688320,1770688500,5031.98,,0
1821,H,1770688380,1770688560,5038.67,,0
1822,L,1770688620,1770688800,5030.00,,0
1823,H,1770688800,1770688980,5044.14,1824,0
1824,H,1770689040,1770689220,5048.35,,0
1825,L,1770689100,1770689280,5038.66,,0
1826,H,1770689280,1770689460,5046.04,,0
1827,L,1770689460,1770689640,5032.60,,0
1828,H,1770689760,1770689940,5038.06,,0
1829,L,1770689940,1770690120,5033.70,,0
1830,H,1770690300,1770690480,5044.62,,0
1831,L,1770690540,1770690720,5032.08,,0
1832,H,1770690600,1770690780,5040.87,,0
1833,L,1770691200,1770691380,5015.56,,0
1834,H,1770691440,1770691620,5026.10,,0
1835,L,1770691620,1770691800,5008.76,,0
1836,H,1770691920,1770692100,5022.78,,0
1837,L,1770692040,1770692220,5013.98,1838,0
1838,L,1770692400,1770692580,5012.65,,0
1839,H,1770692580,1770692760,5028.03,,0
1840,L,1770692700,1770692880,5013.81,,0
1841,L,1770693060,1770693240,5025.03,1840,0
1842,H,1770693300,1770693480,5037.72,,0
1843,L,1770693780,1770693960,5017.94,1844,0
1844,L,1770694080,1770694260,5013.84,,0
1845,H,1770694440,1770694620,5025.30,,0
1846,L,1770694620,1770694800,5017.84,,0
1847,H,1770694860,1770695040,5032.76,,0
1848,L,1770695040,1770695220,5023.29,,0
1849,H,1770695220,1770695400,5036.01,,0
1850,L,1770695400,1770695580,5027.96,,0
1851,H,1770695820,1770696000,5035.17,,1
1852,L,1770695820,1770696000,5024.65,,1
1853,H,1770696540,1770696720,5045.97,,0
1854,L,1770696900,1770697080,5041.37,,1
1855,H,1770696900,1770697080,5046.37,,1
1856,L,1770697140,1770697320,5040.18,,0
1857,H,1770697560,1770697740,5056.28,,0
1858,H,1770698640,1770698820,5052.82,1857,0
1859,L,1770699060,1770699240,5034.84,,0
1860,H,1770699420,1770699600,5049.16,,0
1861,L,1770699600,1770699780,5033.32,1862,0
1862,L,1770699900,1770700080,5028.55,1863,0
1863,L,1770700740,1770700920,5016.59,,0
1864,H,1770701100,1770701280,5028.65,,0
1865,L,1770701400,1770701580,5020.32,,0
1866,H,1770701580,1770701760,5031.83,,0
1867,L,1770702180,1770702360,5022.85,,0
1868,L,1770702420,1770702600,5023.70,1867,0
1869,H,1770702540,1770702720,5030.07,,0
1870,L,1770702720,1770702900,5024.20,,0
1871,H,1770702900,1770703080,5029.17,,0
1872,L,1770703020,1770703200,5017.09,,0
1873,H,1770703200,1770703380,5030.98,,0
1874,L,1770703500,1770703680,5017.62,,0
1875,L,1770703860,1770704040,5019.75,1874,0
1876,L,1770704100,1770704280,5022.84,1874,0
1877,H,1770704340,1770704520,5028.33,,0
1878,L,1770704580,1770704760,5023.32,,0
1879,H,1770704940,1770705120,5029.94,,0
1880,L,1770705420,1770705600,5023.14,1881,0
1881,L,1770705720,1770705900,5022.16,,0
1882,H,1770705780,1770705960,5029.73,1883,0
1883,H,1770706260,1770706440,5033.91,,0
1884,L,1770706680,1770706860,5030.39,,0
1885,H,1770706800,1770706980,5035.35,,0
1886,L,1770707160,1770707340,5027.60,,0
1887,H,1770707280,1770707460,5033.36,,0
1888,L,1770707940,1770708120,5022.26,1889,0
1889,L,1770708480,1770708660,5011.38,,0
1890,H,1770709140,1770709320,5030.28,1891,0
1891,H,1770709620,1770709800,5037.12,,0
1892,L,1770709860,1770710040,5031.23,,0
1893,H,1770709980,1770710160,5040.57,,0
1894,L,1770710400,1770710580,5036.27,,0
1895,H,1770710460,1770710640,5040.59,1896,0
1896,H,1770710820,1770711000,5045.50,,0
1897,L,1770711660,1770711840,5031.71,,0
1898,H,1770711720,1770711900,5037.05,,0
1899,L,1770711960,1770712140,5030.79,,0
1900,H,1770712020,1770712200,5037.11,,0
1901,L,1770712320,1770712500,5028.31,,0
1902,H,1770712500,1770712680,5039.07,,0
1903,L,1770713040,1770713220,5027.00,,0
1904,H,1770713220,1770713400,5036.24,,0
1905,L,1770713640,1770713820,5019.06,,0
1906,H,1770713820,1770714000,5027.97,,0
1907,L,1770714000,1770714180,5018.69,,0
1908,H,1770714720,1770714900,5034.25,,0
1909,L,1770714900,1770715080,5027.81,,0
1910,H,1770715020,1770715200,5031.96,,0
1911,L,1770715560,1770715740,5019.65,,0
1912,H,1770716160,1770716340,5034.84,,0
1913,L,1770716340,1770716520,5026.32,,0
1914,H,1770716640,1770716820,5032.41,,0
1915,L,1770716880,1770717060,5026.93,,0
1916,H,1770717180,1770717360,5036.01,,0
1917,L,1770717300,1770717480,5029.96,1918,0
1918,L,1770717600,1770717780,5028.90,,0
1919,H,1770717960,1770718140,5041.02,,0
1920,L,1770718380,1770718560,5031.45,,1
1921,H,1770718380,1770718560,5038.92,1922,1
1922,H,1770718860,1770719040,5041.16,,0
1923,L,1770719100,1770719280,5034.90,,0
1924,H,1770719280,1770719460,5040.65,,0
1925,L,1770719400,1770719580,5034.20,,0
1926,L,1770719640,1770719820,5034.41,1925,0
1927,H,1770720360,1770720540,5055.03,,0
1928,L,1770721140,1770721320,5038.69,,0
1929,H,1770721380,1770721560,5051.54,1930,0
1930,H,1770721740,1770721920,5063.28,,0
1931,L,1770722280,1770722460,5045.39,,0
1932,H,1770722640,1770722820,5055.64,1933,0
1933,H,1770722940,1770723120,5055.73,,0
1934,L,1770723300,1770723480,5045.61,,1
1935,H,1770723300,1770723480,5049.47,,1
1936,L,1770723600,1770723780,5045.35,,0
1937,H,1770723900,1770724080,5050.02,,0
1938,L,1770723960,1770724140,5044.08,,0
1939,L,1770724200,1770724380,5044.26,1938,0
1940,H,1770724320,1770724500,5049.17,,0
1941,L,1770724560,1770724740,5042.22,,0
1942,H,1770724980,1770725160,5052.62,,0
1943,L,1770725160,1770725340,5047.88,,0
1944,H,1770725340,1770725520,5050.97,,0
1945,L,1770725700,1770725880,5037.13,,0
1946,L,1770726000,1770726180,5038.93,1945,0
1947,H,1770726360,1770726540,5050.68,,0
1948,L,1770726600,1770726780,5046.01,,0
1949,H,1770726780,1770726960,5055.03,,0
1950,L,1770727020,1770727200,5050.50,,0
1951,H,1770727260,1770727440,5058.22,,0
1952,L,1770727740,1770727920,5053.27,,0
1953,H,1770727860,1770728040,5056.75,,0
1954,L,1770728280,1770728460,5043.98,,0
1955,L,1770728640,1770728820,5044.41,1954,0
1956,H,1770729000,1770729180,5053.04,,0
1957,L,1770729660,1770729840,5045.23,,0
1958,H,1770729780,1770729960,5048.37,1959,0
1959,H,1770730200,1770730380,5049.32,,0
1960,L,1770730440,1770730620,5047.59,1961,0
1961,L,1770730680,1770730860,5046.93,,0
1962,H,1770730740,1770730920,5054.27,,0
1963,L,1770731220,1770731400,5045.04,,0
1964,L,1770731760,1770731940,5052.07,1963,0
1965,H,1770731820,1770732000,5057.44,,0
1966,H,1770732180,1770732360,5057.17,1965,0
1967,L,1770732420,1770732600,5041.13,,0
1968,L,1770732720,1770732900,5041.39,1967,0
1969,H,1770733140,1770733320,5051.39,,0
1970,L,1770733320,1770733500,5042.52,,0
1971,H,1770733380,1770733560,5049.51,,0
1972,L,1770733680,1770733860,5043.26,,0
1973,H,1770733860,1770734040,5047.73,,0
1974,L,1770733980,1770734160,5041.53,,0
1975,H,1770734280,1770734460,5046.65,,0
1976,L,1770734820,1770735000,5020.75,1977,0
1977,L,1770735180,1770735360,5019.64,,0
1978,H,1770735360,1770735540,5034.27,,0
1979,L,1770735660,1770735840,5026.70,,1
1980,H,1770735660,1770735840,5035.14,,1
1981,L,1770736260,1770736440,5032.98,,0
1982,H,1770736740,1770736920,5046.28,,0
1983,L,1770737160,1770737340,5033.48,,0
1984,H,1770737640,1770737820,5058.54,,0
1985,L,1770737880,1770738060,5046.70,,0
1986,L,1770738300,1770738480,5049.50,1985,0
1987,H,1770738420,1770738600,5057.36,,0
1988,H,1770739260,1770739440,5054.36,1987,0
1989,L,1770739380,1770739560,5046.90,,0
1990,H,1770739800,1770739980,5058.20,1991,0
1991,H,1770740340,1770740520,5074.59,,0
1992,H,1770740700,1770740880,5072.72,1991,0
1993,L,1770740820,1770741000,5066.83,,0
1994,H,1770741180,1770741360,5078.59,,0
1995,L,1770742140,1770742320,5020.63,,0
1996,H,1770742560,1770742740,5045.54,,0
1997,L,1770742920,1770743100,5029.09,,0
1998,H,1770743220,1770743400,5042.62,1999,0
1999,H,1770743580,1770743760,5043.74,,0
2000,L,1770743700,1770743880,5035.84,,0
2001,H,1770744180,1770744360,5047.97,,0
2002,L,1770744600,1770744780,5027.08,2003,0
2003,L,1770745080,1770745260,4999.12,,0
2004,L,1770745440,1770745620,5011.36,2003,0
2005,H,1770745740,1770745920,5027.85,,0
2006,L,1770745920,1770746100,5018.30,,0
2007,H,1770746100,1770746280,5029.72,,0
2008,L,1770746820,1770747000,5006.85,,0
2009,H,1770747480,1770747660,5024.33,,0
2010,L,1770747600,1770747780,5008.61,2011,0
2011,L,1770747900,1770748080,5005.65,,0
2012,H,1770747960,1770748140,5017.49,,0
2013,L,1770748200,1770748380,5008.68,,0
2014,H,1770748380,1770748560,5020.82,2015,0
2015,H,1770748620,1770748800,5023.59,,0
2016,L,1770748920,1770749100,5014.93,,0
2017,H,1770749220,1770749400,5026.52,,0
2018,L,1770749460,1770749640,5015.95,,0
2019,H,1770749760,1770749940,5024.67,2020,0
2020,H,1770750000,1770750180,5027.46,,0
2021,L,1770750720,1770750900,5020.84,,0
2022,H,1770751200,1770751380,5034.15,,0
2023,L,1770751260,1770751440,5029.88,,0
2024,H,1770751740,1770751920,5039.04,,0
2025,H,1770752040,1770752220,5037.23,2024,0
2026,L,1770752400,1770752580,5032.02,,0
2027,H,1770752700,1770752880,5040.02,,0
2028,L,1770752940,1770753120,5029.31,2029,0
2029,L,1770753300,1770753480,5024.99,,0
2030,H,1770753480,1770753660,5029.14,,0
2031,L,1770753960,1770754140,5015.35,,0
2032,H,1770754080,1770754260,5022.37,,0
2033,L,1770754380,1770754560,5013.86,2034,0
2034,L,1770754800,1770754980,5008.26,,0
2035,H,1770754980,1770755160,5013.76,,0
2036,L,1770755220,1770755400,5004.91,,0
2037,H,1770755520,1770755700,5014.90,2038,0
2038,H,1770755760,1770755940,5014.98,,0
2039,L,1770756120,1770756300,5011.12,,0
2040,H,1770756300,1770756480,5017.20,,0
2041,L,1770756420,1770756600,5010.69,2042,0
2042,L,1770756900,1770757080,5006.96,,0
2043,H,1770757140,1770757320,5014.79,,0
2044,L,1770757260,1770757440,5008.85,,0
2045,H,1770757440,1770757620,5013.97,,0
2046,L,1770757860,1770758040,5010.06,,0
2047,H,1770758460,1770758640,5020.11,,0
2048,L,1770758580,1770758760,5018.44,,0
2049,H,1770758700,1770758880,5021.24,,0
2050,L,1770758820,1770759000,5018.44,,0
2051,H,1770759180,1770759360,5030.04,,0
2052,L,1770759360,1770759540,5024.32,,0
2053,H,1770759480,1770759660,5029.46,,0
2054,L,1770759840,1770760020,5023.71,,0
2055,H,1770759960,1770760140,5027.95,,0
2056,L,1770760260,1770760440,5026.13,,0
2057,H,1770760380,1770760560,5030.19,,0
2058,L,1770760500,1770760680,5026.77,,0
2059,H,1770760620,1770760800,5029.53,2060,0
2060,H,1770760920,1770761100,5029.86,,0
2061,L,1770761220,1770761400,5020.41,,0
2062,L,1770761700,1770761880,5023.97,2061,0
2063,H,1770762120,1770762300,5033.88,,0
2064,L,1770762420,1770762600,5023.38,,0
2065,H,1770762840,1770763020,5031.36,,0
2066,L,1770763080,1770763260,5028.30,,0
2067,H,1770763680,1770763860,5045.39,,0
2068,H,1770764100,1770764280,5036.93,2067,0
2069,L,1770764280,1770764460,5028.06,2070,0
2070,L,1770764640,1770764820,5026.67,,0
2071,H,1770764820,1770765000,5028.78,2072,0
2072,H,1770765180,1770765360,5029.85,,0
2073,L,1770765900,1770766080,5023.35,2074,0
2074,L,1770766140,1770766320,5023.23,,0
2075,H,1770766320,1770766500,5028.21,,0
2076,L,1770766860,1770767040,5023.20,,0
2077,H,1770766980,1770767160,5026.48,,0
2078,L,1770767220,1770767400,5020.42,,0
2079,H,1770767520,1770767700,5027.46,,0
2080,L,1770767820,1770771720,5021.97,,0
2081,H,1770771960,1770772140,5037.22,,0
2082,L,1770772020,1770772200,5029.40,,0
2083,H,1770772980,1770773160,5054.62,,0
2084,L,1770773820,1770774000,5038.59,,0
2085,H,1770773940,1770774120,5044.87,2086,0
2086,H,1770774420,1770774600,5047.25,,0
2087,L,1770774960,1770775140,5038.89,,0
2088,H,1770775200,1770775380,5043.86,,0
2089,L,1770775560,1770775740,5035.67,,0
2090,H,1770775680,1770775860,5044.41,,0
2091,L,1770775860,1770776040,5030.85,,0
2092,H,1770775980,1770776160,5041.67,,0
2093,L,1770776220,1770776400,5028.29,,0
2094,H,1770776280,1770776460,5040.92,,0
2095,L,1770776580,1770776760,5033.07,,0
2096,H,1770777420,1770777600,5049.51,,0
2097,L,1770777600,1770777780,5043.38,,0
2098,H,1770777780,1770777960,5047.52,,0
2099,L,1770778080,1770778260,5034.71,,0
2100,H,1770778440,1770778620,5039.33,,0
2101,L,1770778560,1770778740,5035.33,2102,0
2102,L,1770778800,1770778980,5030.76,,0
2103,H,1770779040,1770779220,5047.67,,0
2104,L,1770779340,1770779520,5036.77,,0
2105,H,1770779580,1770779760,5046.70,,0
2106,L,1770780120,1770780300,5035.54,,0
2107,H,1770780240,1770780420,5039.31,,0
2108,L,1770780420,1770780600,5035.10,,0
2109,H,1770780600,1770780780,5040.17,,0
2110,L,1770780720,1770780900,5032.68,,0
2111,H,1770781500,1770781680,5046.35,,0
2112,L,1770781620,1770781800,5041.81,,0
2113,H,1770781740,1770781920,5049.02,,0
2114,L,1770781860,1770782040,5041.41,,0
2115,H,1770782460,1770782640,5056.81,,0
2116,L,1770782760,1770782940,5036.53,2117,0
2117,L,1770783300,1770783480,5032.65,,0
2118,H,1770783480,1770783660,5046.52,,0
2119,H,1770783780,1770783960,5046.44,2118,0
2120,L,1770783900,1770784080,5041.07,,0
2121,L,1770784200,1770784380,5041.12,2120,0
2122,H,1770785160,1770785340,5056.21,,0
2123,L,1770785280,1770785460,5050.85,,0
2124,H,1770785700,1770785880,5057.77,,0
2125,L,1770786000,1770786180,5051.76,,0
2126,H,1770786180,1770786360,5056.40,,0
2127,L,1770786420,1770786600,5049.28,,0
2128,H,1770786540,1770786720,5053.50,,0
2129,L,1770786960,1770787140,5045.17,,0
2130,H,1770787440,1770787620,5058.16,,0
2131,L,1770787740,1770787920,5055.99,,0
2132,H,1770787920,1770788100,5060.71,,0
2133,L,1770788040,1770788220,5053.87,,0
2134,H,1770788820,1770789000,5060.84,,0
2135,L,1770789420,1770789600,5053.30,,0
2136,H,1770789660,1770789840,5058.48,,0
2137,L,1770790260,1770790440,5053.19,,0
2138,H,1770790800,1770790980,5059.69,,0
2139,L,1770791100,1770791280,5056.54,,0
2140,H,1770791160,1770791340,5058.52,2141,0
2141,H,1770791400,1770791580,5059.32,,0
2142,L,1770791640,1770791820,5056.62,,0
2143,H,1770791760,1770791940,5059.16,,0
2144,L,1770792180,1770792360,5052.10,,0
2145,H,1770792420,1770792600,5056.02,,0
2146,L,1770792780,1770792960,5045.90,,0
2147,H,1770793080,1770793260,5049.53,,0
2148,L,1770793500,1770793680,5043.58,,0
2149,H,1770793980,1770794160,5050.10,,0
2150,L,1770794220,1770794400,5045.85,,0
2151,H,1770794400,1770794580,5052.03,,0
2152,L,1770794640,1770794820,5049.08,,0
2153,H,1770794760,1770794940,5053.52,2154,0
2154,H,1770795420,1770795600,5063.02,2155,0
2155,H,1770795660,1770795840,5063.90,,0
2156,L,1770796500,1770796680,5046.32,,0
2157,H,1770796860,1770797040,5054.45,,0
2158,L,1770797160,1770797340,5049.46,,0
2159,H,1770797340,1770797520,5057.36,,0
2160,L,1770797460,1770797640,5052.44,,0
2161,L,1770797700,1770797880,5053.35,2160,0
2162,H,1770798000,1770798180,5061.51,,0
2163,L,1770798360,1770798540,5054.83,,0
2164,H,1770798420,1770798600,5058.03,,0
2165,L,1770798660,1770798840,5054.07,,1
2166,H,1770798660,1770798840,5059.02,,1
2167,L,1770798900,1770799080,5055.49,,0
2168,H,1770798960,1770799140,5059.24,,0
2169,L,1770799200,1770799380,5053.38,,0
2170,H,1770799260,1770799440,5060.36,,0
2171,L,1770799500,1770799680,5052.17,,0
2172,H,1770799920,1770800100,5062.77,,0
2173,L,1770800040,1770800220,5058.14,,0
2174,H,1770800460,1770800640,5065.50,,0
2175,L,1770800580,1770800760,5059.54,,0
2176,L,1770800820,1770801000,5060.30,2175,0
2177,H,1770801120,1770801300,5069.29,,0
2178,L,1770801240,1770801420,5057.54,,0
2179,H,1770802380,1770802560,5061.92,,0
2180,L,1770802440,1770802620,5056.16,2181,0
2181,L,1770802920,1770803100,5053.35,2182,0
2182,L,1770803280,1770803460,5049.04,,0
2183,H,1770804240,1770804420,5060.46,,0
2184,L,1770804540,1770804720,5052.58,,0
2185,H,1770804720,1770804900,5056.59,,0
2186,L,1770804900,1770805080,5050.67,,0
2187,H,1770805500,1770805680,5055.82,,0
2188,L,1770805860,1770806040,5045.91,,0
2189,L,1770806100,1770806280,5046.40,2188,0
2190,H,1770806700,1770806880,5054.73,2191,0
2191,H,1770807000,1770807180,5055.00,,0
2192,L,1770807180,1770807360,5050.74,,0
2193,H,1770807300,1770807480,5054.08,2194,0
2194,H,1770807600,1770807780,5055.87,,0
2195,L,1770808020,1770808200,5047.22,,0
2196,H,1770808200,1770808380,5054.24,,0
2197,L,1770808560,1770808740,5050.29,,0
2198,H,1770808740,1770808920,5054.84,,0
2199,L,1770809040,1770809220,5051.58,,0
2200,L,1770809280,1770809460,5052.49,2199,0
2201,H,1770809700,1770809880,5061.42,,0
2202,L,1770810060,1770810240,5056.50,,0
2203,H,1770810420,1770810600,5072.08,,0
2204,L,1770810900,1770811080,5059.94,,0
2205,H,1770811260,1770811440,5066.16,2206,0
2206,H,1770811560,1770811740,5066.88,,0
2207,L,1770811620,1770811800,5064.53,,0
2208,H,1770812640,1770812820,5076.45,,0
2209,L,1770812820,1770813000,5068.54,,0
2210,H,1770813060,1770813240,5072.85,,0
2211,L,1770813120,1770813300,5068.37,,0
2212,H,1770813900,1770814080,5100.73,2213,0
2213,H,1770814140,1770814320,5101.20,,0
2214,L,1770814680,1770814860,5091.76,,0
2215,H,1770814800,1770814980,5095.82,,0
2216,L,1770815040,1770815220,5082.56,,0
2217,H,1770815280,1770815460,5095.65,,0
2218,L,1770815520,1770815700,5088.90,,0
2219,H,1770815820,1770816000,5097.37,2220,0
2220,H,1770816120,1770816300,5102.44,,0
2221,L,1770816240,1770816420,5095.84,,0
2222,H,1770816600,1770816780,5107.93,,0
2223,L,1770816840,1770817020,5100.97,,0
2224,H,1770817020,1770817200,5108.31,,0
2225,L,1770817260,1770817440,5101.67,,0
2226,H,1770817740,1770817920,5115.73,,0
2227,L,1770817860,1770818040,5111.77,,0
2228,H,1770817980,1770818160,5116.63,,0
2229,L,1770818160,1770818340,5109.38,,0
2230,H,1770818400,1770818580,5119.12,,0
2231,L,1770818940,1770819120,5098.85,,0
2232,H,1770819300,1770819480,5107.12,,0
2233,L,1770819600,1770819780,5086.90,,0
2234,H,1770819960,1770820140,5098.86,,0
2235,H,1770820200,1770820380,5098.67,2234,0
2236,L,1770820560,1770820740,5080.00,,0
2237,H,1770820620,1770820800,5087.04,,0
2238,L,1770820860,1770821040,5051.46,,0
2239,H,1770821520,1770821700,5079.91,,0
2240,L,1770821820,1770822000,5074.19,,0
2241,H,1770822120,1770822300,5087.76,,0
2242,L,1770822240,1770822420,5078.62,,0
2243,H,1770822840,1770823020,5083.00,,0
2244,L,1770823080,1770823260,5063.91,,0
2245,H,1770823620,1770823800,5089.82,,0
2246,L,1770823860,1770824040,5019.05,,0
2247,H,1770824340,1770824520,5067.49,,0
2248,L,1770824580,1770824760,5053.27,,0
2249,H,1770824700,1770824880,5065.90,2250,0
2250,H,1770824940,1770825120,5069.86,,0
2251,L,1770825120,1770825300,5058.83,,0
2252,H,1770825480,1770825660,5072.95,,0
2253,L,1770825600,1770825780,5061.96,,0
2254,H,1770826080,1770826260,5077.16,,0
2255,L,1770826260,1770826440,5071.74,,0
2256,L,1770826500,1770826680,5071.85,2255,0
2257,H,1770826560,1770826740,5082.77,,0
2258,L,1770827100,1770827280,5067.54,,0
2259,H,1770827400,1770827580,5076.10,,0
2260,L,1770827520,1770827700,5060.94,2261,0
2261,L,1770828060,1770828240,5035.89,,0
2262,H,1770828420,1770828600,5051.43,2263,0
2263,H,1770829080,1770829260,5065.13,,0
2264,L,1770829320,1770829500,5053.62,,0
2265,H,1770829860,1770830040,5081.81,,0
2266,L,1770830280,1770830460,5061.61,,0
2267,H,1770830520,1770830700,5070.83,,0
2268,L,1770830880,1770831060,5043.60,,0
2269,L,1770831120,1770831300,5044.57,2268,0
2270,H,1770831360,1770831540,5057.47,,0
2271,L,1770831540,1770831720,5039.17,,0
2272,L,1770831840,1770832020,5045.84,2271,0
2273,H,1770832080,1770832260,5056.20,,0
2274,L,1770832140,1770832320,5044.76,,0
2275,H,1770832680,1770832860,5063.18,2276,0
2276,H,1770832920,1770833100,5063.88,,0
2277,L,1770833340,1770833520,5052.49,,0
2278,H,1770833520,1770833700,5064.36,,0
2279,L,1770833820,1770834000,5042.82,,0
2280,H,1770834240,1770834420,5060.36,,0
2281,L,1770834600,1770834780,5056.56,,0
2282,H,1770834900,1770835080,5076.54,,0
2283,L,1770835080,1770835260,5070.36,,0
2284,H,1770835260,1770835440,5078.18,,0
2285,L,1770835440,1770835620,5073.75,,0
2286,H,1770835620,1770835800,5076.79,,0
2287,L,1770835860,1770836040,5071.55,,0
2288,H,1770836040,1770836220,5076.36,,0
2289,L,1770836160,1770836340,5071.82,,0
2290,H,1770836400,1770836580,5077.44,,0
2291,L,1770836520,1770836700,5068.84,,0
2292,H,1770837420,1770837600,5091.26,,0
2293,L,1770837600,1770837780,5080.45,,0
2294,H,1770837960,1770838140,5089.49,,0
2295,L,1770838560,1770838740,5081.52,,0
2296,L,1770838800,1770838980,5082.71,2295,0
2297,H,1770838980,1770839160,5098.80,,0
2298,L,1770839340,1770839520,5088.36,,0
2299,L,1770839580,1770839760,5089.08,2298,0
2300,H,1770839700,1770839880,5093.58,,0
2301,H,1770840240,1770840420,5092.58,2300,0
2302,L,1770840780,1770840960,5067.01,,0
2303,H,1770841140,1770841320,5079.47,,0
2304,L,1770841500,1770841680,5068.59,,0
2305,H,1770841860,1770842040,5078.12,,0
2306,L,1770842040,1770842220,5071.45,,0
2307,H,1770842280,1770842460,5084.65,2308,0
2308,H,1770842580,1770842760,5085.31,,0
2309,L,1770842700,1770842880,5081.09,2310,0
2310,L,1770843000,1770843180,5080.24,,0
2311,H,1770843120,1770843300,5087.31,,0
2312,L,1770843240,1770843420,5080.48,2313,0
2313,L,1770843480,1770843660,5080.13,,0
2314,H,1770843780,1770843960,5089.22,,0
2315,L,1770844140,1770844320,5083.48,,0
2316,H,1770844440,1770844620,5092.64,,0
2317,L,1770844620,1770844800,5087.72,,0
2318,H,1770844920,1770845100,5094.32,,0
2319,L,1770845400,1770845580,5087.01,2320,0
2320,L,1770845940,1770846120,5081.28,2321,0
2321,L,1770846300,1770846480,5081.15,2323,0
2322,L,1770846660,1770846840,5081.90,2321,0
2323,L,1770847020,1770847200,5077.00,,0
2324,H,1770847260,1770847440,5083.95,,0
2325,L,1770847500,1770847680,5079.85,,0
2326,H,1770848220,1770848400,5089.01,,0
2327,H,1770848460,1770848640,5087.93,2326,0
2328,L,1770848640,1770848820,5083.68,,0
2329,H,1770848880,1770849060,5087.02,,0
2330,L,1770849180,1770849360,5078.24,,0
2331,H,1770849840,1770850020,5087.37,,0
2332,L,1770849960,1770850140,5084.59,,0
2333,L,1770850320,1770850500,5085.46,2332,0
2334,H,1770850500,1770850680,5089.92,,0
2335,L,1770851040,1770851220,5084.42,,0
2336,H,1770851100,1770851280,5088.29,,0
2337,L,1770851400,1770851580,5085.69,,0
2338,H,1770852000,1770852180,5092.72,,0
2339,L,1770852780,1770852960,5069.86,,0
2340,H,1770853080,1770853260,5081.28,,0
2341,H,1770853500,1770853680,5080.91,2340,0
2342,L,1770853680,1770853860,5076.85,,0
2343,H,1770853980,1770854160,5084.30,2344,0
2344,H,1770858120,1770858300,5099.91,,0
2345,L,1770858660,1770858840,5053.26,,0
2346,L,1770858900,1770859080,5058.68,2345,0
2347,H,1770859200,1770859380,5070.95,,0
2348,L,1770859260,1770859440,5063.12,,0
2349,H,1770859560,1770859740,5070.24,,0
2350,L,1770859980,1770860160,5060.02,,0
2351,H,1770860460,1770860640,5067.12,,0
2352,L,1770860640,1770860820,5063.12,,0
2353,H,1770861000,1770861180,5070.87,,0
2354,L,1770861300,1770861480,5063.56,,0
2355,H,1770861420,1770861600,5067.66,,0
2356,L,1770861660,1770861840,5055.67,2357,0
2357,L,1770861900,1770862080,5054.16,,0
2358,H,1770862140,1770862320,5062.91,,0
2359,L,1770862440,1770862620,5049.87,,0
2360,H,1770862560,1770862740,5066.38,,0
2361,L,1770862920,1770863100,5053.90,,0
2362,H,1770863580,1770863760,5065.83,,0
2363,L,1770864060,1770864240,5055.97,,0
2364,H,1770864300,1770864480,5062.36,,0
2365,L,1770864600,1770864780,5058.95,,0
2366,H,1770864720,1770864900,5065.30,,0
2367,L,1770865020,1770865200,5059.15,,0
2368,H,1770865140,1770865320,5065.48,,0
2369,L,1770865440,1770865620,5047.72,,0
2370,L,1770865680,1770865860,5048.80,2369,0
2371,H,1770865800,1770865980,5055.59,,0
2372,L,1770865920,1770866100,5045.24,,0
2373,H,1770866400,1770866580,5060.85,,0
2374,L,1770866520,1770866700,5052.43,,0
2375,H,1770866880,1770867060,5061.22,2376,0
2376,H,1770867120,1770867300,5061.45,,0
2377,L,1770867300,1770867480,5056.26,,0
2378,H,1770867480,1770867660,5063.48,,0
2379,L,1770867720,1770867900,5059.50,,0
2380,H,1770867780,1770867960,5064.24,,0
2381,L,1770868200,1770868380,5053.19,,0
2382,H,1770868860,1770869040,5072.51,,0
2383,H,1770869280,1770869460,5070.47,2382,0
2384,L,1770869460,1770869640,5064.75,,0
2385,H,1770869520,1770869700,5069.77,2386,0
2386,H,1770869760,1770869940,5070.10,,0
2387,L,1770869940,1770870120,5065.60,,0
2388,H,1770870000,1770870180,5072.71,,0
2389,L,1770870300,1770870480,5062.30,,0
2390,H,1770870660,1770870840,5069.89,,0
2391,L,1770871080,1770871260,5057.93,2392,0
2392,L,1770871320,1770871500,5056.54,2393,0
2393,L,1770871560,1770871740,5055.12,,0
2394,H,1770871860,1770872040,5066.65,2395,0
2395,H,1770872280,1770872460,5066.87,,0
2396,L,1770872400,1770872580,5062.76,,0
2397,H,1770873000,1770873180,5074.67,,0
2398,H,1770873600,1770873780,5071.01,2397,0
2399,L,1770873660,1770873840,5063.71,2400,0
2400,L,1770874020,1770874200,5054.96,,0
2401,H,1770874560,1770874740,5066.68,,0
2402,H,1770874980,1770875160,5066.57,2401,0
2403,L,1770875400,1770875580,5057.67,2404,0
2404,L,1770875820,1770876000,5055.11,,0
2405,H,1770875880,1770876060,5058.74,,0
2406,L,1770876060,1770876240,5052.74,,0
2407,H,1770876360,1770876540,5059.09,,0
2408,L,1770876540,1770876720,5055.67,,0
2409,H,1770876720,1770876900,5057.61,,0
2410,L,1770877140,1770877320,5050.95,,0
2411,H,1770877560,1770877740,5057.53,,0
2412,L,1770877980,1770878160,5054.26,,0
2413,H,1770878340,1770878520,5060.22,,0
2414,L,1770878400,1770878580,5057.83,,0
2415,H,1770878760,1770878940,5059.10,,0
2416,L,1770878940,1770879120,5055.21,,0
2417,H,1770879600,1770879780,5070.06,2418,0
2418,H,1770880260,1770880440,5078.27,,0
2419,L,1770880440,1770880620,5074.46,,0
2420,H,1770880560,1770880740,5076.66,2421,0
2421,H,1770880800,1770880980,5077.88,,0
2422,L,1770880980,1770881160,5072.48,,0
2423,H,1770881040,1770881220,5077.21,,0
2424,L,1770881700,1770881880,5064.66,,0
2425,H,1770882300,1770882480,5073.25,,0
2426,L,1770882360,1770882540,5069.68,2427,0
2427,L,1770882600,1770882780,5067.63,,0
2428,H,1770882900,1770883080,5076.17,2429,0
2429,H,1770883200,1770883380,5076.35,,0
2430,L,1770883380,1770883560,5065.10,2431,0
2431,L,1770883680,1770883860,5062.40,,0
2432,H,1770884100,1770884280,5070.40,,0
2433,H,1770884400,1770884580,5068.55,2432,0
2434,L,1770885420,1770885600,5047.28,,0
2435,H,1770885900,1770886080,5058.14,,1
2436,L,1770885900,1770886080,5054.30,2437,1
2437,L,1770886140,1770886320,5054.01,,0
2438,H,1770886320,1770886500,5061.66,,0
2439,L,1770886440,1770886620,5058.96,,0
2440,H,1770886560,1770886740,5061.47,,0
2441,L,1770886920,1770887100,5051.87,,0
2442,H,1770887280,1770887460,5064.44,,0
2443,L,1770887580,1770887760,5061.25,,0
2444,H,1770887640,1770887820,5066.32,,0
2445,H,1770888000,1770888180,5063.71,2444,0
2446,L,1770888120,1770888300,5056.83,,0
2447,L,1770888360,1770888540,5056.85,2446,0
2448,H,1770888600,1770888780,5063.93,,0
2449,L,1770888780,1770888960,5061.00,,0
2450,H,1770889440,1770889620,5061.16,,0
2451,L,1770889680,1770889860,5056.78,,0
2452,H,1770889800,1770889980,5061.48,,0
2453,L,1770889980,1770890160,5057.99,,0
2454,H,1770891000,1770891180,5073.55,,0
2455,H,1770891660,1770891840,5068.19,2454,0
2456,L,1770891900,1770892080,5062.21,2457,0
2457,L,1770892380,1770892560,5052.47,,0
2458,H,1770892620,1770892800,5061.89,,0
2459,L,1770892740,1770892920,5059.51,,0
2460,H,1770893160,1770893340,5065.39,,0
2461,L,1770893400,1770893580,5060.22,,0
2462,H,1770893880,1770894060,5072.11,,0
2463,L,1770894060,1770894240,5066.25,,0
2464,H,1770894480,1770894660,5075.87,,0
2465,L,1770894660,1770894840,5071.49,,0
2466,H,1770894960,1770895140,5077.81,,0
2467,L,1770895200,1770895380,5071.84,,0
2468,H,1770895560,1770895740,5075.35,,0
2469,L,1770896040,1770896220,5068.55,,0
2470,H,1770896280,1770896460,5073.61,,0
2471,L,1770896940,1770897120,5071.13,,0
2472,H,1770897060,1770897240,5080.79,,0
2473,L,1770897600,1770897780,5071.20,,0
2474,H,1770897780,1770897960,5077.14,,0
2475,H,1770898080,1770898260,5075.11,2474,0
2476,H,1770898620,1770898800,5066.23,2474,0
2477,L,1770898800,1770898980,5063.34,2478,0
2478,L,1770899340,1770899520,5061.03,,0
2479,H,1770899400,1770899580,5065.82,,0
2480,L,1770899640,1770899820,5061.38,,0
2481,H,1770899700,1770899880,5066.13,,0
2482,L,1770899940,1770900120,5061.38,,0
2483,H,1770900240,1770900420,5063.91,,0
2484,L,1770900780,1770900960,5056.02,,0
2485,L,1770901320,1770901500,5059.44,2484,0
2486,H,1770901500,1770901680,5065.47,,0
2487,L,1770901560,1770901740,5061.62,,0
2488,H,1770901980,1770902160,5064.42,,0
2489,L,1770902040,1770902220,5060.52,,0
2490,H,1770902220,1770902400,5064.71,,0
2491,L,1770902400,1770902580,5061.56,,0
2492,H,1770902700,1770902880,5065.67,,0
2493,H,1770903060,1770903240,5064.13,2492,0
2494,L,1770903180,1770903360,5061.55,,0
2495,H,1770903300,1770903480,5065.49,,0
2496,L,1770903660,1770903840,5062.20,,0
2497,H,1770903960,1770904140,5065.42,2498,0
2498,H,1770904440,1770904620,5068.36,,0
2499,L,1770904680,1770904860,5061.71,,0
2500,H,1770904980,1770905160,5066.69,,0
2501,L,1770905280,1770905460,5056.68,,0
2502,H,1770905760,1770905940,5064.30,,0
2503,L,1770905880,1770906060,5060.50,2504,0
2504,L,1770906300,1770906480,5060.05,,0
2505,H,1770906360,1770906540,5062.72,,0
2506,L,1770906660,1770906840,5061.77,,0
2507,H,1770906960,1770907140,5068.64,,0
2508,L,1770908160,1770908340,5048.73,,0
2509,H,1770909780,1770909960,5074.32,,0
2510,L,1770910200,1770910380,5061.07,,0
2511,H,1770910800,1770910980,5076.75,,0
2512,L,1770910920,1770911100,5073.62,,0
2513,H,1770911220,1770911400,5081.16,2514,0
2514,H,1770911820,1770912000,5083.73,,0
2515,H,1770912120,1770912300,5077.63,2514,0
2516,L,1770912300,1770912480,5067.31,,0
2517,H,1770912720,1770912900,5077.79,,0
2518,L,1770913140,1770913320,5054.91,,0
2519,H,1770913620,1770913800,5064.95,,0
2520,L,1770913800,1770913980,5058.88,,0
2521,H,1770913980,1770914160,5071.62,,0
2522,L,1770914280,1770914460,5057.14,2523,0
2523,L,1770914640,1770914820,5053.81,,0
2524,H,1770914760,1770914940,5061.33,,0
2525,L,1770914880,1770915060,5051.89,,0
2526,H,1770915060,1770915240,5058.05,,0
2527,L,1770915120,1770915300,5051.12,2528,0
2528,L,1770915420,1770915600,5039.42,,0
2529,H,1770916740,1770916920,5069.75,,0
2530,L,1770917040,1770917220,5062.53,,0
2531,H,1770917400,1770917580,5072.37,,0
2532,L,1770917640,1770917820,5068.11,,0
2533,H,1770917820,1770918000,5072.33,,0
2534,L,1770917880,1770918060,5066.52,,0
2535,L,1770918120,1770918300,5067.71,2534,0
2536,H,1770918420,1770918600,5074.80,,0
2537,L,1770918600,1770918780,5070.08,2538,0
2538,L,1770918840,1770919020,5068.99,,0
2539,H,1770919440,1770919620,5068.16,,0
2540,L,1770920520,1770920700,4907.64,2541,0
2541,L,1770920940,1770921120,4878.57,,0
2542,H,1770921660,1770921840,4969.33,,0
2543,L,1770922020,1770922200,4933.43,,0
2544,H,1770922260,1770922440,4962.28,,0
2545,L,1770922440,1770922620,4931.16,,0
2546,H,1770922800,1770922980,4958.97,,0
2547,L,1770922860,1770923040,4943.34,2548,0
2548,L,1770923160,1770923340,4939.53,,0
2549,H,1770923220,1770923400,4967.14,,0
2550,L,1770923580,1770923760,4953.94,,0
2551,H,1770923640,1770923820,4963.48,2552,0
2552,H,1770924240,1770924420,4980.38,2553,0
2553,H,1770924480,1770924660,4982.81,,0
2554,L,1770924660,1770924840,4957.71,,0
2555,H,1770925260,1770925440,4974.86,,0
2556,H,1770925500,1770925680,4971.12,2555,0
2557,H,1770926520,1770926700,4949.76,2555,0
2558,L,1770926880,1770927060,4921.31,,0
2559,H,1770927120,1770927300,4935.26,,0
2560,L,1770927180,1770927360,4922.37,2561,0
2561,L,1770927600,1770927780,4906.53,,0
2562,H,1770927660,1770927840,4931.21,,0
2563,L,1770927900,1770928080,4915.77,,0
2564,H,1770928080,1770928260,4933.80,2565,0
2565,H,1770929040,1770929220,4946.79,,0
2566,L,1770929160,1770929340,4935.44,,0
2567,H,1770929580,1770929760,4952.19,,0
2568,L,1770930120,1770930300,4928.75,,0
2569,H,1770930180,1770930360,4938.35,2570,0
2570,H,1770930480,1770930660,4941.72,,0
2571,L,1770930720,1770930900,4930.44,2572,0
2572,L,1770930960,1770931140,4929.74,,0
2573,H,1770931200,1770931380,4944.27,,0
2574,L,1770931320,1770931500,4938.08,2575,0
2575,L,1770931740,1770931920,4931.38,,0
2576,L,1770932520,1770932700,4941.72,2575,0
2577,H,1770933120,1770933300,4957.95,,0
2578,L,1770933480,1770933660,4943.53,2579,0
2579,L,1770933780,1770933960,4940.73,,0
2580,H,1770933960,1770934140,4946.51,,0
2581,L,1770934260,1770934440,4933.70,2582,0
2582,L,1770935520,1770935700,4911.37,,0
2583,H,1770935760,1770935940,4928.04,,0
2584,L,1770936180,1770936360,4915.39,,0
2585,H,1770936300,1770936480,4922.58,,0
2586,L,1770936420,1770936600,4913.62,,0
2587,H,1770936600,1770936780,4923.22,,0
2588,L,1770936720,1770936900,4912.15,,0
2589,H,1770936900,1770937080,4923.62,,0
2590,L,1770937200,1770937380,4912.18,,0
2591,H,1770937380,1770937560,4922.29,,0
2592,L,1770937740,1770937920,4911.88,,0
2593,H,1770937980,1770938160,4922.99,,0
2594,L,1770938160,1770938340,4912.97,,0
2595,H,1770938400,1770938580,4923.22,,0
2596,L,1770938520,1770938700,4918.39,,0
2597,H,1770938640,1770938820,4924.47,,0
2598,L,1770939000,1770939180,4920.06,,0
2599,H,1770939120,1770939300,4926.40,,0
2600,L,1770939960,1770940140,4915.81,,0
2601,H,1770940440,1770940620,4926.65,,0
2602,L,1770944400,1770944580,4888.47,,1
2603,H,1770944400,1770944580,4929.94,,1
2604,L,1770944640,1770944820,4888.06,,0
2605,H,1770944940,1770945120,4911.27,2606,0
2606,H,1770945660,1770945840,4926.73,2607,0
2607,H,1770946020,1770946200,4928.52,,0
2608,L,1770946200,1770946380,4912.62,,0
2609,H,1770946440,1770946620,4926.15,,0
2610,L,1770947100,1770947280,4905.99,,0
2611,L,1770947700,1770947880,4910.29,2610,0
2612,L,1770948000,1770948180,4913.64,2610,0
2613,H,1770948600,1770948780,4948.51,,0
2614,L,1770948900,1770949080,4936.98,,0
2615,H,1770948960,1770949140,4947.33,,0
2616,L,1770949140,1770949320,4937.18,,0
2617,H,1770949380,1770949560,4944.61,,0
2618,L,1770949620,1770949800,4934.49,,0
2619,H,1770949860,1770950040,4945.81,,0
2620,L,1770950100,1770950280,4938.43,,0
2621,H,1770950460,1770950640,4942.84,,0
2622,L,1770950520,1770950700,4932.88,2623,0
2623,L,1770950760,1770950940,4932.45,,0
2624,H,1770950820,1770951000,4944.66,,0
2625,L,1770951000,1770951180,4930.22,2626,0
2626,L,1770951540,1770951720,4926.76,,0
2627,H,1770952260,1770952440,4967.53,,0
2628,L,1770952380,1770952560,4962.29,,0
2629,H,1770952500,1770952680,4970.58,2630,0
2630,H,1770952980,1770953160,4979.06,,0
2631,L,1770953160,1770953340,4965.91,2632,0
2632,L,1770953400,1770953580,4965.26,,0
2633,H,1770953520,1770953700,4975.35,,0
2634,H,1770953760,1770953940,4975.16,2633,0
2635,L,1770953940,1770954120,4964.71,,0
2636,L,1770954420,1770954600,4975.48,2635,0
2637,H,1770954600,1770954780,4988.56,,0
2638,L,1770954840,1770955020,4976.74,,0
2639,H,1770955020,1770955200,4984.60,,0
2640,L,1770955320,1770955500,4975.22,,0
2641,H,1770955500,1770955680,4984.79,,0
2642,L,1770955860,1770956040,4972.96,,0
2643,H,1770955920,1770956100,4982.60,,0
2644,L,1770956100,1770956280,4976.02,,0
2645,L,1770956400,1770956580,4977.33,2644,0
2646,H,1770956700,1770956880,4984.53,,1
2647,L,1770956700,1770956880,4979.96,,1
2648,H,1770957060,1770957240,4989.43,,0
2649,L,1770957300,1770957480,4979.16,2650,0
2650,L,1770957660,1770957840,4973.64,,0
2651,H,1770957840,1770958020,4987.84,,0
2652,L,1770958140,1770958320,4972.20,,0
2653,H,1770958560,1770958740,4991.37,,0
2654,L,1770959100,1770959280,4981.63,,0
2655,H,1770959280,1770959460,4986.91,,0
2656,L,1770959400,1770959580,4980.71,,0
2657,H,1770959640,1770959820,4984.74,,0
2658,L,1770960120,1770960300,4973.80,,0
2659,H,1770960360,1770960540,4980.33,,0
2660,L,1770960540,1770960720,4976.67,,0
2661,H,1770960660,1770960840,4983.78,,0
2662,L,1770961020,1770961200,4975.81,,0
2663,H,1770961200,1770961380,4979.95,,0
2664,L,1770961260,1770961440,4975.05,,0
2665,H,1770961500,1770961680,4979.16,2666,0
2666,H,1770962100,1770962280,4984.50,2667,0
2667,H,1770962820,1770963000,4985.23,,0
2668,L,1770963000,1770963180,4975.71,,0
2669,H,1770963420,1770963600,4997.21,,0
2670,H,1770963960,1770964140,4991.63,2669,0
2671,L,1770964680,1770964860,4979.24,2672,0
2672,L,1770964980,1770965160,4975.24,2673,0
2673,L,1770965400,1770965580,4972.97,,0
2674,H,1770965700,1770965880,4976.89,,0
2675,L,1770965940,1770966120,4974.71,,0
2676,H,1770966240,1770966420,4981.89,,0
2677,L,1770966420,1770966600,4974.72,,0
2678,H,1770966540,1770966720,4978.43,2679,0
2679,H,1770966960,1770967140,4979.69,,0
2680,L,1770967140,1770967320,4965.24,,0
2681,L,1770967440,1770967620,4976.34,2680,0
2682,H,1770967680,1770967860,4986.45,,0
2683,L,1770968040,1770968220,4967.03,,0
2684,H,1770968160,1770968340,4974.61,2685,0
2685,H,1770968460,1770968640,4974.69,,0
2686,L,1770968760,1770968940,4956.85,2687,0
2687,L,1770969540,1770969720,4944.99,,0
2688,H,1770969720,1770969900,4956.51,,0
2689,L,1770969960,1770970140,4946.92,,0
2690,H,1770970200,1770970380,4961.78,,0
2691,L,1770970380,1770970560,4954.90,,0
2692,H,1770970500,1770970680,4961.13,,0
2693,L,1770971160,1770971340,4949.98,,0
2694,H,1770971220,1770971400,4958.19,,0
2695,L,1770971400,1770971580,4950.95,,0
2696,H,1770971640,1770971820,4962.05,,0
2697,L,1770972000,1770972180,4953.84,,0
2698,H,1770972060,1770972240,4960.71,,0
2699,L,1770972480,1770972660,4951.01,,0
2700,H,1770972600,1770972780,4959.71,,0
2701,L,1770972960,1770973140,4954.45,,0
2702,H,1770973140,1770973320,4968.73,,0
2703,L,1770973260,1770973440,4955.89,,0
2704,H,1770973620,1770973800,4967.97,,0
2705,L,1770973860,1770974040,4951.17,,0
2706,H,1770974340,1770974520,4976.53,,0
2707,L,1770974700,1770974880,4964.33,,0
2708,H,1770974760,1770974940,4971.06,,0
2709,L,1770975000,1770975180,4966.21,,0
2710,H,1770975540,1770975720,4982.74,,0
2711,L,1770975780,1770975960,4968.68,,0
2712,L,1770976440,1770976620,4972.76,2711,0
2713,H,1770976500,1770976680,4981.85,,0
2714,L,1770976680,1770976860,4971.73,,0
2715,H,1770977400,1770977580,4989.59,,0
2716,L,1770977940,1770978120,4977.13,,0
2717,H,1770978060,1770978240,4986.11,,0
2718,L,1770978240,1770978420,4977.81,,0
2719,H,1770978540,1770978720,4985.08,,0
2720,L,1770978660,1770978840,4978.54,,0
2721,H,1770979080,1770979260,4985.84,2722,0
2722,H,1770979620,1770979800,4986.94,,0
2723,L,1770979860,1770980040,4971.45,,0
2724,H,1770980040,1770980220,4983.36,,0
2725,L,1770980220,1770980400,4978.56,,0
2726,H,1770980340,1770980520,4982.96,,0
2727,L,1770980580,1770980760,4976.45,,0
2728,L,1770980880,1770981060,4977.51,2727,0
2729,H,1770981180,1770981360,4982.52,,0
2730,L,1770981480,1770981660,4972.77,,0
2731,H,1770981600,1770981780,4981.76,,0
2732,L,1770982200,1770982380,4961.47,,0
2733,H,1770982440,1770982620,4971.90,,0
2734,L,1770982740,1770982920,4964.53,,0
2735,H,1770983280,1770983460,4976.80,,0
2736,H,1770983520,1770983700,4975.32,2735,0
2737,H,1770983820,1770984000,4975.26,2735,0
2738,L,1770984180,1770984360,4967.15,,0
2739,H,1770984300,1770984480,4976.51,,0
2740,L,1770984480,1770984660,4970.02,,0
2741,H,1770984780,1770984960,4977.81,,0
2742,L,1770984840,1770985020,4971.12,2743,0
2743,L,1770985140,1770985320,4966.47,,0
2744,H,1770985680,1770985860,4980.66,,0
2745,L,1770986220,1770986400,4968.86,,0
2746,H,1770986460,1770986640,4971.17,,0
2747,L,1770986520,1770986700,4967.74,2748,0
2748,L,1770986880,1770987060,4958.07,,0
2749,H,1770987120,1770987300,4968.07,,0
2750,L,1770987600,1770987780,4944.00,,0
2751,H,1770987900,1770988080,4950.47,,1
2752,L,1770987900,1770988080,4941.10,,1
2753,H,1770988320,1770988500,4953.61,,0
2754,L,1770988680,1770988860,4945.38,,0
2755,H,1770988800,1770988980,4952.67,,0
2756,L,1770989040,1770989220,4933.77,,0
2757,H,1770989400,1770989580,4945.73,,0
2758,L,1770989460,1770989640,4935.42,,0
2759,H,1770989760,1770989940,4948.65,,0
2760,L,1770989940,1770990120,4941.63,2761,0
2761,L,1770990360,1770990540,4939.48,,0
2762,H,1770990900,1770991080,4953.27,2763,0
2763,H,1770991740,1770991920,4962.47,,0
2764,L,1770991800,1770991980,4953.62,,0
2765,H,1770992580,1770992760,4973.08,,0
2766,H,1770992820,1770993000,4972.94,2765,0
2767,L,1770993000,1770993180,4963.83,,0
2768,H,1770993360,1770993540,4973.59,,0
2769,L,1770994020,1770994200,4965.28,,0
2770,H,1770994140,1770994320,4972.60,,0
2771,L,1770994380,1770994560,4964.44,,0
2772,H,1770994560,1770994740,4974.00,,0
2773,L,1770994740,1770994920,4966.72,,0
2774,H,1770994860,1770995040,4976.26,,0
2775,L,1770995160,1770995340,4965.56,2776,0
2776,L,1770996060,1770996240,4957.71,,0
2777,H,1770996240,1770996420,4970.77,,0
2778,L,1770996420,1770996600,4964.14,,0
2779,H,1770996660,1770996840,4999.53,,0
2780,H,1770996900,1770997080,4996.48,2779,0
2781,H,1770997140,1770997320,4994.39,2779,0
2782,L,1770997200,1770997380,4983.17,,0
2783,H,1770997440,1770997620,4994.44,,0
2784,L,1770997680,1770997860,4972.45,,0
2785,L,1770997920,1770998100,4974.55,2784,0
2786,H,1770998160,1770998340,4992.91,,0
2787,L,1770998280,1770998460,4984.99,,0
2788,H,1770998700,1770998880,4997.27,,0
2789,L,1770998880,1770999060,4985.00,,0
2790,H,1770999660,1770999840,5007.75,,0
2791,H,1771000020,1771000200,5006.06,2790,0
2792,L,1771000200,1771000380,4994.12,,0
2793,H,1771000380,1771000560,5011.00,,0
2794,L,1771000860,1771001040,4964.77,,0
2795,H,1771001280,1771001460,5007.06,,0
2796,L,1771001400,1771001580,4989.38,,0
2797,H,1771001760,1771001940,5005.92,,0
2798,L,1771001820,1771002000,4990.89,,0
2799,H,1771002120,1771002300,5005.60,,0
2800,L,1771002240,1771002420,4992.51,,0
2801,H,1771002600,1771002780,5011.38,,0
2802,L,1771003080,1771003260,4994.88,,0
2803,H,1771003680,1771003860,5011.40,,0
2804,L,1771003980,1771004160,5007.19,,0
2805,H,1771004160,1771004340,5020.49,,0
2806,L,1771004400,1771004580,5004.95,,0
2807,H,1771004580,1771004760,5012.64,,0
2808,L,1771004940,1771005120,4990.41,,0
2809,H,1771005060,1771005240,5000.07,,0
2810,L,1771005540,1771005720,4974.15,,0
2811,H,1771006020,1771006200,4995.08,,0
2812,L,1771006260,1771006440,4987.82,,0
2813,H,1771006800,1771006980,5009.85,2814,0
2814,H,1771007280,1771007460,5033.71,,0
2815,L,1771008000,1771008180,5013.37,,0
2816,H,1771008360,1771008540,5018.91,,0
2817,L,1771008480,1771008660,5013.54,,0
2818,H,1771009020,1771009200,5017.17,,0
2819,L,1771009140,1771009320,5006.12,,0
2820,H,1771009620,1771009800,5022.19,,0
2821,L,1771009920,1771010100,5009.92,,0
2822,H,1771010100,1771010280,5016.08,,0
2823,L,1771010280,1771010460,5005.97,,0
2824,H,1771010460,1771010640,5017.18,,0
2825,L,1771010700,1771010880,5012.19,,0
2826,H,1771011300,1771011480,5029.24,,0
2827,L,1771011600,1771011780,5018.09,,0
2828,H,1771011900,1771012080,5024.11,,0
2829,H,1771012380,1771012560,5022.97,2828,0
2830,L,1771012560,1771012740,5016.11,,0
2831,H,1771012800,1771012980,5024.63,,0
2832,L,1771012920,1771013100,5015.50,,0
2833,H,1771013820,1771014000,5030.62,,0
2834,L,1771013940,1771014120,5022.43,,0
2835,H,1771014180,1771014360,5030.15,,0
2836,L,1771014540,1771014720,5020.34,,0
2837,H,1771015020,1771015200,5031.03,,0
2838,L,1771015440,1771015620,5028.55,,0
2839,H,1771015620,1771015800,5031.12,,0
2840,L,1771015980,1771016160,5026.79,,0
2841,H,1771016040,1771016220,5035.44,,0
2842,L,1771016280,1771016460,5030.73,,0
2843,H,1771016460,1771016640,5035.87,,0
2844,L,1771016580,1771016760,5030.57,,0
2845,H,1771017000,1771017180,5046.06,,0
2846,L,1771017420,1771017600,5036.62,,0
2847,H,1771017900,1771018080,5044.92,,0
2848,L,1771018200,1771018380,5039.47,2849,0
2849,L,1771019040,1771019220,5032.92,,0
2850,H,1771019160,1771019340,5038.02,,0
2851,L,1771019520,1771019700,5030.59,,0
2852,H,1771019700,1771019880,5033.98,,0
2853,L,1771020000,1771020180,5023.64,,0
2854,H,1771020240,1771020420,5034.10,,0
2855,L,1771020480,1771020660,5028.87,,0
2856,H,1771020660,1771020840,5031.98,,0
2857,L,1771020780,1771020960,5027.83,,0
2858,H,1771021080,1771021260,5032.58,,0
2859,L,1771021380,1771021560,5026.97,,0
2860,H,1771021500,1771021680,5033.26,,0
2861,L,1771022040,1771022220,5024.50,,0
2862,L,1771022340,1771022520,5025.97,2861,0
2863,H,1771022460,1771022640,5034.15,,0
2864,L,1771022580,1771022760,5027.56,,0
2865,H,1771023060,1771023240,5029.39,,0
2866,L,1771023180,1771023360,5021.66,,0
2867,H,1771023900,1771024080,5036.15,,0
2868,L,1771024320,1771024500,5029.75,,0
2869,H,1771024500,1771024680,5034.53,,0
2870,L,1771024860,1771025040,5030.91,,0
2871,L,1771025100,1771025280,5031.20,2870,0
2872,H,1771025340,1771025520,5033.92,2873,0
2873,H,1771025640,1771025820,5035.26,,0
2874,L,1771026300,1771026480,5037.64,,0
2875,H,1771026360,1771026540,5046.00,,0
2876,L,1771026720,1771026900,5038.04,,0
2877,H,1771203600,1771203780,5052.26,,0
2878,L,1771203960,1771204140,5009.57,,0
2879,H,1771204200,1771204380,5024.67,2880,0
2880,H,1771204560,1771204740,5032.17,,0
2881,H,1771204860,1771205040,5030.37,2880,0
2882,L,1771204920,1771205100,5021.73,,0
2883,H,1771205220,1771205400,5030.48,,0
2884,L,1771205400,1771205580,5026.88,,0
2885,H,1771205520,1771205700,5030.94,,0
2886,L,1771205760,1771205940,5021.96,,0
2887,H,1771206000,1771206180,5031.57,,0
2888,L,1771206540,1771206720,5013.80,,0
2889,L,1771206840,1771207020,5014.32,2888,0
2890,H,1771207200,1771207380,5021.74,,0
2891,L,1771207380,1771207560,5000.35,,0
2892,L,1771207860,1771208040,5012.67,2891,0
2893,L,1771208160,1771208340,5015.65,2891,0
2894,H,1771208220,1771208400,5021.21,,0
2895,L,1771208760,1771208940,5008.58,,0
2896,H,1771209120,1771209300,5014.51,,0
2897,L,1771209240,1771209420,5008.85,,0
2898,H,1771209600,1771209780,5014.75,,0
2899,L,1771210020,1771210200,5010.54,,0
2900,H,1771210320,1771210500,5022.66,,0
2901,L,1771210860,1771211040,5007.13,,0
2902,L,1771211460,1771211640,5017.02,2901,0
2903,H,1771212000,1771212180,5031.08,,0
2904,L,1771212180,1771212360,5025.30,,0
2905,H,1771212300,1771212480,5030.95,2906,0
2906,H,1771212660,1771212840,5031.00,,0
2907,L,1771212780,1771212960,5026.48,,0
2908,H,1771213020,1771213200,5030.52,,0
2909,L,1771213140,1771213320,5026.87,,0
2910,H,1771213500,1771213680,5030.74,,0
2911,L,1771214040,1771214220,5025.47,,0
2912,H,1771214580,1771214760,5031.14,,0
2913,L,1771215240,1771215420,5020.47,,0
2914,H,1771215420,1771215600,5026.01,,0
2915,L,1771215660,1771215840,5022.98,,0
2916,H,1771215780,1771215960,5025.09,,0
2917,L,1771216080,1771216260,5018.94,,0
2918,H,1771216200,1771216380,5021.84,,0
2919,L,1771216620,1771216800,5002.36,2920,0
2920,L,1771217460,1771217640,4992.32,2921,0
2921,L,1771218060,1771218240,4989.28,,0
2922,H,1771218360,1771218540,5000.03,,0
2923,L,1771218540,1771218720,4988.84,,0
2924,H,1771218900,1771219080,4997.81,2925,0
2925,H,1771219140,1771219320,4998.61,,0
2926,L,1771219200,1771219380,4993.76,,0
2927,H,1771219560,1771219740,4998.09,,0
2928,L,1771219860,1771220040,4992.48,,0
2929,H,1771220400,1771220580,4994.13,,0
2930,H,1771220820,1771221000,4993.26,2929,0
2931,L,1771220940,1771221120,4976.25,,0
2932,H,1771221120,1771221300,4993.66,,0
2933,L,1771221600,1771221780,4986.66,,0
2934,H,1771221660,1771221840,4992.13,,0
2935,L,1771222380,1771222560,4973.70,2936,0
2936,L,1771222860,1771223040,4973.24,,0
2937,H,1771223220,1771223400,4980.14,,0
2938,L,1771223460,1771223640,4973.90,,0
2939,H,1771223760,1771223940,4975.98,,0
2940,L,1771224060,1771224240,4973.70,,0
2941,H,1771224300,1771224480,4978.88,2942,0
2942,H,1771224660,1771224840,4980.10,,0
2943,L,1771224720,1771224900,4976.45,2944,0
2944,L,1771225020,1771225200,4974.17,,0
2945,H,1771225200,1771225380,4977.80,,0
2946,L,1771225380,1771225560,4966.49,,0
2947,H,1771225560,1771225740,4984.66,2948,0
2948,H,1771226280,1771226460,4987.21,,0
2949,L,1771226520,1771226700,4984.30,,0
2950,H,1771226700,1771226880,4988.59,,0
2951,L,1771226880,1771227060,4985.20,,0
2952,H,1771227000,1771227180,4990.12,,0
2953,L,1771227240,1771227420,4984.71,,0
2954,H,1771227480,1771227660,4986.76,,0
2955,L,1771227600,1771227780,4983.27,,0
2956,L,1771227840,1771228020,4984.53,2955,0
2957,H,1771228080,1771228260,4989.13,,0
2958,L,1771228260,1771228440,4984.95,,0
2959,H,1771228980,1771229160,4992.82,,0
2960,L,1771229040,1771229220,4988.45,2961,0
2961,L,1771229280,1771229460,4987.75,,0
2962,H,1771229700,1771229880,4990.77,2963,0
2963,H,1771230540,1771230720,4994.81,,0
2964,L,1771230720,1771230900,4990.50,,0
2965,H,1771231200,1771231380,4998.56,2966,0
2966,H,1771231440,1771231620,5003.08,,0
2967,H,1771231920,1771232100,4998.65,2966,0
2968,L,1771232400,1771232580,4992.45,2969,0
2969,L,1771232700,1771232880,4989.03,,0
2970,H,1771233000,1771233180,4997.82,,0
2971,L,1771233120,1771233300,4994.24,,0
2972,H,1771233240,1771233420,4997.52,,0
2973,L,1771233420,1771233600,4994.22,,0
2974,H,1771233960,1771234140,4999.31,2975,0
2975,H,1771234440,1771234620,5000.16,,0
2976,L,1771234680,1771234860,4998.56,,0
2977,L,1771235040,1771235220,5001.04,2976,0
2978,H,1771235220,1771235400,5010.02,,0
2979,L,1771235820,1771236000,5003.60,,0
2980,H,1771236180,1771236360,5013.37,,0
2981,L,1771237020,1771237200,4995.76,,0
2982,H,1771237260,1771237440,5006.14,,0
2983,L,1771237380,1771237560,5000.86,,0
2984,H,1771237920,1771238100,5008.08,2985,0
2985,H,1771238340,1771238520,5008.74,,0
2986,L,1771238460,1771238640,5004.95,,0
2987,H,1771238820,1771239000,5007.47,,0
2988,L,1771238940,1771239120,5003.58,,0
2989,H,1771239780,1771239960,5015.45,,0
2990,L,1771240140,1771240320,5010.19,2991,0
2991,L,1771240380,1771240560,5008.22,,0
2992,H,1771240620,1771240800,5016.17,,0
2993,L,1771241040,1771241220,5011.16,2994,0
2994,L,1771241640,1771241820,5010.11,,0
2995,H,1771242000,1771242180,5014.79,,0
2996,L,1771242300,1771242480,5008.52,,0
2997,H,1771242660,1771242840,5017.16,,0
2998,L,1771242780,1771242960,5014.42,,0
2999,H,1771242960,1771243140,5017.14,,0
3000,L,1771243140,1771243320,5013.22,,0
3001,H,1771243320,1771243500,5017.25,,0
3002,L,1771243560,1771243740,5010.07,3003,0
3003,L,1771243980,1771244160,5006.81,,0
3004,H,1771244160,1771244340,5012.17,,0
3005,L,1771244520,1771244700,5004.79,,0
3006,H,1771244760,1771244940,5010.37,,0
3007,L,1771245000,1771245180,5000.44,,0
3008,H,1771245300,1771245480,5009.77,,0
3009,L,1771245600,1771245780,5003.44,,0
3010,H,1771245900,1771246080,5010.74,,0
3011,L,1771246080,1771246260,5007.72,,0
3012,H,1771246440,1771246620,5008.91,,0
3013,L,1771246500,1771246680,5006.25,3014,0
3014,L,1771246800,1771246980,5004.61,3015,0
3015,L,1771247580,1771247760,4999.09,,0
3016,H,1771247760,1771247940,5003.90,,0
3017,L,1771248300,1771248480,5001.94,,0
3018,H,1771248540,1771248720,5005.52,,0
3019,L,1771248900,1771249080,5002.89,,0
3020,H,1771249560,1771249740,5008.06,,0
3021,L,1771249740,1771249920,5002.04,,0
3022,H,1771249920,1771250100,5005.95,,0
3023,L,1771250280,1771250460,5003.11,3024,0
3024,L,1771250580,1771250760,5002.24,3025,0
3025,L,1771250820,1771251000,5000.84,3026,0
3026,L,1771251480,1771251660,4993.03,,0
3027,H,1771251600,1771251780,4999.27,,0
3028,L,1771252200,1771252380,4995.07,,0
3029,H,1771252500,1771252680,5008.05,,0
3030,L,1771252920,1771253100,5001.68,,0
3031,H,1771253100,1771253280,5005.85,,0
3032,L,1771253520,1771253700,4999.39,,0
3033,H,1771254000,1771254180,5003.52,3034,0
3034,H,1771254240,1771254420,5003.72,,0
3035,L,1771254960,1771255140,4995.88,,0
3036,H,1771255200,1771255380,5001.96,,0
3037,L,1771255380,1771255560,4997.56,,0
3038,H,1771255500,1771255680,5001.74,,0
3039,L,1771255740,1771255920,4993.24,,0
3040,L,1771256040,1771256220,4995.16,3039,0
3041,H,1771256220,1771256400,4998.65,,0
3042,L,1771256400,1771256580,4992.69,,0
3043,H,1771256700,1771256880,4995.74,,0
3044,L,1771256880,1771257060,4989.80,,0
3045,H,1771257120,1771257300,4998.03,,0
3046,L,1771257300,1771257480,4994.29,,0
3047,H,1771257360,1771257540,4998.26,,0
3048,H,1771257600,1771257780,4997.78,3047,0
3049,L,1771257840,1771258020,4994.44,,0
3050,H,1771258020,1771258200,4998.36,,0
3051,L,1771258320,1771258500,4994.54,,0
3052,H,1771258620,1771258800,4999.55,,0
3053,L,1771258800,1771258980,4990.58,,0
3054,H,1771259040,1771259220,4995.09,,0
3055,L,1771259220,1771259400,4990.00,,0
3056,H,1771259460,1771259640,4994.45,,0
3057,L,1771259820,1771260000,4988.15,,0
3058,H,1771260120,1771260300,4991.83,,0
3059,L,1771260420,1771260600,4981.76,,0
3060,H,1771260780,1771260960,4989.19,,0
3061,H,1771261140,1771261320,4988.34,3060,0
3062,L,1771261500,1771261680,4969.09,,0
3063,H,1771261740,1771261920,4979.54,,0
3064,L,1771262100,1771262280,4975.71,,0
3065,H,1771262700,1771262880,4981.41,,0
3066,L,1771263360,1771263540,4975.00,,0
3067,H,1771263900,1771264080,4981.22,,0
3068,L,1771264200,1771264380,4976.90,,0
3069,H,1771264500,1771264680,4983.27,,0
3070,L,1771264980,1771265160,4973.15,,0
3071,H,1771265160,1771265340,4977.80,,0
3072,L,1771265280,1771265460,4974.45,,0
3073,H,1771265820,1771266000,4981.50,,0
3074,L,1771266000,1771266180,4975.48,,0
3075,H,1771266660,1771266840,4988.95,3076,0
3076,H,1771266960,1771267140,4989.27,,0
3077,L,1771267080,1771267260,4986.82,,0
3078,H,1771267260,1771267440,4990.41,,0
3079,L,1771267620,1771267800,4985.12,,0
3080,H,1771268580,1771268760,4994.22,,0
3081,L,1771268880,1771269060,4991.60,,0
3082,H,1771269060,1771269240,4993.85,,0
3083,L,1771269300,1771269480,4990.65,,0
3084,H,1771269420,1771269600,4994.74,,0
3085,L,1771269540,1771269720,4990.92,,0
3086,L,1771270080,1771270260,4992.94,3085,0
3087,H,1771270260,1771270440,4996.03,,0
3088,L,1771270860,1771271040,4991.45,,0
3089,H,1771270980,1771271160,4993.62,,0
3090,L,1771271520,1771271700,4990.24,,0
3091,H,1771271700,1771271880,4993.13,,0
3092,L,1771272120,1771272300,4988.63,,0
3093,H,1771272360,1771272540,4992.35,3094,0
3094,H,1771272960,1771273140,4994.27,,0
3095,L,1771273080,1771273260,4992.67,,0
3096,H,1771273440,1771273620,4997.47,,0
3097,L,1771273500,1771273680,4994.33,3098,0
3098,L,1771273800,1771273980,4991.35,,0
3099,H,1771274220,1771274400,4995.04,,1
3100,L,1771274220,1771274400,4991.88,,1
3101,L,1771274520,1771274700,4992.76,3100,0
3102,H,1771274700,1771274880,4997.57,3103,0
3103,H,1771275000,1771275180,4997.66,,0
3104,L,1771275240,1771275420,4995.34,3105,0
3105,L,1771275540,1771275720,4994.46,,0
3106,H,1771275780,1771275960,4996.11,,0
3107,L,1771275960,1771276140,4994.31,,0
3108,H,1771276200,1771276380,4996.02,,0
3109,L,1771276440,1771276620,4990.64,,0
3110,H,1771276620,1771276800,4996.37,,0
3111,L,1771276680,1771276860,4990.76,,0
3112,H,1771277100,1771277280,4992.11,,0
3113,L,1771277220,1771290000,4990.55,,0
3114,H,1771290060,1771290240,4998.30,3115,0
3115,H,1771290300,1771290480,4999.16,,0
3116,L,1771290720,1771290900,4986.42,3117,0
3117,L,1771291020,1771291200,4985.26,,0
3118,H,1771291440,1771291620,5000.80,,0
3119,L,1771292160,1771292340,4989.77,,0
3120,H,1771292220,1771292400,4992.89,,0
3121,L,1771292520,1771292700,4987.86,,0
3122,L,1771292820,1771293000,4989.13,3121,0
3123,H,1771293000,1771293180,4993.88,,0
3124,L,1771293480,1771293660,4988.90,3125,0
3125,L,1771294320,1771294500,4975.61,,0
3126,H,1771294740,1771294920,4981.42,,0
3127,L,1771295100,1771295280,4971.20,,0
3128,H,1771295460,1771295640,4977.08,,0
3129,L,1771295640,1771295820,4973.71,,0
3130,H,1771295700,1771295880,4978.91,,0
3131,L,1771295880,1771296060,4971.30,3132,0
3132,L,1771296120,1771296300,4968.64,3133,0
3133,L,1771296420,1771296600,4968.62,3134,0
3134,L,1771297140,1771297320,4932.17,,0
3135,H,1771297260,1771297440,4944.94,,0
3136,L,1771297380,1771297560,4922.92,,0
3137,L,1771297920,1771298100,4947.10,3136,0
3138,L,1771298400,1771298580,4944.41,3136,0
3139,L,1771298700,1771298880,4951.66,3136,0
3140,H,1771299060,1771299240,4958.28,,0
3141,L,1771299240,1771299420,4955.07,,0
3142,H,1771299360,1771299540,4961.37,,0
3143,L,1771299720,1771299900,4957.44,,0
3144,H,1771299840,1771300020,4963.88,,0
3145,H,1771300200,1771300380,4961.58,3144,0
3146,L,1771300260,1771300440,4955.88,3148,0
3147,L,1771300560,1771300740,4956.18,3146,0
3148,L,1771300920,1771301100,4955.44,3149,0
3149,L,1771301160,1771301340,4954.56,,0
3150,H,1771301460,1771301640,4965.69,3151,0
3151,H,1771302180,1771302360,4971.07,,0
3152,L,1771302480,1771302660,4964.36,3153,0
3153,L,1771302780,1771302960,4961.65,,0
3154,H,1771303140,1771303320,4964.60,,0
3155,L,1771303440,1771303620,4959.45,,0
3156,H,1771303680,1771303860,4964.13,,0
3157,L,1771303800,1771303980,4961.13,,0
3158,H,1771304400,1771304580,4970.10,,0
3159,L,1771304760,1771304940,4960.61,,0
3160,H,1771304880,1771305060,4965.34,,0
3161,H,1771305120,1771305300,4964.74,3160,0
3162,L,1771305360,1771305540,4956.59,,0
3163,H,1771305720,1771305900,4961.72,,0
3164,L,1771306020,1771306200,4953.76,,0
3165,H,1771306320,1771306500,4960.33,,0
3166,L,1771306860,1771307040,4950.07,,0
3167,H,1771306980,1771307160,4956.01,,0
3168,L,1771307160,1771307340,4953.20,,0
3169,H,1771307460,1771307640,4959.66,3170,0
3170,H,1771307700,1771307880,4960.40,,0
3171,L,1771308360,1771308540,4946.73,,0
3172,H,1771309620,1771309800,4960.15,,0
3173,L,1771310220,1771310400,4950.37,,0
3174,H,1771310400,1771310580,4955.40,,0
3175,L,1771310700,1771310880,4951.02,,0
3176,H,1771310880,1771311060,4953.77,,0
3177,L,1771311000,1771311180,4949.36,,0
3178,H,1771311180,1771311360,4952.51,,0
3179,L,1771311300,1771311480,4950.41,,0
3180,H,1771311600,1771311780,4954.22,,0
3181,L,1771312020,1771312200,4937.48,3182,0
3182,L,1771313100,1771313280,4888.64,,0
3183,H,1771313160,1771313340,4904.08,,0
3184,L,1771313520,1771313700,4859.14,,0
3185,H,1771313820,1771314000,4889.93,,0
3186,L,1771314060,1771314240,4875.03,,0
3187,H,1771314360,1771314540,4887.96,,0
3188,L,1771314480,1771314660,4873.84,,0
3189,H,1771314780,1771314960,4897.60,,0
3190,L,1771314900,1771315080,4884.26,,0
3191,H,1771315320,1771315500,4893.64,,0
3192,L,1771315560,1771315740,4889.67,,0
3193,H,1771315680,1771315860,4894.51,,0
3194,L,1771316100,1771316280,4886.79,,0
3195,H,1771316340,1771316520,4901.37,,0
3196,H,1771316580,1771316760,4901.00,3195,0
3197,L,1771316760,1771316940,4891.83,3198,0
3198,L,1771317000,1771317180,4891.55,,0
3199,H,1771317660,1771317840,4914.28,,0
3200,L,1771318020,1771318200,4899.52,,0
3201,H,1771318440,1771318620,4913.76,,0
3202,L,1771318920,1771319100,4903.99,,0
3203,H,1771319220,1771319400,4913.78,,0
3204,H,1771319580,1771319760,4910.88,3203,0
3205,L,1771319760,1771319940,4905.67,,0
3206,H,1771320060,1771320240,4916.64,,0
3207,L,1771320660,1771320840,4904.11,,0
3208,H,1771321380,1771321560,4921.18,,0
3209,H,1771321680,1771321860,4918.27,3208,0
3210,L,1771321800,1771321980,4914.99,,0
3211,H,1771322040,1771322220,4922.16,,0
3212,L,1771322340,1771322520,4915.20,,0
3213,H,1771322640,1771322820,4926.44,,0
3214,L,1771322880,1771323060,4917.65,,0
3215,H,1771323240,1771323420,4930.32,,0
3216,L,1771323660,1771323840,4922.42,,0
3217,H,1771323780,1771323960,4928.53,,0
3218,L,1771324200,1771324380,4918.90,,0
3219,H,1771324260,1771324440,4925.75,,0
3220,L,1771324740,1771324920,4916.61,3221,0
3221,L,1771324980,1771325160,4916.55,,0
3222,H,1771325400,1771325580,4925.40,3223,0
3223,H,1771326300,1771326480,4928.76,,0
3224,L,1771326540,1771326720,4921.13,,0
3225,H,1771326600,1771326780,4925.71,,0
3226,L,1771327020,1771327200,4918.29,,0
3227,L,1771327380,1771327560,4918.49,3226,0
3228,H,1771327500,1771327680,4921.71,,0
3229,L,1771327800,1771327980,4916.61,,1
3230,H,1771327800,1771327980,4921.24,3231,1
3231,H,1771328160,1771328340,4924.45,,0
3232,L,1771328580,1771328760,4918.36,,0
3233,H,1771328700,1771328880,4922.23,,0
3234,L,1771328820,1771329000,4913.45,,0
3235,H,1771329180,1771329360,4932.61,,0
3236,L,1771329600,1771329780,4923.71,,0
3237,H,1771329660,1771329840,4928.74,3238,0
3238,H,1771329900,1771330080,4929.56,3239,0
3239,H,1771330320,1771330500,4939.39,,0
3240,L,1771330740,1771330920,4931.69,,0
3241,H,1771330860,1771331040,4935.81,,0
3242,L,1771331520,1771331700,4921.07,3243,0
3243,L,1771331760,1771331940,4919.71,,0
3244,H,1771331940,1771332120,4927.08,,0
3245,L,1771332840,1771333020,4907.62,,0
3246,H,1771333320,1771333500,4920.20,,0
3247,L,1771334400,1771334580,4924.79,,0
3248,H,1771334460,1771334640,4930.55,,0
3249,L,1771334700,1771334880,4926.38,,0
3250,H,1771334820,1771335000,4929.53,3251,0
3251,H,1771335780,1771335960,4930.11,,0
3252,H,1771336140,1771336320,4929.72,3251,0
3253,L,1771336560,1771336740,4921.60,,0
3254,H,1771336860,1771337040,4934.13,3255,0
3255,H,1771337460,1771337640,4938.59,,0
3256,L,1771337640,1771337820,4933.56,,0
3257,H,1771337700,1771337880,4944.16,,0
3258,H,1771338120,1771338300,4941.91,3257,0
3259,L,1771338480,1771338660,4939.51,,0
3260,H,1771338660,1771338840,4944.18,,0
3261,H,1771338900,1771339080,4943.27,3260,0
3262,L,1771339260,1771339440,4933.45,3263,0
3263,L,1771340280,1771340460,4929.08,,0
3264,H,1771340820,1771341000,4928.58,,1
3265,L,1771340820,1771341000,4922.23,,1
3266,H,1771341300,1771341480,4922.78,,0
3267,L,1771341600,1771341780,4911.06,,0
3268,H,1771341720,1771341900,4922.99,,0
3269,L,1771341900,1771342080,4915.69,,0
3270,H,1771341960,1771342140,4921.49,3271,0
3271,H,1771342200,1771342380,4921.80,,0
3272,L,1771342320,1771342500,4907.86,,0
3273,H,1771342860,1771343040,4922.54,,0
3274,L,1771342920,1771343100,4912.60,,0
3275,H,1771343100,1771343280,4924.41,,0
3276,H,1771343640,1771343820,4918.59,3275,0
3277,L,1771344060,1771344240,4842.15,,0
3278,H,1771344480,1771344660,4899.75,,0
3279,L,1771344720,1771344900,4884.82,,0
3280,H,1771344900,1771345080,4900.21,,0
3281,L,1771345080,1771345260,4889.73,,0
3282,H,1771345320,1771345500,4904.37,3283,0
3283,H,1771345860,1771346040,4907.16,,0
3284,L,1771345980,1771346160,4887.39,3285,0
3285,L,1771346400,1771346580,4872.43,,0
3286,H,1771346580,1771346760,4886.62,,0
3287,L,1771346640,1771346820,4867.37,3288,0
3288,L,1771347000,1771347180,4856.24,,0
3289,H,1771347120,1771347300,4880.48,,0
3290,H,1771347420,1771347600,4879.53,3289,0
3291,L,1771347600,1771347780,4849.19,,0
3292,H,1771347900,1771348080,4872.74,,0
3293,L,1771348260,1771348440,4852.45,,0
3294,H,1771348920,1771349100,4877.47,,0
3295,L,1771349700,1771349880,4852.81,,0
3296,H,1771350060,1771350240,4872.81,,0
3297,L,1771350120,1771350300,4862.15,,0
3298,H,1771350480,1771350660,4874.88,,0
3299,L,1771350600,1771350780,4861.75,,0
3300,H,1771350720,1771350900,4870.81,3301,0
3301,H,1771351320,1771351500,4887.95,,0
3302,L,1771351440,1771351620,4876.76,,0
3303,H,1771351620,1771351800,4893.55,,0
3304,L,1771351920,1771352100,4882.80,,0
3305,H,1771352220,1771352400,4890.41,,0
3306,L,1771352400,1771352580,4883.76,,0
3307,H,1771352580,1771352760,4891.56,,0
3308,L,1771352760,1771352940,4880.90,3309,0
3309,L,1771353060,1771353240,4876.47,,0
3310,L,1771353300,1771353480,4877.81,3309,0
3311,H,1771353780,1771353960,4887.63,,1
3312,L,1771353780,1771353960,4874.07,,1
3313,H,1771354320,1771354500,4883.33,,0
3314,L,1771354800,1771354980,4858.32,,0
3315,H,1771355220,1771355400,4871.35,,0
3316,L,1771355460,1771355640,4850.33,,0
3317,H,1771355940,1771356120,4864.34,,0
3318,L,1771356300,1771356480,4857.50,,0
3319,H,1771356600,1771356780,4867.92,,0
3320,L,1771356900,1771357080,4861.68,,0
3321,H,1771357020,1771357200,4868.45,,0
3322,L,1771357500,1771357680,4855.94,,0
3323,H,1771357860,1771358040,4865.91,,0
3324,L,1771357980,1771358160,4854.03,,0
3325,H,1771358640,1771358820,4871.94,,0
3326,L,1771358880,1771359060,4862.51,,0
3327,H,1771359600,1771359780,4883.53,3328,0
3328,H,1771359900,1771360080,4890.02,,0
3329,H,1771360140,1771360320,4888.17,3328,0
3330,L,1771360200,1771360380,4879.89,,0
3331,L,1771360440,1771360620,4880.60,3330,0
3332,H,1771360560,1771360740,4891.19,3333,0
3333,H,1771360800,1771360980,4895.69,,0
3334,L,1771361280,1771361460,4885.28,,0
3335,H,1771361460,1771361640,4896.77,,0
3336,L,1771361580,1771361760,4890.32,,0
3337,H,1771361760,1771361940,4910.52,,0
3338,L,1771362060,1771362240,4894.62,3339,0
3339,L,1771362360,1771362540,4894.58,3340,0
3340,L,1771362900,1771363080,4892.91,,0
3341,H,1771363080,1771363260,4897.98,,0
3342,L,1771363260,1771363440,4887.55,,0
3343,H,1771363380,1771363560,4894.34,,0
3344,L,1771363860,1771364040,4876.62,,0
3345,H,1771364220,1771364400,4887.64,3346,0
3346,H,1771364460,1771364640,4888.19,,0
3347,L,1771364820,1771365000,4881.76,,0
3348,H,1771365000,1771365180,4885.65,,0
3349,H,1771365300,1771365480,4884.89,3348,0
3350,H,1771365660,1771365840,4882.47,3348,0
3351,L,1771365840,1771366020,4874.03,3353,0
3352,L,1771366140,1771366320,4875.21,3351,0
3353,L,1771367040,1771367220,4873.38,,0
3354,H,1771367220,1771367400,4879.45,,0
3355,L,1771367640,1771367820,4873.93,,0
3356,H,1771367700,1771367880,4878.13,3357,0
3357,H,1771368120,1771368300,4883.29,3358,0
3358,H,1771368600,1771368780,4884.09,,0
3359,H,1771368900,1771369080,4883.87,3358,0
3360,L,1771369200,1771369380,4875.80,,0
3361,H,1771369320,1771369500,4884.40,,0
3362,L,1771369620,1771369800,4875.14,,0
3363,H,1771370220,1771370400,4886.75,,0
3364,L,1771370640,1771370820,4877.83,,0
3365,H,1771370820,1771371000,4882.60,,0
3366,L,1771371000,1771371180,4879.71,3367,0
3367,L,1771371300,1771371480,4879.12,,0
3368,H,1771371480,1771371660,4881.99,,0
3369,L,1771371600,1771371780,4878.59,,0
3370,H,1771371720,1771371900,4880.93,,0
3371,H,1771376400,1771376580,4879.99,3370,0
3372,L,1771376520,1771376700,4860.32,,0
3373,H,1771376940,1771377120,4875.45,,0
3374,L,1771377060,1771377240,4865.91,,0
3375,H,1771377300,1771377480,4884.44,,0
3376,L,1771377480,1771377660,4868.15,3377,0
3377,L,1771377840,1771378020,4867.85,,0
3378,H,1771378200,1771378380,4883.33,,0
3379,L,1771378440,1771378620,4869.22,3380,0
3380,L,1771378740,1771378920,4866.23,,0
3381,H,1771379040,1771379220,4876.96,,0
3382,L,1771379580,1771379760,4854.28,,0
3383,H,1771380120,1771380300,4869.82,,0
3384,L,1771380240,1771380420,4860.72,3385,0
3385,L,1771380480,1771380660,4860.12,,0
3386,H,1771380720,1771380900,4869.30,,0
3387,L,1771380840,1771381020,4861.60,,0
3388,H,1771381020,1771381200,4869.61,,0
3389,L,1771381260,1771381440,4858.44,,0
3390,H,1771381500,1771381680,4872.41,,0
3391,L,1771381800,1771381980,4868.02,,0
3392,H,1771382160,1771382340,4880.43,3393,0
3393,H,1771382520,1771382700,4881.92,,0
3394,L,1771382940,1771383120,4875.77,,0
3395,H,1771383120,1771383300,4882.60,,0
3396,L,1771383540,1771383720,4872.28,,0
3397,H,1771383780,1771383960,4888.90,3398,0
3398,H,1771384080,1771384260,4889.98,,0
3399,L,1771384200,1771384380,4883.38,,0
3400,H,1771384560,1771384740,4891.49,,0
3401,L,1771384860,1771385040,4883.33,3402,0
3402,L,1771385100,1771385280,4881.65,,0
3403,H,1771385220,1771385400,4889.02,,0
3404,L,1771385460,1771385640,4883.85,,0
3405,H,1771385760,1771385940,4892.49,,0
3406,L,1771385880,1771386060,4887.59,,0
3407,H,1771386180,1771386360,4889.83,,0
3408,L,1771386300,1771386480,4883.17,,0
3409,H,1771386480,1771386660,4888.54,,0
3410,L,1771386720,1771386900,4883.14,,0
3411,H,1771387080,1771387260,4892.69,,0
3412,L,1771387980,1771388160,4896.88,,1
3413,H,1771387980,1771388160,4901.39,,1
3414,H,1771388280,1771388460,4900.19,3413,0
3415,L,1771388400,1771388580,4895.34,,0
3416,H,1771388880,1771389060,4904.40,3417,0
3417,H,1771389300,1771389480,4906.51,,0
3418,L,1771389480,1771389660,4903.59,,0
3419,H,1771389900,1771390080,4906.30,,0
3420,L,1771390080,1771390260,4903.44,,0
3421,H,1771390440,1771390620,4907.36,,0
3422,L,1771390680,1771390860,4903.02,,0
3423,H,1771391160,1771391340,4916.04,,0
3424,H,1771391400,1771391580,4915.69,3423,0
3425,L,1771391580,1771391760,4911.53,,0
3426,H,1771392060,1771392240,4919.57,,0
3427,L,1771392420,1771392600,4918.09,,0
3428,H,1771392600,1771392780,4920.75,,0
3429,L,1771392840,1771393020,4916.67,,0
3430,L,1771393320,1771393500,4916.87,3429,0
3431,H,1771393440,1771393620,4918.87,3432,0
3432,H,1771393800,1771393980,4920.46,3433,0
3433,H,1771394100,1771394280,4922.11,,0
3434,H,1771394340,1771394520,4921.98,3433,0
3435,L,1771394640,1771394820,4918.31,,0
3436,H,1771395240,1771395420,4931.08,,0
3437,L,1771395420,1771395600,4924.87,,0
3438,H,1771396380,1771396560,4936.92,,0
3439,L,1771396800,1771396980,4931.44,,0
3440,L,1771397220,1771397400,4932.37,3439,0
3441,H,1771397580,1771397760,4940.37,,0
3442,L,1771397880,1771398060,4932.49,,0
3443,H,1771398060,1771398240,4938.62,,0
3444,L,1771398600,1771398780,4930.01,,0
3445,H,1771398720,1771398900,4934.32,,0
3446,L,1771398840,1771399020,4931.11,,0
3447,H,1771399200,1771399380,4934.91,3448,0
3448,H,1771399620,1771399800,4939.30,,0
3449,L,1771399740,1771399920,4934.65,,0
3450,L,1771400160,1771400340,4935.21,3449,0
3451,H,1771400340,1771400520,4939.82,,0
3452,L,1771400820,1771401000,4933.90,,0
3453,H,1771401180,1771401360,4938.63,,0
3454,L,1771401660,1771401840,4928.86,3455,0
3455,L,1771402080,1771402260,4926.56,3456,0
3456,L,1771402380,1771402560,4926.08,3457,0
3457,L,1771402620,1771402800,4925.23,,0
3458,H,1771403160,1771403340,4932.59,,0
3459,H,1771403400,1771403580,4932.42,3458,0
3460,L,1771403640,1771403820,4926.92,,0
3461,L,1771404240,1771404420,4929.73,3460,0
3462,H,1771404600,1771404780,4936.09,,0
3463,L,1771405200,1771405380,4930.02,,0
3464,H,1771405680,1771405860,4939.04,,0
3465,L,1771405920,1771406100,4935.38,,0
3466,H,1771406040,1771406220,4942.26,,0
3467,L,1771406580,1771406760,4932.62,,0
3468,H,1771406640,1771406820,4936.01,3469,0
3469,H,1771406940,1771407120,4941.26,,0
3470,H,1771407420,1771407600,4940.57,3469,0
3471,H,1771407960,1771408140,4935.53,3469,0
3472,L,1771408080,1771408260,4930.63,,0
3473,H,1771408560,1771408740,4931.25,,0
3474,L,1771408680,1771408860,4929.19,,0
3475,H,1771408980,1771409160,4932.31,,0
3476,L,1771409340,1771409520,4926.80,,0
3477,H,1771409520,1771409700,4931.08,,0
3478,L,1771410120,1771410300,4923.62,,0
3479,H,1771410360,1771410540,4927.62,,0
3480,L,1771410480,1771410660,4922.68,,0
3481,H,1771410720,1771410900,4926.57,,0
3482,L,1771410840,1771411020,4921.53,,0
3483,H,1771411020,1771411200,4926.54,3484,0
3484,H,1771411320,1771411500,4926.89,,0
3485,L,1771411560,1771411740,4919.33,3486,0
3486,L,1771411920,1771412100,4918.41,,0
3487,H,1771412280,1771412460,4922.15,,0
3488,L,1771412340,1771412520,4916.71,,0
3489,H,1771412520,1771412700,4920.52,,0
3490,L,1771412820,1771413000,4913.03,,0
3491,H,1771412940,1771413120,4919.98,,0
3492,L,1771413480,1771413660,4913.01,,0
3493,H,1771413900,1771414080,4923.07,,0
3494,L,1771414020,1771414200,4920.35,,0
3495,H,1771414200,1771414380,4923.06,,0
3496,L,1771414500,1771414680,4916.26,,0
3497,H,1771414680,1771414860,4919.08,,0
3498,L,1771414740,1771414920,4916.60,,0
3499,L,1771415160,1771415340,4919.18,3498,0
3500,L,1771415400,1771415580,4916.81,3498,0
3501,H,1771415640,1771415820,4922.19,,0
3502,L,1771415940,1771416120,4916.27,,0
3503,H,1771416300,1771416480,4923.46,3504,0
3504,H,1771416660,1771416840,4924.44,,0
3505,H,1771417020,1771417200,4921.45,3504,0
3506,L,1771417080,1771417260,4917.96,,0
3507,H,1771417380,1771417560,4924.52,,0
3508,L,1771417560,1771417740,4919.94,3509,0
3509,L,1771417800,1771417980,4915.61,3510,0
3510,L,1771418280,1771418460,4909.44,,0
3511,L,1771418580,1771418760,4910.45,3510,0
3512,L,1771419120,1771419300,4910.32,3510,0
3513,H,1771419420,1771419600,4916.77,,0
3514,L,1771419720,1771419900,4912.61,,0
3515,H,1771419960,1771420140,4914.87,,0
3516,L,1771420140,1771420320,4912.55,,0
3517,H,1771420500,1771420680,4917.29,3518,0
3518,H,1771420800,1771420980,4917.56,,0
3519,L,1771420920,1771421100,4914.93,,0
3520,H,1771421040,1771421220,4917.61,,0
3521,H,1771421520,1771421700,4916.56,3520,0
3522,L,1771421640,1771421820,4912.51,,0
3523,H,1771421940,1771422120,4916.02,,0
3524,L,1771422420,1771422600,4906.41,,0
3525,H,1771422600,1771422780,4915.94,,0
3526,H,1771422840,1771423020,4915.17,3525,0
3527,L,1771422960,1771423140,4909.55,,0
3528,H,1771423980,1771424160,4926.18,,0
3529,L,1771424040,1771424220,4921.44,,0
3530,H,1771424280,1771424460,4929.41,,0
3531,L,1771424400,1771424580,4924.08,,0
3532,H,1771424580,1771424760,4929.20,,0
3533,L,1771425120,1771425300,4917.84,,0
3534,H,1771425720,1771425900,4931.11,3535,0
3535,H,1771426860,1771427040,4955.18,,0
3536,L,1771427100,1771427280,4944.10,,0
3537,H,1771427220,1771427400,4958.64,3538,0
3538,H,1771427700,1771427880,4958.96,3539,0
3539,H,1771428060,1771428240,4958.99,,0
3540,L,1771428240,1771428420,4952.45,,0
3541,H,1771428420,1771428600,4959.35,,0
3542,L,1771428600,1771428780,4955.35,,0
3543,L,1771428840,1771429020,4955.81,3542,0
3544,H,1771429020,1771429200,4968.98,,0
3545,L,1771429500,1771429680,4950.69,,1
3546,H,1771429500,1771429680,4956.69,,1
3547,H,1771429740,1771429920,4955.24,3546,0
3548,L,1771429980,1771430160,4949.78,,0
3549,H,1771430100,1771430280,4954.05,,0
3550,L,1771430220,1771430400,4949.08,,0
3551,H,1771430580,1771430760,4961.26,,0
3552,L,1771430760,1771430940,4954.18,3553,0
3553,L,1771431060,1771431240,4952.38,,0
3554,H,1771431360,1771431540,4961.37,,0
3555,L,1771431780,1771431960,4955.50,,0
3556,H,1771432020,1771432200,4963.63,,0
3557,L,1771432200,1771432380,4955.65,,0
3558,H,1771432320,1771432500,4978.64,,0
3559,L,1771433040,1771433220,4979.09,,0
3560,H,1771433220,1771433400,4989.16,,0
3561,L,1771433340,1771433520,4981.25,,0
3562,H,1771433640,1771433820,4994.17,,0
3563,L,1771433760,1771433940,4990.39,,0
3564,H,1771434240,1771434420,5008.05,,0
3565,L,1771434420,1771434600,4994.70,,0
3566,L,1771434660,1771434840,4994.74,3565,0
3567,H,1771434960,1771435140,5008.92,,0
3568,L,1771435080,1771435260,5000.39,,0
3569,H,1771435620,1771435800,5007.43,,0
3570,L,1771435860,1771436040,5000.12,,0
3571,H,1771436280,1771436460,5004.08,,0
3572,L,1771436340,1771436520,4997.32,,0
3573,H,1771436520,1771436700,5002.69,,0
3574,L,1771436820,1771437000,4996.39,,0
3575,H,1771437840,1771438020,5003.22,,0
3576,H,1771438320,1771438500,5000.95,3575,0
3577,L,1771438560,1771438740,4996.52,,0
3578,H,1771438680,1771438860,5000.03,,0
3579,L,1771439160,1771439340,4991.45,,0
3580,H,1771439700,1771439880,5004.55,,0
3581,L,1771439880,1771440060,4999.57,,0
3582,H,1771440480,1771440660,5010.90,,0
3583,L,1771440540,1771440720,5004.44,3584,0
3584,L,1771441380,1771441560,4996.92,,0
3585,H,1771441740,1771441920,5000.96,,0
3586,L,1771441980,1771442160,4996.23,,0
3587,H,1771442160,1771442340,5000.08,,0
3588,L,1771442220,1771442400,4997.47,,0
3589,H,1771442520,1771442700,5000.64,,0
3590,L,1771442760,1771442940,4997.70,,0
3591,H,1771443060,1771443240,5000.03,,0
3592,L,1771443240,1771443420,4993.58,,0
3593,H,1771443360,1771443540,4999.18,3594,0
3594,H,1771443900,1771444080,5000.20,,0
3595,L,1771444260,1771444440,4997.26,,0
3596,H,1771444620,1771444800,5000.87,,0
3597,L,1771444740,1771444920,4997.82,,0
3598,H,1771445160,1771445340,5003.27,,0
3599,H,1771445820,1771446000,4999.29,3598,0
3600,L,1771445940,1771446120,4993.28,,0
3601,H,1771446240,1771446420,4995.47,,0
3602,L,1771446720,1771446900,4983.03,,0
3603,H,1771446960,1771447140,4993.02,,0
3604,L,1771447080,1771447260,4982.50,3605,0
3605,L,1771447380,1771447560,4980.64,,0
3606,L,1771447740,1771447920,4982.45,3605,0
3607,H,1771447800,1771447980,4986.80,,0
3608,L,1771447980,1771448160,4983.73,,0
3609,L,1771448340,1771448520,4983.92,3608,0
3610,H,1771448580,1771448760,4994.36,,0
3611,L,1771448760,1771448940,4987.46,,0
3612,H,1771449120,1771449300,4993.77,,0
3613,L,1771449480,1771449660,4990.39,,0
3614,H,1771449900,1771450080,4995.39,,0
3615,L,1771450020,1771450200,4972.95,,0
3616,L,1771450260,1771450440,4972.98,3615,0
3617,H,1771450500,1771450680,4984.33,,0
3618,L,1771450860,1771451040,4979.79,,0
3619,H,1771451100,1771451280,4984.43,,0
3620,L,1771451520,1771451700,4978.57,,0
3621,H,1771451760,1771451940,4981.70,,0
3622,L,1771451820,1771452000,4978.68,,0
3623,H,1771452000,1771452180,4982.59,3624,0
3624,H,1771452240,1771452420,4984.59,,0
3625,L,1771452420,1771452600,4978.92,3626,0
3626,L,1771452780,1771452960,4975.55,,0
3627,H,1771453140,1771453320,4981.03,,0
3628,L,1771453320,1771453500,4977.04,,0
3629,H,1771453560,1771453740,4980.17,,0
3630,L,1771453800,1771453980,4976.65,,0
3631,H,1771454280,1771454460,4985.31,,0
3632,L,1771454520,1771454700,4983.03,,0
3633,H,1771454580,1771454760,4987.57,,0
3634,L,1771455300,1771455480,4979.54,,0
3635,H,1771455540,1771455720,4986.03,3636,0
3636,H,1771455840,1771456020,4986.37,,0
3637,L,1771456020,1771456200,4980.63,,0
3638,H,1771456200,1771456380,4983.37,,0
3639,L,1771456500,1771456680,4980.47,,0
3640,H,1771457100,1771457280,4984.25,,0
3641,L,1771457760,1771457940,4979.08,,0
3642,H,1771458000,1771458180,4981.34,,0
3643,L,1771458180,1771458360,4978.67,,0
3644,H,1771458540,1771458720,4980.56,,0
3645,H,1771462800,1771462980,4980.42,3644,0
3646,L,1771462860,1771463040,4961.37,,0
3647,H,1771463100,1771463280,4974.63,,0
3648,L,1771463220,1771463400,4967.20,,0
3649,H,1771463400,1771463580,4981.11,,0
3650,L,1771463820,1771464000,4972.06,,0
3651,L,1771464180,1771464360,4975.29,3650,0
3652,H,1771464360,1771464540,4984.01,,0
3653,L,1771464480,1771464660,4980.56,,0
3654,H,1771464780,1771464960,4988.74,,0
3655,H,1771465020,1771465200,4983.80,3654,0
3656,L,1771465080,1771465260,4980.32,,0
3657,H,1771465500,1771465680,4982.94,,0
3658,L,1771465680,1771465860,4975.80,,0
3659,H,1771465800,1771465980,4980.68,,0
3660,L,1771466220,1771466400,4968.41,,0
3661,H,1771466400,1771466580,4976.34,,0
3662,L,1771466700,1771466880,4961.39,,0
3663,H,1771466880,1771467060,4968.90,3664,0
3664,H,1771467540,1771467720,4971.97,,0
3665,L,1771467780,1771467960,4964.91,3666,0
3666,L,1771468020,1771468200,4963.93,,0
3667,H,1771468200,1771468380,4971.06,,0
3668,L,1771468560,1771468740,4964.89,,0
3669,H,1771468740,1771468920,4973.10,,0
3670,L,1771469100,1771469280,4962.76,3671,0
3671,L,1771469520,1771469700,4961.14,,0
3672,H,1771469640,1771469820,4964.53,,0
3673,L,1771469880,1771470060,4960.64,,0
3674,H,1771470480,1771470660,4968.57,,0
3675,L,1771470660,1771470840,4961.23,,0
3676,H,1771470960,1771471140,4967.15,,0
3677,L,1771471500,1771471680,4961.50,,0
3678,L,1771471980,1771472160,4961.98,3677,0
3679,H,1771472220,1771472400,4970.52,3680,0
3680,H,1771472700,1771472880,4971.91,3681,0
3681,H,1771473300,1771473480,4975.61,,0
3682,L,1771473360,1771473540,4972.51,3683,0
3683,L,1771473660,1771473840,4970.96,,0
3684,H,1771473900,1771474080,4977.33,,0
3685,L,1771474260,1771474440,4972.65,,0
3686,H,1771474500,1771474680,4974.86,,0
3687,L,1771474560,1771474740,4965.78,,0
3688,H,1771474860,1771475040,4970.98,,0
3689,L,1771475040,1771475220,4967.98,,0
3690,H,1771475280,1771475460,4974.11,,0
3691,L,1771475520,1771475700,4968.88,3692,0
3692,L,1771475880,1771476060,4968.65,,0
3693,H,1771476120,1771476300,4973.28,,0
3694,L,1771476240,1771476420,4970.66,3695,0
3695,L,1771476660,1771476840,4970.27,,0
3696,H,1771476840,1771477020,4973.15,,0
3697,L,1771477200,1771477380,4966.35,,0
3698,L,1771477560,1771477740,4966.74,3697,0
3699,L,1771477920,1771478100,4968.08,3697,0
3700,H,1771477980,1771478160,4970.97,,0
3701,L,1771478220,1771478400,4968.08,,0
3702,H,1771478400,1771478580,4971.77,,0
3703,L,1771478580,1771478760,4966.96,,0
3704,H,1771479240,1771479420,4978.92,,0
3705,L,1771479720,1771479900,4973.91,,0
3706,H,1771480260,1771480440,4983.42,,0
3707,H,1771480500,1771480680,4982.40,3706,0
3708,L,1771480560,1771480740,4980.70,,0
3709,H,1771480740,1771480920,4982.50,,0
3710,L,1771480920,1771481100,4978.58,,0
3711,H,1771481100,1771481280,4983.53,3712,0
3712,H,1771481520,1771481700,4984.84,,0
3713,L,1771481820,1771482000,4979.54,3714,0
3714,L,1771482120,1771482300,4978.36,,0
3715,H,1771482300,1771482480,4983.28,,0
3716,L,1771482540,1771482720,4979.72,,0
3717,H,1771482720,1771482900,4985.44,,0
3718,L,1771483200,1771483380,4979.44,3719,0
3719,L,1771483620,1771483800,4976.89,,0
3720,L,1771484340,1771484520,4983.62,3719,0
3721,L,1771484940,1771485120,4987.13,3719,0
3722,H,1771485120,1771485300,4993.40,,0
3723,L,1771485480,1771485660,4987.93,,0
3724,H,1771485660,1771485840,4989.65,,0
3725,L,1771485780,1771485960,4987.73,,0
3726,H,1771485960,1771486140,4990.10,,0
3727,L,1771486020,1771486200,4987.55,,0
3728,H,1771487280,1771487460,4998.60,,0
3729,L,1771487340,1771487520,4995.71,,0
3730,H,1771487640,1771487820,4998.29,,0
3731,L,1771487760,1771487940,4995.45,,0
3732,H,1771488360,1771488540,5000.01,,0
3733,L,1771488540,1771488720,4996.64,,0
3734,H,1771488660,1771488840,4999.87,,0
3735,L,1771489080,1771489260,4997.90,,0
3736,H,1771489140,1771489320,5000.85,,0
3737,L,1771489380,1771489560,4997.28,,0
3738,H,1771490460,1771490640,5010.68,3739,0
3739,H,1771490700,1771490880,5016.03,3740,0
3740,H,1771491300,1771491480,5019.96,,0
3741,L,1771491540,1771491720,5017.27,3743,0
3742,L,1771491780,1771491960,5017.66,3741,0
3743,L,1771492020,1771492200,5017.01,,0
3744,H,1771492200,1771492380,5021.67,,0
3745,L,1771492680,1771492860,5015.88,3746,0
3746,L,1771493040,1771493220,5014.88,,0
3747,H,1771493160,1771493340,5019.99,3748,0
3748,H,1771493520,1771493700,5020.31,,0
3749,L,1771493640,1771493820,5017.58,3750,0
3750,L,1771494060,1771494240,5014.80,3751,0
3751,L,1771494420,1771494600,5013.29,,0
3752,H,1771494660,1771494840,5017.02,,0
3753,L,1771495020,1771495200,5008.91,3754,0
3754,L,1771495320,1771495500,5007.34,3755,0
3755,L,1771495680,1771495860,5006.43,,0
3756,L,1771496280,1771496460,5009.39,3755,0
3757,H,1771496340,1771496520,5014.58,,0
3758,L,1771496820,1771497000,5011.75,,0
3759,H,1771497000,1771497180,5015.29,,0
3760,L,1771497420,1771497600,5010.52,,0
3761,L,1771498020,1771498200,5018.33,3760,0
3762,H,1771498080,1771498260,5021.88,,0
3763,L,1771498380,1771498560,5013.47,,0
3764,L,1771499040,1771499220,5015.86,3763,0
3765,H,1771499460,1771499640,5020.13,,0
3766,L,1771499520,1771499700,5017.79,,0
3767,H,1771499760,1771499940,5020.39,,0
3768,L,1771500000,1771500180,5011.84,3769,0
3769,L,1771500600,1771500780,4999.63,3770,0
3770,L,1771500960,1771501140,4993.25,,0
3771,H,1771501800,1771501980,5005.23,,0
3772,L,1771502580,1771502760,4989.33,3773,0
3773,L,1771503060,1771503240,4983.38,,0
3774,H,1771503660,1771503840,4991.46,,0
3775,L,1771503720,1771503900,4989.02,,0
3776,H,1771503960,1771504140,4991.45,,0
3777,L,1771504200,1771504380,4981.70,,0
3778,H,1771504500,1771504680,4993.51,3779,0
3779,H,1771504740,1771504920,4995.31,,0
3780,L,1771505220,1771505400,4988.02,,0
3781,H,1771505460,1771505640,4991.81,,0
3782,L,1771505520,1771505700,4988.47,,0
3783,H,1771505940,1771506120,4993.45,,0
3784,L,1771506120,1771506300,4989.28,,0
3785,H,1771506660,1771506840,4996.28,,0
3786,L,1771507020,1771507200,4978.25,,0
3787,H,1771507260,1771507440,4990.40,,0
3788,L,1771507920,1771508100,4982.71,,0
3789,H,1771508220,1771508400,4986.07,,0
3790,L,1771508400,1771508580,4981.87,,0
3791,H,1771508460,1771508640,4986.29,,0
3792,H,1771509000,1771509180,4986.10,3791,0
3793,H,1771509420,1771509600,4986.20,3791,0
3794,L,1771509720,1771509900,4980.55,,0
3795,H,1771509900,1771510080,4990.44,,0
3796,L,1771510260,1771510440,4981.50,,0
3797,H,1771510500,1771510680,4989.08,,0
3798,L,1771510860,1771511040,4984.61,,0
3799,H,1771510920,1771511100,4988.12,3800,0
3800,H,1771511520,1771511700,4992.79,,0
3801,L,1771511760,1771511940,4983.50,,0
3802,H,1771512300,1771512480,4987.50,,0
3803,L,1771512600,1771512780,4980.94,,0
3804,H,1771512780,1771512960,4985.59,,0
3805,L,1771512900,1771513080,4983.02,,0
3806,H,1771513140,1771513320,4986.08,,0
3807,L,1771513320,1771513500,4974.63,,0
3808,H,1771513680,1771513860,4986.16,,0
3809,L,1771513980,1771514160,4980.79,,0
3810,H,1771514100,1771514280,4985.75,,0
3811,L,1771514460,1771514640,4979.68,,0
3812,H,1771514760,1771514940,4987.70,,0
3813,L,1771515000,1771515180,4973.07,,0
3814,H,1771515720,1771515900,4997.22,,0
3815,L,1771516080,1771516260,4991.37,,0
3816,H,1771516680,1771516860,4998.53,,0
3817,L,1771517400,1771517580,4972.39,3818,0
3818,L,1771517700,1771517880,4971.89,,0
3819,H,1771517820,1771518000,4982.38,,0
3820,H,1771518480,1771518660,4979.98,3819,0
3821,L,1771518600,1771518780,4971.89,3822,0
3822,L,1771518840,1771519020,4963.92,,0
3823,L,1771519320,1771519500,4981.10,3822,0
3824,H,1771520220,1771520400,5010.47,,0
3825,L,1771520520,1771520700,4999.60,,0
3826,H,1771520580,1771520760,5009.90,,0
3827,L,1771520760,1771520940,4999.22,,0
3828,H,1771520880,1771521060,5007.75,,0
3829,L,1771521300,1771521480,4996.20,,0
3830,H,1771522200,1771522380,5020.64,3831,0
3831,H,1771522560,1771522740,5022.23,,0
3832,L,1771522800,1771522980,5012.20,,0
3833,H,1771523040,1771523220,5016.02,,0
3834,L,1771523520,1771523700,5006.81,,0
3835,H,1771523940,1771524120,5014.38,,0
3836,L,1771524420,1771524600,5001.01,,0
3837,H,1771524540,1771524720,5010.66,,0
3838,L,1771525200,1771525380,4998.59,,0
3839,H,1771525320,1771525500,5006.34,,0
3840,L,1771525620,1771525800,4991.71,,0
3841,H,1771525920,1771526100,5003.54,3842,0
3842,H,1771526520,1771526700,5008.85,,0
3843,L,1771527480,1771527660,4990.64,,0
3844,L,1771527960,1771528140,4992.22,3843,0
3845,H,1771528020,1771528200,4999.28,3846,0
3846,H,1771528260,1771528440,4999.55,,0
3847,L,1771528500,1771528680,4992.65,,0
3848,H,1771529100,1771529280,5001.74,,0
3849,L,1771529460,1771529640,4990.91,,0
3850,H,1771529580,1771529760,4996.27,,0
3851,L,1771529820,1771530000,4986.44,,0
3852,H,1771530000,1771530180,4995.62,,0
3853,L,1771531200,1771531380,4981.44,,0
3854,H,1771531260,1771531440,4987.50,3855,0
3855,H,1771531500,1771531680,4987.92,,0
3856,L,1771531680,1771531860,4979.85,,0
3857,H,1771532100,1771532280,4989.25,,0
3858,L,1771532820,1771533000,4976.07,,0
3859,H,1771533120,1771533300,4983.12,,0
3860,L,1771533840,1771534020,4975.24,,0
3861,H,1771534380,1771534560,4984.45,,0
3862,L,1771534620,1771534800,4979.64,,0
3863,L,1771535400,1771535580,4986.45,3862,0
3864,H,1771535460,1771535640,4989.66,,0
3865,L,1771535760,1771535940,4985.95,,0
3866,H,1771536000,1771536180,4990.22,,0
3867,L,1771536300,1771536480,4987.75,,0
3868,H,1771536480,1771536660,4990.28,,0
3869,L,1771536540,1771536720,4987.66,3870,0
3870,L,1771537200,1771537380,4978.45,,0
3871,H,1771537440,1771537620,4986.00,,0
3872,L,1771537620,1771537800,4982.21,,0
3873,H,1771537860,1771538040,4988.30,,0
3874,L,1771538040,1771538220,4985.67,,0
3875,H,1771538160,1771538340,4988.74,,0
3876,L,1771538280,1771538460,4986.60,,0
3877,H,1771538400,1771538580,4992.04,,0
3878,L,1771538700,1771538880,4988.22,,0
3879,H,1771539000,1771539180,4992.05,,0
3880,L,1771539360,1771539540,4989.22,,0
3881,H,1771539600,1771539780,4995.52,,0
3882,L,1771540200,1771540380,4995.01,,0
3883,H,1771540500,1771540680,4997.79,,0
3884,L,1771540740,1771540920,4996.14,,0
3885,H,1771541160,1771541340,5003.33,,0
3886,L,1771541700,1771541880,4999.63,,0
3887,H,1771542120,1771542300,5004.09,,0
3888,L,1771542240,1771542420,4998.80,3889,0
3889,L,1771542540,1771542720,4997.83,,0
3890,H,1771542960,1771543140,5000.79,3891,0
3891,H,1771543200,1771543380,5001.17,,0
3892,L,1771543320,1771543500,4991.99,,0
3893,L,1771543740,1771543920,4993.06,3892,0
3894,L,1771544460,1771544640,4995.74,3892,0
3895,H,1771545000,1771545180,4999.93,,0
3896,L,1771545300,1771549200,4993.26,,0
3897,H,1771549260,1771549440,5004.28,,1
3898,L,1771549260,1771549440,4993.51,,1
3899,H,1771549740,1771549920,5008.10,,0
3900,L,1771549980,1771550160,4997.96,,0
3901,H,1771550160,1771550340,5001.94,,0
3902,L,1771550280,1771550460,4993.20,,0
3903,H,1771550520,1771550700,5003.39,,0
3904,L,1771550640,1771550820,4998.44,3905,0
3905,L,1771551120,1771551300,4994.99,,0
3906,H,1771551480,1771551660,5001.43,,0
3907,L,1771551840,1771552020,4996.25,,0
3908,H,1771551960,1771552140,5000.78,,0
3909,L,1771552080,1771552260,4995.64,,0
3910,H,1771552200,1771552380,5000.30,,0
3911,L,1771552800,1771552980,4985.44,,0
3912,H,1771553100,1771553280,4995.84,,0
3913,L,1771553640,1771553820,4992.53,,0
3914,H,1771553700,1771553880,4996.21,,0
3915,L,1771554420,1771554600,4988.13,,0
3916,H,1771554660,1771554840,4992.87,,0
3917,L,1771554900,1771555080,4986.98,,0
3918,H,1771555200,1771555380,4996.07,,0
3919,L,1771555380,1771555560,4992.61,,0
3920,H,1771555680,1771555860,4999.02,,0
3921,L,1771555740,1771555920,4995.51,,0
3922,H,1771556460,1771556640,5012.45,,0
3923,L,1771556940,1771557120,5009.53,,0
3924,H,1771557180,1771557360,5014.76,,0
3925,H,1771557600,1771557780,5011.00,3924,0
3926,L,1771558020,1771558200,4996.06,,0
3927,H,1771558260,1771558440,5003.67,,0
3928,H,1771558560,1771558740,5000.94,3927,0
3929,L,1771558620,1771558800,4995.80,,0
3930,H,1771558860,1771559040,4998.96,,0
3931,L,1771559040,1771559220,4995.38,,0
3932,H,1771559160,1771559340,4999.86,,0
3933,L,1771559340,1771559520,4995.50,,0
3934,H,1771559700,1771559880,5000.51,,0
3935,L,1771560060,1771560240,4992.89,,0
3936,H,1771560300,1771560480,5007.49,,0
3937,L,1771560780,1771560960,4993.40,,0
3938,H,1771561080,1771561260,4999.29,,0
3939,L,1771561140,1771561320,4993.10,,0
3940,H,1771561500,1771561680,4998.20,,0
3941,L,1771561680,1771561860,4994.82,,0
3942,H,1771561920,1771562100,5003.49,,0
3943,L,1771562220,1771562400,4998.34,,0
3944,H,1771562460,1771562640,5000.67,,0
3945,L,1771562940,1771563120,4994.29,,0
3946,H,1771563060,1771563240,4997.92,,0
3947,L,1771563360,1771563540,4993.14,,0
3948,H,1771563480,1771563660,4996.89,3949,0
3949,H,1771563780,1771563960,4997.36,,0
3950,L,1771563900,1771564080,4989.90,,0
3951,H,1771564800,1771564980,4998.36,,0
3952,L,1771565400,1771565580,4992.15,,0
3953,H,1771565520,1771565700,4998.31,,0
3954,L,1771565700,1771565880,4995.57,,0
3955,H,1771565820,1771566000,4999.20,,0
3956,L,1771566120,1771566300,4981.71,,0
3957,H,1771566780,1771566960,4995.86,,0
3958,L,1771567200,1771567380,4986.68,,0
3959,H,1771567320,1771567500,4992.38,3960,0
3960,H,1771567560,1771567740,4993.17,,0
3961,L,1771567860,1771568040,4990.08,,0
3962,H,1771568160,1771568340,4993.09,,0
3963,L,1771568520,1771568700,4990.64,,0
3964,H,1771569300,1771569480,4996.10,,0
3965,L,1771569540,1771569720,4995.22,,0
3966,H,1771569600,1771569780,5003.41,,0
3967,L,1771569900,1771570080,4997.88,,0
3968,H,1771570020,1771570200,4999.81,,0
3969,L,1771570440,1771570620,4996.41,,0
3970,H,1771571100,1771571280,5006.16,,0
3971,L,1771571400,1771571580,5000.57,,0
3972,H,1771571520,1771571700,5003.87,,0
3973,L,1771571880,1771572060,4998.85,,0
3974,H,1771572420,1771572600,5002.44,,0
3975,L,1771572780,1771572960,5000.74,,0
3976,H,1771573080,1771573260,5004.81,,0
3977,L,1771573380,1771573560,4998.11,,0
3978,H,1771574520,1771574700,5017.71,,0
3979,L,1771574880,1771575060,5012.04,,0
3980,H,1771575180,1771575360,5020.11,,0
3981,L,1771575600,1771575780,5016.79,,0
3982,H,1771575900,1771576080,5029.42,,0
3983,H,1771576260,1771576440,5025.34,3982,0
3984,L,1771576380,1771576560,5020.64,,0
3985,H,1771576680,1771576860,5028.05,3986,0
3986,H,1771577100,1771577280,5029.47,3987,0
3987,H,1771577400,1771577580,5029.98,,0
3988,L,1771578240,1771578420,5015.70,,0
3989,H,1771578660,1771578840,5028.14,,0
3990,L,1771578840,1771579020,5021.65,3991,0
3991,L,1771579620,1771579800,5009.57,,0
3992,H,1771579800,1771579980,5016.23,,0
3993,L,1771579920,1771580100,5012.75,,0
3994,H,1771580400,1771580580,5018.00,,0
3995,L,1771580520,1771580700,5013.45,3996,0
3996,L,1771580880,1771581060,5013.36,,0
3997,H,1771581120,1771581300,5015.46,,0
3998,L,1771581540,1771581720,5006.09,,0
3999,H,1771581900,1771582080,5016.41,,0
4000,L,1771582320,1771582500,5005.05,,0
4001,H,1771583880,1771584060,5027.36,,0
4002,L,1771584180,1771584360,5021.62,,0
4003,H,1771584840,1771585020,5030.49,,0
4004,L,1771585080,1771585260,5028.09,,1
4005,H,1771585080,1771585260,5030.85,,1
4006,L,1771585860,1771586040,5034.64,,0
4007,H,1771586220,1771586400,5042.25,,0
4008,L,1771586280,1771586460,5036.53,,0
4009,H,1771586580,1771586760,5042.56,,0
4010,L,1771587180,1771587360,5030.34,,0
4011,H,1771587240,1771587420,5035.75,,0
4012,L,1771587420,1771587600,5029.74,,0
4013,H,1771587720,1771587900,5033.76,,0
4014,L,1771587900,1771588080,5031.59,,0
4015,H,1771588200,1771588380,5034.70,,0
4016,L,1771589220,1771589400,5022.66,4017,0
4017,L,1771589460,1771589640,5019.62,,0
4018,H,1771589940,1771590120,5030.85,,0
4019,L,1771590360,1771590540,5023.53,,0
4020,H,1771591080,1771591260,5038.50,,0
4021,L,1771591680,1771591860,5025.89,,0
4022,H,1771592100,1771592280,5037.04,,0
4023,L,1771592460,1771592640,5032.45,,0
4024,H,1771592760,1771592940,5034.04,4025,0
4025,H,1771593060,1771593240,5034.79,,0
4026,L,1771593360,1771593540,5029.39,,0
4027,H,1771593600,1771593780,5032.34,,0
4028,L,1771593720,1771593900,5027.95,,0
4029,H,1771593840,1771594020,5030.60,,0
4030,L,1771594140,1771594320,5025.96,,0
4031,H,1771594500,1771594680,5033.41,,0
4032,L,1771594860,1771595040,5022.60,,0
4033,H,1771595100,1771595280,5028.68,,0
4034,L,1771595280,1771595460,5016.32,4035,0
4035,L,1771596120,1771596300,5013.72,,0
4036,H,1771596240,1771596420,5022.62,4037,0
4037,H,1771596480,1771596660,5023.80,,0
4038,L,1771596660,1771596840,5019.30,,0
4039,H,1771596900,1771597080,5023.40,,0
4040,L,1771597020,1771597200,5016.93,,0
4041,H,1771597500,1771597680,5018.54,,0
4042,L,1771597860,1771598040,5007.18,,0
4043,H,1771598220,1771598400,5024.21,,0
4044,L,1771598520,1771598700,5019.64,,0
4045,H,1771598640,1771598820,5025.61,,0
4046,L,1771598760,1771598940,5021.97,4047,0
4047,L,1771599120,1771599300,5021.72,,0
4048,H,1771599480,1771599660,5026.64,4049,0
4049,H,1771599900,1771600080,5028.74,,0
4050,L,1771600140,1771600320,5026.09,,0
4051,H,1771600320,1771600500,5027.57,4052,0
4052,H,1771600800,1771600980,5031.17,,0
4053,L,1771600920,1771601100,5027.16,,0
4054,H,1771601160,1771601340,5031.95,4055,0
4055,H,1771601400,1771601580,5032.10,,0
4056,L,1771601580,1771601760,5018.33,,0
4057,L,1771601820,1771602000,5021.16,4056,0
4058,L,1771602120,1771602300,5026.00,4056,0
4059,H,1771602660,1771602840,5048.28,4060,0
4060,H,1771602960,1771603140,5048.76,,0
4061,L,1771603500,1771603680,5037.26,,0
4062,H,1771603800,1771603980,5047.40,,0
4063,L,1771603980,1771604160,5039.63,,0
4064,H,1771604280,1771604460,5044.81,,0
4065,L,1771605000,1771605180,5037.68,,0
4066,H,1771605240,1771605420,5052.28,,0
4067,L,1771605420,1771605600,5040.65,,0
4068,H,1771605900,1771606080,5060.50,,0
4069,L,1771606260,1771606440,5053.20,,0
4070,H,1771606440,1771606620,5060.37,,0
4071,L,1771606620,1771606800,5048.75,,0
4072,H,1771606860,1771607040,5064.18,,0
4073,L,1771607160,1771607340,4989.96,,0
4074,H,1771607340,1771607520,5030.57,4075,0
4075,H,1771607880,1771608060,5044.78,,0
4076,L,1771608480,1771608660,5011.54,,0
4077,H,1771608600,1771608780,5030.27,,0
4078,L,1771608780,1771608960,5017.07,,0
4079,H,1771609680,1771609860,5052.47,,0
4080,L,1771609980,1771610160,5036.51,,0
4081,H,1771610160,1771610340,5044.53,,0
4082,L,1771610700,1771610880,5038.97,,0
4083,H,1771610820,1771611000,5052.73,4084,0
4084,H,1771611300,1771611480,5056.57,,0
4085,L,1771611360,1771611540,5048.46,4086,0
4086,L,1771611780,1771611960,5045.79,,0
4087,H,1771612380,1771612560,5069.06,,0
4088,L,1771612680,1771612860,5059.34,,0
4089,L,1771612920,1771613100,5059.59,4088,0
4090,H,1771613280,1771613460,5067.39,,0
4091,H,1771613580,1771613760,5067.36,4090,0
4092,L,1771613700,1771613880,5060.38,,0
4093,H,1771614480,1771614660,5072.28,,0
4094,L,1771614660,1771614840,5065.32,,0
4095,H,1771614780,1771614960,5073.34,,0
4096,L,1771615500,1771615680,5054.58,,0
4097,H,1771615860,1771616040,5066.94,,0
4098,L,1771615980,1771616160,5061.83,,0
4099,H,1771616400,1771616580,5070.04,,0
4100,L,1771616580,1771616760,5065.85,,0
4101,H,1771617180,1771617360,5076.29,,0
4102,L,1771617300,1771617480,5071.91,,0
4103,H,1771618020,1771618200,5072.90,,0
4104,L,1771618080,1771618260,5066.58,,0
4105,H,1771618260,1771618440,5072.53,,0
4106,L,1771618800,1771618980,5064.16,,0
4107,H,1771619100,1771619280,5070.77,,0
4108,L,1771619220,1771619400,5054.41,,0
4109,H,1771619580,1771619760,5071.75,,0
4110,L,1771619700,1771619880,5060.46,,0
4111,H,1771619940,1771620120,5075.08,,0
4112,L,1771620240,1771620420,5065.60,,0
4113,H,1771620540,1771620720,5074.08,,0
4114,L,1771620600,1771620780,5067.94,,0
4115,H,1771621380,1771621560,5074.93,,0
4116,L,1771621800,1771621980,5068.93,,0
4117,H,1771622040,1771622220,5072.94,,0
4118,L,1771622100,1771622280,5068.94,,0
4119,H,1771622340,1771622520,5075.55,,0
4120,L,1771622940,1771623120,5069.50,,0
4121,H,1771623060,1771623240,5072.84,,0
4122,L,1771623240,1771623420,5070.41,,0
4123,L,1771623780,1771623960,5071.63,4122,0
4124,H,1771623960,1771624140,5075.38,,0
4125,L,1771624200,1771624380,5072.24,,0
4126,H,1771624620,1771624800,5079.81,,0
4127,L,1771624800,1771624980,5077.19,4128,0
4128,L,1771625160,1771625340,5076.93,,0
4129,H,1771625340,1771625520,5081.40,,0
4130,L,1771625520,1771625700,5077.56,,0
4131,L,1771626300,1771626480,5084.09,4130,0
4132,L,1771626600,1771626780,5082.85,4130,0
4133,H,1771626660,1771626840,5087.33,,0
4134,L,1771626840,1771627020,5083.78,,0
4135,H,1771626960,1771627140,5086.59,4136,0
4136,H,1771627200,1771627380,5086.88,,0
4137,L,1771627320,1771627500,5083.16,,0
4138,H,1771627560,1771627740,5086.72,,0
4139,L,1771627800,1771627980,5083.49,,0
4140,H,1771628400,1771628580,5098.97,,0
4141,L,1771628520,1771628700,5092.29,,0
4142,H,1771628700,1771628880,5096.22,,0
4143,L,1771628820,1771629000,5091.90,4144,0
4144,L,1771629360,1771629540,5091.71,,0
4145,H,1771629660,1771629840,5096.14,,1
4146,L,1771629660,1771629840,5092.96,,1
4147,H,1771630260,1771630440,5100.02,,0
4148,L,1771630380,1771630560,5097.63,,0
4149,H,1771630740,1771630920,5100.03,,0
4150,L,1771630920,1771631100,5097.72,,0
4151,H,1771630980,1771631160,5100.19,4152,0
4152,H,1771631340,1771631520,5105.03,,0
4153,L,1771808400,1771808580,5099.22,,0
4154,H,1771809360,1771809540,5149.93,,0
4155,L,1771809600,1771809780,5140.61,,0
4156,H,1771810080,1771810260,5150.92,,1
4157,L,1771810080,1771810260,5143.55,,1
4158,H,1771811880,1771812060,5171.87,,0
4159,L,1771812060,1771812240,5139.67,4160,0
4160,L,1771812420,1771812600,5138.39,,0
4161,H,1771812540,1771812720,5151.51,,0
4162,L,1771812900,1771813080,5131.51,4163,0
4163,L,1771813200,1771813380,5129.71,,0
4164,L,1771813560,1771813740,5137.35,4163,0
4165,H,1771813860,1771814040,5160.84,,0
4166,H,1771814160,1771814340,5152.46,4165,0
4167,L,1771814700,1771814880,5134.99,,0
4168,H,1771815420,1771815600,5146.38,,0
4169,L,1771815600,1771815780,5140.33,,0
4170,H,1771816140,1771816320,5158.14,,0
4171,L,1771816440,1771816620,5145.68,,0
4172,H,1771816980,1771817160,5159.20,,0
4173,L,1771817160,1771817340,5152.77,,0
4174,L,1771817460,1771817640,5155.40,4173,0
4175,H,1771817520,1771817700,5161.06,,0
4176,L,1771818000,1771818180,5155.87,,0
4177,H,1771818300,1771818480,5166.62,,0
4178,L,1771818420,1771818600,5159.58,,0
4179,H,1771818600,1771818780,5167.69,,0
4180,L,1771818960,1771819140,5156.35,,0
4181,H,1771819740,1771819920,5167.08,,0
4182,L,1771819860,1771820040,5159.19,,0
4183,H,1771820160,1771820340,5167.30,,0
4184,L,1771820520,1771820700,5157.62,,0
4185,H,1771820880,1771821060,5163.19,,0
4186,L,1771820940,1771821120,5160.87,,0
4187,H,1771821900,1771822080,5176.57,,0
4188,L,1771822260,1771822440,5163.88,,0
4189,L,1771822680,1771822860,5171.66,4188,0
4190,H,1771822860,1771823040,5175.90,,0
4191,L,1771823520,1771823700,5152.45,,0
4192,L,1771823880,1771824060,5153.73,4191,0
4193,H,1771824360,1771824540,5164.45,4194,0
4194,H,1771824600,1771824780,5169.30,4195,0
4195,H,1771825020,1771825200,5170.75,,0
4196,L,1771825440,1771825620,5166.88,,0
4197,H,1771825500,1771825680,5170.36,4198,0
4198,H,1771825980,1771826160,5171.21,,0
4199,H,1771826460,1771826640,5168.61,4198,0
4200,H,1771826880,1771827060,5165.12,4198,0
4201,L,1771826940,1771827120,5155.54,,0
4202,H,1771827240,1771827420,5164.35,,0
4203,L,1771827420,1771827600,5160.86,,0
4204,H,1771827540,1771827720,5164.69,,0
4205,L,1771827660,1771827840,5161.26,4206,0
4206,L,1771828020,1771828200,5159.10,,0
4207,H,1771828200,1771828380,5163.69,,0
4208,L,1771828740,1771828920,5156.01,,0
4209,H,1771828800,1771828980,5161.13,,0
4210,L,1771829040,1771829220,5158.97,,0
4211,H,1771829100,1771829280,5161.82,,0
4212,L,1771829280,1771829460,5158.39,4213,0
4213,L,1771829580,1771829760,5157.92,,0
4214,H,1771829820,1771830000,5161.65,,0
4215,L,1771829880,1771830060,5159.32,,0
4216,H,1771830120,1771830300,5161.72,,0
4217,L,1771830360,1771830540,5152.31,,0
4218,H,1771830420,1771830600,5156.94,4219,0
4219,H,1771830720,1771830900,5160.31,,0
4220,L,1771831440,1771831620,5153.04,,0
4221,H,1771831800,1771831980,5157.96,,0
4222,L,1771831860,1771832040,5154.83,4223,0
4223,L,1771832340,1771832520,5153.46,,0
4224,H,1771832940,1771833120,5159.79,,0
4225,L,1771833120,1771833300,5156.01,,0
4226,H,1771833420,1771833600,5159.32,4227,0
4227,H,1771833840,1771834020,5161.14,,0
4228,L,1771834080,1771834260,5157.49,,0
4229,H,1771834440,1771834620,5160.60,4230,0
4230,H,1771834920,1771835100,5161.43,,0
4231,L,1771835400,1771835580,5152.01,,0
4232,H,1771835760,1771835940,5156.83,,0
4233,L,1771835820,1771836000,5152.25,4234,0
4234,L,1771836060,1771836240,5147.20,,0
4235,H,1771836120,1771836300,5154.98,,0
4236,L,1771836300,1771836480,5146.26,,0
4237,H,1771836660,1771836840,5153.22,,0
4238,L,1771836900,1771837080,5145.24,,0
4239,H,1771837260,1771837440,5149.51,,0
4240,L,1771837500,1771837680,5138.15,,0
4241,H,1771837740,1771837920,5154.33,,0
4242,L,1771838400,1771838580,5140.55,4243,0
4243,L,1771838760,1771838940,5125.89,,0
4244,H,1771839000,1771839180,5137.21,,0
4245,L,1771839480,1771839660,5125.10,,0
4246,H,1771840380,1771840560,5139.03,4247,0
4247,H,1771840620,1771840800,5139.31,,0
4248,L,1771841040,1771841220,5131.15,,0
4249,L,1771841580,1771841760,5135.20,4248,0
4250,H,1771841760,1771841940,5139.59,,0
4251,L,1771841880,1771842060,5134.90,,0
4252,H,1771842060,1771842240,5138.36,,0
4253,L,1771842300,1771842480,5126.26,,0
4254,H,1771842480,1771842660,5130.71,,0
4255,L,1771842660,1771842840,5122.33,,0
4256,H,1771842780,1771842960,5132.38,,0
4257,H,1771843020,1771843200,5132.22,4256,0
4258,L,1771843200,1771843380,5125.02,,0
4259,H,1771844700,1771844880,5144.46,,0
4260,L,1771844820,1771845000,5140.18,,0
4261,H,1771845480,1771845660,5147.62,,0
4262,L,1771845660,1771845840,5144.93,,0
4263,H,1771845960,1771846140,5149.43,4264,0
4264,H,1771846200,1771846380,5150.12,,0
4265,H,1771846800,1771846980,5146.64,4264,0
4266,L,1771846860,1771847040,5143.17,,0
4267,H,1771847040,1771847220,5147.05,4268,0
4268,H,1771847340,1771847520,5149.12,,0
4269,L,1771847460,1771847640,5145.46,,0
4270,H,1771848120,1771848300,5153.08,,0
4271,H,1771848360,1771848540,5152.66,4270,0
4272,L,1771848480,1771848660,5146.49,,0
4273,L,1771848780,1771848960,5146.55,4272,0
4274,L,1771849380,1771849560,5150.76,4272,0
4275,H,1771849440,1771849620,5156.60,4276,0
4276,H,1771849800,1771849980,5157.67,,0
4277,L,1771850100,1771850280,5145.26,,0
4278,H,1771850280,1771850460,5154.95,,0
4279,L,1771850460,1771850640,5150.78,,0
4280,H,1771850580,1771850760,5154.84,,0
4281,L,1771851660,1771851840,5160.37,,0
4282,H,1771851840,1771852020,5163.39,,0
4283,L,1771852020,1771852200,5157.68,,0
4284,H,1771852200,1771852380,5160.38,,0
4285,L,1771852800,1771852980,5146.65,,0
4286,H,1771853220,1771853400,5153.39,,0
4287,L,1771853400,1771853580,5147.93,,0
4288,H,1771853760,1771853940,5153.70,,0
4289,L,1771854120,1771854300,5149.24,,0
4290,H,1771854600,1771854780,5154.43,,0
4291,L,1771855200,1771855380,5148.65,,0
4292,H,1771855320,1771855500,5154.64,,0
4293,L,1771855740,1771855920,5147.08,,0
4294,H,1771856220,1771856400,5151.69,,0
4295,L,1771856460,1771856640,5148.61,,0
4296,H,1771856580,1771856760,5152.31,,0
4297,L,1771856940,1771857120,5145.52,,0
4298,H,1771857060,1771857240,5154.11,,0
4299,L,1771857300,1771857480,5149.78,,0
4300,H,1771857900,1771858080,5164.66,,0
4301,L,1771858200,1771858380,5159.73,,0
4302,H,1771858680,1771858860,5165.44,,0
4303,L,1771859700,1771859880,5151.72,,0
4304,H,1771859940,1771860120,5156.65,,0
4305,L,1771860360,1771860540,5143.70,,0
4306,H,1771860840,1771861020,5154.02,,0
4307,L,1771861200,1771861380,5148.54,,0
4308,H,1771861500,1771861680,5153.34,,0
4309,L,1771861560,1771861740,5147.40,4310,0
4310,L,1771862400,1771862580,5141.45,,0
4311,H,1771862820,1771863000,5152.62,,0
4312,L,1771863000,1771863180,5148.88,,0
4313,H,1771863900,1771864080,5165.13,4314,0
4314,H,1771865640,1771865820,5200.46,,0
4315,L,1771866120,1771866300,5180.81,,0
4316,H,1771866480,1771866660,5198.42,,0
4317,L,1771866720,1771866900,5186.71,,0
4318,H,1771866960,1771867140,5199.96,4319,0
4319,H,1771867200,1771867380,5203.68,,0
4320,L,1771867440,1771867620,5191.53,,0
4321,H,1771867620,1771867800,5200.37,,0
4322,L,1771867740,1771867920,5194.55,4323,0
4323,L,1771868160,1771868340,5186.46,,0
4324,H,1771868400,1771868580,5202.92,,0
4325,L,1771868520,1771868700,5195.96,,0
4326,L,1771868760,1771868940,5196.34,4325,0
4327,H,1771868940,1771869120,5204.93,,0
4328,L,1771869120,1771869300,5193.38,4329,0
4329,L,1771869360,1771869540,5190.64,,0
4330,H,1771869540,1771869720,5199.76,,0
4331,L,1771869840,1771870020,5175.91,,0
4332,L,1771870920,1771871100,5212.01,4331,0
4333,H,1771871160,1771871340,5219.02,,0
4334,L,1771871460,1771871640,5206.70,,0
4335,L,1771872360,1771872540,5206.76,4334,0
4336,H,1771872780,1771872960,5217.86,,0
4337,L,1771873140,1771873320,5208.48,4338,0
4338,L,1771873560,1771873740,5207.08,,0
4339,H,1771873680,1771873860,5213.52,,0
4340,L,1771874040,1771874220,5199.71,,0
4341,H,1771874220,1771874400,5210.61,,0
4342,L,1771874520,1771874700,5204.14,,0
4343,H,1771874820,1771875000,5212.50,,0
4344,L,1771875480,1771875660,5191.17,,0
4345,H,1771875780,1771875960,5204.41,,0
4346,L,1771876020,1771876200,5196.58,,0
4347,H,1771876380,1771876560,5207.72,4348,0
4348,H,1771877400,1771877580,5215.76,,0
4349,L,1771877880,1771878060,5207.18,,0
4350,H,1771878120,1771878300,5213.27,,0
4351,L,1771878360,1771878540,5201.07,,0
4352,H,1771878720,1771878900,5210.51,,0
4353,L,1771878840,1771879020,5206.82,,0
4354,H,1771879020,1771879200,5213.48,,0
4355,L,1771879380,1771879560,5205.69,,0
4356,H,1771879740,1771879920,5210.14,4357,0
4357,H,1771879980,1771880160,5212.09,,0
4358,L,1771880400,1771880580,5206.73,,0
4359,H,1771880580,1771880760,5210.41,,0
4360,L,1771880820,1771881000,5206.64,,0
4361,H,1771881360,1771881540,5214.43,4362,0
4362,H,1771881600,1771881780,5214.99,,0
4363,L,1771882140,1771882320,5207.12,,0
4364,H,1771882800,1771882980,5216.51,,0
4365,L,1771882920,1771883100,5211.18,,0
4366,H,1771883100,1771883280,5218.39,,0
4367,H,1771883400,1771883580,5217.92,4366,0
4368,L,1771883520,1771883700,5214.32,,0
4369,H,1771883640,1771883820,5217.64,,0
4370,L,1771883940,1771884120,5214.99,,0
4371,L,1771884420,1771884600,5218.87,4370,0
4372,L,1771884780,1771884960,5221.37,4370,0
4373,L,1771885020,1771885200,5221.98,4370,0
4374,H,1771885500,1771885680,5226.06,,0
4375,L,1771885560,1771885740,5223.71,,0
4376,H,1771886340,1771886520,5229.91,,0
4377,L,1771886820,1771887000,5224.89,,0
4378,H,1771887180,1771887360,5235.89,,0
4379,L,1771887360,1771887540,5230.95,,0
4380,H,1771887540,1771887720,5237.80,,0
4381,L,1771888080,1771888260,5232.99,,1
4382,H,1771888080,1771888260,5235.92,,1
4383,L,1771888500,1771888680,5229.02,,0
4384,H,1771888800,1771888980,5232.09,,0
4385,L,1771889460,1771889640,5226.58,,0
4386,H,1771889760,1771889940,5232.91,,0
4387,L,1771890360,1771890540,5227.16,,0
4388,H,1771890600,1771890780,5231.42,,0
4389,L,1771890720,1771890900,5227.87,,0
4390,H,1771890840,1771891020,5231.14,,0
4391,L,1771894800,1771894980,5222.50,,0
4392,H,1771895040,1771895220,5248.23,,0
4393,L,1771895160,1771895340,5235.38,,0
4394,H,1771895460,1771895640,5249.16,,0
4395,L,1771895580,1771895760,5241.23,,0
4396,H,1771895700,1771895880,5249.70,,0
4397,L,1771895940,1771896120,5244.46,,0
4398,H,1771896000,1771896180,5248.79,,0
4399,L,1771896540,1771896720,5234.40,,0
4400,H,1771896900,1771897080,5247.18,,0
4401,L,1771897020,1771897200,5238.16,4402,0
4402,L,1771897260,1771897440,5237.82,,0
4403,H,1771897500,1771897680,5242.91,,0
4404,L,1771897560,1771897740,5239.37,,0
4405,H,1771897740,1771897920,5242.95,,0
4406,L,1771898100,1771898280,5234.65,,0
4407,H,1771898160,1771898340,5239.21,,0
4408,L,1771898460,1771898640,5217.98,,0
4409,H,1771898820,1771899000,5233.89,,0
4410,L,1771898940,1771899120,5224.79,,0
4411,H,1771899120,1771899300,5232.36,,0
4412,L,1771899180,1771899360,5226.74,,0
4413,H,1771899660,1771899840,5238.16,,0
4414,L,1771900080,1771900260,5224.78,,0
4415,H,1771900560,1771900740,5232.48,,0
4416,L,1771900740,1771900920,5224.68,,0
4417,H,1771901280,1771901460,5232.17,,0
4418,L,1771902000,1771902180,5201.26,4419,0
4419,L,1771902420,1771902600,5196.46,,0
4420,H,1771902600,1771902780,5211.26,,0
4421,L,1771902960,1771903140,5145.39,,0
4422,H,1771903320,1771903500,5172.38,,0
4423,L,1771903500,1771903680,5149.07,,0
4424,H,1771903980,1771904160,5173.86,,0
4425,L,1771904100,1771904280,5165.19,,0
4426,H,1771904280,1771904460,5176.02,,0
4427,L,1771904340,1771904520,5162.41,,0
4428,H,1771904760,1771904940,5179.22,4429,0
4429,H,1771905000,1771905180,5179.40,,0
4430,L,1771905300,1771905480,5163.99,,0
4431,H,1771905660,1771905840,5181.76,,0
4432,L,1771906260,1771906440,5166.72,,0
4433,H,1771906500,1771906680,5174.89,,0
4434,L,1771906620,1771906800,5165.64,,0
4435,H,1771906800,1771906980,5174.20,,0
4436,L,1771907100,1771907280,5166.70,,0
4437,L,1771908240,1771908420,5183.27,4436,0
4438,H,1771908720,1771908900,5190.51,,0
4439,L,1771909020,1771909200,5184.06,,0
4440,H,1771909140,1771909320,5190.85,,0
4441,L,1771909440,1771909620,5186.54,,0
4442,H,1771909620,1771909800,5191.81,,0
4443,L,1771909680,1771909860,5185.59,,0
4444,H,1771910220,1771910400,5189.98,,0
4445,H,1771910640,1771910820,5187.81,4444,0
4446,L,1771910760,1771910940,5182.19,4447,0
4447,L,1771911060,1771911240,5182.13,,0
4448,H,1771911360,1771911540,5188.76,,0
4449,L,1771912260,1771912440,5173.71,,0
4450,H,1771912560,1771912740,5176.81,,0
4451,L,1771912860,1771913040,5161.22,,0
4452,H,1771913220,1771913400,5171.47,,0
4453,L,1771913580,1771913760,5166.93,,0
4454,H,1771913820,1771914000,5173.15,4455,0
4455,H,1771914180,1771914360,5175.10,,0
4456,L,1771914420,1771914600,5170.23,,0
4457,H,1771914480,1771914660,5173.35,,0
4458,L,1771915080,1771915260,5165.82,,0
4459,H,1771915260,1771915440,5171.76,,0
4460,L,1771915500,1771915680,5163.42,,0
4461,H,1771915740,1771915920,5170.98,,0
4462,L,1771915980,1771916160,5167.77,4463,0
4463,L,1771916460,1771916640,5164.34,,0
4464,H,1771916640,1771916820,5171.91,,0
4465,L,1771917060,1771917240,5169.27,,0
4466,H,1771917180,1771917360,5174.40,4467,0
4467,H,1771917660,1771917840,5175.36,,0
4468,L,1771918260,1771918440,5164.60,,0
4469,H,1771918500,1771918680,5174.70,,0
4470,L,1771918680,1771918860,5167.62,,0
4471,H,1771919820,1771920000,5185.76,,0
4472,L,1771920180,1771920360,5177.27,,0
4473,H,1771920420,1771920600,5184.83,,0
4474,H,1771920660,1771920840,5184.78,4473,0
4475,L,1771921260,1771921440,5175.49,4476,0
4476,L,1771921740,1771921920,5166.99,4477,0
4477,L,1771922160,1771922340,5156.66,,0
4478,H,1771922340,1771922520,5173.45,4479,0
4479,H,1771922940,1771923120,5174.13,,0
4480,L,1771923180,1771923360,5168.16,,0
4481,H,1771923540,1771923720,5175.16,,0
4482,L,1771923660,1771923840,5169.24,4483,0
4483,L,1771923960,1771924140,5165.49,4484,0
4484,L,1771924320,1771924500,5164.19,,0
4485,H,1771924800,1771924980,5179.30,,0
4486,L,1771924920,1771925100,5169.52,,0
4487,H,1771925400,1771925580,5183.81,,0
4488,L,1771925520,1771925700,5174.71,,0
4489,H,1771925760,1771925940,5182.58,,0
4490,L,1771926000,1771926180,5177.56,,0
4491,H,1771926240,1771926420,5183.73,,0
4492,L,1771926360,1771926540,5175.27,,0
4493,H,1771927080,1771927260,5183.06,,0
4494,L,1771927620,1771927800,5169.70,,0
4495,H,1771927860,1771928040,5175.59,,0
4496,L,1771927980,1771928160,5169.51,4497,0
4497,L,1771928580,1771928760,5165.09,,0
4498,H,1771928640,1771928820,5174.07,,0
4499,L,1771929000,1771929180,5169.72,,0
4500,H,1771929240,1771929420,5181.35,4501,0
4501,H,1771929480,1771929660,5181.99,,0
4502,L,1771929960,1771930140,5169.08,,0
4503,H,1771930140,1771930320,5175.30,,0
4504,L,1771930380,1771930560,5170.47,,0
4505,H,1771930680,1771930860,5176.76,,0
4506,L,1771930800,1771930980,5172.47,,0
4507,H,1771931280,1771931460,5180.31,,0
4508,L,1771931700,1771931880,5171.18,,0
4509,H,1771931760,1771931940,5174.84,,0
4510,L,1771932240,1771932420,5168.63,4511,0
4511,L,1771932540,1771932720,5167.85,,0
4512,H,1771932840,1771933020,5173.67,,0
4513,L,1771932900,1771933080,5166.56,,0
4514,H,1771933380,1771933560,5172.34,,0
4515,L,1771933560,1771933740,5167.36,,0
4516,L,1771934100,1771934280,5169.92,4515,0
4517,L,1771934400,1771934580,5170.90,4515,0
4518,H,1771934700,1771934880,5176.02,,0
4519,L,1771934880,1771935060,5172.48,4520,0
4520,L,1771935360,1771935540,5172.39,,0
4521,H,1771935480,1771935660,5175.30,4522,0
4522,H,1771935780,1771935960,5181.27,,0
4523,L,1771936620,1771936800,5163.32,,0
4524,H,1771936680,1771936860,5171.80,,0
4525,H,1771936980,1771937160,5171.73,4524,0
4526,L,1771937280,1771937460,5169.05,,0
4527,H,1771938300,1771938480,5176.53,,0
4528,L,1771938480,1771938660,5172.22,,0
4529,H,1771938840,1771939020,5177.20,,0
4530,L,1771938960,1771939140,5173.25,4531,0
4531,L,1771939380,1771939560,5171.02,,0
4532,H,1771939800,1771939980,5175.14,,0
4533,L,1771940100,1771940280,5172.96,,0
4534,H,1771940400,1771940580,5177.58,,0
4535,L,1771940580,1771940760,5175.69,,0
4536,H,1771940700,1771940880,5178.46,,0
4537,L,1771941060,1771941240,5172.15,,0
4538,H,1771941420,1771941600,5176.57,,0
4539,L,1771941900,1771942080,5168.28,,0
4540,H,1771941960,1771942140,5172.78,,0
4541,L,1771942740,1771942920,5147.16,,0
4542,H,1771943040,1771943220,5162.18,,0
4543,L,1771943160,1771943340,5157.26,,0
4544,H,1771943400,1771943580,5164.59,,0
4545,L,1771943820,1771944000,5153.87,,0
4546,H,1771944000,1771944180,5159.46,,0
4547,L,1771944840,1771945020,5145.11,,0
4548,H,1771945260,1771945440,5160.49,,0
4549,L,1771945440,1771945620,5151.90,,0
4550,H,1771945860,1771946040,5161.28,,0
4551,H,1771946340,1771946520,5157.01,4550,0
4552,L,1771946460,1771946640,5152.18,,0
4553,H,1771946760,1771946940,5158.30,,0
4554,L,1771947000,1771947180,5149.91,,1
4555,H,1771947000,1771947180,5158.67,,1
4556,H,1771947300,1771947480,5155.39,4555,0
4557,L,1771947540,1771947720,5133.35,,0
4558,H,1771947780,1771947960,5148.42,,0
4559,L,1771948200,1771948380,5122.98,,0
4560,H,1771948500,1771948680,5134.26,,0
4561,L,1771948800,1771948980,5108.31,,0
4562,L,1771949100,1771949280,5117.02,4561,0
4563,H,1771949220,1771949400,5127.50,,0
4564,L,1771949580,1771949760,5093.78,,0
4565,H,1771950240,1771950420,5119.50,4566,0
4566,H,1771950660,1771950840,5125.09,,0
4567,L,1771950720,1771950900,5109.91,,0
4568,H,1771951500,1771951680,5139.27,,0
4569,L,1771951680,1771951860,5127.92,,0
4570,H,1771951980,1771952160,5138.87,,0
4571,L,1771952040,1771952220,5126.61,,0
4572,H,1771952220,1771952400,5132.74,,0
4573,L,1771952520,1771952700,5118.07,,0
4574,L,1771953780,1771953960,5137.93,4573,0
4575,H,1771953960,1771954140,5146.24,,0
4576,L,1771954260,1771954440,5134.16,,0
4577,H,1771955100,1771955280,5155.26,,0
4578,L,1771955460,1771955640,5145.19,,0
4579,L,1771955700,1771955880,5145.48,4578,0
4580,H,1771956120,1771956300,5152.23,,0
4581,L,1771956660,1771956840,5141.29,,0
4582,H,1771957080,1771957260,5150.74,,0
4583,L,1771957320,1771957500,5142.45,4584,0
4584,L,1771957560,1771957740,5141.50,,0
4585,H,1771957740,1771957920,5144.39,,0
4586,L,1771958040,1771958220,5135.15,,0
4587,H,1771958400,1771958580,5150.80,,0
4588,L,1771959060,1771959240,5131.07,,0
4589,H,1771959300,1771959480,5140.79,4590,0
4590,H,1771960800,1771960980,5163.46,,0
4591,L,1771961100,1771961280,5155.20,,0
4592,H,1771961400,1771961580,5159.38,,0
4593,L,1771961580,1771961760,5156.52,,0
4594,H,1771961760,1771961940,5159.13,,0
4595,L,1771961820,1771962000,5156.84,,0
4596,H,1771962360,1771962540,5161.96,4597,0
4597,H,1771963500,1771963680,5170.06,,0
4598,H,1771963740,1771963920,5169.97,4597,0
4599,H,1771964280,1771964460,5165.60,4597,0
4600,L,1771964400,1771964580,5159.41,4601,0
4601,L,1771964880,1771965060,5155.72,,0
4602,H,1771965060,1771965240,5161.43,,0
4603,L,1771965300,1771965480,5153.82,,0
4604,H,1771965900,1771966080,5160.93,,0
4605,L,1771966080,1771966260,5156.14,,0
4606,H,1771966560,1771966740,5163.00,,0
4607,L,1771967100,1771967280,5154.64,4608,0
4608,L,1771967460,1771967640,5149.61,,0
4609,H,1771967700,1771967880,5157.52,,0
4610,L,1771968120,1771968300,5146.53,,0
4611,H,1771968480,1771968660,5152.42,4612,0
4612,H,1771969080,1771969260,5156.68,4613,0
4613,H,1771969320,1771969500,5156.82,,0
4614,L,1771969560,1771969740,5151.59,,0
4615,H,1771969980,1771970160,5155.48,,0
4616,L,1771970040,1771970220,5151.99,,0
4617,H,1771970520,1771970700,5156.00,,0
4618,L,1771970760,1771970940,5148.35,4619,0
4619,L,1771971240,1771971420,5146.69,,0
4620,H,1771972020,1771972200,5170.19,,0
4621,L,1771972200,1771972380,5165.67,,0
4622,H,1771972500,1771972680,5172.72,,0
4623,L,1771972800,1771972980,5168.85,,0
4624,H,1771973040,1771973220,5173.15,,0
4625,L,1771973700,1771973880,5158.12,,0
4626,H,1771974000,1771974180,5165.67,,0
4627,L,1771974360,1771974540,5156.36,,0
4628,H,1771974540,1771974720,5158.96,,0
4629,L,1771974660,1771974840,5156.48,,0
4630,H,1771974900,1771975080,5162.18,,0
4631,L,1771975440,1771975620,5153.83,,0
4632,H,1771975740,1771975920,5156.24,,0
4633,L,1771976220,1771976400,5146.06,,0
4634,L,1771976520,1771976700,5146.11,4633,0
4635,H,1771976640,1771976820,5151.23,,0
4636,H,1771976940,1771977120,5149.79,4635,0
4637,L,1771977000,1771977180,5140.48,,0
4638,H,1771977240,1771977420,5145.81,,0
4639,L,1771981260,1771981440,5121.54,,0
4640,L,1771981680,1771981860,5127.95,4639,0
4641,L,1771981920,1771982100,5129.18,4639,0
4642,H,1771982100,1771982280,5137.83,,0
4643,L,1771982400,1771982580,5129.77,,0
4644,H,1771982520,1771982700,5133.29,,0
4645,L,1771982880,1771983060,5128.53,,0
4646,H,1771983000,1771983180,5136.04,4647,0
4647,H,1771984200,1771984380,5152.13,,0
4648,L,1771985220,1771985400,5137.12,,0
4649,L,1771985520,1771985700,5138.76,4648,0
4650,H,1771985760,1771985940,5144.97,4651,0
4651,H,1771986180,1771986360,5146.20,,0
4652,L,1771986540,1771986720,5137.83,,0
4653,H,1771986660,1771986840,5151.13,,0
4654,L,1771986900,1771987080,5145.36,,0
4655,H,1771987320,1771987500,5155.28,,0
4656,L,1771987620,1771987800,5142.14,,0
4657,L,1771987860,1771988040,5142.81,4656,0
4658,H,1771988340,1771988520,5156.32,,0
4659,L,1771988520,1771988700,5144.23,,0
4660,H,1771988940,1771989120,5172.05,,0
4661,L,1771989060,1771989240,5164.14,,0
4662,H,1771989720,1771989900,5186.78,,0
4663,L,1771989840,1771990020,5178.21,,0
4664,H,1771990140,1771990320,5188.35,,0
4665,L,1771990260,1771990440,5181.67,,0
4666,H,1771990560,1771990740,5189.94,,0
4667,L,1771990740,1771990920,5179.26,,0
4668,H,1771990920,1771991100,5186.17,,0
4669,L,1771991040,1771991220,5178.70,,0
4670,H,1771991280,1771991460,5186.30,,0
4671,L,1771991520,1771991700,5180.40,,0
4672,H,1771991640,1771991820,5184.86,,0
4673,L,1771991940,1771992120,5174.70,,0
4674,H,1771992060,1771992240,5184.19,,0
4675,L,1771992780,1771992960,5182.92,,0
4676,H,1771993020,1771993200,5193.86,,0
4677,L,1771993380,1771993560,5184.94,,0
4678,H,1771993620,1771993800,5190.45,,0
4679,H,1771993980,1771994160,5190.45,4678,0
4680,L,1771994160,1771994340,5182.84,,0
4681,H,1771994460,1771994640,5187.50,,0
4682,L,1771994520,1771994700,5182.78,,0
4683,H,1771994880,1771995060,5186.85,,0
4684,L,1771995060,1771995240,5166.59,,0
4685,H,1771995600,1771995780,5190.10,,0
4686,L,1771996020,1771996200,5181.79,,0
4687,L,1771996260,1771996440,5182.99,4686,0
4688,H,1771996500,1771996680,5187.42,,0
4689,L,1771996680,1771996860,5180.79,,0
4690,H,1771996800,1771996980,5185.59,,0
4691,L,1771997100,1771997280,5179.40,,0
4692,H,1771997460,1771997640,5188.56,,0
4693,L,1771997640,1771997820,5180.52,,0
4694,H,1771997700,1771997880,5188.41,,0
4695,L,1771998000,1771998180,5179.43,,0
4696,H,1771998420,1771998600,5187.65,,0
4697,L,1771998900,1771999080,5178.33,,0
4698,H,1771999140,1771999320,5184.67,,0
4699,L,1771999320,1771999500,5179.96,4700,0
4700,L,1771999800,1771999980,5172.88,,0
4701,H,1772000280,1772000460,5184.90,,0
4702,L,1772000580,1772000760,5180.95,,0
4703,H,1772000820,1772001000,5185.18,,0
4704,L,1772001480,1772001660,5179.98,,0
4705,H,1772001900,1772002080,5184.93,,0
4706,L,1772002080,1772002260,5180.47,4707,0
4707,L,1772002560,1772002740,5179.91,,0
4708,H,1772003160,1772003340,5191.57,4709,0
4709,H,1772003880,1772004060,5194.79,,0
4710,L,1772004120,1772004300,5187.92,,0
4711,L,1772004600,1772004780,5192.59,4710,0
4712,H,1772004720,1772004900,5199.48,,0
4713,L,1772005080,1772005260,5194.93,,0
4714,L,1772005620,1772005800,5201.74,4713,0
4715,H,1772005980,1772006160,5210.57,,0
4716,L,1772006880,1772007060,5182.39,,0
4717,L,1772007180,1772007360,5185.03,4716,0
4718,H,1772007660,1772007840,5195.44,,0
4719,L,1772008200,1772008380,5188.54,,0
4720,H,1772008320,1772008500,5193.31,4721,0
4721,H,1772008680,1772008860,5194.47,,0
4722,L,1772008980,1772009160,5189.48,4723,0
4723,L,1772009220,1772009400,5189.29,,0
4724,H,1772009280,1772009460,5193.46,,0
4725,L,1772009460,1772009640,5190.55,,0
4726,H,1772009520,1772009700,5194.11,,0
4727,L,1772009700,1772009880,5191.43,,0
4728,H,1772010000,1772010180,5195.11,,0
4729,L,1772010240,1772010420,5187.70,,0
4730,H,1772010480,1772010660,5194.38,,0
4731,L,1772010780,1772010960,5187.53,4732,0
4732,L,1772011080,1772011260,5185.51,4733,0
4733,L,1772011560,1772011740,5182.49,,0
4734,H,1772011800,1772011980,5190.37,,0
4735,L,1772011920,1772012100,5186.60,,0
4736,H,1772012100,1772012280,5189.41,,0
4737,L,1772012220,1772012400,5185.92,,0
4738,H,1772012460,1772012640,5188.29,,0
4739,L,1772012760,1772012940,5185.28,,0
4740,H,1772012880,1772013060,5189.38,,0
4741,L,1772013240,1772013420,5180.45,,0
4742,H,1772013360,1772013540,5186.33,,0
4743,L,1772013540,1772013720,5183.59,,0
4744,H,1772013660,1772013840,5190.32,,0
4745,L,1772013840,1772014020,5185.75,,0
4746,L,1772014140,1772014320,5186.20,4745,0
4747,H,1772014380,1772014560,5189.53,,0
4748,L,1772014620,1772014800,5186.92,,0
4749,H,1772015040,1772015220,5194.06,,0
4750,L,1772015220,1772015400,5190.08,,0
4751,H,1772015400,1772015580,5194.82,,0
4752,L,1772016060,1772016240,5191.29,4753,0
4753,L,1772016780,1772016960,5187.05,,0
4754,H,1772016900,1772017080,5189.93,,0
4755,L,1772017380,1772017560,5176.70,,0
4756,L,1772017680,1772017860,5179.07,4755,0
4757,H,1772017920,1772018100,5187.86,,0
4758,L,1772018100,1772018280,5181.72,,0
4759,L,1772018700,1772018880,5186.27,4758,0
4760,H,1772018880,1772019060,5188.42,,0
4761,L,1772019060,1772019240,5185.86,,0
4762,H,1772019420,1772019600,5193.80,,0
4763,H,1772019720,1772019900,5192.89,4762,0
4764,L,1772020260,1772020440,5189.01,,0
4765,H,1772020320,1772020500,5194.50,,0
4766,L,1772020560,1772020740,5187.93,,0
4767,H,1772020860,1772021040,5195.15,,0
4768,H,1772021280,1772021460,5189.77,4767,0
4769,L,1772022000,1772022180,5174.25,4770,0
4770,L,1772022300,1772022480,5172.37,,0
4771,H,1772022420,1772022600,5179.90,,0
4772,L,1772022780,1772022960,5170.28,,0
4773,H,1772023320,1772023500,5180.89,,0
4774,L,1772023980,1772024160,5172.50,,0
4775,H,1772024340,1772024520,5176.42,,0
4776,H,1772024760,1772024940,5175.94,4775,0
4777,L,1772025420,1772025600,5155.11,,0
4778,H,1772026440,1772026620,5172.50,,0
4779,L,1772026800,1772026980,5166.66,,0
4780,H,1772027160,1772027340,5174.58,,0
4781,L,1772027220,1772027400,5172.45,,0
4782,H,1772027460,1772027640,5176.30,,0
4783,L,1772027520,1772027700,5172.29,,0
4784,H,1772028060,1772028240,5182.75,,0
4785,L,1772028240,1772028420,5178.27,,0
4786,H,1772028600,1772028780,5182.93,,0
4787,L,1772028780,1772028960,5180.58,,0
4788,L,1772029200,1772029380,5183.19,4787,0
4789,H,1772029680,1772029860,5187.37,,0
4790,L,1772030100,1772030280,5177.43,,0
4791,H,1772030580,1772030760,5186.42,,0
4792,L,1772031000,1772031180,5181.17,4793,0
4793,L,1772031300,1772031480,5178.82,,0
4794,L,1772031720,1772031900,5181.12,4793,0
4795,H,1772032140,1772032320,5189.77,,0
4796,L,1772032380,1772032560,5185.47,,0
4797,H,1772032620,1772032800,5189.56,,0
4798,L,1772032740,1772032920,5185.94,,0
4799,H,1772033100,1772033280,5191.48,,0
4800,L,1772033400,1772033580,5186.65,,0
4801,H,1772033760,1772033940,5190.41,4802,0
4802,H,1772034000,1772034180,5191.36,,0
4803,L,1772034120,1772034300,5182.01,,0
4804,H,1772034360,1772034540,5191.05,,0
4805,L,1772034780,1772034960,5184.22,,0
4806,H,1772034900,1772035080,5188.41,,0
4807,L,1772035200,1772035380,5183.74,,0
4808,H,1772035680,1772035860,5191.05,,0
4809,L,1772036100,1772036280,5181.99,,0
4810,L,1772036340,1772036520,5182.40,4809,0
4811,H,1772036520,1772036700,5185.35,,0
4812,H,1772037240,1772037420,5181.14,4811,0
4813,L,1772037540,1772037720,5159.02,,0
4814,H,1772039160,1772039340,5202.50,,0
4815,L,1772039460,1772039640,5190.31,,0
4816,H,1772039760,1772039940,5195.68,,0
4817,L,1772040660,1772040840,5172.59,,0
4818,L,1772041560,1772041740,5186.66,4817,0
4819,H,1772041740,1772041920,5198.29,,0
4820,L,1772041860,1772042040,5192.63,,0
4821,L,1772042100,1772042280,5193.28,4820,0
4822,H,1772042220,1772042400,5197.98,,0
4823,L,1772042460,1772042640,5193.11,,0
4824,H,1772042520,1772042700,5198.46,,0
4825,L,1772043000,1772043180,5189.75,,0
4826,H,1772043900,1772044080,5206.18,,0
4827,L,1772044320,1772044500,5199.20,,0
4828,H,1772044500,1772044680,5207.09,4829,0
4829,H,1772045220,1772045400,5213.76,,0
4830,L,1772045340,1772045520,5206.75,,0
4831,H,1772045580,1772045760,5212.54,4832,0
4832,H,1772045880,1772046060,5212.86,,0
4833,L,1772046120,1772046300,5208.05,4834,0
4834,L,1772046480,1772046660,5207.85,,0
4835,H,1772046720,1772046900,5217.55,,0
4836,L,1772046900,1772047080,5212.01,4837,0
4837,L,1772047260,1772047440,5211.51,,0
4838,H,1772047500,1772047680,5216.08,,0
4839,H,1772047920,1772048100,5214.56,4838,0
4840,L,1772048160,1772048340,5210.27,,0
4841,H,1772048400,1772048580,5213.86,,0
4842,L,1772048700,1772048880,5204.53,,0
4843,L,1772049000,1772049180,5205.00,4842,0
4844,H,1772049120,1772049300,5210.69,,0
4845,L,1772049420,1772049600,5203.72,,0
4846,H,1772049960,1772050140,5207.69,,0
4847,H,1772050620,1772050800,5207.57,4846,0
4848,L,1772050680,1772050860,5206.89,4849,0
4849,L,1772051220,1772051400,5206.77,,0
4850,H,1772051520,1772051700,5207.58,,0
4851,L,1772051880,1772052060,5206.11,,0
4852,H,1772051940,1772052120,5206.99,,0
4853,L,1772052540,1772052720,5200.79,,0
4854,L,1772052960,1772053140,5201.22,4853,0
4855,H,1772053020,1772053200,5203.42,,0
4856,L,1772053260,1772053440,5201.11,,0
4857,H,1772053320,1772053500,5202.71,,0
4858,L,1772053800,1772053980,5191.71,,0
4859,H,1772054040,1772054220,5207.98,,0
4860,L,1772054520,1772054700,5194.37,4861,0
4861,L,1772054820,1772055000,5193.89,,0
4862,H,1772055000,1772055180,5204.50,,0
4863,L,1772055180,1772055360,5199.59,,0
4864,H,1772055420,1772055600,5206.90,,0
4865,L,1772055900,1772056080,5200.50,,0
4866,L,1772056200,1772056380,5200.72,4865,0
4867,H,1772056260,1772056440,5208.44,,0
4868,H,1772056620,1772056800,5207.80,4867,0
4869,L,1772056980,1772057160,5196.86,,0
4870,H,1772057220,1772057400,5205.98,4871,0
4871,H,1772057460,1772057640,5206.27,,0
4872,L,1772057880,1772058060,5183.68,4873,0
4873,L,1772058120,1772058300,5183.04,,0
4874,H,1772058300,1772058480,5193.37,,0
4875,L,1772058600,1772058780,5179.40,,0
4876,H,1772058840,1772059020,5190.54,,0
4877,L,1772059620,1772059800,5167.08,,0
4878,H,1772059980,1772060160,5180.48,,0
4879,L,1772060280,1772060460,5145.94,,0
4880,H,1772060700,1772060880,5160.27,4881,0
4881,H,1772061120,1772061300,5165.35,,0
4882,L,1772061240,1772061420,5158.57,,0
4883,H,1772061480,1772061660,5173.26,,0
4884,L,1772061600,1772061780,5165.01,,0
4885,H,1772061780,1772061960,5170.19,4886,0
4886,H,1772062020,1772062200,5170.20,,0
4887,L,1772062200,1772062380,5166.51,,0
4888,H,1772062560,1772062740,5173.49,,0
4889,L,1772062800,1772062980,5168.11,,0
4890,H,1772063220,1772063400,5171.60,,0
4891,H,1772063520,1772063700,5171.38,4890,0
4892,L,1772063640,1772063820,5163.00,4893,0
4893,L,1772067600,1772067780,5159.50,,0
4894,H,1772068080,1772068260,5182.00,,0
4895,L,1772068620,1772068800,5164.08,,0
4896,H,1772068920,1772069100,5179.85,,0
4897,L,1772069160,1772069340,5167.12,4898,0
4898,L,1772069520,1772069700,5165.58,4899,0
4899,L,1772069820,1772070000,5163.98,,0
4900,H,1772070060,1772070240,5174.15,4901,0
4901,H,1772070420,1772070600,5178.92,,0
4902,L,1772070540,1772070720,5166.46,4903,0
4903,L,1772070780,1772070960,5165.07,,0
4904,H,1772070960,1772071140,5170.75,,0
4905,L,1772071200,1772071380,5155.63,,0
4906,H,1772071440,1772071620,5167.97,,0
4907,L,1772071560,1772071740,5156.44,,0
4908,H,1772072280,1772072460,5174.57,,0
4909,L,1772072340,1772072520,5169.55,,0
4910,L,1772072880,1772073060,5178.94,4909,0
4911,H,1772073120,1772073300,5189.38,,0
4912,L,1772073600,1772073780,5181.27,,0
4913,H,1772073900,1772074080,5190.04,,0
4914,L,1772074200,1772074380,5184.98,,0
4915,L,1772074740,1772074920,5185.86,4914,0
4916,H,1772075040,1772075220,5198.42,,0
4917,L,1772075520,1772075700,5182.72,,0
4918,H,1772075700,1772075880,5192.61,,0
4919,L,1772075940,1772076120,5188.35,,0
4920,H,1772076060,1772076240,5195.22,,0
4921,L,1772076600,1772076780,5178.54,,0
4922,H,1772076960,1772077140,5191.42,,0
4923,L,1772077140,1772077320,5184.87,,0
4924,H,1772077260,1772077440,5192.47,,0
4925,H,1772077500,1772077680,5192.38,4924,0
4926,L,1772077800,1772077980,5185.22,,0
4927,H,1772078100,1772078280,5194.02,4928,0
4928,H,1772078400,1772078580,5195.60,,0
4929,L,1772078580,1772078760,5187.77,4930,0
4930,L,1772078820,1772079000,5184.73,,0
4931,H,1772079120,1772079300,5190.87,,0
4932,L,1772079300,1772079480,5181.62,,0
4933,H,1772079480,1772079660,5189.85,,0
4934,H,1772080260,1772080440,5183.76,4933,0
4935,L,1772080560,1772080740,5174.56,,0
4936,H,1772080680,1772080860,5184.30,,0
4937,L,1772080800,1772080980,5174.25,,0
4938,H,1772081100,1772081280,5183.14,4939,0
4939,H,1772081760,1772081940,5186.42,,0
4940,L,1772082060,1772082240,5182.95,,0
4941,H,1772082240,1772082420,5187.67,,0
4942,L,1772082360,1772082540,5184.35,,0
4943,H,1772082480,1772082660,5187.56,,0
4944,L,1772082660,1772082840,5184.32,,0
4945,H,1772083080,1772083260,5193.79,,0
4946,L,1772083260,1772083440,5187.86,,0
4947,H,1772083440,1772083620,5191.63,,0
4948,L,1772083740,1772083920,5187.97,4949,0
4949,L,1772084340,1772084520,5186.25,,0
4950,H,1772084520,1772084700,5188.80,,0
4951,L,1772084820,1772085000,5184.19,,0
4952,H,1772085720,1772085900,5195.52,4953,0
4953,H,1772086020,1772086200,5196.62,,0
4954,L,1772086320,1772086500,5195.03,,1
4955,H,1772086320,1772086500,5199.22,,1
4956,L,1772086740,1772086920,5191.67,,0
4957,H,1772086860,1772087040,5195.38,,0
4958,L,1772087040,1772087220,5191.56,,0
4959,H,1772087400,1772087580,5195.01,,0
4960,L,1772087640,1772087820,5193.67,,0
4961,H,1772087820,1772088000,5195.49,,0
4962,L,1772087940,1772088120,5194.17,,0
4963,H,1772088120,1772088300,5195.83,,0
4964,L,1772088600,1772088780,5190.42,,0
4965,H,1772089260,1772089440,5195.15,,0
4966,L,1772089380,1772089560,5190.16,,0
4967,H,1772090160,1772090340,5202.38,,0
4968,L,1772090460,1772090640,5198.12,,0
4969,H,1772090700,1772090880,5205.45,,0
4970,L,1772091180,1772091360,5199.02,,0
4971,H,1772091360,1772091540,5203.44,,0
4972,L,1772091420,1772091600,5196.03,,0
4973,H,1772091780,1772091960,5201.64,,0
4974,L,1772092140,1772092320,5191.41,,0
4975,L,1772092440,1772092620,5193.17,4974,0
4976,H,1772092860,1772093040,5199.22,4977,0
4977,H,1772093160,1772093340,5199.57,,0
4978,L,1772093520,1772093700,5195.79,,0
4979,H,1772093700,1772093880,5198.42,,0
4980,L,1772094180,1772094360,5193.09,,0
4981,H,1772094480,1772094660,5197.87,,0
4982,L,1772094540,1772094720,5193.33,,0
4983,H,1772094960,1772095140,5198.42,,1
4984,L,1772094960,1772095140,5194.23,,1
4985,H,1772095440,1772095620,5197.67,,0
4986,L,1772095800,1772095980,5191.40,,0
4987,H,1772095860,1772096040,5197.03,,0
4988,L,1772096220,1772096400,5190.42,,0
4989,H,1772096400,1772096580,5194.76,,0
4990,L,1772096640,1772096820,5185.74,4991,0
4991,L,1772097000,1772097180,5182.48,,0
4992,H,1772097420,1772097600,5190.74,,0
4993,L,1772097780,1772097960,5182.25,,0
4994,H,1772097900,1772098080,5187.92,,0
4995,L,1772098140,1772098320,5184.51,,0
4996,H,1772098380,1772098560,5188.82,,0
4997,L,1772098560,1772098740,5184.65,,0
4998,H,1772098800,1772098980,5189.85,,0
4999,L,1772099460,1772099640,5179.68,,0
5000,H,1772099940,1772100120,5188.26,,0
5001,L,1772100120,1772100300,5179.73,5002,0
5002,L,1772100480,1772100660,5179.41,,0
5003,H,1772100960,1772101140,5190.81,,0
5004,L,1772101080,1772101260,5184.83,,0
5005,H,1772101500,1772101680,5187.60,,0
5006,L,1772102040,1772102220,5170.61,,0
5007,H,1772102340,1772102520,5177.58,,0
5008,L,1772102460,1772102640,5171.70,,0
5009,H,1772102580,1772102760,5176.84,,0
5010,L,1772102820,1772103000,5167.87,,0
5011,H,1772103060,1772103240,5182.10,,0
5012,L,1772103360,1772103540,5175.35,,0
5013,H,1772103480,1772103660,5181.36,,0
5014,L,1772103900,1772104080,5173.92,,0
5015,H,1772104320,1772104500,5182.50,,0
5016,L,1772104980,1772105160,5174.80,,0
5017,L,1772105400,1772105580,5179.31,5016,0
5018,H,1772105520,1772105700,5183.74,,0
5019,L,1772105700,1772105880,5180.18,,0
5020,H,1772105940,1772106120,5183.59,,0
5021,L,1772106240,1772106420,5180.24,,0
5022,H,1772107020,1772107200,5189.48,,0
5023,L,1772107200,1772107380,5185.58,,0
5024,H,1772107560,1772107740,5190.10,,0
5025,L,1772107860,1772108040,5187.11,,0
5026,H,1772108100,1772108280,5188.82,,0
5027,L,1772108640,1772108820,5181.23,,0
5028,H,1772108700,1772108880,5185.01,,0
5029,L,1772109360,1772109540,5171.73,,0
5030,H,1772109660,1772109840,5178.73,,0
5031,L,1772110320,1772110500,5169.00,,0
5032,H,1772110560,1772110740,5173.72,,0
5033,L,1772110680,1772110860,5165.96,,0
5034,H,1772111220,1772111400,5178.38,,0
5035,L,1772111400,1772111580,5175.20,5036,0
5036,L,1772111820,1772112000,5171.03,,0
5037,H,1772111940,1772112120,5175.98,,0
5038,L,1772112240,1772112420,5171.02,,0
5039,H,1772112300,1772112480,5176.06,,0
5040,L,1772112540,1772112720,5171.47,,0
5041,L,1772112840,1772113020,5172.00,5040,0
5042,H,1772113140,1772113320,5175.46,,0
5043,H,1772113440,1772113620,5174.97,5042,0
5044,L,1772114040,1772114220,5161.27,,0
5045,H,1772114400,1772114580,5168.04,,0
5046,L,1772114520,1772114700,5157.83,,0
5047,H,1772115060,1772115240,5169.94,,0
5048,L,1772115300,1772115480,5166.12,,0
5049,L,1772115660,1772115840,5170.23,5048,0
5050,H,1772116500,1772116680,5184.26,,0
5051,L,1772116680,1772116860,5179.81,,0
5052,H,1772117100,1772117280,5187.83,,0
5053,H,1772117520,1772117700,5181.97,5052,0
5054,L,1772117580,1772117760,5179.55,,0
5055,H,1772118000,1772118180,5185.47,,0
5056,L,1772118720,1772118900,5168.30,,0
5057,H,1772119020,1772119200,5177.79,,0
5058,L,1772119140,1772119320,5171.53,,0
5059,H,1772119260,1772119440,5178.81,,0
5060,L,1772119800,1772119980,5165.98,,0
5061,H,1772120040,1772120220,5175.03,,0
5062,L,1772120160,1772120340,5169.65,,0
5063,H,1772120340,1772120520,5177.31,,0
5064,L,1772120640,1772120820,5164.32,,0
5065,H,1772121300,1772121480,5171.55,,0
5066,L,1772121660,1772121840,5162.83,5067,0
5067,L,1772122080,1772122260,5160.30,,0
5068,H,1772122560,1772122740,5168.83,,0
5069,L,1772122860,1772123040,5163.57,,0
5070,H,1772123220,1772123400,5172.36,,0
5071,L,1772123460,1772123640,5140.05,,0
5072,H,1772123820,1772124000,5174.85,,0
5073,L,1772124000,1772124180,5158.33,,0
5074,H,1772124360,1772124540,5176.02,,0
5075,H,1772124660,1772124840,5173.58,5074,0
5076,L,1772124720,1772124900,5163.82,,0
5077,H,1772124900,1772125080,5171.30,,0
5078,L,1772125260,1772125440,5158.90,,0
5079,H,1772125380,1772125560,5172.21,,0
5080,L,1772125740,1772125920,5163.75,,0
5081,H,1772125860,1772126040,5171.77,,0
5082,L,1772126340,1772126520,5150.31,,0
5083,H,1772126400,1772126580,5162.24,,0
5084,L,1772126580,1772126760,5151.92,5085,0
5085,L,1772126820,1772127000,5130.38,,0
5086,H,1772128440,1772128620,5192.80,,0
5087,H,1772129520,1772129700,5180.35,5086,0
5088,L,1772129640,1772129820,5172.93,,0
5089,H,1772129880,1772130060,5184.67,,0
5090,L,1772130300,1772130480,5175.66,,0
5091,L,1772130840,1772131020,5178.02,5090,0
5092,L,1772131140,1772131320,5179.69,5090,0
5093,H,1772131320,1772131500,5186.32,,0
5094,H,1772131620,1772131800,5185.48,5093,0
5095,L,1772131680,1772131860,5178.54,5096,0
5096,L,1772132160,1772132340,5175.52,,0
5097,H,1772132460,1772132640,5182.89,,0
5098,L,1772132640,1772132820,5179.58,,0
5099,H,1772133060,1772133240,5190.33,,0
5100,L,1772133540,1772133720,5175.51,,0
5101,H,1772133600,1772133780,5181.89,,0
5102,L,1772134320,1772134500,5172.02,,0
5103,H,1772134500,1772134680,5177.91,,0
5104,L,1772134740,1772134920,5172.89,,0
5105,H,1772134920,1772135100,5176.88,,0
5106,L,1772135340,1772135520,5166.17,5107,0
5107,L,1772135880,1772136060,5162.03,,0
5108,H,1772136120,1772136300,5171.40,,0
5109,L,1772136420,1772136600,5163.56,,0
5110,L,1772136780,1772136960,5169.23,5109,0
5111,H,1772137320,1772137500,5176.85,,0
5112,L,1772137560,1772137740,5173.84,,0
5113,H,1772137860,1772138040,5180.54,,0
5114,L,1772138100,1772138280,5160.60,,0
5115,H,1772138700,1772138880,5184.31,5116,0
5116,H,1772139060,1772139240,5185.79,,0
5117,L,1772139420,1772139600,5178.92,,0
5118,H,1772139900,1772140080,5187.79,,0
5119,L,1772140200,1772140380,5184.87,,0
5120,H,1772140440,1772140620,5188.29,,0
5121,L,1772140620,1772140800,5185.12,,0
5122,H,1772140920,1772141100,5189.28,,0
5123,L,1772141460,1772141640,5183.44,,0
5124,H,1772141760,1772141940,5190.83,,0
5125,L,1772141880,1772142060,5183.64,,0
5126,H,1772142540,1772142720,5193.99,,0
5127,L,1772143140,1772143320,5186.57,,0
5128,H,1772143560,1772143740,5196.46,5129,0
5129,H,1772144040,1772144220,5197.97,,0
5130,L,1772144280,1772144460,5192.02,,0
5131,H,1772144640,1772144820,5197.90,,0
5132,L,1772145060,1772145240,5190.88,,0
5133,H,1772145540,1772145720,5199.49,5134,0
5134,H,1772146080,1772146260,5201.02,,0
5135,L,1772146560,1772146740,5189.68,,0
5136,H,1772146860,1772147040,5200.69,,0
5137,H,1772147160,1772147340,5199.84,5136,0
5138,L,1772147880,1772148060,5193.85,,0
5139,H,1772148000,1772148180,5196.51,,0
5140,L,1772148600,1772148780,5184.52,,0
5141,L,1772148960,1772149140,5184.57,5140,0
5142,H,1772149440,1772149620,5191.34,,0
5143,L,1772150100,1772154000,5182.97,,0
5144,H,1772154000,1772154180,5189.68,,0
5145,L,1772154120,1772154300,5175.78,,0
5146,H,1772154360,1772154540,5186.41,,0
5147,L,1772154480,1772154660,5178.97,,0
5148,H,1772154600,1772154780,5188.40,,0
5149,L,1772154900,1772155080,5182.72,,0
5150,H,1772155200,1772155380,5187.23,,1
5151,L,1772155200,1772155380,5183.64,5152,1
5152,L,1772155500,1772155680,5181.30,,0
5153,H,1772155620,1772155800,5185.72,,0
5154,L,1772155980,1772156160,5181.71,,0
5155,H,1772156460,1772156640,5189.23,,1
5156,L,1772156460,1772156640,5183.87,,1
5157,L,1772156700,1772156880,5184.85,5156,0
5158,H,1772156820,1772157000,5188.42,,0
5159,L,1772157060,1772157240,5182.19,,0
5160,H,1772157600,1772157780,5185.37,,0
5161,L,1772157840,1772158020,5178.79,,0
5162,L,1772158440,1772158620,5182.92,5161,0
5163,H,1772158860,1772159040,5194.94,,0
5164,L,1772160060,1772160240,5170.32,,0
5165,H,1772160240,1772160420,5177.65,,0
5166,H,1772160480,1772160660,5177.41,5165,0
5167,L,1772160540,1772160720,5171.85,,0
5168,L,1772160780,1772160960,5172.42,5167,0
5169,H,1772160840,1772161020,5177.51,,0
5170,H,1772161260,1772161440,5176.73,5169,0
5171,L,1772161320,1772161500,5168.70,,0
5172,H,1772161500,1772161680,5176.73,,0
5173,L,1772161680,1772161860,5166.98,,0
5174,H,1772161920,1772162100,5178.74,,0
5175,L,1772162100,1772162280,5174.88,,0
5176,L,1772162400,1772162580,5175.96,5175,0
5177,H,1772162460,1772162640,5180.02,,0
5178,L,1772162700,1772162880,5174.79,5179,0
5179,L,1772163000,1772163180,5173.21,,0
5180,H,1772163600,1772163780,5191.11,,0
5181,L,1772163840,1772164020,5186.85,,0
5182,L,1772164200,1772164380,5187.27,5181,0
5183,H,1772164380,1772164560,5193.75,,0
5184,L,1772164680,1772164860,5189.84,,0
5185,H,1772164800,1772164980,5197.43,,0
5186,L,1772164920,1772165100,5191.84,,0
5187,H,1772165280,1772165460,5199.65,,0
5188,L,1772165460,1772165640,5192.25,,0
5189,H,1772165640,1772165820,5195.92,,0
5190,L,1772166180,1772166360,5184.96,,0
5191,H,1772166360,1772166540,5188.49,,0
5192,L,1772167080,1772167260,5174.50,,0
5193,H,1772167560,1772167740,5182.72,,0
5194,L,1772167860,1772168040,5173.59,,0
5195,H,1772168460,1772168640,5184.97,,0
5196,L,1772168760,1772168940,5181.15,,0
5197,H,1772168820,1772169000,5184.08,5198,0
5198,H,1772169300,1772169480,5184.45,,0
5199,L,1772169360,1772169540,5181.32,,0
5200,H,1772169960,1772170140,5188.12,,0
5201,L,1772170200,1772170380,5185.49,,0
5202,H,1772170380,1772170560,5189.09,,0
5203,L,1772170680,1772170860,5183.55,,0
5204,H,1772170920,1772171100,5187.67,5205,0
5205,H,1772171400,1772171580,5190.58,,0
5206,H,1772171760,1772171940,5190.40,5205,0
5207,L,1772172000,1772172180,5183.60,,0
5208,H,1772172480,1772172660,5187.76,,0
5209,L,1772172660,1772172840,5184.46,,0
5210,H,1772172900,1772173080,5186.96,,0
5211,L,1772173200,1772173380,5181.73,,0
5212,H,1772173500,1772173680,5188.76,,0
5213,L,1772174040,1772174220,5185.41,,0
5214,H,1772174280,1772174460,5188.60,,0
5215,H,1772174580,1772174760,5188.01,5214,0
5216,L,1772174640,1772174820,5186.52,,0
5217,H,1772175180,1772175360,5185.88,,0
5218,L,1772175240,1772175420,5182.75,5219,0
5219,L,1772175540,1772175720,5180.97,,0
5220,L,1772176200,1772176380,5184.33,5219,0
5221,H,1772176380,1772176560,5187.50,,0
5222,L,1772176680,1772176860,5185.73,,0
5223,H,1772177580,1772177760,5197.45,,0
5224,L,1772177820,1772178000,5190.16,,0
5225,H,1772177940,1772178120,5195.04,,0
5226,L,1772178240,1772178420,5191.40,,0
5227,H,1772178420,1772178600,5193.79,,0
5228,L,1772178600,1772178780,5191.00,,0
5229,H,1772179080,1772179260,5200.44,,0
5230,L,1772179440,1772179620,5193.04,,0
5231,H,1772179860,1772180040,5198.48,5232,0
5232,H,1772180160,1772180340,5199.20,,0
5233,L,1772180460,1772180640,5193.99,,0
5234,H,1772180640,1772180820,5196.87,,0
5235,L,1772180880,1772181060,5192.42,,0
5236,H,1772181060,1772181240,5196.34,,0
5237,H,1772181360,1772181540,5195.01,5236,0
5238,L,1772181480,1772181660,5191.51,,0
5239,H,1772181720,1772181900,5196.42,,0
5240,L,1772182800,1772182980,5183.39,,0
5241,H,1772183280,1772183460,5189.66,,0
5242,L,1772183940,1772184120,5177.59,,0
5243,H,1772184300,1772184480,5185.59,,0
5244,L,1772184660,1772184840,5175.65,,0
5245,H,1772185140,1772185320,5182.83,,0
5246,H,1772185620,1772185800,5182.05,5245,0
5247,L,1772186040,1772186220,5177.78,,0
5248,H,1772186160,1772186340,5182.75,,0
5249,L,1772186340,1772186520,5175.93,,0
5250,H,1772186580,1772186760,5182.35,,0
5251,L,1772186820,1772187000,5177.23,,0
5252,H,1772187120,1772187300,5180.88,,0
5253,L,1772187420,1772187600,5177.06,,0
5254,H,1772187480,1772187660,5179.74,,0
5255,L,1772187840,1772188020,5174.38,,0
5256,H,1772188500,1772188680,5182.31,,0
5257,L,1772188800,1772188980,5179.94,,0
5258,H,1772189100,1772189280,5182.09,,1
5259,L,1772189100,1772189280,5179.93,,1
5260,H,1772189520,1772189700,5180.69,,0
5261,L,1772189640,1772189820,5176.54,,0
5262,H,1772189820,1772190000,5180.30,,0
5263,L,1772189940,1772190120,5177.77,,0
5264,H,1772190120,1772190300,5181.59,,0
5265,L,1772190660,1772190840,5175.12,,0
5266,H,1772191020,1772191200,5181.08,,0
5267,L,1772191140,1772191320,5176.86,,0
5268,H,1772191260,1772191440,5180.31,,0
5269,L,1772191440,1772191620,5177.60,,0
5270,H,1772191620,1772191800,5182.15,,0
5271,L,1772191800,1772191980,5177.77,,0
5272,L,1772192220,1772192400,5178.47,5271,0
5273,H,1772192700,1772192880,5182.66,,0
5274,L,1772193060,1772193240,5172.53,5275,0
5275,L,1772193300,1772193480,5172.29,,0
5276,H,1772193600,1772193780,5176.85,,0
5277,L,1772193840,1772194020,5171.43,,0
5278,H,1772194080,1772194260,5176.50,,0
5279,L,1772194380,1772194560,5168.76,,0
5280,H,1772194800,1772194980,5180.42,,0
5281,L,1772195040,1772195220,5176.15,,0
5282,H,1772195280,1772195460,5180.92,,0
5283,L,1772195340,1772195520,5172.43,,0
5284,H,1772195580,1772195760,5176.35,,0
5285,L,1772195760,1772195940,5169.31,,0
5286,L,1772196060,1772196240,5172.30,5285,0
5287,H,1772196480,1772196660,5178.60,,0
5288,L,1772196960,1772197140,5175.70,,0
5289,H,1772197260,1772197440,5178.10,,0
5290,L,1772197560,1772197740,5174.83,,0
5291,H,1772197800,1772197980,5178.31,,0
5292,L,1772198280,1772198460,5172.67,,0
5293,H,1772198760,1772198940,5178.74,,0
5294,L,1772198820,1772199000,5175.05,,0
5295,H,1772199120,1772199300,5180.28,,0
5296,L,1772199420,1772199600,5176.82,,0
5297,H,1772199660,1772199840,5178.80,,0
5298,L,1772199720,1772199900,5176.75,,0
5299,H,1772200200,1772200380,5182.27,5300,0
5300,H,1772200800,1772200980,5187.66,5301,0
5301,H,1772201280,1772201460,5190.47,,0
5302,L,1772201340,1772201520,5185.17,,0
5303,H,1772201580,1772201760,5188.28,,0
5304,L,1772201700,1772201880,5185.24,,0
5305,H,1772202060,1772202240,5189.75,,0
5306,L,1772202480,1772202660,5185.28,,0
5307,H,1772202600,1772202780,5188.34,,0
5308,L,1772203080,1772203260,5183.86,,0
5309,H,1772203380,1772203560,5187.58,,0
5310,L,1772203620,1772203800,5183.03,,0
5311,L,1772203980,1772204160,5183.71,5310,0
5312,H,1772204880,1772205060,5214.76,5313,0
5313,H,1772206020,1772206200,5240.55,,0
5314,L,1772206260,1772206440,5220.52,5315,0
5315,L,1772206860,1772207040,5207.79,,0
5316,H,1772207220,1772207400,5219.61,,0
5317,L,1772207400,1772207580,5211.09,,0
5318,H,1772208120,1772208300,5230.27,,0
5319,L,1772208540,1772208720,5217.45,,0
5320,H,1772208780,1772208960,5227.84,,0
5321,L,1772209020,1772209200,5223.73,,0
5322,H,1772209260,1772209440,5236.17,,0
5323,L,1772209860,1772210040,5218.22,,0
5324,H,1772209920,1772210100,5233.93,,0
5325,L,1772210460,1772210640,5213.79,,0
5326,H,1772210640,1772210820,5228.04,,0
5327,L,1772210820,1772211000,5216.12,,0
5328,H,1772211060,1772211240,5229.53,,0
5329,L,1772211600,1772211780,5219.88,,1
5330,H,1772211600,1772211780,5227.69,,1
5331,L,1772213100,1772213280,5214.90,,0
5332,H,1772213580,1772213760,5234.10,,0
5333,L,1772213700,1772213880,5227.07,,0
5334,H,1772213880,1772214060,5235.85,,0
5335,L,1772214000,1772214180,5228.76,,0
5336,H,1772214180,1772214360,5233.71,,0
5337,L,1772214420,1772214600,5230.01,,0
5338,H,1772214720,1772214900,5243.50,,0
5339,L,1772214840,1772215020,5232.44,,0
5340,H,1772215080,1772215260,5246.49,,0
5341,L,1772215260,1772215440,5234.12,,0
5342,H,1772216100,1772216280,5257.76,,0
5343,L,1772216640,1772216820,5222.08,,0
5344,H,1772217060,1772217240,5238.36,,0
5345,L,1772217360,1772217540,5229.33,,0
5346,H,1772217660,1772217840,5238.14,,0
5347,L,1772217780,1772217960,5232.84,5348,0
5348,L,1772218080,1772218260,5232.10,,0
5349,H,1772218200,1772218380,5238.08,,0
5350,L,1772218560,1772218740,5228.85,5351,0
5351,L,1772218860,1772219040,5226.19,,0
5352,H,1772219280,1772219460,5234.89,5353,0
5353,H,1772219520,1772219700,5235.99,,0
5354,L,1772219640,1772219820,5228.85,5355,0
5355,L,1772220000,1772220180,5223.71,,0
5356,H,1772220420,1772220600,5231.92,,0
5357,L,1772220600,1772220780,5221.29,,0
5358,L,1772221080,1772221260,5223.83,5357,0
5359,H,1772221800,1772221980,5236.95,,0
5360,L,1772221920,1772222100,5232.24,,0
5361,H,1772222040,1772222220,5236.00,,0
5362,L,1772222160,1772222340,5232.40,,0
5363,H,1772222640,1772222820,5238.33,,0
5364,L,1772222700,1772222880,5233.58,5365,0
5365,L,1772223060,1772223240,5233.50,,0
5366,H,1772223120,1772223300,5235.98,,0
5367,L,1772223300,1772223480,5232.44,5368,0
5368,L,1772224020,1772224200,5222.56,,0
5369,H,1772224260,1772224440,5232.64,,0
5370,L,1772224380,1772224560,5226.61,,0
5371,L,1772224680,1772224860,5228.56,5370,0
5372,H,1772225280,1772225460,5244.32,,0
5373,L,1772225460,1772225640,5240.39,,0
5374,H,1772225820,1772226000,5246.86,,0
5375,L,1772225880,1772226060,5243.86,,0
5376,H,1772226360,1772226540,5250.98,,0
5377,L,1772226660,1772226840,5240.27,,0
5378,H,1772226780,1772226960,5249.13,5379,0
5379,H,1772227080,1772227260,5252.31,,0
5380,L,1772227560,1772227740,5246.14,,0
5381,H,1772227980,1772228160,5251.11,,0
5382,H,1772228220,1772228400,5250.92,5381,0
5383,L,1772228460,1772228640,5243.71,,0
5384,H,1772229060,1772229240,5250.73,,0
5385,L,1772229300,1772229480,5248.14,,0
5386,L,1772229840,1772230020,5248.63,5385,0
5387,H,1772231040,1772231220,5262.27,,0
5388,L,1772231280,1772231460,5256.41,,0
5389,H,1772231460,1772231640,5260.89,,0
5390,L,1772231880,1772232060,5254.67,,0
5391,H,1772232300,1772232480,5263.34,,0
5392,L,1772232900,1772233080,5260.22,,0
5393,H,1772232960,1772233140,5265.44,,0
5394,L,1772233260,1772233440,5258.03,,0
5395,H,1772233620,1772233800,5264.06,,0
5396,H,1772233920,1772234100,5262.27,5395,0
5397,L,1772234220,1772234400,5257.27,,0
5398,H,1772234580,1772234760,5263.77,,0
5399,L,1772235120,1772235300,5260.78,5400,0
5400,L,1772235360,1772235540,5260.51,,0
5401,L,1772235900,1772236080,5272.20,5400,0
5402,H,1772236260,1772236440,5281.15,,0
5403,L,1772236500,1772413260,5276.81,,0
5404,H,1772413200,1772413380,5379.38,,0
5405,H,1772413500,1772413680,5373.41,5404,0
5406,L,1772413620,1772413800,5330.70,,0
5407,H,1772413980,1772414160,5357.62,5408,0
5408,H,1772414280,1772414460,5358.61,,0
5409,L,1772414400,1772414580,5344.03,,0
5410,H,1772415120,1772415300,5370.24,5411,0
5411,H,1772415720,1772415900,5393.37,,0
5412,L,1772415900,1772416080,5373.95,,0
5413,L,1772416260,1772416440,5381.64,5412,0
5414,H,1772416440,1772416620,5390.28,,0
5415,L,1772416560,1772416740,5378.01,5416,0
5416,L,1772416920,1772417100,5367.35,5417,0
5417,L,1772417340,1772417520,5364.34,,0
5418,H,1772417580,1772417760,5378.24,,0
5419,L,1772418060,1772418240,5349.59,,0
5420,H,1772418300,1772418480,5366.50,,0
5421,L,1772418420,1772418600,5353.18,,0
5422,L,1772418720,1772418900,5359.22,5421,0
5423,H,1772418840,1772419020,5373.47,,0
5424,L,1772419020,1772419200,5365.56,,0
5425,H,1772419140,1772419320,5373.24,,0
5426,L,1772419560,1772419740,5361.38,,0
5427,H,1772419680,1772419860,5366.26,,0
5428,L,1772420100,1772420280,5341.10,,0
5429,H,1772420280,1772420460,5355.16,,0
5430,L,1772420580,1772420760,5316.40,,0
5431,H,1772421420,1772421600,5345.82,,0
5432,L,1772422140,1772422320,5303.34,,0
5433,H,1772422980,1772423160,5339.15,,0
5434,L,1772423280,1772423460,5327.23,5435,0
5435,L,1772423580,1772423760,5326.39,,0
5436,H,1772423700,1772423880,5337.61,,0
5437,H,1772424060,1772424240,5331.71,5436,0
5438,L,1772424360,1772424540,5317.10,,0
5439,H,1772424720,1772424900,5335.57,,0
5440,H,1772424960,1772425140,5334.45,5439,0
5441,L,1772425200,1772425380,5326.45,,0
5442,H,1772425320,1772425500,5336.19,,0
5443,L,1772425680,1772425860,5326.55,,0
5444,H,1772426220,1772426400,5342.60,5445,0
5445,H,1772426700,1772426880,5351.72,,0
5446,L,1772426880,1772427060,5343.33,5447,0
5447,L,1772427180,1772427360,5341.05,,0
5448,L,1772427720,1772427900,5344.46,5447,0
5449,H,1772428020,1772428200,5355.96,,0
5450,L,1772428140,1772428320,5351.27,,0
5451,H,1772428320,1772428500,5357.45,,0
5452,L,1772428560,1772428740,5349.91,,0
5453,H,1772428920,1772429100,5359.40,,0
5454,L,1772429100,1772429280,5356.67,5455,0
5455,L,1772429460,1772429640,5353.81,,0
5456,H,1772429520,1772429700,5360.50,5457,0
5457,H,1772429880,1772430060,5364.92,,0
5458,L,1772430180,1772430360,5359.07,,0
5459,H,1772430300,1772430480,5364.52,,0
5460,L,1772430660,1772430840,5360.84,,0
5461,H,1772431200,1772431380,5367.12,,0
5462,H,1772431920,1772432100,5362.38,5461,0
5463,L,1772432100,1772432280,5355.98,,0
5464,H,1772432580,1772432760,5366.18,,0
5465,L,1772433420,1772433600,5345.46,,0
5466,L,1772433720,1772433900,5347.06,5465,0
5467,H,1772433900,1772434080,5355.50,,0
5468,L,1772434260,1772434440,5352.61,,0
5469,H,1772434440,1772434620,5358.53,,0
5470,L,1772435400,1772435580,5346.20,,0
5471,H,1772435520,1772435700,5354.79,,0
5472,L,1772435760,1772435940,5341.00,,0
5473,H,1772436060,1772436240,5351.63,5474,0
5474,H,1772436360,1772436540,5354.30,,0
5475,L,1772436660,1772436840,5348.93,,0
5476,H,1772436840,1772437020,5358.40,5477,0
5477,H,1772437380,1772437560,5363.69,5478,0
5478,H,1772437980,1772438160,5366.21,,0
5479,L,1772438160,1772438340,5361.65,,0
5480,H,1772438400,1772438580,5366.65,,0
5481,L,1772438580,1772438760,5363.69,,0
5482,H,1772439000,1772439180,5380.05,,0
5483,L,1772439060,1772439240,5373.67,,0
5484,L,1772439360,1772439540,5373.74,5483,0
5485,H,1772439660,1772439840,5379.36,,0
5486,L,1772439720,1772439900,5377.06,,0
5487,L,1772439960,1772440140,5377.25,5486,0
5488,H,1772440260,1772440440,5382.24,5489,0
5489,H,1772440680,1772440860,5383.00,,0
5490,L,1772440980,1772441160,5374.20,,0
5491,H,1772441340,1772441520,5387.16,5492,0
5492,H,1772441820,1772442000,5389.79,,0
5493,L,1772441940,1772442120,5384.97,,0
5494,H,1772443200,1772443380,5419.23,,0
5495,L,1772443380,1772443560,5413.48,,0
5496,H,1772443560,1772443740,5417.39,,0
5497,L,1772443920,1772444100,5407.23,,0
5498,H,1772444100,1772444280,5411.64,,0
5499,L,1772444580,1772444760,5402.31,,0
5500,H,1772444940,1772445120,5414.53,,0
5501,L,1772445060,1772445240,5405.09,,0
5502,H,1772445240,1772445420,5409.49,,0
5503,L,1772445420,1772445600,5402.52,,0
5504,H,1772445600,1772445780,5411.72,,0
5505,L,1772445720,1772445900,5402.74,,0
5506,H,1772446260,1772446440,5413.15,,0
5507,L,1772446680,1772446860,5402.52,,0
5508,H,1772447400,1772447580,5416.78,,0
5509,H,1772447640,1772447820,5414.61,5508,0
5510,L,1772448180,1772448360,5396.91,,0
5511,H,1772448540,1772448720,5411.08,,0
5512,L,1772449200,1772449380,5390.79,,0
5513,H,1772449740,1772449920,5400.15,,0
5514,L,1772449860,1772450040,5389.69,,0
5515,H,1772450220,1772450400,5398.69,,0
5516,L,1772450400,1772450580,5386.11,,0
5517,H,1772450700,1772450880,5396.70,,0
5518,L,1772450880,1772451060,5392.03,,0
5519,H,1772451120,1772451300,5402.74,,0
5520,L,1772451540,1772451720,5394.53,,0
5521,H,1772451720,1772451900,5398.00,,0
5522,L,1772452260,1772452440,5387.34,,0
5523,H,1772452440,1772452620,5395.97,,0
5524,L,1772453160,1772453340,5379.12,,0
5525,H,1772453400,1772453580,5394.49,,0
5526,L,1772453520,1772453700,5387.67,,0
5527,H,1772453940,1772454120,5392.35,,0
5528,L,1772454060,1772454240,5386.28,,0
5529,H,1772454240,1772454420,5391.42,,0
5530,L,1772454480,1772454660,5383.75,,0
5531,H,1772454600,1772454780,5393.97,5532,0
5532,H,1772455020,1772455200,5397.78,5533,0
5533,H,1772455440,1772455620,5400.89,,0
5534,L,1772456160,1772456340,5381.58,,0
5535,H,1772456520,1772456700,5394.64,,0
5536,L,1772457000,1772457180,5382.41,,0
5537,H,1772457480,1772457660,5397.22,,0
5538,L,1772457840,1772458020,5387.73,,0
5539,L,1772458200,1772458380,5389.74,5538,0
5540,H,1772458560,1772458740,5399.91,,0
5541,L,1772459100,1772459280,5375.27,,0
5542,L,1772459700,1772459880,5378.31,5541,0
5543,L,1772460000,1772460180,5378.99,5541,0
5544,H,1772460300,1772460480,5392.99,5545,0
5545,H,1772460780,1772460960,5398.24,,0
5546,L,1772461080,1772461260,5384.73,,0
5547,H,1772461380,1772461560,5396.08,,0
5548,L,1772461560,1772461740,5390.18,,0
5549,H,1772462040,1772462220,5396.57,,0
5550,L,1772462280,1772462460,5388.90,,0
5551,H,1772462520,1772462700,5398.74,,0
5552,H,1772462760,1772462940,5398.49,5551,0
5553,L,1772463360,1772463540,5385.64,,0
5554,L,1772463720,1772463900,5389.86,5553,0
5555,H,1772463960,1772464140,5410.18,,0
5556,L,1772464440,1772464620,5382.04,,0
5557,H,1772465160,1772465340,5409.17,,0
5558,L,1772465220,1772465400,5397.41,,0
5559,H,1772465460,1772465640,5416.43,,0
5560,L,1772465940,1772466120,5396.61,,0
5561,H,1772466060,1772466240,5407.48,,0
5562,L,1772466360,1772466540,5390.90,,0
5563,H,1772466660,1772466840,5398.24,,0
5564,L,1772466840,1772467020,5389.44,,0
5565,H,1772466960,1772467140,5396.94,,0
5566,L,1772467500,1772467680,5375.56,5567,0
5567,L,1772467800,1772467980,5363.62,,0
5568,H,1772468460,1772468640,5369.59,,0
5569,L,1772468760,1772468940,5306.92,,0
5570,H,1772469000,1772469180,5339.97,,0
5571,L,1772469240,1772469420,5306.42,,0
5572,H,1772469780,1772469960,5355.81,,0
5573,L,1772470020,1772470200,5332.30,,0
5574,H,1772470140,1772470320,5345.66,,0
5575,L,1772470320,1772470500,5320.79,5576,0
5576,L,1772471160,1772471340,5311.15,,0
5577,H,1772471280,1772471460,5346.81,,0
5578,L,1772471580,1772471760,5324.48,,0
5579,H,1772471760,1772471940,5336.34,,0
5580,L,1772471940,1772472120,5317.52,,0
5581,L,1772472480,1772472660,5327.24,5580,0
5582,H,1772472660,1772472840,5348.03,,0
5583,L,1772472960,1772473140,5336.07,,0
5584,H,1772473140,1772473320,5348.89,,0
5585,H,1772473500,1772473680,5345.07,5584,0
5586,L,1772473620,1772473800,5326.01,,0
5587,H,1772473800,1772473980,5336.78,,0
5588,L,1772473920,1772474100,5326.47,5589,0
5589,L,1772474580,1772474760,5260.62,,0
5590,H,1772474820,1772475000,5295.01,5591,0
5591,H,1772475240,1772475420,5302.27,,0
5592,L,1772475600,1772475780,5281.89,,0
5593,H,1772476140,1772476320,5314.40,,0
5594,L,1772476560,1772476740,5282.35,,0
5595,H,1772476800,1772476980,5311.77,,0
5596,H,1772477400,1772477580,5303.59,5595,0
5597,L,1772477520,1772477700,5290.48,,0
5598,H,1772477700,1772477880,5301.50,,0
5599,L,1772478180,1772478360,5286.85,,0
5600,H,1772478420,1772478600,5309.99,,0
5601,L,1772478720,1772478900,5293.48,5602,0
5602,L,1772479080,1772479260,5291.89,,0
5603,H,1772479620,1772479800,5312.15,,0
5604,L,1772479800,1772479980,5304.44,,0
5605,H,1772480040,1772480220,5320.68,,0
5606,L,1772480640,1772480820,5303.48,,0
5607,H,1772480820,1772481000,5310.96,,0
5608,L,1772481060,1772481240,5298.09,,0
5609,H,1772481540,1772481720,5309.95,,0
5610,L,1772482260,1772482440,5289.64,,0
5611,H,1772482800,1772482980,5305.84,,0
5612,L,1772483160,1772483340,5293.63,,0
5613,H,1772483280,1772483460,5302.39,,0
5614,L,1772483580,1772483760,5293.26,,0
5615,H,1772483700,1772483880,5299.45,,0
5616,L,1772483880,1772484060,5290.82,,0
5617,H,1772484540,1772484720,5312.95,,0
5618,L,1772484660,1772484840,5307.72,,0
5619,H,1772484840,1772485020,5316.70,,0
5620,L,1772485020,1772485200,5311.37,,0
5621,H,1772485920,1772486100,5333.25,,0
5622,L,1772486160,1772486340,5318.72,,0
5623,H,1772486400,1772486580,5326.77,,0
5624,L,1772486460,1772486640,5320.85,,0
5625,H,1772486880,1772487060,5332.83,,0
5626,L,1772487180,1772487360,5326.16,,0
5627,H,1772487480,1772487660,5334.16,,0
5628,H,1772487780,1772487960,5330.34,5627,0
5629,L,1772487960,1772488140,5323.98,,0
5630,H,1772488080,1772488260,5331.02,,0
5631,L,1772488320,1772488500,5322.92,,0
5632,H,1772488800,1772488980,5333.31,,0
5633,L,1772488860,1772489040,5328.36,,0
5634,H,1772489520,1772489700,5346.37,,0
5635,H,1772489760,1772489940,5344.19,5634,0
5636,L,1772489940,1772490120,5328.64,,0
5637,H,1772490360,1772490540,5346.34,,0
5638,L,1772490540,1772490720,5329.84,,0
5639,H,1772491140,1772491320,5344.72,,0
5640,H,1772491440,1772491620,5344.59,5639,0
5641,L,1772491620,1772491800,5334.92,,0
5642,L,1772491860,1772492040,5335.04,5641,0
5643,H,1772492040,1772492220,5342.53,,0
5644,L,1772492280,1772492460,5331.31,,0
5645,H,1772492820,1772493000,5339.72,,0
5646,L,1772493000,1772493180,5334.53,,0
5647,H,1772493540,1772493720,5340.27,,0
5648,L,1772493720,1772493900,5334.23,,0
5649,H,1772493840,1772494020,5337.27,,0
5650,L,1772494320,1772494500,5325.99,,0
5651,H,1772494620,1772494800,5329.81,,0
5652,L,1772494740,1772494920,5326.99,,0
5653,H,1772495040,1772495220,5332.42,,0
5654,L,1772495220,1772495400,5323.91,,0
5655,H,1772495400,1772495580,5328.57,,0
5656,L,1772495520,1772495700,5321.76,5657,0
5657,L,1772499600,1772499780,5315.36,,0
5658,H,1772499900,1772500080,5346.94,,0
5659,L,1772500200,1772500380,5333.14,,0
5660,H,1772500500,1772500680,5341.99,,0
5661,L,1772500980,1772501160,5329.41,,0
5662,L,1772501460,1772501640,5331.09,5661,0
5663,H,1772501760,1772501940,5335.09,,0
5664,L,1772501940,1772502120,5330.82,,0
5665,H,1772502000,1772502180,5334.63,,0
5666,L,1772502300,1772502480,5330.20,,0
5667,H,1772502720,1772502900,5345.20,,0
5668,L,1772502900,1772503080,5339.95,,0
5669,H,1772503140,1772503320,5346.75,,0
5670,L,1772503260,1772503440,5336.98,,0
5671,H,1772504220,1772504400,5358.78,,0
5672,L,1772504520,1772504700,5351.98,,0
5673,H,1772504760,1772504940,5358.10,,0
5674,L,1772504880,1772505060,5354.13,,0
5675,H,1772505120,1772505300,5362.01,,0
5676,L,1772505420,1772505600,5348.27,,0
5677,H,1772505960,1772506140,5359.48,,0
5678,L,1772506080,1772506260,5348.60,5679,0
5679,L,1772506440,1772506620,5346.51,,0
5680,L,1772506800,1772506980,5347.32,5679,0
5681,H,1772507220,1772507400,5372.06,,0
5682,L,1772507580,1772507760,5362.07,,0
5683,H,1772507700,1772507880,5372.16,5684,0
5684,H,1772508300,1772508480,5379.84,,0
5685,L,1772508720,1772508900,5370.38,,0
5686,H,1772508780,1772508960,5378.19,,0
5687,L,1772509020,1772509200,5368.19,,0
5688,H,1772509200,1772509380,5373.84,,0
5689,L,1772509620,1772509800,5344.72,,0
5690,H,1772509980,1772510160,5362.40,,0
5691,L,1772510460,1772510640,5333.01,,0
5692,L,1772510760,1772510940,5341.22,5691,0
5693,H,1772510880,1772511060,5357.22,,0
5694,L,1772511000,1772511180,5343.68,,0
5695,H,1772511300,1772511480,5354.65,,0
5696,L,1772511420,1772511600,5344.30,,0
5697,L,1772511840,1772512020,5351.23,5696,0
5698,L,1772512080,1772512260,5351.77,5696,0
5699,H,1772512260,1772512440,5365.22,,0
5700,L,1772512440,1772512620,5357.25,,0
5701,H,1772512680,1772512860,5364.21,,0
5702,L,1772512800,1772512980,5355.59,,0
5703,H,1772513340,1772513520,5367.18,,0
5704,L,1772513400,1772513580,5358.99,,0
5705,H,1772514180,1772514360,5371.60,,0
5706,L,1772514360,1772514540,5367.70,,0
5707,H,1772514600,1772514780,5371.28,,0
5708,L,1772514720,1772514900,5365.01,,0
5709,H,1772514960,1772515140,5369.44,,0
5710,L,1772515020,1772515200,5363.96,,0
5711,L,1772515320,1772515500,5366.06,5710,0
5712,H,1772515440,1772515620,5373.49,,0
5713,L,1772515800,1772515980,5366.02,,0
5714,H,1772515980,1772516160,5369.64,,0
5715,L,1772516400,1772516580,5365.63,,0
5716,H,1772516640,1772516820,5370.58,,0
5717,L,1772516700,1772516880,5364.46,5718,0
5718,L,1772517180,1772517360,5359.37,,0
5719,H,1772517600,1772517780,5367.87,,0
5720,L,1772517780,1772517960,5361.78,5721,0
5721,L,1772518320,1772518500,5359.38,,0
5722,H,1772518920,1772519100,5372.20,,0
5723,L,1772519040,1772519220,5367.88,,0
5724,H,1772519220,1772519400,5375.60,,0
5725,H,1772519520,1772519700,5375.48,5724,0
5726,L,1772519940,1772520120,5367.35,,0
5727,H,1772520060,1772520240,5371.89,,0
5728,L,1772520840,1772521020,5362.23,,0
5729,H,1772520900,1772521080,5367.82,,0
5730,L,1772521200,1772521380,5354.77,,0
5731,H,1772521320,1772521500,5366.30,,0
5732,L,1772521560,1772521740,5359.16,,0
5733,H,1772521800,1772521980,5367.18,,0
5734,L,1772522280,1772522460,5353.07,,0
5735,L,1772522640,1772522820,5356.66,5734,0
5736,H,1772522820,1772523000,5361.81,,0
5737,L,1772523600,1772523780,5334.70,,0
5738,H,1772523960,1772524140,5346.74,,0
5739,L,1772524560,1772524740,5305.15,,0
5740,H,1772524860,1772525040,5322.99,,0
5741,L,1772525280,1772525460,5303.21,5742,0
5742,L,1772525640,1772525820,5279.56,,0
5743,H,1772526180,1772526360,5315.30,,0
5744,L,1772526300,1772526480,5306.83,,0
5745,H,1772526480,1772526660,5319.58,,0
5746,L,1772527080,1772527260,5295.79,,0
5747,H,1772527380,1772527560,5315.16,,0
5748,L,1772527920,1772528100,5290.84,,0
5749,H,1772528760,1772528940,5318.39,,0
5750,L,1772529180,1772529360,5309.27,,0
5751,H,1772529540,1772529720,5319.97,,0
5752,L,1772529720,1772529900,5311.37,,0
5753,H,1772529960,1772530140,5318.51,5754,0
5754,H,1772530800,1772530980,5328.41,,0
5755,L,1772530920,1772531100,5321.02,,0
5756,H,1772531220,1772531400,5329.34,,0
5757,L,1772531400,1772531580,5324.48,,0
5758,H,1772531760,1772531940,5331.13,,0
5759,L,1772531880,1772532060,5324.52,,0
5760,H,1772532300,1772532480,5335.93,,0
5761,L,1772532960,1772533140,5317.39,,0
5762,H,1772533200,1772533380,5328.62,,0
5763,H,1772533620,1772533800,5319.47,5762,0
5764,L,1772534040,1772534220,5301.68,,0
5765,H,1772534220,1772534400,5311.94,,0
5766,L,1772534460,1772534640,5296.01,,0
5767,H,1772535000,1772535180,5311.38,,0
5768,L,1772535300,1772535480,5292.10,5769,0
5769,L,1772535540,1772535720,5290.29,,0
5770,H,1772535720,1772535900,5303.86,,0
5771,L,1772535900,1772536080,5284.68,,0
5772,H,1772536260,1772536440,5303.54,,0
5773,H,1772536680,1772536860,5302.41,5772,0
5774,H,1772536920,1772537100,5299.75,5772,0
5775,L,1772537280,1772537460,5226.44,,0
5776,H,1772537820,1772538000,5270.64,,0
5777,L,1772538000,1772538180,5259.22,,0
5778,H,1772538120,1772538300,5269.60,,0
5779,L,1772538300,1772538480,5259.87,,0
5780,H,1772538420,1772538600,5270.86,5781,0
5781,H,1772538900,1772539080,5280.91,,0
5782,L,1772538960,1772539140,5269.59,5783,0
5783,L,1772539260,1772539440,5268.88,,0
5784,H,1772539440,1772539620,5287.91,,0
5785,L,1772539740,1772539920,5270.02,,0
5786,H,1772539860,1772540040,5280.38,,0
5787,L,1772540220,1772540400,5265.97,,0
5788,L,1772540760,1772540940,5271.59,5787,0
5789,H,1772540820,1772541000,5281.32,,0
5790,L,1772541180,1772541360,5265.46,5791,0
5791,L,1772541540,1772541720,5247.60,,0
5792,H,1772541720,1772541900,5268.09,,0
5793,L,1772542140,1772542320,5246.73,,0
5794,H,1772542260,1772542440,5256.31,,0
5795,L,1772542440,1772542620,5240.21,,0
5796,H,1772542500,1772542680,5254.96,,0
5797,L,1772542740,1772542920,5238.06,,0
5798,H,1772542980,1772543160,5264.06,,0
5799,L,1772543340,1772543520,5160.58,,0
5800,H,1772543580,1772543760,5209.97,,0
5801,L,1772543820,1772544000,5177.08,,0
5802,H,1772544180,1772544360,5209.07,,0
5803,L,1772544780,1772544960,5074.43,,0
5804,H,1772545140,1772545320,5143.31,,0
5805,L,1772545380,1772545560,5104.57,,0
5806,L,1772545860,1772546040,5137.29,5805,0
5807,H,1772546100,1772546280,5157.90,,0
5808,L,1772546520,1772546700,5138.58,,0
5809,L,1772547300,1772547480,5181.23,5808,0
5810,H,1772547420,1772547600,5194.83,,0
5811,L,1772547660,1772547840,5182.24,,0
5812,H,1772548200,1772548380,5212.12,,0
5813,L,1772548320,1772548500,5188.89,,0
5814,H,1772548980,1772549160,5211.69,,0
5815,L,1772549160,1772549340,5197.57,,0
5816,H,1772549460,1772549640,5209.73,,0
5817,L,1772549520,1772549700,5196.24,,0
5818,H,1772549820,1772550000,5226.61,,0
5819,L,1772550600,1772550780,5146.42,,0
5820,H,1772550720,1772550900,5176.77,5821,0
5821,H,1772551260,1772551440,5184.59,,0
5822,L,1772551380,1772551560,5159.91,,0
5823,L,1772551620,1772551800,5165.37,5822,0
5824,H,1772552040,1772552220,5185.95,,0
5825,L,1772552820,1772553000,5127.51,,0
5826,H,1772553000,1772553180,5152.23,,0
5827,L,1772553120,1772553300,5133.13,,0
5828,H,1772553660,1772553840,5167.25,5829,0
5829,H,1772554080,1772554260,5175.50,,0
5830,H,1772554320,1772554500,5172.90,5829,0
5831,L,1772555100,1772555280,5125.21,,0
5832,H,1772555340,1772555520,5147.53,,0
5833,L,1772555760,1772555940,5102.40,,0
5834,H,1772555940,1772556120,5132.68,,0
5835,L,1772556300,1772556480,5051.42,,0
5836,H,1772556480,1772556660,5076.36,,0
5837,L,1772556720,1772556900,5016.26,,0
5838,L,1772557200,1772557380,5035.26,5837,0
5839,H,1772557380,1772557560,5069.99,,0
5840,L,1772557500,1772557680,5026.19,,0
5841,H,1772557620,1772557800,5064.78,,0
5842,L,1772558220,1772558400,4996.24,,0
5843,L,1772559000,1772559180,5037.34,5842,0
5844,H,1772559060,1772559240,5062.18,,0
5845,L,1772559360,1772559540,5051.11,,0
5846,H,1772559660,1772559840,5070.23,,0
5847,L,1772559960,1772560140,5054.48,,0
5848,L,1772560200,1772560380,5062.03,5847,0
5849,H,1772561220,1772561400,5122.75,,0
5850,L,1772561580,1772561760,5100.34,,0
5851,H,1772561640,1772561820,5114.65,,0
5852,L,1772561820,1772562000,5099.94,,0
5853,H,1772562180,1772562360,5126.06,,0
5854,H,1772562420,1772562600,5125.59,5853,0
5855,L,1772562840,1772563020,5107.85,,0
5856,H,1772563020,1772563200,5134.63,,0
5857,L,1772563560,1772563740,5100.49,,0
5858,H,1772563740,1772563920,5115.73,,0
5859,H,1772563980,1772564160,5113.77,5858,0
5860,L,1772564760,1772564940,5081.01,,0
5861,L,1772565240,1772565420,5090.05,5860,0
5862,H,1772565540,1772565720,5109.84,,0
5863,L,1772566500,1772566680,5065.23,,0
5864,H,1772566800,1772566980,5085.66,,0
5865,L,1772566860,1772567040,5071.68,,0
5866,H,1772567340,1772567520,5084.47,,0
5867,L,1772567700,1772567880,5067.57,,0
5868,H,1772568660,1772568840,5103.98,5869,0
5869,H,1772568900,1772569080,5105.13,,0
5870,L,1772569440,1772569620,5093.59,,0
5871,H,1772570580,1772570760,5137.17,,0
5872,L,1772570700,1772570880,5127.12,,0
5873,H,1772571000,1772571180,5138.17,,0
5874,L,1772571360,1772571540,5130.94,,0
5875,H,1772571780,1772571960,5148.69,,0
5876,H,1772572560,1772572740,5121.23,5875,0
5877,L,1772572620,1772572800,5102.06,,0
5878,H,1772573040,1772573220,5121.10,,0
5879,L,1772573220,1772573400,5102.61,,0
5880,H,1772573520,1772573700,5112.52,,0
5881,L,1772573700,1772573880,5099.38,,0
5882,H,1772574000,1772574180,5117.50,,0
5883,L,1772574240,1772574420,5108.32,,0
5884,H,1772574420,1772574600,5128.42,,0
5885,L,1772575020,1772575200,5107.23,,0
5886,H,1772575260,1772575440,5127.04,,0
5887,L,1772575560,1772575740,5112.15,,0
5888,H,1772575860,1772576040,5123.20,,0
5889,L,1772576340,1772576520,5114.11,,0
5890,H,1772576700,1772576880,5130.35,,0
5891,H,1772576940,1772577120,5129.13,5890,0
5892,L,1772577180,1772577360,5110.69,5893,0
5893,L,1772577660,1772577840,5102.48,,0
5894,H,1772577900,1772578080,5113.21,,0
5895,L,1772578320,1772578500,5085.88,,0
5896,H,1772578680,1772578860,5101.91,,0
5897,L,1772578740,1772578920,5094.22,,0
5898,H,1772579160,1772579340,5110.46,,0
5899,L,1772579940,1772580120,5089.60,,0
5900,H,1772580000,1772580180,5099.41,5901,0
5901,H,1772580420,1772580600,5101.16,,0
5902,L,1772580720,1772580900,5084.01,,0
5903,H,1772580900,1772581080,5094.39,,0
5904,L,1772581140,1772581320,5085.65,,0
5905,H,1772581380,1772581560,5096.37,,0
5906,L,1772581680,1772581860,5084.49,5907,0
5907,L,1772581980,1772582160,5083.53,,0
5908,H,1772586060,1772586240,5113.51,,0
5909,L,1772586120,1772586300,5084.70,,0
5910,H,1772586480,1772586660,5116.57,,0
5911,L,1772586540,1772586720,5105.19,,0
5912,H,1772587020,1772587200,5128.30,,0
5913,L,1772587080,1772587260,5116.51,,0
5914,H,1772587440,1772587620,5127.35,,0
5915,L,1772587680,1772587860,5119.96,,0
5916,H,1772587920,1772588100,5127.59,5917,0
5917,H,1772588160,1772588340,5128.45,,0
5918,L,1772588400,1772588580,5116.75,,0
5919,H,1772588820,1772589000,5129.90,,0
5920,L,1772589060,1772589240,5120.14,,0
5921,H,1772589360,1772589540,5127.47,,0
5922,L,1772589780,1772589960,5105.98,,0
5923,H,1772590320,1772590500,5120.55,,0
5924,L,1772590560,1772590740,5113.36,,0
5925,H,1772590860,1772591040,5128.97,,0
5926,L,1772591040,1772591220,5115.30,,0
5927,H,1772591520,1772591700,5130.38,,0
5928,L,1772591880,1772592060,5122.56,,0
5929,H,1772592600,1772592780,5140.32,,0
5930,L,1772592840,1772593020,5127.95,,0
5931,H,1772593320,1772593500,5158.35,5932,0
5932,H,1772593920,1772594100,5162.74,,0
5933,L,1772594160,1772594340,5154.46,,0
5934,H,1772594340,1772594520,5164.42,,0
5935,L,1772595240,1772595420,5142.42,,0
5936,H,1772595420,1772595600,5158.54,,0
5937,L,1772595600,1772595780,5151.69,,0
5938,H,1772596260,1772596440,5178.59,,0
5939,L,1772596440,1772596620,5168.81,,0
5940,L,1772596680,1772596860,5169.17,5939,0
5941,H,1772596860,1772597040,5177.73,,0
5942,L,1772597040,1772597220,5168.13,,0
5943,H,1772597580,1772597760,5190.69,,0
5944,L,1772597820,1772598000,5179.33,,0
5945,H,1772598000,1772598180,5185.12,,0
5946,L,1772598300,1772598480,5176.02,5947,0
5947,L,1772598960,1772599140,5164.03,,0
5948,H,1772599500,1772599680,5180.94,,0
5949,L,1772599800,1772599980,5163.32,5950,0
5950,L,1772600760,1772600940,5141.31,,0
5951,H,1772601000,1772601180,5157.03,,0
5952,L,1772601300,1772601480,5151.60,,0
5953,H,1772601960,1772602140,5168.14,,0
5954,L,1772602020,1772602200,5158.49,,0
5955,H,1772602260,1772602440,5167.72,,0
5956,L,1772602620,1772602800,5153.98,,0
5957,H,1772602860,1772603040,5164.61,,0
5958,L,1772603100,1772603280,5159.60,,0
5959,L,1772603820,1772604000,5167.17,5958,0
5960,H,1772604000,1772604180,5177.70,,0
5961,L,1772604120,1772604300,5171.84,,0
5962,L,1772604540,1772604720,5173.13,5961,0
5963,H,1772604660,1772604840,5180.84,,0
5964,L,1772605500,1772605680,5163.03,,0
5965,H,1772605620,1772605800,5171.66,,0
5966,L,1772605860,1772606040,5163.04,,0
5967,H,1772606040,1772606220,5170.73,,0
5968,L,1772606160,1772606340,5162.67,5969,0
5969,L,1772606520,1772606700,5152.13,,0
5970,H,1772606760,1772606940,5165.09,,0
5971,L,1772607000,1772607180,5155.30,,0
5972,H,1772607240,1772607420,5160.38,,0
5973,L,1772607540,1772607720,5154.89,,0
5974,H,1772607600,1772607780,5160.69,,0
5975,L,1772607900,1772608080,5152.15,,0
5976,H,1772608320,1772608500,5166.42,,0
5977,L,1772608500,1772608680,5158.71,,0
5978,H,1772608620,1772608800,5165.87,,0
5979,L,1772609100,1772609280,5152.97,,0
5980,H,1772609700,1772609880,5166.24,,0
5981,L,1772609760,1772609940,5158.49,,0
5982,H,1772610120,1772610300,5167.71,,0
5983,L,1772610360,1772610540,5154.23,,0
5984,H,1772610660,1772610840,5168.20,,0
5985,H,1772611140,1772611320,5162.36,5984,0
5986,L,1772611560,1772611740,5122.35,,0
5987,H,1772611920,1772612100,5148.44,,0
5988,L,1772612100,1772612280,5140.22,,0
5989,H,1772612160,1772612340,5150.32,,0
5990,L,1772612640,1772612820,5128.70,,0
5991,L,1772613060,1772613240,5132.82,5990,0
5992,H,1772613480,1772613660,5156.01,,0
5993,L,1772613720,1772613900,5145.88,,0
5994,H,1772613840,1772614020,5153.86,,0
5995,L,1772614200,1772614380,5147.80,,1
5996,H,1772614200,1772614380,5158.12,,1
5997,L,1772614440,1772614620,5150.03,,0
5998,H,1772614920,1772615100,5170.43,5999,0
5999,H,1772615400,1772615580,5175.93,,0
6000,L,1772615820,1772616000,5163.48,,1
6001,H,1772615820,1772616000,5169.74,6002,1
6002,H,1772616420,1772616600,5174.60,,0
6003,L,1772616780,1772616960,5163.61,,0
6004,H,1772617080,1772617260,5173.10,,0
6005,L,1772617440,1772617620,5163.78,,0
6006,H,1772617680,1772617860,5175.93,,0
6007,H,1772618460,1772618640,5172.09,6006,0
6008,L,1772618940,1772619120,5147.69,,0
6009,H,1772619480,1772619660,5161.38,,0
6010,L,1772619600,1772619780,5152.92,,0
6011,H,1772619840,1772620020,5168.67,,0
6012,L,1772620080,1772620260,5157.18,,0
6013,H,1772620620,1772620800,5170.46,,0
6014,L,1772620740,1772620920,5166.98,,0
6015,H,1772621400,1772621580,5182.08,,0
6016,L,1772622000,1772622180,5160.71,,0
6017,H,1772622180,1772622360,5169.46,,0
6018,L,1772622420,1772622600,5159.15,,0
6019,H,1772622780,1772622960,5171.39,,0
6020,L,1772622900,1772623080,5162.44,,0
6021,H,1772623380,1772623560,5178.39,,0
6022,L,1772623800,1772623980,5169.00,,0
6023,H,1772624340,1772624520,5185.02,,0
6024,L,1772624820,1772625000,5179.65,,0
6025,H,1772624940,1772625120,5184.93,,0
6026,L,1772625360,1772625540,5175.94,,0
6027,H,1772626620,1772626800,5202.52,,0
6028,L,1772627040,1772627220,5186.86,,0
6029,H,1772627220,1772627400,5192.46,,0
6030,H,1772627640,1772627820,5189.71,6029,0
6031,L,1772627820,1772628000,5179.62,,0
6032,H,1772628000,1772628180,5191.23,,0
6033,L,1772628480,1772628660,5181.62,,0
6034,L,1772628720,1772628900,5183.66,6033,0
6035,H,1772629020,1772629200,5193.80,,0
6036,L,1772629200,1772629380,5189.25,,0
6037,H,1772629320,1772629500,5193.09,,0
6038,L,1772629560,1772629740,5187.83,,0
6039,H,1772630040,1772630220,5196.46,,0
6040,L,1772630340,1772630520,5190.35,,0
6041,H,1772630640,1772630820,5197.35,6042,0
6042,H,1772630880,1772631060,5197.64,,0
6043,L,1772631000,1772631180,5194.11,,0
6044,H,1772631300,1772631480,5200.76,,0
6045,H,1772631540,1772631720,5200.04,6044,0
6046,L,1772631900,1772632080,5190.37,6047,0
6047,L,1772632260,1772632440,5187.67,,0
6048,H,1772633040,1772633220,5206.05,,0
6049,L,1772633460,1772633640,5197.08,,0
6050,H,1772633640,1772633820,5200.43,,0
6051,L,1772633940,1772634120,5177.77,6052,0
6052,L,1772634780,1772634960,5168.62,,0
6053,H,1772634960,1772635140,5174.89,,0
6054,L,1772635260,1772635440,5156.37,,0
6055,H,1772635920,1772636100,5173.25,,0
6056,L,1772636160,1772636340,5159.86,,0
6057,H,1772636460,1772636640,5181.72,6058,0
6058,H,1772637240,1772637420,5196.36,,0
6059,L,1772637840,1772638020,5179.27,,0
6060,H,1772638080,1772638260,5195.15,,0
6061,L,1772638320,1772638500,5184.08,,0
6062,H,1772638740,1772638920,5191.03,,0
6063,L,1772638800,1772638980,5182.00,,0
6064,H,1772639220,1772639400,5192.27,,0
6065,L,1772640000,1772640180,5167.27,,0
6066,H,1772640060,1772640240,5180.73,,0
6067,H,1772640360,1772640540,5179.52,6066,0
6068,L,1772640900,1772641080,5163.06,,0
6069,H,1772641200,1772641380,5175.10,,0
6070,L,1772641500,1772641680,5160.24,,0
6071,L,1772641800,1772641980,5163.09,6070,0
6072,H,1772641920,1772642100,5185.07,,0
6073,H,1772642160,1772642340,5184.73,6072,0
6074,L,1772642400,1772642580,5167.70,,0
6075,H,1772642460,1772642640,5180.85,,0
6076,H,1772642760,1772642940,5179.55,6075,0
6077,L,1772642880,1772643060,5143.53,,0
6078,H,1772643180,1772643360,5161.40,,0
6079,L,1772643360,1772643540,5138.66,,0
6080,H,1772643660,1772643840,5162.75,,0
6081,L,1772643960,1772644140,5140.37,,0
6082,H,1772644200,1772644380,5153.49,,0
6083,L,1772644440,1772644620,5131.32,,0
6084,H,1772645460,1772645640,5162.14,6085,0
6085,H,1772645700,1772645880,5167.03,,0
6086,L,1772646480,1772646660,5133.60,,0
6087,H,1772646840,1772647020,5152.12,6088,0
6088,H,1772647380,1772647560,5162.59,,0
6089,L,1772647860,1772648040,5143.42,,0
6090,H,1772647920,1772648100,5153.24,,0
6091,L,1772648100,1772648280,5142.78,,0
6092,H,1772648460,1772648640,5155.82,,0
6093,L,1772648640,1772648820,5138.37,,0
6094,H,1772648760,1772648940,5153.20,,0
6095,L,1772649000,1772649180,5144.05,,0
6096,H,1772649360,1772649540,5155.83,,0
6097,L,1772649480,1772649660,5149.17,,0
6098,H,1772649720,1772649900,5159.26,,0
6099,L,1772649900,1772650080,5142.87,,0
6100,L,1772650260,1772650440,5144.29,6099,0
6101,H,1772650380,1772650560,5151.29,,0
6102,L,1772650560,1772650740,5145.54,,0
6103,H,1772650740,1772650920,5150.27,,0
6104,L,1772650860,1772651040,5145.03,,0
6105,H,1772651220,1772651400,5153.07,,0
6106,L,1772651400,1772651580,5143.12,,0
6107,H,1772651760,1772651940,5149.85,,0
6108,L,1772652240,1772652420,5120.29,,0
6109,H,1772652420,1772652600,5139.49,,0
6110,L,1772652600,1772652780,5128.33,,0
6111,H,1772652780,1772652960,5138.34,,0
6112,L,1772653260,1772653440,5132.47,,0
6113,H,1772653500,1772653680,5141.18,6114,0
6114,H,1772654160,1772654340,5147.62,,0
6115,L,1772654700,1772654880,5132.13,6116,0
6116,L,1772655120,1772655300,5117.65,,0
6117,H,1772655300,1772655480,5125.97,,0
6118,L,1772655600,1772655780,5111.37,,0
6119,H,1772655840,1772656020,5128.00,,0
6120,L,1772656200,1772656380,5120.35,,0
6121,H,1772656500,1772656680,5129.92,,0
6122,L,1772656800,1772656980,5109.05,,0
6123,H,1772657400,1772657580,5134.14,,0
6124,L,1772657760,1772657940,5129.23,,0
6125,H,1772658120,1772658300,5136.57,,0
6126,L,1772658180,1772658360,5129.46,,0
6127,H,1772658420,1772658600,5133.81,,0
6128,L,1772658660,1772658840,5126.26,,0
6129,H,1772658900,1772659080,5133.19,,0
6130,L,1772659260,1772659440,5125.94,,0
6131,H,1772659380,1772659560,5129.12,,0
6132,L,1772659500,1772659680,5124.94,6133,0
6133,L,1772659800,1772659980,5123.36,,0
6134,H,1772659920,1772660100,5130.55,6135,0
6135,H,1772660460,1772660640,5132.20,,0
6136,L,1772660760,1772660940,5129.68,,0
6137,H,1772660880,1772661060,5135.50,,0
6138,L,1772661060,1772661240,5131.96,,0
6139,H,1772661300,1772661480,5139.58,,0
6140,L,1772661540,1772661720,5135.04,6141,0
6141,L,1772662200,1772662380,5127.07,6142,0
6142,L,1772662560,1772662740,5123.60,,0
6143,H,1772663460,1772663640,5140.43,,0
6144,L,1772663700,1772663880,5136.98,,0
6145,H,1772664120,1772664300,5146.64,,0
6146,L,1772664600,1772664780,5134.57,,0
6147,H,1772664960,1772665140,5138.13,,0
6148,L,1772665080,1772665260,5132.88,,0
6149,H,1772665380,1772665560,5141.69,,0
6150,L,1772665500,1772665680,5137.83,,0
6151,H,1772665800,1772665980,5143.98,,0
6152,L,1772665920,1772666100,5138.36,,0
6153,H,1772666040,1772666220,5141.86,,0
6154,H,1772666400,1772666580,5141.50,6153,0
6155,L,1772666640,1772666820,5136.32,,0
6156,L,1772666880,1772667060,5136.33,6155,0
6157,H,1772667000,1772667180,5141.88,,0
6158,L,1772667240,1772667420,5129.47,,0
6159,H,1772667540,1772667720,5137.67,,0
6160,L,1772667840,1772668020,5134.82,,0
6161,H,1772667960,1772668140,5137.76,,0
6162,L,1772668260,1772668440,5135.05,,0
6163,H,1772668440,1772668620,5142.26,,0
6164,L,1772668620,1772672520,5139.14,,0
6165,H,1772672640,1772672820,5154.93,,0
6166,L,1772672760,1772672940,5147.45,,0
6167,H,1772673000,1772673180,5154.80,,0
6168,L,1772673240,1772673420,5144.87,,0
6169,H,1772673540,1772673720,5155.61,6170,0
6170,H,1772674020,1772674200,5156.43,,0
6171,H,1772674260,1772674440,5156.00,6170,0
6172,L,1772674560,1772674740,5148.67,,0
6173,H,1772675220,1772675400,5163.06,,0
6174,L,1772675400,1772675580,5156.90,,0
6175,H,1772676000,1772676180,5166.22,,0
6176,L,1772676060,1772676240,5159.45,,0
6177,H,1772676360,1772676540,5168.22,6178,0
6178,H,1772677380,1772677560,5179.81,,0
6179,L,1772677920,1772678100,5170.16,6180,0
6180,L,1772678340,1772678520,5168.55,,0
6181,H,1772678520,1772678700,5176.91,,0
6182,L,1772678880,1772679060,5166.35,,0
6183,H,1772679000,1772679180,5177.34,,0
6184,L,1772679480,1772679660,5166.57,,0
6185,H,1772679660,1772679840,5178.17,6186,0
6186,H,1772680200,1772680380,5186.44,,0
6187,L,1772680500,1772680680,5175.62,,0
6188,H,1772680620,1772680800,5182.32,,0
6189,L,1772680800,1772680980,5173.64,6190,0
6190,L,1772681100,1772681280,5172.61,,0
6191,H,1772681160,1772681340,5178.89,,0
6192,L,1772681400,1772681580,5172.87,,0
6193,H,1772681520,1772681700,5178.95,,0
6194,L,1772681700,1772681880,5170.31,,0
6195,H,1772682000,1772682180,5177.26,,0
6196,L,1772682120,1772682300,5167.61,,0
6197,L,1772682360,1772682540,5170.17,6196,0
6198,H,1772682420,1772682600,5176.61,6199,0
6199,H,1772682780,1772682960,5179.97,,0
6200,L,1772682900,1772683080,5169.29,,0
6201,H,1772683560,1772683740,5181.65,,0
6202,L,1772683800,1772683980,5172.75,,0
6203,L,1772684100,1772684280,5176.44,6202,0
6204,H,1772684580,1772684760,5188.00,,0
6205,L,1772684640,1772684820,5178.30,,0
6206,H,1772685060,1772685240,5187.20,,0
6207,L,1772685540,1772685720,5176.73,,0
6208,H,1772685660,1772685840,5182.72,,0
6209,L,1772685900,1772686080,5174.37,,0
6210,H,1772686860,1772687040,5193.67,6211,0
6211,H,1772687100,1772687280,5194.89,,0
6212,L,1772687580,1772687760,5183.99,,0
6213,H,1772687880,1772688060,5191.15,,0
6214,H,1772688180,1772688360,5189.34,6213,0
6215,L,1772688600,1772688780,5181.33,,0
6216,L,1772688900,1772689080,5184.82,6215,0
6217,H,1772688960,1772689140,5190.85,,0
6218,L,1772689140,1772689320,5186.14,,0
6219,H,1772689260,1772689440,5189.71,6220,0
6220,H,1772689560,1772689740,5191.09,,0
6221,H,1772689920,1772690100,5186.38,6220,0
6222,L,1772690520,1772690700,5176.86,,0
6223,H,1772690820,1772691000,5185.45,,0
6224,L,1772691000,1772691180,5181.94,,0
6225,H,1772691300,1772691480,5186.63,,0
6226,L,1772691480,1772691660,5180.72,,0
6227,H,1772691840,1772692020,5184.84,,0
6228,L,1772692140,1772692320,5174.79,,0
6229,H,1772692320,1772692500,5180.08,,0
6230,L,1772692500,1772692680,5176.92,,0
6231,H,1772692620,1772692800,5179.19,,0
6232,L,1772693700,1772693880,5166.35,,0
6233,H,1772693760,1772693940,5172.83,,0
6234,L,1772694000,1772694180,5169.20,,0
6235,H,1772694060,1772694240,5175.03,6236,0
6236,H,1772694600,1772694780,5176.83,,0
6237,H,1772694900,1772695080,5176.66,6236,0
6238,L,1772695320,1772695500,5169.91,,0
6239,H,1772695800,1772695980,5174.31,,0
6240,H,1772696100,1772696280,5170.77,6239,0
6241,L,1772696220,1772696400,5161.92,,0
6242,L,1772696700,1772696880,5161.98,6241,0
6243,H,1772696760,1772696940,5169.39,,0
6244,L,1772697660,1772697840,5145.32,,0
6245,H,1772697900,1772698080,5155.28,,0
6246,L,1772698320,1772698500,5120.79,,0
6247,H,1772698440,1772698620,5136.51,,0
6248,L,1772698560,1772698740,5124.40,,0
6249,H,1772699100,1772699280,5143.82,6250,0
6250,H,1772699400,1772699580,5145.00,,0
6251,L,1772699460,1772699640,5140.46,,0
6252,H,1772700000,1772700180,5156.71,,0
6253,L,1772700240,1772700420,5146.94,,0
6254,L,1772700780,1772700960,5155.95,6253,0
6255,H,1772701320,1772701500,5172.64,,0
6256,L,1772701680,1772701860,5162.88,,0
6257,H,1772701860,1772702040,5167.69,,0
6258,L,1772702160,1772702340,5159.86,,0
6259,H,1772702280,1772702460,5167.91,,0
6260,L,1772702580,1772702760,5162.63,,0
6261,H,1772703000,1772703180,5167.04,,0
6262,H,1772703420,1772703600,5163.78,6261,0
6263,L,1772703480,1772703660,5159.63,,0
6264,H,1772703900,1772704080,5166.15,,1
6265,L,1772703900,1772704080,5158.97,,1
6266,H,1772704620,1772704800,5163.44,,0
6267,L,1772705700,1772705880,5139.31,6268,0
6268,L,1772706120,1772706300,5137.58,,0
6269,H,1772706180,1772706360,5148.59,,0
6270,L,1772706540,1772706720,5142.13,,0
6271,H,1772707260,1772707440,5163.44,6272,0
6272,H,1772707740,1772707920,5168.73,,0
6273,L,1772708040,1772708220,5163.60,,0
6274,H,1772708100,1772708280,5170.14,,0
6275,L,1772708280,1772708460,5163.11,6276,0
6276,L,1772708580,1772708760,5161.51,,0
6277,H,1772708880,1772709060,5180.28,6278,0
6278,H,1772709300,1772709480,5180.54,,0
6279,L,1772709480,1772709660,5172.05,,0
6280,H,1772709660,1772709840,5177.28,,0
6281,L,1772710500,1772710680,5161.88,,0
6282,H,1772710620,1772710800,5168.39,,0
6283,L,1772710740,1772710920,5153.85,,0
6284,H,1772710980,1772711160,5166.47,,0
6285,L,1772711340,1772711520,5157.24,,0
6286,H,1772711400,1772711580,5164.76,,0
6287,L,1772711700,1772711880,5160.83,6288,0
6288,L,1772712420,1772712600,5146.23,,0
6289,H,1772712900,1772713080,5156.11,,0
6290,L,1772713320,1772713500,5151.58,,0
6291,H,1772713560,1772713740,5158.60,6292,0
6292,H,1772713800,1772713980,5158.84,,0
6293,L,1772714160,1772714340,5147.72,,0
6294,H,1772714340,1772714520,5158.14,,0
6295,L,1772714460,1772714640,5154.65,,0
6296,L,1772715240,1772715420,5163.04,6295,0
6297,H,1772715300,1772715480,5167.50,6298,0
6298,H,1772715780,1772715960,5168.02,,0
6299,L,1772715960,1772716140,5161.55,,0
6300,L,1772716200,1772716380,5162.45,6299,0
6301,H,1772716740,1772716920,5166.94,,0
6302,L,1772716860,1772717040,5162.48,,0
6303,H,1772716980,1772717160,5165.96,,0
6304,L,1772717280,1772717460,5161.14,,0
6305,H,1772717520,1772717700,5164.68,,0
6306,L,1772718000,1772718180,5156.94,,0
6307,H,1772718660,1772718840,5165.13,,0
6308,L,1772719020,1772719200,5160.38,,0
6309,H,1772719680,1772719860,5170.99,6310,0
6310,H,1772719980,1772720160,5171.53,,0
6311,H,1772720400,1772720580,5170.40,6310,0
6312,H,1772720820,1772721000,5167.09,6310,0
6313,L,1772721000,1772721180,5160.93,,0
6314,H,1772721300,1772721480,5167.83,,0
6315,H,1772722020,1772722200,5164.69,6314,0
6316,L,1772722140,1772722320,5160.99,,0
6317,H,1772722440,1772722620,5166.11,,0
6318,H,1772722680,1772722860,5165.50,6317,0
6319,L,1772722860,1772723040,5151.83,,0
6320,L,1772723100,1772723280,5152.35,6319,0
6321,H,1772723280,1772723460,5159.89,,0
6322,L,1772723400,1772723580,5146.62,,0
6323,H,1772723760,1772723940,5159.95,,0
6324,L,1772724180,1772724360,5084.89,,0
6325,H,1772724720,1772724900,5130.59,6326,0
6326,H,1772725020,1772725200,5135.29,,0
6327,L,1772725320,1772725500,5125.76,,0
6328,H,1772725380,1772725560,5137.94,,0
6329,L,1772725740,1772725920,5115.01,,0
6330,H,1772725980,1772726160,5128.66,,0
6331,L,1772726280,1772726460,5109.87,,0
6332,H,1772726400,1772726580,5122.91,,0
6333,L,1772726520,1772726700,5110.17,,0
6334,H,1772726700,1772726880,5129.86,,0
6335,L,1772727540,1772727720,5102.91,,0
6336,H,1772728200,1772728380,5122.21,,0
6337,L,1772728260,1772728440,5105.24,,0
6338,H,1772728560,1772728740,5123.79,,0
6339,L,1772728740,1772728920,5090.73,,0
6340,L,1772729040,1772729220,5090.88,6339,0
6341,H,1772729280,1772729460,5107.47,,0
6342,L,1772729580,1772729760,5094.25,,0
6343,L,1772729820,1772730000,5097.79,6342,0
6344,H,1772730120,1772730300,5119.90,,0
6345,L,1772730540,1772730720,5062.17,,0
6346,H,1772731140,1772731320,5093.82,,0
6347,L,1772731620,1772731800,5072.12,,0
6348,H,1772732100,1772732280,5093.69,,0
6349,L,1772732280,1772732460,5079.64,6350,0
6350,L,1772732640,1772732820,5077.69,,0
6351,H,1772732820,1772733000,5091.98,,0
6352,L,1772733000,1772733180,5086.95,,0
6353,H,1772733300,1772733480,5099.46,,0
6354,L,1772733420,1772733600,5091.97,,0
6355,H,1772733600,1772733780,5104.52,,0
6356,L,1772734200,1772734380,5074.37,,0
6357,H,1772734500,1772734680,5085.26,,0
6358,L,1772734620,1772734800,5072.54,6359,0
6359,L,1772735160,1772735340,5060.27,,0
6360,H,1772735280,1772735460,5074.11,,0
6361,L,1772735400,1772735580,5054.24,,0
6362,L,1772735760,1772735940,5057.97,6361,0
6363,H,1772736000,1772736180,5070.36,,0
6364,L,1772736120,1772736300,5061.86,,0
6365,H,1772736600,1772736780,5080.50,,0
6366,L,1772736720,1772736900,5070.31,,0
6367,H,1772736840,1772737020,5081.27,,0
6368,L,1772737080,1772737260,5073.60,,0
6369,H,1772737500,1772737680,5088.37,,0
6370,L,1772737680,1772737860,5081.77,,0
6371,H,1772737920,1772738100,5089.51,,0
6372,L,1772738160,1772738340,5082.08,,1
6373,H,1772738160,1772738340,5088.85,,1
6374,H,1772738400,1772738580,5086.34,6373,0
6375,L,1772738460,1772738640,5079.51,,0
6376,H,1772738700,1772738880,5086.35,,0
6377,L,1772739360,1772739540,5055.09,,0
6378,H,1772739600,1772739780,5070.37,,0
6379,L,1772739720,1772739900,5058.39,,0
6380,H,1772739960,1772740140,5069.26,,0
6381,L,1772740080,1772740260,5060.01,,0
6382,H,1772740200,1772740380,5068.40,,0
6383,L,1772740560,1772740740,5055.68,,0
6384,H,1772740740,1772740920,5065.54,,0
6385,L,1772740980,1772741160,5051.05,,0
6386,H,1772741400,1772741580,5073.59,6387,0
6387,H,1772741880,1772742060,5075.83,,0
6388,H,1772742180,1772742360,5075.82,6387,0
6389,L,1772742360,1772742540,5061.48,,0
6390,H,1772742660,1772742840,5079.34,,0
6391,L,1772742960,1772743140,5071.22,,0
6392,H,1772743380,1772743560,5085.50,,0
6393,L,1772743980,1772744160,5067.25,,0
6394,H,1772744100,1772744280,5074.27,,0
6395,L,1772744400,1772744580,5067.58,,0
6396,H,1772744760,1772744940,5081.28,,0
6397,L,1772745480,1772745660,5062.21,,0
6398,H,1772745600,1772745780,5071.33,6399,0
6399,H,1772745840,1772746020,5072.19,,0
6400,L,1772745900,1772746080,5063.50,6401,0
6401,L,1772746500,1772746680,5055.94,,0
6402,H,1772747400,1772747580,5070.60,,0
6403,L,1772747700,1772747880,5062.30,,0
6404,H,1772748060,1772748240,5069.42,,0
6405,L,1772748120,1772748300,5063.82,6406,0
6406,L,1772748360,1772748540,5061.80,,0
6407,H,1772749080,1772749260,5094.78,,0
6408,L,1772749440,1772749620,5078.13,,0
6409,H,1772749560,1772749740,5086.40,,0
6410,L,1772749740,1772749920,5076.14,,0
6411,H,1772749920,1772750100,5082.52,,0
6412,L,1772750160,1772750340,5074.33,,0
6413,H,1772750280,1772750460,5081.30,6414,0
6414,H,1772750640,1772750820,5082.02,,0
6415,L,1772750820,1772751000,5072.82,,0
6416,H,1772751000,1772751180,5081.39,,0
6417,L,1772751240,1772751420,5073.85,,0
6418,H,1772751480,1772751660,5081.28,,0
6419,L,1772751540,1772751720,5075.38,,0
6420,H,1772751960,1772752140,5084.21,,0
6421,L,1772752380,1772752560,5072.12,,0
6422,H,1772752680,1772752860,5080.13,,0
6423,L,1772752740,1772752920,5077.24,,0
6424,L,1772753160,1772753340,5077.91,6423,0
6425,H,1772753640,1772753820,5082.63,,0
6426,L,1772754120,1772754300,5072.75,,0
6427,H,1772754840,1772755020,5085.05,6428,0
6428,H,1772759100,1772759280,5091.81,,0
6429,L,1772759160,1772759340,5082.56,6430,0
6430,L,1772759460,1772759640,5082.29,,0
6431,H,1772759580,1772759760,5088.89,,0
6432,L,1772759820,1772760000,5083.11,,0
6433,H,1772759940,1772760120,5096.78,,0
6434,L,1772760420,1772760600,5089.99,,0
6435,H,1772760540,1772760720,5095.55,,0
6436,L,1772760780,1772760960,5087.31,,0
6437,H,1772761440,1772761620,5101.93,,0
6438,L,1772761620,1772761800,5096.13,6439,0
6439,L,1772761980,1772762160,5085.56,6440,0
6440,L,1772762400,1772762580,5074.25,,0
6441,H,1772762760,1772762940,5091.53,,0
6442,H,1772763240,1772763420,5089.95,6441,0
6443,L,1772763300,1772763480,5078.26,,0
6444,H,1772763600,1772763780,5091.64,,0
6445,L,1772763960,1772764140,5086.27,,0
6446,H,1772764080,1772764260,5092.27,,0
6447,L,1772764980,1772765160,5075.41,,0
6448,H,1772765160,1772765340,5088.35,,0
6449,L,1772765400,1772765580,5076.91,,0
6450,H,1772765640,1772765820,5089.82,,0
6451,L,1772765760,1772765940,5081.86,6452,0
6452,L,1772766000,1772766180,5066.63,,0
6453,H,1772766360,1772766540,5081.89,,0
6454,L,1772766660,1772766840,5072.90,,0
6455,H,1772766780,1772766960,5086.21,,0
6456,L,1772767020,1772767200,5075.27,,0
6457,H,1772767260,1772767440,5088.92,,0
6458,L,1772767440,1772767620,5079.66,,0
6459,H,1772768700,1772768880,5121.12,,0
6460,L,1772768940,1772769120,5118.71,,0
6461,H,1772769420,1772769600,5143.85,,0
6462,L,1772770200,1772770380,5125.53,,0
6463,H,1772770380,1772770560,5135.37,,0
6464,L,1772770740,1772770920,5127.91,,0
6465,H,1772771040,1772771220,5132.75,,0
6466,H,1772771280,1772771460,5132.72,6465,0
6467,L,1772771460,1772771640,5126.08,,0
6468,H,1772771580,1772771760,5131.88,,0
6469,H,1772771820,1772772000,5130.45,6468,0
6470,L,1772772060,1772772240,5122.15,,0
6471,H,1772772420,1772772600,5129.09,,0
6472,L,1772772600,1772772780,5123.07,,0
6473,H,1772772780,1772772960,5128.87,,0
6474,L,1772772900,1772773080,5123.82,,0
6475,L,1772773380,1772773560,5124.34,6474,0
6476,H,1772773920,1772774100,5134.79,6477,0
6477,H,1772774400,1772774580,5140.42,,0
6478,L,1772774520,1772774700,5134.76,,0
6479,H,1772774640,1772774820,5141.45,,0
6480,L,1772774880,1772775060,5134.70,,0
6481,H,1772775000,1772775180,5137.92,,0
6482,L,1772775300,1772775480,5131.62,,0
6483,H,1772775420,1772775600,5136.17,,0
6484,L,1772775720,1772775900,5129.11,,0
6485,H,1772775960,1772776140,5134.65,,1
6486,L,1772775960,1772776140,5130.34,6488,1
6487,L,1772776320,1772776500,5131.12,6486,0
6488,L,1772776620,1772776800,5129.96,,0
6489,H,1772777220,1772777400,5135.61,,0
6490,L,1772777280,1772777460,5131.63,,0
6491,H,1772777700,1772777880,5136.36,,0
6492,L,1772778420,1772778600,5127.60,,0
6493,H,1772778780,1772778960,5133.45,,0
6494,L,1772778900,1772779080,5128.35,,0
6495,H,1772779500,1772779680,5133.73,,0
6496,L,1772779680,1772779860,5130.95,,0
6497,H,1772779980,1772780160,5135.79,,0
6498,L,1772780400,1772780580,5123.71,,0
6499,H,1772780640,1772780820,5129.93,,0
6500,L,1772781000,1772781180,5122.89,,0
6501,H,1772781480,1772781660,5129.18,,0
6502,L,1772781780,1772781960,5122.88,,0
6503,H,1772782200,1772782380,5130.04,,0
6504,L,1772782440,1772782620,5121.56,,0
6505,H,1772782560,1772782740,5127.90,,0
6506,L,1772782860,1772783040,5119.09,,0
6507,H,1772783100,1772783280,5123.39,,0
6508,L,1772783520,1772783700,5114.30,,0
6509,L,1772783760,1772783940,5114.72,6508,0
6510,H,1772783820,1772784000,5120.16,,0
6511,L,1772784120,1772784300,5109.25,,0
6512,H,1772784480,1772784660,5121.48,,0
6513,L,1772784600,1772784780,5112.32,,0
6514,L,1772784900,1772785080,5114.54,6513,0
6515,H,1772785560,1772785740,5122.94,,0
6516,H,1772786220,1772786400,5121.49,6515,0
6517,L,1772786280,1772786460,5116.53,,0
6518,H,1772786580,1772786760,5122.78,,0
6519,H,1772787060,1772787240,5122.36,6518,0
6520,L,1772787120,1772787300,5116.57,,0
6521,H,1772787300,1772787480,5120.78,,0
6522,L,1772788080,1772788260,5105.74,,0
6523,L,1772788920,1772789100,5111.90,6522,0
6524,H,1772789220,1772789400,5119.72,,0
6525,L,1772789580,1772789760,5107.73,,0
6526,H,1772789700,1772789880,5114.23,,0
6527,L,1772789880,1772790060,5110.58,,0
6528,H,1772790180,1772790360,5116.34,6529,0
6529,H,1772790600,1772790780,5117.89,6530,0
6530,H,1772791200,1772791380,5121.66,,0
6531,L,1772791320,1772791500,5115.29,,0
6532,H,1772791500,1772791680,5123.10,,0
6533,L,1772791980,1772792160,5110.87,,0
6534,H,1772792160,1772792340,5117.67,,0
6535,L,1772793060,1772793240,5096.34,,0
6536,H,1772793300,1772793480,5107.51,,0
6537,L,1772793480,1772793660,5103.57,,0
6538,H,1772793600,1772793780,5108.67,6539,0
6539,H,1772794020,1772794200,5113.61,,0
6540,L,1772794200,1772794380,5108.38,,0
6541,H,1772794740,1772794920,5110.44,,0
6542,H,1772795160,1772795340,5106.36,6541,0
6543,L,1772795340,1772795520,5097.86,,0
6544,H,1772795520,1772795700,5102.09,,0
6545,L,1772795700,1772795880,5094.06,,0
6546,H,1772796000,1772796180,5102.46,,0
6547,L,1772796180,1772796360,5091.98,,0
6548,H,1772796780,1772796960,5103.81,,0
6549,L,1772796960,1772797140,5087.76,,0
6550,H,1772797380,1772797560,5097.48,,0
6551,H,1772797800,1772797980,5093.19,6550,0
6552,L,1772797980,1772798160,5084.74,,0
6553,H,1772798160,1772798340,5093.46,,0
6554,L,1772798220,1772798400,5083.45,6555,0
6555,L,1772798460,1772798640,5078.89,,0
6556,H,1772798520,1772798700,5087.59,,0
6557,L,1772798760,1772798940,5075.72,,0
6558,H,1772799180,1772799360,5090.68,,0
6559,L,1772799300,1772799480,5081.11,,0
6560,H,1772799660,1772799840,5086.23,,0
6561,L,1772799780,1772799960,5079.83,,0
6562,H,1772800140,1772800320,5092.79,,0
6563,L,1772800440,1772800620,5085.58,6564,0
6564,L,1772800680,1772800860,5085.12,,0
6565,H,1772800740,1772800920,5089.31,,0
6566,L,1772801040,1772801220,5080.94,,0
6567,H,1772801340,1772801520,5090.32,,0
6568,L,1772801580,1772801760,5085.92,,0
6569,H,1772801700,1772801880,5092.75,,0
6570,L,1772801880,1772802060,5086.18,,0
6571,H,1772802000,1772802180,5091.55,,0
6572,L,1772802300,1772802480,5081.46,,0
6573,H,1772802540,1772802720,5088.05,,0
6574,L,1772802660,1772802840,5080.56,,0
6575,H,1772803320,1772803500,5098.16,,0
6576,H,1772803620,1772803800,5096.46,6575,0
6577,L,1772803680,1772803860,5094.03,,0
6578,H,1772803860,1772804040,5099.72,,0
6579,L,1772804700,1772804880,5080.83,,0
6580,H,1772804820,1772805000,5087.14,,0
6581,H,1772805180,1772805360,5086.01,6580,0
6582,L,1772805360,1772805540,5062.95,,0
6583,L,1772806440,1772806620,5087.25,6582,0
6584,H,1772806800,1772806980,5096.62,,0
6585,L,1772807280,1772807460,5086.15,,0
6586,H,1772807640,1772807820,5092.01,,1
6587,L,1772807640,1772807820,5085.42,,1
6588,H,1772808000,1772808180,5096.43,,0
6589,L,1772808180,1772808360,5090.53,,0
6590,H,1772808300,1772808480,5096.66,,0
6591,H,1772808960,1772809140,5091.68,6590,0
6592,L,1772809260,1772809440,5071.36,6593,0
6593,L,1772809740,1772809920,5065.51,,0
6594,H,1772810700,1772810880,5088.74,6595,0
6595,H,1772811360,1772811540,5131.03,,0
6596,L,1772811780,1772811960,5113.10,,0
6597,H,1772812200,1772812380,5121.69,,0
6598,L,1772812740,1772812920,5073.91,,0
6599,H,1772812920,1772813100,5102.67,,0
6600,L,1772813100,1772813280,5084.82,6601,0
6601,L,1772813400,1772813580,5084.71,,0
6602,H,1772813580,1772813760,5099.67,,0
6603,L,1772813880,1772814060,5088.04,,0
6604,L,1772814600,1772814780,5100.30,6603,0
6605,H,1772814660,1772814840,5115.32,,0
6606,H,1772815260,1772815440,5096.18,6605,0
6607,L,1772815320,1772815500,5084.30,,0
6608,H,1772815560,1772815740,5100.09,,0
6609,L,1772815680,1772815860,5087.70,,0
6610,H,1772816760,1772816940,5159.08,,0
6611,L,1772817120,1772817300,5137.72,,0
6612,H,1772817240,1772817420,5157.01,6613,0
6613,H,1772818020,1772818200,5171.63,,0
6614,H,1772818680,1772818860,5162.69,6613,0
6615,H,1772818920,1772819100,5160.66,6613,0
6616,L,1772819580,1772819760,5134.48,,0
6617,H,1772819880,1772820060,5148.26,,0
6618,L,1772820060,1772820240,5140.71,,0
6619,H,1772820240,1772820420,5150.80,,0
6620,L,1772820660,1772820840,5136.14,,0
6621,H,1772820960,1772821140,5153.15,,0
6622,H,1772821200,1772821380,5151.20,6621,0
6623,L,1772821560,1772821740,5136.36,,0
6624,H,1772821800,1772821980,5146.13,,0
6625,L,1772821980,1772822160,5133.21,,0
6626,H,1772822160,1772822340,5140.83,,0
6627,L,1772822400,1772822580,5126.00,,0
6628,H,1772822760,1772822940,5148.19,,0
6629,L,1772823000,1772823180,5141.48,,0
6630,H,1772823120,1772823300,5147.67,,0
6631,L,1772823480,1772823660,5129.98,6632,0
6632,L,1772824080,1772824260,5128.92,,0
6633,H,1772824200,1772824380,5139.72,,0
6634,L,1772824620,1772824800,5133.16,,0
6635,H,1772824920,1772825100,5145.32,,0
6636,L,1772825160,1772825340,5136.86,,0
6637,H,1772825760,1772825940,5152.46,,0
6638,L,1772826360,1772826540,5134.47,,0
6639,H,1772826600,1772826780,5140.70,,0
6640,L,1772826960,1772827140,5132.91,,0
6641,H,1772827320,1772827500,5145.50,6642,0
6642,H,1772827740,1772827920,5147.45,,0
6643,L,1772827860,1772828040,5141.70,,0
6644,H,1772827980,1772828160,5147.13,,0
6645,L,1772828220,1772828400,5143.00,,0
6646,H,1772828700,1772828880,5151.04,6647,0
6647,H,1772829900,1772830080,5167.67,,0
6648,L,1772830440,1772830620,5156.71,,0
6649,L,1772831100,1772831280,5160.54,6648,0
6650,H,1772831820,1772832000,5174.57,,0
6651,H,1772832420,1772832600,5169.29,6650,0
6652,H,1772832780,1772832960,5167.99,6650,0
6653,L,1772833140,1772833320,5157.76,6654,0
6654,L,1772833560,1772833740,5156.68,,0
6655,H,1772834040,1772834220,5163.94,,0
6656,L,1772834160,1772834340,5159.16,,0
6657,H,1772834280,1772834460,5162.87,,0
6658,H,1772834520,1772834700,5162.62,6657,0
6659,L,1772834640,1772834820,5155.87,,0
6660,H,1772834820,1772835000,5161.47,,0
6661,L,1772835000,1772835180,5153.85,,0
6662,L,1772835300,1772835480,5154.43,6661,0
6663,H,1772835480,1772835660,5158.18,,0
6664,L,1772835660,1772835840,5152.76,,0
6665,H,1772835900,1772836080,5160.58,,0
6666,L,1772836080,1772836260,5153.06,,0
6667,H,1772836200,1772836380,5156.54,,0
6668,L,1772836500,1772836680,5149.55,,0
6669,H,1772836800,1772836980,5161.53,,0
6670,H,1772837160,1772837340,5159.60,6669,0
6671,L,1772837220,1772837400,5156.35,,0
6672,H,1772837400,1772837580,5160.54,,0
6673,L,1772837940,1772838120,5150.65,,0
6674,H,1772838420,1772838600,5167.07,,0
6675,L,1772838600,1772838780,5162.31,,0
6676,L,1772838900,1772839080,5164.92,6675,0
6677,H,1772839260,1772839440,5170.53,,0
6678,L,1772839560,1772839740,5165.48,,0
6679,H,1772839680,1772839860,5170.27,6680,0
6680,H,1772840100,1772840280,5171.96,,0
6681,H,1772840400,1772840580,5171.44,6680,0
6682,L,1772840640,1772840820,5168.49,,0
6683,L,1772841120,1772841300,5170.14,6682,0
6684,H,1773018000,1773018180,5198.35,,0
6685,L,1773018420,1773018600,5122.11,,0
6686,H,1773018600,1773018780,5169.42,,0
6687,L,1773019140,1773019320,5127.61,,0
6688,H,1773019380,1773019560,5157.11,,0
6689,L,1773019560,1773019740,5143.52,,0
6690,H,1773019860,1773020040,5164.47,,0
6691,L,1773020580,1773020760,5105.96,,0
6692,H,1773020820,1773021000,5134.36,,0
6693,L,1773021000,1773021180,5104.24,,0
6694,H,1773021600,1773021780,5135.59,,0
6695,L,1773021840,1773022020,5109.69,,0
6696,H,1773022080,1773022260,5121.23,,0
6697,L,1773022260,1773022440,5094.15,,0
6698,H,1773022500,1773022680,5106.91,,0
6699,L,1773022800,1773022980,5095.41,,0
6700,H,1773022920,1773023100,5105.58,,0
6701,L,1773023160,1773023340,5095.39,,0
6702,H,1773023400,1773023580,5105.06,,0
6703,L,1773024180,1773024360,5044.49,,0
6704,H,1773024360,1773024540,5077.24,,0
6705,L,1773024420,1773024600,5054.38,,0
6706,H,1773024600,1773024780,5073.59,,0
6707,L,1773024720,1773024900,5059.64,,0
6708,H,1773025200,1773025380,5079.94,,0
6709,L,1773026040,1773026220,5028.66,,0
6710,H,1773026220,1773026400,5043.70,,0
6711,L,1773026400,1773026580,5033.82,,0
6712,H,1773026520,1773026700,5052.94,,0
6713,L,1773026700,1773026880,5041.05,,0
6714,L,1773026940,1773027120,5041.40,6713,0
6715,H,1773027360,1773027540,5060.25,,0
6716,H,1773027900,1773028080,5057.65,6715,0
6717,L,1773028020,1773028200,5033.71,,0
6718,H,1773028740,1773028920,5050.23,,0
6719,L,1773028860,1773029040,5014.96,,0
6720,L,1773029400,1773029580,5047.90,6719,0
6721,H,1773029940,1773030120,5085.87,,0
6722,L,1773030000,1773030180,5075.43,,0
6723,H,1773030180,1773030360,5087.75,,0
6724,L,1773030540,1773030720,5070.19,,0
6725,H,1773030780,1773030960,5086.21,,0
6726,L,1773031200,1773031380,5071.56,,0
6727,H,1773031500,1773031680,5082.47,6728,0
6728,H,1773031800,1773031980,5082.48,,0
6729,L,1773031920,1773032100,5065.02,,0
6730,H,1773032040,1773032220,5079.94,,0
6731,L,1773032640,1773032820,5055.44,,0
6732,H,1773033240,1773033420,5095.29,,0
6733,L,1773033600,1773033780,5072.92,,0
6734,H,1773033780,1773033960,5080.86,,0
6735,L,1773034020,1773034200,5074.37,,0
6736,H,1773034260,1773034440,5088.93,,0
6737,L,1773034440,1773034620,5078.14,,0
6738,L,1773034920,1773035100,5085.71,6737,0
6739,H,1773035160,1773035340,5094.71,,0
6740,L,1773035280,1773035460,5088.67,6741,0
6741,L,1773035580,1773035760,5085.73,,0
6742,L,1773036060,1773036240,5090.91,6741,0
6743,H,1773036240,1773036420,5097.61,,0
6744,L,1773036600,1773036780,5084.19,,0
6745,L,1773036840,1773037020,5085.38,6744,0
6746,H,1773037320,1773037500,5097.84,,0
6747,L,1773037500,1773037680,5092.36,,0
6748,H,1773037620,1773037800,5102.32,,0
6749,L,1773037800,1773037980,5084.06,,0
6750,H,1773038220,1773038400,5093.86,,0
6751,L,1773038400,1773038580,5081.64,,0
6752,H,1773039180,1773039360,5093.46,,0
6753,L,1773039300,1773039480,5089.98,6754,0
6754,L,1773039900,1773040080,5086.91,,0
6755,H,1773040080,1773040260,5097.30,,0
6756,L,1773040500,1773040680,5089.45,,0
6757,H,1773040800,1773040980,5093.24,,0
6758,L,1773041040,1773041220,5089.29,,0
6759,H,1773041220,1773041400,5094.66,,0
6760,L,1773041460,1773041640,5087.38,,0
6761,H,1773041880,1773042060,5093.08,,0
6762,L,1773041940,1773042120,5089.99,6763,0
6763,L,1773042360,1773042540,5085.39,,0
6764,H,1773042600,1773042780,5090.28,,0
6765,L,1773042840,1773043020,5085.28,,0
6766,H,1773043140,1773043320,5091.30,,0
6767,L,1773043260,1773043440,5080.92,,0
6768,H,1773043680,1773043860,5102.09,,0
6769,L,1773043860,1773044040,5093.89,6770,0
6770,L,1773044340,1773044520,5087.51,,0
6771,H,1773044580,1773044760,5104.37,,0
6772,L,1773044700,1773044880,5092.75,6773,0
6773,L,1773045000,1773045180,5092.12,,0
6774,H,1773045300,1773045480,5113.17,,0
6775,L,1773045540,1773045720,5104.65,,0
6776,H,1773046140,1773046320,5140.47,,0
6777,L,1773046680,1773046860,5119.53,,0
6778,H,1773046860,1773047040,5130.12,,0
6779,L,1773047040,1773047220,5119.09,,0
6780,H,1773047220,1773047400,5133.35,,0
6781,L,1773047340,1773047520,5122.73,,0
6782,H,1773047520,1773047700,5133.95,,0
6783,L,1773047640,1773047820,5126.51,,0
6784,H,1773047880,1773048060,5131.41,,0
6785,L,1773048060,1773048240,5124.51,6786,0
6786,L,1773048300,1773048480,5123.27,,0
6787,H,1773048360,1773048540,5129.27,6788,0
6788,H,1773048600,1773048780,5129.71,,0
6789,L,1773049080,1773049260,5114.52,6790,0
6790,L,1773049440,1773049620,5104.86,6791,0
6791,L,1773050040,1773050220,5097.09,,0
6792,H,1773050220,1773050400,5104.49,,0
6793,L,1773050580,1773050760,5088.69,,1
6794,H,1773050580,1773050760,5098.70,6795,1
6795,H,1773051120,1773051300,5101.94,,0
6796,L,1773051300,1773051480,5095.57,,0
6797,L,1773051660,1773051840,5096.82,6796,0
6798,H,1773052200,1773052380,5107.82,,0
6799,L,1773052440,1773052620,5099.98,,0
6800,H,1773052860,1773053040,5107.45,,0
6801,L,1773053340,1773053520,5093.66,,0
6802,H,1773053460,1773053640,5100.35,,0
6803,L,1773053640,1773053820,5094.15,,0
6804,H,1773054240,1773054420,5110.78,,0
6805,L,1773054480,1773054660,5099.68,6806,0
6806,L,1773054900,1773055080,5094.95,,0
6807,H,1773055080,1773055260,5106.52,,0
6808,H,1773055500,1773055680,5099.65,6807,0
6809,L,1773055920,1773056100,5087.23,,0
6810,H,1773056100,1773056280,5096.75,,0
6811,H,1773056340,1773056520,5096.31,6810,0
6812,H,1773056580,1773056760,5096.03,6810,0
6813,L,1773056820,1773057000,5087.37,,0
6814,H,1773057060,1773057240,5102.52,,0
6815,L,1773057420,1773057600,5092.55,,0
6816,H,1773057720,1773057900,5104.33,,0
6817,L,1773057900,1773058080,5095.10,,0
6818,L,1773058440,1773058620,5110.56,6817,0
6819,H,1773058560,1773058740,5119.43,,0
6820,L,1773058800,1773058980,5114.79,,0
6821,H,1773058920,1773059100,5122.58,,0
6822,L,1773059100,1773059280,5116.37,,0
6823,H,1773059580,1773059760,5132.59,,0
6824,L,1773060300,1773060480,5096.58,,0
6825,H,1773060720,1773060900,5107.49,,0
6826,L,1773060900,1773061080,5101.62,,0
6827,H,1773060960,1773061140,5106.03,6828,0
6828,H,1773061260,1773061440,5108.51,,0
6829,L,1773061380,1773061560,5102.84,,0
6830,H,1773061860,1773062040,5111.09,,0
6831,H,1773062280,1773062460,5110.36,6830,0
6832,L,1773062640,1773062820,5101.99,,1
6833,H,1773062640,1773062820,5105.83,,1
6834,L,1773063060,1773063240,5090.54,6835,0
6835,L,1773063360,1773063540,5089.10,,0
6836,H,1773063720,1773063900,5100.21,,0
6837,L,1773064260,1773064440,5084.17,,0
6838,H,1773064500,1773064680,5096.60,,0
6839,L,1773064800,1773064980,5087.17,,0
6840,L,1773065160,1773065340,5091.23,6839,0
6841,H,1773065220,1773065400,5097.39,,0
6842,L,1773065400,1773065580,5090.68,,0
6843,H,1773065640,1773065820,5094.60,,0
6844,L,1773066000,1773066180,5079.83,,0
6845,L,1773066300,1773066480,5081.30,6844,0
6846,L,1773066540,1773066720,5079.96,6844,0
6847,H,1773066600,1773066780,5090.13,,0
6848,L,1773066780,1773066960,5082.17,,0
6849,H,1773067020,1773067200,5093.12,,0
6850,L,1773067080,1773067260,5085.28,6851,0
6851,L,1773067440,1773067620,5083.90,,0
6852,H,1773067620,1773067800,5090.27,,0
6853,L,1773067800,1773067980,5084.15,,0
6854,H,1773068160,1773068340,5094.56,,0
6855,L,1773068340,1773068520,5087.85,,0
6856,H,1773068520,1773068700,5098.68,,0
6857,L,1773068820,1773069000,5094.41,,0
6858,H,1773069000,1773069180,5099.80,,0
6859,L,1773069120,1773069300,5094.32,,0
6860,L,1773069360,1773069540,5094.56,6859,0
6861,H,1773069840,1773070020,5106.41,6862,0
6862,H,1773070260,1773070440,5112.15,,0
6863,L,1773070500,1773070680,5107.28,,0
6864,H,1773070860,1773071040,5110.90,,0
6865,L,1773070920,1773071100,5103.83,,0
6866,H,1773071760,1773071940,5098.21,,0
6867,L,1773072000,1773072180,5089.45,,0
6868,H,1773072120,1773072300,5099.28,,0
6869,L,1773072540,1773072720,5087.98,,0
6870,L,1773072960,1773073140,5090.79,6869,0
6871,H,1773073020,1773073200,5098.33,,0
6872,L,1773073440,1773073620,5084.56,,0
6873,H,1773073800,1773073980,5104.19,6874,0
6874,H,1773074100,1773074280,5111.29,,0
6875,L,1773074700,1773074880,5068.90,,0
6876,H,1773074880,1773075060,5084.61,,0
6877,L,1773075300,1773075480,5067.38,,0
6878,H,1773075840,1773076020,5088.37,,0
6879,L,1773076380,1773076560,5060.74,,0
6880,L,1773076920,1773077100,5070.78,6879,0
6881,H,1773077520,1773077700,5091.01,6882,0
6882,H,1773078300,1773078480,5116.02,,0
6883,L,1773078960,1773079140,5085.93,,0
6884,H,1773079140,1773079320,5096.14,,0
6885,L,1773079740,1773079920,5079.56,,0
6886,H,1773080100,1773080280,5094.21,,0
6887,L,1773080340,1773080520,5082.15,,0
6888,H,1773080760,1773080940,5100.24,,0
6889,L,1773080880,1773081060,5095.96,,0
6890,H,1773081000,1773081180,5102.54,,0
6891,L,1773081180,1773081360,5096.46,,0
6892,H,1773081300,1773081480,5100.46,,0
6893,L,1773081600,1773081780,5093.01,,1
6894,H,1773081600,1773081780,5099.14,,1
6895,L,1773081840,1773082020,5093.53,,0
6896,H,1773082680,1773082860,5103.44,,0
6897,L,1773082860,1773083040,5096.94,,0
6898,H,1773083400,1773083580,5109.37,,0
6899,L,1773084120,1773084300,5094.79,,0
6900,H,1773084720,1773084900,5108.92,,0
6901,L,1773084960,1773085140,5102.77,,0
6902,H,1773085320,1773085500,5110.65,,0
6903,L,1773085800,1773085980,5103.87,,0
6904,H,1773085920,1773086100,5108.00,,0
6905,H,1773086460,1773086640,5106.82,6904,0
6906,H,1773087000,1773087180,5103.63,6904,0
6907,L,1773087240,1773087420,5098.27,,0
6908,H,1773087480,1773087660,5102.27,,0
6909,L,1773087720,1773087900,5091.10,,0
6910,H,1773088260,1773088440,5098.00,,0
6911,L,1773088380,1773088560,5089.33,6912,0
6912,L,1773088980,1773089160,5089.06,,0
6913,L,1773089400,1773089580,5092.14,6912,0
6914,H,1773089700,1773089880,5099.62,,0
6915,L,1773090300,1773090480,5092.59,6916,0
6916,L,1773090660,1773090840,5092.50,,0
6917,H,1773091560,1773091740,5107.11,,0
6918,L,1773091620,1773091800,5104.43,6919,0
6919,L,1773091860,1773092040,5104.37,,0
6920,H,1773092220,1773092400,5117.11,6921,0
6921,H,1773092580,1773092760,5120.16,,0
6922,L,1773092820,1773093000,5115.41,,0
6923,L,1773093540,1773093720,5122.81,6922,0
6924,H,1773093660,1773093840,5130.56,,0
6925,L,1773093960,1773094140,5118.54,,0
6926,H,1773094260,1773094440,5124.69,,0
6927,L,1773094620,1773094800,5118.50,,0
6928,H,1773095040,1773095220,5142.92,,0
6929,H,1773095340,1773095520,5141.10,6928,0
6930,L,1773095820,1773096000,5125.08,,0
6931,H,1773096180,1773096360,5137.58,,0
6932,L,1773096420,1773096600,5129.09,,0
6933,L,1773096780,1773096960,5132.43,6932,0
6934,H,1773097200,1773097380,5145.71,,0
6935,L,1773097440,1773097620,5138.26,,0
6936,H,1773097680,1773097860,5148.02,,0
6937,L,1773098100,1773098280,5137.61,,0
6938,H,1773098340,1773098520,5140.44,,0
6939,L,1773098700,1773098880,5134.37,,0
6940,H,1773098940,1773099120,5139.59,,0
6941,L,1773099360,1773099540,5136.16,,0
6942,H,1773099540,1773099720,5137.94,,0
6943,L,1773099780,1773099960,5135.03,,0
6944,H,1773099960,1773100140,5140.60,,0
6945,H,1773100200,1773100380,5140.33,6944,0
6946,L,1773100500,1773104400,5134.22,,0
6947,H,1773104460,1773104640,5150.00,,0
6948,L,1773104580,1773104760,5121.28,,0
6949,H,1773105000,1773105180,5136.94,,0
6950,L,1773105180,1773105360,5128.35,,0
6951,H,1773105300,1773105480,5136.01,,0
6952,H,1773105720,1773105900,5129.41,6951,0
6953,L,1773105840,1773106020,5117.77,,0
6954,H,1773106380,1773106560,5135.84,,0
6955,L,1773106440,1773106620,5128.46,,0
6956,L,1773106740,1773106920,5128.51,6955,0
6957,L,1773107640,1773107820,5142.58,6955,0
6958,H,1773108000,1773108180,5154.56,,0
6959,L,1773108300,1773108480,5138.42,,0
6960,H,1773108720,1773108900,5150.11,,0
6961,L,1773108900,1773109080,5144.79,,0
6962,H,1773109140,1773109320,5156.02,,0
6963,L,1773109380,1773109560,5145.20,,0
6964,H,1773109560,1773109740,5149.75,,0
6965,L,1773109680,1773109860,5142.62,,0
6966,H,1773109860,1773110040,5146.82,,0
6967,L,1773109920,1773110100,5141.49,,0
6968,H,1773110400,1773110580,5149.51,,0
6969,L,1773110640,1773110820,5135.68,,0
6970,H,1773111060,1773111240,5143.18,,0
6971,L,1773111660,1773111840,5130.98,,0
6972,H,1773112260,1773112440,5141.23,,0
6973,L,1773112620,1773112800,5132.30,,0
6974,H,1773112800,1773112980,5137.84,,0
6975,H,1773113280,1773113460,5133.83,6974,0
6976,L,1773113640,1773113820,5124.98,,0
6977,H,1773113820,1773114000,5136.96,6978,0
6978,H,1773114360,1773114540,5139.03,,0
6979,H,1773114960,1773115140,5134.32,6978,0
6980,L,1773115200,1773115380,5124.66,,0
6981,H,1773115560,1773115740,5153.48,,0
6982,H,1773115920,1773116100,5149.03,6981,0
6983,L,1773116040,1773116220,5139.23,,0
6984,H,1773116760,1773116940,5167.75,,0
6985,L,1773117120,1773117300,5153.01,,0
6986,H,1773117420,1773117600,5166.87,6987,0
6987,H,1773117660,1773117840,5168.89,,0
6988,L,1773118260,1773118440,5165.65,,0
6989,H,1773118860,1773119040,5186.95,,0
6990,L,1773119280,1773119460,5170.61,,0
6991,H,1773119940,1773120120,5179.95,,0
6992,L,1773120360,1773120540,5174.97,,0
6993,H,1773120720,1773120900,5183.58,,0
6994,L,1773121080,1773121260,5175.83,,0
6995,H,1773121260,1773121440,5184.62,,0
6996,L,1773121380,1773121560,5178.17,,0
6997,H,1773121560,1773121740,5185.77,,0
6998,L,1773122340,1773122520,5163.91,,0
6999,H,1773122520,1773122700,5172.97,,0
7000,L,1773122760,1773122940,5167.95,,0
7001,H,1773122940,1773123120,5173.39,,0
7002,L,1773123360,1773123540,5164.44,,0
7003,H,1773123480,1773123660,5170.55,,0
7004,H,1773123720,1773123900,5170.17,7003,0
7005,L,1773124080,1773124260,5161.80,,0
7006,H,1773124200,1773124380,5167.93,,0
7007,L,1773124500,1773124680,5160.20,,0
7008,H,1773124560,1773124740,5165.11,,0
7009,L,1773125460,1773125640,5155.85,,0
7010,H,1773125760,1773125940,5160.73,,0
7011,H,1773126120,1773126300,5159.33,7010,0
7012,L,1773126300,1773126480,5154.36,,0
7013,H,1773126900,1773127080,5165.76,7014,0
7014,H,1773127260,1773127440,5166.53,,0
7015,L,1773127560,1773127740,5161.44,,0
7016,L,1773127860,1773128040,5161.48,7015,0
7017,H,1773128160,1773128340,5165.56,,0
7018,L,1773128640,1773128820,5161.49,,0
7019,H,1773129000,1773129180,5165.42,,0
7020,L,1773129060,1773129240,5163.09,,0
7021,L,1773129420,1773129600,5163.48,7020,0
7022,H,1773129960,1773130140,5171.06,,0
7023,L,1773130200,1773130380,5166.67,,0
7024,H,1773130500,1773130680,5174.14,,0
7025,L,1773130800,1773130980,5169.59,,0
7026,H,1773130860,1773131040,5171.02,,0
7027,L,1773131100,1773131280,5168.99,,0
7028,H,1773131460,1773131640,5174.26,,0
7029,L,1773131520,1773131700,5167.31,,0
7030,H,1773132060,1773132240,5171.80,,0
7031,L,1773132360,1773132540,5166.99,,0
7032,H,1773133080,1773133260,5179.26,,0
7033,L,1773133260,1773133440,5176.30,,0
7034,H,1773133320,1773133500,5180.80,,0
7035,L,1773133680,1773133860,5174.08,,0
7036,H,1773134040,1773134220,5180.87,,0
7037,L,1773134400,1773134580,5174.93,7038,0
7038,L,1773134880,1773135060,5171.90,,0
7039,H,1773135000,1773135180,5179.04,,0
7040,L,1773135480,1773135660,5173.56,,0
7041,H,1773135600,1773135780,5178.71,,0
7042,H,1773135900,1773136080,5177.37,7041,0
7043,L,1773136020,1773136200,5174.19,,0
7044,H,1773136380,1773136560,5177.08,,0
7045,L,1773136680,1773136860,5173.33,7046,0
7046,L,1773136920,1773137100,5170.82,,0
7047,H,1773137100,1773137280,5178.79,,0
7048,L,1773137340,1773137520,5171.46,,0
7049,H,1773137400,1773137580,5176.77,7050,0
7050,H,1773137760,1773137940,5177.56,,0
7051,L,1773138240,1773138420,5158.58,,0
7052,H,1773138660,1773138840,5170.02,,0
7053,L,1773138840,1773139020,5165.62,,0
7054,H,1773139500,1773139680,5178.68,,0
7055,L,1773139620,1773139800,5175.08,,0
7056,L,1773139920,1773140100,5176.07,7055,0
7057,H,1773140400,1773140580,5185.30,,0
7058,L,1773140760,1773140940,5175.08,,0
7059,H,1773141000,1773141180,5184.07,7060,0
7060,H,1773141240,1773141420,5184.24,,0
7061,L,1773141300,1773141480,5177.91,7062,0
7062,L,1773141720,1773141900,5175.50,,0
7063,H,1773141780,1773141960,5180.95,7064,0
7064,H,1773142200,1773142380,5189.04,,0
7065,L,1773142560,1773142740,5182.99,,0
7066,H,1773142800,1773142980,5194.01,,0
7067,L,1773143040,1773143220,5188.92,,0
7068,H,1773143100,1773143280,5193.00,7069,0
7069,H,1773143340,1773143520,5195.17,,0
7070,L,1773143760,1773143940,5182.84,7071,0
7071,L,1773144000,1773144180,5180.58,,0
7072,H,1773144420,1773144600,5187.73,7073,0
7073,H,1773144720,1773144900,5189.38,,0
7074,L,1773145320,1773145500,5180.86,,0
7075,L,1773145680,1773145860,5182.71,7074,0
7076,H,1773145740,1773145920,5187.55,,0
7077,L,1773145920,1773146100,5183.71,,0
7078,H,1773145980,1773146160,5188.25,,0
7079,L,1773146340,1773146520,5181.89,,0
7080,H,1773146760,1773146940,5189.14,,0
7081,L,1773147240,1773147420,5183.27,,0
7082,H,1773147420,1773147600,5186.65,,0
7083,L,1773147900,1773148080,5176.07,,0
7084,H,1773148200,1773148380,5183.91,,0
7085,L,1773148260,1773148440,5177.82,,0
7086,H,1773148440,1773148620,5183.46,,0
7087,L,1773148680,1773148860,5174.67,,0
7088,H,1773149040,1773149220,5182.04,,0
7089,L,1773149940,1773150120,5156.53,,0
7090,H,1773150720,1773150900,5177.24,,0
7091,L,1773150900,1773151080,5172.45,,0
7092,L,1773151440,1773151620,5176.84,7091,0
7093,H,1773151860,1773152040,5191.90,,0
7094,L,1773152220,1773152400,5180.70,,0
7095,H,1773152580,1773152760,5189.71,,0
7096,H,1773153000,1773153180,5184.08,7095,0
7097,H,1773153360,1773153540,5185.07,7095,0
7098,L,1773153660,1773153840,5173.80,,0
7099,H,1773153840,1773154020,5179.02,,0
7100,L,1773154080,1773154260,5171.87,,0
7101,H,1773154320,1773154500,5179.56,,0
7102,H,1773154800,1773154980,5176.62,7101,0
7103,L,1773155220,1773155400,5162.46,,0
7104,H,1773155460,1773155640,5171.91,,0
7105,L,1773155760,1773155940,5165.71,,0
7106,H,1773156060,1773156240,5177.86,,0
7107,L,1773156720,1773156900,5178.54,,0
7108,H,1773156900,1773157080,5182.98,,0
7109,L,1773157140,1773157320,5179.11,,0
7110,H,1773157560,1773157740,5189.44,,0
7111,L,1773157980,1773158160,5180.45,,0
7112,H,1773158580,1773158760,5200.61,,0
7113,L,1773158760,1773158940,5192.77,,0
7114,H,1773159000,1773159180,5202.44,,0
7115,L,1773159120,1773159300,5198.62,,0
7116,H,1773160020,1773160200,5228.77,,0
7117,L,1773160680,1773160860,5207.30,,0
7118,H,1773160860,1773161040,5216.90,,0
7119,L,1773161160,1773161340,5196.32,,0
7120,H,1773161460,1773161640,5210.47,7121,0
7121,H,1773161760,1773161940,5215.47,,0
7122,L,1773162660,1773162840,5185.39,,0
7123,H,1773163200,1773163380,5214.37,,0
7124,L,1773163560,1773163740,5207.41,,0
7125,H,1773163920,1773164100,5213.46,,0
7126,L,1773164160,1773164340,5202.85,,0
7127,H,1773164280,1773164460,5213.14,,0
7128,L,1773164580,1773164760,5203.45,,0
7129,H,1773164820,1773165000,5210.59,,0
7130,L,1773165000,1773165180,5205.60,,0
7131,H,1773165240,1773165420,5212.16,,0
7132,L,1773165600,1773165780,5203.29,,0
7133,H,1773165780,1773165960,5215.92,,0
7134,L,1773165900,1773166080,5210.38,,0
7135,H,1773166440,1773166620,5226.40,7136,0
7136,H,1773166800,1773166980,5228.57,,0
7137,L,1773167100,1773167280,5223.49,,0
7138,L,1773167340,1773167520,5223.77,7137,0
7139,H,1773167640,1773167820,5236.50,,0
7140,L,1773167820,1773168000,5228.62,,0
7141,L,1773168060,1773168240,5228.82,7140,0
7142,H,1773168300,1773168480,5238.52,,0
7143,L,1773168420,1773168600,5230.61,,0
7144,H,1773168660,1773168840,5235.02,,0
7145,L,1773168720,1773168900,5227.13,,0
7146,H,1773169020,1773169200,5231.37,,0
7147,L,1773169380,1773169560,5223.72,,0
7148,L,1773169620,1773169800,5224.43,7147,0
7149,H,1773169860,1773170040,5228.33,,0
7150,L,1773169920,1773170100,5222.70,,0
7151,H,1773170760,1773170940,5235.49,,0
7152,L,1773171060,1773171240,5230.17,,0
7153,H,1773171300,1773171480,5234.55,,0
7154,L,1773171420,1773171600,5230.52,7155,0
7155,L,1773171780,1773171960,5227.35,,0
7156,H,1773172020,1773172200,5232.03,,0
7157,L,1773172200,1773172380,5226.06,,0
7158,H,1773172380,1773172560,5229.71,,0
7159,L,1773172740,1773172920,5226.25,,0
7160,H,1773173520,1773173700,5235.42,,0
7161,L,1773173940,1773174120,5223.69,,0
7162,H,1773174060,1773174240,5229.29,,0
7163,L,1773174180,1773174360,5224.53,,0
7164,H,1773174600,1773174780,5234.80,,0
7165,L,1773174780,1773174960,5229.12,,0
7166,H,1773175260,1773175440,5231.58,,0
7167,L,1773175560,1773175740,5226.51,,0
7168,H,1773175920,1773176100,5232.85,,0
7169,L,1773176160,1773176340,5227.22,,0
7170,H,1773176340,1773176520,5229.19,,0
7171,L,1773176520,1773176700,5217.64,,0
7172,L,1773176760,1773176940,5218.43,7171,0
7173,H,1773176880,1773177060,5224.97,7174,0
7174,H,1773177240,1773177420,5227.22,,0
7175,L,1773177540,1773177720,5161.06,,0
7176,H,1773178200,1773178380,5208.00,,0
7177,L,1773178500,1773178680,5191.01,7178,0
7178,L,1773178740,1773178920,5189.98,,0
7179,H,1773179220,1773179400,5205.08,,0
7180,L,1773180060,1773180240,5184.38,,0
7181,L,1773180420,1773180600,5193.49,7180,0
7182,H,1773180480,1773180660,5199.65,,0
7183,L,1773180660,1773180840,5193.10,,0
7184,H,1773181380,1773181560,5207.57,,0
7185,L,1773182100,1773182280,5179.94,,0
7186,H,1773182400,1773182580,5194.75,,1
7187,L,1773182400,1773182580,5185.05,,1
7188,H,1773182820,1773183000,5192.54,7189,0
7189,H,1773183540,1773183720,5199.73,,0
7190,L,1773183720,1773183900,5193.48,,0
7191,H,1773184020,1773184200,5198.98,,0
7192,L,1773184260,1773184440,5195.33,,0
7193,H,1773184500,1773184680,5198.61,,0
7194,L,1773184860,1773185040,5191.80,,0
7195,H,1773185220,1773185400,5198.61,,0
7196,L,1773185460,1773185640,5193.77,7197,0
7197,L,1773185880,1773186060,5193.26,,0
7198,H,1773185940,1773186120,5196.17,7199,0
7199,H,1773186300,1773186480,5199.00,,0
7200,H,1773186660,1773186840,5196.54,7199,0
7201,L,1773186720,1773186900,5193.15,,0
7202,H,1773186960,1773190860,5195.17,,0
7203,L,1773190920,1773191100,5185.66,,0
7204,H,1773191040,1773191220,5194.47,,0
7205,L,1773191400,1773191580,5183.31,,0
7206,H,1773191520,1773191700,5191.65,7207,0
7207,H,1773191940,1773192120,5197.71,,0
7208,L,1773192120,1773192300,5189.78,,0
7209,H,1773192300,1773192480,5196.90,,0
7210,L,1773192780,1773192960,5187.74,,0
7211,H,1773193080,1773193260,5192.43,,0
7212,L,1773193320,1773193500,5189.38,,1
7213,H,1773193320,1773193500,5195.45,,1
7214,L,1773193920,1773194100,5185.63,,0
7215,H,1773194040,1773194220,5193.66,,0
7216,L,1773194280,1773194460,5188.16,,0
7217,H,1773194820,1773195000,5196.53,,0
7218,L,1773195360,1773195540,5187.72,,0
7219,H,1773195720,1773195900,5197.21,,0
7220,L,1773195900,1773196080,5191.69,,0
7221,H,1773196140,1773196320,5193.99,7222,0
7222,H,1773196740,1773196920,5195.97,,0
7223,L,1773197280,1773197460,5187.94,,0
7224,H,1773198000,1773198180,5198.27,,0
7225,L,1773198300,1773198480,5187.77,7226,0
7226,L,1773198540,1773198720,5186.89,,0
7227,H,1773199620,1773199800,5215.57,,0
7228,L,1773199980,1773200160,5205.93,,0
7229,H,1773200160,1773200340,5212.03,,0
7230,L,1773200640,1773200820,5207.43,,0
7231,L,1773201000,1773201180,5213.08,7230,0
7232,H,1773201300,1773201480,5219.40,,0
7233,L,1773201660,1773201840,5213.78,,0
7234,H,1773201780,1773201960,5223.11,,0
7235,L,1773202200,1773202380,5212.16,,0
7236,H,1773202320,1773202500,5219.64,,0
7237,L,1773202560,1773202740,5214.00,,0
7238,H,1773202800,1773202980,5223.04,,0
7239,L,1773203100,1773203280,5210.69,,0
7240,L,1773203580,1773203760,5214.56,7239,0
7241,H,1773203700,1773203880,5219.85,,0
7242,L,1773204240,1773204420,5212.77,,0
7243,H,1773204480,1773204660,5217.81,,0
7244,L,1773204660,1773204840,5210.20,,0
7245,H,1773204900,1773205080,5214.56,,0
7246,L,1773205800,1773205980,5194.15,,0
7247,H,1773206460,1773206640,5206.02,,0
7248,L,1773206640,1773206820,5202.12,,0
7249,H,1773206880,1773207060,5206.71,,0
7250,L,1773207060,1773207240,5201.97,,0
7251,H,1773207360,1773207540,5206.88,,0
7252,L,1773207600,1773207780,5204.73,,0
7253,H,1773208440,1773208620,5220.47,,0
7254,L,1773208740,1773208920,5214.93,,0
7255,H,1773208800,1773208980,5220.42,,0
7256,H,1773209040,1773209220,5219.83,7255,0
7257,L,1773209460,1773209640,5211.82,,0
7258,H,1773209580,1773209760,5215.32,,0
7259,H,1773209940,1773210120,5214.80,7258,0
7260,L,1773210600,1773210780,5203.68,,0
7261,H,1773210900,1773211080,5209.60,,0
7262,L,1773211200,1773211380,5206.11,,0
7263,H,1773211380,1773211560,5209.07,,0
7264,L,1773211980,1773212160,5199.36,,0
7265,L,1773212220,1773212400,5199.43,7264,0
7266,H,1773212400,1773212580,5204.55,,0
7267,L,1773212460,1773212640,5199.52,,0
7268,H,1773213000,1773213180,5205.23,,0
7269,L,1773213180,1773213360,5203.07,,0
7270,H,1773213480,1773213660,5208.60,,0
7271,L,1773213840,1773214020,5205.78,,0
7272,H,1773214020,1773214200,5208.10,,0
7273,L,1773214380,1773214560,5204.20,,0
7274,H,1773214740,1773214920,5208.42,7275,0
7275,H,1773214980,1773215160,5208.43,,0
7276,L,1773215280,1773215460,5202.77,,0
7277,H,1773215400,1773215580,5205.54,7278,0
7278,H,1773216060,1773216240,5206.06,,0
7279,L,1773216240,1773216420,5203.63,,0
7280,H,1773216480,1773216660,5208.22,,0
7281,L,1773216900,1773217080,5203.28,,0
7282,H,1773217140,1773217320,5206.14,,0
7283,L,1773217320,1773217500,5200.51,,0
7284,H,1773217620,1773217800,5203.72,,0
7285,L,1773217800,1773217980,5191.05,,0
7286,H,1773218400,1773218580,5204.64,,0
7287,L,1773218940,1773219120,5195.69,,0
7288,H,1773219120,1773219300,5201.76,,0
7289,L,1773219360,1773219540,5197.79,,0
7290,H,1773219540,1773219720,5200.20,,0
7291,L,1773219720,1773219900,5196.33,,0
7292,H,1773220620,1773220800,5210.75,,0
7293,L,1773220800,1773220980,5204.18,,0
7294,H,1773220920,1773221100,5206.86,,0
7295,L,1773221100,1773221280,5203.10,,0
7296,H,1773221340,1773221520,5207.29,,0
7297,L,1773222240,1773222420,5191.56,,0
7298,L,1773222900,1773223080,5195.77,7297,0
7299,L,1773223200,1773223380,5195.44,7297,0
7300,H,1773223620,1773223800,5202.08,,0
7301,L,1773223740,1773223920,5196.23,,0
7302,L,1773223980,1773224160,5197.03,7301,0
7303,H,1773224100,1773224280,5199.95,,0
7304,L,1773224280,1773224460,5195.50,,0
7305,L,1773224580,1773224760,5195.59,7304,0
7306,H,1773224700,1773224880,5198.45,,0
7307,H,1773225000,1773225180,5198.39,7306,0
7308,H,1773225360,1773225540,5194.19,7306,0
7309,L,1773225600,1773225780,5184.63,,0
7310,L,1773226080,1773226260,5190.05,7309,0
7311,H,1773226320,1773226500,5197.89,,0
7312,L,1773226620,1773226800,5193.49,,0
7313,H,1773226800,1773226980,5196.61,,0
7314,L,1773226920,1773227100,5188.02,,0
7315,H,1773227100,1773227280,5197.26,,0
7316,L,1773227460,1773227640,5193.20,,0
7317,H,1773227640,1773227820,5198.69,,0
7318,L,1773228420,1773228600,5181.14,,0
7319,L,1773228660,1773228840,5182.45,7318,0
7320,H,1773228720,1773228900,5187.54,,0
7321,L,1773229080,1773229260,5175.49,,0
7322,H,1773229440,1773229620,5186.54,,0
7323,L,1773229500,1773229680,5179.47,,0
7324,H,1773229980,1773230160,5188.27,,0
7325,L,1773230040,1773230220,5183.54,,0
7326,H,1773230340,1773230520,5188.66,,0
7327,L,1773230760,1773230940,5179.74,,0
7328,H,1773231180,1773231360,5188.19,,0
7329,L,1773231300,1773231480,5183.59,,0
7330,H,1773231600,1773231780,5190.54,,0
7331,L,1773231720,1773231900,5185.26,,0
7332,L,1773232080,1773232260,5186.90,7331,0
7333,L,1773232680,1773232860,5193.32,7331,0
7334,H,1773232860,1773233040,5197.14,,0
7335,L,1773233100,1773233280,5191.23,7336,0
7336,L,1773233520,1773233700,5187.87,,0
7337,H,1773233700,1773233880,5192.17,,0
7338,L,1773234240,1773234420,5186.51,,0
7339,H,1773234720,1773234900,5195.30,,0
7340,L,1773235020,1773235200,5192.46,,0
7341,H,1773235140,1773235320,5195.19,,0
7342,H,1773235380,1773235560,5194.99,7341,0
7343,H,1773235680,1773235860,5192.87,7341,0
7344,L,1773236100,1773236280,5181.52,7345,0
7345,L,1773236520,1773236700,5177.17,,0
7346,H,1773237180,1773237360,5191.01,,0
7347,L,1773237420,1773237600,5184.98,,0
7348,L,1773237720,1773237900,5185.97,7347,0
7349,H,1773237900,1773238080,5193.55,,0
7350,L,1773238320,1773238500,5184.40,,0
7351,H,1773238620,1773238800,5189.99,,0
7352,L,1773238980,1773239160,5180.22,,0
7353,H,1773239160,1773239340,5183.98,,0
7354,L,1773239280,1773239460,5179.71,,0
7355,L,1773239940,1773240120,5183.99,7354,0
7356,H,1773240120,1773240300,5190.60,,0
7357,L,1773240360,1773240540,5182.71,,0
7358,H,1773240600,1773240780,5188.24,,0
7359,L,1773241080,1773241260,5175.70,,0
7360,H,1773242220,1773242400,5195.20,,0
7361,L,1773242760,1773242940,5187.98,,0
7362,H,1773243000,1773243180,5196.44,,0
7363,L,1773243420,1773243600,5173.19,,0
7364,L,1773243720,1773243900,5175.05,7363,0
7365,H,1773243840,1773244020,5182.17,,0
7366,L,1773244020,1773244200,5168.78,,0
7367,H,1773244320,1773244500,5180.19,,0
7368,L,1773244860,1773245040,5162.33,,0
7369,H,1773245160,1773245340,5181.63,7370,0
7370,H,1773245460,1773245640,5182.00,,0
7371,L,1773245700,1773245880,5176.10,,0
7372,H,1773246000,1773246180,5183.02,,0
7373,L,1773246360,1773246540,5176.70,,0
7374,H,1773246600,1773246780,5181.55,,0
7375,L,1773246780,1773246960,5169.05,,0
7376,H,1773246900,1773247080,5177.58,,0
7377,L,1773247080,1773247260,5168.11,,0
7378,H,1773247200,1773247380,5176.11,,0
7379,L,1773247500,1773247680,5160.70,7380,0
7380,L,1773247920,1773248100,5149.30,,0
7381,H,1773248460,1773248640,5186.66,7382,0
7382,H,1773248700,1773248880,5189.11,,0
7383,L,1773248880,1773249060,5178.77,,0
7384,H,1773249420,1773249600,5191.37,,0
7385,L,1773249900,1773250080,5182.13,,0
7386,H,1773250200,1773250380,5196.18,,0
7387,L,1773250440,1773250620,5184.57,,0
7388,H,1773250560,1773250740,5190.22,,0
7389,L,1773250980,1773251160,5174.43,,0
7390,H,1773251460,1773251640,5193.53,,0
7391,L,1773251520,1773251700,5186.20,,0
7392,H,1773252540,1773252720,5181.60,,0
7393,L,1773252900,1773253080,5168.60,,0
7394,H,1773253260,1773253440,5178.86,7395,0
7395,H,1773253500,1773253680,5179.42,,0
7396,L,1773254040,1773254220,5167.54,,0
7397,H,1773254220,1773254400,5174.14,,0
7398,L,1773254460,1773254640,5166.51,,0
7399,H,1773254580,1773254760,5173.93,,0
7400,L,1773254760,1773254940,5164.25,,0
7401,H,1773255180,1773255360,5175.24,,0
7402,L,1773255600,1773255780,5164.64,,0
7403,H,1773255780,1773255960,5171.54,,0
7404,L,1773256080,1773256260,5163.71,,0
7405,H,1773256500,1773256680,5172.64,,0
7406,L,1773256620,1773256800,5165.36,,0
7407,H,1773256740,1773256920,5169.75,,0
7408,L,1773256860,1773257040,5165.35,,0
7409,H,1773257100,1773257280,5170.59,,0
7410,L,1773257160,1773257340,5164.35,,0
7411,H,1773258120,1773258300,5176.75,,0
7412,L,1773258240,1773258420,5173.49,,0
7413,H,1773258420,1773258600,5177.97,,0
7414,L,1773258780,1773258960,5170.36,,0
7415,H,1773259260,1773259440,5179.32,7416,0
7416,H,1773259620,1773259800,5181.01,,0
7417,H,1773260160,1773260340,5178.21,7416,0
7418,L,1773260460,1773260640,5170.06,,0
7419,H,1773260640,1773260820,5174.24,,0
7420,L,1773260820,1773261000,5169.84,7421,0
7421,L,1773261660,1773261840,5154.82,,0
7422,H,1773262260,1773262440,5168.46,,0
7423,L,1773262560,1773262740,5164.59,,0
7424,H,1773262800,1773262980,5171.65,7425,0
7425,H,1773263220,1773263400,5175.32,,0
7426,L,1773263580,1773263760,5170.76,,0
7427,H,1773264000,1773264180,5177.65,,0
7428,L,1773264240,1773264420,5175.01,,0
7429,H,1773264540,1773264720,5178.33,,0
7430,L,1773264840,1773265020,5176.73,7431,0
7431,L,1773265380,1773265560,5176.26,,0
7432,H,1773265860,1773266040,5177.58,,0
7433,L,1773266280,1773266460,5170.31,,0
7434,H,1773266400,1773266580,5173.01,,0
7435,L,1773266520,1773266700,5169.27,,0
7436,H,1773267000,1773267180,5174.35,,0
7437,L,1773267300,1773267480,5171.82,,0
7438,H,1773267600,1773267780,5177.15,,0
7439,L,1773267780,1773267960,5172.98,,0
7440,H,1773268200,1773268380,5177.98,7441,0
7441,H,1773268500,1773268680,5178.43,,0
7442,L,1773268620,1773268800,5176.65,,0
7443,H,1773268800,1773268980,5179.53,,0
7444,L,1773268860,1773269040,5177.33,,0
7445,H,1773269040,1773269220,5180.01,,0
7446,L,1773269220,1773269400,5176.86,,0
7447,H,1773269880,1773270060,5183.57,,0
7448,L,1773270180,1773270360,5178.07,7449,0
7449,L,1773270660,1773270840,5176.77,,0
7450,H,1773270780,1773270960,5179.16,,0
7451,L,1773270960,1773271140,5175.86,7452,0
7452,L,1773271260,1773271440,5175.21,,0
7453,H,1773271500,1773271680,5179.16,,0
7454,L,1773272220,1773272400,5176.04,,0
7455,H,1773272340,1773272520,5177.93,,0
7456,L,1773272640,1773272820,5176.11,,0
7457,H,1773272700,1773272880,5177.95,,0
7458,L,1773272940,1773273120,5175.57,,0
7459,H,1773273180,1773273360,5178.43,,0
7460,L,1773273360,1773277260,5176.67,,0
7461,H,1773277200,1773277380,5183.46,,0
7462,L,1773277740,1773277920,5168.73,,0
7463,H,1773278040,1773278220,5176.09,,0
7464,L,1773278220,1773278400,5174.10,,0
7465,H,1773278460,1773278640,5177.06,,0
7466,L,1773278940,1773279120,5165.51,7467,0
7467,L,1773279480,1773279660,5158.46,7468,0
7468,L,1773279840,1773280020,5153.53,,0
7469,H,1773280200,1773280380,5169.10,,0
7470,L,1773280620,1773280800,5129.73,,0
7471,H,1773281100,1773281280,5151.27,7472,0
7472,H,1773281880,1773282060,5155.33,,0
7473,L,1773282240,1773282420,5151.10,,0
7474,H,1773282600,1773282780,5157.92,,0
7475,L,1773282900,1773283080,5145.97,,0
7476,L,1773283140,1773283320,5146.19,7475,0
7477,H,1773283320,1773283500,5152.97,,0
7478,L,1773283620,1773283800,5138.06,,0
7479,H,1773283740,1773283920,5146.31,,0
7480,L,1773283920,1773284100,5139.01,,0
7481,H,1773284100,1773284280,5144.93,,0
7482,L,1773284460,1773284640,5125.85,7483,0
7483,L,1773284820,1773285000,5125.48,,0
7484,H,1773285480,1773285660,5144.19,,0
7485,L,1773285540,1773285720,5139.67,,0
7486,H,1773286140,1773286320,5157.83,,0
7487,L,1773286380,1773286560,5151.35,,0
7488,H,1773286620,1773286800,5161.55,,0
7489,L,1773287340,1773287520,5150.12,,0
7490,H,1773287460,1773287640,5155.87,,0
7491,L,1773287700,1773287880,5151.79,7492,0
7492,L,1773288000,1773288180,5151.78,,0
7493,H,1773288180,1773288360,5166.77,,0
7494,L,1773288360,1773288540,5152.26,,0
7495,H,1773288840,1773289020,5159.30,,0
7496,L,1773288900,1773289080,5151.53,,0
7497,H,1773289380,1773289560,5160.98,,0
7498,H,1773289620,1773289800,5160.87,7497,0
7499,L,1773289740,1773289920,5154.71,,0
7500,H,1773290940,1773291120,5172.82,,0
7501,L,1773291420,1773291600,5164.39,,0
7502,H,1773291840,1773292020,5172.87,,0
7503,L,1773292020,1773292200,5169.11,,0
7504,H,1773292380,1773292560,5174.68,,0
7505,L,1773292620,1773292800,5170.75,,0
7506,H,1773292800,1773292980,5175.15,,0
7507,L,1773292980,1773293160,5168.68,7508,0
7508,L,1773293340,1773293520,5167.21,,0
7509,H,1773293520,1773293700,5171.50,,0
7510,H,1773293880,1773294060,5165.85,7509,0
7511,L,1773294420,1773294600,5148.67,7512,0
7512,L,1773294660,1773294840,5145.70,,0
7513,H,1773295020,1773295200,5154.50,,0
7514,L,1773295200,1773295380,5148.46,,0
7515,H,1773295380,1773295560,5155.57,,0
7516,L,1773295500,1773295680,5150.64,,0
7517,L,1773295740,1773295920,5151.31,7516,0
7518,H,1773295860,1773296040,5155.44,,0
7519,H,1773296100,1773296280,5154.17,7518,0
7520,L,1773296280,1773296460,5147.34,,0
7521,H,1773296460,1773296640,5155.08,,0
7522,H,1773297000,1773297180,5153.39,7521,0
7523,L,1773297060,1773297240,5148.25,,0
7524,H,1773297360,1773297540,5152.36,,0
7525,L,1773297540,1773297720,5148.07,,0
7526,H,1773297840,1773298020,5153.62,,0
7527,L,1773297960,1773298140,5151.17,,0
7528,L,1773298260,1773298440,5152.28,7527,0
7529,H,1773298380,1773298560,5154.18,,0
7530,L,1773298500,1773298680,5152.13,,0
7531,H,1773298680,1773298860,5154.51,,0
7532,L,1773298860,1773299040,5149.95,,0
7533,H,1773299220,1773299400,5153.14,,0
7534,L,1773299400,1773299580,5151.67,,0
7535,L,1773299700,1773299880,5151.77,7534,0
7536,H,1773299820,1773300000,5153.92,,0
7537,L,1773300300,1773300480,5150.28,,0
7538,H,1773300540,1773300720,5153.32,,0
7539,L,1773301200,1773301380,5144.27,7540,0
7540,L,1773301620,1773301800,5143.03,,0
7541,H,1773301680,1773301860,5146.72,,0
7542,L,1773302220,1773302400,5140.53,,0
7543,L,1773302820,1773303000,5141.52,7542,0
7544,H,1773303060,1773303240,5149.12,,0
7545,L,1773303300,1773303480,5145.09,,0
7546,H,1773303480,1773303660,5148.82,,0
7547,H,1773303840,1773304020,5146.15,7546,0
7548,L,1773303900,1773304080,5137.21,,0
7549,L,1773305040,1773305220,5152.12,7548,0
7550,H,1773305100,1773305280,5156.25,,0
7551,L,1773305280,1773305460,5152.96,,0
7552,H,1773305340,1773305520,5156.83,,0
7553,L,1773305580,1773305760,5151.65,,0
7554,H,1773305820,1773306000,5157.68,,0
7555,H,1773306060,1773306240,5157.66,7554,0
7556,L,1773306660,1773306840,5151.70,,0
7557,H,1773306780,1773306960,5155.76,,0
7558,L,1773307260,1773307440,5147.27,,0
7559,H,1773307560,1773307740,5157.67,,0
7560,L,1773307740,1773307920,5155.78,,0
7561,H,1773308040,1773308220,5162.18,7562,0
7562,H,1773308760,1773308940,5170.05,,0
7563,L,1773308820,1773309000,5167.27,,0
7564,H,1773309180,1773309360,5170.23,,0
7565,L,1773309600,1773309780,5164.50,,0
7566,H,1773310020,1773310200,5167.96,,0
7567,L,1773310140,1773310320,5165.59,,0
7568,H,1773310500,1773310680,5170.51,,0
7569,L,1773310800,1773310980,5165.98,,0
7570,L,1773311160,1773311340,5166.33,7569,0
7571,H,1773311460,1773311640,5173.31,,0
7572,L,1773312000,1773312180,5168.14,,0
7573,H,1773312360,1773312540,5185.12,,0
7574,L,1773312780,1773312960,5175.99,,0
7575,H,1773313260,1773313440,5189.75,,0
7576,L,1773313440,1773313620,5181.58,,0
7577,H,1773313860,1773314040,5188.60,,0
7578,L,1773314040,1773314220,5180.85,7579,0
7579,L,1773314700,1773314880,5178.17,7580,0
7580,L,1773314940,1773315120,5177.12,,0
7581,H,1773315420,1773315600,5181.72,,0
7582,L,1773315660,1773315840,5178.27,,0
7583,H,1773315900,1773316080,5182.91,,0
7584,L,1773316080,1773316260,5176.03,,0
7585,H,1773316200,1773316380,5180.44,,0
7586,L,1773316320,1773316500,5175.97,,0
7587,H,1773316560,1773316740,5180.38,7588,0
7588,H,1773316860,1773317040,5180.43,,0
7589,L,1773317220,1773317400,5175.65,,0
7590,H,1773317340,1773317520,5181.36,,0
7591,L,1773317700,1773317880,5175.69,,0
7592,H,1773317880,1773318060,5178.99,,0
7593,L,1773318120,1773318300,5174.42,,0
7594,H,1773318720,1773318900,5185.72,,0
7595,L,1773318960,1773319140,5182.54,,0
7596,H,1773319080,1773319260,5186.66,7597,0
7597,H,1773319320,1773319500,5187.45,,0
7598,L,1773319380,1773319560,5183.47,,0
7599,H,1773319560,1773319740,5186.46,,0
7600,L,1773319800,1773319980,5183.35,7601,0
7601,L,1773320100,1773320280,5182.73,,0
7602,H,1773320520,1773320700,5191.61,,0
7603,L,1773320580,1773320760,5186.68,,0
7604,H,1773320760,1773320940,5191.70,,0
7605,L,1773321480,1773321660,5183.17,,0
7606,L,1773321720,1773321900,5183.33,7605,0
7607,H,1773321780,1773321960,5186.04,,0
7608,L,1773322200,1773322380,5178.71,,0
7609,H,1773322320,1773322500,5182.76,,0
7610,L,1773322680,1773322860,5176.28,,0
7611,H,1773323160,1773323340,5184.03,,0
7612,H,1773323400,1773323580,5183.12,7611,0
7613,L,1773323580,1773323760,5178.68,,0
7614,H,1773324120,1773324300,5183.86,,0
7615,L,1773324240,1773324420,5180.08,,0
7616,H,1773324540,1773324720,5182.21,,0
7617,L,1773325200,1773325380,5172.80,,0
7618,L,1773325740,1773325920,5176.38,7617,0
7619,H,1773325800,1773325980,5179.83,,0
7620,L,1773326100,1773326280,5175.43,,0
7621,H,1773326280,1773326460,5180.21,,0
7622,L,1773326520,1773326700,5177.46,,0
7623,H,1773326700,1773326880,5181.40,,0
7624,L,1773327000,1773327180,5177.14,7625,0
7625,L,1773327240,1773327420,5176.57,,0
7626,H,1773327480,1773327660,5181.32,,0
7627,H,1773328260,1773328440,5172.08,7626,0
7628,L,1773328500,1773328680,5165.69,,0
7629,H,1773328680,1773328860,5170.89,,0
7630,L,1773328860,1773329040,5163.88,,0
7631,H,1773329520,1773329700,5176.36,,0
7632,L,1773330000,1773330180,5168.56,,0
7633,H,1773330900,1773331080,5185.52,,0
7634,L,1773331140,1773331320,5178.35,,0
7635,H,1773331320,1773331500,5186.11,,0
7636,L,1773331500,1773331680,5178.88,,0
7637,H,1773331740,1773331920,5185.81,,0
7638,H,1773332100,1773332280,5184.54,7637,0
7639,L,1773332580,1773332760,5159.29,,0
7640,H,1773332940,1773333120,5173.16,,0
7641,H,1773333300,1773333480,5168.18,7640,0
7642,H,1773334200,1773334380,5159.81,7640,0
7643,L,1773334560,1773334740,5146.13,,0
7644,H,1773335040,1773335220,5163.44,,0
7645,L,1773335460,1773335640,5154.99,,0
7646,H,1773335700,1773335880,5163.14,,0
7647,H,1773336000,1773336180,5157.36,7646,0
7648,L,1773336240,1773336420,5149.76,,0
7649,H,1773336420,1773336600,5155.28,,0
7650,H,1773336960,1773337140,5151.44,7649,0
7651,L,1773337080,1773337260,5139.72,,0
7652,L,1773337320,1773337500,5139.88,7651,0
7653,H,1773337560,1773337740,5153.56,,0
7654,L,1773337740,1773337920,5138.38,,0
7655,H,1773338400,1773338580,5144.86,,0
7656,L,1773339060,1773339240,5109.65,,0
7657,H,1773340080,1773340260,5132.39,,0
7658,H,1773340440,1773340620,5127.10,7657,0
7659,L,1773340620,1773340800,5118.33,,0
7660,H,1773340740,1773340920,5132.49,7661,0
7661,H,1773341040,1773341220,5134.57,,0
7662,L,1773341220,1773341400,5125.47,,0
7663,H,1773341580,1773341760,5135.28,,0
7664,L,1773341880,1773342060,5128.78,,0
7665,L,1773342120,1773342300,5130.92,7664,0
7666,H,1773342360,1773342540,5134.96,,0
7667,L,1773342660,1773342840,5121.30,,0
7668,H,1773343320,1773343500,5138.01,,0
7669,L,1773343920,1773344100,5124.92,,0
7670,H,1773344580,1773344760,5137.62,,0
7671,L,1773344880,1773345060,5128.71,7672,0
7672,L,1773345540,1773345720,5121.52,,0
7673,H,1773345600,1773345780,5125.08,7674,0
7674,H,1773345960,1773346140,5129.55,,0
7675,L,1773346620,1773346800,5113.57,,0
7676,H,1773346980,1773347160,5122.67,,0
7677,L,1773347040,1773347220,5117.22,7678,0
7678,L,1773348060,1773348240,5105.55,,0
7679,L,1773348360,1773348540,5106.46,7678,0
7680,H,1773348480,1773348660,5112.18,,0
7681,L,1773349080,1773349260,5102.56,,0
7682,H,1773349320,1773349500,5112.55,,0
7683,L,1773349560,1773349740,5105.44,,0
7684,H,1773349680,1773349860,5112.44,,0
7685,L,1773349980,1773350160,5105.29,,0
7686,H,1773350280,1773350460,5110.43,,0
7687,L,1773350520,1773350700,5101.10,,0
7688,H,1773350820,1773351000,5105.97,,0
7689,L,1773351300,1773351480,5099.01,,0
7690,H,1773351420,1773351600,5103.46,,0
7691,L,1773352200,1773352380,5090.89,,0
7692,H,1773352440,1773352620,5099.39,,0
7693,L,1773352980,1773353160,5079.59,,0
7694,H,1773353340,1773353520,5093.71,,0
7695,L,1773353760,1773353940,5081.05,,0
7696,L,1773354060,1773354240,5084.41,7695,0
7697,H,1773354240,1773354420,5093.54,7698,0
7698,H,1773354780,1773354960,5096.82,,0
7699,L,1773354960,1773355140,5092.04,7700,0
7700,L,1773355560,1773355740,5089.64,,0
7701,H,1773355980,1773356160,5096.16,,0
7702,L,1773356340,1773356520,5081.30,,0
7703,H,1773356580,1773356760,5090.18,,0
7704,L,1773356700,1773356880,5087.31,,0
7705,H,1773356820,1773357000,5090.46,,0
7706,H,1773357060,1773357240,5089.98,7705,0
7707,L,1773357240,1773357420,5085.12,,0
7708,H,1773357420,1773357600,5088.91,,0
7709,L,1773357660,1773357840,5077.12,7710,0
7710,L,1773358260,1773358440,5055.07,,0
7711,H,1773358500,1773358680,5072.97,,0
7712,L,1773358620,1773358800,5066.16,,0
7713,H,1773359340,1773359520,5081.50,,0
7714,L,1773363660,1773363840,5072.99,,0
7715,H,1773363960,1773364140,5086.19,,0
7716,H,1773364260,1773364440,5086.08,7715,0
7717,L,1773364440,1773364620,5079.32,,0
7718,H,1773364680,1773364860,5091.21,7719,0
7719,H,1773365100,1773365280,5095.19,,0
7720,L,1773365280,1773365460,5089.97,7721,0
7721,L,1773365820,1773366000,5085.47,,0
7722,H,1773366420,1773366600,5092.65,,0
7723,L,1773366540,1773366720,5088.11,,0
7724,H,1773367200,1773367380,5096.07,,0
7725,L,1773367380,1773367560,5088.96,,0
7726,H,1773367620,1773367800,5096.01,,0
7727,L,1773368040,1773368220,5089.75,,0
7728,H,1773368220,1773368400,5095.40,,0
7729,L,1773368340,1773368520,5092.20,,0
7730,H,1773368700,1773368880,5099.47,,0
7731,L,1773369000,1773369180,5092.06,,0
7732,H,1773369180,1773369360,5097.94,,0
7733,L,1773369360,1773369540,5093.06,,0
7734,H,1773369600,1773369780,5098.42,,0
7735,L,1773369720,1773369900,5094.14,,0
7736,H,1773370320,1773370500,5100.84,,0
7737,L,1773370500,1773370680,5098.81,7738,0
7738,L,1773370800,1773370980,5097.37,,0
7739,H,1773370860,1773371040,5103.89,,0
7740,L,1773371040,1773371220,5098.53,,0
7741,H,1773371280,1773371460,5104.31,,0
7742,L,1773371460,1773371640,5102.47,,0
7743,H,1773371580,1773371760,5108.21,,0
7744,L,1773372060,1773372240,5104.75,,0
7745,H,1773372120,1773372300,5108.37,,0
7746,L,1773372360,1773372540,5104.10,,0
7747,H,1773372780,1773372960,5110.52,,0
7748,L,1773373020,1773373200,5107.80,7749,0
7749,L,1773373380,1773373560,5106.96,,0
7750,L,1773373860,1773374040,5107.47,7749,0
7751,L,1773374340,1773374520,5112.30,7749,0
7752,H,1773374520,1773374700,5120.44,7753,0
7753,H,1773374760,1773374940,5120.71,,0
7754,L,1773375060,1773375240,5115.57,,0
7755,H,1773375240,1773375420,5120.77,,0
7756,L,1773375420,1773375600,5114.08,,0
7757,H,1773375660,1773375840,5119.43,7758,0
7758,H,1773376500,1773376680,5121.36,,0
7759,L,1773376680,1773376860,5114.83,7760,0
7760,L,1773377160,1773377340,5108.85,,0
7761,H,1773377460,1773377640,5115.84,,0
7762,L,1773377580,1773377760,5110.14,,0
7763,H,1773378000,1773378180,5128.41,,0
7764,H,1773378300,1773378480,5127.46,7763,0
7765,L,1773378480,1773378660,5122.62,,0
7766,H,1773378600,1773378780,5126.45,,0
7767,H,1773379200,1773379380,5123.13,7766,0
7768,L,1773379380,1773379560,5115.19,,0
7769,H,1773379740,1773379920,5122.30,,0
7770,L,1773379860,1773380040,5118.61,,0
7771,H,1773380100,1773380280,5121.30,,0
7772,H,1773380460,1773380640,5120.60,7771,0
7773,L,1773381060,1773381240,5111.75,,0
7774,H,1773381300,1773381480,5115.60,,0
7775,L,1773381660,1773381840,5109.15,,0
7776,H,1773382020,1773382200,5115.78,,0
7777,H,1773382260,1773382440,5115.67,7776,0
7778,L,1773382380,1773382560,5110.00,7779,0
7779,L,1773382740,1773382920,5109.68,,0
7780,H,1773382920,1773383100,5113.89,,0
7781,L,1773383340,1773383520,5108.24,,0
7782,H,1773383520,1773383700,5112.26,,0
7783,L,1773383820,1773384000,5106.35,,0
7784,H,1773384540,1773384720,5116.73,,0
7785,L,1773384780,1773384960,5113.81,,0
7786,H,1773385440,1773385620,5117.94,,0
7787,L,1773385620,1773385800,5113.33,,0
7788,H,1773385800,1773385980,5116.18,,0
7789,L,1773385860,1773386040,5112.48,7790,0
7790,L,1773386640,1773386820,5103.85,,0
7791,H,1773386820,1773387000,5107.75,,0
7792,L,1773387000,1773387180,5104.63,,0
7793,H,1773387240,1773387420,5107.15,,0
7794,L,1773387540,1773387720,5102.69,,0
7795,H,1773387840,1773388020,5105.84,,0
7796,L,1773387960,1773388140,5103.16,,0
7797,H,1773388200,1773388380,5106.71,,0
7798,L,1773388680,1773388860,5103.16,,0
7799,H,1773388920,1773389100,5106.49,,0
7800,L,1773389100,1773389280,5102.63,,0
7801,H,1773389700,1773389880,5110.16,,0
7802,L,1773390000,1773390180,5107.29,,0
7803,H,1773390300,1773390480,5109.79,,0
7804,L,1773390600,1773390780,5104.00,,0
7805,H,1773390780,1773390960,5110.96,,0
7806,L,1773391080,1773391260,5105.49,,0
7807,H,1773391260,1773391440,5109.08,,0
7808,L,1773391560,1773391740,5098.43,,0
7809,H,1773391800,1773391980,5105.36,,0
7810,L,1773392160,1773392340,5098.23,,0
7811,L,1773392460,1773392640,5101.56,7810,0
7812,H,1773392820,1773393000,5107.74,,0
7813,L,1773393060,1773393240,5102.98,,0
7814,H,1773393180,1773393360,5107.01,,0
7815,L,1773394080,1773394260,5088.90,,0
7816,H,1773394260,1773394440,5098.29,,0
7817,L,1773394680,1773394860,5087.91,,0
7818,H,1773394920,1773395100,5094.69,,0
7819,L,1773394980,1773395160,5089.60,,0
7820,H,1773395220,1773395400,5094.76,,0
7821,L,1773395580,1773395760,5085.81,,0
7822,H,1773395820,1773396000,5090.69,,0
7823,L,1773396000,1773396180,5083.70,,0
7824,H,1773396540,1773396720,5093.25,7825,0
7825,H,1773396780,1773396960,5094.17,,0
7826,L,1773397380,1773397560,5071.73,,0
7827,H,1773398220,1773398400,5092.87,,0
7828,L,1773398400,1773398580,5087.39,,0
7829,H,1773398520,1773398700,5092.65,7830,0
7830,H,1773398760,1773398940,5092.71,,0
7831,L,1773398940,1773399120,5084.47,7832,0
7832,L,1773399960,1773400140,5066.71,,0
7833,H,1773400560,1773400740,5079.11,,0
7834,L,1773400920,1773401100,5061.56,,0
7835,H,1773402060,1773402240,5084.41,,0
7836,L,1773402300,1773402480,5075.95,,0
7837,H,1773402660,1773402840,5087.18,,0
7838,L,1773402900,1773403080,5081.92,,0
7839,H,1773403500,1773403680,5097.07,,0
7840,L,1773403860,1773404040,5090.44,,0
7841,H,1773403980,1773404160,5096.39,,0
7842,L,1773404280,1773404460,5086.47,7843,0
7843,L,1773404640,1773404820,5084.16,,0
7844,H,1773405000,1773405180,5092.79,,0
7845,H,1773405540,1773405720,5089.96,7844,0
7846,L,1773405720,1773405900,5083.31,,0
7847,H,1773406320,1773406500,5094.26,,0
7848,L,1773406500,1773406680,5089.62,,0
7849,H,1773406620,1773406800,5093.45,,0
7850,L,1773406860,1773407040,5085.91,,0
7851,H,1773407100,1773407280,5091.43,,0
7852,L,1773407340,1773407520,5087.11,,0
7853,H,1773407820,1773408000,5096.71,,0
7854,L,1773408120,1773408300,5090.68,7855,0
7855,L,1773408780,1773408960,5079.97,,0
7856,H,1773409260,1773409440,5088.99,,0
7857,L,1773409560,1773409740,5084.60,,0
7858,H,1773409980,1773410160,5098.32,,0
7859,L,1773410160,1773410340,5093.44,,0
7860,H,1773410220,1773410400,5097.50,7861,0
7861,H,1773410460,1773410640,5097.51,,0
7862,L,1773410580,1773410760,5091.47,,0
7863,H,1773410760,1773410940,5095.53,,0
7864,L,1773411120,1773411300,5086.32,,0
7865,H,1773411480,1773411660,5096.09,7866,0
7866,H,1773411960,1773412140,5097.08,,0
7867,L,1773412260,1773412440,5092.02,,0
7868,H,1773412500,1773412680,5095.45,,0
7869,L,1773412740,1773412920,5092.20,,0
7870,H,1773412860,1773413040,5096.63,,0
7871,L,1773412980,1773413160,5093.30,,0
7872,H,1773413100,1773413280,5097.76,,0
7873,L,1773413220,1773413400,5092.26,,0
7874,H,1773414120,1773414300,5118.86,,0
7875,L,1773414660,1773414840,5107.43,7876,0
7876,L,1773415140,1773415320,5104.40,,0
7877,H,1773415500,1773415680,5115.48,7878,0
7878,H,1773415860,1773416040,5116.34,,0
7879,L,1773415980,1773416160,5112.31,,0
7880,H,1773416400,1773416580,5115.97,,0
7881,L,1773416640,1773416820,5108.13,,0
7882,H,1773416940,1773417120,5121.82,,0
7883,L,1773417240,1773417420,5115.30,,0
7884,H,1773417360,1773417540,5120.67,7885,0
7885,H,1773417660,1773417840,5120.92,,0
7886,L,1773417780,1773417960,5114.31,,0
7887,H,1773417900,1773418080,5121.17,,0
7888,L,1773418440,1773418620,5110.29,,0
7889,H,1773418500,1773418680,5115.12,,0
7890,L,1773418680,1773418860,5109.80,,0
7891,H,1773418800,1773418980,5115.39,,0
7892,L,1773419760,1773419940,5096.64,,0
7893,H,1773419940,1773420120,5108.73,,0
7894,L,1773420120,1773420300,5103.25,,0
7895,H,1773420300,1773420480,5116.82,,0
7896,L,1773421200,1773421380,5095.57,,0
7897,H,1773421620,1773421800,5107.92,,0
7898,L,1773422280,1773422460,5082.69,,0
7899,H,1773422400,1773422580,5092.25,7900,0
7900,H,1773422700,1773422880,5092.86,,0
7901,H,1773423180,1773423360,5091.91,7900,0
7902,L,1773423360,1773423540,5082.53,,0
7903,H,1773423840,1773424020,5080.44,,0
7904,L,1773423960,1773424140,5072.43,7905,0
7905,L,1773424620,1773424800,5036.06,,0
7906,H,1773425580,1773425760,5071.34,,0
7907,H,1773425820,1773426000,5071.26,7906,0
7908,L,1773426000,1773426180,5059.57,,0
7909,H,1773426120,1773426300,5069.22,,0
7910,L,1773426360,1773426540,5056.88,,0
7911,H,1773426660,1773426840,5068.29,,0
7912,H,1773426900,1773427080,5066.18,7911,0
7913,L,1773427440,1773427620,5041.93,,0
7914,H,1773427620,1773427800,5057.45,,0
7915,L,1773428100,1773428280,5032.14,,0
7916,H,1773428220,1773428400,5044.75,,0
7917,L,1773428520,1773428700,5024.82,7918,0
7918,L,1773428760,1773428940,5019.04,,0
7919,H,1773429000,1773429180,5040.70,,0
7920,L,1773429240,1773429420,5024.41,,0
7921,H,1773429540,1773429720,5037.75,,1
7922,L,1773429540,1773429720,5030.49,,1
7923,H,1773430560,1773430740,5052.96,,0
7924,H,1773430920,1773431100,5049.65,7923,0
7925,L,1773431280,1773431460,5041.66,,0
7926,H,1773431520,1773431700,5051.67,,0
7927,L,1773431820,1773432000,5044.62,,0
7928,H,1773432120,1773432300,5050.42,,0
7929,L,1773432240,1773432420,5043.43,,0
7930,L,1773432660,1773432840,5047.01,7929,0
7931,H,1773432960,1773433140,5062.09,,0
7932,L,1773433620,1773433800,5052.22,,0
7933,H,1773433740,1773433920,5059.42,,0
7934,L,1773433860,1773434040,5053.46,,0
7935,H,1773434220,1773434400,5063.81,,0
7936,L,1773434520,1773434700,5051.15,,0
7937,H,1773434700,1773434880,5055.38,,0
7938,L,1773435060,1773435240,5044.49,,0
7939,H,1773435180,1773435360,5048.54,,0
7940,L,1773435360,1773435540,5043.55,,0
7941,H,1773435600,1773435780,5049.34,,0
7942,L,1773435720,1773435900,5044.68,,0
7943,H,1773435900,1773436080,5051.68,,0
7944,L,1773436380,1773436560,5040.59,,0
7945,H,1773436680,1773436860,5046.13,,0
7946,L,1773436980,1773437160,5037.07,7947,0
7947,L,1773437220,1773437400,5036.13,,0
7948,H,1773437520,1773437700,5049.36,,0
7949,L,1773438000,1773438180,5041.60,,0
7950,H,1773438240,1773438420,5046.75,,0
7951,L,1773438540,1773438720,5041.19,,0
7952,L,1773439080,1773439260,5043.33,7951,0
7953,H,1773439260,1773439440,5049.82,,0
7954,L,1773439920,1773440100,5033.94,,0
7955,H,1773440100,1773440280,5040.25,,0
7956,L,1773440220,1773440400,5033.09,,0
7957,H,1773440400,1773440580,5039.05,7958,0
7958,H,1773440640,1773440820,5040.33,,0
7959,H,1773441180,1773441360,5036.85,7958,0
7960,L,1773441300,1773441480,5029.01,,0
7961,H,1773441480,1773441660,5034.03,,0
7962,L,1773441660,1773441840,5023.02,7963,0
7963,L,1773442320,1773442500,5009.69,,0
7964,H,1773442560,1773442740,5023.43,,0
7965,L,1773442740,1773442920,5013.89,,0
7966,H,1773442920,1773443100,5021.21,,0
7967,L,1773443280,1773443460,5012.39,,0
7968,H,1773443400,1773443580,5017.78,,0
7969,L,1773443520,1773443700,5014.28,,0
7970,H,1773443760,1773443940,5021.43,,0
7971,L,1773444120,1773444300,5012.41,,0
7972,H,1773444300,1773444480,5015.61,,0
7973,L,1773444660,1773444840,5013.12,,0
7974,H,1773444720,1773444900,5018.87,7975,0
7975,H,1773445080,1773445260,5020.02,7976,0
7976,H,1773445440,1773445620,5025.42,,0
7977,L,1773445920,1773446100,5016.88,,0
7978,H,1773446040,1773622800,5021.95,,0
7979,L,1773622800,1773622980,4998.15,,0
7980,H,1773622860,1773623040,5021.74,7981,0
7981,H,1773623220,1773623400,5030.50,,0
7982,L,1773624060,1773624240,5000.89,,0
7983,H,1773624180,1773624360,5014.84,7984,0
7984,H,1773624780,1773624960,5018.22,,0
7985,L,1773625260,1773625440,5008.35,,0
7986,H,1773625860,1773626040,5023.69,,0
7987,L,1773625980,1773626160,5017.99,,0
7988,H,1773626400,1773626580,5026.14,,0
7989,L,1773626760,1773626940,5002.31,,0
7990,H,1773626880,1773627060,5011.87,,0
7991,L,1773627000,1773627180,5004.22,,0
7992,H,1773627120,1773627300,5009.75,,0
7993,L,1773627780,1773627960,4967.69,,0
7994,H,1773628260,1773628440,4992.47,,0
7995,L,1773628440,1773628620,4979.16,7997,0
7996,L,1773628860,1773629040,4979.81,7995,0
7997,L,1773629340,1773629520,4972.05,,0
7998,H,1773630420,1773630600,5028.71,,0
7999,L,1773630720,1773630900,5017.84,,0
8000,H,1773630840,1773631020,5026.20,,0
8001,L,1773631140,1773631320,5015.30,,0
8002,L,1773631380,1773631560,5016.96,8001,0
8003,H,1773631560,1773631740,5021.99,,0
8004,L,1773631860,1773632040,5014.95,,0
8005,H,1773632040,1773632220,5030.82,,0
8006,L,1773632220,1773632400,5022.17,,0
8007,H,1773632400,1773632580,5028.54,,0
8008,L,1773632520,1773632700,5023.06,,0
8009,H,1773632820,1773633000,5030.14,,0
8010,L,1773633180,1773633360,5017.02,,0
8011,H,1773633540,1773633720,5028.56,,0
8012,L,1773633600,1773633780,5012.24,8013,0
8013,L,1773633840,1773634020,5011.63,8014,0
8014,L,1773634500,1773634680,4983.89,,0
8015,H,1773634800,1773634980,5005.51,,0
8016,L,1773635040,1773635220,4990.93,8017,0
8017,L,1773635520,1773635700,4982.66,,0
8018,H,1773635700,1773635880,4997.55,,0
8019,L,1773635760,1773635940,4985.47,,0
8020,H,1773636480,1773636660,5009.37,,0
8021,L,1773636720,1773636900,5002.56,,0
8022,H,1773637260,1773637440,5018.79,,0
8023,L,1773637560,1773637740,5010.65,,0
8024,H,1773637740,1773637920,5016.65,,0
8025,L,1773637980,1773638160,5010.71,,0
8026,H,1773638160,1773638340,5017.85,8027,0
8027,H,1773638400,1773638580,5018.64,,0
8028,H,1773639000,1773639180,5014.57,8027,0
8029,H,1773639420,1773639600,5010.06,8027,0
8030,L,1773639540,1773639720,5002.48,,0
8031,H,1773639960,1773640140,5008.67,,0
8032,L,1773640080,1773640260,4997.93,,0
8033,L,1773640380,1773640560,4999.25,8032,0
8034,H,1773640620,1773640800,5006.24,,0
8035,L,1773640920,1773641100,5000.71,,0
8036,H,1773641400,1773641580,5006.81,,0
8037,L,1773641640,1773641820,4998.10,,0
8038,L,1773642960,1773643140,5011.64,8037,0
8039,H,1773643140,1773643320,5015.74,,0
8040,L,1773643260,1773643440,5011.48,,0
8041,H,1773643620,1773643800,5020.15,,0
8042,L,1773643860,1773644040,5017.01,,0
8043,H,1773644100,1773644280,5020.64,,0
8044,L,1773644160,1773644340,5018.33,,0
8045,H,1773644520,1773644700,5026.05,,0
8046,L,1773644880,1773645060,5019.91,,0
8047,H,1773645060,1773645240,5025.39,,0
8048,L,1773645180,1773645360,5022.35,,0
8049,H,1773645360,1773645540,5026.21,,0
8050,L,1773645540,1773645720,5023.18,,0
8051,H,1773645600,1773645780,5026.14,,0
8052,L,1773645900,1773646080,5020.76,8053,0
8053,L,1773646320,1773646500,5019.01,,0
8054,H,1773646380,1773646560,5024.81,,0
8055,L,1773646860,1773647040,5014.71,,0
8056,H,1773647040,1773647220,5017.67,,0
8057,L,1773647520,1773647700,5013.90,,0
8058,H,1773647580,1773647760,5016.01,,0
8059,L,1773648000,1773648180,5012.20,,0
8060,H,1773648120,1773648300,5015.80,,0
8061,L,1773648540,1773648720,5011.18,,0
8062,H,1773648720,1773648900,5014.87,,0
8063,L,1773649080,1773649260,5007.90,,0
8064,H,1773649560,1773649740,5013.14,,0
8065,L,1773650100,1773650280,5003.22,,0
8066,H,1773650460,1773650640,5017.37,8067,0
8067,H,1773650820,1773651000,5017.90,,0
8068,L,1773651000,1773651180,5015.59,,0
8069,H,1773651300,1773651480,5020.01,,0
8070,L,1773651480,1773651660,5015.74,8071,0
8071,L,1773651780,1773651960,5012.99,,0
8072,H,1773652740,1773652920,5035.95,,0
8073,L,1773653160,1773653340,5025.57,,0
8074,H,1773653280,1773653460,5030.32,,0
8075,H,1773653940,1773654120,5026.72,8074,0
8076,L,1773654000,1773654180,5020.97,8077,0
8077,L,1773654720,1773654900,5005.45,,0
8078,H,1773655080,1773655260,5014.97,,0
8079,L,1773655200,1773655380,5010.06,,0
8080,H,1773655440,1773655620,5015.68,,0
8081,L,1773655620,1773655800,5009.69,,0
8082,H,1773655740,1773655920,5016.39,,0
8083,L,1773656100,1773656280,5001.03,8084,0
8084,L,1773656880,1773657060,4998.22,,0
8085,H,1773657180,1773657360,5007.29,,0
8086,L,1773657420,1773657600,4991.91,,0
8087,L,1773657840,1773658020,4991.92,8086,0
8088,H,1773658020,1773658200,5000.08,,0
8089,H,1773658260,1773658440,4999.55,8088,0
8090,L,1773658680,1773658860,4993.40,,0
8091,H,1773658860,1773659040,4999.31,,0
8092,L,1773658980,1773659160,4992.35,,0
8093,H,1773659100,1773659280,4999.18,8094,0
8094,H,1773659460,1773659640,5000.46,,0
8095,L,1773659700,1773659880,4987.84,,0
8096,L,1773660000,1773660180,4989.40,8095,0
8097,H,1773660300,1773660480,5003.49,,0
8098,H,1773661020,1773661200,4995.30,8097,0
8099,L,1773661140,1773661320,4985.75,8100,0
8100,L,1773661380,1773661560,4984.99,,0
8101,H,1773662040,1773662220,4997.85,,0
8102,L,1773662700,1773662880,4979.98,,0
8103,H,1773663480,1773663660,4988.73,,0
8104,L,1773663660,1773663840,4986.11,8105,0
8105,L,1773663900,1773664080,4983.84,,0
8106,H,1773663960,1773664140,4990.66,,0
8107,L,1773664260,1773664440,4984.50,,0
8108,H,1773664380,1773664560,4991.62,,0
8109,L,1773664740,1773664920,4982.77,8110,0
8110,L,1773665160,1773665340,4972.65,,0
8111,H,1773665460,1773665640,4985.35,,0
8112,L,1773666120,1773666300,4970.22,,0
8113,H,1773666300,1773666480,4977.60,8114,0
8114,H,1773666540,1773666720,4980.23,,0
8115,L,1773666720,1773666900,4975.38,,0
8116,H,1773667020,1773667200,4981.27,8117,0
8117,H,1773667680,1773667860,4991.12,,0
8118,L,1773668040,1773668220,4985.11,,1
8119,H,1773668040,1773668220,4988.18,,1
8120,L,1773668400,1773668580,4980.53,,0
8121,H,1773669180,1773669360,4999.12,8122,0
8122,H,1773669600,1773669780,5000.81,,0
8123,L,1773670020,1773670200,4995.69,,0
8124,H,1773670260,1773670440,5006.40,,0
8125,L,1773670440,1773670620,5001.86,,0
8126,H,1773671160,1773671340,5022.59,,0
8127,L,1773671460,1773671640,5016.44,,0
8128,H,1773671580,1773671760,5019.96,,0
8129,L,1773671880,1773672060,5015.62,,0
8130,H,1773672120,1773672300,5019.36,,0
8131,L,1773672900,1773673080,4995.43,8132,0
8132,L,1773673140,1773673320,4993.06,,0
8133,H,1773673620,1773673800,5004.57,,0
8134,L,1773673800,1773673980,4998.68,,0
8135,H,1773674580,1773674760,5019.31,,0
8136,L,1773674640,1773674820,5013.67,,0
8137,H,1773675060,1773675240,5024.97,,0
8138,L,1773675180,1773675360,5019.01,,0
8139,H,1773675360,1773675540,5024.25,,0
8140,L,1773675480,1773675660,5018.93,,0
8141,H,1773675600,1773675780,5024.55,,0
8142,H,1773675840,1773676020,5023.98,8141,0
8143,L,1773676260,1773676440,5012.19,,0
8144,H,1773676740,1773676920,5021.49,,0
8145,L,1773676980,1773677160,5013.90,,0
8146,H,1773677760,1773677940,5030.14,,0
8147,L,1773678240,1773678420,5023.41,,0
8148,H,1773678360,1773678540,5027.99,,0
8149,L,1773678720,1773678900,5018.18,,0
8150,H,1773678960,1773679140,5034.28,,0
8151,L,1773679260,1773679440,5022.46,,0
8152,H,1773679500,1773679680,5033.56,,0
8153,L,1773679680,1773679860,5023.92,8154,0
8154,L,1773680280,1773680460,5023.15,,0
8155,H,1773680580,1773680760,5034.22,,0
8156,L,1773680640,1773680820,5029.65,,0
8157,H,1773680880,1773681060,5037.91,,0
8158,L,1773681300,1773681480,5024.88,8159,0
8159,L,1773682380,1773682560,5007.15,,0
8160,H,1773682560,1773682740,5013.56,,0
8161,H,1773683220,1773683400,5002.40,8160,0
8162,L,1773683280,1773683460,4987.95,,0
8163,L,1773683700,1773683880,4991.82,8162,0
8164,H,1773684000,1773684180,5002.39,,0
8165,L,1773684120,1773684300,4992.36,,0
8166,H,1773684240,1773684420,5001.92,,0
8167,L,1773684360,1773684540,4993.17,,0
8168,H,1773684480,1773684660,4999.35,,0
8169,L,1773684600,1773684780,4990.45,,0
8170,H,1773685260,1773685440,5005.67,,0
8171,L,1773685740,1773685920,4984.78,,0
8172,H,1773686520,1773686700,5003.38,,0
8173,L,1773686700,1773686880,4993.29,8174,0
8174,L,1773687180,1773687360,4986.19,,0
8175,H,1773687360,1773687540,4990.12,,0
8176,L,1773687540,1773687720,4983.89,,0
8177,H,1773688020,1773688200,4996.36,8178,0
8178,H,1773688380,1773688560,4998.78,,0
8179,H,1773689520,1773689700,4982.56,8178,0
8180,L,1773689700,1773689880,4974.07,,0
8181,H,1773690240,1773690420,4989.61,,0
8182,L,1773690360,1773690540,4983.21,,0
8183,H,1773690720,1773690900,4992.82,,0
8184,L,1773690960,1773691140,4988.97,,0
8185,H,1773691560,1773691740,4997.10,8186,0
8186,H,1773692040,1773692220,5003.84,,0
8187,H,1773692940,1773693120,5001.80,8186,0
8188,L,1773693600,1773693780,4985.83,,0
8189,H,1773693960,1773694140,4992.75,,0
8190,L,1773694260,1773694440,4984.00,,0
8191,H,1773694920,1773695100,4995.94,,0
8192,L,1773695100,1773695280,4990.00,,0
8193,H,1773695400,1773695580,5000.89,,0
8194,L,1773695640,1773695820,4997.74,,0
8195,H,1773695700,1773695880,5000.53,,0
8196,L,1773696000,1773696180,4997.24,,0
8197,H,1773696420,1773696600,5008.02,8198,0
8198,H,1773697200,1773697380,5015.31,,0
8199,L,1773697620,1773697800,5013.79,,0
8200,H,1773697860,1773698040,5017.74,,0
8201,L,1773698280,1773698460,5011.73,,0
8202,H,1773698520,1773698700,5017.13,,0
8203,L,1773698820,1773699000,5008.82,,0
8204,H,1773699000,1773699180,5020.22,,0
8205,L,1773699180,1773699360,5010.79,,0
8206,H,1773699360,1773699540,5015.56,,0
8207,H,1773699780,1773699960,5014.72,8206,0
8208,H,1773700140,1773700320,5011.98,8206,0
8209,L,1773700260,1773700440,5008.10,,0
8210,L,1773700560,1773700740,5008.85,8209,0
8211,H,1773700800,1773700980,5014.62,,0
8212,L,1773701280,1773701460,5008.40,,0
8213,H,1773701580,1773701760,5016.05,,0
8214,H,1773701880,1773702060,5015.69,8213,0
8215,L,1773702180,1773702360,5008.07,,0
8216,H,1773702660,1773702840,5021.58,,0
8217,L,1773703200,1773703380,5014.71,,0
8218,H,1773703680,1773703860,5017.17,,0
8219,L,1773704160,1773704340,5007.71,,0
8220,H,1773704280,1773704460,5010.94,,0
8221,L,1773704820,1773705000,5007.19,,0
8222,H,1773704880,1773705060,5010.27,,0
8223,L,1773705240,1773705420,5004.71,,0
8224,H,1773709320,1773709500,5015.71,8225,0
8225,H,1773709680,1773709860,5015.98,,0
8226,L,1773709920,1773710100,5000.75,,0
8227,H,1773710160,1773710340,5008.22,,0
8228,L,1773710640,1773710820,4998.90,8229,0
8229,L,1773711000,1773711180,4998.57,,0
8230,H,1773711120,1773711300,5004.51,8231,0
8231,H,1773711360,1773711540,5004.86,,0
8232,L,1773711660,1773711840,5000.18,,0
8233,L,1773711900,1773712080,5000.74,8232,0
8234,H,1773712320,1773712500,5006.17,,0
8235,L,1773712680,1773712860,5000.54,,0
8236,H,1773712860,1773713040,5006.09,,0
8237,L,1773713160,1773713340,5002.77,,0
8238,H,1773713400,1773713580,5006.28,8239,0
8239,H,1773713880,1773714060,5006.48,,0
8240,L,1773714060,1773714240,5005.35,,0
8241,H,1773714360,1773714540,5009.88,8242,0
8242,H,1773714960,1773715140,5013.84,,0
8243,L,1773715140,1773715320,5010.21,,0
8244,H,1773715200,1773715380,5014.38,,0
8245,L,1773715620,1773715800,5006.93,,0
8246,H,1773716160,1773716340,5015.54,,0
8247,L,1773716700,1773716880,5004.60,,0
8248,H,1773716880,1773717060,5011.66,,0
8249,L,1773716940,1773717120,5002.29,,0
8250,H,1773717420,1773717600,5010.41,,0
8251,L,1773718080,1773718260,5000.15,,0
8252,H,1773718320,1773718500,5005.89,,0
8253,L,1773718440,1773718620,5001.68,,0
8254,H,1773718560,1773718740,5006.99,,0
8255,L,1773718980,1773719160,4998.33,,0
8256,H,1773719220,1773719400,5004.00,,0
8257,L,1773719400,1773719580,4998.28,,0
8258,H,1773719820,1773720000,5006.19,8259,0
8259,H,1773720120,1773720300,5006.79,,0
8260,L,1773720180,1773720360,4994.82,,0
8261,L,1773720840,1773721020,5006.23,8260,0
8262,H,1773720960,1773721140,5014.09,,0
8263,L,1773721560,1773721740,5007.38,,0
8264,H,1773721860,1773722040,5016.24,,0
8265,L,1773722040,1773722220,5011.31,,0
8266,H,1773722220,1773722400,5019.75,,0
8267,H,1773722520,1773722700,5019.62,8266,0
8268,L,1773722700,1773722880,5016.68,,0
8269,L,1773723240,1773723420,5023.87,8268,0
8270,H,1773723720,1773723900,5029.71,,0
8271,L,1773724140,1773724320,5021.38,,0
8272,H,1773724320,1773724500,5024.34,,0
8273,L,1773724500,1773724680,5020.60,8274,0
8274,L,1773724860,1773725040,5019.92,,0
8275,H,1773724980,1773725160,5023.53,8276,0
8276,H,1773725400,1773725580,5027.51,,0
8277,L,1773725700,1773725880,5021.94,,0
8278,H,1773726300,1773726480,5029.43,,0
8279,L,1773726600,1773726780,5021.56,,0
8280,H,1773726900,1773727080,5026.84,,0
8281,L,1773727200,1773727380,5020.57,,0
8282,H,1773727500,1773727680,5025.60,,0
8283,L,1773727800,1773727980,5021.94,,0
8284,H,1773727860,1773728040,5023.41,,0
8285,L,1773728040,1773728220,5022.02,,0
8286,H,1773729000,1773729180,5033.54,,0
8287,L,1773729600,1773729780,5027.48,,0
8288,H,1773729780,1773729960,5029.04,,0
8289,L,1773729960,1773730140,5026.00,,0
8290,H,1773730380,1773730560,5030.16,,0
8291,L,1773730680,1773730860,5026.18,,0
8292,H,1773730920,1773731100,5029.27,8293,0
8293,H,1773731400,1773731580,5030.52,,0
8294,L,1773732000,1773732180,5026.65,,0
8295,H,1773732240,1773732420,5030.22,,0
8296,L,1773732420,1773732600,5026.27,,0
8297,H,1773732660,1773732840,5034.59,,0
8298,L,1773732840,1773733020,5032.75,,0
8299,H,1773733020,1773733200,5034.36,8300,0
8300,H,1773733500,1773733680,5041.74,8301,0
8301,H,1773733800,1773733980,5041.90,,0
8302,H,1773734340,1773734520,5039.08,8301,0
8303,L,1773734700,1773734880,5034.18,,0
8304,H,1773734820,1773735000,5037.44,,0
8305,L,1773735000,1773735180,5032.36,,0
8306,H,1773735420,1773735600,5044.53,,0
8307,L,1773736080,1773736260,5033.47,,0
8308,H,1773736320,1773736500,5039.32,,0
8309,L,1773736560,1773736740,5033.75,,0
8310,H,1773736980,1773737160,5035.55,,0
8311,L,1773738120,1773738300,5009.82,8312,0
8312,L,1773738660,1773738840,5006.87,,0
8313,H,1773738720,1773738900,5013.54,,0
8314,L,1773739140,1773739320,5007.17,,0
8315,H,1773739260,1773739440,5014.24,,0
8316,L,1773739440,1773739620,5005.12,,0
8317,H,1773739620,1773739800,5013.06,8318,0
8318,H,1773740040,1773740220,5015.32,,0
8319,L,1773740280,1773740460,5011.91,,0
8320,H,1773740520,1773740700,5017.05,,0
8321,L,1773741060,1773741240,5009.50,,0
8322,H,1773741360,1773741540,5012.04,,0
8323,L,1773741480,1773741660,5008.46,,0
8324,H,1773742080,1773742260,5017.00,,0
8325,L,1773742260,1773742440,5011.26,,0
8326,H,1773742440,1773742620,5015.22,,0
8327,L,1773742860,1773743040,5008.95,,0
8328,L,1773743880,1773744060,5023.32,8327,0
8329,H,1773744000,1773744180,5028.02,,0
8330,L,1773744240,1773744420,5021.93,,0
8331,H,1773744540,1773744720,5025.28,,0
8332,L,1773744840,1773745020,5017.24,,0
8333,L,1773745200,1773745380,5020.25,8332,0
8334,H,1773745260,1773745440,5025.12,,0
8335,L,1773745440,1773745620,5022.03,,0
8336,H,1773745560,1773745740,5026.07,,0
8337,L,1773745740,1773745920,5019.04,,0
8338,L,1773746040,1773746220,5019.85,8337,0
8339,H,1773746460,1773746640,5029.60,,0
8340,L,1773746640,1773746820,5020.43,8341,0
8341,L,1773746880,1773747060,5019.13,,0
8342,H,1773747180,1773747360,5023.16,,0
8343,L,1773747360,1773747540,5019.11,,0
8344,H,1773747780,1773747960,5025.16,,0
8345,L,1773747900,1773748080,5018.46,,0
8346,H,1773748200,1773748380,5024.59,8347,0
8347,H,1773748500,1773748680,5025.37,,0
8348,L,1773748560,1773748740,5021.19,,0
8349,H,1773748800,1773748980,5025.85,,0
8350,L,1773749280,1773749460,5016.01,,0
8351,H,1773749520,1773749700,5018.97,,0
8352,L,1773749700,1773749880,5013.01,,0
8353,H,1773749820,1773750000,5017.61,,0
8354,L,1773750300,1773750480,5015.43,,0
8355,H,1773750540,1773750720,5019.70,,0
8356,L,1773750900,1773751080,5012.61,,0
8357,H,1773751140,1773751320,5016.59,,0
8358,L,1773751260,1773751440,5011.30,,0
8359,H,1773751620,1773751800,5015.84,,0
8360,H,1773751980,1773752160,5014.14,8359,0
8361,L,1773752400,1773752580,5008.55,,0
8362,H,1773752520,1773752700,5016.47,,0
8363,L,1773752940,1773753120,5001.14,,0
8364,H,1773753060,1773753240,5005.88,,0
8365,L,1773753300,1773753480,5003.42,,0
8366,H,1773753360,1773753540,5006.91,,0
8367,L,1773753540,1773753720,5003.78,,0
8368,H,1773753960,1773754140,5009.08,,0
8369,L,1773754140,1773754320,5001.65,,0
8370,H,1773754260,1773754440,5009.38,,0
8371,L,1773754980,1773755160,4992.09,,0
8372,H,1773755220,1773755400,5001.23,,0
8373,L,1773755340,1773755520,4998.02,,0
8374,H,1773755640,1773755820,5004.76,,0
8375,L,1773756000,1773756180,4996.71,,0
8376,L,1773756360,1773756540,4999.69,8375,0
8377,H,1773756660,1773756840,5006.02,,0
8378,L,1773756780,1773756960,5002.78,,0
8379,H,1773757080,1773757260,5010.07,,0
8380,H,1773757500,1773757680,5009.52,8379,0
8381,L,1773758040,1773758220,5004.11,,0
8382,L,1773758580,1773758760,5007.18,8381,0
8383,H,1773758700,1773758880,5011.42,,0
8384,L,1773759660,1773759840,4999.39,,0
8385,H,1773760200,1773760380,5010.29,8386,0
8386,H,1773760500,1773760680,5012.41,8387,0
8387,H,1773760860,1773761040,5017.65,8388,0
8388,H,1773761700,1773761880,5023.86,,0
8389,L,1773761940,1773762120,5016.05,,0
8390,H,1773762120,1773762300,5018.27,,0
8391,L,1773762660,1773762840,5009.76,,0
8392,H,1773762780,1773762960,5014.03,,0
8393,L,1773763200,1773763380,5010.14,,0
8394,H,1773763500,1773763680,5017.75,,0
8395,L,1773763800,1773763980,5012.29,,0
8396,H,1773763920,1773764100,5018.10,8397,0
8397,H,1773764220,1773764400,5019.46,,0
8398,L,1773764940,1773765120,5010.57,,0
8399,H,1773765180,1773765360,5026.83,,0
8400,L,1773765360,1773765540,5017.99,,0
8401,H,1773765780,1773765960,5031.44,,0
8402,L,1773766380,1773766560,5005.55,,0
8403,H,1773766620,1773766800,5017.72,,0
8404,L,1773766980,1773767160,5009.51,,0
8405,H,1773767280,1773767460,5020.52,,0
8406,H,1773767640,1773767820,5020.21,8405,0
8407,H,1773767940,1773768120,5016.84,8405,0
8408,L,1773768660,1773768840,5002.93,,0
8409,H,1773768960,1773769140,5013.18,,0
8410,L,1773769140,1773769320,5007.24,,0
8411,H,1773769800,1773769980,5019.44,,0
8412,L,1773770400,1773770580,5006.31,,0
8413,H,1773770580,1773770760,5017.30,8414,0
8414,H,1773770820,1773771000,5017.48,,0
8415,L,1773771000,1773771180,5008.12,,0
8416,H,1773771120,1773771300,5011.86,,0
8417,L,1773771240,1773771420,5007.56,,0
8418,H,1773771420,1773771600,5014.88,,0
8419,L,1773771660,1773771840,5005.60,,0
8420,H,1773771900,1773772080,5009.44,,0
8421,L,1773772140,1773772320,4993.75,,0
8422,H,1773772320,1773772500,5000.45,,0
8423,L,1773772860,1773773040,4973.57,,0
8424,H,1773773220,1773773400,4994.24,8425,0
8425,H,1773774060,1773774240,4999.27,,0
8426,L,1773774180,1773774360,4992.48,8427,0
8427,L,1773774420,1773774600,4991.55,,0
8428,H,1773774660,1773774840,4998.77,,0
8429,L,1773774960,1773775140,4993.02,,0
8430,H,1773775080,1773775260,5002.85,8431,0
8431,H,1773775500,1773775680,5004.04,,0
8432,L,1773775680,1773775860,5001.81,,0
8433,H,1773775800,1773775980,5005.81,,0
8434,L,1773775920,1773776100,5001.76,8435,0
8435,L,1773776460,1773776640,4999.73,,0
8436,H,1773776760,1773776940,5003.16,,0
8437,L,1773776940,1773777120,4998.75,,0
8438,H,1773777060,1773777240,5001.85,,0
8439,L,1773777180,1773777360,4997.64,,0
8440,L,1773777600,1773777780,5001.34,8439,0
8441,H,1773777780,1773777960,5006.48,,0
8442,L,1773778020,1773778200,5002.94,,0
8443,H,1773778140,1773778320,5005.96,,0
8444,L,1773778740,1773778920,5002.10,,0
8445,H,1773779040,1773779220,5008.68,,0
8446,L,1773779340,1773779520,5001.25,,0
8447,L,1773779640,1773779820,5002.27,8446,0
8448,H,1773779820,1773780000,5006.38,,0
8449,L,1773780360,1773780540,4996.43,,0
8450,H,1773780960,1773781140,5003.60,,1
8451,L,1773780960,1773781140,5001.30,8452,1
8452,L,1773781260,1773781440,5000.82,,0
8453,L,1773781800,1773781980,5004.93,8452,0
8454,H,1773781860,1773782040,5007.74,,0
8455,L,1773782040,1773782220,5006.12,8456,0
8456,L,1773782280,1773782460,5006.00,,0
8457,H,1773782580,1773782760,5008.97,,0
8458,L,1773783120,1773783300,4999.73,,0
8459,H,1773783360,1773783540,5004.57,,0
8460,L,1773783660,1773783840,5001.55,,0
8461,H,1773784020,1773784200,5007.85,8462,0
8462,H,1773784380,1773784560,5008.38,,0
8463,L,1773784800,1773784980,5000.91,,0
8464,H,1773785040,1773785220,5005.56,,0
8465,L,1773785220,1773785400,5002.09,8466,0
8466,L,1773785640,1773785820,5000.43,,0
8467,H,1773785760,1773785940,5002.54,,0
8468,H,1773786300,1773786480,5000.93,8467,0
8469,L,1773786420,1773786600,4998.04,,0
8470,H,1773786600,1773786780,5000.71,,0
8471,L,1773786840,1773787020,4996.43,,0
8472,H,1773786960,1773787140,5001.80,8473,0
8473,H,1773787380,1773787560,5003.66,,0
8474,L,1773787680,1773787860,4998.97,,0
8475,L,1773787920,1773788100,4999.29,8474,0
8476,H,1773787980,1773788160,5002.14,,0
8477,L,1773788340,1773788520,4998.04,,0
8478,H,1773788940,1773789120,5006.34,,0
8479,H,1773789540,1773789720,5004.83,8478,0
8480,L,1773789780,1773789960,5002.03,,0
8481,H,1773790320,1773790500,5005.21,,0
8482,L,1773790500,1773790680,5002.99,,0
8483,H,1773790740,1773790920,5004.17,8484,0
8484,H,1773791160,1773791340,5005.56,,0
8485,L,1773791340,1773791520,5002.65,8486,0
8486,L,1773791700,1773795600,5001.46,,0
8487,H,1773795600,1773795780,5006.23,,0
8488,L,1773795780,1773795960,5000.21,8489,0
8489,L,1773796020,1773796200,4997.57,,0
8490,H,1773796500,1773796680,5004.94,,0
8491,L,1773796740,1773796920,5000.17,,0
8492,L,1773797040,1773797220,5000.72,8491,0
8493,H,1773797280,1773797460,5002.53,,0
8494,L,1773797700,1773797880,4997.13,,0
8495,H,1773797820,1773798000,4999.88,,0
8496,L,1773798360,1773798540,4993.32,,0
8497,H,1773798600,1773798780,5003.48,,0
8498,L,1773798960,1773799140,4998.39,,0
8499,H,1773799500,1773799680,5002.99,,0
8500,L,1773799620,1773799800,4999.25,,0
8501,H,1773799800,1773799980,5001.08,,0
8502,L,1773799860,1773800040,4998.83,,0
8503,H,1773800340,1773800520,5001.56,,0
8504,L,1773800820,1773801000,4999.25,,0
8505,H,1773801120,1773801300,5003.79,,0
8506,L,1773801540,1773801720,5001.55,,0
8507,H,1773801780,1773801960,5003.10,,0
8508,L,1773802140,1773802320,5001.36,,0
8509,H,1773802440,1773802620,5003.07,,0
8510,L,1773802920,1773803100,5001.22,,0
8511,H,1773803400,1773803580,5012.32,,0
8512,L,1773804060,1773804240,5004.48,,0
8513,H,1773804180,1773804360,5007.14,,0
8514,L,1773805020,1773805200,5000.37,8515,0
8515,L,1773805260,1773805440,5000.16,,0
8516,H,1773805500,1773805680,5005.36,,0
8517,L,1773805560,1773805740,5001.15,,0
8518,H,1773805920,1773806100,5008.18,,0
8519,L,1773806160,1773806340,5003.06,8520,0
8520,L,1773806520,1773806700,4998.00,,0
8521,H,1773807000,1773807180,5015.81,,0
8522,H,1773807360,1773807540,5014.72,8521,0
8523,L,1773807480,1773807660,5011.26,,0
8524,H,1773807600,1773807780,5015.77,,0
8525,L,1773808200,1773808380,5006.34,,0
8526,H,1773808380,1773808560,5009.47,,0
8527,L,1773808620,1773808800,5001.51,,0
8528,H,1773808740,1773808920,5005.68,,0
8529,H,1773809340,1773809520,4999.34,8528,0
8530,L,1773809520,1773809700,4991.34,,0
8531,H,1773809700,1773809880,4999.76,8532,0
8532,H,1773810000,1773810180,5002.21,,0
8533,L,1773810300,1773810480,4996.47,,0
8534,H,1773810720,1773810900,5001.30,,1
8535,L,1773810720,1773810900,4998.71,,1
8536,L,1773810960,1773811140,4999.01,8535,0
8537,H,1773811320,1773811500,5006.98,,0
8538,L,1773811500,1773811680,5001.87,8539,0
8539,L,1773812040,1773812220,4999.89,,0
8540,H,1773812100,1773812280,5003.73,,0
8541,L,1773812340,1773812520,5000.36,,0
8542,H,1773812880,1773813060,5004.05,,0
8543,L,1773813840,1773814020,4986.18,,0
8544,H,1773813960,1773814140,4993.57,,0
8545,L,1773814320,1773814500,4991.39,,0
8546,H,1773814440,1773814620,4996.21,,0
8547,L,1773814620,1773814800,4993.70,,0
8548,H,1773815040,1773815220,4996.81,,0
8549,L,1773815160,1773815340,4994.52,,0
8550,H,1773815460,1773815640,4997.01,8551,0
8551,H,1773815820,1773816000,4997.63,,0
8552,H,1773816120,1773816300,4997.43,8551,0
8553,L,1773816180,1773816360,4993.99,8554,0
8554,L,1773816540,1773816720,4993.41,8555,0
8555,L,1773817080,1773817260,4989.64,,0
8556,H,1773817200,1773817380,4992.79,,0
8557,L,1773817380,1773817560,4989.56,,0
8558,H,1773817560,1773817740,4992.56,,0
8559,L,1773817980,1773818160,4989.61,,0
8560,H,1773818340,1773818520,4992.60,,0
8561,L,1773818460,1773818640,4990.93,,0
8562,H,1773818640,1773818820,4993.54,,0
8563,L,1773819600,1773819780,4981.86,,0
8564,H,1773819720,1773819900,4985.66,8565,0
8565,H,1773820020,1773820200,4986.52,,0
8566,H,1773820260,1773820440,4986.47,8565,0
8567,L,1773820500,1773820680,4982.42,,0
8568,H,1773820800,1773820980,4987.63,8569,0
8569,H,1773821520,1773821700,4992.10,,0
8570,L,1773821940,1773822120,4985.51,,0
8571,H,1773822240,1773822420,4992.65,,0
8572,L,1773822480,1773822660,4988.53,8573,0
8573,L,1773822780,1773822960,4987.54,,0
8574,H,1773823080,1773823260,5001.23,8575,0
8575,H,1773823680,1773823860,5002.57,,0
8576,L,1773823800,1773823980,4997.72,,0
8577,H,1773824040,1773824220,5001.20,,0
8578,L,1773824280,1773824460,4994.68,,0
8579,H,1773824460,1773824640,5000.90,,0
8580,L,1773824760,1773824940,4996.38,,0
8581,H,1773825480,1773825660,5010.80,,0
8582,L,1773825720,1773825900,5006.76,,1
8583,H,1773825720,1773825900,5009.96,,1
8584,L,1773826080,1773826260,5008.13,,0
8585,H,1773826560,1773826740,5016.30,,0
8586,L,1773827100,1773827280,5010.59,,0
8587,H,1773827340,1773827520,5014.59,,0
8588,L,1773827580,1773827760,5008.54,,0
8589,L,1773827940,1773828120,5008.56,8588,0
8590,H,1773828360,1773828540,5014.82,,0
8591,L,1773828600,1773828780,5009.91,8592,0
8592,L,1773829200,1773829380,5006.38,8593,0
8593,L,1773829500,1773829680,5006.19,,0
8594,H,1773829980,1773830160,5009.59,,0
8595,L,1773830220,1773830400,5004.79,,0
8596,H,1773830400,1773830580,5007.22,,0
8597,L,1773831240,1773831420,4990.37,,0
8598,H,1773831540,1773831720,4996.16,,0
8599,L,1773831720,1773831900,4992.61,,0
8600,H,1773831780,1773831960,4996.86,,0
8601,L,1773832080,1773832260,4987.60,,0
8602,H,1773832560,1773832740,4995.69,,0
8603,L,1773833040,1773833220,4983.52,,0
8604,H,1773833700,1773833880,4991.99,,0
8605,L,1773834300,1773834480,4977.46,,0
8606,H,1773834480,1773834660,4990.29,,0
8607,L,1773834840,1773835020,4986.47,,0
8608,H,1773834900,1773835080,4988.90,,0
8609,L,1773835080,1773835260,4986.31,,0
8610,H,1773835500,1773835680,4990.97,,0
8611,L,1773836220,1773836400,4984.79,,0
8612,H,1773836460,1773836640,4994.43,,0
8613,H,1773836760,1773836940,4994.30,8612,0
8614,L,1773836940,1773837120,4990.21,,0
8615,H,1773837060,1773837240,4994.56,,0
8616,L,1773837300,1773837480,4992.86,,0
8617,H,1773837420,1773837600,4995.61,,0
8618,H,1773837780,1773837960,4993.77,8617,0
8619,L,1773838140,1773838320,4991.53,,0
8620,H,1773838260,1773838440,4995.16,,0
8621,L,1773838620,1773838800,4990.82,8622,0
8622,L,1773839100,1773839280,4987.23,,0
8623,H,1773839340,1773839520,4991.47,8624,0
8624,H,1773839580,1773839760,4991.60,,0
8625,L,1773839760,1773839940,4986.54,,0
8626,H,1773839940,1773840120,4990.07,8627,0
8627,H,1773840180,1773840360,4991.07,,0
8628,L,1773840540,1773840720,4980.83,,0
8629,H,1773840600,1773840780,4987.42,,0
8630,L,1773840900,1773841080,4960.16,,0
8631,H,1773841200,1773841380,4979.80,,0
8632,L,1773841380,1773841560,4973.57,,0
8633,H,1773841620,1773841800,4980.24,,0
8634,L,1773841800,1773841980,4972.30,8635,0
8635,L,1773842220,1773842400,4958.97,,0
8636,H,1773842400,1773842580,4969.81,,0
8637,L,1773842940,1773843120,4950.35,,0
8638,L,1773843540,1773843720,4968.71,8637,0
8639,H,1773843660,1773843840,4973.97,,0
8640,L,1773844200,1773844380,4946.23,,0
8641,H,1773844380,1773844560,4961.92,,0
8642,H,1773845160,1773845340,4944.88,8641,0
8643,L,1773845280,1773845460,4929.94,,0
8644,H,1773845520,1773845700,4939.95,,0
8645,L,1773846120,1773846300,4921.56,,0
8646,H,1773846300,1773846480,4932.44,,0
8647,L,1773847320,1773847500,4897.24,,0
8648,H,1773847440,1773847620,4908.28,,0
8649,L,1773847560,1773847740,4895.64,8650,0
8650,L,1773848280,1773848460,4878.63,,0
8651,H,1773848520,1773848700,4889.56,,0
8652,L,1773849000,1773849180,4870.86,,0
8653,H,1773849180,1773849360,4891.50,,0
8654,L,1773849660,1773849840,4853.09,,0
8655,L,1773849960,1773850140,4855.79,8654,0
8656,H,1773850140,1773850320,4867.62,,0
8657,L,1773850260,1773850440,4849.61,,0
8658,H,1773850380,1773850560,4865.49,,0
8659,L,1773850680,1773850860,4834.24,,0
8660,H,1773851160,1773851340,4865.86,,0
8661,L,1773851580,1773851760,4850.37,,0
8662,H,1773852120,1773852300,4885.41,,0
8663,L,1773852360,1773852540,4867.30,,0
8664,H,1773852420,1773852600,4879.36,,0
8665,L,1773852720,1773852900,4860.54,,0
8666,H,1773853140,1773853320,4880.45,,0
8667,L,1773853260,1773853440,4872.14,,0
8668,H,1773853740,1773853920,4894.58,,0
8669,L,1773854760,1773854940,4859.35,8670,0
8670,L,1773855120,1773855300,4856.69,,0
8671,H,1773855240,1773855420,4865.11,,0
8672,L,1773855420,1773855600,4856.69,,0
8673,H,1773855480,1773855660,4865.02,8674,0
8674,H,1773856080,1773856260,4870.98,,0
8675,L,1773856380,1773856560,4860.83,,0
8676,H,1773856860,1773857040,4875.36,,0
8677,L,1773856920,1773857100,4865.75,,0
8678,H,1773857340,1773857520,4878.16,,0
8679,L,1773857460,1773857640,4869.79,,0
8680,H,1773857820,1773858000,4879.96,,0
8681,L,1773858060,1773858240,4867.13,,0
8682,H,1773858240,1773858420,4874.50,,0
8683,L,1773858420,1773858600,4868.57,,0
8684,H,1773858540,1773858720,4873.79,,0
8685,L,1773858720,1773858900,4870.75,,0
8686,H,1773859020,1773859200,4875.32,,0
8687,H,1773859260,1773859440,4874.26,8686,0
8688,L,1773859560,1773859740,4861.15,,0
8689,L,1773860040,1773860220,4863.02,8688,0
8690,H,1773860160,1773860340,4866.36,,0
8691,L,1773860400,1773860580,4860.96,,0
8692,H,1773861240,1773861420,4879.30,,0
8693,L,1773861480,1773861660,4873.89,,0
8694,H,1773862140,1773862320,4883.00,,0
8695,L,1773862560,1773862740,4873.29,,0
8696,H,1773863100,1773863280,4885.05,,0
8697,L,1773863400,1773863580,4879.99,,0
8698,H,1773863760,1773863940,4890.29,,0
8699,L,1773864060,1773864240,4884.51,,0
8700,H,1773864300,1773864480,4890.02,,0
8701,L,1773864360,1773864540,4885.95,8702,0
8702,L,1773864660,1773864840,4883.88,,0
8703,H,1773865500,1773865680,4897.98,,0
8704,L,1773865920,1773866100,4887.25,,0
8705,H,1773866340,1773866520,4898.97,,0
8706,L,1773866580,1773866760,4890.09,,0
8707,H,1773866760,1773866940,4895.73,,0
8708,H,1773867120,1773867300,4893.60,8707,0
8709,L,1773867180,1773867360,4888.91,,0
8710,H,1773867360,1773867540,4892.69,8711,0
8711,H,1773867600,1773867780,4899.20,,0
8712,L,1773867960,1773868140,4880.97,,0
8713,L,1773868260,1773868440,4881.38,8712,0
8714,H,1773868380,1773868560,4889.77,,0
8715,L,1773868500,1773868680,4878.92,,0
8716,H,1773868620,1773868800,4889.59,,0
8717,L,1773869100,1773869280,4876.91,,0
8718,H,1773869400,1773869580,4887.91,,0
8719,L,1773869640,1773869820,4872.66,,0
8720,H,1773869820,1773870000,4887.33,,0
8721,L,1773869940,1773870120,4874.80,,0
8722,H,1773870180,1773870360,4882.96,,0
8723,L,1773871200,1773871380,4843.54,,0
8724,H,1773871560,1773871740,4858.77,,0
8725,L,1773871800,1773871980,4850.18,,0
8726,H,1773872160,1773872340,4865.21,,0
8727,L,1773872580,1773872760,4844.57,8728,0
8728,L,1773872820,1773873000,4843.91,,0
8729,H,1773873360,1773873540,4860.16,,0
8730,L,1773873660,1773873840,4846.25,8731,0
8731,L,1773874260,1773874440,4838.29,,0
8732,H,1773874500,1773874680,4845.85,,0
8733,L,1773874680,1773874860,4839.92,,0
8734,H,1773874800,1773874980,4848.57,,0
8735,L,1773875760,1773875940,4819.74,,0
8736,L,1773876000,1773876180,4819.83,8735,0
8737,H,1773876120,1773876300,4828.29,,0
8738,L,1773876660,1773876840,4806.93,,0
8739,H,1773876720,1773876900,4814.87,,0
8740,L,1773877620,1773877800,4818.18,,0
8741,H,1773877740,1773877920,4826.74,,0
8742,L,1773878040,1773878220,4816.80,,0
8743,H,1773882120,1773882300,4837.16,,0
8744,H,1773882420,1773882600,4831.88,8743,0
8745,L,1773883020,1773883200,4809.68,,0
8746,H,1773883200,1773883380,4821.48,,0
8747,L,1773883260,1773883440,4804.56,,0
8748,H,1773883620,1773883800,4825.66,,0
8749,L,1773883920,1773884100,4808.90,,0
8750,H,1773884220,1773884400,4829.35,8752,0
8751,H,1773884520,1773884700,4828.90,8750,0
8752,H,1773885060,1773885240,4838.94,,0
8753,L,1773885480,1773885660,4829.25,,0
8754,H,1773885840,1773886020,4836.91,,0
8755,L,1773886200,1773886380,4832.46,,0
8756,H,1773886440,1773886620,4836.70,,0
8757,L,1773886680,1773886860,4828.26,,0
8758,H,1773887340,1773887520,4840.84,,0
8759,L,1773887640,1773887820,4834.26,,0
8760,H,1773888060,1773888240,4842.56,,0
8761,L,1773888300,1773888480,4829.93,,0
8762,L,1773888660,1773888840,4830.10,8761,0
8763,H,1773889560,1773889740,4848.00,,0
8764,L,1773889860,1773890040,4836.59,,0
8765,H,1773889980,1773890160,4845.74,,0
8766,L,1773890340,1773890520,4838.75,,0
8767,H,1773890580,1773890760,4843.56,,0
8768,L,1773890820,1773891000,4836.93,,0
8769,H,1773891000,1773891180,4846.94,,0
8770,L,1773891120,1773891300,4839.62,,0
8771,H,1773891420,1773891600,4848.74,,0
8772,L,1773891960,1773892140,4837.77,,0
8773,H,1773892080,1773892260,4845.95,,0
8774,H,1773892320,1773892500,4844.45,8773,0
8775,L,1773892380,1773892560,4838.63,,0
8776,L,1773892620,1773892800,4839.32,8775,0
8777,H,1773892920,1773893100,4853.44,,0
8778,L,1773893220,1773893400,4832.95,,0
8779,H,1773893400,1773893580,4842.13,8780,0
8780,H,1773893640,1773893820,4842.20,,0
8781,L,1773894000,1773894180,4833.71,,0
8782,L,1773894240,1773894420,4834.55,8781,0
8783,H,1773894600,1773894780,4850.05,,0
8784,L,1773894780,1773894960,4842.90,,0
8785,H,1773895260,1773895440,4867.19,,0
8786,L,1773895860,1773896040,4851.74,,0
8787,H,1773896220,1773896400,4859.15,,0
8788,L,1773896760,1773896940,4841.75,,0
8789,L,1773897240,1773897420,4846.37,8788,0
8790,H,1773898140,1773898320,4858.23,,0
8791,L,1773898380,1773898560,4854.12,,0
8792,H,1773898620,1773898800,4860.19,,0
8793,L,1773898740,1773898920,4855.34,,0
8794,H,1773899100,1773899280,4861.67,,0
8795,L,1773899460,1773899640,4853.46,,0
8796,H,1773899700,1773899880,4861.98,,0
8797,L,1773899880,1773900060,4854.33,,0
8798,H,1773900060,1773900240,4861.71,,0
8799,L,1773900180,1773900360,4855.08,,0
8800,L,1773900420,1773900600,4855.23,8799,0
8801,H,1773900600,1773900780,4864.67,,0
8802,L,1773900780,1773900960,4861.17,,0
8803,H,1773901140,1773901320,4866.10,,0
8804,L,1773901500,1773901680,4856.72,,0
8805,H,1773901740,1773901920,4860.41,,0
8806,H,1773902100,1773902280,4855.89,8805,0
8807,L,1773902280,1773902460,4852.13,,0
8808,H,1773902460,1773902640,4857.47,,0
8809,H,1773902760,1773902940,4857.22,8808,0
8810,H,1773903780,1773903960,4851.52,8808,0
8811,L,1773903960,1773904140,4847.23,,0
8812,H,1773904440,1773904620,4851.78,,0
8813,L,1773904980,1773905160,4849.82,,0
8814,H,1773905220,1773905400,4853.63,,0
8815,L,1773905520,1773905700,4848.38,,0
8816,H,1773905760,1773905940,4852.80,,0
8817,H,1773906180,1773906360,4851.45,8816,0
8818,L,1773906420,1773906600,4845.76,,0
8819,H,1773907200,1773907380,4851.30,,0
8820,L,1773907320,1773907500,4847.07,,0
8821,H,1773907560,1773907740,4853.72,,0
8822,L,1773907860,1773908040,4846.68,,0
8823,H,1773908400,1773908580,4853.80,,0
8824,H,1773908700,1773908880,4851.26,8823,0
8825,L,1773909540,1773909720,4832.53,8826,0
8826,L,1773909900,1773910080,4829.33,,0
8827,H,1773910200,1773910380,4840.24,,0
8828,L,1773910560,1773910740,4827.04,,0
8829,L,1773910800,1773910980,4827.06,8828,0
8830,H,1773910860,1773911040,4842.20,,0
8831,L,1773911280,1773911460,4831.03,,0
8832,H,1773911520,1773911700,4835.86,,0
8833,L,1773912300,1773912480,4816.07,,0
8834,H,1773912420,1773912600,4823.68,,0
8835,L,1773913980,1773914160,4747.83,,0
8836,L,1773914640,1773914820,4762.71,8835,0
8837,H,1773915180,1773915360,4784.29,,0
8838,L,1773916020,1773916200,4756.93,,0
8839,H,1773916200,1773916380,4771.06,,0
8840,L,1773916320,1773916500,4757.23,,0
8841,H,1773916440,1773916620,4766.82,8842,0
8842,H,1773916740,1773916920,4771.62,,0
8843,L,1773917040,1773917220,4735.77,,0
8844,H,1773917340,1773917520,4752.70,,0
8845,L,1773917520,1773917700,4746.03,,0
8846,H,1773917640,1773917820,4755.01,,0
8847,L,1773918000,1773918180,4727.16,,0
8848,H,1773918180,1773918360,4740.32,,0
8849,L,1773918840,1773919020,4701.36,,0
8850,H,1773919200,1773919380,4736.54,,0
8851,L,1773920040,1773920220,4696.87,,0
8852,H,1773920280,1773920460,4720.49,,0
8853,L,1773920700,1773920880,4686.81,,0
8854,H,1773920880,1773921060,4719.65,,0
8855,H,1773921240,1773921420,4718.50,8854,0
8856,L,1773921420,1773921600,4703.37,,0
8857,H,1773921780,1773921960,4721.15,,0
8858,L,1773922440,1773922620,4687.74,,0
8859,H,1773922980,1773923160,4722.55,,0
8860,L,1773923160,1773923340,4702.49,,0
8861,H,1773923580,1773923760,4725.83,,0
8862,L,1773923880,1773924060,4709.96,,0
8863,H,1773924060,1773924240,4717.70,,0
8864,L,1773924180,1773924360,4702.72,,0
8865,H,1773924600,1773924780,4717.18,,0
8866,L,1773924660,1773924840,4697.82,,0
8867,H,1773925020,1773925200,4709.91,,0
8868,L,1773925140,1773925320,4696.17,,0
8869,H,1773925680,1773925860,4719.85,,0
8870,L,1773925860,1773926040,4699.30,8871,0
8871,L,1773926400,1773926580,4671.04,,0
8872,L,1773926700,1773926880,4679.03,8871,0
8873,H,1773926760,1773926940,4689.96,,0
8874,L,1773927060,1773927240,4674.13,,0
8875,H,1773927180,1773927360,4700.56,,0
8876,H,1773927600,1773927780,4692.38,8875,0
8877,L,1773927960,1773928140,4676.27,,0
8878,H,1773928260,1773928440,4689.04,,0
8879,L,1773928380,1773928560,4668.69,8880,0
8880,L,1773928620,1773928800,4666.63,,0
8881,H,1773928920,1773929100,4699.71,,0
8882,L,1773929280,1773929460,4683.85,,0
8883,H,1773929640,1773929820,4695.60,,0
8884,L,1773929760,1773929940,4676.61,,0
8885,H,1773930180,1773930360,4692.53,,0
8886,L,1773930360,1773930540,4679.15,,0
8887,H,1773930720,1773930900,4695.55,,0
8888,L,1773930960,1773931140,4671.99,,0
8889,H,1773931140,1773931320,4683.70,,0
8890,L,1773931320,1773931500,4658.22,8891,0
8891,L,1773931560,1773931740,4656.93,,0
8892,H,1773931680,1773931860,4667.99,,0
8893,L,1773931980,1773932160,4650.83,,0
8894,H,1773932220,1773932400,4659.99,,0
8895,L,1773932640,1773932820,4626.24,8896,0
8896,L,1773933240,1773933420,4610.15,,0
8897,H,1773933420,1773933600,4631.01,,0
8898,L,1773933900,1773934080,4602.95,,0
8899,H,1773934320,1773934500,4617.44,,0
8900,L,1773934440,1773934620,4599.58,,0
8901,H,1773934680,1773934860,4617.69,,0
8902,L,1773935280,1773935460,4531.56,,0
8903,H,1773935880,1773936060,4585.59,,0
8904,L,1773936120,1773936300,4502.56,,0
8905,H,1773936480,1773936660,4565.83,,0
8906,L,1773936660,1773936840,4524.63,8907,0
8907,L,1773936900,1773937080,4523.33,,0
8908,H,1773937200,1773937380,4577.39,,0
8909,L,1773937500,1773937680,4553.78,,0
8910,H,1773938040,1773938220,4582.87,,0
8911,L,1773938400,1773938580,4546.40,,0
8912,H,1773938640,1773938820,4570.09,,0
8913,L,1773938820,1773939000,4538.88,,0
8914,H,1773939720,1773939900,4643.34,,0
8915,L,1773940140,1773940320,4619.02,,0
8916,H,1773940320,1773940500,4649.09,,0
8917,H,1773941100,1773941280,4616.42,8916,0
8918,L,1773941460,1773941640,4581.14,,0
8919,H,1773941940,1773942120,4621.16,,1
8920,L,1773941940,1773942120,4607.99,,1
8921,H,1773942240,1773942420,4622.25,,0
8922,L,1773942420,1773942600,4602.91,,0
8923,H,1773942720,1773942900,4628.01,,0
8924,L,1773943320,1773943500,4593.39,,0
8925,H,1773943560,1773943740,4638.60,,0
8926,L,1773943860,1773944040,4610.46,,0
8927,H,1773944100,1773944280,4629.31,,0
8928,L,1773944280,1773944460,4603.62,,0
8929,H,1773944400,1773944580,4614.80,,0
8930,L,1773945300,1773945480,4570.66,,0
8931,H,1773945600,1773945780,4582.07,,0
8932,L,1773946020,1773946200,4566.23,,0
8933,H,1773946620,1773946800,4611.27,,0
8934,L,1773946800,1773946980,4592.91,,0
8935,H,1773947280,1773947460,4626.44,,0
8936,L,1773947820,1773948000,4593.91,,0
8937,H,1773948120,1773948300,4617.08,,0
8938,L,1773948960,1773949140,4584.05,,0
8939,H,1773949320,1773949500,4608.39,,0
8940,L,1773949920,1773950100,4576.80,,0
8941,H,1773950220,1773950400,4592.07,,0
8942,L,1773950460,1773950640,4581.57,,0
8943,H,1773950700,1773950880,4596.22,,0
8944,L,1773951000,1773951180,4573.86,,0
8945,H,1773951120,1773951300,4585.13,,0
8946,L,1773951300,1773951480,4574.15,,0
8947,H,1773952020,1773952200,4613.58,,0
8948,L,1773952080,1773952260,4599.36,,0
8949,H,1773952320,1773952500,4618.62,,0
8950,L,1773952560,1773952740,4599.75,,0
8951,L,1773952980,1773953160,4602.66,8950,0
8952,H,1773953160,1773953340,4613.19,8953,0
8953,H,1773953580,1773953760,4629.76,,0
8954,H,1773954120,1773954300,4619.02,8953,0
8955,L,1773954180,1773954360,4604.65,8956,0
8956,L,1773954420,1773954600,4601.19,,0
8957,H,1773955020,1773955200,4617.48,,0
8958,H,1773955320,1773955500,4611.73,8957,0
8959,L,1773955380,1773955560,4604.52,,0
8960,H,1773955680,1773955860,4614.63,,0
8961,L,1773956220,1773956400,4596.18,,0
8962,H,1773956760,1773956940,4614.39,,0
8963,L,1773957060,1773957240,4604.40,,0
8964,H,1773957720,1773957900,4648.51,,0
8965,L,1773957840,1773958020,4629.98,,0
8966,L,1773958200,1773958380,4642.00,8965,0
8967,H,1773958320,1773958500,4663.24,,0
8968,H,1773958620,1773958800,4661.69,8967,0
8969,L,1773959160,1773959340,4632.95,,0
8970,H,1773959400,1773959580,4647.51,8971,0
8971,H,1773959640,1773959820,4649.18,,0
8972,L,1773959760,1773959940,4632.79,8973,0
8973,L,1773960600,1773960780,4631.83,,0
8974,L,1773961200,1773961380,4642.82,8973,0
8975,H,1773961980,1773962160,4658.25,,0
8976,L,1773962160,1773962340,4650.07,,0
8977,H,1773962280,1773962460,4658.82,8978,0
8978,H,1773962520,1773962700,4660.63,,0
8979,L,1773962820,1773963000,4655.72,,0
8980,H,1773962880,1773963060,4660.30,,0
8981,L,1773963120,1773963300,4654.76,8982,0
8982,L,1773963360,1773963540,4654.55,,0
8983,H,1773963480,1773963660,4659.54,,0
8984,H,1773963720,1773963900,4658.81,8983,0
8985,L,1773963900,1773964080,4651.67,,0
8986,H,1773964260,1773964440,4661.95,,0
8987,L,1773968520,1773968700,4650.65,,0
8988,L,1773969060,1773969240,4663.77,8987,0
8989,H,1773969300,1773969480,4677.06,,0
8990,L,1773969840,1773970020,4660.34,,0
8991,H,1773970080,1773970260,4670.53,,0
8992,L,1773970440,1773970620,4649.39,,0
8993,H,1773970680,1773970860,4658.50,,0
8994,L,1773971100,1773971280,4644.64,,0
8995,H,1773971280,1773971460,4650.21,,0
8996,L,1773971520,1773971700,4640.78,,0
8997,H,1773971700,1773971880,4649.43,,0
8998,L,1773971940,1773972120,4636.19,,0
8999,H,1773972060,1773972240,4647.75,,0
9000,L,1773972240,1773972420,4641.98,,0
9001,H,1773972480,1773972660,4644.71,,0
9002,L,1773972900,1773973080,4638.32,,0
9003,H,1773973200,1773973380,4646.93,,0
9004,L,1773973440,1773973620,4640.20,,0
9005,H,1773973980,1773974160,4647.85,,0
9006,L,1773974100,1773974280,4637.00,,0
9007,H,1773974340,1773974520,4640.64,,0
9008,L,1773974400,1773974580,4634.22,,0
9009,L,1773974700,1773974880,4635.32,9008,0
9010,H,1773975360,1773975540,4646.77,,0
9011,L,1773975480,1773975660,4641.69,,0
9012,L,1773975960,1773976140,4649.84,9011,0
9013,L,1773976380,1773976560,4654.49,9011,0
9014,H,1773976680,1773976860,4665.03,,0
9015,L,1773977040,1773977220,4642.15,,0
9016,H,1773977400,1773977580,4651.60,,0
9017,L,1773977460,1773977640,4644.59,,0
9018,L,1773977820,1773978000,4646.41,9017,0
9019,H,1773978060,1773978240,4656.54,,0
9020,L,1773978420,1773978600,4654.70,,0
9021,H,1773978480,1773978660,4659.20,9022,0
9022,H,1773978840,1773979020,4660.56,,0
9023,L,1773979200,1773979380,4639.18,,0
9024,H,1773979620,1773979800,4680.05,,0
9025,L,1773980340,1773980520,4648.48,,0
9026,H,1773980520,1773980700,4656.10,9027,0
9027,H,1773981360,1773981540,4678.11,,0
9028,L,1773981480,1773981660,4671.88,,0
9029,H,1773981960,1773982140,4699.45,,0
9030,L,1773982680,1773982860,4672.45,,0
9031,H,1773982860,1773983040,4683.06,,0
9032,L,1773983100,1773983280,4670.35,,0
9033,H,1773983400,1773983580,4688.90,9034,0
9034,H,1773983640,1773983820,4689.36,,0
9035,L,1773983760,1773983940,4684.36,,0
9036,H,1773983880,1773984060,4690.04,,0
9037,L,1773984360,1773984540,4680.78,,0
9038,H,1773984480,1773984660,4686.03,,0
9039,L,1773984660,1773984840,4679.48,,0
9040,H,1773984900,1773985080,4691.43,,0
9041,L,1773985080,1773985260,4679.25,,0
9042,H,1773985380,1773985560,4686.74,9043,0
9043,H,1773985800,1773985980,4703.63,,0
9044,L,1773986040,1773986220,4694.19,,0
9045,H,1773986220,1773986400,4701.47,,0
9046,L,1773986520,1773986700,4693.24,,0
9047,H,1773987060,1773987240,4723.35,,0
9048,L,1773987240,1773987420,4714.50,,0
9049,H,1773987540,1773987720,4735.32,,0
9050,L,1773987720,1773987900,4728.10,,0
9051,H,1773988020,1773988200,4735.72,,1
9052,L,1773988020,1773988200,4729.86,9053,1
9053,L,1773988320,1773988500,4728.03,,0
9054,H,1773988440,1773988620,4735.09,,0
9055,L,1773988740,1773988920,4728.04,,0
9056,H,1773988860,1773989040,4734.73,,0
9057,L,1773989460,1773989640,4721.79,,0
9058,H,1773989760,1773989940,4728.12,,0
9059,H,1773990120,1773990300,4727.58,9058,0
9060,L,1773990540,1773990720,4717.48,9061,0
9061,L,1773990840,1773991020,4716.70,,0
9062,H,1773990960,1773991140,4722.24,,0
9063,L,1773991200,1773991380,4718.46,,0
9064,H,1773991860,1773992040,4726.06,9065,0
9065,H,1773992400,1773992580,4726.87,,0
9066,H,1773993240,1773993420,4722.82,9065,0
9067,L,1773994020,1773994200,4710.52,,0
9068,H,1773994560,1773994740,4722.35,,0
9069,L,1773994740,1773994920,4717.29,,0
9070,H,1773995040,1773995220,4723.56,,0
9071,L,1773995700,1773995880,4701.95,,0
9072,H,1773996000,1773996180,4717.41,,0
9073,L,1773996540,1773996720,4697.78,,0
9074,H,1773996600,1773996780,4706.95,,0
9075,L,1773997140,1773997320,4685.73,,0
9076,H,1773997440,1773997620,4701.04,,0
9077,L,1773997860,1773998040,4684.91,,0
9078,H,1773998160,1773998340,4695.75,,0
9079,L,1773998220,1773998400,4686.64,9080,0
9080,L,1773998460,1773998640,4684.07,,0
9081,H,1773998520,1773998700,4693.20,,0
9082,H,1773999000,1773999180,4689.56,9081,0
9083,H,1773999240,1773999420,4685.94,9081,0
9084,L,1773999720,1773999900,4661.32,,0
9085,H,1773999960,1774000140,4675.63,,0
9086,L,1774000080,1774000260,4662.43,,0
9087,H,1774000380,1774000560,4672.60,,0
9088,L,1774000620,1774000800,4665.48,,0
9089,H,1774000980,1774001160,4678.06,,0
9090,L,1774001100,1774001280,4670.85,,0
9091,H,1774001340,1774001520,4684.06,,0
9092,L,1774001520,1774001700,4675.72,,0
9093,H,1774001700,1774001880,4682.09,,0
9094,L,1774001820,1774002000,4676.33,,0
9095,H,1774002600,1774002780,4689.14,,0
9096,L,1774002720,1774002900,4685.22,,0
9097,H,1774003560,1774003740,4699.84,,0
9098,L,1774003920,1774004100,4696.06,,0
9099,H,1774004280,1774004460,4707.89,,0
9100,L,1774004460,1774004640,4701.91,,0
9101,H,1774005660,1774005840,4732.26,9102,0
9102,H,1774005960,1774006140,4734.73,,0
9103,L,1774006380,1774006560,4701.05,9104,0
9104,L,1774006740,1774006920,4699.40,,0
9105,H,1774007040,1774007220,4709.46,,0
9106,L,1774007220,1774007400,4692.02,,0
9107,H,1774007460,1774007640,4699.47,,0
9108,L,1774007760,1774007940,4684.79,,0
9109,H,1774008000,1774008180,4696.49,,0
9110,L,1774008300,1774008480,4684.27,,0
9111,H,1774008720,1774008900,4700.43,,0
9112,L,1774009320,1774009500,4684.26,,0
9113,H,1774009740,1774009920,4693.12,,0
9114,L,1774010100,1774010280,4677.06,,0
9115,H,1774010280,1774010460,4683.66,,0
9116,L,1774010820,1774011000,4665.75,,0
9117,H,1774011000,1774011180,4677.40,,0
9118,H,1774011600,1774011780,4670.07,9117,0
9119,L,1774011840,1774012020,4652.13,,0
9120,H,1774011960,1774012140,4667.73,,0
9121,L,1774012260,1774012440,4650.26,,0
9122,H,1774012500,1774012680,4666.67,,0
9123,L,1774012860,1774013040,4646.09,,0
9124,H,1774013100,1774013280,4660.62,9125,0
9125,H,1774013400,1774013580,4661.57,,0
9126,L,1774013640,1774013820,4649.43,,0
9127,H,1774014000,1774014180,4669.83,,0
9128,L,1774014660,1774014840,4645.14,,0
9129,H,1774014780,1774014960,4656.07,,0
9130,L,1774014960,1774015140,4638.16,9131,0
9131,L,1774015260,1774015440,4637.12,,0
9132,H,1774015740,1774015920,4664.83,,0
9133,L,1774015860,1774016040,4655.26,,0
9134,H,1774016040,1774016220,4666.43,,0
9135,L,1774016160,1774016340,4658.66,,0
9136,H,1774016400,1774016580,4668.48,,0
9137,L,1774016880,1774017060,4659.21,,0
9138,H,1774017060,1774017240,4670.89,,0
9139,L,1774017540,1774017720,4661.51,,0
9140,H,1774017720,1774017900,4674.25,,0
9141,L,1774018320,1774018500,4657.71,,0
9142,H,1774018860,1774019040,4682.89,9143,0
9143,H,1774019460,1774019640,4695.57,,0
9144,L,1774019820,1774020000,4678.60,,0
9145,H,1774020000,1774020180,4692.22,,0
9146,L,1774020780,1774020960,4670.14,,0
9147,H,1774021080,1774021260,4677.85,,0
9148,L,1774021380,1774021560,4661.97,,0
9149,H,1774021560,1774021740,4675.34,,0
9150,L,1774021740,1774021920,4665.87,,0
9151,H,1774021920,1774022100,4681.75,,0
9152,H,1774022340,1774022520,4680.57,9151,0
9153,L,1774023060,1774023240,4653.68,,0
9154,L,1774023420,1774023600,4655.65,9153,0
9155,H,1774023660,1774023840,4670.31,,0
9156,H,1774024200,1774024380,4665.90,9155,0
9157,L,1774024500,1774024680,4636.63,,0
9158,H,1774024620,1774024800,4660.43,,0
9159,L,1774024860,1774025040,4647.07,,0
9160,H,1774024980,1774025160,4665.40,,0
9161,L,1774026000,1774026180,4608.28,,0
9162,H,1774026420,1774026600,4622.49,,0
9163,L,1774027140,1774027320,4562.79,,0
9164,H,1774027260,1774027440,4579.60,,0
9165,L,1774027680,1774027860,4551.43,,0
9166,H,1774028160,1774028340,4585.39,,0
9167,L,1774028580,1774028760,4570.44,,0
9168,H,1774028760,1774028940,4582.44,,0
9169,L,1774028880,1774029060,4562.90,,0
9170,H,1774029180,1774029360,4571.20,,0
9171,L,1774029300,1774029480,4548.06,,0
9172,H,1774029720,1774029900,4580.28,,0
9173,L,1774029840,1774030020,4565.07,9174,0
9174,L,1774030080,1774030260,4560.27,,0
9175,H,1774030380,1774030560,4578.54,,0
9176,L,1774030560,1774030740,4558.37,9177,0
9177,L,1774030800,1774030980,4557.76,,0
9178,H,1774030980,1774031160,4575.04,,0
9179,L,1774031160,1774031340,4540.69,,0
9180,H,1774031580,1774031760,4575.79,,0
9181,L,1774031760,1774031940,4560.25,,0
9182,H,1774031940,1774032120,4567.32,,0
9183,L,1774032060,1774032240,4556.86,,0
9184,H,1774032180,1774032360,4566.41,,0
9185,L,1774032540,1774032720,4544.24,,0
9186,H,1774032720,1774032900,4560.24,,0
9187,L,1774033080,1774033260,4551.72,,0
9188,H,1774033560,1774033740,4580.72,,0
9189,L,1774033800,1774033980,4568.91,,0
9190,H,1774034460,1774034640,4613.82,,0
9191,L,1774035060,1774035240,4570.57,,0
9192,H,1774035540,1774035720,4592.59,,0
9193,L,1774036080,1774036260,4568.35,,0
9194,H,1774036560,1774036740,4588.42,,0
9195,L,1774036860,1774037040,4580.43,,0
9196,H,1774036980,1774037160,4591.76,,0
9197,L,1774037100,1774037280,4573.30,,0
9198,H,1774037280,1774037460,4600.39,,0
9199,L,1774037820,1774038000,4573.29,,0
9200,H,1774038180,1774038360,4579.77,,0
9201,L,1774038240,1774038420,4568.72,9202,0
9202,L,1774038960,1774039140,4554.35,,0
9203,H,1774039500,1774039680,4568.97,,0
9204,L,1774039800,1774039980,4562.91,,0
9205,H,1774040100,1774040280,4577.19,,0
9206,L,1774040340,1774040520,4571.43,,0
9207,H,1774040400,1774040580,4578.42,,0
9208,L,1774040700,1774040880,4569.82,9209,0
9209,L,1774041000,1774041180,4561.16,,0
9210,H,1774041180,1774041360,4575.16,,0
9211,H,1774041600,1774041780,4568.31,9210,0
9212,L,1774041720,1774041900,4536.90,,0
9213,H,1774042080,1774042260,4558.40,,0
9214,L,1774042320,1774042500,4544.34,9215,0
9215,L,1774042680,1774042860,4538.36,,0
9216,H,1774042800,1774042980,4546.17,,0
9217,L,1774043400,1774043580,4501.01,9218,0
9218,L,1774043820,1774044000,4477.30,,0
9219,H,1774044120,1774044300,4516.26,,0
9220,L,1774044360,1774044540,4485.65,,0
9221,H,1774044600,1774044780,4504.23,,0
9222,L,1774044720,1774044900,4487.53,,0
9223,H,1774044900,1774045080,4507.80,,0
9224,L,1774045020,1774045200,4493.14,9225,0
9225,L,1774045500,1774045680,4485.46,,0
9226,H,1774045980,1774046160,4509.66,,0
9227,L,1774046100,1774046280,4492.21,,0
9228,H,1774046400,1774046580,4510.43,9229,0
9229,H,1774046640,1774046820,4516.60,,0
9230,L,1774047000,1774047180,4505.92,,0
9231,H,1774047240,1774047420,4515.84,,0
9232,L,1774047600,1774047780,4496.90,,0
9233,H,1774047780,1774047960,4507.25,,0
9234,L,1774047960,1774048140,4493.74,,0
9235,L,1774048560,1774048740,4500.75,9234,0
9236,H,1774048860,1774049040,4514.64,,0
9237,L,1774049400,1774049580,4500.34,,0
9238,H,1774049580,1774049760,4504.62,,0
9239,L,1774049760,1774049940,4497.54,,0
9240,H,1774050000,1774050180,4504.53,,0
9241,L,1774050120,1774050300,4496.95,,0
9242,H,1774050300,1774050480,4503.72,,0
9243,L,1774050540,1774050720,4494.55,,0
9244,H,1774050720,1774050900,4504.34,,0
9245,L,1774227780,1774227960,4449.44,,0
9246,H,1774228020,1774228200,4515.19,,0
9247,L,1774228320,1774228500,4490.45,,0
9248,H,1774229040,1774229220,4532.19,9249,0
9249,H,1774229280,1774229460,4536.21,,0
9250,L,1774229760,1774229940,4504.97,,0
9251,H,1774229940,1774230120,4516.96,,0
9252,H,1774230300,1774230480,4515.45,9251,0
9253,L,1774230420,1774230600,4504.61,,0
9254,H,1774230720,1774230900,4511.17,,0
9255,L,1774231080,1774231260,4489.96,,0
9256,H,1774231320,1774231500,4510.74,,0
9257,L,1774231620,1774231800,4487.86,,0
9258,H,1774231800,1774231980,4499.55,,0
9259,L,1774231920,1774232100,4485.42,,0
9260,H,1774232160,1774232340,4499.89,,0
9261,L,1774232460,1774232640,4485.20,9262,0
9262,L,1774232760,1774232940,4482.63,,0
9263,H,1774232880,1774233060,4492.14,,0
9264,L,1774233000,1774233180,4481.01,,0
9265,H,1774233120,1774233300,4488.50,,0
9266,L,1774233360,1774233540,4472.49,,0
9267,H,1774233900,1774234080,4493.58,,0
9268,L,1774234080,1774234260,4459.58,,0
9269,H,1774234320,1774234500,4470.57,,0
9270,L,1774234440,1774234620,4452.28,,0
9271,H,1774234800,1774234980,4473.25,,0
9272,H,1774235280,1774235460,4453.07,9271,0
9273,L,1774235700,1774235880,4404.59,,0
9274,H,1774236300,1774236480,4445.20,,0
9275,H,1774236660,1774236840,4436.77,9274,0
9276,L,1774237080,1774237260,4329.98,,0
9277,H,1774237500,1774237680,4367.35,,0
9278,L,1774237680,1774237860,4344.64,,0
9279,H,1774237860,1774238040,4360.60,,0
9280,L,1774237920,1774238100,4319.92,,0
9281,H,1774238280,1774238460,4371.26,,0
9282,L,1774238400,1774238580,4330.47,,0
9283,H,1774239480,1774239660,4436.68,9284,0
9284,H,1774239780,1774239960,4443.68,,0
9285,L,1774239960,1774240140,4420.49,9286,0
9286,L,1774240200,1774240380,4417.10,,0
9287,H,1774240380,1774240560,4454.22,,0
9288,L,1774240560,1774240740,4432.65,,0
9289,H,1774240680,1774240860,4449.63,,0
9290,L,1774241940,1774242120,4381.14,,0
9291,H,1774242300,1774242480,4421.99,,0
9292,L,1774242780,1774242960,4390.08,,0
9293,H,1774242960,1774243140,4417.03,,0
9294,H,1774243260,1774243440,4413.99,9293,0
9295,H,1774243560,1774243740,4414.20,9293,0
9296,H,1774244160,1774244340,4391.69,9293,0
9297,L,1774244400,1774244580,4369.61,,0
9298,H,1774244640,1774244820,4385.53,,0
9299,L,1774244760,1774244940,4369.84,,0
9300,H,1774245000,1774245180,4379.97,,0
9301,L,1774245240,1774245420,4354.89,,0
9302,H,1774245720,1774245900,4377.88,,0
9303,L,1774246320,1774246500,4347.85,,0
9304,L,1774246800,1774246980,4352.28,9303,0
9305,H,1774246860,1774247040,4365.26,,0
9306,L,1774247160,1774247340,4347.04,,0
9307,H,1774247460,1774247640,4364.69,,0
9308,L,1774248120,1774248300,4335.02,,0
9309,H,1774248720,1774248900,4360.35,,0
9310,L,1774249080,1774249260,4348.46,,0
9311,H,1774249260,1774249440,4370.13,9312,0
9312,H,1774249620,1774249800,4370.47,,0
9313,L,1774250100,1774250280,4361.38,,0
9314,H,1774250220,1774250400,4370.30,,0
9315,L,1774250520,1774250700,4366.10,,0
9316,H,1774250820,1774251000,4370.57,,0
9317,L,1774251240,1774251420,4360.37,,0
9318,H,1774251360,1774251540,4381.91,,0
9319,H,1774251840,1774252020,4377.85,9318,0
9320,L,1774252440,1774252620,4350.05,,0
9321,H,1774252920,1774253100,4380.14,,0
9322,L,1774253100,1774253280,4371.54,,0
9323,H,1774253220,1774253400,4379.31,,0
9324,H,1774254480,1774254660,4359.22,9323,0
9325,L,1774254780,1774254960,4321.54,,0
9326,H,1774255080,1774255260,4340.27,,0
9327,L,1774255260,1774255440,4320.25,,0
9328,H,1774255320,1774255500,4329.14,,0
9329,L,1774255500,1774255680,4319.48,,0
9330,H,1774255740,1774255920,4326.49,,0
9331,L,1774256100,1774256280,4302.40,,0
9332,H,1774256220,1774256400,4322.01,,0
9333,L,1774256820,1774257000,4270.47,,0
9334,L,1774257060,1774257240,4271.83,9333,0
9335,H,1774257300,1774257480,4310.02,,0
9336,L,1774257720,1774257900,4271.78,,0
9337,H,1774257900,1774258080,4282.90,,0
9338,L,1774258620,1774258800,4215.80,,0
9339,H,1774258800,1774258980,4243.75,,0
9340,L,1774259220,1774259400,4163.23,,0
9341,H,1774259520,1774259700,4230.06,,0
9342,L,1774259700,1774259880,4211.57,9343,0
9343,L,1774260480,1774260660,4132.18,,0
9344,H,1774260600,1774260780,4171.06,,0
9345,H,1774261020,1774261200,4159.30,9344,0
9346,L,1774261320,1774261500,4098.83,,0
9347,H,1774261440,1774261620,4145.83,,0
9348,L,1774262400,1774262580,4172.11,,0
9349,H,1774262880,1774263060,4232.55,,0
9350,L,1774263180,1774263360,4189.06,9351,0
9351,L,1774263480,1774263660,4186.32,,0
9352,L,1774264260,1774264440,4224.40,9351,0
9353,H,1774264500,1774264680,4256.07,,0
9354,L,1774264800,1774264980,4211.40,,0
9355,H,1774264980,1774265160,4229.08,,0
9356,L,1774265160,1774265340,4212.81,,0
9357,H,1774265700,1774265880,4270.54,,0
9358,L,1774265940,1774266120,4234.29,,0
9359,H,1774266300,1774266480,4269.56,,0
9360,L,1774266660,1774266840,4226.10,9361,0
9361,L,1774266960,1774267140,4219.66,,0
9362,H,1774267200,1774267380,4259.91,,0
9363,H,1774267440,1774267620,4257.52,9362,0
9364,L,1774267740,1774267920,4250.39,,0
9365,H,1774268160,1774268340,4291.44,9366,0
9366,H,1774268580,1774268760,4301.06,,0
9367,L,1774268640,1774268820,4286.42,,0
9368,H,1774269000,1774269180,4308.30,,0
9369,L,1774269900,1774270080,4223.78,,0
9370,H,1774270140,1774270320,4245.79,9371,0
9371,H,1774270380,1774270560,4248.64,,0
9372,L,1774270440,1774270620,4235.63,,0
9373,L,1774270980,1774271160,4243.68,9372,0
9374,H,1774271520,1774271700,4272.33,,0
9375,L,1774271640,1774271820,4255.49,,0
9376,H,1774271880,1774272060,4274.61,,0
9377,L,1774272060,1774272240,4256.26,,0
9378,H,1774272240,1774272420,4274.67,,0
9379,H,1774272960,1774273140,4268.62,9378,0
9380,L,1774273140,1774273320,4241.12,,0
9381,H,1774273380,1774273560,4262.12,,0
9382,L,1774273560,1774273740,4249.78,,0
9383,H,1774273800,1774273980,4281.77,,0
9384,L,1774274160,1774274340,4250.99,,0
9385,L,1774274640,1774274820,4279.12,9384,0
9386,H,1774275060,1774275240,4462.45,,0
9387,H,1774275300,1774275480,4460.08,9386,0
9388,L,1774275720,1774275900,4355.76,,0
9389,H,1774275960,1774276140,4403.45,,0
9390,L,1774276080,1774276260,4372.62,,0
9391,H,1774276560,1774276740,4432.24,,0
9392,L,1774276800,1774276980,4383.66,,0
9393,H,1774277100,1774277280,4417.05,,0
9394,L,1774277280,1774277460,4375.54,,0
9395,L,1774277520,1774277700,4378.55,9394,0
9396,H,1774277640,1774277820,4414.85,,0
9397,H,1774278000,1774278180,4380.60,9396,0
9398,L,1774278420,1774278600,4336.85,,0
9399,H,1774278600,1774278780,4375.33,,0
9400,L,1774278840,1774279020,4350.63,,0
9401,H,1774279260,1774279440,4404.96,,0
9402,H,1774279680,1774279860,4400.56,9401,0
9403,L,1774279800,1774279980,4374.46,,0
9404,H,1774280220,1774280400,4416.14,,0
9405,L,1774280280,1774280460,4401.04,,0
9406,H,1774281120,1774281300,4482.18,,0
9407,L,1774281300,1774281480,4464.13,,0
9408,H,1774281540,1774281720,4492.57,,0
9409,L,1774282020,1774282200,4431.53,,0
9410,H,1774282320,1774282500,4460.00,,0
9411,L,1774283400,1774283580,4402.08,,0
9412,H,1774283820,1774284000,4440.60,9413,0
9413,H,1774284060,1774284240,4450.04,,0
9414,L,1774284300,1774284480,4419.84,,0
9415,H,1774284780,1774284960,4466.59,,0
9416,L,1774285020,1774285200,4438.47,,0
9417,H,1774285380,1774285560,4479.24,,0
9418,L,1774285620,1774285800,4454.13,,0
9419,H,1774285680,1774285860,4470.72,,0
9420,L,1774285860,1774286040,4453.46,,0
9421,H,1774286760,1774286940,4512.86,,0
9422,L,1774287000,1774287180,4474.18,,0
9423,H,1774287180,1774287360,4504.29,,0
9424,L,1774287600,1774287780,4470.46,,0
9425,H,1774287780,1774287960,4486.76,,0
9426,L,1774287900,1774288080,4468.53,,0
9427,H,1774288020,1774288200,4486.06,,0
9428,L,1774288200,1774288380,4456.84,9429,0
9429,L,1774288800,1774288980,4455.09,,0
9430,H,1774289160,1774289340,4487.00,,0
9431,L,1774289880,1774290060,4427.75,,0
9432,H,1774290240,1774290420,4459.52,,0
9433,L,1774290540,1774290720,4440.50,,0
9434,H,1774290660,1774290840,4455.96,,0
9435,L,1774291620,1774291800,4395.42,,0
9436,H,1774291800,1774291980,4406.49,,0
9437,L,1774292340,1774292520,4351.31,,0
9438,H,1774292520,1774292700,4380.23,,0
9439,L,1774292760,1774292940,4353.02,,0
9440,L,1774293000,1774293180,4366.72,9439,0
9441,H,1774293180,1774293360,4390.11,,0
9442,L,1774293660,1774293840,4360.82,,0
9443,H,1774293780,1774293960,4381.22,,0
9444,L,1774293900,1774294080,4355.19,9445,0
9445,L,1774294140,1774294320,4352.66,,0
9446,H,1774294620,1774294800,4387.87,,0
9447,L,1774294920,1774295100,4372.50,,0
9448,H,1774295160,1774295340,4391.33,,0
9449,L,1774295340,1774295520,4373.60,,0
9450,H,1774295400,1774295580,4391.63,,0
9451,H,1774295640,1774295820,4391.48,9450,0
9452,L,1774295940,1774296120,4371.48,,0
9453,H,1774296120,1774296300,4386.79,,0
9454,L,1774296300,1774296480,4371.07,,0
9455,H,1774296540,1774296720,4402.58,9456,0
9456,H,1774296780,1774296960,4405.46,,0
9457,L,1774297200,1774297380,4388.54,,0
9458,H,1774297620,1774297800,4413.66,9459,0
9459,H,1774298160,1774298340,4438.81,,0
9460,L,1774298940,1774299120,4404.65,,0
9461,H,1774299480,1774299660,4429.80,,0
9462,L,1774299720,1774299900,4418.06,,0
9463,H,1774299900,1774300080,4429.06,,0
9464,L,1774300020,1774300200,4402.72,,0
9465,H,1774300440,1774300620,4429.12,,0
9466,L,1774300620,1774300800,4409.84,,0
9467,L,1774300920,1774301100,4410.20,9466,0
9468,L,1774301340,1774301520,4421.16,9466,0
9469,H,1774302240,1774302420,4462.01,,0
9470,L,1774302360,1774302540,4456.91,,0
9471,H,1774302540,1774302720,4467.01,,0
9472,L,1774302840,1774303020,4446.41,9473,0
9473,L,1774304160,1774304340,4396.54,9474,0
9474,L,1774304400,1774304580,4393.08,,0
9475,H,1774305000,1774305180,4415.39,,0
9476,L,1774305120,1774305300,4403.14,,0
9477,H,1774305240,1774305420,4413.88,,0
9478,H,1774305480,1774305660,4413.79,9477,0
9479,L,1774305660,1774305840,4402.44,,0
9480,H,1774306020,1774306200,4427.59,,0
9481,L,1774306260,1774306440,4403.63,9482,0
9482,L,1774306980,1774307160,4382.96,,0
9483,H,1774307760,1774307940,4412.99,,0
9484,L,1774307940,1774308120,4404.16,,0
9485,H,1774308360,1774308540,4409.51,,0
9486,L,1774308660,1774308840,4401.22,,0
9487,H,1774308840,1774309020,4404.81,,0
9488,L,1774308960,1774309140,4396.10,,0
9489,L,1774309260,1774309440,4401.00,9488,0
9490,H,1774309560,1774309740,4412.97,9491,0
9491,H,1774309800,1774309980,4412.99,,0
9492,L,1774310160,1774314060,4405.31,,0
9493,H,1774314060,1774314240,4420.33,,0
9494,L,1774314360,1774314540,4361.70,,0
9495,H,1774314480,1774314660,4386.16,9496,0
9496,H,1774314780,1774314960,4402.91,9497,0
9497,H,1774315380,1774315560,4408.45,9498,0
9498,H,1774315800,1774315980,4415.60,,0
9499,L,1774315980,1774316160,4398.48,,0
9500,H,1774316280,1774316460,4416.80,,0
9501,L,1774316460,1774316640,4405.72,,0
9502,L,1774316820,1774317000,4406.45,9501,0
9503,H,1774317240,1774317420,4431.39,,0
9504,L,1774317360,1774317540,4421.14,,0
9505,H,1774317600,1774317780,4429.63,,1
9506,L,1774317600,1774317780,4423.58,,1
9507,H,1774318020,1774318200,4437.47,,0
9508,L,1774318260,1774318440,4430.08,,0
9509,H,1774318680,1774318860,4444.56,,0
9510,L,1774318800,1774318980,4433.63,,0
9511,H,1774319220,1774319400,4448.33,,0
9512,L,1774319400,1774319580,4437.73,,0
9513,H,1774319640,1774319820,4444.35,,0
9514,L,1774320000,1774320180,4421.84,,0
9515,L,1774320300,1774320480,4422.28,9514,0
9516,H,1774320840,1774321020,4446.20,,0
9517,L,1774320960,1774321140,4435.02,,0
9518,H,1774321200,1774321380,4446.63,,0
9519,L,1774321440,1774321620,4427.50,,0
9520,H,1774321860,1774322040,4436.35,,0
9521,L,1774322280,1774322460,4401.66,9522,0
9522,L,1774322880,1774323060,4368.64,,0
9523,H,1774323120,1774323300,4387.37,,0
9524,L,1774323240,1774323420,4356.04,,0
9525,H,1774323360,1774323540,4377.01,,0
9526,L,1774323600,1774323780,4331.48,,0
9527,L,1774323840,1774324020,4336.72,9526,0
9528,H,1774324380,1774324560,4386.65,,0
9529,L,1774324860,1774325040,4354.08,,0
9530,H,1774325220,1774325400,4364.57,,0
9531,L,1774325340,1774325520,4342.62,,0
9532,H,1774325520,1774325700,4362.48,,0
9533,L,1774325640,1774325820,4328.52,,0
9534,H,1774326300,1774326480,4368.99,,0
9535,L,1774326600,1774326780,4350.05,,0
9536,H,1774326960,1774327140,4368.44,,0
9537,L,1774327620,1774327800,4308.12,,0
9538,H,1774327980,1774328160,4332.05,,0
9539,H,1774328280,1774328460,4331.24,9538,0
9540,L,1774328400,1774328580,4314.07,,0
9541,H,1774328580,1774328760,4336.65,,0
9542,L,1774328700,1774328880,4320.23,9543,0
9543,L,1774329120,1774329300,4306.07,,0
9544,H,1774329420,1774329600,4321.12,,0
9545,L,1774329540,1774329720,4309.47,,0
9546,H,1774329780,1774329960,4349.43,,0
9547,L,1774330020,1774330200,4334.43,,0
9548,H,1774330560,1774330740,4373.40,,0
9549,L,1774330860,1774331040,4352.83,,0
9550,H,1774331160,1774331340,4379.28,,0
9551,L,1774331400,1774331580,4352.19,,0
9552,H,1774332000,1774332180,4367.99,,0
9553,L,1774332180,1774332360,4350.14,,0
9554,H,1774332420,1774332600,4361.53,,0
9555,L,1774332540,1774332720,4350.19,,0
9556,L,1774333140,1774333320,4357.78,9555,0
9557,H,1774333200,1774333380,4368.20,,0
9558,L,1774333560,1774333740,4355.61,,0
9559,H,1774333680,1774333860,4367.13,,0
9560,L,1774334280,1774334460,4338.66,,0
9561,H,1774334400,1774334580,4346.66,,0
9562,L,1774334760,1774334940,4335.06,,0
9563,H,1774334880,1774335060,4343.37,,0
9564,L,1774335060,1774335240,4336.86,,0
9565,L,1774335300,1774335480,4337.28,9564,0
9566,H,1774335360,1774335540,4349.64,9567,0
9567,H,1774335900,1774336080,4357.23,,0
9568,L,1774336080,1774336260,4347.57,,0
9569,H,1774336260,1774336440,4352.98,,0
9570,L,1774336800,1774336980,4326.60,,0
9571,L,1774337040,1774337220,4330.02,9570,0
9572,H,1774337400,1774337580,4344.01,,0
9573,L,1774337760,1774337940,4338.73,,0
9574,H,1774338060,1774338240,4348.17,,0
9575,L,1774338300,1774338480,4339.92,,0
9576,H,1774338480,1774338660,4349.25,,0
9577,L,1774338600,1774338780,4343.65,,0
9578,H,1774338780,1774338960,4348.47,,0
9579,L,1774339080,1774339260,4332.00,9580,0
9580,L,1774339560,1774339740,4319.86,,0
9581,H,1774339980,1774340160,4345.62,,0
9582,L,1774340160,1774340340,4334.77,,0
9583,H,1774340340,1774340520,4346.74,,0
9584,L,1774341060,1774341240,4321.20,,0
9585,H,1774341360,1774341540,4344.53,9586,0
9586,H,1774341660,1774341840,4374.18,,0
9587,L,1774341900,1774342080,4353.85,,0
9588,H,1774342200,1774342380,4368.99,,0
9589,L,1774342800,1774342980,4342.95,,0
9590,H,1774343400,1774343580,4375.67,,0
9591,L,1774343760,1774343940,4359.07,,0
9592,H,1774344420,1774344600,4396.90,,0
9593,L,1774344540,1774344720,4383.22,,0
9594,H,1774344780,1774344960,4393.44,,0
9595,L,1774345020,1774345200,4378.71,,0
9596,H,1774345200,1774345380,4397.35,,0
9597,L,1774345500,1774345680,4373.03,,0
9598,L,1774345740,1774345920,4374.16,9597,0
9599,L,1774346640,1774346820,4404.95,9597,0
9600,H,1774346700,1774346880,4415.42,9601,0
9601,H,1774347180,1774347360,4425.26,,0
9602,L,1774347300,1774347480,4419.71,,0
9603,H,1774347540,1774347720,4425.15,,0
9604,L,1774348020,1774348200,4406.07,,0
9605,H,1774348140,1774348320,4416.48,,0
9606,L,1774348380,1774348560,4402.00,,0
9607,H,1774348500,1774348680,4411.78,,0
9608,L,1774348680,1774348860,4401.32,,0
9609,H,1774348800,1774348980,4411.28,,0
9610,L,1774348980,1774349160,4400.07,,0
9611,H,1774349580,1774349760,4432.65,,0
9612,L,1774350000,1774350180,4402.26,,0
9613,H,1774350360,1774350540,4418.24,,0
9614,L,1774350540,1774350720,4409.17,,0
9615,H,1774350780,1774350960,4420.87,,0
9616,L,1774351620,1774351800,4391.27,,0
9617,H,1774351860,1774352040,4404.81,,0
9618,L,1774352040,1774352220,4396.59,,0
9619,H,1774352520,1774352700,4405.75,,0
9620,L,1774352580,1774352760,4396.33,,0
9621,H,1774352940,1774353120,4410.98,,0
9622,L,1774353060,1774353240,4400.48,,0
9623,H,1774353240,1774353420,4414.17,,0
9624,L,1774353360,1774353540,4403.68,,0
9625,H,1774353780,1774353960,4419.16,,0
9626,H,1774354260,1774354440,4408.55,9625,0
9627,L,1774354560,1774354740,4395.99,,0
9628,H,1774354740,1774354920,4415.12,,0
9629,L,1774355160,1774355340,4406.37,,0
9630,H,1774355280,1774355460,4410.82,,0
9631,L,1774355460,1774355640,4404.99,,0
9632,H,1774356060,1774356240,4421.12,,0
9633,L,1774356180,1774356360,4415.13,,0
9634,H,1774356360,1774356540,4420.70,,0
9635,L,1774356720,1774356900,4412.13,,0
9636,H,1774357140,1774357320,4430.87,,0
9637,L,1774357320,1774357500,4415.15,,0
9638,H,1774357800,1774357980,4431.11,,0
9639,L,1774358040,1774358220,4423.54,,0
9640,H,1774358220,1774358400,4432.80,,0
9641,L,1774359300,1774359480,4414.74,,0
9642,H,1774359540,1774359720,4425.68,,0
9643,L,1774359720,1774359900,4421.74,,0
9644,H,1774359960,1774360140,4429.42,,0
9645,L,1774360140,1774360320,4418.78,,0
9646,H,1774360860,1774361040,4442.00,,1
9647,L,1774360860,1774361040,4374.89,,1
9648,H,1774361280,1774361460,4418.53,,0
9649,L,1774361460,1774361640,4406.69,,0
9650,H,1774361580,1774361760,4421.79,,0
9651,L,1774361880,1774362060,4403.50,,0
9652,H,1774362120,1774362300,4420.46,,0
9653,L,1774362420,1774362600,4407.78,,0
9654,H,1774363080,1774363260,4431.57,,0
9655,L,1774363260,1774363440,4421.06,9656,0
9656,L,1774363500,1774363680,4418.79,,0
9657,H,1774363680,1774363860,4427.61,,0
9658,L,1774363980,1774364160,4390.50,,0
9659,H,1774364400,1774364580,4417.36,,0
9660,L,1774364520,1774364700,4404.91,,0
9661,L,1774364760,1774364940,4404.97,9660,0
9662,H,1774365300,1774365480,4425.90,9663,0
9663,H,1774365540,1774365720,4427.46,,0
9664,L,1774365900,1774366080,4395.86,,0
9665,H,1774366020,1774366200,4409.22,,0
9666,L,1774366800,1774366980,4362.24,,0
9667,L,1774367040,1774367220,4367.48,9666,0
9668,H,1774367280,1774367460,4387.36,,0
9669,L,1774367460,1774367640,4376.77,,0
9670,H,1774367580,1774367760,4390.50,,0
9671,L,1774368060,1774368240,4370.27,,0
9672,H,1774368180,1774368360,4389.82,,0
9673,L,1774368600,1774368780,4364.20,,0
9674,H,1774368960,1774369140,4384.36,,0
9675,L,1774369140,1774369320,4370.25,,0
9676,H,1774369320,1774369500,4379.42,,0
9677,H,1774369620,1774369800,4378.49,9676,0
9678,L,1774369800,1774369980,4356.33,9679,0
9679,L,1774370040,1774370220,4353.23,9680,0
9680,L,1774370400,1774370580,4351.49,,0
9681,L,1774370700,1774370880,4351.52,9680,0
9682,H,1774370820,1774371000,4365.86,,0
9683,L,1774371060,1774371240,4353.94,,0
9684,H,1774371180,1774371360,4378.30,9685,0
9685,H,1774371900,1774372080,4397.18,,0
9686,L,1774371960,1774372140,4386.00,,0
9687,H,1774372200,1774372380,4404.49,,0
9688,L,1774372380,1774372560,4384.39,,0
9689,H,1774373220,1774373400,4414.88,,0
9690,L,1774373520,1774373700,4400.42,,0
9691,H,1774373700,1774373880,4417.48,,0
9692,L,1774373880,1774374060,4404.40,,0
9693,H,1774374120,1774374300,4420.62,,0
9694,L,1774374300,1774374480,4408.25,,0
9695,H,1774374360,1774374540,4420.19,,0
9696,L,1774374600,1774374780,4401.46,,0
9697,H,1774374720,1774374900,4433.43,,0
9698,L,1774375320,1774375500,4404.17,9699,0
9699,L,1774375800,1774375980,4396.30,,0
9700,H,1774376160,1774376340,4414.92,,0
9701,L,1774376460,1774376640,4403.39,,0
9702,H,1774376760,1774376940,4420.37,,0
9703,L,1774376940,1774377120,4411.51,,0
9704,H,1774377060,1774377240,4418.86,,0
9705,L,1774377180,1774377360,4410.07,,0
9706,H,1774377600,1774377780,4428.97,,0
9707,L,1774378080,1774378260,4420.20,,0
9708,H,1774378140,1774378320,4430.82,,0
9709,L,1774378800,1774378980,4404.57,9710,0
9710,L,1774379160,1774379340,4402.77,,0
9711,H,1774379340,1774379520,4413.45,,0
9712,L,1774379580,1774379760,4407.79,,0
9713,H,1774379940,1774380120,4425.50,9714,0
9714,H,1774380300,1774380480,4425.63,,0
9715,H,1774380600,1774380780,4424.14,9714,0
9716,H,1774380840,1774381020,4420.57,9714,0
9717,L,1774381200,1774381380,4408.74,,0
9718,H,1774381500,1774381680,4427.48,,0
9719,L,1774381680,1774381860,4418.64,,0
9720,H,1774381980,1774382160,4426.55,,0
9721,L,1774382100,1774382280,4418.53,,0
9722,H,1774382460,1774382640,4426.34,,0
9723,L,1774383000,1774383180,4388.25,,0
9724,H,1774383780,1774383960,4405.45,9725,0
9725,H,1774384080,1774384260,4405.81,,0
9726,L,1774384560,1774384740,4375.57,,0
9727,H,1774384800,1774384980,4387.40,,0
9728,L,1774385100,1774385280,4372.51,,0
9729,L,1774385580,1774385760,4381.40,9728,0
9730,H,1774385700,1774385880,4394.65,,0
9731,H,1774386000,1774386180,4392.85,9730,0
9732,L,1774386180,1774386360,4384.14,,0
9733,L,1774386600,1774386780,4384.19,9732,0
9734,H,1774386720,1774386900,4394.04,,0
9735,L,1774386960,1774387140,4387.44,,0
9736,L,1774387740,1774387920,4405.52,9735,0
9737,H,1774387920,1774388100,4423.38,,0
9738,L,1774388100,1774388280,4413.66,,0
9739,H,1774388340,1774388520,4422.78,,0
9740,L,1774388580,1774388760,4394.81,9741,0
9741,L,1774388820,1774389000,4391.54,,0
9742,H,1774389180,1774389360,4401.89,,0
9743,L,1774389540,1774389720,4384.34,,0
9744,H,1774390260,1774390440,4406.04,,0
9745,L,1774390560,1774390740,4400.14,,0
9746,H,1774390800,1774390980,4408.55,,0
9747,L,1774390980,1774391160,4405.17,,0
9748,H,1774391220,1774391400,4411.38,,0
9749,L,1774392000,1774392180,4395.28,,0
9750,L,1774392360,1774392540,4397.93,9749,0
9751,L,1774392660,1774392840,4396.53,9749,0
9752,H,1774392780,1774392960,4404.41,,0
9753,H,1774393020,1774393200,4403.59,9752,0
9754,L,1774393140,1774393320,4397.83,,0
9755,H,1774393320,1774393500,4404.38,,0
9756,L,1774393500,1774393680,4397.99,9757,0
9757,L,1774393740,1774393920,4397.39,,0
9758,L,1774393980,1774394160,4397.52,9757,0
9759,H,1774394760,1774394940,4483.94,,0
9760,L,1774395120,1774395300,4447.62,,0
9761,H,1774395540,1774395720,4472.73,,0
9762,L,1774395780,1774395960,4448.06,,0
9763,L,1774396080,1774396260,4456.44,9762,0
9764,H,1774396440,1774396620,4481.63,,0
9765,L,1774400520,1774400700,4468.14,,0
9766,H,1774400700,1774400880,4485.07,,0
9767,L,1774401120,1774401300,4478.15,9768,0
9768,L,1774401540,1774401720,4476.22,,0
9769,H,1774401780,1774401960,4484.98,,0
9770,L,1774402320,1774402500,4456.03,,0
9771,H,1774402740,1774402920,4469.96,9772,0
9772,H,1774403280,1774403460,4479.37,,0
9773,L,1774403580,1774403760,4469.18,,0
9774,H,1774404000,1774404180,4484.99,,0
9775,L,1774404240,1774404420,4472.58,,0
9776,H,1774404420,1774404600,4484.61,,0
9777,L,1774404660,1774404840,4479.66,,0
9778,H,1774404960,1774405140,4499.35,9779,0
9779,H,1774405800,1774405980,4512.10,,0
9780,L,1774406100,1774406280,4504.94,,0
9781,H,1774406400,1774406580,4546.39,,0
9782,H,1774406640,1774406820,4545.63,9781,0
9783,L,1774406700,1774406880,4532.29,,0
9784,H,1774407000,1774407180,4551.59,,0
9785,L,1774407120,1774407300,4536.30,,0
9786,H,1774407600,1774407780,4553.86,,0
9787,L,1774407660,1774407840,4537.50,,0
9788,H,1774407900,1774408080,4554.79,,0
9789,L,1774408140,1774408320,4541.32,,0
9790,H,1774408440,1774408620,4554.85,,0
9791,L,1774408560,1774408740,4538.64,,0
9792,H,1774408800,1774408980,4547.92,,0
9793,L,1774408980,1774409160,4540.68,,0
9794,H,1774409220,1774409400,4556.95,,0
9795,L,1774409400,1774409580,4546.84,,0
9796,H,1774410420,1774410600,4572.02,,0
9797,L,1774410600,1774410780,4561.91,,0
9798,H,1774410840,1774411020,4569.76,9799,0
9799,H,1774411200,1774411380,4570.52,,0
9800,L,1774411380,1774411560,4552.38,,0
9801,H,1774411860,1774412040,4578.71,,0
9802,L,1774412100,1774412280,4568.20,9803,0
9803,L,1774412340,1774412520,4567.99,,0
9804,H,1774412460,1774412640,4578.52,,0
9805,L,1774412760,1774412940,4572.63,,0
9806,H,1774413720,1774413900,4591.05,,0
9807,L,1774413900,1774414080,4583.74,,0
9808,H,1774414440,1774414620,4601.01,,0
9809,L,1774414500,1774414680,4594.39,9810,0
9810,L,1774414860,1774415040,4585.60,9812,0
9811,L,1774415100,1774415280,4585.96,9810,0
9812,L,1774415520,1774415700,4580.03,,0
9813,H,1774415640,1774415820,4587.93,9814,0
9814,H,1774416000,1774416180,4591.80,,0
9815,L,1774416240,1774416420,4585.01,,0
9816,H,1774416360,1774416540,4592.61,,0
9817,L,1774416660,1774416840,4581.33,,0
9818,H,1774417080,1774417260,4597.08,9819,0
9819,H,1774417560,1774417740,4602.54,,0
9820,L,1774418340,1774418520,4581.85,,0
9821,H,1774418400,1774418580,4586.19,,0
9822,L,1774418580,1774418760,4573.66,,0
9823,H,1774418820,1774419000,4582.55,,0
9824,L,1774419000,1774419180,4573.43,,0
9825,H,1774419120,1774419300,4580.55,,0
9826,L,1774419360,1774419540,4571.91,,0
9827,H,1774419540,1774419720,4578.49,,0
9828,L,1774419660,1774419840,4572.91,,0
9829,H,1774419900,1774420080,4579.49,,0
9830,L,1774420440,1774420620,4571.08,,0
9831,H,1774420560,1774420740,4577.91,,0
9832,L,1774420740,1774420920,4571.74,,0
9833,H,1774420980,1774421160,4573.85,,0
9834,L,1774421100,1774421280,4568.16,9835,0
9835,L,1774421400,1774421580,4567.68,,0
9836,H,1774421640,1774421820,4574.13,,0
9837,L,1774422120,1774422300,4565.66,,0
9838,H,1774422300,1774422480,4574.09,,0
9839,L,1774422540,1774422720,4568.35,,0
9840,L,1774422780,1774422960,4569.49,9839,0
9841,H,1774423260,1774423440,4574.54,,0
9842,L,1774423440,1774423620,4570.98,,0
9843,H,1774423620,1774423800,4574.32,9844,0
9844,H,1774424040,1774424220,4574.39,,0
9845,L,1774424160,1774424340,4566.24,,0
9846,H,1774424340,1774424520,4574.25,,0
9847,L,1774424760,1774424940,4568.04,,0
9848,H,1774425060,1774425240,4571.90,,0
9849,L,1774425180,1774425360,4569.47,,0
9850,H,1774425360,1774425540,4573.89,,0
9851,L,1774425780,1774425960,4567.50,9852,0
9852,L,1774426020,1774426200,4566.77,,0
9853,H,1774426140,1774426320,4573.30,,0
9854,L,1774426320,1774426500,4568.38,,0
9855,H,1774426440,1774426620,4571.90,,0
9856,L,1774427520,1774427700,4549.44,,0
9857,H,1774427820,1774428000,4559.92,9858,0
9858,H,1774428240,1774428420,4566.89,,0
9859,L,1774428660,1774428840,4555.54,9860,0
9860,L,1774429020,1774429200,4553.68,,0
9861,H,1774429140,1774429320,4558.99,,0
9862,L,1774429320,1774429500,4546.40,9863,0
9863,L,1774430040,1774430220,4533.20,,0
9864,H,1774430460,1774430640,4552.68,,0
9865,L,1774430520,1774430700,4547.51,,0
9866,L,1774430820,1774431000,4548.15,9865,0
9867,H,1774431180,1774431360,4556.84,,0
9868,L,1774431960,1774432140,4543.75,,0
9869,H,1774432080,1774432260,4550.62,,0
9870,H,1774432380,1774432560,4550.17,9869,0
9871,L,1774432740,1774432920,4543.27,,0
9872,L,1774433220,1774433400,4548.08,9871,0
9873,L,1774433520,1774433700,4549.66,9871,0
9874,H,1774434060,1774434240,4563.19,,0
9875,L,1774434180,1774434360,4555.89,,0
9876,H,1774434420,1774434600,4562.65,,0
9877,L,1774435080,1774435260,4542.80,,0
9878,H,1774435260,1774435440,4552.49,,0
9879,L,1774435680,1774435860,4539.74,,0
9880,H,1774435920,1774436100,4546.33,,0
9881,L,1774436460,1774436640,4535.90,,0
9882,H,1774436580,1774436760,4549.65,,0
9883,L,1774436760,1774436940,4544.00,,0
9884,L,1774437240,1774437420,4553.36,9883,0
9885,H,1774437360,1774437540,4564.58,,0
9886,L,1774437540,1774437720,4559.11,,0
9887,H,1774437660,1774437840,4567.75,,0
9888,L,1774437900,1774438080,4561.20,,0
9889,L,1774438200,1774438380,4563.13,9888,0
9890,H,1774438260,1774438440,4567.25,,0
9891,L,1774438560,1774438740,4553.29,,0
9892,H,1774438980,1774439160,4567.34,,0
9893,L,1774439220,1774439400,4562.30,,1
9894,H,1774439220,1774439400,4567.05,9895,1
9895,H,1774439520,1774439700,4567.11,,0
9896,L,1774440000,1774440180,4554.27,,0
9897,H,1774440420,1774440600,4567.60,,0
9898,L,1774440780,1774440960,4558.96,,0
9899,H,1774441260,1774441440,4566.03,,0
9900,L,1774441560,1774441740,4554.73,,0
9901,H,1774441680,1774441860,4560.65,,0
9902,L,1774441980,1774442160,4555.48,,0
9903,H,1774442220,1774442400,4559.36,,0
9904,L,1774442280,1774442460,4550.90,,0
9905,H,1774442520,1774442700,4557.83,,0
9906,L,1774442880,1774443060,4527.70,,0
9907,L,1774443480,1774443660,4545.21,9906,0
9908,H,1774443780,1774443960,4560.89,,0
9909,H,1774444320,1774444500,4558.70,9908,0
9910,L,1774444560,1774444740,4551.60,,0
9911,H,1774444920,1774445100,4558.19,,0
9912,L,1774445220,1774445400,4553.07,,0
9913,H,1774445280,1774445460,4558.01,,0
9914,L,1774445700,1774445880,4551.15,,0
9915,H,1774445940,1774446120,4558.98,,0
9916,L,1774446240,1774446420,4551.61,,0
9917,H,1774446840,1774447020,4562.40,,0
9918,L,1774447200,1774447380,4556.13,,0
9919,H,1774447620,1774447800,4568.94,,0
9920,L,1774447860,1774448040,4562.26,,0
9921,H,1774448040,1774448220,4568.81,,0
9922,L,1774448220,1774448400,4564.41,,0
9923,H,1774448580,1774448760,4582.85,,0
9924,L,1774448820,1774449000,4576.92,,0
9925,H,1774449060,1774449240,4584.57,,0
9926,L,1774449240,1774449420,4580.97,,0
9927,H,1774449420,1774449600,4585.38,,0
9928,L,1774449600,1774449780,4581.17,,0
9929,H,1774449720,1774449900,4584.77,,0
9930,L,1774450260,1774450440,4572.47,,0
9931,H,1774450500,1774450680,4578.89,,0
9932,L,1774450680,1774450860,4575.55,,0
9933,H,1774450860,1774451040,4583.41,,0
9934,L,1774451100,1774451280,4572.87,,0
9935,H,1774451280,1774451460,4583.67,,0
9936,H,1774451520,1774451700,4583.44,9935,0
9937,H,1774452120,1774452300,4568.18,9935,0
9938,L,1774452180,1774452360,4553.30,9939,0
9939,L,1774452660,1774452840,4522.00,,0
9940,H,1774453080,1774453260,4554.60,,0
9941,H,1774453380,1774453560,4554.19,9940,0
9942,L,1774453500,1774453680,4536.14,,0
9943,H,1774453800,1774453980,4547.96,,0
9944,L,1774453980,1774454160,4539.57,,0
9945,H,1774454160,1774454340,4552.40,,0
9946,L,1774454400,1774454580,4541.55,,0
9947,H,1774454640,1774454820,4571.20,,0
9948,H,1774455120,1774455300,4565.58,9947,0
9949,L,1774455360,1774455540,4555.28,,0
9950,H,1774455420,1774455600,4563.50,,0
9951,L,1774455780,1774455960,4551.52,,0
9952,H,1774456200,1774456380,4576.33,,0
9953,L,1774456740,1774456920,4557.74,,0
9954,H,1774456920,1774457100,4569.85,,0
9955,L,1774457700,1774457880,4540.97,,0
9956,H,1774457820,1774458000,4553.47,,0
9957,L,1774458000,1774458180,4533.15,,0
9958,H,1774458360,1774458540,4551.88,,0
9959,L,1774458540,1774458720,4539.97,,0
9960,H,1774458960,1774459140,4562.28,,0
9961,L,1774459440,1774459620,4546.15,,0
9962,H,1774460100,1774460280,4566.68,,0
9963,L,1774460460,1774460640,4561.84,,0
9964,H,1774461000,1774461180,4579.24,,0
9965,L,1774461300,1774461480,4566.15,9966,0
9966,L,1774462140,1774462320,4549.74,9967,0
9967,L,1774462680,1774462860,4525.10,,0
9968,H,1774463040,1774463220,4561.77,,0
9969,L,1774463220,1774463400,4552.95,,0
9970,H,1774463580,1774463760,4564.90,,0
9971,L,1774464420,1774464600,4553.59,,0
9972,H,1774465020,1774465200,4565.76,,0
9973,H,1774465260,1774465440,4564.82,9972,0
9974,L,1774465500,1774465680,4553.40,,0
9975,H,1774465740,1774465920,4562.15,,0
9976,L,1774466460,1774466640,4545.26,,0
9977,H,1774466700,1774466880,4560.42,,0
9978,L,1774467300,1774467480,4551.36,,0
9979,H,1774467600,1774467780,4560.89,,0
9980,L,1774468260,1774468440,4549.89,,0
9981,H,1774468440,1774468620,4559.20,,0
9982,H,1774468860,1774469040,4557.76,9981,0
9983,L,1774469400,1774469580,4543.47,,0
9984,H,1774469580,1774469760,4554.16,,0
9985,L,1774469940,1774470120,4542.84,,0
9986,H,1774470420,1774470600,4558.32,,0
9987,L,1774470720,1774470900,4550.32,,0
9988,H,1774470960,1774471140,4564.00,,0
9989,L,1774471440,1774471620,4557.52,,0
9990,H,1774471560,1774471740,4562.04,,0
9991,L,1774472100,1774472280,4545.80,,0
9992,H,1774472460,1774472640,4568.99,,0
9993,L,1774472580,1774472760,4545.51,,0
9994,H,1774472820,1774473000,4560.53,,0
9995,L,1774473480,1774473660,4546.53,,0
9996,H,1774473960,1774474140,4556.57,,0
9997,L,1774474080,1774474260,4551.31,,0
9998,H,1774474380,1774474560,4557.79,,0
9999,L,1774474800,1774474980,4546.95,10000,0
10000,L,1774475100,1774475280,4544.50,,0
10001,H,1774475280,1774475460,4549.59,,0
10002,L,1774475760,1774475940,4531.08,,0
10003,H,1774476300,1774476480,4535.68,,0
10004,L,1774476660,1774476840,4486.89,,0
10005,H,1774476960,1774477140,4516.13,,0
10006,L,1774477080,1774477260,4502.86,,0
10007,H,1774477500,1774477680,4518.54,,0
10008,H,1774477860,1774478040,4518.44,10007,0
10009,H,1774478100,1774478280,4517.81,10007,0
10010,L,1774478280,1774478460,4506.26,,0
10011,H,1774478580,1774478760,4527.07,,0
10012,L,1774478940,1774479120,4513.81,,0
10013,H,1774479720,1774479900,4542.08,,0
10014,L,1774480260,1774480440,4522.93,,0
10015,H,1774480560,1774480740,4534.13,,0
10016,L,1774481040,1774481220,4522.26,10017,0
10017,L,1774481400,1774481580,4519.35,10018,0
10018,L,1774482060,1774482240,4495.25,,0
10019,L,1774482360,1774482540,4502.00,10018,0
10020,H,1774482660,1774482840,4507.36,,0
10021,L,1774482840,1774483020,4501.69,,0
10022,H,1774486800,1774486980,4519.02,10023,0
10023,H,1774487100,1774487280,4531.96,,0
10024,L,1774487340,1774487520,4508.97,,0
10025,H,1774487520,1774487700,4517.20,,0
10026,L,1774487880,1774488060,4505.68,,0
10027,H,1774488300,1774488480,4519.88,,0
10028,L,1774488720,1774488900,4508.28,,0
10029,H,1774488900,1774489080,4523.42,,0
10030,L,1774489080,1774489260,4517.03,,0
10031,H,1774489440,1774489620,4534.56,,0
10032,L,1774489740,1774489920,4517.50,,0
10033,H,1774489920,1774490100,4524.59,,0
10034,L,1774490220,1774490400,4512.24,,0
10035,H,1774490340,1774490520,4519.55,,0
10036,L,1774490700,1774490880,4498.00,,0
10037,H,1774491060,1774491240,4514.44,,0
10038,L,1774491360,1774491540,4506.30,,0
10039,H,1774491420,1774491600,4512.94,,0
10040,H,1774491840,1774492020,4506.48,10039,0
10041,L,1774491960,1774492140,4497.09,,0
10042,H,1774492320,1774492500,4511.02,,0
10043,L,1774492800,1774492980,4488.99,,0
10044,H,1774493160,1774493340,4498.43,,0
10045,L,1774493280,1774493460,4491.33,,0
10046,H,1774493640,1774493820,4498.33,10047,0
10047,H,1774494480,1774494660,4520.78,,0
10048,L,1774494660,1774494840,4508.84,,0
10049,H,1774495080,1774495260,4535.48,,0
10050,H,1774495320,1774495500,4532.15,10049,0
10051,L,1774495500,1774495680,4524.20,,0
10052,H,1774495860,1774496040,4531.92,,0
10053,L,1774496100,1774496280,4524.63,,0
10054,H,1774496460,1774496640,4532.73,10055,0
10055,H,1774497000,1774497180,4539.25,,0
10056,L,1774497240,1774497420,4527.89,,0
10057,L,1774497660,1774497840,4531.37,10056,0
10058,H,1774497780,1774497960,4544.40,,0
10059,L,1774498260,1774498440,4533.61,,0
10060,H,1774498380,1774498560,4540.23,,0
10061,L,1774498560,1774498740,4526.89,,0
10062,H,1774498920,1774499100,4537.32,,0
10063,L,1774499280,1774499460,4529.20,,0
10064,H,1774499400,1774499580,4537.87,,0
10065,L,1774499760,1774499940,4526.14,,0
10066,L,1774500000,1774500180,4527.79,10065,0
10067,H,1774500120,1774500300,4536.34,,0
10068,L,1774500600,1774500780,4522.50,,0
10069,H,1774500960,1774501140,4536.04,,0
10070,L,1774501380,1774501560,4527.60,,0
10071,H,1774501500,1774501680,4534.18,,0
10072,L,1774501740,1774501920,4528.35,,0
10073,H,1774502040,1774502220,4534.10,,0
10074,L,1774502220,1774502400,4525.19,10075,0
10075,L,1774502640,1774502820,4524.96,,0
10076,H,1774503060,1774503240,4530.62,,0
10077,L,1774503480,1774503660,4511.85,,0
10078,H,1774503960,1774504140,4520.98,,0
10079,L,1774504920,1774505100,4501.98,,0
10080,H,1774505280,1774505460,4509.80,,0
10081,L,1774505400,1774505580,4503.18,,0
10082,H,1774505760,1774505940,4513.75,,0
10083,L,1774506240,1774506420,4500.00,,0
10084,L,1774506540,1774506720,4505.48,10083,0
10085,H,1774507200,1774507380,4518.85,,0
10086,L,1774507560,1774507740,4513.95,10087,0
10087,L,1774508100,1774508280,4510.43,,0
10088,H,1774508400,1774508580,4517.83,,0
10089,L,1774508700,1774508880,4511.59,,0
10090,L,1774509600,1774509780,4516.23,10089,0
10091,H,1774509660,1774509840,4520.28,10092,0
10092,H,1774510200,1774510380,4522.36,,0
10093,L,1774510380,1774510560,4519.24,10094,0
10094,L,1774510800,1774510980,4516.82,,0
10095,H,1774510920,1774511100,4519.61,,0
10096,L,1774511040,1774511220,4516.51,,0
10097,H,1774511340,1774511520,4524.27,,0
10098,L,1774511640,1774511820,4519.21,,1
10099,H,1774511640,1774511820,4521.88,,1
10100,L,1774511880,1774512060,4519.50,,0
10101,H,1774512060,1774512240,4522.25,,0
10102,L,1774512600,1774512780,4507.79,10103,0
10103,L,1774513020,1774513200,4506.04,,0
10104,H,1774513200,1774513380,4511.29,,0
10105,L,1774513800,1774513980,4480.22,,0
10106,H,1774514220,1774514400,4495.72,,0
10107,H,1774514580,1774514760,4495.14,10106,0
10108,L,1774514820,1774515000,4467.94,10109,0
10109,L,1774515660,1774515840,4428.05,10110,0
10110,L,1774516020,1774516200,4423.29,,0
10111,H,1774516200,1774516380,4442.11,,0
10112,L,1774516500,1774516680,4415.81,,0
10113,H,1774516860,1774517040,4436.11,,0
10114,L,1774517160,1774517340,4427.80,,0
10115,H,1774517340,1774517520,4441.37,10116,0
10116,H,1774517700,1774517880,4444.04,,0
10117,L,1774517820,1774518000,4430.62,,0
10118,H,1774518000,1774518180,4447.78,10119,0
10119,H,1774518540,1774518720,4457.26,,0
10120,L,1774518600,1774518780,4444.17,,0
10121,H,1774519080,1774519260,4459.34,10122,0
10122,H,1774519380,1774519560,4460.56,,0
10123,L,1774519860,1774520040,4442.96,,0
10124,H,1774520340,1774520520,4449.13,,0
10125,L,1774520400,1774520580,4439.05,,0
10126,H,1774520640,1774520820,4451.94,,0
10127,L,1774520820,1774521000,4443.12,,0
10128,H,1774521000,1774521180,4459.96,,0
10129,H,1774521300,1774521480,4458.76,10128,0
10130,L,1774521360,1774521540,4448.99,,0
10131,H,1774521600,1774521780,4463.89,,0
10132,L,1774521840,1774522020,4452.23,,0
10133,H,1774521900,1774522080,4463.08,,0
10134,L,1774522560,1774522740,4450.46,,0
10135,H,1774522860,1774523040,4459.19,,0
10136,L,1774522980,1774523160,4449.65,,0
10137,H,1774523160,1774523340,4457.31,10138,0
10138,H,1774523520,1774523700,4457.35,,0
10139,L,1774523760,1774523940,4434.37,,0
10140,H,1774523820,1774524000,4447.37,,0
10141,H,1774524060,1774524240,4446.61,10140,0
10142,L,1774524300,1774524480,4428.90,10143,0
10143,L,1774524600,1774524780,4425.06,,0
10144,H,1774524840,1774525020,4438.33,,0
10145,L,1774524960,1774525140,4427.18,,0
10146,H,1774525320,1774525500,4437.41,,0
10147,L,1774525380,1774525560,4412.86,,0
10148,L,1774525740,1774525920,4423.57,10147,0
10149,H,1774525800,1774525980,4433.82,10150,0
10150,H,1774526160,1774526340,4440.10,,0
10151,L,1774526400,1774526580,4422.51,,0
10152,H,1774526520,1774526700,4434.73,,0
10153,L,1774526700,1774526880,4418.29,,0
10154,H,1774526820,1774527000,4433.16,,0
10155,L,1774527000,1774527180,4423.92,,0
10156,H,1774527060,1774527240,4432.53,,0
10157,L,1774527540,1774527720,4425.23,,0
10158,H,1774527720,1774527900,4436.93,,0
10159,L,1774527900,1774528080,4427.71,10160,0
10160,L,1774528260,1774528440,4414.60,,0
10161,L,1774528620,1774528800,4417.69,10160,0
10162,H,1774528920,1774529100,4431.52,,0
10163,L,1774529100,1774529280,4418.38,10165,0
10164,L,1774529340,1774529520,4419.07,10163,0
10165,L,1774529580,1774529760,4416.95,,0
10166,H,1774529700,1774529880,4427.89,,0
10167,L,1774529940,1774530120,4419.94,10168,0
10168,L,1774530240,1774530420,4417.06,,0
10169,H,1774530360,1774530540,4428.89,,0
10170,L,1774530540,1774530720,4418.25,,0
10171,H,1774531020,1774531200,4436.14,10172,0
10172,H,1774531740,1774531920,4448.10,,0
10173,H,1774532160,1774532340,4444.37,10172,0
10174,L,1774532400,1774532580,4426.74,10175,0
10175,L,1774532640,1774532820,4423.36,,0
10176,H,1774533000,1774533180,4447.44,,0
10177,L,1774533240,1774533420,4437.73,,0
10178,H,1774533660,1774533840,4448.60,,0
10179,H,1774534380,1774534560,4444.76,10178,0
10180,L,1774534620,1774534800,4439.54,,0
10181,H,1774534800,1774534980,4456.54,,0
10182,L,1774535340,1774535520,4440.84,,0
10183,H,1774535580,1774535760,4451.05,,0
10184,L,1774535760,1774535940,4444.87,,0
10185,H,1774536120,1774536300,4451.87,,0
10186,L,1774536600,1774536780,4420.80,,0
10187,H,1774537020,1774537200,4432.52,,0
10188,H,1774537260,1774537440,4428.28,10187,0
10189,L,1774537320,1774537500,4416.61,,0
10190,H,1774537980,1774538160,4445.70,,0
10191,L,1774538400,1774538580,4433.76,,0
10192,H,1774538640,1774538820,4441.47,,0
10193,L,1774538760,1774538940,4435.06,10194,0
10194,L,1774539000,1774539180,4431.98,,0
10195,H,1774539060,1774539240,4444.25,,0
10196,L,1774539300,1774539480,4433.17,,0
10197,H,1774539600,1774539780,4444.80,,0
10198,L,1774539840,1774540020,4435.59,,0
10199,H,1774540020,1774540200,4443.08,,0
10200,L,1774540140,1774540320,4432.53,10201,0
10201,L,1774540560,1774540740,4428.41,,0
10202,H,1774540800,1774540980,4436.08,,1
10203,L,1774540800,1774540980,4420.23,,1
10204,H,1774541100,1774541280,4441.63,,0
10205,L,1774541280,1774541460,4435.60,10206,0
10206,L,1774541700,1774541880,4434.47,,0
10207,H,1774542180,1774542360,4453.75,,0
10208,H,1774542660,1774542840,4451.22,10207,0
10209,L,1774542960,1774543140,4434.22,,0
10210,H,1774543020,1774543200,4446.96,,0
10211,L,1774543200,1774543380,4429.21,,0
10212,H,1774543500,1774543680,4460.42,,0
10213,L,1774543860,1774544040,4449.02,,0
10214,H,1774543920,1774544100,4460.01,,0
10215,L,1774544340,1774544520,4436.93,,0
10216,H,1774544400,1774544580,4456.35,,0
10217,L,1774544700,1774544880,4442.96,10218,0
10218,L,1774545060,1774545240,4437.39,,0
10219,H,1774545360,1774545540,4460.61,,0
10220,L,1774545600,1774545780,4452.13,,0
10221,H,1774545720,1774545900,4469.72,,0
10222,L,1774545900,1774546080,4451.00,,0
10223,L,1774546200,1774546380,4458.34,10222,0
10224,H,1774546500,1774546680,4478.66,10225,0
10225,H,1774546800,1774546980,4479.32,,0
10226,L,1774547100,1774547280,4457.15,,0
10227,H,1774547160,1774547340,4469.47,,0
10228,L,1774547340,1774547520,4458.15,,0
10229,H,1774547520,1774547700,4468.39,,0
10230,L,1774547700,1774547880,4446.03,,0
10231,H,1774548000,1774548180,4469.02,,0
10232,L,1774548420,1774548600,4451.00,,0
10233,H,1774548660,1774548840,4461.16,,0
10234,L,1774549080,1774549260,4449.06,,0
10235,H,1774549260,1774549440,4457.64,,0
10236,L,1774549440,1774549620,4449.57,,0
10237,H,1774549680,1774549860,4458.50,,0
10238,L,1774549980,1774550160,4438.43,10239,0
10239,L,1774550340,1774550520,4436.78,,0
10240,H,1774550820,1774551000,4446.63,10241,0
10241,H,1774551180,1774551360,4446.68,,0
10242,L,1774551420,1774551600,4434.10,10243,0
10243,L,1774551660,1774551840,4425.93,,0
10244,H,1774552080,1774552260,4442.06,10245,0
10245,H,1774552440,1774552620,4442.67,,0
10246,L,1774553100,1774553280,4387.28,10247,0
10247,L,1774553520,1774553700,4376.33,,0
10248,H,1774553700,1774553880,4393.41,,0
10249,L,1774553880,1774554060,4367.09,,0
10250,H,1774554060,1774554240,4387.60,,0
10251,L,1774554240,1774554420,4375.32,,0
10252,H,1774554480,1774554660,4390.29,,0
10253,L,1774554660,1774554840,4380.66,,0
10254,H,1774554900,1774555080,4392.45,,0
10255,L,1774555200,1774555380,4385.01,,0
10256,H,1774555260,1774555440,4397.16,10257,0
10257,H,1774555560,1774555740,4402.61,,0
10258,L,1774555860,1774556040,4388.79,,0
10259,H,1774556040,1774556220,4398.79,,0
10260,L,1774556280,1774556460,4386.06,,0
10261,H,1774556400,1774556580,4397.34,,0
10262,L,1774556880,1774557060,4377.28,,0
10263,H,1774557000,1774557180,4388.42,,0
10264,L,1774557120,1774557300,4377.56,,0
10265,H,1774557480,1774557660,4393.07,,0
10266,L,1774557720,1774557900,4380.83,,0
10267,H,1774558080,1774558260,4390.98,,0
10268,L,1774558200,1774558380,4381.40,10269,0
10269,L,1774558740,1774558920,4379.36,,0
10270,H,1774558860,1774559040,4386.55,,0
10271,L,1774558980,1774559160,4380.10,,0
10272,H,1774559220,1774559400,4390.59,,0
10273,L,1774559520,1774559700,4381.32,,0
10274,H,1774559580,1774559760,4389.66,,0
10275,L,1774559760,1774559940,4379.03,10276,0
10276,L,1774560060,1774560240,4367.64,,0
10277,L,1774560480,1774560660,4369.52,10276,0
10278,H,1774561320,1774561500,4395.59,10279,0
10279,H,1774561680,1774561860,4397.79,,0
10280,L,1774562100,1774562280,4391.62,,0
10281,H,1774562520,1774562700,4399.29,,0
10282,L,1774563060,1774563240,4382.10,,0
10283,H,1774563300,1774563480,4392.04,,0
10284,L,1774563480,1774563660,4386.77,,0
10285,H,1774563660,1774563840,4392.44,,0
10286,H,1774564200,1774564380,4384.78,10285,0
10287,L,1774564380,1774564560,4375.13,,0
10288,H,1774564560,1774564740,4388.33,,0
10289,L,1774566360,1774566540,4351.11,,0
10290,H,1774566780,1774566960,4413.57,,0
10291,L,1774567020,1774567200,4380.44,,0
10292,H,1774567380,1774567560,4416.09,,0
10293,L,1774567500,1774567680,4394.45,,0
10294,H,1774567920,1774568100,4408.98,,0
10295,L,1774568160,1774568340,4397.71,,0
10296,H,1774568340,1774568520,4420.78,,0
10297,L,1774569240,1774569420,4373.08,,0
10298,H,1774573200,1774573380,4393.46,10299,0
10299,H,1774573560,1774573740,4401.06,,0
10300,L,1774573800,1774573980,4392.12,,0
10301,H,1774574100,1774574280,4406.69,10302,0
10302,H,1774574340,1774574520,4408.25,,0
10303,L,1774574880,1774575060,4394.60,,0
10304,H,1774575180,1774575360,4410.88,,0
10305,L,1774575480,1774575660,4405.38,,0
10306,H,1774575720,1774575900,4415.34,,0
10307,L,1774575960,1774576140,4400.19,,0
10308,H,1774576380,1774576560,4412.48,,0
10309,L,1774576620,1774576800,4404.37,,0
10310,H,1774576800,1774576980,4414.51,,0
10311,L,1774577400,1774577580,4389.95,,0
10312,H,1774577520,1774577700,4396.92,,0
10313,L,1774577700,1774577880,4391.53,,0
10314,H,1774577940,1774578120,4401.47,,0
10315,L,1774578120,1774578300,4393.84,,0
10316,H,1774578660,1774578840,4402.69,,0
10317,L,1774578780,1774578960,4396.21,,0
10318,H,1774579080,1774579260,4408.11,,0
10319,L,1774579380,1774579560,4396.29,,0
10320,L,1774579680,1774579860,4396.54,10319,0
10321,H,1774580040,1774580220,4405.73,,0
10322,L,1774580220,1774580400,4402.31,,0
10323,H,1774580580,1774580760,4411.10,,0
10324,L,1774580820,1774581000,4403.99,,0
10325,H,1774581120,1774581300,4408.84,,0
10326,L,1774581780,1774581960,4382.63,,0
10327,L,1774582080,1774582260,4385.98,10326,0
10328,H,1774582260,1774582440,4396.52,,0
10329,L,1774582740,1774582920,4387.24,,0
10330,H,1774583040,1774583220,4391.97,,0
10331,L,1774583460,1774583640,4378.53,,0
10332,H,1774583580,1774583760,4385.24,,0
10333,L,1774583940,1774584120,4375.54,,0
10334,H,1774584000,1774584180,4388.28,10335,0
10335,H,1774584360,1774584540,4393.01,10336,0
10336,H,1774584720,1774584900,4399.43,,0
10337,L,1774584840,1774585020,4392.89,,0
10338,H,1774585020,1774585200,4398.84,,0
10339,L,1774585200,1774585380,4391.12,,0
10340,H,1774585920,1774586100,4417.56,,0
10341,L,1774586280,1774586460,4409.84,,0
10342,H,1774586520,1774586700,4420.29,,0
10343,L,1774586940,1774587120,4411.89,,0
10344,L,1774587180,1774587360,4411.99,10343,0
10345,H,1774587360,1774587540,4420.51,10346,0
10346,H,1774587780,1774587960,4433.94,,0
10347,L,1774587960,1774588140,4425.35,,0
10348,H,1774588200,1774588380,4439.62,,0
10349,L,1774588440,1774588620,4430.87,,0
10350,H,1774588500,1774588680,4436.25,,0
10351,L,1774589040,1774589220,4426.15,,0
10352,H,1774589100,1774589280,4434.48,,0
10353,L,1774589400,1774589580,4424.70,,0
10354,H,1774589580,1774589760,4434.16,,0
10355,L,1774589880,1774590060,4426.33,,0
10356,H,1774590000,1774590180,4431.71,10357,0
10357,H,1774590420,1774590600,4440.57,,0
10358,L,1774590540,1774590720,4428.05,,0
10359,H,1774590780,1774590960,4435.05,,0
10360,L,1774591020,1774591200,4429.45,,0
10361,H,1774591260,1774591440,4435.65,,0
10362,L,1774591500,1774591680,4421.27,,0
10363,L,1774591740,1774591920,4421.52,10362,0
10364,H,1774592040,1774592220,4431.15,,0
10365,L,1774592220,1774592400,4428.24,,0
10366,H,1774592400,1774592580,4434.23,,0
10367,H,1774592700,1774592880,4432.93,10366,0
10368,L,1774592760,1774592940,4428.38,,0
10369,H,1774593000,1774593180,4438.39,,0
10370,L,1774593120,1774593300,4430.88,,0
10371,H,1774593600,1774593780,4446.27,,0
10372,L,1774593900,1774594080,4433.20,10373,0
10373,L,1774594260,1774594440,4432.71,,0
10374,H,1774594320,1774594500,4438.57,10375,0
10375,H,1774594800,1774594980,4439.76,,0
10376,L,1774594860,1774595040,4435.62,10377,0
10377,L,1774595280,1774595460,4432.67,,0
10378,H,1774595400,1774595580,4436.32,,0
10379,L,1774595940,1774596120,4431.42,,0
10380,H,1774596180,1774596360,4437.20,,0
10381,L,1774596480,1774596660,4432.99,,0
10382,H,1774596900,1774597080,4442.11,,0
10383,L,1774597560,1774597740,4440.45,,0
10384,H,1774598280,1774598460,4449.52,,0
10385,L,1774598700,1774598880,4442.16,,0
10386,H,1774598820,1774599000,4447.50,,0
10387,L,1774599120,1774599300,4442.03,,0
10388,H,1774599540,1774599720,4446.92,,0
10389,H,1774599780,1774599960,4445.60,10388,0
10390,L,1774600020,1774600200,4440.47,,0
10391,H,1774600800,1774600980,4475.07,,0
10392,L,1774601100,1774601280,4462.96,10393,0
10393,L,1774601400,1774601580,4460.53,,0
10394,H,1774601580,1774601760,4463.88,,0
10395,L,1774601880,1774602060,4453.53,,0
10396,H,1774602060,1774602240,4461.28,,0
10397,L,1774602300,1774602480,4451.75,,0
10398,H,1774602840,1774603020,4472.92,,0
10399,L,1774603440,1774603620,4456.82,,0
10400,H,1774603860,1774604040,4468.14,,0
10401,L,1774603920,1774604100,4460.60,,0
10402,H,1774604220,1774604400,4468.47,,0
10403,L,1774604280,1774604460,4462.84,,0
10404,H,1774604520,1774604700,4468.50,,0
10405,L,1774605060,1774605240,4454.63,,0
10406,H,1774605360,1774605540,4464.99,,0
10407,H,1774605600,1774605780,4463.10,10406,0
10408,L,1774605840,1774606020,4450.45,10409,0
10409,L,1774606080,1774606260,4447.74,,0
10410,H,1774606320,1774606500,4458.20,,0
10411,L,1774606680,1774606860,4451.21,,0
10412,H,1774606860,1774607040,4456.87,10413,0
10413,H,1774607160,1774607340,4457.18,,0
10414,L,1774607460,1774607640,4448.56,,0
10415,H,1774607820,1774608000,4455.72,,0
10416,L,1774608180,1774608360,4446.57,,0
10417,H,1774608540,1774608720,4453.21,,0
10418,L,1774608840,1774609020,4442.87,,0
10419,H,1774609020,1774609200,4448.12,10420,0
10420,H,1774609260,1774609440,4450.77,,0
10421,L,1774609320,1774609500,4442.87,,0
10422,H,1774609680,1774609860,4449.65,,0
10423,L,1774609860,1774610040,4443.67,10424,0
10424,L,1774610280,1774610460,4438.94,10425,0
10425,L,1774610820,1774611000,4430.66,,0
10426,H,1774611180,1774611360,4437.29,,0
10427,L,1774611360,1774611540,4428.93,,0
10428,H,1774611420,1774611600,4435.74,10429,0
10429,H,1774611720,1774611900,4439.93,,0
10430,L,1774612080,1774612260,4432.47,,0
10431,H,1774612260,1774612440,4438.33,,0
10432,L,1774612440,1774612620,4427.24,10433,0
10433,L,1774612740,1774612920,4423.73,,0
10434,H,1774612860,1774613040,4430.89,,0
10435,L,1774613460,1774613640,4420.84,,0
10436,H,1774613940,1774614120,4435.72,,0
10437,L,1774614000,1774614180,4430.07,,0
10438,L,1774614600,1774614780,4433.11,10437,0
10439,H,1774614720,1774614900,4438.30,,0
10440,L,1774614960,1774615140,4431.17,10441,0
10441,L,1774615200,1774615380,4430.09,,0
10442,H,1774615380,1774615560,4433.80,,0
10443,L,1774615740,1774615920,4428.68,,0
10444,H,1774615860,1774616040,4432.76,,0
10445,H,1774616280,1774616460,4430.42,10444,0
10446,L,1774616460,1774616640,4426.18,,0
10447,H,1774616520,1774616700,4432.91,,0
10448,H,1774616820,1774617000,4432.07,10447,0
10449,L,1774617420,1774617600,4423.87,,0
10450,H,1774617540,1774617720,4428.79,,0
10451,L,1774617720,1774617900,4423.97,,0
10452,H,1774618020,1774618200,4431.47,,0
10453,L,1774619100,1774619280,4411.36,,0
10454,H,1774619340,1774619520,4417.47,,0
10455,L,1774619520,1774619700,4410.88,,0
10456,H,1774619640,1774619820,4419.02,,0
10457,H,1774620000,1774620180,4417.20,10456,0
10458,L,1774620420,1774620600,4404.36,,0
10459,H,1774620960,1774621140,4417.19,,0
10460,L,1774621140,1774621320,4407.78,,0
10461,H,1774621260,1774621440,4413.63,,0
10462,L,1774621440,1774621620,4408.73,,0
10463,H,1774621740,1774621920,4416.25,,0
10464,L,1774621920,1774622100,4413.85,10465,0
10465,L,1774622160,1774622340,4413.82,,0
10466,H,1774622280,1774622460,4419.59,,0
10467,L,1774622400,1774622580,4414.00,,0
10468,H,1774622700,1774622880,4424.99,,0
10469,L,1774622820,1774623000,4418.84,10470,0
10470,L,1774623060,1774623240,4418.38,,0
10471,H,1774623300,1774623480,4426.20,,0
10472,L,1774623540,1774623720,4415.80,,0
10473,H,1774623720,1774623900,4424.16,,0
10474,L,1774624080,1774624260,4412.69,,0
10475,H,1774624560,1774624740,4434.37,,0
10476,L,1774624980,1774625160,4417.03,,0
10477,H,1774625400,1774625580,4430.57,,0
10478,L,1774625460,1774625640,4424.76,10479,0
10479,L,1774625700,1774625880,4424.58,,0
10480,H,1774626120,1774626300,4437.35,,0
10481,L,1774626240,1774626420,4432.69,,0
10482,H,1774626780,1774626960,4445.18,,0
10483,H,1774627260,1774627440,4443.80,10482,0
10484,L,1774627500,1774627680,4430.62,10485,0
10485,L,1774627800,1774627980,4423.97,,0
10486,H,1774628460,1774628640,4441.71,,0
10487,H,1774629000,1774629180,4426.61,10486,0
10488,L,1774629180,1774629360,4413.72,,0
10489,H,1774630080,1774630260,4441.57,,0
10490,L,1774630560,1774630740,4421.13,,0
10491,H,1774631100,1774631280,4463.18,,0
10492,L,1774631460,1774631640,4444.87,,0
10493,H,1774631880,1774632060,4470.00,,0
10494,H,1774632300,1774632480,4465.92,10493,0
10495,L,1774632360,1774632540,4452.23,10496,0
10496,L,1774632600,1774632780,4451.84,,0
10497,H,1774632900,1774633080,4463.97,10498,0
10498,H,1774634340,1774634520,4514.76,,0
10499,L,1774634400,1774634580,4501.76,,0
10500,H,1774634640,1774634820,4516.43,,0
10501,L,1774634880,1774635060,4505.49,,0
10502,L,1774635120,1774635300,4509.31,10501,0
10503,H,1774635240,1774635420,4533.75,,0
10504,L,1774635360,1774635540,4520.82,,0
10505,H,1774635780,1774635960,4555.35,,0
10506,L,1774636200,1774636380,4538.26,,0
10507,H,1774636260,1774636440,4552.58,,0
10508,L,1774636500,1774636680,4533.79,10509,0
10509,L,1774636920,1774637100,4526.41,10510,0
10510,L,1774637220,1774637400,4525.27,,0
10511,H,1774637340,1774637520,4536.32,,0
10512,L,1774637760,1774637940,4520.53,10513,0
10513,L,1774638060,1774638240,4518.15,,0
10514,H,1774638300,1774638480,4531.91,10515,0
10515,H,1774638600,1774638780,4532.97,,0
10516,L,1774638660,1774638840,4522.58,,0
10517,L,1774638900,1774639080,4524.76,10516,0
10518,H,1774639080,1774639260,4532.75,10519,0
10519,H,1774639440,1774639620,4533.74,,0
10520,L,1774639560,1774639740,4525.64,10521,0
10521,L,1774640400,1774640580,4505.57,,0
10522,H,1774641000,1774641180,4521.44,,0
10523,L,1774641240,1774641420,4510.82,,0
10524,H,1774641300,1774641480,4516.73,10525,0
10525,H,1774641540,1774641720,4516.91,,0
10526,L,1774641660,1774641840,4506.17,,0
10527,L,1774641960,1774642140,4508.83,10526,0
10528,H,1774642020,1774642200,4521.40,,0
10529,H,1774642380,1774642560,4514.85,10528,0
10530,H,1774642860,1774643040,4501.76,10528,0
10531,L,1774643220,1774643400,4486.86,,0
10532,H,1774643340,1774643520,4497.40,10533,0
10533,H,1774643760,1774643940,4499.97,,0
10534,L,1774644000,1774644180,4486.55,,0
10535,L,1774644420,1774644600,4488.44,10534,0
10536,H,1774644660,1774644840,4499.56,,0
10537,L,1774645200,1774645380,4486.59,,0
10538,H,1774645260,1774645440,4497.93,,0
10539,L,1774645620,1774645800,4488.87,,0
10540,H,1774646400,1774646580,4511.41,,0
10541,L,1774646640,1774646820,4502.83,,0
10542,H,1774647420,1774647600,4528.73,,0
10543,L,1774647600,1774647780,4515.41,,0
10544,H,1774647840,1774648020,4527.35,,0
10545,L,1774648080,1774648260,4517.35,,0
10546,H,1774648320,1774648500,4521.42,,0
10547,L,1774648560,1774648740,4513.63,,0
10548,H,1774648800,1774648980,4519.29,,0
10549,L,1774649340,1774649520,4507.28,,0
10550,H,1774649520,1774649700,4514.33,10551,0
10551,H,1774650180,1774650360,4524.07,,0
10552,L,1774650360,1774650540,4518.10,,0
10553,H,1774650600,1774650780,4526.16,,0
10554,L,1774651320,1774651500,4500.75,,0
10555,H,1774651440,1774651620,4510.27,,0
10556,L,1774651560,1774651740,4503.21,,0
10557,H,1774651740,1774651920,4509.75,10558,0
10558,H,1774652160,1774652340,4522.43,,0
10559,L,1774652220,1774652400,4512.02,,0
10560,H,1774652460,1774652640,4520.13,,0
10561,L,1774652820,1774653000,4506.83,,0
10562,H,1774653000,1774653180,4512.30,,0
10563,H,1774653360,1774653540,4510.69,10562,0
10564,L,1774653660,1774653840,4504.99,,0
10565,H,1774653840,1774654020,4509.19,,0
10566,H,1774654200,1774654380,4508.48,10565,0
10567,L,1774654380,1774654560,4502.46,,0
10568,H,1774654920,1774655100,4512.75,,0
10569,L,1774655040,1774655220,4498.73,10570,0
10570,L,1774832400,1774832580,4467.66,,0
10571,H,1774832640,1774832820,4515.01,,0
10572,L,1774832940,1774833120,4481.00,,0
10573,H,1774833660,1774833840,4512.31,,0
10574,L,1774833900,1774834080,4501.20,,0
10575,H,1774834200,1774834380,4512.94,,0
10576,L,1774834260,1774834440,4504.05,,0
10577,H,1774834560,1774834740,4512.59,,0
10578,L,1774835040,1774835220,4490.67,,0
10579,H,1774835460,1774835640,4495.51,,0
10580,L,1774835940,1774836120,4480.84,,0
10581,H,1774836060,1774836240,4492.62,,0
10582,L,1774836360,1774836540,4464.97,,0
10583,H,1774836960,1774837140,4484.69,,0
10584,L,1774837140,1774837320,4475.30,10585,0
10585,L,1774837440,1774837620,4472.10,,0
10586,H,1774837620,1774837800,4481.27,,0
10587,L,1774838220,1774838400,4445.50,,0
10588,H,1774838460,1774838640,4455.51,10589,0
10589,H,1774838880,1774839060,4455.85,,0
10590,L,1774839120,1774839300,4443.80,,0
10591,H,1774839300,1774839480,4452.59,,0
10592,L,1774839600,1774839780,4432.09,,1
10593,H,1774839600,1774839780,4451.37,,1
10594,H,1774839900,1774840080,4440.91,10593,0
10595,L,1774840080,1774840260,4425.02,10596,0
10596,L,1774840380,1774840560,4420.09,,0
10597,H,1774840860,1774841040,4464.19,10598,0
10598,H,1774841220,1774841400,4466.71,,0
10599,L,1774841340,1774841520,4445.74,,0
10600,H,1774841580,1774841760,4459.04,,0
10601,L,1774842000,1774842180,4435.30,10602,0
10602,L,1774842420,1774842600,4433.02,,0
10603,H,1774842600,1774842780,4442.83,,0
10604,L,1774843080,1774843260,4430.50,,0
10605,H,1774843800,1774843980,4461.91,,0
10606,L,1774844160,1774844340,4449.89,,0
10607,H,1774844460,1774844640,4466.61,,0
10608,L,1774845000,1774845180,4445.36,,0
10609,H,1774845300,1774845480,4475.91,,0
10610,L,1774845660,1774845840,4462.59,,0
10611,H,1774846080,1774846260,4475.07,,0
10612,L,1774846440,1774846620,4461.67,,0
10613,H,1774846980,1774847160,4474.49,,0
10614,H,1774847220,1774847400,4474.36,10613,0
10615,L,1774847460,1774847640,4465.33,,0
10616,H,1774847700,1774847880,4474.27,,0
10617,L,1774847940,1774848120,4466.46,,0
10618,H,1774848240,1774848420,4473.84,10619,0
10619,H,1774848660,1774848840,4475.57,,0
10620,L,1774848780,1774848960,4459.02,,0
10621,H,1774849440,1774849620,4499.19,,0
10622,L,1774849680,1774849860,4489.24,10623,0
10623,L,1774850400,1774850580,4478.88,,0
10624,H,1774851060,1774851240,4508.91,,0
10625,L,1774851240,1774851420,4501.99,,0
10626,H,1774851780,1774851960,4517.56,,0
10627,L,1774852260,1774852440,4503.92,10628,0
10628,L,1774852920,1774853100,4499.88,,0
10629,H,1774853280,1774853460,4507.48,,0
10630,H,1774853580,1774853760,4506.49,10629,0
10631,L,1774853940,1774854120,4494.61,,0
10632,H,1774854240,1774854420,4497.31,,0
10633,L,1774854840,1774855020,4486.87,,0
10634,H,1774855020,1774855200,4491.23,,0
10635,L,1774855200,1774855380,4487.42,,0
10636,H,1774855440,1774855620,4495.51,,0
10637,L,1774855500,1774855680,4490.57,10638,0
10638,L,1774856100,1774856280,4486.74,,0
10639,H,1774856160,1774856340,4490.26,10641,0
10640,H,1774856520,1774856700,4489.69,10639,0
10641,H,1774857780,1774857960,4501.19,,0
10642,L,1774857840,1774858020,4496.87,,0
10643,L,1774858080,1774858260,4498.48,10642,0
10644,L,1774858440,1774858620,4503.64,10642,0
10645,H,1774859040,1774859220,4515.73,,0
10646,L,1774859400,1774859580,4503.43,,0
10647,H,1774859700,1774859880,4515.27,,0
10648,L,1774860060,1774860240,4504.67,,0
10649,H,1774860300,1774860480,4514.68,10650,0
10650,H,1774860840,1774861020,4528.49,,0
10651,L,1774861200,1774861380,4517.12,,0
10652,H,1774861920,1774862100,4534.36,,0
10653,L,1774862160,1774862340,4526.69,,0
10654,H,1774862340,1774862520,4535.24,,0
10655,H,1774862820,1774863000,4533.43,10654,0
10656,L,1774863000,1774863180,4526.18,,0
10657,H,1774863420,1774863600,4541.53,,0
10658,L,1774863540,1774863720,4532.04,,0
10659,H,1774864140,1774864320,4550.58,,0
10660,L,1774865100,1774865280,4523.77,,0
10661,H,1774865460,1774865640,4534.55,,0
10662,L,1774865580,1774865760,4529.28,,0
10663,H,1774865760,1774865940,4534.66,,0
10664,L,1774865940,1774866120,4526.97,,0
10665,H,1774866060,1774866240,4532.58,,0
10666,H,1774866600,1774866780,4526.02,10665,0
10667,L,1774866840,1774867020,4515.88,,0
10668,H,1774867080,1774867260,4524.10,10669,0
10669,H,1774867320,1774867500,4524.45,,0
10670,L,1774867380,1774867560,4517.58,,0
10671,L,1774867800,1774867980,4519.29,10670,0
10672,H,1774868160,1774868340,4528.06,10673,0
10673,H,1774869000,1774869180,4537.04,,0
10674,L,1774869180,1774869360,4531.69,,0
10675,H,1774869720,1774869900,4535.82,,0
10676,L,1774869780,1774869960,4525.79,,0
10677,H,1774870380,1774870560,4538.11,,0
10678,L,1774870500,1774870680,4530.60,,0
10679,H,1774870740,1774870920,4537.25,,0
10680,L,1774871040,1774871220,4531.74,,0
10681,L,1774871340,1774871520,4533.15,10680,0
10682,H,1774871640,1774871820,4540.44,,0
10683,L,1774871700,1774871880,4534.63,,0
10684,H,1774872120,1774872300,4540.59,,0
10685,L,1774873020,1774873200,4523.64,,0
10686,H,1774873320,1774873500,4536.52,,0
10687,L,1774873380,1774873560,4527.70,10688,0
10688,L,1774873980,1774874160,4523.76,,0
10689,H,1774874640,1774874820,4538.16,10690,0
10690,H,1774874880,1774875060,4538.43,,0
10691,L,1774875060,1774875240,4528.73,,0
10692,H,1774875240,1774875420,4535.09,,0
10693,H,1774875600,1774875780,4533.55,10692,0
10694,L,1774875780,1774875960,4529.26,,0
10695,L,1774876140,1774876320,4532.34,10694,0
10696,H,1774876260,1774876440,4536.27,,0
10697,L,1774876560,1774876740,4530.58,,0
10698,H,1774876800,1774876980,4539.99,,0
10699,L,1774877160,1774877340,4527.78,,0
10700,H,1774877520,1774877700,4533.33,,0
10701,L,1774877640,1774877820,4528.16,,0
10702,H,1774877820,1774878000,4533.62,,0
10703,L,1774878060,1774878240,4529.96,,0
10704,H,1774878300,1774878480,4534.71,,0
10705,L,1774878480,1774878660,4528.70,,0
10706,H,1774878600,1774878780,4535.59,,0
10707,L,1774878780,1774878960,4529.99,,0
10708,H,1774878900,1774879080,4533.80,,0
10709,L,1774879020,1774879200,4528.86,,0
10710,H,1774879200,1774879380,4534.11,,0
10711,L,1774879440,1774879620,4525.58,,0
10712,H,1774880280,1774880460,4545.40,,0
10713,L,1774880400,1774880580,4535.17,,0
10714,H,1774880760,1774880940,4547.89,,0
10715,L,1774880880,1774881060,4536.36,,0
10716,H,1774881000,1774881180,4546.01,,0
10717,H,1774881300,1774881480,4545.85,10716,0
10718,L,1774881420,1774881600,4538.73,,0
10719,H,1774882260,1774882440,4580.79,,0
10720,L,1774882920,1774883100,4545.39,,0
10721,H,1774883520,1774883700,4561.45,,0
10722,L,1774883640,1774883820,4556.09,,0
10723,H,1774884000,1774884180,4567.99,,0
10724,L,1774884300,1774884480,4561.16,,0
10725,H,1774884600,1774884780,4573.28,10726,0
10726,H,1774885080,1774885260,4575.13,,0
10727,L,1774885140,1774885320,4568.88,,0
10728,H,1774885380,1774885560,4577.91,,0
10729,L,1774885860,1774886040,4563.72,,0
10730,H,1774886400,1774886580,4578.70,,0
10731,L,1774886940,1774887120,4561.47,,0
10732,H,1774887120,1774887300,4570.08,,0
10733,L,1774887240,1774887420,4564.30,,0
10734,H,1774887600,1774887780,4569.08,,0
10735,L,1774887780,1774887960,4559.03,,0
10736,H,1774888260,1774888440,4573.92,,0
10737,L,1774888560,1774888740,4549.95,,0
10738,H,1774888740,1774888920,4560.94,,0
10739,H,1774889220,1774889400,4548.19,10738,0
10740,L,1774889400,1774889580,4529.39,,0
10741,H,1774889640,1774889820,4537.73,,0
10742,L,1774889880,1774890060,4516.73,,0
10743,H,1774890240,1774890420,4535.98,,0
10744,L,1774890360,1774890540,4517.99,,0
10745,L,1774890720,1774890900,4521.77,10744,0
10746,H,1774890840,1774891020,4535.27,,0
10747,L,1774891260,1774891440,4512.41,,0
10748,L,1774891680,1774891860,4517.40,10747,0
10749,H,1774891800,1774891980,4525.87,10750,0
10750,H,1774892400,1774892580,4533.89,,0
10751,L,1774892640,1774892820,4521.04,,0
10752,H,1774892880,1774893060,4540.68,10753,0
10753,H,1774893240,1774893420,4540.99,10754,0
10754,H,1774893600,1774893780,4543.31,,0
10755,L,1774893720,1774893900,4535.82,10756,0
10756,L,1774894080,1774894260,4532.27,,0
10757,H,1774894380,1774894560,4538.71,,0
10758,L,1774894680,1774894860,4525.70,,0
10759,H,1774894800,1774894980,4533.76,,0
10760,L,1774894980,1774895160,4524.79,,0
10761,H,1774895100,1774895280,4533.83,,0
10762,L,1774895400,1774895580,4527.61,,0
10763,H,1774896480,1774896660,4556.28,,0
10764,L,1774896720,1774896900,4545.19,,0
10765,H,1774896900,1774897080,4556.80,,0
10766,L,1774897440,1774897620,4538.76,10767,0
10767,L,1774897740,1774897920,4537.99,,0
10768,H,1774897920,1774898100,4546.93,10769,0
10769,H,1774898160,1774898340,4548.90,,0
10770,L,1774898280,1774898460,4541.94,,0
10771,H,1774898520,1774898700,4547.67,,0
10772,L,1774899000,1774899180,4532.55,,0
10773,H,1774899120,1774899300,4541.96,,0
10774,L,1774899300,1774899480,4538.80,,0
10775,H,1774899900,1774900080,4548.87,,0
10776,H,1774900440,1774900620,4544.00,10775,0
10777,L,1774900500,1774900680,4536.69,,0
10778,H,1774900800,1774900980,4542.25,,0
10779,H,1774901400,1774901580,4535.69,10778,0
10780,L,1774901640,1774901820,4519.43,,0
10781,H,1774901880,1774902060,4526.01,,0
10782,L,1774902060,1774902240,4522.40,,0
10783,H,1774902300,1774902480,4530.54,,0
10784,L,1774902900,1774903080,4514.97,,0
10785,H,1774903620,1774903800,4528.58,,0
10786,L,1774903800,1774903980,4514.40,,0
10787,H,1774903980,1774904160,4520.60,,0
10788,L,1774904280,1774904460,4511.43,,0
10789,H,1774904580,1774904760,4523.12,,0
10790,L,1774904880,1774905060,4513.20,,0
10791,H,1774905000,1774905180,4521.20,,0
10792,L,1774905420,1774905600,4515.66,,0
10793,H,1774905660,1774905840,4521.40,,0
10794,L,1774906080,1774906260,4511.57,,0
10795,H,1774906260,1774906440,4517.83,,0
10796,L,1774906380,1774906560,4512.54,,0
10797,H,1774906620,1774906800,4519.48,,0
10798,H,1774906860,1774907040,4517.11,10797,0
10799,L,1774906980,1774907160,4513.13,,0
10800,H,1774907340,1774907520,4518.78,,0
10801,L,1774908060,1774908240,4495.39,,0
10802,H,1774908120,1774908300,4502.90,10803,0
10803,H,1774908420,1774908600,4505.01,,0
10804,L,1774908660,1774908840,4493.55,,0
10805,H,1774908900,1774909080,4501.95,,0
10806,L,1774909260,1774909440,4493.07,,0
10807,H,1774909680,1774909860,4504.33,,0
10808,L,1774909920,1774910100,4498.20,,0
10809,H,1774910100,1774910280,4512.96,,0
10810,L,1774910580,1774910760,4501.50,,0
10811,H,1774910820,1774911000,4510.50,,0
10812,L,1774911120,1774911300,4504.58,,0
10813,H,1774911360,1774911540,4518.46,,0
10814,L,1774911840,1774912020,4509.18,,0
10815,H,1774912080,1774912260,4511.82,,0
10816,L,1774912380,1774912560,4505.41,,0
10817,H,1774912680,1774912860,4510.03,,0
10818,L,1774913100,1774913280,4502.23,,0
10819,H,1774913400,1774913580,4507.10,,0
10820,L,1774913940,1774914120,4501.05,,0
10821,H,1774914060,1774914240,4505.31,,0
10822,L,1774914360,1774914540,4502.61,,0
10823,H,1774918980,1774919160,4523.25,,0
10824,L,1774919520,1774919700,4507.72,,0
10825,H,1774919820,1774920000,4512.11,,0
10826,L,1774919940,1774920120,4505.13,10827,0
10827,L,1774920300,1774920480,4502.31,,0
10828,H,1774920660,1774920840,4518.98,,0
10829,L,1774921440,1774921620,4508.26,,0
10830,H,1774921860,1774922040,4513.81,,0
10831,L,1774922100,1774922280,4511.34,,0
10832,H,1774922340,1774922520,4515.21,,0
10833,H,1774922820,1774923000,4506.85,10832,0
10834,L,1774923000,1774923180,4492.68,,0
10835,H,1774923660,1774923840,4510.19,,0
10836,L,1774923900,1774924080,4504.23,10837,0
10837,L,1774924200,1774924380,4504.01,,0
10838,L,1774924500,1774924680,4504.21,10837,0
10839,H,1774924620,1774924800,4515.25,,0
10840,L,1774924860,1774925040,4509.69,,0
10841,H,1774925040,1774925220,4519.63,,0
10842,L,1774925280,1774925460,4515.05,,0
10843,H,1774925400,1774925580,4521.12,,0
10844,L,1774925820,1774926000,4507.65,,0
10845,H,1774926240,1774926420,4528.41,,0
10846,L,1774927380,1774927560,4482.66,,0
10847,H,1774927680,1774927860,4513.41,,0
10848,L,1774927920,1774928100,4506.53,,0
10849,H,1774928340,1774928520,4531.40,10850,0
10850,H,1774928880,1774929060,4546.70,,0
10851,L,1774929180,1774929360,4535.28,,0
10852,L,1774929420,1774929600,4539.66,10851,0
10853,H,1774929600,1774929780,4550.67,,0
10854,L,1774930080,1774930260,4532.23,,0
10855,H,1774930200,1774930380,4542.11,,0
10856,L,1774930320,1774930500,4533.62,,0
10857,H,1774931100,1774931280,4585.76,,0
10858,L,1774931340,1774931520,4575.84,,0
10859,H,1774931580,1774931760,4591.80,,0
10860,L,1774931820,1774932000,4577.51,,0
10861,H,1774932300,1774932480,4619.36,,0
10862,L,1774932600,1774932780,4596.09,,0
10863,H,1774932660,1774932840,4614.90,,0
10864,L,1774933320,1774933500,4588.59,,0
10865,H,1774933620,1774933800,4600.13,,0
10866,L,1774934220,1774934400,4583.85,10867,0
10867,L,1774934760,1774934940,4578.73,,0
10868,H,1774935120,1774935300,4586.76,,0
10869,L,1774935300,1774935480,4579.22,,0
10870,H,1774935540,1774935720,4588.45,,0
10871,L,1774935660,1774935840,4579.02,,0
10872,H,1774935900,1774936080,4588.13,,0
10873,L,1774936200,1774936380,4568.89,,0
10874,H,1774936380,1774936560,4579.63,,0
10875,L,1774936500,1774936680,4565.67,,0
10876,H,1774936680,1774936860,4574.33,,0
10877,L,1774936800,1774936980,4566.13,,0
10878,L,1774937100,1774937280,4566.99,10877,0
10879,H,1774937280,1774937460,4577.06,,0
10880,L,1774937400,1774937580,4567.88,10881,0
10881,L,1774938240,1774938420,4555.81,,0
10882,H,1774938840,1774939020,4565.93,,0
10883,H,1774939380,1774939560,4559.25,10882,0
10884,L,1774939620,1774939800,4550.27,,0
10885,H,1774940040,1774940220,4557.62,10886,0
10886,H,1774940760,1774940940,4566.10,,0
10887,L,1774940820,1774941000,4557.39,,0
10888,H,1774941120,1774941300,4563.34,,0
10889,L,1774941300,1774941480,4557.17,,0
10890,H,1774941600,1774941780,4569.36,,0
10891,L,1774941900,1774942080,4558.63,,0
10892,H,1774942320,1774942500,4565.24,,0
10893,L,1774942620,1774942800,4560.06,,0
10894,L,1774942860,1774943040,4560.21,10893,0
10895,H,1774943160,1774943340,4565.46,,0
10896,L,1774943460,1774943640,4561.07,,0
10897,H,1774943760,1774943940,4569.09,,0
10898,L,1774944000,1774944180,4564.07,,0
10899,H,1774944420,1774944600,4570.71,,0
10900,L,1774944780,1774944960,4547.69,,0
10901,H,1774945560,1774945740,4567.90,,0
10902,L,1774945800,1774945980,4558.63,,0
10903,H,1774946340,1774946520,4579.96,,0
10904,L,1774946460,1774946640,4572.78,,0
10905,H,1774946940,1774947120,4581.62,,0
10906,L,1774947720,1774947900,4558.87,,0
10907,H,1774948080,1774948260,4565.06,,0
10908,H,1774948380,1774948560,4561.89,10907,0
10909,L,1774948440,1774948620,4556.47,,0
10910,H,1774948620,1774948800,4561.14,,0
10911,L,1774948800,1774948980,4553.31,,0
10912,H,1774949100,1774949280,4564.55,10913,0
10913,H,1774949520,1774949700,4565.68,,0
10914,L,1774950180,1774950360,4556.15,,0
10915,H,1774950300,1774950480,4561.33,,0
10916,L,1774950540,1774950720,4554.32,,0
10917,H,1774950960,1774951140,4561.70,,0
10918,L,1774951200,1774951380,4554.94,,0
10919,H,1774951320,1774951500,4564.04,,0
10920,L,1774952040,1774952220,4550.30,10921,0
10921,L,1774952340,1774952520,4543.62,,0
10922,H,1774952460,1774952640,4554.06,,0
10923,L,1774952640,1774952820,4548.84,,0
10924,H,1774952880,1774953060,4556.79,,0
10925,L,1774953060,1774953240,4551.93,,0
10926,H,1774953360,1774953540,4561.26,,0
10927,L,1774953660,1774953840,4554.15,,0
10928,H,1774953900,1774954080,4562.85,,0
10929,L,1774954200,1774954380,4556.96,,0
10930,H,1774954380,1774954560,4562.37,,0
10931,L,1774954920,1774955100,4560.54,,0
10932,H,1774955280,1774955460,4573.43,,0
10933,L,1774955460,1774955640,4563.92,,0
10934,L,1774955880,1774956060,4564.72,10933,0
10935,H,1774956060,1774956240,4570.92,,0
10936,L,1774956180,1774956360,4565.36,,0
10937,H,1774956600,1774956780,4572.81,,0
10938,L,1774956660,1774956840,4567.63,,0
10939,H,1774957080,1774957260,4575.24,,0
10940,L,1774957200,1774957380,4569.06,,0
10941,H,1774957380,1774957560,4573.53,,0
10942,L,1774957500,1774957680,4569.60,,0
10943,H,1774957680,1774957860,4574.11,,0
10944,L,1774958160,1774958340,4567.23,,0
10945,H,1774958340,1774958520,4570.47,,0
10946,L,1774958580,1774958760,4563.27,,0
10947,H,1774958640,1774958820,4572.51,,0
10948,L,1774958940,1774959120,4566.57,,0
10949,H,1774959060,1774959240,4570.83,,0
10950,H,1774959300,1774959480,4570.78,10949,0
10951,H,1774959780,1774959960,4569.27,10949,0
10952,H,1774960680,1774960860,4558.82,10949,0
10953,L,1774960920,1774961100,4550.32,,0
10954,H,1774961460,1774961640,4562.47,,0
10955,L,1774961880,1774962060,4551.63,,0
10956,H,1774962660,1774962840,4561.95,,0
10957,L,1774962900,1774963080,4555.71,,0
10958,H,1774963140,1774963320,4559.47,10959,0
10959,H,1774963620,1774963800,4561.17,,0
10960,L,1774964400,1774964580,4529.60,,0
10961,H,1774964640,1774964820,4544.96,10962,0
10962,H,1774965000,1774965180,4548.71,,0
10963,L,1774965360,1774965540,4544.42,,0
10964,H,1774965420,1774965600,4552.89,,0
10965,L,1774965720,1774965900,4544.22,,0
10966,H,1774965960,1774966140,4548.78,,0
10967,L,1774966200,1774966380,4541.20,,0
10968,H,1774966260,1774966440,4563.33,10969,0
10969,H,1774967160,1774967340,4583.34,,0
10970,L,1774967580,1774967760,4568.66,,0
10971,H,1774967940,1774968120,4593.15,,0
10972,H,1774968300,1774968480,4593.06,10971,0
10973,L,1774969080,1774969260,4576.78,,0
10974,H,1774969740,1774969920,4597.54,,0
10975,L,1774970220,1774970400,4571.43,,0
10976,H,1774970520,1774970700,4582.47,,0
10977,L,1774970820,1774971000,4572.50,,0
10978,H,1774971060,1774971240,4583.20,10979,0
10979,H,1774971420,1774971600,4589.82,,0
10980,H,1774971960,1774972140,4581.31,10979,0
10981,L,1774972080,1774972260,4569.23,,0
10982,L,1774972320,1774972500,4569.47,10981,0
10983,H,1774972380,1774972560,4575.51,,0
10984,L,1774972620,1774972800,4571.32,,0
10985,H,1774972800,1774972980,4579.48,,0
10986,L,1774973100,1774973280,4567.93,,0
10987,H,1774973400,1774973580,4583.59,,0
10988,L,1774973580,1774973760,4577.09,,0
10989,H,1774973820,1774974000,4586.67,,0
10990,L,1774974000,1774974180,4582.47,,0
10991,H,1774974120,1774974300,4587.93,,0
10992,L,1774974780,1774974960,4568.41,,0
10993,H,1774974840,1774975020,4580.13,,0
10994,L,1774975020,1774975200,4572.67,,0
10995,L,1774975680,1774975860,4585.20,10994,0
10996,H,1774976040,1774976220,4609.74,,0
10997,L,1774976160,1774976340,4592.82,,0
10998,H,1774976580,1774976760,4625.23,,0
10999,L,1774977000,1774977180,4603.71,,0
11000,H,1774977240,1774977420,4615.63,,0
11001,L,1774977720,1774977900,4602.93,,0
11002,H,1774977840,1774978020,4615.41,11003,0
11003,H,1774978440,1774978620,4630.07,,0
11004,L,1774979040,1774979220,4604.08,,0
11005,H,1774979160,1774979340,4611.07,,0
11006,L,1774979340,1774979520,4600.60,,0
11007,H,1774979640,1774979820,4607.40,,0
11008,L,1774979820,1774980000,4594.98,,0
11009,H,1774980480,1774980660,4618.75,,0
11010,L,1774980540,1774980720,4613.01,11012,0
11011,L,1774981320,1774981500,4613.41,11010,0
11012,L,1774981800,1774981980,4607.28,,0
11013,H,1774982700,1774982880,4622.26,,0
11014,L,1774983000,1774983180,4614.96,,0
11015,H,1774983120,1774983300,4623.62,,0
11016,L,1774983600,1774983780,4608.10,,0
11017,H,1774983720,1774983900,4618.68,,0
11018,L,1774983900,1774984080,4613.21,,0
11019,H,1774984200,1774984380,4620.01,,0
11020,L,1774984260,1774984440,4607.03,,0
11021,H,1774984560,1774984740,4618.83,,0
11022,L,1774984980,1774985160,4609.38,,0
11023,H,1774985220,1774985400,4618.54,11024,0
11024,H,1774985520,1774985700,4619.13,,0
11025,L,1774985700,1774985880,4615.01,,0
11026,H,1774986180,1774986360,4651.53,,0
11027,L,1774986480,1774986660,4631.15,,0
11028,H,1774986600,1774986780,4649.94,,0
11029,L,1774987140,1774987320,4636.31,,0
11030,H,1774987440,1774987620,4655.75,,0
11031,L,1774987800,1774987980,4636.37,,0
11032,H,1774988040,1774988220,4645.49,11033,0
11033,H,1774988580,1774988760,4658.05,,0
11034,L,1774988880,1774989060,4642.73,,0
11035,H,1774989300,1774989480,4660.98,,0
11036,L,1774989480,1774989660,4645.50,,0
11037,H,1774989720,1774989900,4663.74,11038,0
11038,H,1774990020,1774990200,4666.15,11039,0
11039,H,1774990260,1774990440,4667.39,,0
11040,L,1774990560,1774990740,4653.46,,0
11041,H,1774990920,1774991100,4661.02,,0
11042,L,1774991160,1774991340,4653.72,,0
11043,H,1774991400,1774991580,4668.98,,0
11044,H,1774991820,1774992000,4668.82,11043,0
11045,L,1774992420,1774992600,4659.94,,0
11046,H,1774992480,1774992660,4666.87,,0
11047,L,1774992900,1774993080,4660.09,,0
11048,H,1774993080,1774993260,4671.11,,0
11049,L,1774993260,1774993440,4664.29,,0
11050,H,1774993500,1774993680,4670.37,,0
11051,L,1774993740,1774993920,4663.68,,0
11052,L,1774994340,1774994520,4666.73,11051,0
11053,H,1774994520,1774994700,4676.26,,0
11054,H,1774994820,1774995000,4672.65,11053,0
11055,L,1774994940,1774995120,4661.79,,0
11056,H,1774995360,1774995540,4675.34,,0
11057,L,1774995480,1774995660,4668.76,,0
11058,H,1774995660,1774995840,4681.13,,0
11059,L,1774996080,1774996260,4671.16,,0
11060,H,1774996800,1774996980,4683.49,,0
11061,L,1774996980,1774997160,4676.47,,0
11062,H,1774997400,1774997580,4685.54,,0
11063,L,1774997580,1774997760,4679.64,,0
11064,H,1774997640,1774997820,4685.60,11065,0
11065,H,1774998000,1774998180,4687.18,,0
11066,L,1774998240,1774998420,4679.39,11067,0
11067,L,1774998720,1774998900,4676.40,,0
11068,H,1774998960,1774999140,4682.07,,0
11069,L,1774999620,1774999800,4669.10,,0
11070,H,1775000040,1775000220,4675.50,,0
11071,L,1775000220,1775000400,4667.00,,0
11072,H,1775000460,1775000640,4673.26,,0
11073,L,1775000700,1775000880,4666.91,,0
11074,H,1775001180,1775001360,4669.04,,0
